date,ped,car,cyc
2024-01-01 00:00:00,413,381,9
2024-01-01 01:00:00,402,489,10
2024-01-01 02:00:00,421,473,10
2024-01-01 03:00:00,370,419,4
2024-01-01 04:00:00,132,123,2
2024-01-01 05:00:00,135,264,7
2024-01-01 06:00:00,69,161,13
2024-01-01 07:00:00,69,124,9
2024-01-01 08:00:00,60,96,7
2024-01-01 09:00:00,126,89,9
2024-01-01 10:00:00,266,95,17
2024-01-01 11:00:00,408,147,27
2024-01-01 12:00:00,521,138,45
2024-01-01 13:00:00,541,149,43
2024-01-01 14:00:00,391,201,22
2024-01-01 15:00:00,380,187,39
2024-01-01 16:00:00,296,192,29
2024-01-01 17:00:00,204,239,31
2024-01-01 18:00:00,136,248,31
2024-01-01 19:00:00,139,168,30
2024-01-01 20:00:00,120,167,25
2024-01-01 21:00:00,89,134,11
2024-01-01 22:00:00,48,148,21
2024-01-01 23:00:00,57,113,8
2024-01-02 00:00:00,28,88,3
2024-01-02 01:00:00,18,66,6
2024-01-02 02:00:00,15,22,0
2024-01-02 03:00:00,18,20,1
2024-01-02 04:00:00,6,22,3
2024-01-02 05:00:00,30,16,6
2024-01-02 06:00:00,71,34,27
2024-01-02 07:00:00,270,99,73
2024-01-02 08:00:00,840,156,156
2024-01-02 09:00:00,460,138,63
2024-01-02 10:00:00,282,144,22
2024-01-02 11:00:00,491,133,21
2024-01-02 12:00:00,1191,117,51
2024-01-02 13:00:00,1037,132,40
2024-01-02 14:00:00,609,128,41
2024-01-02 15:00:00,560,124,57
2024-01-02 16:00:00,734,134,91
2024-01-02 17:00:00,1178,157,211
2024-01-02 18:00:00,536,138,97
2024-01-02 19:00:00,347,146,66
2024-01-02 20:00:00,214,130,37
2024-01-02 21:00:00,197,128,24
2024-01-02 22:00:00,132,97,17
2024-01-02 23:00:00,57,111,10
2024-01-03 00:00:00,30,71,4
2024-01-03 01:00:00,13,60,3
2024-01-03 02:00:00,11,30,2
2024-01-03 03:00:00,7,19,5
2024-01-03 04:00:00,3,33,3
2024-01-03 05:00:00,22,35,7
2024-01-03 06:00:00,74,46,20
2024-01-03 07:00:00,384,104,94
2024-01-03 08:00:00,1024,189,199
2024-01-03 09:00:00,551,235,110
2024-01-03 10:00:00,295,174,44
2024-01-03 11:00:00,437,118,36
2024-01-03 12:00:00,1088,119,41
2024-01-03 13:00:00,1244,122,51
2024-01-03 14:00:00,701,107,54
2024-01-03 15:00:00,700,142,74
2024-01-03 16:00:00,939,120,112
2024-01-03 17:00:00,1421,199,219
2024-01-03 18:00:00,738,202,145
2024-01-03 19:00:00,460,165,65
2024-01-03 20:00:00,331,129,52
2024-01-03 21:00:00,219,129,40
2024-01-03 22:00:00,166,134,22
2024-01-03 23:00:00,83,127,18
2024-01-04 00:00:00,46,86,8
2024-01-04 01:00:00,33,75,5
2024-01-04 02:00:00,23,36,0
2024-01-04 03:00:00,12,37,1
2024-01-04 04:00:00,7,28,5
2024-01-04 05:00:00,29,24,6
2024-01-04 06:00:00,97,51,41
2024-01-04 07:00:00,437,86,123
2024-01-04 08:00:00,1310,165,271
2024-01-04 09:00:00,752,196,152
2024-01-04 10:00:00,473,109,56
2024-01-04 11:00:00,554,124,40
2024-01-04 12:00:00,1474,130,80
2024-01-04 13:00:00,1412,143,68
2024-01-04 14:00:00,604,138,56
2024-01-04 15:00:00,556,164,78
2024-01-04 16:00:00,831,205,128
2024-01-04 17:00:00,1314,208,206
2024-01-04 18:00:00,629,229,157
2024-01-04 19:00:00,351,226,77
2024-01-04 20:00:00,261,142,42
2024-01-04 21:00:00,222,145,30
2024-01-04 22:00:00,223,139,17
2024-01-04 23:00:00,141,130,14
2024-01-05 00:00:00,55,84,4
2024-01-05 01:00:00,24,68,1
2024-01-05 02:00:00,33,50,1
2024-01-05 03:00:00,14,54,2
2024-01-05 04:00:00,9,33,5
2024-01-05 05:00:00,37,29,8
2024-01-05 06:00:00,88,31,41
2024-01-05 07:00:00,338,68,90
2024-01-05 08:00:00,936,169,187
2024-01-05 09:00:00,562,167,112
2024-01-05 10:00:00,468,133,63
2024-01-05 11:00:00,558,114,50
2024-01-05 12:00:00,987,102,54
2024-01-05 13:00:00,1151,118,73
2024-01-05 14:00:00,803,132,72
2024-01-05 15:00:00,687,157,90
2024-01-05 16:00:00,1005,154,125
2024-01-05 17:00:00,1357,207,200
2024-01-05 18:00:00,880,239,143
2024-01-05 19:00:00,612,237,99
2024-01-05 20:00:00,435,216,64
2024-01-05 21:00:00,362,206,40
2024-01-05 22:00:00,417,252,44
2024-01-05 23:00:00,291,226,19
2024-01-06 00:00:00,163,208,14
2024-01-06 01:00:00,104,192,14
2024-01-06 02:00:00,92,152,6
2024-01-06 03:00:00,101,120,8
2024-01-06 04:00:00,34,61,3
2024-01-06 05:00:00,22,41,5
2024-01-06 06:00:00,50,26,15
2024-01-06 07:00:00,75,49,20
2024-01-06 08:00:00,151,72,20
2024-01-06 09:00:00,259,95,33
2024-01-06 10:00:00,417,113,62
2024-01-06 11:00:00,631,135,58
2024-01-06 12:00:00,794,162,91
2024-01-06 13:00:00,761,161,77
2024-01-06 14:00:00,823,185,62
2024-01-06 15:00:00,887,210,90
2024-01-06 16:00:00,784,187,90
2024-01-06 17:00:00,775,264,71
2024-01-06 18:00:00,623,271,86
2024-01-06 19:00:00,524,301,81
2024-01-06 20:00:00,462,272,53
2024-01-06 21:00:00,339,266,48
2024-01-06 22:00:00,353,277,46
2024-01-06 23:00:00,287,288,24
2024-01-07 00:00:00,182,298,12
2024-01-07 01:00:00,148,268,14
2024-01-07 02:00:00,134,189,1
2024-01-07 03:00:00,94,160,3
2024-01-07 04:00:00,19,112,2
2024-01-07 05:00:00,28,67,2
2024-01-07 06:00:00,45,40,5
2024-01-07 07:00:00,56,44,16
2024-01-07 08:00:00,97,69,44
2024-01-07 09:00:00,201,80,60
2024-01-07 10:00:00,382,104,48
2024-01-07 11:00:00,436,105,41
2024-01-07 12:00:00,506,112,66
2024-01-07 13:00:00,589,117,61
2024-01-07 14:00:00,588,124,56
2024-01-07 15:00:00,629,105,82
2024-01-07 16:00:00,492,130,50
2024-01-07 17:00:00,455,192,50
2024-01-07 18:00:00,345,164,66
2024-01-07 19:00:00,330,159,70
2024-01-07 20:00:00,217,193,51
2024-01-07 21:00:00,162,172,19
2024-01-07 22:00:00,163,153,24
2024-01-07 23:00:00,54,110,11
2024-01-08 00:00:00,30,97,9
2024-01-08 01:00:00,11,71,4
2024-01-08 02:00:00,23,36,1
2024-01-08 03:00:00,11,31,3
2024-01-08 04:00:00,3,11,1
2024-01-08 05:00:00,44,27,8
2024-01-08 06:00:00,110,58,32
2024-01-08 07:00:00,444,88,113
2024-01-08 08:00:00,1404,142,302
2024-01-08 09:00:00,756,212,154
2024-01-08 10:00:00,386,119,56
2024-01-08 11:00:00,517,135,48
2024-01-08 12:00:00,1286,122,70
2024-01-08 13:00:00,1346,123,91
2024-01-08 14:00:00,642,131,52
2024-01-08 15:00:00,628,126,84
2024-01-08 16:00:00,969,148,138
2024-01-08 17:00:00,1587,177,302
2024-01-08 18:00:00,855,161,173
2024-01-08 19:00:00,428,190,80
2024-01-08 20:00:00,328,149,51
2024-01-08 21:00:00,255,144,47
2024-01-08 22:00:00,197,109,27
2024-01-08 23:00:00,105,98,14
2024-01-09 00:00:00,58,79,6
2024-01-09 01:00:00,21,74,5
2024-01-09 02:00:00,25,49,1
2024-01-09 03:00:00,28,46,2
2024-01-09 04:00:00,16,36,6
2024-01-09 05:00:00,31,27,3
2024-01-09 06:00:00,130,60,34
2024-01-09 07:00:00,518,111,116
2024-01-09 08:00:00,1510,164,343
2024-01-09 09:00:00,971,239,187
2024-01-09 10:00:00,421,163,75
2024-01-09 11:00:00,573,135,65
2024-01-09 12:00:00,1368,141,77
2024-01-09 13:00:00,1515,136,73
2024-01-09 14:00:00,737,140,68
2024-01-09 15:00:00,634,165,99
2024-01-09 16:00:00,1074,163,149
2024-01-09 17:00:00,1834,205,322
2024-01-09 18:00:00,1023,193,213
2024-01-09 19:00:00,583,172,100
2024-01-09 20:00:00,408,147,73
2024-01-09 21:00:00,306,139,43
2024-01-09 22:00:00,244,150,23
2024-01-09 23:00:00,117,112,10
2024-01-10 00:00:00,53,79,5
2024-01-10 01:00:00,32,64,4
2024-01-10 02:00:00,21,45,2
2024-01-10 03:00:00,21,36,1
2024-01-10 04:00:00,19,27,2
2024-01-10 05:00:00,27,28,3
2024-01-10 06:00:00,114,46,28
2024-01-10 07:00:00,525,105,153
2024-01-10 08:00:00,1541,172,314
2024-01-10 09:00:00,867,234,183
2024-01-10 10:00:00,458,154,58
2024-01-10 11:00:00,515,183,68
2024-01-10 12:00:00,1062,129,90
2024-01-10 13:00:00,1442,176,88
2024-01-10 14:00:00,802,132,83
2024-01-10 15:00:00,708,154,97
2024-01-10 16:00:00,1126,179,161
2024-01-10 17:00:00,1821,212,320
2024-01-10 18:00:00,1063,249,244
2024-01-10 19:00:00,638,206,122
2024-01-10 20:00:00,446,148,94
2024-01-10 21:00:00,364,184,60
2024-01-10 22:00:00,247,202,27
2024-01-10 23:00:00,138,145,12
2024-01-11 00:00:00,48,120,10
2024-01-11 01:00:00,48,73,7
2024-01-11 02:00:00,18,48,2
2024-01-11 03:00:00,20,49,1
2024-01-11 04:00:00,10,27,4
2024-01-11 05:00:00,35,26,5
2024-01-11 06:00:00,121,60,35
2024-01-11 07:00:00,511,137,129
2024-01-11 08:00:00,1460,168,269
2024-01-11 09:00:00,895,253,174
2024-01-11 10:00:00,498,185,63
2024-01-11 11:00:00,477,151,44
2024-01-11 12:00:00,1336,137,89
2024-01-11 13:00:00,1622,156,84
2024-01-11 14:00:00,778,132,68
2024-01-11 15:00:00,732,172,102
2024-01-11 16:00:00,1082,195,133
2024-01-11 17:00:00,1782,225,273
2024-01-11 18:00:00,986,248,198
2024-01-11 19:00:00,565,224,104
2024-01-11 20:00:00,438,197,67
2024-01-11 21:00:00,396,189,52
2024-01-11 22:00:00,269,180,36
2024-01-11 23:00:00,138,147,22
2024-01-12 00:00:00,62,129,6
2024-01-12 01:00:00,40,80,2
2024-01-12 02:00:00,32,66,0
2024-01-12 03:00:00,22,54,1
2024-01-12 04:00:00,9,39,2
2024-01-12 05:00:00,33,27,4
2024-01-12 06:00:00,119,48,27
2024-01-12 07:00:00,378,121,102
2024-01-12 08:00:00,1055,144,208
2024-01-12 09:00:00,626,185,128
2024-01-12 10:00:00,468,160,60
2024-01-12 11:00:00,554,132,63
2024-01-12 12:00:00,1149,133,94
2024-01-12 13:00:00,1133,139,91
2024-01-12 14:00:00,833,129,95
2024-01-12 15:00:00,717,148,97
2024-01-12 16:00:00,1021,215,162
2024-01-12 17:00:00,1344,272,205
2024-01-12 18:00:00,931,281,151
2024-01-12 19:00:00,694,298,79
2024-01-12 20:00:00,542,248,80
2024-01-12 21:00:00,365,251,40
2024-01-12 22:00:00,388,292,44
2024-01-12 23:00:00,323,252,31
2024-01-13 00:00:00,224,268,15
2024-01-13 01:00:00,130,216,16
2024-01-13 02:00:00,121,164,4
2024-01-13 03:00:00,46,134,0
2024-01-13 04:00:00,22,87,7
2024-01-13 05:00:00,25,65,3
2024-01-13 06:00:00,50,39,13
2024-01-13 07:00:00,83,57,22
2024-01-13 08:00:00,137,102,31
2024-01-13 09:00:00,274,112,42
2024-01-13 10:00:00,501,144,53
2024-01-13 11:00:00,758,148,59
2024-01-13 12:00:00,904,167,75
2024-01-13 13:00:00,881,176,60
2024-01-13 14:00:00,815,198,73
2024-01-13 15:00:00,822,235,69
2024-01-13 16:00:00,909,208,68
2024-01-13 17:00:00,834,253,83
2024-01-13 18:00:00,961,307,79
2024-01-13 19:00:00,786,343,76
2024-01-13 20:00:00,640,346,69
2024-01-13 21:00:00,440,312,48
2024-01-13 22:00:00,642,374,36
2024-01-13 23:00:00,356,376,31
2024-01-14 00:00:00,257,349,26
2024-01-14 01:00:00,164,353,8
2024-01-14 02:00:00,127,254,6
2024-01-14 03:00:00,110,194,3
2024-01-14 04:00:00,50,127,3
2024-01-14 05:00:00,30,63,2
2024-01-14 06:00:00,42,43,7
2024-01-14 07:00:00,50,29,12
2024-01-14 08:00:00,89,58,25
2024-01-14 09:00:00,197,72,35
2024-01-14 10:00:00,422,102,52
2024-01-14 11:00:00,546,120,40
2024-01-14 12:00:00,514,126,86
2024-01-14 13:00:00,700,123,67
2024-01-14 14:00:00,627,121,61
2024-01-14 15:00:00,676,142,73
2024-01-14 16:00:00,586,124,60
2024-01-14 17:00:00,608,204,78
2024-01-14 18:00:00,378,164,72
2024-01-14 19:00:00,308,154,70
2024-01-14 20:00:00,227,176,44
2024-01-14 21:00:00,194,149,25
2024-01-14 22:00:00,122,106,23
2024-01-14 23:00:00,71,99,7
2024-01-15 00:00:00,44,81,6
2024-01-15 01:00:00,26,74,2
2024-01-15 02:00:00,11,36,2
2024-01-15 03:00:00,11,27,3
2024-01-15 04:00:00,0,3,1
2024-01-15 05:00:00,30,34,4
2024-01-15 06:00:00,120,55,31
2024-01-15 07:00:00,457,95,115
2024-01-15 08:00:00,1261,151,301
2024-01-15 09:00:00,781,192,157
2024-01-15 10:00:00,383,135,62
2024-01-15 11:00:00,395,149,57
2024-01-15 12:00:00,1043,122,62
2024-01-15 13:00:00,1374,140,76
2024-01-15 14:00:00,743,148,75
2024-01-15 15:00:00,903,138,118
2024-01-15 16:00:00,986,156,135
2024-01-15 17:00:00,1604,200,268
2024-01-15 18:00:00,1022,206,178
2024-01-15 19:00:00,513,158,88
2024-01-15 20:00:00,345,164,54
2024-01-15 21:00:00,305,162,42
2024-01-15 22:00:00,253,133,26
2024-01-15 23:00:00,100,86,16
2024-01-16 00:00:00,52,68,13
2024-01-16 01:00:00,31,61,3
2024-01-16 02:00:00,19,42,2
2024-01-16 03:00:00,12,40,3
2024-01-16 04:00:00,10,21,6
2024-01-16 05:00:00,37,40,9
2024-01-16 06:00:00,129,59,40
2024-01-16 07:00:00,535,101,118
2024-01-16 08:00:00,1516,204,344
2024-01-16 09:00:00,952,239,148
2024-01-16 10:00:00,451,175,66
2024-01-16 11:00:00,526,117,51
2024-01-16 12:00:00,1584,119,98
2024-01-16 13:00:00,1687,146,79
2024-01-16 14:00:00,755,154,66
2024-01-16 15:00:00,759,153,106
2024-01-16 16:00:00,1196,151,153
2024-01-16 17:00:00,1868,214,310
2024-01-16 18:00:00,1096,234,227
2024-01-16 19:00:00,602,224,96
2024-01-16 20:00:00,371,197,67
2024-01-16 21:00:00,317,162,44
2024-01-16 22:00:00,329,186,42
2024-01-16 23:00:00,179,72,17
2024-01-17 00:00:00,165,18,10
2024-01-17 01:00:00,38,75,2
2024-01-17 02:00:00,27,46,0
2024-01-17 03:00:00,21,36,2
2024-01-17 04:00:00,12,30,1
2024-01-17 05:00:00,32,42,13
2024-01-17 06:00:00,125,87,29
2024-01-17 07:00:00,540,138,133
2024-01-17 08:00:00,1572,156,292
2024-01-17 09:00:00,994,284,190
2024-01-17 10:00:00,509,173,59
2024-01-17 11:00:00,598,150,61
2024-01-17 12:00:00,1521,145,91
2024-01-17 13:00:00,1560,159,107
2024-01-17 14:00:00,765,151,86
2024-01-17 15:00:00,1069,159,125
2024-01-17 16:00:00,1123,199,147
2024-01-17 17:00:00,1902,229,297
2024-01-17 18:00:00,1073,200,212
2024-01-17 19:00:00,624,227,89
2024-01-17 20:00:00,395,182,83
2024-01-17 21:00:00,349,179,35
2024-01-17 22:00:00,261,177,32
2024-01-17 23:00:00,154,136,15
2024-01-18 00:00:00,56,109,11
2024-01-18 01:00:00,18,76,1
2024-01-18 02:00:00,17,36,2
2024-01-18 03:00:00,16,57,0
2024-01-18 04:00:00,9,28,0
2024-01-18 05:00:00,29,35,7
2024-01-18 06:00:00,130,72,29
2024-01-18 07:00:00,514,141,118
2024-01-18 08:00:00,1427,191,288
2024-01-18 09:00:00,943,278,163
2024-01-18 10:00:00,498,185,64
2024-01-18 11:00:00,481,164,64
2024-01-18 12:00:00,1264,145,88
2024-01-18 13:00:00,1565,146,88
2024-01-18 14:00:00,910,150,82
2024-01-18 15:00:00,780,162,103
2024-01-18 16:00:00,1127,193,142
2024-01-18 17:00:00,1851,265,285
2024-01-18 18:00:00,1084,253,185
2024-01-18 19:00:00,617,262,109
2024-01-18 20:00:00,464,204,75
2024-01-18 21:00:00,383,215,65
2024-01-18 22:00:00,306,201,48
2024-01-18 23:00:00,162,179,15
2024-01-19 00:00:00,42,138,7
2024-01-19 01:00:00,67,92,3
2024-01-19 02:00:00,40,79,0
2024-01-19 03:00:00,21,55,0
2024-01-19 04:00:00,23,35,4
2024-01-19 05:00:00,32,43,2
2024-01-19 06:00:00,97,58,32
2024-01-19 07:00:00,397,113,68
2024-01-19 08:00:00,1063,144,179
2024-01-19 09:00:00,701,250,116
2024-01-19 10:00:00,429,133,58
2024-01-19 11:00:00,442,161,47
2024-01-19 12:00:00,868,137,79
2024-01-19 13:00:00,1300,166,80
2024-01-19 14:00:00,959,202,96
2024-01-19 15:00:00,774,165,89
2024-01-19 16:00:00,1037,211,118
2024-01-19 17:00:00,1461,319,223
2024-01-19 18:00:00,987,309,124
2024-01-19 19:00:00,717,374,90
2024-01-19 20:00:00,532,268,91
2024-01-19 21:00:00,475,290,54
2024-01-19 22:00:00,464,321,47
2024-01-19 23:00:00,393,303,32
2024-01-20 00:00:00,258,278,18
2024-01-20 01:00:00,189,249,9
2024-01-20 02:00:00,125,227,6
2024-01-20 03:00:00,68,170,6
2024-01-20 04:00:00,43,123,3
2024-01-20 05:00:00,37,65,3
2024-01-20 06:00:00,39,43,6
2024-01-20 07:00:00,85,54,16
2024-01-20 08:00:00,174,104,26
2024-01-20 09:00:00,309,119,37
2024-01-20 10:00:00,543,174,36
2024-01-20 11:00:00,846,158,51
2024-01-20 12:00:00,955,173,66
2024-01-20 13:00:00,961,223,70
2024-01-20 14:00:00,986,216,68
2024-01-20 15:00:00,892,257,64
2024-01-20 16:00:00,968,204,59
2024-01-20 17:00:00,951,287,77
2024-01-20 18:00:00,843,365,73
2024-01-20 19:00:00,754,383,74
2024-01-20 20:00:00,606,362,56
2024-01-20 21:00:00,388,350,31
2024-01-20 22:00:00,469,406,35
2024-01-20 23:00:00,325,445,21
2024-01-21 00:00:00,200,363,10
2024-01-21 01:00:00,156,397,9
2024-01-21 02:00:00,127,286,5
2024-01-21 03:00:00,98,274,4
2024-01-21 04:00:00,46,154,3
2024-01-21 05:00:00,32,71,4
2024-01-21 06:00:00,48,36,7
2024-01-21 07:00:00,71,45,13
2024-01-21 08:00:00,110,62,12
2024-01-21 09:00:00,245,95,39
2024-01-21 10:00:00,465,121,48
2024-01-21 11:00:00,635,129,39
2024-01-21 12:00:00,697,112,54
2024-01-21 13:00:00,706,169,63
2024-01-21 14:00:00,679,162,50
2024-01-21 15:00:00,591,157,55
2024-01-21 16:00:00,456,180,43
2024-01-21 17:00:00,319,238,62
2024-01-21 18:00:00,336,249,46
2024-01-21 19:00:00,245,161,59
2024-01-21 20:00:00,205,185,37
2024-01-21 21:00:00,126,181,17
2024-01-21 22:00:00,133,149,12
2024-01-21 23:00:00,79,108,6
2024-01-22 00:00:00,41,94,2
2024-01-22 01:00:00,17,67,3
2024-01-22 02:00:00,14,41,0
2024-01-22 03:00:00,4,22,4
2024-01-22 04:00:00,2,4,2
2024-01-22 05:00:00,36,42,7
2024-01-22 06:00:00,118,70,27
2024-01-22 07:00:00,458,108,83
2024-01-22 08:00:00,1300,169,234
2024-01-22 09:00:00,789,237,148
2024-01-22 10:00:00,691,159,60
2024-01-22 11:00:00,543,113,41
2024-01-22 12:00:00,1092,115,83
2024-01-22 13:00:00,1343,109,76
2024-01-22 14:00:00,711,168,64
2024-01-22 15:00:00,663,133,83
2024-01-22 16:00:00,1069,181,122
2024-01-22 17:00:00,1558,200,225
2024-01-22 18:00:00,975,179,185
2024-01-22 19:00:00,501,142,87
2024-01-22 20:00:00,340,135,70
2024-01-22 21:00:00,312,156,38
2024-01-22 22:00:00,182,128,19
2024-01-22 23:00:00,109,83,10
2024-01-23 00:00:00,69,87,11
2024-01-23 01:00:00,27,72,2
2024-01-23 02:00:00,34,43,1
2024-01-23 03:00:00,27,40,2
2024-01-23 04:00:00,16,23,3
2024-01-23 05:00:00,40,44,11
2024-01-23 06:00:00,153,72,29
2024-01-23 07:00:00,455,138,101
2024-01-23 08:00:00,1375,201,251
2024-01-23 09:00:00,924,318,127
2024-01-23 10:00:00,509,218,53
2024-01-23 11:00:00,512,153,35
2024-01-23 12:00:00,1022,139,72
2024-01-23 13:00:00,1195,151,82
2024-01-23 14:00:00,680,169,54
2024-01-23 15:00:00,678,163,80
2024-01-23 16:00:00,1190,211,142
2024-01-23 17:00:00,1780,230,299
2024-01-23 18:00:00,1015,246,170
2024-01-23 19:00:00,690,206,117
2024-01-23 20:00:00,428,173,78
2024-01-23 21:00:00,275,190,48
2024-01-23 22:00:00,274,151,34
2024-01-23 23:00:00,157,118,11
2024-01-24 00:00:00,58,117,1
2024-01-24 01:00:00,43,75,4
2024-01-24 02:00:00,10,49,1
2024-01-24 03:00:00,21,37,3
2024-01-24 04:00:00,16,33,3
2024-01-24 05:00:00,38,37,9
2024-01-24 06:00:00,134,80,34
2024-01-24 07:00:00,553,144,126
2024-01-24 08:00:00,1535,156,284
2024-01-24 09:00:00,1008,261,178
2024-01-24 10:00:00,580,156,62
2024-01-24 11:00:00,732,125,58
2024-01-24 12:00:00,1556,139,100
2024-01-24 13:00:00,1652,131,93
2024-01-24 14:00:00,897,157,77
2024-01-24 15:00:00,836,175,99
2024-01-24 16:00:00,1246,204,176
2024-01-24 17:00:00,1976,227,324
2024-01-24 18:00:00,1186,274,199
2024-01-24 19:00:00,695,216,112
2024-01-24 20:00:00,512,203,84
2024-01-24 21:00:00,395,179,59
2024-01-24 22:00:00,374,215,34
2024-01-24 23:00:00,188,151,25
2024-01-25 00:00:00,98,122,16
2024-01-25 01:00:00,38,100,4
2024-01-25 02:00:00,29,48,2
2024-01-25 03:00:00,29,46,7
2024-01-25 04:00:00,13,48,7
2024-01-25 05:00:00,29,38,9
2024-01-25 06:00:00,151,62,38
2024-01-25 07:00:00,525,130,107
2024-01-25 08:00:00,1500,188,303
2024-01-25 09:00:00,936,316,156
2024-01-25 10:00:00,605,203,80
2024-01-25 11:00:00,683,160,70
2024-01-25 12:00:00,1763,159,77
2024-01-25 13:00:00,1706,151,82
2024-01-25 14:00:00,913,177,84
2024-01-25 15:00:00,913,192,118
2024-01-25 16:00:00,1328,192,165
2024-01-25 17:00:00,1885,262,257
2024-01-25 18:00:00,1238,226,196
2024-01-25 19:00:00,844,233,114
2024-01-25 20:00:00,602,243,93
2024-01-25 21:00:00,457,186,62
2024-01-25 22:00:00,490,194,43
2024-01-25 23:00:00,144,177,20
2024-01-26 00:00:00,63,130,9
2024-01-26 01:00:00,73,126,1
2024-01-26 02:00:00,36,110,2
2024-01-26 03:00:00,32,76,4
2024-01-26 04:00:00,15,45,5
2024-01-26 05:00:00,30,45,2
2024-01-26 06:00:00,104,43,32
2024-01-26 07:00:00,445,115,78
2024-01-26 08:00:00,1102,185,217
2024-01-26 09:00:00,735,203,121
2024-01-26 10:00:00,534,173,69
2024-01-26 11:00:00,693,143,70
2024-01-26 12:00:00,1140,152,81
2024-01-26 13:00:00,1346,192,104
2024-01-26 14:00:00,972,208,99
2024-01-26 15:00:00,1044,250,93
2024-01-26 16:00:00,1349,281,155
2024-01-26 17:00:00,1579,287,241
2024-01-26 18:00:00,1139,337,141
2024-01-26 19:00:00,796,357,93
2024-01-26 20:00:00,680,302,80
2024-01-26 21:00:00,505,310,66
2024-01-26 22:00:00,728,349,56
2024-01-26 23:00:00,485,307,35
2024-01-27 00:00:00,320,356,23
2024-01-27 01:00:00,182,305,8
2024-01-27 02:00:00,172,270,5
2024-01-27 03:00:00,160,192,9
2024-01-27 04:00:00,88,148,6
2024-01-27 05:00:00,40,102,5
2024-01-27 06:00:00,65,61,7
2024-01-27 07:00:00,118,68,14
2024-01-27 08:00:00,184,112,32
2024-01-27 09:00:00,340,127,33
2024-01-27 10:00:00,607,152,41
2024-01-27 11:00:00,1008,175,60
2024-01-27 12:00:00,1085,207,67
2024-01-27 13:00:00,1094,212,80
2024-01-27 14:00:00,995,237,57
2024-01-27 15:00:00,1065,272,57
2024-01-27 16:00:00,1142,251,80
2024-01-27 17:00:00,1117,278,79
2024-01-27 18:00:00,982,339,89
2024-01-27 19:00:00,929,417,89
2024-01-27 20:00:00,699,374,57
2024-01-27 21:00:00,723,347,60
2024-01-27 22:00:00,742,385,45
2024-01-27 23:00:00,542,438,27
2024-01-28 00:00:00,374,377,11
2024-01-28 01:00:00,308,372,12
2024-01-28 02:00:00,182,355,3
2024-01-28 03:00:00,173,252,5
2024-01-28 04:00:00,63,197,4
2024-01-28 05:00:00,41,72,4
2024-01-28 06:00:00,51,50,8
2024-01-28 07:00:00,78,59,13
2024-01-28 08:00:00,139,58,39
2024-01-28 09:00:00,233,97,32
2024-01-28 10:00:00,484,140,55
2024-01-28 11:00:00,612,121,47
2024-01-28 12:00:00,769,135,65
2024-01-28 13:00:00,773,144,90
2024-01-28 14:00:00,772,159,68
2024-01-28 15:00:00,785,156,70
2024-01-28 16:00:00,742,172,86
2024-01-28 17:00:00,716,203,74
2024-01-28 18:00:00,514,209,75
2024-01-28 19:00:00,438,180,77
2024-01-28 20:00:00,391,218,52
2024-01-28 21:00:00,261,156,42
2024-01-28 22:00:00,169,159,26
2024-01-28 23:00:00,128,109,24
2024-01-29 00:00:00,56,111,9
2024-01-29 01:00:00,32,81,5
2024-01-29 02:00:00,26,48,2
2024-01-29 03:00:00,16,33,3
2024-01-29 04:00:00,2,14,3
2024-01-29 05:00:00,34,29,5
2024-01-29 06:00:00,134,69,38
2024-01-29 07:00:00,425,124,114
2024-01-29 08:00:00,1340,205,279
2024-01-29 09:00:00,796,260,118
2024-01-29 10:00:00,529,155,65
2024-01-29 11:00:00,550,115,40
2024-01-29 12:00:00,1251,106,46
2024-01-29 13:00:00,1295,109,82
2024-01-29 14:00:00,753,141,68
2024-01-29 15:00:00,703,125,107
2024-01-29 16:00:00,965,161,132
2024-01-29 17:00:00,1633,176,268
2024-01-29 18:00:00,1029,223,173
2024-01-29 19:00:00,648,128,114
2024-01-29 20:00:00,426,148,66
2024-01-29 21:00:00,328,148,41
2024-01-29 22:00:00,229,130,20
2024-01-29 23:00:00,123,99,12
2024-01-30 00:00:00,60,95,10
2024-01-30 01:00:00,37,61,1
2024-01-30 02:00:00,21,35,1
2024-01-30 03:00:00,15,49,7
2024-01-30 04:00:00,7,36,2
2024-01-30 05:00:00,40,46,9
2024-01-30 06:00:00,150,63,36
2024-01-30 07:00:00,477,123,121
2024-01-30 08:00:00,1548,179,334
2024-01-30 09:00:00,1096,232,142
2024-01-30 10:00:00,588,155,74
2024-01-30 11:00:00,569,117,45
2024-01-30 12:00:00,1618,129,96
2024-01-30 13:00:00,1771,131,73
2024-01-30 14:00:00,799,142,90
2024-01-30 15:00:00,799,152,87
2024-01-30 16:00:00,1223,189,177
2024-01-30 17:00:00,1863,161,311
2024-01-30 18:00:00,1193,207,236
2024-01-30 19:00:00,732,183,136
2024-01-30 20:00:00,481,152,98
2024-01-30 21:00:00,332,149,61
2024-01-30 22:00:00,418,181,25
2024-01-30 23:00:00,203,138,17
2024-01-31 00:00:00,70,100,6
2024-01-31 01:00:00,26,65,0
2024-01-31 02:00:00,24,55,1
2024-01-31 03:00:00,17,57,1
2024-01-31 04:00:00,8,38,3
2024-01-31 05:00:00,37,43,6
2024-01-31 06:00:00,137,48,32
2024-01-31 07:00:00,485,115,135
2024-01-31 08:00:00,1524,168,338
2024-01-31 09:00:00,1012,217,174
2024-01-31 10:00:00,556,164,87
2024-01-31 11:00:00,646,140,59
2024-01-31 12:00:00,1392,150,58
2024-01-31 13:00:00,1627,151,96
2024-01-31 14:00:00,756,144,83
2024-01-31 15:00:00,808,153,118
2024-01-31 16:00:00,1118,173,183
2024-01-31 17:00:00,1842,189,309
2024-01-31 18:00:00,1062,227,192
2024-01-31 19:00:00,603,213,116
2024-01-31 20:00:00,367,188,93
2024-01-31 21:00:00,313,152,54
2024-01-31 22:00:00,357,168,57
2024-01-31 23:00:00,185,128,26
2024-02-01 00:00:00,62,148,15
2024-02-01 01:00:00,48,117,7
2024-02-01 02:00:00,44,68,4
2024-02-01 03:00:00,30,55,4
2024-02-01 04:00:00,16,51,2
2024-02-01 05:00:00,29,48,9
2024-02-01 06:00:00,129,63,43
2024-02-01 07:00:00,507,134,123
2024-02-01 08:00:00,1438,156,310
2024-02-01 09:00:00,892,240,148
2024-02-01 10:00:00,564,168,66
2024-02-01 11:00:00,658,127,67
2024-02-01 12:00:00,1718,145,88
2024-02-01 13:00:00,1689,138,96
2024-02-01 14:00:00,852,151,97
2024-02-01 15:00:00,930,169,113
2024-02-01 16:00:00,1310,221,163
2024-02-01 17:00:00,1982,235,316
2024-02-01 18:00:00,1205,251,234
2024-02-01 19:00:00,857,242,132
2024-02-01 20:00:00,612,227,119
2024-02-01 21:00:00,463,223,73
2024-02-01 22:00:00,415,228,49
2024-02-01 23:00:00,293,201,41
2024-02-02 00:00:00,116,180,9
2024-02-02 01:00:00,122,124,6
2024-02-02 02:00:00,43,76,4
2024-02-02 03:00:00,29,60,2
2024-02-02 04:00:00,11,45,4
2024-02-02 05:00:00,37,42,5
2024-02-02 06:00:00,104,53,31
2024-02-02 07:00:00,419,114,105
2024-02-02 08:00:00,1140,190,246
2024-02-02 09:00:00,756,211,142
2024-02-02 10:00:00,597,205,58
2024-02-02 11:00:00,730,156,53
2024-02-02 12:00:00,1236,192,80
2024-02-02 13:00:00,1371,204,87
2024-02-02 14:00:00,982,197,94
2024-02-02 15:00:00,966,235,118
2024-02-02 16:00:00,1236,278,149
2024-02-02 17:00:00,1632,314,221
2024-02-02 18:00:00,1368,388,170
2024-02-02 19:00:00,1102,461,127
2024-02-02 20:00:00,924,344,108
2024-02-02 21:00:00,609,300,46
2024-02-02 22:00:00,779,339,66
2024-02-02 23:00:00,615,372,39
2024-02-03 00:00:00,384,393,14
2024-02-03 01:00:00,244,339,11
2024-02-03 02:00:00,208,251,9
2024-02-03 03:00:00,162,239,6
2024-02-03 04:00:00,73,169,5
2024-02-03 05:00:00,38,100,3
2024-02-03 06:00:00,49,75,17
2024-02-03 07:00:00,85,61,21
2024-02-03 08:00:00,224,107,31
2024-02-03 09:00:00,434,153,43
2024-02-03 10:00:00,661,175,57
2024-02-03 11:00:00,800,199,52
2024-02-03 12:00:00,1082,215,63
2024-02-03 13:00:00,1123,261,87
2024-02-03 14:00:00,960,281,63
2024-02-03 15:00:00,983,276,73
2024-02-03 16:00:00,1079,327,77
2024-02-03 17:00:00,1212,325,81
2024-02-03 18:00:00,1650,388,102
2024-02-03 19:00:00,1697,391,94
2024-02-03 20:00:00,1422,442,84
2024-02-03 21:00:00,1004,374,57
2024-02-03 22:00:00,910,405,48
2024-02-03 23:00:00,669,447,48
2024-02-04 00:00:00,406,418,24
2024-02-04 01:00:00,289,378,15
2024-02-04 02:00:00,209,351,10
2024-02-04 03:00:00,134,237,3
2024-02-04 04:00:00,70,196,6
2024-02-04 05:00:00,45,84,4
2024-02-04 06:00:00,47,42,10
2024-02-04 07:00:00,66,48,15
2024-02-04 08:00:00,136,62,31
2024-02-04 09:00:00,257,104,43
2024-02-04 10:00:00,480,152,46
2024-02-04 11:00:00,582,133,60
2024-02-04 12:00:00,808,125,60
2024-02-04 13:00:00,731,135,64
2024-02-04 14:00:00,722,142,68
2024-02-04 15:00:00,736,130,54
2024-02-04 16:00:00,736,148,77
2024-02-04 17:00:00,972,159,79
2024-02-04 18:00:00,1199,169,71
2024-02-04 19:00:00,1117,157,91
2024-02-04 20:00:00,700,169,69
2024-02-04 21:00:00,384,139,37
2024-02-04 22:00:00,310,159,32
2024-02-04 23:00:00,117,138,20
2024-02-05 00:00:00,64,114,7
2024-02-05 01:00:00,34,75,4
2024-02-05 02:00:00,12,41,2
2024-02-05 03:00:00,10,36,1
2024-02-05 04:00:00,0,4,2
2024-02-05 05:00:00,39,28,6
2024-02-05 06:00:00,124,47,28
2024-02-05 07:00:00,438,119,124
2024-02-05 08:00:00,1249,156,307
2024-02-05 09:00:00,811,221,159
2024-02-05 10:00:00,491,133,66
2024-02-05 11:00:00,606,107,65
2024-02-05 12:00:00,1136,123,66
2024-02-05 13:00:00,1213,141,89
2024-02-05 14:00:00,675,128,52
2024-02-05 15:00:00,613,132,84
2024-02-05 16:00:00,963,184,161
2024-02-05 17:00:00,1618,154,308
2024-02-05 18:00:00,1310,187,187
2024-02-05 19:00:00,997,169,122
2024-02-05 20:00:00,693,124,83
2024-02-05 21:00:00,440,147,55
2024-02-05 22:00:00,243,149,38
2024-02-05 23:00:00,149,115,10
2024-02-06 00:00:00,57,74,14
2024-02-06 01:00:00,24,72,6
2024-02-06 02:00:00,20,66,0
2024-02-06 03:00:00,23,46,1
2024-02-06 04:00:00,11,35,4
2024-02-06 05:00:00,39,40,7
2024-02-06 06:00:00,138,66,30
2024-02-06 07:00:00,570,123,136
2024-02-06 08:00:00,1574,189,355
2024-02-06 09:00:00,997,241,194
2024-02-06 10:00:00,545,171,78
2024-02-06 11:00:00,575,138,59
2024-02-06 12:00:00,1574,144,99
2024-02-06 13:00:00,1624,160,87
2024-02-06 14:00:00,826,147,82
2024-02-06 15:00:00,742,165,107
2024-02-06 16:00:00,1070,230,158
2024-02-06 17:00:00,1492,252,254
2024-02-06 18:00:00,848,362,189
2024-02-06 19:00:00,516,293,103
2024-02-06 20:00:00,270,217,58
2024-02-06 21:00:00,203,230,40
2024-02-06 22:00:00,179,238,26
2024-02-06 23:00:00,105,186,23
2024-02-07 00:00:00,58,124,3
2024-02-07 01:00:00,29,89,1
2024-02-07 02:00:00,14,73,0
2024-02-07 03:00:00,18,41,3
2024-02-07 04:00:00,21,32,2
2024-02-07 05:00:00,31,64,10
2024-02-07 06:00:00,150,69,43
2024-02-07 07:00:00,570,129,143
2024-02-07 08:00:00,1563,205,333
2024-02-07 09:00:00,989,277,173
2024-02-07 10:00:00,570,182,82
2024-02-07 11:00:00,692,132,60
2024-02-07 12:00:00,1598,174,99
2024-02-07 13:00:00,1630,183,88
2024-02-07 14:00:00,816,190,89
2024-02-07 15:00:00,854,163,111
2024-02-07 16:00:00,1357,226,205
2024-02-07 17:00:00,2083,226,294
2024-02-07 18:00:00,1679,255,241
2024-02-07 19:00:00,1233,222,138
2024-02-07 20:00:00,935,204,110
2024-02-07 21:00:00,713,180,83
2024-02-07 22:00:00,474,224,50
2024-02-07 23:00:00,201,159,24
2024-02-08 00:00:00,99,145,10
2024-02-08 01:00:00,51,99,4
2024-02-08 02:00:00,30,76,2
2024-02-08 03:00:00,20,51,3
2024-02-08 04:00:00,6,44,5
2024-02-08 05:00:00,19,44,5
2024-02-08 06:00:00,117,63,30
2024-02-08 07:00:00,429,187,102
2024-02-08 08:00:00,1302,201,191
2024-02-08 09:00:00,897,364,133
2024-02-08 10:00:00,586,238,45
2024-02-08 11:00:00,469,112,49
2024-02-08 12:00:00,1483,156,84
2024-02-08 13:00:00,1452,175,78
2024-02-08 14:00:00,781,170,73
2024-02-08 15:00:00,864,180,82
2024-02-08 16:00:00,1064,251,132
2024-02-08 17:00:00,1631,239,222
2024-02-08 18:00:00,1135,318,191
2024-02-08 19:00:00,678,309,84
2024-02-08 20:00:00,513,253,87
2024-02-08 21:00:00,457,256,47
2024-02-08 22:00:00,394,227,48
2024-02-08 23:00:00,197,196,21
2024-02-09 00:00:00,74,151,15
2024-02-09 01:00:00,52,112,10
2024-02-09 02:00:00,60,88,2
2024-02-09 03:00:00,29,72,0
2024-02-09 04:00:00,13,51,2
2024-02-09 05:00:00,35,30,7
2024-02-09 06:00:00,109,47,27
2024-02-09 07:00:00,390,108,79
2024-02-09 08:00:00,1060,224,212
2024-02-09 09:00:00,783,231,124
2024-02-09 10:00:00,590,169,48
2024-02-09 11:00:00,716,198,57
2024-02-09 12:00:00,1328,183,94
2024-02-09 13:00:00,1313,209,88
2024-02-09 14:00:00,938,283,81
2024-02-09 15:00:00,972,246,90
2024-02-09 16:00:00,1295,285,123
2024-02-09 17:00:00,1708,325,191
2024-02-09 18:00:00,1567,376,148
2024-02-09 19:00:00,1365,451,101
2024-02-09 20:00:00,1169,377,100
2024-02-09 21:00:00,863,303,61
2024-02-09 22:00:00,878,381,52
2024-02-09 23:00:00,541,338,38
2024-02-10 00:00:00,343,363,16
2024-02-10 01:00:00,247,359,13
2024-02-10 02:00:00,196,271,7
2024-02-10 03:00:00,131,228,6
2024-02-10 04:00:00,50,143,0
2024-02-10 05:00:00,49,79,3
2024-02-10 06:00:00,83,55,12
2024-02-10 07:00:00,100,78,32
2024-02-10 08:00:00,215,120,33
2024-02-10 09:00:00,423,160,44
2024-02-10 10:00:00,690,200,81
2024-02-10 11:00:00,918,210,60
2024-02-10 12:00:00,1031,238,70
2024-02-10 13:00:00,1257,210,72
2024-02-10 14:00:00,1159,251,95
2024-02-10 15:00:00,1197,273,77
2024-02-10 16:00:00,1364,309,104
2024-02-10 17:00:00,1590,305,86
2024-02-10 18:00:00,2271,388,103
2024-02-10 19:00:00,2300,366,90
2024-02-10 20:00:00,1802,385,69
2024-02-10 21:00:00,1217,397,65
2024-02-10 22:00:00,1005,414,38
2024-02-10 23:00:00,516,388,45
2024-02-11 00:00:00,404,415,11
2024-02-11 01:00:00,284,379,10
2024-02-11 02:00:00,222,320,3
2024-02-11 03:00:00,157,283,9
2024-02-11 04:00:00,73,178,2
2024-02-11 05:00:00,33,93,3
2024-02-11 06:00:00,53,52,5
2024-02-11 07:00:00,77,42,9
2024-02-11 08:00:00,119,100,26
2024-02-11 09:00:00,292,95,56
2024-02-11 10:00:00,603,118,41
2024-02-11 11:00:00,760,137,36
2024-02-11 12:00:00,871,174,67
2024-02-11 13:00:00,853,185,65
2024-02-11 14:00:00,814,170,76
2024-02-11 15:00:00,907,167,68
2024-02-11 16:00:00,835,185,64
2024-02-11 17:00:00,1196,220,81
2024-02-11 18:00:00,1188,205,98
2024-02-11 19:00:00,1272,214,111
2024-02-11 20:00:00,872,211,104
2024-02-11 21:00:00,573,167,53
2024-02-11 22:00:00,268,166,28
2024-02-11 23:00:00,174,162,30
2024-02-12 00:00:00,66,134,13
2024-02-12 01:00:00,33,79,6
2024-02-12 02:00:00,20,53,1
2024-02-12 03:00:00,24,45,2
2024-02-12 04:00:00,13,21,0
2024-02-12 05:00:00,45,37,7
2024-02-12 06:00:00,117,45,35
2024-02-12 07:00:00,456,97,102
2024-02-12 08:00:00,1268,170,230
2024-02-12 09:00:00,785,201,123
2024-02-12 10:00:00,708,147,52
2024-02-12 11:00:00,739,134,48
2024-02-12 12:00:00,1393,119,68
2024-02-12 13:00:00,1633,143,75
2024-02-12 14:00:00,1070,146,84
2024-02-12 15:00:00,919,155,67
2024-02-12 16:00:00,1235,178,131
2024-02-12 17:00:00,1766,189,272
2024-02-12 18:00:00,1164,205,154
2024-02-12 19:00:00,666,195,116
2024-02-12 20:00:00,437,175,60
2024-02-12 21:00:00,341,153,63
2024-02-12 22:00:00,297,201,52
2024-02-12 23:00:00,182,139,21
2024-02-13 00:00:00,85,95,10
2024-02-13 01:00:00,45,71,8
2024-02-13 02:00:00,17,47,4
2024-02-13 03:00:00,19,38,2
2024-02-13 04:00:00,13,24,4
2024-02-13 05:00:00,30,26,11
2024-02-13 06:00:00,121,81,31
2024-02-13 07:00:00,550,107,126
2024-02-13 08:00:00,1484,167,302
2024-02-13 09:00:00,850,248,146
2024-02-13 10:00:00,526,209,44
2024-02-13 11:00:00,699,184,45
2024-02-13 12:00:00,1479,171,52
2024-02-13 13:00:00,1561,148,58
2024-02-13 14:00:00,880,161,72
2024-02-13 15:00:00,905,171,72
2024-02-13 16:00:00,1182,235,156
2024-02-13 17:00:00,1590,248,256
2024-02-13 18:00:00,970,314,176
2024-02-13 19:00:00,647,273,94
2024-02-13 20:00:00,409,228,73
2024-02-13 21:00:00,428,184,73
2024-02-13 22:00:00,443,215,50
2024-02-13 23:00:00,261,181,22
2024-02-14 00:00:00,97,145,5
2024-02-14 01:00:00,69,108,4
2024-02-14 02:00:00,24,69,3
2024-02-14 03:00:00,44,54,0
2024-02-14 04:00:00,13,31,4
2024-02-14 05:00:00,34,35,10
2024-02-14 06:00:00,115,68,33
2024-02-14 07:00:00,505,121,105
2024-02-14 08:00:00,1366,164,243
2024-02-14 09:00:00,896,191,147
2024-02-14 10:00:00,597,143,56
2024-02-14 11:00:00,821,134,82
2024-02-14 12:00:00,1677,162,103
2024-02-14 13:00:00,1738,193,87
2024-02-14 14:00:00,978,164,77
2024-02-14 15:00:00,980,193,79
2024-02-14 16:00:00,1305,205,159
2024-02-14 17:00:00,2101,236,272
2024-02-14 18:00:00,1260,294,196
2024-02-14 19:00:00,806,310,116
2024-02-14 20:00:00,616,258,82
2024-02-14 21:00:00,465,233,53
2024-02-14 22:00:00,417,266,60
2024-02-14 23:00:00,246,245,25
2024-02-15 00:00:00,85,188,14
2024-02-15 01:00:00,83,130,5
2024-02-15 02:00:00,61,90,2
2024-02-15 03:00:00,33,75,2
2024-02-15 04:00:00,22,56,6
2024-02-15 05:00:00,27,38,10
2024-02-15 06:00:00,131,49,38
2024-02-15 07:00:00,481,122,102
2024-02-15 08:00:00,1379,175,248
2024-02-15 09:00:00,955,199,134
2024-02-15 10:00:00,664,171,62
2024-02-15 11:00:00,834,169,64
2024-02-15 12:00:00,1745,171,85
2024-02-15 13:00:00,1735,186,103
2024-02-15 14:00:00,1023,192,76
2024-02-15 15:00:00,903,202,86
2024-02-15 16:00:00,1107,253,136
2024-02-15 17:00:00,1776,243,233
2024-02-15 18:00:00,1022,326,188
2024-02-15 19:00:00,707,340,105
2024-02-15 20:00:00,480,282,89
2024-02-15 21:00:00,399,245,64
2024-02-15 22:00:00,500,260,34
2024-02-15 23:00:00,228,232,23
2024-02-16 00:00:00,89,211,15
2024-02-16 01:00:00,65,137,3
2024-02-16 02:00:00,40,97,1
2024-02-16 03:00:00,21,72,4
2024-02-16 04:00:00,24,54,2
2024-02-16 05:00:00,30,46,5
2024-02-16 06:00:00,105,44,35
2024-02-16 07:00:00,361,102,98
2024-02-16 08:00:00,1027,169,165
2024-02-16 09:00:00,703,191,109
2024-02-16 10:00:00,678,153,72
2024-02-16 11:00:00,827,158,74
2024-02-16 12:00:00,1353,173,70
2024-02-16 13:00:00,1509,208,91
2024-02-16 14:00:00,999,211,70
2024-02-16 15:00:00,1051,272,109
2024-02-16 16:00:00,1336,302,151
2024-02-16 17:00:00,1631,299,210
2024-02-16 18:00:00,1165,377,151
2024-02-16 19:00:00,868,404,130
2024-02-16 20:00:00,764,360,79
2024-02-16 21:00:00,542,303,62
2024-02-16 22:00:00,698,308,52
2024-02-16 23:00:00,474,311,32
2024-02-17 00:00:00,337,334,17
2024-02-17 01:00:00,266,318,13
2024-02-17 02:00:00,227,273,4
2024-02-17 03:00:00,94,190,7
2024-02-17 04:00:00,33,107,2
2024-02-17 05:00:00,41,68,6
2024-02-17 06:00:00,59,52,9
2024-02-17 07:00:00,110,64,19
2024-02-17 08:00:00,222,110,35
2024-02-17 09:00:00,464,159,36
2024-02-17 10:00:00,694,195,55
2024-02-17 11:00:00,998,210,64
2024-02-17 12:00:00,1103,225,72
2024-02-17 13:00:00,1194,251,75
2024-02-17 14:00:00,1062,289,75
2024-02-17 15:00:00,1165,259,55
2024-02-17 16:00:00,1073,316,65
2024-02-17 17:00:00,876,387,56
2024-02-17 18:00:00,670,492,70
2024-02-17 19:00:00,641,491,55
2024-02-17 20:00:00,597,503,48
2024-02-17 21:00:00,445,395,40
2024-02-17 22:00:00,482,467,34
2024-02-17 23:00:00,402,436,27
2024-02-18 00:00:00,293,380,20
2024-02-18 01:00:00,226,378,7
2024-02-18 02:00:00,182,327,7
2024-02-18 03:00:00,101,322,4
2024-02-18 04:00:00,31,203,4
2024-02-18 05:00:00,27,103,3
2024-02-18 06:00:00,37,52,5
2024-02-18 07:00:00,63,41,9
2024-02-18 08:00:00,162,69,29
2024-02-18 09:00:00,374,69,36
2024-02-18 10:00:00,551,138,48
2024-02-18 11:00:00,679,150,56
2024-02-18 12:00:00,707,154,67
2024-02-18 13:00:00,763,160,80
2024-02-18 14:00:00,734,185,80
2024-02-18 15:00:00,723,196,65
2024-02-18 16:00:00,721,187,74
2024-02-18 17:00:00,774,181,73
2024-02-18 18:00:00,588,243,87
2024-02-18 19:00:00,513,186,60
2024-02-18 20:00:00,346,195,52
2024-02-18 21:00:00,296,173,45
2024-02-18 22:00:00,288,151,28
2024-02-18 23:00:00,126,123,19
2024-02-19 00:00:00,65,87,6
2024-02-19 01:00:00,36,59,4
2024-02-19 02:00:00,13,38,3
2024-02-19 03:00:00,19,33,1
2024-02-19 04:00:00,9,13,1
2024-02-19 05:00:00,44,42,2
2024-02-19 06:00:00,130,62,30
2024-02-19 07:00:00,459,120,132
2024-02-19 08:00:00,1297,161,281
2024-02-19 09:00:00,893,301,154
2024-02-19 10:00:00,704,222,88
2024-02-19 11:00:00,815,187,74
2024-02-19 12:00:00,1602,184,98
2024-02-19 13:00:00,1580,187,101
2024-02-19 14:00:00,1121,201,79
2024-02-19 15:00:00,1212,198,114
2024-02-19 16:00:00,1197,206,166
2024-02-19 17:00:00,1762,194,308
2024-02-19 18:00:00,1136,185,203
2024-02-19 19:00:00,702,197,133
2024-02-19 20:00:00,484,179,70
2024-02-19 21:00:00,362,155,48
2024-02-19 22:00:00,277,143,36
2024-02-19 23:00:00,246,117,15
2024-02-20 00:00:00,90,76,5
2024-02-20 01:00:00,36,62,2
2024-02-20 02:00:00,18,37,2
2024-02-20 03:00:00,16,42,5
2024-02-20 04:00:00,17,25,4
2024-02-20 05:00:00,40,27,6
2024-02-20 06:00:00,144,89,48
2024-02-20 07:00:00,572,153,167
2024-02-20 08:00:00,1744,211,386
2024-02-20 09:00:00,1178,366,220
2024-02-20 10:00:00,830,276,97
2024-02-20 11:00:00,787,206,87
2024-02-20 12:00:00,1758,204,131
2024-02-20 13:00:00,1756,239,117
2024-02-20 14:00:00,1097,227,77
2024-02-20 15:00:00,1015,207,124
2024-02-20 16:00:00,1462,255,169
2024-02-20 17:00:00,2018,218,384
2024-02-20 18:00:00,1324,247,243
2024-02-20 19:00:00,759,245,101
2024-02-20 20:00:00,492,201,98
2024-02-20 21:00:00,460,191,62
2024-02-20 22:00:00,367,194,49
2024-02-20 23:00:00,205,143,26
2024-02-21 00:00:00,82,119,9
2024-02-21 01:00:00,35,81,4
2024-02-21 02:00:00,25,46,3
2024-02-21 03:00:00,34,40,3
2024-02-21 04:00:00,12,21,2
2024-02-21 05:00:00,27,44,8
2024-02-21 06:00:00,109,96,24
2024-02-21 07:00:00,459,201,100
2024-02-21 08:00:00,1351,215,213
2024-02-21 09:00:00,1020,443,143
2024-02-21 10:00:00,655,441,57
2024-02-21 11:00:00,695,315,55
2024-02-21 12:00:00,1455,304,95
2024-02-21 13:00:00,1566,242,65
2024-02-21 14:00:00,949,300,92
2024-02-21 15:00:00,1021,278,90
2024-02-21 16:00:00,1214,290,135
2024-02-21 17:00:00,2111,285,254
2024-02-21 18:00:00,1279,304,204
2024-02-21 19:00:00,720,265,129
2024-02-21 20:00:00,570,216,91
2024-02-21 21:00:00,408,194,52
2024-02-21 22:00:00,477,226,57
2024-02-21 23:00:00,209,187,22
2024-02-22 00:00:00,106,162,16
2024-02-22 01:00:00,61,104,4
2024-02-22 02:00:00,23,70,1
2024-02-22 03:00:00,22,48,3
2024-02-22 04:00:00,11,42,3
2024-02-22 05:00:00,32,49,2
2024-02-22 06:00:00,134,68,25
2024-02-22 07:00:00,466,165,111
2024-02-22 08:00:00,1434,262,264
2024-02-22 09:00:00,1063,418,165
2024-02-22 10:00:00,757,395,73
2024-02-22 11:00:00,832,295,76
2024-02-22 12:00:00,1592,262,93
2024-02-22 13:00:00,1275,363,75
2024-02-22 14:00:00,925,353,74
2024-02-22 15:00:00,920,262,85
2024-02-22 16:00:00,1230,267,139
2024-02-22 17:00:00,1955,269,245
2024-02-22 18:00:00,1260,311,203
2024-02-22 19:00:00,729,301,137
2024-02-22 20:00:00,575,254,101
2024-02-22 21:00:00,510,235,57
2024-02-22 22:00:00,423,234,37
2024-02-22 23:00:00,264,229,24
2024-02-23 00:00:00,82,146,13
2024-02-23 01:00:00,43,170,1
2024-02-23 02:00:00,45,94,3
2024-02-23 03:00:00,48,66,2
2024-02-23 04:00:00,21,49,4
2024-02-23 05:00:00,30,38,5
2024-02-23 06:00:00,96,66,34
2024-02-23 07:00:00,408,114,103
2024-02-23 08:00:00,1101,237,257
2024-02-23 09:00:00,802,314,127
2024-02-23 10:00:00,781,279,71
2024-02-23 11:00:00,849,307,68
2024-02-23 12:00:00,1488,264,102
2024-02-23 13:00:00,1595,295,94
2024-02-23 14:00:00,1194,305,95
2024-02-23 15:00:00,1043,325,90
2024-02-23 16:00:00,1314,353,149
2024-02-23 17:00:00,1654,315,229
2024-02-23 18:00:00,1268,383,153
2024-02-23 19:00:00,954,452,106
2024-02-23 20:00:00,722,388,98
2024-02-23 21:00:00,628,338,50
2024-02-23 22:00:00,701,379,42
2024-02-23 23:00:00,459,383,31
2024-02-24 00:00:00,347,354,21
2024-02-24 01:00:00,184,321,10
2024-02-24 02:00:00,145,235,5
2024-02-24 03:00:00,110,213,5
2024-02-24 04:00:00,41,136,3
2024-02-24 05:00:00,37,77,3
2024-02-24 06:00:00,68,63,8
2024-02-24 07:00:00,118,89,25
2024-02-24 08:00:00,192,127,30
2024-02-24 09:00:00,404,193,50
2024-02-24 10:00:00,754,208,52
2024-02-24 11:00:00,1032,221,55
2024-02-24 12:00:00,1141,288,93
2024-02-24 13:00:00,1344,293,102
2024-02-24 14:00:00,1186,390,61
2024-02-24 15:00:00,1226,316,85
2024-02-24 16:00:00,1286,320,86
2024-02-24 17:00:00,1302,371,79
2024-02-24 18:00:00,1127,394,85
2024-02-24 19:00:00,995,463,87
2024-02-24 20:00:00,729,431,65
2024-02-24 21:00:00,768,427,60
2024-02-24 22:00:00,805,448,46
2024-02-24 23:00:00,562,445,38
2024-02-25 00:00:00,423,420,15
2024-02-25 01:00:00,266,448,14
2024-02-25 02:00:00,242,370,13
2024-02-25 03:00:00,155,313,3
2024-02-25 04:00:00,93,186,5
2024-02-25 05:00:00,43,114,3
2024-02-25 06:00:00,63,73,10
2024-02-25 07:00:00,69,63,12
2024-02-25 08:00:00,175,81,42
2024-02-25 09:00:00,341,117,50
2024-02-25 10:00:00,623,147,46
2024-02-25 11:00:00,733,213,41
2024-02-25 12:00:00,766,241,62
2024-02-25 13:00:00,613,228,51
2024-02-25 14:00:00,636,234,56
2024-02-25 15:00:00,513,263,57
2024-02-25 16:00:00,488,249,46
2024-02-25 17:00:00,531,267,55
2024-02-25 18:00:00,457,302,64
2024-02-25 19:00:00,331,233,57
2024-02-25 20:00:00,270,243,44
2024-02-25 21:00:00,206,178,30
2024-02-25 22:00:00,185,171,22
2024-02-25 23:00:00,123,129,12
2024-02-26 00:00:00,56,112,4
2024-02-26 01:00:00,32,69,3
2024-02-26 02:00:00,29,44,4
2024-02-26 03:00:00,18,28,1
2024-02-26 04:00:00,1,5,1
2024-02-26 05:00:00,34,30,7
2024-02-26 06:00:00,106,84,24
2024-02-26 07:00:00,463,132,123
2024-02-26 08:00:00,1452,183,278
2024-02-26 09:00:00,998,220,155
2024-02-26 10:00:00,543,166,56
2024-02-26 11:00:00,623,165,53
2024-02-26 12:00:00,1254,167,78
2024-02-26 13:00:00,1369,147,104
2024-02-26 14:00:00,772,164,66
2024-02-26 15:00:00,807,166,103
2024-02-26 16:00:00,1084,177,136
2024-02-26 17:00:00,1718,199,291
2024-02-26 18:00:00,1010,221,179
2024-02-26 19:00:00,543,172,115
2024-02-26 20:00:00,412,184,77
2024-02-26 21:00:00,348,203,57
2024-02-26 22:00:00,262,170,30
2024-02-26 23:00:00,130,105,17
2024-02-27 00:00:00,80,117,7
2024-02-27 01:00:00,29,78,4
2024-02-27 02:00:00,24,42,7
2024-02-27 03:00:00,18,41,2
2024-02-27 04:00:00,16,20,5
2024-02-27 05:00:00,30,29,12
2024-02-27 06:00:00,132,91,32
2024-02-27 07:00:00,615,151,145
2024-02-27 08:00:00,1640,182,356
2024-02-27 09:00:00,996,259,203
2024-02-27 10:00:00,573,195,81
2024-02-27 11:00:00,653,174,65
2024-02-27 12:00:00,1655,166,112
2024-02-27 13:00:00,1709,169,88
2024-02-27 14:00:00,875,164,90
2024-02-27 15:00:00,797,183,115
2024-02-27 16:00:00,1166,204,179
2024-02-27 17:00:00,1849,229,329
2024-02-27 18:00:00,1093,287,226
2024-02-27 19:00:00,667,278,136
2024-02-27 20:00:00,489,257,104
2024-02-27 21:00:00,359,202,77
2024-02-27 22:00:00,350,196,47
2024-02-27 23:00:00,189,141,24
2024-02-28 00:00:00,71,123,10
2024-02-28 01:00:00,59,74,7
2024-02-28 02:00:00,23,68,3
2024-02-28 03:00:00,20,47,3
2024-02-28 04:00:00,16,38,2
2024-02-28 05:00:00,32,44,11
2024-02-28 06:00:00,139,80,39
2024-02-28 07:00:00,584,154,141
2024-02-28 08:00:00,1619,161,314
2024-02-28 09:00:00,906,274,189
2024-02-28 10:00:00,595,218,53
2024-02-28 11:00:00,625,200,69
2024-02-28 12:00:00,1578,167,96
2024-02-28 13:00:00,1580,182,104
2024-02-28 14:00:00,800,202,80
2024-02-28 15:00:00,831,207,100
2024-02-28 16:00:00,1236,234,163
2024-02-28 17:00:00,1905,270,287
2024-02-28 18:00:00,1270,273,213
2024-02-28 19:00:00,717,262,128
2024-02-28 20:00:00,508,212,103
2024-02-28 21:00:00,410,229,79
2024-02-28 22:00:00,465,192,44
2024-02-28 23:00:00,194,202,34
2024-02-29 00:00:00,82,123,13
2024-02-29 01:00:00,49,88,9
2024-02-29 02:00:00,28,42,1
2024-02-29 03:00:00,18,58,2
2024-02-29 04:00:00,17,41,3
2024-02-29 05:00:00,29,37,13
2024-02-29 06:00:00,125,77,26
2024-02-29 07:00:00,540,151,115
2024-02-29 08:00:00,1482,187,282
2024-02-29 09:00:00,978,314,159
2024-02-29 10:00:00,567,230,80
2024-02-29 11:00:00,616,168,60
2024-02-29 12:00:00,1579,155,92
2024-02-29 13:00:00,1685,183,97
2024-02-29 14:00:00,929,195,88
2024-02-29 15:00:00,924,173,101
2024-02-29 16:00:00,1222,223,170
2024-02-29 17:00:00,2006,244,290
2024-02-29 18:00:00,1198,290,205
2024-02-29 19:00:00,768,272,154
2024-02-29 20:00:00,602,246,100
2024-02-29 21:00:00,494,261,80
2024-02-29 22:00:00,487,226,60
2024-02-29 23:00:00,304,229,20
2024-03-01 00:00:00,152,235,20
2024-03-01 01:00:00,83,151,9
2024-03-01 02:00:00,98,126,2
2024-03-01 03:00:00,106,109,5
2024-03-01 04:00:00,13,66,2
2024-03-01 05:00:00,29,36,7
2024-03-01 06:00:00,77,97,21
2024-03-01 07:00:00,373,133,89
2024-03-01 08:00:00,1002,213,201
2024-03-01 09:00:00,676,270,91
2024-03-01 10:00:00,539,250,42
2024-03-01 11:00:00,612,207,46
2024-03-01 12:00:00,1338,178,88
2024-03-01 13:00:00,1164,223,78
2024-03-01 14:00:00,890,251,78
2024-03-01 15:00:00,821,248,97
2024-03-01 16:00:00,1142,264,126
2024-03-01 17:00:00,1516,309,197
2024-03-01 18:00:00,1025,387,128
2024-03-01 19:00:00,790,464,129
2024-03-01 20:00:00,556,379,93
2024-03-01 21:00:00,539,359,71
2024-03-01 22:00:00,673,395,67
2024-03-01 23:00:00,502,442,42
2024-03-02 00:00:00,239,364,13
2024-03-02 01:00:00,152,328,5
2024-03-02 02:00:00,204,231,3
2024-03-02 03:00:00,128,223,6
2024-03-02 04:00:00,81,148,4
2024-03-02 05:00:00,23,108,7
2024-03-02 06:00:00,47,81,5
2024-03-02 07:00:00,131,89,22
2024-03-02 08:00:00,195,105,26
2024-03-02 09:00:00,570,143,31
2024-03-02 10:00:00,622,211,36
2024-03-02 11:00:00,864,276,30
2024-03-02 12:00:00,835,308,49
2024-03-02 13:00:00,698,373,91
2024-03-02 14:00:00,900,302,43
2024-03-02 15:00:00,900,362,78
2024-03-02 16:00:00,1095,423,58
2024-03-02 17:00:00,1183,340,78
2024-03-02 18:00:00,1027,369,77
2024-03-02 19:00:00,872,452,77
2024-03-02 20:00:00,694,429,59
2024-03-02 21:00:00,749,388,53
2024-03-02 22:00:00,765,402,45
2024-03-02 23:00:00,474,423,34
2024-03-03 00:00:00,319,403,16
2024-03-03 01:00:00,244,443,8
2024-03-03 02:00:00,214,435,10
2024-03-03 03:00:00,118,338,4
2024-03-03 04:00:00,78,247,3
2024-03-03 05:00:00,34,117,2
2024-03-03 06:00:00,66,57,14
2024-03-03 07:00:00,70,61,13
2024-03-03 08:00:00,169,88,31
2024-03-03 09:00:00,376,110,68
2024-03-03 10:00:00,598,153,50
2024-03-03 11:00:00,657,136,54
2024-03-03 12:00:00,809,142,77
2024-03-03 13:00:00,787,164,78
2024-03-03 14:00:00,858,186,71
2024-03-03 15:00:00,925,174,67
2024-03-03 16:00:00,741,167,71
2024-03-03 17:00:00,787,191,68
2024-03-03 18:00:00,653,222,75
2024-03-03 19:00:00,555,194,82
2024-03-03 20:00:00,365,199,72
2024-03-03 21:00:00,306,178,40
2024-03-03 22:00:00,200,159,33
2024-03-03 23:00:00,109,132,8
2024-03-04 00:00:00,46,86,6
2024-03-04 01:00:00,34,77,3
2024-03-04 02:00:00,26,50,0
2024-03-04 03:00:00,17,50,1
2024-03-04 04:00:00,8,5,1
2024-03-04 05:00:00,36,29,8
2024-03-04 06:00:00,113,71,23
2024-03-04 07:00:00,478,118,116
2024-03-04 08:00:00,1359,168,296
2024-03-04 09:00:00,805,232,159
2024-03-04 10:00:00,542,157,57
2024-03-04 11:00:00,679,142,57
2024-03-04 12:00:00,1371,106,91
2024-03-04 13:00:00,1316,122,76
2024-03-04 14:00:00,694,149,60
2024-03-04 15:00:00,649,166,73
2024-03-04 16:00:00,957,220,139
2024-03-04 17:00:00,1521,242,273
2024-03-04 18:00:00,935,199,175
2024-03-04 19:00:00,504,187,98
2024-03-04 20:00:00,372,162,68
2024-03-04 21:00:00,369,146,51
2024-03-04 22:00:00,263,172,34
2024-03-04 23:00:00,108,116,20
2024-03-05 00:00:00,60,90,11
2024-03-05 01:00:00,31,78,3
2024-03-05 02:00:00,12,40,2
2024-03-05 03:00:00,16,28,2
2024-03-05 04:00:00,13,27,5
2024-03-05 05:00:00,35,36,9
2024-03-05 06:00:00,153,100,31
2024-03-05 07:00:00,581,153,145
2024-03-05 08:00:00,1534,186,323
2024-03-05 09:00:00,954,264,177
2024-03-05 10:00:00,617,184,80
2024-03-05 11:00:00,671,135,58
2024-03-05 12:00:00,1666,141,79
2024-03-05 13:00:00,1757,134,86
2024-03-05 14:00:00,861,175,72
2024-03-05 15:00:00,919,184,99
2024-03-05 16:00:00,1229,223,187
2024-03-05 17:00:00,2042,206,333
2024-03-05 18:00:00,1285,224,190
2024-03-05 19:00:00,774,248,130
2024-03-05 20:00:00,528,206,103
2024-03-05 21:00:00,433,175,73
2024-03-05 22:00:00,351,245,41
2024-03-05 23:00:00,192,180,27
2024-03-06 00:00:00,65,130,8
2024-03-06 01:00:00,17,86,7
2024-03-06 02:00:00,30,71,1
2024-03-06 03:00:00,16,35,3
2024-03-06 04:00:00,8,36,5
2024-03-06 05:00:00,42,50,5
2024-03-06 06:00:00,146,104,39
2024-03-06 07:00:00,631,171,144
2024-03-06 08:00:00,1587,190,330
2024-03-06 09:00:00,966,230,189
2024-03-06 10:00:00,617,168,69
2024-03-06 11:00:00,734,143,72
2024-03-06 12:00:00,1601,151,83
2024-03-06 13:00:00,1723,152,104
2024-03-06 14:00:00,1019,200,81
2024-03-06 15:00:00,969,205,121
2024-03-06 16:00:00,1290,260,152
2024-03-06 17:00:00,2012,248,348
2024-03-06 18:00:00,1323,244,222
2024-03-06 19:00:00,868,268,114
2024-03-06 20:00:00,529,254,154
2024-03-06 21:00:00,416,229,64
2024-03-06 22:00:00,472,240,64
2024-03-06 23:00:00,299,215,17
2024-03-07 00:00:00,98,166,17
2024-03-07 01:00:00,47,102,6
2024-03-07 02:00:00,38,74,3
2024-03-07 03:00:00,24,54,2
2024-03-07 04:00:00,20,46,3
2024-03-07 05:00:00,31,37,6
2024-03-07 06:00:00,150,97,50
2024-03-07 07:00:00,582,137,145
2024-03-07 08:00:00,1549,191,313
2024-03-07 09:00:00,883,268,171
2024-03-07 10:00:00,576,185,84
2024-03-07 11:00:00,685,165,56
2024-03-07 12:00:00,1770,185,104
2024-03-07 13:00:00,1720,177,77
2024-03-07 14:00:00,955,199,103
2024-03-07 15:00:00,885,190,125
2024-03-07 16:00:00,1393,213,160
2024-03-07 17:00:00,1996,247,339
2024-03-07 18:00:00,1142,264,228
2024-03-07 19:00:00,817,288,149
2024-03-07 20:00:00,508,230,102
2024-03-07 21:00:00,521,241,65
2024-03-07 22:00:00,458,232,53
2024-03-07 23:00:00,256,225,37
2024-03-08 00:00:00,107,188,14
2024-03-08 01:00:00,60,180,8
2024-03-08 02:00:00,62,104,5
2024-03-08 03:00:00,38,73,0
2024-03-08 04:00:00,13,61,4
2024-03-08 05:00:00,37,47,5
2024-03-08 06:00:00,126,82,34
2024-03-08 07:00:00,405,123,100
2024-03-08 08:00:00,1102,176,219
2024-03-08 09:00:00,756,212,132
2024-03-08 10:00:00,608,189,57
2024-03-08 11:00:00,830,182,58
2024-03-08 12:00:00,1337,161,80
2024-03-08 13:00:00,1385,203,105
2024-03-08 14:00:00,1149,237,85
2024-03-08 15:00:00,973,264,103
2024-03-08 16:00:00,1230,280,130
2024-03-08 17:00:00,1706,335,213
2024-03-08 18:00:00,1200,368,169
2024-03-08 19:00:00,940,411,123
2024-03-08 20:00:00,651,346,99
2024-03-08 21:00:00,658,373,64
2024-03-08 22:00:00,757,411,59
2024-03-08 23:00:00,508,430,33
2024-03-09 00:00:00,321,453,18
2024-03-09 01:00:00,246,323,9
2024-03-09 02:00:00,199,250,10
2024-03-09 03:00:00,175,244,2
2024-03-09 04:00:00,89,153,5
2024-03-09 05:00:00,39,94,3
2024-03-09 06:00:00,62,71,13
2024-03-09 07:00:00,130,94,18
2024-03-09 08:00:00,281,123,22
2024-03-09 09:00:00,496,152,63
2024-03-09 10:00:00,739,208,52
2024-03-09 11:00:00,1026,219,73
2024-03-09 12:00:00,1251,226,68
2024-03-09 13:00:00,1110,222,81
2024-03-09 14:00:00,1058,284,80
2024-03-09 15:00:00,1140,308,61
2024-03-09 16:00:00,1109,315,75
2024-03-09 17:00:00,1160,357,63
2024-03-09 18:00:00,936,321,60
2024-03-09 19:00:00,1027,455,89
2024-03-09 20:00:00,680,403,72
2024-03-09 21:00:00,591,389,59
2024-03-09 22:00:00,649,473,48
2024-03-09 23:00:00,365,494,38
2024-03-10 00:00:00,231,432,13
2024-03-10 01:00:00,113,407,10
2024-03-10 02:00:00,142,364,7
2024-03-10 03:00:00,112,314,4
2024-03-10 04:00:00,55,191,5
2024-03-10 05:00:00,23,81,1
2024-03-10 06:00:00,49,66,5
2024-03-10 07:00:00,66,47,12
2024-03-10 08:00:00,198,112,31
2024-03-10 09:00:00,399,130,32
2024-03-10 10:00:00,808,201,45
2024-03-10 11:00:00,759,194,80
2024-03-10 12:00:00,844,162,68
2024-03-10 13:00:00,733,172,55
2024-03-10 14:00:00,720,187,46
2024-03-10 15:00:00,751,208,67
2024-03-10 16:00:00,711,202,52
2024-03-10 17:00:00,670,190,68
2024-03-10 18:00:00,634,198,75
2024-03-10 19:00:00,515,228,74
2024-03-10 20:00:00,461,215,71
2024-03-10 21:00:00,346,188,63
2024-03-10 22:00:00,320,173,36
2024-03-10 23:00:00,170,138,27
2024-03-11 00:00:00,58,112,17
2024-03-11 01:00:00,31,83,7
2024-03-11 02:00:00,26,44,3
2024-03-11 03:00:00,16,44,2
2024-03-11 04:00:00,3,4,0
2024-03-11 05:00:00,43,59,9
2024-03-11 06:00:00,117,70,42
2024-03-11 07:00:00,471,109,130
2024-03-11 08:00:00,1372,197,315
2024-03-11 09:00:00,811,232,149
2024-03-11 10:00:00,590,178,55
2024-03-11 11:00:00,625,146,50
2024-03-11 12:00:00,1304,128,77
2024-03-11 13:00:00,1473,151,92
2024-03-11 14:00:00,762,181,75
2024-03-11 15:00:00,764,173,106
2024-03-11 16:00:00,1130,210,152
2024-03-11 17:00:00,1730,216,324
2024-03-11 18:00:00,1066,164,185
2024-03-11 19:00:00,673,194,107
2024-03-11 20:00:00,398,166,74
2024-03-11 21:00:00,402,197,53
2024-03-11 22:00:00,305,148,41
2024-03-11 23:00:00,169,145,28
2024-03-12 00:00:00,62,114,9
2024-03-12 01:00:00,32,95,3
2024-03-12 02:00:00,10,53,6
2024-03-12 03:00:00,12,46,3
2024-03-12 04:00:00,13,22,2
2024-03-12 05:00:00,44,43,9
2024-03-12 06:00:00,140,101,21
2024-03-12 07:00:00,537,142,116
2024-03-12 08:00:00,1381,228,281
2024-03-12 09:00:00,855,335,135
2024-03-12 10:00:00,466,299,58
2024-03-12 11:00:00,501,209,33
2024-03-12 12:00:00,1261,163,70
2024-03-12 13:00:00,1354,203,78
2024-03-12 14:00:00,701,230,67
2024-03-12 15:00:00,711,237,74
2024-03-12 16:00:00,1107,248,137
2024-03-12 17:00:00,1845,236,286
2024-03-12 18:00:00,1162,196,202
2024-03-12 19:00:00,650,243,107
2024-03-12 20:00:00,517,214,73
2024-03-12 21:00:00,420,231,52
2024-03-12 22:00:00,355,205,48
2024-03-12 23:00:00,222,158,35
2024-03-13 00:00:00,94,150,17
2024-03-13 01:00:00,44,117,6
2024-03-13 02:00:00,50,58,5
2024-03-13 03:00:00,24,46,4
2024-03-13 04:00:00,18,36,6
2024-03-13 05:00:00,34,60,9
2024-03-13 06:00:00,154,98,41
2024-03-13 07:00:00,626,149,163
2024-03-13 08:00:00,1542,197,330
2024-03-13 09:00:00,998,270,173
2024-03-13 10:00:00,588,221,85
2024-03-13 11:00:00,713,177,90
2024-03-13 12:00:00,1599,153,85
2024-03-13 13:00:00,1563,193,105
2024-03-13 14:00:00,839,195,101
2024-03-13 15:00:00,838,200,116
2024-03-13 16:00:00,1187,254,151
2024-03-13 17:00:00,1992,230,355
2024-03-13 18:00:00,1284,200,211
2024-03-13 19:00:00,770,250,137
2024-03-13 20:00:00,521,205,103
2024-03-13 21:00:00,518,247,57
2024-03-13 22:00:00,531,187,42
2024-03-13 23:00:00,295,200,33
2024-03-14 00:00:00,122,166,14
2024-03-14 01:00:00,74,144,7
2024-03-14 02:00:00,52,81,0
2024-03-14 03:00:00,24,46,3
2024-03-14 04:00:00,19,47,10
2024-03-14 05:00:00,36,46,8
2024-03-14 06:00:00,156,106,52
2024-03-14 07:00:00,564,128,142
2024-03-14 08:00:00,1514,193,293
2024-03-14 09:00:00,964,291,173
2024-03-14 10:00:00,632,260,71
2024-03-14 11:00:00,744,175,71
2024-03-14 12:00:00,1568,141,104
2024-03-14 13:00:00,1520,188,89
2024-03-14 14:00:00,844,213,60
2024-03-14 15:00:00,871,244,112
2024-03-14 16:00:00,1120,260,143
2024-03-14 17:00:00,1824,285,281
2024-03-14 18:00:00,1287,211,178
2024-03-14 19:00:00,751,274,131
2024-03-14 20:00:00,616,204,108
2024-03-14 21:00:00,535,254,92
2024-03-14 22:00:00,442,243,51
2024-03-14 23:00:00,313,248,29
2024-03-15 00:00:00,161,184,15
2024-03-15 01:00:00,89,149,9
2024-03-15 02:00:00,90,101,2
2024-03-15 03:00:00,30,62,4
2024-03-15 04:00:00,27,47,2
2024-03-15 05:00:00,47,56,8
2024-03-15 06:00:00,122,67,29
2024-03-15 07:00:00,452,139,102
2024-03-15 08:00:00,1088,196,181
2024-03-15 09:00:00,799,216,114
2024-03-15 10:00:00,592,214,63
2024-03-15 11:00:00,659,162,59
2024-03-15 12:00:00,1272,175,64
2024-03-15 13:00:00,1274,181,87
2024-03-15 14:00:00,973,239,80
2024-03-15 15:00:00,1032,244,103
2024-03-15 16:00:00,1284,221,129
2024-03-15 17:00:00,1518,251,209
2024-03-15 18:00:00,1382,213,146
2024-03-15 19:00:00,961,297,124
2024-03-15 20:00:00,779,313,109
2024-03-15 21:00:00,669,305,67
2024-03-15 22:00:00,853,319,50
2024-03-15 23:00:00,517,328,45
2024-03-16 00:00:00,394,316,16
2024-03-16 01:00:00,266,290,18
2024-03-16 02:00:00,143,251,7
2024-03-16 03:00:00,124,169,2
2024-03-16 04:00:00,73,106,1
2024-03-16 05:00:00,65,88,5
2024-03-16 06:00:00,72,89,15
2024-03-16 07:00:00,98,64,22
2024-03-16 08:00:00,245,73,45
2024-03-16 09:00:00,471,128,44
2024-03-16 10:00:00,736,195,48
2024-03-16 11:00:00,938,206,65
2024-03-16 12:00:00,1080,222,55
2024-03-16 13:00:00,1205,227,69
2024-03-16 14:00:00,1098,300,74
2024-03-16 15:00:00,961,287,57
2024-03-16 16:00:00,956,323,52
2024-03-16 17:00:00,920,315,49
2024-03-16 18:00:00,980,247,80
2024-03-16 19:00:00,847,347,96
2024-03-16 20:00:00,726,338,63
2024-03-16 21:00:00,676,335,48
2024-03-16 22:00:00,707,377,62
2024-03-16 23:00:00,576,400,35
2024-03-17 00:00:00,351,429,11
2024-03-17 01:00:00,201,364,10
2024-03-17 02:00:00,171,358,8
2024-03-17 03:00:00,144,234,7
2024-03-17 04:00:00,66,147,3
2024-03-17 05:00:00,27,99,3
2024-03-17 06:00:00,51,45,12
2024-03-17 07:00:00,49,46,13
2024-03-17 08:00:00,204,112,34
2024-03-17 09:00:00,344,136,43
2024-03-17 10:00:00,610,128,69
2024-03-17 11:00:00,630,138,46
2024-03-17 12:00:00,858,185,62
2024-03-17 13:00:00,813,172,89
2024-03-17 14:00:00,858,217,85
2024-03-17 15:00:00,979,239,78
2024-03-17 16:00:00,900,244,84
2024-03-17 17:00:00,859,199,94
2024-03-17 18:00:00,797,168,67
2024-03-17 19:00:00,579,193,99
2024-03-17 20:00:00,439,177,74
2024-03-17 21:00:00,311,166,42
2024-03-17 22:00:00,347,163,44
2024-03-17 23:00:00,245,175,24
2024-03-18 00:00:00,152,143,13
2024-03-18 01:00:00,59,111,10
2024-03-18 02:00:00,40,85,3
2024-03-18 03:00:00,19,53,2
2024-03-18 04:00:00,3,13,2
2024-03-18 05:00:00,41,29,11
2024-03-18 06:00:00,125,62,40
2024-03-18 07:00:00,518,103,150
2024-03-18 08:00:00,1343,133,294
2024-03-18 09:00:00,811,158,144
2024-03-18 10:00:00,600,163,81
2024-03-18 11:00:00,640,142,74
2024-03-18 12:00:00,1490,121,88
2024-03-18 13:00:00,1523,153,108
2024-03-18 14:00:00,838,127,63
2024-03-18 15:00:00,770,153,123
2024-03-18 16:00:00,1175,149,159
2024-03-18 17:00:00,1690,165,274
2024-03-18 18:00:00,1154,143,204
2024-03-18 19:00:00,718,198,99
2024-03-18 20:00:00,403,190,69
2024-03-18 21:00:00,382,145,44
2024-03-18 22:00:00,384,167,28
2024-03-18 23:00:00,167,128,23
2024-03-19 00:00:00,78,95,13
2024-03-19 01:00:00,37,69,4
2024-03-19 02:00:00,19,52,1
2024-03-19 03:00:00,34,41,2
2024-03-19 04:00:00,20,22,1
2024-03-19 05:00:00,44,45,12
2024-03-19 06:00:00,151,98,34
2024-03-19 07:00:00,634,115,165
2024-03-19 08:00:00,1563,151,339
2024-03-19 09:00:00,938,215,182
2024-03-19 10:00:00,535,154,77
2024-03-19 11:00:00,637,159,56
2024-03-19 12:00:00,1615,143,81
2024-03-19 13:00:00,1708,130,63
2024-03-19 14:00:00,860,183,77
2024-03-19 15:00:00,879,163,97
2024-03-19 16:00:00,1161,197,184
2024-03-19 17:00:00,1950,199,320
2024-03-19 18:00:00,1396,191,224
2024-03-19 19:00:00,704,211,141
2024-03-19 20:00:00,490,166,94
2024-03-19 21:00:00,475,172,79
2024-03-19 22:00:00,350,177,42
2024-03-19 23:00:00,202,157,26
2024-03-20 00:00:00,79,114,9
2024-03-20 01:00:00,39,96,7
2024-03-20 02:00:00,27,58,3
2024-03-20 03:00:00,38,57,1
2024-03-20 04:00:00,25,27,2
2024-03-20 05:00:00,51,51,7
2024-03-20 06:00:00,148,80,41
2024-03-20 07:00:00,601,119,135
2024-03-20 08:00:00,1572,124,313
2024-03-20 09:00:00,907,207,168
2024-03-20 10:00:00,542,159,83
2024-03-20 11:00:00,678,142,69
2024-03-20 12:00:00,1592,140,98
2024-03-20 13:00:00,1674,151,94
2024-03-20 14:00:00,824,208,80
2024-03-20 15:00:00,837,170,105
2024-03-20 16:00:00,1176,225,175
2024-03-20 17:00:00,2043,199,323
2024-03-20 18:00:00,1323,153,223
2024-03-20 19:00:00,765,213,140
2024-03-20 20:00:00,499,193,104
2024-03-20 21:00:00,458,197,62
2024-03-20 22:00:00,441,215,57
2024-03-20 23:00:00,286,163,33
2024-03-21 00:00:00,115,147,9
2024-03-21 01:00:00,36,86,9
2024-03-21 02:00:00,40,75,5
2024-03-21 03:00:00,47,47,3
2024-03-21 04:00:00,18,37,3
2024-03-21 05:00:00,39,37,7
2024-03-21 06:00:00,155,73,41
2024-03-21 07:00:00,594,103,120
2024-03-21 08:00:00,1608,168,314
2024-03-21 09:00:00,969,214,166
2024-03-21 10:00:00,709,178,67
2024-03-21 11:00:00,727,136,74
2024-03-21 12:00:00,1627,144,95
2024-03-21 13:00:00,1559,149,69
2024-03-21 14:00:00,962,210,73
2024-03-21 15:00:00,875,186,117
2024-03-21 16:00:00,1295,229,191
2024-03-21 17:00:00,1901,212,260
2024-03-21 18:00:00,1340,199,206
2024-03-21 19:00:00,864,211,130
2024-03-21 20:00:00,645,209,102
2024-03-21 21:00:00,507,212,81
2024-03-21 22:00:00,602,219,45
2024-03-21 23:00:00,366,208,29
2024-03-22 00:00:00,154,217,10
2024-03-22 01:00:00,90,153,9
2024-03-22 02:00:00,75,117,6
2024-03-22 03:00:00,45,68,2
2024-03-22 04:00:00,26,44,7
2024-03-22 05:00:00,39,44,9
2024-03-22 06:00:00,134,79,37
2024-03-22 07:00:00,412,120,83
2024-03-22 08:00:00,1055,158,192
2024-03-22 09:00:00,712,215,116
2024-03-22 10:00:00,621,195,62
2024-03-22 11:00:00,776,165,80
2024-03-22 12:00:00,1327,155,90
2024-03-22 13:00:00,1349,181,87
2024-03-22 14:00:00,970,238,86
2024-03-22 15:00:00,999,265,91
2024-03-22 16:00:00,1293,270,166
2024-03-22 17:00:00,1676,251,204
2024-03-22 18:00:00,1208,223,153
2024-03-22 19:00:00,826,269,107
2024-03-22 20:00:00,648,266,82
2024-03-22 21:00:00,483,223,57
2024-03-22 22:00:00,731,263,58
2024-03-22 23:00:00,458,234,48
2024-03-23 00:00:00,256,345,22
2024-03-23 01:00:00,160,300,9
2024-03-23 02:00:00,171,249,3
2024-03-23 03:00:00,121,205,2
2024-03-23 04:00:00,55,112,3
2024-03-23 05:00:00,39,122,7
2024-03-23 06:00:00,68,54,7
2024-03-23 07:00:00,96,60,29
2024-03-23 08:00:00,236,101,49
2024-03-23 09:00:00,609,154,44
2024-03-23 10:00:00,734,178,61
2024-03-23 11:00:00,913,224,57
2024-03-23 12:00:00,1049,295,54
2024-03-23 13:00:00,976,267,48
2024-03-23 14:00:00,1066,284,66
2024-03-23 15:00:00,1061,290,70
2024-03-23 16:00:00,1144,297,68
2024-03-23 17:00:00,1177,315,100
2024-03-23 18:00:00,1159,291,84
2024-03-23 19:00:00,979,364,73
2024-03-23 20:00:00,757,349,65
2024-03-23 21:00:00,642,336,66
2024-03-23 22:00:00,737,438,40
2024-03-23 23:00:00,506,441,30
2024-03-24 00:00:00,379,419,16
2024-03-24 01:00:00,231,405,18
2024-03-24 02:00:00,238,346,5
2024-03-24 03:00:00,162,244,3
2024-03-24 04:00:00,58,131,4
2024-03-24 05:00:00,34,105,6
2024-03-24 06:00:00,36,57,7
2024-03-24 07:00:00,100,45,16
2024-03-24 08:00:00,153,70,45
2024-03-24 09:00:00,284,134,77
2024-03-24 10:00:00,575,175,49
2024-03-24 11:00:00,697,152,59
2024-03-24 12:00:00,865,182,56
2024-03-24 13:00:00,706,152,71
2024-03-24 14:00:00,708,208,80
2024-03-24 15:00:00,807,165,61
2024-03-24 16:00:00,657,225,57
2024-03-24 17:00:00,728,185,91
2024-03-24 18:00:00,585,117,95
2024-03-24 19:00:00,487,157,89
2024-03-24 20:00:00,359,160,56
2024-03-24 21:00:00,253,143,29
2024-03-24 22:00:00,252,169,28
2024-03-24 23:00:00,167,138,22
2024-03-25 00:00:00,60,124,7
2024-03-25 01:00:00,21,97,3
2024-03-25 02:00:00,9,44,2
2024-03-25 03:00:00,22,34,2
2024-03-25 04:00:00,5,5,0
2024-03-25 05:00:00,21,44,9
2024-03-25 06:00:00,105,76,45
2024-03-25 07:00:00,470,88,115
2024-03-25 08:00:00,1242,161,287
2024-03-25 09:00:00,807,217,134
2024-03-25 10:00:00,768,155,64
2024-03-25 11:00:00,682,147,74
2024-03-25 12:00:00,1396,163,82
2024-03-25 13:00:00,1257,141,76
2024-03-25 14:00:00,770,146,74
2024-03-25 15:00:00,773,162,97
2024-03-25 16:00:00,989,186,149
2024-03-25 17:00:00,1665,189,286
2024-03-25 18:00:00,1069,179,172
2024-03-25 19:00:00,612,170,94
2024-03-25 20:00:00,435,183,95
2024-03-25 21:00:00,329,192,37
2024-03-25 22:00:00,360,175,34
2024-03-25 23:00:00,126,147,18
2024-03-26 00:00:00,70,111,12
2024-03-26 01:00:00,28,92,3
2024-03-26 02:00:00,22,62,2
2024-03-26 03:00:00,17,31,8
2024-03-26 04:00:00,12,38,5
2024-03-26 05:00:00,44,59,7
2024-03-26 06:00:00,142,88,48
2024-03-26 07:00:00,602,112,135
2024-03-26 08:00:00,1509,153,321
2024-03-26 09:00:00,870,204,169
2024-03-26 10:00:00,533,173,75
2024-03-26 11:00:00,606,148,63
2024-03-26 12:00:00,1525,116,81
2024-03-26 13:00:00,1638,164,89
2024-03-26 14:00:00,814,149,70
2024-03-26 15:00:00,766,173,117
2024-03-26 16:00:00,1108,207,174
2024-03-26 17:00:00,1822,214,350
2024-03-26 18:00:00,1169,171,204
2024-03-26 19:00:00,664,227,110
2024-03-26 20:00:00,468,223,82
2024-03-26 21:00:00,406,182,43
2024-03-26 22:00:00,444,218,44
2024-03-26 23:00:00,139,168,27
2024-03-27 00:00:00,108,145,11
2024-03-27 01:00:00,57,100,6
2024-03-27 02:00:00,27,58,0
2024-03-27 03:00:00,19,31,2
2024-03-27 04:00:00,12,27,6
2024-03-27 05:00:00,34,53,9
2024-03-27 06:00:00,134,83,44
2024-03-27 07:00:00,562,135,152
2024-03-27 08:00:00,1278,165,247
2024-03-27 09:00:00,727,284,137
2024-03-27 10:00:00,548,189,61
2024-03-27 11:00:00,668,160,59
2024-03-27 12:00:00,1472,141,101
2024-03-27 13:00:00,1512,142,95
2024-03-27 14:00:00,636,219,61
2024-03-27 15:00:00,806,151,83
2024-03-27 16:00:00,1105,223,127
2024-03-27 17:00:00,1831,254,305
2024-03-27 18:00:00,1063,197,217
2024-03-27 19:00:00,601,277,94
2024-03-27 20:00:00,495,205,95
2024-03-27 21:00:00,298,226,53
2024-03-27 22:00:00,305,292,35
2024-03-27 23:00:00,145,245,10
2024-03-28 00:00:00,44,173,7
2024-03-28 01:00:00,34,132,3
2024-03-28 02:00:00,30,75,1
2024-03-28 03:00:00,21,52,4
2024-03-28 04:00:00,18,34,3
2024-03-28 05:00:00,30,43,7
2024-03-28 06:00:00,125,56,36
2024-03-28 07:00:00,520,106,112
2024-03-28 08:00:00,1266,161,262
2024-03-28 09:00:00,756,230,118
2024-03-28 10:00:00,480,226,32
2024-03-28 11:00:00,592,206,57
2024-03-28 12:00:00,1372,179,82
2024-03-28 13:00:00,1244,213,61
2024-03-28 14:00:00,700,237,56
2024-03-28 15:00:00,737,219,95
2024-03-28 16:00:00,989,313,112
2024-03-28 17:00:00,1654,316,217
2024-03-28 18:00:00,1107,337,133
2024-03-28 19:00:00,713,323,96
2024-03-28 20:00:00,640,304,92
2024-03-28 21:00:00,558,267,67
2024-03-28 22:00:00,569,290,47
2024-03-28 23:00:00,443,318,39
2024-03-29 00:00:00,257,284,13
2024-03-29 01:00:00,174,240,12
2024-03-29 02:00:00,126,205,6
2024-03-29 03:00:00,96,142,2
2024-03-29 04:00:00,79,132,3
2024-03-29 05:00:00,29,86,7
2024-03-29 06:00:00,66,61,13
2024-03-29 07:00:00,122,92,31
2024-03-29 08:00:00,206,103,17
2024-03-29 09:00:00,362,155,41
2024-03-29 10:00:00,432,174,39
2024-03-29 11:00:00,757,164,46
2024-03-29 12:00:00,764,147,58
2024-03-29 13:00:00,927,198,61
2024-03-29 14:00:00,729,315,63
2024-03-29 15:00:00,945,319,69
2024-03-29 16:00:00,925,334,52
2024-03-29 17:00:00,958,297,50
2024-03-29 18:00:00,809,252,85
2024-03-29 19:00:00,845,288,66
2024-03-29 20:00:00,664,308,61
2024-03-29 21:00:00,576,291,50
2024-03-29 22:00:00,700,325,38
2024-03-29 23:00:00,484,394,24
2024-03-30 00:00:00,299,352,14
2024-03-30 01:00:00,197,340,11
2024-03-30 02:00:00,156,315,4
2024-03-30 03:00:00,131,200,2
2024-03-30 04:00:00,79,134,5
2024-03-30 05:00:00,36,101,3
2024-03-30 06:00:00,94,54,13
2024-03-30 07:00:00,91,48,28
2024-03-30 08:00:00,202,94,31
2024-03-30 09:00:00,424,137,33
2024-03-30 10:00:00,706,176,45
2024-03-30 11:00:00,884,176,58
2024-03-30 12:00:00,1032,192,80
2024-03-30 13:00:00,1044,217,77
2024-03-30 14:00:00,1089,322,84
2024-03-30 15:00:00,994,309,73
2024-03-30 16:00:00,990,331,67
2024-03-30 17:00:00,1102,326,70
2024-03-30 18:00:00,944,305,59
2024-03-30 19:00:00,847,292,53
2024-03-30 20:00:00,726,335,64
2024-03-30 21:00:00,642,321,45
2024-03-30 22:00:00,688,394,42
2024-03-30 23:00:00,456,403,32
2024-03-31 00:00:00,254,387,13
2024-03-31 01:00:00,181,402,11
2024-03-31 02:00:00,103,310,5
2024-03-31 03:00:00,121,256,5
2024-03-31 04:00:00,38,153,5
2024-03-31 05:00:00,48,90,7
2024-03-31 06:00:00,52,58,14
2024-03-31 07:00:00,147,76,27
2024-03-31 08:00:00,246,80,41
2024-03-31 09:00:00,430,115,33
2024-03-31 10:00:00,549,128,47
2024-03-31 11:00:00,557,145,57
2024-03-31 12:00:00,619,147,94
2024-03-31 13:00:00,612,188,54
2024-03-31 14:00:00,722,190,84
2024-03-31 15:00:00,620,226,90
2024-03-31 16:00:00,701,192,73
2024-03-31 17:00:00,654,220,81
2024-03-31 18:00:00,633,159,87
2024-03-31 19:00:00,464,189,64
2024-03-31 20:00:00,293,193,55
2024-03-31 21:00:00,482,196,34
2024-03-31 22:00:00,155,310,13
2024-03-31 23:00:00,119,249,10
2024-04-01 00:00:00,62,269,2
2024-04-01 01:00:00,56,152,2
2024-04-01 02:00:00,44,121,7
2024-04-01 03:00:00,19,70,21
2024-04-01 04:00:00,8,14,0
2024-04-01 05:00:00,43,69,12
2024-04-01 06:00:00,79,61,14
2024-04-01 07:00:00,137,61,24
2024-04-01 08:00:00,246,76,30
2024-04-01 09:00:00,434,126,28
2024-04-01 10:00:00,535,83,42
2024-04-01 11:00:00,611,111,52
2024-04-01 12:00:00,637,114,53
2024-04-01 13:00:00,568,142,53
2024-04-01 14:00:00,579,170,58
2024-04-01 15:00:00,572,176,64
2024-04-01 16:00:00,554,172,55
2024-04-01 17:00:00,576,170,50
2024-04-01 18:00:00,418,129,60
2024-04-01 19:00:00,360,132,50
2024-04-01 20:00:00,255,124,36
2024-04-01 21:00:00,164,142,34
2024-04-01 22:00:00,79,116,15
2024-04-01 23:00:00,59,112,11
2024-04-02 00:00:00,27,97,4
2024-04-02 01:00:00,24,35,7
2024-04-02 02:00:00,12,39,0
2024-04-02 03:00:00,10,25,6
2024-04-02 04:00:00,28,33,5
2024-04-02 05:00:00,93,67,29
2024-04-02 06:00:00,428,78,104
2024-04-02 07:00:00,1113,134,253
2024-04-02 08:00:00,690,141,112
2024-04-02 09:00:00,496,151,66
2024-04-02 10:00:00,594,143,69
2024-04-02 11:00:00,1380,122,90
2024-04-02 12:00:00,1481,133,82
2024-04-02 13:00:00,782,144,63
2024-04-02 14:00:00,744,165,87
2024-04-02 15:00:00,1026,205,108
2024-04-02 16:00:00,1463,214,236
2024-04-02 17:00:00,841,235,180
2024-04-02 18:00:00,538,145,91
2024-04-02 19:00:00,449,136,74
2024-04-02 20:00:00,259,146,57
2024-04-02 21:00:00,372,163,42
2024-04-02 22:00:00,132,156,16
2024-04-02 23:00:00,80,117,10
2024-04-03 00:00:00,36,101,0
2024-04-03 01:00:00,21,66,1
2024-04-03 02:00:00,11,34,4
2024-04-03 03:00:00,7,26,4
2024-04-03 04:00:00,23,34,5
2024-04-03 05:00:00,116,64,36
2024-04-03 06:00:00,485,84,128
2024-04-03 07:00:00,1236,145,261
2024-04-03 08:00:00,646,182,123
2024-04-03 09:00:00,478,181,53
2024-04-03 10:00:00,648,152,61
2024-04-03 11:00:00,1307,140,70
2024-04-03 12:00:00,1398,131,73
2024-04-03 13:00:00,790,166,65
2024-04-03 14:00:00,718,213,70
2024-04-03 15:00:00,1093,212,124
2024-04-03 16:00:00,1721,230,282
2024-04-03 17:00:00,1129,225,204
2024-04-03 18:00:00,728,166,115
2024-04-03 19:00:00,473,129,107
2024-04-03 20:00:00,362,156,60
2024-04-03 21:00:00,330,211,33
2024-04-03 22:00:00,121,184,19
2024-04-03 23:00:00,72,140,13
2024-04-04 00:00:00,44,101,5
2024-04-04 01:00:00,42,72,5
2024-04-04 02:00:00,30,49,5
2024-04-04 03:00:00,15,43,2
2024-04-04 04:00:00,18,41,8
2024-04-04 05:00:00,113,55,26
2024-04-04 06:00:00,464,86,104
2024-04-04 07:00:00,1175,164,240
2024-04-04 08:00:00,737,205,129
2024-04-04 09:00:00,507,160,60
2024-04-04 10:00:00,667,138,52
2024-04-04 11:00:00,1479,145,80
2024-04-04 12:00:00,1549,135,60
2024-04-04 13:00:00,806,220,59
2024-04-04 14:00:00,704,228,74
2024-04-04 15:00:00,1083,243,141
2024-04-04 16:00:00,1727,237,272
2024-04-04 17:00:00,1012,282,190
2024-04-04 18:00:00,657,217,101
2024-04-04 19:00:00,494,138,64
2024-04-04 20:00:00,414,177,66
2024-04-04 21:00:00,436,197,42
2024-04-04 22:00:00,208,232,40
2024-04-04 23:00:00,88,180,9
2024-04-05 00:00:00,53,160,5
2024-04-05 01:00:00,40,101,4
2024-04-05 02:00:00,17,41,4
2024-04-05 03:00:00,14,25,1
2024-04-05 04:00:00,34,45,8
2024-04-05 05:00:00,112,54,18
2024-04-05 06:00:00,374,97,85
2024-04-05 07:00:00,855,151,165
2024-04-05 08:00:00,581,148,99
2024-04-05 09:00:00,545,155,57
2024-04-05 10:00:00,692,170,62
2024-04-05 11:00:00,1225,162,85
2024-04-05 12:00:00,1325,119,82
2024-04-05 13:00:00,804,182,70
2024-04-05 14:00:00,835,230,89
2024-04-05 15:00:00,1048,278,155
2024-04-05 16:00:00,1342,277,190
2024-04-05 17:00:00,1059,328,117
2024-04-05 18:00:00,712,331,98
2024-04-05 19:00:00,549,273,85
2024-04-05 20:00:00,502,266,54
2024-04-05 21:00:00,639,288,49
2024-04-05 22:00:00,443,331,36
2024-04-05 23:00:00,329,349,13
2024-04-06 00:00:00,202,318,13
2024-04-06 01:00:00,173,283,6
2024-04-06 02:00:00,120,196,4
2024-04-06 03:00:00,97,120,3
2024-04-06 04:00:00,37,88,3
2024-04-06 05:00:00,50,69,7
2024-04-06 06:00:00,83,55,24
2024-04-06 07:00:00,193,81,45
2024-04-06 08:00:00,296,91,50
2024-04-06 09:00:00,549,108,47
2024-04-06 10:00:00,742,129,62
2024-04-06 11:00:00,799,173,71
2024-04-06 12:00:00,814,179,63
2024-04-06 13:00:00,845,204,59
2024-04-06 14:00:00,838,237,52
2024-04-06 15:00:00,872,257,59
2024-04-06 16:00:00,899,284,71
2024-04-06 17:00:00,823,290,79
2024-04-06 18:00:00,867,316,83
2024-04-06 19:00:00,530,241,61
2024-04-06 20:00:00,475,302,46
2024-04-06 21:00:00,618,321,45
2024-04-06 22:00:00,451,364,27
2024-04-06 23:00:00,335,405,9
2024-04-07 00:00:00,236,428,16
2024-04-07 01:00:00,160,359,6
2024-04-07 02:00:00,119,275,9
2024-04-07 03:00:00,44,170,4
2024-04-07 04:00:00,34,118,3
2024-04-07 05:00:00,45,73,6
2024-04-07 06:00:00,69,52,10
2024-04-07 07:00:00,152,61,38
2024-04-07 08:00:00,229,90,26
2024-04-07 09:00:00,411,131,30
2024-04-07 10:00:00,651,149,47
2024-04-07 11:00:00,703,174,57
2024-04-07 12:00:00,665,148,53
2024-04-07 13:00:00,677,188,35
2024-04-07 14:00:00,628,206,74
2024-04-07 15:00:00,675,203,72
2024-04-07 16:00:00,618,170,63
2024-04-07 17:00:00,505,180,68
2024-04-07 18:00:00,464,162,98
2024-04-07 19:00:00,328,123,56
2024-04-07 20:00:00,259,143,43
2024-04-07 21:00:00,265,136,29
2024-04-07 22:00:00,109,137,13
2024-04-07 23:00:00,58,116,10
2024-04-08 00:00:00,17,86,2
2024-04-08 01:00:00,17,70,1
2024-04-08 02:00:00,19,25,4
2024-04-08 03:00:00,27,20,3
2024-04-08 04:00:00,5,3,1
2024-04-08 05:00:00,106,44,31
2024-04-08 06:00:00,460,90,106
2024-04-08 07:00:00,1186,132,274
2024-04-08 08:00:00,669,143,137
2024-04-08 09:00:00,506,143,49
2024-04-08 10:00:00,606,102,60
2024-04-08 11:00:00,1342,126,66
2024-04-08 12:00:00,1313,106,71
2024-04-08 13:00:00,677,112,65
2024-04-08 14:00:00,715,163,59
2024-04-08 15:00:00,951,190,136
2024-04-08 16:00:00,1590,187,264
2024-04-08 17:00:00,953,196,184
2024-04-08 18:00:00,524,190,106
2024-04-08 19:00:00,411,122,61
2024-04-08 20:00:00,281,148,43
2024-04-08 21:00:00,322,147,31
2024-04-08 22:00:00,142,119,22
2024-04-08 23:00:00,50,136,15
2024-04-09 00:00:00,37,81,2
2024-04-09 01:00:00,12,59,6
2024-04-09 02:00:00,6,36,4
2024-04-09 03:00:00,15,31,2
2024-04-09 04:00:00,33,41,12
2024-04-09 05:00:00,145,72,30
2024-04-09 06:00:00,506,110,104
2024-04-09 07:00:00,1419,161,270
2024-04-09 08:00:00,845,206,164
2024-04-09 09:00:00,569,164,71
2024-04-09 10:00:00,653,135,65
2024-04-09 11:00:00,1554,120,81
2024-04-09 12:00:00,1506,123,78
2024-04-09 13:00:00,830,156,66
2024-04-09 14:00:00,777,220,96
2024-04-09 15:00:00,1192,206,149
2024-04-09 16:00:00,1820,187,329
2024-04-09 17:00:00,1143,210,198
2024-04-09 18:00:00,749,179,133
2024-04-09 19:00:00,459,108,91
2024-04-09 20:00:00,392,134,61
2024-04-09 21:00:00,445,187,43
2024-04-09 22:00:00,257,150,23
2024-04-09 23:00:00,106,108,6
2024-04-10 00:00:00,37,98,4
2024-04-10 01:00:00,39,46,5
2024-04-10 02:00:00,21,40,0
2024-04-10 03:00:00,12,29,2
2024-04-10 04:00:00,30,26,8
2024-04-10 05:00:00,137,46,38
2024-04-10 06:00:00,544,82,125
2024-04-10 07:00:00,1321,149,280
2024-04-10 08:00:00,733,180,162
2024-04-10 09:00:00,486,131,63
2024-04-10 10:00:00,638,160,52
2024-04-10 11:00:00,1160,136,71
2024-04-10 12:00:00,1367,157,61
2024-04-10 13:00:00,777,138,50
2024-04-10 14:00:00,680,135,70
2024-04-10 15:00:00,1053,145,158
2024-04-10 16:00:00,1833,164,314
2024-04-10 17:00:00,1092,196,198
2024-04-10 18:00:00,699,201,89
2024-04-10 19:00:00,519,154,86
2024-04-10 20:00:00,417,147,57
2024-04-10 21:00:00,444,177,33
2024-04-10 22:00:00,186,153,28
2024-04-10 23:00:00,74,101,14
2024-04-11 00:00:00,34,77,3
2024-04-11 01:00:00,30,48,1
2024-04-11 02:00:00,22,43,2
2024-04-11 03:00:00,18,24,3
2024-04-11 04:00:00,29,42,14
2024-04-11 05:00:00,124,61,39
2024-04-11 06:00:00,474,94,114
2024-04-11 07:00:00,1403,144,288
2024-04-11 08:00:00,816,230,125
2024-04-11 09:00:00,507,161,56
2024-04-11 10:00:00,666,130,63
2024-04-11 11:00:00,1602,129,99
2024-04-11 12:00:00,1746,122,78
2024-04-11 13:00:00,865,135,79
2024-04-11 14:00:00,781,145,83
2024-04-11 15:00:00,1111,205,134
2024-04-11 16:00:00,1878,183,294
2024-04-11 17:00:00,1236,211,205
2024-04-11 18:00:00,783,175,136
2024-04-11 19:00:00,529,158,104
2024-04-11 20:00:00,489,184,62
2024-04-11 21:00:00,508,215,80
2024-04-11 22:00:00,259,167,36
2024-04-11 23:00:00,146,154,14
2024-04-12 00:00:00,51,97,7
2024-04-12 01:00:00,55,66,2
2024-04-12 02:00:00,45,49,3
2024-04-12 03:00:00,19,44,1
2024-04-12 04:00:00,34,42,9
2024-04-12 05:00:00,115,44,31
2024-04-12 06:00:00,383,97,91
2024-04-12 07:00:00,919,161,174
2024-04-12 08:00:00,659,163,112
2024-04-12 09:00:00,581,164,59
2024-04-12 10:00:00,764,147,75
2024-04-12 11:00:00,1255,164,85
2024-04-12 12:00:00,1234,133,97
2024-04-12 13:00:00,950,168,102
2024-04-12 14:00:00,969,230,106
2024-04-12 15:00:00,1265,254,167
2024-04-12 16:00:00,1525,253,229
2024-04-12 17:00:00,1169,330,143
2024-04-12 18:00:00,931,342,121
2024-04-12 19:00:00,762,288,74
2024-04-12 20:00:00,673,304,70
2024-04-12 21:00:00,717,344,81
2024-04-12 22:00:00,451,331,33
2024-04-12 23:00:00,285,337,26
2024-04-13 00:00:00,246,293,14
2024-04-13 01:00:00,155,309,11
2024-04-13 02:00:00,93,242,6
2024-04-13 03:00:00,63,117,4
2024-04-13 04:00:00,45,88,2
2024-04-13 05:00:00,74,62,11
2024-04-13 06:00:00,90,53,25
2024-04-13 07:00:00,224,111,44
2024-04-13 08:00:00,345,152,45
2024-04-13 09:00:00,571,142,65
2024-04-13 10:00:00,904,169,72
2024-04-13 11:00:00,1141,225,83
2024-04-13 12:00:00,961,196,79
2024-04-13 13:00:00,1005,244,63
2024-04-13 14:00:00,925,223,76
2024-04-13 15:00:00,959,234,93
2024-04-13 16:00:00,1062,277,82
2024-04-13 17:00:00,1022,388,71
2024-04-13 18:00:00,999,411,66
2024-04-13 19:00:00,859,434,52
2024-04-13 20:00:00,635,361,54
2024-04-13 21:00:00,682,375,45
2024-04-13 22:00:00,499,392,34
2024-04-13 23:00:00,317,406,20
2024-04-14 00:00:00,271,397,7
2024-04-14 01:00:00,184,395,2
2024-04-14 02:00:00,134,337,2
2024-04-14 03:00:00,71,198,6
2024-04-14 04:00:00,24,67,8
2024-04-14 05:00:00,54,43,6
2024-04-14 06:00:00,67,56,14
2024-04-14 07:00:00,151,61,61
2024-04-14 08:00:00,323,82,52
2024-04-14 09:00:00,545,112,51
2024-04-14 10:00:00,667,165,53
2024-04-14 11:00:00,769,149,71
2024-04-14 12:00:00,683,141,83
2024-04-14 13:00:00,714,163,69
2024-04-14 14:00:00,691,222,67
2024-04-14 15:00:00,705,189,79
2024-04-14 16:00:00,784,223,76
2024-04-14 17:00:00,635,199,90
2024-04-14 18:00:00,537,236,56
2024-04-14 19:00:00,382,199,70
2024-04-14 20:00:00,289,208,57
2024-04-14 21:00:00,274,233,38
2024-04-14 22:00:00,143,140,17
2024-04-14 23:00:00,59,127,7
2024-04-15 00:00:00,28,91,6
2024-04-15 01:00:00,22,54,0
2024-04-15 02:00:00,12,53,4
2024-04-15 03:00:00,15,32,0
2024-04-15 04:00:00,6,10,2
2024-04-15 05:00:00,108,74,28
2024-04-15 06:00:00,428,118,103
2024-04-15 07:00:00,1032,218,190
2024-04-15 08:00:00,725,235,127
2024-04-15 09:00:00,449,171,75
2024-04-15 10:00:00,552,113,56
2024-04-15 11:00:00,1211,136,62
2024-04-15 12:00:00,1294,145,86
2024-04-15 13:00:00,735,158,42
2024-04-15 14:00:00,916,180,101
2024-04-15 15:00:00,1019,188,147
2024-04-15 16:00:00,1631,197,238
2024-04-15 17:00:00,1131,223,187
2024-04-15 18:00:00,629,200,110
2024-04-15 19:00:00,481,131,97
2024-04-15 20:00:00,333,178,57
2024-04-15 21:00:00,290,154,37
2024-04-15 22:00:00,127,113,9
2024-04-15 23:00:00,70,99,11
2024-04-16 00:00:00,24,72,2
2024-04-16 01:00:00,17,43,5
2024-04-16 02:00:00,23,39,2
2024-04-16 03:00:00,10,24,2
2024-04-16 04:00:00,30,30,5
2024-04-16 05:00:00,125,75,37
2024-04-16 06:00:00,614,120,161
2024-04-16 07:00:00,1643,177,365
2024-04-16 08:00:00,1057,257,185
2024-04-16 09:00:00,554,166,79
2024-04-16 10:00:00,684,176,61
2024-04-16 11:00:00,1623,139,99
2024-04-16 12:00:00,1707,137,108
2024-04-16 13:00:00,779,175,88
2024-04-16 14:00:00,815,168,122
2024-04-16 15:00:00,1165,200,177
2024-04-16 16:00:00,1889,212,362
2024-04-16 17:00:00,1152,232,219
2024-04-16 18:00:00,756,186,131
2024-04-16 19:00:00,564,168,108
2024-04-16 20:00:00,419,156,79
2024-04-16 21:00:00,346,197,69
2024-04-16 22:00:00,169,137,22
2024-04-16 23:00:00,61,99,11
2024-04-17 00:00:00,40,70,2
2024-04-17 01:00:00,12,54,1
2024-04-17 02:00:00,13,40,3
2024-04-17 03:00:00,9,21,1
2024-04-17 04:00:00,30,40,6
2024-04-17 05:00:00,144,83,49
2024-04-17 06:00:00,609,152,145
2024-04-17 07:00:00,1637,159,348
2024-04-17 08:00:00,917,247,191
2024-04-17 09:00:00,590,172,92
2024-04-17 10:00:00,648,166,68
2024-04-17 11:00:00,1604,163,124
2024-04-17 12:00:00,1602,154,82
2024-04-17 13:00:00,802,174,96
2024-04-17 14:00:00,877,192,113
2024-04-17 15:00:00,1240,196,195
2024-04-17 16:00:00,1970,243,367
2024-04-17 17:00:00,1298,263,231
2024-04-17 18:00:00,800,187,141
2024-04-17 19:00:00,517,139,87
2024-04-17 20:00:00,450,155,84
2024-04-17 21:00:00,474,159,57
2024-04-17 22:00:00,207,181,26
2024-04-17 23:00:00,102,152,9
2024-04-18 00:00:00,59,81,2
2024-04-18 01:00:00,41,63,2
2024-04-18 02:00:00,15,53,1
2024-04-18 03:00:00,7,35,1
2024-04-18 04:00:00,32,52,11
2024-04-18 05:00:00,145,93,49
2024-04-18 06:00:00,605,149,141
2024-04-18 07:00:00,1686,203,341
2024-04-18 08:00:00,966,242,170
2024-04-18 09:00:00,625,173,61
2024-04-18 10:00:00,785,182,55
2024-04-18 11:00:00,1855,158,108
2024-04-18 12:00:00,1839,144,112
2024-04-18 13:00:00,997,156,95
2024-04-18 14:00:00,809,181,140
2024-04-18 15:00:00,1286,228,164
2024-04-18 16:00:00,1959,229,340
2024-04-18 17:00:00,1307,265,218
2024-04-18 18:00:00,863,285,133
2024-04-18 19:00:00,640,204,115
2024-04-18 20:00:00,494,241,84
2024-04-18 21:00:00,495,250,58
2024-04-18 22:00:00,305,222,38
2024-04-18 23:00:00,104,182,26
2024-04-19 00:00:00,71,145,2
2024-04-19 01:00:00,38,100,4
2024-04-19 02:00:00,33,58,6
2024-04-19 03:00:00,12,43,1
2024-04-19 04:00:00,27,44,8
2024-04-19 05:00:00,112,64,40
2024-04-19 06:00:00,443,106,120
2024-04-19 07:00:00,1136,159,223
2024-04-19 08:00:00,745,176,125
2024-04-19 09:00:00,579,196,69
2024-04-19 10:00:00,680,162,93
2024-04-19 11:00:00,1215,164,94
2024-04-19 12:00:00,1282,139,109
2024-04-19 13:00:00,924,202,99
2024-04-19 14:00:00,843,248,94
2024-04-19 15:00:00,1201,250,157
2024-04-19 16:00:00,1569,287,217
2024-04-19 17:00:00,1216,299,170
2024-04-19 18:00:00,961,365,109
2024-04-19 19:00:00,708,246,102
2024-04-19 20:00:00,730,271,86
2024-04-19 21:00:00,702,337,63
2024-04-19 22:00:00,511,320,24
2024-04-19 23:00:00,313,357,26
2024-04-20 00:00:00,206,355,11
2024-04-20 01:00:00,168,268,3
2024-04-20 02:00:00,115,222,8
2024-04-20 03:00:00,50,139,7
2024-04-20 04:00:00,31,71,3
2024-04-20 05:00:00,47,71,13
2024-04-20 06:00:00,109,70,36
2024-04-20 07:00:00,228,95,38
2024-04-20 08:00:00,441,124,46
2024-04-20 09:00:00,674,183,76
2024-04-20 10:00:00,926,195,75
2024-04-20 11:00:00,1260,214,234
2024-04-20 12:00:00,1381,301,97
2024-04-20 13:00:00,1548,307,119
2024-04-20 14:00:00,1717,347,112
2024-04-20 15:00:00,1678,360,137
2024-04-20 16:00:00,1609,327,103
2024-04-20 17:00:00,1614,364,118
2024-04-20 18:00:00,1469,387,117
2024-04-20 19:00:00,1233,358,94
2024-04-20 20:00:00,953,382,77
2024-04-20 21:00:00,894,410,80
2024-04-20 22:00:00,524,427,46
2024-04-20 23:00:00,398,429,22
2024-04-21 00:00:00,254,387,14
2024-04-21 01:00:00,215,368,8
2024-04-21 02:00:00,131,306,5
2024-04-21 03:00:00,58,196,5
2024-04-21 04:00:00,69,86,5
2024-04-21 05:00:00,57,49,8
2024-04-21 06:00:00,78,48,22
2024-04-21 07:00:00,155,83,58
2024-04-21 08:00:00,302,100,38
2024-04-21 09:00:00,571,146,52
2024-04-21 10:00:00,683,154,75
2024-04-21 11:00:00,723,184,63
2024-04-21 12:00:00,633,140,69
2024-04-21 13:00:00,803,176,89
2024-04-21 14:00:00,735,177,72
2024-04-21 15:00:00,713,158,98
2024-04-21 16:00:00,720,165,69
2024-04-21 17:00:00,590,193,94
2024-04-21 18:00:00,529,178,104
2024-04-21 19:00:00,436,155,96
2024-04-21 20:00:00,376,178,59
2024-04-21 21:00:00,278,152,32
2024-04-21 22:00:00,153,180,23
2024-04-21 23:00:00,62,104,13
2024-04-22 00:00:00,32,106,4
2024-04-22 01:00:00,22,51,0
2024-04-22 02:00:00,18,42,2
2024-04-22 03:00:00,8,45,2
2024-04-22 04:00:00,6,3,0
2024-04-22 05:00:00,131,62,28
2024-04-22 06:00:00,452,125,117
2024-04-22 07:00:00,1408,167,291
2024-04-22 08:00:00,999,247,166
2024-04-22 09:00:00,534,165,63
2024-04-22 10:00:00,577,161,50
2024-04-22 11:00:00,1075,141,93
2024-04-22 12:00:00,1077,148,61
2024-04-22 13:00:00,770,137,68
2024-04-22 14:00:00,656,158,70
2024-04-22 15:00:00,1057,191,140
2024-04-22 16:00:00,1539,187,283
2024-04-22 17:00:00,994,237,178
2024-04-22 18:00:00,643,225,140
2024-04-22 19:00:00,476,133,79
2024-04-22 20:00:00,372,172,73
2024-04-22 21:00:00,276,158,46
2024-04-22 22:00:00,213,99,15
2024-04-22 23:00:00,64,105,11
2024-04-23 00:00:00,50,65,8
2024-04-23 01:00:00,17,57,4
2024-04-23 02:00:00,14,34,2
2024-04-23 03:00:00,20,32,3
2024-04-23 04:00:00,31,51,10
2024-04-23 05:00:00,134,101,36
2024-04-23 06:00:00,591,154,153
2024-04-23 07:00:00,1616,180,371
2024-04-23 08:00:00,941,276,174
2024-04-23 09:00:00,593,196,63
2024-04-23 10:00:00,604,147,71
2024-04-23 11:00:00,1558,211,111
2024-04-23 12:00:00,1535,138,108
2024-04-23 13:00:00,848,153,90
2024-04-23 14:00:00,794,184,107
2024-04-23 15:00:00,1345,212,188
2024-04-23 16:00:00,1993,179,348
2024-04-23 17:00:00,1214,231,220
2024-04-23 18:00:00,871,195,103
2024-04-23 19:00:00,618,166,103
2024-04-23 20:00:00,517,175,75
2024-04-23 21:00:00,499,181,66
2024-04-23 22:00:00,182,158,23
2024-04-23 23:00:00,80,133,13
2024-04-24 00:00:00,53,89,4
2024-04-24 01:00:00,38,43,3
2024-04-24 02:00:00,20,47,1
2024-04-24 03:00:00,21,21,2
2024-04-24 04:00:00,31,41,6
2024-04-24 05:00:00,131,91,27
2024-04-24 06:00:00,589,155,137
2024-04-24 07:00:00,1497,169,368
2024-04-24 08:00:00,941,265,217
2024-04-24 09:00:00,618,190,93
2024-04-24 10:00:00,833,147,67
2024-04-24 11:00:00,1541,159,107
2024-04-24 12:00:00,1659,180,113
2024-04-24 13:00:00,863,177,93
2024-04-24 14:00:00,862,172,139
2024-04-24 15:00:00,1299,253,188
2024-04-24 16:00:00,2014,214,349
2024-04-24 17:00:00,1277,239,217
2024-04-24 18:00:00,750,226,102
2024-04-24 19:00:00,569,163,105
2024-04-24 20:00:00,505,193,75
2024-04-24 21:00:00,497,215,50
2024-04-24 22:00:00,212,185,25
2024-04-24 23:00:00,108,153,11
2024-04-25 00:00:00,44,115,5
2024-04-25 01:00:00,57,65,4
2024-04-25 02:00:00,11,41,9
2024-04-25 03:00:00,14,29,1
2024-04-25 04:00:00,36,49,5
2024-04-25 05:00:00,139,80,40
2024-04-25 06:00:00,575,140,122
2024-04-25 07:00:00,1540,184,325
2024-04-25 08:00:00,943,262,179
2024-04-25 09:00:00,603,198,86
2024-04-25 10:00:00,680,195,72
2024-04-25 11:00:00,1649,159,104
2024-04-25 12:00:00,1654,169,87
2024-04-25 13:00:00,849,199,84
2024-04-25 14:00:00,821,192,112
2024-04-25 15:00:00,1184,259,170
2024-04-25 16:00:00,1972,241,331
2024-04-25 17:00:00,1204,294,242
2024-04-25 18:00:00,830,263,132
2024-04-25 19:00:00,687,186,111
2024-04-25 20:00:00,542,203,78
2024-04-25 21:00:00,435,245,66
2024-04-25 22:00:00,245,254,33
2024-04-25 23:00:00,127,179,11
2024-04-26 00:00:00,74,143,10
2024-04-26 01:00:00,62,114,6
2024-04-26 02:00:00,39,76,2
2024-04-26 03:00:00,18,44,5
2024-04-26 04:00:00,39,53,5
2024-04-26 05:00:00,119,56,32
2024-04-26 06:00:00,405,118,96
2024-04-26 07:00:00,1043,190,200
2024-04-26 08:00:00,793,226,161
2024-04-26 09:00:00,611,180,79
2024-04-26 10:00:00,671,166,86
2024-04-26 11:00:00,1282,166,125
2024-04-26 12:00:00,1327,140,93
2024-04-26 13:00:00,961,200,110
2024-04-26 14:00:00,991,224,114
2024-04-26 15:00:00,1130,304,157
2024-04-26 16:00:00,1520,323,221
2024-04-26 17:00:00,1199,330,133
2024-04-26 18:00:00,888,373,100
2024-04-26 19:00:00,690,263,124
2024-04-26 20:00:00,656,350,76
2024-04-26 21:00:00,735,353,64
2024-04-26 22:00:00,498,402,45
2024-04-26 23:00:00,283,376,23
2024-04-27 00:00:00,221,371,18
2024-04-27 01:00:00,132,310,7
2024-04-27 02:00:00,88,246,1
2024-04-27 03:00:00,41,134,4
2024-04-27 04:00:00,21,105,5
2024-04-27 05:00:00,48,70,9
2024-04-27 06:00:00,74,76,14
2024-04-27 07:00:00,192,143,23
2024-04-27 08:00:00,325,178,25
2024-04-27 09:00:00,605,164,24
2024-04-27 10:00:00,848,200,61
2024-04-27 11:00:00,964,303,56
2024-04-27 12:00:00,1039,296,72
2024-04-27 13:00:00,1014,279,58
2024-04-27 14:00:00,942,302,61
2024-04-27 15:00:00,993,309,61
2024-04-27 16:00:00,1094,322,82
2024-04-27 17:00:00,1050,413,95
2024-04-27 18:00:00,1033,448,87
2024-04-27 19:00:00,804,376,64
2024-04-27 20:00:00,696,434,70
2024-04-27 21:00:00,737,389,53
2024-04-27 22:00:00,509,442,38
2024-04-27 23:00:00,298,444,23
2024-04-28 00:00:00,145,470,15
2024-04-28 01:00:00,147,414,11
2024-04-28 02:00:00,104,370,10
2024-04-28 03:00:00,48,221,2
2024-04-28 04:00:00,16,100,4
2024-04-28 05:00:00,38,75,3
2024-04-28 06:00:00,63,56,15
2024-04-28 07:00:00,163,92,38
2024-04-28 08:00:00,297,113,36
2024-04-28 09:00:00,511,143,44
2024-04-28 10:00:00,706,169,52
2024-04-28 11:00:00,717,159,64
2024-04-28 12:00:00,712,150,66
2024-04-28 13:00:00,705,159,69
2024-04-28 14:00:00,629,191,52
2024-04-28 15:00:00,731,188,56
2024-04-28 16:00:00,661,196,64
2024-04-28 17:00:00,544,172,68
2024-04-28 18:00:00,556,174,83
2024-04-28 19:00:00,374,128,82
2024-04-28 20:00:00,360,168,57
2024-04-28 21:00:00,235,196,32
2024-04-28 22:00:00,128,144,21
2024-04-28 23:00:00,76,110,13
2024-04-29 00:00:00,44,110,5
2024-04-29 01:00:00,16,66,2
2024-04-29 02:00:00,17,36,2
2024-04-29 03:00:00,7,31,1
2024-04-29 04:00:00,9,3,1
2024-04-29 05:00:00,140,89,36
2024-04-29 06:00:00,474,127,134
2024-04-29 07:00:00,1212,174,312
2024-04-29 08:00:00,750,264,142
2024-04-29 09:00:00,495,170,52
2024-04-29 10:00:00,696,134,75
2024-04-29 11:00:00,1297,153,87
2024-04-29 12:00:00,1378,142,89
2024-04-29 13:00:00,779,152,71
2024-04-29 14:00:00,724,182,93
2024-04-29 15:00:00,977,158,135
2024-04-29 16:00:00,1581,170,281
2024-04-29 17:00:00,1039,216,211
2024-04-29 18:00:00,595,200,95
2024-04-29 19:00:00,446,178,75
2024-04-29 20:00:00,338,172,52
2024-04-29 21:00:00,417,166,46
2024-04-29 22:00:00,141,128,20
2024-04-29 23:00:00,109,100,10
2024-04-30 00:00:00,31,85,5
2024-04-30 01:00:00,41,39,2
2024-04-30 02:00:00,4,60,1
2024-04-30 03:00:00,6,30,0
2024-04-30 04:00:00,38,49,10
2024-04-30 05:00:00,131,94,40
2024-04-30 06:00:00,563,140,154
2024-04-30 07:00:00,1526,179,335
2024-04-30 08:00:00,960,237,193
2024-04-30 09:00:00,575,192,84
2024-04-30 10:00:00,651,157,72
2024-04-30 11:00:00,1686,147,84
2024-04-30 12:00:00,1629,154,88
2024-04-30 13:00:00,845,186,83
2024-04-30 14:00:00,782,179,123
2024-04-30 15:00:00,1177,188,193
2024-04-30 16:00:00,1971,221,356
2024-04-30 17:00:00,1171,241,216
2024-04-30 18:00:00,616,264,150
2024-04-30 19:00:00,490,193,81
2024-04-30 20:00:00,320,219,46
2024-04-30 21:00:00,317,257,62
2024-04-30 22:00:00,163,213,31
2024-04-30 23:00:00,82,141,12
2024-05-01 00:00:00,37,105,5
2024-05-01 01:00:00,18,67,2
2024-05-01 02:00:00,15,42,5
2024-05-01 03:00:00,14,23,2
2024-05-01 04:00:00,30,24,10
2024-05-01 05:00:00,138,97,39
2024-05-01 06:00:00,548,126,140
2024-05-01 07:00:00,1430,141,300
2024-05-01 08:00:00,918,265,190
2024-05-01 09:00:00,580,231,73
2024-05-01 10:00:00,644,183,62
2024-05-01 11:00:00,1600,177,78
2024-05-01 12:00:00,1670,163,101
2024-05-01 13:00:00,902,179,79
2024-05-01 14:00:00,797,180,115
2024-05-01 15:00:00,1260,215,180
2024-05-01 16:00:00,2030,223,361
2024-05-01 17:00:00,1176,262,208
2024-05-01 18:00:00,752,319,125
2024-05-01 19:00:00,533,204,101
2024-05-01 20:00:00,335,201,64
2024-05-01 21:00:00,441,263,67
2024-05-01 22:00:00,214,180,33
2024-05-01 23:00:00,91,140,16
2024-05-02 00:00:00,43,102,1
2024-05-02 01:00:00,31,72,2
2024-05-02 02:00:00,32,60,3
2024-05-02 03:00:00,15,35,2
2024-05-02 04:00:00,22,51,10
2024-05-02 05:00:00,120,80,31
2024-05-02 06:00:00,545,142,108
2024-05-02 07:00:00,1406,194,264
2024-05-02 08:00:00,912,273,170
2024-05-02 09:00:00,604,219,60
2024-05-02 10:00:00,667,173,66
2024-05-02 11:00:00,1421,191,91
2024-05-02 12:00:00,1576,169,100
2024-05-02 13:00:00,880,209,80
2024-05-02 14:00:00,874,202,102
2024-05-02 15:00:00,1283,230,158
2024-05-02 16:00:00,1855,209,324
2024-05-02 17:00:00,1208,322,215
2024-05-02 18:00:00,883,270,140
2024-05-02 19:00:00,652,189,109
2024-05-02 20:00:00,499,228,77
2024-05-02 21:00:00,561,275,77
2024-05-02 22:00:00,385,279,31
2024-05-02 23:00:00,108,199,15
2024-05-03 00:00:00,73,151,11
2024-05-03 01:00:00,71,114,5
2024-05-03 02:00:00,28,85,5
2024-05-03 03:00:00,17,34,3
2024-05-03 04:00:00,34,52,7
2024-05-03 05:00:00,91,67,26
2024-05-03 06:00:00,391,132,83
2024-05-03 07:00:00,908,201,172
2024-05-03 08:00:00,752,271,113
2024-05-03 09:00:00,558,210,56
2024-05-03 10:00:00,656,196,76
2024-05-03 11:00:00,1022,218,96
2024-05-03 12:00:00,1151,180,79
2024-05-03 13:00:00,871,181,108
2024-05-03 14:00:00,877,217,104
2024-05-03 15:00:00,1136,235,141
2024-05-03 16:00:00,1462,238,178
2024-05-03 17:00:00,1101,336,140
2024-05-03 18:00:00,939,427,105
2024-05-03 19:00:00,720,274,81
2024-05-03 20:00:00,599,299,64
2024-05-03 21:00:00,706,356,57
2024-05-03 22:00:00,532,388,37
2024-05-03 23:00:00,302,416,24
2024-05-04 00:00:00,227,351,11
2024-05-04 01:00:00,145,279,12
2024-05-04 02:00:00,160,223,8
2024-05-04 03:00:00,116,117,3
2024-05-04 04:00:00,42,89,5
2024-05-04 05:00:00,84,65,13
2024-05-04 06:00:00,117,93,19
2024-05-04 07:00:00,246,128,42
2024-05-04 08:00:00,449,170,42
2024-05-04 09:00:00,720,191,71
2024-05-04 10:00:00,1067,178,88
2024-05-04 11:00:00,1181,257,73
2024-05-04 12:00:00,1151,243,75
2024-05-04 13:00:00,1089,287,72
2024-05-04 14:00:00,1170,258,79
2024-05-04 15:00:00,1083,308,118
2024-05-04 16:00:00,1223,327,65
2024-05-04 17:00:00,1173,356,64
2024-05-04 18:00:00,1070,398,91
2024-05-04 19:00:00,820,342,54
2024-05-04 20:00:00,771,379,68
2024-05-04 21:00:00,848,423,49
2024-05-04 22:00:00,688,412,34
2024-05-04 23:00:00,417,416,13
2024-05-05 00:00:00,254,455,6
2024-05-05 01:00:00,211,423,7
2024-05-05 02:00:00,118,328,3
2024-05-05 03:00:00,59,216,3
2024-05-05 04:00:00,47,137,0
2024-05-05 05:00:00,71,63,11
2024-05-05 06:00:00,81,60,14
2024-05-05 07:00:00,198,76,54
2024-05-05 08:00:00,337,129,38
2024-05-05 09:00:00,570,143,45
2024-05-05 10:00:00,699,173,55
2024-05-05 11:00:00,772,192,58
2024-05-05 12:00:00,788,188,76
2024-05-05 13:00:00,731,238,48
2024-05-05 14:00:00,809,286,77
2024-05-05 15:00:00,719,280,88
2024-05-05 16:00:00,739,232,70
2024-05-05 17:00:00,768,260,88
2024-05-05 18:00:00,478,307,66
2024-05-05 19:00:00,401,297,61
2024-05-05 20:00:00,367,228,52
2024-05-05 21:00:00,440,361,31
2024-05-05 22:00:00,343,338,26
2024-05-05 23:00:00,194,317,12
2024-05-06 00:00:00,119,270,6
2024-05-06 01:00:00,40,195,8
2024-05-06 02:00:00,53,156,3
2024-05-06 03:00:00,86,158,0
2024-05-06 04:00:00,11,29,2
2024-05-06 05:00:00,46,53,14
2024-05-06 06:00:00,98,56,24
2024-05-06 07:00:00,180,92,31
2024-05-06 08:00:00,284,115,33
2024-05-06 09:00:00,474,135,51
2024-05-06 10:00:00,699,118,52
2024-05-06 11:00:00,735,161,80
2024-05-06 12:00:00,735,135,65
2024-05-06 13:00:00,709,162,69
2024-05-06 14:00:00,654,165,63
2024-05-06 15:00:00,677,155,69
2024-05-06 16:00:00,527,201,74
2024-05-06 17:00:00,520,215,81
2024-05-06 18:00:00,495,220,85
2024-05-06 19:00:00,334,118,48
2024-05-06 20:00:00,339,169,56
2024-05-06 21:00:00,181,140,32
2024-05-06 22:00:00,127,136,24
2024-05-06 23:00:00,50,91,11
2024-05-07 00:00:00,32,56,6
2024-05-07 01:00:00,20,52,4
2024-05-07 02:00:00,15,24,2
2024-05-07 03:00:00,13,20,1
2024-05-07 04:00:00,34,37,5
2024-05-07 05:00:00,129,65,40
2024-05-07 06:00:00,518,125,139
2024-05-07 07:00:00,1386,156,318
2024-05-07 08:00:00,863,206,180
2024-05-07 09:00:00,534,141,66
2024-05-07 10:00:00,614,128,61
2024-05-07 11:00:00,1422,143,82
2024-05-07 12:00:00,1596,130,100
2024-05-07 13:00:00,828,138,87
2024-05-07 14:00:00,767,157,109
2024-05-07 15:00:00,1151,147,175
2024-05-07 16:00:00,1835,171,371
2024-05-07 17:00:00,1174,193,233
2024-05-07 18:00:00,796,185,145
2024-05-07 19:00:00,573,126,85
2024-05-07 20:00:00,446,158,68
2024-05-07 21:00:00,407,189,46
2024-05-07 22:00:00,232,147,24
2024-05-07 23:00:00,84,115,15
2024-05-08 00:00:00,47,79,10
2024-05-08 01:00:00,36,54,4
2024-05-08 02:00:00,32,36,2
2024-05-08 03:00:00,11,33,5
2024-05-08 04:00:00,30,23,9
2024-05-08 05:00:00,135,33,35
2024-05-08 06:00:00,561,87,137
2024-05-08 07:00:00,1330,144,306
2024-05-08 08:00:00,827,220,185
2024-05-08 09:00:00,497,146,58
2024-05-08 10:00:00,565,106,77
2024-05-08 11:00:00,1341,99,109
2024-05-08 12:00:00,1549,126,112
2024-05-08 13:00:00,807,104,99
2024-05-08 14:00:00,680,125,112
2024-05-08 15:00:00,1040,138,190
2024-05-08 16:00:00,1682,152,310
2024-05-08 17:00:00,1052,194,226
2024-05-08 18:00:00,701,185,123
2024-05-08 19:00:00,514,105,139
2024-05-08 20:00:00,429,108,75
2024-05-08 21:00:00,366,162,56
2024-05-08 22:00:00,189,156,24
2024-05-08 23:00:00,84,132,14
2024-05-09 00:00:00,59,97,5
2024-05-09 01:00:00,57,89,1
2024-05-09 02:00:00,13,44,2
2024-05-09 03:00:00,22,35,3
2024-05-09 04:00:00,38,53,11
2024-05-09 05:00:00,122,73,48
2024-05-09 06:00:00,586,131,140
2024-05-09 07:00:00,1392,191,323
2024-05-09 08:00:00,962,262,157
2024-05-09 09:00:00,621,192,77
2024-05-09 10:00:00,813,163,77
2024-05-09 11:00:00,1764,171,106
2024-05-09 12:00:00,1903,153,107
2024-05-09 13:00:00,952,158,82
2024-05-09 14:00:00,850,195,125
2024-05-09 15:00:00,1214,240,189
2024-05-09 16:00:00,1944,230,340
2024-05-09 17:00:00,1290,257,205
2024-05-09 18:00:00,973,255,155
2024-05-09 19:00:00,754,178,85
2024-05-09 20:00:00,622,205,84
2024-05-09 21:00:00,611,227,80
2024-05-09 22:00:00,278,240,24
2024-05-09 23:00:00,139,211,18
2024-05-10 00:00:00,97,137,13
2024-05-10 01:00:00,39,82,2
2024-05-10 02:00:00,30,77,2
2024-05-10 03:00:00,17,56,3
2024-05-10 04:00:00,39,51,7
2024-05-10 05:00:00,119,53,36
2024-05-10 06:00:00,430,124,122
2024-05-10 07:00:00,1019,201,202
2024-05-10 08:00:00,718,214,149
2024-05-10 09:00:00,696,191,79
2024-05-10 10:00:00,800,145,77
2024-05-10 11:00:00,1347,143,96
2024-05-10 12:00:00,1471,151,114
2024-05-10 13:00:00,1011,192,111
2024-05-10 14:00:00,1005,228,126
2024-05-10 15:00:00,1218,264,197
2024-05-10 16:00:00,1701,287,231
2024-05-10 17:00:00,1277,315,172
2024-05-10 18:00:00,976,368,147
2024-05-10 19:00:00,804,254,105
2024-05-10 20:00:00,734,245,74
2024-05-10 21:00:00,996,371,80
2024-05-10 22:00:00,597,363,40
2024-05-10 23:00:00,430,347,21
2024-05-11 00:00:00,247,323,26
2024-05-11 01:00:00,199,273,8
2024-05-11 02:00:00,146,221,7
2024-05-11 03:00:00,36,125,1
2024-05-11 04:00:00,32,89,6
2024-05-11 05:00:00,71,63,15
2024-05-11 06:00:00,112,81,20
2024-05-11 07:00:00,230,124,54
2024-05-11 08:00:00,439,148,58
2024-05-11 09:00:00,645,153,81
2024-05-11 10:00:00,909,180,113
2024-05-11 11:00:00,1013,190,97
2024-05-11 12:00:00,1084,222,105
2024-05-11 13:00:00,1019,198,72
2024-05-11 14:00:00,901,288,70
2024-05-11 15:00:00,1031,265,111
2024-05-11 16:00:00,1069,260,103
2024-05-11 17:00:00,997,302,88
2024-05-11 18:00:00,1017,333,96
2024-05-11 19:00:00,862,312,79
2024-05-11 20:00:00,699,254,63
2024-05-11 21:00:00,847,349,51
2024-05-11 22:00:00,539,403,37
2024-05-11 23:00:00,495,388,22
2024-05-12 00:00:00,297,427,17
2024-05-12 01:00:00,195,370,3
2024-05-12 02:00:00,220,328,7
2024-05-12 03:00:00,62,160,3
2024-05-12 04:00:00,26,99,4
2024-05-12 05:00:00,76,43,12
2024-05-12 06:00:00,84,63,17
2024-05-12 07:00:00,161,81,38
2024-05-12 08:00:00,328,109,44
2024-05-12 09:00:00,493,152,63
2024-05-12 10:00:00,693,125,55
2024-05-12 11:00:00,771,159,55
2024-05-12 12:00:00,651,147,90
2024-05-12 13:00:00,606,163,90
2024-05-12 14:00:00,635,170,70
2024-05-12 15:00:00,642,160,72
2024-05-12 16:00:00,594,167,78
2024-05-12 17:00:00,660,166,98
2024-05-12 18:00:00,611,190,86
2024-05-12 19:00:00,432,129,81
2024-05-12 20:00:00,300,154,49
2024-05-12 21:00:00,261,156,44
2024-05-12 22:00:00,139,124,14
2024-05-12 23:00:00,92,108,12
2024-05-13 00:00:00,53,96,8
2024-05-13 01:00:00,24,40,6
2024-05-13 02:00:00,19,42,1
2024-05-13 03:00:00,21,24,3
2024-05-13 04:00:00,34,51,6
2024-05-13 05:00:00,145,83,38
2024-05-13 06:00:00,440,130,130
2024-05-13 07:00:00,1292,187,267
2024-05-13 08:00:00,720,211,146
2024-05-13 09:00:00,519,174,45
2024-05-13 10:00:00,609,171,65
2024-05-13 11:00:00,1252,172,70
2024-05-13 12:00:00,1218,161,110
2024-05-13 13:00:00,659,144,98
2024-05-13 14:00:00,655,174,99
2024-05-13 15:00:00,903,208,154
2024-05-13 16:00:00,1415,217,245
2024-05-13 17:00:00,828,223,166
2024-05-13 18:00:00,484,197,97
2024-05-13 19:00:00,328,173,98
2024-05-13 20:00:00,230,172,51
2024-05-13 21:00:00,228,173,34
2024-05-13 22:00:00,88,122,16
2024-05-13 23:00:00,61,103,12
2024-05-14 00:00:00,35,76,4
2024-05-14 01:00:00,29,46,2
2024-05-14 02:00:00,16,40,1
2024-05-14 03:00:00,17,28,2
2024-05-14 04:00:00,46,45,12
2024-05-14 05:00:00,146,94,43
2024-05-14 06:00:00,598,136,151
2024-05-14 07:00:00,1589,178,314
2024-05-14 08:00:00,840,246,169
2024-05-14 09:00:00,564,179,76
2024-05-14 10:00:00,635,128,87
2024-05-14 11:00:00,1463,154,108
2024-05-14 12:00:00,1463,159,94
2024-05-14 13:00:00,846,155,81
2024-05-14 14:00:00,805,178,98
2024-05-14 15:00:00,1178,232,214
2024-05-14 16:00:00,1969,225,350
2024-05-14 17:00:00,1220,217,196
2024-05-14 18:00:00,815,195,122
2024-05-14 19:00:00,597,176,118
2024-05-14 20:00:00,459,181,72
2024-05-14 21:00:00,430,190,48
2024-05-14 22:00:00,180,186,27
2024-05-14 23:00:00,75,127,17
2024-05-15 00:00:00,73,99,8
2024-05-15 01:00:00,27,62,2
2024-05-15 02:00:00,26,45,4
2024-05-15 03:00:00,23,25,3
2024-05-15 04:00:00,39,44,16
2024-05-15 05:00:00,136,86,38
2024-05-15 06:00:00,605,136,165
2024-05-15 07:00:00,1533,195,320
2024-05-15 08:00:00,851,284,171
2024-05-15 09:00:00,572,200,84
2024-05-15 10:00:00,667,144,82
2024-05-15 11:00:00,1603,148,116
2024-05-15 12:00:00,1765,178,105
2024-05-15 13:00:00,928,164,75
2024-05-15 14:00:00,780,205,119
2024-05-15 15:00:00,1209,203,214
2024-05-15 16:00:00,1958,211,327
2024-05-15 17:00:00,1312,237,250
2024-05-15 18:00:00,888,231,148
2024-05-15 19:00:00,655,189,141
2024-05-15 20:00:00,499,164,74
2024-05-15 21:00:00,515,199,65
2024-05-15 22:00:00,239,220,23
2024-05-15 23:00:00,111,148,13
2024-05-16 00:00:00,57,104,9
2024-05-16 01:00:00,49,72,4
2024-05-16 02:00:00,24,61,4
2024-05-16 03:00:00,26,44,5
2024-05-16 04:00:00,29,41,5
2024-05-16 05:00:00,142,82,44
2024-05-16 06:00:00,595,137,138
2024-05-16 07:00:00,1535,206,324
2024-05-16 08:00:00,968,264,157
2024-05-16 09:00:00,527,166,88
2024-05-16 10:00:00,784,157,91
2024-05-16 11:00:00,1704,174,104
2024-05-16 12:00:00,1692,179,121
2024-05-16 13:00:00,822,177,91
2024-05-16 14:00:00,779,202,135
2024-05-16 15:00:00,1244,203,173
2024-05-16 16:00:00,1968,219,312
2024-05-16 17:00:00,1155,264,185
2024-05-16 18:00:00,871,303,131
2024-05-16 19:00:00,688,214,111
2024-05-16 20:00:00,524,204,75
2024-05-16 21:00:00,511,299,78
2024-05-16 22:00:00,367,260,43
2024-05-16 23:00:00,180,226,15
2024-05-17 00:00:00,79,177,8
2024-05-17 01:00:00,72,113,6
2024-05-17 02:00:00,44,71,7
2024-05-17 03:00:00,18,69,4
2024-05-17 04:00:00,38,41,7
2024-05-17 05:00:00,132,51,46
2024-05-17 06:00:00,429,135,95
2024-05-17 07:00:00,1010,196,212
2024-05-17 08:00:00,774,238,145
2024-05-17 09:00:00,625,178,80
2024-05-17 10:00:00,652,189,66
2024-05-17 11:00:00,1355,160,99
2024-05-17 12:00:00,1370,133,107
2024-05-17 13:00:00,891,201,95
2024-05-17 14:00:00,913,220,108
2024-05-17 15:00:00,1156,243,171
2024-05-17 16:00:00,1440,263,226
2024-05-17 17:00:00,1202,341,159
2024-05-17 18:00:00,1008,356,150
2024-05-17 19:00:00,773,293,89
2024-05-17 20:00:00,756,227,82
2024-05-17 21:00:00,778,288,50
2024-05-17 22:00:00,468,313,36
2024-05-17 23:00:00,339,364,21
2024-05-18 00:00:00,305,345,14
2024-05-18 01:00:00,175,331,7
2024-05-18 02:00:00,90,237,11
2024-05-18 03:00:00,48,103,2
2024-05-18 04:00:00,33,76,1
2024-05-18 05:00:00,68,62,21
2024-05-18 06:00:00,112,69,32
2024-05-18 07:00:00,235,106,46
2024-05-18 08:00:00,436,135,49
2024-05-18 09:00:00,677,162,75
2024-05-18 10:00:00,899,188,81
2024-05-18 11:00:00,1166,217,89
2024-05-18 12:00:00,1095,234,78
2024-05-18 13:00:00,1044,292,67
2024-05-18 14:00:00,996,272,79
2024-05-18 15:00:00,1000,303,81
2024-05-18 16:00:00,1088,286,75
2024-05-18 17:00:00,1144,356,79
2024-05-18 18:00:00,1080,366,91
2024-05-18 19:00:00,914,314,91
2024-05-18 20:00:00,748,287,58
2024-05-18 21:00:00,748,343,56
2024-05-18 22:00:00,413,373,25
2024-05-18 23:00:00,395,366,18
2024-05-19 00:00:00,279,364,19
2024-05-19 01:00:00,187,350,9
2024-05-19 02:00:00,119,237,8
2024-05-19 03:00:00,80,140,4
2024-05-19 04:00:00,73,52,6
2024-05-19 05:00:00,69,12,21
2024-05-19 06:00:00,124,3,26
2024-05-19 07:00:00,350,0,53
2024-05-19 08:00:00,625,0,66
2024-05-19 09:00:00,1185,0,76
2024-05-19 10:00:00,1094,0,96
2024-05-19 11:00:00,1297,0,100
2024-05-19 12:00:00,1382,0,92
2024-05-19 13:00:00,1179,0,96
2024-05-19 14:00:00,1155,36,109
2024-05-19 15:00:00,992,174,101
2024-05-19 16:00:00,825,201,107
2024-05-19 17:00:00,807,201,116
2024-05-19 18:00:00,630,216,76
2024-05-19 19:00:00,501,159,77
2024-05-19 20:00:00,433,162,71
2024-05-19 21:00:00,317,165,36
2024-05-19 22:00:00,196,165,26
2024-05-19 23:00:00,82,126,13
2024-05-20 00:00:00,38,113,6
2024-05-20 01:00:00,35,63,5
2024-05-20 02:00:00,11,39,1
2024-05-20 03:00:00,13,31,3
2024-05-20 04:00:00,3,7,0
2024-05-20 05:00:00,132,71,37
2024-05-20 06:00:00,474,107,118
2024-05-20 07:00:00,1205,161,304
2024-05-20 08:00:00,800,254,144
2024-05-20 09:00:00,549,169,62
2024-05-20 10:00:00,692,120,69
2024-05-20 11:00:00,1423,143,80
2024-05-20 12:00:00,1653,152,85
2024-05-20 13:00:00,837,155,82
2024-05-20 14:00:00,957,165,106
2024-05-20 15:00:00,1147,154,178
2024-05-20 16:00:00,1659,191,308
2024-05-20 17:00:00,1137,195,200
2024-05-20 18:00:00,682,167,126
2024-05-20 19:00:00,464,179,78
2024-05-20 20:00:00,471,133,75
2024-05-20 21:00:00,349,162,56
2024-05-20 22:00:00,135,114,23
2024-05-20 23:00:00,66,105,12
2024-05-21 00:00:00,39,87,5
2024-05-21 01:00:00,35,55,5
2024-05-21 02:00:00,23,33,5
2024-05-21 03:00:00,15,28,5
2024-05-21 04:00:00,43,57,9
2024-05-21 05:00:00,172,83,40
2024-05-21 06:00:00,645,158,156
2024-05-21 07:00:00,1590,232,343
2024-05-21 08:00:00,855,264,176
2024-05-21 09:00:00,524,161,64
2024-05-21 10:00:00,658,139,62
2024-05-21 11:00:00,1689,156,94
2024-05-21 12:00:00,1807,154,108
2024-05-21 13:00:00,858,124,118
2024-05-21 14:00:00,782,178,119
2024-05-21 15:00:00,1146,224,193
2024-05-21 16:00:00,1926,216,409
2024-05-21 17:00:00,1164,217,227
2024-05-21 18:00:00,613,272,137
2024-05-21 19:00:00,417,212,87
2024-05-21 20:00:00,342,209,53
2024-05-21 21:00:00,401,241,49
2024-05-21 22:00:00,167,138,18
2024-05-21 23:00:00,65,121,11
2024-05-22 00:00:00,27,86,6
2024-05-22 01:00:00,37,64,1
2024-05-22 02:00:00,24,40,3
2024-05-22 03:00:00,13,26,2
2024-05-22 04:00:00,37,46,9
2024-05-22 05:00:00,136,90,39
2024-05-22 06:00:00,583,152,141
2024-05-22 07:00:00,1408,190,267
2024-05-22 08:00:00,812,301,157
2024-05-22 09:00:00,474,253,71
2024-05-22 10:00:00,591,182,64
2024-05-22 11:00:00,1387,153,77
2024-05-22 12:00:00,1473,151,76
2024-05-22 13:00:00,638,203,61
2024-05-22 14:00:00,692,234,80
2024-05-22 15:00:00,1077,217,138
2024-05-22 16:00:00,1915,223,318
2024-05-22 17:00:00,1134,261,206
2024-05-22 18:00:00,780,237,125
2024-05-22 19:00:00,563,190,99
2024-05-22 20:00:00,480,144,53
2024-05-22 21:00:00,475,215,65
2024-05-22 22:00:00,215,173,23
2024-05-22 23:00:00,87,129,16
2024-05-23 00:00:00,48,91,6
2024-05-23 01:00:00,50,59,5
2024-05-23 02:00:00,31,38,1
2024-05-23 03:00:00,28,42,4
2024-05-23 04:00:00,36,54,11
2024-05-23 05:00:00,137,77,51
2024-05-23 06:00:00,575,136,163
2024-05-23 07:00:00,1493,162,335
2024-05-23 08:00:00,865,241,168
2024-05-23 09:00:00,574,194,77
2024-05-23 10:00:00,698,164,77
2024-05-23 11:00:00,1620,177,120
2024-05-23 12:00:00,1633,166,121
2024-05-23 13:00:00,925,194,89
2024-05-23 14:00:00,867,194,114
2024-05-23 15:00:00,1187,242,172
2024-05-23 16:00:00,1898,230,323
2024-05-23 17:00:00,1276,241,241
2024-05-23 18:00:00,823,266,148
2024-05-23 19:00:00,732,207,106
2024-05-23 20:00:00,499,164,66
2024-05-23 21:00:00,535,234,57
2024-05-23 22:00:00,290,264,33
2024-05-23 23:00:00,170,195,21
2024-05-24 00:00:00,90,141,6
2024-05-24 01:00:00,51,98,10
2024-05-24 02:00:00,48,69,4
2024-05-24 03:00:00,22,51,5
2024-05-24 04:00:00,40,57,10
2024-05-24 05:00:00,129,53,31
2024-05-24 06:00:00,391,118,96
2024-05-24 07:00:00,982,180,207
2024-05-24 08:00:00,644,192,121
2024-05-24 09:00:00,522,176,75
2024-05-24 10:00:00,713,182,76
2024-05-24 11:00:00,1345,184,100
2024-05-24 12:00:00,1297,173,120
2024-05-24 13:00:00,898,205,112
2024-05-24 14:00:00,888,227,101
2024-05-24 15:00:00,1120,279,136
2024-05-24 16:00:00,1443,283,207
2024-05-24 17:00:00,1086,301,152
2024-05-24 18:00:00,953,369,113
2024-05-24 19:00:00,723,307,80
2024-05-24 20:00:00,643,245,75
2024-05-24 21:00:00,774,332,62
2024-05-24 22:00:00,481,332,36
2024-05-24 23:00:00,280,349,26
2024-05-25 00:00:00,232,308,14
2024-05-25 01:00:00,141,229,12
2024-05-25 02:00:00,62,171,10
2024-05-25 03:00:00,56,95,6
2024-05-25 04:00:00,34,65,11
2024-05-25 05:00:00,85,64,8
2024-05-25 06:00:00,129,73,24
2024-05-25 07:00:00,245,133,35
2024-05-25 08:00:00,381,181,52
2024-05-25 09:00:00,658,192,61
2024-05-25 10:00:00,882,213,115
2024-05-25 11:00:00,1187,284,82
2024-05-25 12:00:00,1199,306,91
2024-05-25 13:00:00,1364,311,82
2024-05-25 14:00:00,1104,315,87
2024-05-25 15:00:00,1058,367,74
2024-05-25 16:00:00,1349,291,91
2024-05-25 17:00:00,1061,301,75
2024-05-25 18:00:00,1011,352,81
2024-05-25 19:00:00,914,330,81
2024-05-25 20:00:00,637,394,45
2024-05-25 21:00:00,542,430,49
2024-05-25 22:00:00,577,401,50
2024-05-25 23:00:00,399,422,23
2024-05-26 00:00:00,205,512,16
2024-05-26 01:00:00,124,412,9
2024-05-26 02:00:00,78,295,2
2024-05-26 03:00:00,63,153,1
2024-05-26 04:00:00,33,54,2
2024-05-26 05:00:00,56,24,12
2024-05-26 06:00:00,72,52,17
2024-05-26 07:00:00,147,74,34
2024-05-26 08:00:00,270,103,37
2024-05-26 09:00:00,524,132,55
2024-05-26 10:00:00,740,178,64
2024-05-26 11:00:00,670,257,68
2024-05-26 12:00:00,434,347,58
2024-05-26 13:00:00,779,293,72
2024-05-26 14:00:00,817,252,56
2024-05-26 15:00:00,793,257,60
2024-05-26 16:00:00,787,246,72
2024-05-26 17:00:00,730,220,65
2024-05-26 18:00:00,746,207,80
2024-05-26 19:00:00,652,208,61
2024-05-26 20:00:00,443,206,49
2024-05-26 21:00:00,474,314,45
2024-05-26 22:00:00,342,261,33
2024-05-26 23:00:00,277,329,23
2024-05-27 00:00:00,108,328,11
2024-05-27 01:00:00,50,181,6
2024-05-27 02:00:00,75,100,6
2024-05-27 03:00:00,37,100,0
2024-05-27 04:00:00,4,11,0
2024-05-27 05:00:00,60,53,13
2024-05-27 06:00:00,110,50,23
2024-05-27 07:00:00,184,71,50
2024-05-27 08:00:00,336,106,27
2024-05-27 09:00:00,484,153,47
2024-05-27 10:00:00,652,139,81
2024-05-27 11:00:00,712,164,76
2024-05-27 12:00:00,861,133,74
2024-05-27 13:00:00,767,158,87
2024-05-27 14:00:00,765,158,70
2024-05-27 15:00:00,818,167,95
2024-05-27 16:00:00,755,155,91
2024-05-27 17:00:00,700,176,77
2024-05-27 18:00:00,552,165,86
2024-05-27 19:00:00,423,129,69
2024-05-27 20:00:00,383,93,50
2024-05-27 21:00:00,421,177,39
2024-05-27 22:00:00,3,0,0
2024-05-27 23:00:00,37,47,5
2024-05-28 00:00:00,18,91,10
2024-05-28 01:00:00,21,64,5
2024-05-28 02:00:00,30,39,1
2024-05-28 03:00:00,10,35,5
2024-05-28 04:00:00,30,55,8
2024-05-28 05:00:00,115,87,29
2024-05-28 06:00:00,470,107,103
2024-05-28 07:00:00,1285,201,233
2024-05-28 08:00:00,703,221,130
2024-05-28 09:00:00,517,143,44
2024-05-28 10:00:00,633,122,49
2024-05-28 11:00:00,1353,133,72
2024-05-28 12:00:00,1336,168,93
2024-05-28 13:00:00,754,194,70
2024-05-28 14:00:00,772,157,93
2024-05-28 15:00:00,1091,190,129
2024-05-28 16:00:00,1523,192,248
2024-05-28 17:00:00,1040,264,186
2024-05-28 18:00:00,643,215,112
2024-05-28 19:00:00,434,172,64
2024-05-28 20:00:00,360,148,50
2024-05-28 21:00:00,337,204,38
2024-05-28 22:00:00,121,175,25
2024-05-28 23:00:00,81,110,16
2024-05-29 00:00:00,47,87,9
2024-05-29 01:00:00,43,51,9
2024-05-29 02:00:00,20,49,7
2024-05-29 03:00:00,20,38,8
2024-05-29 04:00:00,38,40,10
2024-05-29 05:00:00,166,82,28
2024-05-29 06:00:00,604,111,143
2024-05-29 07:00:00,1431,196,274
2024-05-29 08:00:00,742,186,160
2024-05-29 09:00:00,672,166,49
2024-05-29 10:00:00,781,156,76
2024-05-29 11:00:00,1658,143,108
2024-05-29 12:00:00,1684,169,106
2024-05-29 13:00:00,843,151,88
2024-05-29 14:00:00,907,211,94
2024-05-29 15:00:00,1243,215,163
2024-05-29 16:00:00,2032,192,328
2024-05-29 17:00:00,1212,202,239
2024-05-29 18:00:00,789,218,125
2024-05-29 19:00:00,608,175,122
2024-05-29 20:00:00,443,119,68
2024-05-29 21:00:00,453,220,54
2024-05-29 22:00:00,233,173,33
2024-05-29 23:00:00,88,166,10
2024-05-30 00:00:00,52,102,10
2024-05-30 01:00:00,48,89,1
2024-05-30 02:00:00,40,56,4
2024-05-30 03:00:00,20,49,2
2024-05-30 04:00:00,43,45,10
2024-05-30 05:00:00,112,74,30
2024-05-30 06:00:00,471,128,94
2024-05-30 07:00:00,1330,182,262
2024-05-30 08:00:00,799,195,136
2024-05-30 09:00:00,584,191,74
2024-05-30 10:00:00,718,160,59
2024-05-30 11:00:00,1633,171,98
2024-05-30 12:00:00,1561,176,108
2024-05-30 13:00:00,951,198,89
2024-05-30 14:00:00,892,202,89
2024-05-30 15:00:00,1242,216,136
2024-05-30 16:00:00,1897,243,296
2024-05-30 17:00:00,1361,224,213
2024-05-30 18:00:00,889,242,136
2024-05-30 19:00:00,626,190,124
2024-05-30 20:00:00,535,179,77
2024-05-30 21:00:00,568,271,66
2024-05-30 22:00:00,407,234,43
2024-05-30 23:00:00,162,214,25
2024-05-31 00:00:00,80,136,2
2024-05-31 01:00:00,49,90,6
2024-05-31 02:00:00,49,72,8
2024-05-31 03:00:00,28,56,4
2024-05-31 04:00:00,34,33,6
2024-05-31 05:00:00,131,60,47
2024-05-31 06:00:00,430,108,91
2024-05-31 07:00:00,992,178,205
2024-05-31 08:00:00,613,197,109
2024-05-31 09:00:00,601,180,57
2024-05-31 10:00:00,742,181,59
2024-05-31 11:00:00,1362,172,104
2024-05-31 12:00:00,1342,150,99
2024-05-31 13:00:00,906,218,97
2024-05-31 14:00:00,937,238,105
2024-05-31 15:00:00,1278,258,146
2024-05-31 16:00:00,1575,259,225
2024-05-31 17:00:00,1256,364,147
2024-05-31 18:00:00,1012,376,131
2024-05-31 19:00:00,744,269,79
2024-05-31 20:00:00,619,260,63
2024-05-31 21:00:00,848,366,75
2024-05-31 22:00:00,612,387,40
2024-05-31 23:00:00,346,402,28
2024-06-01 00:00:00,267,352,10
2024-06-01 01:00:00,208,299,9
2024-06-01 02:00:00,168,218,8
2024-06-01 03:00:00,115,143,1
2024-06-01 04:00:00,63,97,4
2024-06-01 05:00:00,85,60,11
2024-06-01 06:00:00,119,75,34
2024-06-01 07:00:00,228,109,51
2024-06-01 08:00:00,460,119,56
2024-06-01 09:00:00,707,178,79
2024-06-01 10:00:00,841,196,88
2024-06-01 11:00:00,1121,278,76
2024-06-01 12:00:00,1055,253,81
2024-06-01 13:00:00,1121,266,99
2024-06-01 14:00:00,955,299,77
2024-06-01 15:00:00,983,277,73
2024-06-01 16:00:00,1070,294,83
2024-06-01 17:00:00,991,324,88
2024-06-01 18:00:00,1015,347,86
2024-06-01 19:00:00,751,334,79
2024-06-01 20:00:00,620,226,43
2024-06-01 21:00:00,798,359,50
2024-06-01 22:00:00,535,396,39
2024-06-01 23:00:00,348,451,17
2024-06-02 00:00:00,228,408,18
2024-06-02 01:00:00,185,376,8
2024-06-02 02:00:00,151,253,4
2024-06-02 03:00:00,75,176,3
2024-06-02 04:00:00,37,92,7
2024-06-02 05:00:00,43,53,9
2024-06-02 06:00:00,82,44,17
2024-06-02 07:00:00,164,75,68
2024-06-02 08:00:00,302,109,26
2024-06-02 09:00:00,540,142,59
2024-06-02 10:00:00,616,157,62
2024-06-02 11:00:00,679,184,60
2024-06-02 12:00:00,771,145,76
2024-06-02 13:00:00,693,185,95
2024-06-02 14:00:00,701,158,100
2024-06-02 15:00:00,687,188,94
2024-06-02 16:00:00,643,191,88
2024-06-02 17:00:00,621,158,80
2024-06-02 18:00:00,531,175,112
2024-06-02 19:00:00,473,169,82
2024-06-02 20:00:00,340,137,53
2024-06-02 21:00:00,285,157,42
2024-06-02 22:00:00,144,147,25
2024-06-02 23:00:00,67,112,13
2024-06-03 00:00:00,63,88,8
2024-06-03 01:00:00,30,74,0
2024-06-03 02:00:00,24,43,4
2024-06-03 03:00:00,16,23,3
2024-06-03 04:00:00,29,49,7
2024-06-03 05:00:00,129,50,30
2024-06-03 06:00:00,504,102,130
2024-06-03 07:00:00,1295,183,328
2024-06-03 08:00:00,738,198,149
2024-06-03 09:00:00,736,140,75
2024-06-03 10:00:00,639,137,81
2024-06-03 11:00:00,1395,143,96
2024-06-03 12:00:00,1428,128,101
2024-06-03 13:00:00,768,170,70
2024-06-03 14:00:00,690,167,91
2024-06-03 15:00:00,1075,207,164
2024-06-03 16:00:00,1562,183,336
2024-06-03 17:00:00,956,172,183
2024-06-03 18:00:00,666,166,106
2024-06-03 19:00:00,399,151,88
2024-06-03 20:00:00,408,120,63
2024-06-03 21:00:00,309,154,43
2024-06-03 22:00:00,158,146,19
2024-06-03 23:00:00,78,118,11
2024-06-04 00:00:00,30,79,1
2024-06-04 01:00:00,18,62,3
2024-06-04 02:00:00,15,45,7
2024-06-04 03:00:00,20,32,5
2024-06-04 04:00:00,43,40,7
2024-06-04 05:00:00,151,89,37
2024-06-04 06:00:00,581,125,187
2024-06-04 07:00:00,1564,186,347
2024-06-04 08:00:00,871,215,199
2024-06-04 09:00:00,571,171,71
2024-06-04 10:00:00,670,160,78
2024-06-04 11:00:00,1544,162,105
2024-06-04 12:00:00,1485,169,106
2024-06-04 13:00:00,728,158,85
2024-06-04 14:00:00,760,155,115
2024-06-04 15:00:00,1207,191,187
2024-06-04 16:00:00,1926,213,416
2024-06-04 17:00:00,1113,215,240
2024-06-04 18:00:00,658,218,115
2024-06-04 19:00:00,446,176,97
2024-06-04 20:00:00,403,111,42
2024-06-04 21:00:00,355,178,49
2024-06-04 22:00:00,162,170,28
2024-06-04 23:00:00,81,130,18
2024-06-05 00:00:00,62,93,10
2024-06-05 01:00:00,34,61,4
2024-06-05 02:00:00,24,60,6
2024-06-05 03:00:00,15,36,4
2024-06-05 04:00:00,44,40,11
2024-06-05 05:00:00,154,108,37
2024-06-05 06:00:00,611,171,150
2024-06-05 07:00:00,1533,214,312
2024-06-05 08:00:00,865,280,178
2024-06-05 09:00:00,591,226,69
2024-06-05 10:00:00,627,134,74
2024-06-05 11:00:00,1581,168,103
2024-06-05 12:00:00,1687,134,93
2024-06-05 13:00:00,885,165,95
2024-06-05 14:00:00,793,180,134
2024-06-05 15:00:00,1271,250,144
2024-06-05 16:00:00,2029,212,343
2024-06-05 17:00:00,1155,254,246
2024-06-05 18:00:00,772,240,132
2024-06-05 19:00:00,551,183,147
2024-06-05 20:00:00,491,146,98
2024-06-05 21:00:00,429,205,55
2024-06-05 22:00:00,196,184,27
2024-06-05 23:00:00,115,122,10
2024-06-06 00:00:00,50,134,7
2024-06-06 01:00:00,31,83,3
2024-06-06 02:00:00,21,65,1
2024-06-06 03:00:00,22,52,7
2024-06-06 04:00:00,29,32,8
2024-06-06 05:00:00,144,85,31
2024-06-06 06:00:00,536,133,138
2024-06-06 07:00:00,1461,193,318
2024-06-06 08:00:00,905,279,170
2024-06-06 09:00:00,522,210,73
2024-06-06 10:00:00,655,201,89
2024-06-06 11:00:00,1470,183,110
2024-06-06 12:00:00,1617,152,92
2024-06-06 13:00:00,872,178,99
2024-06-06 14:00:00,835,198,107
2024-06-06 15:00:00,1213,268,178
2024-06-06 16:00:00,1987,249,340
2024-06-06 17:00:00,1289,250,249
2024-06-06 18:00:00,877,236,125
2024-06-06 19:00:00,562,174,126
2024-06-06 20:00:00,530,163,73
2024-06-06 21:00:00,550,240,64
2024-06-06 22:00:00,314,209,43
2024-06-06 23:00:00,144,196,9
2024-06-07 00:00:00,92,164,3
2024-06-07 01:00:00,72,93,4
2024-06-07 02:00:00,35,44,2
2024-06-07 03:00:00,26,45,4
2024-06-07 04:00:00,39,44,7
2024-06-07 05:00:00,117,56,33
2024-06-07 06:00:00,459,124,101
2024-06-07 07:00:00,947,187,221
2024-06-07 08:00:00,676,230,135
2024-06-07 09:00:00,555,171,73
2024-06-07 10:00:00,669,174,60
2024-06-07 11:00:00,1207,170,95
2024-06-07 12:00:00,1190,189,79
2024-06-07 13:00:00,863,175,113
2024-06-07 14:00:00,835,229,111
2024-06-07 15:00:00,1152,273,171
2024-06-07 16:00:00,1515,320,224
2024-06-07 17:00:00,1024,335,144
2024-06-07 18:00:00,758,329,110
2024-06-07 19:00:00,595,246,82
2024-06-07 20:00:00,611,210,64
2024-06-07 21:00:00,693,308,48
2024-06-07 22:00:00,465,354,64
2024-06-07 23:00:00,314,347,28
2024-06-08 00:00:00,227,355,7
2024-06-08 01:00:00,149,303,5
2024-06-08 02:00:00,122,183,5
2024-06-08 03:00:00,72,132,5
2024-06-08 04:00:00,43,64,5
2024-06-08 05:00:00,77,54,12
2024-06-08 06:00:00,90,96,25
2024-06-08 07:00:00,237,90,57
2024-06-08 08:00:00,428,168,53
2024-06-08 09:00:00,699,167,72
2024-06-08 10:00:00,968,229,74
2024-06-08 11:00:00,1062,282,80
2024-06-08 12:00:00,991,274,72
2024-06-08 13:00:00,1149,311,61
2024-06-08 14:00:00,969,319,73
2024-06-08 15:00:00,1082,323,87
2024-06-08 16:00:00,1100,352,82
2024-06-08 17:00:00,1044,419,90
2024-06-08 18:00:00,814,343,65
2024-06-08 19:00:00,827,321,59
2024-06-08 20:00:00,778,240,61
2024-06-08 21:00:00,846,421,47
2024-06-08 22:00:00,605,417,40
2024-06-08 23:00:00,363,428,18
2024-06-09 00:00:00,228,416,17
2024-06-09 01:00:00,158,379,10
2024-06-09 02:00:00,126,238,2
2024-06-09 03:00:00,64,146,4
2024-06-09 04:00:00,27,75,3
2024-06-09 05:00:00,50,42,11
2024-06-09 06:00:00,79,42,21
2024-06-09 07:00:00,159,63,54
2024-06-09 08:00:00,334,116,57
2024-06-09 09:00:00,545,173,68
2024-06-09 10:00:00,804,174,84
2024-06-09 11:00:00,807,195,93
2024-06-09 12:00:00,751,151,91
2024-06-09 13:00:00,858,165,89
2024-06-09 14:00:00,751,262,72
2024-06-09 15:00:00,726,229,94
2024-06-09 16:00:00,680,213,98
2024-06-09 17:00:00,480,247,85
2024-06-09 18:00:00,469,229,76
2024-06-09 19:00:00,318,175,63
2024-06-09 20:00:00,256,157,55
2024-06-09 21:00:00,297,228,39
2024-06-09 22:00:00,204,233,18
2024-06-09 23:00:00,69,190,5
2024-06-10 00:00:00,27,93,6
2024-06-10 01:00:00,21,51,4
2024-06-10 02:00:00,14,50,2
2024-06-10 03:00:00,21,27,2
2024-06-10 04:00:00,5,4,2
2024-06-10 05:00:00,133,61,29
2024-06-10 06:00:00,462,112,127
2024-06-10 07:00:00,1300,185,314
2024-06-10 08:00:00,793,251,161
2024-06-10 09:00:00,521,212,73
2024-06-10 10:00:00,643,152,77
2024-06-10 11:00:00,1348,160,110
2024-06-10 12:00:00,1457,149,97
2024-06-10 13:00:00,728,119,86
2024-06-10 14:00:00,709,148,92
2024-06-10 15:00:00,1029,191,170
2024-06-10 16:00:00,1648,197,320
2024-06-10 17:00:00,922,182,230
2024-06-10 18:00:00,565,176,107
2024-06-10 19:00:00,443,155,87
2024-06-10 20:00:00,343,111,64
2024-06-10 21:00:00,287,179,48
2024-06-10 22:00:00,156,131,28
2024-06-10 23:00:00,58,84,11
2024-06-11 00:00:00,31,89,11
2024-06-11 01:00:00,20,60,2
2024-06-11 02:00:00,12,34,1
2024-06-11 03:00:00,18,30,4
2024-06-11 04:00:00,34,44,12
2024-06-11 05:00:00,159,110,33
2024-06-11 06:00:00,631,148,170
2024-06-11 07:00:00,1559,184,369
2024-06-11 08:00:00,896,256,194
2024-06-11 09:00:00,552,167,72
2024-06-11 10:00:00,674,154,74
2024-06-11 11:00:00,1554,153,112
2024-06-11 12:00:00,1737,161,137
2024-06-11 13:00:00,760,154,87
2024-06-11 14:00:00,810,167,117
2024-06-11 15:00:00,1162,216,196
2024-06-11 16:00:00,1804,211,398
2024-06-11 17:00:00,1132,241,255
2024-06-11 18:00:00,717,226,146
2024-06-11 19:00:00,517,157,124
2024-06-11 20:00:00,456,120,95
2024-06-11 21:00:00,354,180,40
2024-06-11 22:00:00,224,150,20
2024-06-11 23:00:00,90,156,12
2024-06-12 00:00:00,36,122,4
2024-06-12 01:00:00,20,67,3
2024-06-12 02:00:00,14,46,2
2024-06-12 03:00:00,20,30,5
2024-06-12 04:00:00,33,55,12
2024-06-12 05:00:00,155,100,41
2024-06-12 06:00:00,616,161,137
2024-06-12 07:00:00,1440,180,356
2024-06-12 08:00:00,844,302,209
2024-06-12 09:00:00,494,215,69
2024-06-12 10:00:00,620,144,81
2024-06-12 11:00:00,1591,182,105
2024-06-12 12:00:00,1629,154,127
2024-06-12 13:00:00,795,188,85
2024-06-12 14:00:00,834,182,115
2024-06-12 15:00:00,1156,212,175
2024-06-12 16:00:00,1961,227,338
2024-06-12 17:00:00,1264,237,254
2024-06-12 18:00:00,737,236,130
2024-06-12 19:00:00,543,157,116
2024-06-12 20:00:00,489,137,71
2024-06-12 21:00:00,495,218,50
2024-06-12 22:00:00,225,171,29
2024-06-12 23:00:00,164,153,18
2024-06-13 00:00:00,80,117,1
2024-06-13 01:00:00,35,90,6
2024-06-13 02:00:00,31,50,1
2024-06-13 03:00:00,13,37,4
2024-06-13 04:00:00,28,45,14
2024-06-13 05:00:00,140,90,31
2024-06-13 06:00:00,570,129,132
2024-06-13 07:00:00,1448,194,309
2024-06-13 08:00:00,879,264,168
2024-06-13 09:00:00,591,172,78
2024-06-13 10:00:00,628,171,75
2024-06-13 11:00:00,1493,167,105
2024-06-13 12:00:00,1257,180,101
2024-06-13 13:00:00,721,198,87
2024-06-13 14:00:00,727,211,116
2024-06-13 15:00:00,1085,284,154
2024-06-13 16:00:00,1867,291,300
2024-06-13 17:00:00,1236,283,218
2024-06-13 18:00:00,698,299,115
2024-06-13 19:00:00,508,239,77
2024-06-13 20:00:00,425,179,51
2024-06-13 21:00:00,488,241,55
2024-06-13 22:00:00,277,197,32
2024-06-13 23:00:00,109,160,13
2024-06-14 00:00:00,66,133,3
2024-06-14 01:00:00,46,107,9
2024-06-14 02:00:00,20,48,2
2024-06-14 03:00:00,28,40,4
2024-06-14 04:00:00,38,37,3
2024-06-14 05:00:00,122,78,34
2024-06-14 06:00:00,443,129,108
2024-06-14 07:00:00,1200,216,214
2024-06-14 08:00:00,806,263,126
2024-06-14 09:00:00,656,226,83
2024-06-14 10:00:00,861,203,58
2024-06-14 11:00:00,1252,168,94
2024-06-14 12:00:00,1107,182,100
2024-06-14 13:00:00,998,216,64
2024-06-14 14:00:00,972,228,81
2024-06-14 15:00:00,1342,267,144
2024-06-14 16:00:00,1368,346,195
2024-06-14 17:00:00,1103,383,141
2024-06-14 18:00:00,927,349,92
2024-06-14 19:00:00,597,300,74
2024-06-14 20:00:00,520,218,60
2024-06-14 21:00:00,597,351,38
2024-06-14 22:00:00,345,322,28
2024-06-14 23:00:00,203,363,19
2024-06-15 00:00:00,181,317,9
2024-06-15 01:00:00,125,235,8
2024-06-15 02:00:00,84,217,8
2024-06-15 03:00:00,36,117,1
2024-06-15 04:00:00,38,67,5
2024-06-15 05:00:00,54,58,20
2024-06-15 06:00:00,98,91,19
2024-06-15 07:00:00,265,131,30
2024-06-15 08:00:00,458,181,39
2024-06-15 09:00:00,613,207,53
2024-06-15 10:00:00,895,233,75
2024-06-15 11:00:00,1125,244,57
2024-06-15 12:00:00,1050,228,70
2024-06-15 13:00:00,1126,308,77
2024-06-15 14:00:00,1270,317,76
2024-06-15 15:00:00,1217,334,90
2024-06-15 16:00:00,1064,327,68
2024-06-15 17:00:00,945,312,80
2024-06-15 18:00:00,830,366,66
2024-06-15 19:00:00,619,364,60
2024-06-15 20:00:00,622,173,57
2024-06-15 21:00:00,768,330,37
2024-06-15 22:00:00,425,346,31
2024-06-15 23:00:00,358,394,12
2024-06-16 00:00:00,185,360,10
2024-06-16 01:00:00,117,278,14
2024-06-16 02:00:00,119,191,3
2024-06-16 03:00:00,67,171,1
2024-06-16 04:00:00,34,67,3
2024-06-16 05:00:00,48,52,12
2024-06-16 06:00:00,99,47,19
2024-06-16 07:00:00,170,67,96
2024-06-16 08:00:00,326,97,51
2024-06-16 09:00:00,458,129,48
2024-06-16 10:00:00,595,156,65
2024-06-16 11:00:00,743,152,65
2024-06-16 12:00:00,618,134,72
2024-06-16 13:00:00,708,132,81
2024-06-16 14:00:00,724,141,64
2024-06-16 15:00:00,770,137,92
2024-06-16 16:00:00,720,149,94
2024-06-16 17:00:00,666,157,81
2024-06-16 18:00:00,617,156,96
2024-06-16 19:00:00,387,107,87
2024-06-16 20:00:00,308,101,61
2024-06-16 21:00:00,381,177,71
2024-06-16 22:00:00,212,136,17
2024-06-16 23:00:00,80,120,14
2024-06-17 00:00:00,38,89,3
2024-06-17 01:00:00,23,55,0
2024-06-17 02:00:00,25,46,1
2024-06-17 03:00:00,22,34,4
2024-06-17 04:00:00,11,6,2
2024-06-17 05:00:00,145,48,37
2024-06-17 06:00:00,494,107,111
2024-06-17 07:00:00,1214,129,298
2024-06-17 08:00:00,727,165,168
2024-06-17 09:00:00,513,138,63
2024-06-17 10:00:00,590,143,63
2024-06-17 11:00:00,1357,155,99
2024-06-17 12:00:00,1409,111,95
2024-06-17 13:00:00,724,119,76
2024-06-17 14:00:00,940,142,124
2024-06-17 15:00:00,1016,160,156
2024-06-17 16:00:00,1587,168,289
2024-06-17 17:00:00,995,146,186
2024-06-17 18:00:00,666,156,117
2024-06-17 19:00:00,500,135,76
2024-06-17 20:00:00,392,113,66
2024-06-17 21:00:00,376,174,31
2024-06-17 22:00:00,114,99,18
2024-06-17 23:00:00,63,78,7
2024-06-18 00:00:00,34,59,9
2024-06-18 01:00:00,25,50,2
2024-06-18 02:00:00,16,41,5
2024-06-18 03:00:00,17,37,1
2024-06-18 04:00:00,24,35,8
2024-06-18 05:00:00,153,89,45
2024-06-18 06:00:00,624,136,161
2024-06-18 07:00:00,1521,168,352
2024-06-18 08:00:00,828,266,178
2024-06-18 09:00:00,575,211,71
2024-06-18 10:00:00,659,152,92
2024-06-18 11:00:00,1556,170,93
2024-06-18 12:00:00,1571,136,111
2024-06-18 13:00:00,858,183,91
2024-06-18 14:00:00,737,169,114
2024-06-18 15:00:00,1281,221,207
2024-06-18 16:00:00,1836,209,349
2024-06-18 17:00:00,1063,226,214
2024-06-18 18:00:00,711,197,122
2024-06-18 19:00:00,529,147,98
2024-06-18 20:00:00,373,120,75
2024-06-18 21:00:00,493,168,34
2024-06-18 22:00:00,156,166,22
2024-06-18 23:00:00,123,225,16
2024-06-19 00:00:00,42,142,8
2024-06-19 01:00:00,22,74,7
2024-06-19 02:00:00,23,45,12
2024-06-19 03:00:00,12,36,2
2024-06-19 04:00:00,40,50,9
2024-06-19 05:00:00,137,93,34
2024-06-19 06:00:00,595,126,140
2024-06-19 07:00:00,1433,169,349
2024-06-19 08:00:00,807,253,196
2024-06-19 09:00:00,556,188,83
2024-06-19 10:00:00,633,137,80
2024-06-19 11:00:00,1473,150,109
2024-06-19 12:00:00,1514,157,84
2024-06-19 13:00:00,851,193,102
2024-06-19 14:00:00,774,188,120
2024-06-19 15:00:00,1160,217,186
2024-06-19 16:00:00,1834,199,370
2024-06-19 17:00:00,1211,243,202
2024-06-19 18:00:00,764,196,128
2024-06-19 19:00:00,548,164,106
2024-06-19 20:00:00,445,135,84
2024-06-19 21:00:00,449,191,57
2024-06-19 22:00:00,245,162,31
2024-06-19 23:00:00,122,154,12
2024-06-20 00:00:00,39,127,6
2024-06-20 01:00:00,31,55,0
2024-06-20 02:00:00,13,54,5
2024-06-20 03:00:00,21,24,3
2024-06-20 04:00:00,37,40,9
2024-06-20 05:00:00,154,63,36
2024-06-20 06:00:00,613,151,137
2024-06-20 07:00:00,1264,218,320
2024-06-20 08:00:00,874,267,171
2024-06-20 09:00:00,562,163,72
2024-06-20 10:00:00,630,186,79
2024-06-20 11:00:00,1548,153,120
2024-06-20 12:00:00,1516,199,115
2024-06-20 13:00:00,860,185,100
2024-06-20 14:00:00,946,178,110
2024-06-20 15:00:00,1544,230,246
2024-06-20 16:00:00,1420,258,272
2024-06-20 17:00:00,935,252,171
2024-06-20 18:00:00,1087,289,165
2024-06-20 19:00:00,737,216,107
2024-06-20 20:00:00,595,167,99
2024-06-20 21:00:00,650,258,60
2024-06-20 22:00:00,330,250,39
2024-06-20 23:00:00,111,204,18
2024-06-21 00:00:00,100,171,8
2024-06-21 01:00:00,65,129,4
2024-06-21 02:00:00,36,76,4
2024-06-21 03:00:00,20,44,11
2024-06-21 04:00:00,30,46,4
2024-06-21 05:00:00,132,67,48
2024-06-21 06:00:00,353,103,98
2024-06-21 07:00:00,972,180,227
2024-06-21 08:00:00,691,206,167
2024-06-21 09:00:00,538,177,86
2024-06-21 10:00:00,648,196,96
2024-06-21 11:00:00,1245,140,111
2024-06-21 12:00:00,1196,167,100
2024-06-21 13:00:00,810,186,107
2024-06-21 14:00:00,827,225,107
2024-06-21 15:00:00,1061,202,169
2024-06-21 16:00:00,1402,230,257
2024-06-21 17:00:00,1084,267,151
2024-06-21 18:00:00,850,365,134
2024-06-21 19:00:00,605,265,76
2024-06-21 20:00:00,476,224,70
2024-06-21 21:00:00,660,359,63
2024-06-21 22:00:00,399,320,37
2024-06-21 23:00:00,236,308,8
2024-06-22 00:00:00,141,306,13
2024-06-22 01:00:00,138,248,7
2024-06-22 02:00:00,92,159,6
2024-06-22 03:00:00,46,101,3
2024-06-22 04:00:00,40,67,10
2024-06-22 05:00:00,89,64,18
2024-06-22 06:00:00,115,91,33
2024-06-22 07:00:00,237,124,42
2024-06-22 08:00:00,391,164,60
2024-06-22 09:00:00,672,152,83
2024-06-22 10:00:00,842,212,107
2024-06-22 11:00:00,988,246,98
2024-06-22 12:00:00,909,261,77
2024-06-22 13:00:00,912,278,89
2024-06-22 14:00:00,919,300,80
2024-06-22 15:00:00,962,295,84
2024-06-22 16:00:00,1047,313,85
2024-06-22 17:00:00,1021,348,91
2024-06-22 18:00:00,928,341,83
2024-06-22 19:00:00,822,308,68
2024-06-22 20:00:00,637,248,57
2024-06-22 21:00:00,769,395,57
2024-06-22 22:00:00,448,366,32
2024-06-22 23:00:00,405,431,21
2024-06-23 00:00:00,241,461,19
2024-06-23 01:00:00,183,311,6
2024-06-23 02:00:00,139,309,6
2024-06-23 03:00:00,41,184,3
2024-06-23 04:00:00,30,86,4
2024-06-23 05:00:00,34,50,13
2024-06-23 06:00:00,65,51,18
2024-06-23 07:00:00,155,80,53
2024-06-23 08:00:00,256,104,51
2024-06-23 09:00:00,540,143,45
2024-06-23 10:00:00,570,144,48
2024-06-23 11:00:00,736,142,79
2024-06-23 12:00:00,758,184,74
2024-06-23 13:00:00,711,187,87
2024-06-23 14:00:00,626,238,71
2024-06-23 15:00:00,690,225,98
2024-06-23 16:00:00,686,189,82
2024-06-23 17:00:00,600,204,85
2024-06-23 18:00:00,526,195,97
2024-06-23 19:00:00,383,169,70
2024-06-23 20:00:00,308,126,61
2024-06-23 21:00:00,347,217,39
2024-06-23 22:00:00,242,219,24
2024-06-23 23:00:00,116,189,15
2024-06-24 00:00:00,42,92,7
2024-06-24 01:00:00,27,59,5
2024-06-24 02:00:00,18,32,3
2024-06-24 03:00:00,12,33,4
2024-06-24 04:00:00,43,26,11
2024-06-24 05:00:00,116,68,43
2024-06-24 06:00:00,498,112,129
2024-06-24 07:00:00,1317,165,317
2024-06-24 08:00:00,730,214,168
2024-06-24 09:00:00,759,171,65
2024-06-24 10:00:00,593,152,78
2024-06-24 11:00:00,1333,147,112
2024-06-24 12:00:00,1408,130,120
2024-06-24 13:00:00,799,133,79
2024-06-24 14:00:00,698,140,109
2024-06-24 15:00:00,1001,163,184
2024-06-24 16:00:00,1491,181,352
2024-06-24 17:00:00,951,173,207
2024-06-24 18:00:00,634,156,119
2024-06-24 19:00:00,456,134,72
2024-06-24 20:00:00,381,103,54
2024-06-24 21:00:00,307,137,56
2024-06-24 22:00:00,145,108,23
2024-06-24 23:00:00,57,92,18
2024-06-25 00:00:00,46,48,3
2024-06-25 01:00:00,25,41,6
2024-06-25 02:00:00,10,43,2
2024-06-25 03:00:00,26,33,4
2024-06-25 04:00:00,35,39,11
2024-06-25 05:00:00,171,91,51
2024-06-25 06:00:00,630,141,149
2024-06-25 07:00:00,1513,214,360
2024-06-25 08:00:00,828,229,168
2024-06-25 09:00:00,571,177,68
2024-06-25 10:00:00,635,172,85
2024-06-25 11:00:00,1656,165,110
2024-06-25 12:00:00,1693,164,103
2024-06-25 13:00:00,832,169,110
2024-06-25 14:00:00,724,172,104
2024-06-25 15:00:00,1144,235,235
2024-06-25 16:00:00,1719,215,355
2024-06-25 17:00:00,1078,202,220
2024-06-25 18:00:00,820,196,136
2024-06-25 19:00:00,541,143,98
2024-06-25 20:00:00,431,131,66
2024-06-25 21:00:00,472,217,60
2024-06-25 22:00:00,226,180,23
2024-06-25 23:00:00,132,153,16
2024-06-26 00:00:00,40,102,7
2024-06-26 01:00:00,38,69,4
2024-06-26 02:00:00,30,52,6
2024-06-26 03:00:00,15,38,6
2024-06-26 04:00:00,48,71,10
2024-06-26 05:00:00,154,99,33
2024-06-26 06:00:00,617,162,129
2024-06-26 07:00:00,1417,207,317
2024-06-26 08:00:00,799,284,169
2024-06-26 09:00:00,513,186,74
2024-06-26 10:00:00,627,173,72
2024-06-26 11:00:00,1522,162,96
2024-06-26 12:00:00,1606,175,89
2024-06-26 13:00:00,811,136,78
2024-06-26 14:00:00,750,187,107
2024-06-26 15:00:00,1150,242,205
2024-06-26 16:00:00,1705,219,328
2024-06-26 17:00:00,1095,279,222
2024-06-26 18:00:00,774,219,128
2024-06-26 19:00:00,640,185,119
2024-06-26 20:00:00,452,113,70
2024-06-26 21:00:00,500,243,70
2024-06-26 22:00:00,255,197,34
2024-06-26 23:00:00,110,149,20
2024-06-27 00:00:00,73,124,6
2024-06-27 01:00:00,42,59,10
2024-06-27 02:00:00,20,49,7
2024-06-27 03:00:00,25,28,10
2024-06-27 04:00:00,36,46,9
2024-06-27 05:00:00,161,106,36
2024-06-27 06:00:00,521,164,137
2024-06-27 07:00:00,1313,196,290
2024-06-27 08:00:00,784,290,158
2024-06-27 09:00:00,524,221,71
2024-06-27 10:00:00,591,169,74
2024-06-27 11:00:00,1495,180,85
2024-06-27 12:00:00,1574,133,85
2024-06-27 13:00:00,839,181,100
2024-06-27 14:00:00,812,196,116
2024-06-27 15:00:00,1137,221,154
2024-06-27 16:00:00,1650,235,281
2024-06-27 17:00:00,1047,280,179
2024-06-27 18:00:00,720,233,120
2024-06-27 19:00:00,561,178,92
2024-06-27 20:00:00,462,145,73
2024-06-27 21:00:00,389,271,39
2024-06-27 22:00:00,198,204,43
2024-06-27 23:00:00,101,194,13
2024-06-28 00:00:00,84,150,5
2024-06-28 01:00:00,59,100,10
2024-06-28 02:00:00,38,49,5
2024-06-28 03:00:00,24,35,2
2024-06-28 04:00:00,29,43,7
2024-06-28 05:00:00,128,59,36
2024-06-28 06:00:00,436,125,121
2024-06-28 07:00:00,925,191,212
2024-06-28 08:00:00,596,213,140
2024-06-28 09:00:00,512,162,58
2024-06-28 10:00:00,607,160,69
2024-06-28 11:00:00,1165,159,99
2024-06-28 12:00:00,1228,153,88
2024-06-28 13:00:00,883,210,94
2024-06-28 14:00:00,817,244,104
2024-06-28 15:00:00,1082,275,148
2024-06-28 16:00:00,1381,291,231
2024-06-28 17:00:00,1066,359,142
2024-06-28 18:00:00,911,380,113
2024-06-28 19:00:00,722,274,95
2024-06-28 20:00:00,646,242,61
2024-06-28 21:00:00,667,345,51
2024-06-28 22:00:00,567,329,33
2024-06-28 23:00:00,279,339,24
2024-06-29 00:00:00,200,298,20
2024-06-29 01:00:00,175,313,7
2024-06-29 02:00:00,90,203,12
2024-06-29 03:00:00,44,139,3
2024-06-29 04:00:00,34,79,7
2024-06-29 05:00:00,65,51,8
2024-06-29 06:00:00,120,76,27
2024-06-29 07:00:00,240,104,39
2024-06-29 08:00:00,370,172,45
2024-06-29 09:00:00,622,196,72
2024-06-29 10:00:00,877,185,92
2024-06-29 11:00:00,1065,200,99
2024-06-29 12:00:00,938,218,101
2024-06-29 13:00:00,903,300,77
2024-06-29 14:00:00,981,308,83
2024-06-29 15:00:00,912,292,76
2024-06-29 16:00:00,912,317,78
2024-06-29 17:00:00,963,316,74
2024-06-29 18:00:00,976,314,71
2024-06-29 19:00:00,764,306,82
2024-06-29 20:00:00,660,273,54
2024-06-29 21:00:00,723,357,46
2024-06-29 22:00:00,518,391,37
2024-06-29 23:00:00,350,389,24
2024-06-30 00:00:00,270,413,13
2024-06-30 01:00:00,169,358,7
2024-06-30 02:00:00,107,251,8
2024-06-30 03:00:00,46,182,6
2024-06-30 04:00:00,23,106,3
2024-06-30 05:00:00,49,42,11
2024-06-30 06:00:00,69,42,18
2024-06-30 07:00:00,144,80,53
2024-06-30 08:00:00,292,106,42
2024-06-30 09:00:00,478,156,58
2024-06-30 10:00:00,656,156,81
2024-06-30 11:00:00,798,180,115
2024-06-30 12:00:00,663,141,81
2024-06-30 13:00:00,684,168,54
2024-06-30 14:00:00,676,170,81
2024-06-30 15:00:00,707,160,138
2024-06-30 16:00:00,554,142,96
2024-06-30 17:00:00,408,131,65
2024-06-30 18:00:00,486,172,83
2024-06-30 19:00:00,445,178,88
2024-06-30 20:00:00,282,135,35
2024-06-30 21:00:00,309,213,33
2024-06-30 22:00:00,146,159,21
2024-06-30 23:00:00,67,144,12
2024-07-01 00:00:00,34,100,3
2024-07-01 01:00:00,27,59,3
2024-07-01 02:00:00,16,41,1
2024-07-01 03:00:00,16,51,2
2024-07-01 04:00:00,36,35,7
2024-07-01 05:00:00,131,81,32
2024-07-01 06:00:00,467,119,115
2024-07-01 07:00:00,1203,171,294
2024-07-01 08:00:00,724,209,141
2024-07-01 09:00:00,506,150,66
2024-07-01 10:00:00,636,152,66
2024-07-01 11:00:00,1237,184,82
2024-07-01 12:00:00,1286,148,92
2024-07-01 13:00:00,658,163,79
2024-07-01 14:00:00,660,168,110
2024-07-01 15:00:00,1016,209,157
2024-07-01 16:00:00,1584,190,283
2024-07-01 17:00:00,942,177,222
2024-07-01 18:00:00,616,150,133
2024-07-01 19:00:00,509,142,66
2024-07-01 20:00:00,404,120,61
2024-07-01 21:00:00,349,154,49
2024-07-01 22:00:00,140,133,32
2024-07-01 23:00:00,44,121,15
2024-07-02 00:00:00,28,66,3
2024-07-02 01:00:00,16,60,3
2024-07-02 02:00:00,12,35,3
2024-07-02 03:00:00,15,33,1
2024-07-02 04:00:00,36,44,11
2024-07-02 05:00:00,173,82,38
2024-07-02 06:00:00,587,113,141
2024-07-02 07:00:00,1465,186,351
2024-07-02 08:00:00,838,278,167
2024-07-02 09:00:00,580,175,67
2024-07-02 10:00:00,578,140,82
2024-07-02 11:00:00,1503,153,113
2024-07-02 12:00:00,1545,145,141
2024-07-02 13:00:00,794,167,67
2024-07-02 14:00:00,739,192,103
2024-07-02 15:00:00,1193,204,165
2024-07-02 16:00:00,1776,214,374
2024-07-02 17:00:00,1077,179,222
2024-07-02 18:00:00,735,161,136
2024-07-02 19:00:00,475,155,102
2024-07-02 20:00:00,400,144,78
2024-07-02 21:00:00,413,178,46
2024-07-02 22:00:00,180,152,34
2024-07-02 23:00:00,79,123,16
2024-07-03 00:00:00,48,90,3
2024-07-03 01:00:00,41,70,4
2024-07-03 02:00:00,11,41,2
2024-07-03 03:00:00,18,34,5
2024-07-03 04:00:00,35,34,12
2024-07-03 05:00:00,160,86,29
2024-07-03 06:00:00,565,124,138
2024-07-03 07:00:00,1333,180,311
2024-07-03 08:00:00,760,299,178
2024-07-03 09:00:00,460,198,55
2024-07-03 10:00:00,549,201,58
2024-07-03 11:00:00,1241,174,112
2024-07-03 12:00:00,1306,173,82
2024-07-03 13:00:00,745,182,73
2024-07-03 14:00:00,741,179,87
2024-07-03 15:00:00,1156,206,167
2024-07-03 16:00:00,1787,238,319
2024-07-03 17:00:00,1145,252,214
2024-07-03 18:00:00,676,209,132
2024-07-03 19:00:00,613,150,109
2024-07-03 20:00:00,496,151,70
2024-07-03 21:00:00,499,187,69
2024-07-03 22:00:00,238,166,34
2024-07-03 23:00:00,89,129,18
2024-07-04 00:00:00,78,103,13
2024-07-04 01:00:00,29,78,3
2024-07-04 02:00:00,13,49,1
2024-07-04 03:00:00,18,32,2
2024-07-04 04:00:00,36,44,18
2024-07-04 05:00:00,175,86,33
2024-07-04 06:00:00,620,128,135
2024-07-04 07:00:00,1425,214,312
2024-07-04 08:00:00,817,263,141
2024-07-04 09:00:00,525,203,62
2024-07-04 10:00:00,688,153,66
2024-07-04 11:00:00,1582,199,95
2024-07-04 12:00:00,1575,171,101
2024-07-04 13:00:00,851,187,72
2024-07-04 14:00:00,859,213,119
2024-07-04 15:00:00,1199,253,194
2024-07-04 16:00:00,1862,227,334
2024-07-04 17:00:00,1182,225,232
2024-07-04 18:00:00,760,218,156
2024-07-04 19:00:00,549,189,85
2024-07-04 20:00:00,419,152,64
2024-07-04 21:00:00,401,267,53
2024-07-04 22:00:00,260,217,22
2024-07-04 23:00:00,151,184,21
2024-07-05 00:00:00,61,134,7
2024-07-05 01:00:00,45,108,7
2024-07-05 02:00:00,23,54,5
2024-07-05 03:00:00,22,38,2
2024-07-05 04:00:00,33,39,9
2024-07-05 05:00:00,127,61,27
2024-07-05 06:00:00,361,121,94
2024-07-05 07:00:00,780,231,147
2024-07-05 08:00:00,527,263,82
2024-07-05 09:00:00,493,205,59
2024-07-05 10:00:00,575,197,66
2024-07-05 11:00:00,1111,197,103
2024-07-05 12:00:00,1107,170,78
2024-07-05 13:00:00,808,193,87
2024-07-05 14:00:00,787,213,83
2024-07-05 15:00:00,1035,273,114
2024-07-05 16:00:00,1222,310,171
2024-07-05 17:00:00,765,361,114
2024-07-05 18:00:00,648,334,102
2024-07-05 19:00:00,419,281,67
2024-07-05 20:00:00,415,224,56
2024-07-05 21:00:00,573,301,51
2024-07-05 22:00:00,465,347,28
2024-07-05 23:00:00,223,357,6
2024-07-06 00:00:00,157,357,13
2024-07-06 01:00:00,114,244,3
2024-07-06 02:00:00,62,150,3
2024-07-06 03:00:00,56,85,5
2024-07-06 04:00:00,30,82,3
2024-07-06 05:00:00,66,62,10
2024-07-06 06:00:00,99,82,17
2024-07-06 07:00:00,164,133,26
2024-07-06 08:00:00,307,146,43
2024-07-06 09:00:00,518,151,42
2024-07-06 10:00:00,820,263,64
2024-07-06 11:00:00,926,236,84
2024-07-06 12:00:00,871,259,73
2024-07-06 13:00:00,951,335,86
2024-07-06 14:00:00,943,360,68
2024-07-06 15:00:00,1032,351,82
2024-07-06 16:00:00,734,286,76
2024-07-06 17:00:00,648,269,73
2024-07-06 18:00:00,731,275,81
2024-07-06 19:00:00,923,394,78
2024-07-06 20:00:00,749,306,63
2024-07-06 21:00:00,644,372,55
2024-07-06 22:00:00,457,388,26
2024-07-06 23:00:00,261,445,29
2024-07-07 00:00:00,186,462,6
2024-07-07 01:00:00,160,392,9
2024-07-07 02:00:00,137,258,3
2024-07-07 03:00:00,72,186,4
2024-07-07 04:00:00,32,95,4
2024-07-07 05:00:00,47,48,6
2024-07-07 06:00:00,91,51,19
2024-07-07 07:00:00,134,61,55
2024-07-07 08:00:00,251,89,28
2024-07-07 09:00:00,370,126,39
2024-07-07 10:00:00,592,161,46
2024-07-07 11:00:00,703,151,68
2024-07-07 12:00:00,746,155,41
2024-07-07 13:00:00,726,168,73
2024-07-07 14:00:00,692,160,85
2024-07-07 15:00:00,671,185,77
2024-07-07 16:00:00,695,163,93
2024-07-07 17:00:00,538,153,70
2024-07-07 18:00:00,501,144,90
2024-07-07 19:00:00,461,136,95
2024-07-07 20:00:00,325,94,42
2024-07-07 21:00:00,252,141,37
2024-07-07 22:00:00,123,123,16
2024-07-07 23:00:00,58,93,12
2024-07-08 00:00:00,19,91,7
2024-07-08 01:00:00,16,66,3
2024-07-08 02:00:00,20,43,5
2024-07-08 03:00:00,12,43,1
2024-07-08 04:00:00,8,10,6
2024-07-08 05:00:00,118,68,32
2024-07-08 06:00:00,450,100,120
2024-07-08 07:00:00,1233,192,274
2024-07-08 08:00:00,685,183,141
2024-07-08 09:00:00,507,182,72
2024-07-08 10:00:00,584,123,64
2024-07-08 11:00:00,1176,147,92
2024-07-08 12:00:00,1179,146,86
2024-07-08 13:00:00,697,113,77
2024-07-08 14:00:00,686,157,90
2024-07-08 15:00:00,916,166,145
2024-07-08 16:00:00,1447,188,318
2024-07-08 17:00:00,885,148,197
2024-07-08 18:00:00,464,168,96
2024-07-08 19:00:00,348,141,75
2024-07-08 20:00:00,281,95,45
2024-07-08 21:00:00,149,156,34
2024-07-08 22:00:00,69,125,16
2024-07-08 23:00:00,43,121,14
2024-07-09 00:00:00,13,89,5
2024-07-09 01:00:00,13,53,1
2024-07-09 02:00:00,3,40,5
2024-07-09 03:00:00,14,40,2
2024-07-09 04:00:00,37,37,8
2024-07-09 05:00:00,153,94,38
2024-07-09 06:00:00,518,120,134
2024-07-09 07:00:00,1428,170,290
2024-07-09 08:00:00,902,215,182
2024-07-09 09:00:00,498,182,82
2024-07-09 10:00:00,592,153,76
2024-07-09 11:00:00,1436,143,88
2024-07-09 12:00:00,1362,139,94
2024-07-09 13:00:00,725,160,78
2024-07-09 14:00:00,657,167,89
2024-07-09 15:00:00,1041,217,157
2024-07-09 16:00:00,1686,197,333
2024-07-09 17:00:00,1055,183,214
2024-07-09 18:00:00,748,183,135
2024-07-09 19:00:00,469,144,97
2024-07-09 20:00:00,375,110,81
2024-07-09 21:00:00,474,196,50
2024-07-09 22:00:00,176,161,24
2024-07-09 23:00:00,106,126,12
2024-07-10 00:00:00,31,82,4
2024-07-10 01:00:00,24,52,4
2024-07-10 02:00:00,20,35,0
2024-07-10 03:00:00,22,26,8
2024-07-10 04:00:00,45,56,13
2024-07-10 05:00:00,145,88,40
2024-07-10 06:00:00,522,137,132
2024-07-10 07:00:00,1329,195,301
2024-07-10 08:00:00,877,251,164
2024-07-10 09:00:00,496,214,71
2024-07-10 10:00:00,630,167,59
2024-07-10 11:00:00,1591,151,90
2024-07-10 12:00:00,1563,145,112
2024-07-10 13:00:00,831,164,90
2024-07-10 14:00:00,761,193,114
2024-07-10 15:00:00,1178,248,163
2024-07-10 16:00:00,1842,277,332
2024-07-10 17:00:00,1221,234,227
2024-07-10 18:00:00,739,270,166
2024-07-10 19:00:00,407,125,103
2024-07-10 20:00:00,320,112,78
2024-07-10 21:00:00,712,242,83
2024-07-10 22:00:00,353,224,35
2024-07-10 23:00:00,134,179,16
2024-07-11 00:00:00,96,161,3
2024-07-11 01:00:00,41,107,7
2024-07-11 02:00:00,33,66,3
2024-07-11 03:00:00,22,61,4
2024-07-11 04:00:00,46,60,12
2024-07-11 05:00:00,151,102,37
2024-07-11 06:00:00,555,123,125
2024-07-11 07:00:00,1442,200,295
2024-07-11 08:00:00,836,241,173
2024-07-11 09:00:00,535,194,85
2024-07-11 10:00:00,729,169,64
2024-07-11 11:00:00,1586,184,102
2024-07-11 12:00:00,1592,166,122
2024-07-11 13:00:00,842,172,104
2024-07-11 14:00:00,748,197,119
2024-07-11 15:00:00,1091,241,171
2024-07-11 16:00:00,1846,223,304
2024-07-11 17:00:00,1234,209,230
2024-07-11 18:00:00,883,208,148
2024-07-11 19:00:00,623,207,114
2024-07-11 20:00:00,489,170,74
2024-07-11 21:00:00,470,224,64
2024-07-11 22:00:00,245,196,35
2024-07-11 23:00:00,145,183,18
2024-07-12 00:00:00,98,168,11
2024-07-12 01:00:00,69,141,6
2024-07-12 02:00:00,36,83,6
2024-07-12 03:00:00,5,59,6
2024-07-12 04:00:00,54,52,7
2024-07-12 05:00:00,121,58,33
2024-07-12 06:00:00,352,105,114
2024-07-12 07:00:00,929,179,200
2024-07-12 08:00:00,589,230,112
2024-07-12 09:00:00,548,178,76
2024-07-12 10:00:00,566,136,88
2024-07-12 11:00:00,1090,193,90
2024-07-12 12:00:00,1174,155,111
2024-07-12 13:00:00,824,176,99
2024-07-12 14:00:00,750,211,98
2024-07-12 15:00:00,1040,244,145
2024-07-12 16:00:00,1287,315,227
2024-07-12 17:00:00,1046,324,136
2024-07-12 18:00:00,679,387,101
2024-07-12 19:00:00,535,320,87
2024-07-12 20:00:00,505,275,55
2024-07-12 21:00:00,606,314,62
2024-07-12 22:00:00,394,321,35
2024-07-12 23:00:00,215,281,14
2024-07-13 00:00:00,203,300,14
2024-07-13 01:00:00,117,226,7
2024-07-13 02:00:00,87,144,5
2024-07-13 03:00:00,51,113,1
2024-07-13 04:00:00,32,70,5
2024-07-13 05:00:00,61,62,16
2024-07-13 06:00:00,124,75,22
2024-07-13 07:00:00,227,110,45
2024-07-13 08:00:00,567,166,58
2024-07-13 09:00:00,1464,133,117
2024-07-13 10:00:00,1386,19,116
2024-07-13 11:00:00,1347,72,90
2024-07-13 12:00:00,1327,161,104
2024-07-13 13:00:00,1190,261,69
2024-07-13 14:00:00,1033,294,91
2024-07-13 15:00:00,1014,286,90
2024-07-13 16:00:00,941,308,93
2024-07-13 17:00:00,900,323,90
2024-07-13 18:00:00,862,324,91
2024-07-13 19:00:00,761,349,88
2024-07-13 20:00:00,719,357,79
2024-07-13 21:00:00,658,448,69
2024-07-13 22:00:00,457,465,50
2024-07-13 23:00:00,325,467,17
2024-07-14 00:00:00,204,437,17
2024-07-14 01:00:00,216,385,13
2024-07-14 02:00:00,90,267,9
2024-07-14 03:00:00,50,171,4
2024-07-14 04:00:00,27,95,4
2024-07-14 05:00:00,45,52,15
2024-07-14 06:00:00,87,50,18
2024-07-14 07:00:00,135,74,98
2024-07-14 08:00:00,313,125,36
2024-07-14 09:00:00,546,131,60
2024-07-14 10:00:00,657,165,53
2024-07-14 11:00:00,753,190,66
2024-07-14 12:00:00,616,163,62
2024-07-14 13:00:00,732,173,66
2024-07-14 14:00:00,637,216,80
2024-07-14 15:00:00,752,238,90
2024-07-14 16:00:00,879,258,88
2024-07-14 17:00:00,794,277,114
2024-07-14 18:00:00,680,280,99
2024-07-14 19:00:00,381,153,63
2024-07-14 20:00:00,309,93,72
2024-07-14 21:00:00,1121,235,105
2024-07-14 22:00:00,376,275,38
2024-07-14 23:00:00,181,250,35
2024-07-15 00:00:00,141,192,18
2024-07-15 01:00:00,82,184,10
2024-07-15 02:00:00,36,111,14
2024-07-15 03:00:00,28,95,10
2024-07-15 04:00:00,46,52,14
2024-07-15 05:00:00,130,70,29
2024-07-15 06:00:00,418,76,100
2024-07-15 07:00:00,1085,148,217
2024-07-15 08:00:00,748,188,149
2024-07-15 09:00:00,477,196,63
2024-07-15 10:00:00,531,135,55
2024-07-15 11:00:00,1261,154,81
2024-07-15 12:00:00,1064,144,58
2024-07-15 13:00:00,573,162,49
2024-07-15 14:00:00,615,131,86
2024-07-15 15:00:00,822,207,97
2024-07-15 16:00:00,1355,201,234
2024-07-15 17:00:00,802,182,164
2024-07-15 18:00:00,530,172,96
2024-07-15 19:00:00,452,138,78
2024-07-15 20:00:00,348,102,47
2024-07-15 21:00:00,306,140,45
2024-07-15 22:00:00,179,114,20
2024-07-15 23:00:00,65,84,15
2024-07-16 00:00:00,44,60,6
2024-07-16 01:00:00,30,44,7
2024-07-16 02:00:00,22,44,2
2024-07-16 03:00:00,18,32,0
2024-07-16 04:00:00,55,35,15
2024-07-16 05:00:00,147,97,35
2024-07-16 06:00:00,562,109,119
2024-07-16 07:00:00,1500,165,308
2024-07-16 08:00:00,872,242,180
2024-07-16 09:00:00,586,169,76
2024-07-16 10:00:00,662,170,49
2024-07-16 11:00:00,1577,168,107
2024-07-16 12:00:00,1742,151,114
2024-07-16 13:00:00,801,172,102
2024-07-16 14:00:00,757,190,108
2024-07-16 15:00:00,1164,229,141
2024-07-16 16:00:00,1837,226,340
2024-07-16 17:00:00,1117,211,214
2024-07-16 18:00:00,781,212,123
2024-07-16 19:00:00,578,158,91
2024-07-16 20:00:00,403,132,70
2024-07-16 21:00:00,371,180,45
2024-07-16 22:00:00,162,143,23
2024-07-16 23:00:00,64,104,6
2024-07-17 00:00:00,39,100,11
2024-07-17 01:00:00,21,49,4
2024-07-17 02:00:00,15,50,3
2024-07-17 03:00:00,13,41,2
2024-07-17 04:00:00,41,47,15
2024-07-17 05:00:00,155,113,50
2024-07-17 06:00:00,579,117,151
2024-07-17 07:00:00,1475,175,303
2024-07-17 08:00:00,860,228,196
2024-07-17 09:00:00,547,171,79
2024-07-17 10:00:00,656,156,75
2024-07-17 11:00:00,1660,155,110
2024-07-17 12:00:00,1715,186,115
2024-07-17 13:00:00,859,144,88
2024-07-17 14:00:00,743,162,123
2024-07-17 15:00:00,1156,216,198
2024-07-17 16:00:00,1853,213,400
2024-07-17 17:00:00,1285,253,248
2024-07-17 18:00:00,815,254,131
2024-07-17 19:00:00,597,165,114
2024-07-17 20:00:00,540,141,80
2024-07-17 21:00:00,426,185,63
2024-07-17 22:00:00,229,180,19
2024-07-17 23:00:00,123,164,15
2024-07-18 00:00:00,42,88,5
2024-07-18 01:00:00,36,75,6
2024-07-18 02:00:00,23,34,11
2024-07-18 03:00:00,12,45,2
2024-07-18 04:00:00,41,39,12
2024-07-18 05:00:00,162,80,50
2024-07-18 06:00:00,565,86,127
2024-07-18 07:00:00,1454,177,315
2024-07-18 08:00:00,936,234,175
2024-07-18 09:00:00,534,191,74
2024-07-18 10:00:00,726,184,72
2024-07-18 11:00:00,1746,151,119
2024-07-18 12:00:00,1771,177,121
2024-07-18 13:00:00,911,180,85
2024-07-18 14:00:00,767,204,115
2024-07-18 15:00:00,1175,220,176
2024-07-18 16:00:00,1958,243,326
2024-07-18 17:00:00,1228,257,207
2024-07-18 18:00:00,927,213,132
2024-07-18 19:00:00,660,212,144
2024-07-18 20:00:00,560,236,78
2024-07-18 21:00:00,463,237,61
2024-07-18 22:00:00,325,221,31
2024-07-18 23:00:00,137,196,15
2024-07-19 00:00:00,74,138,9
2024-07-19 01:00:00,50,116,9
2024-07-19 02:00:00,36,43,5
2024-07-19 03:00:00,15,42,7
2024-07-19 04:00:00,36,40,16
2024-07-19 05:00:00,149,53,31
2024-07-19 06:00:00,423,110,101
2024-07-19 07:00:00,961,182,216
2024-07-19 08:00:00,685,214,125
2024-07-19 09:00:00,555,176,69
2024-07-19 10:00:00,698,188,72
2024-07-19 11:00:00,1199,181,88
2024-07-19 12:00:00,1321,202,112
2024-07-19 13:00:00,918,234,88
2024-07-19 14:00:00,787,225,103
2024-07-19 15:00:00,1091,279,147
2024-07-19 16:00:00,1375,303,207
2024-07-19 17:00:00,1160,333,143
2024-07-19 18:00:00,897,388,124
2024-07-19 19:00:00,897,324,96
2024-07-19 20:00:00,812,231,73
2024-07-19 21:00:00,841,310,67
2024-07-19 22:00:00,472,374,47
2024-07-19 23:00:00,351,364,29
2024-07-20 00:00:00,219,391,18
2024-07-20 01:00:00,166,289,8
2024-07-20 02:00:00,109,203,9
2024-07-20 03:00:00,57,124,2
2024-07-20 04:00:00,31,88,6
2024-07-20 05:00:00,89,62,16
2024-07-20 06:00:00,98,84,27
2024-07-20 07:00:00,200,116,40
2024-07-20 08:00:00,413,138,54
2024-07-20 09:00:00,669,170,66
2024-07-20 10:00:00,977,221,98
2024-07-20 11:00:00,1103,294,86
2024-07-20 12:00:00,1043,321,63
2024-07-20 13:00:00,1130,363,73
2024-07-20 14:00:00,1011,401,60
2024-07-20 15:00:00,1092,360,59
2024-07-20 16:00:00,1134,365,83
2024-07-20 17:00:00,1027,368,77
2024-07-20 18:00:00,913,446,80
2024-07-20 19:00:00,843,408,93
2024-07-20 20:00:00,793,334,54
2024-07-20 21:00:00,743,392,44
2024-07-20 22:00:00,560,527,42
2024-07-20 23:00:00,342,485,18
2024-07-21 00:00:00,267,465,8
2024-07-21 01:00:00,159,388,8
2024-07-21 02:00:00,116,281,13
2024-07-21 03:00:00,56,185,6
2024-07-21 04:00:00,31,102,5
2024-07-21 05:00:00,35,67,16
2024-07-21 06:00:00,76,54,22
2024-07-21 07:00:00,151,77,81
2024-07-21 08:00:00,294,137,52
2024-07-21 09:00:00,493,153,40
2024-07-21 10:00:00,740,212,82
2024-07-21 11:00:00,963,201,63
2024-07-21 12:00:00,873,177,90
2024-07-21 13:00:00,937,220,85
2024-07-21 14:00:00,974,193,103
2024-07-21 15:00:00,993,252,98
2024-07-21 16:00:00,1036,250,88
2024-07-21 17:00:00,930,207,109
2024-07-21 18:00:00,747,218,101
2024-07-21 19:00:00,596,212,86
2024-07-21 20:00:00,473,203,61
2024-07-21 21:00:00,337,211,40
2024-07-21 22:00:00,171,158,22
2024-07-21 23:00:00,73,85,13
2024-07-22 00:00:00,43,83,3
2024-07-22 01:00:00,32,77,9
2024-07-22 02:00:00,11,40,6
2024-07-22 03:00:00,15,29,4
2024-07-22 04:00:00,44,34,9
2024-07-22 05:00:00,145,73,37
2024-07-22 06:00:00,459,110,104
2024-07-22 07:00:00,1289,175,258
2024-07-22 08:00:00,716,199,152
2024-07-22 09:00:00,803,172,72
2024-07-22 10:00:00,715,160,77
2024-07-22 11:00:00,1337,137,94
2024-07-22 12:00:00,1376,132,105
2024-07-22 13:00:00,793,142,80
2024-07-22 14:00:00,714,184,118
2024-07-22 15:00:00,1076,173,124
2024-07-22 16:00:00,1618,188,306
2024-07-22 17:00:00,997,178,184
2024-07-22 18:00:00,661,170,87
2024-07-22 19:00:00,534,147,73
2024-07-22 20:00:00,385,141,63
2024-07-22 21:00:00,309,153,54
2024-07-22 22:00:00,171,131,29
2024-07-22 23:00:00,92,110,11
2024-07-23 00:00:00,45,95,5
2024-07-23 01:00:00,25,48,7
2024-07-23 02:00:00,25,22,6
2024-07-23 03:00:00,22,36,2
2024-07-23 04:00:00,50,59,17
2024-07-23 05:00:00,154,68,34
2024-07-23 06:00:00,605,119,158
2024-07-23 07:00:00,1452,191,290
2024-07-23 08:00:00,792,236,196
2024-07-23 09:00:00,531,172,85
2024-07-23 10:00:00,654,129,85
2024-07-23 11:00:00,1598,177,111
2024-07-23 12:00:00,1711,154,100
2024-07-23 13:00:00,900,168,80
2024-07-23 14:00:00,851,185,92
2024-07-23 15:00:00,1189,215,171
2024-07-23 16:00:00,1842,186,324
2024-07-23 17:00:00,1244,199,239
2024-07-23 18:00:00,794,232,125
2024-07-23 19:00:00,679,208,111
2024-07-23 20:00:00,511,145,82
2024-07-23 21:00:00,397,210,44
2024-07-23 22:00:00,223,154,25
2024-07-23 23:00:00,100,137,5
2024-07-24 00:00:00,57,127,7
2024-07-24 01:00:00,36,78,5
2024-07-24 02:00:00,29,53,6
2024-07-24 03:00:00,30,31,9
2024-07-24 04:00:00,47,48,14
2024-07-24 05:00:00,156,74,47
2024-07-24 06:00:00,554,127,141
2024-07-24 07:00:00,1352,192,295
2024-07-24 08:00:00,743,234,165
2024-07-24 09:00:00,564,183,75
2024-07-24 10:00:00,712,181,84
2024-07-24 11:00:00,1599,205,100
2024-07-24 12:00:00,1673,195,85
2024-07-24 13:00:00,861,176,91
2024-07-24 14:00:00,883,207,105
2024-07-24 15:00:00,1215,215,175
2024-07-24 16:00:00,1820,221,331
2024-07-24 17:00:00,1167,220,194
2024-07-24 18:00:00,762,226,147
2024-07-24 19:00:00,530,213,108
2024-07-24 20:00:00,405,165,61
2024-07-24 21:00:00,367,225,51
2024-07-24 22:00:00,221,189,28
2024-07-24 23:00:00,80,160,12
2024-07-25 00:00:00,83,108,10
2024-07-25 01:00:00,62,86,11
2024-07-25 02:00:00,31,55,5
2024-07-25 03:00:00,13,27,2
2024-07-25 04:00:00,38,47,9
2024-07-25 05:00:00,138,65,38
2024-07-25 06:00:00,517,125,120
2024-07-25 07:00:00,1336,204,268
2024-07-25 08:00:00,826,213,157
2024-07-25 09:00:00,582,166,72
2024-07-25 10:00:00,703,179,84
2024-07-25 11:00:00,1716,225,121
2024-07-25 12:00:00,1617,214,104
2024-07-25 13:00:00,891,224,86
2024-07-25 14:00:00,747,253,102
2024-07-25 15:00:00,1117,228,150
2024-07-25 16:00:00,1867,232,295
2024-07-25 17:00:00,1159,268,196
2024-07-25 18:00:00,887,229,151
2024-07-25 19:00:00,692,190,96
2024-07-25 20:00:00,586,203,80
2024-07-25 21:00:00,468,279,68
2024-07-25 22:00:00,314,234,34
2024-07-25 23:00:00,149,170,20
2024-07-26 00:00:00,89,143,13
2024-07-26 01:00:00,55,86,11
2024-07-26 02:00:00,40,61,10
2024-07-26 03:00:00,14,47,6
2024-07-26 04:00:00,62,31,10
2024-07-26 05:00:00,137,53,29
2024-07-26 06:00:00,416,84,75
2024-07-26 07:00:00,937,191,190
2024-07-26 08:00:00,638,198,120
2024-07-26 09:00:00,607,188,61
2024-07-26 10:00:00,670,207,94
2024-07-26 11:00:00,1323,202,103
2024-07-26 12:00:00,1408,160,114
2024-07-26 13:00:00,882,240,86
2024-07-26 14:00:00,875,279,101
2024-07-26 15:00:00,1091,277,159
2024-07-26 16:00:00,1458,320,212
2024-07-26 17:00:00,1026,328,143
2024-07-26 18:00:00,917,355,118
2024-07-26 19:00:00,742,316,132
2024-07-26 20:00:00,613,265,70
2024-07-26 21:00:00,705,346,63
2024-07-26 22:00:00,563,343,44
2024-07-26 23:00:00,247,359,15
2024-07-27 00:00:00,244,334,21
2024-07-27 01:00:00,146,272,5
2024-07-27 02:00:00,117,182,9
2024-07-27 03:00:00,53,124,5
2024-07-27 04:00:00,34,82,5
2024-07-27 05:00:00,72,57,12
2024-07-27 06:00:00,96,85,30
2024-07-27 07:00:00,183,132,35
2024-07-27 08:00:00,375,137,46
2024-07-27 09:00:00,671,198,73
2024-07-27 10:00:00,920,223,97
2024-07-27 11:00:00,1021,255,98
2024-07-27 12:00:00,1055,247,71
2024-07-27 13:00:00,963,272,86
2024-07-27 14:00:00,912,299,93
2024-07-27 15:00:00,984,292,88
2024-07-27 16:00:00,1058,284,86
2024-07-27 17:00:00,890,321,85
2024-07-27 18:00:00,1003,436,96
2024-07-27 19:00:00,862,345,87
2024-07-27 20:00:00,721,290,76
2024-07-27 21:00:00,653,362,52
2024-07-27 22:00:00,590,386,22
2024-07-27 23:00:00,392,389,18
2024-07-28 00:00:00,281,421,18
2024-07-28 01:00:00,205,350,14
2024-07-28 02:00:00,134,263,12
2024-07-28 03:00:00,59,195,6
2024-07-28 04:00:00,29,94,2
2024-07-28 05:00:00,41,52,21
2024-07-28 06:00:00,84,57,19
2024-07-28 07:00:00,164,71,71
2024-07-28 08:00:00,251,93,42
2024-07-28 09:00:00,471,126,49
2024-07-28 10:00:00,567,131,36
2024-07-28 11:00:00,611,153,42
2024-07-28 12:00:00,652,146,61
2024-07-28 13:00:00,586,158,74
2024-07-28 14:00:00,620,165,64
2024-07-28 15:00:00,672,191,85
2024-07-28 16:00:00,686,191,76
2024-07-28 17:00:00,609,182,75
2024-07-28 18:00:00,585,163,82
2024-07-28 19:00:00,535,143,84
2024-07-28 20:00:00,375,98,51
2024-07-28 21:00:00,349,185,38
2024-07-28 22:00:00,169,140,30
2024-07-28 23:00:00,104,137,10
2024-07-29 00:00:00,40,84,6
2024-07-29 01:00:00,48,45,9
2024-07-29 02:00:00,21,42,3
2024-07-29 03:00:00,18,32,2
2024-07-29 04:00:00,28,19,8
2024-07-29 05:00:00,139,73,41
2024-07-29 06:00:00,450,90,124
2024-07-29 07:00:00,1152,174,250
2024-07-29 08:00:00,724,183,121
2024-07-29 09:00:00,577,160,42
2024-07-29 10:00:00,622,166,66
2024-07-29 11:00:00,1420,157,89
2024-07-29 12:00:00,1459,135,98
2024-07-29 13:00:00,773,162,84
2024-07-29 14:00:00,663,158,92
2024-07-29 15:00:00,1002,188,162
2024-07-29 16:00:00,1558,199,317
2024-07-29 17:00:00,1014,205,177
2024-07-29 18:00:00,785,108,110
2024-07-29 19:00:00,609,2,82
2024-07-29 20:00:00,521,0,89
2024-07-29 21:00:00,387,1,29
2024-07-29 22:00:00,237,2,10
2024-07-29 23:00:00,93,0,12
2024-07-30 00:00:00,49,0,9
2024-07-30 01:00:00,30,16,5
2024-07-30 02:00:00,18,30,4
2024-07-30 03:00:00,19,33,2
2024-07-30 04:00:00,31,40,9
2024-07-30 05:00:00,148,81,43
2024-07-30 06:00:00,535,112,124
2024-07-30 07:00:00,1390,185,330
2024-07-30 08:00:00,758,214,147
2024-07-30 09:00:00,596,169,71
2024-07-30 10:00:00,648,205,66
2024-07-30 11:00:00,1646,97,123
2024-07-30 12:00:00,1756,82,104
2024-07-30 13:00:00,854,120,95
2024-07-30 14:00:00,711,170,104
2024-07-30 15:00:00,1134,192,171
2024-07-30 16:00:00,1706,186,344
2024-07-30 17:00:00,1164,190,222
2024-07-30 18:00:00,840,110,119
2024-07-30 19:00:00,642,0,59
2024-07-30 20:00:00,593,0,49
2024-07-30 21:00:00,498,0,50
2024-07-30 22:00:00,190,3,22
2024-07-30 23:00:00,100,57,10
2024-07-31 00:00:00,58,68,9
2024-07-31 01:00:00,28,37,5
2024-07-31 02:00:00,19,29,9
2024-07-31 03:00:00,26,22,6
2024-07-31 04:00:00,45,38,12
2024-07-31 05:00:00,168,58,42
2024-07-31 06:00:00,583,111,138
2024-07-31 07:00:00,1337,176,290
2024-07-31 08:00:00,808,222,152
2024-07-31 09:00:00,504,179,70
2024-07-31 10:00:00,702,202,87
2024-07-31 11:00:00,1767,155,111
2024-07-31 12:00:00,1667,125,98
2024-07-31 13:00:00,792,178,95
2024-07-31 14:00:00,766,218,96
2024-07-31 15:00:00,1117,220,176
2024-07-31 16:00:00,1887,195,334
2024-07-31 17:00:00,1125,229,230
2024-07-31 18:00:00,763,119,132
2024-07-31 19:00:00,689,0,115
2024-07-31 20:00:00,567,0,96
2024-07-31 21:00:00,466,0,67
2024-07-31 22:00:00,226,0,27
2024-07-31 23:00:00,139,2,8
2024-08-01 00:00:00,59,0,14
2024-08-01 01:00:00,30,35,8
2024-08-01 02:00:00,45,37,10
2024-08-01 03:00:00,31,47,4
2024-08-01 04:00:00,29,49,3
2024-08-01 05:00:00,137,73,36
2024-08-01 06:00:00,521,123,132
2024-08-01 07:00:00,1349,191,282
2024-08-01 08:00:00,770,234,153
2024-08-01 09:00:00,545,170,60
2024-08-01 10:00:00,665,199,84
2024-08-01 11:00:00,1607,151,111
2024-08-01 12:00:00,1732,161,99
2024-08-01 13:00:00,818,174,112
2024-08-01 14:00:00,772,219,106
2024-08-01 15:00:00,1188,227,151
2024-08-01 16:00:00,1859,242,322
2024-08-01 17:00:00,1275,289,201
2024-08-01 18:00:00,859,136,112
2024-08-01 19:00:00,770,7,94
2024-08-01 20:00:00,596,1,60
2024-08-01 21:00:00,510,0,46
2024-08-01 22:00:00,277,2,33
2024-08-01 23:00:00,93,0,10
2024-08-02 00:00:00,68,0,7
2024-08-02 01:00:00,63,3,2
2024-08-02 02:00:00,37,0,1
2024-08-02 03:00:00,33,0,3
2024-08-02 04:00:00,62,6,10
2024-08-02 05:00:00,113,70,33
2024-08-02 06:00:00,389,69,84
2024-08-02 07:00:00,884,140,189
2024-08-02 08:00:00,629,187,112
2024-08-02 09:00:00,584,161,70
2024-08-02 10:00:00,715,174,83
2024-08-02 11:00:00,1217,169,98
2024-08-02 12:00:00,1314,144,90
2024-08-02 13:00:00,877,213,106
2024-08-02 14:00:00,803,221,97
2024-08-02 15:00:00,1116,287,162
2024-08-02 16:00:00,1414,313,224
2024-08-02 17:00:00,1052,335,153
2024-08-02 18:00:00,840,367,120
2024-08-02 19:00:00,751,253,93
2024-08-02 20:00:00,587,277,64
2024-08-02 21:00:00,727,345,66
2024-08-02 22:00:00,493,338,34
2024-08-02 23:00:00,290,349,19
2024-08-03 00:00:00,194,313,21
2024-08-03 01:00:00,166,262,15
2024-08-03 02:00:00,109,191,5
2024-08-03 03:00:00,63,116,7
2024-08-03 04:00:00,25,69,6
2024-08-03 05:00:00,59,52,21
2024-08-03 06:00:00,119,79,27
2024-08-03 07:00:00,217,105,48
2024-08-03 08:00:00,429,130,53
2024-08-03 09:00:00,680,147,53
2024-08-03 10:00:00,868,191,83
2024-08-03 11:00:00,961,213,90
2024-08-03 12:00:00,1026,247,87
2024-08-03 13:00:00,1008,282,80
2024-08-03 14:00:00,993,280,81
2024-08-03 15:00:00,1035,262,123
2024-08-03 16:00:00,1117,256,92
2024-08-03 17:00:00,1163,262,107
2024-08-03 18:00:00,1522,163,101
2024-08-03 19:00:00,687,8,44
2024-08-03 20:00:00,1135,242,95
2024-08-03 21:00:00,946,336,60
2024-08-03 22:00:00,541,334,45
2024-08-03 23:00:00,378,311,18
2024-08-04 00:00:00,270,307,17
2024-08-04 01:00:00,209,290,7
2024-08-04 02:00:00,108,240,10
2024-08-04 03:00:00,57,169,4
2024-08-04 04:00:00,34,116,2
2024-08-04 05:00:00,52,46,20
2024-08-04 06:00:00,84,48,27
2024-08-04 07:00:00,157,65,46
2024-08-04 08:00:00,259,116,52
2024-08-04 09:00:00,502,106,70
2024-08-04 10:00:00,659,158,62
2024-08-04 11:00:00,709,153,58
2024-08-04 12:00:00,599,144,66
2024-08-04 13:00:00,702,126,85
2024-08-04 14:00:00,604,151,84
2024-08-04 15:00:00,690,155,95
2024-08-04 16:00:00,560,161,75
2024-08-04 17:00:00,587,176,84
2024-08-04 18:00:00,497,165,113
2024-08-04 19:00:00,494,141,78
2024-08-04 20:00:00,305,123,39
2024-08-04 21:00:00,275,165,29
2024-08-04 22:00:00,113,131,13
2024-08-04 23:00:00,71,89,7
2024-08-05 00:00:00,36,94,4
2024-08-05 01:00:00,35,53,3
2024-08-05 02:00:00,15,34,3
2024-08-05 03:00:00,18,16,2
2024-08-05 04:00:00,42,39,11
2024-08-05 05:00:00,127,56,37
2024-08-05 06:00:00,426,100,118
2024-08-05 07:00:00,1108,135,252
2024-08-05 08:00:00,601,181,150
2024-08-05 09:00:00,536,138,64
2024-08-05 10:00:00,624,129,77
2024-08-05 11:00:00,1403,141,75
2024-08-05 12:00:00,1339,124,100
2024-08-05 13:00:00,784,166,105
2024-08-05 14:00:00,726,146,103
2024-08-05 15:00:00,947,155,150
2024-08-05 16:00:00,1551,156,296
2024-08-05 17:00:00,963,148,189
2024-08-05 18:00:00,643,164,108
2024-08-05 19:00:00,483,119,100
2024-08-05 20:00:00,433,128,60
2024-08-05 21:00:00,218,137,38
2024-08-05 22:00:00,143,96,21
2024-08-05 23:00:00,66,90,12
2024-08-06 00:00:00,32,71,7
2024-08-06 01:00:00,15,65,7
2024-08-06 02:00:00,22,31,4
2024-08-06 03:00:00,16,26,4
2024-08-06 04:00:00,33,50,16
2024-08-06 05:00:00,132,67,42
2024-08-06 06:00:00,556,120,157
2024-08-06 07:00:00,1386,192,320
2024-08-06 08:00:00,794,190,162
2024-08-06 09:00:00,606,148,69
2024-08-06 10:00:00,686,163,81
2024-08-06 11:00:00,1664,135,104
2024-08-06 12:00:00,1707,155,99
2024-08-06 13:00:00,802,156,97
2024-08-06 14:00:00,773,158,93
2024-08-06 15:00:00,1137,195,204
2024-08-06 16:00:00,1836,207,349
2024-08-06 17:00:00,1082,171,219
2024-08-06 18:00:00,690,169,131
2024-08-06 19:00:00,546,150,116
2024-08-06 20:00:00,488,170,59
2024-08-06 21:00:00,291,187,42
2024-08-06 22:00:00,157,158,31
2024-08-06 23:00:00,70,128,13
2024-08-07 00:00:00,39,66,7
2024-08-07 01:00:00,29,51,7
2024-08-07 02:00:00,14,62,3
2024-08-07 03:00:00,16,37,3
2024-08-07 04:00:00,34,40,9
2024-08-07 05:00:00,153,78,31
2024-08-07 06:00:00,511,117,138
2024-08-07 07:00:00,1000,160,266
2024-08-07 08:00:00,669,174,147
2024-08-07 09:00:00,530,127,62
2024-08-07 10:00:00,703,145,73
2024-08-07 11:00:00,1253,144,100
2024-08-07 12:00:00,1046,143,114
2024-08-07 13:00:00,727,161,82
2024-08-07 14:00:00,759,167,116
2024-08-07 15:00:00,1045,173,218
2024-08-07 16:00:00,1012,151,258
2024-08-07 17:00:00,678,139,177
2024-08-07 18:00:00,474,109,112
2024-08-07 19:00:00,324,90,113
2024-08-07 20:00:00,287,101,57
2024-08-07 21:00:00,226,133,40
2024-08-07 22:00:00,111,131,28
2024-08-07 23:00:00,46,94,9
2024-08-08 00:00:00,18,65,7
2024-08-08 01:00:00,33,38,7
2024-08-08 02:00:00,13,35,2
2024-08-08 03:00:00,16,28,3
2024-08-08 04:00:00,36,35,7
2024-08-08 05:00:00,125,68,43
2024-08-08 06:00:00,493,118,135
2024-08-08 07:00:00,1305,151,299
2024-08-08 08:00:00,639,223,141
2024-08-08 09:00:00,517,173,76
2024-08-08 10:00:00,715,166,72
2024-08-08 11:00:00,1329,176,99
2024-08-08 12:00:00,1432,157,65
2024-08-08 13:00:00,799,190,88
2024-08-08 14:00:00,718,205,83
2024-08-08 15:00:00,877,262,163
2024-08-08 16:00:00,1472,263,249
2024-08-08 17:00:00,748,333,189
2024-08-08 18:00:00,557,266,106
2024-08-08 19:00:00,437,188,73
2024-08-08 20:00:00,384,183,57
2024-08-08 21:00:00,306,223,43
2024-08-08 22:00:00,177,164,28
2024-08-08 23:00:00,72,127,7
2024-08-09 00:00:00,61,101,6
2024-08-09 01:00:00,21,85,3
2024-08-09 02:00:00,24,47,1
2024-08-09 03:00:00,23,40,3
2024-08-09 04:00:00,30,31,12
2024-08-09 05:00:00,117,60,40
2024-08-09 06:00:00,374,101,87
2024-08-09 07:00:00,917,168,154
2024-08-09 08:00:00,598,160,120
2024-08-09 09:00:00,667,169,73
2024-08-09 10:00:00,803,200,54
2024-08-09 11:00:00,1294,157,103
2024-08-09 12:00:00,1249,155,100
2024-08-09 13:00:00,890,209,98
2024-08-09 14:00:00,912,247,95
2024-08-09 15:00:00,1143,280,134
2024-08-09 16:00:00,1443,275,209
2024-08-09 17:00:00,913,291,122
2024-08-09 18:00:00,821,292,127
2024-08-09 19:00:00,644,249,98
2024-08-09 20:00:00,577,236,56
2024-08-09 21:00:00,580,303,65
2024-08-09 22:00:00,434,342,48
2024-08-09 23:00:00,379,353,36
2024-08-10 00:00:00,158,313,14
2024-08-10 01:00:00,159,215,11
2024-08-10 02:00:00,96,165,6
2024-08-10 03:00:00,40,90,2
2024-08-10 04:00:00,33,74,13
2024-08-10 05:00:00,63,60,17
2024-08-10 06:00:00,98,80,35
2024-08-10 07:00:00,207,92,32
2024-08-10 08:00:00,375,133,54
2024-08-10 09:00:00,538,168,48
2024-08-10 10:00:00,881,194,79
2024-08-10 11:00:00,1015,223,70
2024-08-10 12:00:00,992,210,80
2024-08-10 13:00:00,926,280,76
2024-08-10 14:00:00,884,304,115
2024-08-10 15:00:00,1054,290,78
2024-08-10 16:00:00,969,274,81
2024-08-10 17:00:00,819,381,79
2024-08-10 18:00:00,826,348,93
2024-08-10 19:00:00,742,277,77
2024-08-10 20:00:00,679,331,74
2024-08-10 21:00:00,775,352,48
2024-08-10 22:00:00,541,379,46
2024-08-10 23:00:00,345,350,24
2024-08-11 00:00:00,240,364,11
2024-08-11 01:00:00,210,345,17
2024-08-11 02:00:00,113,262,7
2024-08-11 03:00:00,41,143,3
2024-08-11 04:00:00,31,72,8
2024-08-11 05:00:00,44,42,20
2024-08-11 06:00:00,87,41,20
2024-08-11 07:00:00,137,76,46
2024-08-11 08:00:00,243,119,46
2024-08-11 09:00:00,530,134,59
2024-08-11 10:00:00,663,164,52
2024-08-11 11:00:00,798,179,70
2024-08-11 12:00:00,711,166,83
2024-08-11 13:00:00,654,152,69
2024-08-11 14:00:00,668,189,71
2024-08-11 15:00:00,723,186,73
2024-08-11 16:00:00,594,168,65
2024-08-11 17:00:00,598,175,99
2024-08-11 18:00:00,533,181,89
2024-08-11 19:00:00,393,139,98
2024-08-11 20:00:00,325,182,59
2024-08-11 21:00:00,227,161,33
2024-08-11 22:00:00,134,158,30
2024-08-11 23:00:00,66,104,12
2024-08-12 00:00:00,43,83,8
2024-08-12 01:00:00,11,53,3
2024-08-12 02:00:00,21,44,4
2024-08-12 03:00:00,19,29,4
2024-08-12 04:00:00,36,56,7
2024-08-12 05:00:00,144,70,36
2024-08-12 06:00:00,438,83,115
2024-08-12 07:00:00,1161,171,259
2024-08-12 08:00:00,710,191,133
2024-08-12 09:00:00,485,151,70
2024-08-12 10:00:00,656,152,69
2024-08-12 11:00:00,1289,151,71
2024-08-12 12:00:00,1364,124,79
2024-08-12 13:00:00,716,123,83
2024-08-12 14:00:00,702,172,92
2024-08-12 15:00:00,970,151,158
2024-08-12 16:00:00,1607,152,305
2024-08-12 17:00:00,851,165,186
2024-08-12 18:00:00,682,158,102
2024-08-12 19:00:00,475,118,94
2024-08-12 20:00:00,364,157,77
2024-08-12 21:00:00,233,150,29
2024-08-12 22:00:00,128,97,21
2024-08-12 23:00:00,57,106,7
2024-08-13 00:00:00,36,70,2
2024-08-13 01:00:00,11,52,5
2024-08-13 02:00:00,10,39,6
2024-08-13 03:00:00,8,24,3
2024-08-13 04:00:00,34,41,9
2024-08-13 05:00:00,144,86,46
2024-08-13 06:00:00,548,123,152
2024-08-13 07:00:00,1439,199,343
2024-08-13 08:00:00,819,195,183
2024-08-13 09:00:00,527,171,77
2024-08-13 10:00:00,675,130,69
2024-08-13 11:00:00,1687,137,99
2024-08-13 12:00:00,1708,158,119
2024-08-13 13:00:00,855,168,78
2024-08-13 14:00:00,772,184,106
2024-08-13 15:00:00,1134,219,195
2024-08-13 16:00:00,1892,221,363
2024-08-13 17:00:00,1159,184,251
2024-08-13 18:00:00,714,217,122
2024-08-13 19:00:00,490,145,78
2024-08-13 20:00:00,376,142,62
2024-08-13 21:00:00,324,174,50
2024-08-13 22:00:00,205,125,25
2024-08-13 23:00:00,56,98,16
2024-08-14 00:00:00,40,69,6
2024-08-14 01:00:00,17,44,12
2024-08-14 02:00:00,14,50,0
2024-08-14 03:00:00,12,25,4
2024-08-14 04:00:00,43,50,11
2024-08-14 05:00:00,136,78,36
2024-08-14 06:00:00,516,142,133
2024-08-14 07:00:00,1306,153,290
2024-08-14 08:00:00,712,226,149
2024-08-14 09:00:00,491,148,79
2024-08-14 10:00:00,626,174,55
2024-08-14 11:00:00,1546,159,104
2024-08-14 12:00:00,1380,158,84
2024-08-14 13:00:00,787,152,82
2024-08-14 14:00:00,729,172,105
2024-08-14 15:00:00,1143,195,191
2024-08-14 16:00:00,1860,206,340
2024-08-14 17:00:00,1085,227,225
2024-08-14 18:00:00,824,194,131
2024-08-14 19:00:00,661,130,103
2024-08-14 20:00:00,491,157,75
2024-08-14 21:00:00,402,169,43
2024-08-14 22:00:00,195,149,23
2024-08-14 23:00:00,107,100,12
2024-08-15 00:00:00,60,101,6
2024-08-15 01:00:00,37,61,5
2024-08-15 02:00:00,14,50,3
2024-08-15 03:00:00,15,30,3
2024-08-15 04:00:00,39,51,12
2024-08-15 05:00:00,149,78,45
2024-08-15 06:00:00,486,136,143
2024-08-15 07:00:00,1371,172,267
2024-08-15 08:00:00,851,208,141
2024-08-15 09:00:00,604,152,78
2024-08-15 10:00:00,753,172,73
2024-08-15 11:00:00,1639,145,98
2024-08-15 12:00:00,1671,163,85
2024-08-15 13:00:00,963,157,95
2024-08-15 14:00:00,728,213,126
2024-08-15 15:00:00,1071,213,201
2024-08-15 16:00:00,1787,214,329
2024-08-15 17:00:00,784,311,186
2024-08-15 18:00:00,535,285,95
2024-08-15 19:00:00,516,170,100
2024-08-15 20:00:00,517,203,61
2024-08-15 21:00:00,380,219,43
2024-08-15 22:00:00,192,184,31
2024-08-15 23:00:00,94,131,11
2024-08-16 00:00:00,39,127,9
2024-08-16 01:00:00,46,91,6
2024-08-16 02:00:00,37,67,2
2024-08-16 03:00:00,21,46,5
2024-08-16 04:00:00,50,48,12
2024-08-16 05:00:00,116,63,35
2024-08-16 06:00:00,371,82,100
2024-08-16 07:00:00,919,177,183
2024-08-16 08:00:00,644,209,126
2024-08-16 09:00:00,555,173,55
2024-08-16 10:00:00,650,164,75
2024-08-16 11:00:00,1258,144,92
2024-08-16 12:00:00,1319,121,92
2024-08-16 13:00:00,925,223,92
2024-08-16 14:00:00,867,247,99
2024-08-16 15:00:00,1117,250,152
2024-08-16 16:00:00,1403,253,209
2024-08-16 17:00:00,1049,295,144
2024-08-16 18:00:00,891,304,100
2024-08-16 19:00:00,709,215,100
2024-08-16 20:00:00,635,283,80
2024-08-16 21:00:00,567,333,72
2024-08-16 22:00:00,507,307,40
2024-08-16 23:00:00,268,292,9
2024-08-17 00:00:00,188,274,28
2024-08-17 01:00:00,112,224,13
2024-08-17 02:00:00,110,186,5
2024-08-17 03:00:00,46,119,5
2024-08-17 04:00:00,29,71,9
2024-08-17 05:00:00,62,55,13
2024-08-17 06:00:00,117,78,40
2024-08-17 07:00:00,218,130,48
2024-08-17 08:00:00,430,144,59
2024-08-17 09:00:00,549,174,58
2024-08-17 10:00:00,910,186,72
2024-08-17 11:00:00,941,244,78
2024-08-17 12:00:00,886,195,69
2024-08-17 13:00:00,932,242,75
2024-08-17 14:00:00,960,300,74
2024-08-17 15:00:00,803,266,66
2024-08-17 16:00:00,927,266,98
2024-08-17 17:00:00,876,320,80
2024-08-17 18:00:00,922,334,73
2024-08-17 19:00:00,806,313,85
2024-08-17 20:00:00,619,326,50
2024-08-17 21:00:00,618,353,46
2024-08-17 22:00:00,449,390,33
2024-08-17 23:00:00,308,364,21
2024-08-18 00:00:00,247,376,18
2024-08-18 01:00:00,147,345,11
2024-08-18 02:00:00,102,223,7
2024-08-18 03:00:00,69,180,9
2024-08-18 04:00:00,31,99,3
2024-08-18 05:00:00,52,59,8
2024-08-18 06:00:00,77,70,23
2024-08-18 07:00:00,153,78,57
2024-08-18 08:00:00,314,127,42
2024-08-18 09:00:00,485,124,74
2024-08-18 10:00:00,611,146,61
2024-08-18 11:00:00,724,169,79
2024-08-18 12:00:00,683,144,58
2024-08-18 13:00:00,690,143,69
2024-08-18 14:00:00,594,174,89
2024-08-18 15:00:00,698,214,110
2024-08-18 16:00:00,689,150,87
2024-08-18 17:00:00,659,171,111
2024-08-18 18:00:00,505,167,78
2024-08-18 19:00:00,447,141,77
2024-08-18 20:00:00,303,136,65
2024-08-18 21:00:00,234,141,26
2024-08-18 22:00:00,131,131,19
2024-08-18 23:00:00,46,87,13
2024-08-19 00:00:00,25,75,6
2024-08-19 01:00:00,10,42,5
2024-08-19 02:00:00,23,48,4
2024-08-19 03:00:00,18,24,5
2024-08-19 04:00:00,38,27,8
2024-08-19 05:00:00,116,67,32
2024-08-19 06:00:00,426,93,109
2024-08-19 07:00:00,1200,172,289
2024-08-19 08:00:00,658,178,138
2024-08-19 09:00:00,549,148,35
2024-08-19 10:00:00,625,188,57
2024-08-19 11:00:00,1380,124,80
2024-08-19 12:00:00,1258,134,99
2024-08-19 13:00:00,688,152,80
2024-08-19 14:00:00,711,163,88
2024-08-19 15:00:00,979,135,167
2024-08-19 16:00:00,1576,157,310
2024-08-19 17:00:00,811,182,184
2024-08-19 18:00:00,517,173,91
2024-08-19 19:00:00,430,115,70
2024-08-19 20:00:00,299,131,46
2024-08-19 21:00:00,212,127,42
2024-08-19 22:00:00,104,89,24
2024-08-19 23:00:00,52,74,8
2024-08-20 00:00:00,26,63,1
2024-08-20 01:00:00,21,48,5
2024-08-20 02:00:00,18,24,1
2024-08-20 03:00:00,15,18,3
2024-08-20 04:00:00,44,45,10
2024-08-20 05:00:00,133,77,34
2024-08-20 06:00:00,576,123,147
2024-08-20 07:00:00,1429,183,314
2024-08-20 08:00:00,717,224,137
2024-08-20 09:00:00,486,157,70
2024-08-20 10:00:00,655,137,44
2024-08-20 11:00:00,1665,143,89
2024-08-20 12:00:00,1686,136,104
2024-08-20 13:00:00,1000,166,95
2024-08-20 14:00:00,746,196,110
2024-08-20 15:00:00,1113,188,189
2024-08-20 16:00:00,1891,201,336
2024-08-20 17:00:00,1130,191,208
2024-08-20 18:00:00,757,140,144
2024-08-20 19:00:00,517,122,109
2024-08-20 20:00:00,432,194,58
2024-08-20 21:00:00,290,172,44
2024-08-20 22:00:00,155,133,21
2024-08-20 23:00:00,67,103,7
2024-08-21 00:00:00,44,66,3
2024-08-21 01:00:00,32,54,6
2024-08-21 02:00:00,16,33,2
2024-08-21 03:00:00,19,33,5
2024-08-21 04:00:00,45,44,13
2024-08-21 05:00:00,142,73,46
2024-08-21 06:00:00,532,137,152
2024-08-21 07:00:00,1354,218,312
2024-08-21 08:00:00,797,203,185
2024-08-21 09:00:00,524,165,81
2024-08-21 10:00:00,680,147,71
2024-08-21 11:00:00,1523,158,92
2024-08-21 12:00:00,1616,144,98
2024-08-21 13:00:00,902,163,116
2024-08-21 14:00:00,842,159,94
2024-08-21 15:00:00,1182,181,182
2024-08-21 16:00:00,1890,190,334
2024-08-21 17:00:00,1089,229,239
2024-08-21 18:00:00,692,211,139
2024-08-21 19:00:00,498,140,110
2024-08-21 20:00:00,504,178,65
2024-08-21 21:00:00,306,188,55
2024-08-21 22:00:00,190,138,28
2024-08-21 23:00:00,66,109,8
2024-08-22 00:00:00,31,59,5
2024-08-22 01:00:00,35,68,3
2024-08-22 02:00:00,17,53,3
2024-08-22 03:00:00,17,30,5
2024-08-22 04:00:00,38,32,14
2024-08-22 05:00:00,130,57,37
2024-08-22 06:00:00,471,123,110
2024-08-22 07:00:00,1224,194,267
2024-08-22 08:00:00,719,192,140
2024-08-22 09:00:00,535,212,54
2024-08-22 10:00:00,655,146,59
2024-08-22 11:00:00,1341,170,83
2024-08-22 12:00:00,1378,150,113
2024-08-22 13:00:00,875,166,81
2024-08-22 14:00:00,777,204,100
2024-08-22 15:00:00,1109,226,149
2024-08-22 16:00:00,1805,227,259
2024-08-22 17:00:00,1100,240,198
2024-08-22 18:00:00,769,231,116
2024-08-22 19:00:00,643,159,119
2024-08-22 20:00:00,487,211,61
2024-08-22 21:00:00,324,191,44
2024-08-22 22:00:00,245,176,24
2024-08-22 23:00:00,109,149,13
2024-08-23 00:00:00,41,114,10
2024-08-23 01:00:00,25,108,6
2024-08-23 02:00:00,13,58,3
2024-08-23 03:00:00,16,46,4
2024-08-23 04:00:00,34,36,10
2024-08-23 05:00:00,121,86,22
2024-08-23 06:00:00,349,107,79
2024-08-23 07:00:00,835,168,156
2024-08-23 08:00:00,543,176,109
2024-08-23 09:00:00,562,166,59
2024-08-23 10:00:00,613,179,59
2024-08-23 11:00:00,1185,152,90
2024-08-23 12:00:00,1214,161,102
2024-08-23 13:00:00,865,187,91
2024-08-23 14:00:00,848,218,86
2024-08-23 15:00:00,1108,273,149
2024-08-23 16:00:00,1362,295,185
2024-08-23 17:00:00,1089,284,174
2024-08-23 18:00:00,826,340,117
2024-08-23 19:00:00,657,224,87
2024-08-23 20:00:00,548,311,69
2024-08-23 21:00:00,560,331,45
2024-08-23 22:00:00,383,284,32
2024-08-23 23:00:00,250,275,13
2024-08-24 00:00:00,118,240,7
2024-08-24 01:00:00,86,219,6
2024-08-24 02:00:00,73,183,3
2024-08-24 03:00:00,25,98,9
2024-08-24 04:00:00,21,99,5
2024-08-24 05:00:00,55,73,11
2024-08-24 06:00:00,102,80,19
2024-08-24 07:00:00,154,106,20
2024-08-24 08:00:00,263,160,21
2024-08-24 09:00:00,544,192,35
2024-08-24 10:00:00,727,222,37
2024-08-24 11:00:00,871,288,44
2024-08-24 12:00:00,879,249,64
2024-08-24 13:00:00,923,253,51
2024-08-24 14:00:00,1038,274,97
2024-08-24 15:00:00,1046,248,70
2024-08-24 16:00:00,1092,309,77
2024-08-24 17:00:00,1026,347,81
2024-08-24 18:00:00,971,323,75
2024-08-24 19:00:00,826,335,67
2024-08-24 20:00:00,697,359,51
2024-08-24 21:00:00,656,430,45
2024-08-24 22:00:00,469,358,18
2024-08-24 23:00:00,404,413,11
2024-08-25 00:00:00,230,393,9
2024-08-25 01:00:00,170,305,10
2024-08-25 02:00:00,126,245,5
2024-08-25 03:00:00,53,151,5
2024-08-25 04:00:00,35,84,3
2024-08-25 05:00:00,47,47,21
2024-08-25 06:00:00,69,60,15
2024-08-25 07:00:00,123,70,37
2024-08-25 08:00:00,286,105,36
2024-08-25 09:00:00,497,137,60
2024-08-25 10:00:00,698,163,38
2024-08-25 11:00:00,915,187,68
2024-08-25 12:00:00,875,202,74
2024-08-25 13:00:00,1024,221,78
2024-08-25 14:00:00,886,296,58
2024-08-25 15:00:00,784,306,85
2024-08-25 16:00:00,669,306,84
2024-08-25 17:00:00,619,294,81
2024-08-25 18:00:00,601,220,99
2024-08-25 19:00:00,445,199,61
2024-08-25 20:00:00,255,326,61
2024-08-25 21:00:00,396,375,45
2024-08-25 22:00:00,565,483,28
2024-08-25 23:00:00,198,422,19
2024-08-26 00:00:00,107,297,15
2024-08-26 01:00:00,60,181,5
2024-08-26 02:00:00,37,129,3
2024-08-26 03:00:00,16,79,2
2024-08-26 04:00:00,22,48,8
2024-08-26 05:00:00,50,61,16
2024-08-26 06:00:00,89,54,26
2024-08-26 07:00:00,152,92,38
2024-08-26 08:00:00,322,89,40
2024-08-26 09:00:00,538,160,46
2024-08-26 10:00:00,718,173,57
2024-08-26 11:00:00,784,126,77
2024-08-26 12:00:00,746,110,83
2024-08-26 13:00:00,689,141,111
2024-08-26 14:00:00,737,159,73
2024-08-26 15:00:00,656,192,110
2024-08-26 16:00:00,675,165,96
2024-08-26 17:00:00,632,170,97
2024-08-26 18:00:00,575,145,102
2024-08-26 19:00:00,379,119,66
2024-08-26 20:00:00,322,141,38
2024-08-26 21:00:00,218,145,41
2024-08-26 22:00:00,129,100,17
2024-08-26 23:00:00,50,101,8
2024-08-27 00:00:00,26,63,4
2024-08-27 01:00:00,14,53,4
2024-08-27 02:00:00,13,35,3
2024-08-27 03:00:00,26,28,2
2024-08-27 04:00:00,34,28,11
2024-08-27 05:00:00,121,71,29
2024-08-27 06:00:00,468,106,150
2024-08-27 07:00:00,1220,167,286
2024-08-27 08:00:00,715,176,167
2024-08-27 09:00:00,538,130,75
2024-08-27 10:00:00,662,146,55
2024-08-27 11:00:00,1540,147,85
2024-08-27 12:00:00,1525,144,92
2024-08-27 13:00:00,883,135,91
2024-08-27 14:00:00,784,154,101
2024-08-27 15:00:00,993,150,164
2024-08-27 16:00:00,1606,149,329
2024-08-27 17:00:00,941,191,214
2024-08-27 18:00:00,685,186,138
2024-08-27 19:00:00,431,175,92
2024-08-27 20:00:00,366,178,68
2024-08-27 21:00:00,250,182,34
2024-08-27 22:00:00,141,126,17
2024-08-27 23:00:00,67,120,3
2024-08-28 00:00:00,58,81,9
2024-08-28 01:00:00,29,56,2
2024-08-28 02:00:00,14,29,3
2024-08-28 03:00:00,11,39,3
2024-08-28 04:00:00,46,32,9
2024-08-28 05:00:00,121,70,48
2024-08-28 06:00:00,527,134,169
2024-08-28 07:00:00,1348,167,317
2024-08-28 08:00:00,756,193,159
2024-08-28 09:00:00,571,163,95
2024-08-28 10:00:00,732,163,78
2024-08-28 11:00:00,1573,154,110
2024-08-28 12:00:00,1629,172,100
2024-08-28 13:00:00,917,180,94
2024-08-28 14:00:00,756,219,79
2024-08-28 15:00:00,1209,209,172
2024-08-28 16:00:00,1840,210,375
2024-08-28 17:00:00,1093,221,208
2024-08-28 18:00:00,781,201,132
2024-08-28 19:00:00,547,163,76
2024-08-28 20:00:00,483,180,61
2024-08-28 21:00:00,332,214,44
2024-08-28 22:00:00,213,148,32
2024-08-28 23:00:00,83,129,5
2024-08-29 00:00:00,34,84,4
2024-08-29 01:00:00,35,61,0
2024-08-29 02:00:00,18,54,1
2024-08-29 03:00:00,13,44,3
2024-08-29 04:00:00,39,63,6
2024-08-29 05:00:00,132,66,37
2024-08-29 06:00:00,496,123,145
2024-08-29 07:00:00,1356,212,303
2024-08-29 08:00:00,760,214,163
2024-08-29 09:00:00,507,202,80
2024-08-29 10:00:00,702,172,77
2024-08-29 11:00:00,1781,176,93
2024-08-29 12:00:00,1640,152,99
2024-08-29 13:00:00,880,192,105
2024-08-29 14:00:00,837,231,107
2024-08-29 15:00:00,1124,213,184
2024-08-29 16:00:00,1871,220,343
2024-08-29 17:00:00,1129,270,228
2024-08-29 18:00:00,801,238,151
2024-08-29 19:00:00,641,205,115
2024-08-29 20:00:00,464,252,80
2024-08-29 21:00:00,448,259,59
2024-08-29 22:00:00,236,196,29
2024-08-29 23:00:00,120,175,28
2024-08-30 00:00:00,82,133,3
2024-08-30 01:00:00,50,88,4
2024-08-30 02:00:00,19,61,4
2024-08-30 03:00:00,19,44,3
2024-08-30 04:00:00,43,50,12
2024-08-30 05:00:00,112,53,19
2024-08-30 06:00:00,393,101,105
2024-08-30 07:00:00,914,174,203
2024-08-30 08:00:00,580,196,140
2024-08-30 09:00:00,531,212,75
2024-08-30 10:00:00,710,192,70
2024-08-30 11:00:00,1403,182,98
2024-08-30 12:00:00,1351,174,108
2024-08-30 13:00:00,909,214,105
2024-08-30 14:00:00,802,277,105
2024-08-30 15:00:00,1147,324,180
2024-08-30 16:00:00,1408,295,224
2024-08-30 17:00:00,1199,351,154
2024-08-30 18:00:00,940,375,128
2024-08-30 19:00:00,742,291,119
2024-08-30 20:00:00,690,327,81
2024-08-30 21:00:00,703,396,77
2024-08-30 22:00:00,411,389,42
2024-08-30 23:00:00,244,335,13
2024-08-31 00:00:00,174,350,14
2024-08-31 01:00:00,98,287,10
2024-08-31 02:00:00,99,228,2
2024-08-31 03:00:00,61,153,2
2024-08-31 04:00:00,58,102,8
2024-08-31 05:00:00,61,75,16
2024-08-31 06:00:00,97,76,29
2024-08-31 07:00:00,226,113,39
2024-08-31 08:00:00,415,130,42
2024-08-31 09:00:00,574,194,77
2024-08-31 10:00:00,815,209,88
2024-08-31 11:00:00,1062,280,94
2024-08-31 12:00:00,923,307,89
2024-08-31 13:00:00,898,358,91
2024-08-31 14:00:00,977,386,111
2024-08-31 15:00:00,868,388,74
2024-08-31 16:00:00,809,376,93
2024-08-31 17:00:00,931,393,83
2024-08-31 18:00:00,762,407,99
2024-08-31 19:00:00,589,338,91
2024-08-31 20:00:00,669,378,61
2024-08-31 21:00:00,511,484,41
2024-08-31 22:00:00,506,459,40
2024-08-31 23:00:00,350,566,23
2024-09-01 00:00:00,252,521,10
2024-09-01 01:00:00,169,408,8
2024-09-01 02:00:00,97,352,5
2024-09-01 03:00:00,76,209,0
2024-09-01 04:00:00,28,106,4
2024-09-01 05:00:00,47,66,16
2024-09-01 06:00:00,93,72,16
2024-09-01 07:00:00,135,75,41
2024-09-01 08:00:00,273,99,40
2024-09-01 09:00:00,466,146,44
2024-09-01 10:00:00,658,161,46
2024-09-01 11:00:00,793,196,63
2024-09-01 12:00:00,659,182,67
2024-09-01 13:00:00,695,250,81
2024-09-01 14:00:00,587,247,65
2024-09-01 15:00:00,376,313,56
2024-09-01 16:00:00,457,256,72
2024-09-01 17:00:00,462,220,108
2024-09-01 18:00:00,446,183,89
2024-09-01 19:00:00,365,197,77
2024-09-01 20:00:00,258,208,49
2024-09-01 21:00:00,236,219,31
2024-09-01 22:00:00,215,297,25
2024-09-01 23:00:00,146,226,8
2024-09-02 00:00:00,36,114,7
2024-09-02 01:00:00,17,86,3
2024-09-02 02:00:00,28,47,6
2024-09-02 03:00:00,12,41,5
2024-09-02 04:00:00,38,28,7
2024-09-02 05:00:00,134,76,31
2024-09-02 06:00:00,427,125,128
2024-09-02 07:00:00,1232,186,241
2024-09-02 08:00:00,657,254,151
2024-09-02 09:00:00,550,185,43
2024-09-02 10:00:00,615,172,67
2024-09-02 11:00:00,1432,173,72
2024-09-02 12:00:00,1345,175,90
2024-09-02 13:00:00,690,192,84
2024-09-02 14:00:00,621,201,91
2024-09-02 15:00:00,973,173,138
2024-09-02 16:00:00,1571,145,257
2024-09-02 17:00:00,859,206,204
2024-09-02 18:00:00,489,185,117
2024-09-02 19:00:00,364,171,75
2024-09-02 20:00:00,241,191,58
2024-09-02 21:00:00,206,154,35
2024-09-02 22:00:00,68,119,20
2024-09-02 23:00:00,34,85,7
2024-09-03 00:00:00,31,77,6
2024-09-03 01:00:00,24,46,1
2024-09-03 02:00:00,10,40,1
2024-09-03 03:00:00,9,27,4
2024-09-03 04:00:00,33,44,12
2024-09-03 05:00:00,133,74,48
2024-09-03 06:00:00,512,148,155
2024-09-03 07:00:00,1384,194,325
2024-09-03 08:00:00,812,250,157
2024-09-03 09:00:00,485,187,81
2024-09-03 10:00:00,628,145,62
2024-09-03 11:00:00,1522,160,95
2024-09-03 12:00:00,1539,159,104
2024-09-03 13:00:00,706,168,95
2024-09-03 14:00:00,773,187,98
2024-09-03 15:00:00,1081,213,157
2024-09-03 16:00:00,1810,246,325
2024-09-03 17:00:00,1188,197,223
2024-09-03 18:00:00,703,171,181
2024-09-03 19:00:00,559,197,68
2024-09-03 20:00:00,360,190,64
2024-09-03 21:00:00,320,192,42
2024-09-03 22:00:00,146,176,19
2024-09-03 23:00:00,74,124,7
2024-09-04 00:00:00,36,80,3
2024-09-04 01:00:00,29,56,1
2024-09-04 02:00:00,29,40,1
2024-09-04 03:00:00,14,33,5
2024-09-04 04:00:00,40,32,10
2024-09-04 05:00:00,131,92,42
2024-09-04 06:00:00,542,132,152
2024-09-04 07:00:00,1466,188,346
2024-09-04 08:00:00,818,263,189
2024-09-04 09:00:00,596,206,74
2024-09-04 10:00:00,624,180,51
2024-09-04 11:00:00,1571,167,97
2024-09-04 12:00:00,1511,172,113
2024-09-04 13:00:00,864,170,94
2024-09-04 14:00:00,733,207,100
2024-09-04 15:00:00,1120,210,166
2024-09-04 16:00:00,1845,220,348
2024-09-04 17:00:00,1070,240,257
2024-09-04 18:00:00,625,211,123
2024-09-04 19:00:00,472,191,92
2024-09-04 20:00:00,383,213,57
2024-09-04 21:00:00,269,200,61
2024-09-04 22:00:00,142,204,10
2024-09-04 23:00:00,56,141,10
2024-09-05 00:00:00,60,91,5
2024-09-05 01:00:00,20,75,1
2024-09-05 02:00:00,22,58,3
2024-09-05 03:00:00,11,40,4
2024-09-05 04:00:00,38,43,8
2024-09-05 05:00:00,126,85,37
2024-09-05 06:00:00,508,135,132
2024-09-05 07:00:00,1421,224,276
2024-09-05 08:00:00,857,320,167
2024-09-05 09:00:00,404,276,53
2024-09-05 10:00:00,439,231,62
2024-09-05 11:00:00,1048,248,81
2024-09-05 12:00:00,1076,225,58
2024-09-05 13:00:00,502,246,50
2024-09-05 14:00:00,611,244,71
2024-09-05 15:00:00,943,303,154
2024-09-05 16:00:00,1776,292,276
2024-09-05 17:00:00,1027,324,194
2024-09-05 18:00:00,787,268,117
2024-09-05 19:00:00,469,233,73
2024-09-05 20:00:00,451,213,59
2024-09-05 21:00:00,418,270,36
2024-09-05 22:00:00,291,205,28
2024-09-05 23:00:00,90,169,7
2024-09-06 00:00:00,67,129,11
2024-09-06 01:00:00,45,96,1
2024-09-06 02:00:00,11,63,1
2024-09-06 03:00:00,26,60,2
2024-09-06 04:00:00,54,40,10
2024-09-06 05:00:00,112,69,32
2024-09-06 06:00:00,384,115,84
2024-09-06 07:00:00,894,217,156
2024-09-06 08:00:00,562,320,95
2024-09-06 09:00:00,369,306,41
2024-09-06 10:00:00,456,241,54
2024-09-06 11:00:00,1054,193,79
2024-09-06 12:00:00,1038,191,64
2024-09-06 13:00:00,740,248,78
2024-09-06 14:00:00,673,194,80
2024-09-06 15:00:00,1043,263,113
2024-09-06 16:00:00,1365,304,170
2024-09-06 17:00:00,969,389,153
2024-09-06 18:00:00,724,400,95
2024-09-06 19:00:00,505,295,64
2024-09-06 20:00:00,453,285,57
2024-09-06 21:00:00,451,433,47
2024-09-06 22:00:00,425,358,29
2024-09-06 23:00:00,256,329,11
2024-09-07 00:00:00,175,281,9
2024-09-07 01:00:00,127,242,1
2024-09-07 02:00:00,104,207,4
2024-09-07 03:00:00,85,130,2
2024-09-07 04:00:00,49,103,6
2024-09-07 05:00:00,66,68,28
2024-09-07 06:00:00,81,94,26
2024-09-07 07:00:00,232,114,29
2024-09-07 08:00:00,375,146,34
2024-09-07 09:00:00,667,204,66
2024-09-07 10:00:00,918,246,65
2024-09-07 11:00:00,1060,283,81
2024-09-07 12:00:00,1075,267,79
2024-09-07 13:00:00,996,288,89
2024-09-07 14:00:00,1031,300,91
2024-09-07 15:00:00,1119,305,89
2024-09-07 16:00:00,1198,319,81
2024-09-07 17:00:00,998,441,102
2024-09-07 18:00:00,934,409,110
2024-09-07 19:00:00,797,411,75
2024-09-07 20:00:00,711,374,48
2024-09-07 21:00:00,729,394,49
2024-09-07 22:00:00,575,408,33
2024-09-07 23:00:00,368,415,14
2024-09-08 00:00:00,280,425,12
2024-09-08 01:00:00,143,392,6
2024-09-08 02:00:00,175,346,8
2024-09-08 03:00:00,47,196,2
2024-09-08 04:00:00,29,109,4
2024-09-08 05:00:00,34,86,6
2024-09-08 06:00:00,52,60,15
2024-09-08 07:00:00,145,73,28
2024-09-08 08:00:00,290,139,34
2024-09-08 09:00:00,584,136,41
2024-09-08 10:00:00,672,168,42
2024-09-08 11:00:00,814,184,65
2024-09-08 12:00:00,753,173,61
2024-09-08 13:00:00,885,214,65
2024-09-08 14:00:00,751,198,71
2024-09-08 15:00:00,659,247,69
2024-09-08 16:00:00,801,199,74
2024-09-08 17:00:00,634,224,104
2024-09-08 18:00:00,509,179,70
2024-09-08 19:00:00,354,204,67
2024-09-08 20:00:00,276,175,35
2024-09-08 21:00:00,207,209,34
2024-09-08 22:00:00,151,134,18
2024-09-08 23:00:00,66,84,8
2024-09-09 00:00:00,72,86,5
2024-09-09 01:00:00,23,69,1
2024-09-09 02:00:00,13,42,2
2024-09-09 03:00:00,20,30,5
2024-09-09 04:00:00,42,39,9
2024-09-09 05:00:00,131,73,40
2024-09-09 06:00:00,466,132,127
2024-09-09 07:00:00,1384,172,317
2024-09-09 08:00:00,824,286,177
2024-09-09 09:00:00,597,178,79
2024-09-09 10:00:00,725,195,72
2024-09-09 11:00:00,1445,143,102
2024-09-09 12:00:00,1540,136,94
2024-09-09 13:00:00,895,180,82
2024-09-09 14:00:00,874,195,104
2024-09-09 15:00:00,1136,219,146
2024-09-09 16:00:00,1782,229,364
2024-09-09 17:00:00,1097,209,212
2024-09-09 18:00:00,689,197,115
2024-09-09 19:00:00,454,221,79
2024-09-09 20:00:00,408,192,52
2024-09-09 21:00:00,283,174,31
2024-09-09 22:00:00,147,113,17
2024-09-09 23:00:00,84,109,4
2024-09-10 00:00:00,52,67,3
2024-09-10 01:00:00,36,50,3
2024-09-10 02:00:00,32,48,1
2024-09-10 03:00:00,26,41,2
2024-09-10 04:00:00,43,39,10
2024-09-10 05:00:00,134,95,32
2024-09-10 06:00:00,526,171,152
2024-09-10 07:00:00,1581,180,347
2024-09-10 08:00:00,989,314,197
2024-09-10 09:00:00,984,235,66
2024-09-10 10:00:00,671,169,52
2024-09-10 11:00:00,1626,207,79
2024-09-10 12:00:00,1747,197,93
2024-09-10 13:00:00,869,189,84
2024-09-10 14:00:00,831,238,89
2024-09-10 15:00:00,1118,228,169
2024-09-10 16:00:00,1785,345,298
2024-09-10 17:00:00,1031,300,237
2024-09-10 18:00:00,733,259,164
2024-09-10 19:00:00,506,171,83
2024-09-10 20:00:00,387,235,47
2024-09-10 21:00:00,297,209,42
2024-09-10 22:00:00,197,147,27
2024-09-10 23:00:00,109,130,4
2024-09-11 00:00:00,50,116,5
2024-09-11 01:00:00,29,42,3
2024-09-11 02:00:00,20,57,2
2024-09-11 03:00:00,12,40,2
2024-09-11 04:00:00,43,48,12
2024-09-11 05:00:00,123,92,46
2024-09-11 06:00:00,555,148,129
2024-09-11 07:00:00,1552,193,334
2024-09-11 08:00:00,979,357,198
2024-09-11 09:00:00,657,253,94
2024-09-11 10:00:00,795,170,63
2024-09-11 11:00:00,1648,172,93
2024-09-11 12:00:00,1663,185,101
2024-09-11 13:00:00,1011,196,95
2024-09-11 14:00:00,913,208,127
2024-09-11 15:00:00,1239,223,191
2024-09-11 16:00:00,2056,243,359
2024-09-11 17:00:00,1286,290,206
2024-09-11 18:00:00,964,220,118
2024-09-11 19:00:00,564,203,95
2024-09-11 20:00:00,493,235,52
2024-09-11 21:00:00,541,245,53
2024-09-11 22:00:00,592,194,36
2024-09-11 23:00:00,306,137,11
2024-09-12 00:00:00,132,123,6
2024-09-12 01:00:00,171,94,2
2024-09-12 02:00:00,56,76,3
2024-09-12 03:00:00,29,57,2
2024-09-12 04:00:00,40,51,9
2024-09-12 05:00:00,165,102,44
2024-09-12 06:00:00,550,155,155
2024-09-12 07:00:00,1578,219,343
2024-09-12 08:00:00,1006,350,176
2024-09-12 09:00:00,638,212,70
2024-09-12 10:00:00,747,193,85
2024-09-12 11:00:00,1684,201,110
2024-09-12 12:00:00,1688,219,113
2024-09-12 13:00:00,989,256,66
2024-09-12 14:00:00,970,216,100
2024-09-12 15:00:00,1316,265,170
2024-09-12 16:00:00,2031,245,338
2024-09-12 17:00:00,1299,329,226
2024-09-12 18:00:00,937,267,126
2024-09-12 19:00:00,893,284,93
2024-09-12 20:00:00,646,270,61
2024-09-12 21:00:00,868,342,50
2024-09-12 22:00:00,414,360,20
2024-09-12 23:00:00,262,238,5
2024-09-13 00:00:00,144,227,8
2024-09-13 01:00:00,196,168,6
2024-09-13 02:00:00,183,149,7
2024-09-13 03:00:00,44,73,2
2024-09-13 04:00:00,39,49,14
2024-09-13 05:00:00,128,70,28
2024-09-13 06:00:00,447,151,113
2024-09-13 07:00:00,1120,215,235
2024-09-13 08:00:00,701,260,123
2024-09-13 09:00:00,610,182,73
2024-09-13 10:00:00,757,174,69
2024-09-13 11:00:00,1283,175,91
2024-09-13 12:00:00,1348,183,80
2024-09-13 13:00:00,976,247,100
2024-09-13 14:00:00,916,252,122
2024-09-13 15:00:00,1324,317,176
2024-09-13 16:00:00,1719,344,233
2024-09-13 17:00:00,1286,380,155
2024-09-13 18:00:00,1028,362,129
2024-09-13 19:00:00,779,385,73
2024-09-13 20:00:00,616,325,74
2024-09-13 21:00:00,712,415,50
2024-09-13 22:00:00,454,378,33
2024-09-13 23:00:00,296,319,13
2024-09-14 00:00:00,193,362,11
2024-09-14 01:00:00,130,267,8
2024-09-14 02:00:00,86,223,5
2024-09-14 03:00:00,37,136,4
2024-09-14 04:00:00,42,95,7
2024-09-14 05:00:00,61,81,20
2024-09-14 06:00:00,100,89,32
2024-09-14 07:00:00,242,141,41
2024-09-14 08:00:00,428,168,49
2024-09-14 09:00:00,763,182,60
2024-09-14 10:00:00,927,227,90
2024-09-14 11:00:00,1128,261,79
2024-09-14 12:00:00,1092,229,78
2024-09-14 13:00:00,1157,314,76
2024-09-14 14:00:00,1134,301,87
2024-09-14 15:00:00,1039,283,91
2024-09-14 16:00:00,1127,337,94
2024-09-14 17:00:00,1124,415,111
2024-09-14 18:00:00,1033,398,96
2024-09-14 19:00:00,812,411,77
2024-09-14 20:00:00,795,420,69
2024-09-14 21:00:00,740,481,53
2024-09-14 22:00:00,636,448,34
2024-09-14 23:00:00,404,394,19
2024-09-15 00:00:00,289,454,6
2024-09-15 01:00:00,272,357,17
2024-09-15 02:00:00,213,339,11
2024-09-15 03:00:00,96,217,4
2024-09-15 04:00:00,46,133,3
2024-09-15 05:00:00,52,77,12
2024-09-15 06:00:00,80,59,19
2024-09-15 07:00:00,160,90,54
2024-09-15 08:00:00,351,141,43
2024-09-15 09:00:00,575,152,62
2024-09-15 10:00:00,718,188,74
2024-09-15 11:00:00,867,202,64
2024-09-15 12:00:00,888,178,78
2024-09-15 13:00:00,776,212,80
2024-09-15 14:00:00,829,205,69
2024-09-15 15:00:00,787,215,68
2024-09-15 16:00:00,824,253,72
2024-09-15 17:00:00,681,262,80
2024-09-15 18:00:00,589,201,88
2024-09-15 19:00:00,458,223,70
2024-09-15 20:00:00,301,232,53
2024-09-15 21:00:00,373,217,36
2024-09-15 22:00:00,281,212,19
2024-09-15 23:00:00,132,129,7
2024-09-16 00:00:00,100,96,9
2024-09-16 01:00:00,65,85,1
2024-09-16 02:00:00,40,58,2
2024-09-16 03:00:00,13,59,4
2024-09-16 04:00:00,35,34,12
2024-09-16 05:00:00,110,114,39
2024-09-16 06:00:00,461,142,134
2024-09-16 07:00:00,1524,185,323
2024-09-16 08:00:00,890,299,191
2024-09-16 09:00:00,693,233,75
2024-09-16 10:00:00,720,173,73
2024-09-16 11:00:00,1563,186,100
2024-09-16 12:00:00,1543,150,98
2024-09-16 13:00:00,846,187,112
2024-09-16 14:00:00,1128,195,123
2024-09-16 15:00:00,1257,227,185
2024-09-16 16:00:00,1812,214,365
2024-09-16 17:00:00,1433,246,218
2024-09-16 18:00:00,802,213,126
2024-09-16 19:00:00,532,197,85
2024-09-16 20:00:00,452,214,61
2024-09-16 21:00:00,468,254,37
2024-09-16 22:00:00,224,170,20
2024-09-16 23:00:00,78,148,8
2024-09-17 00:00:00,58,85,5
2024-09-17 01:00:00,63,65,4
2024-09-17 02:00:00,39,67,3
2024-09-17 03:00:00,17,55,4
2024-09-17 04:00:00,43,60,13
2024-09-17 05:00:00,143,101,40
2024-09-17 06:00:00,588,154,173
2024-09-17 07:00:00,1686,177,399
2024-09-17 08:00:00,1061,298,209
2024-09-17 09:00:00,709,203,79
2024-09-17 10:00:00,805,191,79
2024-09-17 11:00:00,1682,190,104
2024-09-17 12:00:00,1871,157,91
2024-09-17 13:00:00,1044,201,104
2024-09-17 14:00:00,1020,225,134
2024-09-17 15:00:00,1332,245,209
2024-09-17 16:00:00,2163,243,407
2024-09-17 17:00:00,1477,242,265
2024-09-17 18:00:00,865,245,137
2024-09-17 19:00:00,615,233,103
2024-09-17 20:00:00,501,263,75
2024-09-17 21:00:00,483,246,43
2024-09-17 22:00:00,272,221,24
2024-09-17 23:00:00,166,173,5
2024-09-18 00:00:00,97,130,5
2024-09-18 01:00:00,72,91,2
2024-09-18 02:00:00,26,64,8
2024-09-18 03:00:00,21,45,3
2024-09-18 04:00:00,33,38,17
2024-09-18 05:00:00,134,126,45
2024-09-18 06:00:00,537,184,148
2024-09-18 07:00:00,1666,198,361
2024-09-18 08:00:00,970,268,220
2024-09-18 09:00:00,610,215,75
2024-09-18 10:00:00,768,205,80
2024-09-18 11:00:00,1749,189,105
2024-09-18 12:00:00,1794,172,107
2024-09-18 13:00:00,1069,214,97
2024-09-18 14:00:00,909,192,119
2024-09-18 15:00:00,1274,187,213
2024-09-18 16:00:00,2101,227,417
2024-09-18 17:00:00,1204,246,229
2024-09-18 18:00:00,862,243,180
2024-09-18 19:00:00,640,243,125
2024-09-18 20:00:00,513,247,56
2024-09-18 21:00:00,483,281,59
2024-09-18 22:00:00,272,248,13
2024-09-18 23:00:00,146,173,8
2024-09-19 00:00:00,79,137,3
2024-09-19 01:00:00,91,99,5
2024-09-19 02:00:00,34,94,3
2024-09-19 03:00:00,16,72,5
2024-09-19 04:00:00,40,46,14
2024-09-19 05:00:00,141,83,37
2024-09-19 06:00:00,527,165,150
2024-09-19 07:00:00,1656,212,326
2024-09-19 08:00:00,1071,321,217
2024-09-19 09:00:00,696,254,92
2024-09-19 10:00:00,815,210,120
2024-09-19 11:00:00,1771,203,108
2024-09-19 12:00:00,1793,187,105
2024-09-19 13:00:00,1001,211,110
2024-09-19 14:00:00,928,227,102
2024-09-19 15:00:00,1382,255,214
2024-09-19 16:00:00,2056,247,349
2024-09-19 17:00:00,1259,266,222
2024-09-19 18:00:00,917,234,164
2024-09-19 19:00:00,726,262,102
2024-09-19 20:00:00,553,268,63
2024-09-19 21:00:00,581,284,56
2024-09-19 22:00:00,448,239,24
2024-09-19 23:00:00,209,262,13
2024-09-20 00:00:00,184,184,13
2024-09-20 01:00:00,185,135,5
2024-09-20 02:00:00,56,118,5
2024-09-20 03:00:00,24,78,5
2024-09-20 04:00:00,36,52,10
2024-09-20 05:00:00,126,77,28
2024-09-20 06:00:00,409,134,127
2024-09-20 07:00:00,1204,231,233
2024-09-20 08:00:00,736,277,209
2024-09-20 09:00:00,631,251,70
2024-09-20 10:00:00,749,208,73
2024-09-20 11:00:00,1301,215,85
2024-09-20 12:00:00,1477,232,108
2024-09-20 13:00:00,914,271,98
2024-09-20 14:00:00,788,273,85
2024-09-20 15:00:00,1178,317,191
2024-09-20 16:00:00,1560,328,224
2024-09-20 17:00:00,1244,400,175
2024-09-20 18:00:00,1001,405,133
2024-09-20 19:00:00,768,388,89
2024-09-20 20:00:00,687,369,71
2024-09-20 21:00:00,773,445,61
2024-09-20 22:00:00,610,336,40
2024-09-20 23:00:00,381,348,21
2024-09-21 00:00:00,232,338,6
2024-09-21 01:00:00,224,257,6
2024-09-21 02:00:00,227,258,7
2024-09-21 03:00:00,71,195,5
2024-09-21 04:00:00,48,96,4
2024-09-21 05:00:00,79,83,17
2024-09-21 06:00:00,110,98,21
2024-09-21 07:00:00,212,146,28
2024-09-21 08:00:00,339,235,32
2024-09-21 09:00:00,605,279,48
2024-09-21 10:00:00,833,299,73
2024-09-21 11:00:00,1134,343,57
2024-09-21 12:00:00,1066,299,54
2024-09-21 13:00:00,1039,345,72
2024-09-21 14:00:00,932,348,73
2024-09-21 15:00:00,999,345,78
2024-09-21 16:00:00,1182,334,89
2024-09-21 17:00:00,1080,441,77
2024-09-21 18:00:00,1095,410,113
2024-09-21 19:00:00,919,498,90
2024-09-21 20:00:00,768,446,57
2024-09-21 21:00:00,821,490,64
2024-09-21 22:00:00,614,473,33
2024-09-21 23:00:00,482,476,11
2024-09-22 00:00:00,319,438,12
2024-09-22 01:00:00,273,445,5
2024-09-22 02:00:00,193,366,5
2024-09-22 03:00:00,71,253,3
2024-09-22 04:00:00,29,106,6
2024-09-22 05:00:00,47,82,11
2024-09-22 06:00:00,50,78,13
2024-09-22 07:00:00,82,94,21
2024-09-22 08:00:00,139,178,13
2024-09-22 09:00:00,335,198,22
2024-09-22 10:00:00,369,267,28
2024-09-22 11:00:00,539,252,61
2024-09-22 12:00:00,569,188,56
2024-09-22 13:00:00,645,193,67
2024-09-22 14:00:00,669,227,71
2024-09-22 15:00:00,510,228,40
2024-09-22 16:00:00,602,263,65
2024-09-22 17:00:00,642,197,89
2024-09-22 18:00:00,596,219,86
2024-09-22 19:00:00,383,213,64
2024-09-22 20:00:00,381,205,47
2024-09-22 21:00:00,331,197,30
2024-09-22 22:00:00,173,166,13
2024-09-22 23:00:00,69,102,7
2024-09-23 00:00:00,41,91,5
2024-09-23 01:00:00,24,60,2
2024-09-23 02:00:00,16,48,3
2024-09-23 03:00:00,11,50,4
2024-09-23 04:00:00,40,43,10
2024-09-23 05:00:00,98,66,29
2024-09-23 06:00:00,399,141,91
2024-09-23 07:00:00,1300,196,196
2024-09-23 08:00:00,732,363,106
2024-09-23 09:00:00,633,294,47
2024-09-23 10:00:00,451,251,43
2024-09-23 11:00:00,860,218,64
2024-09-23 12:00:00,963,234,56
2024-09-23 13:00:00,580,203,62
2024-09-23 14:00:00,581,242,56
2024-09-23 15:00:00,977,280,114
2024-09-23 16:00:00,1537,266,230
2024-09-23 17:00:00,947,235,143
2024-09-23 18:00:00,557,231,94
2024-09-23 19:00:00,360,179,70
2024-09-23 20:00:00,289,172,46
2024-09-23 21:00:00,254,190,42
2024-09-23 22:00:00,155,137,21
2024-09-23 23:00:00,68,90,10
2024-09-24 00:00:00,50,82,3
2024-09-24 01:00:00,30,55,0
2024-09-24 02:00:00,23,40,1
2024-09-24 03:00:00,13,35,4
2024-09-24 04:00:00,50,43,9
2024-09-24 05:00:00,155,111,48
2024-09-24 06:00:00,567,162,140
2024-09-24 07:00:00,1691,204,344
2024-09-24 08:00:00,974,317,196
2024-09-24 09:00:00,604,207,88
2024-09-24 10:00:00,748,204,85
2024-09-24 11:00:00,1656,164,111
2024-09-24 12:00:00,1769,177,97
2024-09-24 13:00:00,948,201,79
2024-09-24 14:00:00,947,199,116
2024-09-24 15:00:00,1322,212,185
2024-09-24 16:00:00,2103,238,398
2024-09-24 17:00:00,1299,226,260
2024-09-24 18:00:00,804,220,145
2024-09-24 19:00:00,508,237,96
2024-09-24 20:00:00,479,237,71
2024-09-24 21:00:00,420,278,51
2024-09-24 22:00:00,223,183,18
2024-09-24 23:00:00,105,115,8
2024-09-25 00:00:00,75,99,4
2024-09-25 01:00:00,70,87,2
2024-09-25 02:00:00,45,54,4
2024-09-25 03:00:00,20,35,4
2024-09-25 04:00:00,37,55,8
2024-09-25 05:00:00,138,86,39
2024-09-25 06:00:00,588,167,149
2024-09-25 07:00:00,1634,224,360
2024-09-25 08:00:00,979,347,194
2024-09-25 09:00:00,597,233,72
2024-09-25 10:00:00,782,175,70
2024-09-25 11:00:00,1676,192,103
2024-09-25 12:00:00,1433,219,75
2024-09-25 13:00:00,886,238,85
2024-09-25 14:00:00,768,224,93
2024-09-25 15:00:00,917,315,165
2024-09-25 16:00:00,1960,331,351
2024-09-25 17:00:00,1347,262,254
2024-09-25 18:00:00,942,252,125
2024-09-25 19:00:00,723,255,110
2024-09-25 20:00:00,559,263,52
2024-09-25 21:00:00,532,226,49
2024-09-25 22:00:00,299,212,24
2024-09-25 23:00:00,118,175,14
2024-09-26 00:00:00,45,136,1
2024-09-26 01:00:00,38,97,6
2024-09-26 02:00:00,21,63,5
2024-09-26 03:00:00,19,52,2
2024-09-26 04:00:00,39,52,10
2024-09-26 05:00:00,125,90,41
2024-09-26 06:00:00,486,191,131
2024-09-26 07:00:00,1593,266,324
2024-09-26 08:00:00,1108,359,177
2024-09-26 09:00:00,751,266,83
2024-09-26 10:00:00,704,204,68
2024-09-26 11:00:00,1787,257,90
2024-09-26 12:00:00,1784,185,92
2024-09-26 13:00:00,941,277,97
2024-09-26 14:00:00,976,227,105
2024-09-26 15:00:00,1329,274,184
2024-09-26 16:00:00,1989,312,324
2024-09-26 17:00:00,1251,386,247
2024-09-26 18:00:00,778,407,131
2024-09-26 19:00:00,583,299,101
2024-09-26 20:00:00,547,266,74
2024-09-26 21:00:00,494,352,55
2024-09-26 22:00:00,291,307,21
2024-09-26 23:00:00,146,246,6
2024-09-27 00:00:00,74,281,7
2024-09-27 01:00:00,55,196,5
2024-09-27 02:00:00,43,101,3
2024-09-27 03:00:00,14,62,5
2024-09-27 04:00:00,26,49,14
2024-09-27 05:00:00,123,107,37
2024-09-27 06:00:00,400,154,79
2024-09-27 07:00:00,1179,244,236
2024-09-27 08:00:00,720,276,137
2024-09-27 09:00:00,649,236,71
2024-09-27 10:00:00,694,214,77
2024-09-27 11:00:00,1416,204,86
2024-09-27 12:00:00,1384,163,104
2024-09-27 13:00:00,1085,277,112
2024-09-27 14:00:00,1092,290,128
2024-09-27 15:00:00,1434,336,176
2024-09-27 16:00:00,1827,368,235
2024-09-27 17:00:00,1402,405,188
2024-09-27 18:00:00,1014,472,109
2024-09-27 19:00:00,731,400,90
2024-09-27 20:00:00,782,408,74
2024-09-27 21:00:00,885,398,63
2024-09-27 22:00:00,713,434,43
2024-09-27 23:00:00,423,410,22
2024-09-28 00:00:00,376,386,16
2024-09-28 01:00:00,252,331,6
2024-09-28 02:00:00,242,333,8
2024-09-28 03:00:00,105,217,4
2024-09-28 04:00:00,58,104,9
2024-09-28 05:00:00,66,84,17
2024-09-28 06:00:00,95,90,23
2024-09-28 07:00:00,217,161,40
2024-09-28 08:00:00,456,183,56
2024-09-28 09:00:00,673,213,66
2024-09-28 10:00:00,997,279,77
2024-09-28 11:00:00,1186,261,95
2024-09-28 12:00:00,1156,317,103
2024-09-28 13:00:00,1247,277,78
2024-09-28 14:00:00,1282,384,87
2024-09-28 15:00:00,1261,347,69
2024-09-28 16:00:00,1281,386,109
2024-09-28 17:00:00,1292,469,96
2024-09-28 18:00:00,1136,459,71
2024-09-28 19:00:00,892,468,74
2024-09-28 20:00:00,769,500,71
2024-09-28 21:00:00,938,549,54
2024-09-28 22:00:00,748,532,31
2024-09-28 23:00:00,418,512,16
2024-09-29 00:00:00,309,493,11
2024-09-29 01:00:00,309,425,15
2024-09-29 02:00:00,245,375,7
2024-09-29 03:00:00,129,248,4
2024-09-29 04:00:00,85,188,3
2024-09-29 05:00:00,70,105,9
2024-09-29 06:00:00,83,96,21
2024-09-29 07:00:00,180,95,22
2024-09-29 08:00:00,367,138,46
2024-09-29 09:00:00,622,142,70
2024-09-29 10:00:00,674,164,67
2024-09-29 11:00:00,827,226,57
2024-09-29 12:00:00,709,175,72
2024-09-29 13:00:00,688,189,63
2024-09-29 14:00:00,750,208,79
2024-09-29 15:00:00,681,220,98
2024-09-29 16:00:00,603,277,85
2024-09-29 17:00:00,512,230,79
2024-09-29 18:00:00,398,315,83
2024-09-29 19:00:00,302,269,68
2024-09-29 20:00:00,234,244,40
2024-09-29 21:00:00,184,229,37
2024-09-29 22:00:00,94,200,14
2024-09-29 23:00:00,36,147,2
2024-09-30 00:00:00,15,86,4
2024-09-30 01:00:00,11,52,1
2024-09-30 02:00:00,21,46,3
2024-09-30 03:00:00,15,44,5
2024-09-30 04:00:00,32,46,12
2024-09-30 05:00:00,115,96,35
2024-09-30 06:00:00,456,126,132
2024-09-30 07:00:00,1443,198,308
2024-09-30 08:00:00,891,298,180
2024-09-30 09:00:00,588,240,50
2024-09-30 10:00:00,657,200,61
2024-09-30 11:00:00,1464,144,82
2024-09-30 12:00:00,1441,197,80
2024-09-30 13:00:00,797,195,79
2024-09-30 14:00:00,831,187,100
2024-09-30 15:00:00,1106,184,176
2024-09-30 16:00:00,1741,189,339
2024-09-30 17:00:00,1216,202,223
2024-09-30 18:00:00,648,207,105
2024-09-30 19:00:00,451,225,65
2024-09-30 20:00:00,344,219,71
2024-09-30 21:00:00,332,173,47
2024-09-30 22:00:00,132,115,11
2024-09-30 23:00:00,55,98,14
2024-10-01 00:00:00,36,95,13
2024-10-01 01:00:00,29,54,2
2024-10-01 02:00:00,28,43,2
2024-10-01 03:00:00,15,36,4
2024-10-01 04:00:00,41,51,14
2024-10-01 05:00:00,143,91,37
2024-10-01 06:00:00,606,149,159
2024-10-01 07:00:00,1726,204,391
2024-10-01 08:00:00,990,263,198
2024-10-01 09:00:00,657,205,95
2024-10-01 10:00:00,713,167,71
2024-10-01 11:00:00,1726,168,94
2024-10-01 12:00:00,1703,192,102
2024-10-01 13:00:00,908,183,78
2024-10-01 14:00:00,922,217,120
2024-10-01 15:00:00,1266,223,203
2024-10-01 16:00:00,2112,214,387
2024-10-01 17:00:00,1341,232,232
2024-10-01 18:00:00,751,252,144
2024-10-01 19:00:00,540,194,93
2024-10-01 20:00:00,403,212,73
2024-10-01 21:00:00,389,183,39
2024-10-01 22:00:00,183,161,14
2024-10-01 23:00:00,111,128,3
2024-10-02 00:00:00,58,129,5
2024-10-02 01:00:00,31,90,2
2024-10-02 02:00:00,21,63,2
2024-10-02 03:00:00,9,41,9
2024-10-02 04:00:00,36,54,15
2024-10-02 05:00:00,138,77,51
2024-10-02 06:00:00,573,156,145
2024-10-02 07:00:00,1628,213,373
2024-10-02 08:00:00,944,297,192
2024-10-02 09:00:00,589,228,82
2024-10-02 10:00:00,695,230,93
2024-10-02 11:00:00,1676,197,91
2024-10-02 12:00:00,1687,194,94
2024-10-02 13:00:00,917,233,105
2024-10-02 14:00:00,903,194,122
2024-10-02 15:00:00,1443,229,195
2024-10-02 16:00:00,2058,248,418
2024-10-02 17:00:00,1278,275,242
2024-10-02 18:00:00,843,270,140
2024-10-02 19:00:00,606,269,122
2024-10-02 20:00:00,462,262,66
2024-10-02 21:00:00,450,232,66
2024-10-02 22:00:00,283,213,30
2024-10-02 23:00:00,117,153,17
2024-10-03 00:00:00,80,110,7
2024-10-03 01:00:00,50,62,6
2024-10-03 02:00:00,38,65,4
2024-10-03 03:00:00,10,48,9
2024-10-03 04:00:00,51,65,17
2024-10-03 05:00:00,131,91,48
2024-10-03 06:00:00,557,152,148
2024-10-03 07:00:00,1709,202,379
2024-10-03 08:00:00,1051,319,189
2024-10-03 09:00:00,626,261,73
2024-10-03 10:00:00,756,200,64
2024-10-03 11:00:00,1861,196,87
2024-10-03 12:00:00,1920,201,101
2024-10-03 13:00:00,1005,208,98
2024-10-03 14:00:00,1097,232,155
2024-10-03 15:00:00,1423,243,185
2024-10-03 16:00:00,2284,252,363
2024-10-03 17:00:00,1436,267,266
2024-10-03 18:00:00,965,301,161
2024-10-03 19:00:00,750,255,114
2024-10-03 20:00:00,613,248,71
2024-10-03 21:00:00,520,306,68
2024-10-03 22:00:00,299,261,37
2024-10-03 23:00:00,104,208,7
2024-10-04 00:00:00,75,170,6
2024-10-04 01:00:00,80,135,5
2024-10-04 02:00:00,45,87,2
2024-10-04 03:00:00,15,57,3
2024-10-04 04:00:00,42,65,12
2024-10-04 05:00:00,125,68,33
2024-10-04 06:00:00,445,140,101
2024-10-04 07:00:00,1225,203,250
2024-10-04 08:00:00,779,277,147
2024-10-04 09:00:00,679,204,116
2024-10-04 10:00:00,745,213,70
2024-10-04 11:00:00,1425,198,99
2024-10-04 12:00:00,1475,191,100
2024-10-04 13:00:00,1054,267,121
2024-10-04 14:00:00,1034,274,132
2024-10-04 15:00:00,1289,311,189
2024-10-04 16:00:00,1677,320,238
2024-10-04 17:00:00,1274,371,171
2024-10-04 18:00:00,1024,371,105
2024-10-04 19:00:00,781,436,85
2024-10-04 20:00:00,628,422,67
2024-10-04 21:00:00,813,453,68
2024-10-04 22:00:00,663,403,36
2024-10-04 23:00:00,338,428,13
2024-10-05 00:00:00,267,319,8
2024-10-05 01:00:00,259,267,3
2024-10-05 02:00:00,183,276,10
2024-10-05 03:00:00,123,200,7
2024-10-05 04:00:00,59,125,7
2024-10-05 05:00:00,63,71,16
2024-10-05 06:00:00,103,106,27
2024-10-05 07:00:00,253,138,61
2024-10-05 08:00:00,428,186,58
2024-10-05 09:00:00,725,211,92
2024-10-05 10:00:00,1070,243,79
2024-10-05 11:00:00,1070,284,90
2024-10-05 12:00:00,1198,262,85
2024-10-05 13:00:00,1126,322,100
2024-10-05 14:00:00,1296,351,76
2024-10-05 15:00:00,1166,319,126
2024-10-05 16:00:00,1238,390,108
2024-10-05 17:00:00,1107,461,140
2024-10-05 18:00:00,1133,511,122
2024-10-05 19:00:00,909,471,86
2024-10-05 20:00:00,721,441,66
2024-10-05 21:00:00,883,535,54
2024-10-05 22:00:00,735,552,43
2024-10-05 23:00:00,530,512,18
2024-10-06 00:00:00,466,399,12
2024-10-06 01:00:00,266,420,13
2024-10-06 02:00:00,185,339,6
2024-10-06 03:00:00,56,235,4
2024-10-06 04:00:00,34,104,4
2024-10-06 05:00:00,50,68,11
2024-10-06 06:00:00,67,60,20
2024-10-06 07:00:00,160,87,39
2024-10-06 08:00:00,279,170,21
2024-10-06 09:00:00,674,163,55
2024-10-06 10:00:00,664,172,54
2024-10-06 11:00:00,891,227,62
2024-10-06 12:00:00,778,188,99
2024-10-06 13:00:00,773,221,77
2024-10-06 14:00:00,610,240,65
2024-10-06 15:00:00,491,332,47
2024-10-06 16:00:00,618,280,84
2024-10-06 17:00:00,571,247,77
2024-10-06 18:00:00,607,249,81
2024-10-06 19:00:00,295,263,74
2024-10-06 20:00:00,257,269,42
2024-10-06 21:00:00,295,226,28
2024-10-06 22:00:00,142,149,14
2024-10-06 23:00:00,67,113,1
2024-10-07 00:00:00,37,73,7
2024-10-07 01:00:00,34,76,2
2024-10-07 02:00:00,36,49,0
2024-10-07 03:00:00,22,42,8
2024-10-07 04:00:00,36,57,18
2024-10-07 05:00:00,130,88,44
2024-10-07 06:00:00,484,148,127
2024-10-07 07:00:00,1485,195,351
2024-10-07 08:00:00,976,302,170
2024-10-07 09:00:00,638,192,63
2024-10-07 10:00:00,735,180,55
2024-10-07 11:00:00,1445,155,66
2024-10-07 12:00:00,1626,186,80
2024-10-07 13:00:00,857,194,108
2024-10-07 14:00:00,828,207,109
2024-10-07 15:00:00,1223,233,162
2024-10-07 16:00:00,1911,224,355
2024-10-07 17:00:00,1274,234,225
2024-10-07 18:00:00,822,236,116
2024-10-07 19:00:00,550,246,92
2024-10-07 20:00:00,359,199,66
2024-10-07 21:00:00,340,231,57
2024-10-07 22:00:00,115,181,18
2024-10-07 23:00:00,49,109,9
2024-10-08 00:00:00,39,80,1
2024-10-08 01:00:00,18,45,4
2024-10-08 02:00:00,20,48,6
2024-10-08 03:00:00,12,38,7
2024-10-08 04:00:00,37,51,12
2024-10-08 05:00:00,139,97,39
2024-10-08 06:00:00,563,173,146
2024-10-08 07:00:00,1630,203,351
2024-10-08 08:00:00,1037,304,171
2024-10-08 09:00:00,648,251,69
2024-10-08 10:00:00,604,255,51
2024-10-08 11:00:00,1339,192,91
2024-10-08 12:00:00,853,244,81
2024-10-08 13:00:00,654,240,68
2024-10-08 14:00:00,721,264,84
2024-10-08 15:00:00,1178,256,163
2024-10-08 16:00:00,1944,271,323
2024-10-08 17:00:00,1114,330,233
2024-10-08 18:00:00,713,308,111
2024-10-08 19:00:00,677,256,84
2024-10-08 20:00:00,456,263,56
2024-10-08 21:00:00,346,266,42
2024-10-08 22:00:00,217,210,30
2024-10-08 23:00:00,108,132,9
2024-10-09 00:00:00,69,90,5
2024-10-09 01:00:00,32,93,0
2024-10-09 02:00:00,32,47,2
2024-10-09 03:00:00,24,50,6
2024-10-09 04:00:00,32,44,12
2024-10-09 05:00:00,141,87,45
2024-10-09 06:00:00,593,186,134
2024-10-09 07:00:00,1698,215,353
2024-10-09 08:00:00,1063,319,210
2024-10-09 09:00:00,744,193,78
2024-10-09 10:00:00,794,251,62
2024-10-09 11:00:00,1691,188,111
2024-10-09 12:00:00,1688,162,119
2024-10-09 13:00:00,914,207,88
2024-10-09 14:00:00,1039,228,104
2024-10-09 15:00:00,1340,212,199
2024-10-09 16:00:00,1898,273,398
2024-10-09 17:00:00,1258,264,222
2024-10-09 18:00:00,827,331,118
2024-10-09 19:00:00,572,261,103
2024-10-09 20:00:00,497,294,66
2024-10-09 21:00:00,409,278,48
2024-10-09 22:00:00,212,245,20
2024-10-09 23:00:00,83,194,5
2024-10-10 00:00:00,61,141,3
2024-10-10 01:00:00,49,74,1
2024-10-10 02:00:00,28,100,2
2024-10-10 03:00:00,16,57,5
2024-10-10 04:00:00,29,53,9
2024-10-10 05:00:00,118,86,46
2024-10-10 06:00:00,545,188,154
2024-10-10 07:00:00,1647,209,351
2024-10-10 08:00:00,983,346,170
2024-10-10 09:00:00,649,234,70
2024-10-10 10:00:00,741,232,72
2024-10-10 11:00:00,1657,207,100
2024-10-10 12:00:00,1825,222,109
2024-10-10 13:00:00,932,213,112
2024-10-10 14:00:00,974,223,135
2024-10-10 15:00:00,1425,291,172
2024-10-10 16:00:00,2092,264,335
2024-10-10 17:00:00,1385,274,260
2024-10-10 18:00:00,912,291,148
2024-10-10 19:00:00,698,268,116
2024-10-10 20:00:00,501,302,94
2024-10-10 21:00:00,562,299,49
2024-10-10 22:00:00,298,258,21
2024-10-10 23:00:00,150,249,6
2024-10-11 00:00:00,105,167,10
2024-10-11 01:00:00,90,143,7
2024-10-11 02:00:00,50,98,2
2024-10-11 03:00:00,23,76,3
2024-10-11 04:00:00,30,68,16
2024-10-11 05:00:00,120,70,37
2024-10-11 06:00:00,453,136,106
2024-10-11 07:00:00,1141,222,236
2024-10-11 08:00:00,805,272,136
2024-10-11 09:00:00,703,231,93
2024-10-11 10:00:00,696,215,76
2024-10-11 11:00:00,1292,161,92
2024-10-11 12:00:00,1367,206,110
2024-10-11 13:00:00,1055,269,106
2024-10-11 14:00:00,999,281,125
2024-10-11 15:00:00,1369,309,183
2024-10-11 16:00:00,1804,357,246
2024-10-11 17:00:00,1320,415,170
2024-10-11 18:00:00,1006,451,122
2024-10-11 19:00:00,838,396,100
2024-10-11 20:00:00,735,418,77
2024-10-11 21:00:00,850,451,48
2024-10-11 22:00:00,619,472,46
2024-10-11 23:00:00,401,470,18
2024-10-12 00:00:00,236,389,4
2024-10-12 01:00:00,214,299,8
2024-10-12 02:00:00,279,228,2
2024-10-12 03:00:00,136,164,7
2024-10-12 04:00:00,32,138,11
2024-10-12 05:00:00,64,87,23
2024-10-12 06:00:00,102,96,27
2024-10-12 07:00:00,193,120,27
2024-10-12 08:00:00,433,150,45
2024-10-12 09:00:00,671,210,64
2024-10-12 10:00:00,967,236,70
2024-10-12 11:00:00,944,247,88
2024-10-12 12:00:00,1153,281,66
2024-10-12 13:00:00,1089,324,72
2024-10-12 14:00:00,1086,373,91
2024-10-12 15:00:00,1233,335,92
2024-10-12 16:00:00,1229,394,100
2024-10-12 17:00:00,1159,436,86
2024-10-12 18:00:00,1070,500,98
2024-10-12 19:00:00,854,449,72
2024-10-12 20:00:00,701,453,71
2024-10-12 21:00:00,920,486,33
2024-10-12 22:00:00,562,470,33
2024-10-12 23:00:00,434,519,18
2024-10-13 00:00:00,274,481,5
2024-10-13 01:00:00,231,423,4
2024-10-13 02:00:00,147,293,3
2024-10-13 03:00:00,70,196,2
2024-10-13 04:00:00,33,145,3
2024-10-13 05:00:00,50,77,13
2024-10-13 06:00:00,76,72,25
2024-10-13 07:00:00,137,87,41
2024-10-13 08:00:00,292,128,32
2024-10-13 09:00:00,547,192,39
2024-10-13 10:00:00,630,179,60
2024-10-13 11:00:00,883,207,67
2024-10-13 12:00:00,750,190,65
2024-10-13 13:00:00,765,199,68
2024-10-13 14:00:00,746,243,103
2024-10-13 15:00:00,824,222,70
2024-10-13 16:00:00,761,227,80
2024-10-13 17:00:00,644,248,102
2024-10-13 18:00:00,524,254,89
2024-10-13 19:00:00,399,233,89
2024-10-13 20:00:00,331,211,29
2024-10-13 21:00:00,191,209,39
2024-10-13 22:00:00,125,127,15
2024-10-13 23:00:00,56,95,11
2024-10-14 00:00:00,35,121,4
2024-10-14 01:00:00,16,76,3
2024-10-14 02:00:00,12,39,1
2024-10-14 03:00:00,7,44,3
2024-10-14 04:00:00,3,14,0
2024-10-14 05:00:00,95,71,41
2024-10-14 06:00:00,430,168,119
2024-10-14 07:00:00,1392,213,325
2024-10-14 08:00:00,898,298,163
2024-10-14 09:00:00,622,213,63
2024-10-14 10:00:00,622,210,68
2024-10-14 11:00:00,1357,204,81
2024-10-14 12:00:00,1502,163,70
2024-10-14 13:00:00,816,202,88
2024-10-14 14:00:00,834,198,90
2024-10-14 15:00:00,1166,195,167
2024-10-14 16:00:00,1917,228,322
2024-10-14 17:00:00,1202,220,196
2024-10-14 18:00:00,663,269,123
2024-10-14 19:00:00,453,193,73
2024-10-14 20:00:00,383,224,67
2024-10-14 21:00:00,359,195,35
2024-10-14 22:00:00,156,143,25
2024-10-14 23:00:00,89,114,9
2024-10-15 00:00:00,30,82,4
2024-10-15 01:00:00,25,67,2
2024-10-15 02:00:00,22,57,3
2024-10-15 03:00:00,20,35,4
2024-10-15 04:00:00,44,52,11
2024-10-15 05:00:00,144,98,50
2024-10-15 06:00:00,561,171,158
2024-10-15 07:00:00,1779,214,371
2024-10-15 08:00:00,1042,332,215
2024-10-15 09:00:00,630,227,78
2024-10-15 10:00:00,729,195,63
2024-10-15 11:00:00,1645,210,112
2024-10-15 12:00:00,1698,181,103
2024-10-15 13:00:00,895,205,88
2024-10-15 14:00:00,912,242,113
2024-10-15 15:00:00,1385,215,191
2024-10-15 16:00:00,2102,238,398
2024-10-15 17:00:00,1259,252,258
2024-10-15 18:00:00,792,316,141
2024-10-15 19:00:00,460,298,95
2024-10-15 20:00:00,384,237,77
2024-10-15 21:00:00,297,256,33
2024-10-15 22:00:00,167,197,24
2024-10-15 23:00:00,82,150,14
2024-10-16 00:00:00,52,119,3
2024-10-16 01:00:00,38,81,4
2024-10-16 02:00:00,43,62,4
2024-10-16 03:00:00,18,39,1
2024-10-16 04:00:00,40,42,12
2024-10-16 05:00:00,116,102,44
2024-10-16 06:00:00,541,173,111
2024-10-16 07:00:00,1547,230,280
2024-10-16 08:00:00,972,270,159
2024-10-16 09:00:00,557,276,51
2024-10-16 10:00:00,515,269,40
2024-10-16 11:00:00,1325,249,79
2024-10-16 12:00:00,1531,178,75
2024-10-16 13:00:00,797,230,81
2024-10-16 14:00:00,862,221,84
2024-10-16 15:00:00,1265,246,155
2024-10-16 16:00:00,1928,312,298
2024-10-16 17:00:00,1069,318,260
2024-10-16 18:00:00,593,367,236
2024-10-16 19:00:00,501,302,143
2024-10-16 20:00:00,533,260,115
2024-10-16 21:00:00,425,256,56
2024-10-16 22:00:00,217,225,46
2024-10-16 23:00:00,101,166,16
2024-10-17 00:00:00,56,122,9
2024-10-17 01:00:00,32,80,5
2024-10-17 02:00:00,23,59,3
2024-10-17 03:00:00,18,51,3
2024-10-17 04:00:00,38,52,12
2024-10-17 05:00:00,155,99,51
2024-10-17 06:00:00,509,176,140
2024-10-17 07:00:00,1760,234,324
2024-10-17 08:00:00,1086,330,198
2024-10-17 09:00:00,700,217,83
2024-10-17 10:00:00,690,219,77
2024-10-17 11:00:00,1678,196,88
2024-10-17 12:00:00,1778,182,95
2024-10-17 13:00:00,943,210,83
2024-10-17 14:00:00,1016,251,127
2024-10-17 15:00:00,1514,259,210
2024-10-17 16:00:00,2225,273,389
2024-10-17 17:00:00,1444,303,238
2024-10-17 18:00:00,968,318,150
2024-10-17 19:00:00,889,277,108
2024-10-17 20:00:00,583,324,83
2024-10-17 21:00:00,511,283,58
2024-10-17 22:00:00,334,242,35
2024-10-17 23:00:00,146,200,10
2024-10-18 00:00:00,93,173,4
2024-10-18 01:00:00,86,116,6
2024-10-18 02:00:00,57,105,11
2024-10-18 03:00:00,33,56,4
2024-10-18 04:00:00,40,63,11
2024-10-18 05:00:00,116,64,37
2024-10-18 06:00:00,401,182,109
2024-10-18 07:00:00,1138,218,222
2024-10-18 08:00:00,802,269,155
2024-10-18 09:00:00,698,262,81
2024-10-18 10:00:00,791,268,74
2024-10-18 11:00:00,1441,229,107
2024-10-18 12:00:00,1447,233,115
2024-10-18 13:00:00,1098,299,99
2024-10-18 14:00:00,1074,300,135
2024-10-18 15:00:00,1441,352,157
2024-10-18 16:00:00,1732,402,224
2024-10-18 17:00:00,919,443,190
2024-10-18 18:00:00,917,551,108
2024-10-18 19:00:00,699,396,89
2024-10-18 20:00:00,593,348,76
2024-10-18 21:00:00,727,421,70
2024-10-18 22:00:00,534,355,31
2024-10-18 23:00:00,335,360,14
2024-10-19 00:00:00,148,369,12
2024-10-19 01:00:00,100,291,5
2024-10-19 02:00:00,65,271,6
2024-10-19 03:00:00,24,187,8
2024-10-19 04:00:00,54,105,3
2024-10-19 05:00:00,67,57,21
2024-10-19 06:00:00,107,87,23
2024-10-19 07:00:00,217,192,33
2024-10-19 08:00:00,463,224,57
2024-10-19 09:00:00,735,221,73
2024-10-19 10:00:00,961,278,72
2024-10-19 11:00:00,1115,310,97
2024-10-19 12:00:00,1215,350,82
2024-10-19 13:00:00,1227,371,77
2024-10-19 14:00:00,1240,389,92
2024-10-19 15:00:00,1293,323,82
2024-10-19 16:00:00,1290,388,114
2024-10-19 17:00:00,1195,450,78
2024-10-19 18:00:00,1135,482,97
2024-10-19 19:00:00,811,500,72
2024-10-19 20:00:00,700,436,48
2024-10-19 21:00:00,929,467,39
2024-10-19 22:00:00,622,496,28
2024-10-19 23:00:00,418,496,17
2024-10-20 00:00:00,294,467,10
2024-10-20 01:00:00,237,406,6
2024-10-20 02:00:00,190,309,6
2024-10-20 03:00:00,65,222,5
2024-10-20 04:00:00,34,127,2
2024-10-20 05:00:00,41,94,9
2024-10-20 06:00:00,76,65,10
2024-10-20 07:00:00,140,110,18
2024-10-20 08:00:00,225,178,21
2024-10-20 09:00:00,536,209,15
2024-10-20 10:00:00,520,239,36
2024-10-20 11:00:00,583,287,42
2024-10-20 12:00:00,631,229,65
2024-10-20 13:00:00,728,211,51
2024-10-20 14:00:00,772,240,66
2024-10-20 15:00:00,747,211,88
2024-10-20 16:00:00,804,221,93
2024-10-20 17:00:00,693,205,88
2024-10-20 18:00:00,506,249,96
2024-10-20 19:00:00,378,200,62
2024-10-20 20:00:00,383,216,38
2024-10-20 21:00:00,335,190,39
2024-10-20 22:00:00,104,135,14
2024-10-20 23:00:00,48,98,5
2024-10-21 00:00:00,35,102,4
2024-10-21 01:00:00,39,67,3
2024-10-21 02:00:00,18,41,0
2024-10-21 03:00:00,17,37,4
2024-10-21 04:00:00,34,62,9
2024-10-21 05:00:00,121,106,41
2024-10-21 06:00:00,474,166,135
2024-10-21 07:00:00,1447,232,335
2024-10-21 08:00:00,815,259,171
2024-10-21 09:00:00,548,200,78
2024-10-21 10:00:00,641,187,61
2024-10-21 11:00:00,1481,186,88
2024-10-21 12:00:00,1487,172,93
2024-10-21 13:00:00,824,184,81
2024-10-21 14:00:00,981,169,110
2024-10-21 15:00:00,1182,208,160
2024-10-21 16:00:00,1859,198,351
2024-10-21 17:00:00,1269,183,201
2024-10-21 18:00:00,754,206,94
2024-10-21 19:00:00,645,208,75
2024-10-21 20:00:00,380,174,71
2024-10-21 21:00:00,334,157,38
2024-10-21 22:00:00,140,136,18
2024-10-21 23:00:00,81,91,5
2024-10-22 00:00:00,55,77,5
2024-10-22 01:00:00,36,49,1
2024-10-22 02:00:00,16,49,2
2024-10-22 03:00:00,18,48,3
2024-10-22 04:00:00,42,52,13
2024-10-22 05:00:00,153,86,41
2024-10-22 06:00:00,588,180,168
2024-10-22 07:00:00,1642,209,363
2024-10-22 08:00:00,1095,284,210
2024-10-22 09:00:00,626,245,74
2024-10-22 10:00:00,728,193,66
2024-10-22 11:00:00,1820,181,92
2024-10-22 12:00:00,1775,186,104
2024-10-22 13:00:00,912,179,108
2024-10-22 14:00:00,931,186,121
2024-10-22 15:00:00,1313,244,211
2024-10-22 16:00:00,2110,272,392
2024-10-22 17:00:00,1415,251,232
2024-10-22 18:00:00,919,254,145
2024-10-22 19:00:00,607,216,109
2024-10-22 20:00:00,424,211,78
2024-10-22 21:00:00,503,212,59
2024-10-22 22:00:00,257,165,31
2024-10-22 23:00:00,97,162,6
2024-10-23 00:00:00,68,95,7
2024-10-23 01:00:00,30,64,1
2024-10-23 02:00:00,30,54,4
2024-10-23 03:00:00,17,26,4
2024-10-23 04:00:00,35,50,13
2024-10-23 05:00:00,148,90,41
2024-10-23 06:00:00,606,175,137
2024-10-23 07:00:00,1657,252,359
2024-10-23 08:00:00,1002,316,209
2024-10-23 09:00:00,644,224,84
2024-10-23 10:00:00,714,207,58
2024-10-23 11:00:00,1694,184,122
2024-10-23 12:00:00,1779,177,101
2024-10-23 13:00:00,917,212,98
2024-10-23 14:00:00,991,206,116
2024-10-23 15:00:00,1282,225,196
2024-10-23 16:00:00,2168,300,392
2024-10-23 17:00:00,1337,308,257
2024-10-23 18:00:00,893,274,162
2024-10-23 19:00:00,628,251,125
2024-10-23 20:00:00,479,286,59
2024-10-23 21:00:00,519,259,74
2024-10-23 22:00:00,269,195,22
2024-10-23 23:00:00,110,150,6
2024-10-24 00:00:00,47,121,8
2024-10-24 01:00:00,30,80,2
2024-10-24 02:00:00,25,82,8
2024-10-24 03:00:00,27,53,4
2024-10-24 04:00:00,40,37,12
2024-10-24 05:00:00,162,77,48
2024-10-24 06:00:00,534,143,152
2024-10-24 07:00:00,1628,235,359
2024-10-24 08:00:00,1004,300,196
2024-10-24 09:00:00,624,197,65
2024-10-24 10:00:00,748,182,67
2024-10-24 11:00:00,1901,204,104
2024-10-24 12:00:00,1786,183,82
2024-10-24 13:00:00,964,227,90
2024-10-24 14:00:00,924,227,118
2024-10-24 15:00:00,1355,257,175
2024-10-24 16:00:00,2125,293,336
2024-10-24 17:00:00,1382,339,271
2024-10-24 18:00:00,939,350,157
2024-10-24 19:00:00,645,287,119
2024-10-24 20:00:00,557,279,71
2024-10-24 21:00:00,740,318,55
2024-10-24 22:00:00,309,254,32
2024-10-24 23:00:00,117,212,13
2024-10-25 00:00:00,80,198,3
2024-10-25 01:00:00,61,123,3
2024-10-25 02:00:00,30,45,4
2024-10-25 03:00:00,26,59,3
2024-10-25 04:00:00,54,57,13
2024-10-25 05:00:00,116,79,40
2024-10-25 06:00:00,397,138,105
2024-10-25 07:00:00,1101,244,223
2024-10-25 08:00:00,601,276,108
2024-10-25 09:00:00,572,261,56
2024-10-25 10:00:00,629,211,63
2024-10-25 11:00:00,1321,197,92
2024-10-25 12:00:00,1343,216,97
2024-10-25 13:00:00,1113,272,110
2024-10-25 14:00:00,1041,296,105
2024-10-25 15:00:00,1355,383,162
2024-10-25 16:00:00,1664,370,235
2024-10-25 17:00:00,1281,423,192
2024-10-25 18:00:00,1036,497,122
2024-10-25 19:00:00,788,488,95
2024-10-25 20:00:00,774,415,73
2024-10-25 21:00:00,889,510,64
2024-10-25 22:00:00,698,429,31
2024-10-25 23:00:00,348,416,14
2024-10-26 00:00:00,236,361,21
2024-10-26 01:00:00,253,295,5
2024-10-26 02:00:00,222,299,1
2024-10-26 03:00:00,183,193,3
2024-10-26 04:00:00,104,179,5
2024-10-26 05:00:00,88,78,20
2024-10-26 06:00:00,104,113,25
2024-10-26 07:00:00,298,135,44
2024-10-26 08:00:00,623,234,55
2024-10-26 09:00:00,832,244,107
2024-10-26 10:00:00,937,258,67
2024-10-26 11:00:00,1309,308,81
2024-10-26 12:00:00,1279,274,98
2024-10-26 13:00:00,1551,327,101
2024-10-26 14:00:00,1648,310,83
2024-10-26 15:00:00,1629,405,91
2024-10-26 16:00:00,1375,409,92
2024-10-26 17:00:00,1333,421,85
2024-10-26 18:00:00,1146,510,69
2024-10-26 19:00:00,974,476,79
2024-10-26 20:00:00,865,470,68
2024-10-26 21:00:00,867,510,45
2024-10-26 22:00:00,799,549,42
2024-10-26 23:00:00,485,514,31
2024-10-27 00:00:00,296,504,11
2024-10-27 01:00:00,217,427,6
2024-10-27 02:00:00,182,392,6
2024-10-27 03:00:00,205,315,6
2024-10-27 04:00:00,140,226,3
2024-10-27 05:00:00,44,102,3
2024-10-27 06:00:00,61,90,10
2024-10-27 07:00:00,110,76,19
2024-10-27 08:00:00,217,101,37
2024-10-27 09:00:00,396,156,47
2024-10-27 10:00:00,662,213,58
2024-10-27 11:00:00,783,199,57
2024-10-27 12:00:00,903,197,79
2024-10-27 13:00:00,948,213,71
2024-10-27 14:00:00,832,226,82
2024-10-27 15:00:00,917,244,99
2024-10-27 16:00:00,923,228,86
2024-10-27 17:00:00,821,272,78
2024-10-27 18:00:00,702,277,86
2024-10-27 19:00:00,670,344,94
2024-10-27 20:00:00,463,287,73
2024-10-27 21:00:00,311,255,34
2024-10-27 22:00:00,286,184,40
2024-10-27 23:00:00,230,244,24
2024-10-28 00:00:00,67,135,7
2024-10-28 01:00:00,31,110,3
2024-10-28 02:00:00,29,81,0
2024-10-28 03:00:00,9,50,1
2024-10-28 04:00:00,5,10,1
2024-10-28 05:00:00,26,25,8
2024-10-28 06:00:00,131,83,29
2024-10-28 07:00:00,568,141,125
2024-10-28 08:00:00,1472,182,292
2024-10-28 09:00:00,843,178,119
2024-10-28 10:00:00,914,211,60
2024-10-28 11:00:00,847,174,52
2024-10-28 12:00:00,1515,187,69
2024-10-28 13:00:00,1440,200,63
2024-10-28 14:00:00,859,198,58
2024-10-28 15:00:00,821,192,93
2024-10-28 16:00:00,1194,217,147
2024-10-28 17:00:00,1738,254,304
2024-10-28 18:00:00,1121,277,201
2024-10-28 19:00:00,751,244,106
2024-10-28 20:00:00,497,228,77
2024-10-28 21:00:00,368,198,54
2024-10-28 22:00:00,392,174,44
2024-10-28 23:00:00,259,192,30
2024-10-29 00:00:00,86,141,11
2024-10-29 01:00:00,49,108,5
2024-10-29 02:00:00,34,79,5
2024-10-29 03:00:00,24,56,2
2024-10-29 04:00:00,11,39,6
2024-10-29 05:00:00,49,35,10
2024-10-29 06:00:00,150,95,43
2024-10-29 07:00:00,596,137,160
2024-10-29 08:00:00,1622,188,329
2024-10-29 09:00:00,953,240,165
2024-10-29 10:00:00,678,190,71
2024-10-29 11:00:00,815,198,63
2024-10-29 12:00:00,1764,167,89
2024-10-29 13:00:00,1857,219,117
2024-10-29 14:00:00,938,223,78
2024-10-29 15:00:00,968,217,103
2024-10-29 16:00:00,1362,258,188
2024-10-29 17:00:00,2102,238,345
2024-10-29 18:00:00,1316,253,220
2024-10-29 19:00:00,840,286,135
2024-10-29 20:00:00,595,220,78
2024-10-29 21:00:00,500,176,61
2024-10-29 22:00:00,360,212,50
2024-10-29 23:00:00,261,172,27
2024-10-30 00:00:00,118,150,5
2024-10-30 01:00:00,45,112,9
2024-10-30 02:00:00,41,95,5
2024-10-30 03:00:00,36,69,3
2024-10-30 04:00:00,30,51,6
2024-10-30 05:00:00,38,44,6
2024-10-30 06:00:00,137,81,43
2024-10-30 07:00:00,583,136,156
2024-10-30 08:00:00,1517,210,288
2024-10-30 09:00:00,886,237,160
2024-10-30 10:00:00,673,229,49
2024-10-30 11:00:00,786,192,71
2024-10-30 12:00:00,1772,185,84
2024-10-30 13:00:00,1714,198,129
2024-10-30 14:00:00,1086,208,86
2024-10-30 15:00:00,1047,238,91
2024-10-30 16:00:00,1389,230,185
2024-10-30 17:00:00,2028,271,340
2024-10-30 18:00:00,1249,276,210
2024-10-30 19:00:00,866,304,140
2024-10-30 20:00:00,593,258,92
2024-10-30 21:00:00,518,243,80
2024-10-30 22:00:00,549,281,63
2024-10-30 23:00:00,280,237,19
2024-10-31 00:00:00,221,208,16
2024-10-31 01:00:00,111,146,8
2024-10-31 02:00:00,72,113,2
2024-10-31 03:00:00,63,82,2
2024-10-31 04:00:00,19,77,5
2024-10-31 05:00:00,32,43,10
2024-10-31 06:00:00,121,61,30
2024-10-31 07:00:00,551,127,127
2024-10-31 08:00:00,1502,164,285
2024-10-31 09:00:00,821,215,147
2024-10-31 10:00:00,653,185,73
2024-10-31 11:00:00,768,178,65
2024-10-31 12:00:00,1798,190,106
2024-10-31 13:00:00,1918,181,88
2024-10-31 14:00:00,1079,195,85
2024-10-31 15:00:00,982,234,124
2024-10-31 16:00:00,1345,230,180
2024-10-31 17:00:00,2007,295,322
2024-10-31 18:00:00,1363,319,203
2024-10-31 19:00:00,926,375,163
2024-10-31 20:00:00,743,358,69
2024-10-31 21:00:00,713,355,43
2024-10-31 22:00:00,766,379,53
2024-10-31 23:00:00,704,524,38
2024-11-01 00:00:00,420,451,17
2024-11-01 01:00:00,289,363,9
2024-11-01 02:00:00,372,306,3
2024-11-01 03:00:00,352,299,7
2024-11-01 04:00:00,166,219,3
2024-11-01 05:00:00,89,133,11
2024-11-01 06:00:00,112,89,32
2024-11-01 07:00:00,467,123,93
2024-11-01 08:00:00,1024,157,184
2024-11-01 09:00:00,746,204,138
2024-11-01 10:00:00,654,168,61
2024-11-01 11:00:00,864,203,61
2024-11-01 12:00:00,1453,183,97
2024-11-01 13:00:00,1575,207,97
2024-11-01 14:00:00,1124,266,94
2024-11-01 15:00:00,1072,285,118
2024-11-01 16:00:00,1424,312,192
2024-11-01 17:00:00,1709,385,203
2024-11-01 18:00:00,1258,425,170
2024-11-01 19:00:00,901,488,117
2024-11-01 20:00:00,746,423,93
2024-11-01 21:00:00,621,382,62
2024-11-01 22:00:00,771,432,61
2024-11-01 23:00:00,671,415,35
2024-11-02 00:00:00,370,390,33
2024-11-02 01:00:00,267,374,4
2024-11-02 02:00:00,246,340,6
2024-11-02 03:00:00,188,302,5
2024-11-02 04:00:00,132,274,6
2024-11-02 05:00:00,55,152,5
2024-11-02 06:00:00,64,97,12
2024-11-02 07:00:00,114,107,19
2024-11-02 08:00:00,195,144,35
2024-11-02 09:00:00,452,175,55
2024-11-02 10:00:00,641,223,64
2024-11-02 11:00:00,925,251,64
2024-11-02 12:00:00,1274,252,88
2024-11-02 13:00:00,1185,273,103
2024-11-02 14:00:00,1349,315,105
2024-11-02 15:00:00,1085,305,86
2024-11-02 16:00:00,1125,309,99
2024-11-02 17:00:00,1148,384,87
2024-11-02 18:00:00,1050,432,116
2024-11-02 19:00:00,946,474,91
2024-11-02 20:00:00,753,485,83
2024-11-02 21:00:00,765,483,46
2024-11-02 22:00:00,874,518,56
2024-11-02 23:00:00,626,510,38
2024-11-03 00:00:00,446,493,7
2024-11-03 01:00:00,320,484,15
2024-11-03 02:00:00,297,487,9
2024-11-03 03:00:00,293,388,3
2024-11-03 04:00:00,178,325,5
2024-11-03 05:00:00,64,153,3
2024-11-03 06:00:00,50,83,9
2024-11-03 07:00:00,82,77,10
2024-11-03 08:00:00,132,72,53
2024-11-03 09:00:00,318,117,50
2024-11-03 10:00:00,522,140,47
2024-11-03 11:00:00,728,205,70
2024-11-03 12:00:00,867,205,83
2024-11-03 13:00:00,755,207,72
2024-11-03 14:00:00,843,187,73
2024-11-03 15:00:00,703,219,56
2024-11-03 16:00:00,590,205,65
2024-11-03 17:00:00,673,260,91
2024-11-03 18:00:00,585,280,77
2024-11-03 19:00:00,507,261,87
2024-11-03 20:00:00,377,227,75
2024-11-03 21:00:00,294,209,42
2024-11-03 22:00:00,255,181,42
2024-11-03 23:00:00,167,198,21
2024-11-04 00:00:00,73,139,6
2024-11-04 01:00:00,53,72,5
2024-11-04 02:00:00,24,98,0
2024-11-04 03:00:00,14,42,0
2024-11-04 04:00:00,3,10,2
2024-11-04 05:00:00,30,46,13
2024-11-04 06:00:00,120,102,25
2024-11-04 07:00:00,532,135,151
2024-11-04 08:00:00,1441,182,318
2024-11-04 09:00:00,879,233,191
2024-11-04 10:00:00,558,199,73
2024-11-04 11:00:00,704,166,65
2024-11-04 12:00:00,1570,169,95
2024-11-04 13:00:00,1503,212,86
2024-11-04 14:00:00,815,185,87
2024-11-04 15:00:00,802,223,106
2024-11-04 16:00:00,1226,204,177
2024-11-04 17:00:00,1860,263,333
2024-11-04 18:00:00,1112,249,221
2024-11-04 19:00:00,689,231,93
2024-11-04 20:00:00,473,220,84
2024-11-04 21:00:00,371,215,65
2024-11-04 22:00:00,287,154,61
2024-11-04 23:00:00,165,154,23
2024-11-05 00:00:00,66,111,12
2024-11-05 01:00:00,43,93,3
2024-11-05 02:00:00,28,55,3
2024-11-05 03:00:00,17,60,7
2024-11-05 04:00:00,22,42,5
2024-11-05 05:00:00,37,30,13
2024-11-05 06:00:00,167,96,41
2024-11-05 07:00:00,613,148,164
2024-11-05 08:00:00,1695,175,413
2024-11-05 09:00:00,970,309,196
2024-11-05 10:00:00,585,207,81
2024-11-05 11:00:00,774,191,57
2024-11-05 12:00:00,1701,186,114
2024-11-05 13:00:00,1902,205,98
2024-11-05 14:00:00,904,170,100
2024-11-05 15:00:00,989,205,101
2024-11-05 16:00:00,1317,220,210
2024-11-05 17:00:00,2055,270,391
2024-11-05 18:00:00,1145,282,238
2024-11-05 19:00:00,768,282,162
2024-11-05 20:00:00,528,248,86
2024-11-05 21:00:00,420,212,68
2024-11-05 22:00:00,446,201,50
2024-11-05 23:00:00,183,183,21
2024-11-06 00:00:00,112,157,5
2024-11-06 01:00:00,55,133,4
2024-11-06 02:00:00,28,83,5
2024-11-06 03:00:00,32,52,5
2024-11-06 04:00:00,14,47,4
2024-11-06 05:00:00,27,50,10
2024-11-06 06:00:00,148,97,36
2024-11-06 07:00:00,610,162,132
2024-11-06 08:00:00,1704,221,376
2024-11-06 09:00:00,999,315,210
2024-11-06 10:00:00,662,267,93
2024-11-06 11:00:00,766,191,78
2024-11-06 12:00:00,1694,181,101
2024-11-06 13:00:00,1725,182,96
2024-11-06 14:00:00,878,212,92
2024-11-06 15:00:00,955,239,120
2024-11-06 16:00:00,1461,253,212
2024-11-06 17:00:00,2190,295,367
2024-11-06 18:00:00,1296,355,250
2024-11-06 19:00:00,951,285,131
2024-11-06 20:00:00,606,256,136
2024-11-06 21:00:00,540,238,76
2024-11-06 22:00:00,549,254,66
2024-11-06 23:00:00,344,240,34
2024-11-07 00:00:00,118,187,11
2024-11-07 01:00:00,63,153,5
2024-11-07 02:00:00,31,106,2
2024-11-07 03:00:00,34,59,8
2024-11-07 04:00:00,20,46,9
2024-11-07 05:00:00,33,62,9
2024-11-07 06:00:00,142,81,39
2024-11-07 07:00:00,590,151,143
2024-11-07 08:00:00,1662,211,356
2024-11-07 09:00:00,1014,299,205
2024-11-07 10:00:00,649,264,77
2024-11-07 11:00:00,742,219,79
2024-11-07 12:00:00,1803,191,100
2024-11-07 13:00:00,1881,231,101
2024-11-07 14:00:00,985,243,96
2024-11-07 15:00:00,991,244,136
2024-11-07 16:00:00,1402,261,204
2024-11-07 17:00:00,2155,321,370
2024-11-07 18:00:00,1521,395,270
2024-11-07 19:00:00,910,382,180
2024-11-07 20:00:00,631,287,113
2024-11-07 21:00:00,516,289,82
2024-11-07 22:00:00,653,308,59
2024-11-07 23:00:00,312,245,28
2024-11-08 00:00:00,179,223,9
2024-11-08 01:00:00,97,174,6
2024-11-08 02:00:00,71,152,5
2024-11-08 03:00:00,37,90,3
2024-11-08 04:00:00,28,70,4
2024-11-08 05:00:00,41,48,14
2024-11-08 06:00:00,110,75,41
2024-11-08 07:00:00,438,123,87
2024-11-08 08:00:00,1188,183,209
2024-11-08 09:00:00,761,278,154
2024-11-08 10:00:00,614,238,70
2024-11-08 11:00:00,792,197,63
2024-11-08 12:00:00,1358,195,90
2024-11-08 13:00:00,1528,222,124
2024-11-08 14:00:00,977,255,106
2024-11-08 15:00:00,1054,288,85
2024-11-08 16:00:00,1324,321,169
2024-11-08 17:00:00,1650,382,233
2024-11-08 18:00:00,1217,476,158
2024-11-08 19:00:00,867,469,126
2024-11-08 20:00:00,680,392,86
2024-11-08 21:00:00,637,399,90
2024-11-08 22:00:00,801,401,78
2024-11-08 23:00:00,666,456,40
2024-11-09 00:00:00,347,448,17
2024-11-09 01:00:00,266,385,9
2024-11-09 02:00:00,279,336,5
2024-11-09 03:00:00,211,341,6
2024-11-09 04:00:00,117,209,2
2024-11-09 05:00:00,73,122,9
2024-11-09 06:00:00,67,90,22
2024-11-09 07:00:00,99,116,23
2024-11-09 08:00:00,210,133,36
2024-11-09 09:00:00,447,166,70
2024-11-09 10:00:00,764,232,63
2024-11-09 11:00:00,997,251,99
2024-11-09 12:00:00,1145,277,98
2024-11-09 13:00:00,1144,315,89
2024-11-09 14:00:00,1130,324,68
2024-11-09 15:00:00,1177,341,84
2024-11-09 16:00:00,1162,295,91
2024-11-09 17:00:00,1308,411,96
2024-11-09 18:00:00,1083,461,107
2024-11-09 19:00:00,1085,508,78
2024-11-09 20:00:00,727,455,70
2024-11-09 21:00:00,801,496,58
2024-11-09 22:00:00,794,434,46
2024-11-09 23:00:00,576,447,31
2024-11-10 00:00:00,333,455,11
2024-11-10 01:00:00,275,468,11
2024-11-10 02:00:00,221,420,9
2024-11-10 03:00:00,138,365,5
2024-11-10 04:00:00,71,300,2
2024-11-10 05:00:00,39,117,8
2024-11-10 06:00:00,51,64,7
2024-11-10 07:00:00,81,50,15
2024-11-10 08:00:00,169,42,45
2024-11-10 09:00:00,415,91,45
2024-11-10 10:00:00,655,131,57
2024-11-10 11:00:00,844,108,64
2024-11-10 12:00:00,956,127,83
2024-11-10 13:00:00,833,178,79
2024-11-10 14:00:00,797,201,73
2024-11-10 15:00:00,896,217,83
2024-11-10 16:00:00,845,196,84
2024-11-10 17:00:00,758,250,75
2024-11-10 18:00:00,605,234,107
2024-11-10 19:00:00,491,267,75
2024-11-10 20:00:00,425,275,57
2024-11-10 21:00:00,296,227,53
2024-11-10 22:00:00,332,201,41
2024-11-10 23:00:00,177,166,20
2024-11-11 00:00:00,75,103,14
2024-11-11 01:00:00,33,111,5
2024-11-11 02:00:00,20,67,7
2024-11-11 03:00:00,25,48,0
2024-11-11 04:00:00,14,30,3
2024-11-11 05:00:00,45,44,9
2024-11-11 06:00:00,149,81,37
2024-11-11 07:00:00,474,130,134
2024-11-11 08:00:00,1518,182,343
2024-11-11 09:00:00,884,251,206
2024-11-11 10:00:00,642,210,67
2024-11-11 11:00:00,698,189,54
2024-11-11 12:00:00,1298,161,91
2024-11-11 13:00:00,1637,192,103
2024-11-11 14:00:00,951,207,80
2024-11-11 15:00:00,873,165,113
2024-11-11 16:00:00,1171,191,171
2024-11-11 17:00:00,1972,266,376
2024-11-11 18:00:00,1285,272,203
2024-11-11 19:00:00,741,229,110
2024-11-11 20:00:00,472,201,87
2024-11-11 21:00:00,364,197,55
2024-11-11 22:00:00,475,196,37
2024-11-11 23:00:00,184,141,14
2024-11-12 00:00:00,63,144,7
2024-11-12 01:00:00,33,85,6
2024-11-12 02:00:00,23,69,3
2024-11-12 03:00:00,9,62,4
2024-11-12 04:00:00,14,44,5
2024-11-12 05:00:00,50,48,16
2024-11-12 06:00:00,156,91,41
2024-11-12 07:00:00,613,164,157
2024-11-12 08:00:00,1706,192,401
2024-11-12 09:00:00,985,274,217
2024-11-12 10:00:00,653,234,73
2024-11-12 11:00:00,677,211,86
2024-11-12 12:00:00,1671,152,110
2024-11-12 13:00:00,1820,212,119
2024-11-12 14:00:00,937,246,95
2024-11-12 15:00:00,990,216,138
2024-11-12 16:00:00,1375,227,192
2024-11-12 17:00:00,2115,290,451
2024-11-12 18:00:00,1280,285,223
2024-11-12 19:00:00,829,277,159
2024-11-12 20:00:00,533,193,97
2024-11-12 21:00:00,399,247,78
2024-11-12 22:00:00,557,208,66
2024-11-12 23:00:00,223,197,25
2024-11-13 00:00:00,114,140,8
2024-11-13 01:00:00,58,118,7
2024-11-13 02:00:00,41,76,3
2024-11-13 03:00:00,18,57,1
2024-11-13 04:00:00,16,45,8
2024-11-13 05:00:00,32,58,18
2024-11-13 06:00:00,133,89,53
2024-11-13 07:00:00,621,186,146
2024-11-13 08:00:00,1597,195,360
2024-11-13 09:00:00,938,308,227
2024-11-13 10:00:00,577,224,81
2024-11-13 11:00:00,525,184,71
2024-11-13 12:00:00,1344,195,124
2024-11-13 13:00:00,1806,207,125
2024-11-13 14:00:00,907,216,112
2024-11-13 15:00:00,971,227,131
2024-11-13 16:00:00,1370,234,223
2024-11-13 17:00:00,2140,301,387
2024-11-13 18:00:00,1333,306,221
2024-11-13 19:00:00,882,322,161
2024-11-13 20:00:00,573,308,143
2024-11-13 21:00:00,536,295,80
2024-11-13 22:00:00,576,325,66
2024-11-13 23:00:00,185,299,41
2024-11-14 00:00:00,104,198,13
2024-11-14 01:00:00,51,175,9
2024-11-14 02:00:00,46,98,5
2024-11-14 03:00:00,31,97,8
2024-11-14 04:00:00,27,48,7
2024-11-14 05:00:00,22,44,7
2024-11-14 06:00:00,126,84,45
2024-11-14 07:00:00,589,159,158
2024-11-14 08:00:00,1592,176,342
2024-11-14 09:00:00,1056,292,204
2024-11-14 10:00:00,696,271,76
2024-11-14 11:00:00,639,224,84
2024-11-14 12:00:00,1698,218,107
2024-11-14 13:00:00,1862,231,121
2024-11-14 14:00:00,1035,242,111
2024-11-14 15:00:00,985,255,140
2024-11-14 16:00:00,1434,269,205
2024-11-14 17:00:00,2108,273,325
2024-11-14 18:00:00,1448,357,252
2024-11-14 19:00:00,973,367,169
2024-11-14 20:00:00,613,327,89
2024-11-14 21:00:00,519,330,90
2024-11-14 22:00:00,596,369,76
2024-11-14 23:00:00,335,304,33
2024-11-15 00:00:00,156,274,20
2024-11-15 01:00:00,113,200,6
2024-11-15 02:00:00,75,140,3
2024-11-15 03:00:00,22,105,1
2024-11-15 04:00:00,21,56,3
2024-11-15 05:00:00,36,56,10
2024-11-15 06:00:00,109,85,38
2024-11-15 07:00:00,464,137,115
2024-11-15 08:00:00,1175,247,246
2024-11-15 09:00:00,840,318,150
2024-11-15 10:00:00,677,307,68
2024-11-15 11:00:00,727,202,73
2024-11-15 12:00:00,1082,228,117
2024-11-15 13:00:00,1467,236,108
2024-11-15 14:00:00,1076,249,128
2024-11-15 15:00:00,1029,290,108
2024-11-15 16:00:00,1407,308,192
2024-11-15 17:00:00,1685,370,229
2024-11-15 18:00:00,1226,398,168
2024-11-15 19:00:00,997,451,117
2024-11-15 20:00:00,726,416,101
2024-11-15 21:00:00,679,389,72
2024-11-15 22:00:00,880,400,70
2024-11-15 23:00:00,610,433,39
2024-11-16 00:00:00,343,447,20
2024-11-16 01:00:00,246,410,11
2024-11-16 02:00:00,138,349,6
2024-11-16 03:00:00,165,268,2
2024-11-16 04:00:00,81,203,0
2024-11-16 05:00:00,42,117,5
2024-11-16 06:00:00,77,80,14
2024-11-16 07:00:00,104,85,24
2024-11-16 08:00:00,212,115,33
2024-11-16 09:00:00,449,182,49
2024-11-16 10:00:00,700,221,73
2024-11-16 11:00:00,1073,289,65
2024-11-16 12:00:00,1183,270,88
2024-11-16 13:00:00,1227,270,119
2024-11-16 14:00:00,1107,341,89
2024-11-16 15:00:00,1244,301,72
2024-11-16 16:00:00,1247,328,84
2024-11-16 17:00:00,1253,435,93
2024-11-16 18:00:00,1132,520,99
2024-11-16 19:00:00,962,548,93
2024-11-16 20:00:00,780,462,93
2024-11-16 21:00:00,673,420,62
2024-11-16 22:00:00,868,459,44
2024-11-16 23:00:00,632,431,38
2024-11-17 00:00:00,454,458,16
2024-11-17 01:00:00,296,485,11
2024-11-17 02:00:00,214,396,6
2024-11-17 03:00:00,136,359,3
2024-11-17 04:00:00,60,249,7
2024-11-17 05:00:00,30,136,3
2024-11-17 06:00:00,43,79,7
2024-11-17 07:00:00,79,77,15
2024-11-17 08:00:00,153,67,35
2024-11-17 09:00:00,294,118,81
2024-11-17 10:00:00,603,175,44
2024-11-17 11:00:00,610,180,42
2024-11-17 12:00:00,873,168,80
2024-11-17 13:00:00,769,193,78
2024-11-17 14:00:00,778,203,76
2024-11-17 15:00:00,819,238,72
2024-11-17 16:00:00,841,192,86
2024-11-17 17:00:00,799,270,87
2024-11-17 18:00:00,526,274,95
2024-11-17 19:00:00,378,266,88
2024-11-17 20:00:00,361,245,68
2024-11-17 21:00:00,259,203,43
2024-11-17 22:00:00,315,175,46
2024-11-17 23:00:00,146,139,29
2024-11-18 00:00:00,61,118,6
2024-11-18 01:00:00,36,108,3
2024-11-18 02:00:00,27,81,3
2024-11-18 03:00:00,14,51,1
2024-11-18 04:00:00,1,7,2
2024-11-18 05:00:00,41,31,13
2024-11-18 06:00:00,120,70,40
2024-11-18 07:00:00,504,126,122
2024-11-18 08:00:00,1361,204,320
2024-11-18 09:00:00,922,289,185
2024-11-18 10:00:00,654,221,67
2024-11-18 11:00:00,747,161,53
2024-11-18 12:00:00,1418,184,89
2024-11-18 13:00:00,1343,192,96
2024-11-18 14:00:00,725,191,59
2024-11-18 15:00:00,1002,201,94
2024-11-18 16:00:00,1035,265,137
2024-11-18 17:00:00,1552,269,298
2024-11-18 18:00:00,835,311,211
2024-11-18 19:00:00,495,275,105
2024-11-18 20:00:00,341,197,87
2024-11-18 21:00:00,229,216,47
2024-11-18 22:00:00,205,196,36
2024-11-18 23:00:00,114,147,15
2024-11-19 00:00:00,53,110,17
2024-11-19 01:00:00,26,81,4
2024-11-19 02:00:00,22,60,1
2024-11-19 03:00:00,30,50,7
2024-11-19 04:00:00,8,24,5
2024-11-19 05:00:00,45,53,9
2024-11-19 06:00:00,110,103,36
2024-11-19 07:00:00,581,163,126
2024-11-19 08:00:00,1707,245,328
2024-11-19 09:00:00,944,375,182
2024-11-19 10:00:00,559,287,60
2024-11-19 11:00:00,626,234,49
2024-11-19 12:00:00,1224,201,75
2024-11-19 13:00:00,1283,248,81
2024-11-19 14:00:00,789,211,62
2024-11-19 15:00:00,1251,221,108
2024-11-19 16:00:00,1218,265,157
2024-11-19 17:00:00,2004,341,342
2024-11-19 18:00:00,1067,337,238
2024-11-19 19:00:00,670,297,120
2024-11-19 20:00:00,483,226,119
2024-11-19 21:00:00,385,210,52
2024-11-19 22:00:00,348,223,34
2024-11-19 23:00:00,184,214,29
2024-11-20 00:00:00,73,119,10
2024-11-20 01:00:00,48,127,3
2024-11-20 02:00:00,30,88,2
2024-11-20 03:00:00,14,41,3
2024-11-20 04:00:00,12,37,6
2024-11-20 05:00:00,29,49,14
2024-11-20 06:00:00,126,97,35
2024-11-20 07:00:00,600,151,110
2024-11-20 08:00:00,1522,210,303
2024-11-20 09:00:00,1025,299,172
2024-11-20 10:00:00,688,214,72
2024-11-20 11:00:00,713,213,69
2024-11-20 12:00:00,1185,212,64
2024-11-20 13:00:00,1641,236,90
2024-11-20 14:00:00,977,202,88
2024-11-20 15:00:00,1006,244,107
2024-11-20 16:00:00,1391,267,172
2024-11-20 17:00:00,2243,340,326
2024-11-20 18:00:00,1306,351,238
2024-11-20 19:00:00,854,352,146
2024-11-20 20:00:00,697,321,103
2024-11-20 21:00:00,518,259,76
2024-11-20 22:00:00,681,294,72
2024-11-20 23:00:00,348,238,35
2024-11-21 00:00:00,87,202,16
2024-11-21 01:00:00,52,138,3
2024-11-21 02:00:00,26,106,4
2024-11-21 03:00:00,31,66,3
2024-11-21 04:00:00,24,55,3
2024-11-21 05:00:00,33,48,10
2024-11-21 06:00:00,134,93,31
2024-11-21 07:00:00,581,148,117
2024-11-21 08:00:00,1656,214,311
2024-11-21 09:00:00,1037,326,188
2024-11-21 10:00:00,637,217,79
2024-11-21 11:00:00,722,230,65
2024-11-21 12:00:00,1580,222,103
2024-11-21 13:00:00,1557,206,89
2024-11-21 14:00:00,981,234,90
2024-11-21 15:00:00,982,253,118
2024-11-21 16:00:00,1306,258,171
2024-11-21 17:00:00,2096,348,276
2024-11-21 18:00:00,1282,346,212
2024-11-21 19:00:00,914,419,162
2024-11-21 20:00:00,611,328,102
2024-11-21 21:00:00,500,274,72
2024-11-21 22:00:00,623,307,68
2024-11-21 23:00:00,335,303,29
2024-11-22 00:00:00,181,220,13
2024-11-22 01:00:00,48,187,6
2024-11-22 02:00:00,46,124,6
2024-11-22 03:00:00,39,90,4
2024-11-22 04:00:00,17,45,2
2024-11-22 05:00:00,36,52,8
2024-11-22 06:00:00,107,63,31
2024-11-22 07:00:00,429,146,91
2024-11-22 08:00:00,1079,215,203
2024-11-22 09:00:00,818,268,140
2024-11-22 10:00:00,435,226,51
2024-11-22 11:00:00,446,189,66
2024-11-22 12:00:00,929,217,77
2024-11-22 13:00:00,1452,267,89
2024-11-22 14:00:00,1140,286,104
2024-11-22 15:00:00,1048,309,111
2024-11-22 16:00:00,1285,354,136
2024-11-22 17:00:00,1701,403,234
2024-11-22 18:00:00,1241,471,153
2024-11-22 19:00:00,907,511,113
2024-11-22 20:00:00,787,407,82
2024-11-22 21:00:00,680,397,82
2024-11-22 22:00:00,930,447,47
2024-11-22 23:00:00,574,405,39
2024-11-23 00:00:00,301,370,29
2024-11-23 01:00:00,161,392,13
2024-11-23 02:00:00,90,320,6
2024-11-23 03:00:00,89,288,1
2024-11-23 04:00:00,53,183,3
2024-11-23 05:00:00,58,90,6
2024-11-23 06:00:00,41,81,16
2024-11-23 07:00:00,72,106,13
2024-11-23 08:00:00,185,143,27
2024-11-23 09:00:00,341,173,24
2024-11-23 10:00:00,549,231,40
2024-11-23 11:00:00,664,263,36
2024-11-23 12:00:00,912,425,41
2024-11-23 13:00:00,777,484,30
2024-11-23 14:00:00,607,454,43
2024-11-23 15:00:00,817,272,36
2024-11-23 16:00:00,872,383,50
2024-11-23 17:00:00,729,441,41
2024-11-23 18:00:00,715,397,43
2024-11-23 19:00:00,758,508,59
2024-11-23 20:00:00,716,520,81
2024-11-23 21:00:00,637,388,61
2024-11-23 22:00:00,548,481,42
2024-11-23 23:00:00,313,558,18
2024-11-24 00:00:00,240,457,15
2024-11-24 01:00:00,105,447,13
2024-11-24 02:00:00,101,391,7
2024-11-24 03:00:00,86,339,5
2024-11-24 04:00:00,59,264,4
2024-11-24 05:00:00,17,120,3
2024-11-24 06:00:00,36,85,7
2024-11-24 07:00:00,56,61,17
2024-11-24 08:00:00,99,96,13
2024-11-24 09:00:00,197,136,12
2024-11-24 10:00:00,359,221,19
2024-11-24 11:00:00,365,238,27
2024-11-24 12:00:00,453,296,32
2024-11-24 13:00:00,468,245,41
2024-11-24 14:00:00,454,339,38
2024-11-24 15:00:00,434,371,48
2024-11-24 16:00:00,453,309,42
2024-11-24 17:00:00,417,303,63
2024-11-24 18:00:00,399,315,51
2024-11-24 19:00:00,347,310,53
2024-11-24 20:00:00,377,250,53
2024-11-24 21:00:00,255,218,35
2024-11-24 22:00:00,345,170,16
2024-11-24 23:00:00,156,182,12
2024-11-25 00:00:00,115,151,9
2024-11-25 01:00:00,41,98,2
2024-11-25 02:00:00,16,65,3
2024-11-25 03:00:00,23,45,1
2024-11-25 04:00:00,1,9,0
2024-11-25 05:00:00,36,52,6
2024-11-25 06:00:00,145,70,42
2024-11-25 07:00:00,451,121,109
2024-11-25 08:00:00,1402,185,285
2024-11-25 09:00:00,893,311,162
2024-11-25 10:00:00,817,237,62
2024-11-25 11:00:00,472,193,47
2024-11-25 12:00:00,990,186,64
2024-11-25 13:00:00,1451,206,81
2024-11-25 14:00:00,804,200,97
2024-11-25 15:00:00,829,200,105
2024-11-25 16:00:00,1127,232,156
2024-11-25 17:00:00,1603,263,332
2024-11-25 18:00:00,1094,239,241
2024-11-25 19:00:00,641,251,124
2024-11-25 20:00:00,440,247,94
2024-11-25 21:00:00,379,189,45
2024-11-25 22:00:00,319,195,29
2024-11-25 23:00:00,149,174,15
2024-11-26 00:00:00,59,119,9
2024-11-26 01:00:00,45,98,5
2024-11-26 02:00:00,19,71,4
2024-11-26 03:00:00,13,72,2
2024-11-26 04:00:00,14,30,6
2024-11-26 05:00:00,40,48,12
2024-11-26 06:00:00,141,106,33
2024-11-26 07:00:00,557,164,146
2024-11-26 08:00:00,1593,184,354
2024-11-26 09:00:00,1068,330,187
2024-11-26 10:00:00,431,253,72
2024-11-26 11:00:00,424,242,52
2024-11-26 12:00:00,1000,192,58
2024-11-26 13:00:00,1679,187,105
2024-11-26 14:00:00,915,193,91
2024-11-26 15:00:00,910,230,83
2024-11-26 16:00:00,1358,245,185
2024-11-26 17:00:00,2079,311,358
2024-11-26 18:00:00,1242,298,242
2024-11-26 19:00:00,809,288,153
2024-11-26 20:00:00,500,249,100
2024-11-26 21:00:00,387,229,79
2024-11-26 22:00:00,437,270,48
2024-11-26 23:00:00,138,271,21
2024-11-27 00:00:00,64,171,12
2024-11-27 01:00:00,29,137,3
2024-11-27 02:00:00,21,95,3
2024-11-27 03:00:00,10,65,6
2024-11-27 04:00:00,11,43,3
2024-11-27 05:00:00,30,60,12
2024-11-27 06:00:00,116,96,43
2024-11-27 07:00:00,532,185,107
2024-11-27 08:00:00,1564,231,343
2024-11-27 09:00:00,1020,389,185
2024-11-27 10:00:00,612,273,74
2024-11-27 11:00:00,682,232,64
2024-11-27 12:00:00,1685,237,102
2024-11-27 13:00:00,1711,221,112
2024-11-27 14:00:00,915,231,79
2024-11-27 15:00:00,999,247,133
2024-11-27 16:00:00,1332,249,182
2024-11-27 17:00:00,1980,292,373
2024-11-27 18:00:00,1346,320,246
2024-11-27 19:00:00,908,338,135
2024-11-27 20:00:00,603,222,97
2024-11-27 21:00:00,406,242,57
2024-11-27 22:00:00,483,299,40
2024-11-27 23:00:00,263,269,27
2024-11-28 00:00:00,113,216,12
2024-11-28 01:00:00,42,128,4
2024-11-28 02:00:00,31,103,3
2024-11-28 03:00:00,35,99,5
2024-11-28 04:00:00,16,65,5
2024-11-28 05:00:00,40,70,11
2024-11-28 06:00:00,132,75,43
2024-11-28 07:00:00,561,154,111
2024-11-28 08:00:00,1591,224,301
2024-11-28 09:00:00,1025,351,185
2024-11-28 10:00:00,661,298,73
2024-11-28 11:00:00,814,227,70
2024-11-28 12:00:00,1651,231,106
2024-11-28 13:00:00,1927,227,108
2024-11-28 14:00:00,1000,246,88
2024-11-28 15:00:00,996,276,112
2024-11-28 16:00:00,1436,290,159
2024-11-28 17:00:00,2174,340,298
2024-11-28 18:00:00,1505,378,218
2024-11-28 19:00:00,972,406,148
2024-11-28 20:00:00,650,292,97
2024-11-28 21:00:00,600,301,87
2024-11-28 22:00:00,705,324,91
2024-11-28 23:00:00,388,280,44
2024-11-29 00:00:00,202,272,15
2024-11-29 01:00:00,102,229,11
2024-11-29 02:00:00,71,172,10
2024-11-29 03:00:00,39,114,6
2024-11-29 04:00:00,26,77,8
2024-11-29 05:00:00,39,52,13
2024-11-29 06:00:00,153,58,41
2024-11-29 07:00:00,484,155,82
2024-11-29 08:00:00,1138,224,211
2024-11-29 09:00:00,809,275,127
2024-11-29 10:00:00,733,285,71
2024-11-29 11:00:00,844,234,53
2024-11-29 12:00:00,1510,238,111
2024-11-29 13:00:00,1458,244,98
2024-11-29 14:00:00,1129,310,105
2024-11-29 15:00:00,1020,288,112
2024-11-29 16:00:00,1337,339,162
2024-11-29 17:00:00,1692,406,214
2024-11-29 18:00:00,1341,489,163
2024-11-29 19:00:00,1060,593,123
2024-11-29 20:00:00,826,436,100
2024-11-29 21:00:00,707,370,98
2024-11-29 22:00:00,861,427,51
2024-11-29 23:00:00,663,430,44
2024-11-30 00:00:00,367,429,16
2024-11-30 01:00:00,299,396,11
2024-11-30 02:00:00,194,395,11
2024-11-30 03:00:00,131,298,14
2024-11-30 04:00:00,72,198,7
2024-11-30 05:00:00,53,108,5
2024-11-30 06:00:00,64,61,27
2024-11-30 07:00:00,104,92,27
2024-11-30 08:00:00,214,128,38
2024-11-30 09:00:00,440,187,52
2024-11-30 10:00:00,825,230,57
2024-11-30 11:00:00,1066,269,77
2024-11-30 12:00:00,1303,286,66
2024-11-30 13:00:00,1269,358,101
2024-11-30 14:00:00,1284,356,74
2024-11-30 15:00:00,1282,434,81
2024-11-30 16:00:00,1284,370,87
2024-11-30 17:00:00,1344,490,112
2024-11-30 18:00:00,1147,486,93
2024-11-30 19:00:00,1116,563,108
2024-11-30 20:00:00,851,492,96
2024-11-30 21:00:00,759,479,83
2024-11-30 22:00:00,865,480,60
2024-11-30 23:00:00,550,500,54
2024-12-01 00:00:00,469,485,16
2024-12-01 01:00:00,315,527,14
2024-12-01 02:00:00,182,515,18
2024-12-01 03:00:00,86,448,7
2024-12-01 04:00:00,56,303,5
2024-12-01 05:00:00,31,142,4
2024-12-01 06:00:00,62,65,14
2024-12-01 07:00:00,74,51,15
2024-12-01 08:00:00,132,100,22
2024-12-01 09:00:00,272,168,36
2024-12-01 10:00:00,545,169,42
2024-12-01 11:00:00,728,197,51
2024-12-01 12:00:00,768,202,48
2024-12-01 13:00:00,832,225,91
2024-12-01 14:00:00,758,210,60
2024-12-01 15:00:00,781,264,91
2024-12-01 16:00:00,686,215,80
2024-12-01 17:00:00,659,273,103
2024-12-01 18:00:00,564,285,71
2024-12-01 19:00:00,481,283,86
2024-12-01 20:00:00,383,206,70
2024-12-01 21:00:00,293,191,48
2024-12-01 22:00:00,322,203,27
2024-12-01 23:00:00,135,177,18
2024-12-02 00:00:00,55,128,11
2024-12-02 01:00:00,27,101,2
2024-12-02 02:00:00,39,87,2
2024-12-02 03:00:00,27,61,2
2024-12-02 04:00:00,3,12,1
2024-12-02 05:00:00,44,45,9
2024-12-02 06:00:00,133,66,33
2024-12-02 07:00:00,447,137,105
2024-12-02 08:00:00,1438,199,286
2024-12-02 09:00:00,817,266,183
2024-12-02 10:00:00,580,171,63
2024-12-02 11:00:00,696,211,56
2024-12-02 12:00:00,1270,157,74
2024-12-02 13:00:00,1452,188,85
2024-12-02 14:00:00,877,184,101
2024-12-02 15:00:00,904,193,97
2024-12-02 16:00:00,1156,200,172
2024-12-02 17:00:00,1753,278,291
2024-12-02 18:00:00,1097,240,201
2024-12-02 19:00:00,641,229,148
2024-12-02 20:00:00,404,232,80
2024-12-02 21:00:00,399,160,60
2024-12-02 22:00:00,435,170,58
2024-12-02 23:00:00,204,137,26
2024-12-03 00:00:00,93,113,6
2024-12-03 01:00:00,36,86,3
2024-12-03 02:00:00,21,66,3
2024-12-03 03:00:00,14,46,7
2024-12-03 04:00:00,25,46,4
2024-12-03 05:00:00,34,59,12
2024-12-03 06:00:00,137,82,45
2024-12-03 07:00:00,574,154,120
2024-12-03 08:00:00,1604,205,370
2024-12-03 09:00:00,957,297,178
2024-12-03 10:00:00,628,197,76
2024-12-03 11:00:00,716,220,82
2024-12-03 12:00:00,1463,170,133
2024-12-03 13:00:00,1777,176,126
2024-12-03 14:00:00,970,218,89
2024-12-03 15:00:00,943,224,108
2024-12-03 16:00:00,1335,238,177
2024-12-03 17:00:00,2003,300,385
2024-12-03 18:00:00,1163,324,228
2024-12-03 19:00:00,768,289,130
2024-12-03 20:00:00,558,266,95
2024-12-03 21:00:00,446,240,54
2024-12-03 22:00:00,421,251,42
2024-12-03 23:00:00,228,203,18
2024-12-04 00:00:00,108,173,12
2024-12-04 01:00:00,73,145,7
2024-12-04 02:00:00,49,93,3
2024-12-04 03:00:00,22,78,4
2024-12-04 04:00:00,19,43,5
2024-12-04 05:00:00,35,59,14
2024-12-04 06:00:00,126,94,40
2024-12-04 07:00:00,562,189,122
2024-12-04 08:00:00,1662,210,327
2024-12-04 09:00:00,978,290,211
2024-12-04 10:00:00,637,241,90
2024-12-04 11:00:00,737,207,62
2024-12-04 12:00:00,1769,173,105
2024-12-04 13:00:00,1713,220,107
2024-12-04 14:00:00,969,221,66
2024-12-04 15:00:00,954,238,122
2024-12-04 16:00:00,1401,271,187
2024-12-04 17:00:00,1960,308,330
2024-12-04 18:00:00,1283,404,218
2024-12-04 19:00:00,876,389,161
2024-12-04 20:00:00,237,305,108
2024-12-04 21:00:00,369,237,72
2024-12-04 22:00:00,448,308,57
2024-12-04 23:00:00,72,280,22
2024-12-05 00:00:00,104,260,68
2024-12-05 01:00:00,56,217,19
2024-12-05 02:00:00,55,136,3
2024-12-05 03:00:00,23,85,5
2024-12-05 04:00:00,11,81,5
2024-12-05 05:00:00,41,42,8
2024-12-05 06:00:00,134,89,38
2024-12-05 07:00:00,542,174,109
2024-12-05 08:00:00,1579,221,301
2024-12-05 09:00:00,1027,335,146
2024-12-05 10:00:00,611,333,56
2024-12-05 11:00:00,774,237,59
2024-12-05 12:00:00,1857,246,100
2024-12-05 13:00:00,1853,258,94
2024-12-05 14:00:00,1003,262,86
2024-12-05 15:00:00,792,295,103
2024-12-05 16:00:00,1328,339,138
2024-12-05 17:00:00,1025,442,180
2024-12-05 18:00:00,1183,614,156
2024-12-05 19:00:00,952,530,134
2024-12-05 20:00:00,693,358,74
2024-12-05 21:00:00,618,328,64
2024-12-05 22:00:00,672,364,58
2024-12-05 23:00:00,428,369,32
2024-12-06 00:00:00,265,379,22
2024-12-06 01:00:00,175,384,5
2024-12-06 02:00:00,115,295,7
2024-12-06 03:00:00,69,223,6
2024-12-06 04:00:00,33,101,4
2024-12-06 05:00:00,49,79,12
2024-12-06 06:00:00,115,60,27
2024-12-06 07:00:00,446,140,80
2024-12-06 08:00:00,1112,234,183
2024-12-06 09:00:00,815,312,105
2024-12-06 10:00:00,648,257,82
2024-12-06 11:00:00,836,259,68
2024-12-06 12:00:00,1413,272,87
2024-12-06 13:00:00,1552,302,106
2024-12-06 14:00:00,1108,292,116
2024-12-06 15:00:00,1014,285,103
2024-12-06 16:00:00,1229,400,160
2024-12-06 17:00:00,1531,508,192
2024-12-06 18:00:00,1197,599,119
2024-12-06 19:00:00,610,686,73
2024-12-06 20:00:00,388,496,59
2024-12-06 21:00:00,158,438,32
2024-12-06 22:00:00,516,483,29
2024-12-06 23:00:00,476,529,32
2024-12-07 00:00:00,333,591,17
2024-12-07 01:00:00,304,557,4
2024-12-07 02:00:00,174,459,4
2024-12-07 03:00:00,115,372,7
2024-12-07 04:00:00,72,218,2
2024-12-07 05:00:00,35,108,2
2024-12-07 06:00:00,56,73,10
2024-12-07 07:00:00,64,114,11
2024-12-07 08:00:00,114,186,13
2024-12-07 09:00:00,194,234,16
2024-12-07 10:00:00,405,217,11
2024-12-07 11:00:00,625,253,25
2024-12-07 12:00:00,735,321,32
2024-12-07 13:00:00,766,299,37
2024-12-07 14:00:00,743,309,49
2024-12-07 15:00:00,795,344,49
2024-12-07 16:00:00,820,394,56
2024-12-07 17:00:00,836,528,69
2024-12-07 18:00:00,772,524,66
2024-12-07 19:00:00,733,512,51
2024-12-07 20:00:00,527,477,48
2024-12-07 21:00:00,539,441,45
2024-12-07 22:00:00,723,474,41
2024-12-07 23:00:00,502,541,23
2024-12-08 00:00:00,328,588,16
2024-12-08 01:00:00,176,581,6
2024-12-08 02:00:00,167,532,4
2024-12-08 03:00:00,126,414,5
2024-12-08 04:00:00,70,288,2
2024-12-08 05:00:00,30,124,2
2024-12-08 06:00:00,53,62,7
2024-12-08 07:00:00,65,76,12
2024-12-08 08:00:00,111,85,10
2024-12-08 09:00:00,218,144,15
2024-12-08 10:00:00,472,145,29
2024-12-08 11:00:00,539,174,42
2024-12-08 12:00:00,671,173,57
2024-12-08 13:00:00,717,215,56
2024-12-08 14:00:00,793,210,66
2024-12-08 15:00:00,787,215,70
2024-12-08 16:00:00,710,264,68
2024-12-08 17:00:00,603,330,72
2024-12-08 18:00:00,588,275,86
2024-12-08 19:00:00,464,223,76
2024-12-08 20:00:00,374,297,64
2024-12-08 21:00:00,222,233,33
2024-12-08 22:00:00,235,221,25
2024-12-08 23:00:00,94,205,26
2024-12-09 00:00:00,45,163,9
2024-12-09 01:00:00,23,138,7
2024-12-09 02:00:00,20,82,4
2024-12-09 03:00:00,17,68,5
2024-12-09 04:00:00,2,15,0
2024-12-09 05:00:00,38,48,9
2024-12-09 06:00:00,138,83,37
2024-12-09 07:00:00,452,136,104
2024-12-09 08:00:00,1326,172,292
2024-12-09 09:00:00,877,257,167
2024-12-09 10:00:00,542,206,61
2024-12-09 11:00:00,680,199,66
2024-12-09 12:00:00,1408,200,75
2024-12-09 13:00:00,1510,148,82
2024-12-09 14:00:00,872,167,71
2024-12-09 15:00:00,813,201,95
2024-12-09 16:00:00,988,229,165
2024-12-09 17:00:00,1614,259,328
2024-12-09 18:00:00,949,256,196
2024-12-09 19:00:00,554,255,123
2024-12-09 20:00:00,327,215,82
2024-12-09 21:00:00,338,192,63
2024-12-09 22:00:00,253,199,42
2024-12-09 23:00:00,141,158,27
2024-12-10 00:00:00,66,143,16
2024-12-10 01:00:00,17,109,4
2024-12-10 02:00:00,17,85,4
2024-12-10 03:00:00,21,59,4
2024-12-10 04:00:00,15,38,4
2024-12-10 05:00:00,39,47,13
2024-12-10 06:00:00,93,104,48
2024-12-10 07:00:00,464,163,125
2024-12-10 08:00:00,1503,226,349
2024-12-10 09:00:00,966,322,184
2024-12-10 10:00:00,531,249,67
2024-12-10 11:00:00,691,230,81
2024-12-10 12:00:00,1729,208,79
2024-12-10 13:00:00,1750,223,101
2024-12-10 14:00:00,920,205,93
2024-12-10 15:00:00,827,202,112
2024-12-10 16:00:00,1251,246,190
2024-12-10 17:00:00,2008,306,326
2024-12-10 18:00:00,1189,326,247
2024-12-10 19:00:00,722,319,117
2024-12-10 20:00:00,545,279,95
2024-12-10 21:00:00,457,242,72
2024-12-10 22:00:00,422,257,45
2024-12-10 23:00:00,228,258,28
2024-12-11 00:00:00,109,180,8
2024-12-11 01:00:00,75,146,7
2024-12-11 02:00:00,56,82,3
2024-12-11 03:00:00,34,89,7
2024-12-11 04:00:00,14,35,5
2024-12-11 05:00:00,35,63,10
2024-12-11 06:00:00,138,102,33
2024-12-11 07:00:00,550,178,127
2024-12-11 08:00:00,1510,233,338
2024-12-11 09:00:00,932,329,185
2024-12-11 10:00:00,561,218,78
2024-12-11 11:00:00,712,234,76
2024-12-11 12:00:00,1800,241,81
2024-12-11 13:00:00,1802,214,115
2024-12-11 14:00:00,1037,213,77
2024-12-11 15:00:00,883,209,87
2024-12-11 16:00:00,1457,283,167
2024-12-11 17:00:00,2120,320,334
2024-12-11 18:00:00,1406,367,206
2024-12-11 19:00:00,930,370,129
2024-12-11 20:00:00,589,271,82
2024-12-11 21:00:00,631,300,84
2024-12-11 22:00:00,566,293,56
2024-12-11 23:00:00,315,300,35
2024-12-12 00:00:00,204,273,10
2024-12-12 01:00:00,102,189,6
2024-12-12 02:00:00,77,145,1
2024-12-12 03:00:00,47,122,4
2024-12-12 04:00:00,28,86,6
2024-12-12 05:00:00,37,59,7
2024-12-12 06:00:00,135,89,41
2024-12-12 07:00:00,516,200,99
2024-12-12 08:00:00,1595,245,297
2024-12-12 09:00:00,994,345,184
2024-12-12 10:00:00,639,296,80
2024-12-12 11:00:00,905,260,73
2024-12-12 12:00:00,1993,262,106
2024-12-12 13:00:00,2038,287,100
2024-12-12 14:00:00,1190,261,103
2024-12-12 15:00:00,1074,259,128
2024-12-12 16:00:00,1515,338,179
2024-12-12 17:00:00,2130,406,292
2024-12-12 18:00:00,1477,557,193
2024-12-12 19:00:00,991,520,164
2024-12-12 20:00:00,742,397,97
2024-12-12 21:00:00,710,395,95
2024-12-12 22:00:00,690,453,79
2024-12-12 23:00:00,552,415,64
2024-12-13 00:00:00,322,443,25
2024-12-13 01:00:00,236,436,11
2024-12-13 02:00:00,144,387,6
2024-12-13 03:00:00,56,257,4
2024-12-13 04:00:00,33,130,4
2024-12-13 05:00:00,41,79,7
2024-12-13 06:00:00,103,68,43
2024-12-13 07:00:00,396,144,90
2024-12-13 08:00:00,1007,237,183
2024-12-13 09:00:00,807,346,130
2024-12-13 10:00:00,643,222,62
2024-12-13 11:00:00,781,260,70
2024-12-13 12:00:00,1548,260,110
2024-12-13 13:00:00,1474,261,81
2024-12-13 14:00:00,1133,264,99
2024-12-13 15:00:00,1031,279,116
2024-12-13 16:00:00,1311,381,154
2024-12-13 17:00:00,1558,472,254
2024-12-13 18:00:00,1236,619,171
2024-12-13 19:00:00,919,628,133
2024-12-13 20:00:00,793,460,98
2024-12-13 21:00:00,773,442,70
2024-12-13 22:00:00,819,508,60
2024-12-13 23:00:00,662,538,71
2024-12-14 00:00:00,416,581,26
2024-12-14 01:00:00,303,580,9
2024-12-14 02:00:00,230,502,15
2024-12-14 03:00:00,145,417,10
2024-12-14 04:00:00,123,270,6
2024-12-14 05:00:00,48,161,5
2024-12-14 06:00:00,79,101,15
2024-12-14 07:00:00,102,112,35
2024-12-14 08:00:00,189,147,32
2024-12-14 09:00:00,422,182,52
2024-12-14 10:00:00,485,233,55
2024-12-14 11:00:00,323,273,42
2024-12-14 12:00:00,496,283,47
2024-12-14 13:00:00,999,336,59
2024-12-14 14:00:00,1236,342,96
2024-12-14 15:00:00,1289,366,86
2024-12-14 16:00:00,1222,393,83
2024-12-14 17:00:00,1111,465,97
2024-12-14 18:00:00,1132,523,97
2024-12-14 19:00:00,985,607,87
2024-12-14 20:00:00,752,482,67
2024-12-14 21:00:00,704,506,57
2024-12-14 22:00:00,750,534,49
2024-12-14 23:00:00,560,594,42
2024-12-15 00:00:00,425,625,17
2024-12-15 01:00:00,303,630,13
2024-12-15 02:00:00,167,598,5
2024-12-15 03:00:00,117,475,5
2024-12-15 04:00:00,62,307,3
2024-12-15 05:00:00,33,153,5
2024-12-15 06:00:00,45,89,9
2024-12-15 07:00:00,80,88,12
2024-12-15 08:00:00,151,122,30
2024-12-15 09:00:00,277,119,37
2024-12-15 10:00:00,433,162,43
2024-12-15 11:00:00,709,169,43
2024-12-15 12:00:00,693,190,59
2024-12-15 13:00:00,767,234,70
2024-12-15 14:00:00,760,170,69
2024-12-15 15:00:00,781,210,51
2024-12-15 16:00:00,689,213,76
2024-12-15 17:00:00,605,272,92
2024-12-15 18:00:00,477,220,92
2024-12-15 19:00:00,450,280,97
2024-12-15 20:00:00,288,208,65
2024-12-15 21:00:00,126,199,54
2024-12-15 22:00:00,77,174,42
2024-12-15 23:00:00,39,203,27
2024-12-16 00:00:00,9,110,16
2024-12-16 01:00:00,11,99,10
2024-12-16 02:00:00,22,71,6
2024-12-16 03:00:00,7,57,4
2024-12-16 04:00:00,0,13,0
2024-12-16 05:00:00,28,44,9
2024-12-16 06:00:00,106,85,42
2024-12-16 07:00:00,428,117,112
2024-12-16 08:00:00,1212,208,259
2024-12-16 09:00:00,766,245,166
2024-12-16 10:00:00,581,213,55
2024-12-16 11:00:00,605,166,65
2024-12-16 12:00:00,1426,179,76
2024-12-16 13:00:00,1568,185,95
2024-12-16 14:00:00,911,168,90
2024-12-16 15:00:00,1030,196,108
2024-12-16 16:00:00,1067,204,154
2024-12-16 17:00:00,1710,256,306
2024-12-16 18:00:00,935,278,187
2024-12-16 19:00:00,683,201,109
2024-12-16 20:00:00,434,194,76
2024-12-16 21:00:00,340,210,51
2024-12-16 22:00:00,370,209,47
2024-12-16 23:00:00,179,177,21
2024-12-17 00:00:00,69,124,15
2024-12-17 01:00:00,27,109,3
2024-12-17 02:00:00,33,70,1
2024-12-17 03:00:00,39,61,1
2024-12-17 04:00:00,17,48,2
2024-12-17 05:00:00,39,42,9
2024-12-17 06:00:00,123,85,52
2024-12-17 07:00:00,519,159,127
2024-12-17 08:00:00,1433,189,302
2024-12-17 09:00:00,881,272,181
2024-12-17 10:00:00,561,212,57
2024-12-17 11:00:00,725,167,69
2024-12-17 12:00:00,1837,223,88
2024-12-17 13:00:00,1667,190,95
2024-12-17 14:00:00,976,170,89
2024-12-17 15:00:00,860,210,108
2024-12-17 16:00:00,1014,237,172
2024-12-17 17:00:00,1689,300,320
2024-12-17 18:00:00,978,274,208
2024-12-17 19:00:00,524,255,121
2024-12-17 20:00:00,417,223,82
2024-12-17 21:00:00,376,281,80
2024-12-17 22:00:00,306,229,48
2024-12-17 23:00:00,137,205,27
2024-12-18 00:00:00,61,145,15
2024-12-18 01:00:00,35,146,7
2024-12-18 02:00:00,46,79,3
2024-12-18 03:00:00,21,79,5
2024-12-18 04:00:00,14,47,2
2024-12-18 05:00:00,39,49,14
2024-12-18 06:00:00,107,69,41
2024-12-18 07:00:00,455,150,100
2024-12-18 08:00:00,1336,184,231
2024-12-18 09:00:00,816,283,174
2024-12-18 10:00:00,541,246,70
2024-12-18 11:00:00,759,171,65
2024-12-18 12:00:00,1794,205,100
2024-12-18 13:00:00,1701,161,102
2024-12-18 14:00:00,976,204,83
2024-12-18 15:00:00,897,197,102
2024-12-18 16:00:00,1029,276,140
2024-12-18 17:00:00,1547,292,267
2024-12-18 18:00:00,581,385,175
2024-12-18 19:00:00,499,401,91
2024-12-18 20:00:00,502,251,63
2024-12-18 21:00:00,385,279,48
2024-12-18 22:00:00,333,285,37
2024-12-18 23:00:00,273,278,33
2024-12-19 00:00:00,106,251,12
2024-12-19 01:00:00,69,195,4
2024-12-19 02:00:00,51,123,4
2024-12-19 03:00:00,47,101,3
2024-12-19 04:00:00,18,52,2
2024-12-19 05:00:00,37,36,7
2024-12-19 06:00:00,121,64,34
2024-12-19 07:00:00,432,143,92
2024-12-19 08:00:00,1275,213,235
2024-12-19 09:00:00,789,295,167
2024-12-19 10:00:00,570,223,58
2024-12-19 11:00:00,717,243,66
2024-12-19 12:00:00,1729,214,101
2024-12-19 13:00:00,1748,235,94
2024-12-19 14:00:00,1049,230,96
2024-12-19 15:00:00,929,248,112
2024-12-19 16:00:00,1296,288,162
2024-12-19 17:00:00,1766,379,261
2024-12-19 18:00:00,1320,438,163
2024-12-19 19:00:00,847,419,129
2024-12-19 20:00:00,636,308,77
2024-12-19 21:00:00,605,344,48
2024-12-19 22:00:00,573,385,48
2024-12-19 23:00:00,369,357,40
2024-12-20 00:00:00,272,342,18
2024-12-20 01:00:00,200,301,12
2024-12-20 02:00:00,101,280,5
2024-12-20 03:00:00,77,190,1
2024-12-20 04:00:00,19,116,4
2024-12-20 05:00:00,37,71,14
2024-12-20 06:00:00,100,68,33
2024-12-20 07:00:00,349,120,76
2024-12-20 08:00:00,803,202,136
2024-12-20 09:00:00,660,222,94
2024-12-20 10:00:00,541,189,68
2024-12-20 11:00:00,681,189,70
2024-12-20 12:00:00,1186,194,100
2024-12-20 13:00:00,1406,243,77
2024-12-20 14:00:00,886,290,77
2024-12-20 15:00:00,815,323,88
2024-12-20 16:00:00,1105,361,123
2024-12-20 17:00:00,1236,398,146
2024-12-20 18:00:00,913,465,102
2024-12-20 19:00:00,794,501,93
2024-12-20 20:00:00,511,372,74
2024-12-20 21:00:00,524,357,48
2024-12-20 22:00:00,619,430,47
2024-12-20 23:00:00,387,460,41
2024-12-21 00:00:00,377,498,13
2024-12-21 01:00:00,174,507,8
2024-12-21 02:00:00,142,437,5
2024-12-21 03:00:00,162,364,1
2024-12-21 04:00:00,72,223,5
2024-12-21 05:00:00,37,146,2
2024-12-21 06:00:00,55,72,12
2024-12-21 07:00:00,76,77,17
2024-12-21 08:00:00,129,94,22
2024-12-21 09:00:00,272,161,31
2024-12-21 10:00:00,456,176,36
2024-12-21 11:00:00,649,214,54
2024-12-21 12:00:00,633,273,55
2024-12-21 13:00:00,792,300,35
2024-12-21 14:00:00,826,340,64
2024-12-21 15:00:00,876,305,67
2024-12-21 16:00:00,926,336,52
2024-12-21 17:00:00,859,388,58
2024-12-21 18:00:00,847,442,71
2024-12-21 19:00:00,697,478,43
2024-12-21 20:00:00,560,476,56
2024-12-21 21:00:00,496,476,34
2024-12-21 22:00:00,444,468,30
2024-12-21 23:00:00,360,465,17
2024-12-22 00:00:00,249,506,16
2024-12-22 01:00:00,182,479,10
2024-12-22 02:00:00,110,515,5
2024-12-22 03:00:00,83,390,5
2024-12-22 04:00:00,47,278,12
2024-12-22 05:00:00,28,153,3
2024-12-22 06:00:00,56,98,6
2024-12-22 07:00:00,55,75,8
2024-12-22 08:00:00,125,104,18
2024-12-22 09:00:00,253,126,44
2024-12-22 10:00:00,394,159,31
2024-12-22 11:00:00,408,157,31
2024-12-22 12:00:00,520,171,49
2024-12-22 13:00:00,584,186,50
2024-12-22 14:00:00,667,195,51
2024-12-22 15:00:00,609,210,36
2024-12-22 16:00:00,544,222,52
2024-12-22 17:00:00,507,267,55
2024-12-22 18:00:00,368,229,39
2024-12-22 19:00:00,393,236,43
2024-12-22 20:00:00,233,223,48
2024-12-22 21:00:00,201,175,23
2024-12-22 22:00:00,185,209,14
2024-12-22 23:00:00,123,166,17
2024-12-23 00:00:00,41,125,4
2024-12-23 01:00:00,38,106,2
2024-12-23 02:00:00,26,93,2
2024-12-23 03:00:00,21,47,0
2024-12-23 04:00:00,1,8,1
2024-12-23 05:00:00,26,46,2
2024-12-23 06:00:00,102,54,17
2024-12-23 07:00:00,210,81,44
2024-12-23 08:00:00,492,125,92
2024-12-23 09:00:00,373,155,61
2024-12-23 10:00:00,488,162,41
2024-12-23 11:00:00,648,162,58
2024-12-23 12:00:00,1052,168,79
2024-12-23 13:00:00,1047,186,72
2024-12-23 14:00:00,819,174,61
2024-12-23 15:00:00,732,197,70
2024-12-23 16:00:00,878,246,60
2024-12-23 17:00:00,825,276,111
2024-12-23 18:00:00,536,260,81
2024-12-23 19:00:00,436,253,64
2024-12-23 20:00:00,343,171,42
2024-12-23 21:00:00,229,194,28
2024-12-23 22:00:00,213,172,19
2024-12-23 23:00:00,137,167,23
2024-12-24 00:00:00,49,139,8
2024-12-24 01:00:00,35,125,9
2024-12-24 02:00:00,42,115,1
2024-12-24 03:00:00,20,70,4
2024-12-24 04:00:00,15,37,1
2024-12-24 05:00:00,20,43,4
2024-12-24 06:00:00,76,32,19
2024-12-24 07:00:00,124,78,23
2024-12-24 08:00:00,281,124,40
2024-12-24 09:00:00,225,108,26
2024-12-24 10:00:00,311,115,32
2024-12-24 11:00:00,457,154,48
2024-12-24 12:00:00,625,159,42
2024-12-24 13:00:00,576,165,71
2024-12-24 14:00:00,553,189,48
2024-12-24 15:00:00,588,204,52
2024-12-24 16:00:00,560,213,36
2024-12-24 17:00:00,445,197,51
2024-12-24 18:00:00,283,182,40
2024-12-24 19:00:00,229,170,22
2024-12-24 20:00:00,181,161,30
2024-12-24 21:00:00,174,164,16
2024-12-24 22:00:00,116,157,13
2024-12-24 23:00:00,68,127,9
2024-12-25 00:00:00,59,131,4
2024-12-25 01:00:00,22,98,8
2024-12-25 02:00:00,15,58,4
2024-12-25 03:00:00,4,32,1
2024-12-25 04:00:00,4,23,2
2024-12-25 05:00:00,8,14,2
2024-12-25 06:00:00,16,29,3
2024-12-25 07:00:00,27,40,8
2024-12-25 08:00:00,27,27,9
2024-12-25 09:00:00,86,45,10
2024-12-25 10:00:00,146,50,11
2024-12-25 11:00:00,147,55,19
2024-12-25 12:00:00,162,63,21
2024-12-25 13:00:00,164,59,16
2024-12-25 14:00:00,136,86,19
2024-12-25 15:00:00,171,96,17
2024-12-25 16:00:00,173,61,12
2024-12-25 17:00:00,171,76,25
2024-12-25 18:00:00,123,90,21
2024-12-25 19:00:00,122,78,15
2024-12-25 20:00:00,92,77,14
2024-12-25 21:00:00,79,94,5
2024-12-25 22:00:00,90,91,7
2024-12-25 23:00:00,34,64,11
2024-12-26 00:00:00,28,54,2
2024-12-26 01:00:00,35,36,1
2024-12-26 02:00:00,15,29,0
2024-12-26 03:00:00,7,17,0
2024-12-26 04:00:00,8,14,0
2024-12-26 05:00:00,17,29,1
2024-12-26 06:00:00,16,41,6
2024-12-26 07:00:00,42,54,10
2024-12-26 08:00:00,46,71,8
2024-12-26 09:00:00,119,72,6
2024-12-26 10:00:00,164,128,20
2024-12-26 11:00:00,229,127,24
2024-12-26 12:00:00,339,148,18
2024-12-26 13:00:00,345,148,27
2024-12-26 14:00:00,393,147,34
2024-12-26 15:00:00,305,169,39
2024-12-26 16:00:00,300,166,27
2024-12-26 17:00:00,318,180,30
2024-12-26 18:00:00,299,184,19
2024-12-26 19:00:00,237,201,22
2024-12-26 20:00:00,137,167,25
2024-12-26 21:00:00,99,162,18
2024-12-26 22:00:00,113,169,15
2024-12-26 23:00:00,126,145,10
2024-12-27 00:00:00,44,102,9
2024-12-27 01:00:00,18,95,2
2024-12-27 02:00:00,20,89,2
2024-12-27 03:00:00,16,49,3
2024-12-27 04:00:00,7,36,1
2024-12-27 05:00:00,28,42,2
2024-12-27 06:00:00,53,36,12
2024-12-27 07:00:00,105,62,23
2024-12-27 08:00:00,225,78,43
2024-12-27 09:00:00,260,97,10
2024-12-27 10:00:00,353,94,28
2024-12-27 11:00:00,471,102,25
2024-12-27 12:00:00,548,122,24
2024-12-27 13:00:00,783,155,27
2024-12-27 14:00:00,591,191,43
2024-12-27 15:00:00,681,222,52
2024-12-27 16:00:00,704,236,59
2024-12-27 17:00:00,610,264,58
2024-12-27 18:00:00,578,273,69
2024-12-27 19:00:00,473,292,43
2024-12-27 20:00:00,386,225,36
2024-12-27 21:00:00,300,227,16
2024-12-27 22:00:00,341,225,17
2024-12-27 23:00:00,180,220,11
2024-12-28 00:00:00,148,257,12
2024-12-28 01:00:00,102,227,3
2024-12-28 02:00:00,54,191,4
2024-12-28 03:00:00,43,150,4
2024-12-28 04:00:00,12,84,2
2024-12-28 05:00:00,24,50,1
2024-12-28 06:00:00,34,37,15
2024-12-28 07:00:00,67,54,11
2024-12-28 08:00:00,100,79,12
2024-12-28 09:00:00,205,94,23
2024-12-28 10:00:00,369,126,37
2024-12-28 11:00:00,561,153,47
2024-12-28 12:00:00,614,163,26
2024-12-28 13:00:00,608,186,39
2024-12-28 14:00:00,744,181,28
2024-12-28 15:00:00,685,195,34
2024-12-28 16:00:00,760,224,40
2024-12-28 17:00:00,528,301,49
2024-12-28 18:00:00,598,320,60
2024-12-28 19:00:00,592,314,49
2024-12-28 20:00:00,463,286,37
2024-12-28 21:00:00,382,321,38
2024-12-28 22:00:00,370,301,29
2024-12-28 23:00:00,256,316,24
2024-12-29 00:00:00,110,340,9
2024-12-29 01:00:00,98,278,2
2024-12-29 02:00:00,54,260,7
2024-12-29 03:00:00,47,201,4
2024-12-29 04:00:00,33,140,5
2024-12-29 05:00:00,29,68,3
2024-12-29 06:00:00,26,58,9
2024-12-29 07:00:00,97,40,12
2024-12-29 08:00:00,99,55,29
2024-12-29 09:00:00,161,98,36
2024-12-29 10:00:00,381,101,39
2024-12-29 11:00:00,486,152,34
2024-12-29 12:00:00,565,139,38
2024-12-29 13:00:00,574,169,48
2024-12-29 14:00:00,608,168,42
2024-12-29 15:00:00,572,179,62
2024-12-29 16:00:00,611,169,42
2024-12-29 17:00:00,534,257,55
2024-12-29 18:00:00,526,204,47
2024-12-29 19:00:00,478,224,48
2024-12-29 20:00:00,301,186,44
2024-12-29 21:00:00,201,171,37
2024-12-29 22:00:00,228,161,24
2024-12-29 23:00:00,228,159,13
2024-12-30 00:00:00,64,163,8
2024-12-30 01:00:00,32,119,4
2024-12-30 02:00:00,17,71,3
2024-12-30 03:00:00,13,59,2
2024-12-30 04:00:00,8,10,0
2024-12-30 05:00:00,21,39,6
2024-12-30 06:00:00,67,41,14
2024-12-30 07:00:00,141,57,50
2024-12-30 08:00:00,365,87,64
2024-12-30 09:00:00,309,128,40
2024-12-30 10:00:00,440,110,44
2024-12-30 11:00:00,560,149,48
2024-12-30 12:00:00,814,156,50
2024-12-30 13:00:00,905,170,69
2024-12-30 14:00:00,766,166,62
2024-12-30 15:00:00,751,200,53
2024-12-30 16:00:00,847,193,76
2024-12-30 17:00:00,888,204,81
2024-12-30 18:00:00,632,227,72
2024-12-30 19:00:00,479,172,59
2024-12-30 20:00:00,378,188,54
2024-12-30 21:00:00,297,165,31
2024-12-30 22:00:00,242,167,27
2024-12-30 23:00:00,144,141,19
2024-12-31 00:00:00,54,139,10
2024-12-31 01:00:00,36,107,5
2024-12-31 02:00:00,27,66,2
2024-12-31 03:00:00,15,45,0
2024-12-31 04:00:00,10,22,2
2024-12-31 05:00:00,37,38,3
2024-12-31 06:00:00,65,31,21
2024-12-31 07:00:00,137,66,34
2024-12-31 08:00:00,328,90,49
2024-12-31 09:00:00,268,110,49
2024-12-31 10:00:00,411,122,36
2024-12-31 11:00:00,513,140,47
2024-12-31 12:00:00,731,162,52
2024-12-31 13:00:00,762,140,71
2024-12-31 14:00:00,738,223,71
2024-12-31 15:00:00,788,217,58
2024-12-31 16:00:00,827,242,73
2024-12-31 17:00:00,777,306,76
2024-12-31 18:00:00,577,382,83
2024-12-31 19:00:00,645,469,69
2024-12-31 20:00:00,651,517,48
2024-12-31 21:00:00,600,568,31
2024-12-31 22:00:00,538,563,33
2024-12-31 23:00:00,386,526,21
