date,ped,car,cyc
2024-01-01 00:00:00,2,20,0
2024-01-01 01:00:00,1,25,0
2024-01-01 02:00:00,6,15,2
2024-01-01 03:00:00,6,15,0
2024-01-01 04:00:00,0,11,0
2024-01-01 05:00:00,4,7,0
2024-01-01 06:00:00,0,6,0
2024-01-01 07:00:00,0,12,0
2024-01-01 08:00:00,3,19,0
2024-01-01 09:00:00,1,16,1
2024-01-01 10:00:00,17,35,0
2024-01-01 11:00:00,6,54,1
2024-01-01 12:00:00,8,33,1
2024-01-01 13:00:00,6,51,0
2024-01-01 14:00:00,0,55,3
2024-01-01 15:00:00,8,47,0
2024-01-01 16:00:00,4,43,1
2024-01-01 17:00:00,4,49,0
2024-01-01 18:00:00,2,71,3
2024-01-01 19:00:00,3,44,0
2024-01-01 20:00:00,2,34,0
2024-01-01 21:00:00,1,23,0
2024-01-01 22:00:00,0,31,1
2024-01-01 23:00:00,1,10,2
2024-01-02 00:00:00,0,6,2
2024-01-02 01:00:00,1,6,1
2024-01-02 02:00:00,0,1,0
2024-01-02 03:00:00,1,3,0
2024-01-02 04:00:00,1,8,0
2024-01-02 05:00:00,2,14,1
2024-01-02 06:00:00,2,22,2
2024-01-02 07:00:00,2,59,1
2024-01-02 08:00:00,10,71,0
2024-01-02 09:00:00,6,31,0
2024-01-02 10:00:00,1,31,0
2024-01-02 11:00:00,6,48,0
2024-01-02 12:00:00,4,62,1
2024-01-02 13:00:00,14,55,0
2024-01-02 14:00:00,8,57,1
2024-01-02 15:00:00,8,80,0
2024-01-02 16:00:00,13,65,3
2024-01-02 17:00:00,7,86,2
2024-01-02 18:00:00,5,79,2
2024-01-02 19:00:00,12,63,4
2024-01-02 20:00:00,1,32,2
2024-01-02 21:00:00,2,24,0
2024-01-02 22:00:00,2,27,0
2024-01-02 23:00:00,0,5,1
2024-01-03 00:00:00,0,1,0
2024-01-03 01:00:00,0,1,0
2024-01-03 02:00:00,0,4,0
2024-01-03 03:00:00,0,3,0
2024-01-03 04:00:00,0,5,1
2024-01-03 05:00:00,3,11,2
2024-01-03 06:00:00,2,23,1
2024-01-03 07:00:00,9,131,0
2024-01-03 08:00:00,40,282,1
2024-01-03 09:00:00,4,53,0
2024-01-03 10:00:00,3,37,0
2024-01-03 11:00:00,13,37,0
2024-01-03 12:00:00,9,55,0
2024-01-03 13:00:00,9,41,0
2024-01-03 14:00:00,11,127,1
2024-01-03 15:00:00,49,181,1
2024-01-03 16:00:00,11,119,0
2024-01-03 17:00:00,8,86,2
2024-01-03 18:00:00,10,95,2
2024-01-03 19:00:00,2,50,2
2024-01-03 20:00:00,4,40,3
2024-01-03 21:00:00,3,34,1
2024-01-03 22:00:00,0,27,0
2024-01-03 23:00:00,1,7,0
2024-01-04 00:00:00,0,1,0
2024-01-04 01:00:00,1,8,1
2024-01-04 02:00:00,0,0,0
2024-01-04 03:00:00,0,2,0
2024-01-04 04:00:00,0,6,0
2024-01-04 05:00:00,6,11,1
2024-01-04 06:00:00,2,24,0
2024-01-04 07:00:00,8,120,5
2024-01-04 08:00:00,40,263,6
2024-01-04 09:00:00,7,71,0
2024-01-04 10:00:00,3,31,1
2024-01-04 11:00:00,6,37,0
2024-01-04 12:00:00,7,44,0
2024-01-04 13:00:00,14,56,1
2024-01-04 14:00:00,23,129,0
2024-01-04 15:00:00,42,205,1
2024-01-04 16:00:00,7,99,2
2024-01-04 17:00:00,1,95,1
2024-01-04 18:00:00,4,63,1
2024-01-04 19:00:00,1,61,3
2024-01-04 20:00:00,0,47,1
2024-01-04 21:00:00,1,26,2
2024-01-04 22:00:00,1,20,0
2024-01-04 23:00:00,1,7,0
2024-01-05 00:00:00,0,5,6
2024-01-05 01:00:00,0,10,15
2024-01-05 02:00:00,0,0,0
2024-01-05 03:00:00,0,3,1
2024-01-05 04:00:00,0,5,0
2024-01-05 05:00:00,4,11,1
2024-01-05 06:00:00,1,29,1
2024-01-05 07:00:00,9,114,3
2024-01-05 08:00:00,35,253,5
2024-01-05 09:00:00,4,45,0
2024-01-05 10:00:00,10,46,1
2024-01-05 11:00:00,5,69,1
2024-01-05 12:00:00,11,42,1
2024-01-05 13:00:00,8,41,1
2024-01-05 14:00:00,11,128,1
2024-01-05 15:00:00,60,184,3
2024-01-05 16:00:00,17,95,2
2024-01-05 17:00:00,10,91,1
2024-01-05 18:00:00,11,95,2
2024-01-05 19:00:00,5,76,1
2024-01-05 20:00:00,4,52,0
2024-01-05 21:00:00,5,27,2
2024-01-05 22:00:00,2,28,0
2024-01-05 23:00:00,1,11,1
2024-01-06 00:00:00,0,14,0
2024-01-06 01:00:00,2,4,0
2024-01-06 02:00:00,0,3,0
2024-01-06 03:00:00,0,5,0
2024-01-06 04:00:00,0,5,0
2024-01-06 05:00:00,1,10,1
2024-01-06 06:00:00,1,7,0
2024-01-06 07:00:00,3,13,2
2024-01-06 08:00:00,5,30,4
2024-01-06 09:00:00,5,36,4
2024-01-06 10:00:00,5,54,0
2024-01-06 11:00:00,12,67,1
2024-01-06 12:00:00,3,66,0
2024-01-06 13:00:00,10,57,1
2024-01-06 14:00:00,3,73,0
2024-01-06 15:00:00,6,74,2
2024-01-06 16:00:00,9,86,0
2024-01-06 17:00:00,6,80,2
2024-01-06 18:00:00,5,71,1
2024-01-06 19:00:00,2,43,2
2024-01-06 20:00:00,2,37,0
2024-01-06 21:00:00,9,20,1
2024-01-06 22:00:00,1,18,1
2024-01-06 23:00:00,0,13,1
2024-01-07 00:00:00,1,22,1
2024-01-07 01:00:00,3,9,0
2024-01-07 02:00:00,0,10,0
2024-01-07 03:00:00,0,1,0
2024-01-07 04:00:00,0,7,0
2024-01-07 05:00:00,1,7,0
2024-01-07 06:00:00,0,4,0
2024-01-07 07:00:00,0,16,0
2024-01-07 08:00:00,3,13,1
2024-01-07 09:00:00,3,22,1
2024-01-07 10:00:00,6,56,2
2024-01-07 11:00:00,3,63,0
2024-01-07 12:00:00,4,62,1
2024-01-07 13:00:00,5,61,0
2024-01-07 14:00:00,4,54,2
2024-01-07 15:00:00,5,58,0
2024-01-07 16:00:00,4,60,2
2024-01-07 17:00:00,9,42,2
2024-01-07 18:00:00,6,59,1
2024-01-07 19:00:00,5,40,2
2024-01-07 20:00:00,3,37,0
2024-01-07 21:00:00,3,21,0
2024-01-07 22:00:00,2,16,0
2024-01-07 23:00:00,0,6,0
2024-01-08 00:00:00,0,6,2
2024-01-08 01:00:00,0,1,0
2024-01-08 02:00:00,0,1,0
2024-01-08 03:00:00,1,3,0
2024-01-08 04:00:00,1,3,0
2024-01-08 05:00:00,4,14,2
2024-01-08 06:00:00,3,27,0
2024-01-08 07:00:00,11,108,1
2024-01-08 08:00:00,38,259,2
2024-01-08 09:00:00,5,68,0
2024-01-08 10:00:00,6,46,0
2024-01-08 11:00:00,5,43,0
2024-01-08 12:00:00,5,42,0
2024-01-08 13:00:00,13,40,0
2024-01-08 14:00:00,15,128,0
2024-01-08 15:00:00,56,145,3
2024-01-08 16:00:00,8,107,3
2024-01-08 17:00:00,9,96,2
2024-01-08 18:00:00,13,86,2
2024-01-08 19:00:00,5,48,2
2024-01-08 20:00:00,1,28,1
2024-01-08 21:00:00,4,27,0
2024-01-08 22:00:00,1,24,0
2024-01-08 23:00:00,1,10,0
2024-01-09 00:00:00,0,7,0
2024-01-09 01:00:00,0,0,0
2024-01-09 02:00:00,0,2,0
2024-01-09 03:00:00,0,4,1
2024-01-09 04:00:00,1,5,1
2024-01-09 05:00:00,4,16,1
2024-01-09 06:00:00,3,26,2
2024-01-09 07:00:00,12,96,3
2024-01-09 08:00:00,47,280,4
2024-01-09 09:00:00,5,77,2
2024-01-09 10:00:00,13,41,4
2024-01-09 11:00:00,6,50,1
2024-01-09 12:00:00,5,52,1
2024-01-09 13:00:00,5,51,3
2024-01-09 14:00:00,23,107,0
2024-01-09 15:00:00,52,160,1
2024-01-09 16:00:00,11,83,4
2024-01-09 17:00:00,9,92,4
2024-01-09 18:00:00,8,83,3
2024-01-09 19:00:00,4,60,0
2024-01-09 20:00:00,2,37,0
2024-01-09 21:00:00,1,37,0
2024-01-09 22:00:00,2,14,0
2024-01-09 23:00:00,0,4,1
2024-01-10 00:00:00,0,4,0
2024-01-10 01:00:00,0,2,0
2024-01-10 02:00:00,0,3,0
2024-01-10 03:00:00,0,4,0
2024-01-10 04:00:00,1,4,0
2024-01-10 05:00:00,3,15,2
2024-01-10 06:00:00,3,19,0
2024-01-10 07:00:00,11,130,2
2024-01-10 08:00:00,41,271,5
2024-01-10 09:00:00,12,59,1
2024-01-10 10:00:00,17,33,0
2024-01-10 11:00:00,5,48,0
2024-01-10 12:00:00,21,39,0
2024-01-10 13:00:00,10,51,2
2024-01-10 14:00:00,16,126,2
2024-01-10 15:00:00,56,174,1
2024-01-10 16:00:00,19,114,4
2024-01-10 17:00:00,6,92,1
2024-01-10 18:00:00,20,94,2
2024-01-10 19:00:00,10,69,4
2024-01-10 20:00:00,7,54,0
2024-01-10 21:00:00,1,35,1
2024-01-10 22:00:00,2,19,0
2024-01-10 23:00:00,2,12,0
2024-01-11 00:00:00,0,1,0
2024-01-11 01:00:00,0,1,0
2024-01-11 02:00:00,0,1,0
2024-01-11 03:00:00,0,5,0
2024-01-11 04:00:00,1,6,0
2024-01-11 05:00:00,3,10,1
2024-01-11 06:00:00,3,28,1
2024-01-11 07:00:00,13,120,6
2024-01-11 08:00:00,35,295,6
2024-01-11 09:00:00,13,61,1
2024-01-11 10:00:00,5,38,2
2024-01-11 11:00:00,5,51,0
2024-01-11 12:00:00,7,39,1
2024-01-11 13:00:00,14,54,5
2024-01-11 14:00:00,24,137,2
2024-01-11 15:00:00,61,143,1
2024-01-11 16:00:00,13,102,3
2024-01-11 17:00:00,3,110,3
2024-01-11 18:00:00,7,115,3
2024-01-11 19:00:00,7,69,0
2024-01-11 20:00:00,5,42,1
2024-01-11 21:00:00,4,34,1
2024-01-11 22:00:00,1,31,2
2024-01-11 23:00:00,0,5,0
2024-01-12 00:00:00,0,2,0
2024-01-12 01:00:00,1,4,1
2024-01-12 02:00:00,0,0,0
2024-01-12 03:00:00,1,3,0
2024-01-12 04:00:00,1,6,1
2024-01-12 05:00:00,3,18,0
2024-01-12 06:00:00,2,28,1
2024-01-12 07:00:00,8,119,1
2024-01-12 08:00:00,34,265,6
2024-01-12 09:00:00,15,62,0
2024-01-12 10:00:00,4,44,1
2024-01-12 11:00:00,5,50,1
2024-01-12 12:00:00,12,70,1
2024-01-12 13:00:00,9,56,0
2024-01-12 14:00:00,17,110,0
2024-01-12 15:00:00,47,197,3
2024-01-12 16:00:00,13,88,0
2024-01-12 17:00:00,8,87,2
2024-01-12 18:00:00,6,93,1
2024-01-12 19:00:00,6,88,3
2024-01-12 20:00:00,8,42,5
2024-01-12 21:00:00,6,48,2
2024-01-12 22:00:00,5,37,1
2024-01-12 23:00:00,1,14,0
2024-01-13 00:00:00,0,8,0
2024-01-13 01:00:00,4,7,0
2024-01-13 02:00:00,1,2,0
2024-01-13 03:00:00,0,6,0
2024-01-13 04:00:00,0,1,0
2024-01-13 05:00:00,0,4,1
2024-01-13 06:00:00,1,10,0
2024-01-13 07:00:00,1,18,0
2024-01-13 08:00:00,2,28,0
2024-01-13 09:00:00,6,49,0
2024-01-13 10:00:00,6,55,4
2024-01-13 11:00:00,13,73,3
2024-01-13 12:00:00,0,69,1
2024-01-13 13:00:00,9,89,0
2024-01-13 14:00:00,12,63,1
2024-01-13 15:00:00,7,58,1
2024-01-13 16:00:00,4,78,0
2024-01-13 17:00:00,7,81,3
2024-01-13 18:00:00,2,79,2
2024-01-13 19:00:00,7,69,4
2024-01-13 20:00:00,6,50,2
2024-01-13 21:00:00,3,37,0
2024-01-13 22:00:00,2,24,3
2024-01-13 23:00:00,0,21,0
2024-01-14 00:00:00,2,13,0
2024-01-14 01:00:00,0,10,0
2024-01-14 02:00:00,0,3,0
2024-01-14 03:00:00,1,4,0
2024-01-14 04:00:00,0,4,0
2024-01-14 05:00:00,2,9,2
2024-01-14 06:00:00,0,12,0
2024-01-14 07:00:00,3,14,0
2024-01-14 08:00:00,1,18,1
2024-01-14 09:00:00,2,29,0
2024-01-14 10:00:00,8,51,0
2024-01-14 11:00:00,7,52,1
2024-01-14 12:00:00,6,81,0
2024-01-14 13:00:00,6,85,0
2024-01-14 14:00:00,12,95,1
2024-01-14 15:00:00,9,63,0
2024-01-14 16:00:00,10,76,1
2024-01-14 17:00:00,3,69,3
2024-01-14 18:00:00,7,67,0
2024-01-14 19:00:00,1,57,0
2024-01-14 20:00:00,3,45,1
2024-01-14 21:00:00,1,17,0
2024-01-14 22:00:00,0,16,0
2024-01-14 23:00:00,2,13,0
2024-01-15 00:00:00,1,9,0
2024-01-15 01:00:00,3,2,0
2024-01-15 02:00:00,0,5,0
2024-01-15 03:00:00,0,2,0
2024-01-15 04:00:00,2,3,0
2024-01-15 05:00:00,6,14,1
2024-01-15 06:00:00,3,21,0
2024-01-15 07:00:00,13,122,3
2024-01-15 08:00:00,41,274,5
2024-01-15 09:00:00,12,48,1
2024-01-15 10:00:00,7,36,0
2024-01-15 11:00:00,8,43,0
2024-01-15 12:00:00,10,50,0
2024-01-15 13:00:00,6,53,1
2024-01-15 14:00:00,20,121,1
2024-01-15 15:00:00,67,150,1
2024-01-15 16:00:00,12,93,2
2024-01-15 17:00:00,8,102,3
2024-01-15 18:00:00,11,80,4
2024-01-15 19:00:00,0,47,1
2024-01-15 20:00:00,4,36,0
2024-01-15 21:00:00,3,36,1
2024-01-15 22:00:00,2,28,1
2024-01-15 23:00:00,3,15,0
2024-01-16 00:00:00,0,7,0
2024-01-16 01:00:00,0,3,0
2024-01-16 02:00:00,0,3,0
2024-01-16 03:00:00,1,3,0
2024-01-16 04:00:00,1,6,0
2024-01-16 05:00:00,3,11,1
2024-01-16 06:00:00,3,23,2
2024-01-16 07:00:00,6,110,2
2024-01-16 08:00:00,32,278,6
2024-01-16 09:00:00,10,68,2
2024-01-16 10:00:00,8,56,1
2024-01-16 11:00:00,16,40,1
2024-01-16 12:00:00,4,47,0
2024-01-16 13:00:00,4,55,3
2024-01-16 14:00:00,7,108,1
2024-01-16 15:00:00,51,158,3
2024-01-16 16:00:00,15,91,4
2024-01-16 17:00:00,13,80,6
2024-01-16 18:00:00,2,83,0
2024-01-16 19:00:00,5,78,0
2024-01-16 20:00:00,1,48,0
2024-01-16 21:00:00,1,31,0
2024-01-16 22:00:00,0,29,1
2024-01-16 23:00:00,0,6,0
2024-01-17 00:00:00,1,1,0
2024-01-17 01:00:00,2,2,0
2024-01-17 02:00:00,0,3,0
2024-01-17 03:00:00,0,4,0
2024-01-17 04:00:00,0,3,0
2024-01-17 05:00:00,3,21,1
2024-01-17 06:00:00,2,38,1
2024-01-17 07:00:00,11,119,1
2024-01-17 08:00:00,30,265,7
2024-01-17 09:00:00,14,60,0
2024-01-17 10:00:00,10,37,0
2024-01-17 11:00:00,5,36,0
2024-01-17 12:00:00,16,55,1
2024-01-17 13:00:00,11,54,1
2024-01-17 14:00:00,10,118,0
2024-01-17 15:00:00,58,168,4
2024-01-17 16:00:00,12,98,1
2024-01-17 17:00:00,19,96,3
2024-01-17 18:00:00,7,94,2
2024-01-17 19:00:00,3,64,2
2024-01-17 20:00:00,4,46,2
2024-01-17 21:00:00,2,20,0
2024-01-17 22:00:00,2,23,0
2024-01-17 23:00:00,0,7,0
2024-01-18 00:00:00,0,7,0
2024-01-18 01:00:00,0,0,2
2024-01-18 02:00:00,0,3,4
2024-01-18 03:00:00,1,3,4
2024-01-18 04:00:00,1,4,0
2024-01-18 05:00:00,3,14,3
2024-01-18 06:00:00,3,34,3
2024-01-18 07:00:00,9,102,1
2024-01-18 08:00:00,38,298,7
2024-01-18 09:00:00,8,68,0
2024-01-18 10:00:00,5,51,1
2024-01-18 11:00:00,8,42,0
2024-01-18 12:00:00,7,50,0
2024-01-18 13:00:00,22,56,3
2024-01-18 14:00:00,15,121,1
2024-01-18 15:00:00,54,182,5
2024-01-18 16:00:00,23,77,1
2024-01-18 17:00:00,4,90,5
2024-01-18 18:00:00,5,91,3
2024-01-18 19:00:00,6,62,0
2024-01-18 20:00:00,1,41,0
2024-01-18 21:00:00,4,33,1
2024-01-18 22:00:00,4,19,0
2024-01-18 23:00:00,0,11,0
2024-01-19 00:00:00,0,9,0
2024-01-19 01:00:00,2,1,0
2024-01-19 02:00:00,0,2,3
2024-01-19 03:00:00,1,4,0
2024-01-19 04:00:00,1,5,0
2024-01-19 05:00:00,4,18,1
2024-01-19 06:00:00,2,24,3
2024-01-19 07:00:00,9,106,1
2024-01-19 08:00:00,36,263,6
2024-01-19 09:00:00,9,56,2
2024-01-19 10:00:00,11,52,0
2024-01-19 11:00:00,13,60,0
2024-01-19 12:00:00,11,52,1
2024-01-19 13:00:00,5,78,1
2024-01-19 14:00:00,16,144,0
2024-01-19 15:00:00,61,170,4
2024-01-19 16:00:00,10,88,0
2024-01-19 17:00:00,11,97,2
2024-01-19 18:00:00,4,111,1
2024-01-19 19:00:00,2,69,1
2024-01-19 20:00:00,12,60,1
2024-01-19 21:00:00,3,31,0
2024-01-19 22:00:00,1,23,1
2024-01-19 23:00:00,2,15,1
2024-01-20 00:00:00,1,10,0
2024-01-20 01:00:00,0,4,0
2024-01-20 02:00:00,0,6,0
2024-01-20 03:00:00,0,8,0
2024-01-20 04:00:00,0,3,0
2024-01-20 05:00:00,0,10,1
2024-01-20 06:00:00,0,6,0
2024-01-20 07:00:00,1,20,0
2024-01-20 08:00:00,2,29,0
2024-01-20 09:00:00,1,28,1
2024-01-20 10:00:00,0,56,1
2024-01-20 11:00:00,2,68,1
2024-01-20 12:00:00,4,74,0
2024-01-20 13:00:00,7,80,0
2024-01-20 14:00:00,6,89,0
2024-01-20 15:00:00,6,66,1
2024-01-20 16:00:00,10,73,0
2024-01-20 17:00:00,4,61,1
2024-01-20 18:00:00,9,76,1
2024-01-20 19:00:00,5,58,0
2024-01-20 20:00:00,3,43,0
2024-01-20 21:00:00,0,36,1
2024-01-20 22:00:00,1,22,0
2024-01-20 23:00:00,0,17,0
2024-01-21 00:00:00,0,21,0
2024-01-21 01:00:00,0,9,0
2024-01-21 02:00:00,0,4,0
2024-01-21 03:00:00,0,3,0
2024-01-21 04:00:00,0,1,0
2024-01-21 05:00:00,0,9,0
2024-01-21 06:00:00,0,14,0
2024-01-21 07:00:00,1,13,0
2024-01-21 08:00:00,7,12,0
2024-01-21 09:00:00,2,44,0
2024-01-21 10:00:00,2,51,1
2024-01-21 11:00:00,16,71,0
2024-01-21 12:00:00,3,77,1
2024-01-21 13:00:00,3,65,3
2024-01-21 14:00:00,8,54,0
2024-01-21 15:00:00,14,80,0
2024-01-21 16:00:00,5,75,1
2024-01-21 17:00:00,4,62,0
2024-01-21 18:00:00,0,55,2
2024-01-21 19:00:00,2,48,1
2024-01-21 20:00:00,1,22,2
2024-01-21 21:00:00,1,19,2
2024-01-21 22:00:00,0,16,0
2024-01-21 23:00:00,0,13,0
2024-01-22 00:00:00,0,9,1
2024-01-22 01:00:00,0,2,1
2024-01-22 02:00:00,0,2,3
2024-01-22 03:00:00,0,4,2
2024-01-22 04:00:00,0,4,0
2024-01-22 05:00:00,1,16,1
2024-01-22 06:00:00,1,24,1
2024-01-22 07:00:00,15,121,3
2024-01-22 08:00:00,36,274,3
2024-01-22 09:00:00,12,74,0
2024-01-22 10:00:00,8,47,1
2024-01-22 11:00:00,8,50,1
2024-01-22 12:00:00,11,49,0
2024-01-22 13:00:00,6,66,1
2024-01-22 14:00:00,16,124,0
2024-01-22 15:00:00,46,149,1
2024-01-22 16:00:00,9,110,2
2024-01-22 17:00:00,12,91,6
2024-01-22 18:00:00,2,90,3
2024-01-22 19:00:00,6,62,2
2024-01-22 20:00:00,6,49,5
2024-01-22 21:00:00,2,24,0
2024-01-22 22:00:00,0,19,3
2024-01-22 23:00:00,2,16,0
2024-01-23 00:00:00,0,3,0
2024-01-23 01:00:00,0,2,0
2024-01-23 02:00:00,0,4,0
2024-01-23 03:00:00,1,4,0
2024-01-23 04:00:00,2,5,0
2024-01-23 05:00:00,1,17,1
2024-01-23 06:00:00,3,23,0
2024-01-23 07:00:00,7,109,4
2024-01-23 08:00:00,32,266,2
2024-01-23 09:00:00,8,66,2
2024-01-23 10:00:00,3,40,0
2024-01-23 11:00:00,3,34,1
2024-01-23 12:00:00,9,48,0
2024-01-23 13:00:00,5,62,1
2024-01-23 14:00:00,6,127,0
2024-01-23 15:00:00,32,170,1
2024-01-23 16:00:00,16,102,1
2024-01-23 17:00:00,6,85,4
2024-01-23 18:00:00,11,78,3
2024-01-23 19:00:00,4,41,0
2024-01-23 20:00:00,3,46,1
2024-01-23 21:00:00,3,24,0
2024-01-23 22:00:00,5,23,1
2024-01-23 23:00:00,0,8,2
2024-01-24 00:00:00,0,4,0
2024-01-24 01:00:00,0,2,0
2024-01-24 02:00:00,0,2,0
2024-01-24 03:00:00,0,2,0
2024-01-24 04:00:00,0,8,0
2024-01-24 05:00:00,2,16,1
2024-01-24 06:00:00,2,27,0
2024-01-24 07:00:00,10,107,2
2024-01-24 08:00:00,37,268,3
2024-01-24 09:00:00,12,77,1
2024-01-24 10:00:00,10,37,2
2024-01-24 11:00:00,4,42,2
2024-01-24 12:00:00,8,46,1
2024-01-24 13:00:00,7,49,1
2024-01-24 14:00:00,6,121,2
2024-01-24 15:00:00,61,157,1
2024-01-24 16:00:00,16,119,4
2024-01-24 17:00:00,6,88,3
2024-01-24 18:00:00,11,98,4
2024-01-24 19:00:00,5,60,0
2024-01-24 20:00:00,6,48,2
2024-01-24 21:00:00,0,33,0
2024-01-24 22:00:00,1,21,0
2024-01-24 23:00:00,1,12,0
2024-01-25 00:00:00,0,3,0
2024-01-25 01:00:00,1,2,1
2024-01-25 02:00:00,0,1,2
2024-01-25 03:00:00,0,2,0
2024-01-25 04:00:00,1,6,1
2024-01-25 05:00:00,3,15,1
2024-01-25 06:00:00,2,36,1
2024-01-25 07:00:00,16,113,2
2024-01-25 08:00:00,35,274,6
2024-01-25 09:00:00,9,53,1
2024-01-25 10:00:00,5,41,1
2024-01-25 11:00:00,10,49,0
2024-01-25 12:00:00,8,51,0
2024-01-25 13:00:00,17,62,0
2024-01-25 14:00:00,11,119,1
2024-01-25 15:00:00,33,202,6
2024-01-25 16:00:00,17,69,4
2024-01-25 17:00:00,6,98,2
2024-01-25 18:00:00,5,107,2
2024-01-25 19:00:00,5,67,0
2024-01-25 20:00:00,1,56,0
2024-01-25 21:00:00,8,43,2
2024-01-25 22:00:00,1,33,1
2024-01-25 23:00:00,0,6,0
2024-01-26 00:00:00,0,8,1
2024-01-26 01:00:00,0,0,1
2024-01-26 02:00:00,2,1,1
2024-01-26 03:00:00,3,10,1
2024-01-26 04:00:00,2,8,0
2024-01-26 05:00:00,2,20,1
2024-01-26 06:00:00,1,33,0
2024-01-26 07:00:00,13,98,3
2024-01-26 08:00:00,38,280,4
2024-01-26 09:00:00,9,58,1
2024-01-26 10:00:00,7,42,2
2024-01-26 11:00:00,6,58,3
2024-01-26 12:00:00,10,47,1
2024-01-26 13:00:00,10,75,0
2024-01-26 14:00:00,15,127,1
2024-01-26 15:00:00,49,193,7
2024-01-26 16:00:00,7,79,2
2024-01-26 17:00:00,9,91,3
2024-01-26 18:00:00,10,96,2
2024-01-26 19:00:00,4,71,3
2024-01-26 20:00:00,5,53,1
2024-01-26 21:00:00,6,35,1
2024-01-26 22:00:00,0,37,0
2024-01-26 23:00:00,2,15,1
2024-01-27 00:00:00,0,10,0
2024-01-27 01:00:00,1,6,0
2024-01-27 02:00:00,0,8,0
2024-01-27 03:00:00,0,6,0
2024-01-27 04:00:00,1,4,0
2024-01-27 05:00:00,2,9,1
2024-01-27 06:00:00,0,14,0
2024-01-27 07:00:00,2,16,0
2024-01-27 08:00:00,1,34,0
2024-01-27 09:00:00,5,57,0
2024-01-27 10:00:00,7,47,0
2024-01-27 11:00:00,8,61,0
2024-01-27 12:00:00,8,76,1
2024-01-27 13:00:00,9,76,1
2024-01-27 14:00:00,13,63,1
2024-01-27 15:00:00,10,57,1
2024-01-27 16:00:00,16,66,0
2024-01-27 17:00:00,5,81,0
2024-01-27 18:00:00,3,99,1
2024-01-27 19:00:00,4,63,0
2024-01-27 20:00:00,3,48,6
2024-01-27 21:00:00,7,40,1
2024-01-27 22:00:00,0,39,1
2024-01-27 23:00:00,14,33,2
2024-01-28 00:00:00,15,19,1
2024-01-28 01:00:00,2,13,1
2024-01-28 02:00:00,1,8,0
2024-01-28 03:00:00,0,7,0
2024-01-28 04:00:00,1,2,0
2024-01-28 05:00:00,0,8,0
2024-01-28 06:00:00,1,6,0
2024-01-28 07:00:00,1,9,0
2024-01-28 08:00:00,1,23,0
2024-01-28 09:00:00,3,42,2
2024-01-28 10:00:00,2,59,1
2024-01-28 11:00:00,15,71,0
2024-01-28 12:00:00,5,75,1
2024-01-28 13:00:00,4,63,0
2024-01-28 14:00:00,11,65,1
2024-01-28 15:00:00,5,80,1
2024-01-28 16:00:00,5,77,3
2024-01-28 17:00:00,8,61,4
2024-01-28 18:00:00,4,62,3
2024-01-28 19:00:00,9,40,0
2024-01-28 20:00:00,7,32,0
2024-01-28 21:00:00,1,28,0
2024-01-28 22:00:00,4,20,0
2024-01-28 23:00:00,3,11,0
2024-01-29 00:00:00,0,3,0
2024-01-29 01:00:00,0,0,0
2024-01-29 02:00:00,1,3,0
2024-01-29 03:00:00,1,2,1
2024-01-29 04:00:00,0,3,0
2024-01-29 05:00:00,4,19,0
2024-01-29 06:00:00,4,29,1
2024-01-29 07:00:00,15,114,2
2024-01-29 08:00:00,35,274,1
2024-01-29 09:00:00,8,72,1
2024-01-29 10:00:00,8,45,2
2024-01-29 11:00:00,12,54,3
2024-01-29 12:00:00,5,42,1
2024-01-29 13:00:00,9,70,0
2024-01-29 14:00:00,16,120,1
2024-01-29 15:00:00,47,154,8
2024-01-29 16:00:00,16,109,3
2024-01-29 17:00:00,10,88,2
2024-01-29 18:00:00,6,83,2
2024-01-29 19:00:00,12,76,3
2024-01-29 20:00:00,2,41,0
2024-01-29 21:00:00,4,31,2
2024-01-29 22:00:00,3,29,1
2024-01-29 23:00:00,0,9,3
2024-01-30 00:00:00,5,3,0
2024-01-30 01:00:00,0,1,0
2024-01-30 02:00:00,1,1,1
2024-01-30 03:00:00,0,3,0
2024-01-30 04:00:00,1,4,0
2024-01-30 05:00:00,2,12,1
2024-01-30 06:00:00,3,36,2
2024-01-30 07:00:00,16,101,4
2024-01-30 08:00:00,41,289,6
2024-01-30 09:00:00,9,64,1
2024-01-30 10:00:00,3,49,2
2024-01-30 11:00:00,7,32,2
2024-01-30 12:00:00,9,24,1
2024-01-30 13:00:00,9,58,0
2024-01-30 14:00:00,8,115,1
2024-01-30 15:00:00,66,151,5
2024-01-30 16:00:00,16,112,4
2024-01-30 17:00:00,7,101,3
2024-01-30 18:00:00,6,90,2
2024-01-30 19:00:00,4,71,2
2024-01-30 20:00:00,3,42,1
2024-01-30 21:00:00,5,38,0
2024-01-30 22:00:00,1,20,1
2024-01-30 23:00:00,2,6,0
2024-01-31 00:00:00,0,3,1
2024-01-31 01:00:00,0,2,0
2024-01-31 02:00:00,0,2,0
2024-01-31 03:00:00,0,2,0
2024-01-31 04:00:00,0,5,0
2024-01-31 05:00:00,3,13,1
2024-01-31 06:00:00,2,37,0
2024-01-31 07:00:00,12,116,2
2024-01-31 08:00:00,38,292,4
2024-01-31 09:00:00,7,65,1
2024-01-31 10:00:00,6,51,0
2024-01-31 11:00:00,6,35,3
2024-01-31 12:00:00,12,54,0
2024-01-31 13:00:00,15,69,3
2024-01-31 14:00:00,13,128,4
2024-01-31 15:00:00,56,172,3
2024-01-31 16:00:00,5,95,3
2024-01-31 17:00:00,6,82,1
2024-01-31 18:00:00,10,96,5
2024-01-31 19:00:00,5,61,2
2024-01-31 20:00:00,2,50,2
2024-01-31 21:00:00,1,40,0
2024-01-31 22:00:00,0,28,1
2024-01-31 23:00:00,0,8,1
2024-02-01 00:00:00,2,7,1
2024-02-01 01:00:00,0,3,1
2024-02-01 02:00:00,0,3,0
2024-02-01 03:00:00,0,6,0
2024-02-01 04:00:00,0,4,1
2024-02-01 05:00:00,6,22,2
2024-02-01 06:00:00,2,27,1
2024-02-01 07:00:00,14,114,1
2024-02-01 08:00:00,48,295,7
2024-02-01 09:00:00,4,54,2
2024-02-01 10:00:00,11,46,0
2024-02-01 11:00:00,4,53,1
2024-02-01 12:00:00,9,55,0
2024-02-01 13:00:00,11,63,0
2024-02-01 14:00:00,22,119,1
2024-02-01 15:00:00,58,189,4
2024-02-01 16:00:00,30,115,1
2024-02-01 17:00:00,14,121,3
2024-02-01 18:00:00,20,108,2
2024-02-01 19:00:00,4,72,0
2024-02-01 20:00:00,7,56,0
2024-02-01 21:00:00,2,45,1
2024-02-01 22:00:00,0,27,0
2024-02-01 23:00:00,2,13,0
2024-02-02 00:00:00,1,6,0
2024-02-02 01:00:00,0,1,0
2024-02-02 02:00:00,1,1,0
2024-02-02 03:00:00,0,1,0
2024-02-02 04:00:00,1,8,2
2024-02-02 05:00:00,3,18,2
2024-02-02 06:00:00,1,27,0
2024-02-02 07:00:00,12,112,3
2024-02-02 08:00:00,36,270,4
2024-02-02 09:00:00,11,85,4
2024-02-02 10:00:00,4,46,2
2024-02-02 11:00:00,6,54,2
2024-02-02 12:00:00,8,65,3
2024-02-02 13:00:00,8,72,2
2024-02-02 14:00:00,13,139,2
2024-02-02 15:00:00,54,189,2
2024-02-02 16:00:00,15,101,2
2024-02-02 17:00:00,8,109,6
2024-02-02 18:00:00,8,103,1
2024-02-02 19:00:00,9,88,1
2024-02-02 20:00:00,8,47,1
2024-02-02 21:00:00,6,30,0
2024-02-02 22:00:00,2,30,0
2024-02-02 23:00:00,1,23,2
2024-02-03 00:00:00,0,12,0
2024-02-03 01:00:00,1,5,0
2024-02-03 02:00:00,0,3,1
2024-02-03 03:00:00,5,3,0
2024-02-03 04:00:00,0,2,0
2024-02-03 05:00:00,1,12,0
2024-02-03 06:00:00,0,9,0
2024-02-03 07:00:00,1,18,0
2024-02-03 08:00:00,4,38,1
2024-02-03 09:00:00,4,42,3
2024-02-03 10:00:00,3,52,0
2024-02-03 11:00:00,12,70,1
2024-02-03 12:00:00,9,81,0
2024-02-03 13:00:00,7,64,1
2024-02-03 14:00:00,9,78,1
2024-02-03 15:00:00,0,74,0
2024-02-03 16:00:00,4,67,0
2024-02-03 17:00:00,6,93,1
2024-02-03 18:00:00,7,81,2
2024-02-03 19:00:00,11,53,0
2024-02-03 20:00:00,5,55,1
2024-02-03 21:00:00,5,30,0
2024-02-03 22:00:00,5,30,0
2024-02-03 23:00:00,0,17,0
2024-02-04 00:00:00,1,16,0
2024-02-04 01:00:00,0,9,0
2024-02-04 02:00:00,0,5,0
2024-02-04 03:00:00,0,15,0
2024-02-04 04:00:00,1,7,0
2024-02-04 05:00:00,0,12,0
2024-02-04 06:00:00,0,15,1
2024-02-04 07:00:00,0,11,1
2024-02-04 08:00:00,5,21,0
2024-02-04 09:00:00,4,35,0
2024-02-04 10:00:00,4,61,2
2024-02-04 11:00:00,11,68,1
2024-02-04 12:00:00,0,53,1
2024-02-04 13:00:00,2,56,0
2024-02-04 14:00:00,9,62,1
2024-02-04 15:00:00,7,76,2
2024-02-04 16:00:00,9,59,0
2024-02-04 17:00:00,5,66,0
2024-02-04 18:00:00,5,61,0
2024-02-04 19:00:00,4,44,1
2024-02-04 20:00:00,1,28,0
2024-02-04 21:00:00,1,19,1
2024-02-04 22:00:00,0,18,0
2024-02-04 23:00:00,2,7,0
2024-02-05 00:00:00,1,3,0
2024-02-05 01:00:00,1,0,0
2024-02-05 02:00:00,0,1,0
2024-02-05 03:00:00,0,4,0
2024-02-05 04:00:00,0,2,0
2024-02-05 05:00:00,4,20,0
2024-02-05 06:00:00,3,28,2
2024-02-05 07:00:00,9,122,1
2024-02-05 08:00:00,38,271,0
2024-02-05 09:00:00,15,64,2
2024-02-05 10:00:00,10,54,1
2024-02-05 11:00:00,4,57,3
2024-02-05 12:00:00,13,52,0
2024-02-05 13:00:00,13,63,1
2024-02-05 14:00:00,11,126,0
2024-02-05 15:00:00,54,138,8
2024-02-05 16:00:00,21,97,2
2024-02-05 17:00:00,13,75,3
2024-02-05 18:00:00,9,90,2
2024-02-05 19:00:00,6,65,4
2024-02-05 20:00:00,4,51,2
2024-02-05 21:00:00,1,32,1
2024-02-05 22:00:00,2,27,2
2024-02-05 23:00:00,3,12,0
2024-02-06 00:00:00,0,8,0
2024-02-06 01:00:00,3,1,0
2024-02-06 02:00:00,0,1,0
2024-02-06 03:00:00,0,1,2
2024-02-06 04:00:00,0,6,10
2024-02-06 05:00:00,1,15,2
2024-02-06 06:00:00,2,20,0
2024-02-06 07:00:00,15,98,4
2024-02-06 08:00:00,41,287,2
2024-02-06 09:00:00,8,71,5
2024-02-06 10:00:00,10,42,0
2024-02-06 11:00:00,4,50,0
2024-02-06 12:00:00,8,56,2
2024-02-06 13:00:00,9,58,1
2024-02-06 14:00:00,15,119,1
2024-02-06 15:00:00,67,173,4
2024-02-06 16:00:00,25,106,2
2024-02-06 17:00:00,6,101,2
2024-02-06 18:00:00,10,86,4
2024-02-06 19:00:00,1,65,3
2024-02-06 20:00:00,0,37,4
2024-02-06 21:00:00,1,44,2
2024-02-06 22:00:00,0,19,2
2024-02-06 23:00:00,0,7,1
2024-02-07 00:00:00,0,4,0
2024-02-07 01:00:00,0,1,0
2024-02-07 02:00:00,0,1,0
2024-02-07 03:00:00,0,2,0
2024-02-07 04:00:00,0,9,0
2024-02-07 05:00:00,5,17,0
2024-02-07 06:00:00,1,37,0
2024-02-07 07:00:00,8,103,1
2024-02-07 08:00:00,39,278,3
2024-02-07 09:00:00,14,68,2
2024-02-07 10:00:00,1,54,1
2024-02-07 11:00:00,13,52,2
2024-02-07 12:00:00,6,39,2
2024-02-07 13:00:00,6,61,3
2024-02-07 14:00:00,19,135,1
2024-02-07 15:00:00,39,170,3
2024-02-07 16:00:00,19,111,3
2024-02-07 17:00:00,18,113,1
2024-02-07 18:00:00,7,83,3
2024-02-07 19:00:00,5,64,1
2024-02-07 20:00:00,4,46,1
2024-02-07 21:00:00,2,37,0
2024-02-07 22:00:00,3,18,1
2024-02-07 23:00:00,2,12,0
2024-02-08 00:00:00,0,2,0
2024-02-08 01:00:00,0,5,1
2024-02-08 02:00:00,0,3,0
2024-02-08 03:00:00,0,3,0
2024-02-08 04:00:00,0,6,0
2024-02-08 05:00:00,1,15,1
2024-02-08 06:00:00,0,34,1
2024-02-08 07:00:00,8,110,2
2024-02-08 08:00:00,31,316,3
2024-02-08 09:00:00,8,70,1
2024-02-08 10:00:00,7,48,3
2024-02-08 11:00:00,5,65,1
2024-02-08 12:00:00,13,73,2
2024-02-08 13:00:00,5,70,1
2024-02-08 14:00:00,8,127,0
2024-02-08 15:00:00,46,197,4
2024-02-08 16:00:00,4,103,1
2024-02-08 17:00:00,5,104,1
2024-02-08 18:00:00,3,114,2
2024-02-08 19:00:00,2,60,3
2024-02-08 20:00:00,1,51,3
2024-02-08 21:00:00,3,35,2
2024-02-08 22:00:00,2,25,2
2024-02-08 23:00:00,0,9,2
2024-02-09 00:00:00,1,4,1
2024-02-09 01:00:00,3,2,0
2024-02-09 02:00:00,0,1,1
2024-02-09 03:00:00,0,1,0
2024-02-09 04:00:00,1,5,1
2024-02-09 05:00:00,1,19,1
2024-02-09 06:00:00,1,26,1
2024-02-09 07:00:00,8,102,0
2024-02-09 08:00:00,51,285,5
2024-02-09 09:00:00,6,71,0
2024-02-09 10:00:00,1,57,1
2024-02-09 11:00:00,6,48,0
2024-02-09 12:00:00,2,57,1
2024-02-09 13:00:00,10,58,0
2024-02-09 14:00:00,14,135,2
2024-02-09 15:00:00,55,187,3
2024-02-09 16:00:00,7,74,0
2024-02-09 17:00:00,5,87,1
2024-02-09 18:00:00,3,88,2
2024-02-09 19:00:00,2,69,0
2024-02-09 20:00:00,1,62,6
2024-02-09 21:00:00,0,36,3
2024-02-09 22:00:00,3,39,0
2024-02-09 23:00:00,1,11,2
2024-02-10 00:00:00,0,12,0
2024-02-10 01:00:00,1,9,0
2024-02-10 02:00:00,0,12,7
2024-02-10 03:00:00,0,5,0
2024-02-10 04:00:00,0,5,0
2024-02-10 05:00:00,0,10,0
2024-02-10 06:00:00,0,17,1
2024-02-10 07:00:00,2,16,0
2024-02-10 08:00:00,2,35,0
2024-02-10 09:00:00,4,42,1
2024-02-10 10:00:00,7,51,0
2024-02-10 11:00:00,9,79,1
2024-02-10 12:00:00,10,49,1
2024-02-10 13:00:00,10,71,1
2024-02-10 14:00:00,9,82,2
2024-02-10 15:00:00,26,55,0
2024-02-10 16:00:00,5,66,0
2024-02-10 17:00:00,12,62,3
2024-02-10 18:00:00,2,62,3
2024-02-10 19:00:00,3,53,3
2024-02-10 20:00:00,3,53,0
2024-02-10 21:00:00,2,42,3
2024-02-10 22:00:00,3,31,2
2024-02-10 23:00:00,1,22,5
2024-02-11 00:00:00,1,19,2
2024-02-11 01:00:00,0,9,0
2024-02-11 02:00:00,0,8,0
2024-02-11 03:00:00,1,10,0
2024-02-11 04:00:00,2,5,0
2024-02-11 05:00:00,1,8,0
2024-02-11 06:00:00,1,10,0
2024-02-11 07:00:00,2,15,0
2024-02-11 08:00:00,0,12,1
2024-02-11 09:00:00,6,35,0
2024-02-11 10:00:00,7,62,3
2024-02-11 11:00:00,10,43,0
2024-02-11 12:00:00,7,76,0
2024-02-11 13:00:00,13,72,0
2024-02-11 14:00:00,19,73,2
2024-02-11 15:00:00,5,58,0
2024-02-11 16:00:00,5,44,0
2024-02-11 17:00:00,13,72,1
2024-02-11 18:00:00,9,47,2
2024-02-11 19:00:00,2,47,1
2024-02-11 20:00:00,0,26,1
2024-02-11 21:00:00,3,27,0
2024-02-11 22:00:00,2,27,1
2024-02-11 23:00:00,1,7,1
2024-02-12 00:00:00,0,7,0
2024-02-12 01:00:00,0,4,0
2024-02-12 02:00:00,0,1,1
2024-02-12 03:00:00,0,1,0
2024-02-12 04:00:00,0,4,0
2024-02-12 05:00:00,0,16,1
2024-02-12 06:00:00,3,23,0
2024-02-12 07:00:00,5,48,2
2024-02-12 08:00:00,4,45,0
2024-02-12 09:00:00,2,35,0
2024-02-12 10:00:00,5,44,1
2024-02-12 11:00:00,10,45,1
2024-02-12 12:00:00,20,54,0
2024-02-12 13:00:00,16,53,4
2024-02-12 14:00:00,14,55,0
2024-02-12 15:00:00,8,40,1
2024-02-12 16:00:00,11,55,1
2024-02-12 17:00:00,15,84,1
2024-02-12 18:00:00,4,82,1
2024-02-12 19:00:00,10,66,4
2024-02-12 20:00:00,6,33,0
2024-02-12 21:00:00,1,26,0
2024-02-12 22:00:00,1,18,0
2024-02-12 23:00:00,0,7,0
2024-02-13 00:00:00,0,1,0
2024-02-13 01:00:00,2,1,1
2024-02-13 02:00:00,0,0,0
2024-02-13 03:00:00,0,3,0
2024-02-13 04:00:00,0,3,0
2024-02-13 05:00:00,0,18,1
2024-02-13 06:00:00,1,29,0
2024-02-13 07:00:00,8,57,2
2024-02-13 08:00:00,2,43,0
2024-02-13 09:00:00,4,39,1
2024-02-13 10:00:00,8,49,0
2024-02-13 11:00:00,5,38,0
2024-02-13 12:00:00,4,55,0
2024-02-13 13:00:00,14,35,0
2024-02-13 14:00:00,13,44,0
2024-02-13 15:00:00,2,57,0
2024-02-13 16:00:00,8,65,0
2024-02-13 17:00:00,6,90,4
2024-02-13 18:00:00,2,71,1
2024-02-13 19:00:00,6,73,4
2024-02-13 20:00:00,3,41,0
2024-02-13 21:00:00,0,24,0
2024-02-13 22:00:00,3,32,2
2024-02-13 23:00:00,0,5,2
2024-02-14 00:00:00,2,4,1
2024-02-14 01:00:00,1,2,0
2024-02-14 02:00:00,0,3,0
2024-02-14 03:00:00,2,3,0
2024-02-14 04:00:00,1,2,0
2024-02-14 05:00:00,0,13,2
2024-02-14 06:00:00,0,34,0
2024-02-14 07:00:00,4,44,2
2024-02-14 08:00:00,5,61,1
2024-02-14 09:00:00,4,42,0
2024-02-14 10:00:00,11,41,0
2024-02-14 11:00:00,6,44,0
2024-02-14 12:00:00,7,59,3
2024-02-14 13:00:00,13,63,0
2024-02-14 14:00:00,17,63,0
2024-02-14 15:00:00,11,64,1
2024-02-14 16:00:00,5,80,1
2024-02-14 17:00:00,14,81,0
2024-02-14 18:00:00,3,100,1
2024-02-14 19:00:00,2,57,0
2024-02-14 20:00:00,2,51,0
2024-02-14 21:00:00,1,41,0
2024-02-14 22:00:00,0,38,0
2024-02-14 23:00:00,2,21,0
2024-02-15 00:00:00,0,8,0
2024-02-15 01:00:00,1,2,2
2024-02-15 02:00:00,0,3,0
2024-02-15 03:00:00,1,2,0
2024-02-15 04:00:00,0,5,1
2024-02-15 05:00:00,0,15,1
2024-02-15 06:00:00,1,25,0
2024-02-15 07:00:00,7,39,0
2024-02-15 08:00:00,6,46,1
2024-02-15 09:00:00,2,34,0
2024-02-15 10:00:00,10,42,1
2024-02-15 11:00:00,9,53,2
2024-02-15 12:00:00,12,52,0
2024-02-15 13:00:00,9,44,0
2024-02-15 14:00:00,7,36,0
2024-02-15 15:00:00,16,64,3
2024-02-15 16:00:00,5,67,3
2024-02-15 17:00:00,9,93,3
2024-02-15 18:00:00,2,76,2
2024-02-15 19:00:00,2,60,1
2024-02-15 20:00:00,3,38,1
2024-02-15 21:00:00,1,42,0
2024-02-15 22:00:00,1,26,0
2024-02-15 23:00:00,0,11,0
2024-02-16 00:00:00,0,7,0
2024-02-16 01:00:00,1,0,1
2024-02-16 02:00:00,0,0,1
2024-02-16 03:00:00,0,4,9
2024-02-16 04:00:00,2,5,0
2024-02-16 05:00:00,0,15,1
2024-02-16 06:00:00,1,22,1
2024-02-16 07:00:00,5,48,1
2024-02-16 08:00:00,5,54,0
2024-02-16 09:00:00,5,54,2
2024-02-16 10:00:00,13,45,1
2024-02-16 11:00:00,15,47,0
2024-02-16 12:00:00,8,63,2
2024-02-16 13:00:00,9,59,0
2024-02-16 14:00:00,7,50,2
2024-02-16 15:00:00,3,66,2
2024-02-16 16:00:00,7,82,0
2024-02-16 17:00:00,8,76,1
2024-02-16 18:00:00,2,87,3
2024-02-16 19:00:00,3,69,4
2024-02-16 20:00:00,4,63,0
2024-02-16 21:00:00,4,41,1
2024-02-16 22:00:00,4,38,1
2024-02-16 23:00:00,0,20,0
2024-02-17 00:00:00,2,11,0
2024-02-17 01:00:00,1,5,1
2024-02-17 02:00:00,0,3,0
2024-02-17 03:00:00,0,7,0
2024-02-17 04:00:00,1,5,0
2024-02-17 05:00:00,0,9,2
2024-02-17 06:00:00,1,13,1
2024-02-17 07:00:00,1,13,0
2024-02-17 08:00:00,3,33,2
2024-02-17 09:00:00,6,43,1
2024-02-17 10:00:00,4,43,0
2024-02-17 11:00:00,10,71,1
2024-02-17 12:00:00,10,57,0
2024-02-17 13:00:00,5,69,1
2024-02-17 14:00:00,3,62,1
2024-02-17 15:00:00,10,63,0
2024-02-17 16:00:00,8,60,1
2024-02-17 17:00:00,5,74,2
2024-02-17 18:00:00,2,65,2
2024-02-17 19:00:00,0,58,1
2024-02-17 20:00:00,6,47,0
2024-02-17 21:00:00,1,30,2
2024-02-17 22:00:00,0,27,0
2024-02-17 23:00:00,0,13,0
2024-02-18 00:00:00,0,8,0
2024-02-18 01:00:00,1,8,0
2024-02-18 02:00:00,1,5,1
2024-02-18 03:00:00,0,5,0
2024-02-18 04:00:00,0,5,0
2024-02-18 05:00:00,0,12,0
2024-02-18 06:00:00,1,9,0
2024-02-18 07:00:00,2,18,0
2024-02-18 08:00:00,6,15,0
2024-02-18 09:00:00,2,28,0
2024-02-18 10:00:00,5,49,1
2024-02-18 11:00:00,6,65,1
2024-02-18 12:00:00,12,68,1
2024-02-18 13:00:00,3,75,0
2024-02-18 14:00:00,9,60,0
2024-02-18 15:00:00,9,73,0
2024-02-18 16:00:00,8,52,1
2024-02-18 17:00:00,7,56,0
2024-02-18 18:00:00,2,59,1
2024-02-18 19:00:00,4,48,4
2024-02-18 20:00:00,6,28,1
2024-02-18 21:00:00,2,20,1
2024-02-18 22:00:00,0,19,1
2024-02-18 23:00:00,0,11,0
2024-02-19 00:00:00,0,7,0
2024-02-19 01:00:00,1,6,1
2024-02-19 02:00:00,1,2,0
2024-02-19 03:00:00,1,3,0
2024-02-19 04:00:00,0,3,0
2024-02-19 05:00:00,3,19,1
2024-02-19 06:00:00,3,26,0
2024-02-19 07:00:00,9,119,2
2024-02-19 08:00:00,36,269,5
2024-02-19 09:00:00,10,60,1
2024-02-19 10:00:00,5,39,2
2024-02-19 11:00:00,5,43,1
2024-02-19 12:00:00,6,51,0
2024-02-19 13:00:00,8,45,1
2024-02-19 14:00:00,13,119,0
2024-02-19 15:00:00,40,168,3
2024-02-19 16:00:00,19,98,6
2024-02-19 17:00:00,17,76,1
2024-02-19 18:00:00,9,93,6
2024-02-19 19:00:00,11,58,3
2024-02-19 20:00:00,5,42,0
2024-02-19 21:00:00,1,26,0
2024-02-19 22:00:00,2,30,1
2024-02-19 23:00:00,0,6,0
2024-02-20 00:00:00,0,1,0
2024-02-20 01:00:00,0,0,0
2024-02-20 02:00:00,0,2,0
2024-02-20 03:00:00,0,5,0
2024-02-20 04:00:00,2,8,1
2024-02-20 05:00:00,4,22,0
2024-02-20 06:00:00,2,28,0
2024-02-20 07:00:00,11,101,3
2024-02-20 08:00:00,48,264,4
2024-02-20 09:00:00,8,69,1
2024-02-20 10:00:00,6,39,0
2024-02-20 11:00:00,4,38,1
2024-02-20 12:00:00,2,48,2
2024-02-20 13:00:00,19,55,1
2024-02-20 14:00:00,17,133,0
2024-02-20 15:00:00,63,176,3
2024-02-20 16:00:00,20,96,2
2024-02-20 17:00:00,20,89,2
2024-02-20 18:00:00,11,101,6
2024-02-20 19:00:00,6,55,3
2024-02-20 20:00:00,7,66,5
2024-02-20 21:00:00,2,28,0
2024-02-20 22:00:00,0,15,2
2024-02-20 23:00:00,1,8,0
2024-02-21 00:00:00,0,8,0
2024-02-21 01:00:00,0,5,0
2024-02-21 02:00:00,0,5,0
2024-02-21 03:00:00,0,3,0
2024-02-21 04:00:00,0,5,0
2024-02-21 05:00:00,1,23,1
2024-02-21 06:00:00,0,33,1
2024-02-21 07:00:00,10,106,2
2024-02-21 08:00:00,37,312,3
2024-02-21 09:00:00,4,61,0
2024-02-21 10:00:00,6,40,0
2024-02-21 11:00:00,0,47,0
2024-02-21 12:00:00,1,46,1
2024-02-21 13:00:00,12,68,1
2024-02-21 14:00:00,10,120,0
2024-02-21 15:00:00,60,192,2
2024-02-21 16:00:00,13,93,3
2024-02-21 17:00:00,5,95,1
2024-02-21 18:00:00,9,102,3
2024-02-21 19:00:00,2,75,1
2024-02-21 20:00:00,5,56,0
2024-02-21 21:00:00,6,29,0
2024-02-21 22:00:00,1,34,3
2024-02-21 23:00:00,1,15,1
2024-02-22 00:00:00,0,0,0
2024-02-22 01:00:00,0,3,0
2024-02-22 02:00:00,1,0,0
2024-02-22 03:00:00,0,5,0
2024-02-22 04:00:00,0,7,0
2024-02-22 05:00:00,2,21,1
2024-02-22 06:00:00,2,32,0
2024-02-22 07:00:00,10,106,4
2024-02-22 08:00:00,24,294,1
2024-02-22 09:00:00,7,70,2
2024-02-22 10:00:00,5,49,0
2024-02-22 11:00:00,10,42,1
2024-02-22 12:00:00,5,57,0
2024-02-22 13:00:00,5,68,1
2024-02-22 14:00:00,5,129,0
2024-02-22 15:00:00,53,202,2
2024-02-22 16:00:00,23,110,2
2024-02-22 17:00:00,6,109,1
2024-02-22 18:00:00,5,109,2
2024-02-22 19:00:00,4,71,1
2024-02-22 20:00:00,2,43,1
2024-02-22 21:00:00,0,28,2
2024-02-22 22:00:00,0,24,1
2024-02-22 23:00:00,1,7,0
2024-02-23 00:00:00,0,7,0
2024-02-23 01:00:00,0,7,0
2024-02-23 02:00:00,0,3,1
2024-02-23 03:00:00,0,4,0
2024-02-23 04:00:00,0,3,0
2024-02-23 05:00:00,1,22,1
2024-02-23 06:00:00,2,37,0
2024-02-23 07:00:00,15,104,1
2024-02-23 08:00:00,43,271,2
2024-02-23 09:00:00,7,58,1
2024-02-23 10:00:00,8,47,0
2024-02-23 11:00:00,11,62,0
2024-02-23 12:00:00,11,57,6
2024-02-23 13:00:00,10,65,1
2024-02-23 14:00:00,14,143,0
2024-02-23 15:00:00,61,189,4
2024-02-23 16:00:00,5,96,4
2024-02-23 17:00:00,10,87,0
2024-02-23 18:00:00,4,87,1
2024-02-23 19:00:00,4,74,3
2024-02-23 20:00:00,5,53,1
2024-02-23 21:00:00,2,49,0
2024-02-23 22:00:00,0,24,0
2024-02-23 23:00:00,0,17,0
2024-02-24 00:00:00,9,7,2
2024-02-24 01:00:00,2,13,0
2024-02-24 02:00:00,0,3,0
2024-02-24 03:00:00,0,5,0
2024-02-24 04:00:00,0,5,0
2024-02-24 05:00:00,0,3,0
2024-02-24 06:00:00,0,11,0
2024-02-24 07:00:00,1,11,1
2024-02-24 08:00:00,2,34,0
2024-02-24 09:00:00,5,38,0
2024-02-24 10:00:00,4,60,0
2024-02-24 11:00:00,5,69,0
2024-02-24 12:00:00,6,58,0
2024-02-24 13:00:00,7,63,3
2024-02-24 14:00:00,11,81,7
2024-02-24 15:00:00,0,82,3
2024-02-24 16:00:00,13,80,0
2024-02-24 17:00:00,4,64,2
2024-02-24 18:00:00,8,73,3
2024-02-24 19:00:00,10,59,1
2024-02-24 20:00:00,2,44,0
2024-02-24 21:00:00,1,38,0
2024-02-24 22:00:00,4,26,0
2024-02-24 23:00:00,1,35,2
2024-02-25 00:00:00,0,19,0
2024-02-25 01:00:00,0,8,0
2024-02-25 02:00:00,0,11,0
2024-02-25 03:00:00,0,6,0
2024-02-25 04:00:00,2,4,0
2024-02-25 05:00:00,0,5,0
2024-02-25 06:00:00,1,6,0
2024-02-25 07:00:00,0,12,0
2024-02-25 08:00:00,2,21,0
2024-02-25 09:00:00,5,37,1
2024-02-25 10:00:00,6,53,0
2024-02-25 11:00:00,17,54,4
2024-02-25 12:00:00,9,59,1
2024-02-25 13:00:00,9,70,1
2024-02-25 14:00:00,7,88,3
2024-02-25 15:00:00,6,75,1
2024-02-25 16:00:00,4,61,2
2024-02-25 17:00:00,2,51,0
2024-02-25 18:00:00,2,44,0
2024-02-25 19:00:00,4,55,0
2024-02-25 20:00:00,1,33,0
2024-02-25 21:00:00,0,20,2
2024-02-25 22:00:00,1,15,0
2024-02-25 23:00:00,0,9,0
2024-02-26 00:00:00,0,7,0
2024-02-26 01:00:00,1,3,0
2024-02-26 02:00:00,1,4,0
2024-02-26 03:00:00,0,1,0
2024-02-26 04:00:00,0,2,0
2024-02-26 05:00:00,1,17,1
2024-02-26 06:00:00,4,39,0
2024-02-26 07:00:00,13,110,2
2024-02-26 08:00:00,38,280,1
2024-02-26 09:00:00,9,52,2
2024-02-26 10:00:00,15,41,0
2024-02-26 11:00:00,10,68,1
2024-02-26 12:00:00,15,67,3
2024-02-26 13:00:00,14,67,2
2024-02-26 14:00:00,14,122,0
2024-02-26 15:00:00,57,169,3
2024-02-26 16:00:00,7,93,2
2024-02-26 17:00:00,19,99,1
2024-02-26 18:00:00,17,94,5
2024-02-26 19:00:00,6,45,2
2024-02-26 20:00:00,0,51,1
2024-02-26 21:00:00,3,21,1
2024-02-26 22:00:00,3,23,0
2024-02-26 23:00:00,0,7,0
2024-02-27 00:00:00,6,10,0
2024-02-27 01:00:00,2,1,0
2024-02-27 02:00:00,0,2,0
2024-02-27 03:00:00,0,3,0
2024-02-27 04:00:00,1,4,0
2024-02-27 05:00:00,6,16,2
2024-02-27 06:00:00,3,29,0
2024-02-27 07:00:00,19,118,2
2024-02-27 08:00:00,38,284,5
2024-02-27 09:00:00,3,51,3
2024-02-27 10:00:00,9,54,3
2024-02-27 11:00:00,16,54,3
2024-02-27 12:00:00,8,41,0
2024-02-27 13:00:00,7,59,1
2024-02-27 14:00:00,12,117,1
2024-02-27 15:00:00,55,164,9
2024-02-27 16:00:00,18,96,2
2024-02-27 17:00:00,17,80,2
2024-02-27 18:00:00,14,79,1
2024-02-27 19:00:00,6,52,1
2024-02-27 20:00:00,5,48,2
2024-02-27 21:00:00,2,22,3
2024-02-27 22:00:00,1,17,0
2024-02-27 23:00:00,4,15,0
2024-02-28 00:00:00,3,5,0
2024-02-28 01:00:00,0,3,0
2024-02-28 02:00:00,0,2,0
2024-02-28 03:00:00,0,5,0
2024-02-28 04:00:00,1,5,0
2024-02-28 05:00:00,5,18,1
2024-02-28 06:00:00,3,33,0
2024-02-28 07:00:00,17,113,2
2024-02-28 08:00:00,36,282,2
2024-02-28 09:00:00,9,77,0
2024-02-28 10:00:00,8,29,0
2024-02-28 11:00:00,3,37,1
2024-02-28 12:00:00,4,53,2
2024-02-28 13:00:00,8,64,1
2024-02-28 14:00:00,14,126,1
2024-02-28 15:00:00,47,159,2
2024-02-28 16:00:00,9,101,4
2024-02-28 17:00:00,10,100,4
2024-02-28 18:00:00,15,115,8
2024-02-28 19:00:00,4,53,1
2024-02-28 20:00:00,0,53,0
2024-02-28 21:00:00,1,26,0
2024-02-28 22:00:00,1,23,0
2024-02-28 23:00:00,0,3,7
2024-02-29 00:00:00,4,0,1
2024-02-29 01:00:00,0,1,0
2024-02-29 02:00:00,0,0,1
2024-02-29 03:00:00,0,2,0
2024-02-29 04:00:00,0,5,1
2024-02-29 05:00:00,1,14,1
2024-02-29 06:00:00,1,28,0
2024-02-29 07:00:00,18,111,3
2024-02-29 08:00:00,37,283,1
2024-02-29 09:00:00,5,57,0
2024-02-29 10:00:00,9,46,1
2024-02-29 11:00:00,6,43,0
2024-02-29 12:00:00,6,50,0
2024-02-29 13:00:00,24,69,4
2024-02-29 14:00:00,21,140,5
2024-02-29 15:00:00,48,158,5
2024-02-29 16:00:00,19,94,2
2024-02-29 17:00:00,13,106,3
2024-02-29 18:00:00,9,105,2
2024-02-29 19:00:00,8,77,3
2024-02-29 20:00:00,4,47,0
2024-02-29 21:00:00,3,37,0
2024-02-29 22:00:00,1,30,0
2024-02-29 23:00:00,2,9,0
2024-03-01 00:00:00,2,6,0
2024-03-01 01:00:00,1,5,0
2024-03-01 02:00:00,2,4,0
2024-03-01 03:00:00,0,3,0
2024-03-01 04:00:00,1,4,2
2024-03-01 05:00:00,1,14,1
2024-03-01 06:00:00,2,24,1
2024-03-01 07:00:00,18,103,2
2024-03-01 08:00:00,38,275,2
2024-03-01 09:00:00,7,63,0
2024-03-01 10:00:00,4,45,1
2024-03-01 11:00:00,6,63,2
2024-03-01 12:00:00,16,55,0
2024-03-01 13:00:00,6,74,1
2024-03-01 14:00:00,12,114,0
2024-03-01 15:00:00,49,200,5
2024-03-01 16:00:00,7,78,4
2024-03-01 17:00:00,10,112,0
2024-03-01 18:00:00,5,125,4
2024-03-01 19:00:00,2,83,2
2024-03-01 20:00:00,6,59,0
2024-03-01 21:00:00,4,36,1
2024-03-01 22:00:00,3,30,3
2024-03-01 23:00:00,0,17,0
2024-03-02 00:00:00,2,6,2
2024-03-02 01:00:00,0,4,0
2024-03-02 02:00:00,0,6,0
2024-03-02 03:00:00,0,10,6
2024-03-02 04:00:00,1,7,1
2024-03-02 05:00:00,3,9,0
2024-03-02 06:00:00,0,11,0
2024-03-02 07:00:00,0,14,0
2024-03-02 08:00:00,4,26,0
2024-03-02 09:00:00,3,47,1
2024-03-02 10:00:00,3,78,1
2024-03-02 11:00:00,8,71,1
2024-03-02 12:00:00,8,77,1
2024-03-02 13:00:00,6,77,1
2024-03-02 14:00:00,2,100,1
2024-03-02 15:00:00,5,55,1
2024-03-02 16:00:00,10,80,3
2024-03-02 17:00:00,5,72,1
2024-03-02 18:00:00,10,70,1
2024-03-02 19:00:00,9,63,0
2024-03-02 20:00:00,1,50,1
2024-03-02 21:00:00,5,54,1
2024-03-02 22:00:00,4,47,2
2024-03-02 23:00:00,5,18,0
2024-03-03 00:00:00,1,12,0
2024-03-03 01:00:00,0,9,2
2024-03-03 02:00:00,0,12,0
2024-03-03 03:00:00,2,2,0
2024-03-03 04:00:00,5,8,0
2024-03-03 05:00:00,0,4,0
2024-03-03 06:00:00,0,13,0
2024-03-03 07:00:00,0,10,0
2024-03-03 08:00:00,1,25,1
2024-03-03 09:00:00,4,37,0
2024-03-03 10:00:00,6,50,0
2024-03-03 11:00:00,17,73,1
2024-03-03 12:00:00,3,77,0
2024-03-03 13:00:00,11,48,4
2024-03-03 14:00:00,6,85,3
2024-03-03 15:00:00,10,67,2
2024-03-03 16:00:00,18,60,2
2024-03-03 17:00:00,8,60,2
2024-03-03 18:00:00,11,61,2
2024-03-03 19:00:00,6,45,1
2024-03-03 20:00:00,1,41,1
2024-03-03 21:00:00,2,25,2
2024-03-03 22:00:00,1,14,0
2024-03-03 23:00:00,0,11,0
2024-03-04 00:00:00,1,4,0
2024-03-04 01:00:00,1,0,0
2024-03-04 02:00:00,0,6,0
2024-03-04 03:00:00,1,0,0
2024-03-04 04:00:00,0,7,0
2024-03-04 05:00:00,4,19,1
2024-03-04 06:00:00,4,22,0
2024-03-04 07:00:00,18,103,2
2024-03-04 08:00:00,42,293,2
2024-03-04 09:00:00,5,67,6
2024-03-04 10:00:00,3,38,1
2024-03-04 11:00:00,7,47,1
2024-03-04 12:00:00,1,59,0
2024-03-04 13:00:00,13,50,0
2024-03-04 14:00:00,11,132,1
2024-03-04 15:00:00,50,154,3
2024-03-04 16:00:00,17,103,5
2024-03-04 17:00:00,6,94,0
2024-03-04 18:00:00,6,92,3
2024-03-04 19:00:00,7,64,4
2024-03-04 20:00:00,1,33,0
2024-03-04 21:00:00,0,35,3
2024-03-04 22:00:00,3,24,3
2024-03-04 23:00:00,1,8,0
2024-03-05 00:00:00,0,5,0
2024-03-05 01:00:00,0,4,0
2024-03-05 02:00:00,0,0,0
2024-03-05 03:00:00,0,4,0
2024-03-05 04:00:00,0,11,1
2024-03-05 05:00:00,2,18,0
2024-03-05 06:00:00,3,22,1
2024-03-05 07:00:00,19,99,1
2024-03-05 08:00:00,33,278,3
2024-03-05 09:00:00,13,56,2
2024-03-05 10:00:00,6,35,1
2024-03-05 11:00:00,12,39,2
2024-03-05 12:00:00,9,56,2
2024-03-05 13:00:00,13,53,1
2024-03-05 14:00:00,19,130,3
2024-03-05 15:00:00,47,155,5
2024-03-05 16:00:00,23,91,1
2024-03-05 17:00:00,20,77,1
2024-03-05 18:00:00,9,99,3
2024-03-05 19:00:00,4,67,1
2024-03-05 20:00:00,3,34,2
2024-03-05 21:00:00,2,32,0
2024-03-05 22:00:00,0,27,1
2024-03-05 23:00:00,1,14,1
2024-03-06 00:00:00,0,3,0
2024-03-06 01:00:00,0,1,0
2024-03-06 02:00:00,0,3,0
2024-03-06 03:00:00,0,2,0
2024-03-06 04:00:00,0,6,0
2024-03-06 05:00:00,4,20,1
2024-03-06 06:00:00,2,30,0
2024-03-06 07:00:00,25,110,3
2024-03-06 08:00:00,46,292,4
2024-03-06 09:00:00,5,68,2
2024-03-06 10:00:00,16,57,0
2024-03-06 11:00:00,4,55,1
2024-03-06 12:00:00,20,74,2
2024-03-06 13:00:00,7,57,2
2024-03-06 14:00:00,15,122,0
2024-03-06 15:00:00,46,191,6
2024-03-06 16:00:00,10,111,8
2024-03-06 17:00:00,5,101,2
2024-03-06 18:00:00,5,78,2
2024-03-06 19:00:00,5,59,0
2024-03-06 20:00:00,4,57,2
2024-03-06 21:00:00,3,36,0
2024-03-06 22:00:00,2,26,3
2024-03-06 23:00:00,1,9,2
2024-03-07 00:00:00,2,6,0
2024-03-07 01:00:00,1,3,0
2024-03-07 02:00:00,0,3,0
2024-03-07 03:00:00,1,2,0
2024-03-07 04:00:00,0,5,1
2024-03-07 05:00:00,3,19,0
2024-03-07 06:00:00,3,36,1
2024-03-07 07:00:00,20,101,1
2024-03-07 08:00:00,49,286,3
2024-03-07 09:00:00,5,71,2
2024-03-07 10:00:00,3,48,1
2024-03-07 11:00:00,11,59,1
2024-03-07 12:00:00,19,52,0
2024-03-07 13:00:00,21,60,1
2024-03-07 14:00:00,9,131,0
2024-03-07 15:00:00,52,189,3
2024-03-07 16:00:00,13,105,4
2024-03-07 17:00:00,14,94,0
2024-03-07 18:00:00,6,104,2
2024-03-07 19:00:00,3,65,1
2024-03-07 20:00:00,0,50,0
2024-03-07 21:00:00,3,41,3
2024-03-07 22:00:00,1,15,1
2024-03-07 23:00:00,1,14,0
2024-03-08 00:00:00,3,4,0
2024-03-08 01:00:00,0,4,0
2024-03-08 02:00:00,1,10,0
2024-03-08 03:00:00,0,7,0
2024-03-08 04:00:00,2,4,0
2024-03-08 05:00:00,2,17,2
2024-03-08 06:00:00,2,20,0
2024-03-08 07:00:00,15,100,3
2024-03-08 08:00:00,34,281,3
2024-03-08 09:00:00,8,67,2
2024-03-08 10:00:00,12,40,0
2024-03-08 11:00:00,8,62,0
2024-03-08 12:00:00,8,71,0
2024-03-08 13:00:00,12,71,1
2024-03-08 14:00:00,22,143,0
2024-03-08 15:00:00,73,197,3
2024-03-08 16:00:00,8,97,4
2024-03-08 17:00:00,5,83,0
2024-03-08 18:00:00,5,92,2
2024-03-08 19:00:00,3,79,1
2024-03-08 20:00:00,18,39,4
2024-03-08 21:00:00,2,25,0
2024-03-08 22:00:00,1,43,1
2024-03-08 23:00:00,1,18,0
2024-03-09 00:00:00,4,16,2
2024-03-09 01:00:00,0,10,0
2024-03-09 02:00:00,1,1,1
2024-03-09 03:00:00,0,2,1
2024-03-09 04:00:00,0,1,0
2024-03-09 05:00:00,2,4,0
2024-03-09 06:00:00,1,4,0
2024-03-09 07:00:00,1,18,0
2024-03-09 08:00:00,3,34,0
2024-03-09 09:00:00,8,45,0
2024-03-09 10:00:00,5,63,0
2024-03-09 11:00:00,11,71,0
2024-03-09 12:00:00,6,83,1
2024-03-09 13:00:00,11,91,0
2024-03-09 14:00:00,3,68,1
2024-03-09 15:00:00,9,63,1
2024-03-09 16:00:00,8,84,1
2024-03-09 17:00:00,4,88,1
2024-03-09 18:00:00,8,67,2
2024-03-09 19:00:00,4,49,1
2024-03-09 20:00:00,5,44,1
2024-03-09 21:00:00,4,34,1
2024-03-09 22:00:00,3,33,1
2024-03-09 23:00:00,1,13,0
2024-03-10 00:00:00,3,6,0
2024-03-10 01:00:00,0,10,0
2024-03-10 02:00:00,0,8,0
2024-03-10 03:00:00,1,9,0
2024-03-10 04:00:00,0,8,0
2024-03-10 05:00:00,0,5,0
2024-03-10 06:00:00,0,9,0
2024-03-10 07:00:00,3,10,0
2024-03-10 08:00:00,4,24,0
2024-03-10 09:00:00,2,43,0
2024-03-10 10:00:00,9,70,1
2024-03-10 11:00:00,1,69,1
2024-03-10 12:00:00,6,74,1
2024-03-10 13:00:00,3,82,0
2024-03-10 14:00:00,10,75,2
2024-03-10 15:00:00,5,61,3
2024-03-10 16:00:00,5,58,0
2024-03-10 17:00:00,4,64,1
2024-03-10 18:00:00,2,55,0
2024-03-10 19:00:00,3,46,2
2024-03-10 20:00:00,5,38,0
2024-03-10 21:00:00,4,30,0
2024-03-10 22:00:00,1,17,2
2024-03-10 23:00:00,0,6,0
2024-03-11 00:00:00,2,2,0
2024-03-11 01:00:00,0,2,0
2024-03-11 02:00:00,0,5,0
2024-03-11 03:00:00,0,3,0
2024-03-11 04:00:00,0,6,0
2024-03-11 05:00:00,1,14,2
2024-03-11 06:00:00,4,23,0
2024-03-11 07:00:00,24,109,3
2024-03-11 08:00:00,37,259,1
2024-03-11 09:00:00,6,65,0
2024-03-11 10:00:00,6,43,1
2024-03-11 11:00:00,13,45,2
2024-03-11 12:00:00,12,49,1
2024-03-11 13:00:00,17,47,0
2024-03-11 14:00:00,15,127,2
2024-03-11 15:00:00,50,145,3
2024-03-11 16:00:00,26,110,4
2024-03-11 17:00:00,11,82,1
2024-03-11 18:00:00,13,90,1
2024-03-11 19:00:00,3,69,0
2024-03-11 20:00:00,1,36,1
2024-03-11 21:00:00,5,28,0
2024-03-11 22:00:00,2,23,0
2024-03-11 23:00:00,1,8,0
2024-03-12 00:00:00,0,3,0
2024-03-12 01:00:00,0,2,0
2024-03-12 02:00:00,0,4,0
2024-03-12 03:00:00,0,6,0
2024-03-12 04:00:00,0,7,1
2024-03-12 05:00:00,1,14,1
2024-03-12 06:00:00,2,27,1
2024-03-12 07:00:00,14,110,1
2024-03-12 08:00:00,31,258,1
2024-03-12 09:00:00,9,53,1
2024-03-12 10:00:00,7,49,0
2024-03-12 11:00:00,4,44,0
2024-03-12 12:00:00,7,71,4
2024-03-12 13:00:00,8,62,2
2024-03-12 14:00:00,4,129,2
2024-03-12 15:00:00,64,180,2
2024-03-12 16:00:00,17,109,6
2024-03-12 17:00:00,17,73,3
2024-03-12 18:00:00,10,74,2
2024-03-12 19:00:00,7,63,3
2024-03-12 20:00:00,3,47,7
2024-03-12 21:00:00,1,39,2
2024-03-12 22:00:00,1,19,0
2024-03-12 23:00:00,6,7,0
2024-03-13 00:00:00,0,7,1
2024-03-13 01:00:00,0,3,0
2024-03-13 02:00:00,0,2,0
2024-03-13 03:00:00,1,3,0
2024-03-13 04:00:00,0,5,2
2024-03-13 05:00:00,4,19,1
2024-03-13 06:00:00,3,37,0
2024-03-13 07:00:00,19,107,3
2024-03-13 08:00:00,41,251,2
2024-03-13 09:00:00,16,59,2
2024-03-13 10:00:00,3,46,1
2024-03-13 11:00:00,6,43,2
2024-03-13 12:00:00,11,62,1
2024-03-13 13:00:00,5,66,0
2024-03-13 14:00:00,21,115,1
2024-03-13 15:00:00,60,174,5
2024-03-13 16:00:00,16,113,4
2024-03-13 17:00:00,14,95,4
2024-03-13 18:00:00,10,92,5
2024-03-13 19:00:00,3,51,2
2024-03-13 20:00:00,1,56,0
2024-03-13 21:00:00,3,33,2
2024-03-13 22:00:00,3,25,1
2024-03-13 23:00:00,0,13,2
2024-03-14 00:00:00,0,6,0
2024-03-14 01:00:00,1,3,1
2024-03-14 02:00:00,0,2,1
2024-03-14 03:00:00,0,2,0
2024-03-14 04:00:00,0,5,0
2024-03-14 05:00:00,1,22,1
2024-03-14 06:00:00,4,33,1
2024-03-14 07:00:00,13,97,2
2024-03-14 08:00:00,36,271,3
2024-03-14 09:00:00,11,53,0
2024-03-14 10:00:00,3,45,1
2024-03-14 11:00:00,4,27,0
2024-03-14 12:00:00,9,57,2
2024-03-14 13:00:00,8,39,0
2024-03-14 14:00:00,18,131,0
2024-03-14 15:00:00,49,167,4
2024-03-14 16:00:00,18,100,4
2024-03-14 17:00:00,5,100,0
2024-03-14 18:00:00,6,89,3
2024-03-14 19:00:00,7,70,6
2024-03-14 20:00:00,5,48,1
2024-03-14 21:00:00,0,32,0
2024-03-14 22:00:00,3,25,0
2024-03-14 23:00:00,2,18,0
2024-03-15 00:00:00,1,7,0
2024-03-15 01:00:00,0,2,1
2024-03-15 02:00:00,0,0,9
2024-03-15 03:00:00,0,3,5
2024-03-15 04:00:00,0,5,2
2024-03-15 05:00:00,1,24,2
2024-03-15 06:00:00,3,37,0
2024-03-15 07:00:00,12,118,2
2024-03-15 08:00:00,38,268,3
2024-03-15 09:00:00,8,60,1
2024-03-15 10:00:00,7,46,0
2024-03-15 11:00:00,2,47,0
2024-03-15 12:00:00,10,56,0
2024-03-15 13:00:00,10,71,0
2024-03-15 14:00:00,15,125,2
2024-03-15 15:00:00,45,188,2
2024-03-15 16:00:00,11,84,3
2024-03-15 17:00:00,8,104,1
2024-03-15 18:00:00,10,79,1
2024-03-15 19:00:00,13,80,0
2024-03-15 20:00:00,2,43,1
2024-03-15 21:00:00,2,24,2
2024-03-15 22:00:00,5,27,1
2024-03-15 23:00:00,1,27,0
2024-03-16 00:00:00,1,16,1
2024-03-16 01:00:00,0,13,0
2024-03-16 02:00:00,2,5,0
2024-03-16 03:00:00,0,8,2
2024-03-16 04:00:00,0,7,2
2024-03-16 05:00:00,0,12,0
2024-03-16 06:00:00,0,15,0
2024-03-16 07:00:00,4,20,0
2024-03-16 08:00:00,6,38,0
2024-03-16 09:00:00,5,43,0
2024-03-16 10:00:00,9,58,0
2024-03-16 11:00:00,10,64,3
2024-03-16 12:00:00,5,51,1
2024-03-16 13:00:00,11,50,2
2024-03-16 14:00:00,11,69,1
2024-03-16 15:00:00,3,69,0
2024-03-16 16:00:00,5,55,3
2024-03-16 17:00:00,1,72,0
2024-03-16 18:00:00,7,90,2
2024-03-16 19:00:00,3,65,0
2024-03-16 20:00:00,2,47,0
2024-03-16 21:00:00,3,34,0
2024-03-16 22:00:00,0,20,0
2024-03-16 23:00:00,0,12,1
2024-03-17 00:00:00,0,17,1
2024-03-17 01:00:00,0,10,0
2024-03-17 02:00:00,0,10,0
2024-03-17 03:00:00,0,13,0
2024-03-17 04:00:00,0,5,0
2024-03-17 05:00:00,0,8,1
2024-03-17 06:00:00,0,6,0
2024-03-17 07:00:00,1,18,0
2024-03-17 08:00:00,4,19,0
2024-03-17 09:00:00,13,44,1
2024-03-17 10:00:00,7,43,0
2024-03-17 11:00:00,8,59,5
2024-03-17 12:00:00,10,81,0
2024-03-17 13:00:00,12,70,0
2024-03-17 14:00:00,24,66,0
2024-03-17 15:00:00,7,66,0
2024-03-17 16:00:00,14,57,3
2024-03-17 17:00:00,13,55,1
2024-03-17 18:00:00,4,77,1
2024-03-17 19:00:00,5,61,4
2024-03-17 20:00:00,1,39,0
2024-03-17 21:00:00,1,33,0
2024-03-17 22:00:00,3,14,0
2024-03-17 23:00:00,3,9,0
2024-03-18 00:00:00,0,8,2
2024-03-18 01:00:00,0,3,0
2024-03-18 02:00:00,0,4,0
2024-03-18 03:00:00,0,1,0
2024-03-18 04:00:00,0,7,0
2024-03-18 05:00:00,3,13,1
2024-03-18 06:00:00,6,27,0
2024-03-18 07:00:00,16,122,2
2024-03-18 08:00:00,37,274,3
2024-03-18 09:00:00,12,55,1
2024-03-18 10:00:00,12,49,0
2024-03-18 11:00:00,10,44,1
2024-03-18 12:00:00,10,56,0
2024-03-18 13:00:00,9,53,2
2024-03-18 14:00:00,8,136,2
2024-03-18 15:00:00,67,165,3
2024-03-18 16:00:00,27,129,3
2024-03-18 17:00:00,11,96,1
2024-03-18 18:00:00,14,86,2
2024-03-18 19:00:00,8,57,1
2024-03-18 20:00:00,5,47,1
2024-03-18 21:00:00,3,32,0
2024-03-18 22:00:00,2,13,1
2024-03-18 23:00:00,1,8,1
2024-03-19 00:00:00,1,5,0
2024-03-19 01:00:00,0,0,0
2024-03-19 02:00:00,0,1,0
2024-03-19 03:00:00,1,3,0
2024-03-19 04:00:00,0,6,1
2024-03-19 05:00:00,3,22,0
2024-03-19 06:00:00,3,26,1
2024-03-19 07:00:00,23,88,2
2024-03-19 08:00:00,34,284,2
2024-03-19 09:00:00,16,73,2
2024-03-19 10:00:00,9,50,2
2024-03-19 11:00:00,3,44,0
2024-03-19 12:00:00,6,59,1
2024-03-19 13:00:00,10,68,2
2024-03-19 14:00:00,14,139,2
2024-03-19 15:00:00,64,175,6
2024-03-19 16:00:00,8,105,3
2024-03-19 17:00:00,12,87,2
2024-03-19 18:00:00,4,95,2
2024-03-19 19:00:00,13,59,2
2024-03-19 20:00:00,7,48,1
2024-03-19 21:00:00,4,26,4
2024-03-19 22:00:00,3,30,1
2024-03-19 23:00:00,0,11,0
2024-03-20 00:00:00,1,6,0
2024-03-20 01:00:00,0,4,0
2024-03-20 02:00:00,1,2,0
2024-03-20 03:00:00,0,1,0
2024-03-20 04:00:00,0,7,0
2024-03-20 05:00:00,2,16,1
2024-03-20 06:00:00,3,34,0
2024-03-20 07:00:00,16,89,1
2024-03-20 08:00:00,46,289,4
2024-03-20 09:00:00,9,68,1
2024-03-20 10:00:00,3,60,0
2024-03-20 11:00:00,6,62,0
2024-03-20 12:00:00,15,63,0
2024-03-20 13:00:00,13,61,2
2024-03-20 14:00:00,26,116,3
2024-03-20 15:00:00,62,181,7
2024-03-20 16:00:00,12,97,3
2024-03-20 17:00:00,10,104,1
2024-03-20 18:00:00,14,97,3
2024-03-20 19:00:00,8,74,4
2024-03-20 20:00:00,7,37,0
2024-03-20 21:00:00,2,28,0
2024-03-20 22:00:00,1,13,0
2024-03-20 23:00:00,0,12,1
2024-03-21 00:00:00,1,5,0
2024-03-21 01:00:00,3,2,0
2024-03-21 02:00:00,0,3,1
2024-03-21 03:00:00,0,4,0
2024-03-21 04:00:00,0,8,0
2024-03-21 05:00:00,2,17,2
2024-03-21 06:00:00,3,30,1
2024-03-21 07:00:00,20,98,1
2024-03-21 08:00:00,51,273,7
2024-03-21 09:00:00,9,54,1
2024-03-21 10:00:00,12,49,0
2024-03-21 11:00:00,10,54,2
2024-03-21 12:00:00,8,58,2
2024-03-21 13:00:00,9,64,4
2024-03-21 14:00:00,47,146,1
2024-03-21 15:00:00,68,174,6
2024-03-21 16:00:00,7,98,3
2024-03-21 17:00:00,11,81,3
2024-03-21 18:00:00,12,102,2
2024-03-21 19:00:00,0,64,1
2024-03-21 20:00:00,8,58,0
2024-03-21 21:00:00,5,40,1
2024-03-21 22:00:00,0,31,1
2024-03-21 23:00:00,1,9,1
2024-03-22 00:00:00,0,7,0
2024-03-22 01:00:00,0,5,0
2024-03-22 02:00:00,1,1,0
2024-03-22 03:00:00,0,5,0
2024-03-22 04:00:00,0,6,0
2024-03-22 05:00:00,1,16,1
2024-03-22 06:00:00,1,35,0
2024-03-22 07:00:00,18,106,1
2024-03-22 08:00:00,47,261,5
2024-03-22 09:00:00,12,65,1
2024-03-22 10:00:00,9,38,1
2024-03-22 11:00:00,10,61,2
2024-03-22 12:00:00,15,50,4
2024-03-22 13:00:00,7,76,1
2024-03-22 14:00:00,20,143,2
2024-03-22 15:00:00,66,188,6
2024-03-22 16:00:00,14,93,5
2024-03-22 17:00:00,8,107,2
2024-03-22 18:00:00,13,108,1
2024-03-22 19:00:00,8,110,2
2024-03-22 20:00:00,0,71,2
2024-03-22 21:00:00,2,29,1
2024-03-22 22:00:00,1,38,0
2024-03-22 23:00:00,0,20,0
2024-03-23 00:00:00,0,23,0
2024-03-23 01:00:00,1,5,0
2024-03-23 02:00:00,1,3,0
2024-03-23 03:00:00,0,4,0
2024-03-23 04:00:00,0,3,0
2024-03-23 05:00:00,0,6,0
2024-03-23 06:00:00,0,11,0
2024-03-23 07:00:00,4,26,0
2024-03-23 08:00:00,3,33,0
2024-03-23 09:00:00,7,61,1
2024-03-23 10:00:00,5,68,0
2024-03-23 11:00:00,5,77,2
2024-03-23 12:00:00,12,80,4
2024-03-23 13:00:00,9,66,2
2024-03-23 14:00:00,5,84,1
2024-03-23 15:00:00,6,71,0
2024-03-23 16:00:00,7,94,0
2024-03-23 17:00:00,13,96,0
2024-03-23 18:00:00,10,90,3
2024-03-23 19:00:00,5,64,1
2024-03-23 20:00:00,3,62,1
2024-03-23 21:00:00,11,36,0
2024-03-23 22:00:00,0,35,1
2024-03-23 23:00:00,1,25,0
2024-03-24 00:00:00,0,20,0
2024-03-24 01:00:00,1,2,0
2024-03-24 02:00:00,3,4,0
2024-03-24 03:00:00,2,7,0
2024-03-24 04:00:00,0,6,0
2024-03-24 05:00:00,1,12,0
2024-03-24 06:00:00,0,9,0
2024-03-24 07:00:00,3,21,0
2024-03-24 08:00:00,5,23,0
2024-03-24 09:00:00,9,41,4
2024-03-24 10:00:00,11,54,0
2024-03-24 11:00:00,16,72,0
2024-03-24 12:00:00,12,81,2
2024-03-24 13:00:00,8,86,1
2024-03-24 14:00:00,9,60,0
2024-03-24 15:00:00,8,63,0
2024-03-24 16:00:00,12,59,1
2024-03-24 17:00:00,16,63,0
2024-03-24 18:00:00,10,65,4
2024-03-24 19:00:00,5,50,2
2024-03-24 20:00:00,0,50,2
2024-03-24 21:00:00,5,21,1
2024-03-24 22:00:00,2,20,2
2024-03-24 23:00:00,1,10,0
2024-03-25 00:00:00,0,3,1
2024-03-25 01:00:00,0,2,0
2024-03-25 02:00:00,0,7,0
2024-03-25 03:00:00,0,3,0
2024-03-25 04:00:00,0,5,0
2024-03-25 05:00:00,1,15,1
2024-03-25 06:00:00,6,24,0
2024-03-25 07:00:00,14,101,1
2024-03-25 08:00:00,54,263,4
2024-03-25 09:00:00,11,59,3
2024-03-25 10:00:00,9,39,0
2024-03-25 11:00:00,6,43,1
2024-03-25 12:00:00,3,60,0
2024-03-25 13:00:00,6,68,0
2024-03-25 14:00:00,11,138,1
2024-03-25 15:00:00,63,168,7
2024-03-25 16:00:00,14,90,4
2024-03-25 17:00:00,19,105,2
2024-03-25 18:00:00,12,105,1
2024-03-25 19:00:00,5,66,2
2024-03-25 20:00:00,1,49,2
2024-03-25 21:00:00,6,29,1
2024-03-25 22:00:00,4,35,0
2024-03-25 23:00:00,0,8,0
2024-03-26 00:00:00,3,7,0
2024-03-26 01:00:00,2,2,0
2024-03-26 02:00:00,3,3,0
2024-03-26 03:00:00,1,3,0
2024-03-26 04:00:00,0,5,0
2024-03-26 05:00:00,3,21,1
2024-03-26 06:00:00,4,24,2
2024-03-26 07:00:00,14,114,1
2024-03-26 08:00:00,41,276,4
2024-03-26 09:00:00,14,70,1
2024-03-26 10:00:00,7,49,2
2024-03-26 11:00:00,16,44,2
2024-03-26 12:00:00,13,49,3
2024-03-26 13:00:00,5,63,0
2024-03-26 14:00:00,11,108,1
2024-03-26 15:00:00,58,192,5
2024-03-26 16:00:00,11,96,3
2024-03-26 17:00:00,22,91,2
2024-03-26 18:00:00,8,100,0
2024-03-26 19:00:00,7,67,4
2024-03-26 20:00:00,1,52,3
2024-03-26 21:00:00,1,32,2
2024-03-26 22:00:00,1,22,1
2024-03-26 23:00:00,1,16,0
2024-03-27 00:00:00,0,6,1
2024-03-27 01:00:00,0,7,0
2024-03-27 02:00:00,0,3,0
2024-03-27 03:00:00,0,2,0
2024-03-27 04:00:00,0,6,1
2024-03-27 05:00:00,4,20,0
2024-03-27 06:00:00,3,33,0
2024-03-27 07:00:00,17,112,2
2024-03-27 08:00:00,34,299,6
2024-03-27 09:00:00,7,49,0
2024-03-27 10:00:00,3,50,1
2024-03-27 11:00:00,7,50,0
2024-03-27 12:00:00,7,54,1
2024-03-27 13:00:00,10,69,2
2024-03-27 14:00:00,10,126,0
2024-03-27 15:00:00,53,177,3
2024-03-27 16:00:00,20,112,7
2024-03-27 17:00:00,12,101,2
2024-03-27 18:00:00,16,97,2
2024-03-27 19:00:00,5,95,6
2024-03-27 20:00:00,0,39,0
2024-03-27 21:00:00,1,33,1
2024-03-27 22:00:00,3,23,4
2024-03-27 23:00:00,1,13,0
2024-03-28 00:00:00,0,1,1
2024-03-28 01:00:00,1,4,0
2024-03-28 02:00:00,0,3,0
2024-03-28 03:00:00,0,5,0
2024-03-28 04:00:00,0,8,0
2024-03-28 05:00:00,3,20,2
2024-03-28 06:00:00,2,29,0
2024-03-28 07:00:00,19,95,2
2024-03-28 08:00:00,41,280,4
2024-03-28 09:00:00,5,71,1
2024-03-28 10:00:00,7,52,0
2024-03-28 11:00:00,5,52,0
2024-03-28 12:00:00,5,48,0
2024-03-28 13:00:00,10,110,0
2024-03-28 14:00:00,28,111,1
2024-03-28 15:00:00,63,173,6
2024-03-28 16:00:00,10,119,6
2024-03-28 17:00:00,10,91,2
2024-03-28 18:00:00,9,89,3
2024-03-28 19:00:00,1,82,4
2024-03-28 20:00:00,3,53,1
2024-03-28 21:00:00,1,40,1
2024-03-28 22:00:00,2,32,0
2024-03-28 23:00:00,3,11,0
2024-03-29 00:00:00,2,10,0
2024-03-29 01:00:00,0,3,0
2024-03-29 02:00:00,0,4,0
2024-03-29 03:00:00,0,3,0
2024-03-29 04:00:00,0,4,0
2024-03-29 05:00:00,3,5,1
2024-03-29 06:00:00,0,12,1
2024-03-29 07:00:00,1,21,2
2024-03-29 08:00:00,8,32,0
2024-03-29 09:00:00,2,50,0
2024-03-29 10:00:00,3,68,0
2024-03-29 11:00:00,8,69,3
2024-03-29 12:00:00,5,76,3
2024-03-29 13:00:00,5,68,0
2024-03-29 14:00:00,11,50,4
2024-03-29 15:00:00,8,73,0
2024-03-29 16:00:00,10,90,2
2024-03-29 17:00:00,10,48,3
2024-03-29 18:00:00,9,89,2
2024-03-29 19:00:00,10,64,1
2024-03-29 20:00:00,2,42,0
2024-03-29 21:00:00,0,38,1
2024-03-29 22:00:00,3,20,1
2024-03-29 23:00:00,0,11,0
2024-03-30 00:00:00,1,14,0
2024-03-30 01:00:00,0,5,0
2024-03-30 02:00:00,0,1,1
2024-03-30 03:00:00,0,4,0
2024-03-30 04:00:00,0,3,0
2024-03-30 05:00:00,0,14,0
2024-03-30 06:00:00,0,10,0
2024-03-30 07:00:00,3,13,0
2024-03-30 08:00:00,4,23,0
2024-03-30 09:00:00,16,43,0
2024-03-30 10:00:00,7,65,1
2024-03-30 11:00:00,18,62,0
2024-03-30 12:00:00,7,84,2
2024-03-30 13:00:00,11,64,3
2024-03-30 14:00:00,11,80,4
2024-03-30 15:00:00,12,57,0
2024-03-30 16:00:00,10,74,1
2024-03-30 17:00:00,6,84,1
2024-03-30 18:00:00,14,89,0
2024-03-30 19:00:00,8,55,6
2024-03-30 20:00:00,3,38,1
2024-03-30 21:00:00,4,29,1
2024-03-30 22:00:00,3,23,0
2024-03-30 23:00:00,1,9,1
2024-03-31 00:00:00,3,22,2
2024-03-31 01:00:00,3,4,0
2024-03-31 02:00:00,1,6,0
2024-03-31 03:00:00,1,4,0
2024-03-31 04:00:00,0,10,0
2024-03-31 05:00:00,0,6,0
2024-03-31 06:00:00,2,14,0
2024-03-31 07:00:00,3,21,0
2024-03-31 08:00:00,7,30,0
2024-03-31 09:00:00,5,47,0
2024-03-31 10:00:00,6,32,2
2024-03-31 11:00:00,3,64,0
2024-03-31 12:00:00,12,55,0
2024-03-31 13:00:00,3,55,0
2024-03-31 14:00:00,2,56,1
2024-03-31 15:00:00,7,47,0
2024-03-31 16:00:00,5,61,0
2024-03-31 17:00:00,5,65,2
2024-03-31 18:00:00,3,61,1
2024-03-31 19:00:00,2,36,3
2024-03-31 20:00:00,3,38,1
2024-03-31 21:00:00,8,25,0
2024-03-31 22:00:00,1,13,0
2024-03-31 23:00:00,0,14,0
2024-04-01 00:00:00,0,4,0
2024-04-01 01:00:00,0,3,0
2024-04-01 02:00:00,0,5,0
2024-04-01 03:00:00,1,8,0
2024-04-01 04:00:00,0,8,1
2024-04-01 05:00:00,0,7,0
2024-04-01 06:00:00,3,21,0
2024-04-01 07:00:00,4,27,0
2024-04-01 08:00:00,5,27,1
2024-04-01 09:00:00,3,44,2
2024-04-01 10:00:00,10,70,0
2024-04-01 11:00:00,17,65,0
2024-04-01 12:00:00,5,51,0
2024-04-01 13:00:00,9,69,2
2024-04-01 14:00:00,15,67,0
2024-04-01 15:00:00,10,53,3
2024-04-01 16:00:00,4,66,1
2024-04-01 17:00:00,2,66,2
2024-04-01 18:00:00,7,58,2
2024-04-01 19:00:00,2,52,2
2024-04-01 20:00:00,8,31,2
2024-04-01 21:00:00,2,24,1
2024-04-01 22:00:00,2,13,0
2024-04-01 23:00:00,0,6,0
2024-04-02 00:00:00,3,4,0
2024-04-02 01:00:00,0,3,0
2024-04-02 02:00:00,0,3,0
2024-04-02 03:00:00,1,2,0
2024-04-02 04:00:00,0,20,0
2024-04-02 05:00:00,1,20,0
2024-04-02 06:00:00,8,48,0
2024-04-02 07:00:00,6,55,0
2024-04-02 08:00:00,9,36,1
2024-04-02 09:00:00,11,36,0
2024-04-02 10:00:00,11,47,2
2024-04-02 11:00:00,7,42,1
2024-04-02 12:00:00,6,47,2
2024-04-02 13:00:00,11,48,0
2024-04-02 14:00:00,3,58,0
2024-04-02 15:00:00,15,56,2
2024-04-02 16:00:00,8,96,1
2024-04-02 17:00:00,8,75,2
2024-04-02 18:00:00,3,49,3
2024-04-02 19:00:00,0,46,2
2024-04-02 20:00:00,0,28,0
2024-04-02 21:00:00,2,23,1
2024-04-02 22:00:00,4,17,0
2024-04-02 23:00:00,0,9,0
2024-04-03 00:00:00,1,5,0
2024-04-03 01:00:00,5,2,0
2024-04-03 02:00:00,4,0,0
2024-04-03 03:00:00,0,1,0
2024-04-03 04:00:00,1,22,0
2024-04-03 05:00:00,4,26,1
2024-04-03 06:00:00,4,53,2
2024-04-03 07:00:00,3,50,0
2024-04-03 08:00:00,7,34,0
2024-04-03 09:00:00,11,42,0
2024-04-03 10:00:00,9,56,0
2024-04-03 11:00:00,10,43,1
2024-04-03 12:00:00,12,57,3
2024-04-03 13:00:00,4,42,2
2024-04-03 14:00:00,11,47,3
2024-04-03 15:00:00,5,72,1
2024-04-03 16:00:00,10,84,1
2024-04-03 17:00:00,3,81,0
2024-04-03 18:00:00,9,65,0
2024-04-03 19:00:00,2,42,0
2024-04-03 20:00:00,7,41,0
2024-04-03 21:00:00,1,20,1
2024-04-03 22:00:00,0,11,0
2024-04-03 23:00:00,0,8,0
2024-04-04 00:00:00,0,6,1
2024-04-04 01:00:00,2,4,0
2024-04-04 02:00:00,0,4,0
2024-04-04 03:00:00,0,5,0
2024-04-04 04:00:00,0,23,1
2024-04-04 05:00:00,1,23,0
2024-04-04 06:00:00,13,47,0
2024-04-04 07:00:00,4,50,1
2024-04-04 08:00:00,8,64,2
2024-04-04 09:00:00,5,35,2
2024-04-04 10:00:00,18,32,1
2024-04-04 11:00:00,8,54,0
2024-04-04 12:00:00,13,59,0
2024-04-04 13:00:00,8,51,2
2024-04-04 14:00:00,12,61,1
2024-04-04 15:00:00,12,62,4
2024-04-04 16:00:00,7,84,2
2024-04-04 17:00:00,6,111,4
2024-04-04 18:00:00,2,69,0
2024-04-04 19:00:00,3,54,1
2024-04-04 20:00:00,0,42,2
2024-04-04 21:00:00,6,24,0
2024-04-04 22:00:00,2,19,1
2024-04-04 23:00:00,1,3,0
2024-04-05 00:00:00,0,10,0
2024-04-05 01:00:00,0,10,0
2024-04-05 02:00:00,0,3,0
2024-04-05 03:00:00,0,1,0
2024-04-05 04:00:00,0,23,1
2024-04-05 05:00:00,1,15,1
2024-04-05 06:00:00,9,47,0
2024-04-05 07:00:00,6,43,0
2024-04-05 08:00:00,3,41,0
2024-04-05 09:00:00,10,40,0
2024-04-05 10:00:00,1,44,1
2024-04-05 11:00:00,2,52,2
2024-04-05 12:00:00,6,69,0
2024-04-05 13:00:00,12,54,0
2024-04-05 14:00:00,13,67,0
2024-04-05 15:00:00,19,70,1
2024-04-05 16:00:00,6,84,1
2024-04-05 17:00:00,3,72,1
2024-04-05 18:00:00,6,66,1
2024-04-05 19:00:00,9,50,2
2024-04-05 20:00:00,3,35,0
2024-04-05 21:00:00,3,31,2
2024-04-05 22:00:00,1,23,0
2024-04-05 23:00:00,1,17,1
2024-04-06 00:00:00,1,5,0
2024-04-06 01:00:00,0,4,0
2024-04-06 02:00:00,2,2,0
2024-04-06 03:00:00,1,12,0
2024-04-06 04:00:00,0,9,0
2024-04-06 05:00:00,0,3,0
2024-04-06 06:00:00,2,12,0
2024-04-06 07:00:00,4,28,2
2024-04-06 08:00:00,5,35,1
2024-04-06 09:00:00,1,53,2
2024-04-06 10:00:00,7,62,3
2024-04-06 11:00:00,4,68,1
2024-04-06 12:00:00,3,69,1
2024-04-06 13:00:00,7,68,2
2024-04-06 14:00:00,15,58,0
2024-04-06 15:00:00,7,78,0
2024-04-06 16:00:00,4,64,4
2024-04-06 17:00:00,4,90,2
2024-04-06 18:00:00,11,51,1
2024-04-06 19:00:00,3,41,0
2024-04-06 20:00:00,5,36,2
2024-04-06 21:00:00,4,23,1
2024-04-06 22:00:00,1,16,1
2024-04-06 23:00:00,0,17,0
2024-04-07 00:00:00,0,8,0
2024-04-07 01:00:00,0,6,0
2024-04-07 02:00:00,0,6,1
2024-04-07 03:00:00,0,6,0
2024-04-07 04:00:00,0,7,0
2024-04-07 05:00:00,0,10,0
2024-04-07 06:00:00,1,12,1
2024-04-07 07:00:00,4,15,0
2024-04-07 08:00:00,3,28,0
2024-04-07 09:00:00,6,47,1
2024-04-07 10:00:00,2,59,0
2024-04-07 11:00:00,3,56,2
2024-04-07 12:00:00,0,65,0
2024-04-07 13:00:00,4,70,1
2024-04-07 14:00:00,7,69,1
2024-04-07 15:00:00,6,52,1
2024-04-07 16:00:00,5,54,1
2024-04-07 17:00:00,7,50,1
2024-04-07 18:00:00,6,54,0
2024-04-07 19:00:00,6,36,2
2024-04-07 20:00:00,3,32,0
2024-04-07 21:00:00,4,26,0
2024-04-07 22:00:00,0,16,0
2024-04-07 23:00:00,1,6,0
2024-04-08 00:00:00,4,3,1
2024-04-08 01:00:00,0,3,0
2024-04-08 02:00:00,0,8,0
2024-04-08 03:00:00,0,5,0
2024-04-08 04:00:00,0,21,1
2024-04-08 05:00:00,0,25,0
2024-04-08 06:00:00,7,52,1
2024-04-08 07:00:00,5,40,0
2024-04-08 08:00:00,4,34,1
2024-04-08 09:00:00,1,45,0
2024-04-08 10:00:00,4,54,1
2024-04-08 11:00:00,13,54,0
2024-04-08 12:00:00,8,51,0
2024-04-08 13:00:00,8,59,0
2024-04-08 14:00:00,11,59,0
2024-04-08 15:00:00,13,82,1
2024-04-08 16:00:00,6,66,2
2024-04-08 17:00:00,3,93,1
2024-04-08 18:00:00,4,63,4
2024-04-08 19:00:00,3,40,2
2024-04-08 20:00:00,3,34,1
2024-04-08 21:00:00,5,26,1
2024-04-08 22:00:00,0,15,0
2024-04-08 23:00:00,1,10,1
2024-04-09 00:00:00,0,4,0
2024-04-09 01:00:00,0,2,0
2024-04-09 02:00:00,0,7,1
2024-04-09 03:00:00,0,4,0
2024-04-09 04:00:00,0,25,1
2024-04-09 05:00:00,1,24,1
2024-04-09 06:00:00,5,66,1
2024-04-09 07:00:00,7,39,0
2024-04-09 08:00:00,6,43,2
2024-04-09 09:00:00,10,52,1
2024-04-09 10:00:00,0,39,0
2024-04-09 11:00:00,4,46,1
2024-04-09 12:00:00,7,63,1
2024-04-09 13:00:00,11,51,0
2024-04-09 14:00:00,6,64,0
2024-04-09 15:00:00,12,59,2
2024-04-09 16:00:00,9,83,2
2024-04-09 17:00:00,11,66,2
2024-04-09 18:00:00,4,60,2
2024-04-09 19:00:00,2,54,3
2024-04-09 20:00:00,1,36,0
2024-04-09 21:00:00,9,21,2
2024-04-09 22:00:00,2,17,1
2024-04-09 23:00:00,1,5,0
2024-04-10 00:00:00,0,4,0
2024-04-10 01:00:00,0,2,0
2024-04-10 02:00:00,0,4,0
2024-04-10 03:00:00,0,6,0
2024-04-10 04:00:00,0,18,1
2024-04-10 05:00:00,0,25,0
2024-04-10 06:00:00,2,63,0
2024-04-10 07:00:00,2,55,1
2024-04-10 08:00:00,7,36,1
2024-04-10 09:00:00,5,36,2
2024-04-10 10:00:00,3,43,2
2024-04-10 11:00:00,7,50,1
2024-04-10 12:00:00,4,64,1
2024-04-10 13:00:00,9,43,0
2024-04-10 14:00:00,5,63,2
2024-04-10 15:00:00,13,63,6
2024-04-10 16:00:00,9,78,1
2024-04-10 17:00:00,7,91,1
2024-04-10 18:00:00,3,59,0
2024-04-10 19:00:00,1,42,1
2024-04-10 20:00:00,5,26,0
2024-04-10 21:00:00,2,21,2
2024-04-10 22:00:00,2,12,0
2024-04-10 23:00:00,1,5,0
2024-04-11 00:00:00,0,4,0
2024-04-11 01:00:00,0,3,0
2024-04-11 02:00:00,0,6,0
2024-04-11 03:00:00,0,5,0
2024-04-11 04:00:00,0,24,1
2024-04-11 05:00:00,2,25,0
2024-04-11 06:00:00,6,57,1
2024-04-11 07:00:00,5,40,4
2024-04-11 08:00:00,3,40,1
2024-04-11 09:00:00,15,51,0
2024-04-11 10:00:00,16,35,1
2024-04-11 11:00:00,6,42,1
2024-04-11 12:00:00,14,44,0
2024-04-11 13:00:00,3,52,0
2024-04-11 14:00:00,23,54,0
2024-04-11 15:00:00,17,63,3
2024-04-11 16:00:00,18,76,1
2024-04-11 17:00:00,4,83,2
2024-04-11 18:00:00,12,79,0
2024-04-11 19:00:00,3,69,0
2024-04-11 20:00:00,5,46,0
2024-04-11 21:00:00,4,34,0
2024-04-11 22:00:00,2,10,1
2024-04-11 23:00:00,0,8,0
2024-04-12 00:00:00,1,2,0
2024-04-12 01:00:00,0,0,0
2024-04-12 02:00:00,0,6,0
2024-04-12 03:00:00,0,5,0
2024-04-12 04:00:00,0,22,1
2024-04-12 05:00:00,1,25,0
2024-04-12 06:00:00,6,44,1
2024-04-12 07:00:00,4,48,1
2024-04-12 08:00:00,6,45,3
2024-04-12 09:00:00,9,35,2
2024-04-12 10:00:00,10,58,6
2024-04-12 11:00:00,9,55,1
2024-04-12 12:00:00,11,58,1
2024-04-12 13:00:00,7,76,1
2024-04-12 14:00:00,10,62,0
2024-04-12 15:00:00,15,67,4
2024-04-12 16:00:00,28,86,4
2024-04-12 17:00:00,3,101,3
2024-04-12 18:00:00,10,77,4
2024-04-12 19:00:00,9,56,4
2024-04-12 20:00:00,0,42,0
2024-04-12 21:00:00,11,33,0
2024-04-12 22:00:00,1,23,1
2024-04-12 23:00:00,0,20,0
2024-04-13 00:00:00,1,12,0
2024-04-13 01:00:00,0,5,0
2024-04-13 02:00:00,1,3,0
2024-04-13 03:00:00,0,2,1
2024-04-13 04:00:00,0,12,1
2024-04-13 05:00:00,0,8,0
2024-04-13 06:00:00,4,25,0
2024-04-13 07:00:00,4,40,0
2024-04-13 08:00:00,4,37,0
2024-04-13 09:00:00,5,41,2
2024-04-13 10:00:00,10,73,0
2024-04-13 11:00:00,9,71,0
2024-04-13 12:00:00,11,69,1
2024-04-13 13:00:00,9,62,1
2024-04-13 14:00:00,5,69,0
2024-04-13 15:00:00,15,70,1
2024-04-13 16:00:00,15,69,1
2024-04-13 17:00:00,4,73,1
2024-04-13 18:00:00,11,63,0
2024-04-13 19:00:00,3,34,0
2024-04-13 20:00:00,7,40,4
2024-04-13 21:00:00,2,36,1
2024-04-13 22:00:00,1,22,0
2024-04-13 23:00:00,0,16,0
2024-04-14 00:00:00,2,10,2
2024-04-14 01:00:00,0,5,0
2024-04-14 02:00:00,0,2,0
2024-04-14 03:00:00,2,4,1
2024-04-14 04:00:00,0,8,0
2024-04-14 05:00:00,0,11,0
2024-04-14 06:00:00,1,16,0
2024-04-14 07:00:00,5,20,1
2024-04-14 08:00:00,4,46,2
2024-04-14 09:00:00,6,59,1
2024-04-14 10:00:00,9,56,3
2024-04-14 11:00:00,9,89,1
2024-04-14 12:00:00,6,87,2
2024-04-14 13:00:00,5,81,0
2024-04-14 14:00:00,8,70,2
2024-04-14 15:00:00,12,70,2
2024-04-14 16:00:00,11,45,0
2024-04-14 17:00:00,4,66,3
2024-04-14 18:00:00,6,39,2
2024-04-14 19:00:00,4,46,0
2024-04-14 20:00:00,2,26,4
2024-04-14 21:00:00,1,14,0
2024-04-14 22:00:00,0,9,1
2024-04-14 23:00:00,1,9,1
2024-04-15 00:00:00,1,3,0
2024-04-15 01:00:00,1,6,1
2024-04-15 02:00:00,1,4,3
2024-04-15 03:00:00,0,2,1
2024-04-15 04:00:00,2,16,1
2024-04-15 05:00:00,2,31,0
2024-04-15 06:00:00,9,89,1
2024-04-15 07:00:00,10,102,0
2024-04-15 08:00:00,9,53,1
2024-04-15 09:00:00,4,32,2
2024-04-15 10:00:00,8,44,2
2024-04-15 11:00:00,8,59,0
2024-04-15 12:00:00,3,45,2
2024-04-15 13:00:00,13,69,1
2024-04-15 14:00:00,16,115,2
2024-04-15 15:00:00,16,96,1
2024-04-15 16:00:00,8,88,2
2024-04-15 17:00:00,8,77,2
2024-04-15 18:00:00,11,54,1
2024-04-15 19:00:00,3,48,2
2024-04-15 20:00:00,3,37,2
2024-04-15 21:00:00,0,18,1
2024-04-15 22:00:00,1,8,0
2024-04-15 23:00:00,1,5,2
2024-04-16 00:00:00,3,0,2
2024-04-16 01:00:00,1,4,1
2024-04-16 02:00:00,0,4,0
2024-04-16 03:00:00,0,4,0
2024-04-16 04:00:00,3,25,2
2024-04-16 05:00:00,4,27,0
2024-04-16 06:00:00,17,102,2
2024-04-16 07:00:00,46,290,5
2024-04-16 08:00:00,10,65,0
2024-04-16 09:00:00,7,37,1
2024-04-16 10:00:00,15,39,4
2024-04-16 11:00:00,15,60,1
2024-04-16 12:00:00,2,58,4
2024-04-16 13:00:00,14,109,1
2024-04-16 14:00:00,64,162,6
2024-04-16 15:00:00,10,89,8
2024-04-16 16:00:00,9,91,1
2024-04-16 17:00:00,22,111,1
2024-04-16 18:00:00,8,55,4
2024-04-16 19:00:00,8,41,3
2024-04-16 20:00:00,1,33,0
2024-04-16 21:00:00,2,24,0
2024-04-16 22:00:00,0,18,0
2024-04-16 23:00:00,0,7,1
2024-04-17 00:00:00,2,2,0
2024-04-17 01:00:00,0,0,0
2024-04-17 02:00:00,0,4,1
2024-04-17 03:00:00,0,6,1
2024-04-17 04:00:00,0,21,0
2024-04-17 05:00:00,4,28,2
2024-04-17 06:00:00,12,130,3
2024-04-17 07:00:00,40,274,4
2024-04-17 08:00:00,18,48,2
2024-04-17 09:00:00,11,44,0
2024-04-17 10:00:00,6,53,2
2024-04-17 11:00:00,3,53,1
2024-04-17 12:00:00,11,68,0
2024-04-17 13:00:00,24,119,1
2024-04-17 14:00:00,72,197,8
2024-04-17 15:00:00,9,113,6
2024-04-17 16:00:00,12,102,2
2024-04-17 17:00:00,21,84,2
2024-04-17 18:00:00,9,99,0
2024-04-17 19:00:00,5,47,0
2024-04-17 20:00:00,5,25,1
2024-04-17 21:00:00,1,21,1
2024-04-17 22:00:00,2,12,1
2024-04-17 23:00:00,0,3,0
2024-04-18 00:00:00,0,3,1
2024-04-18 01:00:00,0,3,0
2024-04-18 02:00:00,0,2,0
2024-04-18 03:00:00,0,7,0
2024-04-18 04:00:00,3,20,1
2024-04-18 05:00:00,3,27,0
2024-04-18 06:00:00,16,99,4
2024-04-18 07:00:00,51,304,6
2024-04-18 08:00:00,6,76,3
2024-04-18 09:00:00,11,39,2
2024-04-18 10:00:00,9,51,1
2024-04-18 11:00:00,8,60,2
2024-04-18 12:00:00,16,59,1
2024-04-18 13:00:00,29,109,1
2024-04-18 14:00:00,62,199,6
2024-04-18 15:00:00,19,107,3
2024-04-18 16:00:00,18,124,3
2024-04-18 17:00:00,20,112,3
2024-04-18 18:00:00,10,68,2
2024-04-18 19:00:00,5,39,1
2024-04-18 20:00:00,4,43,0
2024-04-18 21:00:00,3,24,2
2024-04-18 22:00:00,2,18,0
2024-04-18 23:00:00,0,6,0
2024-04-19 00:00:00,0,1,0
2024-04-19 01:00:00,0,3,0
2024-04-19 02:00:00,0,6,0
2024-04-19 03:00:00,0,5,0
2024-04-19 04:00:00,3,12,1
2024-04-19 05:00:00,5,27,0
2024-04-19 06:00:00,18,105,3
2024-04-19 07:00:00,36,284,3
2024-04-19 08:00:00,7,68,2
2024-04-19 09:00:00,12,47,4
2024-04-19 10:00:00,4,57,3
2024-04-19 11:00:00,8,69,2
2024-04-19 12:00:00,13,68,1
2024-04-19 13:00:00,17,141,2
2024-04-19 14:00:00,66,190,6
2024-04-19 15:00:00,19,107,4
2024-04-19 16:00:00,25,92,7
2024-04-19 17:00:00,24,102,1
2024-04-19 18:00:00,9,86,2
2024-04-19 19:00:00,7,54,1
2024-04-19 20:00:00,4,45,6
2024-04-19 21:00:00,10,39,2
2024-04-19 22:00:00,3,27,1
2024-04-19 23:00:00,1,19,0
2024-04-20 00:00:00,0,9,0
2024-04-20 01:00:00,0,13,0
2024-04-20 02:00:00,3,3,0
2024-04-20 03:00:00,0,6,1
2024-04-20 04:00:00,0,7,0
2024-04-20 05:00:00,2,9,0
2024-04-20 06:00:00,1,24,0
2024-04-20 07:00:00,8,43,1
2024-04-20 08:00:00,2,44,0
2024-04-20 09:00:00,11,51,0
2024-04-20 10:00:00,5,54,5
2024-04-20 11:00:00,4,81,1
2024-04-20 12:00:00,13,71,1
2024-04-20 13:00:00,10,71,3
2024-04-20 14:00:00,6,68,4
2024-04-20 15:00:00,7,78,2
2024-04-20 16:00:00,16,65,2
2024-04-20 17:00:00,8,79,1
2024-04-20 18:00:00,5,60,2
2024-04-20 19:00:00,8,33,2
2024-04-20 20:00:00,3,40,0
2024-04-20 21:00:00,2,29,1
2024-04-20 22:00:00,2,25,0
2024-04-20 23:00:00,1,15,0
2024-04-21 00:00:00,0,7,0
2024-04-21 01:00:00,0,9,1
2024-04-21 02:00:00,0,3,0
2024-04-21 03:00:00,0,5,0
2024-04-21 04:00:00,1,15,0
2024-04-21 05:00:00,1,11,0
2024-04-21 06:00:00,3,13,0
2024-04-21 07:00:00,3,19,0
2024-04-21 08:00:00,5,34,0
2024-04-21 09:00:00,6,57,4
2024-04-21 10:00:00,10,65,2
2024-04-21 11:00:00,2,64,2
2024-04-21 12:00:00,21,77,0
2024-04-21 13:00:00,11,60,1
2024-04-21 14:00:00,8,76,1
2024-04-21 15:00:00,16,66,5
2024-04-21 16:00:00,11,57,1
2024-04-21 17:00:00,14,58,0
2024-04-21 18:00:00,12,60,1
2024-04-21 19:00:00,6,39,1
2024-04-21 20:00:00,3,32,2
2024-04-21 21:00:00,2,18,2
2024-04-21 22:00:00,0,12,2
2024-04-21 23:00:00,0,9,0
2024-04-22 00:00:00,0,4,0
2024-04-22 01:00:00,0,4,0
2024-04-22 02:00:00,0,2,0
2024-04-22 03:00:00,0,5,0
2024-04-22 04:00:00,3,15,0
2024-04-22 05:00:00,3,30,0
2024-04-22 06:00:00,16,116,1
2024-04-22 07:00:00,43,269,4
2024-04-22 08:00:00,7,48,1
2024-04-22 09:00:00,14,46,0
2024-04-22 10:00:00,7,53,2
2024-04-22 11:00:00,9,50,2
2024-04-22 12:00:00,4,51,1
2024-04-22 13:00:00,13,107,0
2024-04-22 14:00:00,64,147,6
2024-04-22 15:00:00,17,101,2
2024-04-22 16:00:00,9,90,2
2024-04-22 17:00:00,17,87,0
2024-04-22 18:00:00,6,42,1
2024-04-22 19:00:00,4,33,0
2024-04-22 20:00:00,2,28,1
2024-04-22 21:00:00,4,16,0
2024-04-22 22:00:00,0,9,0
2024-04-22 23:00:00,0,6,0
2024-04-23 00:00:00,2,5,0
2024-04-23 01:00:00,0,3,0
2024-04-23 02:00:00,0,4,0
2024-04-23 03:00:00,0,8,0
2024-04-23 04:00:00,3,18,0
2024-04-23 05:00:00,5,32,0
2024-04-23 06:00:00,15,96,3
2024-04-23 07:00:00,39,289,6
2024-04-23 08:00:00,7,69,1
2024-04-23 09:00:00,10,49,2
2024-04-23 10:00:00,3,46,0
2024-04-23 11:00:00,1,54,0
2024-04-23 12:00:00,9,58,2
2024-04-23 13:00:00,17,126,1
2024-04-23 14:00:00,69,157,4
2024-04-23 15:00:00,20,89,5
2024-04-23 16:00:00,13,96,1
2024-04-23 17:00:00,25,78,2
2024-04-23 18:00:00,11,61,3
2024-04-23 19:00:00,8,51,2
2024-04-23 20:00:00,9,52,0
2024-04-23 21:00:00,4,22,0
2024-04-23 22:00:00,2,9,0
2024-04-23 23:00:00,1,2,2
2024-04-24 00:00:00,0,2,1
2024-04-24 01:00:00,0,7,0
2024-04-24 02:00:00,1,4,0
2024-04-24 03:00:00,0,7,1
2024-04-24 04:00:00,3,20,0
2024-04-24 05:00:00,3,28,0
2024-04-24 06:00:00,17,105,3
2024-04-24 07:00:00,46,288,6
2024-04-24 08:00:00,9,62,1
2024-04-24 09:00:00,10,37,0
2024-04-24 10:00:00,5,51,0
2024-04-24 11:00:00,20,44,1
2024-04-24 12:00:00,9,53,0
2024-04-24 13:00:00,18,132,1
2024-04-24 14:00:00,86,179,5
2024-04-24 15:00:00,20,98,7
2024-04-24 16:00:00,14,90,5
2024-04-24 17:00:00,18,85,0
2024-04-24 18:00:00,12,66,2
2024-04-24 19:00:00,3,56,1
2024-04-24 20:00:00,4,34,1
2024-04-24 21:00:00,0,24,3
2024-04-24 22:00:00,0,10,0
2024-04-24 23:00:00,1,6,0
2024-04-25 00:00:00,0,2,0
2024-04-25 01:00:00,1,0,0
2024-04-25 02:00:00,0,4,0
2024-04-25 03:00:00,0,5,0
2024-04-25 04:00:00,2,23,1
2024-04-25 05:00:00,3,26,0
2024-04-25 06:00:00,19,99,5
2024-04-25 07:00:00,50,276,9
2024-04-25 08:00:00,15,61,1
2024-04-25 09:00:00,10,46,0
2024-04-25 10:00:00,9,53,0
2024-04-25 11:00:00,10,52,0
2024-04-25 12:00:00,7,56,1
2024-04-25 13:00:00,15,122,0
2024-04-25 14:00:00,66,171,5
2024-04-25 15:00:00,6,99,5
2024-04-25 16:00:00,11,90,3
2024-04-25 17:00:00,9,101,3
2024-04-25 18:00:00,10,71,0
2024-04-25 19:00:00,8,46,1
2024-04-25 20:00:00,6,34,0
2024-04-25 21:00:00,3,35,2
2024-04-25 22:00:00,1,14,0
2024-04-25 23:00:00,1,6,0
2024-04-26 00:00:00,4,8,0
2024-04-26 01:00:00,0,4,0
2024-04-26 02:00:00,0,7,0
2024-04-26 03:00:00,0,10,0
2024-04-26 04:00:00,4,18,1
2024-04-26 05:00:00,3,28,0
2024-04-26 06:00:00,8,85,2
2024-04-26 07:00:00,45,291,3
2024-04-26 08:00:00,8,54,2
2024-04-26 09:00:00,7,42,0
2024-04-26 10:00:00,11,41,1
2024-04-26 11:00:00,14,51,3
2024-04-26 12:00:00,7,69,4
2024-04-26 13:00:00,20,142,5
2024-04-26 14:00:00,78,180,5
2024-04-26 15:00:00,7,92,3
2024-04-26 16:00:00,24,102,4
2024-04-26 17:00:00,18,93,5
2024-04-26 18:00:00,13,69,1
2024-04-26 19:00:00,13,49,0
2024-04-26 20:00:00,3,43,2
2024-04-26 21:00:00,4,34,1
2024-04-26 22:00:00,0,19,0
2024-04-26 23:00:00,6,18,1
2024-04-27 00:00:00,1,8,0
2024-04-27 01:00:00,0,11,0
2024-04-27 02:00:00,0,3,0
2024-04-27 03:00:00,0,12,1
2024-04-27 04:00:00,0,9,0
2024-04-27 05:00:00,0,4,0
2024-04-27 06:00:00,2,13,0
2024-04-27 07:00:00,4,36,0
2024-04-27 08:00:00,6,46,0
2024-04-27 09:00:00,3,62,0
2024-04-27 10:00:00,13,64,3
2024-04-27 11:00:00,12,68,2
2024-04-27 12:00:00,9,66,2
2024-04-27 13:00:00,5,69,2
2024-04-27 14:00:00,12,70,0
2024-04-27 15:00:00,5,69,1
2024-04-27 16:00:00,11,96,1
2024-04-27 17:00:00,3,87,0
2024-04-27 18:00:00,10,72,4
2024-04-27 19:00:00,3,45,0
2024-04-27 20:00:00,3,36,0
2024-04-27 21:00:00,6,23,0
2024-04-27 22:00:00,1,27,1
2024-04-27 23:00:00,0,19,1
2024-04-28 00:00:00,0,8,1
2024-04-28 01:00:00,2,5,1
2024-04-28 02:00:00,0,3,0
2024-04-28 03:00:00,1,9,4
2024-04-28 04:00:00,0,15,1
2024-04-28 05:00:00,2,12,0
2024-04-28 06:00:00,2,7,0
2024-04-28 07:00:00,3,20,0
2024-04-28 08:00:00,4,33,0
2024-04-28 09:00:00,7,52,0
2024-04-28 10:00:00,9,72,1
2024-04-28 11:00:00,4,61,1
2024-04-28 12:00:00,9,68,0
2024-04-28 13:00:00,5,65,1
2024-04-28 14:00:00,8,74,4
2024-04-28 15:00:00,10,72,3
2024-04-28 16:00:00,6,73,8
2024-04-28 17:00:00,5,60,4
2024-04-28 18:00:00,11,67,2
2024-04-28 19:00:00,3,36,3
2024-04-28 20:00:00,3,27,2
2024-04-28 21:00:00,1,21,3
2024-04-28 22:00:00,0,16,1
2024-04-28 23:00:00,0,5,0
2024-04-29 00:00:00,0,5,0
2024-04-29 01:00:00,0,1,0
2024-04-29 02:00:00,0,3,0
2024-04-29 03:00:00,0,6,1
2024-04-29 04:00:00,3,16,0
2024-04-29 05:00:00,3,22,0
2024-04-29 06:00:00,15,113,1
2024-04-29 07:00:00,49,300,3
2024-04-29 08:00:00,11,77,0
2024-04-29 09:00:00,12,46,0
2024-04-29 10:00:00,16,39,1
2024-04-29 11:00:00,18,28,4
2024-04-29 12:00:00,5,56,0
2024-04-29 13:00:00,26,139,2
2024-04-29 14:00:00,53,144,6
2024-04-29 15:00:00,21,116,3
2024-04-29 16:00:00,18,101,1
2024-04-29 17:00:00,11,86,2
2024-04-29 18:00:00,3,60,11
2024-04-29 19:00:00,4,48,0
2024-04-29 20:00:00,4,29,3
2024-04-29 21:00:00,8,24,0
2024-04-29 22:00:00,0,6,0
2024-04-29 23:00:00,5,3,0
2024-04-30 00:00:00,14,4,0
2024-04-30 01:00:00,7,4,0
2024-04-30 02:00:00,0,5,0
2024-04-30 03:00:00,0,9,0
2024-04-30 04:00:00,3,19,1
2024-04-30 05:00:00,1,28,0
2024-04-30 06:00:00,11,102,1
2024-04-30 07:00:00,44,299,2
2024-04-30 08:00:00,8,73,3
2024-04-30 09:00:00,6,56,1
2024-04-30 10:00:00,7,42,0
2024-04-30 11:00:00,12,47,1
2024-04-30 12:00:00,12,61,0
2024-04-30 13:00:00,18,134,0
2024-04-30 14:00:00,59,181,8
2024-04-30 15:00:00,25,92,1
2024-04-30 16:00:00,23,89,2
2024-04-30 17:00:00,10,95,1
2024-04-30 18:00:00,8,53,1
2024-04-30 19:00:00,3,39,0
2024-04-30 20:00:00,6,39,5
2024-04-30 21:00:00,1,17,2
2024-04-30 22:00:00,4,11,0
2024-04-30 23:00:00,3,7,0
2024-05-01 00:00:00,0,5,0
2024-05-01 01:00:00,0,3,0
2024-05-01 02:00:00,0,1,0
2024-05-01 03:00:00,1,9,0
2024-05-01 04:00:00,3,21,1
2024-05-01 05:00:00,2,28,0
2024-05-01 06:00:00,11,105,1
2024-05-01 07:00:00,43,297,3
2024-05-01 08:00:00,5,55,2
2024-05-01 09:00:00,12,50,0
2024-05-01 10:00:00,10,51,0
2024-05-01 11:00:00,14,45,2
2024-05-01 12:00:00,13,71,0
2024-05-01 13:00:00,14,124,2
2024-05-01 14:00:00,50,185,2
2024-05-01 15:00:00,29,94,3
2024-05-01 16:00:00,25,85,3
2024-05-01 17:00:00,16,112,0
2024-05-01 18:00:00,9,62,2
2024-05-01 19:00:00,2,40,0
2024-05-01 20:00:00,1,28,1
2024-05-01 21:00:00,4,18,2
2024-05-01 22:00:00,0,10,1
2024-05-01 23:00:00,0,6,1
2024-05-02 00:00:00,0,2,0
2024-05-02 01:00:00,0,0,0
2024-05-02 02:00:00,1,3,0
2024-05-02 03:00:00,0,7,1
2024-05-02 04:00:00,4,20,1
2024-05-02 05:00:00,5,35,2
2024-05-02 06:00:00,15,93,1
2024-05-02 07:00:00,29,287,4
2024-05-02 08:00:00,3,64,2
2024-05-02 09:00:00,3,47,0
2024-05-02 10:00:00,8,31,0
2024-05-02 11:00:00,8,51,0
2024-05-02 12:00:00,16,65,1
2024-05-02 13:00:00,16,140,4
2024-05-02 14:00:00,55,197,1
2024-05-02 15:00:00,12,108,1
2024-05-02 16:00:00,13,114,3
2024-05-02 17:00:00,9,109,3
2024-05-02 18:00:00,9,82,2
2024-05-02 19:00:00,2,41,0
2024-05-02 20:00:00,5,32,0
2024-05-02 21:00:00,1,12,0
2024-05-02 22:00:00,2,10,2
2024-05-02 23:00:00,1,7,0
2024-05-03 00:00:00,0,5,0
2024-05-03 01:00:00,2,6,0
2024-05-03 02:00:00,4,8,0
2024-05-03 03:00:00,1,7,0
2024-05-03 04:00:00,3,14,1
2024-05-03 05:00:00,2,28,0
2024-05-03 06:00:00,16,99,1
2024-05-03 07:00:00,26,289,3
2024-05-03 08:00:00,8,53,0
2024-05-03 09:00:00,4,52,0
2024-05-03 10:00:00,8,49,2
2024-05-03 11:00:00,6,51,2
2024-05-03 12:00:00,16,67,3
2024-05-03 13:00:00,18,131,3
2024-05-03 14:00:00,76,209,1
2024-05-03 15:00:00,9,93,2
2024-05-03 16:00:00,12,82,4
2024-05-03 17:00:00,3,64,1
2024-05-03 18:00:00,11,98,2
2024-05-03 19:00:00,10,60,1
2024-05-03 20:00:00,1,45,0
2024-05-03 21:00:00,2,24,1
2024-05-03 22:00:00,2,18,0
2024-05-03 23:00:00,1,9,2
2024-05-04 00:00:00,1,5,0
2024-05-04 01:00:00,0,1,0
2024-05-04 02:00:00,0,4,0
2024-05-04 03:00:00,0,4,0
2024-05-04 04:00:00,2,15,0
2024-05-04 05:00:00,1,9,0
2024-05-04 06:00:00,0,18,0
2024-05-04 07:00:00,5,30,0
2024-05-04 08:00:00,7,45,0
2024-05-04 09:00:00,6,46,1
2024-05-04 10:00:00,9,79,0
2024-05-04 11:00:00,9,78,1
2024-05-04 12:00:00,14,72,2
2024-05-04 13:00:00,6,59,1
2024-05-04 14:00:00,17,68,4
2024-05-04 15:00:00,17,53,1
2024-05-04 16:00:00,7,83,0
2024-05-04 17:00:00,21,93,1
2024-05-04 18:00:00,13,57,3
2024-05-04 19:00:00,17,47,2
2024-05-04 20:00:00,3,39,1
2024-05-04 21:00:00,3,34,1
2024-05-04 22:00:00,3,20,0
2024-05-04 23:00:00,1,23,0
2024-05-05 00:00:00,0,7,0
2024-05-05 01:00:00,0,5,1
2024-05-05 02:00:00,1,8,0
2024-05-05 03:00:00,0,5,0
2024-05-05 04:00:00,0,6,0
2024-05-05 05:00:00,0,11,0
2024-05-05 06:00:00,6,8,0
2024-05-05 07:00:00,3,15,3
2024-05-05 08:00:00,4,41,2
2024-05-05 09:00:00,6,65,0
2024-05-05 10:00:00,13,59,3
2024-05-05 11:00:00,25,78,0
2024-05-05 12:00:00,14,68,6
2024-05-05 13:00:00,8,77,0
2024-05-05 14:00:00,1,70,3
2024-05-05 15:00:00,8,43,3
2024-05-05 16:00:00,9,52,1
2024-05-05 17:00:00,11,57,1
2024-05-05 18:00:00,5,46,0
2024-05-05 19:00:00,2,45,0
2024-05-05 20:00:00,1,33,0
2024-05-05 21:00:00,2,26,0
2024-05-05 22:00:00,1,17,0
2024-05-05 23:00:00,1,18,0
2024-05-06 00:00:00,1,1,0
2024-05-06 01:00:00,0,3,0
2024-05-06 02:00:00,0,3,0
2024-05-06 03:00:00,0,2,0
2024-05-06 04:00:00,2,4,0
2024-05-06 05:00:00,0,9,0
2024-05-06 06:00:00,3,6,0
2024-05-06 07:00:00,5,17,0
2024-05-06 08:00:00,1,34,2
2024-05-06 09:00:00,2,52,0
2024-05-06 10:00:00,5,85,1
2024-05-06 11:00:00,7,72,2
2024-05-06 12:00:00,8,61,1
2024-05-06 13:00:00,7,60,3
2024-05-06 14:00:00,4,61,5
2024-05-06 15:00:00,9,55,0
2024-05-06 16:00:00,6,66,1
2024-05-06 17:00:00,6,75,0
2024-05-06 18:00:00,1,55,0
2024-05-06 19:00:00,2,31,2
2024-05-06 20:00:00,4,25,1
2024-05-06 21:00:00,0,19,2
2024-05-06 22:00:00,4,14,1
2024-05-06 23:00:00,0,5,0
2024-05-07 00:00:00,1,3,1
2024-05-07 01:00:00,0,4,1
2024-05-07 02:00:00,0,3,3
2024-05-07 03:00:00,0,8,0
2024-05-07 04:00:00,3,16,0
2024-05-07 05:00:00,4,26,0
2024-05-07 06:00:00,15,99,0
2024-05-07 07:00:00,38,282,2
2024-05-07 08:00:00,12,61,0
2024-05-07 09:00:00,8,44,1
2024-05-07 10:00:00,5,43,1
2024-05-07 11:00:00,13,51,1
2024-05-07 12:00:00,4,54,2
2024-05-07 13:00:00,21,132,2
2024-05-07 14:00:00,70,190,2
2024-05-07 15:00:00,24,91,3
2024-05-07 16:00:00,9,95,3
2024-05-07 17:00:00,17,85,2
2024-05-07 18:00:00,6,54,1
2024-05-07 19:00:00,6,53,0
2024-05-07 20:00:00,0,27,2
2024-05-07 21:00:00,3,21,0
2024-05-07 22:00:00,1,6,0
2024-05-07 23:00:00,4,4,0
2024-05-08 00:00:00,0,2,0
2024-05-08 01:00:00,0,1,0
2024-05-08 02:00:00,0,5,0
2024-05-08 03:00:00,0,4,0
2024-05-08 04:00:00,2,16,1
2024-05-08 05:00:00,5,40,0
2024-05-08 06:00:00,8,96,2
2024-05-08 07:00:00,36,267,3
2024-05-08 08:00:00,6,49,2
2024-05-08 09:00:00,6,45,2
2024-05-08 10:00:00,8,48,0
2024-05-08 11:00:00,15,68,0
2024-05-08 12:00:00,7,51,1
2024-05-08 13:00:00,24,122,2
2024-05-08 14:00:00,78,181,5
2024-05-08 15:00:00,24,110,3
2024-05-08 16:00:00,11,87,1
2024-05-08 17:00:00,12,89,0
2024-05-08 18:00:00,5,64,0
2024-05-08 19:00:00,6,39,2
2024-05-08 20:00:00,8,27,0
2024-05-08 21:00:00,2,22,3
2024-05-08 22:00:00,1,7,3
2024-05-08 23:00:00,0,5,0
2024-05-09 00:00:00,1,4,0
2024-05-09 01:00:00,0,2,0
2024-05-09 02:00:00,1,4,0
2024-05-09 03:00:00,0,9,0
2024-05-09 04:00:00,3,16,1
2024-05-09 05:00:00,4,32,0
2024-05-09 06:00:00,13,97,1
2024-05-09 07:00:00,46,291,6
2024-05-09 08:00:00,9,76,0
2024-05-09 09:00:00,6,45,1
2024-05-09 10:00:00,10,58,3
2024-05-09 11:00:00,10,59,1
2024-05-09 12:00:00,7,68,2
2024-05-09 13:00:00,17,128,2
2024-05-09 14:00:00,57,174,8
2024-05-09 15:00:00,16,99,5
2024-05-09 16:00:00,25,107,2
2024-05-09 17:00:00,16,97,5
2024-05-09 18:00:00,6,69,1
2024-05-09 19:00:00,10,46,0
2024-05-09 20:00:00,11,46,3
2024-05-09 21:00:00,2,37,1
2024-05-09 22:00:00,3,23,0
2024-05-09 23:00:00,0,15,0
2024-05-10 00:00:00,0,8,0
2024-05-10 01:00:00,2,11,0
2024-05-10 02:00:00,0,8,0
2024-05-10 03:00:00,2,9,0
2024-05-10 04:00:00,4,14,1
2024-05-10 05:00:00,6,32,0
2024-05-10 06:00:00,9,95,1
2024-05-10 07:00:00,57,298,5
2024-05-10 08:00:00,12,72,1
2024-05-10 09:00:00,13,76,0
2024-05-10 10:00:00,24,44,1
2024-05-10 11:00:00,7,45,0
2024-05-10 12:00:00,17,82,2
2024-05-10 13:00:00,14,161,0
2024-05-10 14:00:00,67,187,5
2024-05-10 15:00:00,16,90,4
2024-05-10 16:00:00,16,86,0
2024-05-10 17:00:00,10,78,2
2024-05-10 18:00:00,12,70,1
2024-05-10 19:00:00,13,62,3
2024-05-10 20:00:00,15,51,3
2024-05-10 21:00:00,2,32,1
2024-05-10 22:00:00,5,25,2
2024-05-10 23:00:00,0,19,1
2024-05-11 00:00:00,2,5,0
2024-05-11 01:00:00,4,8,0
2024-05-11 02:00:00,2,4,0
2024-05-11 03:00:00,3,4,0
2024-05-11 04:00:00,2,12,0
2024-05-11 05:00:00,3,14,0
2024-05-11 06:00:00,9,16,0
2024-05-11 07:00:00,10,42,0
2024-05-11 08:00:00,4,52,0
2024-05-11 09:00:00,4,68,1
2024-05-11 10:00:00,16,71,4
2024-05-11 11:00:00,5,82,4
2024-05-11 12:00:00,10,67,0
2024-05-11 13:00:00,6,53,2
2024-05-11 14:00:00,11,82,1
2024-05-11 15:00:00,5,64,3
2024-05-11 16:00:00,11,61,3
2024-05-11 17:00:00,17,72,3
2024-05-11 18:00:00,13,59,1
2024-05-11 19:00:00,7,48,0
2024-05-11 20:00:00,2,38,1
2024-05-11 21:00:00,7,45,1
2024-05-11 22:00:00,4,30,0
2024-05-11 23:00:00,1,23,0
2024-05-12 00:00:00,2,14,0
2024-05-12 01:00:00,0,5,0
2024-05-12 02:00:00,0,2,0
2024-05-12 03:00:00,2,9,0
2024-05-12 04:00:00,1,7,0
2024-05-12 05:00:00,0,9,0
2024-05-12 06:00:00,2,14,1
2024-05-12 07:00:00,1,15,0
2024-05-12 08:00:00,7,39,1
2024-05-12 09:00:00,7,48,1
2024-05-12 10:00:00,10,67,0
2024-05-12 11:00:00,1,86,0
2024-05-12 12:00:00,12,98,1
2024-05-12 13:00:00,6,82,1
2024-05-12 14:00:00,10,71,1
2024-05-12 15:00:00,10,52,0
2024-05-12 16:00:00,10,58,4
2024-05-12 17:00:00,7,66,0
2024-05-12 18:00:00,11,61,1
2024-05-12 19:00:00,10,51,1
2024-05-12 20:00:00,3,34,0
2024-05-12 21:00:00,0,15,1
2024-05-12 22:00:00,2,16,0
2024-05-12 23:00:00,0,6,0
2024-05-13 00:00:00,0,3,0
2024-05-13 01:00:00,1,4,1
2024-05-13 02:00:00,0,4,0
2024-05-13 03:00:00,0,9,0
2024-05-13 04:00:00,3,12,1
2024-05-13 05:00:00,5,25,0
2024-05-13 06:00:00,11,109,2
2024-05-13 07:00:00,46,292,3
2024-05-13 08:00:00,7,62,1
2024-05-13 09:00:00,11,52,0
2024-05-13 10:00:00,13,51,0
2024-05-13 11:00:00,12,63,0
2024-05-13 12:00:00,14,47,0
2024-05-13 13:00:00,17,154,0
2024-05-13 14:00:00,66,156,1
2024-05-13 15:00:00,11,109,5
2024-05-13 16:00:00,8,93,1
2024-05-13 17:00:00,18,73,0
2024-05-13 18:00:00,8,67,1
2024-05-13 19:00:00,3,38,2
2024-05-13 20:00:00,0,24,0
2024-05-13 21:00:00,0,11,0
2024-05-13 22:00:00,0,3,2
2024-05-13 23:00:00,0,7,69
2024-05-14 00:00:00,0,3,80
2024-05-14 01:00:00,0,1,36
2024-05-14 02:00:00,0,8,0
2024-05-14 03:00:00,0,6,0
2024-05-14 04:00:00,3,19,1
2024-05-14 05:00:00,2,23,0
2024-05-14 06:00:00,19,116,2
2024-05-14 07:00:00,46,273,5
2024-05-14 08:00:00,10,63,2
2024-05-14 09:00:00,4,59,2
2024-05-14 10:00:00,9,43,1
2024-05-14 11:00:00,8,52,0
2024-05-14 12:00:00,18,58,1
2024-05-14 13:00:00,19,125,2
2024-05-14 14:00:00,69,167,3
2024-05-14 15:00:00,23,93,1
2024-05-14 16:00:00,14,94,4
2024-05-14 17:00:00,11,69,2
2024-05-14 18:00:00,10,68,1
2024-05-14 19:00:00,11,54,0
2024-05-14 20:00:00,8,38,0
2024-05-14 21:00:00,2,6,0
2024-05-14 22:00:00,3,5,0
2024-05-14 23:00:00,0,4,0
2024-05-15 00:00:00,0,1,0
2024-05-15 01:00:00,0,1,0
2024-05-15 02:00:00,0,2,1
2024-05-15 03:00:00,0,6,0
2024-05-15 04:00:00,1,19,1
2024-05-15 05:00:00,3,27,0
2024-05-15 06:00:00,14,92,2
2024-05-15 07:00:00,43,320,2
2024-05-15 08:00:00,8,57,0
2024-05-15 09:00:00,11,49,1
2024-05-15 10:00:00,10,50,0
2024-05-15 11:00:00,20,57,0
2024-05-15 12:00:00,20,60,1
2024-05-15 13:00:00,27,140,4
2024-05-15 14:00:00,85,171,4
2024-05-15 15:00:00,16,98,1
2024-05-15 16:00:00,18,116,1
2024-05-15 17:00:00,8,74,0
2024-05-15 18:00:00,10,82,2
2024-05-15 19:00:00,8,58,1
2024-05-15 20:00:00,7,34,0
2024-05-15 21:00:00,2,25,2
2024-05-15 22:00:00,1,8,0
2024-05-15 23:00:00,1,4,0
2024-05-16 00:00:00,0,4,0
2024-05-16 01:00:00,0,3,0
2024-05-16 02:00:00,0,5,0
2024-05-16 03:00:00,1,12,0
2024-05-16 04:00:00,4,14,1
2024-05-16 05:00:00,4,27,0
2024-05-16 06:00:00,17,102,4
2024-05-16 07:00:00,55,290,6
2024-05-16 08:00:00,13,59,2
2024-05-16 09:00:00,7,42,2
2024-05-16 10:00:00,5,51,2
2024-05-16 11:00:00,12,62,1
2024-05-16 12:00:00,18,83,2
2024-05-16 13:00:00,24,139,1
2024-05-16 14:00:00,73,165,4
2024-05-16 15:00:00,19,92,1
2024-05-16 16:00:00,3,83,4
2024-05-16 17:00:00,20,84,4
2024-05-16 18:00:00,7,60,2
2024-05-16 19:00:00,10,59,0
2024-05-16 20:00:00,5,30,0
2024-05-16 21:00:00,2,36,1
2024-05-16 22:00:00,3,19,1
2024-05-16 23:00:00,1,12,1
2024-05-17 00:00:00,0,4,0
2024-05-17 01:00:00,0,1,0
2024-05-17 02:00:00,0,5,0
2024-05-17 03:00:00,0,5,0
2024-05-17 04:00:00,2,13,1
2024-05-17 05:00:00,4,26,0
2024-05-17 06:00:00,19,88,1
2024-05-17 07:00:00,43,275,3
2024-05-17 08:00:00,12,62,0
2024-05-17 09:00:00,7,68,7
2024-05-17 10:00:00,11,60,0
2024-05-17 11:00:00,10,69,1
2024-05-17 12:00:00,10,76,1
2024-05-17 13:00:00,19,139,1
2024-05-17 14:00:00,76,182,8
2024-05-17 15:00:00,17,98,2
2024-05-17 16:00:00,10,96,0
2024-05-17 17:00:00,20,100,2
2024-05-17 18:00:00,18,74,0
2024-05-17 19:00:00,9,52,1
2024-05-17 20:00:00,13,35,3
2024-05-17 21:00:00,2,28,0
2024-05-17 22:00:00,4,22,1
2024-05-17 23:00:00,0,15,0
2024-05-18 00:00:00,1,11,0
2024-05-18 01:00:00,0,5,0
2024-05-18 02:00:00,0,3,0
2024-05-18 03:00:00,0,5,0
2024-05-18 04:00:00,0,11,0
2024-05-18 05:00:00,0,11,0
2024-05-18 06:00:00,4,29,1
2024-05-18 07:00:00,1,36,0
2024-05-18 08:00:00,2,38,2
2024-05-18 09:00:00,5,59,2
2024-05-18 10:00:00,13,85,0
2024-05-18 11:00:00,7,78,1
2024-05-18 12:00:00,17,81,3
2024-05-18 13:00:00,4,80,1
2024-05-18 14:00:00,7,68,6
2024-05-18 15:00:00,17,65,0
2024-05-18 16:00:00,11,68,0
2024-05-18 17:00:00,6,74,4
2024-05-18 18:00:00,11,67,9
2024-05-18 19:00:00,5,41,0
2024-05-18 20:00:00,5,43,1
2024-05-18 21:00:00,3,43,4
2024-05-18 22:00:00,1,26,1
2024-05-18 23:00:00,0,15,1
2024-05-19 00:00:00,3,13,0
2024-05-19 01:00:00,1,7,0
2024-05-19 02:00:00,1,8,1
2024-05-19 03:00:00,0,6,0
2024-05-19 04:00:00,1,9,0
2024-05-19 05:00:00,0,18,0
2024-05-19 06:00:00,4,19,0
2024-05-19 07:00:00,2,25,1
2024-05-19 08:00:00,7,34,2
2024-05-19 09:00:00,3,59,2
2024-05-19 10:00:00,5,70,3
2024-05-19 11:00:00,15,72,1
2024-05-19 12:00:00,18,83,1
2024-05-19 13:00:00,10,70,0
2024-05-19 14:00:00,9,74,2
2024-05-19 15:00:00,11,57,2
2024-05-19 16:00:00,12,52,3
2024-05-19 17:00:00,9,44,1
2024-05-19 18:00:00,5,51,1
2024-05-19 19:00:00,8,40,4
2024-05-19 20:00:00,9,28,2
2024-05-19 21:00:00,4,19,0
2024-05-19 22:00:00,0,12,0
2024-05-19 23:00:00,1,3,2
2024-05-20 00:00:00,0,5,1
2024-05-20 01:00:00,0,1,0
2024-05-20 02:00:00,0,4,0
2024-05-20 03:00:00,1,3,0
2024-05-20 04:00:00,2,21,2
2024-05-20 05:00:00,5,30,0
2024-05-20 06:00:00,17,107,1
2024-05-20 07:00:00,56,301,2
2024-05-20 08:00:00,11,63,1
2024-05-20 09:00:00,13,53,0
2024-05-20 10:00:00,19,64,0
2024-05-20 11:00:00,16,58,3
2024-05-20 12:00:00,12,48,2
2024-05-20 13:00:00,23,122,0
2024-05-20 14:00:00,67,153,5
2024-05-20 15:00:00,19,99,3
2024-05-20 16:00:00,11,101,2
2024-05-20 17:00:00,17,87,0
2024-05-20 18:00:00,12,70,0
2024-05-20 19:00:00,8,50,1
2024-05-20 20:00:00,7,35,1
2024-05-20 21:00:00,0,22,0
2024-05-20 22:00:00,3,6,2
2024-05-20 23:00:00,0,7,1
2024-05-21 00:00:00,0,5,0
2024-05-21 01:00:00,0,1,0
2024-05-21 02:00:00,2,5,0
2024-05-21 03:00:00,0,4,0
2024-05-21 04:00:00,6,16,1
2024-05-21 05:00:00,6,31,1
2024-05-21 06:00:00,17,94,1
2024-05-21 07:00:00,44,275,5
2024-05-21 08:00:00,12,58,1
2024-05-21 09:00:00,8,53,4
2024-05-21 10:00:00,8,51,0
2024-05-21 11:00:00,13,61,0
2024-05-21 12:00:00,7,56,1
2024-05-21 13:00:00,21,139,0
2024-05-21 14:00:00,72,173,5
2024-05-21 15:00:00,18,81,5
2024-05-21 16:00:00,19,113,1
2024-05-21 17:00:00,14,93,0
2024-05-21 18:00:00,9,72,1
2024-05-21 19:00:00,5,66,0
2024-05-21 20:00:00,1,31,0
2024-05-21 21:00:00,3,23,3
2024-05-21 22:00:00,0,3,0
2024-05-21 23:00:00,1,6,2
2024-05-22 00:00:00,1,0,0
2024-05-22 01:00:00,0,1,0
2024-05-22 02:00:00,0,2,0
2024-05-22 03:00:00,0,4,0
2024-05-22 04:00:00,2,10,0
2024-05-22 05:00:00,2,32,0
2024-05-22 06:00:00,19,101,1
2024-05-22 07:00:00,48,293,5
2024-05-22 08:00:00,4,62,0
2024-05-22 09:00:00,9,49,0
2024-05-22 10:00:00,13,40,0
2024-05-22 11:00:00,11,52,3
2024-05-22 12:00:00,9,50,0
2024-05-22 13:00:00,16,129,0
2024-05-22 14:00:00,63,176,3
2024-05-22 15:00:00,7,125,3
2024-05-22 16:00:00,10,93,2
2024-05-22 17:00:00,19,83,2
2024-05-22 18:00:00,4,65,2
2024-05-22 19:00:00,6,34,0
2024-05-22 20:00:00,3,37,6
2024-05-22 21:00:00,6,23,2
2024-05-22 22:00:00,0,15,0
2024-05-22 23:00:00,0,7,0
2024-05-23 00:00:00,1,1,0
2024-05-23 01:00:00,0,3,0
2024-05-23 02:00:00,0,4,0
2024-05-23 03:00:00,0,6,0
2024-05-23 04:00:00,3,17,1
2024-05-23 05:00:00,6,29,0
2024-05-23 06:00:00,13,102,3
2024-05-23 07:00:00,49,291,7
2024-05-23 08:00:00,16,66,2
2024-05-23 09:00:00,14,52,0
2024-05-23 10:00:00,14,53,0
2024-05-23 11:00:00,12,72,1
2024-05-23 12:00:00,14,66,3
2024-05-23 13:00:00,19,119,2
2024-05-23 14:00:00,76,177,5
2024-05-23 15:00:00,20,98,4
2024-05-23 16:00:00,19,95,2
2024-05-23 17:00:00,13,79,4
2024-05-23 18:00:00,10,67,1
2024-05-23 19:00:00,3,29,0
2024-05-23 20:00:00,5,34,1
2024-05-23 21:00:00,3,27,1
2024-05-23 22:00:00,4,13,0
2024-05-23 23:00:00,0,8,1
2024-05-24 00:00:00,3,2,0
2024-05-24 01:00:00,0,2,0
2024-05-24 02:00:00,0,3,0
2024-05-24 03:00:00,0,6,0
2024-05-24 04:00:00,3,18,1
2024-05-24 05:00:00,3,37,0
2024-05-24 06:00:00,7,91,5
2024-05-24 07:00:00,47,253,4
2024-05-24 08:00:00,8,53,0
2024-05-24 09:00:00,3,55,0
2024-05-24 10:00:00,9,50,0
2024-05-24 11:00:00,14,55,0
2024-05-24 12:00:00,8,62,0
2024-05-24 13:00:00,14,137,1
2024-05-24 14:00:00,87,179,2
2024-05-24 15:00:00,5,93,1
2024-05-24 16:00:00,9,80,1
2024-05-24 17:00:00,16,105,1
2024-05-24 18:00:00,8,76,0
2024-05-24 19:00:00,5,51,2
2024-05-24 20:00:00,7,33,0
2024-05-24 21:00:00,9,33,1
2024-05-24 22:00:00,0,26,0
2024-05-24 23:00:00,1,13,0
2024-05-25 00:00:00,0,2,2
2024-05-25 01:00:00,0,2,0
2024-05-25 02:00:00,1,2,0
2024-05-25 03:00:00,0,6,0
2024-05-25 04:00:00,2,13,0
2024-05-25 05:00:00,0,13,0
2024-05-25 06:00:00,1,21,1
2024-05-25 07:00:00,2,36,0
2024-05-25 08:00:00,6,41,0
2024-05-25 09:00:00,10,60,2
2024-05-25 10:00:00,4,78,3
2024-05-25 11:00:00,9,70,1
2024-05-25 12:00:00,11,72,0
2024-05-25 13:00:00,12,79,2
2024-05-25 14:00:00,15,78,1
2024-05-25 15:00:00,3,60,1
2024-05-25 16:00:00,20,77,4
2024-05-25 17:00:00,6,64,0
2024-05-25 18:00:00,10,54,1
2024-05-25 19:00:00,6,43,5
2024-05-25 20:00:00,5,31,1
2024-05-25 21:00:00,5,38,0
2024-05-25 22:00:00,0,18,1
2024-05-25 23:00:00,0,16,0
2024-05-26 00:00:00,1,25,1
2024-05-26 01:00:00,0,9,0
2024-05-26 02:00:00,0,4,0
2024-05-26 03:00:00,0,9,1
2024-05-26 04:00:00,0,8,0
2024-05-26 05:00:00,1,11,0
2024-05-26 06:00:00,4,13,1
2024-05-26 07:00:00,3,14,1
2024-05-26 08:00:00,4,23,0
2024-05-26 09:00:00,7,66,0
2024-05-26 10:00:00,6,50,0
2024-05-26 11:00:00,5,86,0
2024-05-26 12:00:00,10,74,0
2024-05-26 13:00:00,8,69,3
2024-05-26 14:00:00,2,60,2
2024-05-26 15:00:00,1,59,0
2024-05-26 16:00:00,11,61,0
2024-05-26 17:00:00,4,64,9
2024-05-26 18:00:00,7,62,1
2024-05-26 19:00:00,9,53,0
2024-05-26 20:00:00,3,28,0
2024-05-26 21:00:00,2,30,0
2024-05-26 22:00:00,4,22,0
2024-05-26 23:00:00,0,17,0
2024-05-27 00:00:00,0,7,0
2024-05-27 01:00:00,1,9,0
2024-05-27 02:00:00,0,5,0
2024-05-27 03:00:00,0,5,0
2024-05-27 04:00:00,1,12,0
2024-05-27 05:00:00,2,8,0
2024-05-27 06:00:00,4,22,0
2024-05-27 07:00:00,0,27,0
2024-05-27 08:00:00,5,36,1
2024-05-27 09:00:00,7,53,1
2024-05-27 10:00:00,5,46,0
2024-05-27 11:00:00,9,67,0
2024-05-27 12:00:00,6,59,0
2024-05-27 13:00:00,4,68,2
2024-05-27 14:00:00,5,45,0
2024-05-27 15:00:00,2,66,2
2024-05-27 16:00:00,3,76,2
2024-05-27 17:00:00,6,62,7
2024-05-27 18:00:00,19,49,4
2024-05-27 19:00:00,7,58,0
2024-05-27 20:00:00,10,38,3
2024-05-27 21:00:00,5,21,0
2024-05-27 22:00:00,4,7,0
2024-05-27 23:00:00,2,9,1
2024-05-28 00:00:00,0,2,0
2024-05-28 01:00:00,0,1,0
2024-05-28 02:00:00,0,5,0
2024-05-28 03:00:00,1,6,0
2024-05-28 04:00:00,0,16,1
2024-05-28 05:00:00,1,25,0
2024-05-28 06:00:00,3,51,0
2024-05-28 07:00:00,14,46,0
2024-05-28 08:00:00,8,35,0
2024-05-28 09:00:00,4,59,1
2024-05-28 10:00:00,7,45,1
2024-05-28 11:00:00,8,54,1
2024-05-28 12:00:00,16,57,1
2024-05-28 13:00:00,6,54,1
2024-05-28 14:00:00,14,50,1
2024-05-28 15:00:00,11,66,2
2024-05-28 16:00:00,15,87,0
2024-05-28 17:00:00,11,76,0
2024-05-28 18:00:00,6,68,0
2024-05-28 19:00:00,4,38,1
2024-05-28 20:00:00,6,33,0
2024-05-28 21:00:00,0,28,1
2024-05-28 22:00:00,1,11,0
2024-05-28 23:00:00,1,7,0
2024-05-29 00:00:00,0,3,0
2024-05-29 01:00:00,0,4,0
2024-05-29 02:00:00,0,1,1
2024-05-29 03:00:00,0,5,0
2024-05-29 04:00:00,1,17,1
2024-05-29 05:00:00,2,21,0
2024-05-29 06:00:00,7,58,3
2024-05-29 07:00:00,4,54,1
2024-05-29 08:00:00,4,42,1
2024-05-29 09:00:00,18,57,1
2024-05-29 10:00:00,4,56,0
2024-05-29 11:00:00,10,53,0
2024-05-29 12:00:00,9,52,0
2024-05-29 13:00:00,22,50,0
2024-05-29 14:00:00,6,64,0
2024-05-29 15:00:00,13,79,4
2024-05-29 16:00:00,6,92,4
2024-05-29 17:00:00,14,104,2
2024-05-29 18:00:00,16,59,4
2024-05-29 19:00:00,7,47,1
2024-05-29 20:00:00,3,34,0
2024-05-29 21:00:00,0,27,3
2024-05-29 22:00:00,0,14,0
2024-05-29 23:00:00,0,9,0
2024-05-30 00:00:00,0,4,2
2024-05-30 01:00:00,0,2,1
2024-05-30 02:00:00,0,3,0
2024-05-30 03:00:00,0,5,1
2024-05-30 04:00:00,0,15,0
2024-05-30 05:00:00,3,28,0
2024-05-30 06:00:00,4,61,1
2024-05-30 07:00:00,6,58,0
2024-05-30 08:00:00,6,50,1
2024-05-30 09:00:00,3,39,2
2024-05-30 10:00:00,7,42,1
2024-05-30 11:00:00,9,48,0
2024-05-30 12:00:00,4,55,0
2024-05-30 13:00:00,8,53,1
2024-05-30 14:00:00,11,63,0
2024-05-30 15:00:00,16,81,2
2024-05-30 16:00:00,16,100,0
2024-05-30 17:00:00,14,88,1
2024-05-30 18:00:00,12,70,1
2024-05-30 19:00:00,9,56,0
2024-05-30 20:00:00,11,49,1
2024-05-30 21:00:00,4,39,1
2024-05-30 22:00:00,3,29,1
2024-05-30 23:00:00,4,6,1
2024-05-31 00:00:00,0,1,0
2024-05-31 01:00:00,0,5,0
2024-05-31 02:00:00,0,4,0
2024-05-31 03:00:00,1,8,1
2024-05-31 04:00:00,2,14,0
2024-05-31 05:00:00,3,22,1
2024-05-31 06:00:00,7,56,0
2024-05-31 07:00:00,6,45,1
2024-05-31 08:00:00,2,50,1
2024-05-31 09:00:00,10,49,0
2024-05-31 10:00:00,9,44,1
2024-05-31 11:00:00,19,70,2
2024-05-31 12:00:00,12,57,1
2024-05-31 13:00:00,15,67,0
2024-05-31 14:00:00,19,80,3
2024-05-31 15:00:00,15,68,2
2024-05-31 16:00:00,37,100,0
2024-05-31 17:00:00,9,102,1
2024-05-31 18:00:00,14,65,1
2024-05-31 19:00:00,11,54,1
2024-05-31 20:00:00,2,25,3
2024-05-31 21:00:00,1,22,1
2024-05-31 22:00:00,0,21,1
2024-05-31 23:00:00,1,17,0
2024-06-01 00:00:00,0,5,1
2024-06-01 01:00:00,1,0,0
2024-06-01 02:00:00,0,8,0
2024-06-01 03:00:00,2,8,0
2024-06-01 04:00:00,0,11,0
2024-06-01 05:00:00,0,12,0
2024-06-01 06:00:00,5,16,0
2024-06-01 07:00:00,3,40,1
2024-06-01 08:00:00,5,44,0
2024-06-01 09:00:00,14,51,1
2024-06-01 10:00:00,10,63,1
2024-06-01 11:00:00,5,65,3
2024-06-01 12:00:00,7,77,0
2024-06-01 13:00:00,10,64,0
2024-06-01 14:00:00,5,72,3
2024-06-01 15:00:00,15,63,7
2024-06-01 16:00:00,8,75,1
2024-06-01 17:00:00,18,69,1
2024-06-01 18:00:00,9,58,2
2024-06-01 19:00:00,12,47,2
2024-06-01 20:00:00,6,34,1
2024-06-01 21:00:00,4,34,0
2024-06-01 22:00:00,4,25,3
2024-06-01 23:00:00,3,19,1
2024-06-02 00:00:00,5,11,1
2024-06-02 01:00:00,2,6,1
2024-06-02 02:00:00,19,5,2
2024-06-02 03:00:00,1,2,0
2024-06-02 04:00:00,1,6,0
2024-06-02 05:00:00,1,8,0
2024-06-02 06:00:00,3,9,0
2024-06-02 07:00:00,7,29,0
2024-06-02 08:00:00,10,32,0
2024-06-02 09:00:00,10,45,0
2024-06-02 10:00:00,11,61,1
2024-06-02 11:00:00,9,67,0
2024-06-02 12:00:00,10,65,2
2024-06-02 13:00:00,4,61,1
2024-06-02 14:00:00,7,61,0
2024-06-02 15:00:00,9,71,3
2024-06-02 16:00:00,21,64,1
2024-06-02 17:00:00,5,59,1
2024-06-02 18:00:00,5,57,6
2024-06-02 19:00:00,9,25,3
2024-06-02 20:00:00,7,38,1
2024-06-02 21:00:00,7,26,2
2024-06-02 22:00:00,45,7,14
2024-06-02 23:00:00,44,12,6
2024-06-03 00:00:00,3,0,4
2024-06-03 01:00:00,7,3,3
2024-06-03 02:00:00,5,2,2
2024-06-03 03:00:00,1,6,1
2024-06-03 04:00:00,2,13,0
2024-06-03 05:00:00,3,28,0
2024-06-03 06:00:00,19,96,0
2024-06-03 07:00:00,56,284,2
2024-06-03 08:00:00,11,49,1
2024-06-03 09:00:00,18,50,2
2024-06-03 10:00:00,14,47,2
2024-06-03 11:00:00,13,52,0
2024-06-03 12:00:00,8,60,1
2024-06-03 13:00:00,19,106,1
2024-06-03 14:00:00,109,150,4
2024-06-03 15:00:00,8,107,1
2024-06-03 16:00:00,12,96,2
2024-06-03 17:00:00,11,97,0
2024-06-03 18:00:00,14,51,2
2024-06-03 19:00:00,8,62,2
2024-06-03 20:00:00,2,19,2
2024-06-03 21:00:00,0,33,0
2024-06-03 22:00:00,1,4,1
2024-06-03 23:00:00,1,3,1
2024-06-04 00:00:00,0,2,0
2024-06-04 01:00:00,0,1,0
2024-06-04 02:00:00,0,5,0
2024-06-04 03:00:00,1,4,0
2024-06-04 04:00:00,4,12,0
2024-06-04 05:00:00,3,24,0
2024-06-04 06:00:00,14,97,2
2024-06-04 07:00:00,53,281,5
2024-06-04 08:00:00,10,57,1
2024-06-04 09:00:00,9,44,1
2024-06-04 10:00:00,7,47,1
2024-06-04 11:00:00,8,60,0
2024-06-04 12:00:00,4,46,1
2024-06-04 13:00:00,21,118,2
2024-06-04 14:00:00,96,179,4
2024-06-04 15:00:00,14,80,4
2024-06-04 16:00:00,9,80,2
2024-06-04 17:00:00,12,101,2
2024-06-04 18:00:00,11,64,5
2024-06-04 19:00:00,6,53,0
2024-06-04 20:00:00,5,31,2
2024-06-04 21:00:00,3,24,0
2024-06-04 22:00:00,1,10,0
2024-06-04 23:00:00,1,2,0
2024-06-05 00:00:00,1,2,0
2024-06-05 01:00:00,0,0,0
2024-06-05 02:00:00,0,1,0
2024-06-05 03:00:00,0,9,1
2024-06-05 04:00:00,4,10,0
2024-06-05 05:00:00,2,33,0
2024-06-05 06:00:00,11,89,3
2024-06-05 07:00:00,54,276,5
2024-06-05 08:00:00,12,51,3
2024-06-05 09:00:00,13,52,2
2024-06-05 10:00:00,9,43,4
2024-06-05 11:00:00,18,54,2
2024-06-05 12:00:00,15,49,2
2024-06-05 13:00:00,13,106,2
2024-06-05 14:00:00,59,163,8
2024-06-05 15:00:00,19,99,1
2024-06-05 16:00:00,13,91,6
2024-06-05 17:00:00,22,72,2
2024-06-05 18:00:00,20,76,2
2024-06-05 19:00:00,9,46,2
2024-06-05 20:00:00,10,37,0
2024-06-05 21:00:00,0,22,0
2024-06-05 22:00:00,1,13,0
2024-06-05 23:00:00,1,6,2
2024-06-06 00:00:00,2,4,0
2024-06-06 01:00:00,1,0,1
2024-06-06 02:00:00,0,4,0
2024-06-06 03:00:00,0,6,0
2024-06-06 04:00:00,2,11,0
2024-06-06 05:00:00,1,27,0
2024-06-06 06:00:00,10,109,2
2024-06-06 07:00:00,52,297,7
2024-06-06 08:00:00,21,76,1
2024-06-06 09:00:00,42,45,0
2024-06-06 10:00:00,58,1,4
2024-06-06 11:00:00,36,0,3
2024-06-06 12:00:00,73,1,1
2024-06-06 13:00:00,26,85,0
2024-06-06 14:00:00,79,173,5
2024-06-06 15:00:00,8,93,1
2024-06-06 16:00:00,20,86,6
2024-06-06 17:00:00,9,73,2
2024-06-06 18:00:00,8,60,0
2024-06-06 19:00:00,7,60,2
2024-06-06 20:00:00,1,41,1
2024-06-06 21:00:00,3,31,2
2024-06-06 22:00:00,0,14,0
2024-06-06 23:00:00,0,10,0
2024-06-07 00:00:00,1,3,0
2024-06-07 01:00:00,0,6,0
2024-06-07 02:00:00,0,3,0
2024-06-07 03:00:00,1,11,0
2024-06-07 04:00:00,3,9,0
2024-06-07 05:00:00,1,27,0
2024-06-07 06:00:00,9,81,2
2024-06-07 07:00:00,54,276,5
2024-06-07 08:00:00,12,58,0
2024-06-07 09:00:00,6,38,0
2024-06-07 10:00:00,7,50,1
2024-06-07 11:00:00,13,65,2
2024-06-07 12:00:00,8,74,1
2024-06-07 13:00:00,21,122,0
2024-06-07 14:00:00,77,191,0
2024-06-07 15:00:00,5,87,1
2024-06-07 16:00:00,11,84,0
2024-06-07 17:00:00,16,84,1
2024-06-07 18:00:00,8,80,4
2024-06-07 19:00:00,11,53,1
2024-06-07 20:00:00,5,41,0
2024-06-07 21:00:00,1,21,0
2024-06-07 22:00:00,3,16,1
2024-06-07 23:00:00,2,10,0
2024-06-08 00:00:00,1,7,0
2024-06-08 01:00:00,2,8,0
2024-06-08 02:00:00,0,5,0
2024-06-08 03:00:00,2,4,0
2024-06-08 04:00:00,3,12,0
2024-06-08 05:00:00,0,13,0
2024-06-08 06:00:00,2,17,0
2024-06-08 07:00:00,2,21,0
2024-06-08 08:00:00,1,43,0
2024-06-08 09:00:00,2,52,1
2024-06-08 10:00:00,7,59,1
2024-06-08 11:00:00,4,77,0
2024-06-08 12:00:00,8,78,2
2024-06-08 13:00:00,13,83,3
2024-06-08 14:00:00,11,64,1
2024-06-08 15:00:00,9,65,2
2024-06-08 16:00:00,6,80,3
2024-06-08 17:00:00,18,66,10
2024-06-08 18:00:00,6,53,6
2024-06-08 19:00:00,2,45,2
2024-06-08 20:00:00,8,45,0
2024-06-08 21:00:00,5,45,0
2024-06-08 22:00:00,0,23,2
2024-06-08 23:00:00,4,12,1
2024-06-09 00:00:00,0,15,1
2024-06-09 01:00:00,0,9,0
2024-06-09 02:00:00,3,2,0
2024-06-09 03:00:00,0,3,0
2024-06-09 04:00:00,1,12,1
2024-06-09 05:00:00,1,10,2
2024-06-09 06:00:00,3,18,0
2024-06-09 07:00:00,6,24,0
2024-06-09 08:00:00,1,29,1
2024-06-09 09:00:00,1,50,0
2024-06-09 10:00:00,7,60,1
2024-06-09 11:00:00,14,80,1
2024-06-09 12:00:00,10,61,1
2024-06-09 13:00:00,10,71,2
2024-06-09 14:00:00,3,75,1
2024-06-09 15:00:00,11,52,0
2024-06-09 16:00:00,5,64,0
2024-06-09 17:00:00,4,51,0
2024-06-09 18:00:00,4,37,2
2024-06-09 19:00:00,6,43,0
2024-06-09 20:00:00,4,30,0
2024-06-09 21:00:00,1,20,1
2024-06-09 22:00:00,1,15,1
2024-06-09 23:00:00,0,13,0
2024-06-10 00:00:00,0,0,2
2024-06-10 01:00:00,0,8,0
2024-06-10 02:00:00,0,4,0
2024-06-10 03:00:00,0,8,1
2024-06-10 04:00:00,3,14,0
2024-06-10 05:00:00,1,24,0
2024-06-10 06:00:00,15,111,2
2024-06-10 07:00:00,54,271,3
2024-06-10 08:00:00,7,71,1
2024-06-10 09:00:00,16,51,1
2024-06-10 10:00:00,9,48,0
2024-06-10 11:00:00,16,55,0
2024-06-10 12:00:00,7,48,1
2024-06-10 13:00:00,21,116,1
2024-06-10 14:00:00,63,146,2
2024-06-10 15:00:00,19,93,5
2024-06-10 16:00:00,14,93,1
2024-06-10 17:00:00,18,85,1
2024-06-10 18:00:00,10,68,0
2024-06-10 19:00:00,5,51,1
2024-06-10 20:00:00,1,40,0
2024-06-10 21:00:00,3,22,3
2024-06-10 22:00:00,0,6,0
2024-06-10 23:00:00,0,4,0
2024-06-11 00:00:00,2,2,1
2024-06-11 01:00:00,1,7,0
2024-06-11 02:00:00,0,2,0
2024-06-11 03:00:00,1,5,2
2024-06-11 04:00:00,4,22,0
2024-06-11 05:00:00,4,32,0
2024-06-11 06:00:00,15,98,2
2024-06-11 07:00:00,46,297,3
2024-06-11 08:00:00,11,56,0
2024-06-11 09:00:00,16,54,2
2024-06-11 10:00:00,6,50,2
2024-06-11 11:00:00,16,60,2
2024-06-11 12:00:00,12,61,1
2024-06-11 13:00:00,18,112,0
2024-06-11 14:00:00,66,181,2
2024-06-11 15:00:00,29,95,10
2024-06-11 16:00:00,15,101,3
2024-06-11 17:00:00,10,98,2
2024-06-11 18:00:00,8,61,1
2024-06-11 19:00:00,5,65,0
2024-06-11 20:00:00,6,42,1
2024-06-11 21:00:00,5,23,1
2024-06-11 22:00:00,0,17,2
2024-06-11 23:00:00,2,5,1
2024-06-12 00:00:00,0,8,0
2024-06-12 01:00:00,1,4,1
2024-06-12 02:00:00,0,5,0
2024-06-12 03:00:00,2,4,0
2024-06-12 04:00:00,3,17,1
2024-06-12 05:00:00,2,35,0
2024-06-12 06:00:00,14,117,2
2024-06-12 07:00:00,55,253,6
2024-06-12 08:00:00,9,54,0
2024-06-12 09:00:00,12,47,0
2024-06-12 10:00:00,6,48,1
2024-06-12 11:00:00,15,47,0
2024-06-12 12:00:00,9,46,3
2024-06-12 13:00:00,19,116,1
2024-06-12 14:00:00,76,152,7
2024-06-12 15:00:00,7,109,3
2024-06-12 16:00:00,9,101,0
2024-06-12 17:00:00,9,96,2
2024-06-12 18:00:00,4,63,6
2024-06-12 19:00:00,8,49,1
2024-06-12 20:00:00,3,37,0
2024-06-12 21:00:00,0,30,3
2024-06-12 22:00:00,1,10,0
2024-06-12 23:00:00,0,8,0
2024-06-13 00:00:00,0,0,1
2024-06-13 01:00:00,0,5,0
2024-06-13 02:00:00,0,6,0
2024-06-13 03:00:00,2,2,1
2024-06-13 04:00:00,3,20,0
2024-06-13 05:00:00,1,29,0
2024-06-13 06:00:00,15,98,1
2024-06-13 07:00:00,38,261,1
2024-06-13 08:00:00,14,72,0
2024-06-13 09:00:00,8,46,0
2024-06-13 10:00:00,10,47,0
2024-06-13 11:00:00,14,55,1
2024-06-13 12:00:00,32,79,0
2024-06-13 13:00:00,17,125,0
2024-06-13 14:00:00,57,173,4
2024-06-13 15:00:00,16,102,3
2024-06-13 16:00:00,10,91,2
2024-06-13 17:00:00,5,94,2
2024-06-13 18:00:00,5,74,1
2024-06-13 19:00:00,3,46,1
2024-06-13 20:00:00,0,37,0
2024-06-13 21:00:00,4,27,1
2024-06-13 22:00:00,0,15,1
2024-06-13 23:00:00,0,4,0
2024-06-14 00:00:00,0,11,1
2024-06-14 01:00:00,0,2,0
2024-06-14 02:00:00,0,5,0
2024-06-14 03:00:00,0,10,0
2024-06-14 04:00:00,3,13,1
2024-06-14 05:00:00,1,29,0
2024-06-14 06:00:00,17,105,3
2024-06-14 07:00:00,54,265,1
2024-06-14 08:00:00,9,66,1
2024-06-14 09:00:00,7,62,0
2024-06-14 10:00:00,10,60,1
2024-06-14 11:00:00,10,54,0
2024-06-14 12:00:00,6,82,1
2024-06-14 13:00:00,17,140,0
2024-06-14 14:00:00,61,228,3
2024-06-14 15:00:00,10,79,0
2024-06-14 16:00:00,6,90,0
2024-06-14 17:00:00,3,102,0
2024-06-14 18:00:00,8,91,0
2024-06-14 19:00:00,1,45,1
2024-06-14 20:00:00,3,49,1
2024-06-14 21:00:00,1,35,1
2024-06-14 22:00:00,0,25,0
2024-06-14 23:00:00,0,14,1
2024-06-15 00:00:00,0,11,0
2024-06-15 01:00:00,1,7,0
2024-06-15 02:00:00,0,4,0
2024-06-15 03:00:00,4,5,0
2024-06-15 04:00:00,0,10,0
2024-06-15 05:00:00,1,8,0
2024-06-15 06:00:00,2,16,0
2024-06-15 07:00:00,2,38,1
2024-06-15 08:00:00,1,43,1
2024-06-15 09:00:00,4,57,0
2024-06-15 10:00:00,5,88,1
2024-06-15 11:00:00,5,61,0
2024-06-15 12:00:00,12,87,1
2024-06-15 13:00:00,6,67,3
2024-06-15 14:00:00,18,72,4
2024-06-15 15:00:00,5,63,1
2024-06-15 16:00:00,12,96,0
2024-06-15 17:00:00,7,88,0
2024-06-15 18:00:00,7,64,0
2024-06-15 19:00:00,4,56,0
2024-06-15 20:00:00,3,49,2
2024-06-15 21:00:00,11,29,3
2024-06-15 22:00:00,3,29,2
2024-06-15 23:00:00,7,21,0
2024-06-16 00:00:00,0,14,1
2024-06-16 01:00:00,0,12,0
2024-06-16 02:00:00,1,7,1
2024-06-16 03:00:00,0,4,0
2024-06-16 04:00:00,1,5,0
2024-06-16 05:00:00,0,11,0
2024-06-16 06:00:00,1,17,0
2024-06-16 07:00:00,1,21,0
2024-06-16 08:00:00,6,47,0
2024-06-16 09:00:00,4,54,1
2024-06-16 10:00:00,9,71,3
2024-06-16 11:00:00,9,80,0
2024-06-16 12:00:00,6,91,3
2024-06-16 13:00:00,0,60,1
2024-06-16 14:00:00,7,90,0
2024-06-16 15:00:00,6,78,0
2024-06-16 16:00:00,11,59,1
2024-06-16 17:00:00,10,63,2
2024-06-16 18:00:00,3,57,3
2024-06-16 19:00:00,6,48,0
2024-06-16 20:00:00,3,52,0
2024-06-16 21:00:00,2,43,0
2024-06-16 22:00:00,1,15,0
2024-06-16 23:00:00,1,12,0
2024-06-17 00:00:00,2,3,0
2024-06-17 01:00:00,0,3,0
2024-06-17 02:00:00,0,5,0
2024-06-17 03:00:00,1,9,1
2024-06-17 04:00:00,4,12,1
2024-06-17 05:00:00,1,18,0
2024-06-17 06:00:00,16,99,2
2024-06-17 07:00:00,48,245,1
2024-06-17 08:00:00,7,69,0
2024-06-17 09:00:00,14,52,0
2024-06-17 10:00:00,3,58,2
2024-06-17 11:00:00,28,57,5
2024-06-17 12:00:00,8,55,0
2024-06-17 13:00:00,15,111,0
2024-06-17 14:00:00,63,134,0
2024-06-17 15:00:00,24,95,8
2024-06-17 16:00:00,16,102,6
2024-06-17 17:00:00,16,89,3
2024-06-17 18:00:00,8,63,4
2024-06-17 19:00:00,5,55,3
2024-06-17 20:00:00,4,30,0
2024-06-17 21:00:00,0,20,1
2024-06-17 22:00:00,0,13,1
2024-06-17 23:00:00,0,4,0
2024-06-18 00:00:00,0,3,2
2024-06-18 01:00:00,0,5,1
2024-06-18 02:00:00,0,10,0
2024-06-18 03:00:00,1,6,0
2024-06-18 04:00:00,2,15,1
2024-06-18 05:00:00,1,29,0
2024-06-18 06:00:00,12,103,2
2024-06-18 07:00:00,59,278,2
2024-06-18 08:00:00,8,61,1
2024-06-18 09:00:00,4,65,0
2024-06-18 10:00:00,8,54,1
2024-06-18 11:00:00,8,63,0
2024-06-18 12:00:00,17,40,1
2024-06-18 13:00:00,21,117,1
2024-06-18 14:00:00,64,185,5
2024-06-18 15:00:00,5,95,3
2024-06-18 16:00:00,16,99,8
2024-06-18 17:00:00,8,93,10
2024-06-18 18:00:00,6,67,2
2024-06-18 19:00:00,8,54,7
2024-06-18 20:00:00,3,41,1
2024-06-18 21:00:00,1,27,0
2024-06-18 22:00:00,1,14,0
2024-06-18 23:00:00,0,7,0
2024-06-19 00:00:00,0,5,0
2024-06-19 01:00:00,1,6,0
2024-06-19 02:00:00,1,3,0
2024-06-19 03:00:00,1,4,1
2024-06-19 04:00:00,2,21,0
2024-06-19 05:00:00,2,33,0
2024-06-19 06:00:00,12,106,2
2024-06-19 07:00:00,46,270,0
2024-06-19 08:00:00,12,58,0
2024-06-19 09:00:00,9,52,0
2024-06-19 10:00:00,12,44,2
2024-06-19 11:00:00,9,66,2
2024-06-19 12:00:00,3,65,0
2024-06-19 13:00:00,23,111,2
2024-06-19 14:00:00,89,152,5
2024-06-19 15:00:00,16,97,6
2024-06-19 16:00:00,13,99,1
2024-06-19 17:00:00,19,96,2
2024-06-19 18:00:00,10,85,2
2024-06-19 19:00:00,12,46,3
2024-06-19 20:00:00,4,31,1
2024-06-19 21:00:00,1,27,0
2024-06-19 22:00:00,2,14,1
2024-06-19 23:00:00,2,3,0
2024-06-20 00:00:00,0,4,0
2024-06-20 01:00:00,0,3,0
2024-06-20 02:00:00,0,7,0
2024-06-20 03:00:00,1,2,1
2024-06-20 04:00:00,1,14,1
2024-06-20 05:00:00,1,34,1
2024-06-20 06:00:00,10,106,2
2024-06-20 07:00:00,50,249,3
2024-06-20 08:00:00,13,66,0
2024-06-20 09:00:00,10,67,0
2024-06-20 10:00:00,9,39,1
2024-06-20 11:00:00,17,86,0
2024-06-20 12:00:00,27,72,5
2024-06-20 13:00:00,31,133,1
2024-06-20 14:00:00,63,176,5
2024-06-20 15:00:00,11,105,2
2024-06-20 16:00:00,12,71,2
2024-06-20 17:00:00,11,87,0
2024-06-20 18:00:00,6,85,0
2024-06-20 19:00:00,3,49,0
2024-06-20 20:00:00,3,52,0
2024-06-20 21:00:00,4,41,14
2024-06-20 22:00:00,1,17,1
2024-06-20 23:00:00,1,13,0
2024-06-21 00:00:00,0,6,0
2024-06-21 01:00:00,0,7,0
2024-06-21 02:00:00,4,5,0
2024-06-21 03:00:00,2,12,0
2024-06-21 04:00:00,3,16,0
2024-06-21 05:00:00,2,39,0
2024-06-21 06:00:00,5,90,4
2024-06-21 07:00:00,44,236,6
2024-06-21 08:00:00,12,69,0
2024-06-21 09:00:00,7,67,0
2024-06-21 10:00:00,11,58,0
2024-06-21 11:00:00,9,54,1
2024-06-21 12:00:00,14,75,0
2024-06-21 13:00:00,18,114,2
2024-06-21 14:00:00,60,169,5
2024-06-21 15:00:00,11,95,2
2024-06-21 16:00:00,10,81,6
2024-06-21 17:00:00,12,105,0
2024-06-21 18:00:00,15,74,0
2024-06-21 19:00:00,4,64,0
2024-06-21 20:00:00,1,51,0
2024-06-21 21:00:00,4,40,2
2024-06-21 22:00:00,3,28,0
2024-06-21 23:00:00,0,12,0
2024-06-22 00:00:00,1,5,0
2024-06-22 01:00:00,0,2,0
2024-06-22 02:00:00,0,4,0
2024-06-22 03:00:00,1,11,0
2024-06-22 04:00:00,1,10,0
2024-06-22 05:00:00,0,5,0
2024-06-22 06:00:00,6,15,0
2024-06-22 07:00:00,3,29,0
2024-06-22 08:00:00,1,47,1
2024-06-22 09:00:00,10,63,1
2024-06-22 10:00:00,7,84,1
2024-06-22 11:00:00,10,85,12
2024-06-22 12:00:00,7,68,1
2024-06-22 13:00:00,17,75,1
2024-06-22 14:00:00,11,70,0
2024-06-22 15:00:00,12,79,1
2024-06-22 16:00:00,13,64,4
2024-06-22 17:00:00,5,76,3
2024-06-22 18:00:00,3,72,3
2024-06-22 19:00:00,2,57,3
2024-06-22 20:00:00,3,38,2
2024-06-22 21:00:00,9,36,0
2024-06-22 22:00:00,4,45,0
2024-06-22 23:00:00,4,11,1
2024-06-23 00:00:00,0,18,0
2024-06-23 01:00:00,5,14,1
2024-06-23 02:00:00,3,4,2
2024-06-23 03:00:00,0,3,0
2024-06-23 04:00:00,0,7,0
2024-06-23 05:00:00,0,8,0
2024-06-23 06:00:00,6,23,0
2024-06-23 07:00:00,5,24,0
2024-06-23 08:00:00,3,34,0
2024-06-23 09:00:00,15,52,2
2024-06-23 10:00:00,8,66,4
2024-06-23 11:00:00,9,74,0
2024-06-23 12:00:00,15,70,1
2024-06-23 13:00:00,10,72,5
2024-06-23 14:00:00,6,60,5
2024-06-23 15:00:00,4,78,0
2024-06-23 16:00:00,12,83,5
2024-06-23 17:00:00,2,74,3
2024-06-23 18:00:00,5,51,0
2024-06-23 19:00:00,9,42,0
2024-06-23 20:00:00,3,31,0
2024-06-23 21:00:00,1,28,0
2024-06-23 22:00:00,6,15,1
2024-06-23 23:00:00,4,27,0
2024-06-24 00:00:00,3,7,0
2024-06-24 01:00:00,0,4,0
2024-06-24 02:00:00,0,4,0
2024-06-24 03:00:00,2,9,0
2024-06-24 04:00:00,2,15,1
2024-06-24 05:00:00,2,34,0
2024-06-24 06:00:00,10,107,2
2024-06-24 07:00:00,49,275,3
2024-06-24 08:00:00,9,71,3
2024-06-24 09:00:00,4,34,0
2024-06-24 10:00:00,11,46,0
2024-06-24 11:00:00,15,61,2
2024-06-24 12:00:00,8,52,3
2024-06-24 13:00:00,11,127,0
2024-06-24 14:00:00,72,133,2
2024-06-24 15:00:00,23,108,11
2024-06-24 16:00:00,16,86,3
2024-06-24 17:00:00,16,103,2
2024-06-24 18:00:00,13,62,4
2024-06-24 19:00:00,3,58,0
2024-06-24 20:00:00,2,41,1
2024-06-24 21:00:00,4,26,1
2024-06-24 22:00:00,0,17,0
2024-06-24 23:00:00,0,4,0
2024-06-25 00:00:00,0,6,0
2024-06-25 01:00:00,0,5,0
2024-06-25 02:00:00,0,4,0
2024-06-25 03:00:00,2,8,1
2024-06-25 04:00:00,2,18,0
2024-06-25 05:00:00,3,40,0
2024-06-25 06:00:00,9,104,2
2024-06-25 07:00:00,61,248,5
2024-06-25 08:00:00,12,61,6
2024-06-25 09:00:00,7,47,1
2024-06-25 10:00:00,9,46,0
2024-06-25 11:00:00,13,59,0
2024-06-25 12:00:00,9,62,0
2024-06-25 13:00:00,25,127,0
2024-06-25 14:00:00,65,173,6
2024-06-25 15:00:00,13,98,6
2024-06-25 16:00:00,16,102,2
2024-06-25 17:00:00,21,114,3
2024-06-25 18:00:00,10,86,0
2024-06-25 19:00:00,8,56,3
2024-06-25 20:00:00,9,36,1
2024-06-25 21:00:00,2,44,4
2024-06-25 22:00:00,1,21,0
2024-06-25 23:00:00,0,7,0
2024-06-26 00:00:00,0,7,0
2024-06-26 01:00:00,0,2,0
2024-06-26 02:00:00,0,6,0
2024-06-26 03:00:00,2,5,1
2024-06-26 04:00:00,2,21,0
2024-06-26 05:00:00,3,33,0
2024-06-26 06:00:00,19,107,4
2024-06-26 07:00:00,37,258,3
2024-06-26 08:00:00,11,62,0
2024-06-26 09:00:00,12,43,3
2024-06-26 10:00:00,11,67,2
2024-06-26 11:00:00,25,61,0
2024-06-26 12:00:00,10,53,7
2024-06-26 13:00:00,20,121,1
2024-06-26 14:00:00,50,154,2
2024-06-26 15:00:00,9,106,8
2024-06-26 16:00:00,10,84,1
2024-06-26 17:00:00,16,71,5
2024-06-26 18:00:00,24,79,4
2024-06-26 19:00:00,7,71,2
2024-06-26 20:00:00,11,38,1
2024-06-26 21:00:00,1,32,2
2024-06-26 22:00:00,0,12,0
2024-06-26 23:00:00,0,5,0
2024-06-27 00:00:00,0,5,0
2024-06-27 01:00:00,0,2,0
2024-06-27 02:00:00,1,4,0
2024-06-27 03:00:00,0,8,1
2024-06-27 04:00:00,3,17,0
2024-06-27 05:00:00,4,24,0
2024-06-27 06:00:00,14,99,2
2024-06-27 07:00:00,41,248,4
2024-06-27 08:00:00,6,47,1
2024-06-27 09:00:00,7,45,2
2024-06-27 10:00:00,13,51,1
2024-06-27 11:00:00,10,49,0
2024-06-27 12:00:00,18,79,1
2024-06-27 13:00:00,22,129,0
2024-06-27 14:00:00,70,186,5
2024-06-27 15:00:00,8,95,5
2024-06-27 16:00:00,19,93,0
2024-06-27 17:00:00,10,104,1
2024-06-27 18:00:00,4,90,1
2024-06-27 19:00:00,14,70,0
2024-06-27 20:00:00,7,45,1
2024-06-27 21:00:00,0,35,3
2024-06-27 22:00:00,0,19,1
2024-06-27 23:00:00,0,5,0
2024-06-28 00:00:00,1,4,0
2024-06-28 01:00:00,0,1,1
2024-06-28 02:00:00,0,4,0
2024-06-28 03:00:00,0,7,1
2024-06-28 04:00:00,1,15,0
2024-06-28 05:00:00,4,29,0
2024-06-28 06:00:00,7,75,2
2024-06-28 07:00:00,13,91,4
2024-06-28 08:00:00,9,46,0
2024-06-28 09:00:00,9,41,1
2024-06-28 10:00:00,5,54,0
2024-06-28 11:00:00,14,72,1
2024-06-28 12:00:00,12,72,0
2024-06-28 13:00:00,14,80,0
2024-06-28 14:00:00,32,99,2
2024-06-28 15:00:00,20,95,3
2024-06-28 16:00:00,11,101,3
2024-06-28 17:00:00,5,89,2
2024-06-28 18:00:00,8,85,2
2024-06-28 19:00:00,5,65,0
2024-06-28 20:00:00,8,40,0
2024-06-28 21:00:00,2,34,1
2024-06-28 22:00:00,2,27,0
2024-06-28 23:00:00,1,14,0
2024-06-29 00:00:00,1,6,0
2024-06-29 01:00:00,0,7,0
2024-06-29 02:00:00,0,4,0
2024-06-29 03:00:00,1,4,0
2024-06-29 04:00:00,0,8,1
2024-06-29 05:00:00,1,9,0
2024-06-29 06:00:00,1,18,0
2024-06-29 07:00:00,3,31,1
2024-06-29 08:00:00,11,52,0
2024-06-29 09:00:00,9,55,0
2024-06-29 10:00:00,8,81,0
2024-06-29 11:00:00,10,83,1
2024-06-29 12:00:00,7,68,2
2024-06-29 13:00:00,6,78,3
2024-06-29 14:00:00,6,63,3
2024-06-29 15:00:00,4,63,2
2024-06-29 16:00:00,7,89,6
2024-06-29 17:00:00,6,58,2
2024-06-29 18:00:00,1,68,3
2024-06-29 19:00:00,2,70,0
2024-06-29 20:00:00,4,47,0
2024-06-29 21:00:00,5,29,3
2024-06-29 22:00:00,2,25,0
2024-06-29 23:00:00,1,25,0
2024-06-30 00:00:00,0,14,0
2024-06-30 01:00:00,3,8,0
2024-06-30 02:00:00,0,7,0
2024-06-30 03:00:00,0,8,0
2024-06-30 04:00:00,0,9,0
2024-06-30 05:00:00,1,17,0
2024-06-30 06:00:00,3,16,0
2024-06-30 07:00:00,6,20,1
2024-06-30 08:00:00,7,39,0
2024-06-30 09:00:00,6,49,1
2024-06-30 10:00:00,2,69,0
2024-06-30 11:00:00,4,56,4
2024-06-30 12:00:00,3,74,2
2024-06-30 13:00:00,4,70,2
2024-06-30 14:00:00,10,78,1
2024-06-30 15:00:00,10,85,1
2024-06-30 16:00:00,6,47,2
2024-06-30 17:00:00,5,47,1
2024-06-30 18:00:00,6,43,1
2024-06-30 19:00:00,4,45,0
2024-06-30 20:00:00,3,21,2
2024-06-30 21:00:00,2,30,2
2024-06-30 22:00:00,4,17,0
2024-06-30 23:00:00,0,4,0
2024-07-01 00:00:00,1,4,0
2024-07-01 01:00:00,0,1,0
2024-07-01 02:00:00,1,3,0
2024-07-01 03:00:00,1,6,1
2024-07-01 04:00:00,2,14,0
2024-07-01 05:00:00,2,28,0
2024-07-01 06:00:00,13,102,1
2024-07-01 07:00:00,43,234,3
2024-07-01 08:00:00,3,62,1
2024-07-01 09:00:00,8,43,1
2024-07-01 10:00:00,10,54,0
2024-07-01 11:00:00,13,57,1
2024-07-01 12:00:00,15,59,3
2024-07-01 13:00:00,27,122,1
2024-07-01 14:00:00,71,152,5
2024-07-01 15:00:00,9,99,9
2024-07-01 16:00:00,9,91,2
2024-07-01 17:00:00,17,88,3
2024-07-01 18:00:00,12,58,3
2024-07-01 19:00:00,12,42,1
2024-07-01 20:00:00,3,34,0
2024-07-01 21:00:00,2,29,0
2024-07-01 22:00:00,0,12,0
2024-07-01 23:00:00,3,6,0
2024-07-02 00:00:00,0,4,1
2024-07-02 01:00:00,0,3,0
2024-07-02 02:00:00,0,5,0
2024-07-02 03:00:00,0,4,0
2024-07-02 04:00:00,2,15,0
2024-07-02 05:00:00,1,39,1
2024-07-02 06:00:00,10,103,2
2024-07-02 07:00:00,40,239,3
2024-07-02 08:00:00,29,64,3
2024-07-02 09:00:00,8,50,1
2024-07-02 10:00:00,18,36,1
2024-07-02 11:00:00,11,52,2
2024-07-02 12:00:00,12,56,1
2024-07-02 13:00:00,31,118,0
2024-07-02 14:00:00,66,143,2
2024-07-02 15:00:00,18,101,5
2024-07-02 16:00:00,20,81,4
2024-07-02 17:00:00,13,80,5
2024-07-02 18:00:00,22,70,3
2024-07-02 19:00:00,4,54,0
2024-07-02 20:00:00,4,40,0
2024-07-02 21:00:00,1,39,1
2024-07-02 22:00:00,2,16,0
2024-07-02 23:00:00,2,5,0
2024-07-03 00:00:00,0,0,0
2024-07-03 01:00:00,0,2,0
2024-07-03 02:00:00,0,3,0
2024-07-03 03:00:00,2,4,0
2024-07-03 04:00:00,2,15,0
2024-07-03 05:00:00,0,26,0
2024-07-03 06:00:00,14,100,1
2024-07-03 07:00:00,41,268,6
2024-07-03 08:00:00,7,80,0
2024-07-03 09:00:00,5,50,0
2024-07-03 10:00:00,9,48,0
2024-07-03 11:00:00,12,59,0
2024-07-03 12:00:00,5,77,0
2024-07-03 13:00:00,28,133,1
2024-07-03 14:00:00,36,144,1
2024-07-03 15:00:00,19,106,3
2024-07-03 16:00:00,17,91,2
2024-07-03 17:00:00,16,104,1
2024-07-03 18:00:00,6,62,0
2024-07-03 19:00:00,10,47,1
2024-07-03 20:00:00,3,31,0
2024-07-03 21:00:00,4,28,1
2024-07-03 22:00:00,1,11,2
2024-07-03 23:00:00,1,3,0
2024-07-04 00:00:00,0,3,0
2024-07-04 01:00:00,0,1,0
2024-07-04 02:00:00,0,1,0
2024-07-04 03:00:00,1,4,1
2024-07-04 04:00:00,2,14,0
2024-07-04 05:00:00,2,40,0
2024-07-04 06:00:00,12,105,4
2024-07-04 07:00:00,64,263,5
2024-07-04 08:00:00,8,64,1
2024-07-04 09:00:00,10,42,1
2024-07-04 10:00:00,10,49,3
2024-07-04 11:00:00,16,54,2
2024-07-04 12:00:00,15,73,1
2024-07-04 13:00:00,42,128,1
2024-07-04 14:00:00,46,179,5
2024-07-04 15:00:00,19,92,7
2024-07-04 16:00:00,8,93,3
2024-07-04 17:00:00,17,104,11
2024-07-04 18:00:00,9,82,2
2024-07-04 19:00:00,4,55,2
2024-07-04 20:00:00,5,41,0
2024-07-04 21:00:00,2,33,0
2024-07-04 22:00:00,0,25,0
2024-07-04 23:00:00,0,9,0
2024-07-05 00:00:00,2,3,0
2024-07-05 01:00:00,1,6,0
2024-07-05 02:00:00,0,2,0
2024-07-05 03:00:00,1,6,0
2024-07-05 04:00:00,3,15,1
2024-07-05 05:00:00,0,29,1
2024-07-05 06:00:00,8,104,3
2024-07-05 07:00:00,35,239,3
2024-07-05 08:00:00,5,73,2
2024-07-05 09:00:00,4,40,0
2024-07-05 10:00:00,15,65,0
2024-07-05 11:00:00,13,69,1
2024-07-05 12:00:00,10,62,0
2024-07-05 13:00:00,12,129,3
2024-07-05 14:00:00,47,191,6
2024-07-05 15:00:00,4,92,1
2024-07-05 16:00:00,12,118,0
2024-07-05 17:00:00,7,92,7
2024-07-05 18:00:00,3,69,2
2024-07-05 19:00:00,6,42,0
2024-07-05 20:00:00,2,46,1
2024-07-05 21:00:00,0,23,2
2024-07-05 22:00:00,4,20,0
2024-07-05 23:00:00,2,12,0
2024-07-06 00:00:00,1,14,0
2024-07-06 01:00:00,0,9,0
2024-07-06 02:00:00,1,5,0
2024-07-06 03:00:00,1,3,1
2024-07-06 04:00:00,0,15,0
2024-07-06 05:00:00,0,12,0
2024-07-06 06:00:00,0,18,0
2024-07-06 07:00:00,1,28,0
2024-07-06 08:00:00,4,47,0
2024-07-06 09:00:00,10,55,2
2024-07-06 10:00:00,8,73,0
2024-07-06 11:00:00,7,78,2
2024-07-06 12:00:00,2,84,0
2024-07-06 13:00:00,7,77,1
2024-07-06 14:00:00,5,77,1
2024-07-06 15:00:00,10,74,1
2024-07-06 16:00:00,4,61,1
2024-07-06 17:00:00,6,57,3
2024-07-06 18:00:00,7,59,10
2024-07-06 19:00:00,5,50,0
2024-07-06 20:00:00,7,41,2
2024-07-06 21:00:00,1,31,1
2024-07-06 22:00:00,2,17,1
2024-07-06 23:00:00,1,17,1
2024-07-07 00:00:00,1,13,0
2024-07-07 01:00:00,0,9,0
2024-07-07 02:00:00,0,8,0
2024-07-07 03:00:00,1,6,0
2024-07-07 04:00:00,2,6,1
2024-07-07 05:00:00,0,13,0
2024-07-07 06:00:00,1,12,0
2024-07-07 07:00:00,2,11,0
2024-07-07 08:00:00,3,35,2
2024-07-07 09:00:00,3,54,0
2024-07-07 10:00:00,10,75,1
2024-07-07 11:00:00,10,81,1
2024-07-07 12:00:00,7,79,0
2024-07-07 13:00:00,10,68,1
2024-07-07 14:00:00,15,71,2
2024-07-07 15:00:00,17,58,1
2024-07-07 16:00:00,10,48,2
2024-07-07 17:00:00,8,59,4
2024-07-07 18:00:00,5,51,12
2024-07-07 19:00:00,0,56,0
2024-07-07 20:00:00,3,35,6
2024-07-07 21:00:00,1,21,4
2024-07-07 22:00:00,8,5,3
2024-07-07 23:00:00,3,9,1
2024-07-08 00:00:00,0,3,0
2024-07-08 01:00:00,0,5,0
2024-07-08 02:00:00,0,2,0
2024-07-08 03:00:00,6,4,1
2024-07-08 04:00:00,2,18,0
2024-07-08 05:00:00,3,31,1
2024-07-08 06:00:00,13,96,1
2024-07-08 07:00:00,37,243,2
2024-07-08 08:00:00,23,67,1
2024-07-08 09:00:00,8,36,2
2024-07-08 10:00:00,20,55,1
2024-07-08 11:00:00,15,58,1
2024-07-08 12:00:00,12,55,4
2024-07-08 13:00:00,19,125,0
2024-07-08 14:00:00,60,154,9
2024-07-08 15:00:00,7,88,5
2024-07-08 16:00:00,6,95,0
2024-07-08 17:00:00,6,95,1
2024-07-08 18:00:00,4,67,1
2024-07-08 19:00:00,3,54,0
2024-07-08 20:00:00,3,40,2
2024-07-08 21:00:00,0,29,27
2024-07-08 22:00:00,0,7,0
2024-07-08 23:00:00,0,4,0
2024-07-09 00:00:00,2,4,4
2024-07-09 01:00:00,0,1,0
2024-07-09 02:00:00,2,7,7
2024-07-09 03:00:00,0,6,0
2024-07-09 04:00:00,2,17,0
2024-07-09 05:00:00,2,40,0
2024-07-09 06:00:00,10,107,4
2024-07-09 07:00:00,41,248,4
2024-07-09 08:00:00,3,51,1
2024-07-09 09:00:00,9,46,0
2024-07-09 10:00:00,11,41,0
2024-07-09 11:00:00,9,58,0
2024-07-09 12:00:00,15,56,1
2024-07-09 13:00:00,19,103,0
2024-07-09 14:00:00,74,170,5
2024-07-09 15:00:00,13,102,4
2024-07-09 16:00:00,19,84,6
2024-07-09 17:00:00,14,94,2
2024-07-09 18:00:00,9,82,0
2024-07-09 19:00:00,7,44,0
2024-07-09 20:00:00,4,34,0
2024-07-09 21:00:00,5,29,1
2024-07-09 22:00:00,2,14,2
2024-07-09 23:00:00,0,4,0
2024-07-10 00:00:00,4,7,0
2024-07-10 01:00:00,0,0,0
2024-07-10 02:00:00,0,6,0
2024-07-10 03:00:00,0,7,0
2024-07-10 04:00:00,0,19,0
2024-07-10 05:00:00,1,38,0
2024-07-10 06:00:00,12,95,4
2024-07-10 07:00:00,42,258,3
2024-07-10 08:00:00,8,72,0
2024-07-10 09:00:00,6,57,0
2024-07-10 10:00:00,7,35,1
2024-07-10 11:00:00,18,59,4
2024-07-10 12:00:00,6,51,0
2024-07-10 13:00:00,10,108,3
2024-07-10 14:00:00,47,152,5
2024-07-10 15:00:00,11,104,6
2024-07-10 16:00:00,16,97,0
2024-07-10 17:00:00,21,104,1
2024-07-10 18:00:00,9,74,1
2024-07-10 19:00:00,5,44,1
2024-07-10 20:00:00,5,28,0
2024-07-10 21:00:00,5,47,3
2024-07-10 22:00:00,0,29,1
2024-07-10 23:00:00,1,5,0
2024-07-11 00:00:00,0,6,0
2024-07-11 01:00:00,1,3,0
2024-07-11 02:00:00,0,6,0
2024-07-11 03:00:00,0,8,0
2024-07-11 04:00:00,2,19,0
2024-07-11 05:00:00,2,26,1
2024-07-11 06:00:00,9,101,2
2024-07-11 07:00:00,51,260,10
2024-07-11 08:00:00,10,63,3
2024-07-11 09:00:00,8,39,1
2024-07-11 10:00:00,14,52,0
2024-07-11 11:00:00,10,38,1
2024-07-11 12:00:00,20,63,0
2024-07-11 13:00:00,26,128,1
2024-07-11 14:00:00,68,158,6
2024-07-11 15:00:00,6,94,1
2024-07-11 16:00:00,11,87,1
2024-07-11 17:00:00,18,104,4
2024-07-11 18:00:00,8,78,1
2024-07-11 19:00:00,22,82,2
2024-07-11 20:00:00,5,46,0
2024-07-11 21:00:00,1,37,3
2024-07-11 22:00:00,1,15,0
2024-07-11 23:00:00,0,5,0
2024-07-12 00:00:00,0,6,1
2024-07-12 01:00:00,0,2,0
2024-07-12 02:00:00,0,6,4
2024-07-12 03:00:00,0,4,0
2024-07-12 04:00:00,2,13,0
2024-07-12 05:00:00,3,30,0
2024-07-12 06:00:00,9,91,1
2024-07-12 07:00:00,47,232,4
2024-07-12 08:00:00,10,67,0
2024-07-12 09:00:00,5,49,0
2024-07-12 10:00:00,6,51,0
2024-07-12 11:00:00,10,57,2
2024-07-12 12:00:00,3,46,0
2024-07-12 13:00:00,12,137,0
2024-07-12 14:00:00,38,179,3
2024-07-12 15:00:00,12,87,1
2024-07-12 16:00:00,10,99,1
2024-07-12 17:00:00,13,85,1
2024-07-12 18:00:00,6,67,2
2024-07-12 19:00:00,6,64,1
2024-07-12 20:00:00,1,41,3
2024-07-12 21:00:00,5,43,3
2024-07-12 22:00:00,2,14,1
2024-07-12 23:00:00,1,16,0
2024-07-13 00:00:00,0,6,0
2024-07-13 01:00:00,0,3,0
2024-07-13 02:00:00,1,3,0
2024-07-13 03:00:00,1,5,0
2024-07-13 04:00:00,1,11,0
2024-07-13 05:00:00,1,9,0
2024-07-13 06:00:00,7,15,0
2024-07-13 07:00:00,3,36,1
2024-07-13 08:00:00,6,50,0
2024-07-13 09:00:00,4,74,0
2024-07-13 10:00:00,6,84,1
2024-07-13 11:00:00,11,96,0
2024-07-13 12:00:00,17,73,1
2024-07-13 13:00:00,12,72,4
2024-07-13 14:00:00,10,93,2
2024-07-13 15:00:00,17,72,2
2024-07-13 16:00:00,5,78,20
2024-07-13 17:00:00,7,75,5
2024-07-13 18:00:00,10,80,2
2024-07-13 19:00:00,7,60,0
2024-07-13 20:00:00,4,62,0
2024-07-13 21:00:00,5,36,1
2024-07-13 22:00:00,4,28,0
2024-07-13 23:00:00,0,20,0
2024-07-14 00:00:00,0,16,0
2024-07-14 01:00:00,1,9,0
2024-07-14 02:00:00,2,5,1
2024-07-14 03:00:00,2,12,0
2024-07-14 04:00:00,2,3,0
2024-07-14 05:00:00,3,14,0
2024-07-14 06:00:00,3,14,0
2024-07-14 07:00:00,0,15,0
2024-07-14 08:00:00,4,33,0
2024-07-14 09:00:00,6,57,2
2024-07-14 10:00:00,7,70,1
2024-07-14 11:00:00,7,65,3
2024-07-14 12:00:00,11,59,7
2024-07-14 13:00:00,7,88,3
2024-07-14 14:00:00,9,74,3
2024-07-14 15:00:00,13,57,2
2024-07-14 16:00:00,6,66,1
2024-07-14 17:00:00,10,68,0
2024-07-14 18:00:00,3,49,1
2024-07-14 19:00:00,10,30,0
2024-07-14 20:00:00,3,21,0
2024-07-14 21:00:00,6,58,1
2024-07-14 22:00:00,1,33,0
2024-07-14 23:00:00,2,20,0
2024-07-15 00:00:00,1,10,1
2024-07-15 01:00:00,0,8,0
2024-07-15 02:00:00,0,4,0
2024-07-15 03:00:00,1,5,0
2024-07-15 04:00:00,2,13,0
2024-07-15 05:00:00,1,29,0
2024-07-15 06:00:00,15,105,1
2024-07-15 07:00:00,49,228,4
2024-07-15 08:00:00,13,68,2
2024-07-15 09:00:00,9,55,2
2024-07-15 10:00:00,13,35,0
2024-07-15 11:00:00,5,49,0
2024-07-15 12:00:00,6,54,3
2024-07-15 13:00:00,17,106,4
2024-07-15 14:00:00,55,160,5
2024-07-15 15:00:00,4,96,4
2024-07-15 16:00:00,7,104,0
2024-07-15 17:00:00,7,83,3
2024-07-15 18:00:00,14,75,2
2024-07-15 19:00:00,6,44,0
2024-07-15 20:00:00,1,34,0
2024-07-15 21:00:00,3,22,0
2024-07-15 22:00:00,4,12,0
2024-07-15 23:00:00,0,5,0
2024-07-16 00:00:00,1,2,0
2024-07-16 01:00:00,0,3,2
2024-07-16 02:00:00,0,4,0
2024-07-16 03:00:00,0,4,0
2024-07-16 04:00:00,3,20,0
2024-07-16 05:00:00,0,26,0
2024-07-16 06:00:00,14,92,3
2024-07-16 07:00:00,42,227,5
2024-07-16 08:00:00,7,55,1
2024-07-16 09:00:00,5,54,3
2024-07-16 10:00:00,9,43,1
2024-07-16 11:00:00,14,53,0
2024-07-16 12:00:00,6,64,1
2024-07-16 13:00:00,16,113,3
2024-07-16 14:00:00,59,167,4
2024-07-16 15:00:00,13,84,4
2024-07-16 16:00:00,21,103,2
2024-07-16 17:00:00,15,90,1
2024-07-16 18:00:00,7,55,5
2024-07-16 19:00:00,4,39,0
2024-07-16 20:00:00,7,35,1
2024-07-16 21:00:00,2,36,3
2024-07-16 22:00:00,0,15,0
2024-07-16 23:00:00,1,5,0
2024-07-17 00:00:00,1,1,0
2024-07-17 01:00:00,0,2,1
2024-07-17 02:00:00,0,3,0
2024-07-17 03:00:00,1,2,0
2024-07-17 04:00:00,6,21,0
2024-07-17 05:00:00,8,32,0
2024-07-17 06:00:00,17,88,4
2024-07-17 07:00:00,48,264,5
2024-07-17 08:00:00,11,53,1
2024-07-17 09:00:00,3,59,0
2024-07-17 10:00:00,9,44,0
2024-07-17 11:00:00,17,86,2
2024-07-17 12:00:00,11,55,2
2024-07-17 13:00:00,15,110,2
2024-07-17 14:00:00,61,148,8
2024-07-17 15:00:00,16,88,8
2024-07-17 16:00:00,16,101,3
2024-07-17 17:00:00,9,102,1
2024-07-17 18:00:00,13,71,5
2024-07-17 19:00:00,21,47,2
2024-07-17 20:00:00,2,38,3
2024-07-17 21:00:00,5,25,0
2024-07-17 22:00:00,0,15,0
2024-07-17 23:00:00,2,5,1
2024-07-18 00:00:00,0,0,3
2024-07-18 01:00:00,0,1,0
2024-07-18 02:00:00,0,4,0
2024-07-18 03:00:00,2,5,1
2024-07-18 04:00:00,3,19,0
2024-07-18 05:00:00,0,27,0
2024-07-18 06:00:00,11,94,4
2024-07-18 07:00:00,43,258,3
2024-07-18 08:00:00,7,69,1
2024-07-18 09:00:00,7,43,1
2024-07-18 10:00:00,23,67,3
2024-07-18 11:00:00,6,58,0
2024-07-18 12:00:00,18,70,1
2024-07-18 13:00:00,23,127,2
2024-07-18 14:00:00,68,167,9
2024-07-18 15:00:00,16,108,1
2024-07-18 16:00:00,12,106,6
2024-07-18 17:00:00,13,108,1
2024-07-18 18:00:00,11,81,2
2024-07-18 19:00:00,8,54,5
2024-07-18 20:00:00,10,59,1
2024-07-18 21:00:00,2,26,1
2024-07-18 22:00:00,0,18,0
2024-07-18 23:00:00,0,8,0
2024-07-19 00:00:00,0,6,0
2024-07-19 01:00:00,1,5,1
2024-07-19 02:00:00,2,2,0
2024-07-19 03:00:00,4,7,0
2024-07-19 04:00:00,7,14,0
2024-07-19 05:00:00,1,25,0
2024-07-19 06:00:00,15,106,2
2024-07-19 07:00:00,48,233,8
2024-07-19 08:00:00,9,61,2
2024-07-19 09:00:00,7,38,1
2024-07-19 10:00:00,6,62,0
2024-07-19 11:00:00,55,130,2
2024-07-19 12:00:00,8,61,0
2024-07-19 13:00:00,17,112,7
2024-07-19 14:00:00,20,94,2
2024-07-19 15:00:00,16,80,2
2024-07-19 16:00:00,13,89,2
2024-07-19 17:00:00,5,90,2
2024-07-19 18:00:00,8,60,1
2024-07-19 19:00:00,10,62,0
2024-07-19 20:00:00,7,54,1
2024-07-19 21:00:00,2,37,2
2024-07-19 22:00:00,0,22,0
2024-07-19 23:00:00,3,16,3
2024-07-20 00:00:00,0,9,0
2024-07-20 01:00:00,0,7,0
2024-07-20 02:00:00,0,5,1
2024-07-20 03:00:00,1,10,2
2024-07-20 04:00:00,0,11,0
2024-07-20 05:00:00,0,16,0
2024-07-20 06:00:00,4,20,0
2024-07-20 07:00:00,3,31,1
2024-07-20 08:00:00,7,45,1
2024-07-20 09:00:00,8,69,0
2024-07-20 10:00:00,4,60,2
2024-07-20 11:00:00,4,76,0
2024-07-20 12:00:00,8,65,0
2024-07-20 13:00:00,5,63,0
2024-07-20 14:00:00,6,69,3
2024-07-20 15:00:00,13,69,1
2024-07-20 16:00:00,2,69,1
2024-07-20 17:00:00,5,72,2
2024-07-20 18:00:00,11,62,3
2024-07-20 19:00:00,2,48,1
2024-07-20 20:00:00,7,50,3
2024-07-20 21:00:00,6,36,0
2024-07-20 22:00:00,3,22,1
2024-07-20 23:00:00,1,20,0
2024-07-21 00:00:00,0,12,0
2024-07-21 01:00:00,1,7,1
2024-07-21 02:00:00,0,7,0
2024-07-21 03:00:00,0,6,0
2024-07-21 04:00:00,1,7,1
2024-07-21 05:00:00,3,12,0
2024-07-21 06:00:00,6,8,0
2024-07-21 07:00:00,0,14,0
2024-07-21 08:00:00,6,39,0
2024-07-21 09:00:00,7,57,0
2024-07-21 10:00:00,7,69,0
2024-07-21 11:00:00,9,75,0
2024-07-21 12:00:00,11,59,2
2024-07-21 13:00:00,12,86,1
2024-07-21 14:00:00,8,77,3
2024-07-21 15:00:00,6,72,3
2024-07-21 16:00:00,5,51,5
2024-07-21 17:00:00,5,50,1
2024-07-21 18:00:00,3,55,8
2024-07-21 19:00:00,1,49,5
2024-07-21 20:00:00,8,54,2
2024-07-21 21:00:00,0,25,1
2024-07-21 22:00:00,1,16,1
2024-07-21 23:00:00,0,4,0
2024-07-22 00:00:00,0,4,1
2024-07-22 01:00:00,0,2,0
2024-07-22 02:00:00,0,2,0
2024-07-22 03:00:00,0,4,1
2024-07-22 04:00:00,2,13,0
2024-07-22 05:00:00,1,26,0
2024-07-22 06:00:00,7,66,1
2024-07-22 07:00:00,10,98,2
2024-07-22 08:00:00,5,54,0
2024-07-22 09:00:00,2,34,0
2024-07-22 10:00:00,6,40,1
2024-07-22 11:00:00,17,43,1
2024-07-22 12:00:00,15,56,0
2024-07-22 13:00:00,9,64,3
2024-07-22 14:00:00,24,101,6
2024-07-22 15:00:00,14,69,2
2024-07-22 16:00:00,13,96,8
2024-07-22 17:00:00,22,92,1
2024-07-22 18:00:00,35,86,5
2024-07-22 19:00:00,8,47,0
2024-07-22 20:00:00,9,38,7
2024-07-22 21:00:00,5,17,3
2024-07-22 22:00:00,0,14,1
2024-07-22 23:00:00,3,7,0
2024-07-23 00:00:00,0,2,0
2024-07-23 01:00:00,0,3,0
2024-07-23 02:00:00,0,4,1
2024-07-23 03:00:00,0,5,0
2024-07-23 04:00:00,3,13,0
2024-07-23 05:00:00,2,31,0
2024-07-23 06:00:00,5,70,3
2024-07-23 07:00:00,11,70,4
2024-07-23 08:00:00,5,52,0
2024-07-23 09:00:00,2,45,0
2024-07-23 10:00:00,11,47,2
2024-07-23 11:00:00,19,46,2
2024-07-23 12:00:00,14,71,2
2024-07-23 13:00:00,13,81,2
2024-07-23 14:00:00,14,69,4
2024-07-23 15:00:00,10,66,2
2024-07-23 16:00:00,27,108,0
2024-07-23 17:00:00,32,117,1
2024-07-23 18:00:00,14,72,5
2024-07-23 19:00:00,24,45,1
2024-07-23 20:00:00,11,51,0
2024-07-23 21:00:00,0,33,7
2024-07-23 22:00:00,1,15,0
2024-07-23 23:00:00,0,7,0
2024-07-24 00:00:00,0,4,0
2024-07-24 01:00:00,0,4,4
2024-07-24 02:00:00,1,1,1
2024-07-24 03:00:00,1,4,6
2024-07-24 04:00:00,6,19,0
2024-07-24 05:00:00,5,33,0
2024-07-24 06:00:00,9,38,1
2024-07-24 07:00:00,3,50,1
2024-07-24 08:00:00,6,38,0
2024-07-24 09:00:00,15,32,0
2024-07-24 10:00:00,4,28,0
2024-07-24 11:00:00,9,47,0
2024-07-24 12:00:00,10,54,2
2024-07-24 13:00:00,14,57,3
2024-07-24 14:00:00,14,56,1
2024-07-24 15:00:00,6,71,3
2024-07-24 16:00:00,8,92,0
2024-07-24 17:00:00,9,105,1
2024-07-24 18:00:00,5,67,5
2024-07-24 19:00:00,4,59,1
2024-07-24 20:00:00,9,39,1
2024-07-24 21:00:00,3,33,0
2024-07-24 22:00:00,1,17,0
2024-07-24 23:00:00,0,11,0
2024-07-25 00:00:00,0,2,0
2024-07-25 01:00:00,0,5,0
2024-07-25 02:00:00,0,3,0
2024-07-25 03:00:00,1,1,3
2024-07-25 04:00:00,2,17,0
2024-07-25 05:00:00,0,32,0
2024-07-25 06:00:00,10,52,3
2024-07-25 07:00:00,13,37,3
2024-07-25 08:00:00,8,41,0
2024-07-25 09:00:00,13,38,1
2024-07-25 10:00:00,6,62,1
2024-07-25 11:00:00,11,52,0
2024-07-25 12:00:00,9,50,2
2024-07-25 13:00:00,10,79,3
2024-07-25 14:00:00,15,60,2
2024-07-25 15:00:00,7,72,2
2024-07-25 16:00:00,11,75,0
2024-07-25 17:00:00,32,105,0
2024-07-25 18:00:00,6,72,4
2024-07-25 19:00:00,5,69,1
2024-07-25 20:00:00,3,50,2
2024-07-25 21:00:00,2,27,6
2024-07-25 22:00:00,0,16,2
2024-07-25 23:00:00,3,13,1
2024-07-26 00:00:00,0,4,0
2024-07-26 01:00:00,0,3,1
2024-07-26 02:00:00,0,5,1
2024-07-26 03:00:00,0,4,2
2024-07-26 04:00:00,1,15,0
2024-07-26 05:00:00,1,22,0
2024-07-26 06:00:00,11,37,2
2024-07-26 07:00:00,5,60,1
2024-07-26 08:00:00,6,55,0
2024-07-26 09:00:00,9,41,1
2024-07-26 10:00:00,8,49,1
2024-07-26 11:00:00,9,62,2
2024-07-26 12:00:00,12,74,4
2024-07-26 13:00:00,15,73,2
2024-07-26 14:00:00,10,74,2
2024-07-26 15:00:00,16,79,3
2024-07-26 16:00:00,17,91,4
2024-07-26 17:00:00,8,91,2
2024-07-26 18:00:00,20,75,4
2024-07-26 19:00:00,11,64,0
2024-07-26 20:00:00,9,53,5
2024-07-26 21:00:00,3,32,3
2024-07-26 22:00:00,0,22,1
2024-07-26 23:00:00,1,14,0
2024-07-27 00:00:00,1,9,0
2024-07-27 01:00:00,1,12,0
2024-07-27 02:00:00,0,4,0
2024-07-27 03:00:00,1,12,0
2024-07-27 04:00:00,3,16,0
2024-07-27 05:00:00,0,8,0
2024-07-27 06:00:00,6,21,0
2024-07-27 07:00:00,8,45,1
2024-07-27 08:00:00,8,52,1
2024-07-27 09:00:00,6,64,0
2024-07-27 10:00:00,13,59,0
2024-07-27 11:00:00,10,87,1
2024-07-27 12:00:00,7,68,5
2024-07-27 13:00:00,10,76,0
2024-07-27 14:00:00,6,57,2
2024-07-27 15:00:00,21,80,1
2024-07-27 16:00:00,7,70,4
2024-07-27 17:00:00,4,85,2
2024-07-27 18:00:00,13,65,2
2024-07-27 19:00:00,10,34,6
2024-07-27 20:00:00,3,43,3
2024-07-27 21:00:00,1,46,1
2024-07-27 22:00:00,1,28,0
2024-07-27 23:00:00,0,21,0
2024-07-28 00:00:00,0,11,0
2024-07-28 01:00:00,1,8,0
2024-07-28 02:00:00,0,5,1
2024-07-28 03:00:00,0,8,0
2024-07-28 04:00:00,1,10,0
2024-07-28 05:00:00,0,13,0
2024-07-28 06:00:00,4,10,0
2024-07-28 07:00:00,1,16,1
2024-07-28 08:00:00,7,41,1
2024-07-28 09:00:00,3,66,1
2024-07-28 10:00:00,8,52,0
2024-07-28 11:00:00,4,64,1
2024-07-28 12:00:00,1,81,2
2024-07-28 13:00:00,10,64,1
2024-07-28 14:00:00,9,61,1
2024-07-28 15:00:00,10,61,0
2024-07-28 16:00:00,5,47,1
2024-07-28 17:00:00,8,65,5
2024-07-28 18:00:00,8,52,1
2024-07-28 19:00:00,13,62,0
2024-07-28 20:00:00,10,45,0
2024-07-28 21:00:00,2,25,1
2024-07-28 22:00:00,0,11,1
2024-07-28 23:00:00,4,18,0
2024-07-29 00:00:00,1,4,0
2024-07-29 01:00:00,0,3,2
2024-07-29 02:00:00,1,6,1
2024-07-29 03:00:00,2,7,1
2024-07-29 04:00:00,1,15,0
2024-07-29 05:00:00,1,26,0
2024-07-29 06:00:00,7,48,0
2024-07-29 07:00:00,6,43,3
2024-07-29 08:00:00,16,47,1
2024-07-29 09:00:00,9,42,0
2024-07-29 10:00:00,8,57,2
2024-07-29 11:00:00,3,63,1
2024-07-29 12:00:00,18,47,3
2024-07-29 13:00:00,8,43,3
2024-07-29 14:00:00,10,59,2
2024-07-29 15:00:00,7,54,2
2024-07-29 16:00:00,15,80,3
2024-07-29 17:00:00,18,101,3
2024-07-29 18:00:00,5,60,2
2024-07-29 19:00:00,5,36,1
2024-07-29 20:00:00,5,50,14
2024-07-29 21:00:00,5,22,3
2024-07-29 22:00:00,1,14,1
2024-07-29 23:00:00,2,6,1
2024-07-30 00:00:00,2,1,0
2024-07-30 01:00:00,1,0,1
2024-07-30 02:00:00,0,9,0
2024-07-30 03:00:00,0,2,1
2024-07-30 04:00:00,1,13,0
2024-07-30 05:00:00,0,21,0
2024-07-30 06:00:00,6,41,2
2024-07-30 07:00:00,8,52,4
2024-07-30 08:00:00,16,44,3
2024-07-30 09:00:00,13,38,1
2024-07-30 10:00:00,24,36,3
2024-07-30 11:00:00,8,56,2
2024-07-30 12:00:00,5,46,2
2024-07-30 13:00:00,11,59,1
2024-07-30 14:00:00,4,57,1
2024-07-30 15:00:00,4,67,0
2024-07-30 16:00:00,13,78,1
2024-07-30 17:00:00,10,79,1
2024-07-30 18:00:00,13,53,3
2024-07-30 19:00:00,11,60,4
2024-07-30 20:00:00,1,44,1
2024-07-30 21:00:00,1,37,0
2024-07-30 22:00:00,0,8,2
2024-07-30 23:00:00,0,7,1
2024-07-31 00:00:00,0,5,0
2024-07-31 01:00:00,0,4,6
2024-07-31 02:00:00,0,1,2
2024-07-31 03:00:00,2,0,2
2024-07-31 04:00:00,1,17,0
2024-07-31 05:00:00,1,22,0
2024-07-31 06:00:00,11,51,0
2024-07-31 07:00:00,2,58,3
2024-07-31 08:00:00,7,44,2
2024-07-31 09:00:00,8,38,0
2024-07-31 10:00:00,5,50,1
2024-07-31 11:00:00,3,56,2
2024-07-31 12:00:00,7,66,1
2024-07-31 13:00:00,12,73,1
2024-07-31 14:00:00,6,50,1
2024-07-31 15:00:00,9,57,3
2024-07-31 16:00:00,15,91,0
2024-07-31 17:00:00,12,91,2
2024-07-31 18:00:00,6,64,3
2024-07-31 19:00:00,9,52,0
2024-07-31 20:00:00,14,40,1
2024-07-31 21:00:00,3,31,1
2024-07-31 22:00:00,1,14,0
2024-07-31 23:00:00,1,5,1
2024-08-01 00:00:00,1,5,2
2024-08-01 01:00:00,0,4,1
2024-08-01 02:00:00,1,2,0
2024-08-01 03:00:00,0,6,0
2024-08-01 04:00:00,1,16,0
2024-08-01 05:00:00,1,28,2
2024-08-01 06:00:00,9,44,2
2024-08-01 07:00:00,3,56,2
2024-08-01 08:00:00,2,30,1
2024-08-01 09:00:00,9,47,0
2024-08-01 10:00:00,12,39,1
2024-08-01 11:00:00,12,43,1
2024-08-01 12:00:00,8,48,1
2024-08-01 13:00:00,12,48,0
2024-08-01 14:00:00,12,52,1
2024-08-01 15:00:00,15,63,1
2024-08-01 16:00:00,6,96,0
2024-08-01 17:00:00,13,78,1
2024-08-01 18:00:00,8,71,1
2024-08-01 19:00:00,12,47,1
2024-08-01 20:00:00,13,46,0
2024-08-01 21:00:00,2,29,0
2024-08-01 22:00:00,3,14,3
2024-08-01 23:00:00,1,9,3
2024-08-02 00:00:00,4,3,0
2024-08-02 01:00:00,0,3,0
2024-08-02 02:00:00,1,4,0
2024-08-02 03:00:00,1,6,0
2024-08-02 04:00:00,2,18,0
2024-08-02 05:00:00,3,20,0
2024-08-02 06:00:00,5,50,1
2024-08-02 07:00:00,8,50,5
2024-08-02 08:00:00,12,36,2
2024-08-02 09:00:00,16,59,1
2024-08-02 10:00:00,12,42,0
2024-08-02 11:00:00,14,55,2
2024-08-02 12:00:00,14,47,1
2024-08-02 13:00:00,7,54,1
2024-08-02 14:00:00,9,54,2
2024-08-02 15:00:00,15,89,3
2024-08-02 16:00:00,8,76,2
2024-08-02 17:00:00,11,106,4
2024-08-02 18:00:00,13,63,0
2024-08-02 19:00:00,15,59,1
2024-08-02 20:00:00,5,54,1
2024-08-02 21:00:00,4,39,1
2024-08-02 22:00:00,1,18,1
2024-08-02 23:00:00,0,12,0
2024-08-03 00:00:00,0,5,0
2024-08-03 01:00:00,3,15,1
2024-08-03 02:00:00,0,1,0
2024-08-03 03:00:00,0,8,1
2024-08-03 04:00:00,1,10,1
2024-08-03 05:00:00,0,14,1
2024-08-03 06:00:00,12,24,1
2024-08-03 07:00:00,3,37,5
2024-08-03 08:00:00,4,58,1
2024-08-03 09:00:00,3,69,0
2024-08-03 10:00:00,7,65,0
2024-08-03 11:00:00,13,84,3
2024-08-03 12:00:00,14,79,0
2024-08-03 13:00:00,6,66,0
2024-08-03 14:00:00,8,60,3
2024-08-03 15:00:00,6,57,4
2024-08-03 16:00:00,13,75,2
2024-08-03 17:00:00,7,62,2
2024-08-03 18:00:00,6,53,0
2024-08-03 19:00:00,1,46,0
2024-08-03 20:00:00,1,51,2
2024-08-03 21:00:00,0,30,0
2024-08-03 22:00:00,1,17,2
2024-08-03 23:00:00,0,10,0
2024-08-04 00:00:00,0,11,1
2024-08-04 01:00:00,0,14,0
2024-08-04 02:00:00,0,5,0
2024-08-04 03:00:00,0,4,2
2024-08-04 04:00:00,0,6,1
2024-08-04 05:00:00,1,11,0
2024-08-04 06:00:00,2,5,1
2024-08-04 07:00:00,4,21,1
2024-08-04 08:00:00,12,28,0
2024-08-04 09:00:00,10,50,0
2024-08-04 10:00:00,9,57,1
2024-08-04 11:00:00,8,60,0
2024-08-04 12:00:00,13,59,0
2024-08-04 13:00:00,9,62,1
2024-08-04 14:00:00,21,61,0
2024-08-04 15:00:00,13,58,4
2024-08-04 16:00:00,9,63,3
2024-08-04 17:00:00,18,66,0
2024-08-04 18:00:00,8,43,1
2024-08-04 19:00:00,9,34,0
2024-08-04 20:00:00,1,42,1
2024-08-04 21:00:00,0,30,1
2024-08-04 22:00:00,0,16,1
2024-08-04 23:00:00,1,14,1
2024-08-05 00:00:00,1,3,0
2024-08-05 01:00:00,2,0,2
2024-08-05 02:00:00,0,4,0
2024-08-05 03:00:00,0,3,2
2024-08-05 04:00:00,1,16,1
2024-08-05 05:00:00,3,20,0
2024-08-05 06:00:00,4,53,1
2024-08-05 07:00:00,9,56,2
2024-08-05 08:00:00,6,39,0
2024-08-05 09:00:00,4,48,0
2024-08-05 10:00:00,12,39,0
2024-08-05 11:00:00,11,50,1
2024-08-05 12:00:00,10,65,0
2024-08-05 13:00:00,8,44,0
2024-08-05 14:00:00,8,47,1
2024-08-05 15:00:00,15,70,4
2024-08-05 16:00:00,14,83,3
2024-08-05 17:00:00,2,92,5
2024-08-05 18:00:00,8,67,2
2024-08-05 19:00:00,3,50,1
2024-08-05 20:00:00,4,39,3
2024-08-05 21:00:00,0,21,4
2024-08-05 22:00:00,1,15,1
2024-08-05 23:00:00,0,7,0
2024-08-06 00:00:00,1,1,0
2024-08-06 01:00:00,0,3,2
2024-08-06 02:00:00,1,3,0
2024-08-06 03:00:00,2,3,1
2024-08-06 04:00:00,0,20,1
2024-08-06 05:00:00,2,27,1
2024-08-06 06:00:00,6,50,1
2024-08-06 07:00:00,5,62,2
2024-08-06 08:00:00,4,41,1
2024-08-06 09:00:00,12,35,0
2024-08-06 10:00:00,7,29,1
2024-08-06 11:00:00,5,43,0
2024-08-06 12:00:00,7,46,2
2024-08-06 13:00:00,11,47,1
2024-08-06 14:00:00,24,56,4
2024-08-06 15:00:00,5,66,2
2024-08-06 16:00:00,17,103,2
2024-08-06 17:00:00,13,100,2
2024-08-06 18:00:00,6,60,2
2024-08-06 19:00:00,7,51,0
2024-08-06 20:00:00,2,41,4
2024-08-06 21:00:00,1,30,3
2024-08-06 22:00:00,1,7,0
2024-08-06 23:00:00,0,6,2
2024-08-07 00:00:00,0,1,0
2024-08-07 01:00:00,1,2,0
2024-08-07 02:00:00,0,3,1
2024-08-07 03:00:00,1,1,1
2024-08-07 04:00:00,1,18,1
2024-08-07 05:00:00,7,30,0
2024-08-07 06:00:00,4,47,0
2024-08-07 07:00:00,4,60,5
2024-08-07 08:00:00,7,33,0
2024-08-07 09:00:00,8,44,1
2024-08-07 10:00:00,9,50,0
2024-08-07 11:00:00,7,46,2
2024-08-07 12:00:00,9,54,0
2024-08-07 13:00:00,4,70,0
2024-08-07 14:00:00,7,52,2
2024-08-07 15:00:00,15,80,3
2024-08-07 16:00:00,11,92,3
2024-08-07 17:00:00,9,104,1
2024-08-07 18:00:00,6,71,1
2024-08-07 19:00:00,6,52,3
2024-08-07 20:00:00,6,38,2
2024-08-07 21:00:00,6,37,3
2024-08-07 22:00:00,0,15,0
2024-08-07 23:00:00,2,9,0
2024-08-08 00:00:00,0,2,1
2024-08-08 01:00:00,0,0,0
2024-08-08 02:00:00,0,1,0
2024-08-08 03:00:00,0,1,2
2024-08-08 04:00:00,0,17,1
2024-08-08 05:00:00,1,30,1
2024-08-08 06:00:00,6,55,1
2024-08-08 07:00:00,4,49,3
2024-08-08 08:00:00,9,38,1
2024-08-08 09:00:00,1,37,1
2024-08-08 10:00:00,19,53,1
2024-08-08 11:00:00,4,47,2
2024-08-08 12:00:00,11,55,1
2024-08-08 13:00:00,10,53,8
2024-08-08 14:00:00,7,50,2
2024-08-08 15:00:00,7,85,2
2024-08-08 16:00:00,5,81,0
2024-08-08 17:00:00,4,93,2
2024-08-08 18:00:00,3,77,0
2024-08-08 19:00:00,5,63,0
2024-08-08 20:00:00,3,47,1
2024-08-08 21:00:00,5,23,2
2024-08-08 22:00:00,1,9,1
2024-08-08 23:00:00,0,11,0
2024-08-09 00:00:00,0,3,0
2024-08-09 01:00:00,0,4,1
2024-08-09 02:00:00,0,4,0
2024-08-09 03:00:00,0,2,2
2024-08-09 04:00:00,1,18,0
2024-08-09 05:00:00,2,20,0
2024-08-09 06:00:00,5,34,1
2024-08-09 07:00:00,5,47,4
2024-08-09 08:00:00,9,58,4
2024-08-09 09:00:00,7,46,1
2024-08-09 10:00:00,8,46,0
2024-08-09 11:00:00,1,51,5
2024-08-09 12:00:00,17,54,2
2024-08-09 13:00:00,8,71,0
2024-08-09 14:00:00,12,68,3
2024-08-09 15:00:00,11,81,3
2024-08-09 16:00:00,8,90,1
2024-08-09 17:00:00,13,90,3
2024-08-09 18:00:00,21,79,13
2024-08-09 19:00:00,5,65,0
2024-08-09 20:00:00,3,42,1
2024-08-09 21:00:00,1,41,0
2024-08-09 22:00:00,1,33,1
2024-08-09 23:00:00,1,20,0
2024-08-10 00:00:00,3,8,1
2024-08-10 01:00:00,0,9,0
2024-08-10 02:00:00,0,4,0
2024-08-10 03:00:00,1,3,1
2024-08-10 04:00:00,0,11,2
2024-08-10 05:00:00,0,13,0
2024-08-10 06:00:00,4,17,0
2024-08-10 07:00:00,4,35,2
2024-08-10 08:00:00,3,56,0
2024-08-10 09:00:00,10,56,0
2024-08-10 10:00:00,7,80,0
2024-08-10 11:00:00,11,70,6
2024-08-10 12:00:00,9,90,1
2024-08-10 13:00:00,10,73,1
2024-08-10 14:00:00,13,74,0
2024-08-10 15:00:00,9,62,0
2024-08-10 16:00:00,13,71,7
2024-08-10 17:00:00,12,82,2
2024-08-10 18:00:00,5,58,0
2024-08-10 19:00:00,13,59,0
2024-08-10 20:00:00,3,36,2
2024-08-10 21:00:00,1,38,0
2024-08-10 22:00:00,2,32,0
2024-08-10 23:00:00,1,23,1
2024-08-11 00:00:00,0,11,0
2024-08-11 01:00:00,1,8,0
2024-08-11 02:00:00,0,15,0
2024-08-11 03:00:00,1,6,0
2024-08-11 04:00:00,0,13,1
2024-08-11 05:00:00,2,8,0
2024-08-11 06:00:00,2,21,0
2024-08-11 07:00:00,7,19,1
2024-08-11 08:00:00,4,39,1
2024-08-11 09:00:00,6,40,1
2024-08-11 10:00:00,14,53,0
2024-08-11 11:00:00,6,91,0
2024-08-11 12:00:00,11,82,3
2024-08-11 13:00:00,3,65,1
2024-08-11 14:00:00,9,57,0
2024-08-11 15:00:00,10,67,1
2024-08-11 16:00:00,6,79,0
2024-08-11 17:00:00,10,54,4
2024-08-11 18:00:00,6,54,6
2024-08-11 19:00:00,10,53,1
2024-08-11 20:00:00,5,39,0
2024-08-11 21:00:00,2,27,0
2024-08-11 22:00:00,4,19,0
2024-08-11 23:00:00,0,12,1
2024-08-12 00:00:00,2,5,1
2024-08-12 01:00:00,1,0,0
2024-08-12 02:00:00,0,3,0
2024-08-12 03:00:00,1,6,1
2024-08-12 04:00:00,2,18,0
2024-08-12 05:00:00,7,25,1
2024-08-12 06:00:00,6,54,0
2024-08-12 07:00:00,3,57,5
2024-08-12 08:00:00,4,31,0
2024-08-12 09:00:00,5,60,1
2024-08-12 10:00:00,5,52,1
2024-08-12 11:00:00,9,60,1
2024-08-12 12:00:00,4,54,3
2024-08-12 13:00:00,12,38,0
2024-08-12 14:00:00,10,58,3
2024-08-12 15:00:00,26,78,4
2024-08-12 16:00:00,18,72,4
2024-08-12 17:00:00,13,86,29
2024-08-12 18:00:00,8,72,5
2024-08-12 19:00:00,3,56,2
2024-08-12 20:00:00,1,52,4
2024-08-12 21:00:00,3,29,1
2024-08-12 22:00:00,2,11,4
2024-08-12 23:00:00,0,8,0
2024-08-13 00:00:00,1,4,1
2024-08-13 01:00:00,0,3,1
2024-08-13 02:00:00,0,5,1
2024-08-13 03:00:00,1,4,0
2024-08-13 04:00:00,2,16,0
2024-08-13 05:00:00,2,36,0
2024-08-13 06:00:00,13,45,3
2024-08-13 07:00:00,3,55,3
2024-08-13 08:00:00,5,35,1
2024-08-13 09:00:00,8,33,3
2024-08-13 10:00:00,6,36,1
2024-08-13 11:00:00,14,46,2
2024-08-13 12:00:00,5,49,1
2024-08-13 13:00:00,11,53,1
2024-08-13 14:00:00,7,48,2
2024-08-13 15:00:00,9,67,2
2024-08-13 16:00:00,9,69,4
2024-08-13 17:00:00,13,96,1
2024-08-13 18:00:00,8,67,2
2024-08-13 19:00:00,10,54,1
2024-08-13 20:00:00,3,36,3
2024-08-13 21:00:00,1,28,114
2024-08-13 22:00:00,1,12,2
2024-08-13 23:00:00,0,5,1
2024-08-14 00:00:00,1,4,4
2024-08-14 01:00:00,1,1,3
2024-08-14 02:00:00,0,2,7
2024-08-14 03:00:00,1,4,26
2024-08-14 04:00:00,0,23,7
2024-08-14 05:00:00,4,21,0
2024-08-14 06:00:00,9,45,0
2024-08-14 07:00:00,5,53,3
2024-08-14 08:00:00,2,43,0
2024-08-14 09:00:00,0,48,2
2024-08-14 10:00:00,18,38,1
2024-08-14 11:00:00,8,50,0
2024-08-14 12:00:00,6,43,0
2024-08-14 13:00:00,13,36,0
2024-08-14 14:00:00,17,47,0
2024-08-14 15:00:00,15,75,7
2024-08-14 16:00:00,17,90,1
2024-08-14 17:00:00,5,72,0
2024-08-14 18:00:00,15,78,3
2024-08-14 19:00:00,7,46,4
2024-08-14 20:00:00,7,44,5
2024-08-14 21:00:00,5,32,2
2024-08-14 22:00:00,0,12,0
2024-08-14 23:00:00,0,8,0
2024-08-15 00:00:00,2,8,0
2024-08-15 01:00:00,2,2,1
2024-08-15 02:00:00,0,3,1
2024-08-15 03:00:00,0,3,1
2024-08-15 04:00:00,0,19,1
2024-08-15 05:00:00,1,27,0
2024-08-15 06:00:00,2,53,1
2024-08-15 07:00:00,3,61,2
2024-08-15 08:00:00,8,41,1
2024-08-15 09:00:00,9,36,2
2024-08-15 10:00:00,6,28,0
2024-08-15 11:00:00,5,43,0
2024-08-15 12:00:00,8,60,5
2024-08-15 13:00:00,6,47,0
2024-08-15 14:00:00,13,66,4
2024-08-15 15:00:00,2,85,3
2024-08-15 16:00:00,18,87,1
2024-08-15 17:00:00,7,111,2
2024-08-15 18:00:00,2,87,3
2024-08-15 19:00:00,2,63,2
2024-08-15 20:00:00,5,41,3
2024-08-15 21:00:00,4,32,2
2024-08-15 22:00:00,1,16,2
2024-08-15 23:00:00,1,8,0
2024-08-16 00:00:00,0,5,0
2024-08-16 01:00:00,0,5,0
2024-08-16 02:00:00,0,4,0
2024-08-16 03:00:00,1,2,3
2024-08-16 04:00:00,0,12,0
2024-08-16 05:00:00,1,17,0
2024-08-16 06:00:00,3,49,1
2024-08-16 07:00:00,7,54,4
2024-08-16 08:00:00,10,44,0
2024-08-16 09:00:00,5,50,2
2024-08-16 10:00:00,6,58,2
2024-08-16 11:00:00,4,50,1
2024-08-16 12:00:00,8,71,4
2024-08-16 13:00:00,11,62,3
2024-08-16 14:00:00,9,65,1
2024-08-16 15:00:00,14,96,6
2024-08-16 16:00:00,13,80,2
2024-08-16 17:00:00,9,91,0
2024-08-16 18:00:00,7,79,0
2024-08-16 19:00:00,6,46,1
2024-08-16 20:00:00,8,38,3
2024-08-16 21:00:00,4,29,3
2024-08-16 22:00:00,0,28,1
2024-08-16 23:00:00,3,15,2
2024-08-17 00:00:00,0,12,1
2024-08-17 01:00:00,0,7,0
2024-08-17 02:00:00,0,6,0
2024-08-17 03:00:00,1,11,2
2024-08-17 04:00:00,0,12,1
2024-08-17 05:00:00,2,14,0
2024-08-17 06:00:00,2,19,0
2024-08-17 07:00:00,8,39,4
2024-08-17 08:00:00,5,35,1
2024-08-17 09:00:00,8,60,0
2024-08-17 10:00:00,4,69,0
2024-08-17 11:00:00,9,66,1
2024-08-17 12:00:00,14,65,1
2024-08-17 13:00:00,11,73,0
2024-08-17 14:00:00,7,63,1
2024-08-17 15:00:00,9,75,7
2024-08-17 16:00:00,8,70,3
2024-08-17 17:00:00,6,77,0
2024-08-17 18:00:00,7,52,0
2024-08-17 19:00:00,6,67,1
2024-08-17 20:00:00,1,35,0
2024-08-17 21:00:00,2,19,0
2024-08-17 22:00:00,0,22,3
2024-08-17 23:00:00,0,21,0
2024-08-18 00:00:00,0,17,0
2024-08-18 01:00:00,2,6,0
2024-08-18 02:00:00,0,9,0
2024-08-18 03:00:00,0,10,1
2024-08-18 04:00:00,1,7,0
2024-08-18 05:00:00,0,12,0
2024-08-18 06:00:00,6,10,0
2024-08-18 07:00:00,3,25,0
2024-08-18 08:00:00,9,40,2
2024-08-18 09:00:00,2,61,0
2024-08-18 10:00:00,8,72,1
2024-08-18 11:00:00,7,73,0
2024-08-18 12:00:00,6,59,0
2024-08-18 13:00:00,15,60,2
2024-08-18 14:00:00,13,61,3
2024-08-18 15:00:00,19,65,3
2024-08-18 16:00:00,9,51,2
2024-08-18 17:00:00,3,50,1
2024-08-18 18:00:00,7,58,1
2024-08-18 19:00:00,8,48,0
2024-08-18 20:00:00,3,27,1
2024-08-18 21:00:00,0,12,1
2024-08-18 22:00:00,1,10,0
2024-08-18 23:00:00,0,2,0
2024-08-19 00:00:00,0,7,0
2024-08-19 01:00:00,0,5,1
2024-08-19 02:00:00,0,5,0
2024-08-19 03:00:00,0,6,2
2024-08-19 04:00:00,1,15,0
2024-08-19 05:00:00,1,22,1
2024-08-19 06:00:00,2,42,0
2024-08-19 07:00:00,2,50,1
2024-08-19 08:00:00,9,37,1
2024-08-19 09:00:00,4,32,0
2024-08-19 10:00:00,6,35,1
2024-08-19 11:00:00,6,44,2
2024-08-19 12:00:00,9,48,4
2024-08-19 13:00:00,17,58,2
2024-08-19 14:00:00,13,48,0
2024-08-19 15:00:00,2,64,2
2024-08-19 16:00:00,12,73,2
2024-08-19 17:00:00,8,85,1
2024-08-19 18:00:00,7,58,2
2024-08-19 19:00:00,4,45,1
2024-08-19 20:00:00,4,40,0
2024-08-19 21:00:00,0,16,1
2024-08-19 22:00:00,4,10,0
2024-08-19 23:00:00,0,5,0
2024-08-20 00:00:00,3,5,0
2024-08-20 01:00:00,0,1,0
2024-08-20 02:00:00,0,1,0
2024-08-20 03:00:00,0,5,1
2024-08-20 04:00:00,1,17,2
2024-08-20 05:00:00,1,20,0
2024-08-20 06:00:00,5,52,1
2024-08-20 07:00:00,2,53,2
2024-08-20 08:00:00,4,34,1
2024-08-20 09:00:00,6,47,1
2024-08-20 10:00:00,11,47,0
2024-08-20 11:00:00,12,45,3
2024-08-20 12:00:00,22,46,3
2024-08-20 13:00:00,9,61,2
2024-08-20 14:00:00,9,61,2
2024-08-20 15:00:00,16,73,5
2024-08-20 16:00:00,5,72,1
2024-08-20 17:00:00,11,98,3
2024-08-20 18:00:00,13,68,6
2024-08-20 19:00:00,8,53,0
2024-08-20 20:00:00,11,42,2
2024-08-20 21:00:00,2,20,1
2024-08-20 22:00:00,2,10,0
2024-08-20 23:00:00,1,7,1
2024-08-21 00:00:00,0,2,1
2024-08-21 01:00:00,1,2,0
2024-08-21 02:00:00,0,1,1
2024-08-21 03:00:00,0,4,1
2024-08-21 04:00:00,2,17,2
2024-08-21 05:00:00,8,26,0
2024-08-21 06:00:00,9,49,0
2024-08-21 07:00:00,5,49,1
2024-08-21 08:00:00,3,25,0
2024-08-21 09:00:00,28,39,1
2024-08-21 10:00:00,7,50,1
2024-08-21 11:00:00,5,50,0
2024-08-21 12:00:00,11,53,3
2024-08-21 13:00:00,14,47,4
2024-08-21 14:00:00,12,48,4
2024-08-21 15:00:00,17,67,4
2024-08-21 16:00:00,12,94,5
2024-08-21 17:00:00,7,84,3
2024-08-21 18:00:00,8,80,1
2024-08-21 19:00:00,3,46,0
2024-08-21 20:00:00,1,38,2
2024-08-21 21:00:00,2,28,1
2024-08-21 22:00:00,2,7,0
2024-08-21 23:00:00,2,5,0
2024-08-22 00:00:00,2,7,1
2024-08-22 01:00:00,2,3,0
2024-08-22 02:00:00,0,2,0
2024-08-22 03:00:00,0,5,3
2024-08-22 04:00:00,3,23,1
2024-08-22 05:00:00,5,28,0
2024-08-22 06:00:00,4,48,1
2024-08-22 07:00:00,3,59,2
2024-08-22 08:00:00,10,69,1
2024-08-22 09:00:00,8,59,0
2024-08-22 10:00:00,9,52,2
2024-08-22 11:00:00,3,42,1
2024-08-22 12:00:00,12,49,2
2024-08-22 13:00:00,9,35,2
2024-08-22 14:00:00,19,52,0
2024-08-22 15:00:00,21,70,6
2024-08-22 16:00:00,15,88,2
2024-08-22 17:00:00,11,106,2
2024-08-22 18:00:00,13,56,5
2024-08-22 19:00:00,4,61,0
2024-08-22 20:00:00,1,41,5
2024-08-22 21:00:00,0,17,1
2024-08-22 22:00:00,1,20,0
2024-08-22 23:00:00,3,9,1
2024-08-23 00:00:00,1,1,0
2024-08-23 01:00:00,0,2,0
2024-08-23 02:00:00,0,2,0
2024-08-23 03:00:00,2,6,1
2024-08-23 04:00:00,0,25,0
2024-08-23 05:00:00,3,23,0
2024-08-23 06:00:00,5,42,2
2024-08-23 07:00:00,7,63,3
2024-08-23 08:00:00,3,44,2
2024-08-23 09:00:00,8,51,5
2024-08-23 10:00:00,1,43,1
2024-08-23 11:00:00,10,52,2
2024-08-23 12:00:00,9,59,1
2024-08-23 13:00:00,5,62,2
2024-08-23 14:00:00,14,74,5
2024-08-23 15:00:00,7,79,2
2024-08-23 16:00:00,19,91,7
2024-08-23 17:00:00,16,103,0
2024-08-23 18:00:00,7,70,3
2024-08-23 19:00:00,6,66,4
2024-08-23 20:00:00,2,47,1
2024-08-23 21:00:00,7,37,2
2024-08-23 22:00:00,4,21,0
2024-08-23 23:00:00,2,11,0
2024-08-24 00:00:00,3,14,0
2024-08-24 01:00:00,0,6,0
2024-08-24 02:00:00,0,8,0
2024-08-24 03:00:00,1,5,0
2024-08-24 04:00:00,0,4,0
2024-08-24 05:00:00,0,13,0
2024-08-24 06:00:00,3,17,0
2024-08-24 07:00:00,2,45,0
2024-08-24 08:00:00,2,57,1
2024-08-24 09:00:00,9,60,0
2024-08-24 10:00:00,6,74,0
2024-08-24 11:00:00,6,55,0
2024-08-24 12:00:00,15,67,4
2024-08-24 13:00:00,5,61,3
2024-08-24 14:00:00,6,58,0
2024-08-24 15:00:00,8,81,2
2024-08-24 16:00:00,9,63,0
2024-08-24 17:00:00,18,77,3
2024-08-24 18:00:00,16,63,1
2024-08-24 19:00:00,1,50,0
2024-08-24 20:00:00,1,32,3
2024-08-24 21:00:00,0,31,0
2024-08-24 22:00:00,2,15,1
2024-08-24 23:00:00,2,15,1
2024-08-25 00:00:00,0,5,2
2024-08-25 01:00:00,0,4,0
2024-08-25 02:00:00,0,9,0
2024-08-25 03:00:00,0,10,1
2024-08-25 04:00:00,1,5,0
2024-08-25 05:00:00,0,10,0
2024-08-25 06:00:00,3,9,0
2024-08-25 07:00:00,3,19,1
2024-08-25 08:00:00,1,37,0
2024-08-25 09:00:00,4,59,2
2024-08-25 10:00:00,6,67,0
2024-08-25 11:00:00,4,64,3
2024-08-25 12:00:00,9,72,3
2024-08-25 13:00:00,14,75,0
2024-08-25 14:00:00,8,52,1
2024-08-25 15:00:00,3,53,1
2024-08-25 16:00:00,0,59,2
2024-08-25 17:00:00,4,60,0
2024-08-25 18:00:00,2,59,1
2024-08-25 19:00:00,7,43,0
2024-08-25 20:00:00,2,27,1
2024-08-25 21:00:00,0,21,1
2024-08-25 22:00:00,1,19,0
2024-08-25 23:00:00,5,7,0
2024-08-26 00:00:00,0,0,0
2024-08-26 01:00:00,3,7,1
2024-08-26 02:00:00,0,3,0
2024-08-26 03:00:00,1,4,3
2024-08-26 04:00:00,2,5,0
2024-08-26 05:00:00,0,12,0
2024-08-26 06:00:00,2,15,1
2024-08-26 07:00:00,4,21,0
2024-08-26 08:00:00,4,55,0
2024-08-26 09:00:00,7,48,0
2024-08-26 10:00:00,9,77,0
2024-08-26 11:00:00,4,65,2
2024-08-26 12:00:00,12,69,0
2024-08-26 13:00:00,10,64,5
2024-08-26 14:00:00,8,83,4
2024-08-26 15:00:00,17,71,2
2024-08-26 16:00:00,10,81,1
2024-08-26 17:00:00,9,78,0
2024-08-26 18:00:00,8,60,1
2024-08-26 19:00:00,12,54,2
2024-08-26 20:00:00,5,36,0
2024-08-26 21:00:00,4,25,0
2024-08-26 22:00:00,0,17,0
2024-08-26 23:00:00,1,10,0
2024-08-27 00:00:00,0,10,0
2024-08-27 01:00:00,1,1,0
2024-08-27 02:00:00,0,6,0
2024-08-27 03:00:00,1,6,1
2024-08-27 04:00:00,2,20,1
2024-08-27 05:00:00,1,25,0
2024-08-27 06:00:00,4,48,1
2024-08-27 07:00:00,6,55,3
2024-08-27 08:00:00,17,37,1
2024-08-27 09:00:00,10,40,0
2024-08-27 10:00:00,10,43,0
2024-08-27 11:00:00,7,48,2
2024-08-27 12:00:00,10,53,0
2024-08-27 13:00:00,12,64,6
2024-08-27 14:00:00,16,71,8
2024-08-27 15:00:00,20,64,3
2024-08-27 16:00:00,6,90,1
2024-08-27 17:00:00,11,95,3
2024-08-27 18:00:00,16,65,3
2024-08-27 19:00:00,5,64,5
2024-08-27 20:00:00,3,42,2
2024-08-27 21:00:00,0,25,1
2024-08-27 22:00:00,3,13,0
2024-08-27 23:00:00,1,10,0
2024-08-28 00:00:00,1,5,2
2024-08-28 01:00:00,0,6,0
2024-08-28 02:00:00,0,7,1
2024-08-28 03:00:00,0,2,3
2024-08-28 04:00:00,1,13,2
2024-08-28 05:00:00,1,30,2
2024-08-28 06:00:00,6,54,1
2024-08-28 07:00:00,5,69,2
2024-08-28 08:00:00,4,27,2
2024-08-28 09:00:00,13,47,0
2024-08-28 10:00:00,7,42,0
2024-08-28 11:00:00,6,59,1
2024-08-28 12:00:00,7,50,1
2024-08-28 13:00:00,12,52,3
2024-08-28 14:00:00,19,62,2
2024-08-28 15:00:00,10,63,3
2024-08-28 16:00:00,12,88,1
2024-08-28 17:00:00,6,103,7
2024-08-28 18:00:00,6,76,3
2024-08-28 19:00:00,3,58,2
2024-08-28 20:00:00,2,37,3
2024-08-28 21:00:00,3,26,0
2024-08-28 22:00:00,0,17,0
2024-08-28 23:00:00,0,2,0
2024-08-29 00:00:00,1,3,1
2024-08-29 01:00:00,3,5,0
2024-08-29 02:00:00,0,6,0
2024-08-29 03:00:00,0,6,2
2024-08-29 04:00:00,0,21,1
2024-08-29 05:00:00,3,33,0
2024-08-29 06:00:00,7,42,1
2024-08-29 07:00:00,3,63,2
2024-08-29 08:00:00,6,35,0
2024-08-29 09:00:00,10,35,1
2024-08-29 10:00:00,9,61,2
2024-08-29 11:00:00,10,61,1
2024-08-29 12:00:00,7,63,8
2024-08-29 13:00:00,14,54,5
2024-08-29 14:00:00,15,72,2
2024-08-29 15:00:00,12,66,4
2024-08-29 16:00:00,23,90,2
2024-08-29 17:00:00,11,87,1
2024-08-29 18:00:00,11,92,2
2024-08-29 19:00:00,5,59,7
2024-08-29 20:00:00,5,42,3
2024-08-29 21:00:00,2,24,2
2024-08-29 22:00:00,0,14,0
2024-08-29 23:00:00,1,8,1
2024-08-30 00:00:00,0,9,1
2024-08-30 01:00:00,0,3,0
2024-08-30 02:00:00,0,6,0
2024-08-30 03:00:00,1,5,1
2024-08-30 04:00:00,0,19,0
2024-08-30 05:00:00,1,31,0
2024-08-30 06:00:00,6,48,1
2024-08-30 07:00:00,5,60,5
2024-08-30 08:00:00,18,41,0
2024-08-30 09:00:00,9,45,1
2024-08-30 10:00:00,11,52,0
2024-08-30 11:00:00,8,75,1
2024-08-30 12:00:00,10,61,1
2024-08-30 13:00:00,15,66,1
2024-08-30 14:00:00,5,68,2
2024-08-30 15:00:00,18,75,5
2024-08-30 16:00:00,15,91,3
2024-08-30 17:00:00,4,111,1
2024-08-30 18:00:00,13,80,2
2024-08-30 19:00:00,6,67,8
2024-08-30 20:00:00,3,44,5
2024-08-30 21:00:00,2,41,2
2024-08-30 22:00:00,0,30,0
2024-08-30 23:00:00,5,14,0
2024-08-31 00:00:00,1,7,2
2024-08-31 01:00:00,2,5,0
2024-08-31 02:00:00,0,7,1
2024-08-31 03:00:00,1,12,0
2024-08-31 04:00:00,0,16,2
2024-08-31 05:00:00,2,16,0
2024-08-31 06:00:00,5,37,1
2024-08-31 07:00:00,2,35,1
2024-08-31 08:00:00,5,41,0
2024-08-31 09:00:00,14,45,2
2024-08-31 10:00:00,8,81,0
2024-08-31 11:00:00,4,75,4
2024-08-31 12:00:00,9,65,0
2024-08-31 13:00:00,12,79,2
2024-08-31 14:00:00,9,71,0
2024-08-31 15:00:00,5,64,3
2024-08-31 16:00:00,16,76,5
2024-08-31 17:00:00,8,84,2
2024-08-31 18:00:00,10,62,1
2024-08-31 19:00:00,5,49,2
2024-08-31 20:00:00,6,35,2
2024-08-31 21:00:00,0,37,0
2024-08-31 22:00:00,1,19,0
2024-08-31 23:00:00,0,13,0
2024-09-01 00:00:00,0,12,1
2024-09-01 01:00:00,1,14,1
2024-09-01 02:00:00,0,6,0
2024-09-01 03:00:00,1,7,1
2024-09-01 04:00:00,1,6,1
2024-09-01 05:00:00,0,17,0
2024-09-01 06:00:00,2,19,0
2024-09-01 07:00:00,4,20,0
2024-09-01 08:00:00,2,43,0
2024-09-01 09:00:00,8,57,3
2024-09-01 10:00:00,5,49,0
2024-09-01 11:00:00,4,66,1
2024-09-01 12:00:00,6,77,3
2024-09-01 13:00:00,2,76,0
2024-09-01 14:00:00,11,83,1
2024-09-01 15:00:00,7,85,2
2024-09-01 16:00:00,4,71,0
2024-09-01 17:00:00,8,57,0
2024-09-01 18:00:00,5,61,1
2024-09-01 19:00:00,4,50,2
2024-09-01 20:00:00,3,31,0
2024-09-01 21:00:00,1,25,1
2024-09-01 22:00:00,1,13,0
2024-09-01 23:00:00,0,11,0
2024-09-02 00:00:00,1,7,2
2024-09-02 01:00:00,2,3,0
2024-09-02 02:00:00,0,3,0
2024-09-02 03:00:00,4,8,1
2024-09-02 04:00:00,4,16,2
2024-09-02 05:00:00,0,34,1
2024-09-02 06:00:00,3,81,2
2024-09-02 07:00:00,4,67,2
2024-09-02 08:00:00,5,34,1
2024-09-02 09:00:00,11,34,0
2024-09-02 10:00:00,3,46,1
2024-09-02 11:00:00,3,65,1
2024-09-02 12:00:00,8,52,0
2024-09-02 13:00:00,15,47,0
2024-09-02 14:00:00,8,90,2
2024-09-02 15:00:00,3,81,4
2024-09-02 16:00:00,12,93,1
2024-09-02 17:00:00,8,100,0
2024-09-02 18:00:00,5,84,0
2024-09-02 19:00:00,0,50,2
2024-09-02 20:00:00,1,33,0
2024-09-02 21:00:00,1,25,0
2024-09-02 22:00:00,0,5,1
2024-09-02 23:00:00,0,4,0
2024-09-03 00:00:00,0,3,2
2024-09-03 01:00:00,0,4,0
2024-09-03 02:00:00,5,2,0
2024-09-03 03:00:00,0,7,1
2024-09-03 04:00:00,3,14,3
2024-09-03 05:00:00,1,27,0
2024-09-03 06:00:00,7,93,2
2024-09-03 07:00:00,17,89,3
2024-09-03 08:00:00,10,33,4
2024-09-03 09:00:00,6,40,1
2024-09-03 10:00:00,14,41,2
2024-09-03 11:00:00,7,56,2
2024-09-03 12:00:00,6,50,2
2024-09-03 13:00:00,11,68,1
2024-09-03 14:00:00,11,85,2
2024-09-03 15:00:00,7,82,6
2024-09-03 16:00:00,12,91,1
2024-09-03 17:00:00,23,91,3
2024-09-03 18:00:00,12,81,3
2024-09-03 19:00:00,8,75,2
2024-09-03 20:00:00,5,46,4
2024-09-03 21:00:00,2,26,5
2024-09-03 22:00:00,2,11,0
2024-09-03 23:00:00,0,4,0
2024-09-04 00:00:00,0,6,1
2024-09-04 01:00:00,1,2,0
2024-09-04 02:00:00,0,6,1
2024-09-04 03:00:00,0,4,1
2024-09-04 04:00:00,3,23,3
2024-09-04 05:00:00,1,34,1
2024-09-04 06:00:00,10,104,3
2024-09-04 07:00:00,61,198,5
2024-09-04 08:00:00,13,46,1
2024-09-04 09:00:00,16,46,2
2024-09-04 10:00:00,7,40,2
2024-09-04 11:00:00,6,66,7
2024-09-04 12:00:00,16,46,0
2024-09-04 13:00:00,17,117,2
2024-09-04 14:00:00,49,161,6
2024-09-04 15:00:00,10,121,4
2024-09-04 16:00:00,6,91,2
2024-09-04 17:00:00,8,94,2
2024-09-04 18:00:00,10,51,4
2024-09-04 19:00:00,7,71,2
2024-09-04 20:00:00,1,29,0
2024-09-04 21:00:00,4,31,3
2024-09-04 22:00:00,0,10,1
2024-09-04 23:00:00,1,5,0
2024-09-05 00:00:00,0,5,0
2024-09-05 01:00:00,2,1,0
2024-09-05 02:00:00,0,7,0
2024-09-05 03:00:00,1,3,2
2024-09-05 04:00:00,3,27,1
2024-09-05 05:00:00,2,36,0
2024-09-05 06:00:00,11,123,3
2024-09-05 07:00:00,67,299,9
2024-09-05 08:00:00,10,71,0
2024-09-05 09:00:00,14,44,1
2024-09-05 10:00:00,4,45,1
2024-09-05 11:00:00,7,58,0
2024-09-05 12:00:00,5,35,0
2024-09-05 13:00:00,16,162,0
2024-09-05 14:00:00,73,201,6
2024-09-05 15:00:00,4,116,3
2024-09-05 16:00:00,8,88,2
2024-09-05 17:00:00,10,100,0
2024-09-05 18:00:00,6,81,4
2024-09-05 19:00:00,4,72,3
2024-09-05 20:00:00,2,44,0
2024-09-05 21:00:00,0,27,1
2024-09-05 22:00:00,1,14,0
2024-09-05 23:00:00,1,6,0
2024-09-06 00:00:00,0,4,0
2024-09-06 01:00:00,1,2,1
2024-09-06 02:00:00,0,6,1
2024-09-06 03:00:00,1,2,3
2024-09-06 04:00:00,0,24,0
2024-09-06 05:00:00,3,33,0
2024-09-06 06:00:00,10,102,3
2024-09-06 07:00:00,49,305,4
2024-09-06 08:00:00,2,78,1
2024-09-06 09:00:00,2,45,0
2024-09-06 10:00:00,4,44,1
2024-09-06 11:00:00,11,79,1
2024-09-06 12:00:00,9,83,2
2024-09-06 13:00:00,21,150,3
2024-09-06 14:00:00,72,207,4
2024-09-06 15:00:00,10,94,2
2024-09-06 16:00:00,9,101,2
2024-09-06 17:00:00,20,109,1
2024-09-06 18:00:00,5,84,3
2024-09-06 19:00:00,6,58,2
2024-09-06 20:00:00,0,32,1
2024-09-06 21:00:00,0,31,0
2024-09-06 22:00:00,0,17,0
2024-09-06 23:00:00,2,18,1
2024-09-07 00:00:00,1,16,0
2024-09-07 01:00:00,0,6,0
2024-09-07 02:00:00,0,7,1
2024-09-07 03:00:00,0,9,1
2024-09-07 04:00:00,0,7,0
2024-09-07 05:00:00,1,12,0
2024-09-07 06:00:00,1,19,0
2024-09-07 07:00:00,3,41,2
2024-09-07 08:00:00,1,60,0
2024-09-07 09:00:00,9,55,0
2024-09-07 10:00:00,1,81,0
2024-09-07 11:00:00,5,83,0
2024-09-07 12:00:00,12,82,1
2024-09-07 13:00:00,3,79,0
2024-09-07 14:00:00,10,81,0
2024-09-07 15:00:00,6,74,1
2024-09-07 16:00:00,20,78,3
2024-09-07 17:00:00,9,101,0
2024-09-07 18:00:00,3,78,1
2024-09-07 19:00:00,6,56,0
2024-09-07 20:00:00,10,37,4
2024-09-07 21:00:00,4,31,0
2024-09-07 22:00:00,0,27,0
2024-09-07 23:00:00,0,29,0
2024-09-08 00:00:00,0,17,3
2024-09-08 01:00:00,0,13,1
2024-09-08 02:00:00,0,8,0
2024-09-08 03:00:00,0,10,1
2024-09-08 04:00:00,0,7,0
2024-09-08 05:00:00,1,15,0
2024-09-08 06:00:00,1,16,0
2024-09-08 07:00:00,1,16,0
2024-09-08 08:00:00,5,42,3
2024-09-08 09:00:00,3,57,0
2024-09-08 10:00:00,3,69,1
2024-09-08 11:00:00,15,74,1
2024-09-08 12:00:00,8,69,5
2024-09-08 13:00:00,6,82,3
2024-09-08 14:00:00,13,65,1
2024-09-08 15:00:00,5,76,3
2024-09-08 16:00:00,10,61,1
2024-09-08 17:00:00,6,44,0
2024-09-08 18:00:00,7,43,4
2024-09-08 19:00:00,7,51,2
2024-09-08 20:00:00,1,18,3
2024-09-08 21:00:00,1,18,0
2024-09-08 22:00:00,0,14,0
2024-09-08 23:00:00,1,3,0
2024-09-09 00:00:00,0,3,1
2024-09-09 01:00:00,0,8,0
2024-09-09 02:00:00,0,3,0
2024-09-09 03:00:00,2,9,2
2024-09-09 04:00:00,3,19,1
2024-09-09 05:00:00,1,33,1
2024-09-09 06:00:00,11,108,3
2024-09-09 07:00:00,72,287,4
2024-09-09 08:00:00,17,64,2
2024-09-09 09:00:00,4,49,0
2024-09-09 10:00:00,10,48,0
2024-09-09 11:00:00,16,45,0
2024-09-09 12:00:00,8,40,0
2024-09-09 13:00:00,22,124,6
2024-09-09 14:00:00,75,163,9
2024-09-09 15:00:00,23,107,6
2024-09-09 16:00:00,17,102,3
2024-09-09 17:00:00,14,108,2
2024-09-09 18:00:00,16,80,1
2024-09-09 19:00:00,6,50,3
2024-09-09 20:00:00,1,30,1
2024-09-09 21:00:00,1,22,0
2024-09-09 22:00:00,0,12,0
2024-09-09 23:00:00,2,4,0
2024-09-10 00:00:00,0,4,2
2024-09-10 01:00:00,0,4,0
2024-09-10 02:00:00,0,7,0
2024-09-10 03:00:00,0,5,1
2024-09-10 04:00:00,0,16,2
2024-09-10 05:00:00,2,38,0
2024-09-10 06:00:00,9,119,4
2024-09-10 07:00:00,66,297,10
2024-09-10 08:00:00,6,70,1
2024-09-10 09:00:00,8,57,0
2024-09-10 10:00:00,5,60,0
2024-09-10 11:00:00,6,54,1
2024-09-10 12:00:00,9,58,0
2024-09-10 13:00:00,28,126,1
2024-09-10 14:00:00,78,180,3
2024-09-10 15:00:00,13,111,8
2024-09-10 16:00:00,7,89,2
2024-09-10 17:00:00,6,87,1
2024-09-10 18:00:00,4,78,3
2024-09-10 19:00:00,4,51,3
2024-09-10 20:00:00,2,36,2
2024-09-10 21:00:00,0,21,0
2024-09-10 22:00:00,1,13,0
2024-09-10 23:00:00,0,6,0
2024-09-11 00:00:00,2,7,0
2024-09-11 01:00:00,1,2,0
2024-09-11 02:00:00,0,2,0
2024-09-11 03:00:00,0,3,1
2024-09-11 04:00:00,1,18,1
2024-09-11 05:00:00,1,37,1
2024-09-11 06:00:00,15,115,2
2024-09-11 07:00:00,74,292,7
2024-09-11 08:00:00,11,75,5
2024-09-11 09:00:00,7,36,1
2024-09-11 10:00:00,16,51,3
2024-09-11 11:00:00,9,53,1
2024-09-11 12:00:00,14,61,3
2024-09-11 13:00:00,20,150,4
2024-09-11 14:00:00,78,177,8
2024-09-11 15:00:00,21,120,7
2024-09-11 16:00:00,7,103,4
2024-09-11 17:00:00,9,127,0
2024-09-11 18:00:00,8,97,1
2024-09-11 19:00:00,3,57,3
2024-09-11 20:00:00,3,48,2
2024-09-11 21:00:00,0,29,0
2024-09-11 22:00:00,2,11,1
2024-09-11 23:00:00,6,10,0
2024-09-12 00:00:00,0,6,0
2024-09-12 01:00:00,0,6,0
2024-09-12 02:00:00,1,3,0
2024-09-12 03:00:00,1,6,2
2024-09-12 04:00:00,1,23,1
2024-09-12 05:00:00,2,32,0
2024-09-12 06:00:00,6,103,2
2024-09-12 07:00:00,63,267,13
2024-09-12 08:00:00,17,75,0
2024-09-12 09:00:00,11,43,0
2024-09-12 10:00:00,8,51,2
2024-09-12 11:00:00,12,65,0
2024-09-12 12:00:00,10,58,3
2024-09-12 13:00:00,18,115,3
2024-09-12 14:00:00,95,207,10
2024-09-12 15:00:00,21,98,7
2024-09-12 16:00:00,19,115,3
2024-09-12 17:00:00,13,115,3
2024-09-12 18:00:00,13,86,2
2024-09-12 19:00:00,3,55,4
2024-09-12 20:00:00,5,49,5
2024-09-12 21:00:00,2,23,1
2024-09-12 22:00:00,0,21,0
2024-09-12 23:00:00,0,8,0
2024-09-13 00:00:00,1,5,0
2024-09-13 01:00:00,0,2,0
2024-09-13 02:00:00,1,6,0
2024-09-13 03:00:00,0,11,2
2024-09-13 04:00:00,1,21,0
2024-09-13 05:00:00,3,27,0
2024-09-13 06:00:00,7,116,3
2024-09-13 07:00:00,67,266,7
2024-09-13 08:00:00,9,67,3
2024-09-13 09:00:00,7,46,1
2024-09-13 10:00:00,7,54,1
2024-09-13 11:00:00,11,78,2
2024-09-13 12:00:00,12,60,0
2024-09-13 13:00:00,14,126,2
2024-09-13 14:00:00,67,196,9
2024-09-13 15:00:00,7,99,2
2024-09-13 16:00:00,14,125,0
2024-09-13 17:00:00,13,107,0
2024-09-13 18:00:00,8,87,1
2024-09-13 19:00:00,6,56,2
2024-09-13 20:00:00,1,39,3
2024-09-13 21:00:00,2,28,3
2024-09-13 22:00:00,2,24,0
2024-09-13 23:00:00,0,12,0
2024-09-14 00:00:00,0,14,1
2024-09-14 01:00:00,0,10,1
2024-09-14 02:00:00,0,4,0
2024-09-14 03:00:00,3,6,2
2024-09-14 04:00:00,0,8,1
2024-09-14 05:00:00,0,12,0
2024-09-14 06:00:00,3,17,0
2024-09-14 07:00:00,6,48,0
2024-09-14 08:00:00,4,38,0
2024-09-14 09:00:00,12,68,2
2024-09-14 10:00:00,10,71,1
2024-09-14 11:00:00,9,89,0
2024-09-14 12:00:00,4,80,2
2024-09-14 13:00:00,8,78,2
2024-09-14 14:00:00,1,66,3
2024-09-14 15:00:00,3,74,0
2024-09-14 16:00:00,6,95,2
2024-09-14 17:00:00,9,65,1
2024-09-14 18:00:00,7,76,1
2024-09-14 19:00:00,4,49,2
2024-09-14 20:00:00,0,39,1
2024-09-14 21:00:00,0,33,3
2024-09-14 22:00:00,1,23,0
2024-09-14 23:00:00,1,16,0
2024-09-15 00:00:00,0,13,0
2024-09-15 01:00:00,1,9,4
2024-09-15 02:00:00,0,7,0
2024-09-15 03:00:00,0,18,0
2024-09-15 04:00:00,1,10,1
2024-09-15 05:00:00,1,12,0
2024-09-15 06:00:00,5,19,0
2024-09-15 07:00:00,2,19,0
2024-09-15 08:00:00,1,43,1
2024-09-15 09:00:00,16,54,2
2024-09-15 10:00:00,13,65,0
2024-09-15 11:00:00,5,94,0
2024-09-15 12:00:00,6,95,2
2024-09-15 13:00:00,5,74,1
2024-09-15 14:00:00,5,61,0
2024-09-15 15:00:00,8,95,2
2024-09-15 16:00:00,6,60,4
2024-09-15 17:00:00,9,63,1
2024-09-15 18:00:00,12,61,2
2024-09-15 19:00:00,2,43,2
2024-09-15 20:00:00,1,32,2
2024-09-15 21:00:00,1,11,1
2024-09-15 22:00:00,0,5,0
2024-09-15 23:00:00,0,2,0
2024-09-16 00:00:00,0,3,0
2024-09-16 01:00:00,0,2,0
2024-09-16 02:00:00,0,6,0
2024-09-16 03:00:00,1,7,0
2024-09-16 04:00:00,2,20,1
2024-09-16 05:00:00,1,35,0
2024-09-16 06:00:00,12,115,1
2024-09-16 07:00:00,60,260,6
2024-09-16 08:00:00,14,58,0
2024-09-16 09:00:00,5,45,0
2024-09-16 10:00:00,7,58,0
2024-09-16 11:00:00,3,65,0
2024-09-16 12:00:00,10,55,0
2024-09-16 13:00:00,20,140,2
2024-09-16 14:00:00,70,172,6
2024-09-16 15:00:00,15,99,3
2024-09-16 16:00:00,17,107,3
2024-09-16 17:00:00,9,99,1
2024-09-16 18:00:00,7,77,1
2024-09-16 19:00:00,8,49,2
2024-09-16 20:00:00,2,33,2
2024-09-16 21:00:00,3,22,2
2024-09-16 22:00:00,0,6,1
2024-09-16 23:00:00,0,3,0
2024-09-17 00:00:00,0,4,0
2024-09-17 01:00:00,0,3,0
2024-09-17 02:00:00,0,4,0
2024-09-17 03:00:00,0,7,0
2024-09-17 04:00:00,0,22,0
2024-09-17 05:00:00,1,27,0
2024-09-17 06:00:00,10,103,4
2024-09-17 07:00:00,74,294,9
2024-09-17 08:00:00,17,70,3
2024-09-17 09:00:00,2,41,1
2024-09-17 10:00:00,10,52,2
2024-09-17 11:00:00,18,54,2
2024-09-17 12:00:00,9,61,5
2024-09-17 13:00:00,21,123,1
2024-09-17 14:00:00,73,161,4
2024-09-17 15:00:00,25,115,5
2024-09-17 16:00:00,34,87,2
2024-09-17 17:00:00,19,120,3
2024-09-17 18:00:00,18,137,2
2024-09-17 19:00:00,2,60,2
2024-09-17 20:00:00,3,44,3
2024-09-17 21:00:00,0,18,1
2024-09-17 22:00:00,0,12,1
2024-09-17 23:00:00,1,4,2
2024-09-18 00:00:00,0,6,0
2024-09-18 01:00:00,0,1,0
2024-09-18 02:00:00,0,3,0
2024-09-18 03:00:00,1,5,0
2024-09-18 04:00:00,3,23,0
2024-09-18 05:00:00,1,34,0
2024-09-18 06:00:00,12,108,5
2024-09-18 07:00:00,67,266,4
2024-09-18 08:00:00,11,71,1
2024-09-18 09:00:00,10,48,1
2024-09-18 10:00:00,12,51,2
2024-09-18 11:00:00,21,46,0
2024-09-18 12:00:00,5,63,2
2024-09-18 13:00:00,18,124,0
2024-09-18 14:00:00,92,176,8
2024-09-18 15:00:00,16,135,9
2024-09-18 16:00:00,14,90,1
2024-09-18 17:00:00,9,95,1
2024-09-18 18:00:00,7,75,3
2024-09-18 19:00:00,6,59,4
2024-09-18 20:00:00,5,30,1
2024-09-18 21:00:00,2,22,1
2024-09-18 22:00:00,0,10,0
2024-09-18 23:00:00,0,4,0
2024-09-19 00:00:00,0,1,0
2024-09-19 01:00:00,0,2,0
2024-09-19 02:00:00,1,2,0
2024-09-19 03:00:00,1,3,0
2024-09-19 04:00:00,0,23,0
2024-09-19 05:00:00,3,32,1
2024-09-19 06:00:00,12,116,4
2024-09-19 07:00:00,75,277,6
2024-09-19 08:00:00,8,75,4
2024-09-19 09:00:00,4,46,2
2024-09-19 10:00:00,7,48,0
2024-09-19 11:00:00,15,60,0
2024-09-19 12:00:00,8,58,3
2024-09-19 13:00:00,20,127,3
2024-09-19 14:00:00,66,148,11
2024-09-19 15:00:00,22,92,8
2024-09-19 16:00:00,17,104,1
2024-09-19 17:00:00,10,99,5
2024-09-19 18:00:00,9,87,4
2024-09-19 19:00:00,6,57,7
2024-09-19 20:00:00,4,38,1
2024-09-19 21:00:00,1,32,2
2024-09-19 22:00:00,3,11,1
2024-09-19 23:00:00,0,6,0
2024-09-20 00:00:00,0,4,0
2024-09-20 01:00:00,3,6,0
2024-09-20 02:00:00,0,6,0
2024-09-20 03:00:00,0,7,0
2024-09-20 04:00:00,3,23,2
2024-09-20 05:00:00,6,34,1
2024-09-20 06:00:00,13,88,3
2024-09-20 07:00:00,70,271,9
2024-09-20 08:00:00,10,74,0
2024-09-20 09:00:00,8,54,0
2024-09-20 10:00:00,12,51,0
2024-09-20 11:00:00,7,65,2
2024-09-20 12:00:00,4,76,2
2024-09-20 13:00:00,16,130,1
2024-09-20 14:00:00,73,185,5
2024-09-20 15:00:00,3,105,3
2024-09-20 16:00:00,10,102,3
2024-09-20 17:00:00,6,80,0
2024-09-20 18:00:00,8,75,2
2024-09-20 19:00:00,4,58,2
2024-09-20 20:00:00,4,40,2
2024-09-20 21:00:00,2,28,0
2024-09-20 22:00:00,0,18,1
2024-09-20 23:00:00,1,9,0
2024-09-21 00:00:00,0,9,0
2024-09-21 01:00:00,1,1,1
2024-09-21 02:00:00,0,0,0
2024-09-21 03:00:00,0,12,0
2024-09-21 04:00:00,0,5,0
2024-09-21 05:00:00,0,11,0
2024-09-21 06:00:00,1,20,2
2024-09-21 07:00:00,8,47,2
2024-09-21 08:00:00,5,57,0
2024-09-21 09:00:00,4,70,0
2024-09-21 10:00:00,3,79,2
2024-09-21 11:00:00,10,74,0
2024-09-21 12:00:00,6,69,3
2024-09-21 13:00:00,3,68,0
2024-09-21 14:00:00,5,84,1
2024-09-21 15:00:00,6,77,0
2024-09-21 16:00:00,8,99,3
2024-09-21 17:00:00,9,85,3
2024-09-21 18:00:00,8,64,3
2024-09-21 19:00:00,3,42,2
2024-09-21 20:00:00,1,44,0
2024-09-21 21:00:00,0,25,1
2024-09-21 22:00:00,0,24,1
2024-09-21 23:00:00,0,13,1
2024-09-22 00:00:00,0,11,1
2024-09-22 01:00:00,3,11,0
2024-09-22 02:00:00,0,9,2
2024-09-22 03:00:00,0,4,0
2024-09-22 04:00:00,0,9,0
2024-09-22 05:00:00,0,12,0
2024-09-22 06:00:00,1,9,0
2024-09-22 07:00:00,3,12,0
2024-09-22 08:00:00,3,42,0
2024-09-22 09:00:00,3,54,0
2024-09-22 10:00:00,1,79,1
2024-09-22 11:00:00,0,50,0
2024-09-22 12:00:00,5,73,1
2024-09-22 13:00:00,4,71,2
2024-09-22 14:00:00,14,71,0
2024-09-22 15:00:00,9,71,0
2024-09-22 16:00:00,3,56,0
2024-09-22 17:00:00,7,57,0
2024-09-22 18:00:00,6,54,1
2024-09-22 19:00:00,1,38,2
2024-09-22 20:00:00,6,35,1
2024-09-22 21:00:00,2,18,0
2024-09-22 22:00:00,1,4,0
2024-09-22 23:00:00,0,16,0
2024-09-23 00:00:00,0,5,0
2024-09-23 01:00:00,0,6,0
2024-09-23 02:00:00,0,5,0
2024-09-23 03:00:00,0,11,0
2024-09-23 04:00:00,5,17,0
2024-09-23 05:00:00,1,32,2
2024-09-23 06:00:00,7,113,1
2024-09-23 07:00:00,45,307,4
2024-09-23 08:00:00,9,55,2
2024-09-23 09:00:00,7,37,0
2024-09-23 10:00:00,4,45,0
2024-09-23 11:00:00,4,52,1
2024-09-23 12:00:00,1,67,2
2024-09-23 13:00:00,6,151,3
2024-09-23 14:00:00,68,180,5
2024-09-23 15:00:00,11,115,4
2024-09-23 16:00:00,5,104,2
2024-09-23 17:00:00,7,95,1
2024-09-23 18:00:00,2,70,5
2024-09-23 19:00:00,3,45,2
2024-09-23 20:00:00,0,30,1
2024-09-23 21:00:00,0,25,1
2024-09-23 22:00:00,1,6,0
2024-09-23 23:00:00,0,3,1
2024-09-24 00:00:00,0,2,1
2024-09-24 01:00:00,1,3,0
2024-09-24 02:00:00,0,5,0
2024-09-24 03:00:00,0,5,0
2024-09-24 04:00:00,2,18,0
2024-09-24 05:00:00,2,33,0
2024-09-24 06:00:00,14,115,2
2024-09-24 07:00:00,70,287,7
2024-09-24 08:00:00,12,62,2
2024-09-24 09:00:00,14,40,2
2024-09-24 10:00:00,13,61,1
2024-09-24 11:00:00,8,57,0
2024-09-24 12:00:00,4,70,4
2024-09-24 13:00:00,29,117,2
2024-09-24 14:00:00,67,171,4
2024-09-24 15:00:00,14,106,5
2024-09-24 16:00:00,15,110,1
2024-09-24 17:00:00,11,104,1
2024-09-24 18:00:00,9,62,4
2024-09-24 19:00:00,1,53,1
2024-09-24 20:00:00,4,31,1
2024-09-24 21:00:00,1,20,1
2024-09-24 22:00:00,1,12,0
2024-09-24 23:00:00,2,8,0
2024-09-25 00:00:00,0,4,0
2024-09-25 01:00:00,0,1,0
2024-09-25 02:00:00,1,4,2
2024-09-25 03:00:00,0,5,0
2024-09-25 04:00:00,2,24,0
2024-09-25 05:00:00,2,30,2
2024-09-25 06:00:00,12,120,2
2024-09-25 07:00:00,65,272,8
2024-09-25 08:00:00,12,62,0
2024-09-25 09:00:00,13,42,2
2024-09-25 10:00:00,14,59,1
2024-09-25 11:00:00,12,75,2
2024-09-25 12:00:00,7,62,1
2024-09-25 13:00:00,14,131,0
2024-09-25 14:00:00,61,190,9
2024-09-25 15:00:00,11,120,8
2024-09-25 16:00:00,10,120,1
2024-09-25 17:00:00,8,96,0
2024-09-25 18:00:00,9,72,2
2024-09-25 19:00:00,3,39,1
2024-09-25 20:00:00,3,36,4
2024-09-25 21:00:00,0,29,1
2024-09-25 22:00:00,0,22,0
2024-09-25 23:00:00,0,6,0
2024-09-26 00:00:00,0,2,0
2024-09-26 01:00:00,3,1,0
2024-09-26 02:00:00,0,1,3
2024-09-26 03:00:00,0,3,1
2024-09-26 04:00:00,0,21,0
2024-09-26 05:00:00,3,31,0
2024-09-26 06:00:00,12,127,2
2024-09-26 07:00:00,75,281,4
2024-09-26 08:00:00,13,81,0
2024-09-26 09:00:00,5,58,2
2024-09-26 10:00:00,20,64,0
2024-09-26 11:00:00,16,73,1
2024-09-26 12:00:00,11,56,1
2024-09-26 13:00:00,20,141,1
2024-09-26 14:00:00,90,190,3
2024-09-26 15:00:00,9,84,7
2024-09-26 16:00:00,11,136,2
2024-09-26 17:00:00,10,101,0
2024-09-26 18:00:00,2,88,5
2024-09-26 19:00:00,3,79,5
2024-09-26 20:00:00,4,50,2
2024-09-26 21:00:00,1,29,0
2024-09-26 22:00:00,2,12,3
2024-09-26 23:00:00,0,4,1
2024-09-27 00:00:00,3,1,1
2024-09-27 01:00:00,0,4,0
2024-09-27 02:00:00,2,5,0
2024-09-27 03:00:00,0,3,0
2024-09-27 04:00:00,1,19,0
2024-09-27 05:00:00,2,30,10
2024-09-27 06:00:00,15,111,2
2024-09-27 07:00:00,45,293,4
2024-09-27 08:00:00,6,67,1
2024-09-27 09:00:00,11,60,0
2024-09-27 10:00:00,9,58,2
2024-09-27 11:00:00,7,72,2
2024-09-27 12:00:00,7,72,0
2024-09-27 13:00:00,26,146,3
2024-09-27 14:00:00,73,227,5
2024-09-27 15:00:00,2,110,1
2024-09-27 16:00:00,8,90,3
2024-09-27 17:00:00,12,106,7
2024-09-27 18:00:00,5,96,2
2024-09-27 19:00:00,3,62,2
2024-09-27 20:00:00,5,26,4
2024-09-27 21:00:00,1,49,2
2024-09-27 22:00:00,0,18,0
2024-09-27 23:00:00,0,14,0
2024-09-28 00:00:00,1,7,0
2024-09-28 01:00:00,0,8,0
2024-09-28 02:00:00,0,8,1
2024-09-28 03:00:00,4,10,0
2024-09-28 04:00:00,0,10,0
2024-09-28 05:00:00,0,11,0
2024-09-28 06:00:00,1,22,3
2024-09-28 07:00:00,1,43,1
2024-09-28 08:00:00,5,59,0
2024-09-28 09:00:00,2,56,2
2024-09-28 10:00:00,7,81,0
2024-09-28 11:00:00,14,93,1
2024-09-28 12:00:00,5,69,0
2024-09-28 13:00:00,6,88,0
2024-09-28 14:00:00,8,62,1
2024-09-28 15:00:00,13,64,3
2024-09-28 16:00:00,27,91,1
2024-09-28 17:00:00,9,98,1
2024-09-28 18:00:00,10,64,0
2024-09-28 19:00:00,1,50,2
2024-09-28 20:00:00,0,37,0
2024-09-28 21:00:00,0,23,1
2024-09-28 22:00:00,3,16,0
2024-09-28 23:00:00,1,17,1
2024-09-29 00:00:00,0,4,0
2024-09-29 01:00:00,1,15,0
2024-09-29 02:00:00,1,8,0
2024-09-29 03:00:00,0,4,0
2024-09-29 04:00:00,1,3,0
2024-09-29 05:00:00,1,10,0
2024-09-29 06:00:00,2,13,1
2024-09-29 07:00:00,8,22,0
2024-09-29 08:00:00,8,52,0
2024-09-29 09:00:00,6,50,4
2024-09-29 10:00:00,13,70,3
2024-09-29 11:00:00,5,88,2
2024-09-29 12:00:00,4,75,0
2024-09-29 13:00:00,16,80,0
2024-09-29 14:00:00,9,63,0
2024-09-29 15:00:00,8,78,1
2024-09-29 16:00:00,1,58,3
2024-09-29 17:00:00,1,58,0
2024-09-29 18:00:00,4,46,123
2024-09-29 19:00:00,0,45,147
2024-09-29 20:00:00,0,31,75
2024-09-29 21:00:00,0,16,35
2024-09-29 22:00:00,0,11,78
2024-09-29 23:00:00,0,6,23
2024-09-30 00:00:00,0,16,174
2024-09-30 01:00:00,0,6,234
2024-09-30 02:00:00,0,6,93
2024-09-30 03:00:00,0,4,261
2024-09-30 04:00:00,4,15,73
2024-09-30 05:00:00,1,29,2
2024-09-30 06:00:00,11,106,2
2024-09-30 07:00:00,53,273,5
2024-09-30 08:00:00,11,87,4
2024-09-30 09:00:00,4,54,0
2024-09-30 10:00:00,5,56,2
2024-09-30 11:00:00,15,60,2
2024-09-30 12:00:00,11,52,0
2024-09-30 13:00:00,26,140,1
2024-09-30 14:00:00,80,175,4
2024-09-30 15:00:00,12,118,6
2024-09-30 16:00:00,16,84,1
2024-09-30 17:00:00,12,97,1
2024-09-30 18:00:00,6,75,5
2024-09-30 19:00:00,2,72,4
2024-09-30 20:00:00,2,34,1
2024-09-30 21:00:00,1,23,2
2024-09-30 22:00:00,0,9,1
2024-09-30 23:00:00,0,7,0
2024-10-01 00:00:00,0,4,0
2024-10-01 01:00:00,0,2,0
2024-10-01 02:00:00,0,2,1
2024-10-01 03:00:00,0,5,1
2024-10-01 04:00:00,2,25,1
2024-10-01 05:00:00,1,26,1
2024-10-01 06:00:00,15,110,2
2024-10-01 07:00:00,59,317,8
2024-10-01 08:00:00,6,82,2
2024-10-01 09:00:00,10,36,0
2024-10-01 10:00:00,9,67,0
2024-10-01 11:00:00,9,73,2
2024-10-01 12:00:00,9,44,1
2024-10-01 13:00:00,14,137,4
2024-10-01 14:00:00,70,186,10
2024-10-01 15:00:00,15,99,3
2024-10-01 16:00:00,23,80,0
2024-10-01 17:00:00,18,113,2
2024-10-01 18:00:00,5,79,2
2024-10-01 19:00:00,5,49,3
2024-10-01 20:00:00,0,33,1
2024-10-01 21:00:00,3,17,1
2024-10-01 22:00:00,0,8,0
2024-10-01 23:00:00,0,2,2
2024-10-02 00:00:00,1,4,0
2024-10-02 01:00:00,0,3,0
2024-10-02 02:00:00,0,1,0
2024-10-02 03:00:00,1,4,0
2024-10-02 04:00:00,2,24,1
2024-10-02 05:00:00,2,27,22
2024-10-02 06:00:00,11,106,4
2024-10-02 07:00:00,61,302,9
2024-10-02 08:00:00,9,80,0
2024-10-02 09:00:00,5,58,0
2024-10-02 10:00:00,23,69,0
2024-10-02 11:00:00,18,70,1
2024-10-02 12:00:00,9,61,0
2024-10-02 13:00:00,30,112,4
2024-10-02 14:00:00,58,188,4
2024-10-02 15:00:00,12,99,7
2024-10-02 16:00:00,10,115,4
2024-10-02 17:00:00,7,112,2
2024-10-02 18:00:00,11,78,5
2024-10-02 19:00:00,4,58,1
2024-10-02 20:00:00,4,55,6
2024-10-02 21:00:00,3,22,2
2024-10-02 22:00:00,1,20,10
2024-10-02 23:00:00,1,4,1
2024-10-03 00:00:00,0,3,0
2024-10-03 01:00:00,0,0,216
2024-10-03 02:00:00,0,5,122
2024-10-03 03:00:00,0,6,1
2024-10-03 04:00:00,2,17,29
2024-10-03 05:00:00,3,37,54
2024-10-03 06:00:00,8,111,5
2024-10-03 07:00:00,75,298,7
2024-10-03 08:00:00,8,75,1
2024-10-03 09:00:00,11,58,2
2024-10-03 10:00:00,12,58,0
2024-10-03 11:00:00,10,62,1
2024-10-03 12:00:00,10,64,5
2024-10-03 13:00:00,19,134,3
2024-10-03 14:00:00,67,170,7
2024-10-03 15:00:00,19,111,8
2024-10-03 16:00:00,18,97,2
2024-10-03 17:00:00,8,116,2
2024-10-03 18:00:00,11,100,8
2024-10-03 19:00:00,3,69,3
2024-10-03 20:00:00,1,51,1
2024-10-03 21:00:00,0,17,3
2024-10-03 22:00:00,0,12,2
2024-10-03 23:00:00,0,9,0
2024-10-04 00:00:00,1,1,0
2024-10-04 01:00:00,0,5,0
2024-10-04 02:00:00,0,5,0
2024-10-04 03:00:00,0,3,0
2024-10-04 04:00:00,1,24,3
2024-10-04 05:00:00,2,27,0
2024-10-04 06:00:00,12,121,3
2024-10-04 07:00:00,64,285,9
2024-10-04 08:00:00,4,51,1
2024-10-04 09:00:00,9,58,0
2024-10-04 10:00:00,12,49,2
2024-10-04 11:00:00,18,64,2
2024-10-04 12:00:00,8,77,2
2024-10-04 13:00:00,17,124,2
2024-10-04 14:00:00,80,218,8
2024-10-04 15:00:00,23,112,2
2024-10-04 16:00:00,20,102,1
2024-10-04 17:00:00,12,110,5
2024-10-04 18:00:00,5,97,3
2024-10-04 19:00:00,1,64,4
2024-10-04 20:00:00,3,43,1
2024-10-04 21:00:00,4,52,0
2024-10-04 22:00:00,1,27,0
2024-10-04 23:00:00,3,10,0
2024-10-05 00:00:00,2,14,1
2024-10-05 01:00:00,0,4,0
2024-10-05 02:00:00,0,4,0
2024-10-05 03:00:00,0,5,0
2024-10-05 04:00:00,1,5,0
2024-10-05 05:00:00,5,16,1
2024-10-05 06:00:00,4,27,0
2024-10-05 07:00:00,3,35,0
2024-10-05 08:00:00,4,39,2
2024-10-05 09:00:00,3,70,0
2024-10-05 10:00:00,21,76,0
2024-10-05 11:00:00,1,76,0
2024-10-05 12:00:00,8,70,0
2024-10-05 13:00:00,10,71,1
2024-10-05 14:00:00,8,75,5
2024-10-05 15:00:00,19,88,0
2024-10-05 16:00:00,14,98,2
2024-10-05 17:00:00,16,90,2
2024-10-05 18:00:00,4,69,2
2024-10-05 19:00:00,7,53,2
2024-10-05 20:00:00,3,30,1
2024-10-05 21:00:00,2,33,1
2024-10-05 22:00:00,0,15,7
2024-10-05 23:00:00,1,10,0
2024-10-06 00:00:00,1,11,0
2024-10-06 01:00:00,0,8,3
2024-10-06 02:00:00,0,10,2
2024-10-06 03:00:00,0,4,0
2024-10-06 04:00:00,1,7,2
2024-10-06 05:00:00,1,13,2
2024-10-06 06:00:00,1,16,1
2024-10-06 07:00:00,5,13,0
2024-10-06 08:00:00,5,52,0
2024-10-06 09:00:00,8,48,0
2024-10-06 10:00:00,7,73,2
2024-10-06 11:00:00,9,83,3
2024-10-06 12:00:00,12,75,2
2024-10-06 13:00:00,18,71,0
2024-10-06 14:00:00,9,80,1
2024-10-06 15:00:00,8,90,1
2024-10-06 16:00:00,14,65,1
2024-10-06 17:00:00,7,64,2
2024-10-06 18:00:00,4,48,1
2024-10-06 19:00:00,12,48,2
2024-10-06 20:00:00,2,24,3
2024-10-06 21:00:00,0,25,0
2024-10-06 22:00:00,0,10,1
2024-10-06 23:00:00,1,8,0
2024-10-07 00:00:00,0,4,1
2024-10-07 01:00:00,1,3,0
2024-10-07 02:00:00,3,4,0
2024-10-07 03:00:00,0,8,0
2024-10-07 04:00:00,1,20,1
2024-10-07 05:00:00,4,35,0
2024-10-07 06:00:00,6,110,2
2024-10-07 07:00:00,53,304,6
2024-10-07 08:00:00,10,68,2
2024-10-07 09:00:00,9,46,0
2024-10-07 10:00:00,8,51,0
2024-10-07 11:00:00,11,57,2
2024-10-07 12:00:00,11,53,2
2024-10-07 13:00:00,25,112,3
2024-10-07 14:00:00,79,158,4
2024-10-07 15:00:00,16,108,7
2024-10-07 16:00:00,20,113,4
2024-10-07 17:00:00,17,119,0
2024-10-07 18:00:00,10,61,4
2024-10-07 19:00:00,0,45,2
2024-10-07 20:00:00,1,25,4
2024-10-07 21:00:00,0,11,2
2024-10-07 22:00:00,0,9,28
2024-10-07 23:00:00,0,8,1
2024-10-08 00:00:00,0,1,0
2024-10-08 01:00:00,1,2,3
2024-10-08 02:00:00,0,4,0
2024-10-08 03:00:00,1,4,0
2024-10-08 04:00:00,0,17,48
2024-10-08 05:00:00,1,43,3
2024-10-08 06:00:00,12,115,3
2024-10-08 07:00:00,57,294,10
2024-10-08 08:00:00,6,68,0
2024-10-08 09:00:00,2,41,1
2024-10-08 10:00:00,13,51,0
2024-10-08 11:00:00,7,53,1
2024-10-08 12:00:00,3,74,0
2024-10-08 13:00:00,15,134,5
2024-10-08 14:00:00,75,194,9
2024-10-08 15:00:00,8,93,4
2024-10-08 16:00:00,10,109,4
2024-10-08 17:00:00,10,111,3
2024-10-08 18:00:00,3,62,4
2024-10-08 19:00:00,2,40,4
2024-10-08 20:00:00,1,37,0
2024-10-08 21:00:00,0,25,0
2024-10-08 22:00:00,0,12,9
2024-10-08 23:00:00,1,7,1
2024-10-09 00:00:00,0,1,0
2024-10-09 01:00:00,0,5,0
2024-10-09 02:00:00,0,3,0
2024-10-09 03:00:00,0,6,1
2024-10-09 04:00:00,0,21,1
2024-10-09 05:00:00,1,36,1
2024-10-09 06:00:00,11,125,2
2024-10-09 07:00:00,70,296,9
2024-10-09 08:00:00,8,64,2
2024-10-09 09:00:00,11,54,0
2024-10-09 10:00:00,16,67,0
2024-10-09 11:00:00,22,55,0
2024-10-09 12:00:00,12,48,3
2024-10-09 13:00:00,20,113,0
2024-10-09 14:00:00,60,179,11
2024-10-09 15:00:00,15,108,6
2024-10-09 16:00:00,12,114,2
2024-10-09 17:00:00,15,102,2
2024-10-09 18:00:00,11,88,3
2024-10-09 19:00:00,4,54,5
2024-10-09 20:00:00,5,38,4
2024-10-09 21:00:00,3,21,0
2024-10-09 22:00:00,0,15,12
2024-10-09 23:00:00,2,12,3
2024-10-10 00:00:00,0,4,2
2024-10-10 01:00:00,0,4,1
2024-10-10 02:00:00,0,5,0
2024-10-10 03:00:00,0,6,1
2024-10-10 04:00:00,1,19,1
2024-10-10 05:00:00,1,35,1
2024-10-10 06:00:00,10,126,3
2024-10-10 07:00:00,63,316,5
2024-10-10 08:00:00,4,70,3
2024-10-10 09:00:00,4,55,2
2024-10-10 10:00:00,15,52,4
2024-10-10 11:00:00,10,72,2
2024-10-10 12:00:00,5,46,2
2024-10-10 13:00:00,24,125,1
2024-10-10 14:00:00,84,201,7
2024-10-10 15:00:00,15,97,8
2024-10-10 16:00:00,11,130,0
2024-10-10 17:00:00,11,104,0
2024-10-10 18:00:00,11,84,6
2024-10-10 19:00:00,5,53,1
2024-10-10 20:00:00,3,44,2
2024-10-10 21:00:00,0,27,1
2024-10-10 22:00:00,1,14,2
2024-10-10 23:00:00,1,9,7
2024-10-11 00:00:00,0,9,1
2024-10-11 01:00:00,0,3,0
2024-10-11 02:00:00,0,3,6
2024-10-11 03:00:00,0,3,11
2024-10-11 04:00:00,0,15,10
2024-10-11 05:00:00,0,37,2
2024-10-11 06:00:00,13,109,5
2024-10-11 07:00:00,52,301,5
2024-10-11 08:00:00,7,72,3
2024-10-11 09:00:00,3,50,0
2024-10-11 10:00:00,5,57,0
2024-10-11 11:00:00,19,76,1
2024-10-11 12:00:00,7,55,3
2024-10-11 13:00:00,23,128,3
2024-10-11 14:00:00,81,178,9
2024-10-11 15:00:00,12,107,2
2024-10-11 16:00:00,13,130,3
2024-10-11 17:00:00,13,135,2
2024-10-11 18:00:00,9,91,4
2024-10-11 19:00:00,8,49,2
2024-10-11 20:00:00,0,39,0
2024-10-11 21:00:00,3,44,1
2024-10-11 22:00:00,0,26,1
2024-10-11 23:00:00,0,11,5
2024-10-12 00:00:00,0,10,7
2024-10-12 01:00:00,4,7,1
2024-10-12 02:00:00,1,5,1
2024-10-12 03:00:00,1,8,0
2024-10-12 04:00:00,1,10,0
2024-10-12 05:00:00,0,10,0
2024-10-12 06:00:00,2,27,0
2024-10-12 07:00:00,0,34,0
2024-10-12 08:00:00,5,49,0
2024-10-12 09:00:00,7,66,2
2024-10-12 10:00:00,7,85,1
2024-10-12 11:00:00,5,89,0
2024-10-12 12:00:00,12,56,1
2024-10-12 13:00:00,6,92,1
2024-10-12 14:00:00,7,85,3
2024-10-12 15:00:00,12,94,1
2024-10-12 16:00:00,11,82,1
2024-10-12 17:00:00,8,78,1
2024-10-12 18:00:00,5,71,3
2024-10-12 19:00:00,4,58,2
2024-10-12 20:00:00,2,41,1
2024-10-12 21:00:00,1,39,4
2024-10-12 22:00:00,0,29,1
2024-10-12 23:00:00,0,24,3
2024-10-13 00:00:00,1,15,1
2024-10-13 01:00:00,0,9,2
2024-10-13 02:00:00,0,5,2
2024-10-13 03:00:00,1,10,7
2024-10-13 04:00:00,1,4,15
2024-10-13 05:00:00,0,14,11
2024-10-13 06:00:00,1,13,0
2024-10-13 07:00:00,0,31,0
2024-10-13 08:00:00,5,44,1
2024-10-13 09:00:00,11,71,1
2024-10-13 10:00:00,11,69,3
2024-10-13 11:00:00,3,73,0
2024-10-13 12:00:00,7,87,4
2024-10-13 13:00:00,10,86,1
2024-10-13 14:00:00,7,80,1
2024-10-13 15:00:00,6,89,0
2024-10-13 16:00:00,5,75,1
2024-10-13 17:00:00,14,64,2
2024-10-13 18:00:00,4,56,1
2024-10-13 19:00:00,1,39,2
2024-10-13 20:00:00,1,26,4
2024-10-13 21:00:00,3,10,0
2024-10-13 22:00:00,1,17,1
2024-10-13 23:00:00,0,3,8
2024-10-14 00:00:00,0,6,0
2024-10-14 01:00:00,2,4,1
2024-10-14 02:00:00,0,3,4
2024-10-14 03:00:00,0,5,0
2024-10-14 04:00:00,1,26,20
2024-10-14 05:00:00,0,35,7
2024-10-14 06:00:00,6,132,10
2024-10-14 07:00:00,51,295,4
2024-10-14 08:00:00,12,77,1
2024-10-14 09:00:00,5,48,0
2024-10-14 10:00:00,5,53,2
2024-10-14 11:00:00,9,59,3
2024-10-14 12:00:00,8,58,2
2024-10-14 13:00:00,18,132,0
2024-10-14 14:00:00,65,140,6
2024-10-14 15:00:00,10,123,5
2024-10-14 16:00:00,16,101,1
2024-10-14 17:00:00,13,108,8
2024-10-14 18:00:00,3,79,6
2024-10-14 19:00:00,2,48,1
2024-10-14 20:00:00,4,29,2
2024-10-14 21:00:00,2,20,1
2024-10-14 22:00:00,1,15,0
2024-10-14 23:00:00,0,3,0
2024-10-15 00:00:00,2,10,0
2024-10-15 01:00:00,0,4,0
2024-10-15 02:00:00,0,3,0
2024-10-15 03:00:00,0,4,1
2024-10-15 04:00:00,2,25,2
2024-10-15 05:00:00,0,46,7
2024-10-15 06:00:00,13,111,7
2024-10-15 07:00:00,53,301,4
2024-10-15 08:00:00,9,68,3
2024-10-15 09:00:00,11,45,4
2024-10-15 10:00:00,11,58,0
2024-10-15 11:00:00,5,56,2
2024-10-15 12:00:00,8,56,1
2024-10-15 13:00:00,22,124,3
2024-10-15 14:00:00,71,172,6
2024-10-15 15:00:00,22,129,6
2024-10-15 16:00:00,14,77,4
2024-10-15 17:00:00,8,103,5
2024-10-15 18:00:00,2,73,2
2024-10-15 19:00:00,1,47,3
2024-10-15 20:00:00,0,34,2
2024-10-15 21:00:00,0,23,3
2024-10-15 22:00:00,0,15,7
2024-10-15 23:00:00,0,5,4
2024-10-16 00:00:00,0,2,0
2024-10-16 01:00:00,2,4,1
2024-10-16 02:00:00,0,4,14
2024-10-16 03:00:00,0,7,1
2024-10-16 04:00:00,1,28,1
2024-10-16 05:00:00,1,43,13
2024-10-16 06:00:00,14,139,2
2024-10-16 07:00:00,37,326,7
2024-10-16 08:00:00,11,65,4
2024-10-16 09:00:00,6,51,1
2024-10-16 10:00:00,8,57,0
2024-10-16 11:00:00,8,53,0
2024-10-16 12:00:00,12,53,0
2024-10-16 13:00:00,18,137,4
2024-10-16 14:00:00,57,190,4
2024-10-16 15:00:00,17,129,7
2024-10-16 16:00:00,14,110,4
2024-10-16 17:00:00,2,94,3
2024-10-16 18:00:00,0,76,3
2024-10-16 19:00:00,1,55,3
2024-10-16 20:00:00,4,41,3
2024-10-16 21:00:00,0,20,2
2024-10-16 22:00:00,0,10,1
2024-10-16 23:00:00,1,8,0
2024-10-17 00:00:00,0,8,10
2024-10-17 01:00:00,0,2,0
2024-10-17 02:00:00,0,3,0
2024-10-17 03:00:00,0,3,2
2024-10-17 04:00:00,0,32,0
2024-10-17 05:00:00,1,31,1
2024-10-17 06:00:00,12,118,3
2024-10-17 07:00:00,58,307,5
2024-10-17 08:00:00,13,69,2
2024-10-17 09:00:00,11,64,0
2024-10-17 10:00:00,7,59,0
2024-10-17 11:00:00,12,63,2
2024-10-17 12:00:00,10,56,3
2024-10-17 13:00:00,17,140,1
2024-10-17 14:00:00,70,180,16
2024-10-17 15:00:00,20,102,8
2024-10-17 16:00:00,13,94,0
2024-10-17 17:00:00,17,143,3
2024-10-17 18:00:00,6,73,5
2024-10-17 19:00:00,0,56,1
2024-10-17 20:00:00,1,42,6
2024-10-17 21:00:00,8,26,2
2024-10-17 22:00:00,0,19,3
2024-10-17 23:00:00,2,8,1
2024-10-18 00:00:00,0,5,0
2024-10-18 01:00:00,0,4,0
2024-10-18 02:00:00,0,5,0
2024-10-18 03:00:00,1,6,0
2024-10-18 04:00:00,1,24,0
2024-10-18 05:00:00,0,36,2
2024-10-18 06:00:00,11,109,4
2024-10-18 07:00:00,53,293,8
2024-10-18 08:00:00,10,66,1
2024-10-18 09:00:00,10,50,0
2024-10-18 10:00:00,6,61,0
2024-10-18 11:00:00,8,70,2
2024-10-18 12:00:00,15,76,3
2024-10-18 13:00:00,23,131,7
2024-10-18 14:00:00,75,189,12
2024-10-18 15:00:00,12,111,2
2024-10-18 16:00:00,22,105,3
2024-10-18 17:00:00,1,126,1
2024-10-18 18:00:00,1,75,8
2024-10-18 19:00:00,3,63,3
2024-10-18 20:00:00,4,30,1
2024-10-18 21:00:00,1,33,3
2024-10-18 22:00:00,2,21,0
2024-10-18 23:00:00,0,20,4
2024-10-19 00:00:00,0,7,6
2024-10-19 01:00:00,0,9,1
2024-10-19 02:00:00,0,1,4
2024-10-19 03:00:00,1,4,0
2024-10-19 04:00:00,0,7,0
2024-10-19 05:00:00,1,7,1
2024-10-19 06:00:00,1,19,0
2024-10-19 07:00:00,1,49,0
2024-10-19 08:00:00,6,40,2
2024-10-19 09:00:00,9,70,2
2024-10-19 10:00:00,10,79,0
2024-10-19 11:00:00,16,98,3
2024-10-19 12:00:00,8,70,2
2024-10-19 13:00:00,17,85,0
2024-10-19 14:00:00,13,75,2
2024-10-19 15:00:00,5,73,1
2024-10-19 16:00:00,15,79,6
2024-10-19 17:00:00,9,80,3
2024-10-19 18:00:00,1,66,9
2024-10-19 19:00:00,1,42,6
2024-10-19 20:00:00,3,36,0
2024-10-19 21:00:00,0,40,1
2024-10-19 22:00:00,4,26,0
2024-10-19 23:00:00,4,17,1
2024-10-20 00:00:00,1,12,28
2024-10-20 01:00:00,2,6,2
2024-10-20 02:00:00,1,4,3
2024-10-20 03:00:00,0,6,1
2024-10-20 04:00:00,2,4,1
2024-10-20 05:00:00,2,14,8
2024-10-20 06:00:00,1,16,1
2024-10-20 07:00:00,3,15,0
2024-10-20 08:00:00,2,43,0
2024-10-20 09:00:00,3,57,0
2024-10-20 10:00:00,5,78,0
2024-10-20 11:00:00,2,89,0
2024-10-20 12:00:00,5,77,1
2024-10-20 13:00:00,11,83,2
2024-10-20 14:00:00,17,68,3
2024-10-20 15:00:00,12,77,1
2024-10-20 16:00:00,6,59,2
2024-10-20 17:00:00,9,73,3
2024-10-20 18:00:00,3,43,0
2024-10-20 19:00:00,0,38,2
2024-10-20 20:00:00,0,39,2
2024-10-20 21:00:00,4,30,0
2024-10-20 22:00:00,0,11,0
2024-10-20 23:00:00,0,7,1
2024-10-21 00:00:00,1,2,1
2024-10-21 01:00:00,1,3,0
2024-10-21 02:00:00,0,4,0
2024-10-21 03:00:00,0,7,1
2024-10-21 04:00:00,1,23,1
2024-10-21 05:00:00,1,34,2
2024-10-21 06:00:00,6,123,4
2024-10-21 07:00:00,52,277,8
2024-10-21 08:00:00,8,68,1
2024-10-21 09:00:00,6,56,0
2024-10-21 10:00:00,10,47,1
2024-10-21 11:00:00,8,53,3
2024-10-21 12:00:00,13,71,3
2024-10-21 13:00:00,25,133,1
2024-10-21 14:00:00,78,146,10
2024-10-21 15:00:00,16,112,9
2024-10-21 16:00:00,20,109,3
2024-10-21 17:00:00,13,120,4
2024-10-21 18:00:00,6,75,2
2024-10-21 19:00:00,3,55,2
2024-10-21 20:00:00,1,26,0
2024-10-21 21:00:00,5,14,0
2024-10-21 22:00:00,0,17,0
2024-10-21 23:00:00,4,11,0
2024-10-22 00:00:00,1,5,1
2024-10-22 01:00:00,0,4,0
2024-10-22 02:00:00,0,4,1
2024-10-22 03:00:00,0,3,1
2024-10-22 04:00:00,0,22,1
2024-10-22 05:00:00,0,38,2
2024-10-22 06:00:00,17,115,3
2024-10-22 07:00:00,56,261,10
2024-10-22 08:00:00,15,74,1
2024-10-22 09:00:00,10,45,0
2024-10-22 10:00:00,14,73,0
2024-10-22 11:00:00,9,60,0
2024-10-22 12:00:00,12,73,0
2024-10-22 13:00:00,22,146,1
2024-10-22 14:00:00,73,166,15
2024-10-22 15:00:00,15,119,8
2024-10-22 16:00:00,14,109,2
2024-10-22 17:00:00,12,120,7
2024-10-22 18:00:00,4,74,5
2024-10-22 19:00:00,2,53,0
2024-10-22 20:00:00,0,35,0
2024-10-22 21:00:00,0,34,1
2024-10-22 22:00:00,0,17,0
2024-10-22 23:00:00,0,7,0
2024-10-23 00:00:00,0,2,1
2024-10-23 01:00:00,0,1,0
2024-10-23 02:00:00,0,2,1
2024-10-23 03:00:00,2,4,1
2024-10-23 04:00:00,1,19,2
2024-10-23 05:00:00,1,38,3
2024-10-23 06:00:00,11,122,3
2024-10-23 07:00:00,72,299,12
2024-10-23 08:00:00,12,60,0
2024-10-23 09:00:00,14,58,1
2024-10-23 10:00:00,8,47,0
2024-10-23 11:00:00,5,59,0
2024-10-23 12:00:00,11,68,0
2024-10-23 13:00:00,19,117,0
2024-10-23 14:00:00,88,163,10
2024-10-23 15:00:00,27,132,7
2024-10-23 16:00:00,15,103,2
2024-10-23 17:00:00,9,89,7
2024-10-23 18:00:00,6,68,3
2024-10-23 19:00:00,3,57,1
2024-10-23 20:00:00,2,37,1
2024-10-23 21:00:00,1,30,1
2024-10-23 22:00:00,1,20,0
2024-10-23 23:00:00,2,12,4
2024-10-24 00:00:00,0,5,0
2024-10-24 01:00:00,0,3,1
2024-10-24 02:00:00,0,2,0
2024-10-24 03:00:00,1,4,1
2024-10-24 04:00:00,4,26,0
2024-10-24 05:00:00,0,36,2
2024-10-24 06:00:00,14,114,4
2024-10-24 07:00:00,59,292,7
2024-10-24 08:00:00,12,74,0
2024-10-24 09:00:00,9,55,1
2024-10-24 10:00:00,8,54,1
2024-10-24 11:00:00,10,64,1
2024-10-24 12:00:00,7,78,2
2024-10-24 13:00:00,18,145,0
2024-10-24 14:00:00,61,182,5
2024-10-24 15:00:00,12,110,5
2024-10-24 16:00:00,19,113,0
2024-10-24 17:00:00,2,117,0
2024-10-24 18:00:00,7,69,3
2024-10-24 19:00:00,6,70,5
2024-10-24 20:00:00,2,43,2
2024-10-24 21:00:00,1,31,0
2024-10-24 22:00:00,1,14,0
2024-10-24 23:00:00,0,16,0
2024-10-25 00:00:00,0,2,0
2024-10-25 01:00:00,1,2,0
2024-10-25 02:00:00,0,3,0
2024-10-25 03:00:00,0,6,0
2024-10-25 04:00:00,3,14,1
2024-10-25 05:00:00,0,26,1
2024-10-25 06:00:00,7,103,2
2024-10-25 07:00:00,10,116,6
2024-10-25 08:00:00,8,63,1
2024-10-25 09:00:00,8,63,2
2024-10-25 10:00:00,3,70,0
2024-10-25 11:00:00,13,65,4
2024-10-25 12:00:00,7,81,1
2024-10-25 13:00:00,10,102,1
2024-10-25 14:00:00,19,125,5
2024-10-25 15:00:00,13,94,1
2024-10-25 16:00:00,27,112,1
2024-10-25 17:00:00,14,116,5
2024-10-25 18:00:00,5,76,3
2024-10-25 19:00:00,6,61,4
2024-10-25 20:00:00,2,54,3
2024-10-25 21:00:00,0,43,1
2024-10-25 22:00:00,0,23,0
2024-10-25 23:00:00,0,23,0
2024-10-26 00:00:00,0,11,0
2024-10-26 01:00:00,0,11,0
2024-10-26 02:00:00,0,2,1
2024-10-26 03:00:00,0,6,0
2024-10-26 04:00:00,0,9,1
2024-10-26 05:00:00,2,5,0
2024-10-26 06:00:00,5,19,0
2024-10-26 07:00:00,10,39,2
2024-10-26 08:00:00,6,40,1
2024-10-26 09:00:00,8,85,0
2024-10-26 10:00:00,16,72,5
2024-10-26 11:00:00,13,88,1
2024-10-26 12:00:00,10,78,1
2024-10-26 13:00:00,8,82,1
2024-10-26 14:00:00,8,82,1
2024-10-26 15:00:00,4,94,1
2024-10-26 16:00:00,10,89,0
2024-10-26 17:00:00,10,98,8
2024-10-26 18:00:00,5,59,0
2024-10-26 19:00:00,5,66,4
2024-10-26 20:00:00,4,36,3
2024-10-26 21:00:00,1,39,1
2024-10-26 22:00:00,0,21,0
2024-10-26 23:00:00,1,16,2
2024-10-27 00:00:00,1,15,0
2024-10-27 01:00:00,0,10,0
2024-10-27 02:00:00,2,5,0
2024-10-27 03:00:00,0,7,0
2024-10-27 04:00:00,0,13,0
2024-10-27 05:00:00,1,2,0
2024-10-27 06:00:00,0,12,1
2024-10-27 07:00:00,0,20,0
2024-10-27 08:00:00,2,21,0
2024-10-27 09:00:00,9,61,1
2024-10-27 10:00:00,8,63,0
2024-10-27 11:00:00,11,83,1
2024-10-27 12:00:00,11,84,2
2024-10-27 13:00:00,18,90,1
2024-10-27 14:00:00,6,90,2
2024-10-27 15:00:00,8,81,1
2024-10-27 16:00:00,6,83,2
2024-10-27 17:00:00,6,74,7
2024-10-27 18:00:00,1,60,3
2024-10-27 19:00:00,1,35,0
2024-10-27 20:00:00,1,40,4
2024-10-27 21:00:00,2,29,2
2024-10-27 22:00:00,0,18,3
2024-10-27 23:00:00,0,13,0
2024-10-28 00:00:00,1,7,2
2024-10-28 01:00:00,0,2,1
2024-10-28 02:00:00,0,7,0
2024-10-28 03:00:00,3,4,1
2024-10-28 04:00:00,0,2,1
2024-10-28 05:00:00,1,21,0
2024-10-28 06:00:00,0,38,0
2024-10-28 07:00:00,3,76,0
2024-10-28 08:00:00,5,62,1
2024-10-28 09:00:00,6,38,0
2024-10-28 10:00:00,14,53,1
2024-10-28 11:00:00,10,52,0
2024-10-28 12:00:00,8,47,4
2024-10-28 13:00:00,10,63,3
2024-10-28 14:00:00,14,49,1
2024-10-28 15:00:00,11,71,3
2024-10-28 16:00:00,7,85,2
2024-10-28 17:00:00,2,96,3
2024-10-28 18:00:00,7,104,4
2024-10-28 19:00:00,0,61,3
2024-10-28 20:00:00,0,45,3
2024-10-28 21:00:00,1,32,1
2024-10-28 22:00:00,0,18,2
2024-10-28 23:00:00,0,10,0
2024-10-29 00:00:00,1,8,6
2024-10-29 01:00:00,0,2,3
2024-10-29 02:00:00,0,4,0
2024-10-29 03:00:00,0,3,0
2024-10-29 04:00:00,0,2,0
2024-10-29 05:00:00,3,20,1
2024-10-29 06:00:00,0,30,3
2024-10-29 07:00:00,3,67,1
2024-10-29 08:00:00,1,67,2
2024-10-29 09:00:00,17,57,0
2024-10-29 10:00:00,11,38,0
2024-10-29 11:00:00,8,56,0
2024-10-29 12:00:00,15,59,1
2024-10-29 13:00:00,11,69,4
2024-10-29 14:00:00,7,59,0
2024-10-29 15:00:00,11,51,0
2024-10-29 16:00:00,8,87,3
2024-10-29 17:00:00,4,106,5
2024-10-29 18:00:00,3,91,4
2024-10-29 19:00:00,3,62,6
2024-10-29 20:00:00,1,51,6
2024-10-29 21:00:00,6,42,5
2024-10-29 22:00:00,0,32,1
2024-10-29 23:00:00,0,15,0
2024-10-30 00:00:00,0,6,0
2024-10-30 01:00:00,0,3,1
2024-10-30 02:00:00,0,1,0
2024-10-30 03:00:00,1,3,0
2024-10-30 04:00:00,0,3,2
2024-10-30 05:00:00,4,19,0
2024-10-30 06:00:00,1,37,1
2024-10-30 07:00:00,9,69,0
2024-10-30 08:00:00,3,46,2
2024-10-30 09:00:00,4,38,0
2024-10-30 10:00:00,9,35,0
2024-10-30 11:00:00,15,52,3
2024-10-30 12:00:00,12,51,1
2024-10-30 13:00:00,18,65,1
2024-10-30 14:00:00,10,66,1
2024-10-30 15:00:00,13,61,2
2024-10-30 16:00:00,15,83,1
2024-10-30 17:00:00,13,95,3
2024-10-30 18:00:00,4,108,3
2024-10-30 19:00:00,10,69,9
2024-10-30 20:00:00,3,47,1
2024-10-30 21:00:00,2,37,2
2024-10-30 22:00:00,0,20,1
2024-10-30 23:00:00,2,15,1
2024-10-31 00:00:00,0,7,0
2024-10-31 01:00:00,0,5,0
2024-10-31 02:00:00,0,4,0
2024-10-31 03:00:00,0,2,0
2024-10-31 04:00:00,0,5,2
2024-10-31 05:00:00,1,18,0
2024-10-31 06:00:00,1,33,0
2024-10-31 07:00:00,3,59,2
2024-10-31 08:00:00,2,46,3
2024-10-31 09:00:00,7,55,1
2024-10-31 10:00:00,8,36,0
2024-10-31 11:00:00,6,49,1
2024-10-31 12:00:00,17,69,0
2024-10-31 13:00:00,21,66,3
2024-10-31 14:00:00,14,57,1
2024-10-31 15:00:00,23,73,5
2024-10-31 16:00:00,10,91,2
2024-10-31 17:00:00,20,113,3
2024-10-31 18:00:00,8,97,7
2024-10-31 19:00:00,6,100,6
2024-10-31 20:00:00,1,61,1
2024-10-31 21:00:00,0,45,1
2024-10-31 22:00:00,3,23,2
2024-10-31 23:00:00,1,14,2
2024-11-01 00:00:00,1,11,1
2024-11-01 01:00:00,0,7,0
2024-11-01 02:00:00,0,6,0
2024-11-01 03:00:00,0,2,0
2024-11-01 04:00:00,0,9,2
2024-11-01 05:00:00,0,18,0
2024-11-01 06:00:00,1,29,0
2024-11-01 07:00:00,7,52,2
2024-11-01 08:00:00,4,41,1
2024-11-01 09:00:00,8,31,0
2024-11-01 10:00:00,6,44,0
2024-11-01 11:00:00,7,54,1
2024-11-01 12:00:00,6,70,5
2024-11-01 13:00:00,5,85,1
2024-11-01 14:00:00,5,72,2
2024-11-01 15:00:00,5,72,1
2024-11-01 16:00:00,27,106,1
2024-11-01 17:00:00,4,129,5
2024-11-01 18:00:00,5,101,2
2024-11-01 19:00:00,6,87,4
2024-11-01 20:00:00,4,64,0
2024-11-01 21:00:00,6,31,1
2024-11-01 22:00:00,3,32,1
2024-11-01 23:00:00,2,20,0
2024-11-02 00:00:00,0,20,0
2024-11-02 01:00:00,1,8,0
2024-11-02 02:00:00,1,5,1
2024-11-02 03:00:00,0,3,0
2024-11-02 04:00:00,0,7,0
2024-11-02 05:00:00,2,11,2
2024-11-02 06:00:00,0,20,0
2024-11-02 07:00:00,3,13,0
2024-11-02 08:00:00,7,34,0
2024-11-02 09:00:00,4,47,3
2024-11-02 10:00:00,7,58,5
2024-11-02 11:00:00,8,61,0
2024-11-02 12:00:00,12,87,0
2024-11-02 13:00:00,10,84,1
2024-11-02 14:00:00,23,89,0
2024-11-02 15:00:00,9,78,2
2024-11-02 16:00:00,11,86,5
2024-11-02 17:00:00,11,88,4
2024-11-02 18:00:00,2,86,3
2024-11-02 19:00:00,3,93,3
2024-11-02 20:00:00,2,41,2
2024-11-02 21:00:00,1,46,0
2024-11-02 22:00:00,7,20,0
2024-11-02 23:00:00,0,29,3
2024-11-03 00:00:00,0,22,0
2024-11-03 01:00:00,1,14,0
2024-11-03 02:00:00,0,8,0
2024-11-03 03:00:00,1,8,0
2024-11-03 04:00:00,0,10,0
2024-11-03 05:00:00,0,11,1
2024-11-03 06:00:00,3,10,0
2024-11-03 07:00:00,1,21,0
2024-11-03 08:00:00,1,23,0
2024-11-03 09:00:00,6,40,0
2024-11-03 10:00:00,16,52,3
2024-11-03 11:00:00,5,65,0
2024-11-03 12:00:00,5,89,0
2024-11-03 13:00:00,21,84,0
2024-11-03 14:00:00,11,61,2
2024-11-03 15:00:00,15,86,0
2024-11-03 16:00:00,4,81,0
2024-11-03 17:00:00,6,82,4
2024-11-03 18:00:00,4,67,8
2024-11-03 19:00:00,3,52,2
2024-11-03 20:00:00,0,37,1
2024-11-03 21:00:00,4,28,3
2024-11-03 22:00:00,3,23,2
2024-11-03 23:00:00,0,13,0
2024-11-04 00:00:00,1,4,3
2024-11-04 01:00:00,0,0,0
2024-11-04 02:00:00,0,4,0
2024-11-04 03:00:00,0,3,0
2024-11-04 04:00:00,0,7,1
2024-11-04 05:00:00,0,22,0
2024-11-04 06:00:00,1,35,0
2024-11-04 07:00:00,7,126,3
2024-11-04 08:00:00,44,259,6
2024-11-04 09:00:00,16,62,1
2024-11-04 10:00:00,3,40,1
2024-11-04 11:00:00,12,38,0
2024-11-04 12:00:00,6,82,2
2024-11-04 13:00:00,7,55,1
2024-11-04 14:00:00,12,124,0
2024-11-04 15:00:00,60,147,2
2024-11-04 16:00:00,13,131,7
2024-11-04 17:00:00,4,107,13
2024-11-04 18:00:00,3,82,2
2024-11-04 19:00:00,2,86,4
2024-11-04 20:00:00,4,49,1
2024-11-04 21:00:00,0,41,3
2024-11-04 22:00:00,1,23,2
2024-11-04 23:00:00,0,10,0
2024-11-05 00:00:00,0,13,0
2024-11-05 01:00:00,0,1,0
2024-11-05 02:00:00,0,1,0
2024-11-05 03:00:00,0,2,0
2024-11-05 04:00:00,0,6,1
2024-11-05 05:00:00,2,20,0
2024-11-05 06:00:00,0,35,0
2024-11-05 07:00:00,12,116,3
2024-11-05 08:00:00,39,319,2
2024-11-05 09:00:00,8,70,4
2024-11-05 10:00:00,5,39,1
2024-11-05 11:00:00,3,57,0
2024-11-05 12:00:00,12,59,1
2024-11-05 13:00:00,6,72,1
2024-11-05 14:00:00,12,127,1
2024-11-05 15:00:00,65,197,4
2024-11-05 16:00:00,34,116,9
2024-11-05 17:00:00,9,118,14
2024-11-05 18:00:00,4,92,5
2024-11-05 19:00:00,3,74,9
2024-11-05 20:00:00,3,63,2
2024-11-05 21:00:00,1,46,1
2024-11-05 22:00:00,0,17,1
2024-11-05 23:00:00,0,14,2
2024-11-06 00:00:00,0,7,0
2024-11-06 01:00:00,1,3,0
2024-11-06 02:00:00,0,1,0
2024-11-06 03:00:00,0,1,0
2024-11-06 04:00:00,3,6,1
2024-11-06 05:00:00,3,21,0
2024-11-06 06:00:00,4,31,0
2024-11-06 07:00:00,11,123,2
2024-11-06 08:00:00,52,300,6
2024-11-06 09:00:00,13,75,2
2024-11-06 10:00:00,9,30,1
2024-11-06 11:00:00,7,42,1
2024-11-06 12:00:00,14,48,1
2024-11-06 13:00:00,13,59,1
2024-11-06 14:00:00,12,125,2
2024-11-06 15:00:00,58,178,2
2024-11-06 16:00:00,12,131,8
2024-11-06 17:00:00,5,129,9
2024-11-06 18:00:00,8,123,9
2024-11-06 19:00:00,3,71,5
2024-11-06 20:00:00,2,49,4
2024-11-06 21:00:00,2,37,1
2024-11-06 22:00:00,2,29,0
2024-11-06 23:00:00,1,12,0
2024-11-07 00:00:00,1,10,2
2024-11-07 01:00:00,0,3,0
2024-11-07 02:00:00,0,4,0
2024-11-07 03:00:00,1,4,0
2024-11-07 04:00:00,2,3,0
2024-11-07 05:00:00,2,26,0
2024-11-07 06:00:00,1,42,0
2024-11-07 07:00:00,12,132,3
2024-11-07 08:00:00,57,301,8
2024-11-07 09:00:00,11,78,0
2024-11-07 10:00:00,9,45,0
2024-11-07 11:00:00,6,52,0
2024-11-07 12:00:00,18,80,0
2024-11-07 13:00:00,11,73,5
2024-11-07 14:00:00,18,116,0
2024-11-07 15:00:00,77,185,10
2024-11-07 16:00:00,13,111,9
2024-11-07 17:00:00,4,111,32
2024-11-07 18:00:00,5,121,9
2024-11-07 19:00:00,4,79,6
2024-11-07 20:00:00,5,51,1
2024-11-07 21:00:00,2,48,0
2024-11-07 22:00:00,2,33,1
2024-11-07 23:00:00,0,13,1
2024-11-08 00:00:00,0,4,0
2024-11-08 01:00:00,0,6,0
2024-11-08 02:00:00,0,5,1
2024-11-08 03:00:00,1,6,1
2024-11-08 04:00:00,1,4,0
2024-11-08 05:00:00,2,18,2
2024-11-08 06:00:00,2,45,0
2024-11-08 07:00:00,11,133,3
2024-11-08 08:00:00,62,294,5
2024-11-08 09:00:00,17,53,1
2024-11-08 10:00:00,9,50,0
2024-11-08 11:00:00,8,45,1
2024-11-08 12:00:00,10,52,0
2024-11-08 13:00:00,9,70,1
2024-11-08 14:00:00,19,139,4
2024-11-08 15:00:00,58,207,8
2024-11-08 16:00:00,7,105,1
2024-11-08 17:00:00,12,121,5
2024-11-08 18:00:00,3,100,2
2024-11-08 19:00:00,2,73,3
2024-11-08 20:00:00,4,49,2
2024-11-08 21:00:00,2,41,1
2024-11-08 22:00:00,0,34,1
2024-11-08 23:00:00,0,23,4
2024-11-09 00:00:00,3,12,1
2024-11-09 01:00:00,4,11,2
2024-11-09 02:00:00,1,8,1
2024-11-09 03:00:00,0,1,0
2024-11-09 04:00:00,1,7,0
2024-11-09 05:00:00,0,7,2
2024-11-09 06:00:00,1,18,0
2024-11-09 07:00:00,2,19,0
2024-11-09 08:00:00,2,35,0
2024-11-09 09:00:00,7,48,4
2024-11-09 10:00:00,2,55,1
2024-11-09 11:00:00,10,85,1
2024-11-09 12:00:00,9,82,1
2024-11-09 13:00:00,17,84,0
2024-11-09 14:00:00,11,85,0
2024-11-09 15:00:00,12,86,0
2024-11-09 16:00:00,12,72,4
2024-11-09 17:00:00,9,109,5
2024-11-09 18:00:00,5,85,5
2024-11-09 19:00:00,2,74,0
2024-11-09 20:00:00,4,54,2
2024-11-09 21:00:00,2,38,1
2024-11-09 22:00:00,0,29,0
2024-11-09 23:00:00,3,27,0
2024-11-10 00:00:00,0,18,0
2024-11-10 01:00:00,0,11,1
2024-11-10 02:00:00,2,12,0
2024-11-10 03:00:00,0,13,0
2024-11-10 04:00:00,2,16,0
2024-11-10 05:00:00,1,6,0
2024-11-10 06:00:00,0,18,0
2024-11-10 07:00:00,3,17,0
2024-11-10 08:00:00,1,20,0
2024-11-10 09:00:00,2,37,0
2024-11-10 10:00:00,9,56,0
2024-11-10 11:00:00,14,69,1
2024-11-10 12:00:00,8,71,1
2024-11-10 13:00:00,11,70,1
2024-11-10 14:00:00,12,72,1
2024-11-10 15:00:00,4,66,1
2024-11-10 16:00:00,11,61,2
2024-11-10 17:00:00,4,79,3
2024-11-10 18:00:00,3,72,5
2024-11-10 19:00:00,0,57,5
2024-11-10 20:00:00,0,35,2
2024-11-10 21:00:00,0,35,5
2024-11-10 22:00:00,0,35,2
2024-11-10 23:00:00,0,17,0
2024-11-11 00:00:00,3,14,3
2024-11-11 01:00:00,2,6,0
2024-11-11 02:00:00,0,5,2
2024-11-11 03:00:00,0,4,0
2024-11-11 04:00:00,0,10,2
2024-11-11 05:00:00,2,17,1
2024-11-11 06:00:00,1,46,0
2024-11-11 07:00:00,9,135,2
2024-11-11 08:00:00,54,311,2
2024-11-11 09:00:00,11,73,2
2024-11-11 10:00:00,13,51,0
2024-11-11 11:00:00,7,58,1
2024-11-11 12:00:00,8,47,1
2024-11-11 13:00:00,5,57,2
2024-11-11 14:00:00,17,151,3
2024-11-11 15:00:00,64,164,5
2024-11-11 16:00:00,17,125,8
2024-11-11 17:00:00,7,96,15
2024-11-11 18:00:00,6,109,7
2024-11-11 19:00:00,4,81,5
2024-11-11 20:00:00,3,63,2
2024-11-11 21:00:00,4,43,0
2024-11-11 22:00:00,1,9,2
2024-11-11 23:00:00,9,12,3
2024-11-12 00:00:00,4,7,1
2024-11-12 01:00:00,0,2,0
2024-11-12 02:00:00,0,3,0
2024-11-12 03:00:00,0,1,0
2024-11-12 04:00:00,0,6,2
2024-11-12 05:00:00,5,21,4
2024-11-12 06:00:00,2,36,0
2024-11-12 07:00:00,17,99,9
2024-11-12 08:00:00,55,308,4
2024-11-12 09:00:00,15,77,0
2024-11-12 10:00:00,7,41,2
2024-11-12 11:00:00,8,55,3
2024-11-12 12:00:00,17,57,1
2024-11-12 13:00:00,5,76,1
2024-11-12 14:00:00,20,126,2
2024-11-12 15:00:00,72,197,2
2024-11-12 16:00:00,20,146,4
2024-11-12 17:00:00,9,102,12
2024-11-12 18:00:00,3,116,4
2024-11-12 19:00:00,0,71,6
2024-11-12 20:00:00,0,39,1
2024-11-12 21:00:00,2,35,1
2024-11-12 22:00:00,1,23,1
2024-11-12 23:00:00,1,10,0
2024-11-13 00:00:00,0,14,0
2024-11-13 01:00:00,0,1,0
2024-11-13 02:00:00,0,3,0
2024-11-13 03:00:00,0,1,0
2024-11-13 04:00:00,3,4,4
2024-11-13 05:00:00,3,28,1
2024-11-13 06:00:00,2,44,0
2024-11-13 07:00:00,8,114,2
2024-11-13 08:00:00,44,336,3
2024-11-13 09:00:00,11,62,3
2024-11-13 10:00:00,9,60,0
2024-11-13 11:00:00,4,55,0
2024-11-13 12:00:00,20,78,1
2024-11-13 13:00:00,12,73,1
2024-11-13 14:00:00,15,144,1
2024-11-13 15:00:00,70,184,7
2024-11-13 16:00:00,22,117,7
2024-11-13 17:00:00,7,107,4
2024-11-13 18:00:00,4,130,4
2024-11-13 19:00:00,4,76,5
2024-11-13 20:00:00,7,51,2
2024-11-13 21:00:00,3,32,0
2024-11-13 22:00:00,1,15,1
2024-11-13 23:00:00,0,23,2
2024-11-14 00:00:00,0,4,0
2024-11-14 01:00:00,1,2,0
2024-11-14 02:00:00,0,1,0
2024-11-14 03:00:00,0,3,0
2024-11-14 04:00:00,0,4,3
2024-11-14 05:00:00,2,27,1
2024-11-14 06:00:00,1,42,1
2024-11-14 07:00:00,6,132,5
2024-11-14 08:00:00,43,280,11
2024-11-14 09:00:00,5,78,1
2024-11-14 10:00:00,5,49,2
2024-11-14 11:00:00,9,52,1
2024-11-14 12:00:00,10,72,0
2024-11-14 13:00:00,10,59,3
2024-11-14 14:00:00,18,126,5
2024-11-14 15:00:00,83,185,10
2024-11-14 16:00:00,17,130,6
2024-11-14 17:00:00,8,119,10
2024-11-14 18:00:00,3,116,14
2024-11-14 19:00:00,4,73,7
2024-11-14 20:00:00,2,63,4
2024-11-14 21:00:00,2,32,1
2024-11-14 22:00:00,0,34,0
2024-11-14 23:00:00,0,10,0
2024-11-15 00:00:00,1,5,2
2024-11-15 01:00:00,0,3,0
2024-11-15 02:00:00,0,4,1
2024-11-15 03:00:00,0,7,0
2024-11-15 04:00:00,0,7,2
2024-11-15 05:00:00,3,23,1
2024-11-15 06:00:00,0,40,0
2024-11-15 07:00:00,8,112,6
2024-11-15 08:00:00,58,296,3
2024-11-15 09:00:00,11,71,3
2024-11-15 10:00:00,9,51,1
2024-11-15 11:00:00,7,55,1
2024-11-15 12:00:00,9,51,1
2024-11-15 13:00:00,7,83,6
2024-11-15 14:00:00,11,137,1
2024-11-15 15:00:00,71,220,5
2024-11-15 16:00:00,8,118,6
2024-11-15 17:00:00,4,112,8
2024-11-15 18:00:00,12,93,1
2024-11-15 19:00:00,6,56,4
2024-11-15 20:00:00,3,53,4
2024-11-15 21:00:00,0,42,1
2024-11-15 22:00:00,1,24,6
2024-11-15 23:00:00,1,22,0
2024-11-16 00:00:00,0,10,1
2024-11-16 01:00:00,4,8,0
2024-11-16 02:00:00,0,6,0
2024-11-16 03:00:00,0,1,0
2024-11-16 04:00:00,0,5,0
2024-11-16 05:00:00,0,8,2
2024-11-16 06:00:00,0,11,0
2024-11-16 07:00:00,2,18,0
2024-11-16 08:00:00,3,44,1
2024-11-16 09:00:00,1,53,2
2024-11-16 10:00:00,10,74,0
2024-11-16 11:00:00,9,64,3
2024-11-16 12:00:00,6,99,0
2024-11-16 13:00:00,6,71,4
2024-11-16 14:00:00,9,58,5
2024-11-16 15:00:00,9,77,0
2024-11-16 16:00:00,16,88,2
2024-11-16 17:00:00,2,88,3
2024-11-16 18:00:00,7,87,5
2024-11-16 19:00:00,6,50,6
2024-11-16 20:00:00,0,32,4
2024-11-16 21:00:00,0,31,3
2024-11-16 22:00:00,3,32,1
2024-11-16 23:00:00,1,20,0
2024-11-17 00:00:00,0,13,0
2024-11-17 01:00:00,1,17,0
2024-11-17 02:00:00,0,7,0
2024-11-17 03:00:00,2,9,0
2024-11-17 04:00:00,0,5,2
2024-11-17 05:00:00,1,7,0
2024-11-17 06:00:00,1,14,0
2024-11-17 07:00:00,0,20,0
2024-11-17 08:00:00,3,18,0
2024-11-17 09:00:00,7,38,1
2024-11-17 10:00:00,4,56,0
2024-11-17 11:00:00,8,65,2
2024-11-17 12:00:00,8,85,3
2024-11-17 13:00:00,15,71,2
2024-11-17 14:00:00,21,72,3
2024-11-17 15:00:00,7,84,2
2024-11-17 16:00:00,16,74,5
2024-11-17 17:00:00,6,63,3
2024-11-17 18:00:00,2,67,6
2024-11-17 19:00:00,0,53,3
2024-11-17 20:00:00,2,43,1
2024-11-17 21:00:00,1,27,0
2024-11-17 22:00:00,1,23,1
2024-11-17 23:00:00,5,15,1
2024-11-18 00:00:00,0,4,0
2024-11-18 01:00:00,0,2,0
2024-11-18 02:00:00,0,5,0
2024-11-18 03:00:00,0,1,0
2024-11-18 04:00:00,0,7,1
2024-11-18 05:00:00,1,21,2
2024-11-18 06:00:00,0,30,1
2024-11-18 07:00:00,12,124,2
2024-11-18 08:00:00,48,312,4
2024-11-18 09:00:00,6,68,1
2024-11-18 10:00:00,10,35,3
2024-11-18 11:00:00,5,58,2
2024-11-18 12:00:00,6,66,0
2024-11-18 13:00:00,15,50,2
2024-11-18 14:00:00,15,147,5
2024-11-18 15:00:00,54,179,4
2024-11-18 16:00:00,7,119,2
2024-11-18 17:00:00,2,104,11
2024-11-18 18:00:00,1,111,4
2024-11-18 19:00:00,0,58,0
2024-11-18 20:00:00,0,55,2
2024-11-18 21:00:00,0,32,1
2024-11-18 22:00:00,0,37,1
2024-11-18 23:00:00,1,13,0
2024-11-19 00:00:00,2,3,0
2024-11-19 01:00:00,0,1,2
2024-11-19 02:00:00,0,2,0
2024-11-19 03:00:00,0,3,0
2024-11-19 04:00:00,0,3,7
2024-11-19 05:00:00,1,22,2
2024-11-19 06:00:00,0,51,2
2024-11-19 07:00:00,9,136,2
2024-11-19 08:00:00,58,314,5
2024-11-19 09:00:00,11,64,2
2024-11-19 10:00:00,4,56,1
2024-11-19 11:00:00,4,44,0
2024-11-19 12:00:00,7,73,1
2024-11-19 13:00:00,8,78,2
2024-11-19 14:00:00,14,149,3
2024-11-19 15:00:00,73,202,1
2024-11-19 16:00:00,9,132,7
2024-11-19 17:00:00,3,109,5
2024-11-19 18:00:00,11,103,3
2024-11-19 19:00:00,5,60,2
2024-11-19 20:00:00,0,50,2
2024-11-19 21:00:00,1,34,0
2024-11-19 22:00:00,0,21,3
2024-11-19 23:00:00,0,10,1
2024-11-20 00:00:00,0,2,0
2024-11-20 01:00:00,3,2,0
2024-11-20 02:00:00,0,3,0
2024-11-20 03:00:00,1,4,0
2024-11-20 04:00:00,0,7,1
2024-11-20 05:00:00,6,21,1
2024-11-20 06:00:00,1,37,1
2024-11-20 07:00:00,13,126,7
2024-11-20 08:00:00,39,282,11
2024-11-20 09:00:00,16,77,3
2024-11-20 10:00:00,8,43,1
2024-11-20 11:00:00,8,60,0
2024-11-20 12:00:00,17,61,0
2024-11-20 13:00:00,9,53,1
2024-11-20 14:00:00,8,126,3
2024-11-20 15:00:00,76,198,9
2024-11-20 16:00:00,17,124,9
2024-11-20 17:00:00,1,117,3
2024-11-20 18:00:00,6,95,1
2024-11-20 19:00:00,4,64,10
2024-11-20 20:00:00,5,66,0
2024-11-20 21:00:00,3,41,3
2024-11-20 22:00:00,1,27,4
2024-11-20 23:00:00,3,8,4
2024-11-21 00:00:00,0,4,0
2024-11-21 01:00:00,0,4,0
2024-11-21 02:00:00,1,0,0
2024-11-21 03:00:00,0,2,0
2024-11-21 04:00:00,0,3,1
2024-11-21 05:00:00,3,21,0
2024-11-21 06:00:00,0,48,1
2024-11-21 07:00:00,12,132,3
2024-11-21 08:00:00,54,310,7
2024-11-21 09:00:00,9,70,1
2024-11-21 10:00:00,3,44,1
2024-11-21 11:00:00,5,52,1
2024-11-21 12:00:00,16,66,0
2024-11-21 13:00:00,8,64,4
2024-11-21 14:00:00,13,130,7
2024-11-21 15:00:00,69,161,9
2024-11-21 16:00:00,8,82,8
2024-11-21 17:00:00,4,120,12
2024-11-21 18:00:00,8,86,3
2024-11-21 19:00:00,0,78,4
2024-11-21 20:00:00,2,63,5
2024-11-21 21:00:00,3,41,2
2024-11-21 22:00:00,0,25,0
2024-11-21 23:00:00,0,14,0
2024-11-22 00:00:00,3,5,0
2024-11-22 01:00:00,0,4,2
2024-11-22 02:00:00,0,4,0
2024-11-22 03:00:00,1,5,0
2024-11-22 04:00:00,0,8,1
2024-11-22 05:00:00,3,17,1
2024-11-22 06:00:00,3,44,2
2024-11-22 07:00:00,13,118,5
2024-11-22 08:00:00,36,303,3
2024-11-22 09:00:00,7,60,2
2024-11-22 10:00:00,4,58,0
2024-11-22 11:00:00,11,65,1
2024-11-22 12:00:00,6,76,1
2024-11-22 13:00:00,13,63,2
2024-11-22 14:00:00,17,131,3
2024-11-22 15:00:00,71,195,7
2024-11-22 16:00:00,8,108,3
2024-11-22 17:00:00,2,116,3
2024-11-22 18:00:00,10,93,7
2024-11-22 19:00:00,4,64,3
2024-11-22 20:00:00,9,68,2
2024-11-22 21:00:00,2,36,2
2024-11-22 22:00:00,2,37,2
2024-11-22 23:00:00,1,16,3
2024-11-23 00:00:00,1,17,1
2024-11-23 01:00:00,0,6,8
2024-11-23 02:00:00,0,8,1
2024-11-23 03:00:00,0,2,0
2024-11-23 04:00:00,0,6,0
2024-11-23 05:00:00,1,12,0
2024-11-23 06:00:00,0,21,6
2024-11-23 07:00:00,0,24,1
2024-11-23 08:00:00,2,39,2
2024-11-23 09:00:00,2,48,1
2024-11-23 10:00:00,7,82,3
2024-11-23 11:00:00,5,87,0
2024-11-23 12:00:00,4,80,0
2024-11-23 13:00:00,5,77,4
2024-11-23 14:00:00,2,84,1
2024-11-23 15:00:00,2,86,0
2024-11-23 16:00:00,2,79,4
2024-11-23 17:00:00,0,94,1
2024-11-23 18:00:00,0,81,9
2024-11-23 19:00:00,1,75,4
2024-11-23 20:00:00,1,54,1
2024-11-23 21:00:00,0,32,0
2024-11-23 22:00:00,0,29,1
2024-11-23 23:00:00,0,25,8
2024-11-24 00:00:00,0,22,21
2024-11-24 01:00:00,0,9,0
2024-11-24 02:00:00,0,4,0
2024-11-24 03:00:00,0,6,108
2024-11-24 04:00:00,0,3,99
2024-11-24 05:00:00,0,7,65
2024-11-24 06:00:00,2,14,2
2024-11-24 07:00:00,1,9,1
2024-11-24 08:00:00,3,25,0
2024-11-24 09:00:00,1,40,1
2024-11-24 10:00:00,2,54,0
2024-11-24 11:00:00,7,76,0
2024-11-24 12:00:00,8,83,0
2024-11-24 13:00:00,6,82,1
2024-11-24 14:00:00,4,74,0
2024-11-24 15:00:00,0,64,0
2024-11-24 16:00:00,1,71,1
2024-11-24 17:00:00,0,74,3
2024-11-24 18:00:00,0,64,0
2024-11-24 19:00:00,0,49,1
2024-11-24 20:00:00,1,49,1
2024-11-24 21:00:00,0,29,0
2024-11-24 22:00:00,5,28,2
2024-11-24 23:00:00,0,12,2
2024-11-25 00:00:00,1,7,1
2024-11-25 01:00:00,0,2,0
2024-11-25 02:00:00,0,2,0
2024-11-25 03:00:00,0,5,0
2024-11-25 04:00:00,0,5,0
2024-11-25 05:00:00,0,15,2
2024-11-25 06:00:00,1,43,0
2024-11-25 07:00:00,6,116,1
2024-11-25 08:00:00,54,303,3
2024-11-25 09:00:00,15,94,2
2024-11-25 10:00:00,14,54,1
2024-11-25 11:00:00,11,55,2
2024-11-25 12:00:00,8,51,0
2024-11-25 13:00:00,10,71,1
2024-11-25 14:00:00,13,137,2
2024-11-25 15:00:00,69,156,7
2024-11-25 16:00:00,9,107,5
2024-11-25 17:00:00,3,104,4
2024-11-25 18:00:00,0,115,5
2024-11-25 19:00:00,1,77,3
2024-11-25 20:00:00,1,58,1
2024-11-25 21:00:00,1,23,0
2024-11-25 22:00:00,1,22,10
2024-11-25 23:00:00,4,11,2
2024-11-26 00:00:00,0,2,0
2024-11-26 01:00:00,0,3,1
2024-11-26 02:00:00,0,2,0
2024-11-26 03:00:00,0,1,0
2024-11-26 04:00:00,0,8,0
2024-11-26 05:00:00,1,19,1
2024-11-26 06:00:00,0,45,0
2024-11-26 07:00:00,10,120,6
2024-11-26 08:00:00,53,295,4
2024-11-26 09:00:00,12,52,4
2024-11-26 10:00:00,16,42,1
2024-11-26 11:00:00,19,61,2
2024-11-26 12:00:00,19,56,3
2024-11-26 13:00:00,4,71,0
2024-11-26 14:00:00,22,137,4
2024-11-26 15:00:00,63,168,6
2024-11-26 16:00:00,14,142,5
2024-11-26 17:00:00,5,122,9
2024-11-26 18:00:00,2,106,10
2024-11-26 19:00:00,3,55,2
2024-11-26 20:00:00,1,65,4
2024-11-26 21:00:00,1,38,4
2024-11-26 22:00:00,0,30,0
2024-11-26 23:00:00,0,15,0
2024-11-27 00:00:00,0,7,1
2024-11-27 01:00:00,0,3,0
2024-11-27 02:00:00,0,5,0
2024-11-27 03:00:00,0,1,3
2024-11-27 04:00:00,0,6,0
2024-11-27 05:00:00,0,23,4
2024-11-27 06:00:00,0,52,0
2024-11-27 07:00:00,10,128,1
2024-11-27 08:00:00,49,276,3
2024-11-27 09:00:00,11,70,2
2024-11-27 10:00:00,4,49,0
2024-11-27 11:00:00,4,57,0
2024-11-27 12:00:00,10,69,0
2024-11-27 13:00:00,19,66,1
2024-11-27 14:00:00,28,121,2
2024-11-27 15:00:00,65,166,10
2024-11-27 16:00:00,22,170,4
2024-11-27 17:00:00,1,111,4
2024-11-27 18:00:00,7,99,6
2024-11-27 19:00:00,8,70,3
2024-11-27 20:00:00,2,67,3
2024-11-27 21:00:00,1,42,0
2024-11-27 22:00:00,1,21,3
2024-11-27 23:00:00,0,9,0
2024-11-28 00:00:00,1,7,0
2024-11-28 01:00:00,0,3,0
2024-11-28 02:00:00,0,2,0
2024-11-28 03:00:00,1,5,0
2024-11-28 04:00:00,1,8,1
2024-11-28 05:00:00,2,21,2
2024-11-28 06:00:00,0,40,1
2024-11-28 07:00:00,8,125,3
2024-11-28 08:00:00,53,305,3
2024-11-28 09:00:00,1,77,4
2024-11-28 10:00:00,6,51,1
2024-11-28 11:00:00,6,50,0
2024-11-28 12:00:00,16,59,0
2024-11-28 13:00:00,13,75,3
2024-11-28 14:00:00,27,122,4
2024-11-28 15:00:00,75,177,6
2024-11-28 16:00:00,13,118,4
2024-11-28 17:00:00,4,99,7
2024-11-28 18:00:00,6,105,5
2024-11-28 19:00:00,1,86,2
2024-11-28 20:00:00,2,51,1
2024-11-28 21:00:00,0,35,4
2024-11-28 22:00:00,2,40,2
2024-11-28 23:00:00,0,11,0
2024-11-29 00:00:00,0,4,1
2024-11-29 01:00:00,0,5,2
2024-11-29 02:00:00,0,2,0
2024-11-29 03:00:00,0,4,0
2024-11-29 04:00:00,0,5,1
2024-11-29 05:00:00,1,18,1
2024-11-29 06:00:00,2,39,0
2024-11-29 07:00:00,9,121,4
2024-11-29 08:00:00,47,279,4
2024-11-29 09:00:00,5,80,2
2024-11-29 10:00:00,9,68,2
2024-11-29 11:00:00,9,65,0
2024-11-29 12:00:00,13,82,0
2024-11-29 13:00:00,10,80,4
2024-11-29 14:00:00,16,138,0
2024-11-29 15:00:00,76,182,5
2024-11-29 16:00:00,6,106,4
2024-11-29 17:00:00,3,130,8
2024-11-29 18:00:00,4,115,5
2024-11-29 19:00:00,4,82,9
2024-11-29 20:00:00,1,57,5
2024-11-29 21:00:00,2,48,0
2024-11-29 22:00:00,4,31,2
2024-11-29 23:00:00,3,24,1
2024-11-30 00:00:00,0,12,0
2024-11-30 01:00:00,1,15,1
2024-11-30 02:00:00,0,0,0
2024-11-30 03:00:00,0,4,4
2024-11-30 04:00:00,0,4,1
2024-11-30 05:00:00,0,13,0
2024-11-30 06:00:00,0,25,0
2024-11-30 07:00:00,0,29,0
2024-11-30 08:00:00,10,43,0
2024-11-30 09:00:00,11,57,1
2024-11-30 10:00:00,4,74,0
2024-11-30 11:00:00,10,80,1
2024-11-30 12:00:00,15,88,0
2024-11-30 13:00:00,14,98,1
2024-11-30 14:00:00,7,76,2
2024-11-30 15:00:00,8,92,2
2024-11-30 16:00:00,13,78,2
2024-11-30 17:00:00,7,109,8
2024-11-30 18:00:00,3,90,4
2024-11-30 19:00:00,1,71,2
2024-11-30 20:00:00,3,51,6
2024-11-30 21:00:00,0,45,1
2024-11-30 22:00:00,1,36,2
2024-11-30 23:00:00,0,26,1
2024-12-01 00:00:00,2,15,1
2024-12-01 01:00:00,0,14,12
2024-12-01 02:00:00,0,17,1
2024-12-01 03:00:00,0,8,1
2024-12-01 04:00:00,0,3,0
2024-12-01 05:00:00,1,6,0
2024-12-01 06:00:00,0,16,11
2024-12-01 07:00:00,1,12,3
2024-12-01 08:00:00,2,15,0
2024-12-01 09:00:00,2,38,0
2024-12-01 10:00:00,10,72,1
2024-12-01 11:00:00,11,56,0
2024-12-01 12:00:00,5,88,0
2024-12-01 13:00:00,8,90,3
2024-12-01 14:00:00,11,81,0
2024-12-01 15:00:00,3,91,0
2024-12-01 16:00:00,14,82,5
2024-12-01 17:00:00,1,80,3
2024-12-01 18:00:00,2,71,4
2024-12-01 19:00:00,3,55,2
2024-12-01 20:00:00,3,50,1
2024-12-01 21:00:00,1,26,1
2024-12-01 22:00:00,0,26,0
2024-12-01 23:00:00,0,10,1
2024-12-02 00:00:00,0,5,0
2024-12-02 01:00:00,0,3,1
2024-12-02 02:00:00,0,8,1
2024-12-02 03:00:00,1,1,1
2024-12-02 04:00:00,12,14,3
2024-12-02 05:00:00,0,13,1
2024-12-02 06:00:00,1,33,0
2024-12-02 07:00:00,12,123,2
2024-12-02 08:00:00,47,306,6
2024-12-02 09:00:00,9,62,3
2024-12-02 10:00:00,5,54,1
2024-12-02 11:00:00,6,52,1
2024-12-02 12:00:00,6,56,1
2024-12-02 13:00:00,7,67,0
2024-12-02 14:00:00,15,148,3
2024-12-02 15:00:00,75,175,9
2024-12-02 16:00:00,13,95,8
2024-12-02 17:00:00,10,106,9
2024-12-02 18:00:00,4,112,4
2024-12-02 19:00:00,1,67,3
2024-12-02 20:00:00,1,61,4
2024-12-02 21:00:00,0,34,1
2024-12-02 22:00:00,0,17,0
2024-12-02 23:00:00,0,20,0
2024-12-03 00:00:00,0,5,0
2024-12-03 01:00:00,0,3,0
2024-12-03 02:00:00,0,3,0
2024-12-03 03:00:00,0,2,0
2024-12-03 04:00:00,0,4,0
2024-12-03 05:00:00,2,21,2
2024-12-03 06:00:00,0,38,4
2024-12-03 07:00:00,10,118,1
2024-12-03 08:00:00,49,344,4
2024-12-03 09:00:00,15,54,2
2024-12-03 10:00:00,4,43,2
2024-12-03 11:00:00,13,45,1
2024-12-03 12:00:00,6,53,1
2024-12-03 13:00:00,5,61,1
2024-12-03 14:00:00,17,116,2
2024-12-03 15:00:00,49,170,7
2024-12-03 16:00:00,18,111,2
2024-12-03 17:00:00,3,117,8
2024-12-03 18:00:00,3,105,4
2024-12-03 19:00:00,4,78,2
2024-12-03 20:00:00,6,51,6
2024-12-03 21:00:00,1,35,1
2024-12-03 22:00:00,0,22,0
2024-12-03 23:00:00,0,16,1
2024-12-04 00:00:00,0,7,1
2024-12-04 01:00:00,0,1,0
2024-12-04 02:00:00,0,3,0
2024-12-04 03:00:00,0,3,0
2024-12-04 04:00:00,0,6,1
2024-12-04 05:00:00,1,17,0
2024-12-04 06:00:00,0,37,1
2024-12-04 07:00:00,8,139,3
2024-12-04 08:00:00,43,312,4
2024-12-04 09:00:00,17,70,1
2024-12-04 10:00:00,7,63,0
2024-12-04 11:00:00,16,68,0
2024-12-04 12:00:00,9,66,1
2024-12-04 13:00:00,7,67,0
2024-12-04 14:00:00,13,122,3
2024-12-04 15:00:00,67,184,5
2024-12-04 16:00:00,11,124,9
2024-12-04 17:00:00,2,125,6
2024-12-04 18:00:00,2,113,4
2024-12-04 19:00:00,2,97,6
2024-12-04 20:00:00,1,62,3
2024-12-04 21:00:00,1,41,5
2024-12-04 22:00:00,0,20,1
2024-12-04 23:00:00,0,13,4
2024-12-05 00:00:00,0,10,0
2024-12-05 01:00:00,0,8,2
2024-12-05 02:00:00,0,3,0
2024-12-05 03:00:00,1,4,1
2024-12-05 04:00:00,0,3,0
2024-12-05 05:00:00,1,18,1
2024-12-05 06:00:00,0,41,10
2024-12-05 07:00:00,3,132,6
2024-12-05 08:00:00,68,293,13
2024-12-05 09:00:00,7,87,0
2024-12-05 10:00:00,2,45,1
2024-12-05 11:00:00,8,56,0
2024-12-05 12:00:00,7,61,0
2024-12-05 13:00:00,7,69,2
2024-12-05 14:00:00,13,137,0
2024-12-05 15:00:00,68,169,11
2024-12-05 16:00:00,14,141,6
2024-12-05 17:00:00,1,89,4
2024-12-05 18:00:00,0,109,5
2024-12-05 19:00:00,1,84,6
2024-12-05 20:00:00,1,64,0
2024-12-05 21:00:00,1,52,2
2024-12-05 22:00:00,10,27,0
2024-12-05 23:00:00,1,15,1
2024-12-06 00:00:00,0,8,0
2024-12-06 01:00:00,0,7,0
2024-12-06 02:00:00,0,4,0
2024-12-06 03:00:00,1,2,0
2024-12-06 04:00:00,0,8,1
2024-12-06 05:00:00,1,17,1
2024-12-06 06:00:00,2,39,1
2024-12-06 07:00:00,15,120,5
2024-12-06 08:00:00,47,298,6
2024-12-06 09:00:00,9,89,1
2024-12-06 10:00:00,10,63,0
2024-12-06 11:00:00,12,39,0
2024-12-06 12:00:00,15,66,2
2024-12-06 13:00:00,6,72,2
2024-12-06 14:00:00,18,167,1
2024-12-06 15:00:00,85,211,8
2024-12-06 16:00:00,3,129,5
2024-12-06 17:00:00,1,118,3
2024-12-06 18:00:00,1,106,8
2024-12-06 19:00:00,1,75,9
2024-12-06 20:00:00,0,75,2
2024-12-06 21:00:00,0,46,3
2024-12-06 22:00:00,0,33,3
2024-12-06 23:00:00,0,29,3
2024-12-07 00:00:00,0,18,1
2024-12-07 01:00:00,2,8,2
2024-12-07 02:00:00,0,12,14
2024-12-07 03:00:00,0,4,0
2024-12-07 04:00:00,1,4,0
2024-12-07 05:00:00,1,11,0
2024-12-07 06:00:00,0,15,0
2024-12-07 07:00:00,0,13,0
2024-12-07 08:00:00,2,35,0
2024-12-07 09:00:00,2,44,1
2024-12-07 10:00:00,2,68,0
2024-12-07 11:00:00,0,93,0
2024-12-07 12:00:00,11,103,1
2024-12-07 13:00:00,2,76,0
2024-12-07 14:00:00,8,70,1
2024-12-07 15:00:00,6,80,0
2024-12-07 16:00:00,11,91,4
2024-12-07 17:00:00,3,79,5
2024-12-07 18:00:00,4,80,1
2024-12-07 19:00:00,1,70,3
2024-12-07 20:00:00,0,54,5
2024-12-07 21:00:00,2,42,3
2024-12-07 22:00:00,1,33,0
2024-12-07 23:00:00,0,16,2
2024-12-08 00:00:00,0,17,1
2024-12-08 01:00:00,0,14,1
2024-12-08 02:00:00,0,18,0
2024-12-08 03:00:00,0,10,0
2024-12-08 04:00:00,0,9,0
2024-12-08 05:00:00,0,9,1
2024-12-08 06:00:00,1,19,4
2024-12-08 07:00:00,1,15,9
2024-12-08 08:00:00,3,23,0
2024-12-08 09:00:00,5,31,3
2024-12-08 10:00:00,8,59,0
2024-12-08 11:00:00,6,81,0
2024-12-08 12:00:00,3,111,1
2024-12-08 13:00:00,1,79,1
2024-12-08 14:00:00,5,78,1
2024-12-08 15:00:00,7,79,0
2024-12-08 16:00:00,4,90,1
2024-12-08 17:00:00,2,81,2
2024-12-08 18:00:00,3,66,1
2024-12-08 19:00:00,1,44,2
2024-12-08 20:00:00,1,42,0
2024-12-08 21:00:00,2,47,2
2024-12-08 22:00:00,1,34,1
2024-12-08 23:00:00,0,20,1
2024-12-09 00:00:00,0,9,2
2024-12-09 01:00:00,0,1,0
2024-12-09 02:00:00,1,1,0
2024-12-09 03:00:00,0,3,1
2024-12-09 04:00:00,0,6,1
2024-12-09 05:00:00,1,15,1
2024-12-09 06:00:00,0,39,0
2024-12-09 07:00:00,8,130,2
2024-12-09 08:00:00,58,291,6
2024-12-09 09:00:00,15,55,3
2024-12-09 10:00:00,6,45,0
2024-12-09 11:00:00,5,56,1
2024-12-09 12:00:00,10,65,3
2024-12-09 13:00:00,4,73,0
2024-12-09 14:00:00,14,146,4
2024-12-09 15:00:00,70,150,7
2024-12-09 16:00:00,13,133,7
2024-12-09 17:00:00,3,97,17
2024-12-09 18:00:00,2,97,6
2024-12-09 19:00:00,1,64,1
2024-12-09 20:00:00,1,51,4
2024-12-09 21:00:00,1,34,0
2024-12-09 22:00:00,2,14,0
2024-12-09 23:00:00,1,3,0
2024-12-10 00:00:00,0,3,0
2024-12-10 01:00:00,0,2,0
2024-12-10 02:00:00,1,3,2
2024-12-10 03:00:00,0,5,0
2024-12-10 04:00:00,0,8,2
2024-12-10 05:00:00,2,24,3
2024-12-10 06:00:00,1,50,1
2024-12-10 07:00:00,6,140,4
2024-12-10 08:00:00,41,324,3
2024-12-10 09:00:00,16,65,2
2024-12-10 10:00:00,2,41,0
2024-12-10 11:00:00,8,56,0
2024-12-10 12:00:00,22,75,2
2024-12-10 13:00:00,8,65,2
2024-12-10 14:00:00,18,125,3
2024-12-10 15:00:00,60,176,9
2024-12-10 16:00:00,10,136,8
2024-12-10 17:00:00,4,156,17
2024-12-10 18:00:00,5,104,4
2024-12-10 19:00:00,2,120,5
2024-12-10 20:00:00,3,63,6
2024-12-10 21:00:00,2,32,0
2024-12-10 22:00:00,1,31,2
2024-12-10 23:00:00,0,8,0
2024-12-11 00:00:00,1,7,1
2024-12-11 01:00:00,0,2,0
2024-12-11 02:00:00,0,2,0
2024-12-11 03:00:00,0,3,0
2024-12-11 04:00:00,1,5,1
2024-12-11 05:00:00,0,26,2
2024-12-11 06:00:00,0,38,1
2024-12-11 07:00:00,8,128,3
2024-12-11 08:00:00,47,305,4
2024-12-11 09:00:00,13,63,0
2024-12-11 10:00:00,14,45,0
2024-12-11 11:00:00,17,47,1
2024-12-11 12:00:00,9,54,2
2024-12-11 13:00:00,7,61,0
2024-12-11 14:00:00,19,114,4
2024-12-11 15:00:00,70,187,9
2024-12-11 16:00:00,13,131,4
2024-12-11 17:00:00,1,109,4
2024-12-11 18:00:00,4,97,1
2024-12-11 19:00:00,5,91,5
2024-12-11 20:00:00,2,57,2
2024-12-11 21:00:00,3,36,1
2024-12-11 22:00:00,2,31,1
2024-12-11 23:00:00,1,17,2
2024-12-12 00:00:00,0,8,0
2024-12-12 01:00:00,1,0,0
2024-12-12 02:00:00,0,5,0
2024-12-12 03:00:00,0,4,0
2024-12-12 04:00:00,0,4,1
2024-12-12 05:00:00,0,24,1
2024-12-12 06:00:00,0,36,0
2024-12-12 07:00:00,4,128,9
2024-12-12 08:00:00,47,299,6
2024-12-12 09:00:00,6,87,0
2024-12-12 10:00:00,6,43,1
2024-12-12 11:00:00,8,60,0
2024-12-12 12:00:00,11,56,2
2024-12-12 13:00:00,10,50,4
2024-12-12 14:00:00,14,152,3
2024-12-12 15:00:00,74,193,6
2024-12-12 16:00:00,9,109,7
2024-12-12 17:00:00,4,134,9
2024-12-12 18:00:00,6,133,6
2024-12-12 19:00:00,1,86,6
2024-12-12 20:00:00,7,56,2
2024-12-12 21:00:00,2,41,2
2024-12-12 22:00:00,0,30,0
2024-12-12 23:00:00,0,12,0
2024-12-13 00:00:00,1,11,0
2024-12-13 01:00:00,0,6,0
2024-12-13 02:00:00,0,6,2
2024-12-13 03:00:00,0,7,0
2024-12-13 04:00:00,0,6,1
2024-12-13 05:00:00,0,22,7
2024-12-13 06:00:00,0,32,8
2024-12-13 07:00:00,7,150,6
2024-12-13 08:00:00,41,295,6
2024-12-13 09:00:00,6,85,4
2024-12-13 10:00:00,2,47,1
2024-12-13 11:00:00,7,61,1
2024-12-13 12:00:00,4,75,0
2024-12-13 13:00:00,6,74,0
2024-12-13 14:00:00,15,145,2
2024-12-13 15:00:00,62,207,7
2024-12-13 16:00:00,0,106,5
2024-12-13 17:00:00,3,111,4
2024-12-13 18:00:00,1,93,5
2024-12-13 19:00:00,0,95,4
2024-12-13 20:00:00,2,73,1
2024-12-13 21:00:00,3,74,1
2024-12-13 22:00:00,1,32,2
2024-12-13 23:00:00,3,26,3
2024-12-14 00:00:00,0,17,1
2024-12-14 01:00:00,2,11,0
2024-12-14 02:00:00,0,7,0
2024-12-14 03:00:00,0,7,1
2024-12-14 04:00:00,0,11,0
2024-12-14 05:00:00,0,14,0
2024-12-14 06:00:00,0,12,0
2024-12-14 07:00:00,0,25,0
2024-12-14 08:00:00,5,47,0
2024-12-14 09:00:00,6,50,0
2024-12-14 10:00:00,7,71,1
2024-12-14 11:00:00,10,71,0
2024-12-14 12:00:00,12,75,2
2024-12-14 13:00:00,7,91,1
2024-12-14 14:00:00,14,66,2
2024-12-14 15:00:00,6,90,2
2024-12-14 16:00:00,8,90,10
2024-12-14 17:00:00,1,91,7
2024-12-14 18:00:00,0,80,1
2024-12-14 19:00:00,3,60,2
2024-12-14 20:00:00,1,42,2
2024-12-14 21:00:00,0,48,4
2024-12-14 22:00:00,3,35,2
2024-12-14 23:00:00,0,30,0
2024-12-15 00:00:00,0,22,0
2024-12-15 01:00:00,1,20,0
2024-12-15 02:00:00,0,4,1
2024-12-15 03:00:00,0,6,0
2024-12-15 04:00:00,2,7,0
2024-12-15 05:00:00,1,4,0
2024-12-15 06:00:00,0,17,0
2024-12-15 07:00:00,1,15,0
2024-12-15 08:00:00,0,19,0
2024-12-15 09:00:00,3,41,0
2024-12-15 10:00:00,2,48,0
2024-12-15 11:00:00,19,72,4
2024-12-15 12:00:00,10,82,2
2024-12-15 13:00:00,19,70,1
2024-12-15 14:00:00,6,109,2
2024-12-15 15:00:00,3,96,0
2024-12-15 16:00:00,3,85,1
2024-12-15 17:00:00,3,64,3
2024-12-15 18:00:00,0,75,6
2024-12-15 19:00:00,0,56,2
2024-12-15 20:00:00,0,41,7
2024-12-15 21:00:00,0,27,0
2024-12-15 22:00:00,0,23,0
2024-12-15 23:00:00,1,9,2
2024-12-16 00:00:00,1,10,0
2024-12-16 01:00:00,0,8,0
2024-12-16 02:00:00,0,4,0
2024-12-16 03:00:00,0,5,0
2024-12-16 04:00:00,0,8,0
2024-12-16 05:00:00,2,20,2
2024-12-16 06:00:00,0,43,2
2024-12-16 07:00:00,6,131,3
2024-12-16 08:00:00,52,298,5
2024-12-16 09:00:00,13,65,2
2024-12-16 10:00:00,5,58,1
2024-12-16 11:00:00,5,39,0
2024-12-16 12:00:00,6,68,1
2024-12-16 13:00:00,7,90,0
2024-12-16 14:00:00,11,125,0
2024-12-16 15:00:00,69,216,10
2024-12-16 16:00:00,3,126,5
2024-12-16 17:00:00,5,115,15
2024-12-16 18:00:00,2,104,2
2024-12-16 19:00:00,0,63,9
2024-12-16 20:00:00,2,49,1
2024-12-16 21:00:00,1,42,1
2024-12-16 22:00:00,0,23,2
2024-12-16 23:00:00,1,12,0
2024-12-17 00:00:00,3,9,1
2024-12-17 01:00:00,0,11,0
2024-12-17 02:00:00,0,7,0
2024-12-17 03:00:00,0,5,0
2024-12-17 04:00:00,0,8,1
2024-12-17 05:00:00,0,17,2
2024-12-17 06:00:00,4,46,1
2024-12-17 07:00:00,7,122,7
2024-12-17 08:00:00,65,299,3
2024-12-17 09:00:00,10,71,5
2024-12-17 10:00:00,6,54,0
2024-12-17 11:00:00,11,53,1
2024-12-17 12:00:00,8,66,3
2024-12-17 13:00:00,9,72,1
2024-12-17 14:00:00,16,131,2
2024-12-17 15:00:00,60,193,9
2024-12-17 16:00:00,9,151,15
2024-12-17 17:00:00,2,118,7
2024-12-17 18:00:00,0,116,6
2024-12-17 19:00:00,0,67,4
2024-12-17 20:00:00,0,47,7
2024-12-17 21:00:00,3,42,3
2024-12-17 22:00:00,0,17,1
2024-12-17 23:00:00,2,16,0
2024-12-18 00:00:00,1,4,1
2024-12-18 01:00:00,1,7,28
2024-12-18 02:00:00,4,5,211
2024-12-18 03:00:00,0,5,195
2024-12-18 04:00:00,0,6,2
2024-12-18 05:00:00,1,14,14
2024-12-18 06:00:00,0,31,20
2024-12-18 07:00:00,7,130,11
2024-12-18 08:00:00,46,291,3
2024-12-18 09:00:00,18,92,0
2024-12-18 10:00:00,17,52,2
2024-12-18 11:00:00,9,52,1
2024-12-18 12:00:00,13,64,2
2024-12-18 13:00:00,16,81,4
2024-12-18 14:00:00,15,124,1
2024-12-18 15:00:00,56,182,6
2024-12-18 16:00:00,1,114,7
2024-12-18 17:00:00,1,107,6
2024-12-18 18:00:00,0,107,3
2024-12-18 19:00:00,0,86,4
2024-12-18 20:00:00,0,51,5
2024-12-18 21:00:00,1,37,1
2024-12-18 22:00:00,0,34,1
2024-12-18 23:00:00,0,15,9
2024-12-19 00:00:00,0,7,2
2024-12-19 01:00:00,0,10,1
2024-12-19 02:00:00,0,6,2
2024-12-19 03:00:00,0,1,0
2024-12-19 04:00:00,0,6,2
2024-12-19 05:00:00,1,22,3
2024-12-19 06:00:00,2,36,0
2024-12-19 07:00:00,9,118,7
2024-12-19 08:00:00,50,308,7
2024-12-19 09:00:00,4,85,2
2024-12-19 10:00:00,6,60,1
2024-12-19 11:00:00,5,50,2
2024-12-19 12:00:00,11,71,0
2024-12-19 13:00:00,5,80,0
2024-12-19 14:00:00,18,157,4
2024-12-19 15:00:00,74,203,7
2024-12-19 16:00:00,7,119,6
2024-12-19 17:00:00,4,101,8
2024-12-19 18:00:00,3,80,2
2024-12-19 19:00:00,3,69,2
2024-12-19 20:00:00,1,55,1
2024-12-19 21:00:00,1,41,0
2024-12-19 22:00:00,0,25,1
2024-12-19 23:00:00,0,14,0
2024-12-20 00:00:00,0,5,0
2024-12-20 01:00:00,0,5,0
2024-12-20 02:00:00,0,3,0
2024-12-20 03:00:00,0,0,0
2024-12-20 04:00:00,0,8,1
2024-12-20 05:00:00,1,20,2
2024-12-20 06:00:00,1,30,0
2024-12-20 07:00:00,7,111,3
2024-12-20 08:00:00,45,279,3
2024-12-20 09:00:00,6,64,2
2024-12-20 10:00:00,14,62,0
2024-12-20 11:00:00,5,31,0
2024-12-20 12:00:00,59,172,8
2024-12-20 13:00:00,24,161,6
2024-12-20 14:00:00,8,111,2
2024-12-20 15:00:00,9,94,2
2024-12-20 16:00:00,4,103,3
2024-12-20 17:00:00,0,110,8
2024-12-20 18:00:00,5,93,20
2024-12-20 19:00:00,1,87,8
2024-12-20 20:00:00,1,63,1
2024-12-20 21:00:00,3,44,3
2024-12-20 22:00:00,4,41,2
2024-12-20 23:00:00,0,21,0
2024-12-21 00:00:00,1,25,0
2024-12-21 01:00:00,0,13,0
2024-12-21 02:00:00,1,13,1
2024-12-21 03:00:00,1,9,1
2024-12-21 04:00:00,2,18,1
2024-12-21 05:00:00,1,11,0
2024-12-21 06:00:00,0,11,0
2024-12-21 07:00:00,2,26,2
2024-12-21 08:00:00,3,44,0
2024-12-21 09:00:00,3,47,2
2024-12-21 10:00:00,5,62,0
2024-12-21 11:00:00,3,85,0
2024-12-21 12:00:00,5,82,1
2024-12-21 13:00:00,5,72,0
2024-12-21 14:00:00,5,96,1
2024-12-21 15:00:00,9,65,0
2024-12-21 16:00:00,2,84,4
2024-12-21 17:00:00,3,108,3
2024-12-21 18:00:00,0,73,0
2024-12-21 19:00:00,1,65,3
2024-12-21 20:00:00,2,54,0
2024-12-21 21:00:00,1,54,1
2024-12-21 22:00:00,0,42,3
2024-12-21 23:00:00,1,27,2
2024-12-22 00:00:00,0,19,3
2024-12-22 01:00:00,0,8,0
2024-12-22 02:00:00,0,11,0
2024-12-22 03:00:00,0,2,0
2024-12-22 04:00:00,0,5,0
2024-12-22 05:00:00,0,6,0
2024-12-22 06:00:00,1,17,2
2024-12-22 07:00:00,1,16,0
2024-12-22 08:00:00,2,17,0
2024-12-22 09:00:00,1,39,0
2024-12-22 10:00:00,6,58,2
2024-12-22 11:00:00,6,64,0
2024-12-22 12:00:00,7,87,2
2024-12-22 13:00:00,8,100,0
2024-12-22 14:00:00,19,91,2
2024-12-22 15:00:00,13,86,0
2024-12-22 16:00:00,7,78,1
2024-12-22 17:00:00,2,64,3
2024-12-22 18:00:00,3,52,4
2024-12-22 19:00:00,2,61,5
2024-12-22 20:00:00,1,31,4
2024-12-22 21:00:00,0,18,2
2024-12-22 22:00:00,0,25,2
2024-12-22 23:00:00,0,11,0
2024-12-23 00:00:00,0,4,0
2024-12-23 01:00:00,0,8,0
2024-12-23 02:00:00,0,3,0
2024-12-23 03:00:00,0,3,0
2024-12-23 04:00:00,0,7,0
2024-12-23 05:00:00,0,16,4
2024-12-23 06:00:00,0,23,0
2024-12-23 07:00:00,2,35,2
2024-12-23 08:00:00,4,40,1
2024-12-23 09:00:00,3,52,1
2024-12-23 10:00:00,19,65,1
2024-12-23 11:00:00,10,56,0
2024-12-23 12:00:00,15,89,2
2024-12-23 13:00:00,13,90,1
2024-12-23 14:00:00,8,59,2
2024-12-23 15:00:00,4,77,7
2024-12-23 16:00:00,2,83,1
2024-12-23 17:00:00,3,108,3
2024-12-23 18:00:00,3,85,11
2024-12-23 19:00:00,7,200,3
2024-12-23 20:00:00,6,415,10
2024-12-23 21:00:00,1,64,1
2024-12-23 22:00:00,1,29,0
2024-12-23 23:00:00,2,15,1
2024-12-24 00:00:00,0,9,0
2024-12-24 01:00:00,2,3,0
2024-12-24 02:00:00,0,4,0
2024-12-24 03:00:00,0,0,1
2024-12-24 04:00:00,1,1,2
2024-12-24 05:00:00,1,14,1
2024-12-24 06:00:00,0,19,0
2024-12-24 07:00:00,0,34,4
2024-12-24 08:00:00,1,51,0
2024-12-24 09:00:00,5,53,0
2024-12-24 10:00:00,3,71,0
2024-12-24 11:00:00,5,82,1
2024-12-24 12:00:00,16,74,2
2024-12-24 13:00:00,12,98,2
2024-12-24 14:00:00,3,78,0
2024-12-24 15:00:00,10,100,0
2024-12-24 16:00:00,7,116,6
2024-12-24 17:00:00,0,75,1
2024-12-24 18:00:00,1,76,0
2024-12-24 19:00:00,0,55,0
2024-12-24 20:00:00,2,57,2
2024-12-24 21:00:00,1,23,1
2024-12-24 22:00:00,0,26,2
2024-12-24 23:00:00,0,27,0
2024-12-25 00:00:00,0,16,0
2024-12-25 01:00:00,1,10,0
2024-12-25 02:00:00,0,4,0
2024-12-25 03:00:00,0,3,0
2024-12-25 04:00:00,1,3,0
2024-12-25 05:00:00,0,1,1
2024-12-25 06:00:00,0,8,0
2024-12-25 07:00:00,0,16,0
2024-12-25 08:00:00,3,21,0
2024-12-25 09:00:00,1,29,0
2024-12-25 10:00:00,6,67,0
2024-12-25 11:00:00,1,55,1
2024-12-25 12:00:00,1,68,1
2024-12-25 13:00:00,5,70,0
2024-12-25 14:00:00,1,43,1
2024-12-25 15:00:00,6,48,0
2024-12-25 16:00:00,3,42,0
2024-12-25 17:00:00,3,64,6
2024-12-25 18:00:00,0,45,0
2024-12-25 19:00:00,2,45,2
2024-12-25 20:00:00,0,43,2
2024-12-25 21:00:00,1,23,1
2024-12-25 22:00:00,3,32,0
2024-12-25 23:00:00,5,30,1
2024-12-26 00:00:00,1,5,2
2024-12-26 01:00:00,0,14,0
2024-12-26 02:00:00,0,5,0
2024-12-26 03:00:00,0,3,0
2024-12-26 04:00:00,1,5,0
2024-12-26 05:00:00,0,10,1
2024-12-26 06:00:00,0,14,0
2024-12-26 07:00:00,1,16,0
2024-12-26 08:00:00,2,18,0
2024-12-26 09:00:00,3,33,0
2024-12-26 10:00:00,11,49,0
2024-12-26 11:00:00,5,61,1
2024-12-26 12:00:00,6,64,1
2024-12-26 13:00:00,8,58,4
2024-12-26 14:00:00,7,58,0
2024-12-26 15:00:00,8,53,2
2024-12-26 16:00:00,5,57,3
2024-12-26 17:00:00,1,62,3
2024-12-26 18:00:00,6,68,6
2024-12-26 19:00:00,7,56,5
2024-12-26 20:00:00,0,33,1
2024-12-26 21:00:00,0,28,0
2024-12-26 22:00:00,0,32,1
2024-12-26 23:00:00,0,21,1
2024-12-27 00:00:00,4,6,0
2024-12-27 01:00:00,0,8,0
2024-12-27 02:00:00,0,6,0
2024-12-27 03:00:00,0,7,0
2024-12-27 04:00:00,0,6,0
2024-12-27 05:00:00,0,6,1
2024-12-27 06:00:00,0,17,1
2024-12-27 07:00:00,0,26,4
2024-12-27 08:00:00,6,27,0
2024-12-27 09:00:00,9,31,0
2024-12-27 10:00:00,6,51,0
2024-12-27 11:00:00,12,48,0
2024-12-27 12:00:00,13,66,2
2024-12-27 13:00:00,19,64,2
2024-12-27 14:00:00,9,75,2
2024-12-27 15:00:00,11,69,6
2024-12-27 16:00:00,6,88,4
2024-12-27 17:00:00,3,69,10
2024-12-27 18:00:00,3,74,0
2024-12-27 19:00:00,0,60,4
2024-12-27 20:00:00,2,43,3
2024-12-27 21:00:00,1,29,0
2024-12-27 22:00:00,2,27,1
2024-12-27 23:00:00,1,11,0
2024-12-28 00:00:00,0,13,1
2024-12-28 01:00:00,0,12,0
2024-12-28 02:00:00,2,9,1
2024-12-28 03:00:00,1,7,0
2024-12-28 04:00:00,0,11,0
2024-12-28 05:00:00,0,10,0
2024-12-28 06:00:00,0,6,0
2024-12-28 07:00:00,0,14,0
2024-12-28 08:00:00,1,26,0
2024-12-28 09:00:00,6,28,0
2024-12-28 10:00:00,6,53,2
2024-12-28 11:00:00,11,58,0
2024-12-28 12:00:00,5,66,2
2024-12-28 13:00:00,6,74,14
2024-12-28 14:00:00,3,72,0
2024-12-28 15:00:00,5,65,1
2024-12-28 16:00:00,8,74,2
2024-12-28 17:00:00,4,84,5
2024-12-28 18:00:00,1,73,3
2024-12-28 19:00:00,1,53,2
2024-12-28 20:00:00,3,38,0
2024-12-28 21:00:00,3,27,2
2024-12-28 22:00:00,4,21,16
2024-12-28 23:00:00,0,20,0
2024-12-29 00:00:00,0,12,0
2024-12-29 01:00:00,0,6,0
2024-12-29 02:00:00,0,13,0
2024-12-29 03:00:00,0,9,0
2024-12-29 04:00:00,0,0,0
2024-12-29 05:00:00,0,7,0
2024-12-29 06:00:00,1,10,0
2024-12-29 07:00:00,1,15,1
2024-12-29 08:00:00,6,18,0
2024-12-29 09:00:00,2,27,1
2024-12-29 10:00:00,7,48,0
2024-12-29 11:00:00,8,55,0
2024-12-29 12:00:00,5,62,1
2024-12-29 13:00:00,4,63,0
2024-12-29 14:00:00,2,75,1
2024-12-29 15:00:00,13,50,5
2024-12-29 16:00:00,5,75,0
2024-12-29 17:00:00,3,88,5
2024-12-29 18:00:00,4,58,6
2024-12-29 19:00:00,4,50,2
2024-12-29 20:00:00,2,37,3
2024-12-29 21:00:00,1,21,0
2024-12-29 22:00:00,3,21,0
2024-12-29 23:00:00,1,18,1
2024-12-30 00:00:00,0,7,0
2024-12-30 01:00:00,0,4,0
2024-12-30 02:00:00,0,4,0
2024-12-30 03:00:00,0,5,0
2024-12-30 04:00:00,0,3,0
2024-12-30 05:00:00,1,12,1
2024-12-30 06:00:00,1,14,0
2024-12-30 07:00:00,1,39,2
2024-12-30 08:00:00,1,30,0
2024-12-30 09:00:00,10,32,1
2024-12-30 10:00:00,3,36,1
2024-12-30 11:00:00,11,50,0
2024-12-30 12:00:00,11,63,0
2024-12-30 13:00:00,9,73,0
2024-12-30 14:00:00,6,91,4
2024-12-30 15:00:00,11,77,6
2024-12-30 16:00:00,14,75,5
2024-12-30 17:00:00,3,71,11
2024-12-30 18:00:00,1,71,6
2024-12-30 19:00:00,6,51,5
2024-12-30 20:00:00,0,43,0
2024-12-30 21:00:00,1,24,4
2024-12-30 22:00:00,3,30,2
2024-12-30 23:00:00,0,14,0
2024-12-31 00:00:00,1,6,0
2024-12-31 01:00:00,0,6,1
2024-12-31 02:00:00,0,1,0
2024-12-31 03:00:00,0,3,0
2024-12-31 04:00:00,0,0,0
2024-12-31 05:00:00,3,7,1
2024-12-31 06:00:00,2,19,0
2024-12-31 07:00:00,2,34,1
2024-12-31 08:00:00,4,33,0
2024-12-31 09:00:00,7,39,0
2024-12-31 10:00:00,10,45,1
2024-12-31 11:00:00,13,70,0
2024-12-31 12:00:00,15,89,0
2024-12-31 13:00:00,12,82,1
2024-12-31 14:00:00,8,79,1
2024-12-31 15:00:00,14,86,3
2024-12-31 16:00:00,6,79,1
2024-12-31 17:00:00,2,68,4
2024-12-31 18:00:00,4,91,0
2024-12-31 19:00:00,0,61,3
2024-12-31 20:00:00,0,71,1
2024-12-31 21:00:00,2,55,0
2024-12-31 22:00:00,1,30,1
2024-12-31 23:00:00,1,22,0
