date,ped,car,cyc
2024-01-01 00:00:00,208,0,11
2024-01-01 01:00:00,213,0,9
2024-01-01 02:00:00,161,0,11
2024-01-01 03:00:00,144,0,8
2024-01-01 04:00:00,160,0,7
2024-01-01 05:00:00,80,0,0
2024-01-01 06:00:00,33,0,3
2024-01-01 07:00:00,47,0,1
2024-01-01 08:00:00,58,0,19
2024-01-01 09:00:00,97,0,11
2024-01-01 10:00:00,213,0,23
2024-01-01 11:00:00,359,0,36
2024-01-01 12:00:00,502,0,41
2024-01-01 13:00:00,421,0,42
2024-01-01 14:00:00,282,0,18
2024-01-01 15:00:00,260,0,22
2024-01-01 16:00:00,178,0,15
2024-01-01 17:00:00,55,0,35
2024-01-01 18:00:00,40,0,20
2024-01-01 19:00:00,25,0,20
2024-01-01 20:00:00,23,0,17
2024-01-01 21:00:00,17,1,12
2024-01-01 22:00:00,23,1,7
2024-01-01 23:00:00,16,0,5
2024-01-02 00:00:00,9,0,2
2024-01-02 01:00:00,10,0,3
2024-01-02 02:00:00,2,0,1
2024-01-02 03:00:00,10,0,2
2024-01-02 04:00:00,2,0,2
2024-01-02 05:00:00,6,0,2
2024-01-02 06:00:00,13,1,12
2024-01-02 07:00:00,76,0,52
2024-01-02 08:00:00,352,0,145
2024-01-02 09:00:00,210,0,90
2024-01-02 10:00:00,144,0,25
2024-01-02 11:00:00,298,0,28
2024-01-02 12:00:00,680,0,37
2024-01-02 13:00:00,691,0,44
2024-01-02 14:00:00,489,0,43
2024-01-02 15:00:00,457,0,54
2024-01-02 16:00:00,395,0,98
2024-01-02 17:00:00,367,0,185
2024-01-02 18:00:00,224,0,92
2024-01-02 19:00:00,131,0,35
2024-01-02 20:00:00,86,0,21
2024-01-02 21:00:00,57,0,16
2024-01-02 22:00:00,33,1,8
2024-01-02 23:00:00,17,0,6
2024-01-03 00:00:00,11,0,5
2024-01-03 01:00:00,2,0,3
2024-01-03 02:00:00,4,0,0
2024-01-03 03:00:00,4,0,0
2024-01-03 04:00:00,0,0,1
2024-01-03 05:00:00,4,0,6
2024-01-03 06:00:00,20,0,17
2024-01-03 07:00:00,124,0,89
2024-01-03 08:00:00,373,0,251
2024-01-03 09:00:00,223,0,109
2024-01-03 10:00:00,177,0,25
2024-01-03 11:00:00,287,0,41
2024-01-03 12:00:00,860,0,65
2024-01-03 13:00:00,847,0,65
2024-01-03 14:00:00,567,0,75
2024-01-03 15:00:00,515,0,95
2024-01-03 16:00:00,525,0,155
2024-01-03 17:00:00,634,0,204
2024-01-03 18:00:00,510,0,118
2024-01-03 19:00:00,269,0,57
2024-01-03 20:00:00,154,0,30
2024-01-03 21:00:00,121,0,24
2024-01-03 22:00:00,41,0,14
2024-01-03 23:00:00,33,0,11
2024-01-04 00:00:00,16,0,7
2024-01-04 01:00:00,3,0,3
2024-01-04 02:00:00,11,0,3
2024-01-04 03:00:00,2,0,2
2024-01-04 04:00:00,2,0,1
2024-01-04 05:00:00,3,0,4
2024-01-04 06:00:00,17,0,18
2024-01-04 07:00:00,180,0,85
2024-01-04 08:00:00,597,0,338
2024-01-04 09:00:00,387,0,167
2024-01-04 10:00:00,313,0,64
2024-01-04 11:00:00,388,0,52
2024-01-04 12:00:00,783,0,82
2024-01-04 13:00:00,949,0,78
2024-01-04 14:00:00,426,0,77
2024-01-04 15:00:00,337,0,94
2024-01-04 16:00:00,315,1,141
2024-01-04 17:00:00,214,0,264
2024-01-04 18:00:00,147,0,140
2024-01-04 19:00:00,109,0,52
2024-01-04 20:00:00,84,0,39
2024-01-04 21:00:00,74,0,21
2024-01-04 22:00:00,74,0,11
2024-01-04 23:00:00,55,0,12
2024-01-05 00:00:00,19,0,4
2024-01-05 01:00:00,17,0,2
2024-01-05 02:00:00,7,0,3
2024-01-05 03:00:00,13,0,2
2024-01-05 04:00:00,4,0,2
2024-01-05 05:00:00,14,0,2
2024-01-05 06:00:00,43,0,14
2024-01-05 07:00:00,162,0,70
2024-01-05 08:00:00,461,0,224
2024-01-05 09:00:00,357,0,152
2024-01-05 10:00:00,281,0,78
2024-01-05 11:00:00,424,0,77
2024-01-05 12:00:00,1058,0,73
2024-01-05 13:00:00,1061,0,87
2024-01-05 14:00:00,626,0,90
2024-01-05 15:00:00,650,0,114
2024-01-05 16:00:00,697,0,132
2024-01-05 17:00:00,642,0,156
2024-01-05 18:00:00,474,0,83
2024-01-05 19:00:00,397,0,57
2024-01-05 20:00:00,265,0,30
2024-01-05 21:00:00,209,0,17
2024-01-05 22:00:00,226,0,26
2024-01-05 23:00:00,156,0,18
2024-01-06 00:00:00,126,0,12
2024-01-06 01:00:00,69,0,4
2024-01-06 02:00:00,32,0,6
2024-01-06 03:00:00,22,0,1
2024-01-06 04:00:00,16,0,1
2024-01-06 05:00:00,12,0,2
2024-01-06 06:00:00,31,0,4
2024-01-06 07:00:00,52,0,16
2024-01-06 08:00:00,105,0,30
2024-01-06 09:00:00,210,0,76
2024-01-06 10:00:00,404,0,92
2024-01-06 11:00:00,590,0,90
2024-01-06 12:00:00,950,0,153
2024-01-06 13:00:00,1410,0,105
2024-01-06 14:00:00,1086,0,116
2024-01-06 15:00:00,947,0,127
2024-01-06 16:00:00,861,0,98
2024-01-06 17:00:00,636,0,56
2024-01-06 18:00:00,398,1,36
2024-01-06 19:00:00,413,0,54
2024-01-06 20:00:00,244,0,28
2024-01-06 21:00:00,205,0,18
2024-01-06 22:00:00,258,0,24
2024-01-06 23:00:00,146,0,23
2024-01-07 00:00:00,109,0,11
2024-01-07 01:00:00,87,0,11
2024-01-07 02:00:00,58,0,1
2024-01-07 03:00:00,27,0,1
2024-01-07 04:00:00,11,0,2
2024-01-07 05:00:00,21,0,1
2024-01-07 06:00:00,23,0,1
2024-01-07 07:00:00,41,0,10
2024-01-07 08:00:00,74,0,25
2024-01-07 09:00:00,200,0,39
2024-01-07 10:00:00,323,0,66
2024-01-07 11:00:00,504,0,64
2024-01-07 12:00:00,754,0,101
2024-01-07 13:00:00,703,0,104
2024-01-07 14:00:00,646,0,110
2024-01-07 15:00:00,569,0,79
2024-01-07 16:00:00,557,0,69
2024-01-07 17:00:00,308,0,42
2024-01-07 18:00:00,202,0,43
2024-01-07 19:00:00,163,0,46
2024-01-07 20:00:00,122,0,32
2024-01-07 21:00:00,107,0,20
2024-01-07 22:00:00,87,0,24
2024-01-07 23:00:00,46,0,11
2024-01-08 00:00:00,19,0,2
2024-01-08 01:00:00,20,0,2
2024-01-08 02:00:00,5,0,3
2024-01-08 03:00:00,3,0,3
2024-01-08 04:00:00,5,0,2
2024-01-08 05:00:00,15,0,11
2024-01-08 06:00:00,59,0,17
2024-01-08 07:00:00,248,0,114
2024-01-08 08:00:00,679,0,348
2024-01-08 09:00:00,405,0,209
2024-01-08 10:00:00,271,0,61
2024-01-08 11:00:00,327,0,55
2024-01-08 12:00:00,779,0,59
2024-01-08 13:00:00,897,0,80
2024-01-08 14:00:00,478,1,75
2024-01-08 15:00:00,443,0,117
2024-01-08 16:00:00,608,0,170
2024-01-08 17:00:00,788,2,331
2024-01-08 18:00:00,388,1,165
2024-01-08 19:00:00,255,0,72
2024-01-08 20:00:00,139,0,49
2024-01-08 21:00:00,124,0,33
2024-01-08 22:00:00,77,0,20
2024-01-08 23:00:00,57,0,16
2024-01-09 00:00:00,38,0,6
2024-01-09 01:00:00,11,0,3
2024-01-09 02:00:00,5,0,2
2024-01-09 03:00:00,22,0,0
2024-01-09 04:00:00,16,0,2
2024-01-09 05:00:00,16,0,6
2024-01-09 06:00:00,66,0,16
2024-01-09 07:00:00,250,0,86
2024-01-09 08:00:00,759,0,338
2024-01-09 09:00:00,472,0,177
2024-01-09 10:00:00,270,0,51
2024-01-09 11:00:00,339,0,57
2024-01-09 12:00:00,926,0,62
2024-01-09 13:00:00,1131,0,78
2024-01-09 14:00:00,562,0,75
2024-01-09 15:00:00,475,0,115
2024-01-09 16:00:00,715,0,195
2024-01-09 17:00:00,974,0,321
2024-01-09 18:00:00,768,0,155
2024-01-09 19:00:00,485,0,78
2024-01-09 20:00:00,190,0,42
2024-01-09 21:00:00,151,0,37
2024-01-09 22:00:00,122,0,25
2024-01-09 23:00:00,72,0,9
2024-01-10 00:00:00,29,0,2
2024-01-10 01:00:00,16,0,3
2024-01-10 02:00:00,4,0,2
2024-01-10 03:00:00,9,0,0
2024-01-10 04:00:00,11,0,3
2024-01-10 05:00:00,7,0,4
2024-01-10 06:00:00,44,0,27
2024-01-10 07:00:00,223,0,101
2024-01-10 08:00:00,769,0,396
2024-01-10 09:00:00,439,0,191
2024-01-10 10:00:00,269,0,68
2024-01-10 11:00:00,330,0,55
2024-01-10 12:00:00,1020,0,82
2024-01-10 13:00:00,1287,0,72
2024-01-10 14:00:00,588,0,100
2024-01-10 15:00:00,583,0,98
2024-01-10 16:00:00,653,0,191
2024-01-10 17:00:00,811,0,327
2024-01-10 18:00:00,468,0,175
2024-01-10 19:00:00,310,0,88
2024-01-10 20:00:00,192,0,67
2024-01-10 21:00:00,144,1,52
2024-01-10 22:00:00,141,0,40
2024-01-10 23:00:00,73,0,13
2024-01-11 00:00:00,23,0,4
2024-01-11 01:00:00,15,0,2
2024-01-11 02:00:00,9,0,1
2024-01-11 03:00:00,10,0,4
2024-01-11 04:00:00,5,0,2
2024-01-11 05:00:00,19,0,4
2024-01-11 06:00:00,54,1,18
2024-01-11 07:00:00,240,0,102
2024-01-11 08:00:00,739,0,348
2024-01-11 09:00:00,460,0,230
2024-01-11 10:00:00,270,0,77
2024-01-11 11:00:00,334,0,55
2024-01-11 12:00:00,1004,0,120
2024-01-11 13:00:00,1281,0,89
2024-01-11 14:00:00,547,0,90
2024-01-11 15:00:00,457,0,115
2024-01-11 16:00:00,632,0,193
2024-01-11 17:00:00,837,1,319
2024-01-11 18:00:00,565,0,173
2024-01-11 19:00:00,281,0,79
2024-01-11 20:00:00,268,0,45
2024-01-11 21:00:00,193,1,45
2024-01-11 22:00:00,157,0,52
2024-01-11 23:00:00,64,1,17
2024-01-12 00:00:00,44,0,2
2024-01-12 01:00:00,22,0,3
2024-01-12 02:00:00,13,0,2
2024-01-12 03:00:00,13,0,0
2024-01-12 04:00:00,2,0,2
2024-01-12 05:00:00,8,0,4
2024-01-12 06:00:00,36,0,22
2024-01-12 07:00:00,205,0,98
2024-01-12 08:00:00,527,0,256
2024-01-12 09:00:00,347,0,163
2024-01-12 10:00:00,305,0,61
2024-01-12 11:00:00,337,0,72
2024-01-12 12:00:00,594,0,74
2024-01-12 13:00:00,739,0,111
2024-01-12 14:00:00,561,0,102
2024-01-12 15:00:00,567,0,120
2024-01-12 16:00:00,682,0,169
2024-01-12 17:00:00,591,1,196
2024-01-12 18:00:00,516,1,106
2024-01-12 19:00:00,389,0,61
2024-01-12 20:00:00,329,0,51
2024-01-12 21:00:00,240,0,33
2024-01-12 22:00:00,273,1,45
2024-01-12 23:00:00,190,0,25
2024-01-13 00:00:00,133,0,14
2024-01-13 01:00:00,65,0,9
2024-01-13 02:00:00,80,0,6
2024-01-13 03:00:00,23,0,5
2024-01-13 04:00:00,11,0,4
2024-01-13 05:00:00,11,0,2
2024-01-13 06:00:00,27,0,7
2024-01-13 07:00:00,50,0,21
2024-01-13 08:00:00,104,0,44
2024-01-13 09:00:00,191,0,51
2024-01-13 10:00:00,401,0,56
2024-01-13 11:00:00,616,0,72
2024-01-13 12:00:00,731,0,87
2024-01-13 13:00:00,965,0,102
2024-01-13 14:00:00,821,0,86
2024-01-13 15:00:00,1003,0,101
2024-01-13 16:00:00,869,0,97
2024-01-13 17:00:00,589,0,78
2024-01-13 18:00:00,462,0,57
2024-01-13 19:00:00,359,0,49
2024-01-13 20:00:00,336,0,62
2024-01-13 21:00:00,248,0,38
2024-01-13 22:00:00,246,0,51
2024-01-13 23:00:00,202,0,40
2024-01-14 00:00:00,175,0,27
2024-01-14 01:00:00,103,0,13
2024-01-14 02:00:00,51,0,4
2024-01-14 03:00:00,36,0,6
2024-01-14 04:00:00,14,0,1
2024-01-14 05:00:00,18,0,1
2024-01-14 06:00:00,12,0,4
2024-01-14 07:00:00,40,0,5
2024-01-14 08:00:00,81,0,24
2024-01-14 09:00:00,162,0,33
2024-01-14 10:00:00,356,0,62
2024-01-14 11:00:00,541,0,55
2024-01-14 12:00:00,804,0,82
2024-01-14 13:00:00,951,0,64
2024-01-14 14:00:00,730,0,87
2024-01-14 15:00:00,750,0,79
2024-01-14 16:00:00,561,0,84
2024-01-14 17:00:00,354,0,67
2024-01-14 18:00:00,205,0,26
2024-01-14 19:00:00,157,0,52
2024-01-14 20:00:00,126,0,36
2024-01-14 21:00:00,97,0,12
2024-01-14 22:00:00,87,0,20
2024-01-14 23:00:00,59,0,15
2024-01-15 00:00:00,29,0,1
2024-01-15 01:00:00,4,0,1
2024-01-15 02:00:00,5,0,0
2024-01-15 03:00:00,5,0,1
2024-01-15 04:00:00,5,0,1
2024-01-15 05:00:00,5,0,4
2024-01-15 06:00:00,58,0,12
2024-01-15 07:00:00,252,0,86
2024-01-15 08:00:00,688,0,323
2024-01-15 09:00:00,434,0,206
2024-01-15 10:00:00,305,0,72
2024-01-15 11:00:00,358,0,46
2024-01-15 12:00:00,1191,0,84
2024-01-15 13:00:00,1299,0,81
2024-01-15 14:00:00,601,0,81
2024-01-15 15:00:00,728,0,118
2024-01-15 16:00:00,696,0,184
2024-01-15 17:00:00,845,0,308
2024-01-15 18:00:00,658,0,156
2024-01-15 19:00:00,294,0,97
2024-01-15 20:00:00,165,0,43
2024-01-15 21:00:00,159,0,42
2024-01-15 22:00:00,93,0,28
2024-01-15 23:00:00,48,0,16
2024-01-16 00:00:00,35,0,2
2024-01-16 01:00:00,17,0,3
2024-01-16 02:00:00,4,0,1
2024-01-16 03:00:00,10,0,1
2024-01-16 04:00:00,7,0,0
2024-01-16 05:00:00,18,0,6
2024-01-16 06:00:00,59,0,21
2024-01-16 07:00:00,263,0,101
2024-01-16 08:00:00,799,0,403
2024-01-16 09:00:00,501,0,236
2024-01-16 10:00:00,304,0,69
2024-01-16 11:00:00,322,0,71
2024-01-16 12:00:00,931,0,97
2024-01-16 13:00:00,1131,0,101
2024-01-16 14:00:00,587,0,82
2024-01-16 15:00:00,559,0,106
2024-01-16 16:00:00,666,0,200
2024-01-16 17:00:00,974,0,355
2024-01-16 18:00:00,937,0,173
2024-01-16 19:00:00,526,0,93
2024-01-16 20:00:00,259,0,53
2024-01-16 21:00:00,154,0,51
2024-01-16 22:00:00,171,0,58
2024-01-16 23:00:00,82,0,21
2024-01-17 00:00:00,68,0,7
2024-01-17 01:00:00,26,0,0
2024-01-17 02:00:00,9,0,0
2024-01-17 03:00:00,11,0,0
2024-01-17 04:00:00,8,0,0
2024-01-17 05:00:00,10,0,9
2024-01-17 06:00:00,51,0,21
2024-01-17 07:00:00,211,1,103
2024-01-17 08:00:00,756,0,378
2024-01-17 09:00:00,447,0,202
2024-01-17 10:00:00,265,0,57
2024-01-17 11:00:00,340,0,59
2024-01-17 12:00:00,888,0,85
2024-01-17 13:00:00,986,0,76
2024-01-17 14:00:00,593,0,101
2024-01-17 15:00:00,506,0,137
2024-01-17 16:00:00,668,0,198
2024-01-17 17:00:00,930,0,330
2024-01-17 18:00:00,492,0,161
2024-01-17 19:00:00,327,0,87
2024-01-17 20:00:00,191,0,51
2024-01-17 21:00:00,138,1,37
2024-01-17 22:00:00,123,0,51
2024-01-17 23:00:00,53,1,18
2024-01-18 00:00:00,39,0,5
2024-01-18 01:00:00,14,0,3
2024-01-18 02:00:00,6,0,2
2024-01-18 03:00:00,18,0,1
2024-01-18 04:00:00,11,0,0
2024-01-18 05:00:00,6,0,7
2024-01-18 06:00:00,50,0,20
2024-01-18 07:00:00,238,0,79
2024-01-18 08:00:00,677,0,337
2024-01-18 09:00:00,476,0,228
2024-01-18 10:00:00,311,0,60
2024-01-18 11:00:00,417,0,67
2024-01-18 12:00:00,951,0,103
2024-01-18 13:00:00,1394,0,82
2024-01-18 14:00:00,680,0,75
2024-01-18 15:00:00,583,0,118
2024-01-18 16:00:00,719,0,177
2024-01-18 17:00:00,836,0,307
2024-01-18 18:00:00,546,0,146
2024-01-18 19:00:00,355,0,83
2024-01-18 20:00:00,224,0,50
2024-01-18 21:00:00,126,0,45
2024-01-18 22:00:00,167,0,52
2024-01-18 23:00:00,120,0,17
2024-01-19 00:00:00,66,0,4
2024-01-19 01:00:00,19,0,3
2024-01-19 02:00:00,27,0,3
2024-01-19 03:00:00,11,0,2
2024-01-19 04:00:00,4,0,1
2024-01-19 05:00:00,9,0,5
2024-01-19 06:00:00,35,0,16
2024-01-19 07:00:00,198,0,83
2024-01-19 08:00:00,538,0,222
2024-01-19 09:00:00,339,0,159
2024-01-19 10:00:00,289,0,58
2024-01-19 11:00:00,399,0,66
2024-01-19 12:00:00,935,0,81
2024-01-19 13:00:00,1136,0,91
2024-01-19 14:00:00,694,0,95
2024-01-19 15:00:00,652,0,122
2024-01-19 16:00:00,732,0,161
2024-01-19 17:00:00,776,0,198
2024-01-19 18:00:00,551,0,106
2024-01-19 19:00:00,410,1,72
2024-01-19 20:00:00,264,0,40
2024-01-19 21:00:00,244,0,27
2024-01-19 22:00:00,268,0,36
2024-01-19 23:00:00,219,0,32
2024-01-20 00:00:00,137,0,14
2024-01-20 01:00:00,109,0,5
2024-01-20 02:00:00,40,0,3
2024-01-20 03:00:00,49,0,3
2024-01-20 04:00:00,18,0,2
2024-01-20 05:00:00,14,0,4
2024-01-20 06:00:00,13,0,2
2024-01-20 07:00:00,42,0,19
2024-01-20 08:00:00,114,0,32
2024-01-20 09:00:00,228,0,56
2024-01-20 10:00:00,375,0,67
2024-01-20 11:00:00,652,0,79
2024-01-20 12:00:00,854,0,103
2024-01-20 13:00:00,917,0,77
2024-01-20 14:00:00,1143,0,90
2024-01-20 15:00:00,969,0,73
2024-01-20 16:00:00,891,0,55
2024-01-20 17:00:00,585,0,68
2024-01-20 18:00:00,539,0,45
2024-01-20 19:00:00,496,0,53
2024-01-20 20:00:00,205,0,34
2024-01-20 21:00:00,159,0,19
2024-01-20 22:00:00,138,0,21
2024-01-20 23:00:00,89,0,28
2024-01-21 00:00:00,51,0,12
2024-01-21 01:00:00,49,0,5
2024-01-21 02:00:00,33,0,3
2024-01-21 03:00:00,21,0,5
2024-01-21 04:00:00,14,0,2
2024-01-21 05:00:00,6,0,1
2024-01-21 06:00:00,16,0,2
2024-01-21 07:00:00,26,0,5
2024-01-21 08:00:00,83,0,17
2024-01-21 09:00:00,194,0,53
2024-01-21 10:00:00,382,0,43
2024-01-21 11:00:00,536,0,70
2024-01-21 12:00:00,651,0,77
2024-01-21 13:00:00,708,0,54
2024-01-21 14:00:00,630,0,48
2024-01-21 15:00:00,513,0,55
2024-01-21 16:00:00,347,0,34
2024-01-21 17:00:00,164,0,36
2024-01-21 18:00:00,103,0,21
2024-01-21 19:00:00,99,0,30
2024-01-21 20:00:00,80,0,22
2024-01-21 21:00:00,43,0,17
2024-01-21 22:00:00,59,0,13
2024-01-21 23:00:00,30,0,7
2024-01-22 00:00:00,13,0,5
2024-01-22 01:00:00,5,0,1
2024-01-22 02:00:00,4,0,2
2024-01-22 03:00:00,9,0,3
2024-01-22 04:00:00,4,0,1
2024-01-22 05:00:00,9,0,5
2024-01-22 06:00:00,58,0,14
2024-01-22 07:00:00,236,0,106
2024-01-22 08:00:00,688,0,289
2024-01-22 09:00:00,410,0,182
2024-01-22 10:00:00,482,0,67
2024-01-22 11:00:00,399,0,52
2024-01-22 12:00:00,1018,0,65
2024-01-22 13:00:00,1011,0,71
2024-01-22 14:00:00,472,0,68
2024-01-22 15:00:00,509,0,86
2024-01-22 16:00:00,716,0,184
2024-01-22 17:00:00,758,1,258
2024-01-22 18:00:00,387,0,165
2024-01-22 19:00:00,176,0,68
2024-01-22 20:00:00,148,0,56
2024-01-22 21:00:00,141,0,34
2024-01-22 22:00:00,110,0,19
2024-01-22 23:00:00,59,0,14
2024-01-23 00:00:00,35,0,2
2024-01-23 01:00:00,5,0,3
2024-01-23 02:00:00,12,0,0
2024-01-23 03:00:00,7,0,0
2024-01-23 04:00:00,7,0,3
2024-01-23 05:00:00,13,0,7
2024-01-23 06:00:00,46,1,23
2024-01-23 07:00:00,159,1,74
2024-01-23 08:00:00,602,0,317
2024-01-23 09:00:00,398,0,150
2024-01-23 10:00:00,295,0,48
2024-01-23 11:00:00,296,0,42
2024-01-23 12:00:00,555,0,64
2024-01-23 13:00:00,641,0,51
2024-01-23 14:00:00,467,0,60
2024-01-23 15:00:00,400,0,94
2024-01-23 16:00:00,694,0,169
2024-01-23 17:00:00,741,0,284
2024-01-23 18:00:00,572,0,180
2024-01-23 19:00:00,370,0,112
2024-01-23 20:00:00,186,0,55
2024-01-23 21:00:00,124,0,28
2024-01-23 22:00:00,113,0,22
2024-01-23 23:00:00,75,0,9
2024-01-24 00:00:00,19,0,4
2024-01-24 01:00:00,22,0,1
2024-01-24 02:00:00,24,0,0
2024-01-24 03:00:00,2,0,0
2024-01-24 04:00:00,6,0,0
2024-01-24 05:00:00,14,0,5
2024-01-24 06:00:00,46,0,17
2024-01-24 07:00:00,264,0,87
2024-01-24 08:00:00,801,0,390
2024-01-24 09:00:00,513,0,203
2024-01-24 10:00:00,391,0,86
2024-01-24 11:00:00,476,0,63
2024-01-24 12:00:00,1049,0,87
2024-01-24 13:00:00,1205,0,98
2024-01-24 14:00:00,657,0,117
2024-01-24 15:00:00,602,0,108
2024-01-24 16:00:00,750,0,194
2024-01-24 17:00:00,965,0,316
2024-01-24 18:00:00,646,0,132
2024-01-24 19:00:00,400,0,67
2024-01-24 20:00:00,259,0,63
2024-01-24 21:00:00,156,0,64
2024-01-24 22:00:00,147,0,27
2024-01-24 23:00:00,99,0,15
2024-01-25 00:00:00,30,0,5
2024-01-25 01:00:00,8,0,0
2024-01-25 02:00:00,8,0,3
2024-01-25 03:00:00,8,0,1
2024-01-25 04:00:00,6,0,1
2024-01-25 05:00:00,9,0,4
2024-01-25 06:00:00,40,0,31
2024-01-25 07:00:00,241,0,92
2024-01-25 08:00:00,729,0,332
2024-01-25 09:00:00,463,0,197
2024-01-25 10:00:00,292,0,84
2024-01-25 11:00:00,466,0,73
2024-01-25 12:00:00,1006,0,63
2024-01-25 13:00:00,1067,0,75
2024-01-25 14:00:00,597,0,80
2024-01-25 15:00:00,605,0,113
2024-01-25 16:00:00,737,0,202
2024-01-25 17:00:00,873,0,248
2024-01-25 18:00:00,568,1,158
2024-01-25 19:00:00,407,0,105
2024-01-25 20:00:00,265,0,63
2024-01-25 21:00:00,192,0,56
2024-01-25 22:00:00,211,1,67
2024-01-25 23:00:00,78,0,20
2024-01-26 00:00:00,56,0,7
2024-01-26 01:00:00,22,0,2
2024-01-26 02:00:00,15,0,2
2024-01-26 03:00:00,13,0,1
2024-01-26 04:00:00,8,0,3
2024-01-26 05:00:00,10,0,4
2024-01-26 06:00:00,49,0,21
2024-01-26 07:00:00,248,0,87
2024-01-26 08:00:00,570,0,235
2024-01-26 09:00:00,451,0,131
2024-01-26 10:00:00,392,0,89
2024-01-26 11:00:00,547,0,51
2024-01-26 12:00:00,1183,0,85
2024-01-26 13:00:00,1469,0,105
2024-01-26 14:00:00,804,0,103
2024-01-26 15:00:00,818,0,143
2024-01-26 16:00:00,947,0,170
2024-01-26 17:00:00,934,0,199
2024-01-26 18:00:00,649,0,120
2024-01-26 19:00:00,523,0,68
2024-01-26 20:00:00,429,0,54
2024-01-26 21:00:00,351,0,34
2024-01-26 22:00:00,385,0,38
2024-01-26 23:00:00,264,0,29
2024-01-27 00:00:00,153,0,21
2024-01-27 01:00:00,103,0,5
2024-01-27 02:00:00,61,0,5
2024-01-27 03:00:00,54,0,4
2024-01-27 04:00:00,43,0,5
2024-01-27 05:00:00,25,0,0
2024-01-27 06:00:00,30,0,5
2024-01-27 07:00:00,72,0,18
2024-01-27 08:00:00,141,0,31
2024-01-27 09:00:00,256,0,35
2024-01-27 10:00:00,478,0,58
2024-01-27 11:00:00,783,0,86
2024-01-27 12:00:00,1015,0,125
2024-01-27 13:00:00,1112,0,109
2024-01-27 14:00:00,1103,0,116
2024-01-27 15:00:00,1061,0,97
2024-01-27 16:00:00,1084,0,88
2024-01-27 17:00:00,860,0,71
2024-01-27 18:00:00,649,0,58
2024-01-27 19:00:00,602,0,46
2024-01-27 20:00:00,514,0,35
2024-01-27 21:00:00,466,0,28
2024-01-27 22:00:00,449,0,38
2024-01-27 23:00:00,327,0,30
2024-01-28 00:00:00,223,0,13
2024-01-28 01:00:00,123,0,9
2024-01-28 02:00:00,101,0,6
2024-01-28 03:00:00,62,0,2
2024-01-28 04:00:00,25,0,2
2024-01-28 05:00:00,24,0,3
2024-01-28 06:00:00,19,0,3
2024-01-28 07:00:00,58,0,12
2024-01-28 08:00:00,77,0,39
2024-01-28 09:00:00,180,0,34
2024-01-28 10:00:00,388,0,81
2024-01-28 11:00:00,584,0,77
2024-01-28 12:00:00,854,0,108
2024-01-28 13:00:00,862,0,109
2024-01-28 14:00:00,839,0,98
2024-01-28 15:00:00,800,0,77
2024-01-28 16:00:00,768,0,137
2024-01-28 17:00:00,401,0,60
2024-01-28 18:00:00,290,0,44
2024-01-28 19:00:00,230,1,62
2024-01-28 20:00:00,170,0,36
2024-01-28 21:00:00,128,0,24
2024-01-28 22:00:00,89,0,18
2024-01-28 23:00:00,78,0,14
2024-01-29 00:00:00,19,0,5
2024-01-29 01:00:00,12,0,1
2024-01-29 02:00:00,13,0,0
2024-01-29 03:00:00,9,0,3
2024-01-29 04:00:00,4,0,1
2024-01-29 05:00:00,8,0,2
2024-01-29 06:00:00,40,0,20
2024-01-29 07:00:00,170,0,79
2024-01-29 08:00:00,650,0,335
2024-01-29 09:00:00,408,0,183
2024-01-29 10:00:00,303,0,63
2024-01-29 11:00:00,338,0,44
2024-01-29 12:00:00,857,0,83
2024-01-29 13:00:00,903,0,78
2024-01-29 14:00:00,494,0,87
2024-01-29 15:00:00,495,0,113
2024-01-29 16:00:00,628,0,195
2024-01-29 17:00:00,774,0,253
2024-01-29 18:00:00,483,1,150
2024-01-29 19:00:00,330,0,47
2024-01-29 20:00:00,193,0,47
2024-01-29 21:00:00,139,0,31
2024-01-29 22:00:00,115,0,24
2024-01-29 23:00:00,59,0,12
2024-01-30 00:00:00,26,0,5
2024-01-30 01:00:00,13,0,3
2024-01-30 02:00:00,7,0,1
2024-01-30 03:00:00,5,0,1
2024-01-30 04:00:00,14,0,2
2024-01-30 05:00:00,22,0,5
2024-01-30 06:00:00,50,0,18
2024-01-30 07:00:00,285,0,120
2024-01-30 08:00:00,814,0,367
2024-01-30 09:00:00,541,0,189
2024-01-30 10:00:00,339,0,62
2024-01-30 11:00:00,393,0,68
2024-01-30 12:00:00,945,0,60
2024-01-30 13:00:00,1187,0,86
2024-01-30 14:00:00,570,0,93
2024-01-30 15:00:00,512,0,123
2024-01-30 16:00:00,723,0,222
2024-01-30 17:00:00,1078,0,360
2024-01-30 18:00:00,1005,0,173
2024-01-30 19:00:00,572,0,104
2024-01-30 20:00:00,301,0,65
2024-01-30 21:00:00,203,0,43
2024-01-30 22:00:00,198,0,40
2024-01-30 23:00:00,118,0,19
2024-01-31 00:00:00,49,0,10
2024-01-31 01:00:00,11,0,4
2024-01-31 02:00:00,12,0,1
2024-01-31 03:00:00,11,0,1
2024-01-31 04:00:00,8,0,1
2024-01-31 05:00:00,23,0,8
2024-01-31 06:00:00,57,0,20
2024-01-31 07:00:00,272,1,131
2024-01-31 08:00:00,835,0,392
2024-01-31 09:00:00,465,0,195
2024-01-31 10:00:00,313,0,79
2024-01-31 11:00:00,420,0,72
2024-01-31 12:00:00,918,0,98
2024-01-31 13:00:00,1188,0,105
2024-01-31 14:00:00,568,0,100
2024-01-31 15:00:00,582,0,116
2024-01-31 16:00:00,697,0,206
2024-01-31 17:00:00,942,0,346
2024-01-31 18:00:00,604,0,171
2024-01-31 19:00:00,290,0,104
2024-01-31 20:00:00,142,0,62
2024-01-31 21:00:00,136,0,52
2024-01-31 22:00:00,136,0,41
2024-01-31 23:00:00,45,0,15
2024-02-01 00:00:00,10,0,4
2024-02-01 01:00:00,14,0,2
2024-02-01 02:00:00,15,0,2
2024-02-01 03:00:00,8,0,3
2024-02-01 04:00:00,10,0,4
2024-02-01 05:00:00,13,0,1
2024-02-01 06:00:00,68,0,18
2024-02-01 07:00:00,286,0,140
2024-02-01 08:00:00,806,0,392
2024-02-01 09:00:00,504,0,216
2024-02-01 10:00:00,324,0,78
2024-02-01 11:00:00,443,0,69
2024-02-01 12:00:00,1150,0,89
2024-02-01 13:00:00,1091,0,120
2024-02-01 14:00:00,587,0,98
2024-02-01 15:00:00,657,0,131
2024-02-01 16:00:00,868,0,220
2024-02-01 17:00:00,1183,0,329
2024-02-01 18:00:00,743,0,146
2024-02-01 19:00:00,506,0,97
2024-02-01 20:00:00,355,0,59
2024-02-01 21:00:00,286,0,54
2024-02-01 22:00:00,233,0,60
2024-02-01 23:00:00,142,0,56
2024-02-02 00:00:00,49,0,9
2024-02-02 01:00:00,35,0,4
2024-02-02 02:00:00,18,0,2
2024-02-02 03:00:00,11,0,2
2024-02-02 04:00:00,7,0,1
2024-02-02 05:00:00,10,0,5
2024-02-02 06:00:00,18,0,16
2024-02-02 07:00:00,227,0,81
2024-02-02 08:00:00,497,0,248
2024-02-02 09:00:00,359,0,150
2024-02-02 10:00:00,293,0,59
2024-02-02 11:00:00,408,0,78
2024-02-02 12:00:00,667,0,69
2024-02-02 13:00:00,807,0,102
2024-02-02 14:00:00,636,0,113
2024-02-02 15:00:00,589,0,109
2024-02-02 16:00:00,811,0,175
2024-02-02 17:00:00,904,0,235
2024-02-02 18:00:00,696,0,169
2024-02-02 19:00:00,594,0,133
2024-02-02 20:00:00,523,0,84
2024-02-02 21:00:00,405,0,69
2024-02-02 22:00:00,324,0,74
2024-02-02 23:00:00,258,0,50
2024-02-03 00:00:00,158,0,15
2024-02-03 01:00:00,79,0,8
2024-02-03 02:00:00,71,0,2
2024-02-03 03:00:00,29,0,5
2024-02-03 04:00:00,23,0,0
2024-02-03 05:00:00,21,0,0
2024-02-03 06:00:00,12,0,6
2024-02-03 07:00:00,56,0,11
2024-02-03 08:00:00,155,0,36
2024-02-03 09:00:00,244,0,54
2024-02-03 10:00:00,418,0,58
2024-02-03 11:00:00,655,0,70
2024-02-03 12:00:00,780,0,84
2024-02-03 13:00:00,850,0,85
2024-02-03 14:00:00,1023,0,80
2024-02-03 15:00:00,861,0,79
2024-02-03 16:00:00,1052,0,103
2024-02-03 17:00:00,1230,0,133
2024-02-03 18:00:00,1413,0,173
2024-02-03 19:00:00,1292,0,139
2024-02-03 20:00:00,984,0,95
2024-02-03 21:00:00,679,0,52
2024-02-03 22:00:00,482,0,47
2024-02-03 23:00:00,284,0,96
2024-02-04 00:00:00,174,0,34
2024-02-04 01:00:00,114,0,19
2024-02-04 02:00:00,89,0,7
2024-02-04 03:00:00,52,0,7
2024-02-04 04:00:00,41,0,0
2024-02-04 05:00:00,15,0,3
2024-02-04 06:00:00,16,0,8
2024-02-04 07:00:00,49,0,8
2024-02-04 08:00:00,91,0,28
2024-02-04 09:00:00,195,0,59
2024-02-04 10:00:00,381,0,42
2024-02-04 11:00:00,519,0,78
2024-02-04 12:00:00,741,0,75
2024-02-04 13:00:00,796,0,113
2024-02-04 14:00:00,808,0,72
2024-02-04 15:00:00,715,0,68
2024-02-04 16:00:00,699,0,88
2024-02-04 17:00:00,954,0,82
2024-02-04 18:00:00,1030,0,76
2024-02-04 19:00:00,679,0,38
2024-02-04 20:00:00,429,0,36
2024-02-04 21:00:00,205,0,18
2024-02-04 22:00:00,130,0,15
2024-02-04 23:00:00,64,0,7
2024-02-05 00:00:00,39,0,5
2024-02-05 01:00:00,6,0,2
2024-02-05 02:00:00,7,0,0
2024-02-05 03:00:00,4,0,2
2024-02-05 04:00:00,8,0,3
2024-02-05 05:00:00,19,0,2
2024-02-05 06:00:00,60,0,8
2024-02-05 07:00:00,252,1,121
2024-02-05 08:00:00,707,0,343
2024-02-05 09:00:00,401,0,194
2024-02-05 10:00:00,329,0,75
2024-02-05 11:00:00,416,0,81
2024-02-05 12:00:00,689,0,93
2024-02-05 13:00:00,889,0,99
2024-02-05 14:00:00,471,0,84
2024-02-05 15:00:00,468,0,95
2024-02-05 16:00:00,639,0,184
2024-02-05 17:00:00,1110,0,303
2024-02-05 18:00:00,979,0,182
2024-02-05 19:00:00,795,0,103
2024-02-05 20:00:00,557,0,74
2024-02-05 21:00:00,275,0,44
2024-02-05 22:00:00,87,0,25
2024-02-05 23:00:00,42,0,9
2024-02-06 00:00:00,21,0,10
2024-02-06 01:00:00,12,0,2
2024-02-06 02:00:00,3,0,0
2024-02-06 03:00:00,2,0,2
2024-02-06 04:00:00,1,0,2
2024-02-06 05:00:00,4,0,6
2024-02-06 06:00:00,44,0,18
2024-02-06 07:00:00,276,0,129
2024-02-06 08:00:00,721,0,354
2024-02-06 09:00:00,468,0,208
2024-02-06 10:00:00,327,0,66
2024-02-06 11:00:00,344,0,49
2024-02-06 12:00:00,836,0,83
2024-02-06 13:00:00,1126,0,75
2024-02-06 14:00:00,587,0,83
2024-02-06 15:00:00,517,0,121
2024-02-06 16:00:00,589,0,196
2024-02-06 17:00:00,540,0,317
2024-02-06 18:00:00,285,0,202
2024-02-06 19:00:00,252,1,99
2024-02-06 20:00:00,99,0,59
2024-02-06 21:00:00,51,0,57
2024-02-06 22:00:00,27,0,20
2024-02-06 23:00:00,33,0,21
2024-02-07 00:00:00,17,0,7
2024-02-07 01:00:00,8,0,0
2024-02-07 02:00:00,5,0,0
2024-02-07 03:00:00,10,0,4
2024-02-07 04:00:00,6,0,0
2024-02-07 05:00:00,13,0,5
2024-02-07 06:00:00,57,0,10
2024-02-07 07:00:00,294,0,99
2024-02-07 08:00:00,784,0,331
2024-02-07 09:00:00,503,0,197
2024-02-07 10:00:00,421,0,72
2024-02-07 11:00:00,421,0,57
2024-02-07 12:00:00,908,0,76
2024-02-07 13:00:00,1128,0,101
2024-02-07 14:00:00,644,0,106
2024-02-07 15:00:00,650,0,117
2024-02-07 16:00:00,817,0,198
2024-02-07 17:00:00,1320,0,354
2024-02-07 18:00:00,1418,0,178
2024-02-07 19:00:00,1191,0,110
2024-02-07 20:00:00,867,0,71
2024-02-07 21:00:00,533,0,60
2024-02-07 22:00:00,266,0,34
2024-02-07 23:00:00,138,0,16
2024-02-08 00:00:00,46,0,2
2024-02-08 01:00:00,16,0,0
2024-02-08 02:00:00,9,0,3
2024-02-08 03:00:00,6,0,2
2024-02-08 04:00:00,2,0,2
2024-02-08 05:00:00,5,0,2
2024-02-08 06:00:00,33,0,19
2024-02-08 07:00:00,185,0,79
2024-02-08 08:00:00,568,0,265
2024-02-08 09:00:00,407,0,136
2024-02-08 10:00:00,293,0,51
2024-02-08 11:00:00,289,0,51
2024-02-08 12:00:00,780,0,65
2024-02-08 13:00:00,822,0,73
2024-02-08 14:00:00,463,0,58
2024-02-08 15:00:00,430,0,90
2024-02-08 16:00:00,572,0,155
2024-02-08 17:00:00,703,0,260
2024-02-08 18:00:00,462,0,173
2024-02-08 19:00:00,307,0,92
2024-02-08 20:00:00,239,0,62
2024-02-08 21:00:00,176,0,40
2024-02-08 22:00:00,157,0,34
2024-02-08 23:00:00,118,0,19
2024-02-09 00:00:00,66,0,7
2024-02-09 01:00:00,27,0,4
2024-02-09 02:00:00,36,0,2
2024-02-09 03:00:00,13,0,4
2024-02-09 04:00:00,2,0,0
2024-02-09 05:00:00,5,0,4
2024-02-09 06:00:00,20,0,19
2024-02-09 07:00:00,207,0,86
2024-02-09 08:00:00,493,0,225
2024-02-09 09:00:00,388,0,127
2024-02-09 10:00:00,376,0,61
2024-02-09 11:00:00,470,0,66
2024-02-09 12:00:00,849,0,74
2024-02-09 13:00:00,833,0,106
2024-02-09 14:00:00,721,0,93
2024-02-09 15:00:00,662,0,111
2024-02-09 16:00:00,790,0,171
2024-02-09 17:00:00,1133,0,204
2024-02-09 18:00:00,780,1,209
2024-02-09 19:00:00,640,0,202
2024-02-09 20:00:00,555,0,133
2024-02-09 21:00:00,466,0,107
2024-02-09 22:00:00,436,0,74
2024-02-09 23:00:00,249,1,51
2024-02-10 00:00:00,164,0,24
2024-02-10 01:00:00,120,0,7
2024-02-10 02:00:00,60,0,10
2024-02-10 03:00:00,63,0,8
2024-02-10 04:00:00,17,0,4
2024-02-10 05:00:00,22,0,6
2024-02-10 06:00:00,23,0,7
2024-02-10 07:00:00,71,0,16
2024-02-10 08:00:00,156,0,38
2024-02-10 09:00:00,317,0,72
2024-02-10 10:00:00,500,0,85
2024-02-10 11:00:00,781,0,98
2024-02-10 12:00:00,1170,0,162
2024-02-10 13:00:00,1335,0,117
2024-02-10 14:00:00,1628,0,113
2024-02-10 15:00:00,1422,0,101
2024-02-10 16:00:00,1563,0,113
2024-02-10 17:00:00,1901,0,93
2024-02-10 18:00:00,2391,0,160
2024-02-10 19:00:00,2260,0,85
2024-02-10 20:00:00,1748,0,69
2024-02-10 21:00:00,1076,0,49
2024-02-10 22:00:00,568,0,50
2024-02-10 23:00:00,284,0,32
2024-02-11 00:00:00,202,0,26
2024-02-11 01:00:00,121,0,10
2024-02-11 02:00:00,93,0,6
2024-02-11 03:00:00,67,0,3
2024-02-11 04:00:00,17,0,5
2024-02-11 05:00:00,8,0,1
2024-02-11 06:00:00,20,0,6
2024-02-11 07:00:00,67,0,4
2024-02-11 08:00:00,90,0,26
2024-02-11 09:00:00,206,0,40
2024-02-11 10:00:00,493,0,48
2024-02-11 11:00:00,589,0,71
2024-02-11 12:00:00,906,0,72
2024-02-11 13:00:00,851,0,76
2024-02-11 14:00:00,785,0,101
2024-02-11 15:00:00,946,0,115
2024-02-11 16:00:00,965,0,97
2024-02-11 17:00:00,1487,0,76
2024-02-11 18:00:00,2047,0,79
2024-02-11 19:00:00,1732,0,73
2024-02-11 20:00:00,1043,0,46
2024-02-11 21:00:00,643,0,31
2024-02-11 22:00:00,165,0,28
2024-02-11 23:00:00,57,0,19
2024-02-12 00:00:00,24,0,5
2024-02-12 01:00:00,10,0,0
2024-02-12 02:00:00,8,0,0
2024-02-12 03:00:00,2,0,0
2024-02-12 04:00:00,2,0,1
2024-02-12 05:00:00,11,0,7
2024-02-12 06:00:00,39,0,22
2024-02-12 07:00:00,253,0,117
2024-02-12 08:00:00,632,0,290
2024-02-12 09:00:00,460,0,161
2024-02-12 10:00:00,391,0,67
2024-02-12 11:00:00,602,0,50
2024-02-12 12:00:00,1391,0,89
2024-02-12 13:00:00,1429,0,92
2024-02-12 14:00:00,820,0,109
2024-02-12 15:00:00,922,0,119
2024-02-12 16:00:00,985,0,183
2024-02-12 17:00:00,1184,0,306
2024-02-12 18:00:00,734,0,126
2024-02-12 19:00:00,413,1,82
2024-02-12 20:00:00,262,0,38
2024-02-12 21:00:00,202,0,40
2024-02-12 22:00:00,152,0,22
2024-02-12 23:00:00,77,0,10
2024-02-13 00:00:00,31,0,5
2024-02-13 01:00:00,15,0,2
2024-02-13 02:00:00,5,0,0
2024-02-13 03:00:00,7,0,2
2024-02-13 04:00:00,5,0,1
2024-02-13 05:00:00,13,0,6
2024-02-13 06:00:00,66,0,18
2024-02-13 07:00:00,291,0,122
2024-02-13 08:00:00,677,0,309
2024-02-13 09:00:00,351,0,154
2024-02-13 10:00:00,247,0,52
2024-02-13 11:00:00,382,0,34
2024-02-13 12:00:00,881,0,58
2024-02-13 13:00:00,1041,0,53
2024-02-13 14:00:00,634,0,73
2024-02-13 15:00:00,623,0,56
2024-02-13 16:00:00,770,0,170
2024-02-13 17:00:00,748,0,301
2024-02-13 18:00:00,457,0,178
2024-02-13 19:00:00,330,0,81
2024-02-13 20:00:00,182,0,46
2024-02-13 21:00:00,143,0,45
2024-02-13 22:00:00,106,0,30
2024-02-13 23:00:00,51,0,14
2024-02-14 00:00:00,15,0,10
2024-02-14 01:00:00,10,0,6
2024-02-14 02:00:00,6,0,2
2024-02-14 03:00:00,3,0,2
2024-02-14 04:00:00,7,0,1
2024-02-14 05:00:00,13,0,0
2024-02-14 06:00:00,18,0,18
2024-02-14 07:00:00,262,0,97
2024-02-14 08:00:00,684,0,295
2024-02-14 09:00:00,404,0,159
2024-02-14 10:00:00,401,0,70
2024-02-14 11:00:00,532,0,77
2024-02-14 12:00:00,982,0,73
2024-02-14 13:00:00,1224,0,64
2024-02-14 14:00:00,715,0,89
2024-02-14 15:00:00,737,0,78
2024-02-14 16:00:00,881,0,155
2024-02-14 17:00:00,1176,0,352
2024-02-14 18:00:00,655,1,182
2024-02-14 19:00:00,450,0,92
2024-02-14 20:00:00,360,0,78
2024-02-14 21:00:00,253,0,55
2024-02-14 22:00:00,153,0,39
2024-02-14 23:00:00,71,0,24
2024-02-15 00:00:00,14,0,2
2024-02-15 01:00:00,9,0,5
2024-02-15 02:00:00,19,0,1
2024-02-15 03:00:00,8,0,2
2024-02-15 04:00:00,7,0,0
2024-02-15 05:00:00,10,0,4
2024-02-15 06:00:00,41,0,28
2024-02-15 07:00:00,246,0,116
2024-02-15 08:00:00,660,0,277
2024-02-15 09:00:00,429,0,163
2024-02-15 10:00:00,405,0,69
2024-02-15 11:00:00,606,0,71
2024-02-15 12:00:00,1066,0,81
2024-02-15 13:00:00,1287,0,101
2024-02-15 14:00:00,872,0,95
2024-02-15 15:00:00,640,0,82
2024-02-15 16:00:00,641,0,151
2024-02-15 17:00:00,951,0,259
2024-02-15 18:00:00,284,1,156
2024-02-15 19:00:00,284,0,74
2024-02-15 20:00:00,190,0,56
2024-02-15 21:00:00,136,0,49
2024-02-15 22:00:00,96,0,35
2024-02-15 23:00:00,62,0,21
2024-02-16 00:00:00,19,0,10
2024-02-16 01:00:00,11,0,4
2024-02-16 02:00:00,10,0,2
2024-02-16 03:00:00,7,0,6
2024-02-16 04:00:00,5,0,1
2024-02-16 05:00:00,7,0,5
2024-02-16 06:00:00,39,0,22
2024-02-16 07:00:00,212,0,81
2024-02-16 08:00:00,566,0,205
2024-02-16 09:00:00,586,0,149
2024-02-16 10:00:00,506,0,67
2024-02-16 11:00:00,623,0,94
2024-02-16 12:00:00,883,0,82
2024-02-16 13:00:00,1133,0,94
2024-02-16 14:00:00,914,0,111
2024-02-16 15:00:00,834,0,95
2024-02-16 16:00:00,926,0,183
2024-02-16 17:00:00,1011,0,208
2024-02-16 18:00:00,698,0,85
2024-02-16 19:00:00,572,0,59
2024-02-16 20:00:00,465,0,36
2024-02-16 21:00:00,435,0,21
2024-02-16 22:00:00,463,0,47
2024-02-16 23:00:00,284,0,23
2024-02-17 00:00:00,192,0,16
2024-02-17 01:00:00,150,0,7
2024-02-17 02:00:00,52,0,7
2024-02-17 03:00:00,32,0,8
2024-02-17 04:00:00,22,0,1
2024-02-17 05:00:00,12,0,1
2024-02-17 06:00:00,17,0,5
2024-02-17 07:00:00,72,0,20
2024-02-17 08:00:00,190,0,49
2024-02-17 09:00:00,323,0,55
2024-02-17 10:00:00,546,0,76
2024-02-17 11:00:00,787,0,89
2024-02-17 12:00:00,950,0,82
2024-02-17 13:00:00,1051,0,82
2024-02-17 14:00:00,1178,0,109
2024-02-17 15:00:00,1108,0,70
2024-02-17 16:00:00,938,0,91
2024-02-17 17:00:00,584,0,72
2024-02-17 18:00:00,217,0,53
2024-02-17 19:00:00,165,0,63
2024-02-17 20:00:00,147,1,52
2024-02-17 21:00:00,133,0,47
2024-02-17 22:00:00,150,0,30
2024-02-17 23:00:00,146,0,33
2024-02-18 00:00:00,95,0,13
2024-02-18 01:00:00,69,0,11
2024-02-18 02:00:00,30,0,5
2024-02-18 03:00:00,18,0,4
2024-02-18 04:00:00,7,0,1
2024-02-18 05:00:00,5,0,0
2024-02-18 06:00:00,3,0,3
2024-02-18 07:00:00,47,0,8
2024-02-18 08:00:00,105,0,31
2024-02-18 09:00:00,214,0,56
2024-02-18 10:00:00,353,0,57
2024-02-18 11:00:00,634,0,63
2024-02-18 12:00:00,802,0,83
2024-02-18 13:00:00,893,0,102
2024-02-18 14:00:00,759,0,103
2024-02-18 15:00:00,775,0,89
2024-02-18 16:00:00,743,0,99
2024-02-18 17:00:00,582,0,72
2024-02-18 18:00:00,311,0,33
2024-02-18 19:00:00,246,0,25
2024-02-18 20:00:00,143,0,13
2024-02-18 21:00:00,134,0,16
2024-02-18 22:00:00,106,0,12
2024-02-18 23:00:00,48,0,7
2024-02-19 00:00:00,37,0,2
2024-02-19 01:00:00,14,0,3
2024-02-19 02:00:00,13,0,1
2024-02-19 03:00:00,5,0,0
2024-02-19 04:00:00,4,0,3
2024-02-19 05:00:00,21,0,3
2024-02-19 06:00:00,59,0,13
2024-02-19 07:00:00,252,0,136
2024-02-19 08:00:00,610,0,363
2024-02-19 09:00:00,375,0,194
2024-02-19 10:00:00,350,0,74
2024-02-19 11:00:00,508,0,62
2024-02-19 12:00:00,1103,0,79
2024-02-19 13:00:00,1164,0,105
2024-02-19 14:00:00,689,0,89
2024-02-19 15:00:00,886,0,133
2024-02-19 16:00:00,845,0,205
2024-02-19 17:00:00,1133,0,367
2024-02-19 18:00:00,760,0,143
2024-02-19 19:00:00,414,0,57
2024-02-19 20:00:00,227,0,39
2024-02-19 21:00:00,190,0,44
2024-02-19 22:00:00,152,0,18
2024-02-19 23:00:00,103,0,14
2024-02-20 00:00:00,34,0,3
2024-02-20 01:00:00,19,0,0
2024-02-20 02:00:00,19,0,3
2024-02-20 03:00:00,12,0,0
2024-02-20 04:00:00,7,0,0
2024-02-20 05:00:00,21,0,7
2024-02-20 06:00:00,81,0,24
2024-02-20 07:00:00,314,0,157
2024-02-20 08:00:00,783,0,427
2024-02-20 09:00:00,474,0,239
2024-02-20 10:00:00,326,0,79
2024-02-20 11:00:00,483,0,86
2024-02-20 12:00:00,947,0,129
2024-02-20 13:00:00,1161,0,112
2024-02-20 14:00:00,736,0,97
2024-02-20 15:00:00,691,0,131
2024-02-20 16:00:00,809,0,248
2024-02-20 17:00:00,1210,0,404
2024-02-20 18:00:00,918,0,186
2024-02-20 19:00:00,595,0,93
2024-02-20 20:00:00,316,0,61
2024-02-20 21:00:00,206,0,44
2024-02-20 22:00:00,205,0,26
2024-02-20 23:00:00,97,0,12
2024-02-21 00:00:00,22,0,5
2024-02-21 01:00:00,12,0,3
2024-02-21 02:00:00,5,0,2
2024-02-21 03:00:00,3,0,0
2024-02-21 04:00:00,0,0,0
2024-02-21 05:00:00,5,0,3
2024-02-21 06:00:00,24,0,14
2024-02-21 07:00:00,205,0,112
2024-02-21 08:00:00,636,0,301
2024-02-21 09:00:00,359,0,178
2024-02-21 10:00:00,216,0,39
2024-02-21 11:00:00,265,0,34
2024-02-21 12:00:00,565,0,72
2024-02-21 13:00:00,806,0,64
2024-02-21 14:00:00,430,0,83
2024-02-21 15:00:00,580,0,91
2024-02-21 16:00:00,711,0,169
2024-02-21 17:00:00,1068,0,322
2024-02-21 18:00:00,625,0,128
2024-02-21 19:00:00,421,0,63
2024-02-21 20:00:00,280,0,40
2024-02-21 21:00:00,198,0,31
2024-02-21 22:00:00,244,0,33
2024-02-21 23:00:00,74,0,6
2024-02-22 00:00:00,37,0,4
2024-02-22 01:00:00,19,0,1
2024-02-22 02:00:00,12,0,1
2024-02-22 03:00:00,14,0,2
2024-02-22 04:00:00,1,0,0
2024-02-22 05:00:00,3,0,2
2024-02-22 06:00:00,53,0,32
2024-02-22 07:00:00,251,0,125
2024-02-22 08:00:00,595,0,306
2024-02-22 09:00:00,413,0,174
2024-02-22 10:00:00,337,0,73
2024-02-22 11:00:00,343,0,58
2024-02-22 12:00:00,611,0,55
2024-02-22 13:00:00,489,0,64
2024-02-22 14:00:00,328,0,73
2024-02-22 15:00:00,522,0,94
2024-02-22 16:00:00,721,0,197
2024-02-22 17:00:00,1117,0,290
2024-02-22 18:00:00,654,0,110
2024-02-22 19:00:00,447,0,53
2024-02-22 20:00:00,318,0,42
2024-02-22 21:00:00,253,0,34
2024-02-22 22:00:00,233,0,22
2024-02-22 23:00:00,182,0,22
2024-02-23 00:00:00,36,0,9
2024-02-23 01:00:00,14,0,0
2024-02-23 02:00:00,14,0,2
2024-02-23 03:00:00,2,0,4
2024-02-23 04:00:00,4,0,0
2024-02-23 05:00:00,11,0,2
2024-02-23 06:00:00,38,0,21
2024-02-23 07:00:00,232,0,117
2024-02-23 08:00:00,525,0,254
2024-02-23 09:00:00,417,0,159
2024-02-23 10:00:00,372,0,67
2024-02-23 11:00:00,371,0,50
2024-02-23 12:00:00,848,0,89
2024-02-23 13:00:00,957,0,97
2024-02-23 14:00:00,694,0,90
2024-02-23 15:00:00,584,0,110
2024-02-23 16:00:00,757,0,164
2024-02-23 17:00:00,1069,0,223
2024-02-23 18:00:00,570,0,111
2024-02-23 19:00:00,333,0,97
2024-02-23 20:00:00,258,0,45
2024-02-23 21:00:00,189,0,45
2024-02-23 22:00:00,296,0,44
2024-02-23 23:00:00,265,0,25
2024-02-24 00:00:00,177,0,40
2024-02-24 01:00:00,45,0,14
2024-02-24 02:00:00,46,0,7
2024-02-24 03:00:00,24,0,11
2024-02-24 04:00:00,25,0,4
2024-02-24 05:00:00,10,0,1
2024-02-24 06:00:00,24,0,9
2024-02-24 07:00:00,78,0,25
2024-02-24 08:00:00,139,0,35
2024-02-24 09:00:00,285,0,56
2024-02-24 10:00:00,657,0,74
2024-02-24 11:00:00,823,0,87
2024-02-24 12:00:00,1096,0,93
2024-02-24 13:00:00,1225,0,123
2024-02-24 14:00:00,1151,0,120
2024-02-24 15:00:00,1279,0,117
2024-02-24 16:00:00,1433,0,111
2024-02-24 17:00:00,1250,0,69
2024-02-24 18:00:00,833,0,49
2024-02-24 19:00:00,460,0,72
2024-02-24 20:00:00,322,0,42
2024-02-24 21:00:00,242,0,49
2024-02-24 22:00:00,304,0,49
2024-02-24 23:00:00,187,0,28
2024-02-25 00:00:00,161,0,24
2024-02-25 01:00:00,71,0,18
2024-02-25 02:00:00,58,0,15
2024-02-25 03:00:00,29,0,9
2024-02-25 04:00:00,15,0,3
2024-02-25 05:00:00,6,0,4
2024-02-25 06:00:00,27,0,7
2024-02-25 07:00:00,42,0,12
2024-02-25 08:00:00,132,0,26
2024-02-25 09:00:00,247,0,51
2024-02-25 10:00:00,564,0,55
2024-02-25 11:00:00,620,0,73
2024-02-25 12:00:00,625,0,80
2024-02-25 13:00:00,529,0,74
2024-02-25 14:00:00,516,0,65
2024-02-25 15:00:00,388,0,60
2024-02-25 16:00:00,327,0,44
2024-02-25 17:00:00,240,0,35
2024-02-25 18:00:00,143,0,33
2024-02-25 19:00:00,107,0,16
2024-02-25 20:00:00,86,0,27
2024-02-25 21:00:00,64,1,15
2024-02-25 22:00:00,59,1,13
2024-02-25 23:00:00,39,0,12
2024-02-26 00:00:00,19,0,1
2024-02-26 01:00:00,10,0,1
2024-02-26 02:00:00,13,0,1
2024-02-26 03:00:00,5,0,0
2024-02-26 04:00:00,4,0,0
2024-02-26 05:00:00,15,0,0
2024-02-26 06:00:00,52,0,18
2024-02-26 07:00:00,235,0,127
2024-02-26 08:00:00,729,0,323
2024-02-26 09:00:00,709,0,198
2024-02-26 10:00:00,334,0,80
2024-02-26 11:00:00,389,0,68
2024-02-26 12:00:00,925,0,82
2024-02-26 13:00:00,950,0,93
2024-02-26 14:00:00,526,0,81
2024-02-26 15:00:00,616,0,129
2024-02-26 16:00:00,680,0,188
2024-02-26 17:00:00,1049,0,357
2024-02-26 18:00:00,609,0,148
2024-02-26 19:00:00,348,0,74
2024-02-26 20:00:00,220,0,40
2024-02-26 21:00:00,175,0,43
2024-02-26 22:00:00,139,0,23
2024-02-26 23:00:00,71,0,19
2024-02-27 00:00:00,24,0,3
2024-02-27 01:00:00,20,0,2
2024-02-27 02:00:00,8,0,3
2024-02-27 03:00:00,5,0,0
2024-02-27 04:00:00,7,0,2
2024-02-27 05:00:00,14,0,3
2024-02-27 06:00:00,68,0,30
2024-02-27 07:00:00,299,0,145
2024-02-27 08:00:00,809,0,425
2024-02-27 09:00:00,470,0,210
2024-02-27 10:00:00,333,0,70
2024-02-27 11:00:00,396,0,55
2024-02-27 12:00:00,969,0,97
2024-02-27 13:00:00,1166,0,83
2024-02-27 14:00:00,632,0,91
2024-02-27 15:00:00,505,0,122
2024-02-27 16:00:00,639,0,215
2024-02-27 17:00:00,946,0,391
2024-02-27 18:00:00,576,0,205
2024-02-27 19:00:00,358,0,113
2024-02-27 20:00:00,193,0,62
2024-02-27 21:00:00,133,1,50
2024-02-27 22:00:00,135,0,32
2024-02-27 23:00:00,65,0,13
2024-02-28 00:00:00,32,0,4
2024-02-28 01:00:00,14,0,2
2024-02-28 02:00:00,5,0,1
2024-02-28 03:00:00,9,0,1
2024-02-28 04:00:00,12,0,2
2024-02-28 05:00:00,15,0,1
2024-02-28 06:00:00,63,0,27
2024-02-28 07:00:00,274,0,155
2024-02-28 08:00:00,796,0,388
2024-02-28 09:00:00,440,0,230
2024-02-28 10:00:00,322,0,52
2024-02-28 11:00:00,341,0,60
2024-02-28 12:00:00,783,0,77
2024-02-28 13:00:00,952,0,92
2024-02-28 14:00:00,490,0,105
2024-02-28 15:00:00,483,0,104
2024-02-28 16:00:00,730,0,194
2024-02-28 17:00:00,955,0,339
2024-02-28 18:00:00,572,0,157
2024-02-28 19:00:00,321,0,93
2024-02-28 20:00:00,242,0,70
2024-02-28 21:00:00,262,0,43
2024-02-28 22:00:00,149,0,36
2024-02-28 23:00:00,80,0,25
2024-02-29 00:00:00,32,0,6
2024-02-29 01:00:00,5,0,2
2024-02-29 02:00:00,6,0,1
2024-02-29 03:00:00,7,0,1
2024-02-29 04:00:00,3,0,0
2024-02-29 05:00:00,6,0,1
2024-02-29 06:00:00,52,0,17
2024-02-29 07:00:00,263,0,146
2024-02-29 08:00:00,708,0,342
2024-02-29 09:00:00,432,0,200
2024-02-29 10:00:00,316,0,83
2024-02-29 11:00:00,377,0,62
2024-02-29 12:00:00,831,0,84
2024-02-29 13:00:00,1011,0,91
2024-02-29 14:00:00,533,0,95
2024-02-29 15:00:00,630,0,126
2024-02-29 16:00:00,726,0,193
2024-02-29 17:00:00,1187,0,314
2024-02-29 18:00:00,772,1,148
2024-02-29 19:00:00,493,0,62
2024-02-29 20:00:00,356,0,53
2024-02-29 21:00:00,254,0,48
2024-02-29 22:00:00,216,0,49
2024-02-29 23:00:00,112,0,19
2024-03-01 00:00:00,51,0,6
2024-03-01 01:00:00,31,0,4
2024-03-01 02:00:00,23,0,1
2024-03-01 03:00:00,44,0,5
2024-03-01 04:00:00,8,0,3
2024-03-01 05:00:00,8,0,0
2024-03-01 06:00:00,33,0,15
2024-03-01 07:00:00,212,0,106
2024-03-01 08:00:00,474,0,209
2024-03-01 09:00:00,311,0,121
2024-03-01 10:00:00,281,0,52
2024-03-01 11:00:00,392,0,51
2024-03-01 12:00:00,686,0,67
2024-03-01 13:00:00,759,0,83
2024-03-01 14:00:00,595,0,84
2024-03-01 15:00:00,527,0,93
2024-03-01 16:00:00,753,0,148
2024-03-01 17:00:00,989,0,213
2024-03-01 18:00:00,551,0,89
2024-03-01 19:00:00,364,0,64
2024-03-01 20:00:00,278,0,43
2024-03-01 21:00:00,305,0,42
2024-03-01 22:00:00,191,0,53
2024-03-01 23:00:00,130,0,32
2024-03-02 00:00:00,53,0,11
2024-03-02 01:00:00,41,0,12
2024-03-02 02:00:00,57,0,10
2024-03-02 03:00:00,25,0,6
2024-03-02 04:00:00,9,0,4
2024-03-02 05:00:00,6,0,5
2024-03-02 06:00:00,18,0,6
2024-03-02 07:00:00,52,0,10
2024-03-02 08:00:00,120,0,20
2024-03-02 09:00:00,233,0,25
2024-03-02 10:00:00,377,0,49
2024-03-02 11:00:00,520,0,42
2024-03-02 12:00:00,542,0,44
2024-03-02 13:00:00,511,0,42
2024-03-02 14:00:00,680,0,40
2024-03-02 15:00:00,877,0,53
2024-03-02 16:00:00,1107,0,66
2024-03-02 17:00:00,1103,0,71
2024-03-02 18:00:00,722,0,55
2024-03-02 19:00:00,469,0,52
2024-03-02 20:00:00,326,0,31
2024-03-02 21:00:00,241,0,14
2024-03-02 22:00:00,278,0,20
2024-03-02 23:00:00,241,0,24
2024-03-03 00:00:00,131,0,9
2024-03-03 01:00:00,68,0,2
2024-03-03 02:00:00,59,0,7
2024-03-03 03:00:00,33,0,1
2024-03-03 04:00:00,26,0,1
2024-03-03 05:00:00,10,0,0
2024-03-03 06:00:00,37,0,7
2024-03-03 07:00:00,60,0,15
2024-03-03 08:00:00,122,0,26
2024-03-03 09:00:00,268,0,47
2024-03-03 10:00:00,499,0,67
2024-03-03 11:00:00,813,0,83
2024-03-03 12:00:00,995,0,91
2024-03-03 13:00:00,928,0,94
2024-03-03 14:00:00,989,0,98
2024-03-03 15:00:00,1051,0,102
2024-03-03 16:00:00,870,0,101
2024-03-03 17:00:00,782,0,104
2024-03-03 18:00:00,413,0,52
2024-03-03 19:00:00,281,0,35
2024-03-03 20:00:00,196,0,31
2024-03-03 21:00:00,130,0,10
2024-03-03 22:00:00,99,0,12
2024-03-03 23:00:00,68,0,11
2024-03-04 00:00:00,29,0,0
2024-03-04 01:00:00,4,0,1
2024-03-04 02:00:00,9,0,0
2024-03-04 03:00:00,11,0,0
2024-03-04 04:00:00,6,0,0
2024-03-04 05:00:00,19,0,2
2024-03-04 06:00:00,59,0,16
2024-03-04 07:00:00,253,0,145
2024-03-04 08:00:00,685,0,343
2024-03-04 09:00:00,467,0,168
2024-03-04 10:00:00,357,0,63
2024-03-04 11:00:00,467,0,75
2024-03-04 12:00:00,952,0,110
2024-03-04 13:00:00,944,0,93
2024-03-04 14:00:00,505,0,83
2024-03-04 15:00:00,369,0,91
2024-03-04 16:00:00,521,0,166
2024-03-04 17:00:00,801,0,295
2024-03-04 18:00:00,444,2,160
2024-03-04 19:00:00,225,0,71
2024-03-04 20:00:00,158,0,47
2024-03-04 21:00:00,127,0,34
2024-03-04 22:00:00,99,0,18
2024-03-04 23:00:00,50,0,20
2024-03-05 00:00:00,23,0,1
2024-03-05 01:00:00,13,0,0
2024-03-05 02:00:00,1,0,1
2024-03-05 03:00:00,2,0,3
2024-03-05 04:00:00,3,0,1
2024-03-05 05:00:00,9,0,4
2024-03-05 06:00:00,67,0,32
2024-03-05 07:00:00,304,0,158
2024-03-05 08:00:00,781,0,385
2024-03-05 09:00:00,467,0,214
2024-03-05 10:00:00,348,0,84
2024-03-05 11:00:00,409,0,62
2024-03-05 12:00:00,1227,0,91
2024-03-05 13:00:00,1296,0,99
2024-03-05 14:00:00,669,0,110
2024-03-05 15:00:00,637,0,152
2024-03-05 16:00:00,870,0,228
2024-03-05 17:00:00,1195,0,418
2024-03-05 18:00:00,1062,0,180
2024-03-05 19:00:00,592,0,74
2024-03-05 20:00:00,377,0,36
2024-03-05 21:00:00,215,0,37
2024-03-05 22:00:00,176,0,27
2024-03-05 23:00:00,103,0,18
2024-03-06 00:00:00,33,0,5
2024-03-06 01:00:00,9,0,1
2024-03-06 02:00:00,13,0,0
2024-03-06 03:00:00,4,0,1
2024-03-06 04:00:00,4,0,3
2024-03-06 05:00:00,18,0,2
2024-03-06 06:00:00,72,0,43
2024-03-06 07:00:00,349,0,170
2024-03-06 08:00:00,876,0,398
2024-03-06 09:00:00,525,0,198
2024-03-06 10:00:00,382,0,74
2024-03-06 11:00:00,542,0,74
2024-03-06 12:00:00,1279,0,112
2024-03-06 13:00:00,1452,0,113
2024-03-06 14:00:00,770,0,103
2024-03-06 15:00:00,783,0,138
2024-03-06 16:00:00,883,0,216
2024-03-06 17:00:00,1246,0,395
2024-03-06 18:00:00,870,0,196
2024-03-06 19:00:00,516,0,78
2024-03-06 20:00:00,295,0,79
2024-03-06 21:00:00,195,0,48
2024-03-06 22:00:00,219,0,33
2024-03-06 23:00:00,138,0,18
2024-03-07 00:00:00,54,0,3
2024-03-07 01:00:00,16,0,3
2024-03-07 02:00:00,16,0,3
2024-03-07 03:00:00,14,0,0
2024-03-07 04:00:00,3,0,2
2024-03-07 05:00:00,12,0,3
2024-03-07 06:00:00,71,0,37
2024-03-07 07:00:00,323,0,153
2024-03-07 08:00:00,785,0,413
2024-03-07 09:00:00,557,0,196
2024-03-07 10:00:00,336,0,93
2024-03-07 11:00:00,459,0,61
2024-03-07 12:00:00,968,0,104
2024-03-07 13:00:00,1113,0,105
2024-03-07 14:00:00,625,0,96
2024-03-07 15:00:00,534,0,147
2024-03-07 16:00:00,825,0,223
2024-03-07 17:00:00,1224,0,378
2024-03-07 18:00:00,842,0,170
2024-03-07 19:00:00,480,0,108
2024-03-07 20:00:00,322,0,65
2024-03-07 21:00:00,283,0,45
2024-03-07 22:00:00,273,0,40
2024-03-07 23:00:00,153,0,18
2024-03-08 00:00:00,94,0,11
2024-03-08 01:00:00,27,0,3
2024-03-08 02:00:00,16,0,2
2024-03-08 03:00:00,12,0,0
2024-03-08 04:00:00,6,0,2
2024-03-08 05:00:00,14,0,0
2024-03-08 06:00:00,79,0,40
2024-03-08 07:00:00,222,0,110
2024-03-08 08:00:00,583,0,286
2024-03-08 09:00:00,422,0,130
2024-03-08 10:00:00,356,0,74
2024-03-08 11:00:00,565,0,75
2024-03-08 12:00:00,862,0,86
2024-03-08 13:00:00,990,0,123
2024-03-08 14:00:00,732,0,122
2024-03-08 15:00:00,745,0,155
2024-03-08 16:00:00,931,0,177
2024-03-08 17:00:00,1022,0,266
2024-03-08 18:00:00,899,0,147
2024-03-08 19:00:00,600,0,87
2024-03-08 20:00:00,489,0,58
2024-03-08 21:00:00,402,0,51
2024-03-08 22:00:00,345,0,40
2024-03-08 23:00:00,286,1,35
2024-03-09 00:00:00,136,0,20
2024-03-09 01:00:00,137,0,5
2024-03-09 02:00:00,83,0,3
2024-03-09 03:00:00,68,0,5
2024-03-09 04:00:00,50,0,1
2024-03-09 05:00:00,17,0,8
2024-03-09 06:00:00,30,0,4
2024-03-09 07:00:00,81,0,18
2024-03-09 08:00:00,159,0,45
2024-03-09 09:00:00,335,0,66
2024-03-09 10:00:00,490,0,54
2024-03-09 11:00:00,767,0,83
2024-03-09 12:00:00,1019,0,79
2024-03-09 13:00:00,985,0,93
2024-03-09 14:00:00,968,0,86
2024-03-09 15:00:00,1042,0,80
2024-03-09 16:00:00,1003,0,74
2024-03-09 17:00:00,936,0,95
2024-03-09 18:00:00,833,0,72
2024-03-09 19:00:00,577,0,48
2024-03-09 20:00:00,417,0,49
2024-03-09 21:00:00,267,0,45
2024-03-09 22:00:00,245,0,37
2024-03-09 23:00:00,150,0,21
2024-03-10 00:00:00,46,0,13
2024-03-10 01:00:00,31,0,3
2024-03-10 02:00:00,28,0,6
2024-03-10 03:00:00,21,0,2
2024-03-10 04:00:00,10,0,4
2024-03-10 05:00:00,6,0,3
2024-03-10 06:00:00,37,0,5
2024-03-10 07:00:00,41,0,15
2024-03-10 08:00:00,85,0,28
2024-03-10 09:00:00,211,0,37
2024-03-10 10:00:00,359,0,52
2024-03-10 11:00:00,553,0,69
2024-03-10 12:00:00,745,0,47
2024-03-10 13:00:00,821,0,60
2024-03-10 14:00:00,805,0,71
2024-03-10 15:00:00,755,0,76
2024-03-10 16:00:00,627,0,60
2024-03-10 17:00:00,520,0,88
2024-03-10 18:00:00,360,0,61
2024-03-10 19:00:00,293,0,22
2024-03-10 20:00:00,201,0,26
2024-03-10 21:00:00,179,0,27
2024-03-10 22:00:00,106,0,15
2024-03-10 23:00:00,62,0,8
2024-03-11 00:00:00,39,0,2
2024-03-11 01:00:00,15,0,1
2024-03-11 02:00:00,17,0,0
2024-03-11 03:00:00,3,0,2
2024-03-11 04:00:00,0,0,0
2024-03-11 05:00:00,15,0,1
2024-03-11 06:00:00,57,0,30
2024-03-11 07:00:00,276,0,155
2024-03-11 08:00:00,733,0,366
2024-03-11 09:00:00,417,0,181
2024-03-11 10:00:00,374,0,74
2024-03-11 11:00:00,516,0,61
2024-03-11 12:00:00,813,0,84
2024-03-11 13:00:00,1013,0,88
2024-03-11 14:00:00,576,0,90
2024-03-11 15:00:00,557,0,125
2024-03-11 16:00:00,712,0,174
2024-03-11 17:00:00,975,0,367
2024-03-11 18:00:00,699,0,197
2024-03-11 19:00:00,391,0,60
2024-03-11 20:00:00,223,0,53
2024-03-11 21:00:00,180,0,31
2024-03-11 22:00:00,122,1,28
2024-03-11 23:00:00,50,0,9
2024-03-12 00:00:00,31,0,5
2024-03-12 01:00:00,5,0,2
2024-03-12 02:00:00,5,0,1
2024-03-12 03:00:00,6,0,0
2024-03-12 04:00:00,5,0,0
2024-03-12 05:00:00,9,0,5
2024-03-12 06:00:00,55,0,33
2024-03-12 07:00:00,261,0,134
2024-03-12 08:00:00,645,0,318
2024-03-12 09:00:00,353,0,167
2024-03-12 10:00:00,203,0,55
2024-03-12 11:00:00,248,0,44
2024-03-12 12:00:00,598,0,56
2024-03-12 13:00:00,829,0,61
2024-03-12 14:00:00,439,0,94
2024-03-12 15:00:00,401,0,91
2024-03-12 16:00:00,547,0,173
2024-03-12 17:00:00,1082,0,343
2024-03-12 18:00:00,794,0,180
2024-03-12 19:00:00,407,0,85
2024-03-12 20:00:00,173,0,57
2024-03-12 21:00:00,166,0,47
2024-03-12 22:00:00,144,0,37
2024-03-12 23:00:00,64,1,16
2024-03-13 00:00:00,34,0,9
2024-03-13 01:00:00,8,0,1
2024-03-13 02:00:00,13,0,0
2024-03-13 03:00:00,6,0,1
2024-03-13 04:00:00,7,0,2
2024-03-13 05:00:00,21,0,2
2024-03-13 06:00:00,72,0,38
2024-03-13 07:00:00,321,0,169
2024-03-13 08:00:00,798,0,398
2024-03-13 09:00:00,501,0,202
2024-03-13 10:00:00,370,0,73
2024-03-13 11:00:00,445,0,76
2024-03-13 12:00:00,973,0,94
2024-03-13 13:00:00,1071,0,100
2024-03-13 14:00:00,593,0,98
2024-03-13 15:00:00,515,0,128
2024-03-13 16:00:00,777,0,193
2024-03-13 17:00:00,1209,0,413
2024-03-13 18:00:00,810,0,199
2024-03-13 19:00:00,466,0,86
2024-03-13 20:00:00,299,1,57
2024-03-13 21:00:00,298,0,39
2024-03-13 22:00:00,207,0,39
2024-03-13 23:00:00,123,0,11
2024-03-14 00:00:00,55,0,4
2024-03-14 01:00:00,19,0,1
2024-03-14 02:00:00,15,0,1
2024-03-14 03:00:00,10,0,2
2024-03-14 04:00:00,19,0,1
2024-03-14 05:00:00,21,0,2
2024-03-14 06:00:00,75,0,45
2024-03-14 07:00:00,284,0,149
2024-03-14 08:00:00,739,0,372
2024-03-14 09:00:00,429,0,203
2024-03-14 10:00:00,296,0,89
2024-03-14 11:00:00,403,0,61
2024-03-14 12:00:00,923,0,88
2024-03-14 13:00:00,989,0,97
2024-03-14 14:00:00,515,0,85
2024-03-14 15:00:00,441,0,108
2024-03-14 16:00:00,550,0,215
2024-03-14 17:00:00,926,0,332
2024-03-14 18:00:00,660,0,148
2024-03-14 19:00:00,364,0,98
2024-03-14 20:00:00,223,0,56
2024-03-14 21:00:00,218,0,46
2024-03-14 22:00:00,107,0,49
2024-03-14 23:00:00,87,0,27
2024-03-15 00:00:00,27,0,7
2024-03-15 01:00:00,40,0,2
2024-03-15 02:00:00,11,0,1
2024-03-15 03:00:00,8,0,2
2024-03-15 04:00:00,6,0,1
2024-03-15 05:00:00,18,0,7
2024-03-15 06:00:00,48,0,29
2024-03-15 07:00:00,217,0,120
2024-03-15 08:00:00,469,0,215
2024-03-15 09:00:00,357,0,147
2024-03-15 10:00:00,294,0,50
2024-03-15 11:00:00,400,0,72
2024-03-15 12:00:00,643,0,65
2024-03-15 13:00:00,815,0,93
2024-03-15 14:00:00,699,0,118
2024-03-15 15:00:00,701,0,143
2024-03-15 16:00:00,870,0,138
2024-03-15 17:00:00,989,0,243
2024-03-15 18:00:00,857,0,137
2024-03-15 19:00:00,588,0,54
2024-03-15 20:00:00,470,0,41
2024-03-15 21:00:00,436,1,35
2024-03-15 22:00:00,381,0,27
2024-03-15 23:00:00,299,0,25
2024-03-16 00:00:00,192,0,13
2024-03-16 01:00:00,122,0,5
2024-03-16 02:00:00,87,0,5
2024-03-16 03:00:00,58,0,4
2024-03-16 04:00:00,46,0,0
2024-03-16 05:00:00,19,0,6
2024-03-16 06:00:00,49,0,12
2024-03-16 07:00:00,86,0,20
2024-03-16 08:00:00,166,0,50
2024-03-16 09:00:00,299,0,68
2024-03-16 10:00:00,534,0,86
2024-03-16 11:00:00,751,0,96
2024-03-16 12:00:00,1017,0,79
2024-03-16 13:00:00,1149,0,121
2024-03-16 14:00:00,1109,0,114
2024-03-16 15:00:00,853,0,95
2024-03-16 16:00:00,803,0,87
2024-03-16 17:00:00,712,0,69
2024-03-16 18:00:00,573,0,65
2024-03-16 19:00:00,418,0,46
2024-03-16 20:00:00,307,0,55
2024-03-16 21:00:00,263,0,33
2024-03-16 22:00:00,324,0,46
2024-03-16 23:00:00,256,0,34
2024-03-17 00:00:00,72,0,16
2024-03-17 01:00:00,35,0,10
2024-03-17 02:00:00,22,0,6
2024-03-17 03:00:00,14,0,8
2024-03-17 04:00:00,8,0,1
2024-03-17 05:00:00,7,0,1
2024-03-17 06:00:00,31,0,5
2024-03-17 07:00:00,33,0,11
2024-03-17 08:00:00,120,0,27
2024-03-17 09:00:00,255,0,68
2024-03-17 10:00:00,489,0,77
2024-03-17 11:00:00,683,0,82
2024-03-17 12:00:00,881,0,83
2024-03-17 13:00:00,955,0,99
2024-03-17 14:00:00,943,0,112
2024-03-17 15:00:00,1163,0,94
2024-03-17 16:00:00,968,0,138
2024-03-17 17:00:00,798,0,121
2024-03-17 18:00:00,654,0,98
2024-03-17 19:00:00,384,0,39
2024-03-17 20:00:00,272,0,33
2024-03-17 21:00:00,229,0,31
2024-03-17 22:00:00,192,0,25
2024-03-17 23:00:00,136,0,9
2024-03-18 00:00:00,50,0,3
2024-03-18 01:00:00,40,0,5
2024-03-18 02:00:00,14,0,2
2024-03-18 03:00:00,16,0,1
2024-03-18 04:00:00,7,0,2
2024-03-18 05:00:00,21,0,5
2024-03-18 06:00:00,70,0,39
2024-03-18 07:00:00,259,0,174
2024-03-18 08:00:00,677,0,362
2024-03-18 09:00:00,393,0,202
2024-03-18 10:00:00,366,0,76
2024-03-18 11:00:00,465,0,67
2024-03-18 12:00:00,1005,0,87
2024-03-18 13:00:00,1133,0,125
2024-03-18 14:00:00,685,0,122
2024-03-18 15:00:00,616,0,139
2024-03-18 16:00:00,790,0,209
2024-03-18 17:00:00,1149,0,374
2024-03-18 18:00:00,845,0,184
2024-03-18 19:00:00,444,0,64
2024-03-18 20:00:00,280,0,48
2024-03-18 21:00:00,210,0,42
2024-03-18 22:00:00,190,0,21
2024-03-18 23:00:00,93,0,16
2024-03-19 00:00:00,60,0,3
2024-03-19 01:00:00,13,0,3
2024-03-19 02:00:00,11,0,2
2024-03-19 03:00:00,12,0,2
2024-03-19 04:00:00,5,0,2
2024-03-19 05:00:00,26,0,3
2024-03-19 06:00:00,82,0,42
2024-03-19 07:00:00,339,0,178
2024-03-19 08:00:00,756,0,427
2024-03-19 09:00:00,442,0,212
2024-03-19 10:00:00,408,0,98
2024-03-19 11:00:00,451,0,62
2024-03-19 12:00:00,1069,0,79
2024-03-19 13:00:00,1239,0,103
2024-03-19 14:00:00,626,0,106
2024-03-19 15:00:00,561,0,126
2024-03-19 16:00:00,703,0,261
2024-03-19 17:00:00,1137,0,465
2024-03-19 18:00:00,1000,0,186
2024-03-19 19:00:00,501,0,133
2024-03-19 20:00:00,300,0,61
2024-03-19 21:00:00,218,0,55
2024-03-19 22:00:00,81,0,36
2024-03-19 23:00:00,44,0,14
2024-03-20 00:00:00,34,0,6
2024-03-20 01:00:00,16,0,2
2024-03-20 02:00:00,12,0,4
2024-03-20 03:00:00,12,0,3
2024-03-20 04:00:00,10,0,2
2024-03-20 05:00:00,16,0,2
2024-03-20 06:00:00,89,0,40
2024-03-20 07:00:00,313,0,156
2024-03-20 08:00:00,795,0,392
2024-03-20 09:00:00,475,0,193
2024-03-20 10:00:00,372,0,88
2024-03-20 11:00:00,400,0,85
2024-03-20 12:00:00,950,0,101
2024-03-20 13:00:00,1112,0,98
2024-03-20 14:00:00,676,0,98
2024-03-20 15:00:00,640,0,138
2024-03-20 16:00:00,725,0,233
2024-03-20 17:00:00,1330,0,386
2024-03-20 18:00:00,868,0,219
2024-03-20 19:00:00,557,0,75
2024-03-20 20:00:00,330,0,63
2024-03-20 21:00:00,287,0,40
2024-03-20 22:00:00,244,0,45
2024-03-20 23:00:00,151,0,32
2024-03-21 00:00:00,51,0,7
2024-03-21 01:00:00,76,0,3
2024-03-21 02:00:00,20,0,3
2024-03-21 03:00:00,20,0,1
2024-03-21 04:00:00,21,0,2
2024-03-21 05:00:00,29,0,5
2024-03-21 06:00:00,96,0,39
2024-03-21 07:00:00,337,0,150
2024-03-21 08:00:00,837,0,398
2024-03-21 09:00:00,489,0,223
2024-03-21 10:00:00,435,0,87
2024-03-21 11:00:00,432,0,80
2024-03-21 12:00:00,941,0,109
2024-03-21 13:00:00,1101,0,108
2024-03-21 14:00:00,646,0,98
2024-03-21 15:00:00,650,0,124
2024-03-21 16:00:00,836,0,240
2024-03-21 17:00:00,1181,0,396
2024-03-21 18:00:00,919,0,208
2024-03-21 19:00:00,532,0,88
2024-03-21 20:00:00,324,0,64
2024-03-21 21:00:00,269,0,70
2024-03-21 22:00:00,244,0,36
2024-03-21 23:00:00,183,0,31
2024-03-22 00:00:00,75,0,14
2024-03-22 01:00:00,40,0,1
2024-03-22 02:00:00,21,0,3
2024-03-22 03:00:00,8,0,2
2024-03-22 04:00:00,5,0,0
2024-03-22 05:00:00,12,0,1
2024-03-22 06:00:00,81,0,40
2024-03-22 07:00:00,226,0,111
2024-03-22 08:00:00,478,0,228
2024-03-22 09:00:00,372,0,167
2024-03-22 10:00:00,351,0,79
2024-03-22 11:00:00,465,0,78
2024-03-22 12:00:00,817,0,112
2024-03-22 13:00:00,916,0,135
2024-03-22 14:00:00,750,0,147
2024-03-22 15:00:00,851,0,127
2024-03-22 16:00:00,1029,0,194
2024-03-22 17:00:00,1232,0,265
2024-03-22 18:00:00,977,0,157
2024-03-22 19:00:00,558,0,71
2024-03-22 20:00:00,320,0,51
2024-03-22 21:00:00,328,0,42
2024-03-22 22:00:00,394,0,39
2024-03-22 23:00:00,244,0,28
2024-03-23 00:00:00,133,0,8
2024-03-23 01:00:00,86,0,4
2024-03-23 02:00:00,81,0,3
2024-03-23 03:00:00,57,0,1
2024-03-23 04:00:00,37,0,0
2024-03-23 05:00:00,21,0,7
2024-03-23 06:00:00,37,0,10
2024-03-23 07:00:00,64,0,27
2024-03-23 08:00:00,190,0,52
2024-03-23 09:00:00,352,0,72
2024-03-23 10:00:00,497,0,75
2024-03-23 11:00:00,745,0,95
2024-03-23 12:00:00,809,0,63
2024-03-23 13:00:00,1080,0,79
2024-03-23 14:00:00,1191,0,74
2024-03-23 15:00:00,1261,0,96
2024-03-23 16:00:00,1304,0,108
2024-03-23 17:00:00,1164,0,118
2024-03-23 18:00:00,1065,0,73
2024-03-23 19:00:00,676,0,59
2024-03-23 20:00:00,485,0,40
2024-03-23 21:00:00,461,0,29
2024-03-23 22:00:00,452,0,37
2024-03-23 23:00:00,282,0,26
2024-03-24 00:00:00,198,0,14
2024-03-24 01:00:00,123,0,3
2024-03-24 02:00:00,108,0,10
2024-03-24 03:00:00,78,0,4
2024-03-24 04:00:00,49,0,1
2024-03-24 05:00:00,24,0,7
2024-03-24 06:00:00,29,0,15
2024-03-24 07:00:00,63,0,17
2024-03-24 08:00:00,124,0,37
2024-03-24 09:00:00,247,0,56
2024-03-24 10:00:00,613,0,84
2024-03-24 11:00:00,707,0,79
2024-03-24 12:00:00,705,0,111
2024-03-24 13:00:00,739,0,116
2024-03-24 14:00:00,786,0,99
2024-03-24 15:00:00,788,0,114
2024-03-24 16:00:00,722,0,105
2024-03-24 17:00:00,616,0,114
2024-03-24 18:00:00,510,0,108
2024-03-24 19:00:00,348,0,49
2024-03-24 20:00:00,221,0,23
2024-03-24 21:00:00,140,0,13
2024-03-24 22:00:00,159,0,27
2024-03-24 23:00:00,49,0,8
2024-03-25 00:00:00,23,0,3
2024-03-25 01:00:00,19,0,1
2024-03-25 02:00:00,2,0,2
2024-03-25 03:00:00,2,0,1
2024-03-25 04:00:00,2,0,0
2024-03-25 05:00:00,6,0,7
2024-03-25 06:00:00,57,0,28
2024-03-25 07:00:00,246,0,139
2024-03-25 08:00:00,721,0,331
2024-03-25 09:00:00,409,0,185
2024-03-25 10:00:00,576,0,74
2024-03-25 11:00:00,472,0,57
2024-03-25 12:00:00,882,0,110
2024-03-25 13:00:00,861,0,89
2024-03-25 14:00:00,550,0,75
2024-03-25 15:00:00,568,0,120
2024-03-25 16:00:00,615,0,189
2024-03-25 17:00:00,1010,0,340
2024-03-25 18:00:00,624,0,169
2024-03-25 19:00:00,394,0,84
2024-03-25 20:00:00,231,0,55
2024-03-25 21:00:00,187,0,28
2024-03-25 22:00:00,173,0,37
2024-03-25 23:00:00,67,0,13
2024-03-26 00:00:00,36,0,3
2024-03-26 01:00:00,14,0,3
2024-03-26 02:00:00,13,0,0
2024-03-26 03:00:00,15,0,3
2024-03-26 04:00:00,10,0,1
2024-03-26 05:00:00,23,0,11
2024-03-26 06:00:00,85,0,48
2024-03-26 07:00:00,317,0,162
2024-03-26 08:00:00,771,0,433
2024-03-26 09:00:00,411,0,194
2024-03-26 10:00:00,328,0,67
2024-03-26 11:00:00,402,0,66
2024-03-26 12:00:00,972,0,99
2024-03-26 13:00:00,1036,0,91
2024-03-26 14:00:00,554,0,78
2024-03-26 15:00:00,501,0,127
2024-03-26 16:00:00,656,0,228
2024-03-26 17:00:00,1015,0,400
2024-03-26 18:00:00,885,0,198
2024-03-26 19:00:00,504,0,89
2024-03-26 20:00:00,286,0,80
2024-03-26 21:00:00,233,0,49
2024-03-26 22:00:00,163,0,30
2024-03-26 23:00:00,83,0,21
2024-03-27 00:00:00,43,0,6
2024-03-27 01:00:00,23,0,5
2024-03-27 02:00:00,7,0,1
2024-03-27 03:00:00,10,0,0
2024-03-27 04:00:00,8,0,2
2024-03-27 05:00:00,20,0,10
2024-03-27 06:00:00,70,0,52
2024-03-27 07:00:00,283,0,157
2024-03-27 08:00:00,553,0,308
2024-03-27 09:00:00,332,0,178
2024-03-27 10:00:00,373,0,57
2024-03-27 11:00:00,428,0,55
2024-03-27 12:00:00,869,0,88
2024-03-27 13:00:00,1029,0,90
2024-03-27 14:00:00,382,0,79
2024-03-27 15:00:00,507,0,90
2024-03-27 16:00:00,631,0,167
2024-03-27 17:00:00,1147,0,325
2024-03-27 18:00:00,645,0,174
2024-03-27 19:00:00,261,1,77
2024-03-27 20:00:00,133,0,45
2024-03-27 21:00:00,46,0,20
2024-03-27 22:00:00,38,0,31
2024-03-27 23:00:00,25,0,11
2024-03-28 00:00:00,11,0,3
2024-03-28 01:00:00,4,0,1
2024-03-28 02:00:00,5,0,1
2024-03-28 03:00:00,4,0,0
2024-03-28 04:00:00,2,0,1
2024-03-28 05:00:00,21,0,8
2024-03-28 06:00:00,70,0,43
2024-03-28 07:00:00,304,0,114
2024-03-28 08:00:00,633,0,293
2024-03-28 09:00:00,374,0,165
2024-03-28 10:00:00,242,0,61
2024-03-28 11:00:00,332,0,51
2024-03-28 12:00:00,572,0,82
2024-03-28 13:00:00,664,0,87
2024-03-28 14:00:00,336,0,65
2024-03-28 15:00:00,359,0,84
2024-03-28 16:00:00,491,0,152
2024-03-28 17:00:00,830,0,243
2024-03-28 18:00:00,699,0,114
2024-03-28 19:00:00,313,0,60
2024-03-28 20:00:00,222,0,51
2024-03-28 21:00:00,199,0,47
2024-03-28 22:00:00,273,0,37
2024-03-28 23:00:00,164,0,18
2024-03-29 00:00:00,97,0,13
2024-03-29 01:00:00,46,0,4
2024-03-29 02:00:00,19,0,6
2024-03-29 03:00:00,17,0,4
2024-03-29 04:00:00,26,0,2
2024-03-29 05:00:00,14,0,6
2024-03-29 06:00:00,31,0,11
2024-03-29 07:00:00,84,0,18
2024-03-29 08:00:00,166,0,32
2024-03-29 09:00:00,221,0,54
2024-03-29 10:00:00,292,0,39
2024-03-29 11:00:00,709,0,46
2024-03-29 12:00:00,693,0,59
2024-03-29 13:00:00,788,0,66
2024-03-29 14:00:00,660,0,60
2024-03-29 15:00:00,914,0,74
2024-03-29 16:00:00,991,0,81
2024-03-29 17:00:00,888,0,63
2024-03-29 18:00:00,847,0,58
2024-03-29 19:00:00,612,0,32
2024-03-29 20:00:00,448,0,25
2024-03-29 21:00:00,420,0,29
2024-03-29 22:00:00,377,0,29
2024-03-29 23:00:00,209,0,22
2024-03-30 00:00:00,165,0,14
2024-03-30 01:00:00,124,0,4
2024-03-30 02:00:00,95,0,2
2024-03-30 03:00:00,41,0,2
2024-03-30 04:00:00,20,0,1
2024-03-30 05:00:00,27,0,4
2024-03-30 06:00:00,49,0,10
2024-03-30 07:00:00,52,0,23
2024-03-30 08:00:00,137,0,38
2024-03-30 09:00:00,278,0,72
2024-03-30 10:00:00,533,0,86
2024-03-30 11:00:00,844,0,88
2024-03-30 12:00:00,1160,0,111
2024-03-30 13:00:00,1194,0,87
2024-03-30 14:00:00,1240,0,109
2024-03-30 15:00:00,1226,0,118
2024-03-30 16:00:00,1113,0,126
2024-03-30 17:00:00,1125,0,113
2024-03-30 18:00:00,884,0,96
2024-03-30 19:00:00,640,0,49
2024-03-30 20:00:00,433,0,49
2024-03-30 21:00:00,368,0,32
2024-03-30 22:00:00,325,0,33
2024-03-30 23:00:00,223,0,19
2024-03-31 00:00:00,119,0,3
2024-03-31 01:00:00,90,0,9
2024-03-31 02:00:00,60,0,1
2024-03-31 03:00:00,53,0,1
2024-03-31 04:00:00,24,0,0
2024-03-31 05:00:00,31,0,9
2024-03-31 06:00:00,35,0,10
2024-03-31 07:00:00,82,0,27
2024-03-31 08:00:00,158,0,48
2024-03-31 09:00:00,346,0,44
2024-03-31 10:00:00,463,0,55
2024-03-31 11:00:00,495,0,76
2024-03-31 12:00:00,616,0,188
2024-03-31 13:00:00,728,0,126
2024-03-31 14:00:00,734,0,114
2024-03-31 15:00:00,698,0,166
2024-03-31 16:00:00,523,0,151
2024-03-31 17:00:00,567,0,101
2024-03-31 18:00:00,428,0,79
2024-03-31 19:00:00,310,0,45
2024-03-31 20:00:00,186,0,19
2024-03-31 21:00:00,157,0,19
2024-03-31 22:00:00,40,0,10
2024-03-31 23:00:00,27,0,4
2024-04-01 00:00:00,7,0,0
2024-04-01 01:00:00,7,0,4
2024-04-01 02:00:00,14,0,0
2024-04-01 03:00:00,5,0,1
2024-04-01 04:00:00,10,0,2
2024-04-01 05:00:00,29,0,7
2024-04-01 06:00:00,47,0,11
2024-04-01 07:00:00,109,0,20
2024-04-01 08:00:00,224,0,50
2024-04-01 09:00:00,420,0,49
2024-04-01 10:00:00,623,0,66
2024-04-01 11:00:00,713,0,65
2024-04-01 12:00:00,578,0,53
2024-04-01 13:00:00,516,0,62
2024-04-01 14:00:00,556,0,45
2024-04-01 15:00:00,601,0,60
2024-04-01 16:00:00,669,0,61
2024-04-01 17:00:00,536,0,84
2024-04-01 18:00:00,398,0,48
2024-04-01 19:00:00,215,0,29
2024-04-01 20:00:00,168,0,27
2024-04-01 21:00:00,61,0,19
2024-04-01 22:00:00,38,0,8
2024-04-01 23:00:00,25,0,5
2024-04-02 00:00:00,13,0,0
2024-04-02 01:00:00,11,0,1
2024-04-02 02:00:00,10,0,0
2024-04-02 03:00:00,5,0,1
2024-04-02 04:00:00,12,0,3
2024-04-02 05:00:00,54,0,30
2024-04-02 06:00:00,224,0,102
2024-04-02 07:00:00,581,0,277
2024-04-02 08:00:00,364,0,138
2024-04-02 09:00:00,343,0,71
2024-04-02 10:00:00,547,0,69
2024-04-02 11:00:00,1073,0,84
2024-04-02 12:00:00,1206,0,80
2024-04-02 13:00:00,650,0,88
2024-04-02 14:00:00,605,0,90
2024-04-02 15:00:00,568,0,139
2024-04-02 16:00:00,794,0,276
2024-04-02 17:00:00,662,0,156
2024-04-02 18:00:00,452,0,68
2024-04-02 19:00:00,193,0,39
2024-04-02 20:00:00,113,0,25
2024-04-02 21:00:00,83,0,24
2024-04-02 22:00:00,40,0,12
2024-04-02 23:00:00,12,0,4
2024-04-03 00:00:00,6,0,2
2024-04-03 01:00:00,11,0,0
2024-04-03 02:00:00,5,0,0
2024-04-03 03:00:00,3,0,4
2024-04-03 04:00:00,8,0,7
2024-04-03 05:00:00,67,0,41
2024-04-03 06:00:00,251,0,100
2024-04-03 07:00:00,574,0,279
2024-04-03 08:00:00,332,0,152
2024-04-03 09:00:00,285,0,68
2024-04-03 10:00:00,519,0,64
2024-04-03 11:00:00,874,0,83
2024-04-03 12:00:00,1012,0,68
2024-04-03 13:00:00,602,0,62
2024-04-03 14:00:00,589,0,107
2024-04-03 15:00:00,739,0,156
2024-04-03 16:00:00,1116,0,366
2024-04-03 17:00:00,849,0,207
2024-04-03 18:00:00,590,0,115
2024-04-03 19:00:00,286,0,61
2024-04-03 20:00:00,97,0,41
2024-04-03 21:00:00,62,0,21
2024-04-03 22:00:00,21,0,6
2024-04-03 23:00:00,16,0,4
2024-04-04 00:00:00,11,0,2
2024-04-04 01:00:00,3,0,0
2024-04-04 02:00:00,2,0,2
2024-04-04 03:00:00,4,0,0
2024-04-04 04:00:00,7,0,2
2024-04-04 05:00:00,51,0,27
2024-04-04 06:00:00,260,0,93
2024-04-04 07:00:00,556,0,248
2024-04-04 08:00:00,338,0,138
2024-04-04 09:00:00,332,0,81
2024-04-04 10:00:00,514,0,45
2024-04-04 11:00:00,975,0,56
2024-04-04 12:00:00,1258,0,86
2024-04-04 13:00:00,631,0,75
2024-04-04 14:00:00,549,0,97
2024-04-04 15:00:00,712,0,153
2024-04-04 16:00:00,956,0,295
2024-04-04 17:00:00,558,0,157
2024-04-04 18:00:00,347,0,98
2024-04-04 19:00:00,173,0,50
2024-04-04 20:00:00,133,0,28
2024-04-04 21:00:00,135,0,26
2024-04-04 22:00:00,74,0,17
2024-04-04 23:00:00,20,0,5
2024-04-05 00:00:00,11,0,3
2024-04-05 01:00:00,8,0,5
2024-04-05 02:00:00,3,0,1
2024-04-05 03:00:00,3,0,1
2024-04-05 04:00:00,7,0,5
2024-04-05 05:00:00,60,0,20
2024-04-05 06:00:00,215,0,78
2024-04-05 07:00:00,459,0,212
2024-04-05 08:00:00,302,0,108
2024-04-05 09:00:00,386,0,64
2024-04-05 10:00:00,501,0,63
2024-04-05 11:00:00,829,0,79
2024-04-05 12:00:00,1074,0,93
2024-04-05 13:00:00,780,0,92
2024-04-05 14:00:00,684,0,94
2024-04-05 15:00:00,839,0,160
2024-04-05 16:00:00,904,0,220
2024-04-05 17:00:00,835,0,171
2024-04-05 18:00:00,445,0,92
2024-04-05 19:00:00,303,0,46
2024-04-05 20:00:00,223,0,39
2024-04-05 21:00:00,224,0,29
2024-04-05 22:00:00,195,0,21
2024-04-05 23:00:00,100,0,9
2024-04-06 00:00:00,77,0,6
2024-04-06 01:00:00,82,0,1
2024-04-06 02:00:00,33,0,1
2024-04-06 03:00:00,22,0,1
2024-04-06 04:00:00,17,0,2
2024-04-06 05:00:00,34,0,7
2024-04-06 06:00:00,83,0,25
2024-04-06 07:00:00,168,0,41
2024-04-06 08:00:00,232,0,78
2024-04-06 09:00:00,443,0,97
2024-04-06 10:00:00,661,0,81
2024-04-06 11:00:00,744,0,78
2024-04-06 12:00:00,923,0,91
2024-04-06 13:00:00,1111,0,104
2024-04-06 14:00:00,1169,0,97
2024-04-06 15:00:00,1117,0,94
2024-04-06 16:00:00,944,0,80
2024-04-06 17:00:00,843,0,97
2024-04-06 18:00:00,701,0,71
2024-04-06 19:00:00,404,0,41
2024-04-06 20:00:00,315,0,33
2024-04-06 21:00:00,382,0,49
2024-04-06 22:00:00,328,0,30
2024-04-06 23:00:00,213,0,11
2024-04-07 00:00:00,84,0,12
2024-04-07 01:00:00,74,0,6
2024-04-07 02:00:00,53,0,1
2024-04-07 03:00:00,27,0,0
2024-04-07 04:00:00,24,0,1
2024-04-07 05:00:00,26,0,4
2024-04-07 06:00:00,34,0,12
2024-04-07 07:00:00,91,0,29
2024-04-07 08:00:00,204,0,46
2024-04-07 09:00:00,328,0,39
2024-04-07 10:00:00,532,0,54
2024-04-07 11:00:00,612,0,111
2024-04-07 12:00:00,695,0,83
2024-04-07 13:00:00,747,0,94
2024-04-07 14:00:00,755,0,92
2024-04-07 15:00:00,650,0,96
2024-04-07 16:00:00,576,0,82
2024-04-07 17:00:00,426,0,60
2024-04-07 18:00:00,355,0,66
2024-04-07 19:00:00,201,0,40
2024-04-07 20:00:00,141,0,23
2024-04-07 21:00:00,132,0,17
2024-04-07 22:00:00,69,0,15
2024-04-07 23:00:00,35,0,8
2024-04-08 00:00:00,9,0,1
2024-04-08 01:00:00,14,0,0
2024-04-08 02:00:00,8,0,2
2024-04-08 03:00:00,13,0,1
2024-04-08 04:00:00,17,0,3
2024-04-08 05:00:00,52,0,40
2024-04-08 06:00:00,239,0,132
2024-04-08 07:00:00,565,0,287
2024-04-08 08:00:00,365,0,166
2024-04-08 09:00:00,328,0,65
2024-04-08 10:00:00,421,0,49
2024-04-08 11:00:00,934,0,63
2024-04-08 12:00:00,915,0,80
2024-04-08 13:00:00,564,0,67
2024-04-08 14:00:00,567,0,86
2024-04-08 15:00:00,538,0,160
2024-04-08 16:00:00,949,0,344
2024-04-08 17:00:00,592,0,190
2024-04-08 18:00:00,356,0,96
2024-04-08 19:00:00,224,0,40
2024-04-08 20:00:00,139,0,27
2024-04-08 21:00:00,115,0,22
2024-04-08 22:00:00,70,0,4
2024-04-08 23:00:00,23,0,8
2024-04-09 00:00:00,4,0,2
2024-04-09 01:00:00,4,0,1
2024-04-09 02:00:00,0,0,1
2024-04-09 03:00:00,2,0,0
2024-04-09 04:00:00,6,0,1
2024-04-09 05:00:00,63,0,32
2024-04-09 06:00:00,261,0,134
2024-04-09 07:00:00,685,0,278
2024-04-09 08:00:00,439,0,166
2024-04-09 09:00:00,362,0,74
2024-04-09 10:00:00,434,0,66
2024-04-09 11:00:00,998,0,86
2024-04-09 12:00:00,1088,0,91
2024-04-09 13:00:00,694,0,81
2024-04-09 14:00:00,576,0,102
2024-04-09 15:00:00,708,0,188
2024-04-09 16:00:00,1058,0,357
2024-04-09 17:00:00,1186,0,215
2024-04-09 18:00:00,780,0,129
2024-04-09 19:00:00,320,0,54
2024-04-09 20:00:00,247,0,31
2024-04-09 21:00:00,185,0,42
2024-04-09 22:00:00,67,0,5
2024-04-09 23:00:00,52,0,2
2024-04-10 00:00:00,13,0,2
2024-04-10 01:00:00,17,0,4
2024-04-10 02:00:00,7,0,1
2024-04-10 03:00:00,11,0,1
2024-04-10 04:00:00,16,0,4
2024-04-10 05:00:00,69,0,41
2024-04-10 06:00:00,311,0,161
2024-04-10 07:00:00,631,0,344
2024-04-10 08:00:00,383,0,162
2024-04-10 09:00:00,291,0,50
2024-04-10 10:00:00,404,0,65
2024-04-10 11:00:00,688,0,79
2024-04-10 12:00:00,863,0,82
2024-04-10 13:00:00,572,0,74
2024-04-10 14:00:00,524,0,75
2024-04-10 15:00:00,695,0,167
2024-04-10 16:00:00,1084,0,372
2024-04-10 17:00:00,671,0,178
2024-04-10 18:00:00,468,0,115
2024-04-10 19:00:00,214,1,58
2024-04-10 20:00:00,121,2,42
2024-04-10 21:00:00,86,0,25
2024-04-10 22:00:00,46,0,10
2024-04-10 23:00:00,23,0,6
2024-04-11 00:00:00,12,0,1
2024-04-11 01:00:00,12,0,2
2024-04-11 02:00:00,39,1,13
2024-04-11 03:00:00,3,0,0
2024-04-11 04:00:00,11,0,3
2024-04-11 05:00:00,52,0,26
2024-04-11 06:00:00,252,0,129
2024-04-11 07:00:00,621,0,335
2024-04-11 08:00:00,360,0,180
2024-04-11 09:00:00,290,0,74
2024-04-11 10:00:00,482,0,62
2024-04-11 11:00:00,998,0,81
2024-04-11 12:00:00,1215,0,94
2024-04-11 13:00:00,748,0,78
2024-04-11 14:00:00,607,0,90
2024-04-11 15:00:00,760,0,160
2024-04-11 16:00:00,1133,0,305
2024-04-11 17:00:00,819,0,190
2024-04-11 18:00:00,634,0,125
2024-04-11 19:00:00,359,0,87
2024-04-11 20:00:00,320,0,42
2024-04-11 21:00:00,257,0,51
2024-04-11 22:00:00,132,0,23
2024-04-11 23:00:00,76,0,10
2024-04-12 00:00:00,25,0,2
2024-04-12 01:00:00,21,0,1
2024-04-12 02:00:00,12,0,1
2024-04-12 03:00:00,8,0,0
2024-04-12 04:00:00,15,0,2
2024-04-12 05:00:00,64,0,27
2024-04-12 06:00:00,229,0,84
2024-04-12 07:00:00,476,0,203
2024-04-12 08:00:00,357,0,128
2024-04-12 09:00:00,394,0,86
2024-04-12 10:00:00,604,0,92
2024-04-12 11:00:00,977,0,92
2024-04-12 12:00:00,1071,0,120
2024-04-12 13:00:00,882,0,121
2024-04-12 14:00:00,824,0,141
2024-04-12 15:00:00,1063,0,180
2024-04-12 16:00:00,1284,0,260
2024-04-12 17:00:00,1243,0,204
2024-04-12 18:00:00,968,0,136
2024-04-12 19:00:00,681,0,83
2024-04-12 20:00:00,486,0,59
2024-04-12 21:00:00,435,0,47
2024-04-12 22:00:00,340,0,42
2024-04-12 23:00:00,244,0,28
2024-04-13 00:00:00,129,0,11
2024-04-13 01:00:00,61,0,7
2024-04-13 02:00:00,37,0,6
2024-04-13 03:00:00,29,0,1
2024-04-13 04:00:00,21,0,3
2024-04-13 05:00:00,27,0,11
2024-04-13 06:00:00,61,0,24
2024-04-13 07:00:00,173,0,60
2024-04-13 08:00:00,298,0,79
2024-04-13 09:00:00,486,0,107
2024-04-13 10:00:00,723,0,101
2024-04-13 11:00:00,1022,0,126
2024-04-13 12:00:00,1081,0,129
2024-04-13 13:00:00,1219,0,124
2024-04-13 14:00:00,1263,0,124
2024-04-13 15:00:00,1165,0,123
2024-04-13 16:00:00,1075,0,109
2024-04-13 17:00:00,915,0,96
2024-04-13 18:00:00,834,0,90
2024-04-13 19:00:00,657,0,43
2024-04-13 20:00:00,475,0,33
2024-04-13 21:00:00,478,0,44
2024-04-13 22:00:00,351,0,12
2024-04-13 23:00:00,240,0,18
2024-04-14 00:00:00,136,0,9
2024-04-14 01:00:00,89,0,2
2024-04-14 02:00:00,68,0,2
2024-04-14 03:00:00,44,0,2
2024-04-14 04:00:00,15,0,1
2024-04-14 05:00:00,29,0,8
2024-04-14 06:00:00,59,0,14
2024-04-14 07:00:00,100,0,39
2024-04-14 08:00:00,247,0,77
2024-04-14 09:00:00,535,0,71
2024-04-14 10:00:00,593,0,82
2024-04-14 11:00:00,855,0,105
2024-04-14 12:00:00,909,0,135
2024-04-14 13:00:00,813,0,110
2024-04-14 14:00:00,830,0,95
2024-04-14 15:00:00,769,0,110
2024-04-14 16:00:00,681,0,119
2024-04-14 17:00:00,527,0,91
2024-04-14 18:00:00,444,0,90
2024-04-14 19:00:00,291,0,55
2024-04-14 20:00:00,161,0,34
2024-04-14 21:00:00,105,0,36
2024-04-14 22:00:00,70,0,16
2024-04-14 23:00:00,40,0,4
2024-04-15 00:00:00,20,0,0
2024-04-15 01:00:00,6,0,0
2024-04-15 02:00:00,4,0,0
2024-04-15 03:00:00,1,0,1
2024-04-15 04:00:00,12,0,2
2024-04-15 05:00:00,44,0,29
2024-04-15 06:00:00,226,0,127
2024-04-15 07:00:00,502,0,232
2024-04-15 08:00:00,334,0,169
2024-04-15 09:00:00,336,0,69
2024-04-15 10:00:00,381,0,53
2024-04-15 11:00:00,836,0,61
2024-04-15 12:00:00,980,0,73
2024-04-15 13:00:00,574,0,70
2024-04-15 14:00:00,781,0,117
2024-04-15 15:00:00,641,0,173
2024-04-15 16:00:00,1058,0,294
2024-04-15 17:00:00,887,0,187
2024-04-15 18:00:00,513,0,117
2024-04-15 19:00:00,332,0,67
2024-04-15 20:00:00,172,0,31
2024-04-15 21:00:00,122,0,24
2024-04-15 22:00:00,74,0,6
2024-04-15 23:00:00,39,0,4
2024-04-16 00:00:00,19,0,1
2024-04-16 01:00:00,19,0,0
2024-04-16 02:00:00,5,0,0
2024-04-16 03:00:00,9,0,1
2024-04-16 04:00:00,13,0,6
2024-04-16 05:00:00,86,0,56
2024-04-16 06:00:00,372,0,181
2024-04-16 07:00:00,768,0,434
2024-04-16 08:00:00,469,0,234
2024-04-16 09:00:00,342,0,99
2024-04-16 10:00:00,462,0,63
2024-04-16 11:00:00,981,0,91
2024-04-16 12:00:00,1183,0,92
2024-04-16 13:00:00,632,0,106
2024-04-16 14:00:00,631,0,126
2024-04-16 15:00:00,673,0,238
2024-04-16 16:00:00,999,0,460
2024-04-16 17:00:00,1282,0,240
2024-04-16 18:00:00,832,0,126
2024-04-16 19:00:00,476,0,78
2024-04-16 20:00:00,249,0,40
2024-04-16 21:00:00,181,0,28
2024-04-16 22:00:00,92,0,16
2024-04-16 23:00:00,25,0,7
2024-04-17 00:00:00,16,0,0
2024-04-17 01:00:00,3,0,0
2024-04-17 02:00:00,6,0,1
2024-04-17 03:00:00,3,0,0
2024-04-17 04:00:00,21,0,10
2024-04-17 05:00:00,80,0,51
2024-04-17 06:00:00,353,0,163
2024-04-17 07:00:00,820,0,461
2024-04-17 08:00:00,465,0,191
2024-04-17 09:00:00,359,0,88
2024-04-17 10:00:00,510,0,79
2024-04-17 11:00:00,965,0,103
2024-04-17 12:00:00,1148,0,106
2024-04-17 13:00:00,532,0,107
2024-04-17 14:00:00,523,0,142
2024-04-17 15:00:00,734,0,228
2024-04-17 16:00:00,1055,0,449
2024-04-17 17:00:00,870,0,236
2024-04-17 18:00:00,641,0,162
2024-04-17 19:00:00,355,0,86
2024-04-17 20:00:00,240,1,59
2024-04-17 21:00:00,200,0,46
2024-04-17 22:00:00,124,0,18
2024-04-17 23:00:00,41,0,2
2024-04-18 00:00:00,20,0,3
2024-04-18 01:00:00,17,0,6
2024-04-18 02:00:00,7,0,1
2024-04-18 03:00:00,11,0,0
2024-04-18 04:00:00,16,0,11
2024-04-18 05:00:00,75,0,43
2024-04-18 06:00:00,321,0,154
2024-04-18 07:00:00,828,0,412
2024-04-18 08:00:00,501,0,197
2024-04-18 09:00:00,444,0,101
2024-04-18 10:00:00,541,0,69
2024-04-18 11:00:00,1257,0,103
2024-04-18 12:00:00,1370,0,124
2024-04-18 13:00:00,806,0,110
2024-04-18 14:00:00,679,0,124
2024-04-18 15:00:00,744,0,217
2024-04-18 16:00:00,1209,0,391
2024-04-18 17:00:00,825,0,210
2024-04-18 18:00:00,642,0,155
2024-04-18 19:00:00,487,0,93
2024-04-18 20:00:00,249,0,63
2024-04-18 21:00:00,183,0,60
2024-04-18 22:00:00,86,0,26
2024-04-18 23:00:00,53,0,6
2024-04-19 00:00:00,18,0,1
2024-04-19 01:00:00,24,0,3
2024-04-19 02:00:00,11,0,0
2024-04-19 03:00:00,11,0,2
2024-04-19 04:00:00,18,0,8
2024-04-19 05:00:00,90,0,38
2024-04-19 06:00:00,261,0,121
2024-04-19 07:00:00,580,0,283
2024-04-19 08:00:00,405,0,173
2024-04-19 09:00:00,349,0,88
2024-04-19 10:00:00,420,0,81
2024-04-19 11:00:00,710,0,81
2024-04-19 12:00:00,846,0,92
2024-04-19 13:00:00,748,0,109
2024-04-19 14:00:00,634,0,145
2024-04-19 15:00:00,869,0,204
2024-04-19 16:00:00,1159,0,314
2024-04-19 17:00:00,1097,0,182
2024-04-19 18:00:00,917,0,128
2024-04-19 19:00:00,728,0,88
2024-04-19 20:00:00,567,0,97
2024-04-19 21:00:00,444,0,67
2024-04-19 22:00:00,307,0,43
2024-04-19 23:00:00,134,0,31
2024-04-20 00:00:00,135,0,7
2024-04-20 01:00:00,76,0,9
2024-04-20 02:00:00,42,0,3
2024-04-20 03:00:00,20,0,2
2024-04-20 04:00:00,18,0,8
2024-04-20 05:00:00,28,0,15
2024-04-20 06:00:00,73,0,27
2024-04-20 07:00:00,218,0,64
2024-04-20 08:00:00,374,0,87
2024-04-20 09:00:00,600,0,116
2024-04-20 10:00:00,999,0,146
2024-04-20 11:00:00,1357,0,337
2024-04-20 12:00:00,1844,0,183
2024-04-20 13:00:00,2438,0,144
2024-04-20 14:00:00,2917,0,170
2024-04-20 15:00:00,3103,0,116
2024-04-20 16:00:00,2981,0,115
2024-04-20 17:00:00,2739,0,111
2024-04-20 18:00:00,2128,0,103
2024-04-20 19:00:00,1630,0,79
2024-04-20 20:00:00,1022,0,77
2024-04-20 21:00:00,747,0,61
2024-04-20 22:00:00,472,0,41
2024-04-20 23:00:00,264,0,22
2024-04-21 00:00:00,154,0,8
2024-04-21 01:00:00,131,0,6
2024-04-21 02:00:00,50,0,3
2024-04-21 03:00:00,31,0,1
2024-04-21 04:00:00,55,0,5
2024-04-21 05:00:00,48,0,10
2024-04-21 06:00:00,55,0,19
2024-04-21 07:00:00,116,0,35
2024-04-21 08:00:00,226,0,60
2024-04-21 09:00:00,526,0,93
2024-04-21 10:00:00,605,0,94
2024-04-21 11:00:00,707,0,102
2024-04-21 12:00:00,815,0,84
2024-04-21 13:00:00,907,0,125
2024-04-21 14:00:00,907,0,98
2024-04-21 15:00:00,907,0,135
2024-04-21 16:00:00,728,0,117
2024-04-21 17:00:00,628,0,126
2024-04-21 18:00:00,528,0,84
2024-04-21 19:00:00,345,0,72
2024-04-21 20:00:00,170,0,47
2024-04-21 21:00:00,136,0,24
2024-04-21 22:00:00,100,0,11
2024-04-21 23:00:00,35,0,8
2024-04-22 00:00:00,29,0,4
2024-04-22 01:00:00,14,0,5
2024-04-22 02:00:00,12,0,1
2024-04-22 03:00:00,8,0,3
2024-04-22 04:00:00,0,0,0
2024-04-22 05:00:00,0,0,0
2024-04-22 06:00:00,231,0,129
2024-04-22 07:00:00,699,0,356
2024-04-22 08:00:00,604,0,191
2024-04-22 09:00:00,285,0,67
2024-04-22 10:00:00,301,0,58
2024-04-22 11:00:00,578,0,90
2024-04-22 12:00:00,651,0,62
2024-04-22 13:00:00,452,0,75
2024-04-22 14:00:00,426,0,92
2024-04-22 15:00:00,565,0,179
2024-04-22 16:00:00,821,0,353
2024-04-22 17:00:00,557,0,178
2024-04-22 18:00:00,451,0,96
2024-04-22 19:00:00,298,0,83
2024-04-22 20:00:00,166,0,50
2024-04-22 21:00:00,107,0,20
2024-04-22 22:00:00,52,0,7
2024-04-22 23:00:00,26,0,0
2024-04-23 00:00:00,11,0,5
2024-04-23 01:00:00,11,0,3
2024-04-23 02:00:00,4,0,1
2024-04-23 03:00:00,1,0,0
2024-04-23 04:00:00,23,0,9
2024-04-23 05:00:00,85,0,58
2024-04-23 06:00:00,317,0,158
2024-04-23 07:00:00,778,0,446
2024-04-23 08:00:00,477,0,221
2024-04-23 09:00:00,355,0,80
2024-04-23 10:00:00,382,0,57
2024-04-23 11:00:00,981,0,90
2024-04-23 12:00:00,1113,0,116
2024-04-23 13:00:00,656,0,95
2024-04-23 14:00:00,624,0,139
2024-04-23 15:00:00,801,0,250
2024-04-23 16:00:00,1214,0,440
2024-04-23 17:00:00,1315,0,251
2024-04-23 18:00:00,952,0,147
2024-04-23 19:00:00,462,0,101
2024-04-23 20:00:00,290,0,58
2024-04-23 21:00:00,235,0,33
2024-04-23 22:00:00,104,0,10
2024-04-23 23:00:00,79,0,8
2024-04-24 00:00:00,20,0,3
2024-04-24 01:00:00,19,0,1
2024-04-24 02:00:00,15,0,2
2024-04-24 03:00:00,8,0,1
2024-04-24 04:00:00,21,0,13
2024-04-24 05:00:00,85,0,42
2024-04-24 06:00:00,324,0,158
2024-04-24 07:00:00,715,0,470
2024-04-24 08:00:00,419,0,219
2024-04-24 09:00:00,378,0,89
2024-04-24 10:00:00,449,0,83
2024-04-24 11:00:00,1016,0,119
2024-04-24 12:00:00,1188,0,114
2024-04-24 13:00:00,664,0,113
2024-04-24 14:00:00,677,0,128
2024-04-24 15:00:00,854,0,263
2024-04-24 16:00:00,1110,0,457
2024-04-24 17:00:00,874,0,236
2024-04-24 18:00:00,587,0,157
2024-04-24 19:00:00,466,0,123
2024-04-24 20:00:00,303,0,63
2024-04-24 21:00:00,251,0,51
2024-04-24 22:00:00,139,0,19
2024-04-24 23:00:00,53,0,6
2024-04-25 00:00:00,27,0,0
2024-04-25 01:00:00,12,0,3
2024-04-25 02:00:00,13,0,3
2024-04-25 03:00:00,20,0,4
2024-04-25 04:00:00,17,0,7
2024-04-25 05:00:00,82,0,41
2024-04-25 06:00:00,337,0,162
2024-04-25 07:00:00,742,0,417
2024-04-25 08:00:00,420,0,210
2024-04-25 09:00:00,363,0,103
2024-04-25 10:00:00,442,0,79
2024-04-25 11:00:00,811,0,88
2024-04-25 12:00:00,882,0,104
2024-04-25 13:00:00,509,0,89
2024-04-25 14:00:00,561,0,136
2024-04-25 15:00:00,692,0,215
2024-04-25 16:00:00,1060,0,354
2024-04-25 17:00:00,829,0,204
2024-04-25 18:00:00,830,0,122
2024-04-25 19:00:00,417,0,89
2024-04-25 20:00:00,327,0,85
2024-04-25 21:00:00,236,0,44
2024-04-25 22:00:00,136,0,22
2024-04-25 23:00:00,58,0,8
2024-04-26 00:00:00,36,0,4
2024-04-26 01:00:00,30,0,1
2024-04-26 02:00:00,15,0,1
2024-04-26 03:00:00,12,0,2
2024-04-26 04:00:00,16,0,4
2024-04-26 05:00:00,75,0,42
2024-04-26 06:00:00,236,0,122
2024-04-26 07:00:00,523,0,257
2024-04-26 08:00:00,403,0,166
2024-04-26 09:00:00,352,0,81
2024-04-26 10:00:00,452,0,81
2024-04-26 11:00:00,724,0,105
2024-04-26 12:00:00,955,0,107
2024-04-26 13:00:00,628,0,105
2024-04-26 14:00:00,698,0,134
2024-04-26 15:00:00,861,0,204
2024-04-26 16:00:00,1016,0,278
2024-04-26 17:00:00,798,0,151
2024-04-26 18:00:00,653,0,129
2024-04-26 19:00:00,607,0,78
2024-04-26 20:00:00,447,0,56
2024-04-26 21:00:00,375,0,33
2024-04-26 22:00:00,249,0,33
2024-04-26 23:00:00,236,0,26
2024-04-27 00:00:00,106,0,15
2024-04-27 01:00:00,53,0,4
2024-04-27 02:00:00,21,0,5
2024-04-27 03:00:00,11,0,2
2024-04-27 04:00:00,6,0,6
2024-04-27 05:00:00,23,0,7
2024-04-27 06:00:00,55,0,15
2024-04-27 07:00:00,114,0,40
2024-04-27 08:00:00,234,0,34
2024-04-27 09:00:00,363,0,45
2024-04-27 10:00:00,614,0,55
2024-04-27 11:00:00,829,0,62
2024-04-27 12:00:00,937,0,78
2024-04-27 13:00:00,1063,0,85
2024-04-27 14:00:00,1056,0,96
2024-04-27 15:00:00,1140,0,71
2024-04-27 16:00:00,1087,0,89
2024-04-27 17:00:00,1029,0,86
2024-04-27 18:00:00,815,0,101
2024-04-27 19:00:00,696,0,58
2024-04-27 20:00:00,455,0,28
2024-04-27 21:00:00,429,0,31
2024-04-27 22:00:00,195,0,30
2024-04-27 23:00:00,114,0,19
2024-04-28 00:00:00,33,0,6
2024-04-28 01:00:00,24,0,3
2024-04-28 02:00:00,20,0,4
2024-04-28 03:00:00,1,0,0
2024-04-28 04:00:00,10,0,2
2024-04-28 05:00:00,30,0,7
2024-04-28 06:00:00,50,0,9
2024-04-28 07:00:00,93,0,35
2024-04-28 08:00:00,186,0,44
2024-04-28 09:00:00,406,0,56
2024-04-28 10:00:00,724,0,49
2024-04-28 11:00:00,773,0,76
2024-04-28 12:00:00,798,0,88
2024-04-28 13:00:00,716,0,97
2024-04-28 14:00:00,665,0,72
2024-04-28 15:00:00,749,0,92
2024-04-28 16:00:00,687,0,101
2024-04-28 17:00:00,495,0,69
2024-04-28 18:00:00,458,0,79
2024-04-28 19:00:00,340,0,55
2024-04-28 20:00:00,192,0,24
2024-04-28 21:00:00,181,0,16
2024-04-28 22:00:00,85,0,13
2024-04-28 23:00:00,39,0,2
2024-04-29 00:00:00,21,0,1
2024-04-29 01:00:00,11,0,1
2024-04-29 02:00:00,4,0,2
2024-04-29 03:00:00,1,0,1
2024-04-29 04:00:00,21,0,9
2024-04-29 05:00:00,62,0,38
2024-04-29 06:00:00,228,0,164
2024-04-29 07:00:00,626,0,378
2024-04-29 08:00:00,374,0,193
2024-04-29 09:00:00,322,0,79
2024-04-29 10:00:00,456,0,67
2024-04-29 11:00:00,796,0,90
2024-04-29 12:00:00,1000,0,100
2024-04-29 13:00:00,558,0,90
2024-04-29 14:00:00,586,0,100
2024-04-29 15:00:00,649,0,184
2024-04-29 16:00:00,972,0,381
2024-04-29 17:00:00,677,0,219
2024-04-29 18:00:00,453,0,113
2024-04-29 19:00:00,327,0,66
2024-04-29 20:00:00,197,0,41
2024-04-29 21:00:00,157,0,25
2024-04-29 22:00:00,89,0,14
2024-04-29 23:00:00,36,0,9
2024-04-30 00:00:00,23,0,1
2024-04-30 01:00:00,19,0,2
2024-04-30 02:00:00,10,0,1
2024-04-30 03:00:00,7,0,2
2024-04-30 04:00:00,20,0,9
2024-04-30 05:00:00,75,0,59
2024-04-30 06:00:00,348,0,167
2024-04-30 07:00:00,700,0,417
2024-04-30 08:00:00,418,0,209
2024-04-30 09:00:00,345,0,78
2024-04-30 10:00:00,454,0,67
2024-04-30 11:00:00,1009,0,84
2024-04-30 12:00:00,1086,0,103
2024-04-30 13:00:00,592,0,99
2024-04-30 14:00:00,567,0,107
2024-04-30 15:00:00,737,0,239
2024-04-30 16:00:00,1127,0,418
2024-04-30 17:00:00,951,0,239
2024-04-30 18:00:00,690,0,116
2024-04-30 19:00:00,361,0,60
2024-04-30 20:00:00,75,0,32
2024-04-30 21:00:00,53,0,37
2024-04-30 22:00:00,41,0,15
2024-04-30 23:00:00,24,0,11
2024-05-01 00:00:00,8,0,4
2024-05-01 01:00:00,7,0,1
2024-05-01 02:00:00,2,0,0
2024-05-01 03:00:00,2,0,0
2024-05-01 04:00:00,26,0,14
2024-05-01 05:00:00,87,0,49
2024-05-01 06:00:00,322,0,179
2024-05-01 07:00:00,706,0,371
2024-05-01 08:00:00,450,0,202
2024-05-01 09:00:00,407,0,75
2024-05-01 10:00:00,369,0,89
2024-05-01 11:00:00,976,0,102
2024-05-01 12:00:00,1168,0,101
2024-05-01 13:00:00,643,0,108
2024-05-01 14:00:00,590,0,134
2024-05-01 15:00:00,744,0,226
2024-05-01 16:00:00,1060,0,429
2024-05-01 17:00:00,653,0,216
2024-05-01 18:00:00,442,0,118
2024-05-01 19:00:00,297,0,72
2024-05-01 20:00:00,140,0,49
2024-05-01 21:00:00,100,0,33
2024-05-01 22:00:00,51,0,15
2024-05-01 23:00:00,17,0,5
2024-05-02 00:00:00,17,0,2
2024-05-02 01:00:00,13,0,2
2024-05-02 02:00:00,14,0,1
2024-05-02 03:00:00,3,0,1
2024-05-02 04:00:00,13,0,3
2024-05-02 05:00:00,67,0,29
2024-05-02 06:00:00,280,0,130
2024-05-02 07:00:00,669,0,299
2024-05-02 08:00:00,517,0,187
2024-05-02 09:00:00,315,0,71
2024-05-02 10:00:00,368,0,53
2024-05-02 11:00:00,695,0,77
2024-05-02 12:00:00,973,0,101
2024-05-02 13:00:00,665,0,91
2024-05-02 14:00:00,659,0,113
2024-05-02 15:00:00,735,0,191
2024-05-02 16:00:00,1201,0,325
2024-05-02 17:00:00,804,0,225
2024-05-02 18:00:00,576,0,129
2024-05-02 19:00:00,490,0,80
2024-05-02 20:00:00,284,0,59
2024-05-02 21:00:00,246,0,26
2024-05-02 22:00:00,136,0,27
2024-05-02 23:00:00,68,0,12
2024-05-03 00:00:00,42,1,43
2024-05-03 01:00:00,23,0,160
2024-05-03 02:00:00,19,0,1
2024-05-03 03:00:00,8,0,2
2024-05-03 04:00:00,18,0,11
2024-05-03 05:00:00,54,0,39
2024-05-03 06:00:00,209,0,103
2024-05-03 07:00:00,453,0,192
2024-05-03 08:00:00,361,0,162
2024-05-03 09:00:00,352,0,75
2024-05-03 10:00:00,379,0,76
2024-05-03 11:00:00,572,0,94
2024-05-03 12:00:00,767,0,96
2024-05-03 13:00:00,638,0,98
2024-05-03 14:00:00,682,0,117
2024-05-03 15:00:00,763,0,163
2024-05-03 16:00:00,1014,0,238
2024-05-03 17:00:00,845,0,157
2024-05-03 18:00:00,739,0,149
2024-05-03 19:00:00,594,0,89
2024-05-03 20:00:00,459,0,56
2024-05-03 21:00:00,437,0,53
2024-05-03 22:00:00,273,1,42
2024-05-03 23:00:00,267,0,26
2024-05-04 00:00:00,146,0,14
2024-05-04 01:00:00,49,0,6
2024-05-04 02:00:00,46,0,3
2024-05-04 03:00:00,61,0,1
2024-05-04 04:00:00,42,0,4
2024-05-04 05:00:00,45,0,7
2024-05-04 06:00:00,87,0,23
2024-05-04 07:00:00,188,0,49
2024-05-04 08:00:00,360,0,86
2024-05-04 09:00:00,623,0,103
2024-05-04 10:00:00,922,0,128
2024-05-04 11:00:00,1229,0,143
2024-05-04 12:00:00,1403,0,130
2024-05-04 13:00:00,1393,0,128
2024-05-04 14:00:00,1594,0,130
2024-05-04 15:00:00,1294,0,162
2024-05-04 16:00:00,1245,0,93
2024-05-04 17:00:00,1200,0,129
2024-05-04 18:00:00,1092,0,107
2024-05-04 19:00:00,1000,0,63
2024-05-04 20:00:00,716,0,46
2024-05-04 21:00:00,662,0,52
2024-05-04 22:00:00,460,0,24
2024-05-04 23:00:00,293,0,12
2024-05-05 00:00:00,135,0,6
2024-05-05 01:00:00,109,0,7
2024-05-05 02:00:00,84,0,4
2024-05-05 03:00:00,53,0,3
2024-05-05 04:00:00,44,0,2
2024-05-05 05:00:00,37,0,8
2024-05-05 06:00:00,73,0,18
2024-05-05 07:00:00,164,0,30
2024-05-05 08:00:00,264,0,50
2024-05-05 09:00:00,530,0,73
2024-05-05 10:00:00,617,0,93
2024-05-05 11:00:00,713,0,92
2024-05-05 12:00:00,867,0,95
2024-05-05 13:00:00,609,0,87
2024-05-05 14:00:00,701,0,66
2024-05-05 15:00:00,579,0,80
2024-05-05 16:00:00,630,0,60
2024-05-05 17:00:00,608,0,77
2024-05-05 18:00:00,253,0,51
2024-05-05 19:00:00,259,0,56
2024-05-05 20:00:00,162,0,27
2024-05-05 21:00:00,135,0,28
2024-05-05 22:00:00,155,2,58
2024-05-05 23:00:00,48,0,10
2024-05-06 00:00:00,40,0,2
2024-05-06 01:00:00,19,0,2
2024-05-06 02:00:00,11,0,1
2024-05-06 03:00:00,45,0,1
2024-05-06 04:00:00,21,0,2
2024-05-06 05:00:00,35,0,6
2024-05-06 06:00:00,65,0,20
2024-05-06 07:00:00,116,0,28
2024-05-06 08:00:00,235,0,42
2024-05-06 09:00:00,394,0,58
2024-05-06 10:00:00,605,0,85
2024-05-06 11:00:00,763,0,76
2024-05-06 12:00:00,737,0,104
2024-05-06 13:00:00,787,0,103
2024-05-06 14:00:00,680,0,89
2024-05-06 15:00:00,642,0,97
2024-05-06 16:00:00,412,0,78
2024-05-06 17:00:00,408,0,83
2024-05-06 18:00:00,351,0,63
2024-05-06 19:00:00,201,0,57
2024-05-06 20:00:00,81,0,19
2024-05-06 21:00:00,36,0,21
2024-05-06 22:00:00,44,0,10
2024-05-06 23:00:00,13,0,0
2024-05-07 00:00:00,8,0,2
2024-05-07 01:00:00,1,0,1
2024-05-07 02:00:00,4,0,2
2024-05-07 03:00:00,3,0,0
2024-05-07 04:00:00,19,0,10
2024-05-07 05:00:00,64,0,48
2024-05-07 06:00:00,286,0,155
2024-05-07 07:00:00,697,0,375
2024-05-07 08:00:00,439,0,214
2024-05-07 09:00:00,363,0,95
2024-05-07 10:00:00,439,0,58
2024-05-07 11:00:00,1036,0,82
2024-05-07 12:00:00,1372,0,87
2024-05-07 13:00:00,768,0,108
2024-05-07 14:00:00,683,0,157
2024-05-07 15:00:00,804,0,253
2024-05-07 16:00:00,1306,0,511
2024-05-07 17:00:00,1468,0,281
2024-05-07 18:00:00,1044,0,168
2024-05-07 19:00:00,604,0,131
2024-05-07 20:00:00,377,0,60
2024-05-07 21:00:00,215,0,41
2024-05-07 22:00:00,105,0,11
2024-05-07 23:00:00,32,0,3
2024-05-08 00:00:00,22,0,5
2024-05-08 01:00:00,29,0,3
2024-05-08 02:00:00,12,0,5
2024-05-08 03:00:00,8,0,1
2024-05-08 04:00:00,33,0,17
2024-05-08 05:00:00,87,0,44
2024-05-08 06:00:00,330,0,185
2024-05-08 07:00:00,760,0,439
2024-05-08 08:00:00,522,0,259
2024-05-08 09:00:00,438,0,98
2024-05-08 10:00:00,464,0,74
2024-05-08 11:00:00,1068,0,110
2024-05-08 12:00:00,1461,0,130
2024-05-08 13:00:00,762,0,117
2024-05-08 14:00:00,634,0,154
2024-05-08 15:00:00,818,0,250
2024-05-08 16:00:00,1195,0,483
2024-05-08 17:00:00,930,0,307
2024-05-08 18:00:00,729,0,173
2024-05-08 19:00:00,487,0,140
2024-05-08 20:00:00,326,0,58
2024-05-08 21:00:00,259,0,49
2024-05-08 22:00:00,96,0,11
2024-05-08 23:00:00,49,0,9
2024-05-09 00:00:00,20,0,2
2024-05-09 01:00:00,22,0,1
2024-05-09 02:00:00,7,0,2
2024-05-09 03:00:00,17,0,1
2024-05-09 04:00:00,28,0,12
2024-05-09 05:00:00,71,0,59
2024-05-09 06:00:00,342,0,186
2024-05-09 07:00:00,807,0,433
2024-05-09 08:00:00,524,0,231
2024-05-09 09:00:00,454,0,106
2024-05-09 10:00:00,560,0,94
2024-05-09 11:00:00,1278,0,129
2024-05-09 12:00:00,1614,0,142
2024-05-09 13:00:00,890,0,124
2024-05-09 14:00:00,790,0,153
2024-05-09 15:00:00,972,0,250
2024-05-09 16:00:00,1409,0,456
2024-05-09 17:00:00,1169,0,299
2024-05-09 18:00:00,971,0,201
2024-05-09 19:00:00,794,0,148
2024-05-09 20:00:00,492,0,117
2024-05-09 21:00:00,361,0,85
2024-05-09 22:00:00,201,0,34
2024-05-09 23:00:00,96,0,13
2024-05-10 00:00:00,37,0,3
2024-05-10 01:00:00,32,0,4
2024-05-10 02:00:00,28,0,1
2024-05-10 03:00:00,20,0,0
2024-05-10 04:00:00,28,0,15
2024-05-10 05:00:00,74,0,45
2024-05-10 06:00:00,284,0,136
2024-05-10 07:00:00,578,0,301
2024-05-10 08:00:00,388,0,189
2024-05-10 09:00:00,410,0,81
2024-05-10 10:00:00,566,0,87
2024-05-10 11:00:00,1022,0,119
2024-05-10 12:00:00,1294,0,138
2024-05-10 13:00:00,948,0,151
2024-05-10 14:00:00,824,0,193
2024-05-10 15:00:00,1040,0,257
2024-05-10 16:00:00,1299,0,328
2024-05-10 17:00:00,1298,0,234
2024-05-10 18:00:00,1195,0,177
2024-05-10 19:00:00,939,0,113
2024-05-10 20:00:00,680,0,90
2024-05-10 21:00:00,682,0,88
2024-05-10 22:00:00,428,0,64
2024-05-10 23:00:00,339,0,32
2024-05-11 00:00:00,184,0,22
2024-05-11 01:00:00,104,0,8
2024-05-11 02:00:00,38,0,3
2024-05-11 03:00:00,24,0,3
2024-05-11 04:00:00,30,0,7
2024-05-11 05:00:00,44,0,15
2024-05-11 06:00:00,77,0,24
2024-05-11 07:00:00,187,0,60
2024-05-11 08:00:00,399,0,88
2024-05-11 09:00:00,686,0,88
2024-05-11 10:00:00,832,0,112
2024-05-11 11:00:00,1062,0,177
2024-05-11 12:00:00,1147,0,144
2024-05-11 13:00:00,1287,0,169
2024-05-11 14:00:00,1186,0,158
2024-05-11 15:00:00,1165,0,141
2024-05-11 16:00:00,1185,0,157
2024-05-11 17:00:00,1138,0,138
2024-05-11 18:00:00,1090,0,105
2024-05-11 19:00:00,845,0,112
2024-05-11 20:00:00,714,0,79
2024-05-11 21:00:00,676,0,68
2024-05-11 22:00:00,472,0,33
2024-05-11 23:00:00,396,0,25
2024-05-12 00:00:00,225,0,14
2024-05-12 01:00:00,126,0,8
2024-05-12 02:00:00,68,0,4
2024-05-12 03:00:00,51,0,1
2024-05-12 04:00:00,25,0,6
2024-05-12 05:00:00,42,0,16
2024-05-12 06:00:00,53,0,19
2024-05-12 07:00:00,96,0,47
2024-05-12 08:00:00,238,0,82
2024-05-12 09:00:00,534,0,115
2024-05-12 10:00:00,665,0,111
2024-05-12 11:00:00,819,0,110
2024-05-12 12:00:00,877,0,123
2024-05-12 13:00:00,828,0,117
2024-05-12 14:00:00,895,0,109
2024-05-12 15:00:00,681,0,86
2024-05-12 16:00:00,691,0,125
2024-05-12 17:00:00,673,0,117
2024-05-12 18:00:00,663,0,89
2024-05-12 19:00:00,435,0,80
2024-05-12 20:00:00,247,0,38
2024-05-12 21:00:00,153,0,29
2024-05-12 22:00:00,81,0,13
2024-05-12 23:00:00,56,0,7
2024-05-13 00:00:00,27,0,2
2024-05-13 01:00:00,29,0,8
2024-05-13 02:00:00,9,0,1
2024-05-13 03:00:00,14,0,1
2024-05-13 04:00:00,20,0,11
2024-05-13 05:00:00,72,0,37
2024-05-13 06:00:00,261,0,152
2024-05-13 07:00:00,633,0,348
2024-05-13 08:00:00,431,0,194
2024-05-13 09:00:00,343,0,61
2024-05-13 10:00:00,415,0,83
2024-05-13 11:00:00,725,0,68
2024-05-13 12:00:00,801,0,103
2024-05-13 13:00:00,464,0,92
2024-05-13 14:00:00,417,0,101
2024-05-13 15:00:00,486,0,169
2024-05-13 16:00:00,779,0,339
2024-05-13 17:00:00,473,0,172
2024-05-13 18:00:00,275,0,77
2024-05-13 19:00:00,216,0,76
2024-05-13 20:00:00,75,0,36
2024-05-13 21:00:00,46,0,15
2024-05-13 22:00:00,10,0,10
2024-05-13 23:00:00,17,0,2
2024-05-14 00:00:00,8,0,0
2024-05-14 01:00:00,7,0,0
2024-05-14 02:00:00,6,0,1
2024-05-14 03:00:00,4,0,0
2024-05-14 04:00:00,28,0,9
2024-05-14 05:00:00,93,0,49
2024-05-14 06:00:00,333,0,182
2024-05-14 07:00:00,794,0,420
2024-05-14 08:00:00,443,0,227
2024-05-14 09:00:00,325,0,75
2024-05-14 10:00:00,405,0,65
2024-05-14 11:00:00,808,0,66
2024-05-14 12:00:00,1014,0,89
2024-05-14 13:00:00,617,0,99
2024-05-14 14:00:00,612,0,114
2024-05-14 15:00:00,708,0,240
2024-05-14 16:00:00,1233,0,427
2024-05-14 17:00:00,1221,0,246
2024-05-14 18:00:00,875,0,134
2024-05-14 19:00:00,492,0,111
2024-05-14 20:00:00,323,0,74
2024-05-14 21:00:00,249,0,47
2024-05-14 22:00:00,119,0,15
2024-05-14 23:00:00,56,0,3
2024-05-15 00:00:00,28,0,2
2024-05-15 01:00:00,15,0,3
2024-05-15 02:00:00,39,0,7
2024-05-15 03:00:00,20,0,3
2024-05-15 04:00:00,38,0,17
2024-05-15 05:00:00,67,0,44
2024-05-15 06:00:00,343,0,194
2024-05-15 07:00:00,752,0,452
2024-05-15 08:00:00,415,0,212
2024-05-15 09:00:00,345,0,84
2024-05-15 10:00:00,456,0,97
2024-05-15 11:00:00,1176,0,122
2024-05-15 12:00:00,1277,0,139
2024-05-15 13:00:00,709,0,108
2024-05-15 14:00:00,692,0,164
2024-05-15 15:00:00,864,0,268
2024-05-15 16:00:00,1246,0,471
2024-05-15 17:00:00,1144,0,274
2024-05-15 18:00:00,828,0,161
2024-05-15 19:00:00,599,0,152
2024-05-15 20:00:00,446,0,90
2024-05-15 21:00:00,321,0,63
2024-05-15 22:00:00,147,0,21
2024-05-15 23:00:00,69,0,8
2024-05-16 00:00:00,28,0,5
2024-05-16 01:00:00,17,0,1
2024-05-16 02:00:00,21,0,1
2024-05-16 03:00:00,14,0,3
2024-05-16 04:00:00,23,0,11
2024-05-16 05:00:00,79,0,47
2024-05-16 06:00:00,348,0,173
2024-05-16 07:00:00,789,0,424
2024-05-16 08:00:00,486,0,222
2024-05-16 09:00:00,317,0,101
2024-05-16 10:00:00,473,0,90
2024-05-16 11:00:00,1110,0,91
2024-05-16 12:00:00,1146,0,108
2024-05-16 13:00:00,546,0,122
2024-05-16 14:00:00,548,0,158
2024-05-16 15:00:00,720,0,233
2024-05-16 16:00:00,1191,0,382
2024-05-16 17:00:00,843,0,248
2024-05-16 18:00:00,675,0,175
2024-05-16 19:00:00,517,0,104
2024-05-16 20:00:00,414,0,84
2024-05-16 21:00:00,262,0,60
2024-05-16 22:00:00,183,0,18
2024-05-16 23:00:00,94,0,12
2024-05-17 00:00:00,38,0,1
2024-05-17 01:00:00,30,0,2
2024-05-17 02:00:00,27,0,1
2024-05-17 03:00:00,17,0,5
2024-05-17 04:00:00,46,0,11
2024-05-17 05:00:00,83,0,52
2024-05-17 06:00:00,280,0,132
2024-05-17 07:00:00,576,0,295
2024-05-17 08:00:00,411,0,187
2024-05-17 09:00:00,518,0,163
2024-05-17 10:00:00,549,0,94
2024-05-17 11:00:00,963,0,116
2024-05-17 12:00:00,1235,0,138
2024-05-17 13:00:00,877,0,159
2024-05-17 14:00:00,760,0,174
2024-05-17 15:00:00,903,0,210
2024-05-17 16:00:00,1117,0,276
2024-05-17 17:00:00,1013,0,230
2024-05-17 18:00:00,1055,0,167
2024-05-17 19:00:00,836,0,133
2024-05-17 20:00:00,692,0,100
2024-05-17 21:00:00,577,0,68
2024-05-17 22:00:00,380,0,72
2024-05-17 23:00:00,200,0,34
2024-05-18 00:00:00,164,0,20
2024-05-18 01:00:00,100,0,9
2024-05-18 02:00:00,63,0,1
2024-05-18 03:00:00,35,0,6
2024-05-18 04:00:00,21,0,8
2024-05-18 05:00:00,43,0,15
2024-05-18 06:00:00,65,0,34
2024-05-18 07:00:00,175,0,60
2024-05-18 08:00:00,351,0,83
2024-05-18 09:00:00,564,0,103
2024-05-18 10:00:00,1031,0,108
2024-05-18 11:00:00,1004,0,140
2024-05-18 12:00:00,1343,0,128
2024-05-18 13:00:00,1280,0,142
2024-05-18 14:00:00,1240,0,131
2024-05-18 15:00:00,1266,0,105
2024-05-18 16:00:00,1209,0,133
2024-05-18 17:00:00,1030,0,102
2024-05-18 18:00:00,1012,0,123
2024-05-18 19:00:00,909,0,108
2024-05-18 20:00:00,742,0,55
2024-05-18 21:00:00,532,0,47
2024-05-18 22:00:00,258,0,47
2024-05-18 23:00:00,192,0,19
2024-05-19 00:00:00,157,0,22
2024-05-19 01:00:00,111,0,10
2024-05-19 02:00:00,38,0,7
2024-05-19 03:00:00,50,0,8
2024-05-19 04:00:00,42,0,5
2024-05-19 05:00:00,53,0,12
2024-05-19 06:00:00,98,0,26
2024-05-19 07:00:00,377,0,93
2024-05-19 08:00:00,727,0,154
2024-05-19 09:00:00,833,0,95
2024-05-19 10:00:00,1150,0,140
2024-05-19 11:00:00,1174,0,116
2024-05-19 12:00:00,1307,0,124
2024-05-19 13:00:00,1485,0,166
2024-05-19 14:00:00,1476,0,172
2024-05-19 15:00:00,1207,0,179
2024-05-19 16:00:00,994,0,185
2024-05-19 17:00:00,830,0,142
2024-05-19 18:00:00,791,0,102
2024-05-19 19:00:00,510,0,104
2024-05-19 20:00:00,485,0,67
2024-05-19 21:00:00,205,0,39
2024-05-19 22:00:00,150,0,17
2024-05-19 23:00:00,73,0,14
2024-05-20 00:00:00,32,0,5
2024-05-20 01:00:00,18,0,1
2024-05-20 02:00:00,10,0,3
2024-05-20 03:00:00,8,0,2
2024-05-20 04:00:00,22,0,7
2024-05-20 05:00:00,60,0,50
2024-05-20 06:00:00,263,0,181
2024-05-20 07:00:00,624,0,413
2024-05-20 08:00:00,521,0,186
2024-05-20 09:00:00,438,0,95
2024-05-20 10:00:00,502,0,83
2024-05-20 11:00:00,1191,0,106
2024-05-20 12:00:00,1518,0,120
2024-05-20 13:00:00,729,0,101
2024-05-20 14:00:00,864,0,142
2024-05-20 15:00:00,839,0,272
2024-05-20 16:00:00,1220,0,456
2024-05-20 17:00:00,1046,0,261
2024-05-20 18:00:00,673,0,136
2024-05-20 19:00:00,463,0,111
2024-05-20 20:00:00,410,0,72
2024-05-20 21:00:00,197,0,28
2024-05-20 22:00:00,113,0,26
2024-05-20 23:00:00,47,0,13
2024-05-21 00:00:00,29,0,4
2024-05-21 01:00:00,19,0,2
2024-05-21 02:00:00,7,0,3
2024-05-21 03:00:00,13,0,2
2024-05-21 04:00:00,35,0,10
2024-05-21 05:00:00,110,0,61
2024-05-21 06:00:00,347,0,193
2024-05-21 07:00:00,850,0,487
2024-05-21 08:00:00,483,0,209
2024-05-21 09:00:00,363,0,74
2024-05-21 10:00:00,480,0,66
2024-05-21 11:00:00,1181,0,104
2024-05-21 12:00:00,1425,0,129
2024-05-21 13:00:00,716,0,119
2024-05-21 14:00:00,607,0,115
2024-05-21 15:00:00,751,0,266
2024-05-21 16:00:00,1177,0,455
2024-05-21 17:00:00,1003,0,260
2024-05-21 18:00:00,484,0,129
2024-05-21 19:00:00,234,0,94
2024-05-21 20:00:00,113,0,41
2024-05-21 21:00:00,61,0,28
2024-05-21 22:00:00,23,0,15
2024-05-21 23:00:00,11,0,6
2024-05-22 00:00:00,10,0,2
2024-05-22 01:00:00,3,0,0
2024-05-22 02:00:00,5,0,0
2024-05-22 03:00:00,5,0,1
2024-05-22 04:00:00,21,0,12
2024-05-22 05:00:00,68,0,37
2024-05-22 06:00:00,305,0,158
2024-05-22 07:00:00,630,0,381
2024-05-22 08:00:00,388,0,182
2024-05-22 09:00:00,230,0,58
2024-05-22 10:00:00,378,0,38
2024-05-22 11:00:00,770,0,87
2024-05-22 12:00:00,963,0,106
2024-05-22 13:00:00,421,0,75
2024-05-22 14:00:00,419,0,111
2024-05-22 15:00:00,619,0,198
2024-05-22 16:00:00,1042,0,347
2024-05-22 17:00:00,784,0,199
2024-05-22 18:00:00,535,0,128
2024-05-22 19:00:00,413,0,113
2024-05-22 20:00:00,323,0,56
2024-05-22 21:00:00,216,0,20
2024-05-22 22:00:00,83,0,18
2024-05-22 23:00:00,65,0,5
2024-05-23 00:00:00,22,0,1
2024-05-23 01:00:00,23,0,2
2024-05-23 02:00:00,10,0,3
2024-05-23 03:00:00,21,0,2
2024-05-23 04:00:00,40,0,14
2024-05-23 05:00:00,66,0,40
2024-05-23 06:00:00,305,0,163
2024-05-23 07:00:00,697,0,403
2024-05-23 08:00:00,474,0,206
2024-05-23 09:00:00,316,0,88
2024-05-23 10:00:00,495,0,79
2024-05-23 11:00:00,941,0,96
2024-05-23 12:00:00,1108,0,98
2024-05-23 13:00:00,664,0,90
2024-05-23 14:00:00,585,0,127
2024-05-23 15:00:00,698,0,221
2024-05-23 16:00:00,1070,0,405
2024-05-23 17:00:00,807,0,236
2024-05-23 18:00:00,673,0,162
2024-05-23 19:00:00,505,0,112
2024-05-23 20:00:00,361,0,64
2024-05-23 21:00:00,330,0,56
2024-05-23 22:00:00,222,0,32
2024-05-23 23:00:00,114,0,16
2024-05-24 00:00:00,42,0,4
2024-05-24 01:00:00,35,0,1
2024-05-24 02:00:00,19,0,1
2024-05-24 03:00:00,13,0,3
2024-05-24 04:00:00,27,0,14
2024-05-24 05:00:00,61,0,43
2024-05-24 06:00:00,198,0,125
2024-05-24 07:00:00,463,0,253
2024-05-24 08:00:00,317,0,140
2024-05-24 09:00:00,337,0,67
2024-05-24 10:00:00,490,0,79
2024-05-24 11:00:00,861,0,118
2024-05-24 12:00:00,885,0,122
2024-05-24 13:00:00,703,0,126
2024-05-24 14:00:00,662,0,123
2024-05-24 15:00:00,812,0,157
2024-05-24 16:00:00,1083,0,249
2024-05-24 17:00:00,1124,0,193
2024-05-24 18:00:00,883,0,140
2024-05-24 19:00:00,795,0,104
2024-05-24 20:00:00,630,0,86
2024-05-24 21:00:00,463,1,53
2024-05-24 22:00:00,290,1,57
2024-05-24 23:00:00,210,0,29
2024-05-25 00:00:00,110,0,13
2024-05-25 01:00:00,71,0,8
2024-05-25 02:00:00,35,0,3
2024-05-25 03:00:00,33,0,7
2024-05-25 04:00:00,21,0,8
2024-05-25 05:00:00,37,0,11
2024-05-25 06:00:00,100,0,36
2024-05-25 07:00:00,175,0,66
2024-05-25 08:00:00,316,0,82
2024-05-25 09:00:00,598,0,93
2024-05-25 10:00:00,798,0,124
2024-05-25 11:00:00,1143,0,127
2024-05-25 12:00:00,1192,0,138
2024-05-25 13:00:00,1306,0,123
2024-05-25 14:00:00,1096,0,130
2024-05-25 15:00:00,1192,0,138
2024-05-25 16:00:00,1259,0,146
2024-05-25 17:00:00,1023,0,103
2024-05-25 18:00:00,875,0,110
2024-05-25 19:00:00,706,0,89
2024-05-25 20:00:00,350,0,50
2024-05-25 21:00:00,223,0,38
2024-05-25 22:00:00,176,0,49
2024-05-25 23:00:00,182,0,22
2024-05-26 00:00:00,41,0,5
2024-05-26 01:00:00,19,0,3
2024-05-26 02:00:00,11,0,2
2024-05-26 03:00:00,17,0,4
2024-05-26 04:00:00,42,0,6
2024-05-26 05:00:00,45,0,6
2024-05-26 06:00:00,52,0,14
2024-05-26 07:00:00,101,0,21
2024-05-26 08:00:00,194,0,66
2024-05-26 09:00:00,436,0,53
2024-05-26 10:00:00,667,0,57
2024-05-26 11:00:00,594,0,58
2024-05-26 12:00:00,301,0,56
2024-05-26 13:00:00,760,0,68
2024-05-26 14:00:00,697,0,76
2024-05-26 15:00:00,649,0,72
2024-05-26 16:00:00,808,0,60
2024-05-26 17:00:00,710,0,81
2024-05-26 18:00:00,640,0,65
2024-05-26 19:00:00,563,0,56
2024-05-26 20:00:00,342,0,51
2024-05-26 21:00:00,236,0,20
2024-05-26 22:00:00,275,0,15
2024-05-26 23:00:00,259,0,12
2024-05-27 00:00:00,61,0,2
2024-05-27 01:00:00,36,0,5
2024-05-27 02:00:00,35,0,8
2024-05-27 03:00:00,27,0,0
2024-05-27 04:00:00,16,0,6
2024-05-27 05:00:00,30,0,15
2024-05-27 06:00:00,72,0,19
2024-05-27 07:00:00,127,0,41
2024-05-27 08:00:00,265,0,61
2024-05-27 09:00:00,462,0,73
2024-05-27 10:00:00,632,0,93
2024-05-27 11:00:00,780,0,82
2024-05-27 12:00:00,867,0,117
2024-05-27 13:00:00,906,0,125
2024-05-27 14:00:00,896,0,104
2024-05-27 15:00:00,1052,0,129
2024-05-27 16:00:00,829,0,145
2024-05-27 17:00:00,768,0,85
2024-05-27 18:00:00,620,0,102
2024-05-27 19:00:00,445,0,70
2024-05-27 20:00:00,315,0,57
2024-05-27 21:00:00,192,0,29
2024-05-27 22:00:00,3,0,0
2024-05-27 23:00:00,37,0,1
2024-05-28 00:00:00,31,0,5
2024-05-28 01:00:00,14,0,0
2024-05-28 02:00:00,6,0,0
2024-05-28 03:00:00,6,0,1
2024-05-28 04:00:00,17,0,14
2024-05-28 05:00:00,39,0,36
2024-05-28 06:00:00,241,0,109
2024-05-28 07:00:00,583,0,275
2024-05-28 08:00:00,298,0,162
2024-05-28 09:00:00,332,0,40
2024-05-28 10:00:00,402,0,49
2024-05-28 11:00:00,896,0,66
2024-05-28 12:00:00,924,0,60
2024-05-28 13:00:00,568,0,84
2024-05-28 14:00:00,669,0,83
2024-05-28 15:00:00,828,0,151
2024-05-28 16:00:00,976,0,331
2024-05-28 17:00:00,799,0,162
2024-05-28 18:00:00,541,0,100
2024-05-28 19:00:00,316,0,74
2024-05-28 20:00:00,250,0,47
2024-05-28 21:00:00,129,0,14
2024-05-28 22:00:00,76,0,8
2024-05-28 23:00:00,22,0,3
2024-05-29 00:00:00,5,0,1
2024-05-29 01:00:00,9,0,3
2024-05-29 02:00:00,9,0,1
2024-05-29 03:00:00,11,0,1
2024-05-29 04:00:00,28,0,18
2024-05-29 05:00:00,67,0,41
2024-05-29 06:00:00,326,0,155
2024-05-29 07:00:00,743,0,339
2024-05-29 08:00:00,407,0,177
2024-05-29 09:00:00,432,0,77
2024-05-29 10:00:00,632,0,84
2024-05-29 11:00:00,1163,0,93
2024-05-29 12:00:00,1348,0,111
2024-05-29 13:00:00,818,0,96
2024-05-29 14:00:00,686,0,95
2024-05-29 15:00:00,871,0,210
2024-05-29 16:00:00,1289,0,420
2024-05-29 17:00:00,930,0,236
2024-05-29 18:00:00,731,0,145
2024-05-29 19:00:00,607,0,130
2024-05-29 20:00:00,385,0,71
2024-05-29 21:00:00,238,0,53
2024-05-29 22:00:00,158,0,16
2024-05-29 23:00:00,77,0,4
2024-05-30 00:00:00,35,0,3
2024-05-30 01:00:00,23,0,2
2024-05-30 02:00:00,17,0,5
2024-05-30 03:00:00,17,0,1
2024-05-30 04:00:00,25,0,12
2024-05-30 05:00:00,55,0,40
2024-05-30 06:00:00,249,0,111
2024-05-30 07:00:00,644,0,291
2024-05-30 08:00:00,449,0,189
2024-05-30 09:00:00,349,0,78
2024-05-30 10:00:00,497,0,81
2024-05-30 11:00:00,1028,0,96
2024-05-30 12:00:00,1244,0,98
2024-05-30 13:00:00,729,0,90
2024-05-30 14:00:00,744,0,89
2024-05-30 15:00:00,851,0,182
2024-05-30 16:00:00,1287,0,340
2024-05-30 17:00:00,881,0,211
2024-05-30 18:00:00,659,0,137
2024-05-30 19:00:00,504,0,100
2024-05-30 20:00:00,434,0,68
2024-05-30 21:00:00,301,0,49
2024-05-30 22:00:00,184,0,40
2024-05-30 23:00:00,93,0,12
2024-05-31 00:00:00,44,0,1
2024-05-31 01:00:00,28,0,4
2024-05-31 02:00:00,23,0,3
2024-05-31 03:00:00,21,0,1
2024-05-31 04:00:00,31,0,13
2024-05-31 05:00:00,72,0,43
2024-05-31 06:00:00,248,0,106
2024-05-31 07:00:00,515,0,217
2024-05-31 08:00:00,343,0,151
2024-05-31 09:00:00,448,0,84
2024-05-31 10:00:00,514,0,100
2024-05-31 11:00:00,970,0,105
2024-05-31 12:00:00,1191,0,123
2024-05-31 13:00:00,859,0,130
2024-05-31 14:00:00,788,0,112
2024-05-31 15:00:00,998,0,183
2024-05-31 16:00:00,1136,0,236
2024-05-31 17:00:00,963,0,183
2024-05-31 18:00:00,818,0,140
2024-05-31 19:00:00,690,0,98
2024-05-31 20:00:00,617,0,72
2024-05-31 21:00:00,539,0,60
2024-05-31 22:00:00,394,0,36
2024-05-31 23:00:00,267,0,40
2024-06-01 00:00:00,158,0,12
2024-06-01 01:00:00,104,0,4
2024-06-01 02:00:00,59,0,4
2024-06-01 03:00:00,61,0,8
2024-06-01 04:00:00,46,0,7
2024-06-01 05:00:00,28,0,14
2024-06-01 06:00:00,69,0,30
2024-06-01 07:00:00,167,0,57
2024-06-01 08:00:00,342,0,97
2024-06-01 09:00:00,528,0,78
2024-06-01 10:00:00,907,0,125
2024-06-01 11:00:00,1070,0,158
2024-06-01 12:00:00,1142,0,132
2024-06-01 13:00:00,1370,0,123
2024-06-01 14:00:00,1095,0,116
2024-06-01 15:00:00,1093,0,121
2024-06-01 16:00:00,1008,0,112
2024-06-01 17:00:00,1029,0,98
2024-06-01 18:00:00,835,0,115
2024-06-01 19:00:00,678,0,82
2024-06-01 20:00:00,556,0,49
2024-06-01 21:00:00,590,0,47
2024-06-01 22:00:00,340,0,55
2024-06-01 23:00:00,247,0,22
2024-06-02 00:00:00,143,0,16
2024-06-02 01:00:00,56,0,5
2024-06-02 02:00:00,72,0,8
2024-06-02 03:00:00,66,0,1
2024-06-02 04:00:00,27,0,8
2024-06-02 05:00:00,38,0,8
2024-06-02 06:00:00,62,0,21
2024-06-02 07:00:00,132,0,37
2024-06-02 08:00:00,238,0,79
2024-06-02 09:00:00,400,0,90
2024-06-02 10:00:00,605,0,114
2024-06-02 11:00:00,749,0,126
2024-06-02 12:00:00,837,0,138
2024-06-02 13:00:00,949,0,152
2024-06-02 14:00:00,882,0,181
2024-06-02 15:00:00,881,0,124
2024-06-02 16:00:00,792,0,172
2024-06-02 17:00:00,621,0,130
2024-06-02 18:00:00,585,0,104
2024-06-02 19:00:00,444,0,75
2024-06-02 20:00:00,339,0,64
2024-06-02 21:00:00,175,0,34
2024-06-02 22:00:00,84,0,20
2024-06-02 23:00:00,52,0,9
2024-06-03 00:00:00,34,0,6
2024-06-03 01:00:00,11,0,1
2024-06-03 02:00:00,10,0,2
2024-06-03 03:00:00,16,0,1
2024-06-03 04:00:00,20,0,11
2024-06-03 05:00:00,60,0,38
2024-06-03 06:00:00,271,0,177
2024-06-03 07:00:00,676,0,395
2024-06-03 08:00:00,378,0,190
2024-06-03 09:00:00,574,0,85
2024-06-03 10:00:00,405,0,75
2024-06-03 11:00:00,933,0,102
2024-06-03 12:00:00,999,0,117
2024-06-03 13:00:00,591,0,91
2024-06-03 14:00:00,570,0,128
2024-06-03 15:00:00,747,0,216
2024-06-03 16:00:00,1018,0,401
2024-06-03 17:00:00,711,0,213
2024-06-03 18:00:00,521,0,142
2024-06-03 19:00:00,379,0,102
2024-06-03 20:00:00,388,0,68
2024-06-03 21:00:00,163,0,29
2024-06-03 22:00:00,95,0,22
2024-06-03 23:00:00,44,0,5
2024-06-04 00:00:00,19,0,2
2024-06-04 01:00:00,14,0,2
2024-06-04 02:00:00,12,0,4
2024-06-04 03:00:00,9,0,0
2024-06-04 04:00:00,30,0,15
2024-06-04 05:00:00,87,0,52
2024-06-04 06:00:00,297,0,180
2024-06-04 07:00:00,738,0,443
2024-06-04 08:00:00,386,0,222
2024-06-04 09:00:00,348,0,82
2024-06-04 10:00:00,414,0,65
2024-06-04 11:00:00,845,0,82
2024-06-04 12:00:00,927,0,103
2024-06-04 13:00:00,468,0,99
2024-06-04 14:00:00,530,0,123
2024-06-04 15:00:00,724,0,237
2024-06-04 16:00:00,1078,0,404
2024-06-04 17:00:00,959,0,216
2024-06-04 18:00:00,704,0,125
2024-06-04 19:00:00,309,0,77
2024-06-04 20:00:00,277,0,62
2024-06-04 21:00:00,173,0,24
2024-06-04 22:00:00,93,0,15
2024-06-04 23:00:00,40,0,8
2024-06-05 00:00:00,32,0,6
2024-06-05 01:00:00,12,0,1
2024-06-05 02:00:00,9,0,1
2024-06-05 03:00:00,13,0,1
2024-06-05 04:00:00,39,0,13
2024-06-05 05:00:00,92,0,43
2024-06-05 06:00:00,322,0,203
2024-06-05 07:00:00,760,0,451
2024-06-05 08:00:00,457,0,234
2024-06-05 09:00:00,364,0,90
2024-06-05 10:00:00,462,0,89
2024-06-05 11:00:00,995,0,116
2024-06-05 12:00:00,1281,0,122
2024-06-05 13:00:00,642,0,103
2024-06-05 14:00:00,602,0,152
2024-06-05 15:00:00,774,0,262
2024-06-05 16:00:00,1233,0,456
2024-06-05 17:00:00,854,0,256
2024-06-05 18:00:00,647,0,165
2024-06-05 19:00:00,497,0,128
2024-06-05 20:00:00,403,0,89
2024-06-05 21:00:00,226,0,39
2024-06-05 22:00:00,119,0,22
2024-06-05 23:00:00,72,0,11
2024-06-06 00:00:00,33,0,6
2024-06-06 01:00:00,13,0,2
2024-06-06 02:00:00,10,0,1
2024-06-06 03:00:00,15,0,1
2024-06-06 04:00:00,17,0,11
2024-06-06 05:00:00,69,0,40
2024-06-06 06:00:00,304,0,182
2024-06-06 07:00:00,707,0,392
2024-06-06 08:00:00,436,0,210
2024-06-06 09:00:00,356,0,65
2024-06-06 10:00:00,397,0,74
2024-06-06 11:00:00,959,0,115
2024-06-06 12:00:00,1151,0,96
2024-06-06 13:00:00,649,0,109
2024-06-06 14:00:00,634,0,144
2024-06-06 15:00:00,693,0,222
2024-06-06 16:00:00,1222,0,399
2024-06-06 17:00:00,934,0,229
2024-06-06 18:00:00,718,0,161
2024-06-06 19:00:00,537,0,127
2024-06-06 20:00:00,386,0,110
2024-06-06 21:00:00,281,0,57
2024-06-06 22:00:00,183,0,45
2024-06-06 23:00:00,89,0,12
2024-06-07 00:00:00,39,0,4
2024-06-07 01:00:00,26,0,4
2024-06-07 02:00:00,26,0,3
2024-06-07 03:00:00,12,0,0
2024-06-07 04:00:00,23,0,15
2024-06-07 05:00:00,56,0,45
2024-06-07 06:00:00,237,0,142
2024-06-07 07:00:00,505,0,276
2024-06-07 08:00:00,332,0,168
2024-06-07 09:00:00,291,0,94
2024-06-07 10:00:00,451,0,84
2024-06-07 11:00:00,772,0,112
2024-06-07 12:00:00,827,0,110
2024-06-07 13:00:00,696,0,121
2024-06-07 14:00:00,622,0,186
2024-06-07 15:00:00,822,0,203
2024-06-07 16:00:00,1168,0,281
2024-06-07 17:00:00,843,0,183
2024-06-07 18:00:00,728,0,146
2024-06-07 19:00:00,462,0,95
2024-06-07 20:00:00,467,0,83
2024-06-07 21:00:00,460,0,48
2024-06-07 22:00:00,346,0,44
2024-06-07 23:00:00,189,0,27
2024-06-08 00:00:00,140,0,11
2024-06-08 01:00:00,89,0,7
2024-06-08 02:00:00,31,0,5
2024-06-08 03:00:00,30,0,1
2024-06-08 04:00:00,30,0,8
2024-06-08 05:00:00,43,0,13
2024-06-08 06:00:00,50,0,26
2024-06-08 07:00:00,178,0,46
2024-06-08 08:00:00,309,0,70
2024-06-08 09:00:00,451,0,88
2024-06-08 10:00:00,741,0,109
2024-06-08 11:00:00,902,0,102
2024-06-08 12:00:00,1106,0,110
2024-06-08 13:00:00,1064,0,117
2024-06-08 14:00:00,1106,0,122
2024-06-08 15:00:00,1292,0,120
2024-06-08 16:00:00,1124,0,113
2024-06-08 17:00:00,1099,0,102
2024-06-08 18:00:00,885,0,102
2024-06-08 19:00:00,735,0,82
2024-06-08 20:00:00,732,0,81
2024-06-08 21:00:00,553,0,42
2024-06-08 22:00:00,425,0,29
2024-06-08 23:00:00,283,0,19
2024-06-09 00:00:00,117,0,16
2024-06-09 01:00:00,87,0,8
2024-06-09 02:00:00,68,0,5
2024-06-09 03:00:00,48,0,4
2024-06-09 04:00:00,28,0,5
2024-06-09 05:00:00,33,0,10
2024-06-09 06:00:00,67,0,14
2024-06-09 07:00:00,83,0,42
2024-06-09 08:00:00,211,0,87
2024-06-09 09:00:00,494,0,87
2024-06-09 10:00:00,638,0,99
2024-06-09 11:00:00,690,0,108
2024-06-09 12:00:00,657,0,112
2024-06-09 13:00:00,754,0,120
2024-06-09 14:00:00,752,0,86
2024-06-09 15:00:00,725,0,120
2024-06-09 16:00:00,591,0,111
2024-06-09 17:00:00,446,0,78
2024-06-09 18:00:00,355,0,65
2024-06-09 19:00:00,255,0,51
2024-06-09 20:00:00,207,0,24
2024-06-09 21:00:00,140,0,16
2024-06-09 22:00:00,135,0,19
2024-06-09 23:00:00,32,0,7
2024-06-10 00:00:00,4,0,3
2024-06-10 01:00:00,13,0,0
2024-06-10 02:00:00,8,0,1
2024-06-10 03:00:00,9,0,2
2024-06-10 04:00:00,19,0,8
2024-06-10 05:00:00,64,0,37
2024-06-10 06:00:00,269,0,156
2024-06-10 07:00:00,625,0,392
2024-06-10 08:00:00,392,0,189
2024-06-10 09:00:00,387,0,91
2024-06-10 10:00:00,500,0,70
2024-06-10 11:00:00,931,0,103
2024-06-10 12:00:00,1133,0,111
2024-06-10 13:00:00,604,0,81
2024-06-10 14:00:00,529,0,121
2024-06-10 15:00:00,696,0,216
2024-06-10 16:00:00,959,0,357
2024-06-10 17:00:00,730,0,242
2024-06-10 18:00:00,474,0,123
2024-06-10 19:00:00,404,0,95
2024-06-10 20:00:00,283,0,66
2024-06-10 21:00:00,196,0,38
2024-06-10 22:00:00,97,0,18
2024-06-10 23:00:00,46,0,8
2024-06-11 00:00:00,22,0,3
2024-06-11 01:00:00,10,0,1
2024-06-11 02:00:00,13,0,1
2024-06-11 03:00:00,10,0,2
2024-06-11 04:00:00,24,0,13
2024-06-11 05:00:00,93,0,57
2024-06-11 06:00:00,360,0,208
2024-06-11 07:00:00,775,0,468
2024-06-11 08:00:00,452,0,205
2024-06-11 09:00:00,356,0,77
2024-06-11 10:00:00,418,0,85
2024-06-11 11:00:00,926,0,106
2024-06-11 12:00:00,1279,0,120
2024-06-11 13:00:00,579,0,120
2024-06-11 14:00:00,559,0,137
2024-06-11 15:00:00,726,0,253
2024-06-11 16:00:00,1014,0,481
2024-06-11 17:00:00,1057,0,245
2024-06-11 18:00:00,784,0,119
2024-06-11 19:00:00,417,0,108
2024-06-11 20:00:00,323,0,72
2024-06-11 21:00:00,212,0,36
2024-06-11 22:00:00,100,0,20
2024-06-11 23:00:00,48,0,5
2024-06-12 00:00:00,17,0,2
2024-06-12 01:00:00,12,0,4
2024-06-12 02:00:00,4,0,2
2024-06-12 03:00:00,14,0,1
2024-06-12 04:00:00,21,0,17
2024-06-12 05:00:00,83,0,55
2024-06-12 06:00:00,326,0,168
2024-06-12 07:00:00,731,0,402
2024-06-12 08:00:00,378,0,229
2024-06-12 09:00:00,296,0,100
2024-06-12 10:00:00,467,0,89
2024-06-12 11:00:00,1051,0,115
2024-06-12 12:00:00,1201,0,142
2024-06-12 13:00:00,586,0,111
2024-06-12 14:00:00,575,0,167
2024-06-12 15:00:00,693,0,261
2024-06-12 16:00:00,1110,0,419
2024-06-12 17:00:00,876,0,259
2024-06-12 18:00:00,586,0,151
2024-06-12 19:00:00,494,0,133
2024-06-12 20:00:00,335,0,72
2024-06-12 21:00:00,278,0,83
2024-06-12 22:00:00,97,0,26
2024-06-12 23:00:00,86,0,6
2024-06-13 00:00:00,17,0,2
2024-06-13 01:00:00,6,0,1
2024-06-13 02:00:00,8,0,1
2024-06-13 03:00:00,7,0,3
2024-06-13 04:00:00,14,0,11
2024-06-13 05:00:00,66,0,41
2024-06-13 06:00:00,310,0,137
2024-06-13 07:00:00,684,0,350
2024-06-13 08:00:00,385,0,196
2024-06-13 09:00:00,312,0,87
2024-06-13 10:00:00,378,0,71
2024-06-13 11:00:00,839,0,101
2024-06-13 12:00:00,737,0,84
2024-06-13 13:00:00,493,0,79
2024-06-13 14:00:00,476,0,116
2024-06-13 15:00:00,615,0,176
2024-06-13 16:00:00,957,0,298
2024-06-13 17:00:00,713,0,170
2024-06-13 18:00:00,452,0,104
2024-06-13 19:00:00,339,0,77
2024-06-13 20:00:00,268,0,62
2024-06-13 21:00:00,171,0,44
2024-06-13 22:00:00,86,0,19
2024-06-13 23:00:00,39,0,8
2024-06-14 00:00:00,18,0,2
2024-06-14 01:00:00,9,0,2
2024-06-14 02:00:00,10,0,0
2024-06-14 03:00:00,10,0,2
2024-06-14 04:00:00,21,0,13
2024-06-14 05:00:00,61,0,53
2024-06-14 06:00:00,255,0,125
2024-06-14 07:00:00,536,0,237
2024-06-14 08:00:00,366,0,167
2024-06-14 09:00:00,381,0,63
2024-06-14 10:00:00,536,0,87
2024-06-14 11:00:00,682,0,81
2024-06-14 12:00:00,742,0,107
2024-06-14 13:00:00,714,0,98
2024-06-14 14:00:00,485,0,149
2024-06-14 15:00:00,706,0,166
2024-06-14 16:00:00,784,0,201
2024-06-14 17:00:00,728,0,136
2024-06-14 18:00:00,636,0,88
2024-06-14 19:00:00,444,0,56
2024-06-14 20:00:00,420,0,46
2024-06-14 21:00:00,193,0,30
2024-06-14 22:00:00,127,0,21
2024-06-14 23:00:00,75,0,10
2024-06-15 00:00:00,45,0,5
2024-06-15 01:00:00,21,0,4
2024-06-15 02:00:00,29,0,0
2024-06-15 03:00:00,21,0,5
2024-06-15 04:00:00,36,0,6
2024-06-15 05:00:00,41,0,11
2024-06-15 06:00:00,63,0,20
2024-06-15 07:00:00,123,0,42
2024-06-15 08:00:00,236,0,43
2024-06-15 09:00:00,454,0,55
2024-06-15 10:00:00,680,0,82
2024-06-15 11:00:00,962,0,103
2024-06-15 12:00:00,1179,0,92
2024-06-15 13:00:00,1220,0,122
2024-06-15 14:00:00,1360,0,117
2024-06-15 15:00:00,1104,0,98
2024-06-15 16:00:00,909,0,105
2024-06-15 17:00:00,864,0,80
2024-06-15 18:00:00,652,0,59
2024-06-15 19:00:00,381,0,52
2024-06-15 20:00:00,475,0,28
2024-06-15 21:00:00,332,0,30
2024-06-15 22:00:00,215,0,17
2024-06-15 23:00:00,108,0,8
2024-06-16 00:00:00,58,0,4
2024-06-16 01:00:00,58,0,7
2024-06-16 02:00:00,38,0,1
2024-06-16 03:00:00,41,0,6
2024-06-16 04:00:00,15,0,7
2024-06-16 05:00:00,47,0,6
2024-06-16 06:00:00,83,0,18
2024-06-16 07:00:00,107,0,44
2024-06-16 08:00:00,239,0,52
2024-06-16 09:00:00,412,0,77
2024-06-16 10:00:00,740,0,100
2024-06-16 11:00:00,803,0,143
2024-06-16 12:00:00,844,0,147
2024-06-16 13:00:00,912,0,86
2024-06-16 14:00:00,929,0,135
2024-06-16 15:00:00,906,0,166
2024-06-16 16:00:00,804,0,132
2024-06-16 17:00:00,634,0,143
2024-06-16 18:00:00,572,0,128
2024-06-16 19:00:00,373,0,58
2024-06-16 20:00:00,272,0,53
2024-06-16 21:00:00,276,0,80
2024-06-16 22:00:00,102,0,17
2024-06-16 23:00:00,37,0,5
2024-06-17 00:00:00,27,0,4
2024-06-17 01:00:00,22,0,0
2024-06-17 02:00:00,9,0,1
2024-06-17 03:00:00,10,0,3
2024-06-17 04:00:00,17,0,9
2024-06-17 05:00:00,76,0,54
2024-06-17 06:00:00,249,0,181
2024-06-17 07:00:00,652,0,374
2024-06-17 08:00:00,326,0,172
2024-06-17 09:00:00,329,0,82
2024-06-17 10:00:00,364,0,65
2024-06-17 11:00:00,1004,0,98
2024-06-17 12:00:00,1235,0,102
2024-06-17 13:00:00,654,0,100
2024-06-17 14:00:00,839,0,126
2024-06-17 15:00:00,819,0,222
2024-06-17 16:00:00,1150,0,426
2024-06-17 17:00:00,905,0,299
2024-06-17 18:00:00,600,0,158
2024-06-17 19:00:00,466,0,94
2024-06-17 20:00:00,418,0,101
2024-06-17 21:00:00,203,0,44
2024-06-17 22:00:00,102,0,18
2024-06-17 23:00:00,26,0,4
2024-06-18 00:00:00,19,0,3
2024-06-18 01:00:00,11,0,1
2024-06-18 02:00:00,9,0,2
2024-06-18 03:00:00,9,0,1
2024-06-18 04:00:00,17,0,9
2024-06-18 05:00:00,77,0,55
2024-06-18 06:00:00,330,0,201
2024-06-18 07:00:00,787,0,419
2024-06-18 08:00:00,387,0,228
2024-06-18 09:00:00,371,0,120
2024-06-18 10:00:00,392,0,89
2024-06-18 11:00:00,985,0,90
2024-06-18 12:00:00,1166,0,99
2024-06-18 13:00:00,628,0,107
2024-06-18 14:00:00,541,0,152
2024-06-18 15:00:00,689,0,277
2024-06-18 16:00:00,1172,0,480
2024-06-18 17:00:00,1133,0,298
2024-06-18 18:00:00,847,0,171
2024-06-18 19:00:00,474,0,135
2024-06-18 20:00:00,326,0,97
2024-06-18 21:00:00,244,0,54
2024-06-18 22:00:00,78,0,17
2024-06-18 23:00:00,55,0,8
2024-06-19 00:00:00,14,0,2
2024-06-19 01:00:00,15,0,0
2024-06-19 02:00:00,17,0,2
2024-06-19 03:00:00,17,0,1
2024-06-19 04:00:00,34,0,15
2024-06-19 05:00:00,57,0,54
2024-06-19 06:00:00,349,0,177
2024-06-19 07:00:00,691,0,425
2024-06-19 08:00:00,360,0,209
2024-06-19 09:00:00,335,0,86
2024-06-19 10:00:00,419,0,79
2024-06-19 11:00:00,989,0,106
2024-06-19 12:00:00,1176,0,114
2024-06-19 13:00:00,940,0,107
2024-06-19 14:00:00,590,0,160
2024-06-19 15:00:00,771,0,252
2024-06-19 16:00:00,1150,0,461
2024-06-19 17:00:00,1031,0,254
2024-06-19 18:00:00,765,0,194
2024-06-19 19:00:00,468,0,121
2024-06-19 20:00:00,380,0,97
2024-06-19 21:00:00,337,0,64
2024-06-19 22:00:00,130,0,35
2024-06-19 23:00:00,62,0,6
2024-06-20 00:00:00,22,0,4
2024-06-20 01:00:00,13,0,6
2024-06-20 02:00:00,10,0,4
2024-06-20 03:00:00,15,0,0
2024-06-20 04:00:00,23,0,13
2024-06-20 05:00:00,83,0,50
2024-06-20 06:00:00,322,0,175
2024-06-20 07:00:00,665,0,396
2024-06-20 08:00:00,422,0,244
2024-06-20 09:00:00,372,0,102
2024-06-20 10:00:00,375,0,87
2024-06-20 11:00:00,1037,0,142
2024-06-20 12:00:00,1205,0,117
2024-06-20 13:00:00,731,0,128
2024-06-20 14:00:00,582,0,158
2024-06-20 15:00:00,873,0,323
2024-06-20 16:00:00,1005,0,319
2024-06-20 17:00:00,706,0,205
2024-06-20 18:00:00,894,0,215
2024-06-20 19:00:00,628,0,116
2024-06-20 20:00:00,505,0,116
2024-06-20 21:00:00,353,0,57
2024-06-20 22:00:00,160,0,27
2024-06-20 23:00:00,71,0,18
2024-06-21 00:00:00,83,0,7
2024-06-21 01:00:00,22,0,3
2024-06-21 02:00:00,11,0,1
2024-06-21 03:00:00,14,0,4
2024-06-21 04:00:00,48,0,11
2024-06-21 05:00:00,86,0,44
2024-06-21 06:00:00,224,0,127
2024-06-21 07:00:00,488,0,252
2024-06-21 08:00:00,314,0,166
2024-06-21 09:00:00,379,0,87
2024-06-21 10:00:00,493,0,105
2024-06-21 11:00:00,751,0,123
2024-06-21 12:00:00,955,0,142
2024-06-21 13:00:00,735,0,127
2024-06-21 14:00:00,738,0,163
2024-06-21 15:00:00,744,0,215
2024-06-21 16:00:00,947,0,280
2024-06-21 17:00:00,853,0,185
2024-06-21 18:00:00,703,0,144
2024-06-21 19:00:00,577,0,85
2024-06-21 20:00:00,380,0,87
2024-06-21 21:00:00,310,1,64
2024-06-21 22:00:00,218,0,43
2024-06-21 23:00:00,127,0,22
2024-06-22 00:00:00,73,0,11
2024-06-22 01:00:00,52,0,4
2024-06-22 02:00:00,35,0,3
2024-06-22 03:00:00,25,0,9
2024-06-22 04:00:00,22,0,8
2024-06-22 05:00:00,41,0,14
2024-06-22 06:00:00,71,0,23
2024-06-22 07:00:00,151,0,47
2024-06-22 08:00:00,274,0,97
2024-06-22 09:00:00,477,0,108
2024-06-22 10:00:00,809,0,118
2024-06-22 11:00:00,915,0,141
2024-06-22 12:00:00,923,0,124
2024-06-22 13:00:00,987,0,117
2024-06-22 14:00:00,1104,0,113
2024-06-22 15:00:00,1137,0,127
2024-06-22 16:00:00,1241,0,152
2024-06-22 17:00:00,1024,0,145
2024-06-22 18:00:00,1027,0,116
2024-06-22 19:00:00,739,0,84
2024-06-22 20:00:00,593,0,73
2024-06-22 21:00:00,506,0,65
2024-06-22 22:00:00,332,2,52
2024-06-22 23:00:00,199,0,28
2024-06-23 00:00:00,139,0,10
2024-06-23 01:00:00,94,0,3
2024-06-23 02:00:00,40,0,4
2024-06-23 03:00:00,32,0,5
2024-06-23 04:00:00,20,0,7
2024-06-23 05:00:00,22,0,13
2024-06-23 06:00:00,64,0,13
2024-06-23 07:00:00,80,0,38
2024-06-23 08:00:00,158,0,63
2024-06-23 09:00:00,430,0,92
2024-06-23 10:00:00,538,0,90
2024-06-23 11:00:00,621,0,120
2024-06-23 12:00:00,834,0,153
2024-06-23 13:00:00,816,0,159
2024-06-23 14:00:00,761,0,114
2024-06-23 15:00:00,774,0,156
2024-06-23 16:00:00,694,0,156
2024-06-23 17:00:00,597,0,159
2024-06-23 18:00:00,526,0,94
2024-06-23 19:00:00,357,0,80
2024-06-23 20:00:00,252,0,57
2024-06-23 21:00:00,204,0,46
2024-06-23 22:00:00,137,1,22
2024-06-23 23:00:00,57,1,11
2024-06-24 00:00:00,24,0,0
2024-06-24 01:00:00,32,0,1
2024-06-24 02:00:00,9,0,1
2024-06-24 03:00:00,13,0,4
2024-06-24 04:00:00,23,0,9
2024-06-24 05:00:00,66,0,48
2024-06-24 06:00:00,290,0,174
2024-06-24 07:00:00,702,0,332
2024-06-24 08:00:00,356,0,177
2024-06-24 09:00:00,580,0,65
2024-06-24 10:00:00,368,0,82
2024-06-24 11:00:00,953,0,87
2024-06-24 12:00:00,1114,0,97
2024-06-24 13:00:00,611,0,87
2024-06-24 14:00:00,618,0,147
2024-06-24 15:00:00,706,0,181
2024-06-24 16:00:00,995,0,401
2024-06-24 17:00:00,730,0,214
2024-06-24 18:00:00,505,0,133
2024-06-24 19:00:00,471,0,102
2024-06-24 20:00:00,307,0,88
2024-06-24 21:00:00,193,0,42
2024-06-24 22:00:00,74,0,21
2024-06-24 23:00:00,40,0,5
2024-06-25 00:00:00,21,0,2
2024-06-25 01:00:00,9,0,0
2024-06-25 02:00:00,10,0,2
2024-06-25 03:00:00,14,0,2
2024-06-25 04:00:00,16,0,14
2024-06-25 05:00:00,108,0,62
2024-06-25 06:00:00,345,0,166
2024-06-25 07:00:00,739,0,408
2024-06-25 08:00:00,440,0,244
2024-06-25 09:00:00,357,0,98
2024-06-25 10:00:00,423,0,110
2024-06-25 11:00:00,1122,0,100
2024-06-25 12:00:00,1357,0,113
2024-06-25 13:00:00,679,0,115
2024-06-25 14:00:00,573,0,149
2024-06-25 15:00:00,776,0,274
2024-06-25 16:00:00,1217,0,453
2024-06-25 17:00:00,1032,0,278
2024-06-25 18:00:00,865,0,192
2024-06-25 19:00:00,521,0,115
2024-06-25 20:00:00,378,0,88
2024-06-25 21:00:00,376,0,85
2024-06-25 22:00:00,181,0,23
2024-06-25 23:00:00,105,0,15
2024-06-26 00:00:00,33,0,11
2024-06-26 01:00:00,11,0,2
2024-06-26 02:00:00,15,0,2
2024-06-26 03:00:00,11,0,3
2024-06-26 04:00:00,27,0,16
2024-06-26 05:00:00,83,0,48
2024-06-26 06:00:00,332,0,181
2024-06-26 07:00:00,700,0,398
2024-06-26 08:00:00,398,0,194
2024-06-26 09:00:00,331,0,100
2024-06-26 10:00:00,380,0,85
2024-06-26 11:00:00,1002,0,118
2024-06-26 12:00:00,1246,0,130
2024-06-26 13:00:00,720,0,100
2024-06-26 14:00:00,564,0,154
2024-06-26 15:00:00,751,0,262
2024-06-26 16:00:00,1140,0,418
2024-06-26 17:00:00,866,0,273
2024-06-26 18:00:00,740,0,185
2024-06-26 19:00:00,540,0,167
2024-06-26 20:00:00,401,0,106
2024-06-26 21:00:00,363,0,86
2024-06-26 22:00:00,138,0,25
2024-06-26 23:00:00,48,0,6
2024-06-27 00:00:00,17,0,3
2024-06-27 01:00:00,12,0,3
2024-06-27 02:00:00,10,0,3
2024-06-27 03:00:00,15,0,3
2024-06-27 04:00:00,18,0,13
2024-06-27 05:00:00,75,0,56
2024-06-27 06:00:00,290,0,144
2024-06-27 07:00:00,563,0,356
2024-06-27 08:00:00,376,0,218
2024-06-27 09:00:00,301,0,74
2024-06-27 10:00:00,390,0,69
2024-06-27 11:00:00,828,0,102
2024-06-27 12:00:00,1027,0,108
2024-06-27 13:00:00,660,0,123
2024-06-27 14:00:00,637,0,134
2024-06-27 15:00:00,714,0,235
2024-06-27 16:00:00,1013,0,344
2024-06-27 17:00:00,764,0,214
2024-06-27 18:00:00,549,0,127
2024-06-27 19:00:00,431,0,100
2024-06-27 20:00:00,392,0,87
2024-06-27 21:00:00,252,1,53
2024-06-27 22:00:00,128,0,27
2024-06-27 23:00:00,44,0,9
2024-06-28 00:00:00,34,0,3
2024-06-28 01:00:00,20,0,1
2024-06-28 02:00:00,17,0,1
2024-06-28 03:00:00,17,0,3
2024-06-28 04:00:00,21,0,15
2024-06-28 05:00:00,72,0,42
2024-06-28 06:00:00,229,0,134
2024-06-28 07:00:00,482,0,247
2024-06-28 08:00:00,304,0,167
2024-06-28 09:00:00,342,0,85
2024-06-28 10:00:00,464,0,71
2024-06-28 11:00:00,751,0,110
2024-06-28 12:00:00,792,0,77
2024-06-28 13:00:00,611,0,116
2024-06-28 14:00:00,605,0,134
2024-06-28 15:00:00,834,0,189
2024-06-28 16:00:00,1004,0,281
2024-06-28 17:00:00,865,0,209
2024-06-28 18:00:00,779,0,136
2024-06-28 19:00:00,626,0,118
2024-06-28 20:00:00,579,0,97
2024-06-28 21:00:00,449,0,72
2024-06-28 22:00:00,310,1,56
2024-06-28 23:00:00,167,0,22
2024-06-29 00:00:00,102,0,14
2024-06-29 01:00:00,54,0,8
2024-06-29 02:00:00,38,0,3
2024-06-29 03:00:00,40,0,7
2024-06-29 04:00:00,26,0,7
2024-06-29 05:00:00,33,0,13
2024-06-29 06:00:00,56,0,24
2024-06-29 07:00:00,142,0,47
2024-06-29 08:00:00,230,0,69
2024-06-29 09:00:00,478,0,94
2024-06-29 10:00:00,839,0,87
2024-06-29 11:00:00,943,0,122
2024-06-29 12:00:00,1048,0,122
2024-06-29 13:00:00,1123,0,137
2024-06-29 14:00:00,1254,0,125
2024-06-29 15:00:00,1060,0,160
2024-06-29 16:00:00,987,0,145
2024-06-29 17:00:00,954,0,128
2024-06-29 18:00:00,865,0,95
2024-06-29 19:00:00,793,0,93
2024-06-29 20:00:00,628,0,76
2024-06-29 21:00:00,452,0,51
2024-06-29 22:00:00,339,0,41
2024-06-29 23:00:00,189,0,17
2024-06-30 00:00:00,113,0,16
2024-06-30 01:00:00,82,0,5
2024-06-30 02:00:00,55,0,5
2024-06-30 03:00:00,48,0,4
2024-06-30 04:00:00,28,0,10
2024-06-30 05:00:00,29,0,5
2024-06-30 06:00:00,59,0,15
2024-06-30 07:00:00,100,0,32
2024-06-30 08:00:00,185,0,82
2024-06-30 09:00:00,305,0,68
2024-06-30 10:00:00,475,0,82
2024-06-30 11:00:00,705,0,94
2024-06-30 12:00:00,682,0,100
2024-06-30 13:00:00,613,0,95
2024-06-30 14:00:00,750,0,117
2024-06-30 15:00:00,668,0,147
2024-06-30 16:00:00,579,0,76
2024-06-30 17:00:00,402,0,71
2024-06-30 18:00:00,355,0,80
2024-06-30 19:00:00,322,0,59
2024-06-30 20:00:00,230,0,47
2024-06-30 21:00:00,184,0,26
2024-06-30 22:00:00,71,0,9
2024-06-30 23:00:00,41,0,9
2024-07-01 00:00:00,20,0,1
2024-07-01 01:00:00,7,0,2
2024-07-01 02:00:00,12,0,2
2024-07-01 03:00:00,11,0,2
2024-07-01 04:00:00,22,0,13
2024-07-01 05:00:00,59,0,42
2024-07-01 06:00:00,248,0,173
2024-07-01 07:00:00,585,0,310
2024-07-01 08:00:00,406,0,163
2024-07-01 09:00:00,332,0,83
2024-07-01 10:00:00,430,0,61
2024-07-01 11:00:00,842,0,73
2024-07-01 12:00:00,895,0,93
2024-07-01 13:00:00,560,0,96
2024-07-01 14:00:00,569,0,104
2024-07-01 15:00:00,780,0,212
2024-07-01 16:00:00,969,0,370
2024-07-01 17:00:00,760,0,225
2024-07-01 18:00:00,586,0,151
2024-07-01 19:00:00,390,0,103
2024-07-01 20:00:00,286,0,73
2024-07-01 21:00:00,157,0,42
2024-07-01 22:00:00,50,0,13
2024-07-01 23:00:00,19,0,5
2024-07-02 00:00:00,10,0,0
2024-07-02 01:00:00,3,0,0
2024-07-02 02:00:00,11,0,1
2024-07-02 03:00:00,11,0,2
2024-07-02 04:00:00,23,0,11
2024-07-02 05:00:00,109,0,61
2024-07-02 06:00:00,322,0,173
2024-07-02 07:00:00,755,0,409
2024-07-02 08:00:00,387,0,210
2024-07-02 09:00:00,341,0,73
2024-07-02 10:00:00,397,0,95
2024-07-02 11:00:00,1019,0,111
2024-07-02 12:00:00,1099,0,125
2024-07-02 13:00:00,546,0,98
2024-07-02 14:00:00,567,0,137
2024-07-02 15:00:00,759,0,232
2024-07-02 16:00:00,1109,0,457
2024-07-02 17:00:00,1110,0,288
2024-07-02 18:00:00,804,0,164
2024-07-02 19:00:00,472,0,97
2024-07-02 20:00:00,367,0,75
2024-07-02 21:00:00,212,0,48
2024-07-02 22:00:00,112,0,19
2024-07-02 23:00:00,30,0,3
2024-07-03 00:00:00,18,0,3
2024-07-03 01:00:00,15,0,2
2024-07-03 02:00:00,7,0,0
2024-07-03 03:00:00,13,0,2
2024-07-03 04:00:00,26,0,14
2024-07-03 05:00:00,76,0,61
2024-07-03 06:00:00,321,0,169
2024-07-03 07:00:00,623,0,386
2024-07-03 08:00:00,340,0,199
2024-07-03 09:00:00,257,0,61
2024-07-03 10:00:00,284,0,53
2024-07-03 11:00:00,718,0,98
2024-07-03 12:00:00,788,0,102
2024-07-03 13:00:00,506,0,101
2024-07-03 14:00:00,536,0,147
2024-07-03 15:00:00,702,0,203
2024-07-03 16:00:00,1036,0,403
2024-07-03 17:00:00,777,0,240
2024-07-03 18:00:00,580,0,168
2024-07-03 19:00:00,453,0,105
2024-07-03 20:00:00,391,0,87
2024-07-03 21:00:00,240,0,51
2024-07-03 22:00:00,113,0,15
2024-07-03 23:00:00,67,0,7
2024-07-04 00:00:00,16,0,4
2024-07-04 01:00:00,15,0,0
2024-07-04 02:00:00,13,0,0
2024-07-04 03:00:00,9,0,3
2024-07-04 04:00:00,20,0,13
2024-07-04 05:00:00,83,0,50
2024-07-04 06:00:00,311,0,155
2024-07-04 07:00:00,754,0,369
2024-07-04 08:00:00,412,0,237
2024-07-04 09:00:00,326,0,97
2024-07-04 10:00:00,395,0,79
2024-07-04 11:00:00,1009,0,118
2024-07-04 12:00:00,1280,0,121
2024-07-04 13:00:00,658,0,103
2024-07-04 14:00:00,625,0,160
2024-07-04 15:00:00,743,0,258
2024-07-04 16:00:00,1137,0,425
2024-07-04 17:00:00,889,0,253
2024-07-04 18:00:00,644,0,168
2024-07-04 19:00:00,372,0,89
2024-07-04 20:00:00,235,0,104
2024-07-04 21:00:00,138,0,31
2024-07-04 22:00:00,79,0,17
2024-07-04 23:00:00,42,1,5
2024-07-05 00:00:00,56,0,3
2024-07-05 01:00:00,22,0,1
2024-07-05 02:00:00,20,0,2
2024-07-05 03:00:00,13,0,5
2024-07-05 04:00:00,17,0,14
2024-07-05 05:00:00,43,0,38
2024-07-05 06:00:00,184,0,105
2024-07-05 07:00:00,399,0,163
2024-07-05 08:00:00,237,0,124
2024-07-05 09:00:00,284,0,55
2024-07-05 10:00:00,408,0,60
2024-07-05 11:00:00,659,0,81
2024-07-05 12:00:00,836,0,90
2024-07-05 13:00:00,646,0,113
2024-07-05 14:00:00,480,0,114
2024-07-05 15:00:00,642,0,136
2024-07-05 16:00:00,667,0,187
2024-07-05 17:00:00,453,0,100
2024-07-05 18:00:00,392,0,92
2024-07-05 19:00:00,302,0,53
2024-07-05 20:00:00,257,0,40
2024-07-05 21:00:00,161,0,14
2024-07-05 22:00:00,151,0,16
2024-07-05 23:00:00,86,0,6
2024-07-06 00:00:00,37,0,1
2024-07-06 01:00:00,11,0,3
2024-07-06 02:00:00,11,0,4
2024-07-06 03:00:00,15,0,1
2024-07-06 04:00:00,18,0,5
2024-07-06 05:00:00,16,0,2
2024-07-06 06:00:00,35,0,10
2024-07-06 07:00:00,44,0,17
2024-07-06 08:00:00,103,0,23
2024-07-06 09:00:00,200,0,22
2024-07-06 10:00:00,269,0,29
2024-07-06 11:00:00,452,0,44
2024-07-06 12:00:00,431,0,32
2024-07-06 13:00:00,465,0,59
2024-07-06 14:00:00,453,0,63
2024-07-06 15:00:00,546,0,58
2024-07-06 16:00:00,574,0,66
2024-07-06 17:00:00,668,0,86
2024-07-06 18:00:00,573,0,97
2024-07-06 19:00:00,900,0,71
2024-07-06 20:00:00,597,0,53
2024-07-06 21:00:00,419,0,67
2024-07-06 22:00:00,264,0,16
2024-07-06 23:00:00,115,0,12
2024-07-07 00:00:00,21,0,0
2024-07-07 01:00:00,53,0,3
2024-07-07 02:00:00,40,0,0
2024-07-07 03:00:00,32,0,5
2024-07-07 04:00:00,30,0,8
2024-07-07 05:00:00,16,0,9
2024-07-07 06:00:00,53,0,17
2024-07-07 07:00:00,95,0,28
2024-07-07 08:00:00,145,0,45
2024-07-07 09:00:00,278,0,50
2024-07-07 10:00:00,428,0,76
2024-07-07 11:00:00,632,0,76
2024-07-07 12:00:00,775,0,140
2024-07-07 13:00:00,801,0,104
2024-07-07 14:00:00,772,0,92
2024-07-07 15:00:00,811,0,127
2024-07-07 16:00:00,676,0,123
2024-07-07 17:00:00,536,0,122
2024-07-07 18:00:00,454,0,93
2024-07-07 19:00:00,337,0,76
2024-07-07 20:00:00,238,0,55
2024-07-07 21:00:00,104,0,37
2024-07-07 22:00:00,50,0,8
2024-07-07 23:00:00,44,0,3
2024-07-08 00:00:00,12,0,4
2024-07-08 01:00:00,5,0,2
2024-07-08 02:00:00,8,0,1
2024-07-08 03:00:00,8,0,4
2024-07-08 04:00:00,20,0,10
2024-07-08 05:00:00,73,0,42
2024-07-08 06:00:00,244,0,171
2024-07-08 07:00:00,612,0,309
2024-07-08 08:00:00,405,0,189
2024-07-08 09:00:00,341,0,65
2024-07-08 10:00:00,440,0,90
2024-07-08 11:00:00,723,0,87
2024-07-08 12:00:00,820,0,94
2024-07-08 13:00:00,505,0,90
2024-07-08 14:00:00,547,0,95
2024-07-08 15:00:00,583,0,201
2024-07-08 16:00:00,837,0,363
2024-07-08 17:00:00,566,0,167
2024-07-08 18:00:00,310,0,87
2024-07-08 19:00:00,245,0,71
2024-07-08 20:00:00,131,0,54
2024-07-08 21:00:00,25,0,12
2024-07-08 22:00:00,12,0,6
2024-07-08 23:00:00,6,0,0
2024-07-09 00:00:00,1,0,2
2024-07-09 01:00:00,2,0,0
2024-07-09 02:00:00,1,0,1
2024-07-09 03:00:00,5,0,3
2024-07-09 04:00:00,21,0,8
2024-07-09 05:00:00,74,0,40
2024-07-09 06:00:00,262,0,158
2024-07-09 07:00:00,687,0,322
2024-07-09 08:00:00,421,0,234
2024-07-09 09:00:00,325,0,87
2024-07-09 10:00:00,396,0,67
2024-07-09 11:00:00,917,0,89
2024-07-09 12:00:00,881,0,76
2024-07-09 13:00:00,495,0,106
2024-07-09 14:00:00,456,0,101
2024-07-09 15:00:00,712,0,208
2024-07-09 16:00:00,1040,0,389
2024-07-09 17:00:00,925,0,241
2024-07-09 18:00:00,660,0,136
2024-07-09 19:00:00,378,0,84
2024-07-09 20:00:00,232,0,91
2024-07-09 21:00:00,155,0,23
2024-07-09 22:00:00,68,0,19
2024-07-09 23:00:00,24,0,8
2024-07-10 00:00:00,13,0,4
2024-07-10 01:00:00,13,0,0
2024-07-10 02:00:00,5,0,3
2024-07-10 03:00:00,8,0,3
2024-07-10 04:00:00,29,0,10
2024-07-10 05:00:00,83,0,49
2024-07-10 06:00:00,256,0,159
2024-07-10 07:00:00,571,0,329
2024-07-10 08:00:00,504,0,211
2024-07-10 09:00:00,342,0,76
2024-07-10 10:00:00,440,0,68
2024-07-10 11:00:00,922,0,89
2024-07-10 12:00:00,1158,0,97
2024-07-10 13:00:00,604,0,99
2024-07-10 14:00:00,615,0,139
2024-07-10 15:00:00,760,0,210
2024-07-10 16:00:00,1032,0,394
2024-07-10 17:00:00,784,0,233
2024-07-10 18:00:00,651,0,172
2024-07-10 19:00:00,306,0,96
2024-07-10 20:00:00,211,0,58
2024-07-10 21:00:00,396,0,78
2024-07-10 22:00:00,156,1,34
2024-07-10 23:00:00,61,0,11
2024-07-11 00:00:00,23,0,4
2024-07-11 01:00:00,12,0,2
2024-07-11 02:00:00,8,0,2
2024-07-11 03:00:00,12,0,3
2024-07-11 04:00:00,31,0,8
2024-07-11 05:00:00,93,0,42
2024-07-11 06:00:00,271,0,138
2024-07-11 07:00:00,685,0,358
2024-07-11 08:00:00,429,0,211
2024-07-11 09:00:00,293,0,88
2024-07-11 10:00:00,399,0,66
2024-07-11 11:00:00,979,0,103
2024-07-11 12:00:00,1130,0,121
2024-07-11 13:00:00,740,0,127
2024-07-11 14:00:00,617,0,145
2024-07-11 15:00:00,731,0,229
2024-07-11 16:00:00,1098,0,407
2024-07-11 17:00:00,911,0,253
2024-07-11 18:00:00,634,0,178
2024-07-11 19:00:00,510,0,141
2024-07-11 20:00:00,412,0,84
2024-07-11 21:00:00,236,0,65
2024-07-11 22:00:00,126,0,23
2024-07-11 23:00:00,68,0,8
2024-07-12 00:00:00,38,0,1
2024-07-12 01:00:00,15,0,5
2024-07-12 02:00:00,11,0,0
2024-07-12 03:00:00,7,0,3
2024-07-12 04:00:00,34,0,15
2024-07-12 05:00:00,64,0,39
2024-07-12 06:00:00,207,0,112
2024-07-12 07:00:00,414,0,213
2024-07-12 08:00:00,270,0,144
2024-07-12 09:00:00,286,0,73
2024-07-12 10:00:00,411,0,57
2024-07-12 11:00:00,648,0,97
2024-07-12 12:00:00,792,0,114
2024-07-12 13:00:00,599,0,106
2024-07-12 14:00:00,658,0,113
2024-07-12 15:00:00,663,0,177
2024-07-12 16:00:00,914,0,243
2024-07-12 17:00:00,796,0,161
2024-07-12 18:00:00,436,0,108
2024-07-12 19:00:00,388,0,76
2024-07-12 20:00:00,360,0,61
2024-07-12 21:00:00,277,0,40
2024-07-12 22:00:00,188,0,35
2024-07-12 23:00:00,101,0,10
2024-07-13 00:00:00,65,0,7
2024-07-13 01:00:00,30,0,8
2024-07-13 02:00:00,18,0,1
2024-07-13 03:00:00,26,0,2
2024-07-13 04:00:00,17,0,7
2024-07-13 05:00:00,39,0,17
2024-07-13 06:00:00,70,0,25
2024-07-13 07:00:00,167,0,37
2024-07-13 08:00:00,540,0,70
2024-07-13 09:00:00,1818,0,94
2024-07-13 10:00:00,1243,0,85
2024-07-13 11:00:00,1612,0,119
2024-07-13 12:00:00,1614,0,137
2024-07-13 13:00:00,1609,0,130
2024-07-13 14:00:00,1496,0,155
2024-07-13 15:00:00,1237,0,131
2024-07-13 16:00:00,1120,0,119
2024-07-13 17:00:00,958,0,109
2024-07-13 18:00:00,761,0,87
2024-07-13 19:00:00,650,0,79
2024-07-13 20:00:00,589,0,69
2024-07-13 21:00:00,479,0,66
2024-07-13 22:00:00,301,0,49
2024-07-13 23:00:00,191,0,25
2024-07-14 00:00:00,117,0,14
2024-07-14 01:00:00,105,0,8
2024-07-14 02:00:00,63,0,5
2024-07-14 03:00:00,29,0,6
2024-07-14 04:00:00,21,0,8
2024-07-14 05:00:00,40,0,13
2024-07-14 06:00:00,61,0,31
2024-07-14 07:00:00,115,0,42
2024-07-14 08:00:00,242,0,68
2024-07-14 09:00:00,478,0,95
2024-07-14 10:00:00,658,0,89
2024-07-14 11:00:00,829,0,106
2024-07-14 12:00:00,804,0,98
2024-07-14 13:00:00,793,0,92
2024-07-14 14:00:00,717,0,88
2024-07-14 15:00:00,750,0,120
2024-07-14 16:00:00,782,0,133
2024-07-14 17:00:00,765,0,124
2024-07-14 18:00:00,638,0,138
2024-07-14 19:00:00,320,0,60
2024-07-14 20:00:00,266,0,38
2024-07-14 21:00:00,707,0,128
2024-07-14 22:00:00,308,0,28
2024-07-14 23:00:00,126,0,21
2024-07-15 00:00:00,45,0,3
2024-07-15 01:00:00,41,0,7
2024-07-15 02:00:00,31,0,5
2024-07-15 03:00:00,14,0,7
2024-07-15 04:00:00,1,0,1
2024-07-15 05:00:00,0,0,0
2024-07-15 06:00:00,184,0,97
2024-07-15 07:00:00,520,0,236
2024-07-15 08:00:00,337,0,172
2024-07-15 09:00:00,261,0,67
2024-07-15 10:00:00,351,0,47
2024-07-15 11:00:00,708,0,62
2024-07-15 12:00:00,584,0,64
2024-07-15 13:00:00,377,0,80
2024-07-15 14:00:00,318,0,81
2024-07-15 15:00:00,416,0,139
2024-07-15 16:00:00,688,0,283
2024-07-15 17:00:00,496,0,141
2024-07-15 18:00:00,431,0,83
2024-07-15 19:00:00,265,0,56
2024-07-15 20:00:00,236,0,39
2024-07-15 21:00:00,69,0,9
2024-07-15 22:00:00,48,0,10
2024-07-15 23:00:00,27,0,5
2024-07-16 00:00:00,33,0,2
2024-07-16 01:00:00,17,0,1
2024-07-16 02:00:00,17,0,1
2024-07-16 03:00:00,17,0,1
2024-07-16 04:00:00,26,0,13
2024-07-16 05:00:00,92,0,38
2024-07-16 06:00:00,288,0,137
2024-07-16 07:00:00,693,0,336
2024-07-16 08:00:00,410,0,212
2024-07-16 09:00:00,369,0,75
2024-07-16 10:00:00,367,0,68
2024-07-16 11:00:00,944,0,94
2024-07-16 12:00:00,1192,0,114
2024-07-16 13:00:00,568,0,93
2024-07-16 14:00:00,602,0,110
2024-07-16 15:00:00,674,0,208
2024-07-16 16:00:00,1118,0,438
2024-07-16 17:00:00,1053,0,229
2024-07-16 18:00:00,819,0,161
2024-07-16 19:00:00,517,0,97
2024-07-16 20:00:00,411,0,85
2024-07-16 21:00:00,197,0,49
2024-07-16 22:00:00,72,0,22
2024-07-16 23:00:00,32,0,3
2024-07-17 00:00:00,6,0,1
2024-07-17 01:00:00,6,0,1
2024-07-17 02:00:00,9,0,0
2024-07-17 03:00:00,4,0,2
2024-07-17 04:00:00,25,0,15
2024-07-17 05:00:00,113,0,42
2024-07-17 06:00:00,371,0,164
2024-07-17 07:00:00,730,0,391
2024-07-17 08:00:00,438,0,246
2024-07-17 09:00:00,317,0,69
2024-07-17 10:00:00,464,0,74
2024-07-17 11:00:00,1222,0,94
2024-07-17 12:00:00,1339,0,124
2024-07-17 13:00:00,680,0,113
2024-07-17 14:00:00,715,0,142
2024-07-17 15:00:00,880,0,217
2024-07-17 16:00:00,1140,0,399
2024-07-17 17:00:00,910,0,265
2024-07-17 18:00:00,666,0,148
2024-07-17 19:00:00,505,0,129
2024-07-17 20:00:00,417,0,91
2024-07-17 21:00:00,233,0,67
2024-07-17 22:00:00,95,0,22
2024-07-17 23:00:00,63,0,9
2024-07-18 00:00:00,17,0,6
2024-07-18 01:00:00,7,0,2
2024-07-18 02:00:00,9,0,1
2024-07-18 03:00:00,17,0,0
2024-07-18 04:00:00,34,0,11
2024-07-18 05:00:00,103,0,46
2024-07-18 06:00:00,300,0,133
2024-07-18 07:00:00,695,0,373
2024-07-18 08:00:00,422,0,212
2024-07-18 09:00:00,353,0,94
2024-07-18 10:00:00,485,0,104
2024-07-18 11:00:00,1114,0,132
2024-07-18 12:00:00,1292,0,137
2024-07-18 13:00:00,680,0,107
2024-07-18 14:00:00,574,0,138
2024-07-18 15:00:00,797,0,252
2024-07-18 16:00:00,1288,0,397
2024-07-18 17:00:00,1021,0,240
2024-07-18 18:00:00,833,0,205
2024-07-18 19:00:00,615,0,119
2024-07-18 20:00:00,500,0,138
2024-07-18 21:00:00,334,0,74
2024-07-18 22:00:00,156,0,35
2024-07-18 23:00:00,72,0,14
2024-07-19 00:00:00,28,0,4
2024-07-19 01:00:00,21,0,2
2024-07-19 02:00:00,14,0,1
2024-07-19 03:00:00,15,0,2
2024-07-19 04:00:00,18,0,10
2024-07-19 05:00:00,88,0,42
2024-07-19 06:00:00,207,0,121
2024-07-19 07:00:00,504,0,243
2024-07-19 08:00:00,397,0,162
2024-07-19 09:00:00,398,0,91
2024-07-19 10:00:00,405,0,109
2024-07-19 11:00:00,852,0,104
2024-07-19 12:00:00,1004,0,124
2024-07-19 13:00:00,837,0,112
2024-07-19 14:00:00,607,0,154
2024-07-19 15:00:00,997,0,220
2024-07-19 16:00:00,1192,0,305
2024-07-19 17:00:00,1104,0,209
2024-07-19 18:00:00,1099,0,160
2024-07-19 19:00:00,1045,0,139
2024-07-19 20:00:00,819,0,113
2024-07-19 21:00:00,616,0,107
2024-07-19 22:00:00,362,1,74
2024-07-19 23:00:00,259,0,47
2024-07-20 00:00:00,115,0,15
2024-07-20 01:00:00,47,0,6
2024-07-20 02:00:00,57,0,3
2024-07-20 03:00:00,18,0,5
2024-07-20 04:00:00,16,0,8
2024-07-20 05:00:00,47,0,13
2024-07-20 06:00:00,62,0,27
2024-07-20 07:00:00,142,0,52
2024-07-20 08:00:00,264,0,80
2024-07-20 09:00:00,532,0,93
2024-07-20 10:00:00,903,0,114
2024-07-20 11:00:00,974,0,109
2024-07-20 12:00:00,1044,0,109
2024-07-20 13:00:00,1310,0,117
2024-07-20 14:00:00,1131,0,117
2024-07-20 15:00:00,982,0,101
2024-07-20 16:00:00,1175,0,101
2024-07-20 17:00:00,895,0,94
2024-07-20 18:00:00,769,0,85
2024-07-20 19:00:00,716,0,75
2024-07-20 20:00:00,629,0,58
2024-07-20 21:00:00,336,0,63
2024-07-20 22:00:00,230,0,35
2024-07-20 23:00:00,149,0,22
2024-07-21 00:00:00,92,0,9
2024-07-21 01:00:00,53,0,7
2024-07-21 02:00:00,55,0,1
2024-07-21 03:00:00,29,0,1
2024-07-21 04:00:00,24,0,6
2024-07-21 05:00:00,16,0,12
2024-07-21 06:00:00,55,0,32
2024-07-21 07:00:00,101,0,47
2024-07-21 08:00:00,210,0,91
2024-07-21 09:00:00,412,0,89
2024-07-21 10:00:00,799,0,97
2024-07-21 11:00:00,1078,0,133
2024-07-21 12:00:00,1210,0,175
2024-07-21 13:00:00,1302,0,183
2024-07-21 14:00:00,1393,0,174
2024-07-21 15:00:00,1326,0,201
2024-07-21 16:00:00,1080,0,184
2024-07-21 17:00:00,1018,0,193
2024-07-21 18:00:00,826,0,112
2024-07-21 19:00:00,522,0,91
2024-07-21 20:00:00,406,0,79
2024-07-21 21:00:00,154,0,41
2024-07-21 22:00:00,73,0,25
2024-07-21 23:00:00,46,0,7
2024-07-22 00:00:00,18,0,4
2024-07-22 01:00:00,15,0,1
2024-07-22 02:00:00,6,0,2
2024-07-22 03:00:00,8,0,2
2024-07-22 04:00:00,19,0,13
2024-07-22 05:00:00,79,0,39
2024-07-22 06:00:00,236,0,143
2024-07-22 07:00:00,666,0,315
2024-07-22 08:00:00,352,0,204
2024-07-22 09:00:00,604,0,74
2024-07-22 10:00:00,472,0,69
2024-07-22 11:00:00,973,0,88
2024-07-22 12:00:00,1160,0,99
2024-07-22 13:00:00,668,0,97
2024-07-22 14:00:00,631,0,135
2024-07-22 15:00:00,790,0,203
2024-07-22 16:00:00,1020,0,407
2024-07-22 17:00:00,786,0,233
2024-07-22 18:00:00,636,0,129
2024-07-22 19:00:00,489,0,109
2024-07-22 20:00:00,333,0,68
2024-07-22 21:00:00,168,0,30
2024-07-22 22:00:00,95,0,25
2024-07-22 23:00:00,40,0,3
2024-07-23 00:00:00,13,0,0
2024-07-23 01:00:00,5,0,1
2024-07-23 02:00:00,4,0,1
2024-07-23 03:00:00,13,0,2
2024-07-23 04:00:00,30,0,15
2024-07-23 05:00:00,96,0,39
2024-07-23 06:00:00,300,0,139
2024-07-23 07:00:00,697,0,395
2024-07-23 08:00:00,396,0,217
2024-07-23 09:00:00,335,0,96
2024-07-23 10:00:00,472,0,82
2024-07-23 11:00:00,1102,0,86
2024-07-23 12:00:00,1337,0,100
2024-07-23 13:00:00,681,0,97
2024-07-23 14:00:00,645,0,134
2024-07-23 15:00:00,746,0,248
2024-07-23 16:00:00,1175,0,449
2024-07-23 17:00:00,1209,0,300
2024-07-23 18:00:00,916,0,163
2024-07-23 19:00:00,558,0,152
2024-07-23 20:00:00,424,0,93
2024-07-23 21:00:00,178,0,31
2024-07-23 22:00:00,97,0,14
2024-07-23 23:00:00,52,0,4
2024-07-24 00:00:00,21,0,3
2024-07-24 01:00:00,16,0,0
2024-07-24 02:00:00,3,0,0
2024-07-24 03:00:00,3,0,3
2024-07-24 04:00:00,29,0,16
2024-07-24 05:00:00,80,0,50
2024-07-24 06:00:00,291,0,162
2024-07-24 07:00:00,641,1,378
2024-07-24 08:00:00,349,0,201
2024-07-24 09:00:00,359,0,98
2024-07-24 10:00:00,437,0,101
2024-07-24 11:00:00,948,0,107
2024-07-24 12:00:00,1177,0,119
2024-07-24 13:00:00,662,0,88
2024-07-24 14:00:00,591,0,126
2024-07-24 15:00:00,727,0,230
2024-07-24 16:00:00,1062,0,392
2024-07-24 17:00:00,770,0,243
2024-07-24 18:00:00,593,0,152
2024-07-24 19:00:00,326,0,111
2024-07-24 20:00:00,259,0,68
2024-07-24 21:00:00,151,0,55
2024-07-24 22:00:00,81,0,18
2024-07-24 23:00:00,36,0,6
2024-07-25 00:00:00,17,0,2
2024-07-25 01:00:00,12,0,0
2024-07-25 02:00:00,5,0,1
2024-07-25 03:00:00,5,0,3
2024-07-25 04:00:00,17,0,11
2024-07-25 05:00:00,81,0,38
2024-07-25 06:00:00,246,0,138
2024-07-25 07:00:00,617,0,306
2024-07-25 08:00:00,395,0,196
2024-07-25 09:00:00,383,0,81
2024-07-25 10:00:00,422,0,76
2024-07-25 11:00:00,961,0,94
2024-07-25 12:00:00,1080,0,106
2024-07-25 13:00:00,625,0,104
2024-07-25 14:00:00,520,0,116
2024-07-25 15:00:00,658,0,189
2024-07-25 16:00:00,1019,0,335
2024-07-25 17:00:00,832,0,223
2024-07-25 18:00:00,747,0,169
2024-07-25 19:00:00,565,0,94
2024-07-25 20:00:00,422,0,76
2024-07-25 21:00:00,158,0,63
2024-07-25 22:00:00,111,0,30
2024-07-25 23:00:00,67,0,10
2024-07-26 00:00:00,26,0,1
2024-07-26 01:00:00,24,0,3
2024-07-26 02:00:00,13,0,1
2024-07-26 03:00:00,12,0,3
2024-07-26 04:00:00,32,0,14
2024-07-26 05:00:00,73,0,40
2024-07-26 06:00:00,217,0,105
2024-07-26 07:00:00,472,0,214
2024-07-26 08:00:00,352,0,151
2024-07-26 09:00:00,407,0,92
2024-07-26 10:00:00,533,0,71
2024-07-26 11:00:00,909,0,138
2024-07-26 12:00:00,1085,0,107
2024-07-26 13:00:00,760,0,110
2024-07-26 14:00:00,686,0,142
2024-07-26 15:00:00,976,0,190
2024-07-26 16:00:00,1204,0,273
2024-07-26 17:00:00,905,0,215
2024-07-26 18:00:00,897,0,191
2024-07-26 19:00:00,689,0,121
2024-07-26 20:00:00,536,0,96
2024-07-26 21:00:00,441,0,66
2024-07-26 22:00:00,296,0,73
2024-07-26 23:00:00,151,0,21
2024-07-27 00:00:00,82,0,16
2024-07-27 01:00:00,78,0,6
2024-07-27 02:00:00,27,0,6
2024-07-27 03:00:00,15,0,4
2024-07-27 04:00:00,28,0,10
2024-07-27 05:00:00,60,0,14
2024-07-27 06:00:00,66,0,29
2024-07-27 07:00:00,102,0,54
2024-07-27 08:00:00,275,0,94
2024-07-27 09:00:00,498,0,84
2024-07-27 10:00:00,657,0,94
2024-07-27 11:00:00,977,0,109
2024-07-27 12:00:00,1234,0,106
2024-07-27 13:00:00,1016,0,106
2024-07-27 14:00:00,1202,0,107
2024-07-27 15:00:00,1132,0,129
2024-07-27 16:00:00,985,0,138
2024-07-27 17:00:00,968,0,121
2024-07-27 18:00:00,875,0,113
2024-07-27 19:00:00,718,0,88
2024-07-27 20:00:00,552,0,65
2024-07-27 21:00:00,337,0,43
2024-07-27 22:00:00,275,0,28
2024-07-27 23:00:00,192,0,26
2024-07-28 00:00:00,85,0,8
2024-07-28 01:00:00,70,0,6
2024-07-28 02:00:00,36,0,4
2024-07-28 03:00:00,25,0,4
2024-07-28 04:00:00,28,0,6
2024-07-28 05:00:00,26,0,7
2024-07-28 06:00:00,64,0,22
2024-07-28 07:00:00,107,0,43
2024-07-28 08:00:00,227,0,87
2024-07-28 09:00:00,439,0,98
2024-07-28 10:00:00,592,0,105
2024-07-28 11:00:00,629,0,86
2024-07-28 12:00:00,731,0,80
2024-07-28 13:00:00,675,0,107
2024-07-28 14:00:00,815,0,95
2024-07-28 15:00:00,646,0,140
2024-07-28 16:00:00,811,0,119
2024-07-28 17:00:00,592,0,89
2024-07-28 18:00:00,534,0,83
2024-07-28 19:00:00,464,0,80
2024-07-28 20:00:00,311,0,56
2024-07-28 21:00:00,176,0,37
2024-07-28 22:00:00,63,0,12
2024-07-28 23:00:00,61,1,6
2024-07-29 00:00:00,17,0,4
2024-07-29 01:00:00,11,0,3
2024-07-29 02:00:00,7,0,4
2024-07-29 03:00:00,5,0,1
2024-07-29 04:00:00,21,0,10
2024-07-29 05:00:00,78,0,42
2024-07-29 06:00:00,224,0,147
2024-07-29 07:00:00,564,0,290
2024-07-29 08:00:00,368,0,158
2024-07-29 09:00:00,390,0,73
2024-07-29 10:00:00,493,0,69
2024-07-29 11:00:00,1000,0,90
2024-07-29 12:00:00,1287,0,111
2024-07-29 13:00:00,710,0,109
2024-07-29 14:00:00,592,0,130
2024-07-29 15:00:00,779,0,188
2024-07-29 16:00:00,1101,0,367
2024-07-29 17:00:00,910,0,227
2024-07-29 18:00:00,759,0,154
2024-07-29 19:00:00,631,0,123
2024-07-29 20:00:00,464,0,113
2024-07-29 21:00:00,242,0,65
2024-07-29 22:00:00,119,0,29
2024-07-29 23:00:00,81,0,8
2024-07-30 00:00:00,38,0,4
2024-07-30 01:00:00,19,0,5
2024-07-30 02:00:00,16,0,2
2024-07-30 03:00:00,8,0,3
2024-07-30 04:00:00,19,0,9
2024-07-30 05:00:00,85,0,49
2024-07-30 06:00:00,283,0,151
2024-07-30 07:00:00,707,0,352
2024-07-30 08:00:00,393,0,200
2024-07-30 09:00:00,414,0,95
2024-07-30 10:00:00,487,0,81
2024-07-30 11:00:00,1128,0,97
2024-07-30 12:00:00,1458,0,111
2024-07-30 13:00:00,721,0,118
2024-07-30 14:00:00,605,0,112
2024-07-30 15:00:00,836,0,235
2024-07-30 16:00:00,1173,0,413
2024-07-30 17:00:00,1187,0,282
2024-07-30 18:00:00,939,0,164
2024-07-30 19:00:00,722,0,139
2024-07-30 20:00:00,538,1,99
2024-07-30 21:00:00,307,0,47
2024-07-30 22:00:00,143,0,26
2024-07-30 23:00:00,60,0,7
2024-07-31 00:00:00,40,0,11
2024-07-31 01:00:00,23,0,2
2024-07-31 02:00:00,17,0,2
2024-07-31 03:00:00,16,0,0
2024-07-31 04:00:00,34,0,9
2024-07-31 05:00:00,91,0,57
2024-07-31 06:00:00,321,0,162
2024-07-31 07:00:00,713,0,375
2024-07-31 08:00:00,386,0,195
2024-07-31 09:00:00,356,0,95
2024-07-31 10:00:00,443,0,78
2024-07-31 11:00:00,1117,0,124
2024-07-31 12:00:00,1352,0,109
2024-07-31 13:00:00,673,0,121
2024-07-31 14:00:00,611,0,145
2024-07-31 15:00:00,727,0,235
2024-07-31 16:00:00,1098,0,415
2024-07-31 17:00:00,899,0,292
2024-07-31 18:00:00,755,0,149
2024-07-31 19:00:00,671,0,133
2024-07-31 20:00:00,459,0,102
2024-07-31 21:00:00,251,0,70
2024-07-31 22:00:00,139,1,32
2024-07-31 23:00:00,73,0,18
2024-08-01 00:00:00,31,0,4
2024-08-01 01:00:00,24,0,5
2024-08-01 02:00:00,23,0,5
2024-08-01 03:00:00,8,0,2
2024-08-01 04:00:00,17,0,14
2024-08-01 05:00:00,73,0,40
2024-08-01 06:00:00,285,0,141
2024-08-01 07:00:00,691,0,314
2024-08-01 08:00:00,392,0,176
2024-08-01 09:00:00,381,0,87
2024-08-01 10:00:00,501,0,87
2024-08-01 11:00:00,1038,0,110
2024-08-01 12:00:00,1357,0,109
2024-08-01 13:00:00,691,0,111
2024-08-01 14:00:00,637,0,106
2024-08-01 15:00:00,851,0,185
2024-08-01 16:00:00,1131,0,362
2024-08-01 17:00:00,895,0,280
2024-08-01 18:00:00,723,0,184
2024-08-01 19:00:00,669,0,149
2024-08-01 20:00:00,442,0,111
2024-08-01 21:00:00,293,0,80
2024-08-01 22:00:00,137,0,51
2024-08-01 23:00:00,78,0,36
2024-08-02 00:00:00,33,0,8
2024-08-02 01:00:00,23,0,3
2024-08-02 02:00:00,19,0,6
2024-08-02 03:00:00,11,0,6
2024-08-02 04:00:00,27,0,13
2024-08-02 05:00:00,65,0,40
2024-08-02 06:00:00,240,0,96
2024-08-02 07:00:00,508,0,217
2024-08-02 08:00:00,360,0,147
2024-08-02 09:00:00,373,0,87
2024-08-02 10:00:00,480,0,92
2024-08-02 11:00:00,733,0,113
2024-08-02 12:00:00,955,0,112
2024-08-02 13:00:00,767,0,113
2024-08-02 14:00:00,750,0,140
2024-08-02 15:00:00,834,0,180
2024-08-02 16:00:00,1027,0,234
2024-08-02 17:00:00,969,0,194
2024-08-02 18:00:00,804,0,137
2024-08-02 19:00:00,708,0,83
2024-08-02 20:00:00,415,0,67
2024-08-02 21:00:00,241,0,73
2024-08-02 22:00:00,242,0,55
2024-08-02 23:00:00,188,0,31
2024-08-03 00:00:00,52,0,8
2024-08-03 01:00:00,54,0,8
2024-08-03 02:00:00,36,0,4
2024-08-03 03:00:00,18,0,4
2024-08-03 04:00:00,25,0,5
2024-08-03 05:00:00,36,0,9
2024-08-03 06:00:00,48,0,31
2024-08-03 07:00:00,157,0,54
2024-08-03 08:00:00,333,0,52
2024-08-03 09:00:00,445,0,65
2024-08-03 10:00:00,639,0,87
2024-08-03 11:00:00,868,0,123
2024-08-03 12:00:00,916,0,115
2024-08-03 13:00:00,1005,0,119
2024-08-03 14:00:00,1082,0,123
2024-08-03 15:00:00,1025,0,144
2024-08-03 16:00:00,1034,0,127
2024-08-03 17:00:00,1176,0,151
2024-08-03 18:00:00,2051,0,66
2024-08-03 19:00:00,4370,0,50
2024-08-03 20:00:00,600,0,97
2024-08-03 21:00:00,370,0,41
2024-08-03 22:00:00,246,0,30
2024-08-03 23:00:00,137,0,15
2024-08-04 00:00:00,95,0,13
2024-08-04 01:00:00,55,0,9
2024-08-04 02:00:00,52,0,5
2024-08-04 03:00:00,27,0,5
2024-08-04 04:00:00,21,0,5
2024-08-04 05:00:00,37,0,19
2024-08-04 06:00:00,55,0,31
2024-08-04 07:00:00,101,0,36
2024-08-04 08:00:00,191,0,69
2024-08-04 09:00:00,401,0,71
2024-08-04 10:00:00,597,0,96
2024-08-04 11:00:00,657,0,121
2024-08-04 12:00:00,653,0,112
2024-08-04 13:00:00,731,0,93
2024-08-04 14:00:00,708,0,111
2024-08-04 15:00:00,704,0,108
2024-08-04 16:00:00,595,0,106
2024-08-04 17:00:00,466,0,96
2024-08-04 18:00:00,467,0,82
2024-08-04 19:00:00,432,0,85
2024-08-04 20:00:00,272,1,37
2024-08-04 21:00:00,144,0,32
2024-08-04 22:00:00,65,0,9
2024-08-04 23:00:00,49,0,5
2024-08-05 00:00:00,31,0,1
2024-08-05 01:00:00,15,0,3
2024-08-05 02:00:00,10,0,3
2024-08-05 03:00:00,6,0,3
2024-08-05 04:00:00,22,0,9
2024-08-05 05:00:00,66,0,45
2024-08-05 06:00:00,220,0,133
2024-08-05 07:00:00,523,0,283
2024-08-05 08:00:00,275,0,164
2024-08-05 09:00:00,354,0,84
2024-08-05 10:00:00,434,0,88
2024-08-05 11:00:00,802,0,100
2024-08-05 12:00:00,1042,0,106
2024-08-05 13:00:00,605,0,95
2024-08-05 14:00:00,585,0,114
2024-08-05 15:00:00,669,0,171
2024-08-05 16:00:00,962,0,353
2024-08-05 17:00:00,679,0,208
2024-08-05 18:00:00,472,0,118
2024-08-05 19:00:00,403,0,82
2024-08-05 20:00:00,161,0,56
2024-08-05 21:00:00,83,0,24
2024-08-05 22:00:00,62,0,13
2024-08-05 23:00:00,18,0,4
2024-08-06 00:00:00,11,0,2
2024-08-06 01:00:00,5,0,1
2024-08-06 02:00:00,5,0,0
2024-08-06 03:00:00,1,0,0
2024-08-06 04:00:00,14,0,6
2024-08-06 05:00:00,65,0,38
2024-08-06 06:00:00,287,0,173
2024-08-06 07:00:00,692,0,360
2024-08-06 08:00:00,400,0,191
2024-08-06 09:00:00,399,0,96
2024-08-06 10:00:00,467,0,71
2024-08-06 11:00:00,1034,0,91
2024-08-06 12:00:00,1363,0,107
2024-08-06 13:00:00,732,0,119
2024-08-06 14:00:00,631,0,122
2024-08-06 15:00:00,778,0,240
2024-08-06 16:00:00,1180,0,434
2024-08-06 17:00:00,1119,0,281
2024-08-06 18:00:00,762,0,136
2024-08-06 19:00:00,469,0,115
2024-08-06 20:00:00,235,1,72
2024-08-06 21:00:00,151,0,33
2024-08-06 22:00:00,97,0,12
2024-08-06 23:00:00,39,0,7
2024-08-07 00:00:00,18,0,2
2024-08-07 01:00:00,12,0,0
2024-08-07 02:00:00,7,0,1
2024-08-07 03:00:00,4,0,0
2024-08-07 04:00:00,26,0,6
2024-08-07 05:00:00,74,0,46
2024-08-07 06:00:00,247,0,142
2024-08-07 07:00:00,489,0,316
2024-08-07 08:00:00,299,0,168
2024-08-07 09:00:00,377,0,77
2024-08-07 10:00:00,421,0,81
2024-08-07 11:00:00,699,0,88
2024-08-07 12:00:00,808,0,110
2024-08-07 13:00:00,432,0,87
2024-08-07 14:00:00,471,0,148
2024-08-07 15:00:00,628,0,255
2024-08-07 16:00:00,589,0,304
2024-08-07 17:00:00,564,0,188
2024-08-07 18:00:00,372,0,127
2024-08-07 19:00:00,504,0,134
2024-08-07 20:00:00,507,0,83
2024-08-07 21:00:00,114,0,31
2024-08-07 22:00:00,48,0,19
2024-08-07 23:00:00,23,0,4
2024-08-08 00:00:00,10,0,0
2024-08-08 01:00:00,21,0,1
2024-08-08 02:00:00,5,0,1
2024-08-08 03:00:00,6,0,3
2024-08-08 04:00:00,21,0,8
2024-08-08 05:00:00,82,0,44
2024-08-08 06:00:00,250,0,149
2024-08-08 07:00:00,584,0,292
2024-08-08 08:00:00,288,0,168
2024-08-08 09:00:00,305,0,90
2024-08-08 10:00:00,416,0,73
2024-08-08 11:00:00,734,0,74
2024-08-08 12:00:00,926,0,78
2024-08-08 13:00:00,496,0,88
2024-08-08 14:00:00,531,0,106
2024-08-08 15:00:00,424,0,160
2024-08-08 16:00:00,730,0,272
2024-08-08 17:00:00,423,0,154
2024-08-08 18:00:00,274,0,108
2024-08-08 19:00:00,235,0,64
2024-08-08 20:00:00,98,0,38
2024-08-08 21:00:00,74,0,13
2024-08-08 22:00:00,42,0,10
2024-08-08 23:00:00,13,0,2
2024-08-09 00:00:00,5,0,0
2024-08-09 01:00:00,1,0,0
2024-08-09 02:00:00,2,0,0
2024-08-09 03:00:00,3,0,0
2024-08-09 04:00:00,10,0,19
2024-08-09 05:00:00,79,0,39
2024-08-09 06:00:00,203,0,97
2024-08-09 07:00:00,457,0,183
2024-08-09 08:00:00,337,0,150
2024-08-09 09:00:00,417,0,96
2024-08-09 10:00:00,600,0,85
2024-08-09 11:00:00,842,0,110
2024-08-09 12:00:00,984,0,107
2024-08-09 13:00:00,936,0,131
2024-08-09 14:00:00,819,0,130
2024-08-09 15:00:00,901,0,211
2024-08-09 16:00:00,1132,0,247
2024-08-09 17:00:00,822,0,150
2024-08-09 18:00:00,746,0,149
2024-08-09 19:00:00,569,0,116
2024-08-09 20:00:00,455,0,80
2024-08-09 21:00:00,338,0,56
2024-08-09 22:00:00,235,2,45
2024-08-09 23:00:00,101,0,26
2024-08-10 00:00:00,53,0,8
2024-08-10 01:00:00,47,0,7
2024-08-10 02:00:00,42,0,1
2024-08-10 03:00:00,17,0,3
2024-08-10 04:00:00,19,0,15
2024-08-10 05:00:00,37,0,16
2024-08-10 06:00:00,77,0,30
2024-08-10 07:00:00,146,0,61
2024-08-10 08:00:00,255,0,90
2024-08-10 09:00:00,442,0,82
2024-08-10 10:00:00,766,0,101
2024-08-10 11:00:00,936,0,108
2024-08-10 12:00:00,1117,0,141
2024-08-10 13:00:00,1060,0,105
2024-08-10 14:00:00,1105,0,159
2024-08-10 15:00:00,1133,0,121
2024-08-10 16:00:00,911,0,151
2024-08-10 17:00:00,833,0,106
2024-08-10 18:00:00,770,0,105
2024-08-10 19:00:00,665,0,87
2024-08-10 20:00:00,487,0,63
2024-08-10 21:00:00,393,0,68
2024-08-10 22:00:00,284,0,45
2024-08-10 23:00:00,155,0,26
2024-08-11 00:00:00,94,0,7
2024-08-11 01:00:00,100,0,18
2024-08-11 02:00:00,43,0,5
2024-08-11 03:00:00,17,0,6
2024-08-11 04:00:00,24,0,26
2024-08-11 05:00:00,45,0,15
2024-08-11 06:00:00,80,0,22
2024-08-11 07:00:00,103,0,84
2024-08-11 08:00:00,178,0,71
2024-08-11 09:00:00,410,0,115
2024-08-11 10:00:00,609,0,68
2024-08-11 11:00:00,721,0,89
2024-08-11 12:00:00,759,0,120
2024-08-11 13:00:00,710,0,100
2024-08-11 14:00:00,754,0,107
2024-08-11 15:00:00,697,0,122
2024-08-11 16:00:00,625,0,107
2024-08-11 17:00:00,533,0,106
2024-08-11 18:00:00,521,0,119
2024-08-11 19:00:00,441,0,96
2024-08-11 20:00:00,304,0,71
2024-08-11 21:00:00,131,0,24
2024-08-11 22:00:00,66,0,15
2024-08-11 23:00:00,34,0,12
2024-08-12 00:00:00,12,0,2
2024-08-12 01:00:00,15,0,0
2024-08-12 02:00:00,7,0,2
2024-08-12 03:00:00,4,0,1
2024-08-12 04:00:00,1,0,0
2024-08-12 05:00:00,30,0,28
2024-08-12 06:00:00,236,0,131
2024-08-12 07:00:00,578,0,298
2024-08-12 08:00:00,346,0,145
2024-08-12 09:00:00,271,0,71
2024-08-12 10:00:00,476,0,76
2024-08-12 11:00:00,922,0,92
2024-08-12 12:00:00,1020,0,91
2024-08-12 13:00:00,613,0,80
2024-08-12 14:00:00,598,0,127
2024-08-12 15:00:00,806,0,196
2024-08-12 16:00:00,1075,0,381
2024-08-12 17:00:00,783,0,215
2024-08-12 18:00:00,605,0,131
2024-08-12 19:00:00,402,0,99
2024-08-12 20:00:00,226,0,52
2024-08-12 21:00:00,133,0,25
2024-08-12 22:00:00,70,0,17
2024-08-12 23:00:00,31,0,3
2024-08-13 00:00:00,14,0,2
2024-08-13 01:00:00,27,0,2
2024-08-13 02:00:00,5,0,3
2024-08-13 03:00:00,1,0,1
2024-08-13 04:00:00,20,0,11
2024-08-13 05:00:00,91,0,47
2024-08-13 06:00:00,282,0,147
2024-08-13 07:00:00,707,0,358
2024-08-13 08:00:00,380,0,197
2024-08-13 09:00:00,359,0,77
2024-08-13 10:00:00,491,0,90
2024-08-13 11:00:00,1090,0,111
2024-08-13 12:00:00,1346,0,114
2024-08-13 13:00:00,698,0,106
2024-08-13 14:00:00,636,0,116
2024-08-13 15:00:00,794,0,215
2024-08-13 16:00:00,1095,0,409
2024-08-13 17:00:00,1068,0,272
2024-08-13 18:00:00,617,0,117
2024-08-13 19:00:00,298,0,88
2024-08-13 20:00:00,148,0,43
2024-08-13 21:00:00,118,0,22
2024-08-13 22:00:00,68,0,13
2024-08-13 23:00:00,20,0,5
2024-08-14 00:00:00,8,0,1
2024-08-14 01:00:00,14,0,0
2024-08-14 02:00:00,8,0,1
2024-08-14 03:00:00,0,0,0
2024-08-14 04:00:00,13,0,12
2024-08-14 05:00:00,63,0,58
2024-08-14 06:00:00,263,0,147
2024-08-14 07:00:00,596,0,322
2024-08-14 08:00:00,338,0,167
2024-08-14 09:00:00,277,0,70
2024-08-14 10:00:00,369,0,51
2024-08-14 11:00:00,849,0,88
2024-08-14 12:00:00,902,0,114
2024-08-14 13:00:00,639,0,112
2024-08-14 14:00:00,613,0,128
2024-08-14 15:00:00,812,0,198
2024-08-14 16:00:00,1006,0,370
2024-08-14 17:00:00,772,0,214
2024-08-14 18:00:00,644,0,112
2024-08-14 19:00:00,553,0,129
2024-08-14 20:00:00,271,0,63
2024-08-14 21:00:00,172,0,31
2024-08-14 22:00:00,83,0,21
2024-08-14 23:00:00,54,0,9
2024-08-15 00:00:00,15,0,4
2024-08-15 01:00:00,12,0,4
2024-08-15 02:00:00,3,0,4
2024-08-15 03:00:00,9,0,0
2024-08-15 04:00:00,21,0,15
2024-08-15 05:00:00,86,0,47
2024-08-15 06:00:00,279,0,136
2024-08-15 07:00:00,617,0,264
2024-08-15 08:00:00,417,0,176
2024-08-15 09:00:00,375,0,99
2024-08-15 10:00:00,461,0,90
2024-08-15 11:00:00,907,0,87
2024-08-15 12:00:00,1189,0,89
2024-08-15 13:00:00,733,0,113
2024-08-15 14:00:00,600,0,119
2024-08-15 15:00:00,622,0,176
2024-08-15 16:00:00,1022,0,331
2024-08-15 17:00:00,374,0,154
2024-08-15 18:00:00,362,0,98
2024-08-15 19:00:00,271,0,70
2024-08-15 20:00:00,136,0,24
2024-08-15 21:00:00,87,0,20
2024-08-15 22:00:00,88,0,17
2024-08-15 23:00:00,26,0,6
2024-08-16 00:00:00,14,0,1
2024-08-16 01:00:00,21,0,0
2024-08-16 02:00:00,15,0,0
2024-08-16 03:00:00,14,0,0
2024-08-16 04:00:00,23,0,12
2024-08-16 05:00:00,65,0,38
2024-08-16 06:00:00,218,0,89
2024-08-16 07:00:00,476,0,169
2024-08-16 08:00:00,333,0,134
2024-08-16 09:00:00,425,0,85
2024-08-16 10:00:00,540,0,79
2024-08-16 11:00:00,851,0,106
2024-08-16 12:00:00,1109,0,114
2024-08-16 13:00:00,712,0,116
2024-08-16 14:00:00,723,0,114
2024-08-16 15:00:00,871,0,189
2024-08-16 16:00:00,1127,0,262
2024-08-16 17:00:00,950,0,171
2024-08-16 18:00:00,868,0,136
2024-08-16 19:00:00,682,0,96
2024-08-16 20:00:00,371,0,64
2024-08-16 21:00:00,348,0,68
2024-08-16 22:00:00,271,0,40
2024-08-16 23:00:00,133,0,20
2024-08-17 00:00:00,81,0,10
2024-08-17 01:00:00,44,0,6
2024-08-17 02:00:00,30,0,3
2024-08-17 03:00:00,18,0,2
2024-08-17 04:00:00,16,0,8
2024-08-17 05:00:00,35,0,11
2024-08-17 06:00:00,61,0,27
2024-08-17 07:00:00,153,0,52
2024-08-17 08:00:00,292,0,74
2024-08-17 09:00:00,450,0,89
2024-08-17 10:00:00,802,0,115
2024-08-17 11:00:00,891,0,92
2024-08-17 12:00:00,982,0,91
2024-08-17 13:00:00,1091,0,122
2024-08-17 14:00:00,1088,0,95
2024-08-17 15:00:00,930,0,131
2024-08-17 16:00:00,928,0,109
2024-08-17 17:00:00,822,0,100
2024-08-17 18:00:00,718,0,98
2024-08-17 19:00:00,561,0,89
2024-08-17 20:00:00,457,0,55
2024-08-17 21:00:00,406,0,49
2024-08-17 22:00:00,367,0,31
2024-08-17 23:00:00,339,0,17
2024-08-18 00:00:00,295,0,13
2024-08-18 01:00:00,79,0,8
2024-08-18 02:00:00,24,0,7
2024-08-18 03:00:00,27,0,1
2024-08-18 04:00:00,21,0,2
2024-08-18 05:00:00,31,0,10
2024-08-18 06:00:00,56,0,12
2024-08-18 07:00:00,109,0,38
2024-08-18 08:00:00,242,0,79
2024-08-18 09:00:00,331,0,95
2024-08-18 10:00:00,567,0,85
2024-08-18 11:00:00,712,0,111
2024-08-18 12:00:00,716,0,100
2024-08-18 13:00:00,805,0,114
2024-08-18 14:00:00,729,0,108
2024-08-18 15:00:00,626,0,131
2024-08-18 16:00:00,636,0,117
2024-08-18 17:00:00,509,0,119
2024-08-18 18:00:00,478,0,93
2024-08-18 19:00:00,322,0,62
2024-08-18 20:00:00,221,0,52
2024-08-18 21:00:00,80,0,22
2024-08-18 22:00:00,57,0,11
2024-08-18 23:00:00,29,0,5
2024-08-19 00:00:00,20,0,0
2024-08-19 01:00:00,5,0,0
2024-08-19 02:00:00,10,0,3
2024-08-19 03:00:00,9,0,1
2024-08-19 04:00:00,14,0,7
2024-08-19 05:00:00,59,0,40
2024-08-19 06:00:00,214,0,136
2024-08-19 07:00:00,587,0,266
2024-08-19 08:00:00,307,0,157
2024-08-19 09:00:00,373,0,70
2024-08-19 10:00:00,439,0,49
2024-08-19 11:00:00,876,0,75
2024-08-19 12:00:00,872,0,96
2024-08-19 13:00:00,601,0,94
2024-08-19 14:00:00,550,0,105
2024-08-19 15:00:00,657,1,172
2024-08-19 16:00:00,915,0,287
2024-08-19 17:00:00,439,0,176
2024-08-19 18:00:00,374,0,90
2024-08-19 19:00:00,281,0,61
2024-08-19 20:00:00,98,0,20
2024-08-19 21:00:00,54,1,21
2024-08-19 22:00:00,40,0,13
2024-08-19 23:00:00,18,0,4
2024-08-20 00:00:00,7,0,1
2024-08-20 01:00:00,4,0,1
2024-08-20 02:00:00,24,0,2
2024-08-20 03:00:00,3,0,1
2024-08-20 04:00:00,17,0,8
2024-08-20 05:00:00,78,0,39
2024-08-20 06:00:00,313,0,117
2024-08-20 07:00:00,670,0,352
2024-08-20 08:00:00,320,0,169
2024-08-20 09:00:00,324,0,66
2024-08-20 10:00:00,471,0,58
2024-08-20 11:00:00,1065,0,90
2024-08-20 12:00:00,1295,0,107
2024-08-20 13:00:00,914,0,96
2024-08-20 14:00:00,672,0,118
2024-08-20 15:00:00,751,0,205
2024-08-20 16:00:00,1279,0,376
2024-08-20 17:00:00,1068,0,246
2024-08-20 18:00:00,931,0,161
2024-08-20 19:00:00,420,0,108
2024-08-20 20:00:00,179,0,54
2024-08-20 21:00:00,107,0,24
2024-08-20 22:00:00,45,0,17
2024-08-20 23:00:00,22,0,6
2024-08-21 00:00:00,19,0,1
2024-08-21 01:00:00,14,0,2
2024-08-21 02:00:00,11,0,2
2024-08-21 03:00:00,15,0,2
2024-08-21 04:00:00,19,0,8
2024-08-21 05:00:00,80,0,43
2024-08-21 06:00:00,272,0,151
2024-08-21 07:00:00,677,0,365
2024-08-21 08:00:00,375,0,197
2024-08-21 09:00:00,367,0,68
2024-08-21 10:00:00,445,0,103
2024-08-21 11:00:00,939,0,95
2024-08-21 12:00:00,1111,0,102
2024-08-21 13:00:00,616,0,93
2024-08-21 14:00:00,661,0,100
2024-08-21 15:00:00,677,0,200
2024-08-21 16:00:00,1025,0,406
2024-08-21 17:00:00,751,0,220
2024-08-21 18:00:00,509,0,148
2024-08-21 19:00:00,334,0,93
2024-08-21 20:00:00,214,0,56
2024-08-21 21:00:00,128,0,41
2024-08-21 22:00:00,80,0,20
2024-08-21 23:00:00,19,0,7
2024-08-22 00:00:00,16,0,1
2024-08-22 01:00:00,14,0,1
2024-08-22 02:00:00,13,0,0
2024-08-22 03:00:00,12,0,1
2024-08-22 04:00:00,22,0,14
2024-08-22 05:00:00,65,0,41
2024-08-22 06:00:00,268,0,110
2024-08-22 07:00:00,529,0,267
2024-08-22 08:00:00,339,0,141
2024-08-22 09:00:00,310,0,64
2024-08-22 10:00:00,398,0,53
2024-08-22 11:00:00,591,0,71
2024-08-22 12:00:00,965,0,91
2024-08-22 13:00:00,627,0,97
2024-08-22 14:00:00,613,0,101
2024-08-22 15:00:00,729,0,165
2024-08-22 16:00:00,1068,0,314
2024-08-22 17:00:00,822,0,224
2024-08-22 18:00:00,657,0,142
2024-08-22 19:00:00,429,0,79
2024-08-22 20:00:00,203,0,54
2024-08-22 21:00:00,174,1,48
2024-08-22 22:00:00,100,0,21
2024-08-22 23:00:00,39,0,7
2024-08-23 00:00:00,9,0,1
2024-08-23 01:00:00,3,0,0
2024-08-23 02:00:00,7,0,0
2024-08-23 03:00:00,9,0,0
2024-08-23 04:00:00,6,0,5
2024-08-23 05:00:00,64,0,30
2024-08-23 06:00:00,215,0,86
2024-08-23 07:00:00,392,0,182
2024-08-23 08:00:00,294,0,122
2024-08-23 09:00:00,424,0,87
2024-08-23 10:00:00,450,0,109
2024-08-23 11:00:00,773,0,91
2024-08-23 12:00:00,929,0,112
2024-08-23 13:00:00,688,0,99
2024-08-23 14:00:00,729,0,138
2024-08-23 15:00:00,843,0,220
2024-08-23 16:00:00,976,0,234
2024-08-23 17:00:00,871,0,184
2024-08-23 18:00:00,741,0,103
2024-08-23 19:00:00,566,0,71
2024-08-23 20:00:00,357,0,54
2024-08-23 21:00:00,229,0,51
2024-08-23 22:00:00,131,0,41
2024-08-23 23:00:00,102,0,17
2024-08-24 00:00:00,20,0,3
2024-08-24 01:00:00,21,0,1
2024-08-24 02:00:00,10,0,0
2024-08-24 03:00:00,11,0,1
2024-08-24 04:00:00,6,0,1
2024-08-24 05:00:00,24,0,11
2024-08-24 06:00:00,44,0,22
2024-08-24 07:00:00,88,0,33
2024-08-24 08:00:00,126,0,37
2024-08-24 09:00:00,306,0,46
2024-08-24 10:00:00,498,0,63
2024-08-24 11:00:00,656,0,62
2024-08-24 12:00:00,893,0,65
2024-08-24 13:00:00,1010,0,97
2024-08-24 14:00:00,1283,0,130
2024-08-24 15:00:00,1225,0,134
2024-08-24 16:00:00,1178,0,120
2024-08-24 17:00:00,993,0,101
2024-08-24 18:00:00,916,0,92
2024-08-24 19:00:00,616,0,90
2024-08-24 20:00:00,429,0,54
2024-08-24 21:00:00,311,0,47
2024-08-24 22:00:00,248,0,23
2024-08-24 23:00:00,144,0,14
2024-08-25 00:00:00,74,0,11
2024-08-25 01:00:00,34,0,9
2024-08-25 02:00:00,24,0,1
2024-08-25 03:00:00,20,0,1
2024-08-25 04:00:00,17,0,5
2024-08-25 05:00:00,28,0,11
2024-08-25 06:00:00,45,0,12
2024-08-25 07:00:00,100,0,39
2024-08-25 08:00:00,188,0,48
2024-08-25 09:00:00,414,0,78
2024-08-25 10:00:00,558,0,85
2024-08-25 11:00:00,751,0,93
2024-08-25 12:00:00,791,0,71
2024-08-25 13:00:00,928,0,85
2024-08-25 14:00:00,731,0,65
2024-08-25 15:00:00,713,0,109
2024-08-25 16:00:00,613,0,62
2024-08-25 17:00:00,426,0,76
2024-08-25 18:00:00,402,0,70
2024-08-25 19:00:00,301,0,53
2024-08-25 20:00:00,70,0,15
2024-08-25 21:00:00,93,0,19
2024-08-25 22:00:00,122,0,29
2024-08-25 23:00:00,34,0,7
2024-08-26 00:00:00,23,0,2
2024-08-26 01:00:00,15,0,3
2024-08-26 02:00:00,13,0,3
2024-08-26 03:00:00,4,0,1
2024-08-26 04:00:00,9,0,3
2024-08-26 05:00:00,36,0,13
2024-08-26 06:00:00,64,0,22
2024-08-26 07:00:00,118,0,34
2024-08-26 08:00:00,219,0,48
2024-08-26 09:00:00,402,0,61
2024-08-26 10:00:00,616,0,92
2024-08-26 11:00:00,682,0,83
2024-08-26 12:00:00,744,0,117
2024-08-26 13:00:00,796,0,122
2024-08-26 14:00:00,795,0,160
2024-08-26 15:00:00,774,0,161
2024-08-26 16:00:00,678,0,155
2024-08-26 17:00:00,628,0,129
2024-08-26 18:00:00,501,0,109
2024-08-26 19:00:00,291,0,75
2024-08-26 20:00:00,163,0,48
2024-08-26 21:00:00,100,0,27
2024-08-26 22:00:00,50,0,15
2024-08-26 23:00:00,20,0,5
2024-08-27 00:00:00,14,0,4
2024-08-27 01:00:00,5,0,0
2024-08-27 02:00:00,13,0,0
2024-08-27 03:00:00,18,0,3
2024-08-27 04:00:00,14,0,6
2024-08-27 05:00:00,75,0,33
2024-08-27 06:00:00,221,0,140
2024-08-27 07:00:00,603,0,309
2024-08-27 08:00:00,328,0,180
2024-08-27 09:00:00,341,0,109
2024-08-27 10:00:00,450,0,91
2024-08-27 11:00:00,1028,0,109
2024-08-27 12:00:00,1260,0,105
2024-08-27 13:00:00,787,0,119
2024-08-27 14:00:00,613,0,127
2024-08-27 15:00:00,675,0,185
2024-08-27 16:00:00,930,0,356
2024-08-27 17:00:00,969,0,200
2024-08-27 18:00:00,691,0,117
2024-08-27 19:00:00,289,0,76
2024-08-27 20:00:00,125,0,49
2024-08-27 21:00:00,78,0,20
2024-08-27 22:00:00,28,0,9
2024-08-27 23:00:00,27,0,3
2024-08-28 00:00:00,14,0,2
2024-08-28 01:00:00,18,0,0
2024-08-28 02:00:00,19,0,0
2024-08-28 03:00:00,17,0,1
2024-08-28 04:00:00,19,0,6
2024-08-28 05:00:00,84,0,45
2024-08-28 06:00:00,255,0,142
2024-08-28 07:00:00,633,0,335
2024-08-28 08:00:00,343,0,191
2024-08-28 09:00:00,376,0,88
2024-08-28 10:00:00,411,0,89
2024-08-28 11:00:00,951,0,104
2024-08-28 12:00:00,1203,0,109
2024-08-28 13:00:00,633,0,102
2024-08-28 14:00:00,596,0,143
2024-08-28 15:00:00,771,0,216
2024-08-28 16:00:00,1063,0,393
2024-08-28 17:00:00,793,0,209
2024-08-28 18:00:00,623,0,143
2024-08-28 19:00:00,377,0,91
2024-08-28 20:00:00,217,0,69
2024-08-28 21:00:00,111,0,41
2024-08-28 22:00:00,84,0,13
2024-08-28 23:00:00,63,0,12
2024-08-29 00:00:00,20,0,1
2024-08-29 01:00:00,19,0,2
2024-08-29 02:00:00,10,0,2
2024-08-29 03:00:00,8,0,0
2024-08-29 04:00:00,15,0,6
2024-08-29 05:00:00,56,0,40
2024-08-29 06:00:00,254,0,149
2024-08-29 07:00:00,625,0,344
2024-08-29 08:00:00,385,0,187
2024-08-29 09:00:00,299,0,72
2024-08-29 10:00:00,478,0,91
2024-08-29 11:00:00,988,0,95
2024-08-29 12:00:00,1294,0,110
2024-08-29 13:00:00,779,0,131
2024-08-29 14:00:00,715,0,138
2024-08-29 15:00:00,722,0,216
2024-08-29 16:00:00,1114,0,388
2024-08-29 17:00:00,855,0,226
2024-08-29 18:00:00,636,0,153
2024-08-29 19:00:00,435,0,104
2024-08-29 20:00:00,235,0,76
2024-08-29 21:00:00,174,0,47
2024-08-29 22:00:00,118,0,30
2024-08-29 23:00:00,53,0,13
2024-08-30 00:00:00,25,0,1
2024-08-30 01:00:00,9,0,2
2024-08-30 02:00:00,6,0,2
2024-08-30 03:00:00,8,0,2
2024-08-30 04:00:00,11,0,8
2024-08-30 05:00:00,74,0,32
2024-08-30 06:00:00,208,0,121
2024-08-30 07:00:00,450,0,229
2024-08-30 08:00:00,330,0,136
2024-08-30 09:00:00,374,0,95
2024-08-30 10:00:00,516,0,86
2024-08-30 11:00:00,838,0,97
2024-08-30 12:00:00,1022,0,126
2024-08-30 13:00:00,742,0,134
2024-08-30 14:00:00,711,0,144
2024-08-30 15:00:00,802,0,234
2024-08-30 16:00:00,1002,0,266
2024-08-30 17:00:00,865,0,205
2024-08-30 18:00:00,772,0,170
2024-08-30 19:00:00,633,0,128
2024-08-30 20:00:00,452,0,80
2024-08-30 21:00:00,308,0,76
2024-08-30 22:00:00,236,0,49
2024-08-30 23:00:00,130,0,13
2024-08-31 00:00:00,67,0,9
2024-08-31 01:00:00,38,0,4
2024-08-31 02:00:00,27,0,6
2024-08-31 03:00:00,26,0,2
2024-08-31 04:00:00,20,0,3
2024-08-31 05:00:00,46,0,13
2024-08-31 06:00:00,47,0,35
2024-08-31 07:00:00,166,0,39
2024-08-31 08:00:00,264,0,66
2024-08-31 09:00:00,435,0,95
2024-08-31 10:00:00,654,0,93
2024-08-31 11:00:00,845,0,120
2024-08-31 12:00:00,832,0,132
2024-08-31 13:00:00,979,0,153
2024-08-31 14:00:00,892,0,124
2024-08-31 15:00:00,811,0,136
2024-08-31 16:00:00,790,0,103
2024-08-31 17:00:00,664,0,83
2024-08-31 18:00:00,621,0,90
2024-08-31 19:00:00,445,0,73
2024-08-31 20:00:00,305,0,34
2024-08-31 21:00:00,250,0,50
2024-08-31 22:00:00,272,0,57
2024-08-31 23:00:00,160,0,11
2024-09-01 00:00:00,120,0,16
2024-09-01 01:00:00,77,0,13
2024-09-01 02:00:00,29,0,6
2024-09-01 03:00:00,35,0,0
2024-09-01 04:00:00,8,0,2
2024-09-01 05:00:00,24,0,11
2024-09-01 06:00:00,53,0,21
2024-09-01 07:00:00,78,0,34
2024-09-01 08:00:00,187,0,55
2024-09-01 09:00:00,432,0,91
2024-09-01 10:00:00,574,0,76
2024-09-01 11:00:00,595,0,87
2024-09-01 12:00:00,606,0,106
2024-09-01 13:00:00,623,0,101
2024-09-01 14:00:00,557,0,86
2024-09-01 15:00:00,205,0,57
2024-09-01 16:00:00,340,0,62
2024-09-01 17:00:00,363,0,67
2024-09-01 18:00:00,307,0,56
2024-09-01 19:00:00,155,1,31
2024-09-01 20:00:00,80,0,27
2024-09-01 21:00:00,63,0,14
2024-09-01 22:00:00,70,0,20
2024-09-01 23:00:00,22,0,6
2024-09-02 00:00:00,10,0,0
2024-09-02 01:00:00,8,0,1
2024-09-02 02:00:00,6,0,1
2024-09-02 03:00:00,2,0,2
2024-09-02 04:00:00,8,0,2
2024-09-02 05:00:00,41,0,39
2024-09-02 06:00:00,184,0,145
2024-09-02 07:00:00,566,0,280
2024-09-02 08:00:00,344,0,143
2024-09-02 09:00:00,306,0,59
2024-09-02 10:00:00,420,1,58
2024-09-02 11:00:00,883,0,65
2024-09-02 12:00:00,933,0,60
2024-09-02 13:00:00,477,0,80
2024-09-02 14:00:00,429,0,104
2024-09-02 15:00:00,588,0,187
2024-09-02 16:00:00,862,0,323
2024-09-02 17:00:00,503,0,184
2024-09-02 18:00:00,278,0,106
2024-09-02 19:00:00,127,0,39
2024-09-02 20:00:00,88,0,24
2024-09-02 21:00:00,43,0,17
2024-09-02 22:00:00,26,0,7
2024-09-02 23:00:00,11,0,1
2024-09-03 00:00:00,4,0,2
2024-09-03 01:00:00,6,0,0
2024-09-03 02:00:00,5,0,3
2024-09-03 03:00:00,5,0,1
2024-09-03 04:00:00,5,0,2
2024-09-03 05:00:00,63,0,36
2024-09-03 06:00:00,252,0,174
2024-09-03 07:00:00,597,0,365
2024-09-03 08:00:00,360,0,192
2024-09-03 09:00:00,279,0,87
2024-09-03 10:00:00,376,0,51
2024-09-03 11:00:00,895,0,76
2024-09-03 12:00:00,1060,0,115
2024-09-03 13:00:00,589,0,89
2024-09-03 14:00:00,611,0,118
2024-09-03 15:00:00,657,0,203
2024-09-03 16:00:00,1096,0,398
2024-09-03 17:00:00,1180,0,236
2024-09-03 18:00:00,723,0,145
2024-09-03 19:00:00,351,0,65
2024-09-03 20:00:00,168,0,62
2024-09-03 21:00:00,122,0,37
2024-09-03 22:00:00,72,0,15
2024-09-03 23:00:00,27,0,3
2024-09-04 00:00:00,14,0,3
2024-09-04 01:00:00,7,0,0
2024-09-04 02:00:00,9,0,5
2024-09-04 03:00:00,11,0,1
2024-09-04 04:00:00,13,0,6
2024-09-04 05:00:00,82,0,62
2024-09-04 06:00:00,311,0,178
2024-09-04 07:00:00,743,0,421
2024-09-04 08:00:00,422,0,199
2024-09-04 09:00:00,337,0,105
2024-09-04 10:00:00,393,0,66
2024-09-04 11:00:00,923,0,106
2024-09-04 12:00:00,1020,0,103
2024-09-04 13:00:00,572,0,104
2024-09-04 14:00:00,585,0,128
2024-09-04 15:00:00,630,0,234
2024-09-04 16:00:00,971,0,437
2024-09-04 17:00:00,698,0,225
2024-09-04 18:00:00,594,0,131
2024-09-04 19:00:00,294,0,79
2024-09-04 20:00:00,177,0,67
2024-09-04 21:00:00,99,0,40
2024-09-04 22:00:00,80,0,21
2024-09-04 23:00:00,19,0,6
2024-09-05 00:00:00,7,0,0
2024-09-05 01:00:00,18,0,0
2024-09-05 02:00:00,6,0,0
2024-09-05 03:00:00,6,0,2
2024-09-05 04:00:00,5,0,3
2024-09-05 05:00:00,44,0,45
2024-09-05 06:00:00,251,0,168
2024-09-05 07:00:00,641,0,325
2024-09-05 08:00:00,359,0,198
2024-09-05 09:00:00,230,0,53
2024-09-05 10:00:00,209,0,40
2024-09-05 11:00:00,382,0,64
2024-09-05 12:00:00,535,0,60
2024-09-05 13:00:00,266,0,51
2024-09-05 14:00:00,222,0,116
2024-09-05 15:00:00,377,0,154
2024-09-05 16:00:00,845,0,294
2024-09-05 17:00:00,516,0,171
2024-09-05 18:00:00,473,0,93
2024-09-05 19:00:00,199,0,44
2024-09-05 20:00:00,131,0,26
2024-09-05 21:00:00,112,0,21
2024-09-05 22:00:00,72,0,12
2024-09-05 23:00:00,23,0,2
2024-09-06 00:00:00,10,0,4
2024-09-06 01:00:00,8,0,0
2024-09-06 02:00:00,4,0,1
2024-09-06 03:00:00,3,0,1
2024-09-06 04:00:00,15,0,1
2024-09-06 05:00:00,43,0,43
2024-09-06 06:00:00,183,0,101
2024-09-06 07:00:00,401,0,176
2024-09-06 08:00:00,249,0,109
2024-09-06 09:00:00,160,0,40
2024-09-06 10:00:00,307,0,34
2024-09-06 11:00:00,549,0,57
2024-09-06 12:00:00,688,0,70
2024-09-06 13:00:00,492,0,76
2024-09-06 14:00:00,327,0,94
2024-09-06 15:00:00,562,0,124
2024-09-06 16:00:00,781,0,197
2024-09-06 17:00:00,675,0,122
2024-09-06 18:00:00,497,0,98
2024-09-06 19:00:00,192,1,37
2024-09-06 20:00:00,197,0,18
2024-09-06 21:00:00,93,0,27
2024-09-06 22:00:00,133,0,16
2024-09-06 23:00:00,64,0,5
2024-09-07 00:00:00,30,0,3
2024-09-07 01:00:00,31,0,1
2024-09-07 02:00:00,27,0,1
2024-09-07 03:00:00,12,0,4
2024-09-07 04:00:00,13,0,2
2024-09-07 05:00:00,37,0,12
2024-09-07 06:00:00,47,0,20
2024-09-07 07:00:00,133,0,53
2024-09-07 08:00:00,229,0,64
2024-09-07 09:00:00,432,0,72
2024-09-07 10:00:00,664,0,71
2024-09-07 11:00:00,950,0,91
2024-09-07 12:00:00,1015,0,123
2024-09-07 13:00:00,978,0,99
2024-09-07 14:00:00,1153,0,120
2024-09-07 15:00:00,1123,0,122
2024-09-07 16:00:00,991,0,98
2024-09-07 17:00:00,698,0,78
2024-09-07 18:00:00,602,0,76
2024-09-07 19:00:00,371,0,36
2024-09-07 20:00:00,296,0,39
2024-09-07 21:00:00,241,0,34
2024-09-07 22:00:00,210,0,14
2024-09-07 23:00:00,150,0,14
2024-09-08 00:00:00,70,0,2
2024-09-08 01:00:00,79,0,3
2024-09-08 02:00:00,31,0,4
2024-09-08 03:00:00,15,0,0
2024-09-08 04:00:00,7,0,1
2024-09-08 05:00:00,13,0,5
2024-09-08 06:00:00,40,0,9
2024-09-08 07:00:00,103,0,31
2024-09-08 08:00:00,205,0,69
2024-09-08 09:00:00,402,0,60
2024-09-08 10:00:00,645,0,69
2024-09-08 11:00:00,726,0,61
2024-09-08 12:00:00,900,0,97
2024-09-08 13:00:00,852,0,95
2024-09-08 14:00:00,782,0,102
2024-09-08 15:00:00,701,0,103
2024-09-08 16:00:00,624,0,78
2024-09-08 17:00:00,469,0,74
2024-09-08 18:00:00,348,0,62
2024-09-08 19:00:00,164,0,44
2024-09-08 20:00:00,92,0,22
2024-09-08 21:00:00,64,0,13
2024-09-08 22:00:00,52,0,4
2024-09-08 23:00:00,32,0,1
2024-09-09 00:00:00,25,0,1
2024-09-09 01:00:00,13,0,1
2024-09-09 02:00:00,5,0,0
2024-09-09 03:00:00,9,0,3
2024-09-09 04:00:00,13,0,6
2024-09-09 05:00:00,68,0,44
2024-09-09 06:00:00,239,0,154
2024-09-09 07:00:00,636,0,370
2024-09-09 08:00:00,453,0,200
2024-09-09 09:00:00,397,0,71
2024-09-09 10:00:00,505,0,71
2024-09-09 11:00:00,998,0,84
2024-09-09 12:00:00,1268,0,124
2024-09-09 13:00:00,813,0,120
2024-09-09 14:00:00,775,0,139
2024-09-09 15:00:00,876,0,223
2024-09-09 16:00:00,1205,0,427
2024-09-09 17:00:00,875,0,249
2024-09-09 18:00:00,570,0,125
2024-09-09 19:00:00,281,0,68
2024-09-09 20:00:00,191,0,61
2024-09-09 21:00:00,145,0,32
2024-09-09 22:00:00,85,0,16
2024-09-09 23:00:00,49,0,6
2024-09-10 00:00:00,29,0,3
2024-09-10 01:00:00,23,0,3
2024-09-10 02:00:00,11,0,3
2024-09-10 03:00:00,9,0,1
2024-09-10 04:00:00,11,0,6
2024-09-10 05:00:00,48,0,34
2024-09-10 06:00:00,248,0,180
2024-09-10 07:00:00,818,0,380
2024-09-10 08:00:00,440,0,197
2024-09-10 09:00:00,773,0,90
2024-09-10 10:00:00,458,0,55
2024-09-10 11:00:00,989,0,85
2024-09-10 12:00:00,1127,0,83
2024-09-10 13:00:00,749,0,81
2024-09-10 14:00:00,460,0,120
2024-09-10 15:00:00,537,0,187
2024-09-10 16:00:00,841,0,342
2024-09-10 17:00:00,685,0,195
2024-09-10 18:00:00,570,0,108
2024-09-10 19:00:00,231,0,48
2024-09-10 20:00:00,156,0,33
2024-09-10 21:00:00,112,0,22
2024-09-10 22:00:00,56,0,10
2024-09-10 23:00:00,71,0,3
2024-09-11 00:00:00,23,0,1
2024-09-11 01:00:00,35,0,0
2024-09-11 02:00:00,17,0,1
2024-09-11 03:00:00,6,0,1
2024-09-11 04:00:00,5,0,8
2024-09-11 05:00:00,62,0,51
2024-09-11 06:00:00,262,0,171
2024-09-11 07:00:00,837,0,431
2024-09-11 08:00:00,518,0,225
2024-09-11 09:00:00,396,0,95
2024-09-11 10:00:00,493,0,83
2024-09-11 11:00:00,1036,0,97
2024-09-11 12:00:00,1212,0,121
2024-09-11 13:00:00,764,0,124
2024-09-11 14:00:00,598,0,151
2024-09-11 15:00:00,899,1,214
2024-09-11 16:00:00,1421,0,406
2024-09-11 17:00:00,867,0,250
2024-09-11 18:00:00,644,0,144
2024-09-11 19:00:00,323,0,65
2024-09-11 20:00:00,237,0,72
2024-09-11 21:00:00,150,0,45
2024-09-11 22:00:00,110,0,17
2024-09-11 23:00:00,38,0,8
2024-09-12 00:00:00,17,0,3
2024-09-12 01:00:00,10,0,2
2024-09-12 02:00:00,7,0,1
2024-09-12 03:00:00,12,0,1
2024-09-12 04:00:00,10,0,6
2024-09-12 05:00:00,76,0,39
2024-09-12 06:00:00,269,0,162
2024-09-12 07:00:00,772,0,396
2024-09-12 08:00:00,462,0,208
2024-09-12 09:00:00,376,0,80
2024-09-12 10:00:00,465,0,78
2024-09-12 11:00:00,890,0,100
2024-09-12 12:00:00,1066,0,126
2024-09-12 13:00:00,719,0,91
2024-09-12 14:00:00,708,0,132
2024-09-12 15:00:00,844,0,227
2024-09-12 16:00:00,1181,0,395
2024-09-12 17:00:00,924,0,241
2024-09-12 18:00:00,699,0,140
2024-09-12 19:00:00,340,0,83
2024-09-12 20:00:00,299,0,68
2024-09-12 21:00:00,219,0,43
2024-09-12 22:00:00,114,0,22
2024-09-12 23:00:00,64,0,9
2024-09-13 00:00:00,40,0,1
2024-09-13 01:00:00,36,0,5
2024-09-13 02:00:00,19,0,0
2024-09-13 03:00:00,22,0,4
2024-09-13 04:00:00,17,0,9
2024-09-13 05:00:00,63,0,35
2024-09-13 06:00:00,210,0,131
2024-09-13 07:00:00,548,0,273
2024-09-13 08:00:00,423,0,153
2024-09-13 09:00:00,415,0,87
2024-09-13 10:00:00,483,0,74
2024-09-13 11:00:00,881,0,88
2024-09-13 12:00:00,1010,0,123
2024-09-13 13:00:00,824,0,109
2024-09-13 14:00:00,678,0,166
2024-09-13 15:00:00,891,0,217
2024-09-13 16:00:00,1175,0,301
2024-09-13 17:00:00,982,0,197
2024-09-13 18:00:00,731,0,115
2024-09-13 19:00:00,534,0,74
2024-09-13 20:00:00,815,0,177
2024-09-13 21:00:00,372,0,49
2024-09-13 22:00:00,210,1,36
2024-09-13 23:00:00,119,0,18
2024-09-14 00:00:00,39,0,6
2024-09-14 01:00:00,52,0,7
2024-09-14 02:00:00,33,0,2
2024-09-14 03:00:00,8,0,2
2024-09-14 04:00:00,7,0,5
2024-09-14 05:00:00,34,0,8
2024-09-14 06:00:00,54,0,27
2024-09-14 07:00:00,158,0,23
2024-09-14 08:00:00,300,0,69
2024-09-14 09:00:00,512,0,103
2024-09-14 10:00:00,772,0,101
2024-09-14 11:00:00,1071,0,105
2024-09-14 12:00:00,1263,0,125
2024-09-14 13:00:00,1209,0,149
2024-09-14 14:00:00,1283,0,133
2024-09-14 15:00:00,1211,0,132
2024-09-14 16:00:00,1230,0,152
2024-09-14 17:00:00,1161,0,120
2024-09-14 18:00:00,860,0,111
2024-09-14 19:00:00,472,1,70
2024-09-14 20:00:00,397,0,65
2024-09-14 21:00:00,334,1,48
2024-09-14 22:00:00,238,0,30
2024-09-14 23:00:00,183,0,21
2024-09-15 00:00:00,116,0,9
2024-09-15 01:00:00,81,0,7
2024-09-15 02:00:00,60,0,9
2024-09-15 03:00:00,24,0,2
2024-09-15 04:00:00,10,0,2
2024-09-15 05:00:00,19,0,6
2024-09-15 06:00:00,62,0,17
2024-09-15 07:00:00,121,0,40
2024-09-15 08:00:00,252,0,84
2024-09-15 09:00:00,539,0,98
2024-09-15 10:00:00,660,0,99
2024-09-15 11:00:00,827,0,93
2024-09-15 12:00:00,818,0,111
2024-09-15 13:00:00,811,0,110
2024-09-15 14:00:00,844,0,92
2024-09-15 15:00:00,732,0,97
2024-09-15 16:00:00,669,0,109
2024-09-15 17:00:00,456,0,88
2024-09-15 18:00:00,412,0,68
2024-09-15 19:00:00,208,0,62
2024-09-15 20:00:00,157,0,35
2024-09-15 21:00:00,155,0,19
2024-09-15 22:00:00,121,0,16
2024-09-15 23:00:00,58,0,6
2024-09-16 00:00:00,30,0,3
2024-09-16 01:00:00,26,0,0
2024-09-16 02:00:00,11,0,3
2024-09-16 03:00:00,6,0,3
2024-09-16 04:00:00,12,0,10
2024-09-16 05:00:00,43,0,47
2024-09-16 06:00:00,265,0,173
2024-09-16 07:00:00,726,0,366
2024-09-16 08:00:00,477,0,222
2024-09-16 09:00:00,512,0,83
2024-09-16 10:00:00,510,0,70
2024-09-16 11:00:00,1031,0,89
2024-09-16 12:00:00,1255,0,109
2024-09-16 13:00:00,747,0,121
2024-09-16 14:00:00,984,0,151
2024-09-16 15:00:00,962,0,232
2024-09-16 16:00:00,1139,0,403
2024-09-16 17:00:00,1160,0,280
2024-09-16 18:00:00,583,0,113
2024-09-16 19:00:00,274,0,88
2024-09-16 20:00:00,263,0,50
2024-09-16 21:00:00,159,0,49
2024-09-16 22:00:00,73,0,12
2024-09-16 23:00:00,31,0,12
2024-09-17 00:00:00,27,0,3
2024-09-17 01:00:00,32,0,1
2024-09-17 02:00:00,8,0,1
2024-09-17 03:00:00,7,0,1
2024-09-17 04:00:00,13,0,10
2024-09-17 05:00:00,64,0,49
2024-09-17 06:00:00,320,0,169
2024-09-17 07:00:00,859,0,473
2024-09-17 08:00:00,527,0,236
2024-09-17 09:00:00,372,0,94
2024-09-17 10:00:00,539,0,67
2024-09-17 11:00:00,1166,0,127
2024-09-17 12:00:00,1612,0,135
2024-09-17 13:00:00,839,0,130
2024-09-17 14:00:00,773,0,180
2024-09-17 15:00:00,1091,0,272
2024-09-17 16:00:00,1229,0,493
2024-09-17 17:00:00,1252,0,296
2024-09-17 18:00:00,863,0,176
2024-09-17 19:00:00,374,0,90
2024-09-17 20:00:00,291,0,82
2024-09-17 21:00:00,173,0,42
2024-09-17 22:00:00,130,0,33
2024-09-17 23:00:00,73,0,7
2024-09-18 00:00:00,29,0,3
2024-09-18 01:00:00,18,0,5
2024-09-18 02:00:00,15,0,0
2024-09-18 03:00:00,7,0,0
2024-09-18 04:00:00,16,0,11
2024-09-18 05:00:00,56,0,50
2024-09-18 06:00:00,300,0,183
2024-09-18 07:00:00,828,0,446
2024-09-18 08:00:00,427,0,225
2024-09-18 09:00:00,320,0,89
2024-09-18 10:00:00,482,0,77
2024-09-18 11:00:00,1043,0,100
2024-09-18 12:00:00,1479,0,116
2024-09-18 13:00:00,801,0,131
2024-09-18 14:00:00,696,0,155
2024-09-18 15:00:00,910,0,263
2024-09-18 16:00:00,1280,0,495
2024-09-18 17:00:00,886,0,254
2024-09-18 18:00:00,745,0,162
2024-09-18 19:00:00,361,0,108
2024-09-18 20:00:00,271,0,86
2024-09-18 21:00:00,216,1,35
2024-09-18 22:00:00,113,1,21
2024-09-18 23:00:00,45,0,11
2024-09-19 00:00:00,45,0,6
2024-09-19 01:00:00,29,0,5
2024-09-19 02:00:00,14,0,4
2024-09-19 03:00:00,9,0,0
2024-09-19 04:00:00,8,0,11
2024-09-19 05:00:00,73,0,40
2024-09-19 06:00:00,286,0,187
2024-09-19 07:00:00,725,0,385
2024-09-19 08:00:00,441,0,230
2024-09-19 09:00:00,331,0,98
2024-09-19 10:00:00,456,0,91
2024-09-19 11:00:00,1033,0,100
2024-09-19 12:00:00,1338,0,117
2024-09-19 13:00:00,703,0,107
2024-09-19 14:00:00,720,0,153
2024-09-19 15:00:00,787,0,242
2024-09-19 16:00:00,1177,0,425
2024-09-19 17:00:00,1002,0,270
2024-09-19 18:00:00,665,0,192
2024-09-19 19:00:00,357,0,110
2024-09-19 20:00:00,275,0,79
2024-09-19 21:00:00,257,0,57
2024-09-19 22:00:00,198,0,49
2024-09-19 23:00:00,79,0,14
2024-09-20 00:00:00,35,0,5
2024-09-20 01:00:00,31,0,5
2024-09-20 02:00:00,28,0,5
2024-09-20 03:00:00,15,0,4
2024-09-20 04:00:00,12,0,9
2024-09-20 05:00:00,56,0,29
2024-09-20 06:00:00,234,0,129
2024-09-20 07:00:00,563,0,267
2024-09-20 08:00:00,390,0,168
2024-09-20 09:00:00,367,0,66
2024-09-20 10:00:00,462,0,66
2024-09-20 11:00:00,819,0,122
2024-09-20 12:00:00,934,0,127
2024-09-20 13:00:00,665,0,100
2024-09-20 14:00:00,503,0,112
2024-09-20 15:00:00,787,0,179
2024-09-20 16:00:00,938,0,242
2024-09-20 17:00:00,895,0,153
2024-09-20 18:00:00,696,0,74
2024-09-20 19:00:00,428,0,44
2024-09-20 20:00:00,396,0,44
2024-09-20 21:00:00,298,0,41
2024-09-20 22:00:00,260,0,31
2024-09-20 23:00:00,186,0,22
2024-09-21 00:00:00,103,0,14
2024-09-21 01:00:00,67,0,7
2024-09-21 02:00:00,44,0,10
2024-09-21 03:00:00,21,0,2
2024-09-21 04:00:00,8,0,5
2024-09-21 05:00:00,45,0,5
2024-09-21 06:00:00,67,0,23
2024-09-21 07:00:00,119,0,35
2024-09-21 08:00:00,261,0,52
2024-09-21 09:00:00,543,0,75
2024-09-21 10:00:00,609,0,64
2024-09-21 11:00:00,872,0,81
2024-09-21 12:00:00,972,0,81
2024-09-21 13:00:00,1120,0,91
2024-09-21 14:00:00,993,0,105
2024-09-21 15:00:00,1158,0,112
2024-09-21 16:00:00,1123,0,112
2024-09-21 17:00:00,1065,0,121
2024-09-21 18:00:00,739,0,85
2024-09-21 19:00:00,442,0,68
2024-09-21 20:00:00,408,0,53
2024-09-21 21:00:00,349,0,59
2024-09-21 22:00:00,355,0,57
2024-09-21 23:00:00,185,0,27
2024-09-22 00:00:00,113,0,11
2024-09-22 01:00:00,80,0,11
2024-09-22 02:00:00,63,0,9
2024-09-22 03:00:00,27,0,3
2024-09-22 04:00:00,17,0,2
2024-09-22 05:00:00,16,0,7
2024-09-22 06:00:00,33,0,11
2024-09-22 07:00:00,52,0,15
2024-09-22 08:00:00,81,0,22
2024-09-22 09:00:00,189,0,31
2024-09-22 10:00:00,223,0,24
2024-09-22 11:00:00,331,0,35
2024-09-22 12:00:00,462,0,47
2024-09-22 13:00:00,582,0,55
2024-09-22 14:00:00,638,0,57
2024-09-22 15:00:00,404,0,53
2024-09-22 16:00:00,449,0,54
2024-09-22 17:00:00,430,0,63
2024-09-22 18:00:00,299,0,60
2024-09-22 19:00:00,173,0,21
2024-09-22 20:00:00,142,0,26
2024-09-22 21:00:00,92,0,16
2024-09-22 22:00:00,80,0,6
2024-09-22 23:00:00,33,0,3
2024-09-23 00:00:00,12,0,1
2024-09-23 01:00:00,11,0,2
2024-09-23 02:00:00,4,0,0
2024-09-23 03:00:00,2,0,0
2024-09-23 04:00:00,11,0,5
2024-09-23 05:00:00,19,0,30
2024-09-23 06:00:00,186,0,116
2024-09-23 07:00:00,595,0,255
2024-09-23 08:00:00,303,0,136
2024-09-23 09:00:00,382,0,38
2024-09-23 10:00:00,240,0,30
2024-09-23 11:00:00,413,0,39
2024-09-23 12:00:00,533,0,49
2024-09-23 13:00:00,326,0,58
2024-09-23 14:00:00,321,0,89
2024-09-23 15:00:00,519,0,108
2024-09-23 16:00:00,772,0,225
2024-09-23 17:00:00,494,0,146
2024-09-23 18:00:00,260,0,66
2024-09-23 19:00:00,159,0,24
2024-09-23 20:00:00,127,0,20
2024-09-23 21:00:00,91,0,11
2024-09-23 22:00:00,70,0,0
2024-09-23 23:00:00,36,0,3
2024-09-24 00:00:00,16,0,0
2024-09-24 01:00:00,6,0,0
2024-09-24 02:00:00,7,0,1
2024-09-24 03:00:00,8,0,2
2024-09-24 04:00:00,19,0,5
2024-09-24 05:00:00,50,0,31
2024-09-24 06:00:00,271,0,158
2024-09-24 07:00:00,751,0,391
2024-09-24 08:00:00,514,0,206
2024-09-24 09:00:00,356,0,90
2024-09-24 10:00:00,464,0,62
2024-09-24 11:00:00,967,0,105
2024-09-24 12:00:00,1177,0,131
2024-09-24 13:00:00,659,0,92
2024-09-24 14:00:00,640,0,126
2024-09-24 15:00:00,806,0,249
2024-09-24 16:00:00,1166,0,442
2024-09-24 17:00:00,1056,0,258
2024-09-24 18:00:00,630,0,148
2024-09-24 19:00:00,314,0,70
2024-09-24 20:00:00,188,0,46
2024-09-24 21:00:00,159,0,33
2024-09-24 22:00:00,104,0,11
2024-09-24 23:00:00,67,0,5
2024-09-25 00:00:00,20,0,4
2024-09-25 01:00:00,19,0,0
2024-09-25 02:00:00,18,0,1
2024-09-25 03:00:00,7,0,1
2024-09-25 04:00:00,14,0,8
2024-09-25 05:00:00,67,0,42
2024-09-25 06:00:00,269,0,137
2024-09-25 07:00:00,765,0,413
2024-09-25 08:00:00,435,0,219
2024-09-25 09:00:00,322,0,77
2024-09-25 10:00:00,457,0,70
2024-09-25 11:00:00,792,0,101
2024-09-25 12:00:00,735,0,90
2024-09-25 13:00:00,446,0,83
2024-09-25 14:00:00,452,0,111
2024-09-25 15:00:00,443,0,177
2024-09-25 16:00:00,969,0,404
2024-09-25 17:00:00,803,0,218
2024-09-25 18:00:00,411,0,116
2024-09-25 19:00:00,231,0,47
2024-09-25 20:00:00,185,0,45
2024-09-25 21:00:00,123,1,21
2024-09-25 22:00:00,88,0,17
2024-09-25 23:00:00,41,0,2
2024-09-26 00:00:00,29,0,2
2024-09-26 01:00:00,6,0,0
2024-09-26 02:00:00,11,0,0
2024-09-26 03:00:00,6,0,0
2024-09-26 04:00:00,17,0,7
2024-09-26 05:00:00,45,0,29
2024-09-26 06:00:00,242,0,160
2024-09-26 07:00:00,751,0,361
2024-09-26 08:00:00,523,0,211
2024-09-26 09:00:00,365,0,81
2024-09-26 10:00:00,462,0,70
2024-09-26 11:00:00,994,0,111
2024-09-26 12:00:00,1126,0,93
2024-09-26 13:00:00,664,0,101
2024-09-26 14:00:00,655,0,120
2024-09-26 15:00:00,728,0,212
2024-09-26 16:00:00,967,0,352
2024-09-26 17:00:00,670,0,213
2024-09-26 18:00:00,345,0,95
2024-09-26 19:00:00,173,0,40
2024-09-26 20:00:00,180,0,34
2024-09-26 21:00:00,124,0,39
2024-09-26 22:00:00,107,0,16
2024-09-26 23:00:00,36,0,3
2024-09-27 00:00:00,12,0,3
2024-09-27 01:00:00,17,0,0
2024-09-27 02:00:00,10,0,0
2024-09-27 03:00:00,4,0,1
2024-09-27 04:00:00,6,0,6
2024-09-27 05:00:00,40,0,21
2024-09-27 06:00:00,196,0,95
2024-09-27 07:00:00,552,0,219
2024-09-27 08:00:00,395,0,188
2024-09-27 09:00:00,326,0,72
2024-09-27 10:00:00,416,0,74
2024-09-27 11:00:00,752,0,71
2024-09-27 12:00:00,878,0,99
2024-09-27 13:00:00,743,0,105
2024-09-27 14:00:00,770,0,128
2024-09-27 15:00:00,937,0,198
2024-09-27 16:00:00,1117,0,253
2024-09-27 17:00:00,920,0,184
2024-09-27 18:00:00,662,0,114
2024-09-27 19:00:00,400,0,70
2024-09-27 20:00:00,383,0,78
2024-09-27 21:00:00,349,0,60
2024-09-27 22:00:00,272,0,28
2024-09-27 23:00:00,159,0,17
2024-09-28 00:00:00,131,0,13
2024-09-28 01:00:00,67,0,4
2024-09-28 02:00:00,62,0,3
2024-09-28 03:00:00,33,0,5
2024-09-28 04:00:00,32,0,6
2024-09-28 05:00:00,32,0,13
2024-09-28 06:00:00,50,0,22
2024-09-28 07:00:00,149,0,46
2024-09-28 08:00:00,282,0,68
2024-09-28 09:00:00,496,0,94
2024-09-28 10:00:00,782,0,101
2024-09-28 11:00:00,1036,0,140
2024-09-28 12:00:00,1096,0,153
2024-09-28 13:00:00,1151,0,127
2024-09-28 14:00:00,1297,0,120
2024-09-28 15:00:00,1294,0,109
2024-09-28 16:00:00,1279,0,127
2024-09-28 17:00:00,1068,0,106
2024-09-28 18:00:00,832,0,80
2024-09-28 19:00:00,469,1,59
2024-09-28 20:00:00,343,0,49
2024-09-28 21:00:00,413,0,47
2024-09-28 22:00:00,264,0,33
2024-09-28 23:00:00,181,0,18
2024-09-29 00:00:00,94,0,12
2024-09-29 01:00:00,103,0,7
2024-09-29 02:00:00,55,0,3
2024-09-29 03:00:00,37,0,3
2024-09-29 04:00:00,49,0,3
2024-09-29 05:00:00,28,0,6
2024-09-29 06:00:00,49,0,9
2024-09-29 07:00:00,92,0,30
2024-09-29 08:00:00,211,0,53
2024-09-29 09:00:00,392,0,57
2024-09-29 10:00:00,515,0,80
2024-09-29 11:00:00,709,0,76
2024-09-29 12:00:00,686,0,84
2024-09-29 13:00:00,633,0,69
2024-09-29 14:00:00,716,0,55
2024-09-29 15:00:00,512,0,112
2024-09-29 16:00:00,410,0,87
2024-09-29 17:00:00,287,0,66
2024-09-29 18:00:00,120,0,18
2024-09-29 19:00:00,38,0,14
2024-09-29 20:00:00,45,0,10
2024-09-29 21:00:00,20,0,13
2024-09-29 22:00:00,12,0,2
2024-09-29 23:00:00,7,0,0
2024-09-30 00:00:00,5,0,2
2024-09-30 01:00:00,4,0,1
2024-09-30 02:00:00,4,0,0
2024-09-30 03:00:00,5,0,2
2024-09-30 04:00:00,12,0,3
2024-09-30 05:00:00,35,0,18
2024-09-30 06:00:00,190,0,137
2024-09-30 07:00:00,642,0,326
2024-09-30 08:00:00,408,0,203
2024-09-30 09:00:00,332,0,75
2024-09-30 10:00:00,407,0,73
2024-09-30 11:00:00,775,0,66
2024-09-30 12:00:00,950,0,88
2024-09-30 13:00:00,576,0,72
2024-09-30 14:00:00,602,0,96
2024-09-30 15:00:00,668,0,203
2024-09-30 16:00:00,1002,0,376
2024-09-30 17:00:00,820,0,214
2024-09-30 18:00:00,477,0,114
2024-09-30 19:00:00,227,0,78
2024-09-30 20:00:00,179,0,45
2024-09-30 21:00:00,112,0,39
2024-09-30 22:00:00,79,0,14
2024-09-30 23:00:00,25,0,2
2024-10-01 00:00:00,22,0,6
2024-10-01 01:00:00,12,0,2
2024-10-01 02:00:00,5,0,3
2024-10-01 03:00:00,9,0,2
2024-10-01 04:00:00,21,0,4
2024-10-01 05:00:00,46,0,41
2024-10-01 06:00:00,300,0,175
2024-10-01 07:00:00,768,0,428
2024-10-01 08:00:00,434,0,242
2024-10-01 09:00:00,339,0,83
2024-10-01 10:00:00,465,0,68
2024-10-01 11:00:00,985,0,79
2024-10-01 12:00:00,1160,0,109
2024-10-01 13:00:00,610,0,106
2024-10-01 14:00:00,574,0,141
2024-10-01 15:00:00,750,0,243
2024-10-01 16:00:00,1121,0,425
2024-10-01 17:00:00,1017,0,243
2024-10-01 18:00:00,400,0,117
2024-10-01 19:00:00,268,0,82
2024-10-01 20:00:00,166,0,49
2024-10-01 21:00:00,161,0,36
2024-10-01 22:00:00,80,0,24
2024-10-01 23:00:00,55,0,5
2024-10-02 00:00:00,28,0,6
2024-10-02 01:00:00,13,0,0
2024-10-02 02:00:00,6,0,1
2024-10-02 03:00:00,8,0,2
2024-10-02 04:00:00,15,0,10
2024-10-02 05:00:00,54,0,32
2024-10-02 06:00:00,290,0,169
2024-10-02 07:00:00,762,0,427
2024-10-02 08:00:00,406,0,210
2024-10-02 09:00:00,308,0,89
2024-10-02 10:00:00,389,0,47
2024-10-02 11:00:00,921,0,88
2024-10-02 12:00:00,1072,0,96
2024-10-02 13:00:00,680,0,90
2024-10-02 14:00:00,615,0,163
2024-10-02 15:00:00,855,0,240
2024-10-02 16:00:00,1060,0,396
2024-10-02 17:00:00,853,0,230
2024-10-02 18:00:00,490,0,120
2024-10-02 19:00:00,294,0,73
2024-10-02 20:00:00,277,1,68
2024-10-02 21:00:00,185,0,48
2024-10-02 22:00:00,126,0,22
2024-10-02 23:00:00,50,0,11
2024-10-03 00:00:00,35,0,9
2024-10-03 01:00:00,13,0,3
2024-10-03 02:00:00,12,0,2
2024-10-03 03:00:00,10,0,1
2024-10-03 04:00:00,18,0,9
2024-10-03 05:00:00,59,0,41
2024-10-03 06:00:00,284,0,175
2024-10-03 07:00:00,883,0,393
2024-10-03 08:00:00,494,0,232
2024-10-03 09:00:00,363,0,90
2024-10-03 10:00:00,419,0,51
2024-10-03 11:00:00,1129,0,109
2024-10-03 12:00:00,1526,0,120
2024-10-03 13:00:00,774,0,94
2024-10-03 14:00:00,673,0,168
2024-10-03 15:00:00,916,0,240
2024-10-03 16:00:00,1193,0,416
2024-10-03 17:00:00,954,0,269
2024-10-03 18:00:00,507,1,125
2024-10-03 19:00:00,349,0,75
2024-10-03 20:00:00,252,1,69
2024-10-03 21:00:00,224,0,55
2024-10-03 22:00:00,154,0,34
2024-10-03 23:00:00,78,0,9
2024-10-04 00:00:00,26,0,3
2024-10-04 01:00:00,19,0,4
2024-10-04 02:00:00,13,0,0
2024-10-04 03:00:00,8,0,0
2024-10-04 04:00:00,18,0,7
2024-10-04 05:00:00,49,0,37
2024-10-04 06:00:00,225,0,137
2024-10-04 07:00:00,617,0,281
2024-10-04 08:00:00,401,0,181
2024-10-04 09:00:00,406,0,95
2024-10-04 10:00:00,490,0,114
2024-10-04 11:00:00,806,0,99
2024-10-04 12:00:00,949,0,132
2024-10-04 13:00:00,660,0,117
2024-10-04 14:00:00,753,0,169
2024-10-04 15:00:00,852,0,218
2024-10-04 16:00:00,1026,0,309
2024-10-04 17:00:00,866,0,187
2024-10-04 18:00:00,654,0,105
2024-10-04 19:00:00,468,0,71
2024-10-04 20:00:00,407,0,65
2024-10-04 21:00:00,311,0,46
2024-10-04 22:00:00,288,0,52
2024-10-04 23:00:00,164,0,18
2024-10-05 00:00:00,84,0,8
2024-10-05 01:00:00,79,0,6
2024-10-05 02:00:00,61,0,4
2024-10-05 03:00:00,26,0,8
2024-10-05 04:00:00,24,0,7
2024-10-05 05:00:00,40,0,10
2024-10-05 06:00:00,69,0,28
2024-10-05 07:00:00,157,0,49
2024-10-05 08:00:00,292,0,68
2024-10-05 09:00:00,588,0,93
2024-10-05 10:00:00,773,0,106
2024-10-05 11:00:00,1128,0,132
2024-10-05 12:00:00,1325,0,134
2024-10-05 13:00:00,1475,0,117
2024-10-05 14:00:00,1534,0,111
2024-10-05 15:00:00,1394,0,135
2024-10-05 16:00:00,1161,0,146
2024-10-05 17:00:00,992,0,110
2024-10-05 18:00:00,678,0,52
2024-10-05 19:00:00,503,0,59
2024-10-05 20:00:00,341,0,41
2024-10-05 21:00:00,262,0,36
2024-10-05 22:00:00,196,0,18
2024-10-05 23:00:00,206,0,16
2024-10-06 00:00:00,131,0,8
2024-10-06 01:00:00,70,0,2
2024-10-06 02:00:00,46,0,7
2024-10-06 03:00:00,46,0,0
2024-10-06 04:00:00,16,0,8
2024-10-06 05:00:00,17,0,9
2024-10-06 06:00:00,45,0,13
2024-10-06 07:00:00,98,0,36
2024-10-06 08:00:00,161,0,47
2024-10-06 09:00:00,393,0,51
2024-10-06 10:00:00,546,0,66
2024-10-06 11:00:00,705,0,78
2024-10-06 12:00:00,718,0,88
2024-10-06 13:00:00,722,0,81
2024-10-06 14:00:00,530,0,66
2024-10-06 15:00:00,331,0,53
2024-10-06 16:00:00,419,0,79
2024-10-06 17:00:00,445,0,59
2024-10-06 18:00:00,199,0,39
2024-10-06 19:00:00,118,0,23
2024-10-06 20:00:00,92,0,17
2024-10-06 21:00:00,72,0,11
2024-10-06 22:00:00,37,0,5
2024-10-06 23:00:00,23,0,3
2024-10-07 00:00:00,17,0,0
2024-10-07 01:00:00,7,0,0
2024-10-07 02:00:00,6,0,1
2024-10-07 03:00:00,8,0,3
2024-10-07 04:00:00,12,0,8
2024-10-07 05:00:00,37,0,23
2024-10-07 06:00:00,230,0,138
2024-10-07 07:00:00,628,0,380
2024-10-07 08:00:00,426,0,210
2024-10-07 09:00:00,342,0,73
2024-10-07 10:00:00,501,0,59
2024-10-07 11:00:00,1040,0,79
2024-10-07 12:00:00,1207,0,85
2024-10-07 13:00:00,621,0,96
2024-10-07 14:00:00,517,0,139
2024-10-07 15:00:00,763,0,197
2024-10-07 16:00:00,1114,0,410
2024-10-07 17:00:00,844,0,208
2024-10-07 18:00:00,310,0,93
2024-10-07 19:00:00,210,0,37
2024-10-07 20:00:00,110,0,26
2024-10-07 21:00:00,72,0,36
2024-10-07 22:00:00,51,0,10
2024-10-07 23:00:00,24,0,4
2024-10-08 00:00:00,46,0,0
2024-10-08 01:00:00,41,0,3
2024-10-08 02:00:00,15,0,1
2024-10-08 03:00:00,9,0,4
2024-10-08 04:00:00,6,0,3
2024-10-08 05:00:00,40,0,19
2024-10-08 06:00:00,273,0,159
2024-10-08 07:00:00,730,0,344
2024-10-08 08:00:00,417,0,216
2024-10-08 09:00:00,268,0,70
2024-10-08 10:00:00,325,0,44
2024-10-08 11:00:00,711,0,69
2024-10-08 12:00:00,280,0,48
2024-10-08 13:00:00,190,0,44
2024-10-08 14:00:00,272,0,91
2024-10-08 15:00:00,582,0,198
2024-10-08 16:00:00,975,0,395
2024-10-08 17:00:00,486,0,166
2024-10-08 18:00:00,224,0,86
2024-10-08 19:00:00,157,0,49
2024-10-08 20:00:00,115,1,52
2024-10-08 21:00:00,101,0,23
2024-10-08 22:00:00,86,0,11
2024-10-08 23:00:00,43,0,3
2024-10-09 00:00:00,15,0,1
2024-10-09 01:00:00,10,0,1
2024-10-09 02:00:00,4,0,0
2024-10-09 03:00:00,4,0,2
2024-10-09 04:00:00,8,0,6
2024-10-09 05:00:00,45,0,28
2024-10-09 06:00:00,274,0,182
2024-10-09 07:00:00,775,0,392
2024-10-09 08:00:00,485,0,228
2024-10-09 09:00:00,421,0,80
2024-10-09 10:00:00,460,0,63
2024-10-09 11:00:00,949,0,85
2024-10-09 12:00:00,1113,0,119
2024-10-09 13:00:00,619,0,100
2024-10-09 14:00:00,679,0,128
2024-10-09 15:00:00,738,0,204
2024-10-09 16:00:00,855,0,386
2024-10-09 17:00:00,719,0,235
2024-10-09 18:00:00,349,0,78
2024-10-09 19:00:00,203,0,45
2024-10-09 20:00:00,142,0,29
2024-10-09 21:00:00,125,0,26
2024-10-09 22:00:00,86,0,8
2024-10-09 23:00:00,36,0,4
2024-10-10 00:00:00,31,0,4
2024-10-10 01:00:00,12,0,0
2024-10-10 02:00:00,4,0,0
2024-10-10 03:00:00,7,0,2
2024-10-10 04:00:00,19,0,9
2024-10-10 05:00:00,42,0,21
2024-10-10 06:00:00,275,0,152
2024-10-10 07:00:00,736,0,362
2024-10-10 08:00:00,410,0,226
2024-10-10 09:00:00,318,0,76
2024-10-10 10:00:00,453,0,61
2024-10-10 11:00:00,969,0,107
2024-10-10 12:00:00,1374,0,98
2024-10-10 13:00:00,651,0,117
2024-10-10 14:00:00,640,0,161
2024-10-10 15:00:00,739,0,225
2024-10-10 16:00:00,1090,0,375
2024-10-10 17:00:00,874,0,202
2024-10-10 18:00:00,424,0,130
2024-10-10 19:00:00,375,0,90
2024-10-10 20:00:00,210,1,64
2024-10-10 21:00:00,175,0,45
2024-10-10 22:00:00,146,0,24
2024-10-10 23:00:00,69,0,6
2024-10-11 00:00:00,29,0,1
2024-10-11 01:00:00,33,0,3
2024-10-11 02:00:00,25,0,0
2024-10-11 03:00:00,15,0,3
2024-10-11 04:00:00,21,0,13
2024-10-11 05:00:00,53,0,34
2024-10-11 06:00:00,233,0,138
2024-10-11 07:00:00,574,0,273
2024-10-11 08:00:00,401,0,148
2024-10-11 09:00:00,400,0,81
2024-10-11 10:00:00,499,0,83
2024-10-11 11:00:00,871,0,103
2024-10-11 12:00:00,1053,0,122
2024-10-11 13:00:00,786,0,139
2024-10-11 14:00:00,736,0,146
2024-10-11 15:00:00,867,0,204
2024-10-11 16:00:00,1086,0,286
2024-10-11 17:00:00,864,0,196
2024-10-11 18:00:00,560,0,78
2024-10-11 19:00:00,442,0,78
2024-10-11 20:00:00,385,0,74
2024-10-11 21:00:00,345,0,62
2024-10-11 22:00:00,253,0,52
2024-10-11 23:00:00,208,0,23
2024-10-12 00:00:00,66,0,5
2024-10-12 01:00:00,49,0,0
2024-10-12 02:00:00,44,0,2
2024-10-12 03:00:00,36,0,2
2024-10-12 04:00:00,24,0,6
2024-10-12 05:00:00,29,0,3
2024-10-12 06:00:00,57,0,24
2024-10-12 07:00:00,135,0,35
2024-10-12 08:00:00,279,0,62
2024-10-12 09:00:00,534,0,83
2024-10-12 10:00:00,658,0,78
2024-10-12 11:00:00,990,0,90
2024-10-12 12:00:00,1026,0,104
2024-10-12 13:00:00,1191,0,102
2024-10-12 14:00:00,1364,0,122
2024-10-12 15:00:00,1317,0,106
2024-10-12 16:00:00,1186,0,107
2024-10-12 17:00:00,891,0,88
2024-10-12 18:00:00,401,1,75
2024-10-12 19:00:00,335,0,62
2024-10-12 20:00:00,275,0,51
2024-10-12 21:00:00,318,0,35
2024-10-12 22:00:00,287,1,31
2024-10-12 23:00:00,175,0,11
2024-10-13 00:00:00,106,0,5
2024-10-13 01:00:00,75,0,3
2024-10-13 02:00:00,47,0,2
2024-10-13 03:00:00,19,0,4
2024-10-13 04:00:00,16,0,5
2024-10-13 05:00:00,24,0,5
2024-10-13 06:00:00,57,0,18
2024-10-13 07:00:00,93,0,28
2024-10-13 08:00:00,182,0,75
2024-10-13 09:00:00,423,0,83
2024-10-13 10:00:00,545,0,82
2024-10-13 11:00:00,643,0,92
2024-10-13 12:00:00,664,0,107
2024-10-13 13:00:00,694,0,109
2024-10-13 14:00:00,698,0,99
2024-10-13 15:00:00,670,0,104
2024-10-13 16:00:00,577,0,120
2024-10-13 17:00:00,394,0,77
2024-10-13 18:00:00,217,0,61
2024-10-13 19:00:00,186,0,42
2024-10-13 20:00:00,151,0,25
2024-10-13 21:00:00,104,0,16
2024-10-13 22:00:00,50,0,10
2024-10-13 23:00:00,13,0,1
2024-10-14 00:00:00,6,0,0
2024-10-14 01:00:00,8,0,0
2024-10-14 02:00:00,3,0,0
2024-10-14 03:00:00,2,0,1
2024-10-14 04:00:00,7,0,2
2024-10-14 05:00:00,20,2,13
2024-10-14 06:00:00,192,0,126
2024-10-14 07:00:00,632,0,322
2024-10-14 08:00:00,383,0,202
2024-10-14 09:00:00,312,0,69
2024-10-14 10:00:00,340,0,62
2024-10-14 11:00:00,754,0,78
2024-10-14 12:00:00,915,0,91
2024-10-14 13:00:00,517,0,82
2024-10-14 14:00:00,521,0,133
2024-10-14 15:00:00,711,0,171
2024-10-14 16:00:00,1046,0,344
2024-10-14 17:00:00,670,0,141
2024-10-14 18:00:00,256,1,68
2024-10-14 19:00:00,209,0,51
2024-10-14 20:00:00,133,1,34
2024-10-14 21:00:00,90,0,20
2024-10-14 22:00:00,48,0,5
2024-10-14 23:00:00,34,0,3
2024-10-15 00:00:00,27,0,0
2024-10-15 01:00:00,7,0,0
2024-10-15 02:00:00,8,0,0
2024-10-15 03:00:00,3,0,1
2024-10-15 04:00:00,8,0,3
2024-10-15 05:00:00,34,0,23
2024-10-15 06:00:00,262,0,170
2024-10-15 07:00:00,805,0,432
2024-10-15 08:00:00,472,0,232
2024-10-15 09:00:00,314,0,81
2024-10-15 10:00:00,396,0,60
2024-10-15 11:00:00,990,0,95
2024-10-15 12:00:00,1195,0,97
2024-10-15 13:00:00,560,0,91
2024-10-15 14:00:00,507,0,138
2024-10-15 15:00:00,771,0,248
2024-10-15 16:00:00,1061,0,428
2024-10-15 17:00:00,874,0,242
2024-10-15 18:00:00,400,0,132
2024-10-15 19:00:00,192,0,53
2024-10-15 20:00:00,128,0,41
2024-10-15 21:00:00,65,0,15
2024-10-15 22:00:00,50,0,14
2024-10-15 23:00:00,37,0,1
2024-10-16 00:00:00,22,0,0
2024-10-16 01:00:00,13,0,1
2024-10-16 02:00:00,7,0,0
2024-10-16 03:00:00,1,0,0
2024-10-16 04:00:00,10,0,5
2024-10-16 05:00:00,31,0,16
2024-10-16 06:00:00,228,0,126
2024-10-16 07:00:00,667,0,349
2024-10-16 08:00:00,411,0,180
2024-10-16 09:00:00,299,0,56
2024-10-16 10:00:00,221,0,34
2024-10-16 11:00:00,368,0,52
2024-10-16 12:00:00,740,0,79
2024-10-16 13:00:00,480,0,73
2024-10-16 14:00:00,474,0,94
2024-10-16 15:00:00,648,0,177
2024-10-16 16:00:00,908,0,339
2024-10-16 17:00:00,403,0,180
2024-10-16 18:00:00,176,2,62
2024-10-16 19:00:00,126,0,31
2024-10-16 20:00:00,166,0,28
2024-10-16 21:00:00,117,0,21
2024-10-16 22:00:00,56,1,8
2024-10-16 23:00:00,27,0,1
2024-10-17 00:00:00,15,0,2
2024-10-17 01:00:00,10,0,0
2024-10-17 02:00:00,8,0,0
2024-10-17 03:00:00,2,0,0
2024-10-17 04:00:00,10,0,7
2024-10-17 05:00:00,41,0,24
2024-10-17 06:00:00,247,0,158
2024-10-17 07:00:00,758,0,372
2024-10-17 08:00:00,531,0,215
2024-10-17 09:00:00,383,0,91
2024-10-17 10:00:00,453,0,76
2024-10-17 11:00:00,1056,0,83
2024-10-17 12:00:00,1514,0,114
2024-10-17 13:00:00,799,0,113
2024-10-17 14:00:00,739,0,153
2024-10-17 15:00:00,954,0,212
2024-10-17 16:00:00,1253,0,404
2024-10-17 17:00:00,895,0,239
2024-10-17 18:00:00,489,0,118
2024-10-17 19:00:00,269,0,60
2024-10-17 20:00:00,235,0,58
2024-10-17 21:00:00,160,0,47
2024-10-17 22:00:00,156,1,15
2024-10-17 23:00:00,101,0,9
2024-10-18 00:00:00,38,0,7
2024-10-18 01:00:00,25,0,1
2024-10-18 02:00:00,24,0,0
2024-10-18 03:00:00,9,0,3
2024-10-18 04:00:00,14,0,7
2024-10-18 05:00:00,37,0,17
2024-10-18 06:00:00,183,0,121
2024-10-18 07:00:00,568,0,265
2024-10-18 08:00:00,443,0,194
2024-10-18 09:00:00,354,0,91
2024-10-18 10:00:00,467,0,76
2024-10-18 11:00:00,908,0,100
2024-10-18 12:00:00,1180,0,122
2024-10-18 13:00:00,784,0,126
2024-10-18 14:00:00,727,0,175
2024-10-18 15:00:00,838,0,196
2024-10-18 16:00:00,987,0,263
2024-10-18 17:00:00,451,1,137
2024-10-18 18:00:00,336,0,53
2024-10-18 19:00:00,266,0,47
2024-10-18 20:00:00,186,0,30
2024-10-18 21:00:00,230,0,46
2024-10-18 22:00:00,208,0,44
2024-10-18 23:00:00,124,1,13
2024-10-19 00:00:00,38,0,7
2024-10-19 01:00:00,21,0,3
2024-10-19 02:00:00,30,0,0
2024-10-19 03:00:00,2,0,2
2024-10-19 04:00:00,9,0,0
2024-10-19 05:00:00,28,0,4
2024-10-19 06:00:00,49,0,25
2024-10-19 07:00:00,135,0,47
2024-10-19 08:00:00,331,0,59
2024-10-19 09:00:00,500,0,94
2024-10-19 10:00:00,852,0,112
2024-10-19 11:00:00,1069,0,88
2024-10-19 12:00:00,1377,0,120
2024-10-19 13:00:00,1412,0,136
2024-10-19 14:00:00,1436,0,129
2024-10-19 15:00:00,1388,0,119
2024-10-19 16:00:00,1250,0,146
2024-10-19 17:00:00,902,0,121
2024-10-19 18:00:00,553,0,83
2024-10-19 19:00:00,431,0,71
2024-10-19 20:00:00,324,0,48
2024-10-19 21:00:00,390,0,44
2024-10-19 22:00:00,309,0,40
2024-10-19 23:00:00,147,0,32
2024-10-20 00:00:00,93,0,6
2024-10-20 01:00:00,59,0,12
2024-10-20 02:00:00,39,0,4
2024-10-20 03:00:00,17,0,1
2024-10-20 04:00:00,9,0,2
2024-10-20 05:00:00,11,0,4
2024-10-20 06:00:00,33,0,10
2024-10-20 07:00:00,86,0,18
2024-10-20 08:00:00,127,0,24
2024-10-20 09:00:00,292,0,40
2024-10-20 10:00:00,358,0,37
2024-10-20 11:00:00,328,0,29
2024-10-20 12:00:00,547,0,58
2024-10-20 13:00:00,650,0,55
2024-10-20 14:00:00,759,0,65
2024-10-20 15:00:00,758,0,84
2024-10-20 16:00:00,621,0,79
2024-10-20 17:00:00,465,0,65
2024-10-20 18:00:00,287,0,55
2024-10-20 19:00:00,175,0,46
2024-10-20 20:00:00,199,0,38
2024-10-20 21:00:00,126,0,26
2024-10-20 22:00:00,40,0,13
2024-10-20 23:00:00,34,0,6
2024-10-21 00:00:00,13,0,3
2024-10-21 01:00:00,19,0,2
2024-10-21 02:00:00,8,0,1
2024-10-21 03:00:00,7,0,0
2024-10-21 04:00:00,1,0,0
2024-10-21 05:00:00,36,0,25
2024-10-21 06:00:00,217,0,147
2024-10-21 07:00:00,691,0,367
2024-10-21 08:00:00,378,0,222
2024-10-21 09:00:00,358,0,69
2024-10-21 10:00:00,462,0,75
2024-10-21 11:00:00,817,0,80
2024-10-21 12:00:00,909,0,96
2024-10-21 13:00:00,621,0,89
2024-10-21 14:00:00,755,0,121
2024-10-21 15:00:00,722,0,224
2024-10-21 16:00:00,1045,0,345
2024-10-21 17:00:00,743,1,195
2024-10-21 18:00:00,317,1,70
2024-10-21 19:00:00,227,0,61
2024-10-21 20:00:00,132,1,37
2024-10-21 21:00:00,112,0,27
2024-10-21 22:00:00,46,0,10
2024-10-21 23:00:00,21,0,4
2024-10-22 00:00:00,27,0,3
2024-10-22 01:00:00,18,0,1
2024-10-22 02:00:00,3,0,2
2024-10-22 03:00:00,8,0,1
2024-10-22 04:00:00,11,0,10
2024-10-22 05:00:00,60,0,22
2024-10-22 06:00:00,279,0,165
2024-10-22 07:00:00,796,0,402
2024-10-22 08:00:00,490,0,230
2024-10-22 09:00:00,349,0,91
2024-10-22 10:00:00,449,0,59
2024-10-22 11:00:00,952,0,81
2024-10-22 12:00:00,1148,0,129
2024-10-22 13:00:00,611,0,92
2024-10-22 14:00:00,641,0,128
2024-10-22 15:00:00,751,0,258
2024-10-22 16:00:00,1269,0,422
2024-10-22 17:00:00,959,0,261
2024-10-22 18:00:00,501,2,156
2024-10-22 19:00:00,263,0,77
2024-10-22 20:00:00,191,0,53
2024-10-22 21:00:00,177,0,55
2024-10-22 22:00:00,93,0,17
2024-10-22 23:00:00,29,0,5
2024-10-23 00:00:00,33,0,3
2024-10-23 01:00:00,21,0,2
2024-10-23 02:00:00,10,0,1
2024-10-23 03:00:00,2,0,0
2024-10-23 04:00:00,15,0,7
2024-10-23 05:00:00,62,0,39
2024-10-23 06:00:00,294,0,160
2024-10-23 07:00:00,839,0,425
2024-10-23 08:00:00,419,0,214
2024-10-23 09:00:00,364,0,90
2024-10-23 10:00:00,398,0,82
2024-10-23 11:00:00,861,0,90
2024-10-23 12:00:00,1123,0,102
2024-10-23 13:00:00,733,0,121
2024-10-23 14:00:00,613,0,127
2024-10-23 15:00:00,753,0,246
2024-10-23 16:00:00,1255,0,438
2024-10-23 17:00:00,737,1,219
2024-10-23 18:00:00,410,0,136
2024-10-23 19:00:00,264,0,81
2024-10-23 20:00:00,195,0,59
2024-10-23 21:00:00,152,0,58
2024-10-23 22:00:00,98,0,25
2024-10-23 23:00:00,46,0,6
2024-10-24 00:00:00,23,0,1
2024-10-24 01:00:00,11,0,0
2024-10-24 02:00:00,5,0,0
2024-10-24 03:00:00,5,0,2
2024-10-24 04:00:00,17,0,9
2024-10-24 05:00:00,62,0,35
2024-10-24 06:00:00,252,0,138
2024-10-24 07:00:00,724,0,371
2024-10-24 08:00:00,409,0,227
2024-10-24 09:00:00,333,0,89
2024-10-24 10:00:00,503,0,73
2024-10-24 11:00:00,921,0,113
2024-10-24 12:00:00,1118,0,99
2024-10-24 13:00:00,630,0,97
2024-10-24 14:00:00,619,0,149
2024-10-24 15:00:00,749,0,220
2024-10-24 16:00:00,1174,0,364
2024-10-24 17:00:00,683,0,208
2024-10-24 18:00:00,496,0,118
2024-10-24 19:00:00,331,1,80
2024-10-24 20:00:00,272,0,58
2024-10-24 21:00:00,220,0,68
2024-10-24 22:00:00,170,0,36
2024-10-24 23:00:00,95,0,9
2024-10-25 00:00:00,31,0,1
2024-10-25 01:00:00,29,0,0
2024-10-25 02:00:00,8,0,0
2024-10-25 03:00:00,4,0,2
2024-10-25 04:00:00,14,0,7
2024-10-25 05:00:00,45,0,18
2024-10-25 06:00:00,160,0,106
2024-10-25 07:00:00,527,0,226
2024-10-25 08:00:00,295,0,141
2024-10-25 09:00:00,269,0,74
2024-10-25 10:00:00,384,0,66
2024-10-25 11:00:00,772,0,70
2024-10-25 12:00:00,912,0,103
2024-10-25 13:00:00,875,0,104
2024-10-25 14:00:00,880,0,114
2024-10-25 15:00:00,1025,0,184
2024-10-25 16:00:00,1082,0,234
2024-10-25 17:00:00,749,0,164
2024-10-25 18:00:00,465,0,101
2024-10-25 19:00:00,426,2,71
2024-10-25 20:00:00,398,0,55
2024-10-25 21:00:00,384,1,48
2024-10-25 22:00:00,268,0,38
2024-10-25 23:00:00,156,0,22
2024-10-26 00:00:00,112,0,9
2024-10-26 01:00:00,52,0,4
2024-10-26 02:00:00,77,0,2
2024-10-26 03:00:00,51,0,2
2024-10-26 04:00:00,46,0,2
2024-10-26 05:00:00,33,0,6
2024-10-26 06:00:00,76,0,20
2024-10-26 07:00:00,160,0,43
2024-10-26 08:00:00,330,0,85
2024-10-26 09:00:00,526,0,101
2024-10-26 10:00:00,815,0,119
2024-10-26 11:00:00,1229,0,141
2024-10-26 12:00:00,1446,0,113
2024-10-26 13:00:00,1992,0,148
2024-10-26 14:00:00,1625,0,146
2024-10-26 15:00:00,1590,0,143
2024-10-26 16:00:00,1355,0,146
2024-10-26 17:00:00,848,0,92
2024-10-26 18:00:00,656,0,72
2024-10-26 19:00:00,448,0,56
2024-10-26 20:00:00,368,0,38
2024-10-26 21:00:00,466,0,49
2024-10-26 22:00:00,389,0,59
2024-10-26 23:00:00,177,0,24
2024-10-27 00:00:00,83,0,6
2024-10-27 01:00:00,97,0,3
2024-10-27 02:00:00,83,0,8
2024-10-27 03:00:00,65,0,3
2024-10-27 04:00:00,45,0,2
2024-10-27 05:00:00,23,0,6
2024-10-27 06:00:00,35,0,9
2024-10-27 07:00:00,70,0,16
2024-10-27 08:00:00,181,0,35
2024-10-27 09:00:00,274,0,91
2024-10-27 10:00:00,579,0,73
2024-10-27 11:00:00,795,0,85
2024-10-27 12:00:00,937,0,108
2024-10-27 13:00:00,1099,0,117
2024-10-27 14:00:00,970,0,133
2024-10-27 15:00:00,917,0,118
2024-10-27 16:00:00,907,0,120
2024-10-27 17:00:00,503,0,112
2024-10-27 18:00:00,353,0,53
2024-10-27 19:00:00,257,0,45
2024-10-27 20:00:00,147,0,38
2024-10-27 21:00:00,100,1,19
2024-10-27 22:00:00,111,0,21
2024-10-27 23:00:00,57,0,12
2024-10-28 00:00:00,16,0,3
2024-10-28 01:00:00,15,0,2
2024-10-28 02:00:00,16,0,0
2024-10-28 03:00:00,8,0,3
2024-10-28 04:00:00,8,0,2
2024-10-28 05:00:00,14,0,11
2024-10-28 06:00:00,56,0,40
2024-10-28 07:00:00,250,0,134
2024-10-28 08:00:00,802,0,312
2024-10-28 09:00:00,412,0,143
2024-10-28 10:00:00,737,0,86
2024-10-28 11:00:00,546,0,55
2024-10-28 12:00:00,965,0,72
2024-10-28 13:00:00,977,0,78
2024-10-28 14:00:00,579,0,89
2024-10-28 15:00:00,652,0,102
2024-10-28 16:00:00,819,0,182
2024-10-28 17:00:00,756,0,227
2024-10-28 18:00:00,458,0,108
2024-10-28 19:00:00,295,0,56
2024-10-28 20:00:00,166,0,28
2024-10-28 21:00:00,116,0,15
2024-10-28 22:00:00,110,0,27
2024-10-28 23:00:00,54,0,7
2024-10-29 00:00:00,27,0,1
2024-10-29 01:00:00,8,0,1
2024-10-29 02:00:00,6,0,0
2024-10-29 03:00:00,9,0,2
2024-10-29 04:00:00,1,0,2
2024-10-29 05:00:00,15,0,7
2024-10-29 06:00:00,62,0,50
2024-10-29 07:00:00,290,0,155
2024-10-29 08:00:00,786,0,368
2024-10-29 09:00:00,514,0,196
2024-10-29 10:00:00,388,0,89
2024-10-29 11:00:00,576,0,80
2024-10-29 12:00:00,1058,0,100
2024-10-29 13:00:00,1340,0,99
2024-10-29 14:00:00,841,0,101
2024-10-29 15:00:00,743,0,105
2024-10-29 16:00:00,979,0,225
2024-10-29 17:00:00,948,0,324
2024-10-29 18:00:00,645,0,208
2024-10-29 19:00:00,462,0,112
2024-10-29 20:00:00,258,1,68
2024-10-29 21:00:00,169,1,37
2024-10-29 22:00:00,128,0,33
2024-10-29 23:00:00,88,0,16
2024-10-30 00:00:00,43,0,7
2024-10-30 01:00:00,19,0,1
2024-10-30 02:00:00,11,0,0
2024-10-30 03:00:00,14,0,1
2024-10-30 04:00:00,8,0,2
2024-10-30 05:00:00,13,0,10
2024-10-30 06:00:00,53,0,40
2024-10-30 07:00:00,306,0,151
2024-10-30 08:00:00,731,0,355
2024-10-30 09:00:00,407,0,197
2024-10-30 10:00:00,430,0,100
2024-10-30 11:00:00,623,0,79
2024-10-30 12:00:00,1104,0,112
2024-10-30 13:00:00,1221,0,120
2024-10-30 14:00:00,865,0,99
2024-10-30 15:00:00,713,0,100
2024-10-30 16:00:00,889,0,221
2024-10-30 17:00:00,906,0,311
2024-10-30 18:00:00,579,0,150
2024-10-30 19:00:00,430,0,123
2024-10-30 20:00:00,303,1,70
2024-10-30 21:00:00,199,0,51
2024-10-30 22:00:00,205,0,42
2024-10-30 23:00:00,138,0,21
2024-10-31 00:00:00,64,0,10
2024-10-31 01:00:00,35,0,3
2024-10-31 02:00:00,25,0,0
2024-10-31 03:00:00,20,0,1
2024-10-31 04:00:00,7,0,2
2024-10-31 05:00:00,15,0,9
2024-10-31 06:00:00,44,0,29
2024-10-31 07:00:00,292,0,134
2024-10-31 08:00:00,760,0,298
2024-10-31 09:00:00,387,0,198
2024-10-31 10:00:00,470,0,93
2024-10-31 11:00:00,671,0,59
2024-10-31 12:00:00,1521,0,104
2024-10-31 13:00:00,1594,0,102
2024-10-31 14:00:00,824,0,131
2024-10-31 15:00:00,798,0,143
2024-10-31 16:00:00,945,0,262
2024-10-31 17:00:00,893,1,316
2024-10-31 18:00:00,587,0,188
2024-10-31 19:00:00,462,0,100
2024-10-31 20:00:00,334,0,74
2024-10-31 21:00:00,313,0,40
2024-10-31 22:00:00,315,0,76
2024-10-31 23:00:00,276,0,40
2024-11-01 00:00:00,182,0,17
2024-11-01 01:00:00,108,0,4
2024-11-01 02:00:00,97,0,8
2024-11-01 03:00:00,80,0,5
2024-11-01 04:00:00,42,0,7
2024-11-01 05:00:00,50,0,8
2024-11-01 06:00:00,49,0,35
2024-11-01 07:00:00,246,0,93
2024-11-01 08:00:00,487,0,228
2024-11-01 09:00:00,335,0,131
2024-11-01 10:00:00,394,0,83
2024-11-01 11:00:00,590,0,106
2024-11-01 12:00:00,836,0,112
2024-11-01 13:00:00,1017,0,112
2024-11-01 14:00:00,847,0,126
2024-11-01 15:00:00,864,0,131
2024-11-01 16:00:00,959,0,181
2024-11-01 17:00:00,788,0,198
2024-11-01 18:00:00,651,0,153
2024-11-01 19:00:00,565,0,128
2024-11-01 20:00:00,382,0,74
2024-11-01 21:00:00,364,1,53
2024-11-01 22:00:00,349,0,69
2024-11-01 23:00:00,253,0,31
2024-11-02 00:00:00,166,1,15
2024-11-02 01:00:00,95,1,10
2024-11-02 02:00:00,102,0,9
2024-11-02 03:00:00,100,0,4
2024-11-02 04:00:00,28,0,5
2024-11-02 05:00:00,45,0,5
2024-11-02 06:00:00,26,0,6
2024-11-02 07:00:00,71,0,13
2024-11-02 08:00:00,114,0,52
2024-11-02 09:00:00,277,0,72
2024-11-02 10:00:00,545,0,72
2024-11-02 11:00:00,720,0,115
2024-11-02 12:00:00,1005,0,106
2024-11-02 13:00:00,1176,0,110
2024-11-02 14:00:00,1206,0,135
2024-11-02 15:00:00,1075,0,112
2024-11-02 16:00:00,1027,0,117
2024-11-02 17:00:00,776,0,103
2024-11-02 18:00:00,643,0,94
2024-11-02 19:00:00,526,0,70
2024-11-02 20:00:00,416,0,53
2024-11-02 21:00:00,442,0,47
2024-11-02 22:00:00,368,0,44
2024-11-02 23:00:00,269,0,36
2024-11-03 00:00:00,148,0,15
2024-11-03 01:00:00,119,0,15
2024-11-03 02:00:00,123,0,7
2024-11-03 03:00:00,101,0,5
2024-11-03 04:00:00,68,0,6
2024-11-03 05:00:00,41,0,9
2024-11-03 06:00:00,27,0,5
2024-11-03 07:00:00,56,0,10
2024-11-03 08:00:00,117,0,48
2024-11-03 09:00:00,186,0,38
2024-11-03 10:00:00,436,0,102
2024-11-03 11:00:00,602,0,83
2024-11-03 12:00:00,734,0,73
2024-11-03 13:00:00,701,0,101
2024-11-03 14:00:00,701,0,112
2024-11-03 15:00:00,703,0,91
2024-11-03 16:00:00,559,0,63
2024-11-03 17:00:00,394,0,61
2024-11-03 18:00:00,247,0,57
2024-11-03 19:00:00,208,0,41
2024-11-03 20:00:00,172,1,43
2024-11-03 21:00:00,103,0,19
2024-11-03 22:00:00,113,0,29
2024-11-03 23:00:00,59,0,12
2024-11-04 00:00:00,30,0,8
2024-11-04 01:00:00,14,0,2
2024-11-04 02:00:00,11,0,0
2024-11-04 03:00:00,7,0,4
2024-11-04 04:00:00,6,0,1
2024-11-04 05:00:00,19,0,7
2024-11-04 06:00:00,51,0,41
2024-11-04 07:00:00,246,0,123
2024-11-04 08:00:00,631,0,374
2024-11-04 09:00:00,446,0,220
2024-11-04 10:00:00,369,0,84
2024-11-04 11:00:00,429,0,63
2024-11-04 12:00:00,863,0,96
2024-11-04 13:00:00,969,0,109
2024-11-04 14:00:00,578,0,87
2024-11-04 15:00:00,566,0,129
2024-11-04 16:00:00,727,0,221
2024-11-04 17:00:00,682,0,321
2024-11-04 18:00:00,504,0,169
2024-11-04 19:00:00,347,0,91
2024-11-04 20:00:00,205,0,70
2024-11-04 21:00:00,149,1,32
2024-11-04 22:00:00,123,0,32
2024-11-04 23:00:00,61,0,13
2024-11-05 00:00:00,20,0,1
2024-11-05 01:00:00,16,0,2
2024-11-05 02:00:00,13,0,3
2024-11-05 03:00:00,9,0,1
2024-11-05 04:00:00,7,0,3
2024-11-05 05:00:00,19,0,10
2024-11-05 06:00:00,66,0,37
2024-11-05 07:00:00,275,0,167
2024-11-05 08:00:00,810,0,442
2024-11-05 09:00:00,456,0,261
2024-11-05 10:00:00,303,0,101
2024-11-05 11:00:00,445,0,77
2024-11-05 12:00:00,948,0,98
2024-11-05 13:00:00,1121,0,130
2024-11-05 14:00:00,613,0,107
2024-11-05 15:00:00,634,0,144
2024-11-05 16:00:00,745,0,244
2024-11-05 17:00:00,744,0,358
2024-11-05 18:00:00,582,3,212
2024-11-05 19:00:00,369,1,144
2024-11-05 20:00:00,254,0,66
2024-11-05 21:00:00,154,0,53
2024-11-05 22:00:00,184,0,36
2024-11-05 23:00:00,93,0,14
2024-11-06 00:00:00,32,0,5
2024-11-06 01:00:00,21,0,1
2024-11-06 02:00:00,13,0,2
2024-11-06 03:00:00,13,0,1
2024-11-06 04:00:00,5,0,0
2024-11-06 05:00:00,11,0,8
2024-11-06 06:00:00,41,0,26
2024-11-06 07:00:00,287,0,161
2024-11-06 08:00:00,812,0,404
2024-11-06 09:00:00,447,0,224
2024-11-06 10:00:00,330,0,106
2024-11-06 11:00:00,440,0,69
2024-11-06 12:00:00,947,0,86
2024-11-06 13:00:00,1129,0,110
2024-11-06 14:00:00,583,0,104
2024-11-06 15:00:00,644,0,149
2024-11-06 16:00:00,798,0,230
2024-11-06 17:00:00,813,0,326
2024-11-06 18:00:00,531,0,220
2024-11-06 19:00:00,406,2,122
2024-11-06 20:00:00,210,0,66
2024-11-06 21:00:00,186,0,58
2024-11-06 22:00:00,137,0,53
2024-11-06 23:00:00,69,0,13
2024-11-07 00:00:00,48,0,3
2024-11-07 01:00:00,19,0,2
2024-11-07 02:00:00,24,0,0
2024-11-07 03:00:00,5,0,0
2024-11-07 04:00:00,3,0,1
2024-11-07 05:00:00,9,0,8
2024-11-07 06:00:00,43,0,31
2024-11-07 07:00:00,281,0,183
2024-11-07 08:00:00,721,0,356
2024-11-07 09:00:00,433,0,263
2024-11-07 10:00:00,315,0,88
2024-11-07 11:00:00,404,0,71
2024-11-07 12:00:00,895,0,85
2024-11-07 13:00:00,1208,0,96
2024-11-07 14:00:00,579,0,91
2024-11-07 15:00:00,586,0,163
2024-11-07 16:00:00,722,0,218
2024-11-07 17:00:00,770,0,324
2024-11-07 18:00:00,516,0,207
2024-11-07 19:00:00,412,0,135
2024-11-07 20:00:00,233,0,97
2024-11-07 21:00:00,178,0,49
2024-11-07 22:00:00,155,0,57
2024-11-07 23:00:00,97,0,22
2024-11-08 00:00:00,55,0,7
2024-11-08 01:00:00,29,0,3
2024-11-08 02:00:00,20,0,1
2024-11-08 03:00:00,13,0,0
2024-11-08 04:00:00,5,0,2
2024-11-08 05:00:00,13,0,9
2024-11-08 06:00:00,36,0,26
2024-11-08 07:00:00,242,0,121
2024-11-08 08:00:00,512,0,240
2024-11-08 09:00:00,379,0,179
2024-11-08 10:00:00,338,0,66
2024-11-08 11:00:00,476,0,79
2024-11-08 12:00:00,718,0,115
2024-11-08 13:00:00,876,0,123
2024-11-08 14:00:00,665,0,114
2024-11-08 15:00:00,657,0,135
2024-11-08 16:00:00,790,0,187
2024-11-08 17:00:00,623,0,233
2024-11-08 18:00:00,483,1,143
2024-11-08 19:00:00,468,0,104
2024-11-08 20:00:00,396,0,46
2024-11-08 21:00:00,282,0,69
2024-11-08 22:00:00,314,0,67
2024-11-08 23:00:00,195,0,50
2024-11-09 00:00:00,119,0,16
2024-11-09 01:00:00,89,0,10
2024-11-09 02:00:00,67,0,6
2024-11-09 03:00:00,62,0,5
2024-11-09 04:00:00,56,0,2
2024-11-09 05:00:00,34,0,6
2024-11-09 06:00:00,32,0,15
2024-11-09 07:00:00,66,0,18
2024-11-09 08:00:00,148,0,43
2024-11-09 09:00:00,254,0,59
2024-11-09 10:00:00,495,0,74
2024-11-09 11:00:00,688,0,97
2024-11-09 12:00:00,885,0,108
2024-11-09 13:00:00,1137,0,99
2024-11-09 14:00:00,1179,0,98
2024-11-09 15:00:00,1221,0,115
2024-11-09 16:00:00,1147,1,91
2024-11-09 17:00:00,781,0,74
2024-11-09 18:00:00,536,0,64
2024-11-09 19:00:00,488,0,55
2024-11-09 20:00:00,416,0,44
2024-11-09 21:00:00,340,1,34
2024-11-09 22:00:00,319,0,42
2024-11-09 23:00:00,218,0,33
2024-11-10 00:00:00,103,0,17
2024-11-10 01:00:00,71,0,3
2024-11-10 02:00:00,53,0,5
2024-11-10 03:00:00,21,0,4
2024-11-10 04:00:00,22,0,5
2024-11-10 05:00:00,16,0,5
2024-11-10 06:00:00,19,0,4
2024-11-10 07:00:00,54,0,7
2024-11-10 08:00:00,114,0,33
2024-11-10 09:00:00,217,0,65
2024-11-10 10:00:00,494,0,83
2024-11-10 11:00:00,648,0,86
2024-11-10 12:00:00,827,0,100
2024-11-10 13:00:00,838,0,93
2024-11-10 14:00:00,814,0,104
2024-11-10 15:00:00,810,0,116
2024-11-10 16:00:00,698,0,137
2024-11-10 17:00:00,409,0,65
2024-11-10 18:00:00,296,0,45
2024-11-10 19:00:00,223,0,45
2024-11-10 20:00:00,182,0,33
2024-11-10 21:00:00,113,1,15
2024-11-10 22:00:00,119,1,21
2024-11-10 23:00:00,52,0,10
2024-11-11 00:00:00,34,0,1
2024-11-11 01:00:00,9,0,1
2024-11-11 02:00:00,8,0,1
2024-11-11 03:00:00,5,0,1
2024-11-11 04:00:00,2,0,2
2024-11-11 05:00:00,9,0,4
2024-11-11 06:00:00,42,0,38
2024-11-11 07:00:00,248,0,149
2024-11-11 08:00:00,658,0,369
2024-11-11 09:00:00,406,0,217
2024-11-11 10:00:00,351,0,89
2024-11-11 11:00:00,445,0,62
2024-11-11 12:00:00,1202,0,107
2024-11-11 13:00:00,1470,0,96
2024-11-11 14:00:00,693,0,96
2024-11-11 15:00:00,696,0,145
2024-11-11 16:00:00,759,0,221
2024-11-11 17:00:00,806,0,291
2024-11-11 18:00:00,529,1,173
2024-11-11 19:00:00,324,0,89
2024-11-11 20:00:00,187,0,70
2024-11-11 21:00:00,136,0,36
2024-11-11 22:00:00,104,0,37
2024-11-11 23:00:00,50,0,15
2024-11-12 00:00:00,28,0,4
2024-11-12 01:00:00,12,0,2
2024-11-12 02:00:00,9,0,1
2024-11-12 03:00:00,7,0,1
2024-11-12 04:00:00,0,0,0
2024-11-12 05:00:00,15,0,10
2024-11-12 06:00:00,57,0,31
2024-11-12 07:00:00,322,0,190
2024-11-12 08:00:00,838,0,458
2024-11-12 09:00:00,445,0,266
2024-11-12 10:00:00,357,0,86
2024-11-12 11:00:00,369,0,74
2024-11-12 12:00:00,950,0,100
2024-11-12 13:00:00,1319,0,96
2024-11-12 14:00:00,602,0,99
2024-11-12 15:00:00,619,0,134
2024-11-12 16:00:00,730,0,263
2024-11-12 17:00:00,803,0,378
2024-11-12 18:00:00,652,1,249
2024-11-12 19:00:00,408,0,157
2024-11-12 20:00:00,267,0,80
2024-11-12 21:00:00,152,1,47
2024-11-12 22:00:00,160,0,49
2024-11-12 23:00:00,77,0,15
2024-11-13 00:00:00,29,0,5
2024-11-13 01:00:00,29,0,2
2024-11-13 02:00:00,12,0,2
2024-11-13 03:00:00,4,0,0
2024-11-13 04:00:00,7,0,0
2024-11-13 05:00:00,13,0,13
2024-11-13 06:00:00,48,0,31
2024-11-13 07:00:00,321,0,182
2024-11-13 08:00:00,778,0,409
2024-11-13 09:00:00,430,0,232
2024-11-13 10:00:00,366,0,77
2024-11-13 11:00:00,518,0,73
2024-11-13 12:00:00,1306,0,115
2024-11-13 13:00:00,1448,0,105
2024-11-13 14:00:00,721,0,122
2024-11-13 15:00:00,684,0,135
2024-11-13 16:00:00,839,0,263
2024-11-13 17:00:00,766,1,366
2024-11-13 18:00:00,549,1,210
2024-11-13 19:00:00,364,1,138
2024-11-13 20:00:00,248,0,77
2024-11-13 21:00:00,229,1,60
2024-11-13 22:00:00,171,0,58
2024-11-13 23:00:00,85,0,29
2024-11-14 00:00:00,46,0,5
2024-11-14 01:00:00,29,0,2
2024-11-14 02:00:00,27,0,0
2024-11-14 03:00:00,12,0,0
2024-11-14 04:00:00,11,0,4
2024-11-14 05:00:00,10,0,11
2024-11-14 06:00:00,42,0,24
2024-11-14 07:00:00,271,0,154
2024-11-14 08:00:00,698,0,387
2024-11-14 09:00:00,415,0,238
2024-11-14 10:00:00,322,0,78
2024-11-14 11:00:00,397,0,77
2024-11-14 12:00:00,1095,0,96
2024-11-14 13:00:00,1215,0,123
2024-11-14 14:00:00,639,0,97
2024-11-14 15:00:00,595,0,155
2024-11-14 16:00:00,841,0,267
2024-11-14 17:00:00,768,1,326
2024-11-14 18:00:00,562,0,200
2024-11-14 19:00:00,381,0,98
2024-11-14 20:00:00,276,0,75
2024-11-14 21:00:00,186,0,57
2024-11-14 22:00:00,152,0,51
2024-11-14 23:00:00,125,0,45
2024-11-15 00:00:00,61,0,8
2024-11-15 01:00:00,29,0,4
2024-11-15 02:00:00,19,0,3
2024-11-15 03:00:00,9,0,1
2024-11-15 04:00:00,5,0,3
2024-11-15 05:00:00,14,0,9
2024-11-15 06:00:00,48,0,26
2024-11-15 07:00:00,233,0,125
2024-11-15 08:00:00,557,0,274
2024-11-15 09:00:00,424,0,196
2024-11-15 10:00:00,355,0,79
2024-11-15 11:00:00,488,0,100
2024-11-15 12:00:00,1088,0,113
2024-11-15 13:00:00,1045,0,102
2024-11-15 14:00:00,749,0,135
2024-11-15 15:00:00,758,0,171
2024-11-15 16:00:00,881,0,222
2024-11-15 17:00:00,922,0,236
2024-11-15 18:00:00,668,0,156
2024-11-15 19:00:00,588,0,109
2024-11-15 20:00:00,365,1,71
2024-11-15 21:00:00,343,0,70
2024-11-15 22:00:00,407,0,61
2024-11-15 23:00:00,261,0,31
2024-11-16 00:00:00,198,0,21
2024-11-16 01:00:00,125,1,10
2024-11-16 02:00:00,65,0,8
2024-11-16 03:00:00,36,0,5
2024-11-16 04:00:00,29,0,7
2024-11-16 05:00:00,21,0,9
2024-11-16 06:00:00,43,0,8
2024-11-16 07:00:00,72,0,21
2024-11-16 08:00:00,158,0,43
2024-11-16 09:00:00,286,0,76
2024-11-16 10:00:00,531,0,83
2024-11-16 11:00:00,749,0,90
2024-11-16 12:00:00,923,0,88
2024-11-16 13:00:00,1107,0,90
2024-11-16 14:00:00,1064,0,82
2024-11-16 15:00:00,1279,0,116
2024-11-16 16:00:00,1083,0,108
2024-11-16 17:00:00,664,0,120
2024-11-16 18:00:00,533,0,116
2024-11-16 19:00:00,491,1,102
2024-11-16 20:00:00,373,0,70
2024-11-16 21:00:00,425,0,56
2024-11-16 22:00:00,443,0,61
2024-11-16 23:00:00,328,0,52
2024-11-17 00:00:00,213,0,19
2024-11-17 01:00:00,128,0,17
2024-11-17 02:00:00,97,0,8
2024-11-17 03:00:00,60,0,4
2024-11-17 04:00:00,32,0,8
2024-11-17 05:00:00,23,0,8
2024-11-17 06:00:00,19,0,3
2024-11-17 07:00:00,53,0,5
2024-11-17 08:00:00,88,0,27
2024-11-17 09:00:00,185,0,40
2024-11-17 10:00:00,574,0,79
2024-11-17 11:00:00,607,0,93
2024-11-17 12:00:00,776,0,96
2024-11-17 13:00:00,811,0,100
2024-11-17 14:00:00,759,0,115
2024-11-17 15:00:00,706,0,96
2024-11-17 16:00:00,722,0,96
2024-11-17 17:00:00,390,0,67
2024-11-17 18:00:00,172,0,38
2024-11-17 19:00:00,97,0,28
2024-11-17 20:00:00,115,0,17
2024-11-17 21:00:00,71,0,13
2024-11-17 22:00:00,66,0,22
2024-11-17 23:00:00,34,0,8
2024-11-18 00:00:00,18,0,12
2024-11-18 01:00:00,2,0,8
2024-11-18 02:00:00,3,0,6
2024-11-18 03:00:00,0,0,4
2024-11-18 04:00:00,6,0,5
2024-11-18 05:00:00,14,0,10
2024-11-18 06:00:00,36,0,20
2024-11-18 07:00:00,258,0,130
2024-11-18 08:00:00,678,0,322
2024-11-18 09:00:00,422,0,201
2024-11-18 10:00:00,346,0,62
2024-11-18 11:00:00,443,0,65
2024-11-18 12:00:00,678,0,68
2024-11-18 13:00:00,763,0,69
2024-11-18 14:00:00,442,0,67
2024-11-18 15:00:00,653,0,98
2024-11-18 16:00:00,441,0,141
2024-11-18 17:00:00,409,0,225
2024-11-18 18:00:00,244,0,142
2024-11-18 19:00:00,154,0,73
2024-11-18 20:00:00,78,0,47
2024-11-18 21:00:00,52,0,24
2024-11-18 22:00:00,57,0,15
2024-11-18 23:00:00,33,0,4
2024-11-19 00:00:00,19,0,9
2024-11-19 01:00:00,12,0,5
2024-11-19 02:00:00,5,0,5
2024-11-19 03:00:00,2,0,3
2024-11-19 04:00:00,0,0,9
2024-11-19 05:00:00,7,0,13
2024-11-19 06:00:00,22,0,29
2024-11-19 07:00:00,265,0,103
2024-11-19 08:00:00,733,0,341
2024-11-19 09:00:00,442,0,199
2024-11-19 10:00:00,274,0,74
2024-11-19 11:00:00,332,0,43
2024-11-19 12:00:00,701,0,48
2024-11-19 13:00:00,639,0,54
2024-11-19 14:00:00,567,0,74
2024-11-19 15:00:00,511,0,116
2024-11-19 16:00:00,592,0,157
2024-11-19 17:00:00,577,0,266
2024-11-19 18:00:00,465,0,160
2024-11-19 19:00:00,310,0,116
2024-11-19 20:00:00,197,0,57
2024-11-19 21:00:00,90,0,32
2024-11-19 22:00:00,119,0,35
2024-11-19 23:00:00,55,0,23
2024-11-20 00:00:00,43,0,7
2024-11-20 01:00:00,8,0,8
2024-11-20 02:00:00,8,0,3
2024-11-20 03:00:00,10,0,7
2024-11-20 04:00:00,2,0,3
2024-11-20 05:00:00,6,0,7
2024-11-20 06:00:00,36,0,21
2024-11-20 07:00:00,287,0,117
2024-11-20 08:00:00,764,0,343
2024-11-20 09:00:00,460,0,215
2024-11-20 10:00:00,453,0,95
2024-11-20 11:00:00,461,0,64
2024-11-20 12:00:00,1258,0,74
2024-11-20 13:00:00,1314,0,68
2024-11-20 14:00:00,760,0,106
2024-11-20 15:00:00,619,0,112
2024-11-20 16:00:00,803,0,173
2024-11-20 17:00:00,885,0,324
2024-11-20 18:00:00,601,0,163
2024-11-20 19:00:00,396,0,101
2024-11-20 20:00:00,273,0,74
2024-11-20 21:00:00,223,0,52
2024-11-20 22:00:00,157,0,33
2024-11-20 23:00:00,98,0,20
2024-11-21 00:00:00,40,0,5
2024-11-21 01:00:00,36,0,1
2024-11-21 02:00:00,12,0,2
2024-11-21 03:00:00,7,0,1
2024-11-21 04:00:00,6,0,2
2024-11-21 05:00:00,16,0,9
2024-11-21 06:00:00,51,0,19
2024-11-21 07:00:00,258,0,105
2024-11-21 08:00:00,743,0,341
2024-11-21 09:00:00,434,0,194
2024-11-21 10:00:00,325,0,83
2024-11-21 11:00:00,349,0,67
2024-11-21 12:00:00,813,0,97
2024-11-21 13:00:00,1148,0,80
2024-11-21 14:00:00,682,0,91
2024-11-21 15:00:00,637,0,129
2024-11-21 16:00:00,658,0,195
2024-11-21 17:00:00,808,0,259
2024-11-21 18:00:00,539,0,144
2024-11-21 19:00:00,475,0,112
2024-11-21 20:00:00,287,0,69
2024-11-21 21:00:00,224,0,57
2024-11-21 22:00:00,275,0,48
2024-11-21 23:00:00,128,0,26
2024-11-22 00:00:00,40,0,14
2024-11-22 01:00:00,19,0,5
2024-11-22 02:00:00,21,0,1
2024-11-22 03:00:00,10,0,5
2024-11-22 04:00:00,6,0,5
2024-11-22 05:00:00,7,0,8
2024-11-22 06:00:00,39,0,10
2024-11-22 07:00:00,238,0,110
2024-11-22 08:00:00,552,0,233
2024-11-22 09:00:00,407,0,168
2024-11-22 10:00:00,377,0,69
2024-11-22 11:00:00,510,0,81
2024-11-22 12:00:00,1071,0,78
2024-11-22 13:00:00,1101,0,86
2024-11-22 14:00:00,727,0,98
2024-11-22 15:00:00,749,0,118
2024-11-22 16:00:00,840,0,161
2024-11-22 17:00:00,780,1,223
2024-11-22 18:00:00,603,0,132
2024-11-22 19:00:00,542,0,88
2024-11-22 20:00:00,448,0,68
2024-11-22 21:00:00,338,0,53
2024-11-22 22:00:00,368,0,56
2024-11-22 23:00:00,235,0,36
2024-11-23 00:00:00,100,0,21
2024-11-23 01:00:00,70,0,16
2024-11-23 02:00:00,32,0,1
2024-11-23 03:00:00,39,0,7
2024-11-23 04:00:00,12,0,11
2024-11-23 05:00:00,10,0,19
2024-11-23 06:00:00,13,0,7
2024-11-23 07:00:00,48,0,17
2024-11-23 08:00:00,124,0,18
2024-11-23 09:00:00,246,0,41
2024-11-23 10:00:00,443,0,34
2024-11-23 11:00:00,614,0,26
2024-11-23 12:00:00,616,0,44
2024-11-23 13:00:00,572,0,39
2024-11-23 14:00:00,555,0,50
2024-11-23 15:00:00,770,0,44
2024-11-23 16:00:00,506,0,56
2024-11-23 17:00:00,290,0,76
2024-11-23 18:00:00,278,0,67
2024-11-23 19:00:00,242,0,43
2024-11-23 20:00:00,229,0,46
2024-11-23 21:00:00,154,0,60
2024-11-23 22:00:00,138,0,44
2024-11-23 23:00:00,111,0,38
2024-11-24 00:00:00,75,0,16
2024-11-24 01:00:00,24,0,8
2024-11-24 02:00:00,27,0,9
2024-11-24 03:00:00,19,0,26
2024-11-24 04:00:00,12,0,35
2024-11-24 05:00:00,6,0,31
2024-11-24 06:00:00,12,0,39
2024-11-24 07:00:00,30,0,19
2024-11-24 08:00:00,63,0,15
2024-11-24 09:00:00,105,0,18
2024-11-24 10:00:00,223,0,35
2024-11-24 11:00:00,224,0,25
2024-11-24 12:00:00,292,0,30
2024-11-24 13:00:00,337,0,24
2024-11-24 14:00:00,307,0,26
2024-11-24 15:00:00,210,0,31
2024-11-24 16:00:00,131,0,47
2024-11-24 17:00:00,56,0,63
2024-11-24 18:00:00,49,0,68
2024-11-24 19:00:00,27,0,52
2024-11-24 20:00:00,50,0,36
2024-11-24 21:00:00,21,0,26
2024-11-24 22:00:00,41,0,25
2024-11-24 23:00:00,20,0,12
2024-11-25 00:00:00,15,0,0
2024-11-25 01:00:00,6,0,1
2024-11-25 02:00:00,5,0,1
2024-11-25 03:00:00,9,0,1
2024-11-25 04:00:00,0,0,0
2024-11-25 05:00:00,8,0,8
2024-11-25 06:00:00,41,0,17
2024-11-25 07:00:00,211,0,104
2024-11-25 08:00:00,708,0,290
2024-11-25 09:00:00,485,0,198
2024-11-25 10:00:00,554,0,75
2024-11-25 11:00:00,433,0,51
2024-11-25 12:00:00,971,0,82
2024-11-25 13:00:00,912,0,78
2024-11-25 14:00:00,483,0,93
2024-11-25 15:00:00,551,0,115
2024-11-25 16:00:00,553,0,191
2024-11-25 17:00:00,439,0,288
2024-11-25 18:00:00,317,0,183
2024-11-25 19:00:00,208,0,91
2024-11-25 20:00:00,157,0,82
2024-11-25 21:00:00,119,0,43
2024-11-25 22:00:00,84,0,23
2024-11-25 23:00:00,68,0,13
2024-11-26 00:00:00,14,0,4
2024-11-26 01:00:00,8,0,7
2024-11-26 02:00:00,6,0,11
2024-11-26 03:00:00,1,0,67
2024-11-26 04:00:00,7,0,48
2024-11-26 05:00:00,12,0,32
2024-11-26 06:00:00,40,0,47
2024-11-26 07:00:00,274,0,116
2024-11-26 08:00:00,755,0,411
2024-11-26 09:00:00,505,0,234
2024-11-26 10:00:00,354,0,76
2024-11-26 11:00:00,434,0,92
2024-11-26 12:00:00,1312,0,83
2024-11-26 13:00:00,1398,0,104
2024-11-26 14:00:00,628,0,112
2024-11-26 15:00:00,640,0,129
2024-11-26 16:00:00,776,0,199
2024-11-26 17:00:00,958,0,373
2024-11-26 18:00:00,712,0,196
2024-11-26 19:00:00,506,0,85
2024-11-26 20:00:00,244,0,69
2024-11-26 21:00:00,116,0,58
2024-11-26 22:00:00,66,0,72
2024-11-26 23:00:00,29,0,39
2024-11-27 00:00:00,13,0,26
2024-11-27 01:00:00,6,0,33
2024-11-27 02:00:00,2,0,18
2024-11-27 03:00:00,8,0,11
2024-11-27 04:00:00,4,0,11
2024-11-27 05:00:00,9,0,11
2024-11-27 06:00:00,22,0,38
2024-11-27 07:00:00,235,0,116
2024-11-27 08:00:00,752,0,384
2024-11-27 09:00:00,434,0,211
2024-11-27 10:00:00,360,0,66
2024-11-27 11:00:00,417,0,62
2024-11-27 12:00:00,908,0,76
2024-11-27 13:00:00,1062,0,114
2024-11-27 14:00:00,658,0,97
2024-11-27 15:00:00,658,0,117
2024-11-27 16:00:00,750,0,154
2024-11-27 17:00:00,773,1,233
2024-11-27 18:00:00,595,0,127
2024-11-27 19:00:00,485,1,70
2024-11-27 20:00:00,271,0,46
2024-11-27 21:00:00,160,0,37
2024-11-27 22:00:00,169,0,37
2024-11-27 23:00:00,102,0,15
2024-11-28 00:00:00,46,0,5
2024-11-28 01:00:00,15,0,2
2024-11-28 02:00:00,4,0,1
2024-11-28 03:00:00,17,0,1
2024-11-28 04:00:00,9,0,0
2024-11-28 05:00:00,10,0,3
2024-11-28 06:00:00,41,0,17
2024-11-28 07:00:00,282,0,104
2024-11-28 08:00:00,735,0,323
2024-11-28 09:00:00,464,0,228
2024-11-28 10:00:00,368,0,86
2024-11-28 11:00:00,453,0,67
2024-11-28 12:00:00,932,0,90
2024-11-28 13:00:00,1139,0,121
2024-11-28 14:00:00,624,0,85
2024-11-28 15:00:00,607,0,126
2024-11-28 16:00:00,693,0,157
2024-11-28 17:00:00,774,0,254
2024-11-28 18:00:00,585,1,147
2024-11-28 19:00:00,456,0,102
2024-11-28 20:00:00,231,0,75
2024-11-28 21:00:00,141,0,57
2024-11-28 22:00:00,124,0,65
2024-11-28 23:00:00,111,0,22
2024-11-29 00:00:00,42,0,13
2024-11-29 01:00:00,30,0,14
2024-11-29 02:00:00,19,0,10
2024-11-29 03:00:00,11,0,11
2024-11-29 04:00:00,2,0,15
2024-11-29 05:00:00,13,0,20
2024-11-29 06:00:00,33,0,35
2024-11-29 07:00:00,213,0,95
2024-11-29 08:00:00,503,0,208
2024-11-29 09:00:00,394,0,168
2024-11-29 10:00:00,436,0,74
2024-11-29 11:00:00,513,0,67
2024-11-29 12:00:00,1026,0,87
2024-11-29 13:00:00,951,0,117
2024-11-29 14:00:00,721,0,108
2024-11-29 15:00:00,748,0,156
2024-11-29 16:00:00,662,0,193
2024-11-29 17:00:00,682,1,228
2024-11-29 18:00:00,481,0,200
2024-11-29 19:00:00,497,0,147
2024-11-29 20:00:00,398,0,100
2024-11-29 21:00:00,351,0,87
2024-11-29 22:00:00,282,0,91
2024-11-29 23:00:00,218,0,62
2024-11-30 00:00:00,148,0,23
2024-11-30 01:00:00,71,0,25
2024-11-30 02:00:00,43,0,12
2024-11-30 03:00:00,45,0,12
2024-11-30 04:00:00,19,0,4
2024-11-30 05:00:00,17,0,6
2024-11-30 06:00:00,27,0,12
2024-11-30 07:00:00,42,0,19
2024-11-30 08:00:00,157,0,49
2024-11-30 09:00:00,316,0,77
2024-11-30 10:00:00,565,0,69
2024-11-30 11:00:00,814,0,88
2024-11-30 12:00:00,924,0,96
2024-11-30 13:00:00,1180,0,130
2024-11-30 14:00:00,1217,0,117
2024-11-30 15:00:00,1248,0,84
2024-11-30 16:00:00,1000,0,130
2024-11-30 17:00:00,586,0,112
2024-11-30 18:00:00,499,0,86
2024-11-30 19:00:00,498,0,112
2024-11-30 20:00:00,344,0,57
2024-11-30 21:00:00,271,0,57
2024-11-30 22:00:00,251,0,81
2024-11-30 23:00:00,191,0,55
2024-12-01 00:00:00,134,0,35
2024-12-01 01:00:00,125,0,22
2024-12-01 02:00:00,49,0,31
2024-12-01 03:00:00,30,0,67
2024-12-01 04:00:00,13,0,84
2024-12-01 05:00:00,11,0,37
2024-12-01 06:00:00,8,0,38
2024-12-01 07:00:00,32,0,22
2024-12-01 08:00:00,79,0,21
2024-12-01 09:00:00,176,0,36
2024-12-01 10:00:00,437,0,60
2024-12-01 11:00:00,537,0,76
2024-12-01 12:00:00,732,0,82
2024-12-01 13:00:00,820,0,115
2024-12-01 14:00:00,764,0,85
2024-12-01 15:00:00,751,0,80
2024-12-01 16:00:00,704,0,86
2024-12-01 17:00:00,366,0,53
2024-12-01 18:00:00,146,1,59
2024-12-01 19:00:00,160,0,54
2024-12-01 20:00:00,118,0,40
2024-12-01 21:00:00,74,0,35
2024-12-01 22:00:00,76,0,49
2024-12-01 23:00:00,31,0,27
2024-12-02 00:00:00,14,0,35
2024-12-02 01:00:00,4,0,51
2024-12-02 02:00:00,4,0,17
2024-12-02 03:00:00,7,0,23
2024-12-02 04:00:00,5,0,23
2024-12-02 05:00:00,12,0,27
2024-12-02 06:00:00,33,0,52
2024-12-02 07:00:00,213,0,108
2024-12-02 08:00:00,673,0,349
2024-12-02 09:00:00,434,0,197
2024-12-02 10:00:00,398,0,75
2024-12-02 11:00:00,476,0,60
2024-12-02 12:00:00,931,0,68
2024-12-02 13:00:00,1130,0,89
2024-12-02 14:00:00,669,0,92
2024-12-02 15:00:00,642,0,124
2024-12-02 16:00:00,663,0,157
2024-12-02 17:00:00,829,0,287
2024-12-02 18:00:00,561,0,171
2024-12-02 19:00:00,231,0,86
2024-12-02 20:00:00,99,0,54
2024-12-02 21:00:00,98,0,40
2024-12-02 22:00:00,83,0,28
2024-12-02 23:00:00,56,0,22
2024-12-03 00:00:00,30,0,9
2024-12-03 01:00:00,24,0,15
2024-12-03 02:00:00,4,0,11
2024-12-03 03:00:00,3,0,12
2024-12-03 04:00:00,6,0,10
2024-12-03 05:00:00,10,0,22
2024-12-03 06:00:00,45,0,23
2024-12-03 07:00:00,243,0,120
2024-12-03 08:00:00,766,0,373
2024-12-03 09:00:00,445,0,207
2024-12-03 10:00:00,331,0,63
2024-12-03 11:00:00,421,0,54
2024-12-03 12:00:00,973,0,92
2024-12-03 13:00:00,1197,0,90
2024-12-03 14:00:00,643,0,94
2024-12-03 15:00:00,637,0,137
2024-12-03 16:00:00,750,0,194
2024-12-03 17:00:00,848,1,304
2024-12-03 18:00:00,742,1,161
2024-12-03 19:00:00,579,0,106
2024-12-03 20:00:00,326,0,50
2024-12-03 21:00:00,194,0,43
2024-12-03 22:00:00,156,0,38
2024-12-03 23:00:00,96,0,21
2024-12-04 00:00:00,57,0,5
2024-12-04 01:00:00,35,0,1
2024-12-04 02:00:00,20,0,1
2024-12-04 03:00:00,21,0,0
2024-12-04 04:00:00,13,0,4
2024-12-04 05:00:00,27,0,7
2024-12-04 06:00:00,51,0,15
2024-12-04 07:00:00,265,0,125
2024-12-04 08:00:00,729,0,369
2024-12-04 09:00:00,437,0,199
2024-12-04 10:00:00,390,0,97
2024-12-04 11:00:00,389,0,57
2024-12-04 12:00:00,1003,0,97
2024-12-04 13:00:00,1070,0,117
2024-12-04 14:00:00,674,0,97
2024-12-04 15:00:00,561,0,133
2024-12-04 16:00:00,788,0,208
2024-12-04 17:00:00,585,0,323
2024-12-04 18:00:00,348,0,163
2024-12-04 19:00:00,264,0,104
2024-12-04 20:00:00,131,0,59
2024-12-04 21:00:00,112,2,50
2024-12-04 22:00:00,127,0,55
2024-12-04 23:00:00,61,0,63
2024-12-05 00:00:00,22,0,76
2024-12-05 01:00:00,12,0,73
2024-12-05 02:00:00,11,0,81
2024-12-05 03:00:00,3,0,110
2024-12-05 04:00:00,2,0,41
2024-12-05 05:00:00,4,0,107
2024-12-05 06:00:00,29,0,93
2024-12-05 07:00:00,213,0,130
2024-12-05 08:00:00,675,0,269
2024-12-05 09:00:00,454,0,191
2024-12-05 10:00:00,289,0,75
2024-12-05 11:00:00,438,0,57
2024-12-05 12:00:00,901,0,85
2024-12-05 13:00:00,1045,0,88
2024-12-05 14:00:00,511,0,69
2024-12-05 15:00:00,491,0,121
2024-12-05 16:00:00,597,0,154
2024-12-05 17:00:00,366,0,246
2024-12-05 18:00:00,310,0,160
2024-12-05 19:00:00,269,0,131
2024-12-05 20:00:00,165,0,69
2024-12-05 21:00:00,170,0,43
2024-12-05 22:00:00,225,0,34
2024-12-05 23:00:00,159,0,22
2024-12-06 00:00:00,146,0,5
2024-12-06 01:00:00,52,0,4
2024-12-06 02:00:00,31,0,1
2024-12-06 03:00:00,25,0,1
2024-12-06 04:00:00,11,0,6
2024-12-06 05:00:00,29,0,8
2024-12-06 06:00:00,52,0,21
2024-12-06 07:00:00,197,0,72
2024-12-06 08:00:00,588,0,192
2024-12-06 09:00:00,375,0,161
2024-12-06 10:00:00,497,0,87
2024-12-06 11:00:00,591,0,71
2024-12-06 12:00:00,850,0,92
2024-12-06 13:00:00,1057,0,106
2024-12-06 14:00:00,937,0,123
2024-12-06 15:00:00,624,0,122
2024-12-06 16:00:00,490,0,168
2024-12-06 17:00:00,548,0,172
2024-12-06 18:00:00,465,0,145
2024-12-06 19:00:00,281,1,83
2024-12-06 20:00:00,251,0,55
2024-12-06 21:00:00,215,0,48
2024-12-06 22:00:00,210,0,49
2024-12-06 23:00:00,132,0,38
2024-12-07 00:00:00,88,0,21
2024-12-07 01:00:00,67,0,9
2024-12-07 02:00:00,44,0,5
2024-12-07 03:00:00,23,0,7
2024-12-07 04:00:00,15,0,17
2024-12-07 05:00:00,8,0,9
2024-12-07 06:00:00,18,0,3
2024-12-07 07:00:00,32,0,3
2024-12-07 08:00:00,75,0,9
2024-12-07 09:00:00,116,0,15
2024-12-07 10:00:00,286,0,21
2024-12-07 11:00:00,437,0,33
2024-12-07 12:00:00,523,0,32
2024-12-07 13:00:00,751,0,38
2024-12-07 14:00:00,784,0,49
2024-12-07 15:00:00,781,0,38
2024-12-07 16:00:00,660,0,37
2024-12-07 17:00:00,559,0,27
2024-12-07 18:00:00,451,0,30
2024-12-07 19:00:00,373,0,31
2024-12-07 20:00:00,323,0,26
2024-12-07 21:00:00,336,0,27
2024-12-07 22:00:00,365,0,30
2024-12-07 23:00:00,222,0,26
2024-12-08 00:00:00,128,0,10
2024-12-08 01:00:00,73,0,8
2024-12-08 02:00:00,64,0,8
2024-12-08 03:00:00,34,0,2
2024-12-08 04:00:00,34,0,1
2024-12-08 05:00:00,17,0,2
2024-12-08 06:00:00,22,0,3
2024-12-08 07:00:00,26,0,7
2024-12-08 08:00:00,100,0,16
2024-12-08 09:00:00,180,0,36
2024-12-08 10:00:00,350,0,48
2024-12-08 11:00:00,543,0,40
2024-12-08 12:00:00,651,0,65
2024-12-08 13:00:00,642,0,74
2024-12-08 14:00:00,723,0,73
2024-12-08 15:00:00,723,0,75
2024-12-08 16:00:00,523,0,78
2024-12-08 17:00:00,201,0,76
2024-12-08 18:00:00,183,0,65
2024-12-08 19:00:00,142,0,58
2024-12-08 20:00:00,111,0,40
2024-12-08 21:00:00,66,0,26
2024-12-08 22:00:00,65,0,24
2024-12-08 23:00:00,25,0,15
2024-12-09 00:00:00,26,0,9
2024-12-09 01:00:00,12,0,1
2024-12-09 02:00:00,6,0,2
2024-12-09 03:00:00,6,0,1
2024-12-09 04:00:00,7,0,0
2024-12-09 05:00:00,16,0,3
2024-12-09 06:00:00,49,0,17
2024-12-09 07:00:00,233,0,91
2024-12-09 08:00:00,622,0,311
2024-12-09 09:00:00,400,0,182
2024-12-09 10:00:00,333,0,77
2024-12-09 11:00:00,493,0,66
2024-12-09 12:00:00,903,0,78
2024-12-09 13:00:00,965,0,95
2024-12-09 14:00:00,670,0,92
2024-12-09 15:00:00,608,0,122
2024-12-09 16:00:00,586,0,148
2024-12-09 17:00:00,784,0,248
2024-12-09 18:00:00,525,1,161
2024-12-09 19:00:00,337,0,108
2024-12-09 20:00:00,182,1,50
2024-12-09 21:00:00,142,0,31
2024-12-09 22:00:00,89,0,28
2024-12-09 23:00:00,48,0,32
2024-12-10 00:00:00,19,0,18
2024-12-10 01:00:00,14,0,9
2024-12-10 02:00:00,4,0,3
2024-12-10 03:00:00,6,0,1
2024-12-10 04:00:00,7,0,2
2024-12-10 05:00:00,16,0,6
2024-12-10 06:00:00,36,0,18
2024-12-10 07:00:00,194,0,98
2024-12-10 08:00:00,724,0,351
2024-12-10 09:00:00,475,0,225
2024-12-10 10:00:00,313,0,83
2024-12-10 11:00:00,461,0,65
2024-12-10 12:00:00,957,0,79
2024-12-10 13:00:00,1082,0,95
2024-12-10 14:00:00,573,0,90
2024-12-10 15:00:00,614,0,102
2024-12-10 16:00:00,659,0,178
2024-12-10 17:00:00,872,0,292
2024-12-10 18:00:00,725,0,165
2024-12-10 19:00:00,466,0,95
2024-12-10 20:00:00,301,0,61
2024-12-10 21:00:00,231,0,51
2024-12-10 22:00:00,174,0,47
2024-12-10 23:00:00,71,0,14
2024-12-11 00:00:00,39,0,5
2024-12-11 01:00:00,44,0,5
2024-12-11 02:00:00,18,0,1
2024-12-11 03:00:00,16,0,4
2024-12-11 04:00:00,4,0,0
2024-12-11 05:00:00,21,0,9
2024-12-11 06:00:00,51,0,11
2024-12-11 07:00:00,286,0,107
2024-12-11 08:00:00,718,0,324
2024-12-11 09:00:00,440,0,207
2024-12-11 10:00:00,383,0,75
2024-12-11 11:00:00,446,0,55
2024-12-11 12:00:00,1026,0,87
2024-12-11 13:00:00,1105,0,104
2024-12-11 14:00:00,635,0,94
2024-12-11 15:00:00,584,0,117
2024-12-11 16:00:00,832,0,179
2024-12-11 17:00:00,940,0,277
2024-12-11 18:00:00,741,0,130
2024-12-11 19:00:00,594,0,104
2024-12-11 20:00:00,322,0,52
2024-12-11 21:00:00,273,0,57
2024-12-11 22:00:00,279,0,40
2024-12-11 23:00:00,115,0,23
2024-12-12 00:00:00,88,0,10
2024-12-12 01:00:00,32,0,3
2024-12-12 02:00:00,31,0,1
2024-12-12 03:00:00,26,0,3
2024-12-12 04:00:00,8,0,3
2024-12-12 05:00:00,17,0,6
2024-12-12 06:00:00,51,0,9
2024-12-12 07:00:00,263,0,85
2024-12-12 08:00:00,696,0,294
2024-12-12 09:00:00,438,0,187
2024-12-12 10:00:00,376,0,99
2024-12-12 11:00:00,520,0,77
2024-12-12 12:00:00,1002,0,79
2024-12-12 13:00:00,1141,0,88
2024-12-12 14:00:00,751,0,97
2024-12-12 15:00:00,709,0,121
2024-12-12 16:00:00,845,1,158
2024-12-12 17:00:00,1058,2,247
2024-12-12 18:00:00,818,0,141
2024-12-12 19:00:00,477,0,99
2024-12-12 20:00:00,287,0,72
2024-12-12 21:00:00,188,0,59
2024-12-12 22:00:00,163,0,63
2024-12-12 23:00:00,120,0,47
2024-12-13 00:00:00,115,0,29
2024-12-13 01:00:00,47,0,32
2024-12-13 02:00:00,36,0,44
2024-12-13 03:00:00,10,0,49
2024-12-13 04:00:00,7,0,52
2024-12-13 05:00:00,6,0,35
2024-12-13 06:00:00,21,0,55
2024-12-13 07:00:00,145,0,93
2024-12-13 08:00:00,465,0,169
2024-12-13 09:00:00,389,0,150
2024-12-13 10:00:00,339,0,67
2024-12-13 11:00:00,429,0,81
2024-12-13 12:00:00,750,0,86
2024-12-13 13:00:00,895,0,94
2024-12-13 14:00:00,742,0,118
2024-12-13 15:00:00,716,0,118
2024-12-13 16:00:00,718,0,158
2024-12-13 17:00:00,683,0,252
2024-12-13 18:00:00,534,0,113
2024-12-13 19:00:00,476,0,90
2024-12-13 20:00:00,414,0,66
2024-12-13 21:00:00,317,0,64
2024-12-13 22:00:00,297,0,59
2024-12-13 23:00:00,257,0,65
2024-12-14 00:00:00,178,0,36
2024-12-14 01:00:00,115,0,28
2024-12-14 02:00:00,68,0,18
2024-12-14 03:00:00,47,0,10
2024-12-14 04:00:00,39,0,15
2024-12-14 05:00:00,15,0,18
2024-12-14 06:00:00,22,0,14
2024-12-14 07:00:00,52,0,51
2024-12-14 08:00:00,109,0,61
2024-12-14 09:00:00,279,0,55
2024-12-14 10:00:00,449,0,87
2024-12-14 11:00:00,764,0,100
2024-12-14 12:00:00,1066,0,87
2024-12-14 13:00:00,1174,0,90
2024-12-14 14:00:00,1205,0,121
2024-12-14 15:00:00,1265,0,127
2024-12-14 16:00:00,1094,0,99
2024-12-14 17:00:00,877,0,89
2024-12-14 18:00:00,666,0,73
2024-12-14 19:00:00,588,0,42
2024-12-14 20:00:00,465,0,48
2024-12-14 21:00:00,374,0,48
2024-12-14 22:00:00,327,0,46
2024-12-14 23:00:00,348,0,27
2024-12-15 00:00:00,188,0,27
2024-12-15 01:00:00,139,0,8
2024-12-15 02:00:00,59,0,11
2024-12-15 03:00:00,37,0,5
2024-12-15 04:00:00,9,0,7
2024-12-15 05:00:00,25,0,9
2024-12-15 06:00:00,10,0,8
2024-12-15 07:00:00,30,0,9
2024-12-15 08:00:00,91,0,28
2024-12-15 09:00:00,174,0,33
2024-12-15 10:00:00,350,0,58
2024-12-15 11:00:00,536,0,70
2024-12-15 12:00:00,714,0,64
2024-12-15 13:00:00,744,0,84
2024-12-15 14:00:00,761,0,97
2024-12-15 15:00:00,794,0,66
2024-12-15 16:00:00,667,0,69
2024-12-15 17:00:00,350,0,69
2024-12-15 18:00:00,303,0,73
2024-12-15 19:00:00,176,0,44
2024-12-15 20:00:00,141,0,36
2024-12-15 21:00:00,94,0,25
2024-12-15 22:00:00,48,0,24
2024-12-15 23:00:00,37,0,25
2024-12-16 00:00:00,11,0,55
2024-12-16 01:00:00,4,0,42
2024-12-16 02:00:00,8,0,24
2024-12-16 03:00:00,4,0,55
2024-12-16 04:00:00,1,0,31
2024-12-16 05:00:00,4,0,37
2024-12-16 06:00:00,29,0,40
2024-12-16 07:00:00,171,0,82
2024-12-16 08:00:00,534,0,287
2024-12-16 09:00:00,413,0,173
2024-12-16 10:00:00,385,0,77
2024-12-16 11:00:00,449,0,65
2024-12-16 12:00:00,868,0,88
2024-12-16 13:00:00,1023,0,105
2024-12-16 14:00:00,666,0,88
2024-12-16 15:00:00,808,0,114
2024-12-16 16:00:00,652,0,159
2024-12-16 17:00:00,886,1,235
2024-12-16 18:00:00,584,0,134
2024-12-16 19:00:00,385,0,60
2024-12-16 20:00:00,234,0,34
2024-12-16 21:00:00,198,0,38
2024-12-16 22:00:00,112,0,34
2024-12-16 23:00:00,70,0,15
2024-12-17 00:00:00,37,0,4
2024-12-17 01:00:00,19,0,3
2024-12-17 02:00:00,11,0,0
2024-12-17 03:00:00,11,0,1
2024-12-17 04:00:00,4,0,9
2024-12-17 05:00:00,16,0,18
2024-12-17 06:00:00,44,0,36
2024-12-17 07:00:00,189,0,91
2024-12-17 08:00:00,677,0,329
2024-12-17 09:00:00,411,0,199
2024-12-17 10:00:00,299,0,77
2024-12-17 11:00:00,514,0,60
2024-12-17 12:00:00,1060,0,75
2024-12-17 13:00:00,1053,0,90
2024-12-17 14:00:00,661,0,92
2024-12-17 15:00:00,545,0,127
2024-12-17 16:00:00,441,0,181
2024-12-17 17:00:00,621,0,273
2024-12-17 18:00:00,479,0,181
2024-12-17 19:00:00,336,0,105
2024-12-17 20:00:00,145,0,46
2024-12-17 21:00:00,114,0,34
2024-12-17 22:00:00,73,0,35
2024-12-17 23:00:00,50,0,30
2024-12-18 00:00:00,26,0,15
2024-12-18 01:00:00,6,0,29
2024-12-18 02:00:00,11,0,15
2024-12-18 03:00:00,10,0,25
2024-12-18 04:00:00,2,0,41
2024-12-18 05:00:00,5,0,39
2024-12-18 06:00:00,24,0,48
2024-12-18 07:00:00,153,0,99
2024-12-18 08:00:00,605,0,281
2024-12-18 09:00:00,391,0,162
2024-12-18 10:00:00,335,0,65
2024-12-18 11:00:00,431,0,71
2024-12-18 12:00:00,924,0,97
2024-12-18 13:00:00,986,0,98
2024-12-18 14:00:00,578,0,85
2024-12-18 15:00:00,573,0,123
2024-12-18 16:00:00,355,0,159
2024-12-18 17:00:00,375,0,228
2024-12-18 18:00:00,178,0,125
2024-12-18 19:00:00,146,0,80
2024-12-18 20:00:00,128,0,65
2024-12-18 21:00:00,117,0,57
2024-12-18 22:00:00,82,0,42
2024-12-18 23:00:00,54,0,53
2024-12-19 00:00:00,46,0,44
2024-12-19 01:00:00,16,0,32
2024-12-19 02:00:00,2,0,16
2024-12-19 03:00:00,7,0,9
2024-12-19 04:00:00,6,0,11
2024-12-19 05:00:00,23,0,11
2024-12-19 06:00:00,44,0,8
2024-12-19 07:00:00,188,0,74
2024-12-19 08:00:00,548,0,246
2024-12-19 09:00:00,384,0,168
2024-12-19 10:00:00,293,0,67
2024-12-19 11:00:00,438,0,85
2024-12-19 12:00:00,907,0,85
2024-12-19 13:00:00,1027,0,94
2024-12-19 14:00:00,749,0,96
2024-12-19 15:00:00,713,0,112
2024-12-19 16:00:00,732,1,170
2024-12-19 17:00:00,797,1,214
2024-12-19 18:00:00,623,0,112
2024-12-19 19:00:00,433,0,87
2024-12-19 20:00:00,256,0,50
2024-12-19 21:00:00,211,0,43
2024-12-19 22:00:00,198,0,39
2024-12-19 23:00:00,132,0,35
2024-12-20 00:00:00,57,0,10
2024-12-20 01:00:00,28,0,7
2024-12-20 02:00:00,34,0,3
2024-12-20 03:00:00,32,0,1
2024-12-20 04:00:00,13,0,5
2024-12-20 05:00:00,15,0,10
2024-12-20 06:00:00,25,0,18
2024-12-20 07:00:00,115,0,44
2024-12-20 08:00:00,377,0,149
2024-12-20 09:00:00,354,0,109
2024-12-20 10:00:00,321,0,60
2024-12-20 11:00:00,397,0,76
2024-12-20 12:00:00,644,0,87
2024-12-20 13:00:00,745,0,90
2024-12-20 14:00:00,513,0,80
2024-12-20 15:00:00,530,0,101
2024-12-20 16:00:00,560,0,133
2024-12-20 17:00:00,430,0,160
2024-12-20 18:00:00,335,0,105
2024-12-20 19:00:00,266,0,84
2024-12-20 20:00:00,219,0,56
2024-12-20 21:00:00,212,0,40
2024-12-20 22:00:00,157,0,42
2024-12-20 23:00:00,127,0,47
2024-12-21 00:00:00,94,0,28
2024-12-21 01:00:00,64,0,19
2024-12-21 02:00:00,28,0,14
2024-12-21 03:00:00,32,0,18
2024-12-21 04:00:00,14,0,10
2024-12-21 05:00:00,5,0,5
2024-12-21 06:00:00,16,0,15
2024-12-21 07:00:00,27,0,20
2024-12-21 08:00:00,71,0,29
2024-12-21 09:00:00,195,0,31
2024-12-21 10:00:00,307,0,40
2024-12-21 11:00:00,440,0,58
2024-12-21 12:00:00,494,0,61
2024-12-21 13:00:00,532,0,61
2024-12-21 14:00:00,723,0,66
2024-12-21 15:00:00,820,0,88
2024-12-21 16:00:00,645,0,67
2024-12-21 17:00:00,511,0,42
2024-12-21 18:00:00,408,0,31
2024-12-21 19:00:00,366,0,23
2024-12-21 20:00:00,290,0,31
2024-12-21 21:00:00,157,0,38
2024-12-21 22:00:00,112,0,19
2024-12-21 23:00:00,104,0,29
2024-12-22 00:00:00,64,0,25
2024-12-22 01:00:00,39,0,17
2024-12-22 02:00:00,40,0,31
2024-12-22 03:00:00,20,0,4
2024-12-22 04:00:00,14,0,10
2024-12-22 05:00:00,16,0,14
2024-12-22 06:00:00,10,0,11
2024-12-22 07:00:00,33,0,18
2024-12-22 08:00:00,70,0,28
2024-12-22 09:00:00,157,0,33
2024-12-22 10:00:00,262,0,43
2024-12-22 11:00:00,486,0,38
2024-12-22 12:00:00,550,0,53
2024-12-22 13:00:00,572,0,46
2024-12-22 14:00:00,619,0,58
2024-12-22 15:00:00,521,0,63
2024-12-22 16:00:00,528,0,46
2024-12-22 17:00:00,272,0,39
2024-12-22 18:00:00,206,0,19
2024-12-22 19:00:00,178,0,26
2024-12-22 20:00:00,124,0,21
2024-12-22 21:00:00,92,0,12
2024-12-22 22:00:00,55,0,13
2024-12-22 23:00:00,29,0,9
2024-12-23 00:00:00,21,0,4
2024-12-23 01:00:00,15,0,2
2024-12-23 02:00:00,12,0,2
2024-12-23 03:00:00,5,0,1
2024-12-23 04:00:00,7,0,1
2024-12-23 05:00:00,12,0,4
2024-12-23 06:00:00,31,0,2
2024-12-23 07:00:00,107,0,24
2024-12-23 08:00:00,240,0,92
2024-12-23 09:00:00,205,0,60
2024-12-23 10:00:00,323,0,32
2024-12-23 11:00:00,463,0,68
2024-12-23 12:00:00,705,0,69
2024-12-23 13:00:00,760,0,98
2024-12-23 14:00:00,666,0,71
2024-12-23 15:00:00,604,0,66
2024-12-23 16:00:00,528,0,97
2024-12-23 17:00:00,319,0,93
2024-12-23 18:00:00,232,0,51
2024-12-23 19:00:00,169,0,50
2024-12-23 20:00:00,117,0,33
2024-12-23 21:00:00,68,0,44
2024-12-23 22:00:00,43,0,31
2024-12-23 23:00:00,25,0,65
2024-12-24 00:00:00,15,0,56
2024-12-24 01:00:00,9,0,21
2024-12-24 02:00:00,6,0,21
2024-12-24 03:00:00,6,0,17
2024-12-24 04:00:00,2,0,20
2024-12-24 05:00:00,3,0,29
2024-12-24 06:00:00,21,0,38
2024-12-24 07:00:00,36,0,40
2024-12-24 08:00:00,175,0,44
2024-12-24 09:00:00,140,0,30
2024-12-24 10:00:00,231,0,39
2024-12-24 11:00:00,331,0,47
2024-12-24 12:00:00,436,0,49
2024-12-24 13:00:00,466,0,67
2024-12-24 14:00:00,482,0,55
2024-12-24 15:00:00,454,0,41
2024-12-24 16:00:00,356,0,41
2024-12-24 17:00:00,130,0,51
2024-12-24 18:00:00,101,0,50
2024-12-24 19:00:00,91,0,19
2024-12-24 20:00:00,87,0,21
2024-12-24 21:00:00,81,0,9
2024-12-24 22:00:00,38,0,15
2024-12-24 23:00:00,22,0,7
2024-12-25 00:00:00,23,0,13
2024-12-25 01:00:00,7,0,41
2024-12-25 02:00:00,1,0,45
2024-12-25 03:00:00,2,0,73
2024-12-25 04:00:00,1,0,68
2024-12-25 05:00:00,3,0,65
2024-12-25 06:00:00,9,0,58
2024-12-25 07:00:00,10,0,38
2024-12-25 08:00:00,23,0,17
2024-12-25 09:00:00,59,0,13
2024-12-25 10:00:00,77,0,17
2024-12-25 11:00:00,134,0,18
2024-12-25 12:00:00,171,0,17
2024-12-25 13:00:00,153,0,9
2024-12-25 14:00:00,152,0,24
2024-12-25 15:00:00,199,0,20
2024-12-25 16:00:00,128,0,24
2024-12-25 17:00:00,74,0,12
2024-12-25 18:00:00,67,0,13
2024-12-25 19:00:00,50,0,8
2024-12-25 20:00:00,57,0,10
2024-12-25 21:00:00,39,0,4
2024-12-25 22:00:00,30,0,10
2024-12-25 23:00:00,16,0,13
2024-12-26 00:00:00,12,0,22
2024-12-26 01:00:00,3,0,19
2024-12-26 02:00:00,5,0,16
2024-12-26 03:00:00,1,0,30
2024-12-26 04:00:00,0,0,48
2024-12-26 05:00:00,1,0,83
2024-12-26 06:00:00,8,0,93
2024-12-26 07:00:00,16,0,39
2024-12-26 08:00:00,43,0,10
2024-12-26 09:00:00,93,0,10
2024-12-26 10:00:00,165,0,27
2024-12-26 11:00:00,245,0,27
2024-12-26 12:00:00,312,0,24
2024-12-26 13:00:00,423,0,30
2024-12-26 14:00:00,447,0,29
2024-12-26 15:00:00,365,0,26
2024-12-26 16:00:00,349,0,23
2024-12-26 17:00:00,185,0,18
2024-12-26 18:00:00,155,0,29
2024-12-26 19:00:00,110,0,27
2024-12-26 20:00:00,54,0,8
2024-12-26 21:00:00,40,0,9
2024-12-26 22:00:00,34,0,7
2024-12-26 23:00:00,24,0,12
2024-12-27 00:00:00,17,0,11
2024-12-27 01:00:00,9,0,11
2024-12-27 02:00:00,6,0,21
2024-12-27 03:00:00,6,0,27
2024-12-27 04:00:00,5,0,11
2024-12-27 05:00:00,5,0,7
2024-12-27 06:00:00,13,0,6
2024-12-27 07:00:00,34,0,16
2024-12-27 08:00:00,128,0,26
2024-12-27 09:00:00,148,0,31
2024-12-27 10:00:00,245,0,37
2024-12-27 11:00:00,377,0,35
2024-12-27 12:00:00,449,0,32
2024-12-27 13:00:00,602,0,43
2024-12-27 14:00:00,518,0,27
2024-12-27 15:00:00,625,0,49
2024-12-27 16:00:00,479,0,53
2024-12-27 17:00:00,264,0,56
2024-12-27 18:00:00,209,0,32
2024-12-27 19:00:00,153,0,41
2024-12-27 20:00:00,144,0,24
2024-12-27 21:00:00,93,0,27
2024-12-27 22:00:00,86,0,24
2024-12-27 23:00:00,56,0,15
2024-12-28 00:00:00,40,0,9
2024-12-28 01:00:00,27,0,5
2024-12-28 02:00:00,10,0,7
2024-12-28 03:00:00,15,0,2
2024-12-28 04:00:00,6,0,23
2024-12-28 05:00:00,8,0,8
2024-12-28 06:00:00,14,0,8
2024-12-28 07:00:00,16,0,18
2024-12-28 08:00:00,72,0,24
2024-12-28 09:00:00,96,0,29
2024-12-28 10:00:00,290,0,32
2024-12-28 11:00:00,434,0,43
2024-12-28 12:00:00,496,0,46
2024-12-28 13:00:00,659,0,66
2024-12-28 14:00:00,700,0,52
2024-12-28 15:00:00,715,0,42
2024-12-28 16:00:00,670,0,33
2024-12-28 17:00:00,390,0,28
2024-12-28 18:00:00,335,0,31
2024-12-28 19:00:00,327,0,28
2024-12-28 20:00:00,270,0,16
2024-12-28 21:00:00,166,0,12
2024-12-28 22:00:00,135,1,10
2024-12-28 23:00:00,136,0,17
2024-12-29 00:00:00,69,0,3
2024-12-29 01:00:00,43,0,5
2024-12-29 02:00:00,31,0,5
2024-12-29 03:00:00,30,0,2
2024-12-29 04:00:00,12,0,1
2024-12-29 05:00:00,11,0,9
2024-12-29 06:00:00,16,0,0
2024-12-29 07:00:00,48,0,0
2024-12-29 08:00:00,76,0,20
2024-12-29 09:00:00,150,0,26
2024-12-29 10:00:00,286,0,51
2024-12-29 11:00:00,462,0,52
2024-12-29 12:00:00,540,0,69
2024-12-29 13:00:00,586,0,55
2024-12-29 14:00:00,651,0,62
2024-12-29 15:00:00,614,0,67
2024-12-29 16:00:00,566,0,49
2024-12-29 17:00:00,409,0,34
2024-12-29 18:00:00,265,0,27
2024-12-29 19:00:00,267,0,20
2024-12-29 20:00:00,176,0,14
2024-12-29 21:00:00,123,0,25
2024-12-29 22:00:00,79,0,21
2024-12-29 23:00:00,58,1,8
2024-12-30 00:00:00,22,0,8
2024-12-30 01:00:00,14,0,4
2024-12-30 02:00:00,9,0,18
2024-12-30 03:00:00,7,0,10
2024-12-30 04:00:00,3,0,2
2024-12-30 05:00:00,4,0,7
2024-12-30 06:00:00,17,0,12
2024-12-30 07:00:00,37,0,29
2024-12-30 08:00:00,178,0,50
2024-12-30 09:00:00,212,0,33
2024-12-30 10:00:00,312,0,42
2024-12-30 11:00:00,403,0,58
2024-12-30 12:00:00,653,0,56
2024-12-30 13:00:00,780,0,76
2024-12-30 14:00:00,615,0,88
2024-12-30 15:00:00,614,0,76
2024-12-30 16:00:00,718,0,60
2024-12-30 17:00:00,547,0,40
2024-12-30 18:00:00,435,0,31
2024-12-30 19:00:00,313,0,28
2024-12-30 20:00:00,239,0,33
2024-12-30 21:00:00,186,0,31
2024-12-30 22:00:00,85,0,9
2024-12-30 23:00:00,72,0,15
2024-12-31 00:00:00,20,0,5
2024-12-31 01:00:00,16,0,1
2024-12-31 02:00:00,10,0,3
2024-12-31 03:00:00,16,0,0
2024-12-31 04:00:00,6,0,1
2024-12-31 05:00:00,15,0,5
2024-12-31 06:00:00,38,1,4
2024-12-31 07:00:00,66,0,16
2024-12-31 08:00:00,200,0,31
2024-12-31 09:00:00,194,0,47
2024-12-31 10:00:00,319,0,50
2024-12-31 11:00:00,412,0,48
2024-12-31 12:00:00,519,0,82
2024-12-31 13:00:00,669,0,67
2024-12-31 14:00:00,685,0,67
2024-12-31 15:00:00,672,0,65
2024-12-31 16:00:00,622,0,64
2024-12-31 17:00:00,480,1,45
2024-12-31 18:00:00,401,0,33
2024-12-31 19:00:00,308,0,31
2024-12-31 20:00:00,399,0,28
2024-12-31 21:00:00,383,0,33
2024-12-31 22:00:00,362,0,28
2024-12-31 23:00:00,309,0,19
