date,ped,car,cyc
2024-01-01 00:00:00,59,0,2
2024-01-01 01:00:00,53,0,0
2024-01-01 02:00:00,56,0,0
2024-01-01 03:00:00,57,0,0
2024-01-01 04:00:00,49,0,1
2024-01-01 05:00:00,22,0,2
2024-01-01 06:00:00,14,0,2
2024-01-01 07:00:00,15,0,2
2024-01-01 08:00:00,15,0,1
2024-01-01 09:00:00,28,0,1
2024-01-01 10:00:00,67,0,1
2024-01-01 11:00:00,85,0,1
2024-01-01 12:00:00,111,0,0
2024-01-01 13:00:00,128,0,3
2024-01-01 14:00:00,85,0,1
2024-01-01 15:00:00,83,0,8
2024-01-01 16:00:00,57,0,0
2024-01-01 17:00:00,21,0,3
2024-01-01 18:00:00,21,0,2
2024-01-01 19:00:00,29,0,3
2024-01-01 20:00:00,27,0,1
2024-01-01 21:00:00,13,0,2
2024-01-01 22:00:00,14,0,4
2024-01-01 23:00:00,13,0,5
2024-01-02 00:00:00,4,0,1
2024-01-02 01:00:00,3,0,1
2024-01-02 02:00:00,5,0,0
2024-01-02 03:00:00,3,0,0
2024-01-02 04:00:00,8,0,2
2024-01-02 05:00:00,4,0,0
2024-01-02 06:00:00,8,0,1
2024-01-02 07:00:00,22,0,3
2024-01-02 08:00:00,77,0,1
2024-01-02 09:00:00,71,0,2
2024-01-02 10:00:00,48,0,0
2024-01-02 11:00:00,99,0,0
2024-01-02 12:00:00,143,0,4
2024-01-02 13:00:00,109,0,3
2024-01-02 14:00:00,157,0,2
2024-01-02 15:00:00,157,0,2
2024-01-02 16:00:00,121,0,2
2024-01-02 17:00:00,173,0,7
2024-01-02 18:00:00,136,0,2
2024-01-02 19:00:00,93,0,1
2024-01-02 20:00:00,50,0,3
2024-01-02 21:00:00,39,0,3
2024-01-02 22:00:00,15,0,0
2024-01-02 23:00:00,6,0,3
2024-01-03 00:00:00,2,0,0
2024-01-03 01:00:00,2,0,1
2024-01-03 02:00:00,1,0,0
2024-01-03 03:00:00,0,0,1
2024-01-03 04:00:00,1,0,0
2024-01-03 05:00:00,2,0,2
2024-01-03 06:00:00,3,0,2
2024-01-03 07:00:00,27,0,4
2024-01-03 08:00:00,47,0,3
2024-01-03 09:00:00,37,0,2
2024-01-03 10:00:00,61,0,2
2024-01-03 11:00:00,80,0,0
2024-01-03 12:00:00,103,0,3
2024-01-03 13:00:00,129,0,1
2024-01-03 14:00:00,132,0,2
2024-01-03 15:00:00,158,0,3
2024-01-03 16:00:00,153,0,3
2024-01-03 17:00:00,168,0,5
2024-01-03 18:00:00,146,0,5
2024-01-03 19:00:00,116,0,0
2024-01-03 20:00:00,64,0,2
2024-01-03 21:00:00,30,0,1
2024-01-03 22:00:00,14,0,2
2024-01-03 23:00:00,6,0,0
2024-01-04 00:00:00,6,0,1
2024-01-04 01:00:00,1,0,1
2024-01-04 02:00:00,3,0,0
2024-01-04 03:00:00,3,0,2
2024-01-04 04:00:00,4,0,1
2024-01-04 05:00:00,4,0,0
2024-01-04 06:00:00,7,0,2
2024-01-04 07:00:00,43,0,1
2024-01-04 08:00:00,85,0,7
2024-01-04 09:00:00,54,0,4
2024-01-04 10:00:00,87,0,2
2024-01-04 11:00:00,69,0,1
2024-01-04 12:00:00,114,0,3
2024-01-04 13:00:00,130,0,2
2024-01-04 14:00:00,105,0,3
2024-01-04 15:00:00,131,0,5
2024-01-04 16:00:00,96,0,1
2024-01-04 17:00:00,128,0,7
2024-01-04 18:00:00,83,0,5
2024-01-04 19:00:00,45,0,4
2024-01-04 20:00:00,29,0,1
2024-01-04 21:00:00,32,0,3
2024-01-04 22:00:00,17,0,1
2024-01-04 23:00:00,8,0,2
2024-01-05 00:00:00,7,0,0
2024-01-05 01:00:00,0,0,0
2024-01-05 02:00:00,2,0,0
2024-01-05 03:00:00,3,0,0
2024-01-05 04:00:00,5,0,0
2024-01-05 05:00:00,13,0,1
2024-01-05 06:00:00,13,0,4
2024-01-05 07:00:00,35,0,3
2024-01-05 08:00:00,86,0,10
2024-01-05 09:00:00,87,0,1
2024-01-05 10:00:00,89,0,2
2024-01-05 11:00:00,94,0,2
2024-01-05 12:00:00,121,0,3
2024-01-05 13:00:00,157,0,5
2024-01-05 14:00:00,147,0,2
2024-01-05 15:00:00,147,0,2
2024-01-05 16:00:00,172,0,6
2024-01-05 17:00:00,189,0,7
2024-01-05 18:00:00,216,0,2
2024-01-05 19:00:00,131,0,3
2024-01-05 20:00:00,95,0,0
2024-01-05 21:00:00,84,0,2
2024-01-05 22:00:00,64,0,1
2024-01-05 23:00:00,38,0,1
2024-01-06 00:00:00,12,0,0
2024-01-06 01:00:00,8,0,0
2024-01-06 02:00:00,1,0,0
2024-01-06 03:00:00,5,0,0
2024-01-06 04:00:00,9,0,0
2024-01-06 05:00:00,3,0,0
2024-01-06 06:00:00,10,0,2
2024-01-06 07:00:00,6,0,2
2024-01-06 08:00:00,21,0,3
2024-01-06 09:00:00,77,0,3
2024-01-06 10:00:00,111,0,2
2024-01-06 11:00:00,179,0,3
2024-01-06 12:00:00,204,0,4
2024-01-06 13:00:00,208,0,2
2024-01-06 14:00:00,239,0,3
2024-01-06 15:00:00,201,0,3
2024-01-06 16:00:00,173,0,9
2024-01-06 17:00:00,160,0,1
2024-01-06 18:00:00,138,0,6
2024-01-06 19:00:00,140,0,4
2024-01-06 20:00:00,77,0,1
2024-01-06 21:00:00,65,0,1
2024-01-06 22:00:00,48,0,3
2024-01-06 23:00:00,28,0,0
2024-01-07 00:00:00,28,0,0
2024-01-07 01:00:00,18,0,1
2024-01-07 02:00:00,10,0,0
2024-01-07 03:00:00,6,0,1
2024-01-07 04:00:00,14,0,0
2024-01-07 05:00:00,7,0,0
2024-01-07 06:00:00,8,0,0
2024-01-07 07:00:00,13,0,2
2024-01-07 08:00:00,11,0,1
2024-01-07 09:00:00,44,0,5
2024-01-07 10:00:00,116,0,1
2024-01-07 11:00:00,174,0,0
2024-01-07 12:00:00,207,0,4
2024-01-07 13:00:00,207,0,1
2024-01-07 14:00:00,179,0,7
2024-01-07 15:00:00,199,0,4
2024-01-07 16:00:00,131,0,2
2024-01-07 17:00:00,87,0,3
2024-01-07 18:00:00,76,0,1
2024-01-07 19:00:00,45,0,5
2024-01-07 20:00:00,46,0,3
2024-01-07 21:00:00,15,0,1
2024-01-07 22:00:00,18,0,0
2024-01-07 23:00:00,5,0,3
2024-01-08 00:00:00,3,0,0
2024-01-08 01:00:00,5,0,0
2024-01-08 02:00:00,3,0,1
2024-01-08 03:00:00,6,0,0
2024-01-08 04:00:00,7,0,2
2024-01-08 05:00:00,9,0,1
2024-01-08 06:00:00,19,0,1
2024-01-08 07:00:00,44,0,2
2024-01-08 08:00:00,86,0,7
2024-01-08 09:00:00,62,0,1
2024-01-08 10:00:00,52,0,3
2024-01-08 11:00:00,80,0,6
2024-01-08 12:00:00,101,0,5
2024-01-08 13:00:00,120,0,1
2024-01-08 14:00:00,129,0,2
2024-01-08 15:00:00,98,0,5
2024-01-08 16:00:00,111,0,5
2024-01-08 17:00:00,141,0,8
2024-01-08 18:00:00,130,0,7
2024-01-08 19:00:00,87,0,2
2024-01-08 20:00:00,61,0,0
2024-01-08 21:00:00,43,0,2
2024-01-08 22:00:00,24,0,0
2024-01-08 23:00:00,9,0,0
2024-01-09 00:00:00,5,0,0
2024-01-09 01:00:00,3,0,0
2024-01-09 02:00:00,4,0,0
2024-01-09 03:00:00,3,0,0
2024-01-09 04:00:00,7,0,1
2024-01-09 05:00:00,7,0,3
2024-01-09 06:00:00,16,0,2
2024-01-09 07:00:00,49,0,3
2024-01-09 08:00:00,97,0,15
2024-01-09 09:00:00,66,0,2
2024-01-09 10:00:00,61,0,0
2024-01-09 11:00:00,64,0,3
2024-01-09 12:00:00,94,0,5
2024-01-09 13:00:00,82,0,1
2024-01-09 14:00:00,124,0,5
2024-01-09 15:00:00,115,0,4
2024-01-09 16:00:00,133,0,3
2024-01-09 17:00:00,135,0,12
2024-01-09 18:00:00,156,0,3
2024-01-09 19:00:00,88,0,6
2024-01-09 20:00:00,62,0,2
2024-01-09 21:00:00,48,0,2
2024-01-09 22:00:00,36,0,3
2024-01-09 23:00:00,14,0,0
2024-01-10 00:00:00,10,0,2
2024-01-10 01:00:00,4,0,1
2024-01-10 02:00:00,8,0,1
2024-01-10 03:00:00,4,0,0
2024-01-10 04:00:00,10,0,1
2024-01-10 05:00:00,6,0,0
2024-01-10 06:00:00,12,0,4
2024-01-10 07:00:00,40,0,3
2024-01-10 08:00:00,95,0,7
2024-01-10 09:00:00,58,0,2
2024-01-10 10:00:00,67,0,4
2024-01-10 11:00:00,103,0,4
2024-01-10 12:00:00,122,0,3
2024-01-10 13:00:00,128,0,1
2024-01-10 14:00:00,138,0,3
2024-01-10 15:00:00,127,0,5
2024-01-10 16:00:00,145,0,8
2024-01-10 17:00:00,126,0,10
2024-01-10 18:00:00,159,0,2
2024-01-10 19:00:00,96,0,3
2024-01-10 20:00:00,55,0,6
2024-01-10 21:00:00,53,0,3
2024-01-10 22:00:00,32,0,4
2024-01-10 23:00:00,11,0,0
2024-01-11 00:00:00,8,0,0
2024-01-11 01:00:00,2,0,0
2024-01-11 02:00:00,8,0,1
2024-01-11 03:00:00,6,0,1
2024-01-11 04:00:00,4,0,1
2024-01-11 05:00:00,4,0,0
2024-01-11 06:00:00,16,0,4
2024-01-11 07:00:00,44,0,3
2024-01-11 08:00:00,90,0,9
2024-01-11 09:00:00,61,0,0
2024-01-11 10:00:00,68,0,2
2024-01-11 11:00:00,84,0,3
2024-01-11 12:00:00,90,0,3
2024-01-11 13:00:00,124,0,2
2024-01-11 14:00:00,101,0,2
2024-01-11 15:00:00,134,0,3
2024-01-11 16:00:00,128,0,2
2024-01-11 17:00:00,161,0,7
2024-01-11 18:00:00,156,0,5
2024-01-11 19:00:00,100,0,10
2024-01-11 20:00:00,84,0,0
2024-01-11 21:00:00,50,0,1
2024-01-11 22:00:00,27,0,7
2024-01-11 23:00:00,18,0,1
2024-01-12 00:00:00,10,0,0
2024-01-12 01:00:00,5,0,0
2024-01-12 02:00:00,1,0,0
2024-01-12 03:00:00,5,0,0
2024-01-12 04:00:00,3,0,2
2024-01-12 05:00:00,5,0,0
2024-01-12 06:00:00,27,0,4
2024-01-12 07:00:00,31,0,4
2024-01-12 08:00:00,80,0,5
2024-01-12 09:00:00,80,0,2
2024-01-12 10:00:00,68,0,2
2024-01-12 11:00:00,104,0,3
2024-01-12 12:00:00,134,0,3
2024-01-12 13:00:00,143,0,4
2024-01-12 14:00:00,138,0,3
2024-01-12 15:00:00,138,0,8
2024-01-12 16:00:00,159,0,5
2024-01-12 17:00:00,196,0,9
2024-01-12 18:00:00,213,0,4
2024-01-12 19:00:00,147,0,6
2024-01-12 20:00:00,122,0,1
2024-01-12 21:00:00,83,0,0
2024-01-12 22:00:00,67,0,3
2024-01-12 23:00:00,40,0,1
2024-01-13 00:00:00,18,0,0
2024-01-13 01:00:00,9,0,2
2024-01-13 02:00:00,6,0,0
2024-01-13 03:00:00,4,0,0
2024-01-13 04:00:00,5,0,0
2024-01-13 05:00:00,9,0,1
2024-01-13 06:00:00,8,0,1
2024-01-13 07:00:00,15,0,0
2024-01-13 08:00:00,32,0,3
2024-01-13 09:00:00,53,0,1
2024-01-13 10:00:00,98,0,3
2024-01-13 11:00:00,159,0,1
2024-01-13 12:00:00,190,0,5
2024-01-13 13:00:00,196,0,8
2024-01-13 14:00:00,191,0,1
2024-01-13 15:00:00,240,0,4
2024-01-13 16:00:00,184,0,5
2024-01-13 17:00:00,192,0,6
2024-01-13 18:00:00,169,0,4
2024-01-13 19:00:00,89,0,5
2024-01-13 20:00:00,88,0,3
2024-01-13 21:00:00,64,0,0
2024-01-13 22:00:00,58,0,1
2024-01-13 23:00:00,35,0,1
2024-01-14 00:00:00,15,0,0
2024-01-14 01:00:00,8,0,0
2024-01-14 02:00:00,9,0,0
2024-01-14 03:00:00,7,0,0
2024-01-14 04:00:00,5,0,0
2024-01-14 05:00:00,11,0,1
2024-01-14 06:00:00,7,0,0
2024-01-14 07:00:00,11,0,0
2024-01-14 08:00:00,13,0,2
2024-01-14 09:00:00,40,0,7
2024-01-14 10:00:00,102,0,3
2024-01-14 11:00:00,123,0,7
2024-01-14 12:00:00,195,0,1
2024-01-14 13:00:00,211,0,2
2024-01-14 14:00:00,220,0,3
2024-01-14 15:00:00,197,0,2
2024-01-14 16:00:00,191,0,5
2024-01-14 17:00:00,95,0,1
2024-01-14 18:00:00,91,0,3
2024-01-14 19:00:00,61,0,0
2024-01-14 20:00:00,39,0,3
2024-01-14 21:00:00,25,0,1
2024-01-14 22:00:00,16,0,3
2024-01-14 23:00:00,10,0,0
2024-01-15 00:00:00,4,0,0
2024-01-15 01:00:00,2,0,0
2024-01-15 02:00:00,5,0,0
2024-01-15 03:00:00,5,0,0
2024-01-15 04:00:00,6,0,1
2024-01-15 05:00:00,13,0,0
2024-01-15 06:00:00,26,0,5
2024-01-15 07:00:00,33,0,1
2024-01-15 08:00:00,105,0,9
2024-01-15 09:00:00,71,0,2
2024-01-15 10:00:00,75,0,1
2024-01-15 11:00:00,94,0,2
2024-01-15 12:00:00,95,0,4
2024-01-15 13:00:00,117,0,4
2024-01-15 14:00:00,119,0,0
2024-01-15 15:00:00,138,0,4
2024-01-15 16:00:00,106,0,6
2024-01-15 17:00:00,141,0,11
2024-01-15 18:00:00,158,0,1
2024-01-15 19:00:00,90,0,0
2024-01-15 20:00:00,52,0,4
2024-01-15 21:00:00,37,0,0
2024-01-15 22:00:00,31,0,1
2024-01-15 23:00:00,17,0,1
2024-01-16 00:00:00,8,0,0
2024-01-16 01:00:00,3,0,2
2024-01-16 02:00:00,3,0,0
2024-01-16 03:00:00,1,0,1
2024-01-16 04:00:00,5,0,0
2024-01-16 05:00:00,6,0,0
2024-01-16 06:00:00,15,0,3
2024-01-16 07:00:00,44,0,1
2024-01-16 08:00:00,101,0,9
2024-01-16 09:00:00,71,0,3
2024-01-16 10:00:00,70,0,2
2024-01-16 11:00:00,86,0,0
2024-01-16 12:00:00,115,0,2
2024-01-16 13:00:00,99,0,3
2024-01-16 14:00:00,130,0,4
2024-01-16 15:00:00,122,0,3
2024-01-16 16:00:00,127,0,1
2024-01-16 17:00:00,142,0,7
2024-01-16 18:00:00,145,0,6
2024-01-16 19:00:00,80,0,2
2024-01-16 20:00:00,61,0,4
2024-01-16 21:00:00,57,0,5
2024-01-16 22:00:00,23,0,1
2024-01-16 23:00:00,16,0,1
2024-01-17 00:00:00,4,0,0
2024-01-17 01:00:00,2,0,0
2024-01-17 02:00:00,12,0,0
2024-01-17 03:00:00,0,0,0
2024-01-17 04:00:00,7,0,1
2024-01-17 05:00:00,7,0,0
2024-01-17 06:00:00,18,0,0
2024-01-17 07:00:00,44,0,7
2024-01-17 08:00:00,99,0,8
2024-01-17 09:00:00,66,0,2
2024-01-17 10:00:00,72,0,1
2024-01-17 11:00:00,83,0,1
2024-01-17 12:00:00,111,0,3
2024-01-17 13:00:00,109,0,6
2024-01-17 14:00:00,127,0,1
2024-01-17 15:00:00,131,0,5
2024-01-17 16:00:00,127,0,5
2024-01-17 17:00:00,161,0,6
2024-01-17 18:00:00,132,0,10
2024-01-17 19:00:00,124,0,6
2024-01-17 20:00:00,78,0,1
2024-01-17 21:00:00,49,0,2
2024-01-17 22:00:00,26,0,1
2024-01-17 23:00:00,11,0,2
2024-01-18 00:00:00,5,0,1
2024-01-18 01:00:00,1,0,0
2024-01-18 02:00:00,4,0,0
2024-01-18 03:00:00,3,0,1
2024-01-18 04:00:00,2,0,1
2024-01-18 05:00:00,9,0,0
2024-01-18 06:00:00,22,0,4
2024-01-18 07:00:00,47,0,5
2024-01-18 08:00:00,106,0,9
2024-01-18 09:00:00,68,0,3
2024-01-18 10:00:00,63,0,2
2024-01-18 11:00:00,82,0,1
2024-01-18 12:00:00,104,0,1
2024-01-18 13:00:00,114,0,4
2024-01-18 14:00:00,130,0,4
2024-01-18 15:00:00,145,0,3
2024-01-18 16:00:00,124,0,1
2024-01-18 17:00:00,152,0,10
2024-01-18 18:00:00,138,0,5
2024-01-18 19:00:00,104,0,3
2024-01-18 20:00:00,85,0,3
2024-01-18 21:00:00,51,0,2
2024-01-18 22:00:00,42,0,0
2024-01-18 23:00:00,14,0,0
2024-01-19 00:00:00,16,0,0
2024-01-19 01:00:00,9,0,1
2024-01-19 02:00:00,0,0,0
2024-01-19 03:00:00,3,0,0
2024-01-19 04:00:00,1,0,0
2024-01-19 05:00:00,8,0,1
2024-01-19 06:00:00,20,0,0
2024-01-19 07:00:00,29,0,2
2024-01-19 08:00:00,108,0,7
2024-01-19 09:00:00,92,0,3
2024-01-19 10:00:00,88,0,1
2024-01-19 11:00:00,117,0,4
2024-01-19 12:00:00,110,0,1
2024-01-19 13:00:00,139,0,1
2024-01-19 14:00:00,161,0,4
2024-01-19 15:00:00,143,0,5
2024-01-19 16:00:00,168,0,4
2024-01-19 17:00:00,201,0,8
2024-01-19 18:00:00,188,0,6
2024-01-19 19:00:00,172,0,4
2024-01-19 20:00:00,99,0,0
2024-01-19 21:00:00,86,0,4
2024-01-19 22:00:00,60,0,0
2024-01-19 23:00:00,45,0,1
2024-01-20 00:00:00,13,0,0
2024-01-20 01:00:00,11,0,0
2024-01-20 02:00:00,4,0,0
2024-01-20 03:00:00,8,0,0
2024-01-20 04:00:00,12,0,0
2024-01-20 05:00:00,4,0,0
2024-01-20 06:00:00,9,0,1
2024-01-20 07:00:00,15,0,0
2024-01-20 08:00:00,35,0,2
2024-01-20 09:00:00,75,0,3
2024-01-20 10:00:00,124,0,6
2024-01-20 11:00:00,176,0,4
2024-01-20 12:00:00,173,0,3
2024-01-20 13:00:00,175,0,2
2024-01-20 14:00:00,208,0,3
2024-01-20 15:00:00,184,0,5
2024-01-20 16:00:00,198,0,4
2024-01-20 17:00:00,182,0,1
2024-01-20 18:00:00,148,0,5
2024-01-20 19:00:00,153,0,2
2024-01-20 20:00:00,89,0,2
2024-01-20 21:00:00,60,0,0
2024-01-20 22:00:00,43,0,1
2024-01-20 23:00:00,30,0,0
2024-01-21 00:00:00,11,0,11
2024-01-21 01:00:00,2,0,3
2024-01-21 02:00:00,0,0,1
2024-01-21 03:00:00,1,0,1
2024-01-21 04:00:00,0,0,3
2024-01-21 05:00:00,6,0,2
2024-01-21 06:00:00,8,0,1
2024-01-21 07:00:00,4,0,0
2024-01-21 08:00:00,18,0,3
2024-01-21 09:00:00,33,0,2
2024-01-21 10:00:00,121,0,3
2024-01-21 11:00:00,153,0,2
2024-01-21 12:00:00,201,0,1
2024-01-21 13:00:00,206,0,3
2024-01-21 14:00:00,195,0,2
2024-01-21 15:00:00,179,0,4
2024-01-21 16:00:00,80,0,3
2024-01-21 17:00:00,46,0,6
2024-01-21 18:00:00,64,0,2
2024-01-21 19:00:00,42,0,0
2024-01-21 20:00:00,16,0,2
2024-01-21 21:00:00,3,0,0
2024-01-21 22:00:00,11,0,3
2024-01-21 23:00:00,3,0,0
2024-01-22 00:00:00,2,0,1
2024-01-22 01:00:00,0,0,0
2024-01-22 02:00:00,3,0,1
2024-01-22 03:00:00,2,0,0
2024-01-22 04:00:00,6,0,1
2024-01-22 05:00:00,5,0,1
2024-01-22 06:00:00,8,0,0
2024-01-22 07:00:00,29,0,7
2024-01-22 08:00:00,104,0,6
2024-01-22 09:00:00,73,0,2
2024-01-22 10:00:00,94,0,2
2024-01-22 11:00:00,69,0,0
2024-01-22 12:00:00,101,0,5
2024-01-22 13:00:00,133,0,1
2024-01-22 14:00:00,67,0,3
2024-01-22 15:00:00,135,0,5
2024-01-22 16:00:00,135,0,6
2024-01-22 17:00:00,162,0,3
2024-01-22 18:00:00,117,0,4
2024-01-22 19:00:00,87,0,4
2024-01-22 20:00:00,46,0,2
2024-01-22 21:00:00,43,0,2
2024-01-22 22:00:00,19,0,3
2024-01-22 23:00:00,6,0,1
2024-01-23 00:00:00,3,0,2
2024-01-23 01:00:00,8,0,1
2024-01-23 02:00:00,3,0,0
2024-01-23 03:00:00,3,0,0
2024-01-23 04:00:00,2,0,2
2024-01-23 05:00:00,5,0,1
2024-01-23 06:00:00,11,0,3
2024-01-23 07:00:00,23,0,1
2024-01-23 08:00:00,92,0,3
2024-01-23 09:00:00,52,0,5
2024-01-23 10:00:00,42,0,1
2024-01-23 11:00:00,59,0,1
2024-01-23 12:00:00,84,0,1
2024-01-23 13:00:00,65,0,0
2024-01-23 14:00:00,100,0,7
2024-01-23 15:00:00,107,0,2
2024-01-23 16:00:00,100,0,3
2024-01-23 17:00:00,137,0,12
2024-01-23 18:00:00,140,0,2
2024-01-23 19:00:00,110,0,2
2024-01-23 20:00:00,42,0,0
2024-01-23 21:00:00,40,0,7
2024-01-23 22:00:00,21,0,2
2024-01-23 23:00:00,13,0,2
2024-01-24 00:00:00,11,0,1
2024-01-24 01:00:00,0,0,0
2024-01-24 02:00:00,2,0,2
2024-01-24 03:00:00,3,0,0
2024-01-24 04:00:00,6,0,0
2024-01-24 05:00:00,3,0,4
2024-01-24 06:00:00,19,0,5
2024-01-24 07:00:00,44,0,4
2024-01-24 08:00:00,84,0,7
2024-01-24 09:00:00,53,0,5
2024-01-24 10:00:00,56,0,0
2024-01-24 11:00:00,97,0,0
2024-01-24 12:00:00,112,0,1
2024-01-24 13:00:00,97,0,1
2024-01-24 14:00:00,122,0,4
2024-01-24 15:00:00,158,0,4
2024-01-24 16:00:00,137,0,6
2024-01-24 17:00:00,160,0,7
2024-01-24 18:00:00,173,0,8
2024-01-24 19:00:00,132,0,2
2024-01-24 20:00:00,49,0,1
2024-01-24 21:00:00,37,0,2
2024-01-24 22:00:00,46,0,1
2024-01-24 23:00:00,15,0,0
2024-01-25 00:00:00,4,0,1
2024-01-25 01:00:00,5,0,0
2024-01-25 02:00:00,1,0,0
2024-01-25 03:00:00,4,0,0
2024-01-25 04:00:00,0,0,2
2024-01-25 05:00:00,4,0,1
2024-01-25 06:00:00,13,0,4
2024-01-25 07:00:00,37,0,1
2024-01-25 08:00:00,98,0,12
2024-01-25 09:00:00,68,0,6
2024-01-25 10:00:00,74,0,5
2024-01-25 11:00:00,92,0,2
2024-01-25 12:00:00,97,0,3
2024-01-25 13:00:00,111,0,3
2024-01-25 14:00:00,117,0,0
2024-01-25 15:00:00,147,0,8
2024-01-25 16:00:00,145,0,6
2024-01-25 17:00:00,176,0,13
2024-01-25 18:00:00,155,0,5
2024-01-25 19:00:00,132,0,5
2024-01-25 20:00:00,76,0,0
2024-01-25 21:00:00,68,0,6
2024-01-25 22:00:00,30,0,5
2024-01-25 23:00:00,12,0,2
2024-01-26 00:00:00,0,0,2
2024-01-26 01:00:00,5,0,0
2024-01-26 02:00:00,6,0,0
2024-01-26 03:00:00,2,0,0
2024-01-26 04:00:00,0,0,0
2024-01-26 05:00:00,2,0,2
2024-01-26 06:00:00,16,0,1
2024-01-26 07:00:00,49,0,4
2024-01-26 08:00:00,103,0,6
2024-01-26 09:00:00,75,0,2
2024-01-26 10:00:00,74,0,4
2024-01-26 11:00:00,125,0,2
2024-01-26 12:00:00,134,0,3
2024-01-26 13:00:00,145,0,1
2024-01-26 14:00:00,164,0,3
2024-01-26 15:00:00,177,0,0
2024-01-26 16:00:00,204,0,7
2024-01-26 17:00:00,193,0,7
2024-01-26 18:00:00,199,0,4
2024-01-26 19:00:00,194,0,3
2024-01-26 20:00:00,107,0,3
2024-01-26 21:00:00,100,0,4
2024-01-26 22:00:00,87,0,2
2024-01-26 23:00:00,50,0,1
2024-01-27 00:00:00,20,0,5
2024-01-27 01:00:00,23,0,0
2024-01-27 02:00:00,18,0,3
2024-01-27 03:00:00,7,0,0
2024-01-27 04:00:00,18,0,0
2024-01-27 05:00:00,11,0,0
2024-01-27 06:00:00,14,0,0
2024-01-27 07:00:00,17,0,1
2024-01-27 08:00:00,44,0,4
2024-01-27 09:00:00,86,0,3
2024-01-27 10:00:00,140,0,4
2024-01-27 11:00:00,201,0,1
2024-01-27 12:00:00,214,0,3
2024-01-27 13:00:00,196,0,4
2024-01-27 14:00:00,196,0,2
2024-01-27 15:00:00,215,0,8
2024-01-27 16:00:00,172,0,5
2024-01-27 17:00:00,193,0,3
2024-01-27 18:00:00,224,0,0
2024-01-27 19:00:00,165,0,4
2024-01-27 20:00:00,90,0,3
2024-01-27 21:00:00,87,0,2
2024-01-27 22:00:00,63,0,1
2024-01-27 23:00:00,50,0,3
2024-01-28 00:00:00,21,0,0
2024-01-28 01:00:00,27,0,0
2024-01-28 02:00:00,16,0,0
2024-01-28 03:00:00,4,0,1
2024-01-28 04:00:00,7,0,0
2024-01-28 05:00:00,6,0,0
2024-01-28 06:00:00,15,0,1
2024-01-28 07:00:00,19,0,0
2024-01-28 08:00:00,13,0,0
2024-01-28 09:00:00,43,0,0
2024-01-28 10:00:00,111,0,3
2024-01-28 11:00:00,196,0,2
2024-01-28 12:00:00,191,0,1
2024-01-28 13:00:00,219,0,4
2024-01-28 14:00:00,205,0,0
2024-01-28 15:00:00,223,0,4
2024-01-28 16:00:00,165,0,3
2024-01-28 17:00:00,117,0,4
2024-01-28 18:00:00,70,0,3
2024-01-28 19:00:00,57,0,3
2024-01-28 20:00:00,32,0,1
2024-01-28 21:00:00,20,0,0
2024-01-28 22:00:00,23,0,3
2024-01-28 23:00:00,9,0,0
2024-01-29 00:00:00,2,0,2
2024-01-29 01:00:00,0,0,0
2024-01-29 02:00:00,3,0,0
2024-01-29 03:00:00,2,0,1
2024-01-29 04:00:00,5,0,1
2024-01-29 05:00:00,3,0,3
2024-01-29 06:00:00,20,0,1
2024-01-29 07:00:00,33,0,4
2024-01-29 08:00:00,98,0,11
2024-01-29 09:00:00,44,0,8
2024-01-29 10:00:00,73,0,3
2024-01-29 11:00:00,70,0,1
2024-01-29 12:00:00,91,0,2
2024-01-29 13:00:00,99,0,2
2024-01-29 14:00:00,123,0,3
2024-01-29 15:00:00,158,0,6
2024-01-29 16:00:00,119,0,11
2024-01-29 17:00:00,169,0,5
2024-01-29 18:00:00,181,0,7
2024-01-29 19:00:00,95,0,6
2024-01-29 20:00:00,56,0,4
2024-01-29 21:00:00,43,0,2
2024-01-29 22:00:00,24,0,0
2024-01-29 23:00:00,6,0,1
2024-01-30 00:00:00,3,0,0
2024-01-30 01:00:00,1,0,0
2024-01-30 02:00:00,1,0,0
2024-01-30 03:00:00,2,0,1
2024-01-30 04:00:00,3,0,2
2024-01-30 05:00:00,6,0,1
2024-01-30 06:00:00,12,0,1
2024-01-30 07:00:00,57,0,5
2024-01-30 08:00:00,87,0,8
2024-01-30 09:00:00,54,0,5
2024-01-30 10:00:00,99,0,3
2024-01-30 11:00:00,95,0,1
2024-01-30 12:00:00,123,0,1
2024-01-30 13:00:00,92,0,2
2024-01-30 14:00:00,96,0,4
2024-01-30 15:00:00,105,0,4
2024-01-30 16:00:00,113,0,7
2024-01-30 17:00:00,192,0,8
2024-01-30 18:00:00,140,0,5
2024-01-30 19:00:00,133,0,2
2024-01-30 20:00:00,85,0,4
2024-01-30 21:00:00,45,0,1
2024-01-30 22:00:00,36,0,2
2024-01-30 23:00:00,22,0,0
2024-01-31 00:00:00,12,0,0
2024-01-31 01:00:00,5,0,1
2024-01-31 02:00:00,2,0,0
2024-01-31 03:00:00,3,0,0
2024-01-31 04:00:00,7,0,0
2024-01-31 05:00:00,8,0,2
2024-01-31 06:00:00,19,0,0
2024-01-31 07:00:00,47,0,2
2024-01-31 08:00:00,100,0,10
2024-01-31 09:00:00,75,0,5
2024-01-31 10:00:00,72,0,2
2024-01-31 11:00:00,105,0,3
2024-01-31 12:00:00,118,0,4
2024-01-31 13:00:00,131,0,3
2024-01-31 14:00:00,119,0,6
2024-01-31 15:00:00,136,0,5
2024-01-31 16:00:00,128,0,10
2024-01-31 17:00:00,177,0,5
2024-01-31 18:00:00,154,0,2
2024-01-31 19:00:00,120,0,4
2024-01-31 20:00:00,72,0,0
2024-01-31 21:00:00,39,0,6
2024-01-31 22:00:00,27,0,5
2024-01-31 23:00:00,6,0,0
2024-02-01 00:00:00,7,0,0
2024-02-01 01:00:00,2,0,0
2024-02-01 02:00:00,3,0,0
2024-02-01 03:00:00,2,0,0
2024-02-01 04:00:00,5,0,0
2024-02-01 05:00:00,5,0,0
2024-02-01 06:00:00,12,0,1
2024-02-01 07:00:00,45,0,5
2024-02-01 08:00:00,93,0,11
2024-02-01 09:00:00,77,0,8
2024-02-01 10:00:00,76,0,4
2024-02-01 11:00:00,92,0,1
2024-02-01 12:00:00,124,0,0
2024-02-01 13:00:00,108,0,2
2024-02-01 14:00:00,119,0,1
2024-02-01 15:00:00,153,0,5
2024-02-01 16:00:00,142,0,9
2024-02-01 17:00:00,190,0,9
2024-02-01 18:00:00,176,0,7
2024-02-01 19:00:00,118,0,5
2024-02-01 20:00:00,78,0,5
2024-02-01 21:00:00,81,0,4
2024-02-01 22:00:00,40,0,2
2024-02-01 23:00:00,25,0,1
2024-02-02 00:00:00,11,0,1
2024-02-02 01:00:00,5,0,3
2024-02-02 02:00:00,0,0,4
2024-02-02 03:00:00,3,0,1
2024-02-02 04:00:00,1,0,2
2024-02-02 05:00:00,1,0,0
2024-02-02 06:00:00,9,0,2
2024-02-02 07:00:00,41,0,4
2024-02-02 08:00:00,96,0,8
2024-02-02 09:00:00,107,0,4
2024-02-02 10:00:00,95,0,1
2024-02-02 11:00:00,98,0,0
2024-02-02 12:00:00,142,0,3
2024-02-02 13:00:00,142,0,3
2024-02-02 14:00:00,141,0,1
2024-02-02 15:00:00,177,0,2
2024-02-02 16:00:00,155,0,6
2024-02-02 17:00:00,178,0,9
2024-02-02 18:00:00,174,0,8
2024-02-02 19:00:00,190,0,3
2024-02-02 20:00:00,94,0,2
2024-02-02 21:00:00,65,0,5
2024-02-02 22:00:00,61,0,1
2024-02-02 23:00:00,27,0,1
2024-02-03 00:00:00,20,0,3
2024-02-03 01:00:00,8,0,1
2024-02-03 02:00:00,6,0,0
2024-02-03 03:00:00,4,0,0
2024-02-03 04:00:00,8,0,4
2024-02-03 05:00:00,5,0,0
2024-02-03 06:00:00,9,0,0
2024-02-03 07:00:00,14,0,0
2024-02-03 08:00:00,43,0,6
2024-02-03 09:00:00,60,0,3
2024-02-03 10:00:00,128,0,2
2024-02-03 11:00:00,163,0,1
2024-02-03 12:00:00,190,0,5
2024-02-03 13:00:00,204,0,5
2024-02-03 14:00:00,205,0,4
2024-02-03 15:00:00,167,0,3
2024-02-03 16:00:00,186,0,3
2024-02-03 17:00:00,194,0,2
2024-02-03 18:00:00,179,0,0
2024-02-03 19:00:00,93,0,1
2024-02-03 20:00:00,97,0,0
2024-02-03 21:00:00,84,0,1
2024-02-03 22:00:00,47,0,0
2024-02-03 23:00:00,52,0,0
2024-02-04 00:00:00,18,0,5
2024-02-04 01:00:00,21,0,1
2024-02-04 02:00:00,18,0,4
2024-02-04 03:00:00,9,0,1
2024-02-04 04:00:00,11,0,2
2024-02-04 05:00:00,6,0,2
2024-02-04 06:00:00,7,0,8
2024-02-04 07:00:00,10,0,1
2024-02-04 08:00:00,18,0,1
2024-02-04 09:00:00,21,0,2
2024-02-04 10:00:00,132,0,2
2024-02-04 11:00:00,164,0,5
2024-02-04 12:00:00,226,0,2
2024-02-04 13:00:00,175,0,2
2024-02-04 14:00:00,203,0,6
2024-02-04 15:00:00,205,0,1
2024-02-04 16:00:00,140,0,3
2024-02-04 17:00:00,79,0,2
2024-02-04 18:00:00,77,0,1
2024-02-04 19:00:00,58,0,1
2024-02-04 20:00:00,38,0,2
2024-02-04 21:00:00,16,0,0
2024-02-04 22:00:00,11,0,2
2024-02-04 23:00:00,13,0,1
2024-02-05 00:00:00,3,0,2
2024-02-05 01:00:00,7,0,1
2024-02-05 02:00:00,3,0,3
2024-02-05 03:00:00,2,0,0
2024-02-05 04:00:00,2,0,3
2024-02-05 05:00:00,3,0,1
2024-02-05 06:00:00,12,0,1
2024-02-05 07:00:00,37,0,4
2024-02-05 08:00:00,76,0,10
2024-02-05 09:00:00,73,0,6
2024-02-05 10:00:00,66,0,0
2024-02-05 11:00:00,84,0,3
2024-02-05 12:00:00,112,0,4
2024-02-05 13:00:00,115,0,3
2024-02-05 14:00:00,111,0,5
2024-02-05 15:00:00,120,0,5
2024-02-05 16:00:00,110,0,7
2024-02-05 17:00:00,145,0,5
2024-02-05 18:00:00,140,0,6
2024-02-05 19:00:00,99,0,4
2024-02-05 20:00:00,59,0,0
2024-02-05 21:00:00,54,0,0
2024-02-05 22:00:00,19,0,0
2024-02-05 23:00:00,20,0,2
2024-02-06 00:00:00,8,0,1
2024-02-06 01:00:00,4,0,2
2024-02-06 02:00:00,3,0,0
2024-02-06 03:00:00,1,0,0
2024-02-06 04:00:00,1,0,1
2024-02-06 05:00:00,1,0,1
2024-02-06 06:00:00,11,0,2
2024-02-06 07:00:00,36,0,4
2024-02-06 08:00:00,109,0,6
2024-02-06 09:00:00,57,0,4
2024-02-06 10:00:00,58,0,1
2024-02-06 11:00:00,79,0,2
2024-02-06 12:00:00,97,0,2
2024-02-06 13:00:00,107,0,3
2024-02-06 14:00:00,104,0,1
2024-02-06 15:00:00,112,0,2
2024-02-06 16:00:00,85,0,3
2024-02-06 17:00:00,90,0,12
2024-02-06 18:00:00,93,0,6
2024-02-06 19:00:00,70,0,3
2024-02-06 20:00:00,20,0,0
2024-02-06 21:00:00,33,0,2
2024-02-06 22:00:00,15,0,2
2024-02-06 23:00:00,9,0,1
2024-02-07 00:00:00,5,0,1
2024-02-07 01:00:00,0,0,0
2024-02-07 02:00:00,1,0,0
2024-02-07 03:00:00,3,0,2
2024-02-07 04:00:00,2,0,1
2024-02-07 05:00:00,2,0,1
2024-02-07 06:00:00,26,0,3
2024-02-07 07:00:00,53,0,8
2024-02-07 08:00:00,113,0,10
2024-02-07 09:00:00,77,0,6
2024-02-07 10:00:00,65,0,1
2024-02-07 11:00:00,97,0,1
2024-02-07 12:00:00,90,0,3
2024-02-07 13:00:00,112,0,0
2024-02-07 14:00:00,116,0,0
2024-02-07 15:00:00,105,0,3
2024-02-07 16:00:00,141,0,11
2024-02-07 17:00:00,159,0,9
2024-02-07 18:00:00,149,0,7
2024-02-07 19:00:00,139,0,1
2024-02-07 20:00:00,82,0,3
2024-02-07 21:00:00,45,0,1
2024-02-07 22:00:00,25,0,1
2024-02-07 23:00:00,14,0,4
2024-02-08 00:00:00,6,0,0
2024-02-08 01:00:00,5,0,0
2024-02-08 02:00:00,6,0,0
2024-02-08 03:00:00,0,0,0
2024-02-08 04:00:00,0,0,0
2024-02-08 05:00:00,1,0,1
2024-02-08 06:00:00,3,0,6
2024-02-08 07:00:00,20,0,3
2024-02-08 08:00:00,69,0,8
2024-02-08 09:00:00,50,0,8
2024-02-08 10:00:00,54,0,0
2024-02-08 11:00:00,78,0,1
2024-02-08 12:00:00,112,0,1
2024-02-08 13:00:00,105,0,3
2024-02-08 14:00:00,116,0,2
2024-02-08 15:00:00,122,0,0
2024-02-08 16:00:00,136,0,5
2024-02-08 17:00:00,107,0,4
2024-02-08 18:00:00,99,0,8
2024-02-08 19:00:00,68,0,2
2024-02-08 20:00:00,45,0,5
2024-02-08 21:00:00,33,0,3
2024-02-08 22:00:00,14,0,1
2024-02-08 23:00:00,11,0,0
2024-02-09 00:00:00,4,0,0
2024-02-09 01:00:00,2,0,0
2024-02-09 02:00:00,1,0,0
2024-02-09 03:00:00,1,0,0
2024-02-09 04:00:00,1,0,2
2024-02-09 05:00:00,0,0,1
2024-02-09 06:00:00,7,0,2
2024-02-09 07:00:00,35,0,3
2024-02-09 08:00:00,102,0,7
2024-02-09 09:00:00,93,0,5
2024-02-09 10:00:00,72,0,1
2024-02-09 11:00:00,114,0,3
2024-02-09 12:00:00,134,0,2
2024-02-09 13:00:00,130,0,9
2024-02-09 14:00:00,138,0,4
2024-02-09 15:00:00,130,0,2
2024-02-09 16:00:00,174,0,7
2024-02-09 17:00:00,196,0,2
2024-02-09 18:00:00,191,0,3
2024-02-09 19:00:00,174,0,2
2024-02-09 20:00:00,120,0,4
2024-02-09 21:00:00,77,0,4
2024-02-09 22:00:00,48,0,3
2024-02-09 23:00:00,63,0,1
2024-02-10 00:00:00,14,0,0
2024-02-10 01:00:00,17,0,1
2024-02-10 02:00:00,11,0,1
2024-02-10 03:00:00,3,0,0
2024-02-10 04:00:00,3,0,0
2024-02-10 05:00:00,2,0,0
2024-02-10 06:00:00,10,0,2
2024-02-10 07:00:00,4,0,1
2024-02-10 08:00:00,32,0,2
2024-02-10 09:00:00,86,0,3
2024-02-10 10:00:00,135,0,2
2024-02-10 11:00:00,228,0,6
2024-02-10 12:00:00,197,0,6
2024-02-10 13:00:00,197,0,2
2024-02-10 14:00:00,183,0,7
2024-02-10 15:00:00,233,0,5
2024-02-10 16:00:00,207,0,3
2024-02-10 17:00:00,192,0,7
2024-02-10 18:00:00,150,0,2
2024-02-10 19:00:00,166,0,3
2024-02-10 20:00:00,140,0,3
2024-02-10 21:00:00,79,0,0
2024-02-10 22:00:00,41,0,1
2024-02-10 23:00:00,48,0,1
2024-02-11 00:00:00,12,0,2
2024-02-11 01:00:00,12,0,4
2024-02-11 02:00:00,12,0,0
2024-02-11 03:00:00,5,0,1
2024-02-11 04:00:00,7,0,2
2024-02-11 05:00:00,0,0,1
2024-02-11 06:00:00,6,0,0
2024-02-11 07:00:00,9,0,1
2024-02-11 08:00:00,18,0,2
2024-02-11 09:00:00,30,0,1
2024-02-11 10:00:00,98,0,3
2024-02-11 11:00:00,181,0,1
2024-02-11 12:00:00,193,0,2
2024-02-11 13:00:00,194,0,3
2024-02-11 14:00:00,207,0,5
2024-02-11 15:00:00,207,0,3
2024-02-11 16:00:00,161,0,7
2024-02-11 17:00:00,102,0,4
2024-02-11 18:00:00,87,0,2
2024-02-11 19:00:00,96,0,0
2024-02-11 20:00:00,45,0,0
2024-02-11 21:00:00,27,0,0
2024-02-11 22:00:00,27,0,1
2024-02-11 23:00:00,16,0,0
2024-02-12 00:00:00,6,0,0
2024-02-12 01:00:00,3,0,0
2024-02-12 02:00:00,1,0,0
2024-02-12 03:00:00,5,0,0
2024-02-12 04:00:00,1,0,2
2024-02-12 05:00:00,7,0,0
2024-02-12 06:00:00,11,0,3
2024-02-12 07:00:00,23,0,3
2024-02-12 08:00:00,59,0,2
2024-02-12 09:00:00,77,0,0
2024-02-12 10:00:00,99,0,3
2024-02-12 11:00:00,100,0,4
2024-02-12 12:00:00,134,0,2
2024-02-12 13:00:00,185,0,0
2024-02-12 14:00:00,129,0,4
2024-02-12 15:00:00,132,0,3
2024-02-12 16:00:00,150,0,6
2024-02-12 17:00:00,156,0,8
2024-02-12 18:00:00,176,0,2
2024-02-12 19:00:00,103,0,3
2024-02-12 20:00:00,58,0,0
2024-02-12 21:00:00,46,0,0
2024-02-12 22:00:00,30,0,1
2024-02-12 23:00:00,8,0,0
2024-02-13 00:00:00,5,0,1
2024-02-13 01:00:00,2,0,0
2024-02-13 02:00:00,1,0,0
2024-02-13 03:00:00,1,0,0
2024-02-13 04:00:00,3,0,0
2024-02-13 05:00:00,9,0,0
2024-02-13 06:00:00,15,0,0
2024-02-13 07:00:00,32,0,3
2024-02-13 08:00:00,52,0,6
2024-02-13 09:00:00,36,0,5
2024-02-13 10:00:00,63,0,0
2024-02-13 11:00:00,72,0,0
2024-02-13 12:00:00,88,0,3
2024-02-13 13:00:00,100,0,6
2024-02-13 14:00:00,119,0,3
2024-02-13 15:00:00,110,0,2
2024-02-13 16:00:00,135,0,6
2024-02-13 17:00:00,133,0,6
2024-02-13 18:00:00,95,0,3
2024-02-13 19:00:00,87,0,2
2024-02-13 20:00:00,53,0,2
2024-02-13 21:00:00,33,0,0
2024-02-13 22:00:00,33,0,2
2024-02-13 23:00:00,14,0,0
2024-02-14 00:00:00,4,0,0
2024-02-14 01:00:00,0,0,0
2024-02-14 02:00:00,2,0,0
2024-02-14 03:00:00,3,0,0
2024-02-14 04:00:00,4,0,1
2024-02-14 05:00:00,2,0,2
2024-02-14 06:00:00,7,0,1
2024-02-14 07:00:00,24,0,5
2024-02-14 08:00:00,66,0,5
2024-02-14 09:00:00,58,0,5
2024-02-14 10:00:00,72,0,4
2024-02-14 11:00:00,124,0,2
2024-02-14 12:00:00,139,0,0
2024-02-14 13:00:00,125,0,3
2024-02-14 14:00:00,175,0,4
2024-02-14 15:00:00,150,0,7
2024-02-14 16:00:00,149,0,5
2024-02-14 17:00:00,191,0,11
2024-02-14 18:00:00,187,0,9
2024-02-14 19:00:00,146,0,4
2024-02-14 20:00:00,107,0,1
2024-02-14 21:00:00,67,0,0
2024-02-14 22:00:00,31,0,0
2024-02-14 23:00:00,11,0,3
2024-02-15 00:00:00,1,0,2
2024-02-15 01:00:00,1,0,0
2024-02-15 02:00:00,1,0,0
2024-02-15 03:00:00,0,0,0
2024-02-15 04:00:00,3,0,0
2024-02-15 05:00:00,2,0,1
2024-02-15 06:00:00,7,0,1
2024-02-15 07:00:00,25,0,4
2024-02-15 08:00:00,64,0,8
2024-02-15 09:00:00,63,0,3
2024-02-15 10:00:00,89,0,3
2024-02-15 11:00:00,92,0,1
2024-02-15 12:00:00,79,0,2
2024-02-15 13:00:00,104,0,4
2024-02-15 14:00:00,98,0,3
2024-02-15 15:00:00,112,0,2
2024-02-15 16:00:00,106,0,6
2024-02-15 17:00:00,112,0,3
2024-02-15 18:00:00,125,0,10
2024-02-15 19:00:00,113,0,5
2024-02-15 20:00:00,53,0,2
2024-02-15 21:00:00,53,0,1
2024-02-15 22:00:00,19,0,4
2024-02-15 23:00:00,9,0,1
2024-02-16 00:00:00,3,0,1
2024-02-16 01:00:00,2,0,1
2024-02-16 02:00:00,2,0,0
2024-02-16 03:00:00,0,0,0
2024-02-16 04:00:00,1,0,0
2024-02-16 05:00:00,1,0,0
2024-02-16 06:00:00,7,0,0
2024-02-16 07:00:00,19,0,3
2024-02-16 08:00:00,65,0,3
2024-02-16 09:00:00,77,0,5
2024-02-16 10:00:00,88,0,0
2024-02-16 11:00:00,105,0,0
2024-02-16 12:00:00,127,0,1
2024-02-16 13:00:00,98,0,2
2024-02-16 14:00:00,167,0,6
2024-02-16 15:00:00,165,0,8
2024-02-16 16:00:00,190,0,8
2024-02-16 17:00:00,191,0,7
2024-02-16 18:00:00,164,0,3
2024-02-16 19:00:00,188,0,5
2024-02-16 20:00:00,119,0,0
2024-02-16 21:00:00,64,0,3
2024-02-16 22:00:00,75,0,2
2024-02-16 23:00:00,47,0,2
2024-02-17 00:00:00,20,0,1
2024-02-17 01:00:00,18,0,1
2024-02-17 02:00:00,13,0,1
2024-02-17 03:00:00,2,0,1
2024-02-17 04:00:00,2,0,0
2024-02-17 05:00:00,1,0,1
2024-02-17 06:00:00,5,0,1
2024-02-17 07:00:00,19,0,4
2024-02-17 08:00:00,42,0,4
2024-02-17 09:00:00,116,0,2
2024-02-17 10:00:00,141,0,0
2024-02-17 11:00:00,191,0,2
2024-02-17 12:00:00,169,0,2
2024-02-17 13:00:00,201,0,4
2024-02-17 14:00:00,184,0,3
2024-02-17 15:00:00,154,0,0
2024-02-17 16:00:00,138,0,5
2024-02-17 17:00:00,151,0,0
2024-02-17 18:00:00,99,0,1
2024-02-17 19:00:00,96,0,5
2024-02-17 20:00:00,56,0,1
2024-02-17 21:00:00,56,0,4
2024-02-17 22:00:00,44,0,3
2024-02-17 23:00:00,38,0,1
2024-02-18 00:00:00,14,0,0
2024-02-18 01:00:00,1,0,2
2024-02-18 02:00:00,1,0,0
2024-02-18 03:00:00,0,0,1
2024-02-18 04:00:00,1,0,2
2024-02-18 05:00:00,0,0,0
2024-02-18 06:00:00,2,0,0
2024-02-18 07:00:00,9,0,0
2024-02-18 08:00:00,28,0,2
2024-02-18 09:00:00,60,0,1
2024-02-18 10:00:00,129,0,4
2024-02-18 11:00:00,117,0,3
2024-02-18 12:00:00,205,0,0
2024-02-18 13:00:00,219,0,4
2024-02-18 14:00:00,203,0,3
2024-02-18 15:00:00,204,0,4
2024-02-18 16:00:00,142,0,2
2024-02-18 17:00:00,107,0,2
2024-02-18 18:00:00,81,0,3
2024-02-18 19:00:00,70,0,1
2024-02-18 20:00:00,43,0,8
2024-02-18 21:00:00,16,0,0
2024-02-18 22:00:00,28,0,1
2024-02-18 23:00:00,8,0,1
2024-02-19 00:00:00,2,0,1
2024-02-19 01:00:00,2,0,2
2024-02-19 02:00:00,1,0,0
2024-02-19 03:00:00,5,0,0
2024-02-19 04:00:00,3,0,0
2024-02-19 05:00:00,4,0,0
2024-02-19 06:00:00,20,0,0
2024-02-19 07:00:00,27,0,5
2024-02-19 08:00:00,96,0,4
2024-02-19 09:00:00,89,0,7
2024-02-19 10:00:00,76,0,4
2024-02-19 11:00:00,96,0,3
2024-02-19 12:00:00,139,0,2
2024-02-19 13:00:00,124,0,2
2024-02-19 14:00:00,125,0,5
2024-02-19 15:00:00,129,0,4
2024-02-19 16:00:00,122,0,5
2024-02-19 17:00:00,188,0,5
2024-02-19 18:00:00,188,0,7
2024-02-19 19:00:00,122,0,4
2024-02-19 20:00:00,80,0,1
2024-02-19 21:00:00,65,0,0
2024-02-19 22:00:00,22,0,1
2024-02-19 23:00:00,17,0,1
2024-02-20 00:00:00,2,0,0
2024-02-20 01:00:00,1,0,0
2024-02-20 02:00:00,3,0,0
2024-02-20 03:00:00,1,0,1
2024-02-20 04:00:00,1,0,0
2024-02-20 05:00:00,6,0,1
2024-02-20 06:00:00,23,0,4
2024-02-20 07:00:00,50,0,5
2024-02-20 08:00:00,92,0,14
2024-02-20 09:00:00,64,0,5
2024-02-20 10:00:00,71,0,2
2024-02-20 11:00:00,81,0,1
2024-02-20 12:00:00,80,0,4
2024-02-20 13:00:00,98,399,19
2024-02-20 14:00:00,150,789,29
2024-02-20 15:00:00,184,848,34
2024-02-20 16:00:00,202,924,58
2024-02-20 17:00:00,227,1030,99
2024-02-20 18:00:00,220,1037,73
2024-02-20 19:00:00,137,847,48
2024-02-20 20:00:00,85,623,30
2024-02-20 21:00:00,70,482,29
2024-02-20 22:00:00,48,415,14
2024-02-20 23:00:00,27,250,11
2024-02-21 00:00:00,3,112,6
2024-02-21 01:00:00,0,69,1
2024-02-21 02:00:00,1,60,4
2024-02-21 03:00:00,2,50,1
2024-02-21 04:00:00,1,74,4
2024-02-21 05:00:00,1,196,8
2024-02-21 06:00:00,5,534,16
2024-02-21 07:00:00,35,901,35
2024-02-21 08:00:00,77,804,59
2024-02-21 09:00:00,59,736,26
2024-02-21 10:00:00,44,658,7
2024-02-21 11:00:00,72,665,20
2024-02-21 12:00:00,82,701,18
2024-02-21 13:00:00,132,692,27
2024-02-21 14:00:00,124,810,19
2024-02-21 15:00:00,150,853,31
2024-02-21 16:00:00,171,961,30
2024-02-21 17:00:00,186,1024,79
2024-02-21 18:00:00,208,1059,71
2024-02-21 19:00:00,142,836,42
2024-02-21 20:00:00,83,650,33
2024-02-21 21:00:00,37,526,21
2024-02-21 22:00:00,51,443,20
2024-02-21 23:00:00,19,237,10
2024-02-22 00:00:00,2,122,2
2024-02-22 01:00:00,0,69,3
2024-02-22 02:00:00,5,66,2
2024-02-22 03:00:00,1,56,1
2024-02-22 04:00:00,9,66,2
2024-02-22 05:00:00,2,200,21
2024-02-22 06:00:00,17,543,25
2024-02-22 07:00:00,39,954,40
2024-02-22 08:00:00,89,815,72
2024-02-22 09:00:00,87,725,20
2024-02-22 10:00:00,97,681,17
2024-02-22 11:00:00,106,635,16
2024-02-22 12:00:00,100,699,13
2024-02-22 13:00:00,87,767,20
2024-02-22 14:00:00,86,810,30
2024-02-22 15:00:00,149,870,18
2024-02-22 16:00:00,167,922,45
2024-02-22 17:00:00,212,979,66
2024-02-22 18:00:00,189,984,48
2024-02-22 19:00:00,130,789,49
2024-02-22 20:00:00,82,633,31
2024-02-22 21:00:00,63,535,30
2024-02-22 22:00:00,46,513,18
2024-02-22 23:00:00,28,304,10
2024-02-23 00:00:00,7,189,11
2024-02-23 01:00:00,1,94,1
2024-02-23 02:00:00,2,86,4
2024-02-23 03:00:00,1,49,1
2024-02-23 04:00:00,3,96,8
2024-02-23 05:00:00,4,212,11
2024-02-23 06:00:00,20,494,23
2024-02-23 07:00:00,51,863,47
2024-02-23 08:00:00,115,819,61
2024-02-23 09:00:00,105,729,28
2024-02-23 10:00:00,99,733,20
2024-02-23 11:00:00,107,659,26
2024-02-23 12:00:00,178,799,21
2024-02-23 13:00:00,143,755,25
2024-02-23 14:00:00,146,804,35
2024-02-23 15:00:00,142,904,38
2024-02-23 16:00:00,189,918,61
2024-02-23 17:00:00,219,1017,85
2024-02-23 18:00:00,197,957,52
2024-02-23 19:00:00,223,884,45
2024-02-23 20:00:00,149,656,25
2024-02-23 21:00:00,125,549,25
2024-02-23 22:00:00,83,634,16
2024-02-23 23:00:00,56,564,18
2024-02-24 00:00:00,33,409,13
2024-02-24 01:00:00,11,362,5
2024-02-24 02:00:00,3,217,4
2024-02-24 03:00:00,7,160,4
2024-02-24 04:00:00,5,110,6
2024-02-24 05:00:00,4,151,4
2024-02-24 06:00:00,13,232,7
2024-02-24 07:00:00,22,292,14
2024-02-24 08:00:00,45,442,18
2024-02-24 09:00:00,82,658,22
2024-02-24 10:00:00,149,827,23
2024-02-24 11:00:00,250,892,27
2024-02-24 12:00:00,237,955,32
2024-02-24 13:00:00,216,965,26
2024-02-24 14:00:00,163,936,29
2024-02-24 15:00:00,213,864,25
2024-02-24 16:00:00,252,894,30
2024-02-24 17:00:00,203,901,43
2024-02-24 18:00:00,183,867,30
2024-02-24 19:00:00,130,826,38
2024-02-24 20:00:00,138,617,28
2024-02-24 21:00:00,100,526,21
2024-02-24 22:00:00,55,554,21
2024-02-24 23:00:00,25,573,11
2024-02-25 00:00:00,34,499,5
2024-02-25 01:00:00,27,409,8
2024-02-25 02:00:00,14,330,7
2024-02-25 03:00:00,7,280,5
2024-02-25 04:00:00,8,154,5
2024-02-25 05:00:00,7,139,5
2024-02-25 06:00:00,10,176,7
2024-02-25 07:00:00,14,215,6
2024-02-25 08:00:00,25,287,13
2024-02-25 09:00:00,46,546,23
2024-02-25 10:00:00,183,729,17
2024-02-25 11:00:00,171,803,20
2024-02-25 12:00:00,268,913,25
2024-02-25 13:00:00,183,898,13
2024-02-25 14:00:00,194,921,24
2024-02-25 15:00:00,174,822,14
2024-02-25 16:00:00,92,789,10
2024-02-25 17:00:00,74,718,9
2024-02-25 18:00:00,57,732,18
2024-02-25 19:00:00,47,562,12
2024-02-25 20:00:00,26,447,14
2024-02-25 21:00:00,16,378,12
2024-02-25 22:00:00,17,260,8
2024-02-25 23:00:00,9,209,7
2024-02-26 00:00:00,4,115,7
2024-02-26 01:00:00,0,60,1
2024-02-26 02:00:00,3,39,2
2024-02-26 03:00:00,2,39,1
2024-02-26 04:00:00,7,60,6
2024-02-26 05:00:00,4,184,17
2024-02-26 06:00:00,23,556,24
2024-02-26 07:00:00,57,898,69
2024-02-26 08:00:00,118,902,71
2024-02-26 09:00:00,73,649,31
2024-02-26 10:00:00,64,594,24
2024-02-26 11:00:00,86,633,10
2024-02-26 12:00:00,165,653,25
2024-02-26 13:00:00,144,727,27
2024-02-26 14:00:00,158,714,20
2024-02-26 15:00:00,130,866,43
2024-02-26 16:00:00,166,908,68
2024-02-26 17:00:00,198,936,97
2024-02-26 18:00:00,219,884,64
2024-02-26 19:00:00,145,695,59
2024-02-26 20:00:00,60,522,24
2024-02-26 21:00:00,65,427,26
2024-02-26 22:00:00,23,293,21
2024-02-26 23:00:00,13,183,9
2024-02-27 00:00:00,3,113,3
2024-02-27 01:00:00,6,66,5
2024-02-27 02:00:00,2,44,2
2024-02-27 03:00:00,0,37,0
2024-02-27 04:00:00,7,73,4
2024-02-27 05:00:00,6,184,18
2024-02-27 06:00:00,24,499,25
2024-02-27 07:00:00,58,922,68
2024-02-27 08:00:00,106,891,89
2024-02-27 09:00:00,80,679,47
2024-02-27 10:00:00,88,580,18
2024-02-27 11:00:00,69,589,14
2024-02-27 12:00:00,109,649,25
2024-02-27 13:00:00,129,647,27
2024-02-27 14:00:00,91,749,32
2024-02-27 15:00:00,150,784,29
2024-02-27 16:00:00,143,962,53
2024-02-27 17:00:00,213,960,92
2024-02-27 18:00:00,171,949,68
2024-02-27 19:00:00,119,748,42
2024-02-27 20:00:00,71,555,32
2024-02-27 21:00:00,55,427,24
2024-02-27 22:00:00,20,427,14
2024-02-27 23:00:00,12,217,5
2024-02-28 00:00:00,5,122,2
2024-02-28 01:00:00,1,73,5
2024-02-28 02:00:00,2,63,4
2024-02-28 03:00:00,1,48,2
2024-02-28 04:00:00,6,80,7
2024-02-28 05:00:00,5,214,10
2024-02-28 06:00:00,19,525,32
2024-02-28 07:00:00,53,968,64
2024-02-28 08:00:00,109,832,78
2024-02-28 09:00:00,90,702,36
2024-02-28 10:00:00,72,597,22
2024-02-28 11:00:00,100,636,12
2024-02-28 12:00:00,107,669,23
2024-02-28 13:00:00,136,668,35
2024-02-28 14:00:00,158,751,32
2024-02-28 15:00:00,121,809,23
2024-02-28 16:00:00,110,895,59
2024-02-28 17:00:00,243,1028,93
2024-02-28 18:00:00,203,939,68
2024-02-28 19:00:00,138,746,58
2024-02-28 20:00:00,86,571,27
2024-02-28 21:00:00,72,528,29
2024-02-28 22:00:00,33,456,15
2024-02-28 23:00:00,12,241,10
2024-02-29 00:00:00,4,155,7
2024-02-29 01:00:00,3,80,4
2024-02-29 02:00:00,2,46,4
2024-02-29 03:00:00,2,64,1
2024-02-29 04:00:00,1,88,6
2024-02-29 05:00:00,5,194,9
2024-02-29 06:00:00,18,493,18
2024-02-29 07:00:00,58,921,51
2024-02-29 08:00:00,124,859,72
2024-02-29 09:00:00,113,735,22
2024-02-29 10:00:00,86,650,19
2024-02-29 11:00:00,99,657,21
2024-02-29 12:00:00,118,684,20
2024-02-29 13:00:00,136,696,21
2024-02-29 14:00:00,137,778,24
2024-02-29 15:00:00,153,835,28
2024-02-29 16:00:00,131,939,47
2024-02-29 17:00:00,184,980,78
2024-02-29 18:00:00,217,995,58
2024-02-29 19:00:00,151,800,43
2024-02-29 20:00:00,108,634,46
2024-02-29 21:00:00,60,586,21
2024-02-29 22:00:00,35,498,24
2024-02-29 23:00:00,24,311,17
2024-03-01 00:00:00,8,190,4
2024-03-01 01:00:00,8,125,13
2024-03-01 02:00:00,2,87,6
2024-03-01 03:00:00,1,62,2
2024-03-01 04:00:00,2,81,13
2024-03-01 05:00:00,0,101,10
2024-03-01 06:00:00,11,479,20
2024-03-01 07:00:00,44,826,42
2024-03-01 08:00:00,96,869,51
2024-03-01 09:00:00,72,754,20
2024-03-01 10:00:00,67,670,13
2024-03-01 11:00:00,94,691,16
2024-03-01 12:00:00,180,756,19
2024-03-01 13:00:00,132,787,24
2024-03-01 14:00:00,167,871,35
2024-03-01 15:00:00,163,838,38
2024-03-01 16:00:00,196,945,43
2024-03-01 17:00:00,199,979,60
2024-03-01 18:00:00,202,919,57
2024-03-01 19:00:00,168,809,33
2024-03-01 20:00:00,115,675,29
2024-03-01 21:00:00,77,558,18
2024-03-01 22:00:00,38,612,30
2024-03-01 23:00:00,32,423,15
2024-03-02 00:00:00,7,368,8
2024-03-02 01:00:00,6,289,1
2024-03-02 02:00:00,6,235,3
2024-03-02 03:00:00,2,172,0
2024-03-02 04:00:00,1,124,5
2024-03-02 05:00:00,3,118,2
2024-03-02 06:00:00,10,154,10
2024-03-02 07:00:00,24,264,8
2024-03-02 08:00:00,67,443,7
2024-03-02 09:00:00,110,625,13
2024-03-02 10:00:00,169,755,9
2024-03-02 11:00:00,173,784,16
2024-03-02 12:00:00,204,860,18
2024-03-02 13:00:00,164,926,22
2024-03-02 14:00:00,178,851,16
2024-03-02 15:00:00,170,888,17
2024-03-02 16:00:00,191,798,18
2024-03-02 17:00:00,243,828,31
2024-03-02 18:00:00,182,852,19
2024-03-02 19:00:00,140,754,22
2024-03-02 20:00:00,121,650,23
2024-03-02 21:00:00,77,518,13
2024-03-02 22:00:00,54,579,10
2024-03-02 23:00:00,68,515,10
2024-03-03 00:00:00,36,462,9
2024-03-03 01:00:00,34,391,6
2024-03-03 02:00:00,17,323,2
2024-03-03 03:00:00,7,298,4
2024-03-03 04:00:00,15,180,3
2024-03-03 05:00:00,4,117,2
2024-03-03 06:00:00,10,188,6
2024-03-03 07:00:00,10,207,11
2024-03-03 08:00:00,13,309,10
2024-03-03 09:00:00,61,545,12
2024-03-03 10:00:00,121,750,24
2024-03-03 11:00:00,184,877,32
2024-03-03 12:00:00,216,915,29
2024-03-03 13:00:00,270,967,24
2024-03-03 14:00:00,286,899,27
2024-03-03 15:00:00,263,824,28
2024-03-03 16:00:00,136,813,23
2024-03-03 17:00:00,156,778,27
2024-03-03 18:00:00,106,681,25
2024-03-03 19:00:00,63,599,17
2024-03-03 20:00:00,51,494,20
2024-03-03 21:00:00,22,381,14
2024-03-03 22:00:00,14,276,12
2024-03-03 23:00:00,14,196,7
2024-03-04 00:00:00,4,112,7
2024-03-04 01:00:00,5,69,4
2024-03-04 02:00:00,4,61,1
2024-03-04 03:00:00,6,41,6
2024-03-04 04:00:00,3,66,7
2024-03-04 05:00:00,6,173,14
2024-03-04 06:00:00,22,498,21
2024-03-04 07:00:00,57,902,66
2024-03-04 08:00:00,119,856,76
2024-03-04 09:00:00,98,703,27
2024-03-04 10:00:00,79,605,16
2024-03-04 11:00:00,88,659,27
2024-03-04 12:00:00,123,717,30
2024-03-04 13:00:00,161,700,22
2024-03-04 14:00:00,117,801,26
2024-03-04 15:00:00,147,813,23
2024-03-04 16:00:00,149,881,46
2024-03-04 17:00:00,184,917,71
2024-03-04 18:00:00,95,875,56
2024-03-04 19:00:00,75,656,36
2024-03-04 20:00:00,36,522,27
2024-03-04 21:00:00,32,443,15
2024-03-04 22:00:00,24,312,15
2024-03-04 23:00:00,2,173,12
2024-03-05 00:00:00,5,139,6
2024-03-05 01:00:00,1,81,1
2024-03-05 02:00:00,1,43,4
2024-03-05 03:00:00,2,40,0
2024-03-05 04:00:00,3,62,2
2024-03-05 05:00:00,2,199,17
2024-03-05 06:00:00,23,516,20
2024-03-05 07:00:00,65,910,54
2024-03-05 08:00:00,113,817,77
2024-03-05 09:00:00,95,733,45
2024-03-05 10:00:00,77,688,12
2024-03-05 11:00:00,139,606,26
2024-03-05 12:00:00,107,669,33
2024-03-05 13:00:00,138,699,20
2024-03-05 14:00:00,124,751,40
2024-03-05 15:00:00,157,804,36
2024-03-05 16:00:00,151,887,68
2024-03-05 17:00:00,233,992,93
2024-03-05 18:00:00,249,983,72
2024-03-05 19:00:00,158,710,57
2024-03-05 20:00:00,100,332,29
2024-03-05 21:00:00,71,305,16
2024-03-05 22:00:00,38,261,26
2024-03-05 23:00:00,21,139,7
2024-03-06 00:00:00,7,60,11
2024-03-06 01:00:00,2,34,3
2024-03-06 02:00:00,3,34,2
2024-03-06 03:00:00,6,16,0
2024-03-06 04:00:00,4,22,4
2024-03-06 05:00:00,11,53,10
2024-03-06 06:00:00,25,148,16
2024-03-06 07:00:00,66,544,48
2024-03-06 08:00:00,121,864,96
2024-03-06 09:00:00,117,682,36
2024-03-06 10:00:00,84,665,19
2024-03-06 11:00:00,99,583,24
2024-03-06 12:00:00,130,686,24
2024-03-06 13:00:00,159,692,36
2024-03-06 14:00:00,140,740,31
2024-03-06 15:00:00,201,811,32
2024-03-06 16:00:00,162,866,62
2024-03-06 17:00:00,245,1001,89
2024-03-06 18:00:00,217,976,76
2024-03-06 19:00:00,153,809,52
2024-03-06 20:00:00,120,414,29
2024-03-06 21:00:00,70,296,19
2024-03-06 22:00:00,43,292,22
2024-03-06 23:00:00,18,151,16
2024-03-07 00:00:00,3,76,7
2024-03-07 01:00:00,2,44,2
2024-03-07 02:00:00,1,39,1
2024-03-07 03:00:00,3,28,6
2024-03-07 04:00:00,4,26,3
2024-03-07 05:00:00,15,76,13
2024-03-07 06:00:00,23,484,18
2024-03-07 07:00:00,65,893,55
2024-03-07 08:00:00,118,857,83
2024-03-07 09:00:00,84,712,35
2024-03-07 10:00:00,99,640,20
2024-03-07 11:00:00,101,647,26
2024-03-07 12:00:00,125,673,22
2024-03-07 13:00:00,169,739,25
2024-03-07 14:00:00,165,747,40
2024-03-07 15:00:00,147,849,38
2024-03-07 16:00:00,143,867,53
2024-03-07 17:00:00,221,1010,105
2024-03-07 18:00:00,191,946,62
2024-03-07 19:00:00,180,796,58
2024-03-07 20:00:00,91,639,35
2024-03-07 21:00:00,60,519,23
2024-03-07 22:00:00,49,468,25
2024-03-07 23:00:00,24,309,15
2024-03-08 00:00:00,5,176,15
2024-03-08 01:00:00,2,109,6
2024-03-08 02:00:00,2,83,5
2024-03-08 03:00:00,3,72,2
2024-03-08 04:00:00,4,75,5
2024-03-08 05:00:00,5,172,18
2024-03-08 06:00:00,25,452,19
2024-03-08 07:00:00,41,836,48
2024-03-08 08:00:00,93,825,74
2024-03-08 09:00:00,105,730,31
2024-03-08 10:00:00,119,698,27
2024-03-08 11:00:00,131,708,17
2024-03-08 12:00:00,143,759,31
2024-03-08 13:00:00,164,807,33
2024-03-08 14:00:00,165,873,33
2024-03-08 15:00:00,210,869,46
2024-03-08 16:00:00,183,945,49
2024-03-08 17:00:00,242,1022,69
2024-03-08 18:00:00,233,1024,68
2024-03-08 19:00:00,190,792,50
2024-03-08 20:00:00,132,657,40
2024-03-08 21:00:00,79,562,12
2024-03-08 22:00:00,68,590,16
2024-03-08 23:00:00,54,466,23
2024-03-09 00:00:00,23,360,24
2024-03-09 01:00:00,16,322,4
2024-03-09 02:00:00,14,225,5
2024-03-09 03:00:00,8,169,3
2024-03-09 04:00:00,5,135,4
2024-03-09 05:00:00,4,152,6
2024-03-09 06:00:00,13,246,7
2024-03-09 07:00:00,14,299,13
2024-03-09 08:00:00,53,500,18
2024-03-09 09:00:00,128,713,25
2024-03-09 10:00:00,177,867,27
2024-03-09 11:00:00,253,883,28
2024-03-09 12:00:00,315,925,29
2024-03-09 13:00:00,288,942,24
2024-03-09 14:00:00,286,926,22
2024-03-09 15:00:00,227,836,29
2024-03-09 16:00:00,277,844,31
2024-03-09 17:00:00,233,917,29
2024-03-09 18:00:00,183,835,25
2024-03-09 19:00:00,167,776,40
2024-03-09 20:00:00,142,631,19
2024-03-09 21:00:00,74,582,19
2024-03-09 22:00:00,60,560,13
2024-03-09 23:00:00,31,482,13
2024-03-10 00:00:00,5,444,10
2024-03-10 01:00:00,3,311,5
2024-03-10 02:00:00,2,233,4
2024-03-10 03:00:00,9,216,6
2024-03-10 04:00:00,5,139,3
2024-03-10 05:00:00,3,126,1
2024-03-10 06:00:00,15,170,11
2024-03-10 07:00:00,11,217,9
2024-03-10 08:00:00,35,304,8
2024-03-10 09:00:00,55,602,17
2024-03-10 10:00:00,131,791,18
2024-03-10 11:00:00,229,890,26
2024-03-10 12:00:00,240,1007,25
2024-03-10 13:00:00,217,948,25
2024-03-10 14:00:00,208,888,24
2024-03-10 15:00:00,178,893,26
2024-03-10 16:00:00,137,801,12
2024-03-10 17:00:00,150,761,26
2024-03-10 18:00:00,78,791,28
2024-03-10 19:00:00,57,678,29
2024-03-10 20:00:00,46,553,17
2024-03-10 21:00:00,20,396,19
2024-03-10 22:00:00,17,289,8
2024-03-10 23:00:00,10,187,5
2024-03-11 00:00:00,3,112,5
2024-03-11 01:00:00,1,78,5
2024-03-11 02:00:00,2,47,2
2024-03-11 03:00:00,2,36,0
2024-03-11 04:00:00,8,57,5
2024-03-11 05:00:00,8,183,14
2024-03-11 06:00:00,28,450,15
2024-03-11 07:00:00,61,897,69
2024-03-11 08:00:00,125,879,80
2024-03-11 09:00:00,79,640,32
2024-03-11 10:00:00,83,602,15
2024-03-11 11:00:00,132,631,9
2024-03-11 12:00:00,147,646,15
2024-03-11 13:00:00,133,655,28
2024-03-11 14:00:00,136,710,29
2024-03-11 15:00:00,172,800,48
2024-03-11 16:00:00,157,899,50
2024-03-11 17:00:00,216,956,97
2024-03-11 18:00:00,170,846,61
2024-03-11 19:00:00,108,676,42
2024-03-11 20:00:00,110,540,15
2024-03-11 21:00:00,43,470,16
2024-03-11 22:00:00,30,325,20
2024-03-11 23:00:00,13,173,11
2024-03-12 00:00:00,6,101,4
2024-03-12 01:00:00,3,66,4
2024-03-12 02:00:00,0,50,1
2024-03-12 03:00:00,0,44,1
2024-03-12 04:00:00,1,59,5
2024-03-12 05:00:00,3,183,13
2024-03-12 06:00:00,17,518,26
2024-03-12 07:00:00,34,940,57
2024-03-12 08:00:00,73,837,63
2024-03-12 09:00:00,68,737,17
2024-03-12 10:00:00,43,629,13
2024-03-12 11:00:00,90,599,12
2024-03-12 12:00:00,91,670,11
2024-03-12 13:00:00,101,680,23
2024-03-12 14:00:00,122,698,18
2024-03-12 15:00:00,138,831,24
2024-03-12 16:00:00,132,919,46
2024-03-12 17:00:00,196,984,85
2024-03-12 18:00:00,174,931,55
2024-03-12 19:00:00,114,672,31
2024-03-12 20:00:00,54,528,23
2024-03-12 21:00:00,94,463,22
2024-03-12 22:00:00,42,402,22
2024-03-12 23:00:00,13,207,8
2024-03-13 00:00:00,6,124,6
2024-03-13 01:00:00,6,78,1
2024-03-13 02:00:00,1,77,2
2024-03-13 03:00:00,1,42,2
2024-03-13 04:00:00,1,83,4
2024-03-13 05:00:00,3,201,9
2024-03-13 06:00:00,24,489,30
2024-03-13 07:00:00,53,880,68
2024-03-13 08:00:00,131,910,87
2024-03-13 09:00:00,77,758,43
2024-03-13 10:00:00,89,644,14
2024-03-13 11:00:00,102,621,12
2024-03-13 12:00:00,166,656,19
2024-03-13 13:00:00,141,637,23
2024-03-13 14:00:00,135,753,35
2024-03-13 15:00:00,138,804,44
2024-03-13 16:00:00,160,946,59
2024-03-13 17:00:00,173,995,87
2024-03-13 18:00:00,209,924,68
2024-03-13 19:00:00,145,712,45
2024-03-13 20:00:00,132,579,34
2024-03-13 21:00:00,60,490,31
2024-03-13 22:00:00,56,446,24
2024-03-13 23:00:00,13,257,16
2024-03-14 00:00:00,0,151,7
2024-03-14 01:00:00,4,84,3
2024-03-14 02:00:00,1,61,1
2024-03-14 03:00:00,2,48,1
2024-03-14 04:00:00,3,83,10
2024-03-14 05:00:00,5,182,19
2024-03-14 06:00:00,17,446,20
2024-03-14 07:00:00,68,874,67
2024-03-14 08:00:00,120,846,77
2024-03-14 09:00:00,106,705,36
2024-03-14 10:00:00,99,634,13
2024-03-14 11:00:00,102,622,14
2024-03-14 12:00:00,113,650,21
2024-03-14 13:00:00,144,700,22
2024-03-14 14:00:00,149,770,26
2024-03-14 15:00:00,147,799,29
2024-03-14 16:00:00,133,903,43
2024-03-14 17:00:00,172,966,87
2024-03-14 18:00:00,203,912,53
2024-03-14 19:00:00,129,782,56
2024-03-14 20:00:00,106,616,25
2024-03-14 21:00:00,57,560,23
2024-03-14 22:00:00,40,524,28
2024-03-14 23:00:00,16,333,14
2024-03-15 00:00:00,7,180,9
2024-03-15 01:00:00,3,108,9
2024-03-15 02:00:00,3,97,5
2024-03-15 03:00:00,0,59,1
2024-03-15 04:00:00,0,88,11
2024-03-15 05:00:00,2,197,14
2024-03-15 06:00:00,14,415,17
2024-03-15 07:00:00,49,768,44
2024-03-15 08:00:00,119,845,48
2024-03-15 09:00:00,98,688,42
2024-03-15 10:00:00,97,688,15
2024-03-15 11:00:00,103,677,20
2024-03-15 12:00:00,140,705,20
2024-03-15 13:00:00,187,766,28
2024-03-15 14:00:00,173,856,25
2024-03-15 15:00:00,209,856,42
2024-03-15 16:00:00,220,900,59
2024-03-15 17:00:00,271,902,62
2024-03-15 18:00:00,259,865,56
2024-03-15 19:00:00,158,783,67
2024-03-15 20:00:00,132,651,41
2024-03-15 21:00:00,89,581,22
2024-03-15 22:00:00,60,591,14
2024-03-15 23:00:00,67,449,18
2024-03-16 00:00:00,32,391,15
2024-03-16 01:00:00,21,261,13
2024-03-16 02:00:00,22,210,5
2024-03-16 03:00:00,3,160,2
2024-03-16 04:00:00,15,101,6
2024-03-16 05:00:00,7,138,7
2024-03-16 06:00:00,13,208,12
2024-03-16 07:00:00,19,278,16
2024-03-16 08:00:00,54,510,19
2024-03-16 09:00:00,94,636,24
2024-03-16 10:00:00,153,766,27
2024-03-16 11:00:00,224,866,27
2024-03-16 12:00:00,209,925,27
2024-03-16 13:00:00,172,870,33
2024-03-16 14:00:00,220,867,23
2024-03-16 15:00:00,191,830,34
2024-03-16 16:00:00,167,838,23
2024-03-16 17:00:00,179,782,21
2024-03-16 18:00:00,151,760,16
2024-03-16 19:00:00,133,740,24
2024-03-16 20:00:00,93,586,15
2024-03-16 21:00:00,73,488,23
2024-03-16 22:00:00,60,585,16
2024-03-16 23:00:00,43,530,16
2024-03-17 00:00:00,7,444,16
2024-03-17 01:00:00,4,305,5
2024-03-17 02:00:00,1,270,4
2024-03-17 03:00:00,3,200,5
2024-03-17 04:00:00,1,133,4
2024-03-17 05:00:00,0,98,4
2024-03-17 06:00:00,9,169,5
2024-03-17 07:00:00,7,218,5
2024-03-17 08:00:00,22,322,9
2024-03-17 09:00:00,47,517,12
2024-03-17 10:00:00,202,746,14
2024-03-17 11:00:00,173,804,24
2024-03-17 12:00:00,231,904,36
2024-03-17 13:00:00,238,913,26
2024-03-17 14:00:00,239,894,19
2024-03-17 15:00:00,217,760,32
2024-03-17 16:00:00,172,782,17
2024-03-17 17:00:00,135,712,17
2024-03-17 18:00:00,123,753,18
2024-03-17 19:00:00,76,581,22
2024-03-17 20:00:00,42,471,10
2024-03-17 21:00:00,25,384,17
2024-03-17 22:00:00,19,314,15
2024-03-17 23:00:00,16,248,11
2024-03-18 00:00:00,4,140,3
2024-03-18 01:00:00,8,77,2
2024-03-18 02:00:00,4,54,2
2024-03-18 03:00:00,4,38,1
2024-03-18 04:00:00,2,73,2
2024-03-18 05:00:00,3,166,21
2024-03-18 06:00:00,27,429,29
2024-03-18 07:00:00,62,841,63
2024-03-18 08:00:00,137,858,83
2024-03-18 09:00:00,81,653,34
2024-03-18 10:00:00,101,591,22
2024-03-18 11:00:00,96,655,13
2024-03-18 12:00:00,118,635,33
2024-03-18 13:00:00,148,667,29
2024-03-18 14:00:00,137,759,29
2024-03-18 15:00:00,172,791,35
2024-03-18 16:00:00,168,922,65
2024-03-18 17:00:00,178,925,104
2024-03-18 18:00:00,230,854,62
2024-03-18 19:00:00,143,717,26
2024-03-18 20:00:00,46,502,29
2024-03-18 21:00:00,71,386,18
2024-03-18 22:00:00,30,318,13
2024-03-18 23:00:00,16,180,9
2024-03-19 00:00:00,0,99,4
2024-03-19 01:00:00,1,70,3
2024-03-19 02:00:00,4,43,3
2024-03-19 03:00:00,3,50,2
2024-03-19 04:00:00,3,66,5
2024-03-19 05:00:00,5,176,17
2024-03-19 06:00:00,23,460,38
2024-03-19 07:00:00,61,919,62
2024-03-19 08:00:00,97,826,90
2024-03-19 09:00:00,87,764,32
2024-03-19 10:00:00,92,639,23
2024-03-19 11:00:00,106,606,23
2024-03-19 12:00:00,150,652,27
2024-03-19 13:00:00,133,650,28
2024-03-19 14:00:00,129,710,27
2024-03-19 15:00:00,162,826,43
2024-03-19 16:00:00,147,899,67
2024-03-19 17:00:00,203,955,117
2024-03-19 18:00:00,155,857,65
2024-03-19 19:00:00,155,735,54
2024-03-19 20:00:00,96,530,41
2024-03-19 21:00:00,49,502,27
2024-03-19 22:00:00,30,419,21
2024-03-19 23:00:00,13,235,8
2024-03-20 00:00:00,9,126,8
2024-03-20 01:00:00,3,78,2
2024-03-20 02:00:00,1,67,2
2024-03-20 03:00:00,3,44,0
2024-03-20 04:00:00,4,74,7
2024-03-20 05:00:00,4,188,15
2024-03-20 06:00:00,27,459,32
2024-03-20 07:00:00,58,927,67
2024-03-20 08:00:00,98,833,90
2024-03-20 09:00:00,89,675,30
2024-03-20 10:00:00,71,591,24
2024-03-20 11:00:00,115,612,19
2024-03-20 12:00:00,157,691,21
2024-03-20 13:00:00,145,695,27
2024-03-20 14:00:00,150,717,29
2024-03-20 15:00:00,181,818,50
2024-03-20 16:00:00,168,844,53
2024-03-20 17:00:00,200,983,104
2024-03-20 18:00:00,246,864,57
2024-03-20 19:00:00,175,711,60
2024-03-20 20:00:00,84,564,39
2024-03-20 21:00:00,62,517,28
2024-03-20 22:00:00,36,437,21
2024-03-20 23:00:00,17,272,18
2024-03-21 00:00:00,6,137,5
2024-03-21 01:00:00,11,95,7
2024-03-21 02:00:00,1,53,6
2024-03-21 03:00:00,2,53,6
2024-03-21 04:00:00,2,61,5
2024-03-21 05:00:00,4,176,21
2024-03-21 06:00:00,25,436,28
2024-03-21 07:00:00,76,885,66
2024-03-21 08:00:00,138,808,93
2024-03-21 09:00:00,108,659,36
2024-03-21 10:00:00,100,567,26
2024-03-21 11:00:00,107,627,23
2024-03-21 12:00:00,107,713,17
2024-03-21 13:00:00,169,700,26
2024-03-21 14:00:00,155,736,18
2024-03-21 15:00:00,157,790,37
2024-03-21 16:00:00,121,908,57
2024-03-21 17:00:00,199,1034,96
2024-03-21 18:00:00,227,881,64
2024-03-21 19:00:00,196,731,42
2024-03-21 20:00:00,72,548,34
2024-03-21 21:00:00,71,539,29
2024-03-21 22:00:00,49,476,27
2024-03-21 23:00:00,29,273,16
2024-03-22 00:00:00,12,174,11
2024-03-22 01:00:00,2,119,4
2024-03-22 02:00:00,2,86,0
2024-03-22 03:00:00,8,57,2
2024-03-22 04:00:00,3,81,4
2024-03-22 05:00:00,1,150,16
2024-03-22 06:00:00,15,402,27
2024-03-22 07:00:00,52,798,50
2024-03-22 08:00:00,103,823,75
2024-03-22 09:00:00,121,655,37
2024-03-22 10:00:00,103,618,24
2024-03-22 11:00:00,136,690,24
2024-03-22 12:00:00,145,748,35
2024-03-22 13:00:00,165,761,34
2024-03-22 14:00:00,143,864,42
2024-03-22 15:00:00,198,880,45
2024-03-22 16:00:00,213,967,73
2024-03-22 17:00:00,227,965,82
2024-03-22 18:00:00,282,932,51
2024-03-22 19:00:00,212,799,49
2024-03-22 20:00:00,109,673,25
2024-03-22 21:00:00,101,554,21
2024-03-22 22:00:00,63,529,14
2024-03-22 23:00:00,35,479,17
2024-03-23 00:00:00,22,385,21
2024-03-23 01:00:00,21,309,12
2024-03-23 02:00:00,7,230,5
2024-03-23 03:00:00,7,195,4
2024-03-23 04:00:00,3,111,4
2024-03-23 05:00:00,1,145,5
2024-03-23 06:00:00,8,199,11
2024-03-23 07:00:00,23,278,14
2024-03-23 08:00:00,46,452,13
2024-03-23 09:00:00,109,708,33
2024-03-23 10:00:00,190,793,20
2024-03-23 11:00:00,193,827,14
2024-03-23 12:00:00,207,910,27
2024-03-23 13:00:00,203,960,19
2024-03-23 14:00:00,216,926,25
2024-03-23 15:00:00,241,821,26
2024-03-23 16:00:00,241,840,30
2024-03-23 17:00:00,243,877,26
2024-03-23 18:00:00,230,858,26
2024-03-23 19:00:00,153,710,29
2024-03-23 20:00:00,90,613,25
2024-03-23 21:00:00,92,561,14
2024-03-23 22:00:00,60,518,21
2024-03-23 23:00:00,53,507,19
2024-03-24 00:00:00,25,435,10
2024-03-24 01:00:00,5,327,8
2024-03-24 02:00:00,16,283,4
2024-03-24 03:00:00,5,225,3
2024-03-24 04:00:00,7,130,3
2024-03-24 05:00:00,4,120,3
2024-03-24 06:00:00,14,168,12
2024-03-24 07:00:00,12,224,9
2024-03-24 08:00:00,16,312,19
2024-03-24 09:00:00,60,554,24
2024-03-24 10:00:00,113,651,30
2024-03-24 11:00:00,212,731,28
2024-03-24 12:00:00,280,898,28
2024-03-24 13:00:00,244,895,34
2024-03-24 14:00:00,242,918,32
2024-03-24 15:00:00,213,763,26
2024-03-24 16:00:00,130,885,36
2024-03-24 17:00:00,157,757,32
2024-03-24 18:00:00,124,705,25
2024-03-24 19:00:00,98,613,30
2024-03-24 20:00:00,30,464,12
2024-03-24 21:00:00,27,401,8
2024-03-24 22:00:00,23,326,17
2024-03-24 23:00:00,10,230,10
2024-03-25 00:00:00,3,114,3
2024-03-25 01:00:00,1,79,3
2024-03-25 02:00:00,0,61,2
2024-03-25 03:00:00,3,52,3
2024-03-25 04:00:00,1,85,4
2024-03-25 05:00:00,2,180,13
2024-03-25 06:00:00,24,452,23
2024-03-25 07:00:00,67,823,46
2024-03-25 08:00:00,101,875,88
2024-03-25 09:00:00,89,662,25
2024-03-25 10:00:00,103,641,17
2024-03-25 11:00:00,127,647,19
2024-03-25 12:00:00,128,694,28
2024-03-25 13:00:00,132,652,26
2024-03-25 14:00:00,124,735,25
2024-03-25 15:00:00,183,810,25
2024-03-25 16:00:00,161,914,56
2024-03-25 17:00:00,212,925,80
2024-03-25 18:00:00,150,797,63
2024-03-25 19:00:00,116,716,48
2024-03-25 20:00:00,75,536,32
2024-03-25 21:00:00,43,439,16
2024-03-25 22:00:00,23,484,19
2024-03-25 23:00:00,13,188,16
2024-03-26 00:00:00,9,137,6
2024-03-26 01:00:00,1,84,2
2024-03-26 02:00:00,4,69,7
2024-03-26 03:00:00,8,45,2
2024-03-26 04:00:00,2,69,3
2024-03-26 05:00:00,7,161,14
2024-03-26 06:00:00,24,419,26
2024-03-26 07:00:00,61,878,65
2024-03-26 08:00:00,131,823,85
2024-03-26 09:00:00,113,698,31
2024-03-26 10:00:00,107,608,19
2024-03-26 11:00:00,102,623,22
2024-03-26 12:00:00,133,670,25
2024-03-26 13:00:00,126,660,33
2024-03-26 14:00:00,118,765,40
2024-03-26 15:00:00,110,849,22
2024-03-26 16:00:00,191,933,70
2024-03-26 17:00:00,188,994,104
2024-03-26 18:00:00,174,1022,71
2024-03-26 19:00:00,113,783,48
2024-03-26 20:00:00,82,581,24
2024-03-26 21:00:00,53,428,22
2024-03-26 22:00:00,27,414,23
2024-03-26 23:00:00,8,248,14
2024-03-27 00:00:00,2,116,6
2024-03-27 01:00:00,2,96,4
2024-03-27 02:00:00,0,52,3
2024-03-27 03:00:00,3,63,0
2024-03-27 04:00:00,0,71,4
2024-03-27 05:00:00,4,176,21
2024-03-27 06:00:00,15,442,29
2024-03-27 07:00:00,71,902,55
2024-03-27 08:00:00,97,854,75
2024-03-27 09:00:00,77,730,31
2024-03-27 10:00:00,72,618,9
2024-03-27 11:00:00,119,695,18
2024-03-27 12:00:00,167,705,36
2024-03-27 13:00:00,119,720,33
2024-03-27 14:00:00,114,795,18
2024-03-27 15:00:00,130,852,32
2024-03-27 16:00:00,163,882,60
2024-03-27 17:00:00,204,1024,75
2024-03-27 18:00:00,208,947,68
2024-03-27 19:00:00,99,756,52
2024-03-27 20:00:00,70,627,30
2024-03-27 21:00:00,42,509,26
2024-03-27 22:00:00,12,491,25
2024-03-27 23:00:00,7,272,13
2024-03-28 00:00:00,2,140,2
2024-03-28 01:00:00,2,91,4
2024-03-28 02:00:00,1,57,2
2024-03-28 03:00:00,2,55,1
2024-03-28 04:00:00,0,71,4
2024-03-28 05:00:00,4,181,11
2024-03-28 06:00:00,17,411,12
2024-03-28 07:00:00,35,826,52
2024-03-28 08:00:00,132,819,73
2024-03-28 09:00:00,113,685,32
2024-03-28 10:00:00,74,716,12
2024-03-28 11:00:00,114,684,12
2024-03-28 12:00:00,154,772,20
2024-03-28 13:00:00,122,748,16
2024-03-28 14:00:00,139,806,25
2024-03-28 15:00:00,138,865,24
2024-03-28 16:00:00,137,926,32
2024-03-28 17:00:00,171,980,65
2024-03-28 18:00:00,209,952,37
2024-03-28 19:00:00,179,843,32
2024-03-28 20:00:00,108,730,27
2024-03-28 21:00:00,66,576,21
2024-03-28 22:00:00,67,588,20
2024-03-28 23:00:00,39,380,8
2024-03-29 00:00:00,12,334,9
2024-03-29 01:00:00,9,224,9
2024-03-29 02:00:00,3,171,4
2024-03-29 03:00:00,4,144,3
2024-03-29 04:00:00,8,117,7
2024-03-29 05:00:00,1,158,9
2024-03-29 06:00:00,10,200,6
2024-03-29 07:00:00,15,303,10
2024-03-29 08:00:00,62,387,18
2024-03-29 09:00:00,138,557,20
2024-03-29 10:00:00,126,746,22
2024-03-29 11:00:00,189,818,22
2024-03-29 12:00:00,243,875,13
2024-03-29 13:00:00,217,901,27
2024-03-29 14:00:00,187,877,30
2024-03-29 15:00:00,185,872,18
2024-03-29 16:00:00,173,930,23
2024-03-29 17:00:00,192,811,24
2024-03-29 18:00:00,229,763,20
2024-03-29 19:00:00,167,648,21
2024-03-29 20:00:00,104,598,38
2024-03-29 21:00:00,74,535,23
2024-03-29 22:00:00,64,567,9
2024-03-29 23:00:00,36,455,16
2024-03-30 00:00:00,39,376,17
2024-03-30 01:00:00,10,300,8
2024-03-30 02:00:00,7,217,5
2024-03-30 03:00:00,15,174,7
2024-03-30 04:00:00,7,154,6
2024-03-30 05:00:00,6,137,5
2024-03-30 06:00:00,10,164,12
2024-03-30 07:00:00,35,238,10
2024-03-30 08:00:00,94,380,18
2024-03-30 09:00:00,101,537,24
2024-03-30 10:00:00,179,759,20
2024-03-30 11:00:00,202,867,30
2024-03-30 12:00:00,219,865,36
2024-03-30 13:00:00,220,848,32
2024-03-30 14:00:00,218,804,37
2024-03-30 15:00:00,218,771,31
2024-03-30 16:00:00,189,776,20
2024-03-30 17:00:00,217,780,32
2024-03-30 18:00:00,161,799,22
2024-03-30 19:00:00,136,727,26
2024-03-30 20:00:00,120,663,26
2024-03-30 21:00:00,67,560,32
2024-03-30 22:00:00,44,581,25
2024-03-30 23:00:00,28,515,14
2024-03-31 00:00:00,39,450,8
2024-03-31 01:00:00,9,356,12
2024-03-31 02:00:00,5,287,2
2024-03-31 03:00:00,5,220,5
2024-03-31 04:00:00,8,150,2
2024-03-31 05:00:00,15,172,9
2024-03-31 06:00:00,8,177,5
2024-03-31 07:00:00,13,225,8
2024-03-31 08:00:00,30,341,10
2024-03-31 09:00:00,51,529,10
2024-03-31 10:00:00,88,616,13
2024-03-31 11:00:00,140,772,26
2024-03-31 12:00:00,131,772,52
2024-03-31 13:00:00,184,687,19
2024-03-31 14:00:00,109,640,17
2024-03-31 15:00:00,165,612,29
2024-03-31 16:00:00,112,604,23
2024-03-31 17:00:00,127,576,23
2024-03-31 18:00:00,93,598,19
2024-03-31 19:00:00,66,483,31
2024-03-31 20:00:00,46,423,20
2024-03-31 21:00:00,54,401,14
2024-03-31 22:00:00,33,343,11
2024-03-31 23:00:00,17,239,7
2024-04-01 00:00:00,8,231,6
2024-04-01 01:00:00,15,169,4
2024-04-01 02:00:00,10,150,9
2024-04-01 03:00:00,17,89,3
2024-04-01 04:00:00,5,89,5
2024-04-01 05:00:00,15,145,6
2024-04-01 06:00:00,8,186,10
2024-04-01 07:00:00,15,260,7
2024-04-01 08:00:00,58,387,15
2024-04-01 09:00:00,98,530,16
2024-04-01 10:00:00,125,700,21
2024-04-01 11:00:00,194,753,35
2024-04-01 12:00:00,167,756,30
2024-04-01 13:00:00,153,749,23
2024-04-01 14:00:00,148,717,31
2024-04-01 15:00:00,132,722,27
2024-04-01 16:00:00,124,700,24
2024-04-01 17:00:00,112,673,24
2024-04-01 18:00:00,123,577,15
2024-04-01 19:00:00,76,477,21
2024-04-01 20:00:00,33,422,9
2024-04-01 21:00:00,14,346,13
2024-04-01 22:00:00,5,204,15
2024-04-01 23:00:00,2,155,7
2024-04-02 00:00:00,3,85,2
2024-04-02 01:00:00,0,62,5
2024-04-02 02:00:00,5,52,3
2024-04-02 03:00:00,4,75,4
2024-04-02 04:00:00,3,144,11
2024-04-02 05:00:00,9,426,19
2024-04-02 06:00:00,30,755,40
2024-04-02 07:00:00,69,704,61
2024-04-02 08:00:00,68,641,26
2024-04-02 09:00:00,123,601,21
2024-04-02 10:00:00,113,628,24
2024-04-02 11:00:00,163,700,25
2024-04-02 12:00:00,161,670,35
2024-04-02 13:00:00,152,737,29
2024-04-02 14:00:00,131,744,22
2024-04-02 15:00:00,138,905,46
2024-04-02 16:00:00,128,967,66
2024-04-02 17:00:00,148,897,56
2024-04-02 18:00:00,79,668,22
2024-04-02 19:00:00,38,542,17
2024-04-02 20:00:00,42,443,21
2024-04-02 21:00:00,24,427,20
2024-04-02 22:00:00,3,241,5
2024-04-02 23:00:00,8,145,7
2024-04-03 00:00:00,1,80,3
2024-04-03 01:00:00,1,66,0
2024-04-03 02:00:00,5,57,5
2024-04-03 03:00:00,3,80,7
2024-04-03 04:00:00,2,168,7
2024-04-03 05:00:00,12,423,21
2024-04-03 06:00:00,44,751,51
2024-04-03 07:00:00,74,702,66
2024-04-03 08:00:00,62,634,25
2024-04-03 09:00:00,77,587,17
2024-04-03 10:00:00,101,615,12
2024-04-03 11:00:00,155,703,26
2024-04-03 12:00:00,156,674,29
2024-04-03 13:00:00,123,705,19
2024-04-03 14:00:00,157,804,35
2024-04-03 15:00:00,164,901,51
2024-04-03 16:00:00,207,1000,92
2024-04-03 17:00:00,161,864,53
2024-04-03 18:00:00,153,702,31
2024-04-03 19:00:00,91,582,29
2024-04-03 20:00:00,52,508,32
2024-04-03 21:00:00,27,477,13
2024-04-03 22:00:00,8,307,13
2024-04-03 23:00:00,1,163,6
2024-04-04 00:00:00,2,95,0
2024-04-04 01:00:00,2,76,3
2024-04-04 02:00:00,2,53,2
2024-04-04 03:00:00,1,91,7
2024-04-04 04:00:00,1,167,12
2024-04-04 05:00:00,28,396,15
2024-04-04 06:00:00,37,696,48
2024-04-04 07:00:00,64,713,54
2024-04-04 08:00:00,83,616,30
2024-04-04 09:00:00,85,634,19
2024-04-04 10:00:00,109,659,22
2024-04-04 11:00:00,177,698,28
2024-04-04 12:00:00,152,683,22
2024-04-04 13:00:00,120,697,34
2024-04-04 14:00:00,121,752,22
2024-04-04 15:00:00,136,928,51
2024-04-04 16:00:00,169,929,73
2024-04-04 17:00:00,183,970,40
2024-04-04 18:00:00,148,740,26
2024-04-04 19:00:00,72,540,22
2024-04-04 20:00:00,66,519,19
2024-04-04 21:00:00,43,417,14
2024-04-04 22:00:00,22,328,12
2024-04-04 23:00:00,4,175,5
2024-04-05 00:00:00,2,114,2
2024-04-05 01:00:00,0,98,7
2024-04-05 02:00:00,3,66,1
2024-04-05 03:00:00,0,96,4
2024-04-05 04:00:00,1,145,11
2024-04-05 05:00:00,17,347,13
2024-04-05 06:00:00,32,599,34
2024-04-05 07:00:00,55,643,58
2024-04-05 08:00:00,73,632,28
2024-04-05 09:00:00,112,594,19
2024-04-05 10:00:00,122,615,20
2024-04-05 11:00:00,213,723,22
2024-04-05 12:00:00,180,730,32
2024-04-05 13:00:00,146,819,36
2024-04-05 14:00:00,136,825,23
2024-04-05 15:00:00,218,959,48
2024-04-05 16:00:00,285,902,62
2024-04-05 17:00:00,247,894,40
2024-04-05 18:00:00,209,805,36
2024-04-05 19:00:00,118,557,11
2024-04-05 20:00:00,78,555,35
2024-04-05 21:00:00,67,545,24
2024-04-05 22:00:00,34,465,16
2024-04-05 23:00:00,25,338,9
2024-04-06 00:00:00,11,267,3
2024-04-06 01:00:00,2,229,5
2024-04-06 02:00:00,7,159,4
2024-04-06 03:00:00,9,109,2
2024-04-06 04:00:00,3,117,9
2024-04-06 05:00:00,9,183,12
2024-04-06 06:00:00,18,261,5
2024-04-06 07:00:00,38,414,13
2024-04-06 08:00:00,91,560,30
2024-04-06 09:00:00,138,628,21
2024-04-06 10:00:00,177,767,22
2024-04-06 11:00:00,166,843,38
2024-04-06 12:00:00,193,903,28
2024-04-06 13:00:00,253,836,34
2024-04-06 14:00:00,190,850,35
2024-04-06 15:00:00,208,830,35
2024-04-06 16:00:00,216,821,19
2024-04-06 17:00:00,183,851,21
2024-04-06 18:00:00,154,758,19
2024-04-06 19:00:00,137,605,24
2024-04-06 20:00:00,64,560,17
2024-04-06 21:00:00,49,592,19
2024-04-06 22:00:00,46,507,24
2024-04-06 23:00:00,31,438,9
2024-04-07 00:00:00,11,333,8
2024-04-07 01:00:00,14,267,2
2024-04-07 02:00:00,4,232,3
2024-04-07 03:00:00,8,147,3
2024-04-07 04:00:00,7,130,2
2024-04-07 05:00:00,8,162,11
2024-04-07 06:00:00,13,192,3
2024-04-07 07:00:00,15,248,14
2024-04-07 08:00:00,44,443,11
2024-04-07 09:00:00,128,624,5
2024-04-07 10:00:00,189,698,15
2024-04-07 11:00:00,207,841,22
2024-04-07 12:00:00,205,861,23
2024-04-07 13:00:00,214,838,30
2024-04-07 14:00:00,233,794,29
2024-04-07 15:00:00,127,713,20
2024-04-07 16:00:00,109,666,30
2024-04-07 17:00:00,110,622,21
2024-04-07 18:00:00,87,585,24
2024-04-07 19:00:00,72,470,15
2024-04-07 20:00:00,25,384,22
2024-04-07 21:00:00,17,290,15
2024-04-07 22:00:00,11,198,14
2024-04-07 23:00:00,8,143,3
2024-04-08 00:00:00,3,90,4
2024-04-08 01:00:00,8,63,1
2024-04-08 02:00:00,4,52,3
2024-04-08 03:00:00,8,69,6
2024-04-08 04:00:00,5,160,16
2024-04-08 05:00:00,21,370,24
2024-04-08 06:00:00,44,724,49
2024-04-08 07:00:00,97,663,62
2024-04-08 08:00:00,65,573,19
2024-04-08 09:00:00,80,573,21
2024-04-08 10:00:00,96,626,15
2024-04-08 11:00:00,121,629,24
2024-04-08 12:00:00,157,627,31
2024-04-08 13:00:00,146,682,22
2024-04-08 14:00:00,158,685,31
2024-04-08 15:00:00,141,851,49
2024-04-08 16:00:00,217,895,90
2024-04-08 17:00:00,213,818,64
2024-04-08 18:00:00,156,619,28
2024-04-08 19:00:00,103,495,28
2024-04-08 20:00:00,64,404,27
2024-04-08 21:00:00,23,313,24
2024-04-08 22:00:00,15,171,4
2024-04-08 23:00:00,4,134,6
2024-04-09 00:00:00,3,76,4
2024-04-09 01:00:00,1,64,2
2024-04-09 02:00:00,0,45,4
2024-04-09 03:00:00,0,56,5
2024-04-09 04:00:00,4,184,12
2024-04-09 05:00:00,20,422,22
2024-04-09 06:00:00,38,824,49
2024-04-09 07:00:00,82,694,68
2024-04-09 08:00:00,72,622,27
2024-04-09 09:00:00,94,608,31
2024-04-09 10:00:00,109,626,23
2024-04-09 11:00:00,131,640,20
2024-04-09 12:00:00,178,722,26
2024-04-09 13:00:00,123,719,30
2024-04-09 14:00:00,132,777,22
2024-04-09 15:00:00,122,952,65
2024-04-09 16:00:00,225,989,91
2024-04-09 17:00:00,212,943,54
2024-04-09 18:00:00,178,737,38
2024-04-09 19:00:00,119,512,34
2024-04-09 20:00:00,72,471,34
2024-04-09 21:00:00,40,517,21
2024-04-09 22:00:00,21,215,16
2024-04-09 23:00:00,9,149,8
2024-04-10 00:00:00,6,77,3
2024-04-10 01:00:00,4,56,6
2024-04-10 02:00:00,0,47,2
2024-04-10 03:00:00,2,68,5
2024-04-10 04:00:00,8,161,11
2024-04-10 05:00:00,23,393,24
2024-04-10 06:00:00,37,784,58
2024-04-10 07:00:00,77,752,75
2024-04-10 08:00:00,70,647,32
2024-04-10 09:00:00,96,634,16
2024-04-10 10:00:00,135,648,28
2024-04-10 11:00:00,133,700,15
2024-04-10 12:00:00,137,668,18
2024-04-10 13:00:00,104,738,21
2024-04-10 14:00:00,119,766,23
2024-04-10 15:00:00,122,909,52
2024-04-10 16:00:00,173,921,79
2024-04-10 17:00:00,175,870,55
2024-04-10 18:00:00,140,714,43
2024-04-10 19:00:00,95,574,30
2024-04-10 20:00:00,58,455,18
2024-04-10 21:00:00,35,484,22
2024-04-10 22:00:00,8,252,8
2024-04-10 23:00:00,5,171,8
2024-04-11 00:00:00,1,86,4
2024-04-11 01:00:00,4,71,4
2024-04-11 02:00:00,0,56,1
2024-04-11 03:00:00,0,73,5
2024-04-11 04:00:00,1,170,15
2024-04-11 05:00:00,11,407,23
2024-04-11 06:00:00,40,731,45
2024-04-11 07:00:00,89,720,59
2024-04-11 08:00:00,77,594,26
2024-04-11 09:00:00,88,586,15
2024-04-11 10:00:00,105,629,23
2024-04-11 11:00:00,107,669,28
2024-04-11 12:00:00,150,717,19
2024-04-11 13:00:00,144,698,30
2024-04-11 14:00:00,144,743,33
2024-04-11 15:00:00,162,949,56
2024-04-11 16:00:00,227,982,68
2024-04-11 17:00:00,196,862,56
2024-04-11 18:00:00,161,705,48
2024-04-11 19:00:00,114,597,31
2024-04-11 20:00:00,84,501,22
2024-04-11 21:00:00,50,441,26
2024-04-11 22:00:00,17,280,19
2024-04-11 23:00:00,14,174,4
2024-04-12 00:00:00,4,114,4
2024-04-12 01:00:00,2,85,5
2024-04-12 02:00:00,10,72,4
2024-04-12 03:00:00,5,90,7
2024-04-12 04:00:00,7,155,17
2024-04-12 05:00:00,16,377,18
2024-04-12 06:00:00,44,639,40
2024-04-12 07:00:00,65,638,62
2024-04-12 08:00:00,112,540,30
2024-04-12 09:00:00,112,606,22
2024-04-12 10:00:00,144,620,32
2024-04-12 11:00:00,150,750,32
2024-04-12 12:00:00,201,773,39
2024-04-12 13:00:00,168,756,39
2024-04-12 14:00:00,185,822,37
2024-04-12 15:00:00,213,914,53
2024-04-12 16:00:00,251,936,75
2024-04-12 17:00:00,235,875,50
2024-04-12 18:00:00,203,730,47
2024-04-12 19:00:00,154,672,40
2024-04-12 20:00:00,121,606,37
2024-04-12 21:00:00,53,524,23
2024-04-12 22:00:00,59,418,31
2024-04-12 23:00:00,33,386,15
2024-04-13 00:00:00,20,271,7
2024-04-13 01:00:00,4,229,6
2024-04-13 02:00:00,3,188,2
2024-04-13 03:00:00,7,124,4
2024-04-13 04:00:00,5,130,4
2024-04-13 05:00:00,19,203,8
2024-04-13 06:00:00,21,262,12
2024-04-13 07:00:00,53,458,20
2024-04-13 08:00:00,103,592,26
2024-04-13 09:00:00,177,671,21
2024-04-13 10:00:00,187,725,37
2024-04-13 11:00:00,244,892,41
2024-04-13 12:00:00,247,870,37
2024-04-13 13:00:00,204,841,36
2024-04-13 14:00:00,255,783,38
2024-04-13 15:00:00,227,809,29
2024-04-13 16:00:00,201,778,38
2024-04-13 17:00:00,211,810,41
2024-04-13 18:00:00,170,715,35
2024-04-13 19:00:00,147,557,16
2024-04-13 20:00:00,106,509,15
2024-04-13 21:00:00,67,564,25
2024-04-13 22:00:00,56,504,22
2024-04-13 23:00:00,34,424,8
2024-04-14 00:00:00,28,351,7
2024-04-14 01:00:00,10,267,5
2024-04-14 02:00:00,5,233,8
2024-04-14 03:00:00,8,136,2
2024-04-14 04:00:00,9,112,3
2024-04-14 05:00:00,12,150,10
2024-04-14 06:00:00,15,219,12
2024-04-14 07:00:00,25,265,14
2024-04-14 08:00:00,53,506,11
2024-04-14 09:00:00,158,676,24
2024-04-14 10:00:00,204,771,25
2024-04-14 11:00:00,255,822,37
2024-04-14 12:00:00,217,823,28
2024-04-14 13:00:00,246,744,37
2024-04-14 14:00:00,205,753,34
2024-04-14 15:00:00,131,749,39
2024-04-14 16:00:00,145,716,19
2024-04-14 17:00:00,127,660,25
2024-04-14 18:00:00,90,544,23
2024-04-14 19:00:00,70,486,20
2024-04-14 20:00:00,39,379,16
2024-04-14 21:00:00,28,339,14
2024-04-14 22:00:00,12,213,11
2024-04-14 23:00:00,8,135,5
2024-04-15 00:00:00,2,79,7
2024-04-15 01:00:00,5,44,1
2024-04-15 02:00:00,3,56,1
2024-04-15 03:00:00,2,82,5
2024-04-15 04:00:00,3,152,10
2024-04-15 05:00:00,15,456,25
2024-04-15 06:00:00,43,836,56
2024-04-15 07:00:00,74,844,45
2024-04-15 08:00:00,72,635,16
2024-04-15 09:00:00,63,628,11
2024-04-15 10:00:00,80,595,19
2024-04-15 11:00:00,123,616,24
2024-04-15 12:00:00,122,653,22
2024-04-15 13:00:00,111,724,20
2024-04-15 14:00:00,149,815,27
2024-04-15 15:00:00,161,844,46
2024-04-15 16:00:00,162,961,74
2024-04-15 17:00:00,161,829,47
2024-04-15 18:00:00,105,654,33
2024-04-15 19:00:00,59,495,29
2024-04-15 20:00:00,20,398,15
2024-04-15 21:00:00,10,337,20
2024-04-15 22:00:00,5,189,11
2024-04-15 23:00:00,1,117,8
2024-04-16 00:00:00,1,63,4
2024-04-16 01:00:00,3,51,7
2024-04-16 02:00:00,0,51,1
2024-04-16 03:00:00,1,67,6
2024-04-16 04:00:00,3,145,10
2024-04-16 05:00:00,13,430,36
2024-04-16 06:00:00,49,840,80
2024-04-16 07:00:00,76,777,78
2024-04-16 08:00:00,59,719,34
2024-04-16 09:00:00,84,565,21
2024-04-16 10:00:00,77,604,11
2024-04-16 11:00:00,90,611,23
2024-04-16 12:00:00,101,654,35
2024-04-16 13:00:00,98,746,25
2024-04-16 14:00:00,146,794,38
2024-04-16 15:00:00,120,877,59
2024-04-16 16:00:00,95,943,96
2024-04-16 17:00:00,152,920,60
2024-04-16 18:00:00,82,684,41
2024-04-16 19:00:00,82,540,25
2024-04-16 20:00:00,37,479,28
2024-04-16 21:00:00,18,433,24
2024-04-16 22:00:00,5,172,6
2024-04-16 23:00:00,5,120,12
2024-04-17 00:00:00,0,76,1
2024-04-17 01:00:00,0,55,6
2024-04-17 02:00:00,0,56,0
2024-04-17 03:00:00,1,61,4
2024-04-17 04:00:00,0,173,16
2024-04-17 05:00:00,21,466,26
2024-04-17 06:00:00,40,808,59
2024-04-17 07:00:00,88,835,80
2024-04-17 08:00:00,85,681,39
2024-04-17 09:00:00,47,575,21
2024-04-17 10:00:00,76,586,15
2024-04-17 11:00:00,83,601,31
2024-04-17 12:00:00,102,663,36
2024-04-17 13:00:00,115,693,32
2024-04-17 14:00:00,105,764,30
2024-04-17 15:00:00,138,868,58
2024-04-17 16:00:00,134,997,99
2024-04-17 17:00:00,163,908,69
2024-04-17 18:00:00,125,750,51
2024-04-17 19:00:00,56,516,23
2024-04-17 20:00:00,24,444,31
2024-04-17 21:00:00,18,407,25
2024-04-17 22:00:00,3,251,14
2024-04-17 23:00:00,3,143,3
2024-04-18 00:00:00,5,88,4
2024-04-18 01:00:00,0,50,1
2024-04-18 02:00:00,1,59,0
2024-04-18 03:00:00,1,63,2
2024-04-18 04:00:00,1,169,14
2024-04-18 05:00:00,19,409,27
2024-04-18 06:00:00,28,778,61
2024-04-18 07:00:00,75,794,68
2024-04-18 08:00:00,64,734,38
2024-04-18 09:00:00,67,614,12
2024-04-18 10:00:00,106,592,21
2024-04-18 11:00:00,121,639,16
2024-04-18 12:00:00,125,651,31
2024-04-18 13:00:00,107,730,45
2024-04-18 14:00:00,203,786,45
2024-04-18 15:00:00,153,854,55
2024-04-18 16:00:00,196,955,94
2024-04-18 17:00:00,171,946,76
2024-04-18 18:00:00,141,727,38
2024-04-18 19:00:00,64,560,33
2024-04-18 20:00:00,24,464,22
2024-04-18 21:00:00,6,411,23
2024-04-18 22:00:00,2,258,20
2024-04-18 23:00:00,1,156,11
2024-04-19 00:00:00,0,111,9
2024-04-19 01:00:00,0,48,1
2024-04-19 02:00:00,0,45,2
2024-04-19 03:00:00,0,74,10
2024-04-19 04:00:00,3,161,12
2024-04-19 05:00:00,9,414,26
2024-04-19 06:00:00,30,705,50
2024-04-19 07:00:00,92,708,61
2024-04-19 08:00:00,74,680,33
2024-04-19 09:00:00,64,597,19
2024-04-19 10:00:00,82,648,24
2024-04-19 11:00:00,150,690,29
2024-04-19 12:00:00,120,664,34
2024-04-19 13:00:00,138,781,27
2024-04-19 14:00:00,109,818,43
2024-04-19 15:00:00,137,907,40
2024-04-19 16:00:00,152,942,70
2024-04-19 17:00:00,179,902,51
2024-04-19 18:00:00,162,788,49
2024-04-19 19:00:00,128,651,26
2024-04-19 20:00:00,56,519,42
2024-04-19 21:00:00,33,522,30
2024-04-19 22:00:00,14,441,29
2024-04-19 23:00:00,4,352,20
2024-04-20 00:00:00,8,270,5
2024-04-20 01:00:00,3,210,4
2024-04-20 02:00:00,1,136,2
2024-04-20 03:00:00,3,112,4
2024-04-20 04:00:00,3,121,5
2024-04-20 05:00:00,8,178,12
2024-04-20 06:00:00,16,242,12
2024-04-20 07:00:00,34,462,25
2024-04-20 08:00:00,59,662,21
2024-04-20 09:00:00,91,741,19
2024-04-20 10:00:00,143,854,28
2024-04-20 11:00:00,171,901,37
2024-04-20 12:00:00,224,907,49
2024-04-20 13:00:00,234,834,47
2024-04-20 14:00:00,231,860,50
2024-04-20 15:00:00,232,779,36
2024-04-20 16:00:00,223,814,39
2024-04-20 17:00:00,185,797,39
2024-04-20 18:00:00,146,719,39
2024-04-20 19:00:00,138,667,36
2024-04-20 20:00:00,29,595,22
2024-04-20 21:00:00,22,617,29
2024-04-20 22:00:00,17,551,21
2024-04-20 23:00:00,15,443,12
2024-04-21 00:00:00,7,406,6
2024-04-21 01:00:00,1,317,5
2024-04-21 02:00:00,0,217,0
2024-04-21 03:00:00,1,143,1
2024-04-21 04:00:00,3,119,2
2024-04-21 05:00:00,10,166,7
2024-04-21 06:00:00,15,191,7
2024-04-21 07:00:00,17,308,23
2024-04-21 08:00:00,43,508,15
2024-04-21 09:00:00,141,724,23
2024-04-21 10:00:00,130,739,22
2024-04-21 11:00:00,206,867,27
2024-04-21 12:00:00,192,880,31
2024-04-21 13:00:00,177,821,24
2024-04-21 14:00:00,224,714,25
2024-04-21 15:00:00,109,702,31
2024-04-21 16:00:00,82,704,36
2024-04-21 17:00:00,68,627,28
2024-04-21 18:00:00,52,556,25
2024-04-21 19:00:00,32,520,16
2024-04-21 20:00:00,9,447,19
2024-04-21 21:00:00,3,318,8
2024-04-21 22:00:00,3,204,8
2024-04-21 23:00:00,0,137,3
2024-04-22 00:00:00,0,86,2
2024-04-22 01:00:00,1,58,1
2024-04-22 02:00:00,1,44,2
2024-04-22 03:00:00,0,69,5
2024-04-22 04:00:00,0,17,0
2024-04-22 05:00:00,0,0,0
2024-04-22 06:00:00,42,454,33
2024-04-22 07:00:00,95,833,58
2024-04-22 08:00:00,79,679,28
2024-04-22 09:00:00,73,578,23
2024-04-22 10:00:00,66,601,18
2024-04-22 11:00:00,96,594,15
2024-04-22 12:00:00,77,708,30
2024-04-22 13:00:00,89,679,26
2024-04-22 14:00:00,122,742,31
2024-04-22 15:00:00,109,883,45
2024-04-22 16:00:00,159,939,75
2024-04-22 17:00:00,112,836,51
2024-04-22 18:00:00,94,674,43
2024-04-22 19:00:00,42,463,15
2024-04-22 20:00:00,28,382,20
2024-04-22 21:00:00,5,278,22
2024-04-22 22:00:00,2,179,9
2024-04-22 23:00:00,4,133,4
2024-04-23 00:00:00,2,71,4
2024-04-23 01:00:00,1,57,3
2024-04-23 02:00:00,0,63,0
2024-04-23 03:00:00,1,60,5
2024-04-23 04:00:00,1,161,10
2024-04-23 05:00:00,14,406,28
2024-04-23 06:00:00,41,847,62
2024-04-23 07:00:00,108,838,82
2024-04-23 08:00:00,88,669,43
2024-04-23 09:00:00,61,553,19
2024-04-23 10:00:00,77,544,19
2024-04-23 11:00:00,103,624,22
2024-04-23 12:00:00,128,649,20
2024-04-23 13:00:00,103,689,21
2024-04-23 14:00:00,106,763,32
2024-04-23 15:00:00,143,856,61
2024-04-23 16:00:00,123,942,94
2024-04-23 17:00:00,155,822,63
2024-04-23 18:00:00,120,643,57
2024-04-23 19:00:00,74,528,29
2024-04-23 20:00:00,29,434,34
2024-04-23 21:00:00,8,377,20
2024-04-23 22:00:00,6,207,10
2024-04-23 23:00:00,1,133,4
2024-04-24 00:00:00,6,76,7
2024-04-24 01:00:00,1,53,2
2024-04-24 02:00:00,1,57,1
2024-04-24 03:00:00,1,55,8
2024-04-24 04:00:00,5,189,6
2024-04-24 05:00:00,15,451,30
2024-04-24 06:00:00,45,851,54
2024-04-24 07:00:00,100,872,104
2024-04-24 08:00:00,84,686,39
2024-04-24 09:00:00,84,610,24
2024-04-24 10:00:00,83,603,29
2024-04-24 11:00:00,96,640,16
2024-04-24 12:00:00,108,671,34
2024-04-24 13:00:00,103,722,30
2024-04-24 14:00:00,141,791,55
2024-04-24 15:00:00,143,888,46
2024-04-24 16:00:00,162,919,92
2024-04-24 17:00:00,155,861,80
2024-04-24 18:00:00,125,791,48
2024-04-24 19:00:00,71,586,40
2024-04-24 20:00:00,21,477,37
2024-04-24 21:00:00,8,416,30
2024-04-24 22:00:00,0,221,12
2024-04-24 23:00:00,4,145,8
2024-04-25 00:00:00,3,80,7
2024-04-25 01:00:00,1,53,3
2024-04-25 02:00:00,2,55,4
2024-04-25 03:00:00,1,87,4
2024-04-25 04:00:00,1,175,11
2024-04-25 05:00:00,12,423,29
2024-04-25 06:00:00,45,819,54
2024-04-25 07:00:00,110,867,89
2024-04-25 08:00:00,64,664,40
2024-04-25 09:00:00,60,574,20
2024-04-25 10:00:00,97,572,28
2024-04-25 11:00:00,102,633,21
2024-04-25 12:00:00,67,647,29
2024-04-25 13:00:00,103,712,29
2024-04-25 14:00:00,117,804,23
2024-04-25 15:00:00,139,879,55
2024-04-25 16:00:00,170,955,80
2024-04-25 17:00:00,195,860,62
2024-04-25 18:00:00,94,748,47
2024-04-25 19:00:00,49,591,26
2024-04-25 20:00:00,29,538,33
2024-04-25 21:00:00,9,448,24
2024-04-25 22:00:00,6,292,18
2024-04-25 23:00:00,1,203,9
2024-04-26 00:00:00,1,124,8
2024-04-26 01:00:00,0,83,5
2024-04-26 02:00:00,0,68,1
2024-04-26 03:00:00,1,76,6
2024-04-26 04:00:00,0,159,15
2024-04-26 05:00:00,12,386,22
2024-04-26 06:00:00,48,775,45
2024-04-26 07:00:00,94,825,57
2024-04-26 08:00:00,114,680,34
2024-04-26 09:00:00,118,613,19
2024-04-26 10:00:00,118,669,16
2024-04-26 11:00:00,140,721,28
2024-04-26 12:00:00,126,756,27
2024-04-26 13:00:00,134,809,26
2024-04-26 14:00:00,175,876,41
2024-04-26 15:00:00,191,895,60
2024-04-26 16:00:00,238,969,71
2024-04-26 17:00:00,241,904,51
2024-04-26 18:00:00,179,764,52
2024-04-26 19:00:00,114,636,36
2024-04-26 20:00:00,25,544,37
2024-04-26 21:00:00,21,506,27
2024-04-26 22:00:00,7,487,23
2024-04-26 23:00:00,4,363,14
2024-04-27 00:00:00,7,261,9
2024-04-27 01:00:00,0,190,3
2024-04-27 02:00:00,1,177,2
2024-04-27 03:00:00,0,116,6
2024-04-27 04:00:00,2,108,4
2024-04-27 05:00:00,12,158,8
2024-04-27 06:00:00,9,260,6
2024-04-27 07:00:00,42,496,10
2024-04-27 08:00:00,48,614,9
2024-04-27 09:00:00,95,754,17
2024-04-27 10:00:00,141,815,16
2024-04-27 11:00:00,179,897,18
2024-04-27 12:00:00,163,902,15
2024-04-27 13:00:00,158,857,22
2024-04-27 14:00:00,147,842,25
2024-04-27 15:00:00,136,812,18
2024-04-27 16:00:00,174,820,29
2024-04-27 17:00:00,157,859,24
2024-04-27 18:00:00,162,723,17
2024-04-27 19:00:00,73,599,16
2024-04-27 20:00:00,42,571,27
2024-04-27 21:00:00,13,531,17
2024-04-27 22:00:00,5,514,16
2024-04-27 23:00:00,1,444,13
2024-04-28 00:00:00,4,381,17
2024-04-28 01:00:00,0,311,4
2024-04-28 02:00:00,0,233,3
2024-04-28 03:00:00,0,144,0
2024-04-28 04:00:00,0,129,0
2024-04-28 05:00:00,7,146,8
2024-04-28 06:00:00,7,186,7
2024-04-28 07:00:00,19,297,8
2024-04-28 08:00:00,21,504,10
2024-04-28 09:00:00,103,651,10
2024-04-28 10:00:00,123,721,17
2024-04-28 11:00:00,189,802,26
2024-04-28 12:00:00,219,832,37
2024-04-28 13:00:00,151,784,31
2024-04-28 14:00:00,195,695,28
2024-04-28 15:00:00,127,704,19
2024-04-28 16:00:00,91,653,26
2024-04-28 17:00:00,69,575,18
2024-04-28 18:00:00,70,508,16
2024-04-28 19:00:00,23,466,18
2024-04-28 20:00:00,8,410,20
2024-04-28 21:00:00,7,319,12
2024-04-28 22:00:00,2,219,3
2024-04-28 23:00:00,3,125,6
2024-04-29 00:00:00,0,91,3
2024-04-29 01:00:00,0,57,0
2024-04-29 02:00:00,3,43,0
2024-04-29 03:00:00,1,69,3
2024-04-29 04:00:00,2,154,12
2024-04-29 05:00:00,12,416,21
2024-04-29 06:00:00,35,864,66
2024-04-29 07:00:00,111,864,77
2024-04-29 08:00:00,71,648,26
2024-04-29 09:00:00,65,593,19
2024-04-29 10:00:00,110,578,21
2024-04-29 11:00:00,138,652,20
2024-04-29 12:00:00,97,634,18
2024-04-29 13:00:00,101,711,31
2024-04-29 14:00:00,145,723,40
2024-04-29 15:00:00,135,882,66
2024-04-29 16:00:00,145,950,108
2024-04-29 17:00:00,144,829,56
2024-04-29 18:00:00,115,683,34
2024-04-29 19:00:00,40,483,29
2024-04-29 20:00:00,33,387,25
2024-04-29 21:00:00,6,335,9
2024-04-29 22:00:00,0,183,14
2024-04-29 23:00:00,1,127,5
2024-04-30 00:00:00,1,81,1
2024-04-30 01:00:00,0,56,4
2024-04-30 02:00:00,2,51,2
2024-04-30 03:00:00,0,57,4
2024-04-30 04:00:00,4,184,12
2024-04-30 05:00:00,14,451,27
2024-04-30 06:00:00,49,853,70
2024-04-30 07:00:00,94,865,92
2024-04-30 08:00:00,84,659,29
2024-04-30 09:00:00,65,592,21
2024-04-30 10:00:00,90,539,22
2024-04-30 11:00:00,88,633,17
2024-04-30 12:00:00,102,668,11
2024-04-30 13:00:00,119,718,26
2024-04-30 14:00:00,127,803,32
2024-04-30 15:00:00,146,894,55
2024-04-30 16:00:00,183,979,104
2024-04-30 17:00:00,153,894,61
2024-04-30 18:00:00,104,728,28
2024-04-30 19:00:00,50,472,30
2024-04-30 20:00:00,22,426,19
2024-04-30 21:00:00,11,421,16
2024-04-30 22:00:00,2,212,5
2024-04-30 23:00:00,0,151,5
2024-05-01 00:00:00,0,82,2
2024-05-01 01:00:00,0,48,2
2024-05-01 02:00:00,0,53,0
2024-05-01 03:00:00,0,62,3
2024-05-01 04:00:00,4,200,9
2024-05-01 05:00:00,24,423,30
2024-05-01 06:00:00,55,875,70
2024-05-01 07:00:00,93,808,72
2024-05-01 08:00:00,61,662,31
2024-05-01 09:00:00,80,644,23
2024-05-01 10:00:00,87,584,22
2024-05-01 11:00:00,112,671,23
2024-05-01 12:00:00,120,644,39
2024-05-01 13:00:00,104,739,31
2024-05-01 14:00:00,136,789,43
2024-05-01 15:00:00,118,961,65
2024-05-01 16:00:00,143,992,86
2024-05-01 17:00:00,129,987,49
2024-05-01 18:00:00,96,787,43
2024-05-01 19:00:00,46,579,18
2024-05-01 20:00:00,15,436,35
2024-05-01 21:00:00,7,420,22
2024-05-01 22:00:00,2,260,12
2024-05-01 23:00:00,1,136,6
2024-05-02 00:00:00,2,81,5
2024-05-02 01:00:00,3,60,4
2024-05-02 02:00:00,3,54,3
2024-05-02 03:00:00,0,73,5
2024-05-02 04:00:00,0,168,12
2024-05-02 05:00:00,17,409,22
2024-05-02 06:00:00,45,865,54
2024-05-02 07:00:00,92,881,59
2024-05-02 08:00:00,82,640,26
2024-05-02 09:00:00,62,553,17
2024-05-02 10:00:00,96,632,18
2024-05-02 11:00:00,116,620,14
2024-05-02 12:00:00,80,667,23
2024-05-02 13:00:00,104,746,42
2024-05-02 14:00:00,140,793,23
2024-05-02 15:00:00,120,900,39
2024-05-02 16:00:00,153,1005,68
2024-05-02 17:00:00,176,935,63
2024-05-02 18:00:00,109,761,32
2024-05-02 19:00:00,86,604,31
2024-05-02 20:00:00,36,548,19
2024-05-02 21:00:00,11,405,31
2024-05-02 22:00:00,2,296,17
2024-05-02 23:00:00,4,194,3
2024-05-03 00:00:00,9,121,4
2024-05-03 01:00:00,0,66,0
2024-05-03 02:00:00,1,81,0
2024-05-03 03:00:00,2,73,5
2024-05-03 04:00:00,2,171,10
2024-05-03 05:00:00,26,417,18
2024-05-03 06:00:00,27,806,47
2024-05-03 07:00:00,90,888,52
2024-05-03 08:00:00,110,711,22
2024-05-03 09:00:00,65,623,18
2024-05-03 10:00:00,119,686,28
2024-05-03 11:00:00,106,738,24
2024-05-03 12:00:00,110,759,25
2024-05-03 13:00:00,132,795,25
2024-05-03 14:00:00,151,822,36
2024-05-03 15:00:00,191,871,55
2024-05-03 16:00:00,207,1000,67
2024-05-03 17:00:00,173,937,35
2024-05-03 18:00:00,205,787,29
2024-05-03 19:00:00,88,653,36
2024-05-03 20:00:00,26,521,30
2024-05-03 21:00:00,21,544,21
2024-05-03 22:00:00,11,505,11
2024-05-03 23:00:00,4,366,15
2024-05-04 00:00:00,2,277,11
2024-05-04 01:00:00,0,221,7
2024-05-04 02:00:00,0,186,5
2024-05-04 03:00:00,6,134,6
2024-05-04 04:00:00,7,129,2
2024-05-04 05:00:00,9,186,9
2024-05-04 06:00:00,10,280,7
2024-05-04 07:00:00,66,464,12
2024-05-04 08:00:00,61,654,22
2024-05-04 09:00:00,111,785,21
2024-05-04 10:00:00,114,874,32
2024-05-04 11:00:00,171,942,27
2024-05-04 12:00:00,203,845,38
2024-05-04 13:00:00,138,796,28
2024-05-04 14:00:00,165,812,41
2024-05-04 15:00:00,137,780,39
2024-05-04 16:00:00,119,764,19
2024-05-04 17:00:00,133,795,19
2024-05-04 18:00:00,164,709,23
2024-05-04 19:00:00,75,599,25
2024-05-04 20:00:00,50,548,19
2024-05-04 21:00:00,20,592,19
2024-05-04 22:00:00,12,590,20
2024-05-04 23:00:00,9,545,7
2024-05-05 00:00:00,2,432,10
2024-05-05 01:00:00,3,372,5
2024-05-05 02:00:00,0,261,1
2024-05-05 03:00:00,1,188,2
2024-05-05 04:00:00,3,123,2
2024-05-05 05:00:00,9,165,8
2024-05-05 06:00:00,6,191,11
2024-05-05 07:00:00,13,316,13
2024-05-05 08:00:00,41,510,21
2024-05-05 09:00:00,77,682,20
2024-05-05 10:00:00,111,745,27
2024-05-05 11:00:00,152,867,24
2024-05-05 12:00:00,205,800,20
2024-05-05 13:00:00,129,798,21
2024-05-05 14:00:00,98,752,17
2024-05-05 15:00:00,66,710,13
2024-05-05 16:00:00,48,644,21
2024-05-05 17:00:00,56,604,17
2024-05-05 18:00:00,51,634,18
2024-05-05 19:00:00,30,543,7
2024-05-05 20:00:00,10,441,21
2024-05-05 21:00:00,22,411,12
2024-05-05 22:00:00,32,386,11
2024-05-05 23:00:00,3,339,8
2024-05-06 00:00:00,11,251,6
2024-05-06 01:00:00,2,148,9
2024-05-06 02:00:00,5,116,5
2024-05-06 03:00:00,9,126,4
2024-05-06 04:00:00,3,107,4
2024-05-06 05:00:00,8,163,10
2024-05-06 06:00:00,8,253,10
2024-05-06 07:00:00,27,242,10
2024-05-06 08:00:00,52,474,10
2024-05-06 09:00:00,91,584,16
2024-05-06 10:00:00,132,720,23
2024-05-06 11:00:00,145,759,40
2024-05-06 12:00:00,135,782,31
2024-05-06 13:00:00,130,751,28
2024-05-06 14:00:00,158,792,25
2024-05-06 15:00:00,145,740,22
2024-05-06 16:00:00,86,713,14
2024-05-06 17:00:00,82,699,8
2024-05-06 18:00:00,51,581,11
2024-05-06 19:00:00,11,465,14
2024-05-06 20:00:00,10,362,11
2024-05-06 21:00:00,5,279,11
2024-05-06 22:00:00,0,223,5
2024-05-06 23:00:00,1,133,5
2024-05-07 00:00:00,0,77,3
2024-05-07 01:00:00,0,66,2
2024-05-07 02:00:00,0,45,1
2024-05-07 03:00:00,0,64,0
2024-05-07 04:00:00,2,193,11
2024-05-07 05:00:00,17,429,21
2024-05-07 06:00:00,44,865,63
2024-05-07 07:00:00,93,813,78
2024-05-07 08:00:00,56,724,34
2024-05-07 09:00:00,57,617,18
2024-05-07 10:00:00,70,618,27
2024-05-07 11:00:00,109,664,33
2024-05-07 12:00:00,112,725,20
2024-05-07 13:00:00,92,752,33
2024-05-07 14:00:00,161,789,46
2024-05-07 15:00:00,163,932,56
2024-05-07 16:00:00,196,884,108
2024-05-07 17:00:00,154,843,77
2024-05-07 18:00:00,141,715,48
2024-05-07 19:00:00,94,604,54
2024-05-07 20:00:00,52,425,31
2024-05-07 21:00:00,18,486,26
2024-05-07 22:00:00,3,250,12
2024-05-07 23:00:00,1,145,14
2024-05-08 00:00:00,1,95,4
2024-05-08 01:00:00,0,67,1
2024-05-08 02:00:00,2,56,2
2024-05-08 03:00:00,0,60,4
2024-05-08 04:00:00,8,181,11
2024-05-08 05:00:00,8,406,26
2024-05-08 06:00:00,58,844,63
2024-05-08 07:00:00,88,897,80
2024-05-08 08:00:00,62,789,48
2024-05-08 09:00:00,68,626,23
2024-05-08 10:00:00,90,668,16
2024-05-08 11:00:00,105,687,25
2024-05-08 12:00:00,101,636,29
2024-05-08 13:00:00,109,707,43
2024-05-08 14:00:00,132,838,45
2024-05-08 15:00:00,137,906,72
2024-05-08 16:00:00,158,981,88
2024-05-08 17:00:00,199,964,78
2024-05-08 18:00:00,133,751,61
2024-05-08 19:00:00,81,523,31
2024-05-08 20:00:00,46,499,29
2024-05-08 21:00:00,7,468,20
2024-05-08 22:00:00,4,213,9
2024-05-08 23:00:00,2,174,6
2024-05-09 00:00:00,0,112,0
2024-05-09 01:00:00,1,60,2
2024-05-09 02:00:00,1,65,2
2024-05-09 03:00:00,4,75,3
2024-05-09 04:00:00,6,158,15
2024-05-09 05:00:00,5,422,33
2024-05-09 06:00:00,45,779,66
2024-05-09 07:00:00,96,853,67
2024-05-09 08:00:00,65,654,55
2024-05-09 09:00:00,58,589,19
2024-05-09 10:00:00,99,638,29
2024-05-09 11:00:00,86,701,23
2024-05-09 12:00:00,99,679,38
2024-05-09 13:00:00,122,756,26
2024-05-09 14:00:00,207,874,49
2024-05-09 15:00:00,205,992,93
2024-05-09 16:00:00,251,1004,120
2024-05-09 17:00:00,237,964,76
2024-05-09 18:00:00,232,813,53
2024-05-09 19:00:00,124,623,50
2024-05-09 20:00:00,101,573,55
2024-05-09 21:00:00,56,444,30
2024-05-09 22:00:00,21,332,18
2024-05-09 23:00:00,8,208,14
2024-05-10 00:00:00,9,108,9
2024-05-10 01:00:00,6,92,4
2024-05-10 02:00:00,5,73,1
2024-05-10 03:00:00,6,84,8
2024-05-10 04:00:00,11,161,13
2024-05-10 05:00:00,18,365,28
2024-05-10 06:00:00,58,800,57
2024-05-10 07:00:00,107,852,77
2024-05-10 08:00:00,101,667,42
2024-05-10 09:00:00,118,653,17
2024-05-10 10:00:00,140,696,31
2024-05-10 11:00:00,157,715,45
2024-05-10 12:00:00,213,714,39
2024-05-10 13:00:00,166,837,45
2024-05-10 14:00:00,198,908,47
2024-05-10 15:00:00,211,975,76
2024-05-10 16:00:00,297,1011,101
2024-05-10 17:00:00,225,946,51
2024-05-10 18:00:00,208,794,62
2024-05-10 19:00:00,156,646,46
2024-05-10 20:00:00,136,567,45
2024-05-10 21:00:00,86,561,41
2024-05-10 22:00:00,41,504,34
2024-05-10 23:00:00,37,386,19
2024-05-11 00:00:00,21,271,7
2024-05-11 01:00:00,11,215,4
2024-05-11 02:00:00,4,185,6
2024-05-11 03:00:00,6,116,3
2024-05-11 04:00:00,9,118,2
2024-05-11 05:00:00,11,180,10
2024-05-11 06:00:00,24,280,16
2024-05-11 07:00:00,61,449,21
2024-05-11 08:00:00,146,666,36
2024-05-11 09:00:00,173,726,34
2024-05-11 10:00:00,224,775,48
2024-05-11 11:00:00,213,892,32
2024-05-11 12:00:00,191,815,43
2024-05-11 13:00:00,244,848,20
2024-05-11 14:00:00,211,767,30
2024-05-11 15:00:00,193,727,44
2024-05-11 16:00:00,191,780,35
2024-05-11 17:00:00,180,768,36
2024-05-11 18:00:00,157,690,39
2024-05-11 19:00:00,154,580,43
2024-05-11 20:00:00,92,559,23
2024-05-11 21:00:00,85,603,33
2024-05-11 22:00:00,73,569,24
2024-05-11 23:00:00,29,547,12
2024-05-12 00:00:00,25,403,6
2024-05-12 01:00:00,14,301,6
2024-05-12 02:00:00,9,239,6
2024-05-12 03:00:00,5,139,2
2024-05-12 04:00:00,9,143,4
2024-05-12 05:00:00,12,156,7
2024-05-12 06:00:00,14,189,11
2024-05-12 07:00:00,31,303,13
2024-05-12 08:00:00,48,501,19
2024-05-12 09:00:00,171,627,29
2024-05-12 10:00:00,221,733,40
2024-05-12 11:00:00,209,841,34
2024-05-12 12:00:00,242,842,34
2024-05-12 13:00:00,276,787,37
2024-05-12 14:00:00,188,729,32
2024-05-12 15:00:00,143,765,30
2024-05-12 16:00:00,113,667,28
2024-05-12 17:00:00,147,616,42
2024-05-12 18:00:00,144,593,36
2024-05-12 19:00:00,50,514,24
2024-05-12 20:00:00,31,396,24
2024-05-12 21:00:00,16,312,18
2024-05-12 22:00:00,18,217,14
2024-05-12 23:00:00,12,133,4
2024-05-13 00:00:00,6,90,1
2024-05-13 01:00:00,4,47,4
2024-05-13 02:00:00,1,68,1
2024-05-13 03:00:00,5,86,3
2024-05-13 04:00:00,5,152,13
2024-05-13 05:00:00,19,393,31
2024-05-13 06:00:00,56,824,60
2024-05-13 07:00:00,110,880,70
2024-05-13 08:00:00,109,655,29
2024-05-13 09:00:00,81,633,21
2024-05-13 10:00:00,95,616,19
2024-05-13 11:00:00,122,670,17
2024-05-13 12:00:00,130,676,12
2024-05-13 13:00:00,154,753,21
2024-05-13 14:00:00,109,750,34
2024-05-13 15:00:00,130,877,53
2024-05-13 16:00:00,165,953,92
2024-05-13 17:00:00,137,841,54
2024-05-13 18:00:00,102,626,20
2024-05-13 19:00:00,56,497,11
2024-05-13 20:00:00,30,402,15
2024-05-13 21:00:00,17,336,13
2024-05-13 22:00:00,6,170,5
2024-05-13 23:00:00,2,117,6
2024-05-14 00:00:00,0,65,2
2024-05-14 01:00:00,2,47,1
2024-05-14 02:00:00,3,67,2
2024-05-14 03:00:00,1,86,1
2024-05-14 04:00:00,10,166,13
2024-05-14 05:00:00,26,450,36
2024-05-14 06:00:00,74,855,72
2024-05-14 07:00:00,109,855,79
2024-05-14 08:00:00,91,689,35
2024-05-14 09:00:00,74,606,21
2024-05-14 10:00:00,97,654,15
2024-05-14 11:00:00,92,643,23
2024-05-14 12:00:00,142,666,31
2024-05-14 13:00:00,102,717,25
2024-05-14 14:00:00,162,850,27
2024-05-14 15:00:00,162,934,56
2024-05-14 16:00:00,219,1013,90
2024-05-14 17:00:00,226,927,59
2024-05-14 18:00:00,174,672,35
2024-05-14 19:00:00,126,581,35
2024-05-14 20:00:00,81,460,30
2024-05-14 21:00:00,43,414,32
2024-05-14 22:00:00,19,229,15
2024-05-14 23:00:00,4,129,10
2024-05-15 00:00:00,4,59,2
2024-05-15 01:00:00,4,55,6
2024-05-15 02:00:00,2,62,2
2024-05-15 03:00:00,7,69,4
2024-05-15 04:00:00,7,169,9
2024-05-15 05:00:00,28,411,33
2024-05-15 06:00:00,58,886,71
2024-05-15 07:00:00,114,870,89
2024-05-15 08:00:00,78,714,49
2024-05-15 09:00:00,63,661,21
2024-05-15 10:00:00,137,601,25
2024-05-15 11:00:00,165,660,38
2024-05-15 12:00:00,129,681,30
2024-05-15 13:00:00,140,741,33
2024-05-15 14:00:00,136,860,43
2024-05-15 15:00:00,173,942,70
2024-05-15 16:00:00,176,1005,108
2024-05-15 17:00:00,230,950,64
2024-05-15 18:00:00,154,735,54
2024-05-15 19:00:00,128,556,34
2024-05-15 20:00:00,91,455,23
2024-05-15 21:00:00,42,411,18
2024-05-15 22:00:00,24,240,19
2024-05-15 23:00:00,10,166,12
2024-05-16 00:00:00,2,90,3
2024-05-16 01:00:00,0,66,1
2024-05-16 02:00:00,3,61,1
2024-05-16 03:00:00,1,71,4
2024-05-16 04:00:00,7,165,16
2024-05-16 05:00:00,29,422,29
2024-05-16 06:00:00,68,870,67
2024-05-16 07:00:00,132,822,92
2024-05-16 08:00:00,122,626,33
2024-05-16 09:00:00,87,575,27
2024-05-16 10:00:00,79,630,24
2024-05-16 11:00:00,126,664,30
2024-05-16 12:00:00,151,702,22
2024-05-16 13:00:00,158,752,23
2024-05-16 14:00:00,156,856,35
2024-05-16 15:00:00,187,915,70
2024-05-16 16:00:00,235,984,83
2024-05-16 17:00:00,212,883,46
2024-05-16 18:00:00,152,705,57
2024-05-16 19:00:00,143,559,31
2024-05-16 20:00:00,74,538,30
2024-05-16 21:00:00,39,492,22
2024-05-16 22:00:00,18,297,12
2024-05-16 23:00:00,12,192,11
2024-05-17 00:00:00,2,122,7
2024-05-17 01:00:00,8,83,9
2024-05-17 02:00:00,12,48,4
2024-05-17 03:00:00,7,73,7
2024-05-17 04:00:00,13,159,13
2024-05-17 05:00:00,25,369,26
2024-05-17 06:00:00,67,759,58
2024-05-17 07:00:00,151,841,64
2024-05-17 08:00:00,119,691,48
2024-05-17 09:00:00,129,638,22
2024-05-17 10:00:00,154,634,34
2024-05-17 11:00:00,181,691,31
2024-05-17 12:00:00,153,703,35
2024-05-17 13:00:00,176,824,27
2024-05-17 14:00:00,153,859,49
2024-05-17 15:00:00,198,933,68
2024-05-17 16:00:00,267,945,75
2024-05-17 17:00:00,235,881,71
2024-05-17 18:00:00,207,776,48
2024-05-17 19:00:00,187,579,38
2024-05-17 20:00:00,126,563,32
2024-05-17 21:00:00,75,532,32
2024-05-17 22:00:00,36,427,24
2024-05-17 23:00:00,18,364,17
2024-05-18 00:00:00,11,257,7
2024-05-18 01:00:00,3,214,6
2024-05-18 02:00:00,3,157,11
2024-05-18 03:00:00,9,112,5
2024-05-18 04:00:00,4,119,3
2024-05-18 05:00:00,12,170,9
2024-05-18 06:00:00,14,290,14
2024-05-18 07:00:00,71,457,19
2024-05-18 08:00:00,86,609,31
2024-05-18 09:00:00,207,714,35
2024-05-18 10:00:00,176,812,27
2024-05-18 11:00:00,183,878,30
2024-05-18 12:00:00,179,870,32
2024-05-18 13:00:00,211,842,36
2024-05-18 14:00:00,179,811,44
2024-05-18 15:00:00,219,787,40
2024-05-18 16:00:00,171,806,29
2024-05-18 17:00:00,168,808,33
2024-05-18 18:00:00,174,661,36
2024-05-18 19:00:00,167,627,16
2024-05-18 20:00:00,86,516,37
2024-05-18 21:00:00,84,545,17
2024-05-18 22:00:00,38,481,17
2024-05-18 23:00:00,26,401,14
2024-05-19 00:00:00,13,427,13
2024-05-19 01:00:00,11,321,4
2024-05-19 02:00:00,8,169,7
2024-05-19 03:00:00,5,151,6
2024-05-19 04:00:00,3,110,3
2024-05-19 05:00:00,6,176,7
2024-05-19 06:00:00,15,218,7
2024-05-19 07:00:00,44,403,17
2024-05-19 08:00:00,48,552,37
2024-05-19 09:00:00,142,692,36
2024-05-19 10:00:00,177,701,29
2024-05-19 11:00:00,255,845,38
2024-05-19 12:00:00,240,844,47
2024-05-19 13:00:00,222,854,53
2024-05-19 14:00:00,244,735,26
2024-05-19 15:00:00,157,823,53
2024-05-19 16:00:00,170,781,39
2024-05-19 17:00:00,149,678,41
2024-05-19 18:00:00,186,650,19
2024-05-19 19:00:00,90,518,27
2024-05-19 20:00:00,67,447,22
2024-05-19 21:00:00,38,346,19
2024-05-19 22:00:00,14,260,13
2024-05-19 23:00:00,7,151,7
2024-05-20 00:00:00,6,91,3
2024-05-20 01:00:00,3,59,2
2024-05-20 02:00:00,2,56,3
2024-05-20 03:00:00,7,76,5
2024-05-20 04:00:00,9,133,15
2024-05-20 05:00:00,18,382,26
2024-05-20 06:00:00,78,832,58
2024-05-20 07:00:00,111,893,101
2024-05-20 08:00:00,107,623,31
2024-05-20 09:00:00,109,585,20
2024-05-20 10:00:00,82,560,24
2024-05-20 11:00:00,142,617,38
2024-05-20 12:00:00,119,657,29
2024-05-20 13:00:00,126,711,35
2024-05-20 14:00:00,136,844,39
2024-05-20 15:00:00,182,954,57
2024-05-20 16:00:00,223,962,99
2024-05-20 17:00:00,244,826,64
2024-05-20 18:00:00,151,626,42
2024-05-20 19:00:00,158,598,38
2024-05-20 20:00:00,76,456,26
2024-05-20 21:00:00,29,345,16
2024-05-20 22:00:00,14,224,10
2024-05-20 23:00:00,2,125,7
2024-05-21 00:00:00,1,84,4
2024-05-21 01:00:00,1,46,6
2024-05-21 02:00:00,1,53,3
2024-05-21 03:00:00,5,82,3
2024-05-21 04:00:00,5,144,12
2024-05-21 05:00:00,16,410,40
2024-05-21 06:00:00,64,866,75
2024-05-21 07:00:00,133,821,102
2024-05-21 08:00:00,106,682,44
2024-05-21 09:00:00,92,598,19
2024-05-21 10:00:00,81,517,24
2024-05-21 11:00:00,114,620,31
2024-05-21 12:00:00,149,659,25
2024-05-21 13:00:00,152,707,35
2024-05-21 14:00:00,138,829,32
2024-05-21 15:00:00,156,951,74
2024-05-21 16:00:00,208,946,105
2024-05-21 17:00:00,179,852,58
2024-05-21 18:00:00,143,668,36
2024-05-21 19:00:00,78,574,22
2024-05-21 20:00:00,74,475,18
2024-05-21 21:00:00,20,361,23
2024-05-21 22:00:00,15,262,10
2024-05-21 23:00:00,3,138,1
2024-05-22 00:00:00,0,75,5
2024-05-22 01:00:00,0,52,2
2024-05-22 02:00:00,2,53,1
2024-05-22 03:00:00,0,60,3
2024-05-22 04:00:00,5,164,6
2024-05-22 05:00:00,16,431,30
2024-05-22 06:00:00,64,843,61
2024-05-22 07:00:00,96,827,65
2024-05-22 08:00:00,53,719,32
2024-05-22 09:00:00,94,582,11
2024-05-22 10:00:00,101,627,10
2024-05-22 11:00:00,127,697,19
2024-05-22 12:00:00,128,652,16
2024-05-22 13:00:00,116,724,22
2024-05-22 14:00:00,115,788,32
2024-05-22 15:00:00,152,973,52
2024-05-22 16:00:00,217,1013,75
2024-05-22 17:00:00,202,879,52
2024-05-22 18:00:00,147,702,35
2024-05-22 19:00:00,103,546,30
2024-05-22 20:00:00,71,506,21
2024-05-22 21:00:00,57,422,19
2024-05-22 22:00:00,19,249,13
2024-05-22 23:00:00,4,153,11
2024-05-23 00:00:00,4,91,11
2024-05-23 01:00:00,7,75,7
2024-05-23 02:00:00,4,59,3
2024-05-23 03:00:00,9,86,5
2024-05-23 04:00:00,6,169,12
2024-05-23 05:00:00,18,419,33
2024-05-23 06:00:00,54,887,66
2024-05-23 07:00:00,121,868,83
2024-05-23 08:00:00,123,672,37
2024-05-23 09:00:00,111,646,24
2024-05-23 10:00:00,103,673,13
2024-05-23 11:00:00,140,672,35
2024-05-23 12:00:00,121,704,28
2024-05-23 13:00:00,142,730,32
2024-05-23 14:00:00,145,817,39
2024-05-23 15:00:00,169,911,66
2024-05-23 16:00:00,224,945,92
2024-05-23 17:00:00,215,893,57
2024-05-23 18:00:00,173,765,56
2024-05-23 19:00:00,79,558,36
2024-05-23 20:00:00,62,518,37
2024-05-23 21:00:00,59,482,19
2024-05-23 22:00:00,22,286,27
2024-05-23 23:00:00,9,154,11
2024-05-24 00:00:00,3,102,9
2024-05-24 01:00:00,9,93,4
2024-05-24 02:00:00,2,70,6
2024-05-24 03:00:00,4,72,8
2024-05-24 04:00:00,7,164,13
2024-05-24 05:00:00,20,380,23
2024-05-24 06:00:00,47,728,51
2024-05-24 07:00:00,94,810,60
2024-05-24 08:00:00,107,680,26
2024-05-24 09:00:00,118,660,21
2024-05-24 10:00:00,100,667,24
2024-05-24 11:00:00,191,714,35
2024-05-24 12:00:00,153,723,35
2024-05-24 13:00:00,135,818,42
2024-05-24 14:00:00,203,844,40
2024-05-24 15:00:00,162,957,56
2024-05-24 16:00:00,224,954,74
2024-05-24 17:00:00,208,877,46
2024-05-24 18:00:00,242,750,52
2024-05-24 19:00:00,174,598,39
2024-05-24 20:00:00,83,574,27
2024-05-24 21:00:00,75,481,34
2024-05-24 22:00:00,79,438,17
2024-05-24 23:00:00,18,385,14
2024-05-25 00:00:00,10,253,6
2024-05-25 01:00:00,5,167,5
2024-05-25 02:00:00,2,133,3
2024-05-25 03:00:00,12,102,3
2024-05-25 04:00:00,7,105,2
2024-05-25 05:00:00,13,180,5
2024-05-25 06:00:00,17,285,19
2024-05-25 07:00:00,82,281,21
2024-05-25 08:00:00,139,355,26
2024-05-25 09:00:00,194,291,22
2024-05-25 10:00:00,220,373,17
2024-05-25 11:00:00,319,177,34
2024-05-25 12:00:00,249,298,28
2024-05-25 13:00:00,243,364,38
2024-05-25 14:00:00,176,356,25
2024-05-25 15:00:00,175,304,25
2024-05-25 16:00:00,176,354,29
2024-05-25 17:00:00,155,386,23
2024-05-25 18:00:00,157,383,27
2024-05-25 19:00:00,104,423,16
2024-05-25 20:00:00,102,457,21
2024-05-25 21:00:00,46,446,18
2024-05-25 22:00:00,34,494,15
2024-05-25 23:00:00,7,434,20
2024-05-26 00:00:00,8,385,28
2024-05-26 01:00:00,3,265,10
2024-05-26 02:00:00,8,196,8
2024-05-26 03:00:00,11,133,7
2024-05-26 04:00:00,6,93,2
2024-05-26 05:00:00,12,116,8
2024-05-26 06:00:00,15,171,11
2024-05-26 07:00:00,38,236,7
2024-05-26 08:00:00,38,360,21
2024-05-26 09:00:00,166,372,13
2024-05-26 10:00:00,140,329,20
2024-05-26 11:00:00,212,367,22
2024-05-26 12:00:00,95,368,7
2024-05-26 13:00:00,227,348,20
2024-05-26 14:00:00,172,334,19
2024-05-26 15:00:00,143,407,21
2024-05-26 16:00:00,139,459,15
2024-05-26 17:00:00,145,385,37
2024-05-26 18:00:00,103,439,23
2024-05-26 19:00:00,116,395,17
2024-05-26 20:00:00,59,400,13
2024-05-26 21:00:00,29,390,12
2024-05-26 22:00:00,36,327,16
2024-05-26 23:00:00,14,302,5
2024-05-27 00:00:00,18,235,1
2024-05-27 01:00:00,5,139,11
2024-05-27 02:00:00,4,110,3
2024-05-27 03:00:00,4,86,3
2024-05-27 04:00:00,10,80,5
2024-05-27 05:00:00,19,154,8
2024-05-27 06:00:00,16,183,18
2024-05-27 07:00:00,37,230,16
2024-05-27 08:00:00,81,284,20
2024-05-27 09:00:00,157,375,21
2024-05-27 10:00:00,162,372,22
2024-05-27 11:00:00,141,457,28
2024-05-27 12:00:00,159,444,18
2024-05-27 13:00:00,153,448,32
2024-05-27 14:00:00,226,451,26
2024-05-27 15:00:00,142,491,37
2024-05-27 16:00:00,153,466,39
2024-05-27 17:00:00,157,474,32
2024-05-27 18:00:00,155,493,23
2024-05-27 19:00:00,133,417,12
2024-05-27 20:00:00,66,311,21
2024-05-27 21:00:00,24,350,10
2024-05-27 22:00:00,20,232,12
2024-05-27 23:00:00,20,133,5
2024-05-28 00:00:00,6,89,4
2024-05-28 01:00:00,10,70,5
2024-05-28 02:00:00,6,57,1
2024-05-28 03:00:00,4,70,3
2024-05-28 04:00:00,6,148,13
2024-05-28 05:00:00,15,302,22
2024-05-28 06:00:00,40,486,34
2024-05-28 07:00:00,81,384,58
2024-05-28 08:00:00,84,363,19
2024-05-28 09:00:00,75,343,9
2024-05-28 10:00:00,130,353,15
2024-05-28 11:00:00,135,292,15
2024-05-28 12:00:00,158,382,27
2024-05-28 13:00:00,103,382,23
2024-05-28 14:00:00,123,369,20
2024-05-28 15:00:00,130,386,43
2024-05-28 16:00:00,166,426,59
2024-05-28 17:00:00,166,450,33
2024-05-28 18:00:00,130,417,33
2024-05-28 19:00:00,85,432,27
2024-05-28 20:00:00,50,380,25
2024-05-28 21:00:00,36,367,16
2024-05-28 22:00:00,29,225,18
2024-05-28 23:00:00,12,144,5
2024-05-29 00:00:00,7,108,7
2024-05-29 01:00:00,3,53,4
2024-05-29 02:00:00,2,56,11
2024-05-29 03:00:00,6,56,5
2024-05-29 04:00:00,7,153,9
2024-05-29 05:00:00,26,313,30
2024-05-29 06:00:00,36,425,52
2024-05-29 07:00:00,134,386,82
2024-05-29 08:00:00,100,340,38
2024-05-29 09:00:00,121,313,23
2024-05-29 10:00:00,175,333,18
2024-05-29 11:00:00,166,343,31
2024-05-29 12:00:00,188,350,19
2024-05-29 13:00:00,146,372,37
2024-05-29 14:00:00,160,368,22
2024-05-29 15:00:00,164,389,51
2024-05-29 16:00:00,193,438,81
2024-05-29 17:00:00,207,494,51
2024-05-29 18:00:00,193,495,33
2024-05-29 19:00:00,114,460,27
2024-05-29 20:00:00,73,405,22
2024-05-29 21:00:00,39,426,25
2024-05-29 22:00:00,11,261,15
2024-05-29 23:00:00,19,156,13
2024-05-30 00:00:00,4,89,5
2024-05-30 01:00:00,1,66,3
2024-05-30 02:00:00,0,70,2
2024-05-30 03:00:00,2,67,6
2024-05-30 04:00:00,8,134,7
2024-05-30 05:00:00,26,294,27
2024-05-30 06:00:00,43,422,51
2024-05-30 07:00:00,85,380,63
2024-05-30 08:00:00,74,338,36
2024-05-30 09:00:00,90,339,12
2024-05-30 10:00:00,107,349,10
2024-05-30 11:00:00,128,317,26
2024-05-30 12:00:00,126,351,19
2024-05-30 13:00:00,138,395,17
2024-05-30 14:00:00,122,366,10
2024-05-30 15:00:00,183,422,36
2024-05-30 16:00:00,174,456,53
2024-05-30 17:00:00,169,484,43
2024-05-30 18:00:00,154,456,30
2024-05-30 19:00:00,117,430,21
2024-05-30 20:00:00,87,382,23
2024-05-30 21:00:00,46,441,18
2024-05-30 22:00:00,25,270,10
2024-05-30 23:00:00,5,186,6
2024-05-31 00:00:00,12,111,7
2024-05-31 01:00:00,7,76,5
2024-05-31 02:00:00,15,77,1
2024-05-31 03:00:00,10,61,7
2024-05-31 04:00:00,11,136,9
2024-05-31 05:00:00,28,279,21
2024-05-31 06:00:00,48,382,39
2024-05-31 07:00:00,80,382,49
2024-05-31 08:00:00,92,326,17
2024-05-31 09:00:00,127,329,15
2024-05-31 10:00:00,147,316,24
2024-05-31 11:00:00,152,335,36
2024-05-31 12:00:00,188,376,35
2024-05-31 13:00:00,148,406,27
2024-05-31 14:00:00,152,400,29
2024-05-31 15:00:00,194,413,45
2024-05-31 16:00:00,218,433,55
2024-05-31 17:00:00,208,486,44
2024-05-31 18:00:00,164,460,31
2024-05-31 19:00:00,158,438,36
2024-05-31 20:00:00,100,470,22
2024-05-31 21:00:00,72,465,22
2024-05-31 22:00:00,56,376,15
2024-05-31 23:00:00,31,326,13
2024-06-01 00:00:00,20,286,5
2024-06-01 01:00:00,6,242,8
2024-06-01 02:00:00,8,151,6
2024-06-01 03:00:00,10,110,6
2024-06-01 04:00:00,5,99,3
2024-06-01 05:00:00,11,184,9
2024-06-01 06:00:00,18,225,15
2024-06-01 07:00:00,69,310,16
2024-06-01 08:00:00,95,342,17
2024-06-01 09:00:00,172,134,19
2024-06-01 10:00:00,236,134,26
2024-06-01 11:00:00,261,214,28
2024-06-01 12:00:00,279,304,29
2024-06-01 13:00:00,238,292,28
2024-06-01 14:00:00,204,386,27
2024-06-01 15:00:00,205,368,25
2024-06-01 16:00:00,179,444,19
2024-06-01 17:00:00,190,437,26
2024-06-01 18:00:00,193,447,21
2024-06-01 19:00:00,117,398,20
2024-06-01 20:00:00,123,396,26
2024-06-01 21:00:00,80,481,19
2024-06-01 22:00:00,76,442,19
2024-06-01 23:00:00,42,392,12
2024-06-02 00:00:00,32,373,8
2024-06-02 01:00:00,18,310,4
2024-06-02 02:00:00,15,233,0
2024-06-02 03:00:00,5,151,1
2024-06-02 04:00:00,8,123,3
2024-06-02 05:00:00,9,135,9
2024-06-02 06:00:00,14,166,5
2024-06-02 07:00:00,39,235,10
2024-06-02 08:00:00,53,309,10
2024-06-02 09:00:00,146,87,23
2024-06-02 10:00:00,191,9,12
2024-06-02 11:00:00,215,14,18
2024-06-02 12:00:00,267,28,10
2024-06-02 13:00:00,336,45,22
2024-06-02 14:00:00,294,69,25
2024-06-02 15:00:00,250,77,15
2024-06-02 16:00:00,179,35,15
2024-06-02 17:00:00,113,362,30
2024-06-02 18:00:00,142,452,27
2024-06-02 19:00:00,77,431,19
2024-06-02 20:00:00,67,326,10
2024-06-02 21:00:00,34,216,13
2024-06-02 22:00:00,24,159,11
2024-06-02 23:00:00,3,111,5
2024-06-03 00:00:00,7,53,2
2024-06-03 01:00:00,3,57,0
2024-06-03 02:00:00,7,41,0
2024-06-03 03:00:00,3,64,1
2024-06-03 04:00:00,5,108,16
2024-06-03 05:00:00,22,152,23
2024-06-03 06:00:00,101,178,56
2024-06-03 07:00:00,165,397,71
2024-06-03 08:00:00,92,290,34
2024-06-03 09:00:00,91,313,21
2024-06-03 10:00:00,141,318,17
2024-06-03 11:00:00,157,316,23
2024-06-03 12:00:00,172,303,32
2024-06-03 13:00:00,146,431,17
2024-06-03 14:00:00,205,463,36
2024-06-03 15:00:00,189,496,54
2024-06-03 16:00:00,230,554,69
2024-06-03 17:00:00,209,557,49
2024-06-03 18:00:00,176,442,42
2024-06-03 19:00:00,113,345,31
2024-06-03 20:00:00,90,326,15
2024-06-03 21:00:00,35,314,12
2024-06-03 22:00:00,18,181,12
2024-06-03 23:00:00,8,114,3
2024-06-04 00:00:00,14,71,2
2024-06-04 01:00:00,4,59,1
2024-06-04 02:00:00,7,48,3
2024-06-04 03:00:00,5,49,1
2024-06-04 04:00:00,10,119,17
2024-06-04 05:00:00,32,313,25
2024-06-04 06:00:00,73,574,67
2024-06-04 07:00:00,108,551,75
2024-06-04 08:00:00,94,442,31
2024-06-04 09:00:00,88,395,15
2024-06-04 10:00:00,125,406,18
2024-06-04 11:00:00,99,433,24
2024-06-04 12:00:00,131,400,27
2024-06-04 13:00:00,141,437,26
2024-06-04 14:00:00,165,465,23
2024-06-04 15:00:00,169,569,51
2024-06-04 16:00:00,183,615,80
2024-06-04 17:00:00,197,581,50
2024-06-04 18:00:00,140,484,44
2024-06-04 19:00:00,97,444,22
2024-06-04 20:00:00,60,348,15
2024-06-04 21:00:00,20,373,19
2024-06-04 22:00:00,20,210,14
2024-06-04 23:00:00,12,114,4
2024-06-05 00:00:00,7,74,2
2024-06-05 01:00:00,0,60,1
2024-06-05 02:00:00,5,53,0
2024-06-05 03:00:00,7,64,4
2024-06-05 04:00:00,9,147,9
2024-06-05 05:00:00,25,328,28
2024-06-05 06:00:00,71,571,59
2024-06-05 07:00:00,136,533,87
2024-06-05 08:00:00,92,443,36
2024-06-05 09:00:00,106,420,13
2024-06-05 10:00:00,122,409,16
2024-06-05 11:00:00,138,379,25
2024-06-05 12:00:00,141,369,20
2024-06-05 13:00:00,121,390,23
2024-06-05 14:00:00,201,421,31
2024-06-05 15:00:00,186,491,35
2024-06-05 16:00:00,230,478,71
2024-06-05 17:00:00,231,478,47
2024-06-05 18:00:00,208,465,30
2024-06-05 19:00:00,201,276,32
2024-06-05 20:00:00,116,318,17
2024-06-05 21:00:00,47,368,14
2024-06-05 22:00:00,19,232,26
2024-06-05 23:00:00,9,132,19
2024-06-06 00:00:00,4,75,6
2024-06-06 01:00:00,6,53,5
2024-06-06 02:00:00,4,48,10
2024-06-06 03:00:00,17,69,6
2024-06-06 04:00:00,4,140,11
2024-06-06 05:00:00,16,302,26
2024-06-06 06:00:00,56,475,57
2024-06-06 07:00:00,101,420,74
2024-06-06 08:00:00,106,365,34
2024-06-06 09:00:00,111,335,18
2024-06-06 10:00:00,123,361,24
2024-06-06 11:00:00,111,379,28
2024-06-06 12:00:00,118,386,17
2024-06-06 13:00:00,150,338,22
2024-06-06 14:00:00,151,394,30
2024-06-06 15:00:00,194,452,71
2024-06-06 16:00:00,178,511,66
2024-06-06 17:00:00,171,508,80
2024-06-06 18:00:00,190,428,53
2024-06-06 19:00:00,135,440,28
2024-06-06 20:00:00,102,388,23
2024-06-06 21:00:00,47,381,12
2024-06-06 22:00:00,29,312,12
2024-06-06 23:00:00,19,170,32
2024-06-07 00:00:00,10,98,16
2024-06-07 01:00:00,9,74,15
2024-06-07 02:00:00,10,52,13
2024-06-07 03:00:00,10,68,9
2024-06-07 04:00:00,5,135,11
2024-06-07 05:00:00,13,284,26
2024-06-07 06:00:00,80,406,56
2024-06-07 07:00:00,120,420,66
2024-06-07 08:00:00,106,371,37
2024-06-07 09:00:00,127,327,18
2024-06-07 10:00:00,131,335,22
2024-06-07 11:00:00,192,350,16
2024-06-07 12:00:00,156,340,29
2024-06-07 13:00:00,140,376,34
2024-06-07 14:00:00,195,443,44
2024-06-07 15:00:00,222,406,56
2024-06-07 16:00:00,205,476,61
2024-06-07 17:00:00,269,496,42
2024-06-07 18:00:00,190,461,28
2024-06-07 19:00:00,149,438,31
2024-06-07 20:00:00,130,399,32
2024-06-07 21:00:00,92,451,22
2024-06-07 22:00:00,72,365,19
2024-06-07 23:00:00,31,359,9
2024-06-08 00:00:00,14,243,8
2024-06-08 01:00:00,15,195,4
2024-06-08 02:00:00,14,118,2
2024-06-08 03:00:00,16,55,8
2024-06-08 04:00:00,5,100,6
2024-06-08 05:00:00,8,145,9
2024-06-08 06:00:00,13,196,10
2024-06-08 07:00:00,69,342,18
2024-06-08 08:00:00,97,411,14
2024-06-08 09:00:00,175,428,15
2024-06-08 10:00:00,215,389,31
2024-06-08 11:00:00,185,383,28
2024-06-08 12:00:00,180,406,37
2024-06-08 13:00:00,213,435,39
2024-06-08 14:00:00,147,432,29
2024-06-08 15:00:00,185,417,31
2024-06-08 16:00:00,212,458,38
2024-06-08 17:00:00,165,516,22
2024-06-08 18:00:00,194,495,25
2024-06-08 19:00:00,194,469,23
2024-06-08 20:00:00,116,426,23
2024-06-08 21:00:00,87,458,16
2024-06-08 22:00:00,59,477,13
2024-06-08 23:00:00,26,453,20
2024-06-09 00:00:00,24,326,11
2024-06-09 01:00:00,26,256,8
2024-06-09 02:00:00,15,174,1
2024-06-09 03:00:00,15,155,1
2024-06-09 04:00:00,6,79,1
2024-06-09 05:00:00,5,128,6
2024-06-09 06:00:00,31,197,7
2024-06-09 07:00:00,46,270,22
2024-06-09 08:00:00,89,410,15
2024-06-09 09:00:00,156,568,29
2024-06-09 10:00:00,173,644,26
2024-06-09 11:00:00,235,746,28
2024-06-09 12:00:00,195,724,28
2024-06-09 13:00:00,302,646,27
2024-06-09 14:00:00,237,641,37
2024-06-09 15:00:00,121,720,42
2024-06-09 16:00:00,127,614,37
2024-06-09 17:00:00,128,607,27
2024-06-09 18:00:00,74,492,22
2024-06-09 19:00:00,35,441,14
2024-06-09 20:00:00,40,340,18
2024-06-09 21:00:00,16,367,21
2024-06-09 22:00:00,14,311,10
2024-06-09 23:00:00,1,158,5
2024-06-10 00:00:00,7,91,2
2024-06-10 01:00:00,1,52,4
2024-06-10 02:00:00,6,47,3
2024-06-10 03:00:00,12,62,3
2024-06-10 04:00:00,10,151,10
2024-06-10 05:00:00,12,324,30
2024-06-10 06:00:00,61,681,68
2024-06-10 07:00:00,153,683,90
2024-06-10 08:00:00,128,571,25
2024-06-10 09:00:00,90,515,23
2024-06-10 10:00:00,93,556,23
2024-06-10 11:00:00,116,568,27
2024-06-10 12:00:00,132,576,43
2024-06-10 13:00:00,132,690,24
2024-06-10 14:00:00,171,722,46
2024-06-10 15:00:00,165,762,73
2024-06-10 16:00:00,235,853,95
2024-06-10 17:00:00,167,755,74
2024-06-10 18:00:00,130,564,44
2024-06-10 19:00:00,112,524,32
2024-06-10 20:00:00,45,386,15
2024-06-10 21:00:00,38,351,27
2024-06-10 22:00:00,14,169,10
2024-06-10 23:00:00,3,119,7
2024-06-11 00:00:00,5,88,9
2024-06-11 01:00:00,0,64,3
2024-06-11 02:00:00,3,64,1
2024-06-11 03:00:00,5,64,7
2024-06-11 04:00:00,6,153,13
2024-06-11 05:00:00,17,375,32
2024-06-11 06:00:00,62,757,66
2024-06-11 07:00:00,128,755,94
2024-06-11 08:00:00,91,612,41
2024-06-11 09:00:00,96,558,17
2024-06-11 10:00:00,133,582,29
2024-06-11 11:00:00,111,602,26
2024-06-11 12:00:00,118,566,29
2024-06-11 13:00:00,132,682,30
2024-06-11 14:00:00,103,692,45
2024-06-11 15:00:00,162,846,63
2024-06-11 16:00:00,224,907,98
2024-06-11 17:00:00,158,809,77
2024-06-11 18:00:00,151,645,47
2024-06-11 19:00:00,109,490,40
2024-06-11 20:00:00,79,438,35
2024-06-11 21:00:00,28,370,36
2024-06-11 22:00:00,30,227,20
2024-06-11 23:00:00,7,130,14
2024-06-12 00:00:00,5,74,3
2024-06-12 01:00:00,1,64,3
2024-06-12 02:00:00,2,60,0
2024-06-12 03:00:00,5,62,7
2024-06-12 04:00:00,8,165,14
2024-06-12 05:00:00,20,386,34
2024-06-12 06:00:00,49,831,73
2024-06-12 07:00:00,122,814,83
2024-06-12 08:00:00,82,645,44
2024-06-12 09:00:00,108,577,38
2024-06-12 10:00:00,103,547,27
2024-06-12 11:00:00,121,620,40
2024-06-12 12:00:00,142,605,31
2024-06-12 13:00:00,165,692,34
2024-06-12 14:00:00,182,751,53
2024-06-12 15:00:00,139,880,74
2024-06-12 16:00:00,157,951,114
2024-06-12 17:00:00,191,810,81
2024-06-12 18:00:00,175,716,49
2024-06-12 19:00:00,146,548,45
2024-06-12 20:00:00,96,410,24
2024-06-12 21:00:00,50,367,30
2024-06-12 22:00:00,21,260,18
2024-06-12 23:00:00,5,151,12
2024-06-13 00:00:00,2,105,4
2024-06-13 01:00:00,2,70,6
2024-06-13 02:00:00,2,65,8
2024-06-13 03:00:00,4,82,9
2024-06-13 04:00:00,5,154,18
2024-06-13 05:00:00,16,399,34
2024-06-13 06:00:00,53,758,64
2024-06-13 07:00:00,129,815,85
2024-06-13 08:00:00,90,611,39
2024-06-13 09:00:00,86,519,21
2024-06-13 10:00:00,83,570,28
2024-06-13 11:00:00,105,617,22
2024-06-13 12:00:00,125,627,28
2024-06-13 13:00:00,106,751,22
2024-06-13 14:00:00,140,783,35
2024-06-13 15:00:00,172,869,60
2024-06-13 16:00:00,151,892,69
2024-06-13 17:00:00,219,847,52
2024-06-13 18:00:00,130,667,34
2024-06-13 19:00:00,94,576,23
2024-06-13 20:00:00,74,467,29
2024-06-13 21:00:00,46,429,18
2024-06-13 22:00:00,8,269,18
2024-06-13 23:00:00,6,184,6
2024-06-14 00:00:00,4,104,4
2024-06-14 01:00:00,1,93,1
2024-06-14 02:00:00,4,57,4
2024-06-14 03:00:00,4,73,6
2024-06-14 04:00:00,3,165,17
2024-06-14 05:00:00,22,373,19
2024-06-14 06:00:00,51,713,55
2024-06-14 07:00:00,126,723,91
2024-06-14 08:00:00,101,647,33
2024-06-14 09:00:00,109,565,18
2024-06-14 10:00:00,118,584,29
2024-06-14 11:00:00,115,709,33
2024-06-14 12:00:00,126,680,24
2024-06-14 13:00:00,167,776,33
2024-06-14 14:00:00,165,859,42
2024-06-14 15:00:00,137,948,49
2024-06-14 16:00:00,138,1014,45
2024-06-14 17:00:00,182,904,47
2024-06-14 18:00:00,206,760,38
2024-06-14 19:00:00,129,580,33
2024-06-14 20:00:00,101,478,16
2024-06-14 21:00:00,72,512,28
2024-06-14 22:00:00,50,457,23
2024-06-14 23:00:00,9,333,6
2024-06-15 00:00:00,5,261,9
2024-06-15 01:00:00,7,189,6
2024-06-15 02:00:00,4,121,2
2024-06-15 03:00:00,5,90,4
2024-06-15 04:00:00,3,92,2
2024-06-15 05:00:00,11,162,6
2024-06-15 06:00:00,11,288,14
2024-06-15 07:00:00,55,432,17
2024-06-15 08:00:00,72,574,20
2024-06-15 09:00:00,119,650,18
2024-06-15 10:00:00,210,742,25
2024-06-15 11:00:00,169,797,27
2024-06-15 12:00:00,166,846,29
2024-06-15 13:00:00,225,797,43
2024-06-15 14:00:00,217,796,20
2024-06-15 15:00:00,186,770,33
2024-06-15 16:00:00,181,774,31
2024-06-15 17:00:00,157,748,20
2024-06-15 18:00:00,109,727,22
2024-06-15 19:00:00,91,579,18
2024-06-15 20:00:00,65,486,16
2024-06-15 21:00:00,63,571,16
2024-06-15 22:00:00,42,479,18
2024-06-15 23:00:00,21,370,9
2024-06-16 00:00:00,12,286,8
2024-06-16 01:00:00,6,241,5
2024-06-16 02:00:00,3,178,2
2024-06-16 03:00:00,7,125,1
2024-06-16 04:00:00,6,103,3
2024-06-16 05:00:00,9,142,8
2024-06-16 06:00:00,17,212,10
2024-06-16 07:00:00,41,265,12
2024-06-16 08:00:00,85,463,10
2024-06-16 09:00:00,165,626,31
2024-06-16 10:00:00,168,714,23
2024-06-16 11:00:00,217,825,32
2024-06-16 12:00:00,224,787,17
2024-06-16 13:00:00,217,784,25
2024-06-16 14:00:00,192,769,25
2024-06-16 15:00:00,155,775,19
2024-06-16 16:00:00,143,709,32
2024-06-16 17:00:00,121,635,27
2024-06-16 18:00:00,126,711,36
2024-06-16 19:00:00,58,451,16
2024-06-16 20:00:00,44,326,20
2024-06-16 21:00:00,56,473,29
2024-06-16 22:00:00,20,275,18
2024-06-16 23:00:00,25,178,7
2024-06-17 00:00:00,7,118,3
2024-06-17 01:00:00,3,83,6
2024-06-17 02:00:00,2,52,3
2024-06-17 03:00:00,10,84,8
2024-06-17 04:00:00,4,153,13
2024-06-17 05:00:00,15,373,33
2024-06-17 06:00:00,38,701,68
2024-06-17 07:00:00,109,724,89
2024-06-17 08:00:00,80,584,31
2024-06-17 09:00:00,79,587,24
2024-06-17 10:00:00,88,582,19
2024-06-17 11:00:00,116,622,26
2024-06-17 12:00:00,138,615,26
2024-06-17 13:00:00,131,666,27
2024-06-17 14:00:00,143,758,36
2024-06-17 15:00:00,163,851,70
2024-06-17 16:00:00,247,919,107
2024-06-17 17:00:00,179,757,56
2024-06-17 18:00:00,163,626,39
2024-06-17 19:00:00,104,472,19
2024-06-17 20:00:00,93,399,24
2024-06-17 21:00:00,29,415,30
2024-06-17 22:00:00,19,219,12
2024-06-17 23:00:00,7,109,8
2024-06-18 00:00:00,5,95,5
2024-06-18 01:00:00,5,63,4
2024-06-18 02:00:00,3,50,5
2024-06-18 03:00:00,3,67,4
2024-06-18 04:00:00,11,145,17
2024-06-18 05:00:00,13,374,26
2024-06-18 06:00:00,63,765,72
2024-06-18 07:00:00,105,815,99
2024-06-18 08:00:00,90,578,34
2024-06-18 09:00:00,98,498,24
2024-06-18 10:00:00,99,571,21
2024-06-18 11:00:00,128,603,29
2024-06-18 12:00:00,128,671,30
2024-06-18 13:00:00,147,649,32
2024-06-18 14:00:00,158,722,51
2024-06-18 15:00:00,159,837,57
2024-06-18 16:00:00,194,975,91
2024-06-18 17:00:00,202,804,70
2024-06-18 18:00:00,179,625,74
2024-06-18 19:00:00,90,550,45
2024-06-18 20:00:00,60,465,35
2024-06-18 21:00:00,49,394,32
2024-06-18 22:00:00,21,223,14
2024-06-18 23:00:00,13,183,5
2024-06-19 00:00:00,2,89,5
2024-06-19 01:00:00,1,66,4
2024-06-19 02:00:00,2,52,5
2024-06-19 03:00:00,5,72,8
2024-06-19 04:00:00,4,177,15
2024-06-19 05:00:00,15,398,24
2024-06-19 06:00:00,54,831,66
2024-06-19 07:00:00,98,812,111
2024-06-19 08:00:00,116,619,48
2024-06-19 09:00:00,87,578,22
2024-06-19 10:00:00,122,602,26
2024-06-19 11:00:00,140,655,42
2024-06-19 12:00:00,111,657,39
2024-06-19 13:00:00,124,664,34
2024-06-19 14:00:00,167,782,49
2024-06-19 15:00:00,149,903,89
2024-06-19 16:00:00,200,1024,118
2024-06-19 17:00:00,208,863,91
2024-06-19 18:00:00,190,612,56
2024-06-19 19:00:00,105,523,41
2024-06-19 20:00:00,88,469,28
2024-06-19 21:00:00,54,392,27
2024-06-19 22:00:00,29,278,12
2024-06-19 23:00:00,9,166,14
2024-06-20 00:00:00,3,92,3
2024-06-20 01:00:00,2,65,5
2024-06-20 02:00:00,4,55,7
2024-06-20 03:00:00,9,80,3
2024-06-20 04:00:00,5,163,11
2024-06-20 05:00:00,16,392,23
2024-06-20 06:00:00,65,776,60
2024-06-20 07:00:00,151,770,106
2024-06-20 08:00:00,117,578,43
2024-06-20 09:00:00,95,595,27
2024-06-20 10:00:00,130,585,32
2024-06-20 11:00:00,149,602,30
2024-06-20 12:00:00,132,626,36
2024-06-20 13:00:00,129,730,42
2024-06-20 14:00:00,173,773,53
2024-06-20 15:00:00,208,942,89
2024-06-20 16:00:00,156,929,82
2024-06-20 17:00:00,170,745,60
2024-06-20 18:00:00,161,653,65
2024-06-20 19:00:00,96,560,36
2024-06-20 20:00:00,75,529,42
2024-06-20 21:00:00,64,570,40
2024-06-20 22:00:00,26,306,18
2024-06-20 23:00:00,7,188,10
2024-06-21 00:00:00,4,116,2
2024-06-21 01:00:00,3,98,3
2024-06-21 02:00:00,6,72,4
2024-06-21 03:00:00,4,71,7
2024-06-21 04:00:00,5,160,13
2024-06-21 05:00:00,23,353,22
2024-06-21 06:00:00,51,671,52
2024-06-21 07:00:00,104,790,73
2024-06-21 08:00:00,138,610,35
2024-06-21 09:00:00,124,536,32
2024-06-21 10:00:00,123,601,30
2024-06-21 11:00:00,167,699,23
2024-06-21 12:00:00,142,678,32
2024-06-21 13:00:00,169,762,40
2024-06-21 14:00:00,168,791,47
2024-06-21 15:00:00,214,941,66
2024-06-21 16:00:00,217,969,96
2024-06-21 17:00:00,229,866,69
2024-06-21 18:00:00,148,705,47
2024-06-21 19:00:00,149,566,28
2024-06-21 20:00:00,100,495,21
2024-06-21 21:00:00,68,538,27
2024-06-21 22:00:00,51,406,18
2024-06-21 23:00:00,24,334,11
2024-06-22 00:00:00,17,237,8
2024-06-22 01:00:00,9,203,5
2024-06-22 02:00:00,2,145,1
2024-06-22 03:00:00,5,121,6
2024-06-22 04:00:00,9,94,5
2024-06-22 05:00:00,11,181,10
2024-06-22 06:00:00,18,269,10
2024-06-22 07:00:00,54,420,19
2024-06-22 08:00:00,94,589,23
2024-06-22 09:00:00,163,690,24
2024-06-22 10:00:00,212,746,33
2024-06-22 11:00:00,200,773,31
2024-06-22 12:00:00,192,796,33
2024-06-22 13:00:00,193,823,39
2024-06-22 14:00:00,162,765,42
2024-06-22 15:00:00,203,782,41
2024-06-22 16:00:00,201,721,34
2024-06-22 17:00:00,195,691,28
2024-06-22 18:00:00,175,698,28
2024-06-22 19:00:00,105,580,27
2024-06-22 20:00:00,108,484,24
2024-06-22 21:00:00,57,567,22
2024-06-22 22:00:00,50,587,21
2024-06-22 23:00:00,26,514,17
2024-06-23 00:00:00,8,342,6
2024-06-23 01:00:00,15,263,6
2024-06-23 02:00:00,11,212,4
2024-06-23 03:00:00,5,133,2
2024-06-23 04:00:00,4,100,2
2024-06-23 05:00:00,11,172,12
2024-06-23 06:00:00,14,191,11
2024-06-23 07:00:00,22,223,12
2024-06-23 08:00:00,39,504,18
2024-06-23 09:00:00,122,628,28
2024-06-23 10:00:00,190,724,28
2024-06-23 11:00:00,226,810,40
2024-06-23 12:00:00,220,820,26
2024-06-23 13:00:00,206,784,37
2024-06-23 14:00:00,179,722,26
2024-06-23 15:00:00,119,706,38
2024-06-23 16:00:00,130,617,32
2024-06-23 17:00:00,122,597,18
2024-06-23 18:00:00,101,580,33
2024-06-23 19:00:00,72,461,18
2024-06-23 20:00:00,38,361,17
2024-06-23 21:00:00,36,364,20
2024-06-23 22:00:00,20,304,22
2024-06-23 23:00:00,13,196,5
2024-06-24 00:00:00,2,103,3
2024-06-24 01:00:00,5,66,7
2024-06-24 02:00:00,0,60,9
2024-06-24 03:00:00,13,71,6
2024-06-24 04:00:00,5,142,10
2024-06-24 05:00:00,16,354,27
2024-06-24 06:00:00,63,727,67
2024-06-24 07:00:00,124,776,78
2024-06-24 08:00:00,88,583,33
2024-06-24 09:00:00,86,580,21
2024-06-24 10:00:00,136,621,22
2024-06-24 11:00:00,116,610,34
2024-06-24 12:00:00,141,627,27
2024-06-24 13:00:00,134,625,28
2024-06-24 14:00:00,156,750,55
2024-06-24 15:00:00,160,861,66
2024-06-24 16:00:00,183,895,85
2024-06-24 17:00:00,250,814,64
2024-06-24 18:00:00,135,619,35
2024-06-24 19:00:00,83,504,31
2024-06-24 20:00:00,95,412,23
2024-06-24 21:00:00,39,361,25
2024-06-24 22:00:00,24,215,11
2024-06-24 23:00:00,5,141,5
2024-06-25 00:00:00,8,72,9
2024-06-25 01:00:00,6,75,4
2024-06-25 02:00:00,1,54,1
2024-06-25 03:00:00,6,58,8
2024-06-25 04:00:00,8,152,13
2024-06-25 05:00:00,17,378,37
2024-06-25 06:00:00,64,745,83
2024-06-25 07:00:00,137,777,81
2024-06-25 08:00:00,104,623,44
2024-06-25 09:00:00,112,573,16
2024-06-25 10:00:00,92,566,25
2024-06-25 11:00:00,123,649,36
2024-06-25 12:00:00,130,633,51
2024-06-25 13:00:00,116,714,35
2024-06-25 14:00:00,150,750,44
2024-06-25 15:00:00,175,893,71
2024-06-25 16:00:00,216,957,105
2024-06-25 17:00:00,183,793,69
2024-06-25 18:00:00,194,723,50
2024-06-25 19:00:00,133,458,38
2024-06-25 20:00:00,64,378,26
2024-06-25 21:00:00,62,517,49
2024-06-25 22:00:00,29,266,31
2024-06-25 23:00:00,8,211,15
2024-06-26 00:00:00,5,115,6
2024-06-26 01:00:00,4,67,8
2024-06-26 02:00:00,6,50,7
2024-06-26 03:00:00,7,86,6
2024-06-26 04:00:00,7,171,16
2024-06-26 05:00:00,17,420,21
2024-06-26 06:00:00,49,772,78
2024-06-26 07:00:00,121,745,95
2024-06-26 08:00:00,78,624,46
2024-06-26 09:00:00,113,577,18
2024-06-26 10:00:00,117,587,19
2024-06-26 11:00:00,116,645,34
2024-06-26 12:00:00,112,622,33
2024-06-26 13:00:00,152,688,30
2024-06-26 14:00:00,144,825,52
2024-06-26 15:00:00,146,913,66
2024-06-26 16:00:00,213,932,92
2024-06-26 17:00:00,176,857,71
2024-06-26 18:00:00,218,670,55
2024-06-26 19:00:00,139,496,30
2024-06-26 20:00:00,77,482,28
2024-06-26 21:00:00,46,464,30
2024-06-26 22:00:00,19,223,17
2024-06-26 23:00:00,9,148,12
2024-06-27 00:00:00,3,101,7
2024-06-27 01:00:00,0,57,6
2024-06-27 02:00:00,2,83,8
2024-06-27 03:00:00,6,71,4
2024-06-27 04:00:00,5,147,20
2024-06-27 05:00:00,22,398,37
2024-06-27 06:00:00,58,773,64
2024-06-27 07:00:00,91,790,84
2024-06-27 08:00:00,97,652,35
2024-06-27 09:00:00,121,538,18
2024-06-27 10:00:00,106,516,38
2024-06-27 11:00:00,142,587,30
2024-06-27 12:00:00,134,597,27
2024-06-27 13:00:00,141,733,40
2024-06-27 14:00:00,136,809,38
2024-06-27 15:00:00,154,886,81
2024-06-27 16:00:00,192,899,82
2024-06-27 17:00:00,206,839,60
2024-06-27 18:00:00,138,682,34
2024-06-27 19:00:00,119,599,29
2024-06-27 20:00:00,87,503,26
2024-06-27 21:00:00,43,443,22
2024-06-27 22:00:00,23,315,5
2024-06-27 23:00:00,15,159,8
2024-06-28 00:00:00,4,110,7
2024-06-28 01:00:00,4,90,5
2024-06-28 02:00:00,5,79,4
2024-06-28 03:00:00,1,83,7
2024-06-28 04:00:00,8,150,18
2024-06-28 05:00:00,24,377,25
2024-06-28 06:00:00,51,684,52
2024-06-28 07:00:00,104,721,56
2024-06-28 08:00:00,141,645,31
2024-06-28 09:00:00,116,560,23
2024-06-28 10:00:00,68,667,23
2024-06-28 11:00:00,138,695,27
2024-06-28 12:00:00,125,659,35
2024-06-28 13:00:00,167,732,34
2024-06-28 14:00:00,151,823,49
2024-06-28 15:00:00,174,947,53
2024-06-28 16:00:00,206,881,77
2024-06-28 17:00:00,196,830,55
2024-06-28 18:00:00,197,810,44
2024-06-28 19:00:00,150,642,28
2024-06-28 20:00:00,98,533,34
2024-06-28 21:00:00,81,491,23
2024-06-28 22:00:00,53,493,15
2024-06-28 23:00:00,24,378,19
2024-06-29 00:00:00,17,298,10
2024-06-29 01:00:00,3,216,6
2024-06-29 02:00:00,9,151,5
2024-06-29 03:00:00,5,129,4
2024-06-29 04:00:00,2,120,4
2024-06-29 05:00:00,24,177,11
2024-06-29 06:00:00,18,267,11
2024-06-29 07:00:00,79,414,29
2024-06-29 08:00:00,117,558,29
2024-06-29 09:00:00,140,690,33
2024-06-29 10:00:00,174,710,38
2024-06-29 11:00:00,169,764,35
2024-06-29 12:00:00,214,817,46
2024-06-29 13:00:00,197,819,45
2024-06-29 14:00:00,191,783,47
2024-06-29 15:00:00,127,768,47
2024-06-29 16:00:00,196,713,42
2024-06-29 17:00:00,213,690,18
2024-06-29 18:00:00,166,679,36
2024-06-29 19:00:00,116,515,37
2024-06-29 20:00:00,81,491,22
2024-06-29 21:00:00,61,506,18
2024-06-29 22:00:00,54,506,20
2024-06-29 23:00:00,28,376,14
2024-06-30 00:00:00,12,358,11
2024-06-30 01:00:00,12,296,2
2024-06-30 02:00:00,3,259,4
2024-06-30 03:00:00,9,151,3
2024-06-30 04:00:00,3,113,3
2024-06-30 05:00:00,18,144,8
2024-06-30 06:00:00,15,183,6
2024-06-30 07:00:00,16,292,9
2024-06-30 08:00:00,38,481,17
2024-06-30 09:00:00,132,572,23
2024-06-30 10:00:00,192,675,27
2024-06-30 11:00:00,199,799,41
2024-06-30 12:00:00,184,769,39
2024-06-30 13:00:00,164,742,40
2024-06-30 14:00:00,159,754,35
2024-06-30 15:00:00,117,748,40
2024-06-30 16:00:00,88,559,27
2024-06-30 17:00:00,76,456,30
2024-06-30 18:00:00,103,515,19
2024-06-30 19:00:00,77,533,37
2024-06-30 20:00:00,60,355,15
2024-06-30 21:00:00,26,321,19
2024-06-30 22:00:00,21,221,18
2024-06-30 23:00:00,5,138,7
2024-07-01 00:00:00,6,116,4
2024-07-01 01:00:00,2,76,4
2024-07-01 02:00:00,2,61,2
2024-07-01 03:00:00,5,72,5
2024-07-01 04:00:00,5,152,13
2024-07-01 05:00:00,22,364,33
2024-07-01 06:00:00,46,769,58
2024-07-01 07:00:00,82,799,75
2024-07-01 08:00:00,93,588,30
2024-07-01 09:00:00,87,573,19
2024-07-01 10:00:00,120,586,29
2024-07-01 11:00:00,118,621,28
2024-07-01 12:00:00,119,572,28
2024-07-01 13:00:00,116,699,33
2024-07-01 14:00:00,191,777,40
2024-07-01 15:00:00,156,833,45
2024-07-01 16:00:00,248,908,88
2024-07-01 17:00:00,185,734,67
2024-07-01 18:00:00,96,592,34
2024-07-01 19:00:00,106,489,17
2024-07-01 20:00:00,58,375,13
2024-07-01 21:00:00,23,313,24
2024-07-01 22:00:00,16,189,16
2024-07-01 23:00:00,9,129,14
2024-07-02 00:00:00,5,87,4
2024-07-02 01:00:00,0,59,3
2024-07-02 02:00:00,4,57,4
2024-07-02 03:00:00,4,56,6
2024-07-02 04:00:00,5,156,15
2024-07-02 05:00:00,15,385,31
2024-07-02 06:00:00,60,747,65
2024-07-02 07:00:00,97,751,93
2024-07-02 08:00:00,97,617,39
2024-07-02 09:00:00,99,565,16
2024-07-02 10:00:00,97,569,24
2024-07-02 11:00:00,156,605,29
2024-07-02 12:00:00,148,593,35
2024-07-02 13:00:00,111,709,29
2024-07-02 14:00:00,167,738,41
2024-07-02 15:00:00,184,925,74
2024-07-02 16:00:00,192,949,80
2024-07-02 17:00:00,206,848,68
2024-07-02 18:00:00,162,666,37
2024-07-02 19:00:00,103,524,37
2024-07-02 20:00:00,62,448,27
2024-07-02 21:00:00,29,341,29
2024-07-02 22:00:00,15,233,22
2024-07-02 23:00:00,12,136,16
2024-07-03 00:00:00,6,74,8
2024-07-03 01:00:00,2,58,3
2024-07-03 02:00:00,6,71,5
2024-07-03 03:00:00,9,66,7
2024-07-03 04:00:00,8,183,17
2024-07-03 05:00:00,26,407,33
2024-07-03 06:00:00,51,835,72
2024-07-03 07:00:00,97,805,80
2024-07-03 08:00:00,81,722,37
2024-07-03 09:00:00,92,526,16
2024-07-03 10:00:00,93,577,17
2024-07-03 11:00:00,149,607,19
2024-07-03 12:00:00,107,632,25
2024-07-03 13:00:00,89,741,34
2024-07-03 14:00:00,164,806,44
2024-07-03 15:00:00,165,881,58
2024-07-03 16:00:00,185,906,104
2024-07-03 17:00:00,193,831,48
2024-07-03 18:00:00,137,659,40
2024-07-03 19:00:00,113,559,34
2024-07-03 20:00:00,93,460,19
2024-07-03 21:00:00,38,399,19
2024-07-03 22:00:00,21,255,18
2024-07-03 23:00:00,21,146,12
2024-07-04 00:00:00,5,77,4
2024-07-04 01:00:00,3,58,7
2024-07-04 02:00:00,3,57,5
2024-07-04 03:00:00,6,88,5
2024-07-04 04:00:00,2,167,15
2024-07-04 05:00:00,14,386,28
2024-07-04 06:00:00,45,768,69
2024-07-04 07:00:00,112,753,76
2024-07-04 08:00:00,84,650,33
2024-07-04 09:00:00,110,583,17
2024-07-04 10:00:00,110,583,28
2024-07-04 11:00:00,150,574,28
2024-07-04 12:00:00,132,622,38
2024-07-04 13:00:00,134,724,35
2024-07-04 14:00:00,167,758,39
2024-07-04 15:00:00,180,959,70
2024-07-04 16:00:00,191,996,96
2024-07-04 17:00:00,194,879,80
2024-07-04 18:00:00,177,770,56
2024-07-04 19:00:00,121,608,39
2024-07-04 20:00:00,80,566,25
2024-07-04 21:00:00,40,642,28
2024-07-04 22:00:00,27,394,11
2024-07-04 23:00:00,16,242,8
2024-07-05 00:00:00,2,174,7
2024-07-05 01:00:00,5,79,4
2024-07-05 02:00:00,3,69,5
2024-07-05 03:00:00,4,103,5
2024-07-05 04:00:00,5,157,12
2024-07-05 05:00:00,18,344,15
2024-07-05 06:00:00,39,697,39
2024-07-05 07:00:00,88,734,48
2024-07-05 08:00:00,75,679,18
2024-07-05 09:00:00,88,598,12
2024-07-05 10:00:00,147,673,25
2024-07-05 11:00:00,180,632,41
2024-07-05 12:00:00,142,698,38
2024-07-05 13:00:00,172,754,36
2024-07-05 14:00:00,190,832,27
2024-07-05 15:00:00,156,884,34
2024-07-05 16:00:00,172,889,55
2024-07-05 17:00:00,199,838,32
2024-07-05 18:00:00,133,702,30
2024-07-05 19:00:00,92,504,13
2024-07-05 20:00:00,92,475,20
2024-07-05 21:00:00,36,460,11
2024-07-05 22:00:00,24,402,11
2024-07-05 23:00:00,19,312,8
2024-07-06 00:00:00,3,259,6
2024-07-06 01:00:00,2,154,7
2024-07-06 02:00:00,5,142,5
2024-07-06 03:00:00,7,88,3
2024-07-06 04:00:00,5,109,5
2024-07-06 05:00:00,7,176,2
2024-07-06 06:00:00,18,289,6
2024-07-06 07:00:00,37,446,13
2024-07-06 08:00:00,77,615,10
2024-07-06 09:00:00,93,753,11
2024-07-06 10:00:00,147,789,25
2024-07-06 11:00:00,189,816,17
2024-07-06 12:00:00,186,847,20
2024-07-06 13:00:00,190,868,16
2024-07-06 14:00:00,186,824,21
2024-07-06 15:00:00,198,846,42
2024-07-06 16:00:00,153,627,26
2024-07-06 17:00:00,117,575,24
2024-07-06 18:00:00,158,591,14
2024-07-06 19:00:00,187,654,22
2024-07-06 20:00:00,102,549,26
2024-07-06 21:00:00,92,595,25
2024-07-06 22:00:00,46,501,22
2024-07-06 23:00:00,9,459,7
2024-07-07 00:00:00,9,355,7
2024-07-07 01:00:00,8,310,5
2024-07-07 02:00:00,5,241,5
2024-07-07 03:00:00,5,201,5
2024-07-07 04:00:00,6,125,2
2024-07-07 05:00:00,9,140,10
2024-07-07 06:00:00,10,187,13
2024-07-07 07:00:00,15,291,12
2024-07-07 08:00:00,54,480,14
2024-07-07 09:00:00,130,589,9
2024-07-07 10:00:00,187,701,10
2024-07-07 11:00:00,234,782,21
2024-07-07 12:00:00,243,793,31
2024-07-07 13:00:00,238,659,26
2024-07-07 14:00:00,161,694,21
2024-07-07 15:00:00,157,798,33
2024-07-07 16:00:00,118,743,34
2024-07-07 17:00:00,103,651,25
2024-07-07 18:00:00,71,584,20
2024-07-07 19:00:00,88,490,19
2024-07-07 20:00:00,56,394,16
2024-07-07 21:00:00,34,300,6
2024-07-07 22:00:00,11,212,18
2024-07-07 23:00:00,5,118,5
2024-07-08 00:00:00,6,85,3
2024-07-08 01:00:00,5,56,3
2024-07-08 02:00:00,2,54,4
2024-07-08 03:00:00,6,66,7
2024-07-08 04:00:00,4,147,15
2024-07-08 05:00:00,21,403,26
2024-07-08 06:00:00,60,791,53
2024-07-08 07:00:00,104,775,68
2024-07-08 08:00:00,109,653,32
2024-07-08 09:00:00,105,595,28
2024-07-08 10:00:00,128,562,21
2024-07-08 11:00:00,149,602,19
2024-07-08 12:00:00,132,635,29
2024-07-08 13:00:00,120,719,28
2024-07-08 14:00:00,131,764,34
2024-07-08 15:00:00,121,812,65
2024-07-08 16:00:00,187,934,94
2024-07-08 17:00:00,163,794,48
2024-07-08 18:00:00,141,588,31
2024-07-08 19:00:00,85,507,26
2024-07-08 20:00:00,36,323,17
2024-07-08 21:00:00,12,221,15
2024-07-08 22:00:00,9,129,12
2024-07-08 23:00:00,4,76,4
2024-07-09 00:00:00,1,45,1
2024-07-09 01:00:00,0,38,1
2024-07-09 02:00:00,2,31,3
2024-07-09 03:00:00,2,66,4
2024-07-09 04:00:00,8,145,10
2024-07-09 05:00:00,35,386,23
2024-07-09 06:00:00,59,848,57
2024-07-09 07:00:00,123,785,60
2024-07-09 08:00:00,96,614,30
2024-07-09 09:00:00,81,629,15
2024-07-09 10:00:00,94,563,21
2024-07-09 11:00:00,153,582,31
2024-07-09 12:00:00,109,592,35
2024-07-09 13:00:00,87,707,33
2024-07-09 14:00:00,118,759,33
2024-07-09 15:00:00,157,821,68
2024-07-09 16:00:00,214,985,91
2024-07-09 17:00:00,228,833,62
2024-07-09 18:00:00,147,665,41
2024-07-09 19:00:00,132,482,31
2024-07-09 20:00:00,52,388,25
2024-07-09 21:00:00,44,371,24
2024-07-09 22:00:00,14,213,21
2024-07-09 23:00:00,22,149,16
2024-07-10 00:00:00,10,78,2
2024-07-10 01:00:00,5,55,7
2024-07-10 02:00:00,4,68,8
2024-07-10 03:00:00,9,71,5
2024-07-10 04:00:00,4,156,10
2024-07-10 05:00:00,18,400,29
2024-07-10 06:00:00,42,793,62
2024-07-10 07:00:00,97,841,84
2024-07-10 08:00:00,93,680,42
2024-07-10 09:00:00,89,563,13
2024-07-10 10:00:00,89,574,16
2024-07-10 11:00:00,122,603,29
2024-07-10 12:00:00,156,650,32
2024-07-10 13:00:00,142,717,28
2024-07-10 14:00:00,174,754,41
2024-07-10 15:00:00,203,854,70
2024-07-10 16:00:00,210,952,93
2024-07-10 17:00:00,210,887,70
2024-07-10 18:00:00,176,741,72
2024-07-10 19:00:00,60,378,27
2024-07-10 20:00:00,59,322,20
2024-07-10 21:00:00,80,570,51
2024-07-10 22:00:00,27,356,26
2024-07-10 23:00:00,13,202,13
2024-07-11 00:00:00,7,151,8
2024-07-11 01:00:00,3,81,5
2024-07-11 02:00:00,3,83,3
2024-07-11 03:00:00,4,98,4
2024-07-11 04:00:00,8,152,8
2024-07-11 05:00:00,21,396,20
2024-07-11 06:00:00,42,759,68
2024-07-11 07:00:00,112,752,86
2024-07-11 08:00:00,71,693,36
2024-07-11 09:00:00,90,564,29
2024-07-11 10:00:00,111,591,36
2024-07-11 11:00:00,156,576,29
2024-07-11 12:00:00,131,674,29
2024-07-11 13:00:00,161,686,42
2024-07-11 14:00:00,141,800,44
2024-07-11 15:00:00,212,907,66
2024-07-11 16:00:00,190,1016,97
2024-07-11 17:00:00,227,838,61
2024-07-11 18:00:00,147,752,50
2024-07-11 19:00:00,110,626,41
2024-07-11 20:00:00,108,498,28
2024-07-11 21:00:00,52,435,24
2024-07-11 22:00:00,19,271,12
2024-07-11 23:00:00,17,191,11
2024-07-12 00:00:00,4,129,4
2024-07-12 01:00:00,2,96,4
2024-07-12 02:00:00,3,85,3
2024-07-12 03:00:00,9,75,6
2024-07-12 04:00:00,5,143,21
2024-07-12 05:00:00,18,342,22
2024-07-12 06:00:00,54,710,46
2024-07-12 07:00:00,109,745,50
2024-07-12 08:00:00,85,612,32
2024-07-12 09:00:00,90,652,30
2024-07-12 10:00:00,110,685,25
2024-07-12 11:00:00,149,693,24
2024-07-12 12:00:00,122,714,26
2024-07-12 13:00:00,165,764,35
2024-07-12 14:00:00,159,856,46
2024-07-12 15:00:00,258,890,49
2024-07-12 16:00:00,227,959,57
2024-07-12 17:00:00,260,847,50
2024-07-12 18:00:00,229,790,38
2024-07-12 19:00:00,129,604,32
2024-07-12 20:00:00,86,473,22
2024-07-12 21:00:00,76,559,23
2024-07-12 22:00:00,44,397,24
2024-07-12 23:00:00,16,348,9
2024-07-13 00:00:00,20,237,6
2024-07-13 01:00:00,6,170,4
2024-07-13 02:00:00,3,119,5
2024-07-13 03:00:00,11,98,6
2024-07-13 04:00:00,10,84,8
2024-07-13 05:00:00,10,172,13
2024-07-13 06:00:00,19,260,9
2024-07-13 07:00:00,43,385,19
2024-07-13 08:00:00,113,560,27
2024-07-13 09:00:00,176,711,28
2024-07-13 10:00:00,171,730,33
2024-07-13 11:00:00,196,750,46
2024-07-13 12:00:00,206,801,45
2024-07-13 13:00:00,199,808,36
2024-07-13 14:00:00,173,735,31
2024-07-13 15:00:00,187,758,37
2024-07-13 16:00:00,173,747,32
2024-07-13 17:00:00,191,731,30
2024-07-13 18:00:00,144,707,31
2024-07-13 19:00:00,111,596,26
2024-07-13 20:00:00,132,517,18
2024-07-13 21:00:00,69,545,21
2024-07-13 22:00:00,56,544,21
2024-07-13 23:00:00,21,417,14
2024-07-14 00:00:00,21,381,7
2024-07-14 01:00:00,7,317,4
2024-07-14 02:00:00,7,208,10
2024-07-14 03:00:00,8,155,1
2024-07-14 04:00:00,4,96,1
2024-07-14 05:00:00,11,155,12
2024-07-14 06:00:00,16,207,5
2024-07-14 07:00:00,28,251,17
2024-07-14 08:00:00,72,459,14
2024-07-14 09:00:00,149,600,30
2024-07-14 10:00:00,196,646,29
2024-07-14 11:00:00,221,823,28
2024-07-14 12:00:00,245,763,51
2024-07-14 13:00:00,211,775,35
2024-07-14 14:00:00,243,722,36
2024-07-14 15:00:00,132,772,31
2024-07-14 16:00:00,164,747,39
2024-07-14 17:00:00,155,701,31
2024-07-14 18:00:00,122,683,34
2024-07-14 19:00:00,50,353,13
2024-07-14 20:00:00,44,202,16
2024-07-14 21:00:00,90,694,61
2024-07-14 22:00:00,43,431,25
2024-07-14 23:00:00,15,297,18
2024-07-15 00:00:00,15,204,10
2024-07-15 01:00:00,5,144,8
2024-07-15 02:00:00,4,99,0
2024-07-15 03:00:00,3,80,4
2024-07-15 04:00:00,5,136,11
2024-07-15 05:00:00,24,329,27
2024-07-15 06:00:00,56,731,46
2024-07-15 07:00:00,88,722,62
2024-07-15 08:00:00,120,640,33
2024-07-15 09:00:00,97,549,19
2024-07-15 10:00:00,100,612,18
2024-07-15 11:00:00,115,638,22
2024-07-15 12:00:00,132,644,19
2024-07-15 13:00:00,101,692,22
2024-07-15 14:00:00,141,745,28
2024-07-15 15:00:00,147,838,40
2024-07-15 16:00:00,181,929,69
2024-07-15 17:00:00,136,752,26
2024-07-15 18:00:00,91,561,24
2024-07-15 19:00:00,72,463,13
2024-07-15 20:00:00,70,390,11
2024-07-15 21:00:00,40,286,11
2024-07-15 22:00:00,13,155,8
2024-07-15 23:00:00,2,97,3
2024-07-16 00:00:00,3,64,3
2024-07-16 01:00:00,5,47,4
2024-07-16 02:00:00,2,56,0
2024-07-16 03:00:00,5,73,5
2024-07-16 04:00:00,3,142,12
2024-07-16 05:00:00,22,412,27
2024-07-16 06:00:00,41,850,60
2024-07-16 07:00:00,91,819,84
2024-07-16 08:00:00,76,607,44
2024-07-16 09:00:00,66,591,23
2024-07-16 10:00:00,109,551,22
2024-07-16 11:00:00,148,573,30
2024-07-16 12:00:00,128,696,27
2024-07-16 13:00:00,118,652,30
2024-07-16 14:00:00,161,743,38
2024-07-16 15:00:00,129,874,56
2024-07-16 16:00:00,186,926,92
2024-07-16 17:00:00,208,843,55
2024-07-16 18:00:00,152,593,41
2024-07-16 19:00:00,94,530,29
2024-07-16 20:00:00,70,420,23
2024-07-16 21:00:00,36,345,22
2024-07-16 22:00:00,30,203,10
2024-07-16 23:00:00,6,154,7
2024-07-17 00:00:00,5,102,5
2024-07-17 01:00:00,2,66,9
2024-07-17 02:00:00,1,52,5
2024-07-17 03:00:00,3,64,5
2024-07-17 04:00:00,8,155,12
2024-07-17 05:00:00,14,409,29
2024-07-17 06:00:00,51,793,62
2024-07-17 07:00:00,137,791,104
2024-07-17 08:00:00,82,629,54
2024-07-17 09:00:00,89,560,26
2024-07-17 10:00:00,78,571,24
2024-07-17 11:00:00,117,610,31
2024-07-17 12:00:00,119,607,27
2024-07-17 13:00:00,116,696,33
2024-07-17 14:00:00,148,798,39
2024-07-17 15:00:00,180,897,57
2024-07-17 16:00:00,190,960,102
2024-07-17 17:00:00,195,891,73
2024-07-17 18:00:00,157,738,66
2024-07-17 19:00:00,136,548,36
2024-07-17 20:00:00,84,444,25
2024-07-17 21:00:00,46,399,37
2024-07-17 22:00:00,23,257,17
2024-07-17 23:00:00,5,154,9
2024-07-18 00:00:00,5,77,16
2024-07-18 01:00:00,4,71,5
2024-07-18 02:00:00,3,57,3
2024-07-18 03:00:00,1,77,4
2024-07-18 04:00:00,6,165,12
2024-07-18 05:00:00,27,356,29
2024-07-18 06:00:00,49,773,44
2024-07-18 07:00:00,136,809,75
2024-07-18 08:00:00,96,640,45
2024-07-18 09:00:00,72,600,25
2024-07-18 10:00:00,125,632,32
2024-07-18 11:00:00,136,612,43
2024-07-18 12:00:00,98,627,23
2024-07-18 13:00:00,131,657,48
2024-07-18 14:00:00,159,803,43
2024-07-18 15:00:00,168,861,52
2024-07-18 16:00:00,226,948,99
2024-07-18 17:00:00,200,880,70
2024-07-18 18:00:00,163,648,57
2024-07-18 19:00:00,161,579,32
2024-07-18 20:00:00,101,472,37
2024-07-18 21:00:00,46,459,35
2024-07-18 22:00:00,32,317,29
2024-07-18 23:00:00,16,210,6
2024-07-19 00:00:00,13,131,11
2024-07-19 01:00:00,4,80,5
2024-07-19 02:00:00,0,68,3
2024-07-19 03:00:00,2,73,8
2024-07-19 04:00:00,2,138,15
2024-07-19 05:00:00,14,353,31
2024-07-19 06:00:00,48,700,52
2024-07-19 07:00:00,110,728,73
2024-07-19 08:00:00,125,642,54
2024-07-19 09:00:00,74,618,22
2024-07-19 10:00:00,83,677,33
2024-07-19 11:00:00,120,722,45
2024-07-19 12:00:00,160,648,36
2024-07-19 13:00:00,140,799,38
2024-07-19 14:00:00,173,890,62
2024-07-19 15:00:00,227,882,58
2024-07-19 16:00:00,251,984,68
2024-07-19 17:00:00,216,866,89
2024-07-19 18:00:00,221,735,49
2024-07-19 19:00:00,198,596,33
2024-07-19 20:00:00,118,552,51
2024-07-19 21:00:00,116,569,31
2024-07-19 22:00:00,58,493,30
2024-07-19 23:00:00,21,407,12
2024-07-20 00:00:00,18,314,5
2024-07-20 01:00:00,17,203,4
2024-07-20 02:00:00,9,149,6
2024-07-20 03:00:00,4,115,6
2024-07-20 04:00:00,7,127,7
2024-07-20 05:00:00,5,169,9
2024-07-20 06:00:00,13,285,10
2024-07-20 07:00:00,69,390,17
2024-07-20 08:00:00,96,367,31
2024-07-20 09:00:00,164,345,13
2024-07-20 10:00:00,269,356,20
2024-07-20 11:00:00,236,352,19
2024-07-20 12:00:00,224,329,22
2024-07-20 13:00:00,208,357,12
2024-07-20 14:00:00,253,319,19
2024-07-20 15:00:00,233,378,16
2024-07-20 16:00:00,279,380,33
2024-07-20 17:00:00,249,394,23
2024-07-20 18:00:00,233,399,28
2024-07-20 19:00:00,246,399,23
2024-07-20 20:00:00,138,397,25
2024-07-20 21:00:00,117,440,25
2024-07-20 22:00:00,71,475,26
2024-07-20 23:00:00,52,429,13
2024-07-21 00:00:00,28,335,3
2024-07-21 01:00:00,12,270,6
2024-07-21 02:00:00,20,187,6
2024-07-21 03:00:00,9,126,4
2024-07-21 04:00:00,10,92,1
2024-07-21 05:00:00,7,133,7
2024-07-21 06:00:00,18,160,9
2024-07-21 07:00:00,49,233,24
2024-07-21 08:00:00,138,304,16
2024-07-21 09:00:00,310,360,14
2024-07-21 10:00:00,372,368,28
2024-07-21 11:00:00,421,376,38
2024-07-21 12:00:00,434,388,35
2024-07-21 13:00:00,247,406,29
2024-07-21 14:00:00,230,383,48
2024-07-21 15:00:00,161,458,44
2024-07-21 16:00:00,173,594,38
2024-07-21 17:00:00,186,590,33
2024-07-21 18:00:00,189,624,27
2024-07-21 19:00:00,76,534,25
2024-07-21 20:00:00,74,359,23
2024-07-21 21:00:00,17,320,13
2024-07-21 22:00:00,19,233,14
2024-07-21 23:00:00,12,165,8
2024-07-22 00:00:00,3,98,6
2024-07-22 01:00:00,9,72,8
2024-07-22 02:00:00,1,55,2
2024-07-22 03:00:00,6,68,9
2024-07-22 04:00:00,4,152,13
2024-07-22 05:00:00,19,349,31
2024-07-22 06:00:00,32,696,53
2024-07-22 07:00:00,87,722,70
2024-07-22 08:00:00,105,586,37
2024-07-22 09:00:00,106,515,21
2024-07-22 10:00:00,122,611,24
2024-07-22 11:00:00,143,623,25
2024-07-22 12:00:00,151,558,35
2024-07-22 13:00:00,132,623,47
2024-07-22 14:00:00,130,732,39
2024-07-22 15:00:00,170,856,72
2024-07-22 16:00:00,185,844,113
2024-07-22 17:00:00,197,842,62
2024-07-22 18:00:00,138,672,38
2024-07-22 19:00:00,120,495,23
2024-07-22 20:00:00,63,440,29
2024-07-22 21:00:00,42,334,22
2024-07-22 22:00:00,33,242,14
2024-07-22 23:00:00,5,152,11
2024-07-23 00:00:00,10,77,1
2024-07-23 01:00:00,1,59,1
2024-07-23 02:00:00,0,41,4
2024-07-23 03:00:00,6,71,3
2024-07-23 04:00:00,2,140,18
2024-07-23 05:00:00,26,418,33
2024-07-23 06:00:00,43,771,64
2024-07-23 07:00:00,85,782,84
2024-07-23 08:00:00,86,581,35
2024-07-23 09:00:00,105,549,18
2024-07-23 10:00:00,128,568,23
2024-07-23 11:00:00,155,662,28
2024-07-23 12:00:00,150,619,29
2024-07-23 13:00:00,140,704,37
2024-07-23 14:00:00,141,678,41
2024-07-23 15:00:00,178,884,55
2024-07-23 16:00:00,215,909,102
2024-07-23 17:00:00,206,791,59
2024-07-23 18:00:00,176,616,47
2024-07-23 19:00:00,136,531,33
2024-07-23 20:00:00,71,445,24
2024-07-23 21:00:00,54,337,38
2024-07-23 22:00:00,20,229,18
2024-07-23 23:00:00,7,157,7
2024-07-24 00:00:00,3,105,4
2024-07-24 01:00:00,1,81,6
2024-07-24 02:00:00,3,55,4
2024-07-24 03:00:00,2,67,4
2024-07-24 04:00:00,9,163,15
2024-07-24 05:00:00,22,360,38
2024-07-24 06:00:00,46,747,59
2024-07-24 07:00:00,83,716,94
2024-07-24 08:00:00,90,596,42
2024-07-24 09:00:00,69,591,15
2024-07-24 10:00:00,75,606,23
2024-07-24 11:00:00,136,643,40
2024-07-24 12:00:00,185,623,22
2024-07-24 13:00:00,114,635,32
2024-07-24 14:00:00,133,729,39
2024-07-24 15:00:00,144,846,62
2024-07-24 16:00:00,197,968,96
2024-07-24 17:00:00,178,851,71
2024-07-24 18:00:00,183,667,60
2024-07-24 19:00:00,96,557,31
2024-07-24 20:00:00,73,490,24
2024-07-24 21:00:00,60,386,37
2024-07-24 22:00:00,13,262,10
2024-07-24 23:00:00,13,181,7
2024-07-25 00:00:00,2,84,3
2024-07-25 01:00:00,5,75,4
2024-07-25 02:00:00,4,74,4
2024-07-25 03:00:00,5,54,5
2024-07-25 04:00:00,3,151,12
2024-07-25 05:00:00,20,367,25
2024-07-25 06:00:00,51,750,45
2024-07-25 07:00:00,89,696,68
2024-07-25 08:00:00,93,551,30
2024-07-25 09:00:00,85,587,24
2024-07-25 10:00:00,84,601,22
2024-07-25 11:00:00,108,659,29
2024-07-25 12:00:00,158,675,21
2024-07-25 13:00:00,150,643,30
2024-07-25 14:00:00,139,669,36
2024-07-25 15:00:00,152,871,64
2024-07-25 16:00:00,160,987,70
2024-07-25 17:00:00,204,849,77
2024-07-25 18:00:00,157,678,49
2024-07-25 19:00:00,132,623,30
2024-07-25 20:00:00,92,446,30
2024-07-25 21:00:00,37,443,22
2024-07-25 22:00:00,24,297,19
2024-07-25 23:00:00,6,185,9
2024-07-26 00:00:00,11,129,8
2024-07-26 01:00:00,6,83,6
2024-07-26 02:00:00,1,77,1
2024-07-26 03:00:00,6,73,5
2024-07-26 04:00:00,8,141,15
2024-07-26 05:00:00,20,349,19
2024-07-26 06:00:00,37,655,38
2024-07-26 07:00:00,93,639,57
2024-07-26 08:00:00,90,567,30
2024-07-26 09:00:00,121,613,19
2024-07-26 10:00:00,142,654,30
2024-07-26 11:00:00,200,682,39
2024-07-26 12:00:00,189,675,35
2024-07-26 13:00:00,194,757,45
2024-07-26 14:00:00,188,797,39
2024-07-26 15:00:00,167,950,53
2024-07-26 16:00:00,203,906,84
2024-07-26 17:00:00,209,874,70
2024-07-26 18:00:00,220,771,56
2024-07-26 19:00:00,160,578,34
2024-07-26 20:00:00,121,471,35
2024-07-26 21:00:00,59,502,25
2024-07-26 22:00:00,39,406,17
2024-07-26 23:00:00,18,350,14
2024-07-27 00:00:00,11,263,9
2024-07-27 01:00:00,11,221,8
2024-07-27 02:00:00,5,164,3
2024-07-27 03:00:00,10,106,2
2024-07-27 04:00:00,1,104,4
2024-07-27 05:00:00,10,175,9
2024-07-27 06:00:00,14,260,15
2024-07-27 07:00:00,73,413,16
2024-07-27 08:00:00,99,527,28
2024-07-27 09:00:00,114,645,25
2024-07-27 10:00:00,171,793,27
2024-07-27 11:00:00,181,789,32
2024-07-27 12:00:00,237,805,43
2024-07-27 13:00:00,190,849,38
2024-07-27 14:00:00,208,751,45
2024-07-27 15:00:00,191,815,38
2024-07-27 16:00:00,184,742,31
2024-07-27 17:00:00,207,747,35
2024-07-27 18:00:00,210,699,37
2024-07-27 19:00:00,134,605,23
2024-07-27 20:00:00,104,542,21
2024-07-27 21:00:00,64,573,31
2024-07-27 22:00:00,49,608,20
2024-07-27 23:00:00,33,467,12
2024-07-28 00:00:00,9,336,14
2024-07-28 01:00:00,7,286,8
2024-07-28 02:00:00,5,191,7
2024-07-28 03:00:00,8,166,2
2024-07-28 04:00:00,8,94,4
2024-07-28 05:00:00,9,154,8
2024-07-28 06:00:00,7,188,12
2024-07-28 07:00:00,19,283,6
2024-07-28 08:00:00,66,459,14
2024-07-28 09:00:00,167,559,33
2024-07-28 10:00:00,186,659,35
2024-07-28 11:00:00,218,758,29
2024-07-28 12:00:00,141,783,33
2024-07-28 13:00:00,195,702,49
2024-07-28 14:00:00,226,681,42
2024-07-28 15:00:00,180,748,26
2024-07-28 16:00:00,108,690,30
2024-07-28 17:00:00,82,629,32
2024-07-28 18:00:00,96,558,17
2024-07-28 19:00:00,85,523,20
2024-07-28 20:00:00,62,393,21
2024-07-28 21:00:00,31,324,18
2024-07-28 22:00:00,14,222,8
2024-07-28 23:00:00,11,157,11
2024-07-29 00:00:00,13,96,3
2024-07-29 01:00:00,3,66,2
2024-07-29 02:00:00,3,50,0
2024-07-29 03:00:00,5,60,5
2024-07-29 04:00:00,2,162,12
2024-07-29 05:00:00,17,332,33
2024-07-29 06:00:00,30,681,43
2024-07-29 07:00:00,67,659,61
2024-07-29 08:00:00,85,531,33
2024-07-29 09:00:00,102,522,23
2024-07-29 10:00:00,155,613,28
2024-07-29 11:00:00,140,586,33
2024-07-29 12:00:00,224,598,27
2024-07-29 13:00:00,135,744,40
2024-07-29 14:00:00,146,719,38
2024-07-29 15:00:00,148,893,41
2024-07-29 16:00:00,183,905,95
2024-07-29 17:00:00,190,808,67
2024-07-29 18:00:00,169,628,53
2024-07-29 19:00:00,118,529,36
2024-07-29 20:00:00,69,470,22
2024-07-29 21:00:00,34,359,27
2024-07-29 22:00:00,23,204,20
2024-07-29 23:00:00,7,133,10
2024-07-30 00:00:00,6,86,5
2024-07-30 01:00:00,2,53,4
2024-07-30 02:00:00,4,48,0
2024-07-30 03:00:00,5,59,9
2024-07-30 04:00:00,9,150,10
2024-07-30 05:00:00,21,356,27
2024-07-30 06:00:00,43,765,68
2024-07-30 07:00:00,110,709,69
2024-07-30 08:00:00,97,589,42
2024-07-30 09:00:00,107,606,25
2024-07-30 10:00:00,118,555,23
2024-07-30 11:00:00,144,579,43
2024-07-30 12:00:00,148,649,26
2024-07-30 13:00:00,140,663,35
2024-07-30 14:00:00,140,736,24
2024-07-30 15:00:00,126,914,65
2024-07-30 16:00:00,221,991,126
2024-07-30 17:00:00,177,867,75
2024-07-30 18:00:00,206,704,50
2024-07-30 19:00:00,111,561,47
2024-07-30 20:00:00,94,550,40
2024-07-30 21:00:00,36,368,25
2024-07-30 22:00:00,22,220,28
2024-07-30 23:00:00,4,163,10
2024-07-31 00:00:00,2,107,5
2024-07-31 01:00:00,1,71,3
2024-07-31 02:00:00,0,56,3
2024-07-31 03:00:00,3,55,6
2024-07-31 04:00:00,7,142,12
2024-07-31 05:00:00,21,391,28
2024-07-31 06:00:00,54,801,50
2024-07-31 07:00:00,65,732,91
2024-07-31 08:00:00,80,627,43
2024-07-31 09:00:00,119,604,31
2024-07-31 10:00:00,104,636,24
2024-07-31 11:00:00,131,594,29
2024-07-31 12:00:00,148,615,25
2024-07-31 13:00:00,161,653,27
2024-07-31 14:00:00,127,666,35
2024-07-31 15:00:00,156,814,62
2024-07-31 16:00:00,191,863,82
2024-07-31 17:00:00,221,824,74
2024-07-31 18:00:00,158,619,57
2024-07-31 19:00:00,155,565,36
2024-07-31 20:00:00,112,458,59
2024-07-31 21:00:00,45,443,41
2024-07-31 22:00:00,16,239,22
2024-07-31 23:00:00,8,143,10
2024-08-01 00:00:00,1,90,4
2024-08-01 01:00:00,5,67,4
2024-08-01 02:00:00,2,45,4
2024-08-01 03:00:00,1,75,10
2024-08-01 04:00:00,4,144,10
2024-08-01 05:00:00,22,386,27
2024-08-01 06:00:00,37,754,55
2024-08-01 07:00:00,68,655,78
2024-08-01 08:00:00,83,612,45
2024-08-01 09:00:00,123,622,26
2024-08-01 10:00:00,121,643,34
2024-08-01 11:00:00,166,638,35
2024-08-01 12:00:00,157,653,26
2024-08-01 13:00:00,114,683,38
2024-08-01 14:00:00,117,741,43
2024-08-01 15:00:00,146,854,64
2024-08-01 16:00:00,184,837,76
2024-08-01 17:00:00,166,841,90
2024-08-01 18:00:00,173,704,52
2024-08-01 19:00:00,144,587,33
2024-08-01 20:00:00,102,370,35
2024-08-01 21:00:00,56,379,27
2024-08-01 22:00:00,29,377,52
2024-08-01 23:00:00,14,171,17
2024-08-02 00:00:00,4,112,8
2024-08-02 01:00:00,3,92,7
2024-08-02 02:00:00,7,77,6
2024-08-02 03:00:00,3,58,5
2024-08-02 04:00:00,5,130,10
2024-08-02 05:00:00,19,318,31
2024-08-02 06:00:00,47,626,47
2024-08-02 07:00:00,90,620,49
2024-08-02 08:00:00,87,528,35
2024-08-02 09:00:00,117,625,27
2024-08-02 10:00:00,158,591,22
2024-08-02 11:00:00,123,658,40
2024-08-02 12:00:00,178,729,37
2024-08-02 13:00:00,131,735,35
2024-08-02 14:00:00,183,819,38
2024-08-02 15:00:00,207,839,59
2024-08-02 16:00:00,219,891,70
2024-08-02 17:00:00,225,828,56
2024-08-02 18:00:00,171,688,52
2024-08-02 19:00:00,126,595,32
2024-08-02 20:00:00,79,473,31
2024-08-02 21:00:00,76,553,23
2024-08-02 22:00:00,53,498,29
2024-08-02 23:00:00,18,366,12
2024-08-03 00:00:00,5,267,8
2024-08-03 01:00:00,11,180,4
2024-08-03 02:00:00,7,151,4
2024-08-03 03:00:00,5,96,7
2024-08-03 04:00:00,4,102,9
2024-08-03 05:00:00,18,164,11
2024-08-03 06:00:00,20,257,12
2024-08-03 07:00:00,43,392,16
2024-08-03 08:00:00,116,509,27
2024-08-03 09:00:00,130,652,29
2024-08-03 10:00:00,166,678,38
2024-08-03 11:00:00,169,800,40
2024-08-03 12:00:00,257,780,40
2024-08-03 13:00:00,183,789,29
2024-08-03 14:00:00,192,748,25
2024-08-03 15:00:00,167,711,40
2024-08-03 16:00:00,198,745,38
2024-08-03 17:00:00,209,693,35
2024-08-03 18:00:00,186,634,29
2024-08-03 19:00:00,148,548,35
2024-08-03 20:00:00,151,471,36
2024-08-03 21:00:00,75,514,31
2024-08-03 22:00:00,45,477,19
2024-08-03 23:00:00,32,421,18
2024-08-04 00:00:00,13,335,10
2024-08-04 01:00:00,5,267,8
2024-08-04 02:00:00,5,182,5
2024-08-04 03:00:00,10,117,8
2024-08-04 04:00:00,5,104,2
2024-08-04 05:00:00,3,131,8
2024-08-04 06:00:00,21,182,7
2024-08-04 07:00:00,31,270,15
2024-08-04 08:00:00,30,392,24
2024-08-04 09:00:00,127,590,24
2024-08-04 10:00:00,152,640,28
2024-08-04 11:00:00,152,717,37
2024-08-04 12:00:00,198,766,33
2024-08-04 13:00:00,202,728,34
2024-08-04 14:00:00,233,644,35
2024-08-04 15:00:00,131,712,34
2024-08-04 16:00:00,68,575,23
2024-08-04 17:00:00,70,611,29
2024-08-04 18:00:00,93,561,24
2024-08-04 19:00:00,82,489,33
2024-08-04 20:00:00,54,363,18
2024-08-04 21:00:00,18,348,15
2024-08-04 22:00:00,11,218,11
2024-08-04 23:00:00,7,127,10
2024-08-05 00:00:00,12,80,8
2024-08-05 01:00:00,4,79,3
2024-08-05 02:00:00,0,52,1
2024-08-05 03:00:00,1,51,10
2024-08-05 04:00:00,9,159,10
2024-08-05 05:00:00,17,332,25
2024-08-05 06:00:00,37,706,41
2024-08-05 07:00:00,112,647,71
2024-08-05 08:00:00,69,561,23
2024-08-05 09:00:00,87,594,22
2024-08-05 10:00:00,127,576,19
2024-08-05 11:00:00,153,680,31
2024-08-05 12:00:00,152,608,18
2024-08-05 13:00:00,147,677,23
2024-08-05 14:00:00,159,705,36
2024-08-05 15:00:00,131,860,56
2024-08-05 16:00:00,179,897,94
2024-08-05 17:00:00,168,778,76
2024-08-05 18:00:00,169,555,41
2024-08-05 19:00:00,105,503,27
2024-08-05 20:00:00,67,398,27
2024-08-05 21:00:00,36,291,20
2024-08-05 22:00:00,16,189,19
2024-08-05 23:00:00,2,141,9
2024-08-06 00:00:00,9,85,2
2024-08-06 01:00:00,2,61,4
2024-08-06 02:00:00,1,43,0
2024-08-06 03:00:00,3,55,3
2024-08-06 04:00:00,6,158,10
2024-08-06 05:00:00,28,369,26
2024-08-06 06:00:00,42,754,64
2024-08-06 07:00:00,82,735,85
2024-08-06 08:00:00,86,567,41
2024-08-06 09:00:00,93,564,23
2024-08-06 10:00:00,103,607,25
2024-08-06 11:00:00,167,631,42
2024-08-06 12:00:00,156,608,36
2024-08-06 13:00:00,136,664,24
2024-08-06 14:00:00,147,737,30
2024-08-06 15:00:00,157,886,63
2024-08-06 16:00:00,200,950,110
2024-08-06 17:00:00,156,830,93
2024-08-06 18:00:00,211,631,45
2024-08-06 19:00:00,143,568,32
2024-08-06 20:00:00,85,455,35
2024-08-06 21:00:00,27,344,28
2024-08-06 22:00:00,19,220,22
2024-08-06 23:00:00,8,125,5
2024-08-07 00:00:00,5,74,3
2024-08-07 01:00:00,3,69,9
2024-08-07 02:00:00,11,51,1
2024-08-07 03:00:00,3,53,8
2024-08-07 04:00:00,9,158,7
2024-08-07 05:00:00,18,379,33
2024-08-07 06:00:00,44,744,54
2024-08-07 07:00:00,65,707,104
2024-08-07 08:00:00,51,577,44
2024-08-07 09:00:00,86,581,25
2024-08-07 10:00:00,105,621,25
2024-08-07 11:00:00,141,592,30
2024-08-07 12:00:00,145,615,28
2024-08-07 13:00:00,128,697,44
2024-08-07 14:00:00,140,712,47
2024-08-07 15:00:00,146,823,82
2024-08-07 16:00:00,240,909,115
2024-08-07 17:00:00,218,703,75
2024-08-07 18:00:00,136,564,40
2024-08-07 19:00:00,125,425,47
2024-08-07 20:00:00,78,409,38
2024-08-07 21:00:00,58,305,24
2024-08-07 22:00:00,14,189,9
2024-08-07 23:00:00,7,108,9
2024-08-08 00:00:00,4,56,6
2024-08-08 01:00:00,1,50,2
2024-08-08 02:00:00,4,51,4
2024-08-08 03:00:00,6,64,5
2024-08-08 04:00:00,5,162,7
2024-08-08 05:00:00,28,349,34
2024-08-08 06:00:00,44,775,53
2024-08-08 07:00:00,89,745,77
2024-08-08 08:00:00,63,636,30
2024-08-08 09:00:00,82,578,31
2024-08-08 10:00:00,87,604,17
2024-08-08 11:00:00,123,603,29
2024-08-08 12:00:00,150,673,22
2024-08-08 13:00:00,143,719,30
2024-08-08 14:00:00,111,742,35
2024-08-08 15:00:00,112,835,52
2024-08-08 16:00:00,137,959,68
2024-08-08 17:00:00,128,905,52
2024-08-08 18:00:00,130,691,41
2024-08-08 19:00:00,99,567,24
2024-08-08 20:00:00,54,491,19
2024-08-08 21:00:00,26,394,13
2024-08-08 22:00:00,12,236,12
2024-08-08 23:00:00,11,155,10
2024-08-09 00:00:00,3,97,4
2024-08-09 01:00:00,0,77,0
2024-08-09 02:00:00,2,60,2
2024-08-09 03:00:00,6,69,7
2024-08-09 04:00:00,3,157,17
2024-08-09 05:00:00,18,359,17
2024-08-09 06:00:00,44,676,41
2024-08-09 07:00:00,85,637,63
2024-08-09 08:00:00,89,584,33
2024-08-09 09:00:00,129,634,27
2024-08-09 10:00:00,139,649,34
2024-08-09 11:00:00,154,623,31
2024-08-09 12:00:00,156,679,31
2024-08-09 13:00:00,140,780,48
2024-08-09 14:00:00,165,796,39
2024-08-09 15:00:00,135,910,59
2024-08-09 16:00:00,200,952,74
2024-08-09 17:00:00,240,835,70
2024-08-09 18:00:00,215,712,64
2024-08-09 19:00:00,166,584,46
2024-08-09 20:00:00,154,501,21
2024-08-09 21:00:00,61,518,38
2024-08-09 22:00:00,40,439,17
2024-08-09 23:00:00,25,337,9
2024-08-10 00:00:00,8,243,6
2024-08-10 01:00:00,1,176,9
2024-08-10 02:00:00,6,119,4
2024-08-10 03:00:00,7,102,9
2024-08-10 04:00:00,8,144,2
2024-08-10 05:00:00,10,161,8
2024-08-10 06:00:00,14,270,14
2024-08-10 07:00:00,69,411,25
2024-08-10 08:00:00,101,502,27
2024-08-10 09:00:00,124,647,25
2024-08-10 10:00:00,162,753,33
2024-08-10 11:00:00,172,739,26
2024-08-10 12:00:00,178,779,36
2024-08-10 13:00:00,164,759,33
2024-08-10 14:00:00,190,749,29
2024-08-10 15:00:00,170,697,49
2024-08-10 16:00:00,202,782,37
2024-08-10 17:00:00,130,669,45
2024-08-10 18:00:00,163,776,34
2024-08-10 19:00:00,193,654,28
2024-08-10 20:00:00,124,508,35
2024-08-10 21:00:00,71,499,17
2024-08-10 22:00:00,55,520,12
2024-08-10 23:00:00,23,409,15
2024-08-11 00:00:00,16,319,7
2024-08-11 01:00:00,12,282,4
2024-08-11 02:00:00,1,169,0
2024-08-11 03:00:00,9,145,3
2024-08-11 04:00:00,3,187,10
2024-08-11 05:00:00,6,156,6
2024-08-11 06:00:00,17,205,9
2024-08-11 07:00:00,22,303,16
2024-08-11 08:00:00,46,416,27
2024-08-11 09:00:00,130,538,29
2024-08-11 10:00:00,192,658,34
2024-08-11 11:00:00,194,703,21
2024-08-11 12:00:00,183,752,28
2024-08-11 13:00:00,221,708,30
2024-08-11 14:00:00,135,623,25
2024-08-11 15:00:00,113,698,29
2024-08-11 16:00:00,130,620,37
2024-08-11 17:00:00,118,579,45
2024-08-11 18:00:00,121,560,35
2024-08-11 19:00:00,70,555,35
2024-08-11 20:00:00,58,392,28
2024-08-11 21:00:00,40,303,17
2024-08-11 22:00:00,6,203,17
2024-08-11 23:00:00,2,140,16
2024-08-12 00:00:00,1,90,5
2024-08-12 01:00:00,2,62,3
2024-08-12 02:00:00,3,59,4
2024-08-12 03:00:00,4,70,15
2024-08-12 04:00:00,5,155,12
2024-08-12 05:00:00,19,332,34
2024-08-12 06:00:00,41,641,39
2024-08-12 07:00:00,95,601,65
2024-08-12 08:00:00,87,563,35
2024-08-12 09:00:00,108,583,19
2024-08-12 10:00:00,98,572,22
2024-08-12 11:00:00,122,643,25
2024-08-12 12:00:00,123,645,27
2024-08-12 13:00:00,114,617,30
2024-08-12 14:00:00,117,746,42
2024-08-12 15:00:00,152,862,52
2024-08-12 16:00:00,219,912,80
2024-08-12 17:00:00,209,766,65
2024-08-12 18:00:00,190,642,45
2024-08-12 19:00:00,134,536,34
2024-08-12 20:00:00,78,404,27
2024-08-12 21:00:00,17,312,22
2024-08-12 22:00:00,7,213,19
2024-08-12 23:00:00,6,124,8
2024-08-13 00:00:00,0,66,4
2024-08-13 01:00:00,2,68,4
2024-08-13 02:00:00,2,39,4
2024-08-13 03:00:00,3,59,4
2024-08-13 04:00:00,5,164,11
2024-08-13 05:00:00,22,350,33
2024-08-13 06:00:00,37,775,62
2024-08-13 07:00:00,86,730,92
2024-08-13 08:00:00,80,579,33
2024-08-13 09:00:00,88,593,22
2024-08-13 10:00:00,142,633,22
2024-08-13 11:00:00,106,584,24
2024-08-13 12:00:00,153,641,31
2024-08-13 13:00:00,137,648,43
2024-08-13 14:00:00,149,741,42
2024-08-13 15:00:00,140,853,64
2024-08-13 16:00:00,199,996,94
2024-08-13 17:00:00,203,818,62
2024-08-13 18:00:00,165,657,48
2024-08-13 19:00:00,91,538,20
2024-08-13 20:00:00,61,421,18
2024-08-13 21:00:00,34,441,25
2024-08-13 22:00:00,21,240,12
2024-08-13 23:00:00,6,128,9
2024-08-14 00:00:00,0,61,4
2024-08-14 01:00:00,1,74,3
2024-08-14 02:00:00,2,60,5
2024-08-14 03:00:00,5,64,4
2024-08-14 04:00:00,2,184,12
2024-08-14 05:00:00,20,375,27
2024-08-14 06:00:00,46,714,56
2024-08-14 07:00:00,104,717,98
2024-08-14 08:00:00,75,597,30
2024-08-14 09:00:00,88,586,17
2024-08-14 10:00:00,95,571,17
2024-08-14 11:00:00,133,642,25
2024-08-14 12:00:00,133,686,30
2024-08-14 13:00:00,153,681,28
2024-08-14 14:00:00,142,729,43
2024-08-14 15:00:00,156,880,76
2024-08-14 16:00:00,226,899,83
2024-08-14 17:00:00,209,852,77
2024-08-14 18:00:00,175,719,38
2024-08-14 19:00:00,136,541,47
2024-08-14 20:00:00,80,466,29
2024-08-14 21:00:00,35,353,28
2024-08-14 22:00:00,14,239,26
2024-08-14 23:00:00,4,113,10
2024-08-15 00:00:00,5,98,5
2024-08-15 01:00:00,5,59,4
2024-08-15 02:00:00,4,56,4
2024-08-15 03:00:00,1,72,6
2024-08-15 04:00:00,3,146,10
2024-08-15 05:00:00,20,366,21
2024-08-15 06:00:00,55,732,56
2024-08-15 07:00:00,92,678,67
2024-08-15 08:00:00,90,587,37
2024-08-15 09:00:00,138,620,24
2024-08-15 10:00:00,127,612,30
2024-08-15 11:00:00,141,639,25
2024-08-15 12:00:00,167,693,27
2024-08-15 13:00:00,143,682,28
2024-08-15 14:00:00,176,739,42
2024-08-15 15:00:00,172,873,56
2024-08-15 16:00:00,200,911,94
2024-08-15 17:00:00,136,905,31
2024-08-15 18:00:00,118,702,26
2024-08-15 19:00:00,89,564,12
2024-08-15 20:00:00,63,459,23
2024-08-15 21:00:00,44,387,26
2024-08-15 22:00:00,17,256,20
2024-08-15 23:00:00,21,174,22
2024-08-16 00:00:00,5,125,3
2024-08-16 01:00:00,6,99,4
2024-08-16 02:00:00,2,87,6
2024-08-16 03:00:00,3,89,7
2024-08-16 04:00:00,4,174,9
2024-08-16 05:00:00,18,309,22
2024-08-16 06:00:00,23,628,39
2024-08-16 07:00:00,73,584,50
2024-08-16 08:00:00,102,566,44
2024-08-16 09:00:00,108,603,18
2024-08-16 10:00:00,133,657,25
2024-08-16 11:00:00,175,721,42
2024-08-16 12:00:00,140,767,42
2024-08-16 13:00:00,130,733,37
2024-08-16 14:00:00,213,831,54
2024-08-16 15:00:00,211,932,60
2024-08-16 16:00:00,213,917,72
2024-08-16 17:00:00,223,903,58
2024-08-16 18:00:00,194,674,61
2024-08-16 19:00:00,117,517,34
2024-08-16 20:00:00,102,508,41
2024-08-16 21:00:00,58,473,33
2024-08-16 22:00:00,27,350,35
2024-08-16 23:00:00,28,265,15
2024-08-17 00:00:00,12,245,10
2024-08-17 01:00:00,3,197,8
2024-08-17 02:00:00,6,133,10
2024-08-17 03:00:00,3,108,5
2024-08-17 04:00:00,3,89,9
2024-08-17 05:00:00,6,190,21
2024-08-17 06:00:00,14,275,18
2024-08-17 07:00:00,45,362,23
2024-08-17 08:00:00,94,530,33
2024-08-17 09:00:00,160,616,26
2024-08-17 10:00:00,192,731,26
2024-08-17 11:00:00,169,779,36
2024-08-17 12:00:00,182,795,46
2024-08-17 13:00:00,192,788,32
2024-08-17 14:00:00,167,724,42
2024-08-17 15:00:00,246,682,35
2024-08-17 16:00:00,164,725,55
2024-08-17 17:00:00,142,716,36
2024-08-17 18:00:00,151,656,22
2024-08-17 19:00:00,98,534,36
2024-08-17 20:00:00,102,496,20
2024-08-17 21:00:00,40,465,26
2024-08-17 22:00:00,28,445,10
2024-08-17 23:00:00,11,394,9
2024-08-18 00:00:00,10,356,5
2024-08-18 01:00:00,4,247,8
2024-08-18 02:00:00,3,174,2
2024-08-18 03:00:00,2,131,3
2024-08-18 04:00:00,4,100,5
2024-08-18 05:00:00,10,162,8
2024-08-18 06:00:00,11,198,10
2024-08-18 07:00:00,21,254,10
2024-08-18 08:00:00,57,453,14
2024-08-18 09:00:00,135,601,18
2024-08-18 10:00:00,149,681,20
2024-08-18 11:00:00,195,730,23
2024-08-18 12:00:00,230,778,35
2024-08-18 13:00:00,166,703,24
2024-08-18 14:00:00,192,658,37
2024-08-18 15:00:00,141,728,24
2024-08-18 16:00:00,100,608,39
2024-08-18 17:00:00,109,614,36
2024-08-18 18:00:00,86,598,30
2024-08-18 19:00:00,48,486,27
2024-08-18 20:00:00,33,405,27
2024-08-18 21:00:00,17,310,13
2024-08-18 22:00:00,13,163,26
2024-08-18 23:00:00,5,142,8
2024-08-19 00:00:00,2,77,8
2024-08-19 01:00:00,7,68,7
2024-08-19 02:00:00,1,47,1
2024-08-19 03:00:00,5,61,10
2024-08-19 04:00:00,6,156,9
2024-08-19 05:00:00,18,329,26
2024-08-19 06:00:00,43,713,41
2024-08-19 07:00:00,75,678,66
2024-08-19 08:00:00,67,512,27
2024-08-19 09:00:00,125,613,29
2024-08-19 10:00:00,112,607,10
2024-08-19 11:00:00,146,623,34
2024-08-19 12:00:00,128,658,28
2024-08-19 13:00:00,130,702,33
2024-08-19 14:00:00,128,687,40
2024-08-19 15:00:00,136,862,52
2024-08-19 16:00:00,199,920,83
2024-08-19 17:00:00,199,802,57
2024-08-19 18:00:00,107,620,40
2024-08-19 19:00:00,85,502,14
2024-08-19 20:00:00,54,378,16
2024-08-19 21:00:00,28,320,16
2024-08-19 22:00:00,11,192,14
2024-08-19 23:00:00,4,124,4
2024-08-20 00:00:00,0,74,4
2024-08-20 01:00:00,0,59,3
2024-08-20 02:00:00,0,44,3
2024-08-20 03:00:00,1,75,2
2024-08-20 04:00:00,1,161,12
2024-08-20 05:00:00,23,366,34
2024-08-20 06:00:00,27,773,47
2024-08-20 07:00:00,104,732,78
2024-08-20 08:00:00,91,611,40
2024-08-20 09:00:00,69,572,16
2024-08-20 10:00:00,114,622,19
2024-08-20 11:00:00,122,654,28
2024-08-20 12:00:00,129,646,38
2024-08-20 13:00:00,122,686,31
2024-08-20 14:00:00,148,754,42
2024-08-20 15:00:00,151,853,82
2024-08-20 16:00:00,234,985,92
2024-08-20 17:00:00,169,823,76
2024-08-20 18:00:00,163,728,53
2024-08-20 19:00:00,103,554,30
2024-08-20 20:00:00,93,483,23
2024-08-20 21:00:00,25,370,18
2024-08-20 22:00:00,25,217,11
2024-08-20 23:00:00,6,122,12
2024-08-21 00:00:00,4,87,9
2024-08-21 01:00:00,5,56,4
2024-08-21 02:00:00,4,66,2
2024-08-21 03:00:00,3,82,6
2024-08-21 04:00:00,8,159,13
2024-08-21 05:00:00,24,349,27
2024-08-21 06:00:00,37,764,62
2024-08-21 07:00:00,81,672,93
2024-08-21 08:00:00,70,616,52
2024-08-21 09:00:00,119,590,22
2024-08-21 10:00:00,134,597,27
2024-08-21 11:00:00,170,699,29
2024-08-21 12:00:00,173,657,25
2024-08-21 13:00:00,119,643,34
2024-08-21 14:00:00,117,724,44
2024-08-21 15:00:00,172,792,63
2024-08-21 16:00:00,207,926,78
2024-08-21 17:00:00,211,824,65
2024-08-21 18:00:00,146,632,42
2024-08-21 19:00:00,83,499,29
2024-08-21 20:00:00,75,466,37
2024-08-21 21:00:00,31,366,23
2024-08-21 22:00:00,9,251,26
2024-08-21 23:00:00,5,143,7
2024-08-22 00:00:00,7,91,3
2024-08-22 01:00:00,4,79,7
2024-08-22 02:00:00,1,61,2
2024-08-22 03:00:00,5,71,4
2024-08-22 04:00:00,2,158,11
2024-08-22 05:00:00,22,363,24
2024-08-22 06:00:00,44,675,50
2024-08-22 07:00:00,64,742,63
2024-08-22 08:00:00,67,638,24
2024-08-22 09:00:00,115,676,25
2024-08-22 10:00:00,134,581,17
2024-08-22 11:00:00,138,724,17
2024-08-22 12:00:00,146,746,19
2024-08-22 13:00:00,122,684,36
2024-08-22 14:00:00,156,725,35
2024-08-22 15:00:00,165,849,58
2024-08-22 16:00:00,181,962,82
2024-08-22 17:00:00,188,927,75
2024-08-22 18:00:00,202,791,38
2024-08-22 19:00:00,94,605,34
2024-08-22 20:00:00,61,443,30
2024-08-22 21:00:00,48,398,29
2024-08-22 22:00:00,17,276,12
2024-08-22 23:00:00,7,190,13
2024-08-23 00:00:00,0,120,5
2024-08-23 01:00:00,0,86,4
2024-08-23 02:00:00,0,78,3
2024-08-23 03:00:00,1,78,7
2024-08-23 04:00:00,3,144,12
2024-08-23 05:00:00,16,348,20
2024-08-23 06:00:00,22,670,38
2024-08-23 07:00:00,73,584,57
2024-08-23 08:00:00,90,617,23
2024-08-23 09:00:00,109,567,30
2024-08-23 10:00:00,155,710,21
2024-08-23 11:00:00,159,692,33
2024-08-23 12:00:00,196,746,25
2024-08-23 13:00:00,164,751,35
2024-08-23 14:00:00,142,818,43
2024-08-23 15:00:00,149,933,60
2024-08-23 16:00:00,242,883,87
2024-08-23 17:00:00,228,828,47
2024-08-23 18:00:00,211,695,46
2024-08-23 19:00:00,129,553,26
2024-08-23 20:00:00,98,487,22
2024-08-23 21:00:00,45,462,27
2024-08-23 22:00:00,28,329,22
2024-08-23 23:00:00,11,305,9
2024-08-24 00:00:00,6,206,2
2024-08-24 01:00:00,4,163,4
2024-08-24 02:00:00,1,140,4
2024-08-24 03:00:00,1,106,7
2024-08-24 04:00:00,3,98,4
2024-08-24 05:00:00,6,189,14
2024-08-24 06:00:00,16,223,9
2024-08-24 07:00:00,42,426,12
2024-08-24 08:00:00,72,536,9
2024-08-24 09:00:00,130,676,15
2024-08-24 10:00:00,201,754,20
2024-08-24 11:00:00,176,749,18
2024-08-24 12:00:00,144,835,33
2024-08-24 13:00:00,180,806,27
2024-08-24 14:00:00,166,790,26
2024-08-24 15:00:00,150,750,28
2024-08-24 16:00:00,169,736,34
2024-08-24 17:00:00,200,657,32
2024-08-24 18:00:00,171,634,25
2024-08-24 19:00:00,100,588,33
2024-08-24 20:00:00,90,504,25
2024-08-24 21:00:00,54,477,16
2024-08-24 22:00:00,41,449,17
2024-08-24 23:00:00,21,383,5
2024-08-25 00:00:00,5,310,5
2024-08-25 01:00:00,5,220,4
2024-08-25 02:00:00,13,193,5
2024-08-25 03:00:00,7,116,6
2024-08-25 04:00:00,6,106,3
2024-08-25 05:00:00,21,136,7
2024-08-25 06:00:00,13,179,8
2024-08-25 07:00:00,34,269,8
2024-08-25 08:00:00,41,417,18
2024-08-25 09:00:00,113,582,12
2024-08-25 10:00:00,172,691,27
2024-08-25 11:00:00,165,800,25
2024-08-25 12:00:00,211,776,41
2024-08-25 13:00:00,166,723,34
2024-08-25 14:00:00,195,722,29
2024-08-25 15:00:00,113,651,31
2024-08-25 16:00:00,73,586,32
2024-08-25 17:00:00,98,517,26
2024-08-25 18:00:00,84,485,25
2024-08-25 19:00:00,69,466,19
2024-08-25 20:00:00,39,355,15
2024-08-25 21:00:00,36,426,8
2024-08-25 22:00:00,115,470,22
2024-08-25 23:00:00,67,346,18
2024-08-26 00:00:00,56,225,9
2024-08-26 01:00:00,34,154,1
2024-08-26 02:00:00,23,116,5
2024-08-26 03:00:00,18,97,5
2024-08-26 04:00:00,8,94,8
2024-08-26 05:00:00,10,159,13
2024-08-26 06:00:00,19,222,12
2024-08-26 07:00:00,31,224,22
2024-08-26 08:00:00,54,346,17
2024-08-26 09:00:00,103,568,21
2024-08-26 10:00:00,190,653,28
2024-08-26 11:00:00,156,688,29
2024-08-26 12:00:00,156,706,33
2024-08-26 13:00:00,185,706,52
2024-08-26 14:00:00,174,706,31
2024-08-26 15:00:00,139,733,38
2024-08-26 16:00:00,176,661,37
2024-08-26 17:00:00,122,622,21
2024-08-26 18:00:00,94,571,30
2024-08-26 19:00:00,77,481,26
2024-08-26 20:00:00,47,392,24
2024-08-26 21:00:00,34,299,19
2024-08-26 22:00:00,8,184,10
2024-08-26 23:00:00,7,139,9
2024-08-27 00:00:00,5,86,7
2024-08-27 01:00:00,3,62,6
2024-08-27 02:00:00,1,52,1
2024-08-27 03:00:00,6,57,8
2024-08-27 04:00:00,2,143,12
2024-08-27 05:00:00,18,343,34
2024-08-27 06:00:00,46,700,58
2024-08-27 07:00:00,76,767,68
2024-08-27 08:00:00,62,574,35
2024-08-27 09:00:00,103,600,23
2024-08-27 10:00:00,109,672,26
2024-08-27 11:00:00,170,697,30
2024-08-27 12:00:00,135,699,23
2024-08-27 13:00:00,166,713,32
2024-08-27 14:00:00,141,790,34
2024-08-27 15:00:00,177,848,66
2024-08-27 16:00:00,191,976,84
2024-08-27 17:00:00,218,838,66
2024-08-27 18:00:00,177,656,44
2024-08-27 19:00:00,101,526,34
2024-08-27 20:00:00,51,442,31
2024-08-27 21:00:00,12,310,25
2024-08-27 22:00:00,7,203,17
2024-08-27 23:00:00,1,124,15
2024-08-28 00:00:00,3,94,3
2024-08-28 01:00:00,2,54,5
2024-08-28 02:00:00,2,60,5
2024-08-28 03:00:00,5,65,6
2024-08-28 04:00:00,4,161,23
2024-08-28 05:00:00,24,370,25
2024-08-28 06:00:00,45,747,63
2024-08-28 07:00:00,94,738,103
2024-08-28 08:00:00,71,639,46
2024-08-28 09:00:00,95,596,30
2024-08-28 10:00:00,108,667,34
2024-08-28 11:00:00,143,638,31
2024-08-28 12:00:00,156,723,26
2024-08-28 13:00:00,178,685,45
2024-08-28 14:00:00,163,698,33
2024-08-28 15:00:00,164,852,65
2024-08-28 16:00:00,228,969,111
2024-08-28 17:00:00,210,941,84
2024-08-28 18:00:00,175,675,45
2024-08-28 19:00:00,136,608,30
2024-08-28 20:00:00,47,446,17
2024-08-28 21:00:00,45,346,11
2024-08-28 22:00:00,22,196,23
2024-08-28 23:00:00,4,160,12
2024-08-29 00:00:00,4,101,4
2024-08-29 01:00:00,2,84,0
2024-08-29 02:00:00,1,59,6
2024-08-29 03:00:00,3,64,7
2024-08-29 04:00:00,4,146,13
2024-08-29 05:00:00,19,339,31
2024-08-29 06:00:00,48,741,66
2024-08-29 07:00:00,90,714,89
2024-08-29 08:00:00,109,598,39
2024-08-29 09:00:00,124,678,22
2024-08-29 10:00:00,110,601,33
2024-08-29 11:00:00,163,680,36
2024-08-29 12:00:00,132,680,30
2024-08-29 13:00:00,139,708,34
2024-08-29 14:00:00,122,787,48
2024-08-29 15:00:00,176,888,71
2024-08-29 16:00:00,204,973,95
2024-08-29 17:00:00,273,944,75
2024-08-29 18:00:00,210,742,54
2024-08-29 19:00:00,108,615,40
2024-08-29 20:00:00,105,522,43
2024-08-29 21:00:00,29,428,39
2024-08-29 22:00:00,24,286,22
2024-08-29 23:00:00,7,171,19
2024-08-30 00:00:00,4,129,6
2024-08-30 01:00:00,4,81,8
2024-08-30 02:00:00,1,76,3
2024-08-30 03:00:00,5,68,5
2024-08-30 04:00:00,2,165,13
2024-08-30 05:00:00,20,324,32
2024-08-30 06:00:00,24,674,45
2024-08-30 07:00:00,66,630,64
2024-08-30 08:00:00,92,524,41
2024-08-30 09:00:00,114,667,26
2024-08-30 10:00:00,142,704,27
2024-08-30 11:00:00,196,762,39
2024-08-30 12:00:00,199,801,31
2024-08-30 13:00:00,160,790,33
2024-08-30 14:00:00,158,786,59
2024-08-30 15:00:00,208,897,50
2024-08-30 16:00:00,249,872,84
2024-08-30 17:00:00,261,880,70
2024-08-30 18:00:00,251,770,57
2024-08-30 19:00:00,175,612,45
2024-08-30 20:00:00,109,582,23
2024-08-30 21:00:00,73,481,28
2024-08-30 22:00:00,44,451,19
2024-08-30 23:00:00,21,334,11
2024-08-31 00:00:00,6,177,8
2024-08-31 01:00:00,7,123,7
2024-08-31 02:00:00,12,131,4
2024-08-31 03:00:00,11,97,7
2024-08-31 04:00:00,2,131,8
2024-08-31 05:00:00,12,178,11
2024-08-31 06:00:00,18,296,15
2024-08-31 07:00:00,41,424,29
2024-08-31 08:00:00,88,516,25
2024-08-31 09:00:00,116,642,30
2024-08-31 10:00:00,173,703,25
2024-08-31 11:00:00,216,866,41
2024-08-31 12:00:00,210,852,35
2024-08-31 13:00:00,201,875,27
2024-08-31 14:00:00,220,761,40
2024-08-31 15:00:00,144,743,43
2024-08-31 16:00:00,128,845,33
2024-08-31 17:00:00,158,765,28
2024-08-31 18:00:00,139,698,32
2024-08-31 19:00:00,101,551,30
2024-08-31 20:00:00,78,532,24
2024-08-31 21:00:00,70,538,17
2024-08-31 22:00:00,50,531,28
2024-08-31 23:00:00,45,479,11
2024-09-01 00:00:00,16,425,7
2024-09-01 01:00:00,7,327,5
2024-09-01 02:00:00,5,277,3
2024-09-01 03:00:00,9,140,3
2024-09-01 04:00:00,10,120,8
2024-09-01 05:00:00,17,144,11
2024-09-01 06:00:00,11,227,14
2024-09-01 07:00:00,20,312,16
2024-09-01 08:00:00,42,444,19
2024-09-01 09:00:00,131,600,29
2024-09-01 10:00:00,161,733,20
2024-09-01 11:00:00,200,826,23
2024-09-01 12:00:00,230,826,27
2024-09-01 13:00:00,196,831,30
2024-09-01 14:00:00,210,730,33
2024-09-01 15:00:00,66,880,13
2024-09-01 16:00:00,80,672,26
2024-09-01 17:00:00,87,656,25
2024-09-01 18:00:00,86,528,23
2024-09-01 19:00:00,53,484,15
2024-09-01 20:00:00,25,390,27
2024-09-01 21:00:00,15,304,17
2024-09-01 22:00:00,12,332,17
2024-09-01 23:00:00,10,217,7
2024-09-02 00:00:00,3,94,5
2024-09-02 01:00:00,2,71,3
2024-09-02 02:00:00,1,66,4
2024-09-02 03:00:00,0,62,4
2024-09-02 04:00:00,0,179,10
2024-09-02 05:00:00,17,376,26
2024-09-02 06:00:00,42,762,53
2024-09-02 07:00:00,77,752,68
2024-09-02 08:00:00,85,591,22
2024-09-02 09:00:00,111,571,24
2024-09-02 10:00:00,110,618,18
2024-09-02 11:00:00,144,702,24
2024-09-02 12:00:00,149,654,16
2024-09-02 13:00:00,123,664,23
2024-09-02 14:00:00,130,745,29
2024-09-02 15:00:00,203,871,63
2024-09-02 16:00:00,172,975,72
2024-09-02 17:00:00,128,890,63
2024-09-02 18:00:00,88,691,37
2024-09-02 19:00:00,107,532,19
2024-09-02 20:00:00,36,357,25
2024-09-02 21:00:00,52,54,3
2024-09-02 22:00:00,17,106,9
2024-09-02 23:00:00,0,93,6
2024-09-03 00:00:00,4,80,2
2024-09-03 01:00:00,2,52,3
2024-09-03 02:00:00,2,63,0
2024-09-03 03:00:00,6,69,6
2024-09-03 04:00:00,2,161,12
2024-09-03 05:00:00,15,415,31
2024-09-03 06:00:00,39,829,63
2024-09-03 07:00:00,104,833,74
2024-09-03 08:00:00,78,651,24
2024-09-03 09:00:00,77,606,19
2024-09-03 10:00:00,106,597,29
2024-09-03 11:00:00,189,665,25
2024-09-03 12:00:00,151,691,27
2024-09-03 13:00:00,165,686,24
2024-09-03 14:00:00,144,733,45
2024-09-03 15:00:00,140,915,75
2024-09-03 16:00:00,209,932,102
2024-09-03 17:00:00,246,920,74
2024-09-03 18:00:00,183,678,53
2024-09-03 19:00:00,118,595,49
2024-09-03 20:00:00,54,462,34
2024-09-03 21:00:00,45,384,15
2024-09-03 22:00:00,16,185,9
2024-09-03 23:00:00,12,124,17
2024-09-04 00:00:00,6,96,3
2024-09-04 01:00:00,5,60,4
2024-09-04 02:00:00,6,48,4
2024-09-04 03:00:00,3,63,4
2024-09-04 04:00:00,4,170,22
2024-09-04 05:00:00,24,417,36
2024-09-04 06:00:00,50,840,73
2024-09-04 07:00:00,129,836,98
2024-09-04 08:00:00,103,658,41
2024-09-04 09:00:00,97,576,24
2024-09-04 10:00:00,130,592,24
2024-09-04 11:00:00,113,630,27
2024-09-04 12:00:00,126,652,37
2024-09-04 13:00:00,185,739,32
2024-09-04 14:00:00,166,795,41
2024-09-04 15:00:00,118,904,71
2024-09-04 16:00:00,201,954,117
2024-09-04 17:00:00,211,939,75
2024-09-04 18:00:00,162,707,50
2024-09-04 19:00:00,97,571,42
2024-09-04 20:00:00,67,462,21
2024-09-04 21:00:00,35,364,21
2024-09-04 22:00:00,13,214,6
2024-09-04 23:00:00,0,146,11
2024-09-05 00:00:00,3,80,4
2024-09-05 01:00:00,2,64,3
2024-09-05 02:00:00,1,56,5
2024-09-05 03:00:00,4,63,5
2024-09-05 04:00:00,1,175,12
2024-09-05 05:00:00,28,429,36
2024-09-05 06:00:00,40,848,60
2024-09-05 07:00:00,125,860,69
2024-09-05 08:00:00,90,699,42
2024-09-05 09:00:00,61,644,18
2024-09-05 10:00:00,83,607,13
2024-09-05 11:00:00,84,656,11
2024-09-05 12:00:00,119,728,18
2024-09-05 13:00:00,87,744,20
2024-09-05 14:00:00,91,862,21
2024-09-05 15:00:00,104,934,59
2024-09-05 16:00:00,157,986,66
2024-09-05 17:00:00,204,944,41
2024-09-05 18:00:00,139,761,27
2024-09-05 19:00:00,82,574,33
2024-09-05 20:00:00,71,483,15
2024-09-05 21:00:00,25,444,17
2024-09-05 22:00:00,7,293,15
2024-09-05 23:00:00,7,176,5
2024-09-06 00:00:00,2,117,8
2024-09-06 01:00:00,0,71,4
2024-09-06 02:00:00,2,65,4
2024-09-06 03:00:00,0,67,5
2024-09-06 04:00:00,0,190,9
2024-09-06 05:00:00,17,417,26
2024-09-06 06:00:00,46,776,55
2024-09-06 07:00:00,75,848,45
2024-09-06 08:00:00,91,659,33
2024-09-06 09:00:00,64,627,11
2024-09-06 10:00:00,88,653,21
2024-09-06 11:00:00,123,751,29
2024-09-06 12:00:00,156,740,26
2024-09-06 13:00:00,135,773,29
2024-09-06 14:00:00,146,796,43
2024-09-06 15:00:00,164,976,47
2024-09-06 16:00:00,240,915,67
2024-09-06 17:00:00,176,936,49
2024-09-06 18:00:00,183,784,40
2024-09-06 19:00:00,69,603,40
2024-09-06 20:00:00,56,516,20
2024-09-06 21:00:00,36,567,12
2024-09-06 22:00:00,22,475,14
2024-09-06 23:00:00,3,310,15
2024-09-07 00:00:00,0,241,6
2024-09-07 01:00:00,0,196,9
2024-09-07 02:00:00,4,141,8
2024-09-07 03:00:00,3,133,9
2024-09-07 04:00:00,1,124,8
2024-09-07 05:00:00,9,181,13
2024-09-07 06:00:00,16,280,18
2024-09-07 07:00:00,41,479,21
2024-09-07 08:00:00,68,586,30
2024-09-07 09:00:00,156,732,17
2024-09-07 10:00:00,217,802,23
2024-09-07 11:00:00,189,871,34
2024-09-07 12:00:00,194,856,23
2024-09-07 13:00:00,215,870,35
2024-09-07 14:00:00,167,790,33
2024-09-07 15:00:00,245,800,29
2024-09-07 16:00:00,173,803,38
2024-09-07 17:00:00,232,794,33
2024-09-07 18:00:00,172,727,36
2024-09-07 19:00:00,142,602,28
2024-09-07 20:00:00,95,531,24
2024-09-07 21:00:00,67,507,18
2024-09-07 22:00:00,35,503,13
2024-09-07 23:00:00,36,424,14
2024-09-08 00:00:00,16,335,10
2024-09-08 01:00:00,8,359,5
2024-09-08 02:00:00,6,245,10
2024-09-08 03:00:00,2,202,10
2024-09-08 04:00:00,0,127,6
2024-09-08 05:00:00,5,168,10
2024-09-08 06:00:00,13,225,10
2024-09-08 07:00:00,21,278,15
2024-09-08 08:00:00,60,472,17
2024-09-08 09:00:00,126,591,14
2024-09-08 10:00:00,179,693,28
2024-09-08 11:00:00,201,844,22
2024-09-08 12:00:00,214,870,29
2024-09-08 13:00:00,238,836,37
2024-09-08 14:00:00,213,759,23
2024-09-08 15:00:00,140,778,28
2024-09-08 16:00:00,121,750,32
2024-09-08 17:00:00,86,632,24
2024-09-08 18:00:00,90,567,15
2024-09-08 19:00:00,45,478,26
2024-09-08 20:00:00,18,336,14
2024-09-08 21:00:00,12,332,10
2024-09-08 22:00:00,16,214,9
2024-09-08 23:00:00,3,122,12
2024-09-09 00:00:00,5,86,8
2024-09-09 01:00:00,0,58,3
2024-09-09 02:00:00,2,66,4
2024-09-09 03:00:00,2,69,9
2024-09-09 04:00:00,1,146,11
2024-09-09 05:00:00,23,358,38
2024-09-09 06:00:00,61,788,74
2024-09-09 07:00:00,144,845,77
2024-09-09 08:00:00,86,661,38
2024-09-09 09:00:00,95,601,25
2024-09-09 10:00:00,101,649,31
2024-09-09 11:00:00,133,616,30
2024-09-09 12:00:00,118,624,22
2024-09-09 13:00:00,139,715,42
2024-09-09 14:00:00,174,774,38
2024-09-09 15:00:00,171,844,63
2024-09-09 16:00:00,227,892,99
2024-09-09 17:00:00,218,806,80
2024-09-09 18:00:00,150,654,42
2024-09-09 19:00:00,87,536,45
2024-09-09 20:00:00,57,434,23
2024-09-09 21:00:00,40,317,18
2024-09-09 22:00:00,9,176,15
2024-09-09 23:00:00,18,113,12
2024-09-10 00:00:00,6,71,6
2024-09-10 01:00:00,4,59,1
2024-09-10 02:00:00,2,55,2
2024-09-10 03:00:00,5,53,5
2024-09-10 04:00:00,1,162,14
2024-09-10 05:00:00,13,408,28
2024-09-10 06:00:00,69,837,57
2024-09-10 07:00:00,129,844,92
2024-09-10 08:00:00,106,689,37
2024-09-10 09:00:00,80,639,25
2024-09-10 10:00:00,103,681,22
2024-09-10 11:00:00,100,630,24
2024-09-10 12:00:00,118,617,27
2024-09-10 13:00:00,109,735,27
2024-09-10 14:00:00,139,761,36
2024-09-10 15:00:00,120,892,49
2024-09-10 16:00:00,179,980,82
2024-09-10 17:00:00,145,937,65
2024-09-10 18:00:00,107,788,37
2024-09-10 19:00:00,92,545,31
2024-09-10 20:00:00,56,505,44
2024-09-10 21:00:00,28,369,12
2024-09-10 22:00:00,13,203,18
2024-09-10 23:00:00,2,130,9
2024-09-11 00:00:00,10,88,5
2024-09-11 01:00:00,2,63,4
2024-09-11 02:00:00,5,55,6
2024-09-11 03:00:00,3,66,2
2024-09-11 04:00:00,2,156,13
2024-09-11 05:00:00,15,460,32
2024-09-11 06:00:00,35,809,55
2024-09-11 07:00:00,121,836,103
2024-09-11 08:00:00,108,697,42
2024-09-11 09:00:00,121,608,29
2024-09-11 10:00:00,108,675,20
2024-09-11 11:00:00,157,618,34
2024-09-11 12:00:00,123,656,24
2024-09-11 13:00:00,146,730,43
2024-09-11 14:00:00,183,783,32
2024-09-11 15:00:00,130,863,62
2024-09-11 16:00:00,211,992,101
2024-09-11 17:00:00,159,950,82
2024-09-11 18:00:00,165,747,47
2024-09-11 19:00:00,89,600,43
2024-09-11 20:00:00,58,463,31
2024-09-11 21:00:00,29,517,28
2024-09-11 22:00:00,23,244,20
2024-09-11 23:00:00,12,150,12
2024-09-12 00:00:00,2,100,9
2024-09-12 01:00:00,2,67,4
2024-09-12 02:00:00,3,59,6
2024-09-12 03:00:00,7,74,3
2024-09-12 04:00:00,3,179,9
2024-09-12 05:00:00,20,417,31
2024-09-12 06:00:00,43,757,56
2024-09-12 07:00:00,112,883,83
2024-09-12 08:00:00,115,639,53
2024-09-12 09:00:00,96,615,29
2024-09-12 10:00:00,97,575,19
2024-09-12 11:00:00,121,606,23
2024-09-12 12:00:00,127,692,30
2024-09-12 13:00:00,157,770,32
2024-09-12 14:00:00,128,852,37
2024-09-12 15:00:00,150,905,77
2024-09-12 16:00:00,204,978,87
2024-09-12 17:00:00,211,945,67
2024-09-12 18:00:00,162,729,61
2024-09-12 19:00:00,103,588,55
2024-09-12 20:00:00,61,594,26
2024-09-12 21:00:00,59,497,18
2024-09-12 22:00:00,25,283,19
2024-09-12 23:00:00,12,191,12
2024-09-13 00:00:00,13,101,5
2024-09-13 01:00:00,6,87,3
2024-09-13 02:00:00,3,78,2
2024-09-13 03:00:00,10,90,3
2024-09-13 04:00:00,2,171,18
2024-09-13 05:00:00,19,428,30
2024-09-13 06:00:00,41,702,48
2024-09-13 07:00:00,114,806,79
2024-09-13 08:00:00,117,678,36
2024-09-13 09:00:00,90,623,24
2024-09-13 10:00:00,136,659,34
2024-09-13 11:00:00,159,657,45
2024-09-13 12:00:00,173,686,37
2024-09-13 13:00:00,189,836,31
2024-09-13 14:00:00,201,870,43
2024-09-13 15:00:00,162,899,64
2024-09-13 16:00:00,196,975,83
2024-09-13 17:00:00,237,903,90
2024-09-13 18:00:00,231,789,51
2024-09-13 19:00:00,135,673,39
2024-09-13 20:00:00,104,540,31
2024-09-13 21:00:00,76,508,22
2024-09-13 22:00:00,43,408,19
2024-09-13 23:00:00,17,332,16
2024-09-14 00:00:00,10,237,15
2024-09-14 01:00:00,7,178,6
2024-09-14 02:00:00,7,178,3
2024-09-14 03:00:00,3,107,10
2024-09-14 04:00:00,5,120,8
2024-09-14 05:00:00,11,196,17
2024-09-14 06:00:00,9,253,12
2024-09-14 07:00:00,49,447,22
2024-09-14 08:00:00,90,661,28
2024-09-14 09:00:00,142,761,31
2024-09-14 10:00:00,174,768,34
2024-09-14 11:00:00,226,886,19
2024-09-14 12:00:00,205,900,40
2024-09-14 13:00:00,195,827,31
2024-09-14 14:00:00,215,855,45
2024-09-14 15:00:00,178,780,35
2024-09-14 16:00:00,226,816,55
2024-09-14 17:00:00,194,808,42
2024-09-14 18:00:00,171,723,28
2024-09-14 19:00:00,146,553,42
2024-09-14 20:00:00,108,521,30
2024-09-14 21:00:00,49,508,12
2024-09-14 22:00:00,38,398,12
2024-09-14 23:00:00,31,408,16
2024-09-15 00:00:00,48,351,9
2024-09-15 01:00:00,20,241,4
2024-09-15 02:00:00,9,190,6
2024-09-15 03:00:00,11,166,0
2024-09-15 04:00:00,6,122,5
2024-09-15 05:00:00,7,153,15
2024-09-15 06:00:00,10,193,9
2024-09-15 07:00:00,32,281,13
2024-09-15 08:00:00,72,472,25
2024-09-15 09:00:00,134,618,29
2024-09-15 10:00:00,174,726,24
2024-09-15 11:00:00,187,860,32
2024-09-15 12:00:00,256,893,31
2024-09-15 13:00:00,215,757,38
2024-09-15 14:00:00,239,661,28
2024-09-15 15:00:00,98,740,22
2024-09-15 16:00:00,120,746,33
2024-09-15 17:00:00,95,615,27
2024-09-15 18:00:00,79,565,21
2024-09-15 19:00:00,56,426,24
2024-09-15 20:00:00,24,336,15
2024-09-15 21:00:00,22,251,13
2024-09-15 22:00:00,16,172,14
2024-09-15 23:00:00,3,125,17
2024-09-16 00:00:00,2,97,5
2024-09-16 01:00:00,0,65,2
2024-09-16 02:00:00,3,67,6
2024-09-16 03:00:00,4,66,4
2024-09-16 04:00:00,5,158,19
2024-09-16 05:00:00,17,419,34
2024-09-16 06:00:00,60,828,50
2024-09-16 07:00:00,109,851,83
2024-09-16 08:00:00,98,642,40
2024-09-16 09:00:00,74,588,29
2024-09-16 10:00:00,101,633,35
2024-09-16 11:00:00,146,619,34
2024-09-16 12:00:00,115,671,30
2024-09-16 13:00:00,146,726,34
2024-09-16 14:00:00,175,824,45
2024-09-16 15:00:00,200,879,67
2024-09-16 16:00:00,208,929,103
2024-09-16 17:00:00,219,843,73
2024-09-16 18:00:00,108,638,47
2024-09-16 19:00:00,72,513,35
2024-09-16 20:00:00,56,430,33
2024-09-16 21:00:00,25,360,18
2024-09-16 22:00:00,12,166,13
2024-09-16 23:00:00,11,124,7
2024-09-17 00:00:00,3,78,3
2024-09-17 01:00:00,1,56,3
2024-09-17 02:00:00,0,66,6
2024-09-17 03:00:00,6,89,3
2024-09-17 04:00:00,3,160,16
2024-09-17 05:00:00,13,427,40
2024-09-17 06:00:00,43,774,56
2024-09-17 07:00:00,144,864,106
2024-09-17 08:00:00,94,700,52
2024-09-17 09:00:00,78,616,26
2024-09-17 10:00:00,109,585,23
2024-09-17 11:00:00,119,619,33
2024-09-17 12:00:00,149,659,36
2024-09-17 13:00:00,99,749,27
2024-09-17 14:00:00,133,770,36
2024-09-17 15:00:00,160,884,71
2024-09-17 16:00:00,186,937,128
2024-09-17 17:00:00,206,876,74
2024-09-17 18:00:00,155,701,46
2024-09-17 19:00:00,74,573,39
2024-09-17 20:00:00,55,474,41
2024-09-17 21:00:00,44,357,34
2024-09-17 22:00:00,16,217,18
2024-09-17 23:00:00,7,102,9
2024-09-18 00:00:00,4,80,2
2024-09-18 01:00:00,4,66,3
2024-09-18 02:00:00,1,66,2
2024-09-18 03:00:00,6,70,1
2024-09-18 04:00:00,9,165,18
2024-09-18 05:00:00,16,425,35
2024-09-18 06:00:00,66,909,58
2024-09-18 07:00:00,113,860,111
2024-09-18 08:00:00,78,711,47
2024-09-18 09:00:00,98,573,28
2024-09-18 10:00:00,68,641,23
2024-09-18 11:00:00,125,635,27
2024-09-18 12:00:00,132,688,36
2024-09-18 13:00:00,176,724,42
2024-09-18 14:00:00,167,803,48
2024-09-18 15:00:00,199,936,71
2024-09-18 16:00:00,226,968,125
2024-09-18 17:00:00,213,899,80
2024-09-18 18:00:00,215,707,54
2024-09-18 19:00:00,127,611,52
2024-09-18 20:00:00,61,493,36
2024-09-18 21:00:00,32,436,24
2024-09-18 22:00:00,16,248,16
2024-09-18 23:00:00,13,150,4
2024-09-19 00:00:00,0,85,2
2024-09-19 01:00:00,3,55,8
2024-09-19 02:00:00,4,66,1
2024-09-19 03:00:00,4,67,1
2024-09-19 04:00:00,2,174,20
2024-09-19 05:00:00,23,427,41
2024-09-19 06:00:00,57,792,70
2024-09-19 07:00:00,131,852,90
2024-09-19 08:00:00,92,705,53
2024-09-19 09:00:00,74,614,24
2024-09-19 10:00:00,112,585,22
2024-09-19 11:00:00,133,643,26
2024-09-19 12:00:00,129,675,25
2024-09-19 13:00:00,136,710,40
2024-09-19 14:00:00,157,815,44
2024-09-19 15:00:00,174,844,80
2024-09-19 16:00:00,217,962,112
2024-09-19 17:00:00,211,875,67
2024-09-19 18:00:00,163,734,61
2024-09-19 19:00:00,106,619,57
2024-09-19 20:00:00,61,545,31
2024-09-19 21:00:00,45,413,20
2024-09-19 22:00:00,18,261,21
2024-09-19 23:00:00,1,143,13
2024-09-20 00:00:00,7,121,6
2024-09-20 01:00:00,3,81,2
2024-09-20 02:00:00,2,60,1
2024-09-20 03:00:00,4,72,1
2024-09-20 04:00:00,1,151,17
2024-09-20 05:00:00,19,434,27
2024-09-20 06:00:00,58,735,45
2024-09-20 07:00:00,135,847,74
2024-09-20 08:00:00,101,677,33
2024-09-20 09:00:00,108,631,30
2024-09-20 10:00:00,102,661,32
2024-09-20 11:00:00,140,732,28
2024-09-20 12:00:00,172,739,32
2024-09-20 13:00:00,147,796,32
2024-09-20 14:00:00,116,803,43
2024-09-20 15:00:00,174,922,48
2024-09-20 16:00:00,129,967,70
2024-09-20 17:00:00,179,921,55
2024-09-20 18:00:00,164,757,39
2024-09-20 19:00:00,109,618,29
2024-09-20 20:00:00,95,435,22
2024-09-20 21:00:00,60,475,19
2024-09-20 22:00:00,29,374,15
2024-09-20 23:00:00,16,319,19
2024-09-21 00:00:00,15,252,10
2024-09-21 01:00:00,22,193,4
2024-09-21 02:00:00,5,177,6
2024-09-21 03:00:00,3,113,1
2024-09-21 04:00:00,4,117,8
2024-09-21 05:00:00,5,203,14
2024-09-21 06:00:00,10,291,8
2024-09-21 07:00:00,32,496,17
2024-09-21 08:00:00,84,627,12
2024-09-21 09:00:00,128,779,16
2024-09-21 10:00:00,212,824,27
2024-09-21 11:00:00,214,946,11
2024-09-21 12:00:00,178,938,26
2024-09-21 13:00:00,200,869,36
2024-09-21 14:00:00,188,801,25
2024-09-21 15:00:00,169,789,29
2024-09-21 16:00:00,211,799,40
2024-09-21 17:00:00,201,801,33
2024-09-21 18:00:00,195,741,39
2024-09-21 19:00:00,114,600,26
2024-09-21 20:00:00,89,525,24
2024-09-21 21:00:00,60,522,21
2024-09-21 22:00:00,47,510,24
2024-09-21 23:00:00,14,408,6
2024-09-22 00:00:00,13,342,5
2024-09-22 01:00:00,7,325,6
2024-09-22 02:00:00,8,233,4
2024-09-22 03:00:00,6,181,4
2024-09-22 04:00:00,2,120,6
2024-09-22 05:00:00,5,174,13
2024-09-22 06:00:00,4,188,6
2024-09-22 07:00:00,18,299,6
2024-09-22 08:00:00,24,457,7
2024-09-22 09:00:00,109,659,7
2024-09-22 10:00:00,99,773,9
2024-09-22 11:00:00,122,897,14
2024-09-22 12:00:00,165,867,19
2024-09-22 13:00:00,217,807,18
2024-09-22 14:00:00,209,737,27
2024-09-22 15:00:00,112,835,21
2024-09-22 16:00:00,79,697,13
2024-09-22 17:00:00,90,628,18
2024-09-22 18:00:00,45,546,20
2024-09-22 19:00:00,28,445,22
2024-09-22 20:00:00,30,341,15
2024-09-22 21:00:00,21,282,15
2024-09-22 22:00:00,4,221,16
2024-09-22 23:00:00,3,115,4
2024-09-23 00:00:00,0,79,3
2024-09-23 01:00:00,0,59,1
2024-09-23 02:00:00,1,62,4
2024-09-23 03:00:00,1,72,10
2024-09-23 04:00:00,0,157,13
2024-09-23 05:00:00,6,446,21
2024-09-23 06:00:00,45,785,43
2024-09-23 07:00:00,88,896,64
2024-09-23 08:00:00,76,668,22
2024-09-23 09:00:00,59,626,18
2024-09-23 10:00:00,77,590,13
2024-09-23 11:00:00,81,627,13
2024-09-23 12:00:00,113,670,12
2024-09-23 13:00:00,87,739,17
2024-09-23 14:00:00,111,774,33
2024-09-23 15:00:00,117,885,47
2024-09-23 16:00:00,190,930,57
2024-09-23 17:00:00,151,877,38
2024-09-23 18:00:00,74,635,23
2024-09-23 19:00:00,52,523,14
2024-09-23 20:00:00,39,378,16
2024-09-23 21:00:00,16,293,14
2024-09-23 22:00:00,4,167,8
2024-09-23 23:00:00,0,110,8
2024-09-24 00:00:00,3,61,7
2024-09-24 01:00:00,1,76,4
2024-09-24 02:00:00,0,59,3
2024-09-24 03:00:00,2,73,7
2024-09-24 04:00:00,0,197,9
2024-09-24 05:00:00,20,445,35
2024-09-24 06:00:00,58,834,62
2024-09-24 07:00:00,132,813,83
2024-09-24 08:00:00,98,708,35
2024-09-24 09:00:00,112,599,25
2024-09-24 10:00:00,107,581,25
2024-09-24 11:00:00,116,674,30
2024-09-24 12:00:00,121,668,21
2024-09-24 13:00:00,138,742,32
2024-09-24 14:00:00,130,782,43
2024-09-24 15:00:00,122,856,82
2024-09-24 16:00:00,217,949,94
2024-09-24 17:00:00,189,906,66
2024-09-24 18:00:00,128,689,53
2024-09-24 19:00:00,95,588,29
2024-09-24 20:00:00,49,469,25
2024-09-24 21:00:00,22,359,8
2024-09-24 22:00:00,13,215,11
2024-09-24 23:00:00,6,127,7
2024-09-25 00:00:00,0,87,4
2024-09-25 01:00:00,6,76,1
2024-09-25 02:00:00,0,66,3
2024-09-25 03:00:00,4,72,2
2024-09-25 04:00:00,1,159,11
2024-09-25 05:00:00,17,457,32
2024-09-25 06:00:00,64,878,75
2024-09-25 07:00:00,120,873,104
2024-09-25 08:00:00,73,642,39
2024-09-25 09:00:00,107,621,26
2024-09-25 10:00:00,121,615,30
2024-09-25 11:00:00,91,633,27
2024-09-25 12:00:00,110,715,23
2024-09-25 13:00:00,110,734,29
2024-09-25 14:00:00,109,851,35
2024-09-25 15:00:00,79,872,51
2024-09-25 16:00:00,164,1017,92
2024-09-25 17:00:00,212,920,60
2024-09-25 18:00:00,138,761,54
2024-09-25 19:00:00,76,556,34
2024-09-25 20:00:00,50,438,31
2024-09-25 21:00:00,47,414,23
2024-09-25 22:00:00,15,244,11
2024-09-25 23:00:00,1,132,9
2024-09-26 00:00:00,0,76,6
2024-09-26 01:00:00,0,78,8
2024-09-26 02:00:00,2,61,6
2024-09-26 03:00:00,0,85,0
2024-09-26 04:00:00,0,180,22
2024-09-26 05:00:00,18,425,34
2024-09-26 06:00:00,64,803,52
2024-09-26 07:00:00,148,768,91
2024-09-26 08:00:00,95,682,42
2024-09-26 09:00:00,92,652,25
2024-09-26 10:00:00,96,629,24
2024-09-26 11:00:00,129,697,25
2024-09-26 12:00:00,132,693,23
2024-09-26 13:00:00,144,750,34
2024-09-26 14:00:00,180,810,36
2024-09-26 15:00:00,142,940,70
2024-09-26 16:00:00,189,974,69
2024-09-26 17:00:00,164,993,61
2024-09-26 18:00:00,117,788,40
2024-09-26 19:00:00,79,606,39
2024-09-26 20:00:00,57,513,17
2024-09-26 21:00:00,51,503,23
2024-09-26 22:00:00,12,276,17
2024-09-26 23:00:00,0,167,13
2024-09-27 00:00:00,1,125,6
2024-09-27 01:00:00,1,92,5
2024-09-27 02:00:00,1,93,5
2024-09-27 03:00:00,1,94,1
2024-09-27 04:00:00,0,186,13
2024-09-27 05:00:00,10,406,20
2024-09-27 06:00:00,40,796,41
2024-09-27 07:00:00,120,828,73
2024-09-27 08:00:00,87,754,37
2024-09-27 09:00:00,92,629,28
2024-09-27 10:00:00,106,674,26
2024-09-27 11:00:00,164,731,29
2024-09-27 12:00:00,134,735,33
2024-09-27 13:00:00,176,859,28
2024-09-27 14:00:00,206,897,36
2024-09-27 15:00:00,191,860,49
2024-09-27 16:00:00,234,975,77
2024-09-27 17:00:00,228,878,43
2024-09-27 18:00:00,182,841,54
2024-09-27 19:00:00,102,690,35
2024-09-27 20:00:00,73,533,26
2024-09-27 21:00:00,69,558,23
2024-09-27 22:00:00,42,457,21
2024-09-27 23:00:00,21,364,19
2024-09-28 00:00:00,8,268,9
2024-09-28 01:00:00,16,213,2
2024-09-28 02:00:00,18,200,9
2024-09-28 03:00:00,10,138,5
2024-09-28 04:00:00,9,126,9
2024-09-28 05:00:00,3,225,18
2024-09-28 06:00:00,12,276,6
2024-09-28 07:00:00,54,465,19
2024-09-28 08:00:00,118,642,21
2024-09-28 09:00:00,147,729,32
2024-09-28 10:00:00,193,834,32
2024-09-28 11:00:00,228,886,40
2024-09-28 12:00:00,229,981,24
2024-09-28 13:00:00,220,965,29
2024-09-28 14:00:00,241,766,30
2024-09-28 15:00:00,182,895,34
2024-09-28 16:00:00,234,844,38
2024-09-28 17:00:00,207,800,45
2024-09-28 18:00:00,160,777,28
2024-09-28 19:00:00,93,617,26
2024-09-28 20:00:00,93,549,24
2024-09-28 21:00:00,62,562,15
2024-09-28 22:00:00,70,519,14
2024-09-28 23:00:00,75,451,12
2024-09-29 00:00:00,36,358,14
2024-09-29 01:00:00,14,312,7
2024-09-29 02:00:00,27,289,10
2024-09-29 03:00:00,16,196,2
2024-09-29 04:00:00,3,129,4
2024-09-29 05:00:00,7,168,11
2024-09-29 06:00:00,13,218,11
2024-09-29 07:00:00,20,303,10
2024-09-29 08:00:00,56,536,14
2024-09-29 09:00:00,115,671,11
2024-09-29 10:00:00,180,783,21
2024-09-29 11:00:00,228,868,19
2024-09-29 12:00:00,233,871,31
2024-09-29 13:00:00,183,804,23
2024-09-29 14:00:00,254,744,27
2024-09-29 15:00:00,142,791,24
2024-09-29 16:00:00,89,652,12
2024-09-29 17:00:00,100,616,20
2024-09-29 18:00:00,29,586,7
2024-09-29 19:00:00,4,409,8
2024-09-29 20:00:00,11,311,10
2024-09-29 21:00:00,2,304,49
2024-09-29 22:00:00,0,172,19
2024-09-29 23:00:00,0,114,10
2024-09-30 00:00:00,1,97,7
2024-09-30 01:00:00,2,70,6
2024-09-30 02:00:00,0,59,0
2024-09-30 03:00:00,0,62,3
2024-09-30 04:00:00,1,160,14
2024-09-30 05:00:00,11,432,23
2024-09-30 06:00:00,58,847,48
2024-09-30 07:00:00,122,846,66
2024-09-30 08:00:00,102,656,28
2024-09-30 09:00:00,93,573,27
2024-09-30 10:00:00,112,590,25
2024-09-30 11:00:00,124,709,29
2024-09-30 12:00:00,126,692,20
2024-09-30 13:00:00,128,757,22
2024-09-30 14:00:00,174,824,30
2024-09-30 15:00:00,164,854,66
2024-09-30 16:00:00,206,998,122
2024-09-30 17:00:00,176,821,76
2024-09-30 18:00:00,130,733,43
2024-09-30 19:00:00,54,529,30
2024-09-30 20:00:00,37,420,20
2024-09-30 21:00:00,28,343,22
2024-09-30 22:00:00,14,182,14
2024-09-30 23:00:00,7,118,6
2024-10-01 00:00:00,5,73,4
2024-10-01 01:00:00,4,63,2
2024-10-01 02:00:00,3,47,2
2024-10-01 03:00:00,5,66,4
2024-10-01 04:00:00,4,172,16
2024-10-01 05:00:00,20,441,41
2024-10-01 06:00:00,56,870,66
2024-10-01 07:00:00,112,870,99
2024-10-01 08:00:00,88,693,43
2024-10-01 09:00:00,79,680,25
2024-10-01 10:00:00,110,628,20
2024-10-01 11:00:00,129,652,26
2024-10-01 12:00:00,148,648,29
2024-10-01 13:00:00,128,653,39
2024-10-01 14:00:00,169,802,33
2024-10-01 15:00:00,142,922,70
2024-10-01 16:00:00,192,939,118
2024-10-01 17:00:00,191,950,76
2024-10-01 18:00:00,126,768,55
2024-10-01 19:00:00,84,553,28
2024-10-01 20:00:00,38,453,29
2024-10-01 21:00:00,53,451,17
2024-10-01 22:00:00,18,178,5
2024-10-01 23:00:00,11,117,11
2024-10-02 00:00:00,3,83,7
2024-10-02 01:00:00,1,64,1
2024-10-02 02:00:00,1,40,4
2024-10-02 03:00:00,3,61,4
2024-10-02 04:00:00,1,186,13
2024-10-02 05:00:00,11,476,39
2024-10-02 06:00:00,50,884,72
2024-10-02 07:00:00,111,777,105
2024-10-02 08:00:00,122,718,40
2024-10-02 09:00:00,83,626,19
2024-10-02 10:00:00,112,618,17
2024-10-02 11:00:00,137,705,33
2024-10-02 12:00:00,165,688,32
2024-10-02 13:00:00,119,734,30
2024-10-02 14:00:00,160,796,35
2024-10-02 15:00:00,192,861,82
2024-10-02 16:00:00,231,990,110
2024-10-02 17:00:00,207,966,78
2024-10-02 18:00:00,158,809,45
2024-10-02 19:00:00,79,577,45
2024-10-02 20:00:00,57,499,26
2024-10-02 21:00:00,47,472,32
2024-10-02 22:00:00,17,242,10
2024-10-02 23:00:00,15,152,11
2024-10-03 00:00:00,4,71,10
2024-10-03 01:00:00,5,74,3
2024-10-03 02:00:00,2,66,3
2024-10-03 03:00:00,3,71,3
2024-10-03 04:00:00,0,174,13
2024-10-03 05:00:00,19,465,39
2024-10-03 06:00:00,64,870,72
2024-10-03 07:00:00,121,844,100
2024-10-03 08:00:00,116,691,47
2024-10-03 09:00:00,92,636,21
2024-10-03 10:00:00,116,641,24
2024-10-03 11:00:00,152,689,30
2024-10-03 12:00:00,163,743,29
2024-10-03 13:00:00,150,811,37
2024-10-03 14:00:00,193,791,53
2024-10-03 15:00:00,167,863,74
2024-10-03 16:00:00,281,931,114
2024-10-03 17:00:00,227,936,90
2024-10-03 18:00:00,163,812,48
2024-10-03 19:00:00,121,585,37
2024-10-03 20:00:00,95,525,35
2024-10-03 21:00:00,59,484,21
2024-10-03 22:00:00,41,306,20
2024-10-03 23:00:00,11,142,14
2024-10-04 00:00:00,4,125,7
2024-10-04 01:00:00,8,85,6
2024-10-04 02:00:00,3,79,2
2024-10-04 03:00:00,6,77,2
2024-10-04 04:00:00,5,166,19
2024-10-04 05:00:00,11,413,41
2024-10-04 06:00:00,58,798,49
2024-10-04 07:00:00,111,823,74
2024-10-04 08:00:00,115,688,36
2024-10-04 09:00:00,121,620,38
2024-10-04 10:00:00,135,706,20
2024-10-04 11:00:00,182,769,36
2024-10-04 12:00:00,148,688,28
2024-10-04 13:00:00,151,782,28
2024-10-04 14:00:00,173,879,49
2024-10-04 15:00:00,166,917,61
2024-10-04 16:00:00,253,976,82
2024-10-04 17:00:00,277,985,61
2024-10-04 18:00:00,222,813,67
2024-10-04 19:00:00,183,657,29
2024-10-04 20:00:00,106,531,28
2024-10-04 21:00:00,107,508,19
2024-10-04 22:00:00,78,424,17
2024-10-04 23:00:00,49,342,14
2024-10-05 00:00:00,31,264,8
2024-10-05 01:00:00,33,257,6
2024-10-05 02:00:00,21,187,4
2024-10-05 03:00:00,28,142,3
2024-10-05 04:00:00,2,115,8
2024-10-05 05:00:00,5,238,12
2024-10-05 06:00:00,12,287,11
2024-10-05 07:00:00,46,482,22
2024-10-05 08:00:00,129,688,32
2024-10-05 09:00:00,192,794,27
2024-10-05 10:00:00,149,839,40
2024-10-05 11:00:00,214,915,40
2024-10-05 12:00:00,273,913,38
2024-10-05 13:00:00,216,873,34
2024-10-05 14:00:00,266,840,25
2024-10-05 15:00:00,170,857,37
2024-10-05 16:00:00,230,892,38
2024-10-05 17:00:00,167,813,31
2024-10-05 18:00:00,115,739,23
2024-10-05 19:00:00,111,601,27
2024-10-05 20:00:00,85,517,22
2024-10-05 21:00:00,56,547,21
2024-10-05 22:00:00,19,539,12
2024-10-05 23:00:00,8,457,16
2024-10-06 00:00:00,15,317,8
2024-10-06 01:00:00,3,282,5
2024-10-06 02:00:00,6,226,5
2024-10-06 03:00:00,6,165,2
2024-10-06 04:00:00,3,125,3
2024-10-06 05:00:00,3,176,11
2024-10-06 06:00:00,7,181,13
2024-10-06 07:00:00,18,294,16
2024-10-06 08:00:00,39,559,15
2024-10-06 09:00:00,97,703,28
2024-10-06 10:00:00,185,803,19
2024-10-06 11:00:00,210,978,20
2024-10-06 12:00:00,212,1021,27
2024-10-06 13:00:00,243,833,30
2024-10-06 14:00:00,177,768,30
2024-10-06 15:00:00,71,851,15
2024-10-06 16:00:00,56,756,17
2024-10-06 17:00:00,93,678,18
2024-10-06 18:00:00,62,547,14
2024-10-06 19:00:00,31,464,14
2024-10-06 20:00:00,17,400,7
2024-10-06 21:00:00,10,327,11
2024-10-06 22:00:00,3,177,10
2024-10-06 23:00:00,1,97,9
2024-10-07 00:00:00,3,81,3
2024-10-07 01:00:00,1,66,6
2024-10-07 02:00:00,1,51,3
2024-10-07 03:00:00,2,63,3
2024-10-07 04:00:00,0,166,12
2024-10-07 05:00:00,16,460,32
2024-10-07 06:00:00,59,825,63
2024-10-07 07:00:00,112,847,91
2024-10-07 08:00:00,93,648,30
2024-10-07 09:00:00,120,600,22
2024-10-07 10:00:00,121,644,21
2024-10-07 11:00:00,143,667,33
2024-10-07 12:00:00,132,670,27
2024-10-07 13:00:00,153,727,29
2024-10-07 14:00:00,139,804,39
2024-10-07 15:00:00,197,873,81
2024-10-07 16:00:00,218,971,92
2024-10-07 17:00:00,189,815,80
2024-10-07 18:00:00,153,634,53
2024-10-07 19:00:00,50,489,24
2024-10-07 20:00:00,40,386,19
2024-10-07 21:00:00,22,337,16
2024-10-07 22:00:00,7,168,5
2024-10-07 23:00:00,2,110,5
2024-10-08 00:00:00,4,94,7
2024-10-08 01:00:00,3,56,2
2024-10-08 02:00:00,0,47,1
2024-10-08 03:00:00,1,58,2
2024-10-08 04:00:00,2,173,18
2024-10-08 05:00:00,16,436,31
2024-10-08 06:00:00,65,806,59
2024-10-08 07:00:00,123,782,78
2024-10-08 08:00:00,63,744,29
2024-10-08 09:00:00,65,642,18
2024-10-08 10:00:00,65,638,12
2024-10-08 11:00:00,113,698,18
2024-10-08 12:00:00,57,696,12
2024-10-08 13:00:00,71,806,21
2024-10-08 14:00:00,81,829,23
2024-10-08 15:00:00,120,933,47
2024-10-08 16:00:00,187,960,79
2024-10-08 17:00:00,133,901,52
2024-10-08 18:00:00,123,778,33
2024-10-08 19:00:00,78,590,19
2024-10-08 20:00:00,47,470,12
2024-10-08 21:00:00,30,393,12
2024-10-08 22:00:00,11,245,15
2024-10-08 23:00:00,0,143,17
2024-10-09 00:00:00,2,86,3
2024-10-09 01:00:00,5,67,7
2024-10-09 02:00:00,1,67,1
2024-10-09 03:00:00,1,77,2
2024-10-09 04:00:00,3,198,19
2024-10-09 05:00:00,20,482,31
2024-10-09 06:00:00,57,781,58
2024-10-09 07:00:00,157,666,98
2024-10-09 08:00:00,91,580,27
2024-10-09 09:00:00,100,617,26
2024-10-09 10:00:00,117,614,21
2024-10-09 11:00:00,103,678,29
2024-10-09 12:00:00,116,743,44
2024-10-09 13:00:00,136,707,22
2024-10-09 14:00:00,134,794,38
2024-10-09 15:00:00,163,876,55
2024-10-09 16:00:00,218,976,88
2024-10-09 17:00:00,189,923,73
2024-10-09 18:00:00,146,781,57
2024-10-09 19:00:00,71,561,40
2024-10-09 20:00:00,51,505,29
2024-10-09 21:00:00,28,428,18
2024-10-09 22:00:00,14,224,20
2024-10-09 23:00:00,1,158,8
2024-10-10 00:00:00,4,96,3
2024-10-10 01:00:00,4,67,3
2024-10-10 02:00:00,0,62,1
2024-10-10 03:00:00,0,74,1
2024-10-10 04:00:00,0,213,15
2024-10-10 05:00:00,7,440,33
2024-10-10 06:00:00,53,787,56
2024-10-10 07:00:00,136,629,78
2024-10-10 08:00:00,106,633,29
2024-10-10 09:00:00,101,636,17
2024-10-10 10:00:00,90,618,22
2024-10-10 11:00:00,141,666,31
2024-10-10 12:00:00,159,704,24
2024-10-10 13:00:00,115,775,25
2024-10-10 14:00:00,180,798,34
2024-10-10 15:00:00,180,919,56
2024-10-10 16:00:00,239,957,100
2024-10-10 17:00:00,196,936,61
2024-10-10 18:00:00,146,783,49
2024-10-10 19:00:00,88,621,40
2024-10-10 20:00:00,71,500,25
2024-10-10 21:00:00,50,523,15
2024-10-10 22:00:00,27,329,13
2024-10-10 23:00:00,8,193,6
2024-10-11 00:00:00,6,107,6
2024-10-11 01:00:00,2,88,3
2024-10-11 02:00:00,1,86,1
2024-10-11 03:00:00,3,86,5
2024-10-11 04:00:00,3,161,21
2024-10-11 05:00:00,19,398,35
2024-10-11 06:00:00,55,830,48
2024-10-11 07:00:00,109,854,81
2024-10-11 08:00:00,101,710,37
2024-10-11 09:00:00,114,632,24
2024-10-11 10:00:00,109,664,24
2024-10-11 11:00:00,162,702,35
2024-10-11 12:00:00,176,733,28
2024-10-11 13:00:00,151,869,44
2024-10-11 14:00:00,145,882,55
2024-10-11 15:00:00,227,949,65
2024-10-11 16:00:00,311,964,82
2024-10-11 17:00:00,286,942,66
2024-10-11 18:00:00,200,799,38
2024-10-11 19:00:00,137,651,35
2024-10-11 20:00:00,126,514,19
2024-10-11 21:00:00,138,548,28
2024-10-11 22:00:00,34,397,13
2024-10-11 23:00:00,22,326,22
2024-10-12 00:00:00,11,280,4
2024-10-12 01:00:00,4,220,7
2024-10-12 02:00:00,3,148,3
2024-10-12 03:00:00,6,112,3
2024-10-12 04:00:00,5,116,7
2024-10-12 05:00:00,4,201,12
2024-10-12 06:00:00,13,319,10
2024-10-12 07:00:00,43,460,22
2024-10-12 08:00:00,120,667,21
2024-10-12 09:00:00,131,804,28
2024-10-12 10:00:00,201,840,31
2024-10-12 11:00:00,209,918,32
2024-10-12 12:00:00,229,914,36
2024-10-12 13:00:00,206,908,29
2024-10-12 14:00:00,212,835,31
2024-10-12 15:00:00,175,804,37
2024-10-12 16:00:00,195,817,48
2024-10-12 17:00:00,188,799,24
2024-10-12 18:00:00,192,779,36
2024-10-12 19:00:00,118,577,29
2024-10-12 20:00:00,98,624,23
2024-10-12 21:00:00,86,579,20
2024-10-12 22:00:00,40,453,16
2024-10-12 23:00:00,26,488,20
2024-10-13 00:00:00,7,374,4
2024-10-13 01:00:00,2,236,6
2024-10-13 02:00:00,1,216,0
2024-10-13 03:00:00,10,182,6
2024-10-13 04:00:00,7,113,3
2024-10-13 05:00:00,7,173,14
2024-10-13 06:00:00,12,205,10
2024-10-13 07:00:00,34,278,12
2024-10-13 08:00:00,57,556,17
2024-10-13 09:00:00,182,696,20
2024-10-13 10:00:00,154,742,28
2024-10-13 11:00:00,185,916,24
2024-10-13 12:00:00,266,928,19
2024-10-13 13:00:00,211,806,11
2024-10-13 14:00:00,220,753,35
2024-10-13 15:00:00,173,802,36
2024-10-13 16:00:00,108,718,32
2024-10-13 17:00:00,107,655,28
2024-10-13 18:00:00,61,544,17
2024-10-13 19:00:00,33,462,20
2024-10-13 20:00:00,17,328,14
2024-10-13 21:00:00,26,264,10
2024-10-13 22:00:00,13,171,5
2024-10-13 23:00:00,4,125,4
2024-10-14 00:00:00,0,86,8
2024-10-14 01:00:00,0,71,5
2024-10-14 02:00:00,1,68,5
2024-10-14 03:00:00,1,69,6
2024-10-14 04:00:00,0,163,12
2024-10-14 05:00:00,7,451,30
2024-10-14 06:00:00,47,839,50
2024-10-14 07:00:00,103,827,83
2024-10-14 08:00:00,99,701,23
2024-10-14 09:00:00,96,633,17
2024-10-14 10:00:00,97,648,22
2024-10-14 11:00:00,117,623,29
2024-10-14 12:00:00,146,684,21
2024-10-14 13:00:00,112,698,31
2024-10-14 14:00:00,205,799,44
2024-10-14 15:00:00,179,899,50
2024-10-14 16:00:00,234,921,91
2024-10-14 17:00:00,181,882,74
2024-10-14 18:00:00,86,625,34
2024-10-14 19:00:00,54,490,26
2024-10-14 20:00:00,58,381,26
2024-10-14 21:00:00,14,352,17
2024-10-14 22:00:00,16,179,11
2024-10-14 23:00:00,3,105,5
2024-10-15 00:00:00,3,82,4
2024-10-15 01:00:00,2,65,3
2024-10-15 02:00:00,0,61,2
2024-10-15 03:00:00,3,69,4
2024-10-15 04:00:00,1,190,18
2024-10-15 05:00:00,16,450,40
2024-10-15 06:00:00,60,846,54
2024-10-15 07:00:00,137,833,95
2024-10-15 08:00:00,74,635,39
2024-10-15 09:00:00,98,539,21
2024-10-15 10:00:00,103,603,26
2024-10-15 11:00:00,119,626,29
2024-10-15 12:00:00,94,577,22
2024-10-15 13:00:00,143,709,38
2024-10-15 14:00:00,181,809,41
2024-10-15 15:00:00,171,905,62
2024-10-15 16:00:00,211,899,89
2024-10-15 17:00:00,204,882,76
2024-10-15 18:00:00,161,694,49
2024-10-15 19:00:00,63,530,26
2024-10-15 20:00:00,38,486,24
2024-10-15 21:00:00,18,445,15
2024-10-15 22:00:00,10,205,7
2024-10-15 23:00:00,11,145,6
2024-10-16 00:00:00,3,75,2
2024-10-16 01:00:00,4,65,2
2024-10-16 02:00:00,1,59,1
2024-10-16 03:00:00,2,78,2
2024-10-16 04:00:00,0,189,14
2024-10-16 05:00:00,8,439,30
2024-10-16 06:00:00,40,934,58
2024-10-16 07:00:00,107,873,79
2024-10-16 08:00:00,79,735,26
2024-10-16 09:00:00,61,639,14
2024-10-16 10:00:00,67,638,12
2024-10-16 11:00:00,95,696,11
2024-10-16 12:00:00,98,716,19
2024-10-16 13:00:00,125,729,26
2024-10-16 14:00:00,159,761,33
2024-10-16 15:00:00,137,913,61
2024-10-16 16:00:00,195,920,84
2024-10-16 17:00:00,135,908,51
2024-10-16 18:00:00,81,821,30
2024-10-16 19:00:00,53,592,20
2024-10-16 20:00:00,56,496,14
2024-10-16 21:00:00,38,398,12
2024-10-16 22:00:00,10,236,13
2024-10-16 23:00:00,2,159,4
2024-10-17 00:00:00,0,104,3
2024-10-17 01:00:00,1,57,1
2024-10-17 02:00:00,2,83,4
2024-10-17 03:00:00,1,93,5
2024-10-17 04:00:00,0,215,14
2024-10-17 05:00:00,5,473,30
2024-10-17 06:00:00,59,869,54
2024-10-17 07:00:00,99,824,100
2024-10-17 08:00:00,120,719,38
2024-10-17 09:00:00,98,629,23
2024-10-17 10:00:00,114,620,23
2024-10-17 11:00:00,169,598,30
2024-10-17 12:00:00,143,764,38
2024-10-17 13:00:00,135,768,41
2024-10-17 14:00:00,210,818,39
2024-10-17 15:00:00,154,926,59
2024-10-17 16:00:00,258,975,111
2024-10-17 17:00:00,242,940,80
2024-10-17 18:00:00,158,733,48
2024-10-17 19:00:00,96,614,46
2024-10-17 20:00:00,94,479,20
2024-10-17 21:00:00,22,414,21
2024-10-17 22:00:00,26,268,17
2024-10-17 23:00:00,10,169,15
2024-10-18 00:00:00,7,100,4
2024-10-18 01:00:00,1,75,8
2024-10-18 02:00:00,3,85,3
2024-10-18 03:00:00,6,77,10
2024-10-18 04:00:00,4,160,14
2024-10-18 05:00:00,10,406,20
2024-10-18 06:00:00,61,786,63
2024-10-18 07:00:00,126,830,82
2024-10-18 08:00:00,124,697,42
2024-10-18 09:00:00,112,644,30
2024-10-18 10:00:00,154,705,26
2024-10-18 11:00:00,154,731,24
2024-10-18 12:00:00,168,776,34
2024-10-18 13:00:00,167,826,46
2024-10-18 14:00:00,184,835,60
2024-10-18 15:00:00,171,963,58
2024-10-18 16:00:00,215,958,92
2024-10-18 17:00:00,177,910,56
2024-10-18 18:00:00,173,895,33
2024-10-18 19:00:00,104,627,21
2024-10-18 20:00:00,64,533,19
2024-10-18 21:00:00,68,534,17
2024-10-18 22:00:00,26,449,17
2024-10-18 23:00:00,19,398,19
2024-10-19 00:00:00,1,281,14
2024-10-19 01:00:00,2,227,7
2024-10-19 02:00:00,0,158,6
2024-10-19 03:00:00,2,109,3
2024-10-19 04:00:00,2,139,8
2024-10-19 05:00:00,3,254,8
2024-10-19 06:00:00,16,336,13
2024-10-19 07:00:00,49,498,18
2024-10-19 08:00:00,91,708,28
2024-10-19 09:00:00,172,856,45
2024-10-19 10:00:00,189,922,29
2024-10-19 11:00:00,276,985,43
2024-10-19 12:00:00,232,941,33
2024-10-19 13:00:00,242,1005,39
2024-10-19 14:00:00,228,934,28
2024-10-19 15:00:00,230,880,35
2024-10-19 16:00:00,204,845,49
2024-10-19 17:00:00,202,927,28
2024-10-19 18:00:00,226,813,32
2024-10-19 19:00:00,145,607,37
2024-10-19 20:00:00,99,548,30
2024-10-19 21:00:00,109,577,15
2024-10-19 22:00:00,44,556,13
2024-10-19 23:00:00,19,449,12
2024-10-20 00:00:00,23,388,15
2024-10-20 01:00:00,6,279,13
2024-10-20 02:00:00,8,232,10
2024-10-20 03:00:00,0,164,2
2024-10-20 04:00:00,2,149,3
2024-10-20 05:00:00,0,177,9
2024-10-20 06:00:00,9,227,10
2024-10-20 07:00:00,20,304,4
2024-10-20 08:00:00,42,580,8
2024-10-20 09:00:00,103,765,13
2024-10-20 10:00:00,162,854,10
2024-10-20 11:00:00,172,993,19
2024-10-20 12:00:00,239,993,17
2024-10-20 13:00:00,213,954,32
2024-10-20 14:00:00,231,903,21
2024-10-20 15:00:00,144,933,20
2024-10-20 16:00:00,117,767,24
2024-10-20 17:00:00,122,810,17
2024-10-20 18:00:00,53,628,29
2024-10-20 19:00:00,42,539,18
2024-10-20 20:00:00,35,368,21
2024-10-20 21:00:00,16,362,15
2024-10-20 22:00:00,7,196,13
2024-10-20 23:00:00,5,128,11
2024-10-21 00:00:00,4,96,2
2024-10-21 01:00:00,3,67,3
2024-10-21 02:00:00,2,60,0
2024-10-21 03:00:00,8,76,6
2024-10-21 04:00:00,4,145,9
2024-10-21 05:00:00,12,428,32
2024-10-21 06:00:00,56,889,57
2024-10-21 07:00:00,100,895,72
2024-10-21 08:00:00,74,654,39
2024-10-21 09:00:00,108,632,17
2024-10-21 10:00:00,113,623,30
2024-10-21 11:00:00,104,680,20
2024-10-21 12:00:00,119,637,30
2024-10-21 13:00:00,128,752,35
2024-10-21 14:00:00,200,838,40
2024-10-21 15:00:00,180,880,67
2024-10-21 16:00:00,153,968,97
2024-10-21 17:00:00,200,785,70
2024-10-21 18:00:00,160,659,40
2024-10-21 19:00:00,74,538,28
2024-10-21 20:00:00,59,446,21
2024-10-21 21:00:00,31,307,12
2024-10-21 22:00:00,22,227,7
2024-10-21 23:00:00,14,113,12
2024-10-22 00:00:00,6,73,3
2024-10-22 01:00:00,0,56,0
2024-10-22 02:00:00,0,41,1
2024-10-22 03:00:00,5,78,11
2024-10-22 04:00:00,1,169,12
2024-10-22 05:00:00,16,478,45
2024-10-22 06:00:00,56,957,69
2024-10-22 07:00:00,124,870,89
2024-10-22 08:00:00,106,704,43
2024-10-22 09:00:00,90,639,23
2024-10-22 10:00:00,99,647,28
2024-10-22 11:00:00,108,708,23
2024-10-22 12:00:00,143,656,33
2024-10-22 13:00:00,96,757,31
2024-10-22 14:00:00,117,792,61
2024-10-22 15:00:00,175,845,62
2024-10-22 16:00:00,197,956,112
2024-10-22 17:00:00,234,920,70
2024-10-22 18:00:00,112,728,46
2024-10-22 19:00:00,59,486,27
2024-10-22 20:00:00,42,453,23
2024-10-22 21:00:00,33,462,14
2024-10-22 22:00:00,21,212,8
2024-10-22 23:00:00,5,135,11
2024-10-23 00:00:00,1,92,3
2024-10-23 01:00:00,2,67,4
2024-10-23 02:00:00,2,53,1
2024-10-23 03:00:00,5,57,3
2024-10-23 04:00:00,3,185,13
2024-10-23 05:00:00,11,460,34
2024-10-23 06:00:00,59,917,65
2024-10-23 07:00:00,115,862,114
2024-10-23 08:00:00,82,713,63
2024-10-23 09:00:00,86,602,24
2024-10-23 10:00:00,98,668,12
2024-10-23 11:00:00,130,665,18
2024-10-23 12:00:00,144,708,32
2024-10-23 13:00:00,155,779,34
2024-10-23 14:00:00,135,804,44
2024-10-23 15:00:00,196,928,78
2024-10-23 16:00:00,226,1019,110
2024-10-23 17:00:00,254,889,69
2024-10-23 18:00:00,172,764,48
2024-10-23 19:00:00,106,579,46
2024-10-23 20:00:00,58,527,22
2024-10-23 21:00:00,68,447,26
2024-10-23 22:00:00,20,245,13
2024-10-23 23:00:00,8,129,10
2024-10-24 00:00:00,7,80,8
2024-10-24 01:00:00,1,64,0
2024-10-24 02:00:00,3,64,2
2024-10-24 03:00:00,1,69,4
2024-10-24 04:00:00,1,168,15
2024-10-24 05:00:00,10,461,25
2024-10-24 06:00:00,53,932,54
2024-10-24 07:00:00,122,879,96
2024-10-24 08:00:00,84,683,38
2024-10-24 09:00:00,108,684,18
2024-10-24 10:00:00,106,612,25
2024-10-24 11:00:00,162,691,32
2024-10-24 12:00:00,148,687,33
2024-10-24 13:00:00,151,737,36
2024-10-24 14:00:00,158,814,45
2024-10-24 15:00:00,187,880,66
2024-10-24 16:00:00,242,977,103
2024-10-24 17:00:00,217,889,74
2024-10-24 18:00:00,142,751,48
2024-10-24 19:00:00,97,595,36
2024-10-24 20:00:00,73,479,27
2024-10-24 21:00:00,33,445,27
2024-10-24 22:00:00,25,286,18
2024-10-24 23:00:00,15,189,16
2024-10-25 00:00:00,3,141,9
2024-10-25 01:00:00,1,96,2
2024-10-25 02:00:00,0,65,2
2024-10-25 03:00:00,2,70,4
2024-10-25 04:00:00,1,170,20
2024-10-25 05:00:00,5,419,23
2024-10-25 06:00:00,39,851,60
2024-10-25 07:00:00,88,722,63
2024-10-25 08:00:00,88,686,30
2024-10-25 09:00:00,111,694,27
2024-10-25 10:00:00,149,670,17
2024-10-25 11:00:00,156,740,18
2024-10-25 12:00:00,140,734,36
2024-10-25 13:00:00,177,721,34
2024-10-25 14:00:00,158,848,44
2024-10-25 15:00:00,236,962,67
2024-10-25 16:00:00,326,953,82
2024-10-25 17:00:00,296,926,68
2024-10-25 18:00:00,195,824,48
2024-10-25 19:00:00,105,651,28
2024-10-25 20:00:00,129,562,23
2024-10-25 21:00:00,84,551,25
2024-10-25 22:00:00,38,451,28
2024-10-25 23:00:00,25,397,22
2024-10-26 00:00:00,10,278,13
2024-10-26 01:00:00,15,236,8
2024-10-26 02:00:00,9,179,5
2024-10-26 03:00:00,7,148,11
2024-10-26 04:00:00,1,156,4
2024-10-26 05:00:00,8,234,13
2024-10-26 06:00:00,15,299,9
2024-10-26 07:00:00,49,489,18
2024-10-26 08:00:00,92,628,28
2024-10-26 09:00:00,145,801,25
2024-10-26 10:00:00,158,832,30
2024-10-26 11:00:00,215,861,29
2024-10-26 12:00:00,247,873,29
2024-10-26 13:00:00,276,897,31
2024-10-26 14:00:00,238,840,38
2024-10-26 15:00:00,297,855,38
2024-10-26 16:00:00,272,832,34
2024-10-26 17:00:00,195,818,45
2024-10-26 18:00:00,137,737,27
2024-10-26 19:00:00,115,614,37
2024-10-26 20:00:00,108,535,31
2024-10-26 21:00:00,67,537,17
2024-10-26 22:00:00,40,503,13
2024-10-26 23:00:00,23,439,8
2024-10-27 00:00:00,12,389,14
2024-10-27 01:00:00,7,346,4
2024-10-27 02:00:00,11,258,10
2024-10-27 03:00:00,6,247,3
2024-10-27 04:00:00,4,164,3
2024-10-27 05:00:00,4,160,3
2024-10-27 06:00:00,6,173,11
2024-10-27 07:00:00,17,190,10
2024-10-27 08:00:00,50,288,16
2024-10-27 09:00:00,64,566,19
2024-10-27 10:00:00,180,816,15
2024-10-27 11:00:00,191,865,25
2024-10-27 12:00:00,253,921,27
2024-10-27 13:00:00,263,904,42
2024-10-27 14:00:00,184,835,38
2024-10-27 15:00:00,231,809,22
2024-10-27 16:00:00,156,742,16
2024-10-27 17:00:00,84,752,22
2024-10-27 18:00:00,54,599,31
2024-10-27 19:00:00,44,588,15
2024-10-27 20:00:00,51,435,12
2024-10-27 21:00:00,23,321,16
2024-10-27 22:00:00,20,275,18
2024-10-27 23:00:00,6,204,9
2024-10-28 00:00:00,2,122,6
2024-10-28 01:00:00,6,86,5
2024-10-28 02:00:00,2,57,4
2024-10-28 03:00:00,2,55,4
2024-10-28 04:00:00,2,69,6
2024-10-28 05:00:00,1,171,16
2024-10-28 06:00:00,14,423,24
2024-10-28 07:00:00,44,763,50
2024-10-28 08:00:00,87,667,64
2024-10-28 09:00:00,98,604,30
2024-10-28 10:00:00,124,622,17
2024-10-28 11:00:00,149,588,23
2024-10-28 12:00:00,152,659,33
2024-10-28 13:00:00,162,672,32
2024-10-28 14:00:00,127,693,17
2024-10-28 15:00:00,148,679,32
2024-10-28 16:00:00,113,880,52
2024-10-28 17:00:00,201,892,88
2024-10-28 18:00:00,136,854,47
2024-10-28 19:00:00,104,609,42
2024-10-28 20:00:00,67,459,31
2024-10-28 21:00:00,46,396,23
2024-10-28 22:00:00,38,350,12
2024-10-28 23:00:00,10,255,11
2024-10-29 00:00:00,2,99,9
2024-10-29 01:00:00,3,76,4
2024-10-29 02:00:00,0,62,2
2024-10-29 03:00:00,5,63,3
2024-10-29 04:00:00,2,74,4
2024-10-29 05:00:00,1,185,15
2024-10-29 06:00:00,14,408,27
2024-10-29 07:00:00,50,793,54
2024-10-29 08:00:00,95,743,93
2024-10-29 09:00:00,97,596,25
2024-10-29 10:00:00,122,662,26
2024-10-29 11:00:00,121,626,27
2024-10-29 12:00:00,162,640,36
2024-10-29 13:00:00,145,693,35
2024-10-29 14:00:00,147,667,34
2024-10-29 15:00:00,162,781,33
2024-10-29 16:00:00,173,817,64
2024-10-29 17:00:00,224,951,101
2024-10-29 18:00:00,182,886,63
2024-10-29 19:00:00,134,683,47
2024-10-29 20:00:00,78,524,34
2024-10-29 21:00:00,46,432,33
2024-10-29 22:00:00,42,419,13
2024-10-29 23:00:00,9,235,17
2024-10-30 00:00:00,4,125,7
2024-10-30 01:00:00,7,70,6
2024-10-30 02:00:00,3,64,0
2024-10-30 03:00:00,3,55,0
2024-10-30 04:00:00,3,71,9
2024-10-30 05:00:00,6,171,24
2024-10-30 06:00:00,13,426,23
2024-10-30 07:00:00,53,801,46
2024-10-30 08:00:00,88,772,85
2024-10-30 09:00:00,109,667,43
2024-10-30 10:00:00,117,657,27
2024-10-30 11:00:00,116,686,13
2024-10-30 12:00:00,187,704,34
2024-10-30 13:00:00,141,711,22
2024-10-30 14:00:00,108,754,33
2024-10-30 15:00:00,146,832,56
2024-10-30 16:00:00,158,888,66
2024-10-30 17:00:00,233,970,82
2024-10-30 18:00:00,194,986,59
2024-10-30 19:00:00,153,788,56
2024-10-30 20:00:00,75,573,37
2024-10-30 21:00:00,47,541,19
2024-10-30 22:00:00,57,461,24
2024-10-30 23:00:00,21,260,11
2024-10-31 00:00:00,3,157,5
2024-10-31 01:00:00,7,125,5
2024-10-31 02:00:00,1,90,2
2024-10-31 03:00:00,3,62,1
2024-10-31 04:00:00,8,85,4
2024-10-31 05:00:00,1,169,17
2024-10-31 06:00:00,23,441,33
2024-10-31 07:00:00,42,785,41
2024-10-31 08:00:00,102,733,79
2024-10-31 09:00:00,88,643,29
2024-10-31 10:00:00,134,732,22
2024-10-31 11:00:00,193,704,25
2024-10-31 12:00:00,173,781,34
2024-10-31 13:00:00,196,744,38
2024-10-31 14:00:00,186,821,30
2024-10-31 15:00:00,154,851,40
2024-10-31 16:00:00,201,937,64
2024-10-31 17:00:00,276,1044,78
2024-10-31 18:00:00,184,1010,53
2024-10-31 19:00:00,162,831,58
2024-10-31 20:00:00,68,590,48
2024-10-31 21:00:00,88,528,30
2024-10-31 22:00:00,50,524,27
2024-10-31 23:00:00,28,294,21
2024-11-01 00:00:00,5,219,10
2024-11-01 01:00:00,7,199,10
2024-11-01 02:00:00,5,141,5
2024-11-01 03:00:00,2,142,2
2024-11-01 04:00:00,5,132,10
2024-11-01 05:00:00,3,192,14
2024-11-01 06:00:00,17,401,29
2024-11-01 07:00:00,45,691,57
2024-11-01 08:00:00,73,653,58
2024-11-01 09:00:00,126,668,34
2024-11-01 10:00:00,130,675,15
2024-11-01 11:00:00,142,719,22
2024-11-01 12:00:00,160,748,23
2024-11-01 13:00:00,187,788,25
2024-11-01 14:00:00,201,797,33
2024-11-01 15:00:00,160,854,45
2024-11-01 16:00:00,198,951,55
2024-11-01 17:00:00,261,951,75
2024-11-01 18:00:00,236,878,58
2024-11-01 19:00:00,167,838,44
2024-11-01 20:00:00,115,666,28
2024-11-01 21:00:00,79,579,26
2024-11-01 22:00:00,74,526,16
2024-11-01 23:00:00,49,467,23
2024-11-02 00:00:00,15,322,14
2024-11-02 01:00:00,12,297,8
2024-11-02 02:00:00,12,277,4
2024-11-02 03:00:00,5,251,6
2024-11-02 04:00:00,17,195,8
2024-11-02 05:00:00,5,154,7
2024-11-02 06:00:00,11,197,16
2024-11-02 07:00:00,19,326,10
2024-11-02 08:00:00,50,456,16
2024-11-02 09:00:00,91,622,27
2024-11-02 10:00:00,120,786,23
2024-11-02 11:00:00,255,826,33
2024-11-02 12:00:00,245,842,29
2024-11-02 13:00:00,194,908,23
2024-11-02 14:00:00,204,894,41
2024-11-02 15:00:00,238,873,42
2024-11-02 16:00:00,220,846,24
2024-11-02 17:00:00,194,875,36
2024-11-02 18:00:00,169,831,31
2024-11-02 19:00:00,132,764,26
2024-11-02 20:00:00,116,652,23
2024-11-02 21:00:00,120,539,22
2024-11-02 22:00:00,67,547,27
2024-11-02 23:00:00,41,503,15
2024-11-03 00:00:00,20,417,13
2024-11-03 01:00:00,11,365,5
2024-11-03 02:00:00,10,332,2
2024-11-03 03:00:00,6,280,7
2024-11-03 04:00:00,11,224,4
2024-11-03 05:00:00,4,129,3
2024-11-03 06:00:00,0,174,17
2024-11-03 07:00:00,14,229,9
2024-11-03 08:00:00,37,281,24
2024-11-03 09:00:00,69,522,18
2024-11-03 10:00:00,149,708,18
2024-11-03 11:00:00,186,779,24
2024-11-03 12:00:00,213,895,35
2024-11-03 13:00:00,251,890,25
2024-11-03 14:00:00,247,884,24
2024-11-03 15:00:00,245,815,24
2024-11-03 16:00:00,111,762,22
2024-11-03 17:00:00,110,683,33
2024-11-03 18:00:00,73,627,25
2024-11-03 19:00:00,34,601,14
2024-11-03 20:00:00,41,425,23
2024-11-03 21:00:00,17,343,17
2024-11-03 22:00:00,21,300,9
2024-11-03 23:00:00,6,203,10
2024-11-04 00:00:00,4,97,5
2024-11-04 01:00:00,0,61,7
2024-11-04 02:00:00,3,59,4
2024-11-04 03:00:00,0,37,0
2024-11-04 04:00:00,4,67,6
2024-11-04 05:00:00,3,167,15
2024-11-04 06:00:00,11,452,35
2024-11-04 07:00:00,58,791,45
2024-11-04 08:00:00,122,845,80
2024-11-04 09:00:00,94,657,30
2024-11-04 10:00:00,103,623,22
2024-11-04 11:00:00,113,642,20
2024-11-04 12:00:00,143,670,34
2024-11-04 13:00:00,126,643,22
2024-11-04 14:00:00,142,754,23
2024-11-04 15:00:00,182,860,41
2024-11-04 16:00:00,191,883,64
2024-11-04 17:00:00,205,1000,103
2024-11-04 18:00:00,179,894,55
2024-11-04 19:00:00,108,645,49
2024-11-04 20:00:00,73,519,23
2024-11-04 21:00:00,44,418,21
2024-11-04 22:00:00,25,307,15
2024-11-04 23:00:00,19,184,15
2024-11-05 00:00:00,3,134,13
2024-11-05 01:00:00,5,71,5
2024-11-05 02:00:00,1,64,5
2024-11-05 03:00:00,0,44,0
2024-11-05 04:00:00,4,69,9
2024-11-05 05:00:00,7,170,11
2024-11-05 06:00:00,12,458,33
2024-11-05 07:00:00,63,857,51
2024-11-05 08:00:00,149,902,84
2024-11-05 09:00:00,111,684,32
2024-11-05 10:00:00,65,659,22
2024-11-05 11:00:00,110,659,15
2024-11-05 12:00:00,139,680,23
2024-11-05 13:00:00,121,650,22
2024-11-05 14:00:00,125,777,27
2024-11-05 15:00:00,174,843,43
2024-11-05 16:00:00,143,914,58
2024-11-05 17:00:00,200,982,114
2024-11-05 18:00:00,180,954,65
2024-11-05 19:00:00,176,747,41
2024-11-05 20:00:00,125,645,34
2024-11-05 21:00:00,102,496,23
2024-11-05 22:00:00,41,469,18
2024-11-05 23:00:00,17,242,10
2024-11-06 00:00:00,6,137,10
2024-11-06 01:00:00,3,81,8
2024-11-06 02:00:00,0,65,1
2024-11-06 03:00:00,2,63,1
2024-11-06 04:00:00,1,67,5
2024-11-06 05:00:00,0,226,13
2024-11-06 06:00:00,10,481,29
2024-11-06 07:00:00,58,906,57
2024-11-06 08:00:00,138,867,94
2024-11-06 09:00:00,66,698,39
2024-11-06 10:00:00,74,602,22
2024-11-06 11:00:00,119,619,18
2024-11-06 12:00:00,149,687,22
2024-11-06 13:00:00,141,689,26
2024-11-06 14:00:00,161,750,21
2024-11-06 15:00:00,165,856,42
2024-11-06 16:00:00,184,972,58
2024-11-06 17:00:00,239,975,100
2024-11-06 18:00:00,158,998,54
2024-11-06 19:00:00,149,782,55
2024-11-06 20:00:00,81,558,43
2024-11-06 21:00:00,45,542,24
2024-11-06 22:00:00,51,435,28
2024-11-06 23:00:00,10,243,9
2024-11-07 00:00:00,4,164,8
2024-11-07 01:00:00,2,93,5
2024-11-07 02:00:00,5,58,2
2024-11-07 03:00:00,4,47,3
2024-11-07 04:00:00,2,74,10
2024-11-07 05:00:00,3,198,14
2024-11-07 06:00:00,7,518,19
2024-11-07 07:00:00,73,866,58
2024-11-07 08:00:00,159,846,77
2024-11-07 09:00:00,116,724,31
2024-11-07 10:00:00,122,590,23
2024-11-07 11:00:00,128,639,18
2024-11-07 12:00:00,132,741,21
2024-11-07 13:00:00,119,676,25
2024-11-07 14:00:00,134,816,29
2024-11-07 15:00:00,179,830,35
2024-11-07 16:00:00,168,897,55
2024-11-07 17:00:00,195,1016,96
2024-11-07 18:00:00,196,926,62
2024-11-07 19:00:00,168,767,45
2024-11-07 20:00:00,92,570,33
2024-11-07 21:00:00,59,550,32
2024-11-07 22:00:00,44,467,16
2024-11-07 23:00:00,18,309,18
2024-11-08 00:00:00,7,161,8
2024-11-08 01:00:00,4,140,5
2024-11-08 02:00:00,3,102,4
2024-11-08 03:00:00,0,70,3
2024-11-08 04:00:00,1,93,14
2024-11-08 05:00:00,5,189,14
2024-11-08 06:00:00,12,465,25
2024-11-08 07:00:00,51,783,58
2024-11-08 08:00:00,121,833,64
2024-11-08 09:00:00,130,662,38
2024-11-08 10:00:00,108,661,21
2024-11-08 11:00:00,158,677,28
2024-11-08 12:00:00,176,786,21
2024-11-08 13:00:00,137,755,30
2024-11-08 14:00:00,129,857,31
2024-11-08 15:00:00,203,850,52
2024-11-08 16:00:00,217,947,64
2024-11-08 17:00:00,235,1010,75
2024-11-08 18:00:00,207,985,47
2024-11-08 19:00:00,170,822,46
2024-11-08 20:00:00,99,577,28
2024-11-08 21:00:00,119,550,19
2024-11-08 22:00:00,73,593,23
2024-11-08 23:00:00,52,463,19
2024-11-09 00:00:00,25,318,19
2024-11-09 01:00:00,13,280,5
2024-11-09 02:00:00,8,206,10
2024-11-09 03:00:00,5,163,4
2024-11-09 04:00:00,4,138,12
2024-11-09 05:00:00,5,124,9
2024-11-09 06:00:00,5,221,15
2024-11-09 07:00:00,20,322,4
2024-11-09 08:00:00,47,479,13
2024-11-09 09:00:00,86,645,22
2024-11-09 10:00:00,148,802,28
2024-11-09 11:00:00,214,828,33
2024-11-09 12:00:00,221,880,21
2024-11-09 13:00:00,184,963,34
2024-11-09 14:00:00,216,873,35
2024-11-09 15:00:00,212,857,25
2024-11-09 16:00:00,202,832,33
2024-11-09 17:00:00,201,889,28
2024-11-09 18:00:00,178,839,38
2024-11-09 19:00:00,122,760,22
2024-11-09 20:00:00,111,601,23
2024-11-09 21:00:00,70,551,26
2024-11-09 22:00:00,57,578,18
2024-11-09 23:00:00,62,519,17
2024-11-10 00:00:00,27,456,10
2024-11-10 01:00:00,12,336,2
2024-11-10 02:00:00,11,289,9
2024-11-10 03:00:00,13,231,8
2024-11-10 04:00:00,16,146,3
2024-11-10 05:00:00,9,111,5
2024-11-10 06:00:00,13,169,11
2024-11-10 07:00:00,15,207,9
2024-11-10 08:00:00,20,305,13
2024-11-10 09:00:00,72,662,9
2024-11-10 10:00:00,155,704,37
2024-11-10 11:00:00,171,752,23
2024-11-10 12:00:00,226,905,26
2024-11-10 13:00:00,247,895,24
2024-11-10 14:00:00,280,840,23
2024-11-10 15:00:00,249,724,15
2024-11-10 16:00:00,148,798,33
2024-11-10 17:00:00,109,777,21
2024-11-10 18:00:00,66,631,31
2024-11-10 19:00:00,59,604,23
2024-11-10 20:00:00,41,457,17
2024-11-10 21:00:00,31,353,14
2024-11-10 22:00:00,16,297,14
2024-11-10 23:00:00,21,209,7
2024-11-11 00:00:00,3,113,10
2024-11-11 01:00:00,1,77,7
2024-11-11 02:00:00,0,63,2
2024-11-11 03:00:00,0,51,2
2024-11-11 04:00:00,1,81,8
2024-11-11 05:00:00,2,196,18
2024-11-11 06:00:00,14,479,19
2024-11-11 07:00:00,78,834,44
2024-11-11 08:00:00,119,893,76
2024-11-11 09:00:00,101,670,32
2024-11-11 10:00:00,104,650,21
2024-11-11 11:00:00,112,620,13
2024-11-11 12:00:00,170,763,22
2024-11-11 13:00:00,169,745,23
2024-11-11 14:00:00,161,782,36
2024-11-11 15:00:00,156,840,47
2024-11-11 16:00:00,199,898,56
2024-11-11 17:00:00,200,983,108
2024-11-11 18:00:00,159,880,59
2024-11-11 19:00:00,101,643,43
2024-11-11 20:00:00,60,542,25
2024-11-11 21:00:00,53,465,26
2024-11-11 22:00:00,25,371,26
2024-11-11 23:00:00,16,185,17
2024-11-12 00:00:00,8,123,11
2024-11-12 01:00:00,9,93,4
2024-11-12 02:00:00,3,35,5
2024-11-12 03:00:00,5,45,3
2024-11-12 04:00:00,2,78,3
2024-11-12 05:00:00,1,165,18
2024-11-12 06:00:00,18,473,41
2024-11-12 07:00:00,54,883,46
2024-11-12 08:00:00,129,917,90
2024-11-12 09:00:00,97,710,41
2024-11-12 10:00:00,57,655,23
2024-11-12 11:00:00,125,623,26
2024-11-12 12:00:00,130,705,26
2024-11-12 13:00:00,135,675,19
2024-11-12 14:00:00,147,779,43
2024-11-12 15:00:00,164,807,51
2024-11-12 16:00:00,184,932,58
2024-11-12 17:00:00,209,1051,109
2024-11-12 18:00:00,164,957,58
2024-11-12 19:00:00,111,772,43
2024-11-12 20:00:00,80,550,42
2024-11-12 21:00:00,35,487,26
2024-11-12 22:00:00,36,386,24
2024-11-12 23:00:00,7,239,11
2024-11-13 00:00:00,9,131,6
2024-11-13 01:00:00,6,81,5
2024-11-13 02:00:00,3,49,3
2024-11-13 03:00:00,4,72,4
2024-11-13 04:00:00,5,59,6
2024-11-13 05:00:00,3,185,15
2024-11-13 06:00:00,11,476,29
2024-11-13 07:00:00,80,945,65
2024-11-13 08:00:00,143,939,87
2024-11-13 09:00:00,107,742,51
2024-11-13 10:00:00,75,671,21
2024-11-13 11:00:00,126,645,22
2024-11-13 12:00:00,138,765,19
2024-11-13 13:00:00,152,767,28
2024-11-13 14:00:00,154,806,30
2024-11-13 15:00:00,173,858,38
2024-11-13 16:00:00,149,921,62
2024-11-13 17:00:00,190,983,106
2024-11-13 18:00:00,177,968,91
2024-11-13 19:00:00,152,808,49
2024-11-13 20:00:00,75,549,40
2024-11-13 21:00:00,31,485,19
2024-11-13 22:00:00,49,433,26
2024-11-13 23:00:00,23,259,23
2024-11-14 00:00:00,16,133,7
2024-11-14 01:00:00,6,102,4
2024-11-14 02:00:00,2,61,3
2024-11-14 03:00:00,0,66,1
2024-11-14 04:00:00,2,64,4
2024-11-14 05:00:00,2,194,17
2024-11-14 06:00:00,7,492,21
2024-11-14 07:00:00,73,886,55
2024-11-14 08:00:00,127,888,91
2024-11-14 09:00:00,122,697,31
2024-11-14 10:00:00,104,617,17
2024-11-14 11:00:00,120,628,12
2024-11-14 12:00:00,131,689,30
2024-11-14 13:00:00,185,719,24
2024-11-14 14:00:00,167,763,31
2024-11-14 15:00:00,165,891,31
2024-11-14 16:00:00,188,872,77
2024-11-14 17:00:00,236,1007,105
2024-11-14 18:00:00,173,909,72
2024-11-14 19:00:00,161,750,62
2024-11-14 20:00:00,100,645,32
2024-11-14 21:00:00,80,540,20
2024-11-14 22:00:00,33,464,20
2024-11-14 23:00:00,20,298,20
2024-11-15 00:00:00,7,200,11
2024-11-15 01:00:00,7,113,7
2024-11-15 02:00:00,1,107,3
2024-11-15 03:00:00,4,64,2
2024-11-15 04:00:00,5,75,11
2024-11-15 05:00:00,8,162,16
2024-11-15 06:00:00,11,419,36
2024-11-15 07:00:00,64,801,45
2024-11-15 08:00:00,140,835,74
2024-11-15 09:00:00,106,730,33
2024-11-15 10:00:00,101,670,26
2024-11-15 11:00:00,109,624,23
2024-11-15 12:00:00,140,743,24
2024-11-15 13:00:00,169,802,29
2024-11-15 14:00:00,183,848,40
2024-11-15 15:00:00,248,874,47
2024-11-15 16:00:00,225,918,54
2024-11-15 17:00:00,204,999,94
2024-11-15 18:00:00,255,956,63
2024-11-15 19:00:00,197,847,40
2024-11-15 20:00:00,96,621,35
2024-11-15 21:00:00,92,567,24
2024-11-15 22:00:00,56,511,20
2024-11-15 23:00:00,33,474,13
2024-11-16 00:00:00,23,358,10
2024-11-16 01:00:00,17,263,11
2024-11-16 02:00:00,27,197,9
2024-11-16 03:00:00,9,165,1
2024-11-16 04:00:00,9,129,6
2024-11-16 05:00:00,3,126,6
2024-11-16 06:00:00,9,211,13
2024-11-16 07:00:00,17,312,12
2024-11-16 08:00:00,67,478,17
2024-11-16 09:00:00,112,650,26
2024-11-16 10:00:00,162,834,27
2024-11-16 11:00:00,271,839,27
2024-11-16 12:00:00,221,916,44
2024-11-16 13:00:00,266,937,36
2024-11-16 14:00:00,272,899,35
2024-11-16 15:00:00,251,833,25
2024-11-16 16:00:00,230,808,29
2024-11-16 17:00:00,240,885,32
2024-11-16 18:00:00,175,842,28
2024-11-16 19:00:00,142,741,38
2024-11-16 20:00:00,121,595,22
2024-11-16 21:00:00,83,531,21
2024-11-16 22:00:00,74,592,9
2024-11-16 23:00:00,60,523,21
2024-11-17 00:00:00,17,551,8
2024-11-17 01:00:00,13,370,6
2024-11-17 02:00:00,10,308,4
2024-11-17 03:00:00,7,241,3
2024-11-17 04:00:00,10,164,6
2024-11-17 05:00:00,3,131,7
2024-11-17 06:00:00,7,175,8
2024-11-17 07:00:00,10,231,6
2024-11-17 08:00:00,22,326,15
2024-11-17 09:00:00,68,572,20
2024-11-17 10:00:00,141,768,18
2024-11-17 11:00:00,240,882,27
2024-11-17 12:00:00,255,920,32
2024-11-17 13:00:00,240,968,28
2024-11-17 14:00:00,220,916,34
2024-11-17 15:00:00,247,851,20
2024-11-17 16:00:00,136,866,18
2024-11-17 17:00:00,106,761,43
2024-11-17 18:00:00,73,696,22
2024-11-17 19:00:00,41,611,16
2024-11-17 20:00:00,46,432,28
2024-11-17 21:00:00,23,384,15
2024-11-17 22:00:00,19,298,7
2024-11-17 23:00:00,6,193,9
2024-11-18 00:00:00,2,136,7
2024-11-18 01:00:00,0,89,3
2024-11-18 02:00:00,0,56,2
2024-11-18 03:00:00,0,55,1
2024-11-18 04:00:00,3,71,3
2024-11-18 05:00:00,5,188,12
2024-11-18 06:00:00,10,475,25
2024-11-18 07:00:00,68,859,51
2024-11-18 08:00:00,132,877,60
2024-11-18 09:00:00,101,653,48
2024-11-18 10:00:00,93,613,18
2024-11-18 11:00:00,118,613,28
2024-11-18 12:00:00,126,627,25
2024-11-18 13:00:00,134,680,21
2024-11-18 14:00:00,110,748,30
2024-11-18 15:00:00,168,829,35
2024-11-18 16:00:00,125,919,55
2024-11-18 17:00:00,109,960,85
2024-11-18 18:00:00,125,926,46
2024-11-18 19:00:00,70,685,33
2024-11-18 20:00:00,20,530,28
2024-11-18 21:00:00,24,463,12
2024-11-18 22:00:00,14,372,8
2024-11-18 23:00:00,4,187,8
2024-11-19 00:00:00,2,111,7
2024-11-19 01:00:00,1,80,3
2024-11-19 02:00:00,4,50,6
2024-11-19 03:00:00,0,62,2
2024-11-19 04:00:00,3,75,3
2024-11-19 05:00:00,0,179,12
2024-11-19 06:00:00,7,494,23
2024-11-19 07:00:00,73,909,51
2024-11-19 08:00:00,115,928,70
2024-11-19 09:00:00,70,766,20
2024-11-19 10:00:00,90,631,14
2024-11-19 11:00:00,79,635,11
2024-11-19 12:00:00,126,679,8
2024-11-19 13:00:00,103,674,19
2024-11-19 14:00:00,120,742,21
2024-11-19 15:00:00,154,823,34
2024-11-19 16:00:00,133,924,49
2024-11-19 17:00:00,184,1037,77
2024-11-19 18:00:00,112,910,42
2024-11-19 19:00:00,122,680,29
2024-11-19 20:00:00,61,520,29
2024-11-19 21:00:00,59,441,18
2024-11-19 22:00:00,36,365,16
2024-11-19 23:00:00,9,200,9
2024-11-20 00:00:00,5,105,7
2024-11-20 01:00:00,2,70,3
2024-11-20 02:00:00,0,77,4
2024-11-20 03:00:00,0,62,5
2024-11-20 04:00:00,1,93,1
2024-11-20 05:00:00,0,195,12
2024-11-20 06:00:00,16,465,25
2024-11-20 07:00:00,64,939,53
2024-11-20 08:00:00,128,956,59
2024-11-20 09:00:00,106,756,45
2024-11-20 10:00:00,98,704,22
2024-11-20 11:00:00,131,671,16
2024-11-20 12:00:00,139,710,32
2024-11-20 13:00:00,132,632,32
2024-11-20 14:00:00,150,753,29
2024-11-20 15:00:00,202,873,43
2024-11-20 16:00:00,144,981,54
2024-11-20 17:00:00,219,1088,87
2024-11-20 18:00:00,183,1037,55
2024-11-20 19:00:00,140,791,48
2024-11-20 20:00:00,92,598,32
2024-11-20 21:00:00,58,516,29
2024-11-20 22:00:00,45,450,27
2024-11-20 23:00:00,10,248,13
2024-11-21 00:00:00,5,180,9
2024-11-21 01:00:00,2,82,3
2024-11-21 02:00:00,4,72,2
2024-11-21 03:00:00,2,66,1
2024-11-21 04:00:00,6,88,2
2024-11-21 05:00:00,4,195,16
2024-11-21 06:00:00,11,486,31
2024-11-21 07:00:00,66,938,54
2024-11-21 08:00:00,153,903,72
2024-11-21 09:00:00,109,652,35
2024-11-21 10:00:00,75,639,15
2024-11-21 11:00:00,106,696,21
2024-11-21 12:00:00,157,674,26
2024-11-21 13:00:00,169,761,22
2024-11-21 14:00:00,145,802,31
2024-11-21 15:00:00,153,881,32
2024-11-21 16:00:00,158,957,57
2024-11-21 17:00:00,182,1107,72
2024-11-21 18:00:00,172,1014,63
2024-11-21 19:00:00,122,817,48
2024-11-21 20:00:00,95,617,36
2024-11-21 21:00:00,59,540,28
2024-11-21 22:00:00,34,476,20
2024-11-21 23:00:00,16,317,11
2024-11-22 00:00:00,7,162,15
2024-11-22 01:00:00,5,133,4
2024-11-22 02:00:00,6,106,1
2024-11-22 03:00:00,0,70,6
2024-11-22 04:00:00,8,91,7
2024-11-22 05:00:00,2,168,18
2024-11-22 06:00:00,16,451,25
2024-11-22 07:00:00,75,868,47
2024-11-22 08:00:00,123,877,68
2024-11-22 09:00:00,138,755,34
2024-11-22 10:00:00,112,665,22
2024-11-22 11:00:00,129,737,27
2024-11-22 12:00:00,154,788,22
2024-11-22 13:00:00,184,808,28
2024-11-22 14:00:00,145,904,47
2024-11-22 15:00:00,215,920,49
2024-11-22 16:00:00,217,1015,57
2024-11-22 17:00:00,211,1058,77
2024-11-22 18:00:00,203,1014,59
2024-11-22 19:00:00,165,826,34
2024-11-22 20:00:00,119,638,36
2024-11-22 21:00:00,77,561,23
2024-11-22 22:00:00,80,562,34
2024-11-22 23:00:00,50,484,14
2024-11-23 00:00:00,29,340,20
2024-11-23 01:00:00,10,301,12
2024-11-23 02:00:00,0,222,6
2024-11-23 03:00:00,2,172,5
2024-11-23 04:00:00,0,125,2
2024-11-23 05:00:00,2,124,5
2024-11-23 06:00:00,0,214,12
2024-11-23 07:00:00,4,321,8
2024-11-23 08:00:00,31,517,21
2024-11-23 09:00:00,78,676,12
2024-11-23 10:00:00,136,793,17
2024-11-23 11:00:00,148,864,15
2024-11-23 12:00:00,169,937,6
2024-11-23 13:00:00,125,945,13
2024-11-23 14:00:00,133,1001,14
2024-11-23 15:00:00,183,932,18
2024-11-23 16:00:00,159,859,19
2024-11-23 17:00:00,108,862,19
2024-11-23 18:00:00,111,862,17
2024-11-23 19:00:00,110,738,15
2024-11-23 20:00:00,96,595,14
2024-11-23 21:00:00,41,503,16
2024-11-23 22:00:00,29,566,10
2024-11-23 23:00:00,8,505,6
2024-11-24 00:00:00,7,441,6
2024-11-24 01:00:00,4,334,9
2024-11-24 02:00:00,1,288,7
2024-11-24 03:00:00,3,229,3
2024-11-24 04:00:00,2,150,5
2024-11-24 05:00:00,2,132,4
2024-11-24 06:00:00,1,174,10
2024-11-24 07:00:00,10,220,4
2024-11-24 08:00:00,16,304,3
2024-11-24 09:00:00,25,517,5
2024-11-24 10:00:00,116,738,8
2024-11-24 11:00:00,138,832,10
2024-11-24 12:00:00,194,944,6
2024-11-24 13:00:00,166,945,10
2024-11-24 14:00:00,187,923,12
2024-11-24 15:00:00,171,898,7
2024-11-24 16:00:00,57,890,10
2024-11-24 17:00:00,46,809,15
2024-11-24 18:00:00,25,776,19
2024-11-24 19:00:00,25,625,6
2024-11-24 20:00:00,28,542,12
2024-11-24 21:00:00,18,383,10
2024-11-24 22:00:00,14,327,12
2024-11-24 23:00:00,10,227,5
2024-11-25 00:00:00,6,160,2
2024-11-25 01:00:00,7,103,6
2024-11-25 02:00:00,7,52,2
2024-11-25 03:00:00,0,60,1
2024-11-25 04:00:00,5,80,5
2024-11-25 05:00:00,8,165,19
2024-11-25 06:00:00,18,474,31
2024-11-25 07:00:00,54,942,36
2024-11-25 08:00:00,125,882,62
2024-11-25 09:00:00,113,740,40
2024-11-25 10:00:00,113,704,15
2024-11-25 11:00:00,138,715,23
2024-11-25 12:00:00,168,709,29
2024-11-25 13:00:00,149,761,20
2024-11-25 14:00:00,157,816,37
2024-11-25 15:00:00,169,914,36
2024-11-25 16:00:00,138,966,44
2024-11-25 17:00:00,132,961,86
2024-11-25 18:00:00,167,908,52
2024-11-25 19:00:00,90,824,39
2024-11-25 20:00:00,51,579,22
2024-11-25 21:00:00,42,517,19
2024-11-25 22:00:00,15,370,9
2024-11-25 23:00:00,8,227,8
2024-11-26 00:00:00,6,150,6
2024-11-26 01:00:00,0,87,2
2024-11-26 02:00:00,2,58,3
2024-11-26 03:00:00,0,57,2
2024-11-26 04:00:00,1,76,7
2024-11-26 05:00:00,0,192,23
2024-11-26 06:00:00,10,526,29
2024-11-26 07:00:00,80,838,54
2024-11-26 08:00:00,125,846,79
2024-11-26 09:00:00,119,777,31
2024-11-26 10:00:00,94,653,30
2024-11-26 11:00:00,96,621,23
2024-11-26 12:00:00,124,697,25
2024-11-26 13:00:00,146,780,26
2024-11-26 14:00:00,92,837,26
2024-11-26 15:00:00,139,868,39
2024-11-26 16:00:00,183,949,59
2024-11-26 17:00:00,173,1018,97
2024-11-26 18:00:00,210,980,61
2024-11-26 19:00:00,126,801,54
2024-11-26 20:00:00,110,550,36
2024-11-26 21:00:00,36,510,30
2024-11-26 22:00:00,24,477,13
2024-11-26 23:00:00,8,230,7
2024-11-27 00:00:00,0,147,10
2024-11-27 01:00:00,0,71,4
2024-11-27 02:00:00,2,52,3
2024-11-27 03:00:00,1,60,4
2024-11-27 04:00:00,2,84,5
2024-11-27 05:00:00,0,202,19
2024-11-27 06:00:00,5,529,21
2024-11-27 07:00:00,55,937,54
2024-11-27 08:00:00,137,823,90
2024-11-27 09:00:00,98,754,48
2024-11-27 10:00:00,93,710,14
2024-11-27 11:00:00,87,704,15
2024-11-27 12:00:00,141,738,12
2024-11-27 13:00:00,106,681,22
2024-11-27 14:00:00,136,796,37
2024-11-27 15:00:00,200,905,46
2024-11-27 16:00:00,173,948,50
2024-11-27 17:00:00,168,1066,100
2024-11-27 18:00:00,196,880,64
2024-11-27 19:00:00,142,705,52
2024-11-27 20:00:00,89,582,38
2024-11-27 21:00:00,57,523,21
2024-11-27 22:00:00,48,462,24
2024-11-27 23:00:00,18,283,15
2024-11-28 00:00:00,12,171,5
2024-11-28 01:00:00,3,101,6
2024-11-28 02:00:00,3,66,5
2024-11-28 03:00:00,1,67,3
2024-11-28 04:00:00,2,53,5
2024-11-28 05:00:00,4,180,22
2024-11-28 06:00:00,11,463,34
2024-11-28 07:00:00,54,909,66
2024-11-28 08:00:00,153,922,72
2024-11-28 09:00:00,111,740,26
2024-11-28 10:00:00,109,699,15
2024-11-28 11:00:00,122,636,14
2024-11-28 12:00:00,138,760,19
2024-11-28 13:00:00,172,715,11
2024-11-28 14:00:00,176,823,33
2024-11-28 15:00:00,201,855,38
2024-11-28 16:00:00,144,927,62
2024-11-28 17:00:00,175,994,80
2024-11-28 18:00:00,161,946,66
2024-11-28 19:00:00,137,819,35
2024-11-28 20:00:00,97,634,34
2024-11-28 21:00:00,70,541,24
2024-11-28 22:00:00,38,527,29
2024-11-28 23:00:00,13,343,17
2024-11-29 00:00:00,10,256,8
2024-11-29 01:00:00,7,135,8
2024-11-29 02:00:00,3,106,2
2024-11-29 03:00:00,0,77,1
2024-11-29 04:00:00,2,93,11
2024-11-29 05:00:00,0,203,18
2024-11-29 06:00:00,13,474,20
2024-11-29 07:00:00,57,905,56
2024-11-29 08:00:00,140,862,56
2024-11-29 09:00:00,146,710,41
2024-11-29 10:00:00,140,732,21
2024-11-29 11:00:00,95,791,15
2024-11-29 12:00:00,168,785,29
2024-11-29 13:00:00,189,772,37
2024-11-29 14:00:00,175,817,17
2024-11-29 15:00:00,164,849,51
2024-11-29 16:00:00,223,903,47
2024-11-29 17:00:00,215,958,77
2024-11-29 18:00:00,221,1032,60
2024-11-29 19:00:00,198,924,40
2024-11-29 20:00:00,127,735,33
2024-11-29 21:00:00,96,572,24
2024-11-29 22:00:00,82,720,19
2024-11-29 23:00:00,75,588,29
2024-11-30 00:00:00,27,438,12
2024-11-30 01:00:00,17,325,15
2024-11-30 02:00:00,21,234,4
2024-11-30 03:00:00,11,213,5
2024-11-30 04:00:00,1,136,5
2024-11-30 05:00:00,4,137,9
2024-11-30 06:00:00,7,253,16
2024-11-30 07:00:00,12,333,13
2024-11-30 08:00:00,63,524,25
2024-11-30 09:00:00,89,638,24
2024-11-30 10:00:00,208,794,21
2024-11-30 11:00:00,255,819,14
2024-11-30 12:00:00,226,920,28
2024-11-30 13:00:00,318,921,27
2024-11-30 14:00:00,237,925,32
2024-11-30 15:00:00,256,910,24
2024-11-30 16:00:00,212,840,34
2024-11-30 17:00:00,175,918,42
2024-11-30 18:00:00,146,956,39
2024-11-30 19:00:00,169,759,32
2024-11-30 20:00:00,131,626,41
2024-11-30 21:00:00,68,524,28
2024-11-30 22:00:00,64,585,23
2024-11-30 23:00:00,55,522,19
2024-12-01 00:00:00,14,485,19
2024-12-01 01:00:00,5,400,8
2024-12-01 02:00:00,3,355,7
2024-12-01 03:00:00,2,288,9
2024-12-01 04:00:00,3,227,6
2024-12-01 05:00:00,1,136,5
2024-12-01 06:00:00,1,204,11
2024-12-01 07:00:00,14,244,11
2024-12-01 08:00:00,19,310,9
2024-12-01 09:00:00,55,507,9
2024-12-01 10:00:00,185,702,18
2024-12-01 11:00:00,232,741,18
2024-12-01 12:00:00,208,919,19
2024-12-01 13:00:00,275,943,26
2024-12-01 14:00:00,280,856,29
2024-12-01 15:00:00,275,812,25
2024-12-01 16:00:00,143,813,25
2024-12-01 17:00:00,118,729,27
2024-12-01 18:00:00,63,696,23
2024-12-01 19:00:00,48,602,15
2024-12-01 20:00:00,46,479,14
2024-12-01 21:00:00,20,422,14
2024-12-01 22:00:00,19,318,13
2024-12-01 23:00:00,9,200,10
2024-12-02 00:00:00,1,140,8
2024-12-02 01:00:00,1,86,4
2024-12-02 02:00:00,3,67,2
2024-12-02 03:00:00,0,81,1
2024-12-02 04:00:00,3,67,6
2024-12-02 05:00:00,1,189,11
2024-12-02 06:00:00,13,522,25
2024-12-02 07:00:00,67,926,60
2024-12-02 08:00:00,118,911,64
2024-12-02 09:00:00,97,708,37
2024-12-02 10:00:00,134,715,20
2024-12-02 11:00:00,108,676,26
2024-12-02 12:00:00,140,724,25
2024-12-02 13:00:00,132,735,23
2024-12-02 14:00:00,140,795,32
2024-12-02 15:00:00,177,850,33
2024-12-02 16:00:00,194,883,50
2024-12-02 17:00:00,182,1043,107
2024-12-02 18:00:00,140,992,54
2024-12-02 19:00:00,85,712,42
2024-12-02 20:00:00,45,511,21
2024-12-02 21:00:00,60,471,17
2024-12-02 22:00:00,23,378,13
2024-12-02 23:00:00,5,197,11
2024-12-03 00:00:00,3,150,9
2024-12-03 01:00:00,1,66,3
2024-12-03 02:00:00,1,71,2
2024-12-03 03:00:00,0,68,2
2024-12-03 04:00:00,2,84,6
2024-12-03 05:00:00,4,181,14
2024-12-03 06:00:00,8,528,40
2024-12-03 07:00:00,62,966,52
2024-12-03 08:00:00,135,946,84
2024-12-03 09:00:00,88,788,30
2024-12-03 10:00:00,92,650,21
2024-12-03 11:00:00,95,661,23
2024-12-03 12:00:00,139,725,41
2024-12-03 13:00:00,141,736,26
2024-12-03 14:00:00,157,839,23
2024-12-03 15:00:00,195,839,38
2024-12-03 16:00:00,152,895,49
2024-12-03 17:00:00,209,1014,112
2024-12-03 18:00:00,171,956,69
2024-12-03 19:00:00,146,756,52
2024-12-03 20:00:00,60,534,29
2024-12-03 21:00:00,64,554,30
2024-12-03 22:00:00,43,431,21
2024-12-03 23:00:00,6,259,10
2024-12-04 00:00:00,2,142,4
2024-12-04 01:00:00,7,73,3
2024-12-04 02:00:00,1,64,7
2024-12-04 03:00:00,1,63,3
2024-12-04 04:00:00,1,81,3
2024-12-04 05:00:00,5,186,17
2024-12-04 06:00:00,12,456,36
2024-12-04 07:00:00,67,964,54
2024-12-04 08:00:00,138,953,81
2024-12-04 09:00:00,93,690,29
2024-12-04 10:00:00,74,690,19
2024-12-04 11:00:00,116,668,17
2024-12-04 12:00:00,150,742,14
2024-12-04 13:00:00,148,720,30
2024-12-04 14:00:00,143,834,39
2024-12-04 15:00:00,160,865,38
2024-12-04 16:00:00,170,959,64
2024-12-04 17:00:00,184,1067,100
2024-12-04 18:00:00,167,941,49
2024-12-04 19:00:00,109,766,44
2024-12-04 20:00:00,57,554,25
2024-12-04 21:00:00,50,515,25
2024-12-04 22:00:00,42,460,17
2024-12-04 23:00:00,7,275,10
2024-12-05 00:00:00,1,178,9
2024-12-05 01:00:00,2,116,5
2024-12-05 02:00:00,1,89,2
2024-12-05 03:00:00,2,72,2
2024-12-05 04:00:00,0,74,3
2024-12-05 05:00:00,0,199,13
2024-12-05 06:00:00,5,500,19
2024-12-05 07:00:00,36,993,46
2024-12-05 08:00:00,128,924,65
2024-12-05 09:00:00,131,729,27
2024-12-05 10:00:00,91,697,19
2024-12-05 11:00:00,94,703,14
2024-12-05 12:00:00,116,701,12
2024-12-05 13:00:00,115,776,17
2024-12-05 14:00:00,139,856,32
2024-12-05 15:00:00,161,920,25
2024-12-05 16:00:00,108,972,44
2024-12-05 17:00:00,120,1059,75
2024-12-05 18:00:00,148,1027,32
2024-12-05 19:00:00,112,798,42
2024-12-05 20:00:00,85,665,19
2024-12-05 21:00:00,65,549,17
2024-12-05 22:00:00,29,519,19
2024-12-05 23:00:00,25,357,21
2024-12-06 00:00:00,8,248,9
2024-12-06 01:00:00,5,179,6
2024-12-06 02:00:00,2,137,4
2024-12-06 03:00:00,1,113,2
2024-12-06 04:00:00,12,92,5
2024-12-06 05:00:00,1,161,12
2024-12-06 06:00:00,13,450,21
2024-12-06 07:00:00,52,870,40
2024-12-06 08:00:00,140,848,45
2024-12-06 09:00:00,132,746,29
2024-12-06 10:00:00,124,667,25
2024-12-06 11:00:00,135,608,17
2024-12-06 12:00:00,181,786,24
2024-12-06 13:00:00,159,808,31
2024-12-06 14:00:00,173,871,36
2024-12-06 15:00:00,215,953,27
2024-12-06 16:00:00,138,987,35
2024-12-06 17:00:00,161,1067,56
2024-12-06 18:00:00,131,1033,39
2024-12-06 19:00:00,115,897,28
2024-12-06 20:00:00,52,726,17
2024-12-06 21:00:00,60,600,17
2024-12-06 22:00:00,26,626,15
2024-12-06 23:00:00,37,587,20
2024-12-07 00:00:00,9,487,13
2024-12-07 01:00:00,2,381,6
2024-12-07 02:00:00,1,307,7
2024-12-07 03:00:00,0,204,5
2024-12-07 04:00:00,1,128,2
2024-12-07 05:00:00,160,127,54
2024-12-07 06:00:00,21,246,110
2024-12-07 07:00:00,21,340,9
2024-12-07 08:00:00,29,466,4
2024-12-07 09:00:00,66,539,9
2024-12-07 10:00:00,133,586,8
2024-12-07 11:00:00,164,772,3
2024-12-07 12:00:00,205,847,11
2024-12-07 13:00:00,273,825,6
2024-12-07 14:00:00,236,846,10
2024-12-07 15:00:00,215,833,12
2024-12-07 16:00:00,203,849,18
2024-12-07 17:00:00,154,961,21
2024-12-07 18:00:00,154,907,18
2024-12-07 19:00:00,176,822,27
2024-12-07 20:00:00,88,601,12
2024-12-07 21:00:00,81,573,13
2024-12-07 22:00:00,56,571,7
2024-12-07 23:00:00,34,551,6
2024-12-08 00:00:00,32,532,14
2024-12-08 01:00:00,21,435,4
2024-12-08 02:00:00,11,382,6
2024-12-08 03:00:00,4,294,3
2024-12-08 04:00:00,3,187,5
2024-12-08 05:00:00,4,132,3
2024-12-08 06:00:00,5,173,10
2024-12-08 07:00:00,9,250,10
2024-12-08 08:00:00,17,310,6
2024-12-08 09:00:00,36,534,6
2024-12-08 10:00:00,98,804,9
2024-12-08 11:00:00,256,807,17
2024-12-08 12:00:00,317,1008,14
2024-12-08 13:00:00,258,1003,25
2024-12-08 14:00:00,268,940,24
2024-12-08 15:00:00,253,869,23
2024-12-08 16:00:00,112,941,12
2024-12-08 17:00:00,93,761,33
2024-12-08 18:00:00,84,660,22
2024-12-08 19:00:00,54,641,17
2024-12-08 20:00:00,32,505,23
2024-12-08 21:00:00,20,411,11
2024-12-08 22:00:00,13,296,7
2024-12-08 23:00:00,5,213,11
2024-12-09 00:00:00,2,154,11
2024-12-09 01:00:00,1,83,4
2024-12-09 02:00:00,1,65,2
2024-12-09 03:00:00,0,54,0
2024-12-09 04:00:00,5,62,10
2024-12-09 05:00:00,4,177,12
2024-12-09 06:00:00,6,484,31
2024-12-09 07:00:00,52,937,56
2024-12-09 08:00:00,124,899,54
2024-12-09 09:00:00,105,756,26
2024-12-09 10:00:00,108,726,20
2024-12-09 11:00:00,120,716,25
2024-12-09 12:00:00,158,704,15
2024-12-09 13:00:00,154,713,21
2024-12-09 14:00:00,140,779,33
2024-12-09 15:00:00,212,884,34
2024-12-09 16:00:00,157,936,46
2024-12-09 17:00:00,185,1028,86
2024-12-09 18:00:00,147,896,50
2024-12-09 19:00:00,84,659,47
2024-12-09 20:00:00,55,557,30
2024-12-09 21:00:00,36,426,23
2024-12-09 22:00:00,28,347,15
2024-12-09 23:00:00,10,219,17
2024-12-10 00:00:00,1,141,7
2024-12-10 01:00:00,0,79,5
2024-12-10 02:00:00,0,64,3
2024-12-10 03:00:00,2,62,1
2024-12-10 04:00:00,4,53,6
2024-12-10 05:00:00,2,174,18
2024-12-10 06:00:00,5,524,32
2024-12-10 07:00:00,47,895,49
2024-12-10 08:00:00,113,902,62
2024-12-10 09:00:00,104,744,48
2024-12-10 10:00:00,89,699,15
2024-12-10 11:00:00,110,706,15
2024-12-10 12:00:00,157,716,27
2024-12-10 13:00:00,102,732,20
2024-12-10 14:00:00,147,794,29
2024-12-10 15:00:00,155,817,35
2024-12-10 16:00:00,154,883,53
2024-12-10 17:00:00,146,1019,95
2024-12-10 18:00:00,166,994,55
2024-12-10 19:00:00,141,755,44
2024-12-10 20:00:00,70,564,36
2024-12-10 21:00:00,60,487,36
2024-12-10 22:00:00,61,449,15
2024-12-10 23:00:00,14,248,9
2024-12-11 00:00:00,11,157,9
2024-12-11 01:00:00,3,103,1
2024-12-11 02:00:00,2,94,8
2024-12-11 03:00:00,2,50,1
2024-12-11 04:00:00,3,68,8
2024-12-11 05:00:00,0,201,15
2024-12-11 06:00:00,12,490,29
2024-12-11 07:00:00,69,944,58
2024-12-11 08:00:00,137,901,77
2024-12-11 09:00:00,91,738,36
2024-12-11 10:00:00,108,680,24
2024-12-11 11:00:00,95,648,16
2024-12-11 12:00:00,109,732,21
2024-12-11 13:00:00,153,717,32
2024-12-11 14:00:00,155,805,31
2024-12-11 15:00:00,161,880,34
2024-12-11 16:00:00,145,954,50
2024-12-11 17:00:00,177,1139,90
2024-12-11 18:00:00,171,994,64
2024-12-11 19:00:00,128,820,50
2024-12-11 20:00:00,70,620,28
2024-12-11 21:00:00,66,540,33
2024-12-11 22:00:00,69,534,17
2024-12-11 23:00:00,23,264,8
2024-12-12 00:00:00,5,189,8
2024-12-12 01:00:00,4,122,2
2024-12-12 02:00:00,5,96,2
2024-12-12 03:00:00,2,74,7
2024-12-12 04:00:00,3,91,9
2024-12-12 05:00:00,3,192,13
2024-12-12 06:00:00,9,487,36
2024-12-12 07:00:00,61,935,54
2024-12-12 08:00:00,121,927,57
2024-12-12 09:00:00,116,716,34
2024-12-12 10:00:00,103,647,18
2024-12-12 11:00:00,153,656,16
2024-12-12 12:00:00,152,727,17
2024-12-12 13:00:00,150,744,21
2024-12-12 14:00:00,160,814,36
2024-12-12 15:00:00,179,914,48
2024-12-12 16:00:00,192,975,55
2024-12-12 17:00:00,201,1005,81
2024-12-12 18:00:00,178,946,60
2024-12-12 19:00:00,153,855,47
2024-12-12 20:00:00,73,663,27
2024-12-12 21:00:00,65,618,20
2024-12-12 22:00:00,36,672,18
2024-12-12 23:00:00,23,442,13
2024-12-13 00:00:00,8,312,4
2024-12-13 01:00:00,3,250,11
2024-12-13 02:00:00,0,203,4
2024-12-13 03:00:00,2,124,4
2024-12-13 04:00:00,1,110,10
2024-12-13 05:00:00,1,201,13
2024-12-13 06:00:00,3,467,21
2024-12-13 07:00:00,31,907,59
2024-12-13 08:00:00,106,883,48
2024-12-13 09:00:00,99,770,25
2024-12-13 10:00:00,109,653,17
2024-12-13 11:00:00,112,707,25
2024-12-13 12:00:00,142,817,27
2024-12-13 13:00:00,169,787,25
2024-12-13 14:00:00,162,901,37
2024-12-13 15:00:00,211,908,36
2024-12-13 16:00:00,222,1015,55
2024-12-13 17:00:00,183,1079,73
2024-12-13 18:00:00,189,1049,54
2024-12-13 19:00:00,169,951,47
2024-12-13 20:00:00,115,724,33
2024-12-13 21:00:00,80,648,19
2024-12-13 22:00:00,64,702,24
2024-12-13 23:00:00,71,593,21
2024-12-14 00:00:00,35,584,19
2024-12-14 01:00:00,27,454,9
2024-12-14 02:00:00,29,366,8
2024-12-14 03:00:00,19,291,4
2024-12-14 04:00:00,11,172,5
2024-12-14 05:00:00,3,152,6
2024-12-14 06:00:00,4,226,12
2024-12-14 07:00:00,7,344,7
2024-12-14 08:00:00,52,496,15
2024-12-14 09:00:00,104,697,19
2024-12-14 10:00:00,193,793,17
2024-12-14 11:00:00,231,945,29
2024-12-14 12:00:00,286,988,29
2024-12-14 13:00:00,265,1002,23
2024-12-14 14:00:00,260,937,28
2024-12-14 15:00:00,233,969,20
2024-12-14 16:00:00,252,904,32
2024-12-14 17:00:00,199,910,42
2024-12-14 18:00:00,202,999,33
2024-12-14 19:00:00,144,856,32
2024-12-14 20:00:00,91,683,15
2024-12-14 21:00:00,86,610,24
2024-12-14 22:00:00,77,639,17
2024-12-14 23:00:00,48,647,10
2024-12-15 00:00:00,25,588,16
2024-12-15 01:00:00,25,437,9
2024-12-15 02:00:00,12,413,6
2024-12-15 03:00:00,10,310,6
2024-12-15 04:00:00,8,206,16
2024-12-15 05:00:00,4,141,3
2024-12-15 06:00:00,9,179,8
2024-12-15 07:00:00,7,208,8
2024-12-15 08:00:00,28,294,10
2024-12-15 09:00:00,28,542,12
2024-12-15 10:00:00,155,775,14
2024-12-15 11:00:00,213,828,19
2024-12-15 12:00:00,270,968,17
2024-12-15 13:00:00,331,958,20
2024-12-15 14:00:00,286,896,28
2024-12-15 15:00:00,272,910,24
2024-12-15 16:00:00,149,925,19
2024-12-15 17:00:00,98,801,28
2024-12-15 18:00:00,67,710,21
2024-12-15 19:00:00,63,625,18
2024-12-15 20:00:00,34,557,17
2024-12-15 21:00:00,33,439,15
2024-12-15 22:00:00,31,290,14
2024-12-15 23:00:00,13,198,14
2024-12-16 00:00:00,2,147,10
2024-12-16 01:00:00,1,85,1
2024-12-16 02:00:00,0,74,10
2024-12-16 03:00:00,0,73,1
2024-12-16 04:00:00,4,73,8
2024-12-16 05:00:00,0,190,14
2024-12-16 06:00:00,9,454,32
2024-12-16 07:00:00,46,958,46
2024-12-16 08:00:00,123,849,67
2024-12-16 09:00:00,88,669,38
2024-12-16 10:00:00,119,673,18
2024-12-16 11:00:00,119,776,23
2024-12-16 12:00:00,147,784,26
2024-12-16 13:00:00,148,725,18
2024-12-16 14:00:00,156,827,24
2024-12-16 15:00:00,156,877,34
2024-12-16 16:00:00,175,944,49
2024-12-16 17:00:00,180,1016,91
2024-12-16 18:00:00,194,920,54
2024-12-16 19:00:00,94,705,39
2024-12-16 20:00:00,56,565,22
2024-12-16 21:00:00,48,430,24
2024-12-16 22:00:00,32,388,14
2024-12-16 23:00:00,6,191,19
2024-12-17 00:00:00,10,119,10
2024-12-17 01:00:00,3,75,3
2024-12-17 02:00:00,7,63,1
2024-12-17 03:00:00,1,40,3
2024-12-17 04:00:00,3,64,6
2024-12-17 05:00:00,2,181,14
2024-12-17 06:00:00,10,424,30
2024-12-17 07:00:00,43,985,78
2024-12-17 08:00:00,115,865,70
2024-12-17 09:00:00,84,732,42
2024-12-17 10:00:00,155,671,21
2024-12-17 11:00:00,97,659,11
2024-12-17 12:00:00,134,777,21
2024-12-17 13:00:00,138,756,28
2024-12-17 14:00:00,137,803,24
2024-12-17 15:00:00,209,799,46
2024-12-17 16:00:00,129,923,61
2024-12-17 17:00:00,153,968,70
2024-12-17 18:00:00,149,992,58
2024-12-17 19:00:00,147,745,37
2024-12-17 20:00:00,57,603,19
2024-12-17 21:00:00,74,445,23
2024-12-17 22:00:00,41,418,12
2024-12-17 23:00:00,18,269,11
2024-12-18 00:00:00,6,167,6
2024-12-18 01:00:00,4,72,3
2024-12-18 02:00:00,0,56,2
2024-12-18 03:00:00,2,65,1
2024-12-18 04:00:00,0,66,7
2024-12-18 05:00:00,2,193,11
2024-12-18 06:00:00,6,481,20
2024-12-18 07:00:00,35,955,43
2024-12-18 08:00:00,142,935,65
2024-12-18 09:00:00,105,737,26
2024-12-18 10:00:00,142,709,17
2024-12-18 11:00:00,111,713,19
2024-12-18 12:00:00,137,723,26
2024-12-18 13:00:00,138,726,26
2024-12-18 14:00:00,173,777,29
2024-12-18 15:00:00,188,887,38
2024-12-18 16:00:00,131,927,50
2024-12-18 17:00:00,153,1049,73
2024-12-18 18:00:00,120,1035,45
2024-12-18 19:00:00,142,803,39
2024-12-18 20:00:00,63,614,27
2024-12-18 21:00:00,74,488,11
2024-12-18 22:00:00,42,514,10
2024-12-18 23:00:00,14,309,9
2024-12-19 00:00:00,9,197,11
2024-12-19 01:00:00,1,98,3
2024-12-19 02:00:00,2,83,3
2024-12-19 03:00:00,1,78,29
2024-12-19 04:00:00,4,69,3
2024-12-19 05:00:00,3,160,11
2024-12-19 06:00:00,10,421,28
2024-12-19 07:00:00,56,983,50
2024-12-19 08:00:00,133,922,63
2024-12-19 09:00:00,122,716,28
2024-12-19 10:00:00,104,708,19
2024-12-19 11:00:00,132,772,21
2024-12-19 12:00:00,159,789,28
2024-12-19 13:00:00,198,851,14
2024-12-19 14:00:00,174,918,27
2024-12-19 15:00:00,255,896,26
2024-12-19 16:00:00,227,998,50
2024-12-19 17:00:00,220,1080,88
2024-12-19 18:00:00,210,1019,45
2024-12-19 19:00:00,189,873,52
2024-12-19 20:00:00,98,646,31
2024-12-19 21:00:00,76,575,20
2024-12-19 22:00:00,52,518,24
2024-12-19 23:00:00,33,367,15
2024-12-20 00:00:00,13,266,10
2024-12-20 01:00:00,7,195,11
2024-12-20 02:00:00,6,169,5
2024-12-20 03:00:00,4,119,1
2024-12-20 04:00:00,4,105,8
2024-12-20 05:00:00,8,186,10
2024-12-20 06:00:00,9,397,22
2024-12-20 07:00:00,41,858,43
2024-12-20 08:00:00,99,833,47
2024-12-20 09:00:00,117,716,29
2024-12-20 10:00:00,153,733,24
2024-12-20 11:00:00,157,775,22
2024-12-20 12:00:00,201,832,36
2024-12-20 13:00:00,178,871,26
2024-12-20 14:00:00,175,933,35
2024-12-20 15:00:00,195,891,29
2024-12-20 16:00:00,185,1024,33
2024-12-20 17:00:00,192,1050,57
2024-12-20 18:00:00,236,976,58
2024-12-20 19:00:00,180,873,35
2024-12-20 20:00:00,116,735,36
2024-12-20 21:00:00,73,621,19
2024-12-20 22:00:00,46,619,16
2024-12-20 23:00:00,21,526,9
2024-12-21 00:00:00,6,513,17
2024-12-21 01:00:00,5,439,9
2024-12-21 02:00:00,1,334,7
2024-12-21 03:00:00,2,300,3
2024-12-21 04:00:00,2,183,3
2024-12-21 05:00:00,1,144,10
2024-12-21 06:00:00,2,230,8
2024-12-21 07:00:00,18,317,13
2024-12-21 08:00:00,55,476,11
2024-12-21 09:00:00,86,597,9
2024-12-21 10:00:00,126,779,14
2024-12-21 11:00:00,161,891,12
2024-12-21 12:00:00,232,903,26
2024-12-21 13:00:00,264,877,24
2024-12-21 14:00:00,217,925,26
2024-12-21 15:00:00,293,858,16
2024-12-21 16:00:00,285,882,26
2024-12-21 17:00:00,229,932,25
2024-12-21 18:00:00,180,957,17
2024-12-21 19:00:00,130,778,25
2024-12-21 20:00:00,86,666,30
2024-12-21 21:00:00,79,582,14
2024-12-21 22:00:00,38,519,9
2024-12-21 23:00:00,26,504,10
2024-12-22 00:00:00,13,496,8
2024-12-22 01:00:00,5,422,10
2024-12-22 02:00:00,8,278,10
2024-12-22 03:00:00,7,252,6
2024-12-22 04:00:00,1,219,4
2024-12-22 05:00:00,6,140,3
2024-12-22 06:00:00,6,160,10
2024-12-22 07:00:00,3,209,14
2024-12-22 08:00:00,28,276,15
2024-12-22 09:00:00,56,496,8
2024-12-22 10:00:00,198,807,11
2024-12-22 11:00:00,215,881,11
2024-12-22 12:00:00,300,945,15
2024-12-22 13:00:00,251,975,14
2024-12-22 14:00:00,254,943,21
2024-12-22 15:00:00,239,875,25
2024-12-22 16:00:00,177,914,14
2024-12-22 17:00:00,118,814,27
2024-12-22 18:00:00,91,721,25
2024-12-22 19:00:00,86,641,24
2024-12-22 20:00:00,46,540,16
2024-12-22 21:00:00,35,409,13
2024-12-22 22:00:00,26,358,11
2024-12-22 23:00:00,8,226,13
2024-12-23 00:00:00,3,130,9
2024-12-23 01:00:00,7,92,1
2024-12-23 02:00:00,3,87,4
2024-12-23 03:00:00,2,74,3
2024-12-23 04:00:00,7,75,5
2024-12-23 05:00:00,4,126,12
2024-12-23 06:00:00,8,306,21
2024-12-23 07:00:00,17,625,24
2024-12-23 08:00:00,67,639,19
2024-12-23 09:00:00,111,728,18
2024-12-23 10:00:00,176,816,20
2024-12-23 11:00:00,181,793,21
2024-12-23 12:00:00,272,869,22
2024-12-23 13:00:00,237,864,20
2024-12-23 14:00:00,244,898,36
2024-12-23 15:00:00,224,887,23
2024-12-23 16:00:00,209,926,31
2024-12-23 17:00:00,186,929,42
2024-12-23 18:00:00,171,809,25
2024-12-23 19:00:00,133,733,13
2024-12-23 20:00:00,55,572,23
2024-12-23 21:00:00,60,417,6
2024-12-23 22:00:00,22,397,10
2024-12-23 23:00:00,16,288,9
2024-12-24 00:00:00,6,199,13
2024-12-24 01:00:00,1,98,2
2024-12-24 02:00:00,0,90,4
2024-12-24 03:00:00,4,66,0
2024-12-24 04:00:00,1,79,2
2024-12-24 05:00:00,3,124,8
2024-12-24 06:00:00,3,270,24
2024-12-24 07:00:00,11,500,21
2024-12-24 08:00:00,58,471,17
2024-12-24 09:00:00,124,577,17
2024-12-24 10:00:00,181,711,13
2024-12-24 11:00:00,192,796,16
2024-12-24 12:00:00,216,836,23
2024-12-24 13:00:00,252,876,22
2024-12-24 14:00:00,179,840,22
2024-12-24 15:00:00,243,878,19
2024-12-24 16:00:00,219,829,18
2024-12-24 17:00:00,123,713,29
2024-12-24 18:00:00,86,611,27
2024-12-24 19:00:00,58,610,18
2024-12-24 20:00:00,32,458,21
2024-12-24 21:00:00,39,433,11
2024-12-24 22:00:00,24,390,10
2024-12-24 23:00:00,20,313,13
2024-12-25 00:00:00,7,216,13
2024-12-25 01:00:00,0,148,5
2024-12-25 02:00:00,1,93,5
2024-12-25 03:00:00,1,58,3
2024-12-25 04:00:00,1,30,3
2024-12-25 05:00:00,3,36,4
2024-12-25 06:00:00,1,101,14
2024-12-25 07:00:00,3,143,3
2024-12-25 08:00:00,22,166,7
2024-12-25 09:00:00,23,260,2
2024-12-25 10:00:00,27,442,6
2024-12-25 11:00:00,67,594,12
2024-12-25 12:00:00,54,544,12
2024-12-25 13:00:00,65,478,5
2024-12-25 14:00:00,59,426,12
2024-12-25 15:00:00,48,388,15
2024-12-25 16:00:00,26,437,10
2024-12-25 17:00:00,46,400,15
2024-12-25 18:00:00,19,476,19
2024-12-25 19:00:00,28,452,9
2024-12-25 20:00:00,13,389,11
2024-12-25 21:00:00,10,287,22
2024-12-25 22:00:00,15,273,9
2024-12-25 23:00:00,2,211,6
2024-12-26 00:00:00,4,150,9
2024-12-26 01:00:00,2,79,4
2024-12-26 02:00:00,1,59,3
2024-12-26 03:00:00,2,38,1
2024-12-26 04:00:00,1,31,2
2024-12-26 05:00:00,0,43,2
2024-12-26 06:00:00,2,140,8
2024-12-26 07:00:00,8,214,6
2024-12-26 08:00:00,26,197,10
2024-12-26 09:00:00,39,275,5
2024-12-26 10:00:00,49,466,10
2024-12-26 11:00:00,85,618,14
2024-12-26 12:00:00,95,768,10
2024-12-26 13:00:00,96,719,20
2024-12-26 14:00:00,107,660,13
2024-12-26 15:00:00,91,632,7
2024-12-26 16:00:00,58,629,13
2024-12-26 17:00:00,50,609,17
2024-12-26 18:00:00,60,555,26
2024-12-26 19:00:00,31,560,25
2024-12-26 20:00:00,40,449,21
2024-12-26 21:00:00,18,350,16
2024-12-26 22:00:00,18,308,12
2024-12-26 23:00:00,2,208,11
2024-12-27 00:00:00,1,136,10
2024-12-27 01:00:00,5,105,6
2024-12-27 02:00:00,4,87,5
2024-12-27 03:00:00,3,83,5
2024-12-27 04:00:00,3,58,7
2024-12-27 05:00:00,2,95,2
2024-12-27 06:00:00,6,213,19
2024-12-27 07:00:00,9,353,7
2024-12-27 08:00:00,33,381,8
2024-12-27 09:00:00,49,416,15
2024-12-27 10:00:00,87,548,15
2024-12-27 11:00:00,121,650,16
2024-12-27 12:00:00,116,757,13
2024-12-27 13:00:00,140,770,15
2024-12-27 14:00:00,148,770,20
2024-12-27 15:00:00,169,744,22
2024-12-27 16:00:00,163,777,18
2024-12-27 17:00:00,69,683,27
2024-12-27 18:00:00,79,601,23
2024-12-27 19:00:00,56,529,26
2024-12-27 20:00:00,42,474,21
2024-12-27 21:00:00,45,386,14
2024-12-27 22:00:00,23,401,12
2024-12-27 23:00:00,19,282,11
2024-12-28 00:00:00,3,242,10
2024-12-28 01:00:00,9,167,5
2024-12-28 02:00:00,0,120,3
2024-12-28 03:00:00,7,115,1
2024-12-28 04:00:00,2,63,7
2024-12-28 05:00:00,5,104,4
2024-12-28 06:00:00,3,141,10
2024-12-28 07:00:00,10,224,4
2024-12-28 08:00:00,26,260,10
2024-12-28 09:00:00,45,408,6
2024-12-28 10:00:00,78,575,10
2024-12-28 11:00:00,149,683,15
2024-12-28 12:00:00,156,803,15
2024-12-28 13:00:00,206,775,11
2024-12-28 14:00:00,199,755,17
2024-12-28 15:00:00,146,817,19
2024-12-28 16:00:00,138,732,15
2024-12-28 17:00:00,105,697,25
2024-12-28 18:00:00,94,677,27
2024-12-28 19:00:00,122,595,22
2024-12-28 20:00:00,55,460,13
2024-12-28 21:00:00,51,386,7
2024-12-28 22:00:00,42,369,15
2024-12-28 23:00:00,18,333,18
2024-12-29 00:00:00,11,277,10
2024-12-29 01:00:00,9,202,4
2024-12-29 02:00:00,11,194,4
2024-12-29 03:00:00,5,174,4
2024-12-29 04:00:00,6,112,3
2024-12-29 05:00:00,2,90,4
2024-12-29 06:00:00,5,143,9
2024-12-29 07:00:00,13,186,12
2024-12-29 08:00:00,19,238,13
2024-12-29 09:00:00,31,384,10
2024-12-29 10:00:00,127,566,15
2024-12-29 11:00:00,175,688,13
2024-12-29 12:00:00,210,734,16
2024-12-29 13:00:00,181,836,23
2024-12-29 14:00:00,196,789,25
2024-12-29 15:00:00,218,694,19
2024-12-29 16:00:00,104,765,20
2024-12-29 17:00:00,85,701,18
2024-12-29 18:00:00,64,587,25
2024-12-29 19:00:00,95,545,26
2024-12-29 20:00:00,55,427,15
2024-12-29 21:00:00,41,344,19
2024-12-29 22:00:00,33,276,12
2024-12-29 23:00:00,18,239,9
2024-12-30 00:00:00,17,152,6
2024-12-30 01:00:00,5,112,5
2024-12-30 02:00:00,3,88,3
2024-12-30 03:00:00,4,67,7
2024-12-30 04:00:00,5,75,7
2024-12-30 05:00:00,0,130,12
2024-12-30 06:00:00,2,228,20
2024-12-30 07:00:00,14,441,18
2024-12-30 08:00:00,43,417,21
2024-12-30 09:00:00,90,537,19
2024-12-30 10:00:00,134,611,8
2024-12-30 11:00:00,156,736,28
2024-12-30 12:00:00,181,832,22
2024-12-30 13:00:00,192,850,26
2024-12-30 14:00:00,190,833,27
2024-12-30 15:00:00,223,823,32
2024-12-30 16:00:00,198,859,41
2024-12-30 17:00:00,225,761,39
2024-12-30 18:00:00,156,635,32
2024-12-30 19:00:00,114,568,24
2024-12-30 20:00:00,65,444,27
2024-12-30 21:00:00,63,354,18
2024-12-30 22:00:00,62,295,13
2024-12-30 23:00:00,12,225,10
2024-12-31 00:00:00,14,145,10
2024-12-31 01:00:00,8,103,1
2024-12-31 02:00:00,8,67,3
2024-12-31 03:00:00,5,55,0
2024-12-31 04:00:00,14,68,8
2024-12-31 05:00:00,4,107,11
2024-12-31 06:00:00,3,230,13
2024-12-31 07:00:00,16,414,14
2024-12-31 08:00:00,45,440,26
2024-12-31 09:00:00,58,485,14
2024-12-31 10:00:00,143,606,19
2024-12-31 11:00:00,144,709,23
2024-12-31 12:00:00,234,821,23
2024-12-31 13:00:00,206,853,27
2024-12-31 14:00:00,214,859,32
2024-12-31 15:00:00,231,862,28
2024-12-31 16:00:00,240,856,27
2024-12-31 17:00:00,199,851,28
2024-12-31 18:00:00,179,773,24
2024-12-31 19:00:00,134,823,25
2024-12-31 20:00:00,121,754,28
2024-12-31 21:00:00,87,623,16
2024-12-31 22:00:00,92,507,23
2024-12-31 23:00:00,77,383,19
