date,ped,car,cyc
2024-01-01 00:00:00,0,0,0
2024-01-01 01:00:00,0,0,0
2024-01-01 02:00:00,0,0,0
2024-01-01 03:00:00,0,0,0
2024-01-01 04:00:00,0,0,0
2024-01-01 05:00:00,0,0,0
2024-01-01 06:00:00,0,0,0
2024-01-01 07:00:00,0,0,0
2024-01-01 08:00:00,0,0,0
2024-01-01 09:00:00,0,0,0
2024-01-01 10:00:00,0,0,0
2024-01-01 11:00:00,0,0,0
2024-01-01 12:00:00,0,0,0
2024-01-01 13:00:00,0,0,0
2024-01-01 14:00:00,0,0,0
2024-01-01 15:00:00,0,0,0
2024-01-01 16:00:00,0,0,0
2024-01-01 17:00:00,0,0,0
2024-01-01 18:00:00,0,0,0
2024-01-01 19:00:00,0,0,0
2024-01-01 20:00:00,0,0,0
2024-01-01 21:00:00,0,0,0
2024-01-01 22:00:00,0,0,0
2024-01-01 23:00:00,0,0,0
2024-01-02 00:00:00,0,0,0
2024-01-02 01:00:00,0,0,0
2024-01-02 02:00:00,0,0,0
2024-01-02 03:00:00,0,0,0
2024-01-02 04:00:00,0,0,0
2024-01-02 05:00:00,0,0,0
2024-01-02 06:00:00,0,0,0
2024-01-02 07:00:00,0,0,0
2024-01-02 08:00:00,0,0,0
2024-01-02 09:00:00,0,0,0
2024-01-02 10:00:00,0,0,0
2024-01-02 11:00:00,0,0,0
2024-01-02 12:00:00,0,0,0
2024-01-02 13:00:00,0,0,0
2024-01-02 14:00:00,0,0,0
2024-01-02 15:00:00,0,0,0
2024-01-02 16:00:00,0,0,0
2024-01-02 17:00:00,0,0,0
2024-01-02 18:00:00,0,0,0
2024-01-02 19:00:00,0,0,0
2024-01-02 20:00:00,0,0,0
2024-01-02 21:00:00,0,0,0
2024-01-02 22:00:00,0,0,0
2024-01-02 23:00:00,0,0,0
2024-01-03 00:00:00,0,0,0
2024-01-03 01:00:00,0,0,0
2024-01-03 02:00:00,0,0,0
2024-01-03 03:00:00,0,0,0
2024-01-03 04:00:00,0,0,0
2024-01-03 05:00:00,0,0,0
2024-01-03 06:00:00,0,0,0
2024-01-03 07:00:00,0,0,0
2024-01-03 08:00:00,0,0,0
2024-01-03 09:00:00,0,0,0
2024-01-03 10:00:00,0,0,0
2024-01-03 11:00:00,0,0,0
2024-01-03 12:00:00,0,0,0
2024-01-03 13:00:00,0,0,0
2024-01-03 14:00:00,0,0,0
2024-01-03 15:00:00,0,0,0
2024-01-03 16:00:00,0,0,0
2024-01-03 17:00:00,0,0,0
2024-01-03 18:00:00,0,0,0
2024-01-03 19:00:00,0,0,0
2024-01-03 20:00:00,0,0,0
2024-01-03 21:00:00,0,0,0
2024-01-03 22:00:00,0,0,0
2024-01-03 23:00:00,0,0,0
2024-01-04 00:00:00,0,0,0
2024-01-04 01:00:00,0,0,0
2024-01-04 02:00:00,0,0,0
2024-01-04 03:00:00,0,0,0
2024-01-04 04:00:00,0,0,0
2024-01-04 05:00:00,0,0,0
2024-01-04 06:00:00,0,0,0
2024-01-04 07:00:00,0,0,0
2024-01-04 08:00:00,0,0,0
2024-01-04 09:00:00,0,0,0
2024-01-04 10:00:00,0,0,0
2024-01-04 11:00:00,0,0,0
2024-01-04 12:00:00,0,0,0
2024-01-04 13:00:00,0,0,0
2024-01-04 14:00:00,0,0,0
2024-01-04 15:00:00,0,0,0
2024-01-04 16:00:00,0,0,0
2024-01-04 17:00:00,0,0,0
2024-01-04 18:00:00,0,0,0
2024-01-04 19:00:00,0,0,0
2024-01-04 20:00:00,0,0,0
2024-01-04 21:00:00,0,0,0
2024-01-04 22:00:00,0,0,0
2024-01-04 23:00:00,0,0,0
2024-01-05 00:00:00,0,0,0
2024-01-05 01:00:00,0,0,0
2024-01-05 02:00:00,0,0,0
2024-01-05 03:00:00,0,0,0
2024-01-05 04:00:00,0,0,0
2024-01-05 05:00:00,0,0,0
2024-01-05 06:00:00,0,0,0
2024-01-05 07:00:00,0,0,0
2024-01-05 08:00:00,0,0,0
2024-01-05 09:00:00,0,0,0
2024-01-05 10:00:00,0,0,0
2024-01-05 11:00:00,0,0,0
2024-01-05 12:00:00,0,0,0
2024-01-05 13:00:00,0,0,0
2024-01-05 14:00:00,0,0,0
2024-01-05 15:00:00,0,0,0
2024-01-05 16:00:00,0,0,0
2024-01-05 17:00:00,0,0,0
2024-01-05 18:00:00,0,0,0
2024-01-05 19:00:00,0,0,0
2024-01-05 20:00:00,0,0,0
2024-01-05 21:00:00,0,0,0
2024-01-05 22:00:00,0,0,0
2024-01-05 23:00:00,0,0,0
2024-01-06 00:00:00,0,0,0
2024-01-06 01:00:00,0,0,0
2024-01-06 02:00:00,0,0,0
2024-01-06 03:00:00,0,0,0
2024-01-06 04:00:00,0,0,0
2024-01-06 05:00:00,0,0,0
2024-01-06 06:00:00,0,0,0
2024-01-06 07:00:00,0,0,0
2024-01-06 08:00:00,0,0,0
2024-01-06 09:00:00,0,0,0
2024-01-06 10:00:00,0,0,0
2024-01-06 11:00:00,0,0,0
2024-01-06 12:00:00,0,0,0
2024-01-06 13:00:00,0,0,0
2024-01-06 14:00:00,0,0,0
2024-01-06 15:00:00,0,0,0
2024-01-06 16:00:00,0,0,0
2024-01-06 17:00:00,0,0,0
2024-01-06 18:00:00,0,0,0
2024-01-06 19:00:00,0,0,0
2024-01-06 20:00:00,0,0,0
2024-01-06 21:00:00,0,0,0
2024-01-06 22:00:00,0,0,0
2024-01-06 23:00:00,0,0,0
2024-01-07 00:00:00,0,0,0
2024-01-07 01:00:00,0,0,0
2024-01-07 02:00:00,0,0,0
2024-01-07 03:00:00,0,0,0
2024-01-07 04:00:00,0,0,0
2024-01-07 05:00:00,0,0,0
2024-01-07 06:00:00,0,0,0
2024-01-07 07:00:00,0,0,0
2024-01-07 08:00:00,0,0,0
2024-01-07 09:00:00,0,0,0
2024-01-07 10:00:00,0,0,0
2024-01-07 11:00:00,0,0,0
2024-01-07 12:00:00,0,0,0
2024-01-07 13:00:00,0,0,0
2024-01-07 14:00:00,0,0,0
2024-01-07 15:00:00,0,0,0
2024-01-07 16:00:00,0,0,0
2024-01-07 17:00:00,0,0,0
2024-01-07 18:00:00,0,0,0
2024-01-07 19:00:00,0,0,0
2024-01-07 20:00:00,0,0,0
2024-01-07 21:00:00,0,0,0
2024-01-07 22:00:00,0,0,0
2024-01-07 23:00:00,0,0,0
2024-01-08 00:00:00,0,0,0
2024-01-08 01:00:00,0,0,0
2024-01-08 02:00:00,0,0,0
2024-01-08 03:00:00,0,0,0
2024-01-08 04:00:00,0,0,0
2024-01-08 05:00:00,0,0,0
2024-01-08 06:00:00,0,0,0
2024-01-08 07:00:00,0,0,0
2024-01-08 08:00:00,0,0,0
2024-01-08 09:00:00,0,0,0
2024-01-08 10:00:00,0,0,0
2024-01-08 11:00:00,0,0,0
2024-01-08 12:00:00,0,0,0
2024-01-08 13:00:00,0,0,0
2024-01-08 14:00:00,0,0,0
2024-01-08 15:00:00,0,0,0
2024-01-08 16:00:00,0,0,0
2024-01-08 17:00:00,0,0,0
2024-01-08 18:00:00,0,0,0
2024-01-08 19:00:00,0,0,0
2024-01-08 20:00:00,0,0,0
2024-01-08 21:00:00,0,0,0
2024-01-08 22:00:00,0,0,0
2024-01-08 23:00:00,0,0,0
2024-01-09 00:00:00,0,0,0
2024-01-09 01:00:00,0,0,0
2024-01-09 02:00:00,0,0,0
2024-01-09 03:00:00,0,0,0
2024-01-09 04:00:00,0,0,0
2024-01-09 05:00:00,0,0,0
2024-01-09 06:00:00,0,0,0
2024-01-09 07:00:00,0,0,0
2024-01-09 08:00:00,0,0,0
2024-01-09 09:00:00,0,0,0
2024-01-09 10:00:00,0,0,0
2024-01-09 11:00:00,0,0,0
2024-01-09 12:00:00,0,0,0
2024-01-09 13:00:00,0,0,0
2024-01-09 14:00:00,0,0,0
2024-01-09 15:00:00,0,0,0
2024-01-09 16:00:00,0,0,0
2024-01-09 17:00:00,0,0,0
2024-01-09 18:00:00,0,0,0
2024-01-09 19:00:00,0,0,0
2024-01-09 20:00:00,0,0,0
2024-01-09 21:00:00,0,0,0
2024-01-09 22:00:00,0,0,0
2024-01-09 23:00:00,0,0,0
2024-01-10 00:00:00,0,0,0
2024-01-10 01:00:00,0,0,0
2024-01-10 02:00:00,0,0,0
2024-01-10 03:00:00,0,0,0
2024-01-10 04:00:00,0,0,0
2024-01-10 05:00:00,0,0,0
2024-01-10 06:00:00,0,0,0
2024-01-10 07:00:00,0,0,0
2024-01-10 08:00:00,0,0,0
2024-01-10 09:00:00,0,0,0
2024-01-10 10:00:00,0,0,0
2024-01-10 11:00:00,0,0,0
2024-01-10 12:00:00,0,0,0
2024-01-10 13:00:00,0,0,0
2024-01-10 14:00:00,0,0,0
2024-01-10 15:00:00,0,0,0
2024-01-10 16:00:00,0,0,0
2024-01-10 17:00:00,0,0,0
2024-01-10 18:00:00,0,0,0
2024-01-10 19:00:00,0,0,0
2024-01-10 20:00:00,0,0,0
2024-01-10 21:00:00,0,0,0
2024-01-10 22:00:00,0,0,0
2024-01-10 23:00:00,0,0,0
2024-01-11 00:00:00,0,0,0
2024-01-11 01:00:00,0,0,0
2024-01-11 02:00:00,0,0,0
2024-01-11 03:00:00,0,0,0
2024-01-11 04:00:00,0,0,0
2024-01-11 05:00:00,0,0,0
2024-01-11 06:00:00,0,0,0
2024-01-11 07:00:00,0,0,0
2024-01-11 08:00:00,0,0,0
2024-01-11 09:00:00,0,0,0
2024-01-11 10:00:00,0,0,0
2024-01-11 11:00:00,0,0,0
2024-01-11 12:00:00,0,0,0
2024-01-11 13:00:00,0,0,0
2024-01-11 14:00:00,0,0,0
2024-01-11 15:00:00,0,0,0
2024-01-11 16:00:00,0,0,0
2024-01-11 17:00:00,0,0,0
2024-01-11 18:00:00,0,0,0
2024-01-11 19:00:00,0,0,0
2024-01-11 20:00:00,0,0,0
2024-01-11 21:00:00,0,0,0
2024-01-11 22:00:00,0,0,0
2024-01-11 23:00:00,0,0,0
2024-01-12 00:00:00,0,0,0
2024-01-12 01:00:00,0,0,0
2024-01-12 02:00:00,0,0,0
2024-01-12 03:00:00,0,0,0
2024-01-12 04:00:00,0,0,0
2024-01-12 05:00:00,0,0,0
2024-01-12 06:00:00,0,0,0
2024-01-12 07:00:00,0,0,0
2024-01-12 08:00:00,0,0,0
2024-01-12 09:00:00,0,0,0
2024-01-12 10:00:00,0,0,0
2024-01-12 11:00:00,0,0,0
2024-01-12 12:00:00,0,0,0
2024-01-12 13:00:00,0,0,0
2024-01-12 14:00:00,0,0,0
2024-01-12 15:00:00,0,0,0
2024-01-12 16:00:00,0,0,0
2024-01-12 17:00:00,0,0,0
2024-01-12 18:00:00,0,0,0
2024-01-12 19:00:00,0,0,0
2024-01-12 20:00:00,0,0,0
2024-01-12 21:00:00,0,0,0
2024-01-12 22:00:00,0,0,0
2024-01-12 23:00:00,0,0,0
2024-01-13 00:00:00,0,0,0
2024-01-13 01:00:00,0,0,0
2024-01-13 02:00:00,0,0,0
2024-01-13 03:00:00,0,0,0
2024-01-13 04:00:00,0,0,0
2024-01-13 05:00:00,0,0,0
2024-01-13 06:00:00,0,0,0
2024-01-13 07:00:00,0,0,0
2024-01-13 08:00:00,0,0,0
2024-01-13 09:00:00,0,0,0
2024-01-13 10:00:00,0,0,0
2024-01-13 11:00:00,0,0,0
2024-01-13 12:00:00,0,0,0
2024-01-13 13:00:00,0,0,0
2024-01-13 14:00:00,0,0,0
2024-01-13 15:00:00,0,0,0
2024-01-13 16:00:00,0,0,0
2024-01-13 17:00:00,0,0,0
2024-01-13 18:00:00,0,0,0
2024-01-13 19:00:00,0,0,0
2024-01-13 20:00:00,0,0,0
2024-01-13 21:00:00,0,0,0
2024-01-13 22:00:00,0,0,0
2024-01-13 23:00:00,0,0,0
2024-01-14 00:00:00,0,0,0
2024-01-14 01:00:00,0,0,0
2024-01-14 02:00:00,0,0,0
2024-01-14 03:00:00,0,0,0
2024-01-14 04:00:00,0,0,0
2024-01-14 05:00:00,0,0,0
2024-01-14 06:00:00,0,0,0
2024-01-14 07:00:00,0,0,0
2024-01-14 08:00:00,0,0,0
2024-01-14 09:00:00,0,0,0
2024-01-14 10:00:00,0,0,0
2024-01-14 11:00:00,0,0,0
2024-01-14 12:00:00,0,0,0
2024-01-14 13:00:00,0,0,0
2024-01-14 14:00:00,0,0,0
2024-01-14 15:00:00,0,0,0
2024-01-14 16:00:00,0,0,0
2024-01-14 17:00:00,0,0,0
2024-01-14 18:00:00,0,0,0
2024-01-14 19:00:00,0,0,0
2024-01-14 20:00:00,0,0,0
2024-01-14 21:00:00,0,0,0
2024-01-14 22:00:00,0,0,0
2024-01-14 23:00:00,0,0,0
2024-01-15 00:00:00,0,0,0
2024-01-15 01:00:00,0,0,0
2024-01-15 02:00:00,0,0,0
2024-01-15 03:00:00,0,0,0
2024-01-15 04:00:00,0,0,0
2024-01-15 05:00:00,0,0,0
2024-01-15 06:00:00,0,0,0
2024-01-15 07:00:00,0,0,0
2024-01-15 08:00:00,0,0,0
2024-01-15 09:00:00,0,0,0
2024-01-15 10:00:00,0,0,0
2024-01-15 11:00:00,0,0,0
2024-01-15 12:00:00,0,0,0
2024-01-15 13:00:00,0,0,0
2024-01-15 14:00:00,0,0,0
2024-01-15 15:00:00,0,0,0
2024-01-15 16:00:00,0,0,0
2024-01-15 17:00:00,0,0,0
2024-01-15 18:00:00,0,0,0
2024-01-15 19:00:00,0,0,0
2024-01-15 20:00:00,0,0,0
2024-01-15 21:00:00,0,0,0
2024-01-15 22:00:00,0,0,0
2024-01-15 23:00:00,0,0,0
2024-01-16 00:00:00,0,0,0
2024-01-16 01:00:00,0,0,0
2024-01-16 02:00:00,0,0,0
2024-01-16 03:00:00,0,0,0
2024-01-16 04:00:00,0,0,0
2024-01-16 05:00:00,0,0,0
2024-01-16 06:00:00,0,0,0
2024-01-16 07:00:00,0,0,0
2024-01-16 08:00:00,0,0,0
2024-01-16 09:00:00,0,0,0
2024-01-16 10:00:00,0,0,0
2024-01-16 11:00:00,0,0,0
2024-01-16 12:00:00,0,0,0
2024-01-16 13:00:00,0,0,0
2024-01-16 14:00:00,0,0,0
2024-01-16 15:00:00,0,0,0
2024-01-16 16:00:00,0,0,0
2024-01-16 17:00:00,0,0,0
2024-01-16 18:00:00,0,0,0
2024-01-16 19:00:00,0,0,0
2024-01-16 20:00:00,0,0,0
2024-01-16 21:00:00,0,0,0
2024-01-16 22:00:00,0,0,0
2024-01-16 23:00:00,0,0,0
2024-01-17 00:00:00,0,0,0
2024-01-17 01:00:00,0,0,0
2024-01-17 02:00:00,0,0,0
2024-01-17 03:00:00,0,0,0
2024-01-17 04:00:00,0,0,0
2024-01-17 05:00:00,0,0,0
2024-01-17 06:00:00,0,0,0
2024-01-17 07:00:00,0,0,0
2024-01-17 08:00:00,0,0,0
2024-01-17 09:00:00,0,0,0
2024-01-17 10:00:00,0,0,0
2024-01-17 11:00:00,0,0,0
2024-01-17 12:00:00,0,0,0
2024-01-17 13:00:00,0,0,0
2024-01-17 14:00:00,0,0,0
2024-01-17 15:00:00,0,0,0
2024-01-17 16:00:00,0,0,0
2024-01-17 17:00:00,0,0,0
2024-01-17 18:00:00,0,0,0
2024-01-17 19:00:00,0,0,0
2024-01-17 20:00:00,0,0,0
2024-01-17 21:00:00,0,0,0
2024-01-17 22:00:00,0,0,0
2024-01-17 23:00:00,0,0,0
2024-01-18 00:00:00,0,0,0
2024-01-18 01:00:00,0,0,0
2024-01-18 02:00:00,0,0,0
2024-01-18 03:00:00,0,0,0
2024-01-18 04:00:00,0,0,0
2024-01-18 05:00:00,0,0,0
2024-01-18 06:00:00,0,0,0
2024-01-18 07:00:00,0,0,0
2024-01-18 08:00:00,0,0,0
2024-01-18 09:00:00,0,0,0
2024-01-18 10:00:00,0,0,0
2024-01-18 11:00:00,0,0,0
2024-01-18 12:00:00,0,0,0
2024-01-18 13:00:00,0,0,0
2024-01-18 14:00:00,0,0,0
2024-01-18 15:00:00,0,0,0
2024-01-18 16:00:00,0,0,0
2024-01-18 17:00:00,0,0,0
2024-01-18 18:00:00,0,0,0
2024-01-18 19:00:00,0,0,0
2024-01-18 20:00:00,0,0,0
2024-01-18 21:00:00,0,0,0
2024-01-18 22:00:00,0,0,0
2024-01-18 23:00:00,0,0,0
2024-01-19 00:00:00,0,0,0
2024-01-19 01:00:00,0,0,0
2024-01-19 02:00:00,0,0,0
2024-01-19 03:00:00,0,0,0
2024-01-19 04:00:00,0,0,0
2024-01-19 05:00:00,0,0,0
2024-01-19 06:00:00,0,0,0
2024-01-19 07:00:00,0,0,0
2024-01-19 08:00:00,0,0,0
2024-01-19 09:00:00,0,0,0
2024-01-19 10:00:00,0,0,0
2024-01-19 11:00:00,0,0,0
2024-01-19 12:00:00,0,0,0
2024-01-19 13:00:00,0,0,0
2024-01-19 14:00:00,0,0,0
2024-01-19 15:00:00,0,0,0
2024-01-19 16:00:00,0,0,0
2024-01-19 17:00:00,0,0,0
2024-01-19 18:00:00,0,0,0
2024-01-19 19:00:00,0,0,0
2024-01-19 20:00:00,0,0,0
2024-01-19 21:00:00,0,0,0
2024-01-19 22:00:00,0,0,0
2024-01-19 23:00:00,0,0,0
2024-01-20 00:00:00,0,0,0
2024-01-20 01:00:00,0,0,0
2024-01-20 02:00:00,0,0,0
2024-01-20 03:00:00,0,0,0
2024-01-20 04:00:00,0,0,0
2024-01-20 05:00:00,0,0,0
2024-01-20 06:00:00,0,0,0
2024-01-20 07:00:00,0,0,0
2024-01-20 08:00:00,0,0,0
2024-01-20 09:00:00,0,0,0
2024-01-20 10:00:00,0,0,0
2024-01-20 11:00:00,0,0,0
2024-01-20 12:00:00,0,0,0
2024-01-20 13:00:00,0,0,0
2024-01-20 14:00:00,0,0,0
2024-01-20 15:00:00,0,0,0
2024-01-20 16:00:00,0,0,0
2024-01-20 17:00:00,0,0,0
2024-01-20 18:00:00,0,0,0
2024-01-20 19:00:00,0,0,0
2024-01-20 20:00:00,0,0,0
2024-01-20 21:00:00,0,0,0
2024-01-20 22:00:00,0,0,0
2024-01-20 23:00:00,0,0,0
2024-01-21 00:00:00,0,0,0
2024-01-21 01:00:00,0,0,0
2024-01-21 02:00:00,0,0,0
2024-01-21 03:00:00,0,0,0
2024-01-21 04:00:00,0,0,0
2024-01-21 05:00:00,0,0,0
2024-01-21 06:00:00,0,0,0
2024-01-21 07:00:00,0,0,0
2024-01-21 08:00:00,0,0,0
2024-01-21 09:00:00,0,0,0
2024-01-21 10:00:00,0,0,0
2024-01-21 11:00:00,0,0,0
2024-01-21 12:00:00,0,0,0
2024-01-21 13:00:00,0,0,0
2024-01-21 14:00:00,0,0,0
2024-01-21 15:00:00,0,0,0
2024-01-21 16:00:00,0,0,0
2024-01-21 17:00:00,0,0,0
2024-01-21 18:00:00,0,0,0
2024-01-21 19:00:00,0,0,0
2024-01-21 20:00:00,0,0,0
2024-01-21 21:00:00,0,0,0
2024-01-21 22:00:00,0,0,0
2024-01-21 23:00:00,0,0,0
2024-01-22 00:00:00,0,0,0
2024-01-22 01:00:00,0,0,0
2024-01-22 02:00:00,0,0,0
2024-01-22 03:00:00,0,0,0
2024-01-22 04:00:00,0,0,0
2024-01-22 05:00:00,0,0,0
2024-01-22 06:00:00,0,0,0
2024-01-22 07:00:00,0,0,0
2024-01-22 08:00:00,0,0,0
2024-01-22 09:00:00,0,0,0
2024-01-22 10:00:00,0,0,0
2024-01-22 11:00:00,0,0,0
2024-01-22 12:00:00,0,0,0
2024-01-22 13:00:00,0,0,0
2024-01-22 14:00:00,0,0,0
2024-01-22 15:00:00,0,0,0
2024-01-22 16:00:00,0,0,0
2024-01-22 17:00:00,0,0,0
2024-01-22 18:00:00,0,0,0
2024-01-22 19:00:00,0,0,0
2024-01-22 20:00:00,0,0,0
2024-01-22 21:00:00,0,0,0
2024-01-22 22:00:00,0,0,0
2024-01-22 23:00:00,0,0,0
2024-01-23 00:00:00,0,0,0
2024-01-23 01:00:00,0,0,0
2024-01-23 02:00:00,0,0,0
2024-01-23 03:00:00,0,0,0
2024-01-23 04:00:00,0,0,0
2024-01-23 05:00:00,0,0,0
2024-01-23 06:00:00,0,0,0
2024-01-23 07:00:00,0,0,0
2024-01-23 08:00:00,0,0,0
2024-01-23 09:00:00,0,0,0
2024-01-23 10:00:00,0,0,0
2024-01-23 11:00:00,0,0,0
2024-01-23 12:00:00,0,0,0
2024-01-23 13:00:00,0,0,0
2024-01-23 14:00:00,0,0,0
2024-01-23 15:00:00,0,0,0
2024-01-23 16:00:00,0,0,0
2024-01-23 17:00:00,0,0,0
2024-01-23 18:00:00,0,0,0
2024-01-23 19:00:00,0,0,0
2024-01-23 20:00:00,0,0,0
2024-01-23 21:00:00,0,0,0
2024-01-23 22:00:00,0,0,0
2024-01-23 23:00:00,0,0,0
2024-01-24 00:00:00,0,0,0
2024-01-24 01:00:00,0,0,0
2024-01-24 02:00:00,0,0,0
2024-01-24 03:00:00,0,0,0
2024-01-24 04:00:00,0,0,0
2024-01-24 05:00:00,0,0,0
2024-01-24 06:00:00,0,0,0
2024-01-24 07:00:00,0,0,0
2024-01-24 08:00:00,0,0,0
2024-01-24 09:00:00,0,0,0
2024-01-24 10:00:00,0,0,0
2024-01-24 11:00:00,0,0,0
2024-01-24 12:00:00,0,0,0
2024-01-24 13:00:00,0,0,0
2024-01-24 14:00:00,0,0,0
2024-01-24 15:00:00,0,0,0
2024-01-24 16:00:00,0,0,0
2024-01-24 17:00:00,0,0,0
2024-01-24 18:00:00,0,0,0
2024-01-24 19:00:00,0,0,0
2024-01-24 20:00:00,0,0,0
2024-01-24 21:00:00,0,0,0
2024-01-24 22:00:00,0,0,0
2024-01-24 23:00:00,0,0,0
2024-01-25 00:00:00,0,0,0
2024-01-25 01:00:00,0,0,0
2024-01-25 02:00:00,0,0,0
2024-01-25 03:00:00,0,0,0
2024-01-25 04:00:00,0,0,0
2024-01-25 05:00:00,0,0,0
2024-01-25 06:00:00,0,0,0
2024-01-25 07:00:00,0,0,0
2024-01-25 08:00:00,0,0,0
2024-01-25 09:00:00,0,0,0
2024-01-25 10:00:00,0,0,0
2024-01-25 11:00:00,0,0,0
2024-01-25 12:00:00,0,0,0
2024-01-25 13:00:00,0,0,0
2024-01-25 14:00:00,0,0,0
2024-01-25 15:00:00,0,0,0
2024-01-25 16:00:00,0,0,0
2024-01-25 17:00:00,0,0,0
2024-01-25 18:00:00,0,0,0
2024-01-25 19:00:00,0,0,0
2024-01-25 20:00:00,0,0,0
2024-01-25 21:00:00,0,0,0
2024-01-25 22:00:00,0,0,0
2024-01-25 23:00:00,0,0,0
2024-01-26 00:00:00,0,0,0
2024-01-26 01:00:00,0,0,0
2024-01-26 02:00:00,0,0,0
2024-01-26 03:00:00,0,0,0
2024-01-26 04:00:00,0,0,0
2024-01-26 05:00:00,0,0,0
2024-01-26 06:00:00,0,0,0
2024-01-26 07:00:00,0,0,0
2024-01-26 08:00:00,0,0,0
2024-01-26 09:00:00,0,0,0
2024-01-26 10:00:00,0,0,0
2024-01-26 11:00:00,0,0,0
2024-01-26 12:00:00,0,0,0
2024-01-26 13:00:00,0,0,0
2024-01-26 14:00:00,0,0,0
2024-01-26 15:00:00,0,0,0
2024-01-26 16:00:00,0,0,0
2024-01-26 17:00:00,0,0,0
2024-01-26 18:00:00,0,0,0
2024-01-26 19:00:00,0,0,0
2024-01-26 20:00:00,0,0,0
2024-01-26 21:00:00,0,0,0
2024-01-26 22:00:00,0,0,0
2024-01-26 23:00:00,0,0,0
2024-01-27 00:00:00,0,0,0
2024-01-27 01:00:00,0,0,0
2024-01-27 02:00:00,0,0,0
2024-01-27 03:00:00,0,0,0
2024-01-27 04:00:00,0,0,0
2024-01-27 05:00:00,0,0,0
2024-01-27 06:00:00,0,0,0
2024-01-27 07:00:00,0,0,0
2024-01-27 08:00:00,0,0,0
2024-01-27 09:00:00,0,0,0
2024-01-27 10:00:00,0,0,0
2024-01-27 11:00:00,0,0,0
2024-01-27 12:00:00,0,0,0
2024-01-27 13:00:00,0,0,0
2024-01-27 14:00:00,0,0,0
2024-01-27 15:00:00,0,0,0
2024-01-27 16:00:00,0,0,0
2024-01-27 17:00:00,0,0,0
2024-01-27 18:00:00,0,0,0
2024-01-27 19:00:00,0,0,0
2024-01-27 20:00:00,0,0,0
2024-01-27 21:00:00,0,0,0
2024-01-27 22:00:00,0,0,0
2024-01-27 23:00:00,0,0,0
2024-01-28 00:00:00,0,0,0
2024-01-28 01:00:00,0,0,0
2024-01-28 02:00:00,0,0,0
2024-01-28 03:00:00,0,0,0
2024-01-28 04:00:00,0,0,0
2024-01-28 05:00:00,0,0,0
2024-01-28 06:00:00,0,0,0
2024-01-28 07:00:00,0,0,0
2024-01-28 08:00:00,0,0,0
2024-01-28 09:00:00,0,0,0
2024-01-28 10:00:00,0,0,0
2024-01-28 11:00:00,0,0,0
2024-01-28 12:00:00,0,0,0
2024-01-28 13:00:00,0,0,0
2024-01-28 14:00:00,0,0,0
2024-01-28 15:00:00,0,0,0
2024-01-28 16:00:00,0,0,0
2024-01-28 17:00:00,0,0,0
2024-01-28 18:00:00,0,0,0
2024-01-28 19:00:00,0,0,0
2024-01-28 20:00:00,0,0,0
2024-01-28 21:00:00,0,0,0
2024-01-28 22:00:00,0,0,0
2024-01-28 23:00:00,0,0,0
2024-01-29 00:00:00,0,0,0
2024-01-29 01:00:00,0,0,0
2024-01-29 02:00:00,0,0,0
2024-01-29 03:00:00,0,0,0
2024-01-29 04:00:00,0,0,0
2024-01-29 05:00:00,0,0,0
2024-01-29 06:00:00,0,0,0
2024-01-29 07:00:00,0,0,0
2024-01-29 08:00:00,0,0,0
2024-01-29 09:00:00,0,0,0
2024-01-29 10:00:00,0,0,0
2024-01-29 11:00:00,0,0,0
2024-01-29 12:00:00,0,0,0
2024-01-29 13:00:00,0,0,0
2024-01-29 14:00:00,0,0,0
2024-01-29 15:00:00,0,0,0
2024-01-29 16:00:00,0,0,0
2024-01-29 17:00:00,0,0,0
2024-01-29 18:00:00,0,0,0
2024-01-29 19:00:00,0,0,0
2024-01-29 20:00:00,0,0,0
2024-01-29 21:00:00,0,0,0
2024-01-29 22:00:00,0,0,0
2024-01-29 23:00:00,0,0,0
2024-01-30 00:00:00,0,0,0
2024-01-30 01:00:00,0,0,0
2024-01-30 02:00:00,0,0,0
2024-01-30 03:00:00,0,0,0
2024-01-30 04:00:00,0,0,0
2024-01-30 05:00:00,0,0,0
2024-01-30 06:00:00,0,0,0
2024-01-30 07:00:00,0,0,0
2024-01-30 08:00:00,0,0,0
2024-01-30 09:00:00,0,0,0
2024-01-30 10:00:00,0,0,0
2024-01-30 11:00:00,0,0,0
2024-01-30 12:00:00,0,0,0
2024-01-30 13:00:00,0,0,0
2024-01-30 14:00:00,0,0,0
2024-01-30 15:00:00,0,0,0
2024-01-30 16:00:00,0,0,0
2024-01-30 17:00:00,0,0,0
2024-01-30 18:00:00,0,0,0
2024-01-30 19:00:00,0,0,0
2024-01-30 20:00:00,0,0,0
2024-01-30 21:00:00,0,0,0
2024-01-30 22:00:00,0,0,0
2024-01-30 23:00:00,0,0,0
2024-01-31 00:00:00,0,0,0
2024-01-31 01:00:00,0,0,0
2024-01-31 02:00:00,0,0,0
2024-01-31 03:00:00,0,0,0
2024-01-31 04:00:00,0,0,0
2024-01-31 05:00:00,0,0,0
2024-01-31 06:00:00,0,0,0
2024-01-31 07:00:00,0,0,0
2024-01-31 08:00:00,0,0,0
2024-01-31 09:00:00,0,0,0
2024-01-31 10:00:00,0,0,0
2024-01-31 11:00:00,0,0,0
2024-01-31 12:00:00,0,0,0
2024-01-31 13:00:00,0,0,0
2024-01-31 14:00:00,0,0,0
2024-01-31 15:00:00,0,0,0
2024-01-31 16:00:00,0,0,0
2024-01-31 17:00:00,0,0,0
2024-01-31 18:00:00,0,0,0
2024-01-31 19:00:00,0,0,0
2024-01-31 20:00:00,0,0,0
2024-01-31 21:00:00,0,0,0
2024-01-31 22:00:00,0,0,0
2024-01-31 23:00:00,0,0,0
2024-02-01 00:00:00,0,0,0
2024-02-01 01:00:00,0,0,0
2024-02-01 02:00:00,0,0,0
2024-02-01 03:00:00,0,0,0
2024-02-01 04:00:00,0,0,0
2024-02-01 05:00:00,0,0,0
2024-02-01 06:00:00,0,0,0
2024-02-01 07:00:00,0,0,0
2024-02-01 08:00:00,0,0,0
2024-02-01 09:00:00,0,0,0
2024-02-01 10:00:00,0,0,0
2024-02-01 11:00:00,0,0,0
2024-02-01 12:00:00,0,0,0
2024-02-01 13:00:00,0,0,0
2024-02-01 14:00:00,0,0,0
2024-02-01 15:00:00,0,0,0
2024-02-01 16:00:00,0,0,0
2024-02-01 17:00:00,0,0,0
2024-02-01 18:00:00,0,0,0
2024-02-01 19:00:00,0,0,0
2024-02-01 20:00:00,0,0,0
2024-02-01 21:00:00,0,0,0
2024-02-01 22:00:00,0,0,0
2024-02-01 23:00:00,0,0,0
2024-02-02 00:00:00,0,0,0
2024-02-02 01:00:00,0,0,0
2024-02-02 02:00:00,0,0,0
2024-02-02 03:00:00,0,0,0
2024-02-02 04:00:00,0,0,0
2024-02-02 05:00:00,0,0,0
2024-02-02 06:00:00,0,0,0
2024-02-02 07:00:00,0,0,0
2024-02-02 08:00:00,0,0,0
2024-02-02 09:00:00,0,0,0
2024-02-02 10:00:00,0,0,0
2024-02-02 11:00:00,0,0,0
2024-02-02 12:00:00,0,0,0
2024-02-02 13:00:00,0,0,0
2024-02-02 14:00:00,0,0,0
2024-02-02 15:00:00,0,0,0
2024-02-02 16:00:00,0,0,0
2024-02-02 17:00:00,0,0,0
2024-02-02 18:00:00,0,0,0
2024-02-02 19:00:00,0,0,0
2024-02-02 20:00:00,0,0,0
2024-02-02 21:00:00,0,0,0
2024-02-02 22:00:00,0,0,0
2024-02-02 23:00:00,0,0,0
2024-02-03 00:00:00,0,0,0
2024-02-03 01:00:00,0,0,0
2024-02-03 02:00:00,0,0,0
2024-02-03 03:00:00,0,0,0
2024-02-03 04:00:00,0,0,0
2024-02-03 05:00:00,0,0,0
2024-02-03 06:00:00,0,0,0
2024-02-03 07:00:00,0,0,0
2024-02-03 08:00:00,0,0,0
2024-02-03 09:00:00,0,0,0
2024-02-03 10:00:00,0,0,0
2024-02-03 11:00:00,0,0,0
2024-02-03 12:00:00,0,0,0
2024-02-03 13:00:00,0,0,0
2024-02-03 14:00:00,0,0,0
2024-02-03 15:00:00,0,0,0
2024-02-03 16:00:00,0,0,0
2024-02-03 17:00:00,0,0,0
2024-02-03 18:00:00,0,0,0
2024-02-03 19:00:00,0,0,0
2024-02-03 20:00:00,0,0,0
2024-02-03 21:00:00,0,0,0
2024-02-03 22:00:00,0,0,0
2024-02-03 23:00:00,0,0,0
2024-02-04 00:00:00,0,0,0
2024-02-04 01:00:00,0,0,0
2024-02-04 02:00:00,0,0,0
2024-02-04 03:00:00,0,0,0
2024-02-04 04:00:00,0,0,0
2024-02-04 05:00:00,0,0,0
2024-02-04 06:00:00,0,0,0
2024-02-04 07:00:00,0,0,0
2024-02-04 08:00:00,0,0,0
2024-02-04 09:00:00,0,0,0
2024-02-04 10:00:00,0,0,0
2024-02-04 11:00:00,0,0,0
2024-02-04 12:00:00,0,0,0
2024-02-04 13:00:00,0,0,0
2024-02-04 14:00:00,0,0,0
2024-02-04 15:00:00,0,0,0
2024-02-04 16:00:00,0,0,0
2024-02-04 17:00:00,0,0,0
2024-02-04 18:00:00,0,0,0
2024-02-04 19:00:00,0,0,0
2024-02-04 20:00:00,0,0,0
2024-02-04 21:00:00,0,0,0
2024-02-04 22:00:00,0,0,0
2024-02-04 23:00:00,0,0,0
2024-02-05 00:00:00,0,0,0
2024-02-05 01:00:00,0,0,0
2024-02-05 02:00:00,0,0,0
2024-02-05 03:00:00,0,0,0
2024-02-05 04:00:00,0,0,0
2024-02-05 05:00:00,0,0,0
2024-02-05 06:00:00,0,0,0
2024-02-05 07:00:00,0,0,0
2024-02-05 08:00:00,0,0,0
2024-02-05 09:00:00,0,0,0
2024-02-05 10:00:00,0,0,0
2024-02-05 11:00:00,0,0,0
2024-02-05 12:00:00,0,0,0
2024-02-05 13:00:00,0,0,0
2024-02-05 14:00:00,0,0,0
2024-02-05 15:00:00,0,0,0
2024-02-05 16:00:00,0,0,0
2024-02-05 17:00:00,0,0,0
2024-02-05 18:00:00,0,0,0
2024-02-05 19:00:00,0,0,0
2024-02-05 20:00:00,0,0,0
2024-02-05 21:00:00,0,0,0
2024-02-05 22:00:00,0,0,0
2024-02-05 23:00:00,0,0,0
2024-02-06 00:00:00,0,0,0
2024-02-06 01:00:00,0,0,0
2024-02-06 02:00:00,0,0,0
2024-02-06 03:00:00,0,0,0
2024-02-06 04:00:00,0,0,0
2024-02-06 05:00:00,0,0,0
2024-02-06 06:00:00,0,0,0
2024-02-06 07:00:00,0,0,0
2024-02-06 08:00:00,0,0,0
2024-02-06 09:00:00,0,0,0
2024-02-06 10:00:00,0,0,0
2024-02-06 11:00:00,0,0,0
2024-02-06 12:00:00,0,0,0
2024-02-06 13:00:00,0,0,0
2024-02-06 14:00:00,0,0,0
2024-02-06 15:00:00,0,0,0
2024-02-06 16:00:00,0,0,0
2024-02-06 17:00:00,0,0,0
2024-02-06 18:00:00,0,0,0
2024-02-06 19:00:00,0,0,0
2024-02-06 20:00:00,0,0,0
2024-02-06 21:00:00,0,0,0
2024-02-06 22:00:00,0,0,0
2024-02-06 23:00:00,0,0,0
2024-02-07 00:00:00,0,0,0
2024-02-07 01:00:00,0,0,0
2024-02-07 02:00:00,0,0,0
2024-02-07 03:00:00,0,0,0
2024-02-07 04:00:00,0,0,0
2024-02-07 05:00:00,0,0,0
2024-02-07 06:00:00,0,0,0
2024-02-07 07:00:00,0,0,0
2024-02-07 08:00:00,0,0,0
2024-02-07 09:00:00,0,0,0
2024-02-07 10:00:00,0,0,0
2024-02-07 11:00:00,0,0,0
2024-02-07 12:00:00,0,0,0
2024-02-07 13:00:00,0,0,0
2024-02-07 14:00:00,0,0,0
2024-02-07 15:00:00,0,0,0
2024-02-07 16:00:00,0,0,0
2024-02-07 17:00:00,0,0,0
2024-02-07 18:00:00,0,0,0
2024-02-07 19:00:00,0,0,0
2024-02-07 20:00:00,0,0,0
2024-02-07 21:00:00,0,0,0
2024-02-07 22:00:00,0,0,0
2024-02-07 23:00:00,0,0,0
2024-02-08 00:00:00,0,0,0
2024-02-08 01:00:00,0,0,0
2024-02-08 02:00:00,0,0,0
2024-02-08 03:00:00,0,0,0
2024-02-08 04:00:00,0,0,0
2024-02-08 05:00:00,0,0,0
2024-02-08 06:00:00,0,0,0
2024-02-08 07:00:00,0,0,0
2024-02-08 08:00:00,0,0,0
2024-02-08 09:00:00,0,0,0
2024-02-08 10:00:00,0,0,0
2024-02-08 11:00:00,0,0,0
2024-02-08 12:00:00,0,0,0
2024-02-08 13:00:00,0,0,0
2024-02-08 14:00:00,0,0,0
2024-02-08 15:00:00,0,0,0
2024-02-08 16:00:00,0,0,0
2024-02-08 17:00:00,0,0,0
2024-02-08 18:00:00,0,0,0
2024-02-08 19:00:00,0,0,0
2024-02-08 20:00:00,0,0,0
2024-02-08 21:00:00,0,0,0
2024-02-08 22:00:00,0,0,0
2024-02-08 23:00:00,0,0,0
2024-02-09 00:00:00,0,0,0
2024-02-09 01:00:00,0,0,0
2024-02-09 02:00:00,0,0,0
2024-02-09 03:00:00,0,0,0
2024-02-09 04:00:00,0,0,0
2024-02-09 05:00:00,0,0,0
2024-02-09 06:00:00,0,0,0
2024-02-09 07:00:00,0,0,0
2024-02-09 08:00:00,0,0,0
2024-02-09 09:00:00,0,0,0
2024-02-09 10:00:00,0,0,0
2024-02-09 11:00:00,0,0,0
2024-02-09 12:00:00,0,0,0
2024-02-09 13:00:00,0,0,0
2024-02-09 14:00:00,0,0,0
2024-02-09 15:00:00,0,0,0
2024-02-09 16:00:00,0,0,0
2024-02-09 17:00:00,0,0,0
2024-02-09 18:00:00,0,0,0
2024-02-09 19:00:00,0,0,0
2024-02-09 20:00:00,0,0,0
2024-02-09 21:00:00,0,0,0
2024-02-09 22:00:00,0,0,0
2024-02-09 23:00:00,0,0,0
2024-02-10 00:00:00,0,0,0
2024-02-10 01:00:00,0,0,0
2024-02-10 02:00:00,0,0,0
2024-02-10 03:00:00,0,0,0
2024-02-10 04:00:00,0,0,0
2024-02-10 05:00:00,0,0,0
2024-02-10 06:00:00,0,0,0
2024-02-10 07:00:00,0,0,0
2024-02-10 08:00:00,0,0,0
2024-02-10 09:00:00,0,0,0
2024-02-10 10:00:00,0,0,0
2024-02-10 11:00:00,0,0,0
2024-02-10 12:00:00,0,0,0
2024-02-10 13:00:00,0,0,0
2024-02-10 14:00:00,0,0,0
2024-02-10 15:00:00,0,0,0
2024-02-10 16:00:00,0,0,0
2024-02-10 17:00:00,0,0,0
2024-02-10 18:00:00,0,0,0
2024-02-10 19:00:00,0,0,0
2024-02-10 20:00:00,0,0,0
2024-02-10 21:00:00,0,0,0
2024-02-10 22:00:00,0,0,0
2024-02-10 23:00:00,0,0,0
2024-02-11 00:00:00,0,0,0
2024-02-11 01:00:00,0,0,0
2024-02-11 02:00:00,0,0,0
2024-02-11 03:00:00,0,0,0
2024-02-11 04:00:00,0,0,0
2024-02-11 05:00:00,0,0,0
2024-02-11 06:00:00,0,0,0
2024-02-11 07:00:00,0,0,0
2024-02-11 08:00:00,0,0,0
2024-02-11 09:00:00,0,0,0
2024-02-11 10:00:00,0,0,0
2024-02-11 11:00:00,0,0,0
2024-02-11 12:00:00,0,0,0
2024-02-11 13:00:00,0,0,0
2024-02-11 14:00:00,0,0,0
2024-02-11 15:00:00,0,0,0
2024-02-11 16:00:00,0,0,0
2024-02-11 17:00:00,0,0,0
2024-02-11 18:00:00,0,0,0
2024-02-11 19:00:00,0,0,0
2024-02-11 20:00:00,0,0,0
2024-02-11 21:00:00,0,0,0
2024-02-11 22:00:00,0,0,0
2024-02-11 23:00:00,0,0,0
2024-02-12 00:00:00,0,0,0
2024-02-12 01:00:00,0,0,0
2024-02-12 02:00:00,0,0,0
2024-02-12 03:00:00,0,0,0
2024-02-12 04:00:00,0,0,0
2024-02-12 05:00:00,0,0,0
2024-02-12 06:00:00,0,0,0
2024-02-12 07:00:00,0,0,0
2024-02-12 08:00:00,0,0,0
2024-02-12 09:00:00,0,0,0
2024-02-12 10:00:00,0,0,0
2024-02-12 11:00:00,0,0,0
2024-02-12 12:00:00,0,0,0
2024-02-12 13:00:00,0,0,0
2024-02-12 14:00:00,0,0,0
2024-02-12 15:00:00,0,0,0
2024-02-12 16:00:00,0,0,0
2024-02-12 17:00:00,0,0,0
2024-02-12 18:00:00,0,0,0
2024-02-12 19:00:00,0,0,0
2024-02-12 20:00:00,0,0,0
2024-02-12 21:00:00,0,0,0
2024-02-12 22:00:00,0,0,0
2024-02-12 23:00:00,0,0,0
2024-02-13 00:00:00,0,0,0
2024-02-13 01:00:00,0,0,0
2024-02-13 02:00:00,0,0,0
2024-02-13 03:00:00,0,0,0
2024-02-13 04:00:00,0,0,0
2024-02-13 05:00:00,0,0,0
2024-02-13 06:00:00,0,0,0
2024-02-13 07:00:00,0,0,0
2024-02-13 08:00:00,0,0,0
2024-02-13 09:00:00,0,0,0
2024-02-13 10:00:00,0,0,0
2024-02-13 11:00:00,0,0,0
2024-02-13 12:00:00,0,0,0
2024-02-13 13:00:00,0,0,0
2024-02-13 14:00:00,0,0,0
2024-02-13 15:00:00,0,0,0
2024-02-13 16:00:00,0,0,0
2024-02-13 17:00:00,0,0,0
2024-02-13 18:00:00,0,0,0
2024-02-13 19:00:00,0,0,0
2024-02-13 20:00:00,0,0,0
2024-02-13 21:00:00,0,0,0
2024-02-13 22:00:00,0,0,0
2024-02-13 23:00:00,0,0,0
2024-02-14 00:00:00,0,0,0
2024-02-14 01:00:00,0,0,0
2024-02-14 02:00:00,0,0,0
2024-02-14 03:00:00,0,0,0
2024-02-14 04:00:00,0,0,0
2024-02-14 05:00:00,0,0,0
2024-02-14 06:00:00,0,0,0
2024-02-14 07:00:00,0,0,0
2024-02-14 08:00:00,0,0,0
2024-02-14 09:00:00,0,0,0
2024-02-14 10:00:00,0,0,0
2024-02-14 11:00:00,0,0,0
2024-02-14 12:00:00,0,0,0
2024-02-14 13:00:00,0,0,0
2024-02-14 14:00:00,0,0,0
2024-02-14 15:00:00,0,0,0
2024-02-14 16:00:00,0,0,0
2024-02-14 17:00:00,0,0,0
2024-02-14 18:00:00,0,0,0
2024-02-14 19:00:00,0,0,0
2024-02-14 20:00:00,0,0,0
2024-02-14 21:00:00,0,0,0
2024-02-14 22:00:00,0,0,0
2024-02-14 23:00:00,0,0,0
2024-02-15 00:00:00,0,0,0
2024-02-15 01:00:00,0,0,0
2024-02-15 02:00:00,0,0,0
2024-02-15 03:00:00,0,0,0
2024-02-15 04:00:00,0,0,0
2024-02-15 05:00:00,0,0,0
2024-02-15 06:00:00,0,0,0
2024-02-15 07:00:00,0,0,0
2024-02-15 08:00:00,0,0,0
2024-02-15 09:00:00,0,0,0
2024-02-15 10:00:00,0,0,0
2024-02-15 11:00:00,0,0,0
2024-02-15 12:00:00,0,0,0
2024-02-15 13:00:00,0,0,0
2024-02-15 14:00:00,0,0,0
2024-02-15 15:00:00,0,0,0
2024-02-15 16:00:00,0,0,0
2024-02-15 17:00:00,0,0,0
2024-02-15 18:00:00,0,0,0
2024-02-15 19:00:00,0,0,0
2024-02-15 20:00:00,0,0,0
2024-02-15 21:00:00,0,0,0
2024-02-15 22:00:00,0,0,0
2024-02-15 23:00:00,0,0,0
2024-02-16 00:00:00,0,0,0
2024-02-16 01:00:00,0,0,0
2024-02-16 02:00:00,0,0,0
2024-02-16 03:00:00,0,0,0
2024-02-16 04:00:00,0,0,0
2024-02-16 05:00:00,0,0,0
2024-02-16 06:00:00,0,0,0
2024-02-16 07:00:00,0,0,0
2024-02-16 08:00:00,0,0,0
2024-02-16 09:00:00,0,0,0
2024-02-16 10:00:00,0,0,0
2024-02-16 11:00:00,0,0,0
2024-02-16 12:00:00,0,0,0
2024-02-16 13:00:00,0,0,0
2024-02-16 14:00:00,0,0,0
2024-02-16 15:00:00,0,0,0
2024-02-16 16:00:00,0,0,0
2024-02-16 17:00:00,0,0,0
2024-02-16 18:00:00,0,0,0
2024-02-16 19:00:00,0,0,0
2024-02-16 20:00:00,0,0,0
2024-02-16 21:00:00,0,0,0
2024-02-16 22:00:00,0,0,0
2024-02-16 23:00:00,0,0,0
2024-02-17 00:00:00,0,0,0
2024-02-17 01:00:00,0,0,0
2024-02-17 02:00:00,0,0,0
2024-02-17 03:00:00,0,0,0
2024-02-17 04:00:00,0,0,0
2024-02-17 05:00:00,0,0,0
2024-02-17 06:00:00,0,0,0
2024-02-17 07:00:00,0,0,0
2024-02-17 08:00:00,0,0,0
2024-02-17 09:00:00,0,0,0
2024-02-17 10:00:00,0,0,0
2024-02-17 11:00:00,0,0,0
2024-02-17 12:00:00,0,0,0
2024-02-17 13:00:00,0,0,0
2024-02-17 14:00:00,0,0,0
2024-02-17 15:00:00,0,0,0
2024-02-17 16:00:00,0,0,0
2024-02-17 17:00:00,0,0,0
2024-02-17 18:00:00,0,0,0
2024-02-17 19:00:00,0,0,0
2024-02-17 20:00:00,0,0,0
2024-02-17 21:00:00,0,0,0
2024-02-17 22:00:00,0,0,0
2024-02-17 23:00:00,0,0,0
2024-02-18 00:00:00,0,0,0
2024-02-18 01:00:00,0,0,0
2024-02-18 02:00:00,0,0,0
2024-02-18 03:00:00,0,0,0
2024-02-18 04:00:00,0,0,0
2024-02-18 05:00:00,0,0,0
2024-02-18 06:00:00,0,0,0
2024-02-18 07:00:00,0,0,0
2024-02-18 08:00:00,0,0,0
2024-02-18 09:00:00,0,0,0
2024-02-18 10:00:00,0,0,0
2024-02-18 11:00:00,0,0,0
2024-02-18 12:00:00,0,0,0
2024-02-18 13:00:00,0,0,0
2024-02-18 14:00:00,0,0,0
2024-02-18 15:00:00,0,0,0
2024-02-18 16:00:00,0,0,0
2024-02-18 17:00:00,0,0,0
2024-02-18 18:00:00,0,0,0
2024-02-18 19:00:00,0,0,0
2024-02-18 20:00:00,0,0,0
2024-02-18 21:00:00,0,0,0
2024-02-18 22:00:00,0,0,0
2024-02-18 23:00:00,0,0,0
2024-02-19 00:00:00,0,0,0
2024-02-19 01:00:00,0,0,0
2024-02-19 02:00:00,0,0,0
2024-02-19 03:00:00,0,0,0
2024-02-19 04:00:00,0,0,0
2024-02-19 05:00:00,0,0,0
2024-02-19 06:00:00,0,0,0
2024-02-19 07:00:00,0,0,0
2024-02-19 08:00:00,0,0,0
2024-02-19 09:00:00,0,0,0
2024-02-19 10:00:00,0,0,0
2024-02-19 11:00:00,0,0,0
2024-02-19 12:00:00,0,0,0
2024-02-19 13:00:00,0,0,0
2024-02-19 14:00:00,0,0,0
2024-02-19 15:00:00,0,0,0
2024-02-19 16:00:00,0,0,0
2024-02-19 17:00:00,0,0,0
2024-02-19 18:00:00,0,0,0
2024-02-19 19:00:00,0,0,0
2024-02-19 20:00:00,0,0,0
2024-02-19 21:00:00,0,0,0
2024-02-19 22:00:00,0,0,0
2024-02-19 23:00:00,0,0,0
2024-02-20 00:00:00,0,0,0
2024-02-20 01:00:00,0,0,0
2024-02-20 02:00:00,0,0,0
2024-02-20 03:00:00,0,0,0
2024-02-20 04:00:00,0,0,0
2024-02-20 05:00:00,0,0,0
2024-02-20 06:00:00,0,0,0
2024-02-20 07:00:00,0,0,0
2024-02-20 08:00:00,0,0,0
2024-02-20 09:00:00,0,0,0
2024-02-20 10:00:00,0,0,0
2024-02-20 11:00:00,0,0,0
2024-02-20 12:00:00,0,0,0
2024-02-20 13:00:00,0,0,0
2024-02-20 14:00:00,0,0,0
2024-02-20 15:00:00,0,0,0
2024-02-20 16:00:00,0,0,0
2024-02-20 17:00:00,0,0,0
2024-02-20 18:00:00,0,0,0
2024-02-20 19:00:00,0,0,0
2024-02-20 20:00:00,0,0,0
2024-02-20 21:00:00,0,0,0
2024-02-20 22:00:00,0,0,0
2024-02-20 23:00:00,0,0,0
2024-02-21 00:00:00,0,0,0
2024-02-21 01:00:00,0,0,0
2024-02-21 02:00:00,0,0,0
2024-02-21 03:00:00,0,0,0
2024-02-21 04:00:00,0,0,0
2024-02-21 05:00:00,0,0,0
2024-02-21 06:00:00,0,0,0
2024-02-21 07:00:00,0,0,0
2024-02-21 08:00:00,0,0,0
2024-02-21 09:00:00,0,0,0
2024-02-21 10:00:00,0,0,0
2024-02-21 11:00:00,0,0,0
2024-02-21 12:00:00,0,0,0
2024-02-21 13:00:00,0,0,0
2024-02-21 14:00:00,0,0,0
2024-02-21 15:00:00,0,0,0
2024-02-21 16:00:00,0,0,0
2024-02-21 17:00:00,0,0,0
2024-02-21 18:00:00,0,0,0
2024-02-21 19:00:00,0,0,0
2024-02-21 20:00:00,0,0,0
2024-02-21 21:00:00,0,0,0
2024-02-21 22:00:00,0,0,0
2024-02-21 23:00:00,0,0,0
2024-02-22 00:00:00,0,0,0
2024-02-22 01:00:00,0,0,0
2024-02-22 02:00:00,0,0,0
2024-02-22 03:00:00,0,0,0
2024-02-22 04:00:00,0,0,0
2024-02-22 05:00:00,0,0,0
2024-02-22 06:00:00,0,0,0
2024-02-22 07:00:00,0,0,0
2024-02-22 08:00:00,0,0,0
2024-02-22 09:00:00,0,0,0
2024-02-22 10:00:00,0,0,0
2024-02-22 11:00:00,0,0,0
2024-02-22 12:00:00,0,0,0
2024-02-22 13:00:00,0,0,0
2024-02-22 14:00:00,0,0,0
2024-02-22 15:00:00,0,0,0
2024-02-22 16:00:00,0,0,0
2024-02-22 17:00:00,0,0,0
2024-02-22 18:00:00,0,0,0
2024-02-22 19:00:00,0,0,0
2024-02-22 20:00:00,0,0,0
2024-02-22 21:00:00,0,0,0
2024-02-22 22:00:00,0,0,0
2024-02-22 23:00:00,0,0,0
2024-02-23 00:00:00,0,0,0
2024-02-23 01:00:00,0,0,0
2024-02-23 02:00:00,0,0,0
2024-02-23 03:00:00,0,0,0
2024-02-23 04:00:00,0,0,0
2024-02-23 05:00:00,0,0,0
2024-02-23 06:00:00,0,0,0
2024-02-23 07:00:00,0,0,0
2024-02-23 08:00:00,0,0,0
2024-02-23 09:00:00,0,0,0
2024-02-23 10:00:00,0,0,0
2024-02-23 11:00:00,0,0,0
2024-02-23 12:00:00,0,0,0
2024-02-23 13:00:00,0,0,0
2024-02-23 14:00:00,0,0,0
2024-02-23 15:00:00,0,0,0
2024-02-23 16:00:00,0,0,0
2024-02-23 17:00:00,0,0,0
2024-02-23 18:00:00,0,0,0
2024-02-23 19:00:00,0,0,0
2024-02-23 20:00:00,0,0,0
2024-02-23 21:00:00,0,0,0
2024-02-23 22:00:00,0,0,0
2024-02-23 23:00:00,0,0,0
2024-02-24 00:00:00,0,0,0
2024-02-24 01:00:00,0,0,0
2024-02-24 02:00:00,0,0,0
2024-02-24 03:00:00,0,0,0
2024-02-24 04:00:00,0,0,0
2024-02-24 05:00:00,0,0,0
2024-02-24 06:00:00,0,0,0
2024-02-24 07:00:00,0,0,0
2024-02-24 08:00:00,0,0,0
2024-02-24 09:00:00,0,0,0
2024-02-24 10:00:00,0,0,0
2024-02-24 11:00:00,0,0,0
2024-02-24 12:00:00,0,0,0
2024-02-24 13:00:00,0,0,0
2024-02-24 14:00:00,0,0,0
2024-02-24 15:00:00,0,0,0
2024-02-24 16:00:00,0,0,0
2024-02-24 17:00:00,0,0,0
2024-02-24 18:00:00,0,0,0
2024-02-24 19:00:00,0,0,0
2024-02-24 20:00:00,0,0,0
2024-02-24 21:00:00,0,0,0
2024-02-24 22:00:00,0,0,0
2024-02-24 23:00:00,0,0,0
2024-02-25 00:00:00,0,0,0
2024-02-25 01:00:00,0,0,0
2024-02-25 02:00:00,0,0,0
2024-02-25 03:00:00,0,0,0
2024-02-25 04:00:00,0,0,0
2024-02-25 05:00:00,0,0,0
2024-02-25 06:00:00,0,0,0
2024-02-25 07:00:00,0,0,0
2024-02-25 08:00:00,0,0,0
2024-02-25 09:00:00,0,0,0
2024-02-25 10:00:00,0,0,0
2024-02-25 11:00:00,0,0,0
2024-02-25 12:00:00,0,0,0
2024-02-25 13:00:00,0,0,0
2024-02-25 14:00:00,0,0,0
2024-02-25 15:00:00,0,0,0
2024-02-25 16:00:00,0,0,0
2024-02-25 17:00:00,0,0,0
2024-02-25 18:00:00,0,0,0
2024-02-25 19:00:00,0,0,0
2024-02-25 20:00:00,0,0,0
2024-02-25 21:00:00,0,0,0
2024-02-25 22:00:00,0,0,0
2024-02-25 23:00:00,0,0,0
2024-02-26 00:00:00,0,0,0
2024-02-26 01:00:00,0,0,0
2024-02-26 02:00:00,0,0,0
2024-02-26 03:00:00,0,0,0
2024-02-26 04:00:00,0,0,0
2024-02-26 05:00:00,0,0,0
2024-02-26 06:00:00,0,0,0
2024-02-26 07:00:00,0,0,0
2024-02-26 08:00:00,0,0,0
2024-02-26 09:00:00,0,0,0
2024-02-26 10:00:00,0,0,0
2024-02-26 11:00:00,0,0,0
2024-02-26 12:00:00,0,0,0
2024-02-26 13:00:00,0,0,0
2024-02-26 14:00:00,0,0,0
2024-02-26 15:00:00,0,0,0
2024-02-26 16:00:00,0,0,0
2024-02-26 17:00:00,0,0,0
2024-02-26 18:00:00,0,0,0
2024-02-26 19:00:00,0,0,0
2024-02-26 20:00:00,0,0,0
2024-02-26 21:00:00,0,0,0
2024-02-26 22:00:00,0,0,0
2024-02-26 23:00:00,0,0,0
2024-02-27 00:00:00,0,0,0
2024-02-27 01:00:00,0,0,0
2024-02-27 02:00:00,0,0,0
2024-02-27 03:00:00,0,0,0
2024-02-27 04:00:00,0,0,0
2024-02-27 05:00:00,0,0,0
2024-02-27 06:00:00,0,0,0
2024-02-27 07:00:00,0,0,0
2024-02-27 08:00:00,0,0,0
2024-02-27 09:00:00,0,0,0
2024-02-27 10:00:00,0,0,0
2024-02-27 11:00:00,0,0,0
2024-02-27 12:00:00,0,0,0
2024-02-27 13:00:00,0,0,0
2024-02-27 14:00:00,0,0,0
2024-02-27 15:00:00,0,0,0
2024-02-27 16:00:00,0,0,0
2024-02-27 17:00:00,0,0,0
2024-02-27 18:00:00,0,0,0
2024-02-27 19:00:00,0,0,0
2024-02-27 20:00:00,0,0,0
2024-02-27 21:00:00,0,0,0
2024-02-27 22:00:00,0,0,0
2024-02-27 23:00:00,0,0,0
2024-02-28 00:00:00,0,0,0
2024-02-28 01:00:00,0,0,0
2024-02-28 02:00:00,0,0,0
2024-02-28 03:00:00,0,0,0
2024-02-28 04:00:00,0,0,0
2024-02-28 05:00:00,0,0,0
2024-02-28 06:00:00,0,0,0
2024-02-28 07:00:00,0,0,0
2024-02-28 08:00:00,0,0,0
2024-02-28 09:00:00,0,0,0
2024-02-28 10:00:00,0,0,0
2024-02-28 11:00:00,0,0,0
2024-02-28 12:00:00,0,0,0
2024-02-28 13:00:00,0,0,0
2024-02-28 14:00:00,0,0,0
2024-02-28 15:00:00,0,0,0
2024-02-28 16:00:00,0,0,0
2024-02-28 17:00:00,0,0,0
2024-02-28 18:00:00,0,0,0
2024-02-28 19:00:00,0,0,0
2024-02-28 20:00:00,0,0,0
2024-02-28 21:00:00,0,0,0
2024-02-28 22:00:00,0,0,0
2024-02-28 23:00:00,0,0,0
2024-02-29 00:00:00,0,0,0
2024-02-29 01:00:00,0,0,0
2024-02-29 02:00:00,0,0,0
2024-02-29 03:00:00,0,0,0
2024-02-29 04:00:00,0,0,0
2024-02-29 05:00:00,0,0,0
2024-02-29 06:00:00,0,0,0
2024-02-29 07:00:00,0,0,0
2024-02-29 08:00:00,0,0,0
2024-02-29 09:00:00,0,0,0
2024-02-29 10:00:00,0,0,0
2024-02-29 11:00:00,0,0,0
2024-02-29 12:00:00,0,0,0
2024-02-29 13:00:00,0,0,0
2024-02-29 14:00:00,0,0,0
2024-02-29 15:00:00,0,0,0
2024-02-29 16:00:00,0,0,0
2024-02-29 17:00:00,0,0,0
2024-02-29 18:00:00,0,0,0
2024-02-29 19:00:00,0,0,0
2024-02-29 20:00:00,0,0,0
2024-02-29 21:00:00,0,0,0
2024-02-29 22:00:00,0,0,0
2024-02-29 23:00:00,0,0,0
2024-03-01 00:00:00,0,0,0
2024-03-01 01:00:00,0,0,0
2024-03-01 02:00:00,0,0,0
2024-03-01 03:00:00,0,0,0
2024-03-01 04:00:00,0,0,0
2024-03-01 05:00:00,0,0,0
2024-03-01 06:00:00,0,0,0
2024-03-01 07:00:00,0,0,0
2024-03-01 08:00:00,0,0,0
2024-03-01 09:00:00,0,0,0
2024-03-01 10:00:00,0,0,0
2024-03-01 11:00:00,0,0,0
2024-03-01 12:00:00,0,0,0
2024-03-01 13:00:00,0,0,0
2024-03-01 14:00:00,0,0,0
2024-03-01 15:00:00,0,0,0
2024-03-01 16:00:00,0,0,0
2024-03-01 17:00:00,0,0,0
2024-03-01 18:00:00,0,0,0
2024-03-01 19:00:00,0,0,0
2024-03-01 20:00:00,0,0,0
2024-03-01 21:00:00,0,0,0
2024-03-01 22:00:00,0,0,0
2024-03-01 23:00:00,0,0,0
2024-03-02 00:00:00,0,0,0
2024-03-02 01:00:00,0,0,0
2024-03-02 02:00:00,0,0,0
2024-03-02 03:00:00,0,0,0
2024-03-02 04:00:00,0,0,0
2024-03-02 05:00:00,0,0,0
2024-03-02 06:00:00,0,0,0
2024-03-02 07:00:00,0,0,0
2024-03-02 08:00:00,0,0,0
2024-03-02 09:00:00,0,0,0
2024-03-02 10:00:00,0,0,0
2024-03-02 11:00:00,0,0,0
2024-03-02 12:00:00,0,0,0
2024-03-02 13:00:00,0,0,0
2024-03-02 14:00:00,0,0,0
2024-03-02 15:00:00,0,0,0
2024-03-02 16:00:00,0,0,0
2024-03-02 17:00:00,0,0,0
2024-03-02 18:00:00,0,0,0
2024-03-02 19:00:00,0,0,0
2024-03-02 20:00:00,0,0,0
2024-03-02 21:00:00,0,0,0
2024-03-02 22:00:00,0,0,0
2024-03-02 23:00:00,0,0,0
2024-03-03 00:00:00,0,0,0
2024-03-03 01:00:00,0,0,0
2024-03-03 02:00:00,0,0,0
2024-03-03 03:00:00,0,0,0
2024-03-03 04:00:00,0,0,0
2024-03-03 05:00:00,0,0,0
2024-03-03 06:00:00,0,0,0
2024-03-03 07:00:00,0,0,0
2024-03-03 08:00:00,0,0,0
2024-03-03 09:00:00,0,0,0
2024-03-03 10:00:00,0,0,0
2024-03-03 11:00:00,0,0,0
2024-03-03 12:00:00,0,0,0
2024-03-03 13:00:00,0,0,0
2024-03-03 14:00:00,0,0,0
2024-03-03 15:00:00,0,0,0
2024-03-03 16:00:00,0,0,0
2024-03-03 17:00:00,0,0,0
2024-03-03 18:00:00,0,0,0
2024-03-03 19:00:00,0,0,0
2024-03-03 20:00:00,0,0,0
2024-03-03 21:00:00,0,0,0
2024-03-03 22:00:00,0,0,0
2024-03-03 23:00:00,0,0,0
2024-03-04 00:00:00,0,0,0
2024-03-04 01:00:00,0,0,0
2024-03-04 02:00:00,0,0,0
2024-03-04 03:00:00,0,0,0
2024-03-04 04:00:00,0,0,0
2024-03-04 05:00:00,0,0,0
2024-03-04 06:00:00,0,0,0
2024-03-04 07:00:00,0,0,0
2024-03-04 08:00:00,0,0,0
2024-03-04 09:00:00,0,0,0
2024-03-04 10:00:00,0,0,0
2024-03-04 11:00:00,0,0,0
2024-03-04 12:00:00,0,0,0
2024-03-04 13:00:00,0,0,0
2024-03-04 14:00:00,0,0,0
2024-03-04 15:00:00,0,0,0
2024-03-04 16:00:00,0,0,0
2024-03-04 17:00:00,0,0,0
2024-03-04 18:00:00,0,0,0
2024-03-04 19:00:00,0,0,0
2024-03-04 20:00:00,0,0,0
2024-03-04 21:00:00,0,0,0
2024-03-04 22:00:00,0,0,0
2024-03-04 23:00:00,0,0,0
2024-03-05 00:00:00,0,0,0
2024-03-05 01:00:00,0,0,0
2024-03-05 02:00:00,0,0,0
2024-03-05 03:00:00,0,0,0
2024-03-05 04:00:00,0,0,0
2024-03-05 05:00:00,0,0,0
2024-03-05 06:00:00,0,0,0
2024-03-05 07:00:00,0,0,0
2024-03-05 08:00:00,0,0,0
2024-03-05 09:00:00,0,0,0
2024-03-05 10:00:00,0,0,0
2024-03-05 11:00:00,0,0,0
2024-03-05 12:00:00,0,0,0
2024-03-05 13:00:00,0,0,0
2024-03-05 14:00:00,0,0,0
2024-03-05 15:00:00,0,0,0
2024-03-05 16:00:00,0,0,0
2024-03-05 17:00:00,0,0,0
2024-03-05 18:00:00,0,0,0
2024-03-05 19:00:00,0,0,0
2024-03-05 20:00:00,0,0,0
2024-03-05 21:00:00,0,0,0
2024-03-05 22:00:00,0,0,0
2024-03-05 23:00:00,0,0,0
2024-03-06 00:00:00,0,0,0
2024-03-06 01:00:00,0,0,0
2024-03-06 02:00:00,0,0,0
2024-03-06 03:00:00,0,0,0
2024-03-06 04:00:00,0,0,0
2024-03-06 05:00:00,0,0,0
2024-03-06 06:00:00,0,0,0
2024-03-06 07:00:00,0,0,0
2024-03-06 08:00:00,0,0,0
2024-03-06 09:00:00,0,0,0
2024-03-06 10:00:00,0,0,0
2024-03-06 11:00:00,0,0,0
2024-03-06 12:00:00,0,0,0
2024-03-06 13:00:00,0,0,0
2024-03-06 14:00:00,0,0,0
2024-03-06 15:00:00,0,0,0
2024-03-06 16:00:00,0,0,0
2024-03-06 17:00:00,0,0,0
2024-03-06 18:00:00,0,0,0
2024-03-06 19:00:00,0,0,0
2024-03-06 20:00:00,0,0,0
2024-03-06 21:00:00,0,0,0
2024-03-06 22:00:00,0,0,0
2024-03-06 23:00:00,0,0,0
2024-03-07 00:00:00,0,0,0
2024-03-07 01:00:00,0,0,0
2024-03-07 02:00:00,0,0,0
2024-03-07 03:00:00,0,0,0
2024-03-07 04:00:00,0,0,0
2024-03-07 05:00:00,0,0,0
2024-03-07 06:00:00,0,0,0
2024-03-07 07:00:00,0,0,0
2024-03-07 08:00:00,0,0,0
2024-03-07 09:00:00,0,0,0
2024-03-07 10:00:00,0,0,0
2024-03-07 11:00:00,0,0,0
2024-03-07 12:00:00,0,0,0
2024-03-07 13:00:00,0,0,0
2024-03-07 14:00:00,0,0,0
2024-03-07 15:00:00,0,0,0
2024-03-07 16:00:00,0,0,0
2024-03-07 17:00:00,0,0,0
2024-03-07 18:00:00,0,0,0
2024-03-07 19:00:00,0,0,0
2024-03-07 20:00:00,0,0,0
2024-03-07 21:00:00,0,0,0
2024-03-07 22:00:00,0,0,0
2024-03-07 23:00:00,0,0,0
2024-03-08 00:00:00,0,0,0
2024-03-08 01:00:00,0,0,0
2024-03-08 02:00:00,0,0,0
2024-03-08 03:00:00,0,0,0
2024-03-08 04:00:00,0,0,0
2024-03-08 05:00:00,0,0,0
2024-03-08 06:00:00,0,0,0
2024-03-08 07:00:00,0,0,0
2024-03-08 08:00:00,0,0,0
2024-03-08 09:00:00,0,0,0
2024-03-08 10:00:00,0,0,0
2024-03-08 11:00:00,0,0,0
2024-03-08 12:00:00,0,0,0
2024-03-08 13:00:00,0,0,0
2024-03-08 14:00:00,0,0,0
2024-03-08 15:00:00,0,0,0
2024-03-08 16:00:00,0,0,0
2024-03-08 17:00:00,0,0,0
2024-03-08 18:00:00,0,0,0
2024-03-08 19:00:00,0,0,0
2024-03-08 20:00:00,0,0,0
2024-03-08 21:00:00,0,0,0
2024-03-08 22:00:00,0,0,0
2024-03-08 23:00:00,0,0,0
2024-03-09 00:00:00,0,0,0
2024-03-09 01:00:00,0,0,0
2024-03-09 02:00:00,0,0,0
2024-03-09 03:00:00,0,0,0
2024-03-09 04:00:00,0,0,0
2024-03-09 05:00:00,0,0,0
2024-03-09 06:00:00,0,0,0
2024-03-09 07:00:00,0,0,0
2024-03-09 08:00:00,0,0,0
2024-03-09 09:00:00,0,0,0
2024-03-09 10:00:00,0,0,0
2024-03-09 11:00:00,0,0,0
2024-03-09 12:00:00,0,0,0
2024-03-09 13:00:00,0,0,0
2024-03-09 14:00:00,0,0,0
2024-03-09 15:00:00,0,0,0
2024-03-09 16:00:00,0,0,0
2024-03-09 17:00:00,0,0,0
2024-03-09 18:00:00,0,0,0
2024-03-09 19:00:00,0,0,0
2024-03-09 20:00:00,0,0,0
2024-03-09 21:00:00,0,0,0
2024-03-09 22:00:00,0,0,0
2024-03-09 23:00:00,0,0,0
2024-03-10 00:00:00,0,0,0
2024-03-10 01:00:00,0,0,0
2024-03-10 02:00:00,0,0,0
2024-03-10 03:00:00,0,0,0
2024-03-10 04:00:00,0,0,0
2024-03-10 05:00:00,0,0,0
2024-03-10 06:00:00,0,0,0
2024-03-10 07:00:00,0,0,0
2024-03-10 08:00:00,0,0,0
2024-03-10 09:00:00,0,0,0
2024-03-10 10:00:00,0,0,0
2024-03-10 11:00:00,0,0,0
2024-03-10 12:00:00,0,0,0
2024-03-10 13:00:00,0,0,0
2024-03-10 14:00:00,0,0,0
2024-03-10 15:00:00,0,0,0
2024-03-10 16:00:00,0,0,0
2024-03-10 17:00:00,0,0,0
2024-03-10 18:00:00,0,0,0
2024-03-10 19:00:00,0,0,0
2024-03-10 20:00:00,0,0,0
2024-03-10 21:00:00,0,0,0
2024-03-10 22:00:00,0,0,0
2024-03-10 23:00:00,0,0,0
2024-03-11 00:00:00,0,0,0
2024-03-11 01:00:00,0,0,0
2024-03-11 02:00:00,0,0,0
2024-03-11 03:00:00,0,0,0
2024-03-11 04:00:00,0,0,0
2024-03-11 05:00:00,0,0,0
2024-03-11 06:00:00,0,0,0
2024-03-11 07:00:00,0,0,0
2024-03-11 08:00:00,0,0,0
2024-03-11 09:00:00,0,0,0
2024-03-11 10:00:00,0,0,0
2024-03-11 11:00:00,0,0,0
2024-03-11 12:00:00,0,0,0
2024-03-11 13:00:00,0,0,0
2024-03-11 14:00:00,0,0,0
2024-03-11 15:00:00,0,0,0
2024-03-11 16:00:00,0,0,0
2024-03-11 17:00:00,0,0,0
2024-03-11 18:00:00,0,0,0
2024-03-11 19:00:00,0,0,0
2024-03-11 20:00:00,0,0,0
2024-03-11 21:00:00,0,0,0
2024-03-11 22:00:00,0,0,0
2024-03-11 23:00:00,0,0,0
2024-03-12 00:00:00,0,0,0
2024-03-12 01:00:00,0,0,0
2024-03-12 02:00:00,0,0,0
2024-03-12 03:00:00,0,0,0
2024-03-12 04:00:00,0,0,0
2024-03-12 05:00:00,0,0,0
2024-03-12 06:00:00,0,0,0
2024-03-12 07:00:00,0,0,0
2024-03-12 08:00:00,0,0,0
2024-03-12 09:00:00,0,0,0
2024-03-12 10:00:00,0,0,0
2024-03-12 11:00:00,0,0,0
2024-03-12 12:00:00,0,0,0
2024-03-12 13:00:00,0,0,0
2024-03-12 14:00:00,0,0,0
2024-03-12 15:00:00,0,0,0
2024-03-12 16:00:00,0,0,0
2024-03-12 17:00:00,0,0,0
2024-03-12 18:00:00,0,0,0
2024-03-12 19:00:00,0,0,0
2024-03-12 20:00:00,0,0,0
2024-03-12 21:00:00,0,0,0
2024-03-12 22:00:00,0,0,0
2024-03-12 23:00:00,0,0,0
2024-03-13 00:00:00,0,0,0
2024-03-13 01:00:00,0,0,0
2024-03-13 02:00:00,0,0,0
2024-03-13 03:00:00,0,0,0
2024-03-13 04:00:00,0,0,0
2024-03-13 05:00:00,0,0,0
2024-03-13 06:00:00,0,0,0
2024-03-13 07:00:00,0,0,0
2024-03-13 08:00:00,0,0,0
2024-03-13 09:00:00,0,0,0
2024-03-13 10:00:00,0,0,0
2024-03-13 11:00:00,0,0,0
2024-03-13 12:00:00,0,0,0
2024-03-13 13:00:00,0,0,0
2024-03-13 14:00:00,0,0,0
2024-03-13 15:00:00,0,0,0
2024-03-13 16:00:00,0,0,0
2024-03-13 17:00:00,0,0,0
2024-03-13 18:00:00,0,0,0
2024-03-13 19:00:00,0,0,0
2024-03-13 20:00:00,0,0,0
2024-03-13 21:00:00,0,0,0
2024-03-13 22:00:00,0,0,0
2024-03-13 23:00:00,0,0,0
2024-03-14 00:00:00,0,0,0
2024-03-14 01:00:00,0,0,0
2024-03-14 02:00:00,0,0,0
2024-03-14 03:00:00,0,0,0
2024-03-14 04:00:00,0,0,0
2024-03-14 05:00:00,0,0,0
2024-03-14 06:00:00,0,0,0
2024-03-14 07:00:00,0,0,0
2024-03-14 08:00:00,0,0,0
2024-03-14 09:00:00,0,0,0
2024-03-14 10:00:00,0,0,0
2024-03-14 11:00:00,0,0,0
2024-03-14 12:00:00,0,0,0
2024-03-14 13:00:00,0,0,0
2024-03-14 14:00:00,0,0,0
2024-03-14 15:00:00,0,0,0
2024-03-14 16:00:00,0,0,0
2024-03-14 17:00:00,0,0,0
2024-03-14 18:00:00,0,0,0
2024-03-14 19:00:00,0,0,0
2024-03-14 20:00:00,0,0,0
2024-03-14 21:00:00,0,0,0
2024-03-14 22:00:00,0,0,0
2024-03-14 23:00:00,0,0,0
2024-03-15 00:00:00,0,0,0
2024-03-15 01:00:00,0,0,0
2024-03-15 02:00:00,0,0,0
2024-03-15 03:00:00,0,0,0
2024-03-15 04:00:00,0,0,0
2024-03-15 05:00:00,0,0,0
2024-03-15 06:00:00,0,0,0
2024-03-15 07:00:00,0,0,0
2024-03-15 08:00:00,0,0,0
2024-03-15 09:00:00,0,0,0
2024-03-15 10:00:00,0,0,0
2024-03-15 11:00:00,0,0,0
2024-03-15 12:00:00,0,0,0
2024-03-15 13:00:00,0,0,0
2024-03-15 14:00:00,0,0,0
2024-03-15 15:00:00,0,0,0
2024-03-15 16:00:00,0,0,0
2024-03-15 17:00:00,0,0,0
2024-03-15 18:00:00,0,0,0
2024-03-15 19:00:00,0,0,0
2024-03-15 20:00:00,0,0,0
2024-03-15 21:00:00,0,0,0
2024-03-15 22:00:00,0,0,0
2024-03-15 23:00:00,0,0,0
2024-03-16 00:00:00,0,0,0
2024-03-16 01:00:00,0,0,0
2024-03-16 02:00:00,0,0,0
2024-03-16 03:00:00,0,0,0
2024-03-16 04:00:00,0,0,0
2024-03-16 05:00:00,0,0,0
2024-03-16 06:00:00,0,0,0
2024-03-16 07:00:00,0,0,0
2024-03-16 08:00:00,0,0,0
2024-03-16 09:00:00,0,0,0
2024-03-16 10:00:00,0,0,0
2024-03-16 11:00:00,0,0,0
2024-03-16 12:00:00,0,0,0
2024-03-16 13:00:00,0,0,0
2024-03-16 14:00:00,0,0,0
2024-03-16 15:00:00,0,0,0
2024-03-16 16:00:00,0,0,0
2024-03-16 17:00:00,0,0,0
2024-03-16 18:00:00,0,0,0
2024-03-16 19:00:00,0,0,0
2024-03-16 20:00:00,0,0,0
2024-03-16 21:00:00,0,0,0
2024-03-16 22:00:00,0,0,0
2024-03-16 23:00:00,0,0,0
2024-03-17 00:00:00,0,0,0
2024-03-17 01:00:00,0,0,0
2024-03-17 02:00:00,0,0,0
2024-03-17 03:00:00,0,0,0
2024-03-17 04:00:00,0,0,0
2024-03-17 05:00:00,0,0,0
2024-03-17 06:00:00,0,0,0
2024-03-17 07:00:00,0,0,0
2024-03-17 08:00:00,0,0,0
2024-03-17 09:00:00,0,0,0
2024-03-17 10:00:00,0,0,0
2024-03-17 11:00:00,0,0,0
2024-03-17 12:00:00,0,0,0
2024-03-17 13:00:00,0,0,0
2024-03-17 14:00:00,0,0,0
2024-03-17 15:00:00,0,0,0
2024-03-17 16:00:00,0,0,0
2024-03-17 17:00:00,0,0,0
2024-03-17 18:00:00,0,0,0
2024-03-17 19:00:00,0,0,0
2024-03-17 20:00:00,0,0,0
2024-03-17 21:00:00,0,0,0
2024-03-17 22:00:00,0,0,0
2024-03-17 23:00:00,0,0,0
2024-03-18 00:00:00,0,0,0
2024-03-18 01:00:00,0,0,0
2024-03-18 02:00:00,0,0,0
2024-03-18 03:00:00,0,0,0
2024-03-18 04:00:00,0,0,0
2024-03-18 05:00:00,0,0,0
2024-03-18 06:00:00,0,0,0
2024-03-18 07:00:00,0,0,0
2024-03-18 08:00:00,0,0,0
2024-03-18 09:00:00,0,0,0
2024-03-18 10:00:00,0,0,0
2024-03-18 11:00:00,0,0,0
2024-03-18 12:00:00,0,0,0
2024-03-18 13:00:00,0,0,0
2024-03-18 14:00:00,0,0,0
2024-03-18 15:00:00,0,0,0
2024-03-18 16:00:00,0,0,0
2024-03-18 17:00:00,0,0,0
2024-03-18 18:00:00,0,0,0
2024-03-18 19:00:00,0,0,0
2024-03-18 20:00:00,0,0,0
2024-03-18 21:00:00,0,0,0
2024-03-18 22:00:00,0,0,0
2024-03-18 23:00:00,0,0,0
2024-03-19 00:00:00,0,0,0
2024-03-19 01:00:00,0,0,0
2024-03-19 02:00:00,0,0,0
2024-03-19 03:00:00,0,0,0
2024-03-19 04:00:00,0,0,0
2024-03-19 05:00:00,0,0,0
2024-03-19 06:00:00,0,0,0
2024-03-19 07:00:00,0,0,0
2024-03-19 08:00:00,0,0,0
2024-03-19 09:00:00,0,0,0
2024-03-19 10:00:00,0,0,0
2024-03-19 11:00:00,0,0,0
2024-03-19 12:00:00,0,0,0
2024-03-19 13:00:00,0,0,0
2024-03-19 14:00:00,0,0,0
2024-03-19 15:00:00,0,0,0
2024-03-19 16:00:00,0,0,0
2024-03-19 17:00:00,0,0,0
2024-03-19 18:00:00,0,0,0
2024-03-19 19:00:00,0,0,0
2024-03-19 20:00:00,0,0,0
2024-03-19 21:00:00,0,0,0
2024-03-19 22:00:00,0,0,0
2024-03-19 23:00:00,0,0,0
2024-03-20 00:00:00,0,0,0
2024-03-20 01:00:00,0,0,0
2024-03-20 02:00:00,0,0,0
2024-03-20 03:00:00,0,0,0
2024-03-20 04:00:00,0,0,0
2024-03-20 05:00:00,0,0,0
2024-03-20 06:00:00,0,0,0
2024-03-20 07:00:00,0,0,0
2024-03-20 08:00:00,0,0,0
2024-03-20 09:00:00,0,0,0
2024-03-20 10:00:00,0,0,0
2024-03-20 11:00:00,0,0,0
2024-03-20 12:00:00,0,0,0
2024-03-20 13:00:00,0,0,0
2024-03-20 14:00:00,0,0,0
2024-03-20 15:00:00,0,0,0
2024-03-20 16:00:00,0,0,0
2024-03-20 17:00:00,0,0,0
2024-03-20 18:00:00,0,0,0
2024-03-20 19:00:00,0,0,0
2024-03-20 20:00:00,0,0,0
2024-03-20 21:00:00,0,0,0
2024-03-20 22:00:00,0,0,0
2024-03-20 23:00:00,0,0,0
2024-03-21 00:00:00,0,0,0
2024-03-21 01:00:00,0,0,0
2024-03-21 02:00:00,0,0,0
2024-03-21 03:00:00,0,0,0
2024-03-21 04:00:00,0,0,0
2024-03-21 05:00:00,0,0,0
2024-03-21 06:00:00,0,0,0
2024-03-21 07:00:00,0,0,0
2024-03-21 08:00:00,0,0,0
2024-03-21 09:00:00,0,0,0
2024-03-21 10:00:00,0,0,0
2024-03-21 11:00:00,0,0,0
2024-03-21 12:00:00,0,0,0
2024-03-21 13:00:00,0,0,0
2024-03-21 14:00:00,0,0,0
2024-03-21 15:00:00,0,0,0
2024-03-21 16:00:00,0,0,0
2024-03-21 17:00:00,0,0,0
2024-03-21 18:00:00,0,0,0
2024-03-21 19:00:00,0,0,0
2024-03-21 20:00:00,0,0,0
2024-03-21 21:00:00,0,0,0
2024-03-21 22:00:00,0,0,0
2024-03-21 23:00:00,0,0,0
2024-03-22 00:00:00,0,0,0
2024-03-22 01:00:00,0,0,0
2024-03-22 02:00:00,0,0,0
2024-03-22 03:00:00,0,0,0
2024-03-22 04:00:00,0,0,0
2024-03-22 05:00:00,0,0,0
2024-03-22 06:00:00,0,0,0
2024-03-22 07:00:00,0,0,0
2024-03-22 08:00:00,0,0,0
2024-03-22 09:00:00,0,0,0
2024-03-22 10:00:00,0,0,0
2024-03-22 11:00:00,0,0,0
2024-03-22 12:00:00,0,0,0
2024-03-22 13:00:00,0,0,0
2024-03-22 14:00:00,0,0,0
2024-03-22 15:00:00,0,0,0
2024-03-22 16:00:00,0,0,0
2024-03-22 17:00:00,0,0,0
2024-03-22 18:00:00,0,0,0
2024-03-22 19:00:00,0,0,0
2024-03-22 20:00:00,0,0,0
2024-03-22 21:00:00,0,0,0
2024-03-22 22:00:00,0,0,0
2024-03-22 23:00:00,0,0,0
2024-03-23 00:00:00,0,0,0
2024-03-23 01:00:00,0,0,0
2024-03-23 02:00:00,0,0,0
2024-03-23 03:00:00,0,0,0
2024-03-23 04:00:00,0,0,0
2024-03-23 05:00:00,0,0,0
2024-03-23 06:00:00,0,0,0
2024-03-23 07:00:00,0,0,0
2024-03-23 08:00:00,0,0,0
2024-03-23 09:00:00,0,0,0
2024-03-23 10:00:00,0,0,0
2024-03-23 11:00:00,0,0,0
2024-03-23 12:00:00,0,0,0
2024-03-23 13:00:00,0,0,0
2024-03-23 14:00:00,0,0,0
2024-03-23 15:00:00,0,0,0
2024-03-23 16:00:00,0,0,0
2024-03-23 17:00:00,0,0,0
2024-03-23 18:00:00,0,0,0
2024-03-23 19:00:00,0,0,0
2024-03-23 20:00:00,0,0,0
2024-03-23 21:00:00,0,0,0
2024-03-23 22:00:00,0,0,0
2024-03-23 23:00:00,0,0,0
2024-03-24 00:00:00,0,0,0
2024-03-24 01:00:00,0,0,0
2024-03-24 02:00:00,0,0,0
2024-03-24 03:00:00,0,0,0
2024-03-24 04:00:00,0,0,0
2024-03-24 05:00:00,0,0,0
2024-03-24 06:00:00,0,0,0
2024-03-24 07:00:00,0,0,0
2024-03-24 08:00:00,0,0,0
2024-03-24 09:00:00,0,0,0
2024-03-24 10:00:00,0,0,0
2024-03-24 11:00:00,0,0,0
2024-03-24 12:00:00,0,0,0
2024-03-24 13:00:00,0,0,0
2024-03-24 14:00:00,0,0,0
2024-03-24 15:00:00,0,0,0
2024-03-24 16:00:00,0,0,0
2024-03-24 17:00:00,0,0,0
2024-03-24 18:00:00,0,0,0
2024-03-24 19:00:00,0,0,0
2024-03-24 20:00:00,0,0,0
2024-03-24 21:00:00,0,0,0
2024-03-24 22:00:00,0,0,0
2024-03-24 23:00:00,0,0,0
2024-03-25 00:00:00,0,0,0
2024-03-25 01:00:00,0,0,0
2024-03-25 02:00:00,0,0,0
2024-03-25 03:00:00,0,0,0
2024-03-25 04:00:00,0,0,0
2024-03-25 05:00:00,0,0,0
2024-03-25 06:00:00,0,0,0
2024-03-25 07:00:00,0,0,0
2024-03-25 08:00:00,0,0,0
2024-03-25 09:00:00,0,0,0
2024-03-25 10:00:00,0,0,0
2024-03-25 11:00:00,0,0,0
2024-03-25 12:00:00,0,0,0
2024-03-25 13:00:00,0,0,0
2024-03-25 14:00:00,0,0,0
2024-03-25 15:00:00,0,0,0
2024-03-25 16:00:00,0,0,0
2024-03-25 17:00:00,0,0,0
2024-03-25 18:00:00,0,0,0
2024-03-25 19:00:00,0,0,0
2024-03-25 20:00:00,0,0,0
2024-03-25 21:00:00,0,0,0
2024-03-25 22:00:00,0,0,0
2024-03-25 23:00:00,0,0,0
2024-03-26 00:00:00,0,0,0
2024-03-26 01:00:00,0,0,0
2024-03-26 02:00:00,0,0,0
2024-03-26 03:00:00,0,0,0
2024-03-26 04:00:00,0,0,0
2024-03-26 05:00:00,0,0,0
2024-03-26 06:00:00,0,0,0
2024-03-26 07:00:00,0,0,0
2024-03-26 08:00:00,0,0,0
2024-03-26 09:00:00,0,0,0
2024-03-26 10:00:00,0,0,0
2024-03-26 11:00:00,0,0,0
2024-03-26 12:00:00,0,0,0
2024-03-26 13:00:00,0,0,0
2024-03-26 14:00:00,0,0,0
2024-03-26 15:00:00,0,0,0
2024-03-26 16:00:00,0,0,0
2024-03-26 17:00:00,0,0,0
2024-03-26 18:00:00,0,0,0
2024-03-26 19:00:00,0,0,0
2024-03-26 20:00:00,0,0,0
2024-03-26 21:00:00,0,0,0
2024-03-26 22:00:00,0,0,0
2024-03-26 23:00:00,0,0,0
2024-03-27 00:00:00,0,0,0
2024-03-27 01:00:00,0,0,0
2024-03-27 02:00:00,0,0,0
2024-03-27 03:00:00,0,0,0
2024-03-27 04:00:00,0,0,0
2024-03-27 05:00:00,0,0,0
2024-03-27 06:00:00,0,0,0
2024-03-27 07:00:00,0,0,0
2024-03-27 08:00:00,0,0,0
2024-03-27 09:00:00,0,0,0
2024-03-27 10:00:00,0,0,0
2024-03-27 11:00:00,0,0,0
2024-03-27 12:00:00,0,0,0
2024-03-27 13:00:00,0,0,0
2024-03-27 14:00:00,0,0,0
2024-03-27 15:00:00,0,0,0
2024-03-27 16:00:00,0,0,0
2024-03-27 17:00:00,0,0,0
2024-03-27 18:00:00,0,0,0
2024-03-27 19:00:00,0,0,0
2024-03-27 20:00:00,0,0,0
2024-03-27 21:00:00,0,0,0
2024-03-27 22:00:00,0,0,0
2024-03-27 23:00:00,0,0,0
2024-03-28 00:00:00,0,0,0
2024-03-28 01:00:00,0,0,0
2024-03-28 02:00:00,0,0,0
2024-03-28 03:00:00,0,0,0
2024-03-28 04:00:00,0,0,0
2024-03-28 05:00:00,0,0,0
2024-03-28 06:00:00,0,0,0
2024-03-28 07:00:00,0,0,0
2024-03-28 08:00:00,0,0,0
2024-03-28 09:00:00,0,0,0
2024-03-28 10:00:00,0,0,0
2024-03-28 11:00:00,0,0,0
2024-03-28 12:00:00,0,0,0
2024-03-28 13:00:00,0,0,0
2024-03-28 14:00:00,0,0,0
2024-03-28 15:00:00,0,0,0
2024-03-28 16:00:00,0,0,0
2024-03-28 17:00:00,0,0,0
2024-03-28 18:00:00,0,0,0
2024-03-28 19:00:00,0,0,0
2024-03-28 20:00:00,0,0,0
2024-03-28 21:00:00,0,0,0
2024-03-28 22:00:00,0,0,0
2024-03-28 23:00:00,0,0,0
2024-03-29 00:00:00,0,0,0
2024-03-29 01:00:00,0,0,0
2024-03-29 02:00:00,0,0,0
2024-03-29 03:00:00,0,0,0
2024-03-29 04:00:00,0,0,0
2024-03-29 05:00:00,0,0,0
2024-03-29 06:00:00,0,0,0
2024-03-29 07:00:00,0,0,0
2024-03-29 08:00:00,0,0,0
2024-03-29 09:00:00,0,0,0
2024-03-29 10:00:00,0,0,0
2024-03-29 11:00:00,0,0,0
2024-03-29 12:00:00,0,0,0
2024-03-29 13:00:00,0,0,0
2024-03-29 14:00:00,0,0,0
2024-03-29 15:00:00,0,0,0
2024-03-29 16:00:00,0,0,0
2024-03-29 17:00:00,0,0,0
2024-03-29 18:00:00,0,0,0
2024-03-29 19:00:00,0,0,0
2024-03-29 20:00:00,0,0,0
2024-03-29 21:00:00,0,0,0
2024-03-29 22:00:00,0,0,0
2024-03-29 23:00:00,0,0,0
2024-03-30 00:00:00,0,0,0
2024-03-30 01:00:00,0,0,0
2024-03-30 02:00:00,0,0,0
2024-03-30 03:00:00,0,0,0
2024-03-30 04:00:00,0,0,0
2024-03-30 05:00:00,0,0,0
2024-03-30 06:00:00,0,0,0
2024-03-30 07:00:00,0,0,0
2024-03-30 08:00:00,0,0,0
2024-03-30 09:00:00,0,0,0
2024-03-30 10:00:00,0,0,0
2024-03-30 11:00:00,0,0,0
2024-03-30 12:00:00,0,0,0
2024-03-30 13:00:00,0,0,0
2024-03-30 14:00:00,0,0,0
2024-03-30 15:00:00,0,0,0
2024-03-30 16:00:00,0,0,0
2024-03-30 17:00:00,0,0,0
2024-03-30 18:00:00,0,0,0
2024-03-30 19:00:00,0,0,0
2024-03-30 20:00:00,0,0,0
2024-03-30 21:00:00,0,0,0
2024-03-30 22:00:00,0,0,0
2024-03-30 23:00:00,0,0,0
2024-03-31 00:00:00,0,0,0
2024-03-31 01:00:00,0,0,0
2024-03-31 02:00:00,0,0,0
2024-03-31 03:00:00,0,0,0
2024-03-31 04:00:00,0,0,0
2024-03-31 05:00:00,0,0,0
2024-03-31 06:00:00,0,0,0
2024-03-31 07:00:00,0,0,0
2024-03-31 08:00:00,0,0,0
2024-03-31 09:00:00,0,0,0
2024-03-31 10:00:00,0,0,0
2024-03-31 11:00:00,0,0,0
2024-03-31 12:00:00,0,0,0
2024-03-31 13:00:00,0,0,0
2024-03-31 14:00:00,0,0,0
2024-03-31 15:00:00,0,0,0
2024-03-31 16:00:00,0,0,0
2024-03-31 17:00:00,0,0,0
2024-03-31 18:00:00,0,0,0
2024-03-31 19:00:00,0,0,0
2024-03-31 20:00:00,0,0,0
2024-03-31 21:00:00,0,0,0
2024-03-31 22:00:00,0,0,0
2024-03-31 23:00:00,0,0,0
2024-04-01 00:00:00,0,0,0
2024-04-01 01:00:00,0,0,0
2024-04-01 02:00:00,0,0,0
2024-04-01 03:00:00,0,0,0
2024-04-01 04:00:00,0,0,0
2024-04-01 05:00:00,0,0,0
2024-04-01 06:00:00,0,0,0
2024-04-01 07:00:00,0,0,0
2024-04-01 08:00:00,0,0,0
2024-04-01 09:00:00,0,0,0
2024-04-01 10:00:00,0,0,0
2024-04-01 11:00:00,0,0,0
2024-04-01 12:00:00,0,0,0
2024-04-01 13:00:00,0,0,0
2024-04-01 14:00:00,0,0,0
2024-04-01 15:00:00,0,0,0
2024-04-01 16:00:00,0,0,0
2024-04-01 17:00:00,0,0,0
2024-04-01 18:00:00,0,0,0
2024-04-01 19:00:00,0,0,0
2024-04-01 20:00:00,0,0,0
2024-04-01 21:00:00,0,0,0
2024-04-01 22:00:00,0,0,0
2024-04-01 23:00:00,0,0,0
2024-04-02 00:00:00,0,0,0
2024-04-02 01:00:00,0,0,0
2024-04-02 02:00:00,0,0,0
2024-04-02 03:00:00,0,0,0
2024-04-02 04:00:00,0,0,0
2024-04-02 05:00:00,0,0,0
2024-04-02 06:00:00,0,0,0
2024-04-02 07:00:00,0,0,0
2024-04-02 08:00:00,0,0,0
2024-04-02 09:00:00,0,0,0
2024-04-02 10:00:00,0,0,0
2024-04-02 11:00:00,0,0,0
2024-04-02 12:00:00,0,0,0
2024-04-02 13:00:00,0,0,0
2024-04-02 14:00:00,0,0,0
2024-04-02 15:00:00,0,0,0
2024-04-02 16:00:00,0,0,0
2024-04-02 17:00:00,0,0,0
2024-04-02 18:00:00,0,0,0
2024-04-02 19:00:00,0,0,0
2024-04-02 20:00:00,0,0,0
2024-04-02 21:00:00,0,0,0
2024-04-02 22:00:00,0,0,0
2024-04-02 23:00:00,0,0,0
2024-04-03 00:00:00,0,0,0
2024-04-03 01:00:00,0,0,0
2024-04-03 02:00:00,0,0,0
2024-04-03 03:00:00,0,0,0
2024-04-03 04:00:00,0,0,0
2024-04-03 05:00:00,0,0,0
2024-04-03 06:00:00,0,0,0
2024-04-03 07:00:00,0,0,0
2024-04-03 08:00:00,0,0,0
2024-04-03 09:00:00,0,0,0
2024-04-03 10:00:00,0,0,0
2024-04-03 11:00:00,0,0,0
2024-04-03 12:00:00,0,0,0
2024-04-03 13:00:00,0,0,0
2024-04-03 14:00:00,0,0,0
2024-04-03 15:00:00,0,0,0
2024-04-03 16:00:00,0,0,0
2024-04-03 17:00:00,0,0,0
2024-04-03 18:00:00,0,0,0
2024-04-03 19:00:00,0,0,0
2024-04-03 20:00:00,0,0,0
2024-04-03 21:00:00,0,0,0
2024-04-03 22:00:00,0,0,0
2024-04-03 23:00:00,0,0,0
2024-04-04 00:00:00,0,0,0
2024-04-04 01:00:00,0,0,0
2024-04-04 02:00:00,0,0,0
2024-04-04 03:00:00,0,0,0
2024-04-04 04:00:00,0,0,0
2024-04-04 05:00:00,0,0,0
2024-04-04 06:00:00,0,0,0
2024-04-04 07:00:00,0,0,0
2024-04-04 08:00:00,0,0,0
2024-04-04 09:00:00,0,0,0
2024-04-04 10:00:00,0,0,0
2024-04-04 11:00:00,0,0,0
2024-04-04 12:00:00,0,0,0
2024-04-04 13:00:00,0,0,0
2024-04-04 14:00:00,0,0,0
2024-04-04 15:00:00,0,0,0
2024-04-04 16:00:00,0,0,0
2024-04-04 17:00:00,0,0,0
2024-04-04 18:00:00,0,0,0
2024-04-04 19:00:00,0,0,0
2024-04-04 20:00:00,0,0,0
2024-04-04 21:00:00,0,0,0
2024-04-04 22:00:00,0,0,0
2024-04-04 23:00:00,0,0,0
2024-04-05 00:00:00,0,0,0
2024-04-05 01:00:00,0,0,0
2024-04-05 02:00:00,0,0,0
2024-04-05 03:00:00,0,0,0
2024-04-05 04:00:00,0,0,0
2024-04-05 05:00:00,0,0,0
2024-04-05 06:00:00,0,0,0
2024-04-05 07:00:00,0,0,0
2024-04-05 08:00:00,0,0,0
2024-04-05 09:00:00,0,0,0
2024-04-05 10:00:00,0,0,0
2024-04-05 11:00:00,0,0,0
2024-04-05 12:00:00,0,0,0
2024-04-05 13:00:00,0,0,0
2024-04-05 14:00:00,0,0,0
2024-04-05 15:00:00,0,0,0
2024-04-05 16:00:00,0,0,0
2024-04-05 17:00:00,0,0,0
2024-04-05 18:00:00,0,0,0
2024-04-05 19:00:00,0,0,0
2024-04-05 20:00:00,0,0,0
2024-04-05 21:00:00,0,0,0
2024-04-05 22:00:00,0,0,0
2024-04-05 23:00:00,0,0,0
2024-04-06 00:00:00,0,0,0
2024-04-06 01:00:00,0,0,0
2024-04-06 02:00:00,0,0,0
2024-04-06 03:00:00,0,0,0
2024-04-06 04:00:00,0,0,0
2024-04-06 05:00:00,0,0,0
2024-04-06 06:00:00,0,0,0
2024-04-06 07:00:00,0,0,0
2024-04-06 08:00:00,0,0,0
2024-04-06 09:00:00,0,0,0
2024-04-06 10:00:00,0,0,0
2024-04-06 11:00:00,0,0,0
2024-04-06 12:00:00,0,0,0
2024-04-06 13:00:00,0,0,0
2024-04-06 14:00:00,0,0,0
2024-04-06 15:00:00,0,0,0
2024-04-06 16:00:00,0,0,0
2024-04-06 17:00:00,0,0,0
2024-04-06 18:00:00,0,0,0
2024-04-06 19:00:00,0,0,0
2024-04-06 20:00:00,0,0,0
2024-04-06 21:00:00,0,0,0
2024-04-06 22:00:00,0,0,0
2024-04-06 23:00:00,0,0,0
2024-04-07 00:00:00,0,0,0
2024-04-07 01:00:00,0,0,0
2024-04-07 02:00:00,0,0,0
2024-04-07 03:00:00,0,0,0
2024-04-07 04:00:00,0,0,0
2024-04-07 05:00:00,0,0,0
2024-04-07 06:00:00,0,0,0
2024-04-07 07:00:00,0,0,0
2024-04-07 08:00:00,0,0,0
2024-04-07 09:00:00,0,0,0
2024-04-07 10:00:00,0,0,0
2024-04-07 11:00:00,0,0,0
2024-04-07 12:00:00,0,0,0
2024-04-07 13:00:00,0,0,0
2024-04-07 14:00:00,0,0,0
2024-04-07 15:00:00,0,0,0
2024-04-07 16:00:00,0,0,0
2024-04-07 17:00:00,0,0,0
2024-04-07 18:00:00,0,0,0
2024-04-07 19:00:00,0,0,0
2024-04-07 20:00:00,0,0,0
2024-04-07 21:00:00,0,0,0
2024-04-07 22:00:00,0,0,0
2024-04-07 23:00:00,0,0,0
2024-04-08 00:00:00,0,0,0
2024-04-08 01:00:00,0,0,0
2024-04-08 02:00:00,0,0,0
2024-04-08 03:00:00,0,0,0
2024-04-08 04:00:00,0,0,0
2024-04-08 05:00:00,0,0,0
2024-04-08 06:00:00,0,0,0
2024-04-08 07:00:00,0,0,0
2024-04-08 08:00:00,0,0,0
2024-04-08 09:00:00,0,0,0
2024-04-08 10:00:00,0,0,0
2024-04-08 11:00:00,0,0,0
2024-04-08 12:00:00,0,0,0
2024-04-08 13:00:00,0,0,0
2024-04-08 14:00:00,0,0,0
2024-04-08 15:00:00,0,0,0
2024-04-08 16:00:00,0,0,0
2024-04-08 17:00:00,0,0,0
2024-04-08 18:00:00,0,0,0
2024-04-08 19:00:00,0,0,0
2024-04-08 20:00:00,0,0,0
2024-04-08 21:00:00,0,0,0
2024-04-08 22:00:00,0,0,0
2024-04-08 23:00:00,0,0,0
2024-04-09 00:00:00,0,0,0
2024-04-09 01:00:00,0,0,0
2024-04-09 02:00:00,0,0,0
2024-04-09 03:00:00,0,0,0
2024-04-09 04:00:00,0,0,0
2024-04-09 05:00:00,0,0,0
2024-04-09 06:00:00,0,0,0
2024-04-09 07:00:00,0,0,0
2024-04-09 08:00:00,0,0,0
2024-04-09 09:00:00,0,0,0
2024-04-09 10:00:00,0,0,0
2024-04-09 11:00:00,0,0,0
2024-04-09 12:00:00,0,0,0
2024-04-09 13:00:00,0,0,0
2024-04-09 14:00:00,0,0,0
2024-04-09 15:00:00,0,0,0
2024-04-09 16:00:00,0,0,0
2024-04-09 17:00:00,0,0,0
2024-04-09 18:00:00,0,0,0
2024-04-09 19:00:00,0,0,0
2024-04-09 20:00:00,0,0,0
2024-04-09 21:00:00,0,0,0
2024-04-09 22:00:00,0,0,0
2024-04-09 23:00:00,0,0,0
2024-04-10 00:00:00,0,0,0
2024-04-10 01:00:00,0,0,0
2024-04-10 02:00:00,0,0,0
2024-04-10 03:00:00,0,0,0
2024-04-10 04:00:00,0,0,0
2024-04-10 05:00:00,0,0,0
2024-04-10 06:00:00,0,0,0
2024-04-10 07:00:00,0,0,0
2024-04-10 08:00:00,0,0,0
2024-04-10 09:00:00,0,0,0
2024-04-10 10:00:00,0,0,0
2024-04-10 11:00:00,0,0,0
2024-04-10 12:00:00,0,0,0
2024-04-10 13:00:00,0,0,0
2024-04-10 14:00:00,0,0,0
2024-04-10 15:00:00,0,0,0
2024-04-10 16:00:00,0,0,0
2024-04-10 17:00:00,0,0,0
2024-04-10 18:00:00,0,0,0
2024-04-10 19:00:00,0,0,0
2024-04-10 20:00:00,0,0,0
2024-04-10 21:00:00,0,0,0
2024-04-10 22:00:00,0,0,0
2024-04-10 23:00:00,0,0,0
2024-04-11 00:00:00,0,0,0
2024-04-11 01:00:00,0,0,0
2024-04-11 02:00:00,0,0,0
2024-04-11 03:00:00,0,0,0
2024-04-11 04:00:00,0,0,0
2024-04-11 05:00:00,0,0,0
2024-04-11 06:00:00,0,0,0
2024-04-11 07:00:00,0,0,0
2024-04-11 08:00:00,0,0,0
2024-04-11 09:00:00,0,0,0
2024-04-11 10:00:00,0,0,0
2024-04-11 11:00:00,0,0,0
2024-04-11 12:00:00,0,0,0
2024-04-11 13:00:00,0,0,0
2024-04-11 14:00:00,0,0,0
2024-04-11 15:00:00,0,0,0
2024-04-11 16:00:00,0,0,0
2024-04-11 17:00:00,0,0,0
2024-04-11 18:00:00,0,0,0
2024-04-11 19:00:00,0,0,0
2024-04-11 20:00:00,0,0,0
2024-04-11 21:00:00,0,0,0
2024-04-11 22:00:00,0,0,0
2024-04-11 23:00:00,0,0,0
2024-04-12 00:00:00,0,0,0
2024-04-12 01:00:00,0,0,0
2024-04-12 02:00:00,0,0,0
2024-04-12 03:00:00,0,0,0
2024-04-12 04:00:00,0,0,0
2024-04-12 05:00:00,0,0,0
2024-04-12 06:00:00,0,0,0
2024-04-12 07:00:00,0,0,0
2024-04-12 08:00:00,0,0,0
2024-04-12 09:00:00,0,0,0
2024-04-12 10:00:00,0,0,0
2024-04-12 11:00:00,0,0,0
2024-04-12 12:00:00,0,0,0
2024-04-12 13:00:00,0,0,0
2024-04-12 14:00:00,0,0,0
2024-04-12 15:00:00,0,0,0
2024-04-12 16:00:00,0,0,0
2024-04-12 17:00:00,0,0,0
2024-04-12 18:00:00,0,0,0
2024-04-12 19:00:00,0,0,0
2024-04-12 20:00:00,0,0,0
2024-04-12 21:00:00,0,0,0
2024-04-12 22:00:00,0,0,0
2024-04-12 23:00:00,0,0,0
2024-04-13 00:00:00,0,0,0
2024-04-13 01:00:00,0,0,0
2024-04-13 02:00:00,0,0,0
2024-04-13 03:00:00,0,0,0
2024-04-13 04:00:00,0,0,0
2024-04-13 05:00:00,0,0,0
2024-04-13 06:00:00,0,0,0
2024-04-13 07:00:00,0,0,0
2024-04-13 08:00:00,0,0,0
2024-04-13 09:00:00,0,0,0
2024-04-13 10:00:00,0,0,0
2024-04-13 11:00:00,0,0,0
2024-04-13 12:00:00,0,0,0
2024-04-13 13:00:00,0,0,0
2024-04-13 14:00:00,0,0,0
2024-04-13 15:00:00,0,0,0
2024-04-13 16:00:00,0,0,0
2024-04-13 17:00:00,0,0,0
2024-04-13 18:00:00,0,0,0
2024-04-13 19:00:00,0,0,0
2024-04-13 20:00:00,0,0,0
2024-04-13 21:00:00,0,0,0
2024-04-13 22:00:00,0,0,0
2024-04-13 23:00:00,0,0,0
2024-04-14 00:00:00,0,0,0
2024-04-14 01:00:00,0,0,0
2024-04-14 02:00:00,0,0,0
2024-04-14 03:00:00,0,0,0
2024-04-14 04:00:00,0,0,0
2024-04-14 05:00:00,0,0,0
2024-04-14 06:00:00,0,0,0
2024-04-14 07:00:00,0,0,0
2024-04-14 08:00:00,0,0,0
2024-04-14 09:00:00,0,0,0
2024-04-14 10:00:00,0,0,0
2024-04-14 11:00:00,0,0,0
2024-04-14 12:00:00,0,0,0
2024-04-14 13:00:00,0,0,0
2024-04-14 14:00:00,0,0,0
2024-04-14 15:00:00,0,0,0
2024-04-14 16:00:00,0,0,0
2024-04-14 17:00:00,0,0,0
2024-04-14 18:00:00,0,0,0
2024-04-14 19:00:00,0,0,0
2024-04-14 20:00:00,0,0,0
2024-04-14 21:00:00,0,0,0
2024-04-14 22:00:00,0,0,0
2024-04-14 23:00:00,0,0,0
2024-04-15 00:00:00,0,0,0
2024-04-15 01:00:00,0,0,0
2024-04-15 02:00:00,0,0,0
2024-04-15 03:00:00,0,0,0
2024-04-15 04:00:00,0,0,0
2024-04-15 05:00:00,0,0,0
2024-04-15 06:00:00,0,0,0
2024-04-15 07:00:00,0,0,0
2024-04-15 08:00:00,0,0,0
2024-04-15 09:00:00,0,0,0
2024-04-15 10:00:00,0,0,0
2024-04-15 11:00:00,0,0,0
2024-04-15 12:00:00,0,0,0
2024-04-15 13:00:00,0,0,0
2024-04-15 14:00:00,0,0,0
2024-04-15 15:00:00,0,0,0
2024-04-15 16:00:00,0,0,0
2024-04-15 17:00:00,0,0,0
2024-04-15 18:00:00,0,0,0
2024-04-15 19:00:00,0,0,0
2024-04-15 20:00:00,0,0,0
2024-04-15 21:00:00,0,0,0
2024-04-15 22:00:00,0,0,0
2024-04-15 23:00:00,0,0,0
2024-04-16 00:00:00,0,0,0
2024-04-16 01:00:00,0,0,0
2024-04-16 02:00:00,0,0,0
2024-04-16 03:00:00,0,0,0
2024-04-16 04:00:00,0,0,0
2024-04-16 05:00:00,0,0,0
2024-04-16 06:00:00,0,0,0
2024-04-16 07:00:00,0,0,0
2024-04-16 08:00:00,0,0,0
2024-04-16 09:00:00,0,0,0
2024-04-16 10:00:00,0,0,0
2024-04-16 11:00:00,0,0,0
2024-04-16 12:00:00,0,0,0
2024-04-16 13:00:00,0,0,0
2024-04-16 14:00:00,0,0,0
2024-04-16 15:00:00,0,0,0
2024-04-16 16:00:00,0,0,0
2024-04-16 17:00:00,0,0,0
2024-04-16 18:00:00,0,0,0
2024-04-16 19:00:00,0,0,0
2024-04-16 20:00:00,0,0,0
2024-04-16 21:00:00,0,0,0
2024-04-16 22:00:00,0,0,0
2024-04-16 23:00:00,0,0,0
2024-04-17 00:00:00,0,0,0
2024-04-17 01:00:00,0,0,0
2024-04-17 02:00:00,0,0,0
2024-04-17 03:00:00,0,0,0
2024-04-17 04:00:00,0,0,0
2024-04-17 05:00:00,0,0,0
2024-04-17 06:00:00,0,0,0
2024-04-17 07:00:00,0,0,0
2024-04-17 08:00:00,0,0,0
2024-04-17 09:00:00,0,0,0
2024-04-17 10:00:00,0,0,0
2024-04-17 11:00:00,0,0,0
2024-04-17 12:00:00,0,0,0
2024-04-17 13:00:00,0,0,0
2024-04-17 14:00:00,0,0,0
2024-04-17 15:00:00,0,0,0
2024-04-17 16:00:00,0,0,0
2024-04-17 17:00:00,0,0,0
2024-04-17 18:00:00,0,0,0
2024-04-17 19:00:00,0,0,0
2024-04-17 20:00:00,0,0,0
2024-04-17 21:00:00,0,0,0
2024-04-17 22:00:00,0,0,0
2024-04-17 23:00:00,0,0,0
2024-04-18 00:00:00,0,0,0
2024-04-18 01:00:00,0,0,0
2024-04-18 02:00:00,0,0,0
2024-04-18 03:00:00,0,0,0
2024-04-18 04:00:00,0,0,0
2024-04-18 05:00:00,0,0,0
2024-04-18 06:00:00,0,0,0
2024-04-18 07:00:00,0,0,0
2024-04-18 08:00:00,0,0,0
2024-04-18 09:00:00,0,0,0
2024-04-18 10:00:00,0,0,0
2024-04-18 11:00:00,0,0,0
2024-04-18 12:00:00,0,0,0
2024-04-18 13:00:00,0,0,0
2024-04-18 14:00:00,0,0,0
2024-04-18 15:00:00,0,0,0
2024-04-18 16:00:00,0,0,0
2024-04-18 17:00:00,0,0,0
2024-04-18 18:00:00,0,0,0
2024-04-18 19:00:00,0,0,0
2024-04-18 20:00:00,0,0,0
2024-04-18 21:00:00,0,0,0
2024-04-18 22:00:00,0,0,0
2024-04-18 23:00:00,0,0,0
2024-04-19 00:00:00,0,0,0
2024-04-19 01:00:00,0,0,0
2024-04-19 02:00:00,0,0,0
2024-04-19 03:00:00,0,0,0
2024-04-19 04:00:00,0,0,0
2024-04-19 05:00:00,0,0,0
2024-04-19 06:00:00,0,0,0
2024-04-19 07:00:00,0,0,0
2024-04-19 08:00:00,0,0,0
2024-04-19 09:00:00,0,0,0
2024-04-19 10:00:00,0,0,0
2024-04-19 11:00:00,0,0,0
2024-04-19 12:00:00,0,0,0
2024-04-19 13:00:00,0,0,0
2024-04-19 14:00:00,0,0,0
2024-04-19 15:00:00,0,0,0
2024-04-19 16:00:00,0,0,0
2024-04-19 17:00:00,0,0,0
2024-04-19 18:00:00,0,0,0
2024-04-19 19:00:00,0,0,0
2024-04-19 20:00:00,0,0,0
2024-04-19 21:00:00,0,0,0
2024-04-19 22:00:00,0,0,0
2024-04-19 23:00:00,0,0,0
2024-04-20 00:00:00,0,0,0
2024-04-20 01:00:00,0,0,0
2024-04-20 02:00:00,0,0,0
2024-04-20 03:00:00,0,0,0
2024-04-20 04:00:00,0,0,0
2024-04-20 05:00:00,0,0,0
2024-04-20 06:00:00,0,0,0
2024-04-20 07:00:00,0,0,0
2024-04-20 08:00:00,0,0,0
2024-04-20 09:00:00,0,0,0
2024-04-20 10:00:00,0,0,0
2024-04-20 11:00:00,0,0,0
2024-04-20 12:00:00,0,0,0
2024-04-20 13:00:00,0,0,0
2024-04-20 14:00:00,0,0,0
2024-04-20 15:00:00,0,0,0
2024-04-20 16:00:00,0,0,0
2024-04-20 17:00:00,0,0,0
2024-04-20 18:00:00,0,0,0
2024-04-20 19:00:00,0,0,0
2024-04-20 20:00:00,0,0,0
2024-04-20 21:00:00,0,0,0
2024-04-20 22:00:00,0,0,0
2024-04-20 23:00:00,0,0,0
2024-04-21 00:00:00,0,0,0
2024-04-21 01:00:00,0,0,0
2024-04-21 02:00:00,0,0,0
2024-04-21 03:00:00,0,0,0
2024-04-21 04:00:00,0,0,0
2024-04-21 05:00:00,0,0,0
2024-04-21 06:00:00,0,0,0
2024-04-21 07:00:00,0,0,0
2024-04-21 08:00:00,0,0,0
2024-04-21 09:00:00,0,0,0
2024-04-21 10:00:00,0,0,0
2024-04-21 11:00:00,0,0,0
2024-04-21 12:00:00,0,0,0
2024-04-21 13:00:00,0,0,0
2024-04-21 14:00:00,0,0,0
2024-04-21 15:00:00,0,0,0
2024-04-21 16:00:00,0,0,0
2024-04-21 17:00:00,0,0,0
2024-04-21 18:00:00,0,0,0
2024-04-21 19:00:00,0,0,0
2024-04-21 20:00:00,0,0,0
2024-04-21 21:00:00,0,0,0
2024-04-21 22:00:00,0,0,0
2024-04-21 23:00:00,0,0,0
2024-04-22 00:00:00,0,0,0
2024-04-22 01:00:00,0,0,0
2024-04-22 02:00:00,0,0,0
2024-04-22 03:00:00,0,0,0
2024-04-22 04:00:00,0,0,0
2024-04-22 05:00:00,0,0,0
2024-04-22 06:00:00,0,0,0
2024-04-22 07:00:00,0,0,0
2024-04-22 08:00:00,0,0,0
2024-04-22 09:00:00,0,0,0
2024-04-22 10:00:00,0,0,0
2024-04-22 11:00:00,0,0,0
2024-04-22 12:00:00,0,0,0
2024-04-22 13:00:00,0,0,0
2024-04-22 14:00:00,0,0,0
2024-04-22 15:00:00,0,0,0
2024-04-22 16:00:00,0,0,0
2024-04-22 17:00:00,0,0,0
2024-04-22 18:00:00,0,0,0
2024-04-22 19:00:00,0,0,0
2024-04-22 20:00:00,0,0,0
2024-04-22 21:00:00,0,0,0
2024-04-22 22:00:00,0,0,0
2024-04-22 23:00:00,0,0,0
2024-04-23 00:00:00,0,0,0
2024-04-23 01:00:00,0,0,0
2024-04-23 02:00:00,0,0,0
2024-04-23 03:00:00,0,0,0
2024-04-23 04:00:00,0,0,0
2024-04-23 05:00:00,0,0,0
2024-04-23 06:00:00,0,0,0
2024-04-23 07:00:00,0,0,0
2024-04-23 08:00:00,0,0,0
2024-04-23 09:00:00,0,0,0
2024-04-23 10:00:00,0,0,0
2024-04-23 11:00:00,0,0,0
2024-04-23 12:00:00,0,0,0
2024-04-23 13:00:00,0,0,0
2024-04-23 14:00:00,0,0,0
2024-04-23 15:00:00,0,0,0
2024-04-23 16:00:00,0,0,0
2024-04-23 17:00:00,0,0,0
2024-04-23 18:00:00,0,0,0
2024-04-23 19:00:00,0,0,0
2024-04-23 20:00:00,0,0,0
2024-04-23 21:00:00,0,0,0
2024-04-23 22:00:00,0,0,0
2024-04-23 23:00:00,0,0,0
2024-04-24 00:00:00,0,0,0
2024-04-24 01:00:00,0,0,0
2024-04-24 02:00:00,0,0,0
2024-04-24 03:00:00,0,0,0
2024-04-24 04:00:00,0,0,0
2024-04-24 05:00:00,0,0,0
2024-04-24 06:00:00,0,0,0
2024-04-24 07:00:00,0,0,0
2024-04-24 08:00:00,0,0,0
2024-04-24 09:00:00,0,0,0
2024-04-24 10:00:00,0,0,0
2024-04-24 11:00:00,0,0,0
2024-04-24 12:00:00,0,0,0
2024-04-24 13:00:00,0,0,0
2024-04-24 14:00:00,0,0,0
2024-04-24 15:00:00,0,0,0
2024-04-24 16:00:00,0,0,0
2024-04-24 17:00:00,0,0,0
2024-04-24 18:00:00,0,0,0
2024-04-24 19:00:00,0,0,0
2024-04-24 20:00:00,0,0,0
2024-04-24 21:00:00,0,0,0
2024-04-24 22:00:00,0,0,0
2024-04-24 23:00:00,0,0,0
2024-04-25 00:00:00,0,0,0
2024-04-25 01:00:00,0,0,0
2024-04-25 02:00:00,0,0,0
2024-04-25 03:00:00,0,0,0
2024-04-25 04:00:00,0,0,0
2024-04-25 05:00:00,0,0,0
2024-04-25 06:00:00,0,0,0
2024-04-25 07:00:00,0,0,0
2024-04-25 08:00:00,0,0,0
2024-04-25 09:00:00,0,0,0
2024-04-25 10:00:00,0,0,0
2024-04-25 11:00:00,0,0,0
2024-04-25 12:00:00,0,0,0
2024-04-25 13:00:00,0,0,0
2024-04-25 14:00:00,0,0,0
2024-04-25 15:00:00,0,0,0
2024-04-25 16:00:00,0,0,0
2024-04-25 17:00:00,0,0,0
2024-04-25 18:00:00,0,0,0
2024-04-25 19:00:00,0,0,0
2024-04-25 20:00:00,0,0,0
2024-04-25 21:00:00,0,0,0
2024-04-25 22:00:00,0,0,0
2024-04-25 23:00:00,0,0,0
2024-04-26 00:00:00,0,0,0
2024-04-26 01:00:00,0,0,0
2024-04-26 02:00:00,0,0,0
2024-04-26 03:00:00,0,0,0
2024-04-26 04:00:00,0,0,0
2024-04-26 05:00:00,0,0,0
2024-04-26 06:00:00,0,0,0
2024-04-26 07:00:00,0,0,0
2024-04-26 08:00:00,0,0,0
2024-04-26 09:00:00,0,0,0
2024-04-26 10:00:00,0,0,0
2024-04-26 11:00:00,0,0,0
2024-04-26 12:00:00,0,0,0
2024-04-26 13:00:00,0,0,0
2024-04-26 14:00:00,0,0,0
2024-04-26 15:00:00,0,0,0
2024-04-26 16:00:00,0,0,0
2024-04-26 17:00:00,0,0,0
2024-04-26 18:00:00,0,0,0
2024-04-26 19:00:00,0,0,0
2024-04-26 20:00:00,0,0,0
2024-04-26 21:00:00,0,0,0
2024-04-26 22:00:00,0,0,0
2024-04-26 23:00:00,0,0,0
2024-04-27 00:00:00,0,0,0
2024-04-27 01:00:00,0,0,0
2024-04-27 02:00:00,0,0,0
2024-04-27 03:00:00,0,0,0
2024-04-27 04:00:00,0,0,0
2024-04-27 05:00:00,0,0,0
2024-04-27 06:00:00,0,0,0
2024-04-27 07:00:00,0,0,0
2024-04-27 08:00:00,0,0,0
2024-04-27 09:00:00,0,0,0
2024-04-27 10:00:00,0,0,0
2024-04-27 11:00:00,0,0,0
2024-04-27 12:00:00,0,0,0
2024-04-27 13:00:00,0,0,0
2024-04-27 14:00:00,0,0,0
2024-04-27 15:00:00,0,0,0
2024-04-27 16:00:00,0,0,0
2024-04-27 17:00:00,0,0,0
2024-04-27 18:00:00,0,0,0
2024-04-27 19:00:00,0,0,0
2024-04-27 20:00:00,0,0,0
2024-04-27 21:00:00,0,0,0
2024-04-27 22:00:00,0,0,0
2024-04-27 23:00:00,0,0,0
2024-04-28 00:00:00,0,0,0
2024-04-28 01:00:00,0,0,0
2024-04-28 02:00:00,0,0,0
2024-04-28 03:00:00,0,0,0
2024-04-28 04:00:00,0,0,0
2024-04-28 05:00:00,0,0,0
2024-04-28 06:00:00,0,0,0
2024-04-28 07:00:00,0,0,0
2024-04-28 08:00:00,0,0,0
2024-04-28 09:00:00,0,0,0
2024-04-28 10:00:00,0,0,0
2024-04-28 11:00:00,0,0,0
2024-04-28 12:00:00,0,0,0
2024-04-28 13:00:00,0,0,0
2024-04-28 14:00:00,0,0,0
2024-04-28 15:00:00,0,0,0
2024-04-28 16:00:00,0,0,0
2024-04-28 17:00:00,0,0,0
2024-04-28 18:00:00,0,0,0
2024-04-28 19:00:00,0,0,0
2024-04-28 20:00:00,0,0,0
2024-04-28 21:00:00,0,0,0
2024-04-28 22:00:00,0,0,0
2024-04-28 23:00:00,0,0,0
2024-04-29 00:00:00,0,0,0
2024-04-29 01:00:00,0,0,0
2024-04-29 02:00:00,0,0,0
2024-04-29 03:00:00,0,0,0
2024-04-29 04:00:00,0,0,0
2024-04-29 05:00:00,0,0,0
2024-04-29 06:00:00,0,0,0
2024-04-29 07:00:00,0,0,0
2024-04-29 08:00:00,0,0,0
2024-04-29 09:00:00,0,0,0
2024-04-29 10:00:00,0,0,0
2024-04-29 11:00:00,0,0,0
2024-04-29 12:00:00,0,0,0
2024-04-29 13:00:00,0,0,0
2024-04-29 14:00:00,0,0,0
2024-04-29 15:00:00,0,0,0
2024-04-29 16:00:00,0,0,0
2024-04-29 17:00:00,0,0,0
2024-04-29 18:00:00,0,0,0
2024-04-29 19:00:00,0,0,0
2024-04-29 20:00:00,0,0,0
2024-04-29 21:00:00,0,0,0
2024-04-29 22:00:00,0,0,0
2024-04-29 23:00:00,0,0,0
2024-04-30 00:00:00,0,0,0
2024-04-30 01:00:00,0,0,0
2024-04-30 02:00:00,0,0,0
2024-04-30 03:00:00,0,0,0
2024-04-30 04:00:00,0,0,0
2024-04-30 05:00:00,0,0,0
2024-04-30 06:00:00,0,0,0
2024-04-30 07:00:00,0,0,0
2024-04-30 08:00:00,0,0,0
2024-04-30 09:00:00,0,0,0
2024-04-30 10:00:00,0,0,0
2024-04-30 11:00:00,0,0,0
2024-04-30 12:00:00,0,0,0
2024-04-30 13:00:00,0,0,0
2024-04-30 14:00:00,0,0,0
2024-04-30 15:00:00,0,0,0
2024-04-30 16:00:00,0,0,0
2024-04-30 17:00:00,0,0,0
2024-04-30 18:00:00,0,0,0
2024-04-30 19:00:00,0,0,0
2024-04-30 20:00:00,0,0,0
2024-04-30 21:00:00,0,0,0
2024-04-30 22:00:00,0,0,0
2024-04-30 23:00:00,0,0,0
2024-05-01 00:00:00,0,0,0
2024-05-01 01:00:00,0,0,0
2024-05-01 02:00:00,0,0,0
2024-05-01 03:00:00,0,0,0
2024-05-01 04:00:00,0,0,0
2024-05-01 05:00:00,0,0,0
2024-05-01 06:00:00,0,0,0
2024-05-01 07:00:00,0,0,0
2024-05-01 08:00:00,0,0,0
2024-05-01 09:00:00,0,0,0
2024-05-01 10:00:00,0,0,0
2024-05-01 11:00:00,0,0,0
2024-05-01 12:00:00,0,0,0
2024-05-01 13:00:00,0,0,0
2024-05-01 14:00:00,0,0,0
2024-05-01 15:00:00,0,0,0
2024-05-01 16:00:00,0,0,0
2024-05-01 17:00:00,0,0,0
2024-05-01 18:00:00,0,0,0
2024-05-01 19:00:00,0,0,0
2024-05-01 20:00:00,0,0,0
2024-05-01 21:00:00,0,0,0
2024-05-01 22:00:00,0,0,0
2024-05-01 23:00:00,0,0,0
2024-05-02 00:00:00,0,0,0
2024-05-02 01:00:00,0,0,0
2024-05-02 02:00:00,0,0,0
2024-05-02 03:00:00,0,0,0
2024-05-02 04:00:00,0,0,0
2024-05-02 05:00:00,0,0,0
2024-05-02 06:00:00,0,0,0
2024-05-02 07:00:00,0,0,0
2024-05-02 08:00:00,0,0,0
2024-05-02 09:00:00,0,0,0
2024-05-02 10:00:00,0,0,0
2024-05-02 11:00:00,0,0,0
2024-05-02 12:00:00,0,0,0
2024-05-02 13:00:00,0,0,0
2024-05-02 14:00:00,0,0,0
2024-05-02 15:00:00,0,0,0
2024-05-02 16:00:00,0,0,0
2024-05-02 17:00:00,0,0,0
2024-05-02 18:00:00,0,0,0
2024-05-02 19:00:00,0,0,0
2024-05-02 20:00:00,0,0,0
2024-05-02 21:00:00,0,0,0
2024-05-02 22:00:00,0,0,0
2024-05-02 23:00:00,0,0,0
2024-05-03 00:00:00,0,0,0
2024-05-03 01:00:00,0,0,0
2024-05-03 02:00:00,0,0,0
2024-05-03 03:00:00,0,0,0
2024-05-03 04:00:00,0,0,0
2024-05-03 05:00:00,0,0,0
2024-05-03 06:00:00,0,0,0
2024-05-03 07:00:00,0,0,0
2024-05-03 08:00:00,0,0,0
2024-05-03 09:00:00,0,0,0
2024-05-03 10:00:00,0,0,0
2024-05-03 11:00:00,0,0,0
2024-05-03 12:00:00,0,0,0
2024-05-03 13:00:00,0,0,0
2024-05-03 14:00:00,0,0,0
2024-05-03 15:00:00,0,0,0
2024-05-03 16:00:00,0,0,0
2024-05-03 17:00:00,0,0,0
2024-05-03 18:00:00,0,0,0
2024-05-03 19:00:00,0,0,0
2024-05-03 20:00:00,0,0,0
2024-05-03 21:00:00,0,0,0
2024-05-03 22:00:00,0,0,0
2024-05-03 23:00:00,0,0,0
2024-05-04 00:00:00,0,0,0
2024-05-04 01:00:00,0,0,0
2024-05-04 02:00:00,0,0,0
2024-05-04 03:00:00,0,0,0
2024-05-04 04:00:00,0,0,0
2024-05-04 05:00:00,0,0,0
2024-05-04 06:00:00,0,0,0
2024-05-04 07:00:00,0,0,0
2024-05-04 08:00:00,0,0,0
2024-05-04 09:00:00,0,0,0
2024-05-04 10:00:00,0,0,0
2024-05-04 11:00:00,0,0,0
2024-05-04 12:00:00,0,0,0
2024-05-04 13:00:00,0,0,0
2024-05-04 14:00:00,0,0,0
2024-05-04 15:00:00,0,0,0
2024-05-04 16:00:00,0,0,0
2024-05-04 17:00:00,0,0,0
2024-05-04 18:00:00,0,0,0
2024-05-04 19:00:00,0,0,0
2024-05-04 20:00:00,0,0,0
2024-05-04 21:00:00,0,0,0
2024-05-04 22:00:00,0,0,0
2024-05-04 23:00:00,0,0,0
2024-05-05 00:00:00,0,0,0
2024-05-05 01:00:00,0,0,0
2024-05-05 02:00:00,0,0,0
2024-05-05 03:00:00,0,0,0
2024-05-05 04:00:00,0,0,0
2024-05-05 05:00:00,0,0,0
2024-05-05 06:00:00,0,0,0
2024-05-05 07:00:00,0,0,0
2024-05-05 08:00:00,0,0,0
2024-05-05 09:00:00,0,0,0
2024-05-05 10:00:00,0,0,0
2024-05-05 11:00:00,0,0,0
2024-05-05 12:00:00,0,0,0
2024-05-05 13:00:00,0,0,0
2024-05-05 14:00:00,0,0,0
2024-05-05 15:00:00,0,0,0
2024-05-05 16:00:00,0,0,0
2024-05-05 17:00:00,0,0,0
2024-05-05 18:00:00,0,0,0
2024-05-05 19:00:00,0,0,0
2024-05-05 20:00:00,0,0,0
2024-05-05 21:00:00,0,0,0
2024-05-05 22:00:00,0,0,0
2024-05-05 23:00:00,0,0,0
2024-05-06 00:00:00,0,0,0
2024-05-06 01:00:00,0,0,0
2024-05-06 02:00:00,0,0,0
2024-05-06 03:00:00,0,0,0
2024-05-06 04:00:00,0,0,0
2024-05-06 05:00:00,0,0,0
2024-05-06 06:00:00,0,0,0
2024-05-06 07:00:00,0,0,0
2024-05-06 08:00:00,0,0,0
2024-05-06 09:00:00,0,0,0
2024-05-06 10:00:00,0,0,0
2024-05-06 11:00:00,0,0,0
2024-05-06 12:00:00,0,0,0
2024-05-06 13:00:00,0,0,0
2024-05-06 14:00:00,0,0,0
2024-05-06 15:00:00,0,0,0
2024-05-06 16:00:00,0,0,0
2024-05-06 17:00:00,0,0,0
2024-05-06 18:00:00,0,0,0
2024-05-06 19:00:00,0,0,0
2024-05-06 20:00:00,0,0,0
2024-05-06 21:00:00,0,0,0
2024-05-06 22:00:00,0,0,0
2024-05-06 23:00:00,0,0,0
2024-05-07 00:00:00,0,0,0
2024-05-07 01:00:00,0,0,0
2024-05-07 02:00:00,0,0,0
2024-05-07 03:00:00,0,0,0
2024-05-07 04:00:00,0,0,0
2024-05-07 05:00:00,0,0,0
2024-05-07 06:00:00,0,0,0
2024-05-07 07:00:00,0,0,0
2024-05-07 08:00:00,0,0,0
2024-05-07 09:00:00,0,0,0
2024-05-07 10:00:00,0,0,0
2024-05-07 11:00:00,0,0,0
2024-05-07 12:00:00,0,0,0
2024-05-07 13:00:00,0,0,0
2024-05-07 14:00:00,0,0,0
2024-05-07 15:00:00,0,0,0
2024-05-07 16:00:00,0,0,0
2024-05-07 17:00:00,0,0,0
2024-05-07 18:00:00,0,0,0
2024-05-07 19:00:00,0,0,0
2024-05-07 20:00:00,0,0,0
2024-05-07 21:00:00,0,0,0
2024-05-07 22:00:00,0,0,0
2024-05-07 23:00:00,0,0,0
2024-05-08 00:00:00,0,0,0
2024-05-08 01:00:00,0,0,0
2024-05-08 02:00:00,0,0,0
2024-05-08 03:00:00,0,0,0
2024-05-08 04:00:00,0,0,0
2024-05-08 05:00:00,0,0,0
2024-05-08 06:00:00,0,0,0
2024-05-08 07:00:00,0,0,0
2024-05-08 08:00:00,0,0,0
2024-05-08 09:00:00,0,0,0
2024-05-08 10:00:00,0,0,0
2024-05-08 11:00:00,0,0,0
2024-05-08 12:00:00,0,0,0
2024-05-08 13:00:00,0,0,0
2024-05-08 14:00:00,0,0,0
2024-05-08 15:00:00,0,0,0
2024-05-08 16:00:00,0,0,0
2024-05-08 17:00:00,0,0,0
2024-05-08 18:00:00,0,0,0
2024-05-08 19:00:00,0,0,0
2024-05-08 20:00:00,0,0,0
2024-05-08 21:00:00,0,0,0
2024-05-08 22:00:00,0,0,0
2024-05-08 23:00:00,0,0,0
2024-05-09 00:00:00,0,0,0
2024-05-09 01:00:00,0,0,0
2024-05-09 02:00:00,0,0,0
2024-05-09 03:00:00,0,0,0
2024-05-09 04:00:00,0,0,0
2024-05-09 05:00:00,0,0,0
2024-05-09 06:00:00,0,0,0
2024-05-09 07:00:00,0,0,0
2024-05-09 08:00:00,0,0,0
2024-05-09 09:00:00,0,0,0
2024-05-09 10:00:00,0,0,0
2024-05-09 11:00:00,0,0,0
2024-05-09 12:00:00,0,0,0
2024-05-09 13:00:00,0,0,0
2024-05-09 14:00:00,0,0,0
2024-05-09 15:00:00,0,0,0
2024-05-09 16:00:00,0,0,0
2024-05-09 17:00:00,0,0,0
2024-05-09 18:00:00,0,0,0
2024-05-09 19:00:00,0,0,0
2024-05-09 20:00:00,0,0,0
2024-05-09 21:00:00,0,0,0
2024-05-09 22:00:00,0,0,0
2024-05-09 23:00:00,0,0,0
2024-05-10 00:00:00,0,0,0
2024-05-10 01:00:00,0,0,0
2024-05-10 02:00:00,0,0,0
2024-05-10 03:00:00,0,0,0
2024-05-10 04:00:00,0,0,0
2024-05-10 05:00:00,0,0,0
2024-05-10 06:00:00,0,0,0
2024-05-10 07:00:00,0,0,0
2024-05-10 08:00:00,0,0,0
2024-05-10 09:00:00,0,0,0
2024-05-10 10:00:00,0,0,0
2024-05-10 11:00:00,0,0,0
2024-05-10 12:00:00,0,0,0
2024-05-10 13:00:00,0,0,0
2024-05-10 14:00:00,0,0,0
2024-05-10 15:00:00,0,0,0
2024-05-10 16:00:00,0,0,0
2024-05-10 17:00:00,0,0,0
2024-05-10 18:00:00,0,0,0
2024-05-10 19:00:00,0,0,0
2024-05-10 20:00:00,0,0,0
2024-05-10 21:00:00,0,0,0
2024-05-10 22:00:00,0,0,0
2024-05-10 23:00:00,0,0,0
2024-05-11 00:00:00,0,0,0
2024-05-11 01:00:00,0,0,0
2024-05-11 02:00:00,0,0,0
2024-05-11 03:00:00,0,0,0
2024-05-11 04:00:00,0,0,0
2024-05-11 05:00:00,0,0,0
2024-05-11 06:00:00,0,0,0
2024-05-11 07:00:00,0,0,0
2024-05-11 08:00:00,0,0,0
2024-05-11 09:00:00,0,0,0
2024-05-11 10:00:00,0,0,0
2024-05-11 11:00:00,0,0,0
2024-05-11 12:00:00,0,0,0
2024-05-11 13:00:00,0,0,0
2024-05-11 14:00:00,0,0,0
2024-05-11 15:00:00,0,0,0
2024-05-11 16:00:00,0,0,0
2024-05-11 17:00:00,0,0,0
2024-05-11 18:00:00,0,0,0
2024-05-11 19:00:00,0,0,0
2024-05-11 20:00:00,0,0,0
2024-05-11 21:00:00,0,0,0
2024-05-11 22:00:00,0,0,0
2024-05-11 23:00:00,0,0,0
2024-05-12 00:00:00,0,0,0
2024-05-12 01:00:00,0,0,0
2024-05-12 02:00:00,0,0,0
2024-05-12 03:00:00,0,0,0
2024-05-12 04:00:00,0,0,0
2024-05-12 05:00:00,0,0,0
2024-05-12 06:00:00,0,0,0
2024-05-12 07:00:00,0,0,0
2024-05-12 08:00:00,0,0,0
2024-05-12 09:00:00,0,0,0
2024-05-12 10:00:00,0,0,0
2024-05-12 11:00:00,0,0,0
2024-05-12 12:00:00,0,0,0
2024-05-12 13:00:00,0,0,0
2024-05-12 14:00:00,0,0,0
2024-05-12 15:00:00,0,0,0
2024-05-12 16:00:00,0,0,0
2024-05-12 17:00:00,0,0,0
2024-05-12 18:00:00,0,0,0
2024-05-12 19:00:00,0,0,0
2024-05-12 20:00:00,0,0,0
2024-05-12 21:00:00,0,0,0
2024-05-12 22:00:00,0,0,0
2024-05-12 23:00:00,0,0,0
2024-05-13 00:00:00,0,0,0
2024-05-13 01:00:00,0,0,0
2024-05-13 02:00:00,0,0,0
2024-05-13 03:00:00,0,0,0
2024-05-13 04:00:00,0,0,0
2024-05-13 05:00:00,0,0,0
2024-05-13 06:00:00,0,0,0
2024-05-13 07:00:00,0,0,0
2024-05-13 08:00:00,0,0,0
2024-05-13 09:00:00,0,0,0
2024-05-13 10:00:00,0,0,0
2024-05-13 11:00:00,0,0,0
2024-05-13 12:00:00,0,0,0
2024-05-13 13:00:00,0,0,0
2024-05-13 14:00:00,0,0,0
2024-05-13 15:00:00,0,0,0
2024-05-13 16:00:00,0,0,0
2024-05-13 17:00:00,0,0,0
2024-05-13 18:00:00,0,0,0
2024-05-13 19:00:00,0,0,0
2024-05-13 20:00:00,0,0,0
2024-05-13 21:00:00,0,0,0
2024-05-13 22:00:00,0,0,0
2024-05-13 23:00:00,0,0,0
2024-05-14 00:00:00,0,0,0
2024-05-14 01:00:00,0,0,0
2024-05-14 02:00:00,0,0,0
2024-05-14 03:00:00,0,0,0
2024-05-14 04:00:00,0,0,0
2024-05-14 05:00:00,0,0,0
2024-05-14 06:00:00,0,0,0
2024-05-14 07:00:00,0,0,0
2024-05-14 08:00:00,0,0,0
2024-05-14 09:00:00,0,0,0
2024-05-14 10:00:00,0,0,0
2024-05-14 11:00:00,0,0,0
2024-05-14 12:00:00,0,0,0
2024-05-14 13:00:00,0,0,0
2024-05-14 14:00:00,0,0,0
2024-05-14 15:00:00,0,0,0
2024-05-14 16:00:00,0,0,0
2024-05-14 17:00:00,0,0,0
2024-05-14 18:00:00,0,0,0
2024-05-14 19:00:00,0,0,0
2024-05-14 20:00:00,0,0,0
2024-05-14 21:00:00,0,0,0
2024-05-14 22:00:00,0,0,0
2024-05-14 23:00:00,0,0,0
2024-05-15 00:00:00,0,0,0
2024-05-15 01:00:00,0,0,0
2024-05-15 02:00:00,0,0,0
2024-05-15 03:00:00,0,0,0
2024-05-15 04:00:00,0,0,0
2024-05-15 05:00:00,0,0,0
2024-05-15 06:00:00,0,0,0
2024-05-15 07:00:00,0,0,0
2024-05-15 08:00:00,0,0,0
2024-05-15 09:00:00,0,0,0
2024-05-15 10:00:00,0,0,0
2024-05-15 11:00:00,0,0,0
2024-05-15 12:00:00,0,0,0
2024-05-15 13:00:00,0,0,0
2024-05-15 14:00:00,0,0,0
2024-05-15 15:00:00,0,0,0
2024-05-15 16:00:00,0,0,0
2024-05-15 17:00:00,0,0,0
2024-05-15 18:00:00,0,0,0
2024-05-15 19:00:00,0,0,0
2024-05-15 20:00:00,0,0,0
2024-05-15 21:00:00,0,0,0
2024-05-15 22:00:00,0,0,0
2024-05-15 23:00:00,0,0,0
2024-05-16 00:00:00,0,0,0
2024-05-16 01:00:00,0,0,0
2024-05-16 02:00:00,0,0,0
2024-05-16 03:00:00,0,0,0
2024-05-16 04:00:00,0,0,0
2024-05-16 05:00:00,0,0,0
2024-05-16 06:00:00,0,0,0
2024-05-16 07:00:00,0,0,0
2024-05-16 08:00:00,0,0,0
2024-05-16 09:00:00,0,0,0
2024-05-16 10:00:00,0,0,0
2024-05-16 11:00:00,0,0,0
2024-05-16 12:00:00,0,0,0
2024-05-16 13:00:00,0,0,0
2024-05-16 14:00:00,0,0,0
2024-05-16 15:00:00,0,0,0
2024-05-16 16:00:00,0,0,0
2024-05-16 17:00:00,0,0,0
2024-05-16 18:00:00,0,0,0
2024-05-16 19:00:00,0,0,0
2024-05-16 20:00:00,0,0,0
2024-05-16 21:00:00,0,0,0
2024-05-16 22:00:00,0,0,0
2024-05-16 23:00:00,0,0,0
2024-05-17 00:00:00,0,0,0
2024-05-17 01:00:00,0,0,0
2024-05-17 02:00:00,0,0,0
2024-05-17 03:00:00,0,0,0
2024-05-17 04:00:00,0,0,0
2024-05-17 05:00:00,0,0,0
2024-05-17 06:00:00,0,0,0
2024-05-17 07:00:00,0,0,0
2024-05-17 08:00:00,0,0,0
2024-05-17 09:00:00,0,0,0
2024-05-17 10:00:00,0,0,0
2024-05-17 11:00:00,0,0,0
2024-05-17 12:00:00,0,0,0
2024-05-17 13:00:00,0,0,0
2024-05-17 14:00:00,0,0,0
2024-05-17 15:00:00,0,0,0
2024-05-17 16:00:00,0,0,0
2024-05-17 17:00:00,0,0,0
2024-05-17 18:00:00,0,0,0
2024-05-17 19:00:00,0,0,0
2024-05-17 20:00:00,0,0,0
2024-05-17 21:00:00,0,0,0
2024-05-17 22:00:00,0,0,0
2024-05-17 23:00:00,0,0,0
2024-05-18 00:00:00,0,0,0
2024-05-18 01:00:00,0,0,0
2024-05-18 02:00:00,0,0,0
2024-05-18 03:00:00,0,0,0
2024-05-18 04:00:00,0,0,0
2024-05-18 05:00:00,0,0,0
2024-05-18 06:00:00,0,0,0
2024-05-18 07:00:00,0,0,0
2024-05-18 08:00:00,0,0,0
2024-05-18 09:00:00,0,0,0
2024-05-18 10:00:00,0,0,0
2024-05-18 11:00:00,0,0,0
2024-05-18 12:00:00,0,0,0
2024-05-18 13:00:00,0,0,0
2024-05-18 14:00:00,0,0,0
2024-05-18 15:00:00,0,0,0
2024-05-18 16:00:00,0,0,0
2024-05-18 17:00:00,0,0,0
2024-05-18 18:00:00,0,0,0
2024-05-18 19:00:00,0,0,0
2024-05-18 20:00:00,0,0,0
2024-05-18 21:00:00,0,0,0
2024-05-18 22:00:00,0,0,0
2024-05-18 23:00:00,0,0,0
2024-05-19 00:00:00,0,0,0
2024-05-19 01:00:00,0,0,0
2024-05-19 02:00:00,0,0,0
2024-05-19 03:00:00,0,0,0
2024-05-19 04:00:00,0,0,0
2024-05-19 05:00:00,0,0,0
2024-05-19 06:00:00,0,0,0
2024-05-19 07:00:00,0,0,0
2024-05-19 08:00:00,0,0,0
2024-05-19 09:00:00,0,0,0
2024-05-19 10:00:00,0,0,0
2024-05-19 11:00:00,0,0,0
2024-05-19 12:00:00,0,0,0
2024-05-19 13:00:00,0,0,0
2024-05-19 14:00:00,0,0,0
2024-05-19 15:00:00,0,0,0
2024-05-19 16:00:00,0,0,0
2024-05-19 17:00:00,0,0,0
2024-05-19 18:00:00,0,0,0
2024-05-19 19:00:00,0,0,0
2024-05-19 20:00:00,0,0,0
2024-05-19 21:00:00,0,0,0
2024-05-19 22:00:00,0,0,0
2024-05-19 23:00:00,0,0,0
2024-05-20 00:00:00,0,0,0
2024-05-20 01:00:00,0,0,0
2024-05-20 02:00:00,0,0,0
2024-05-20 03:00:00,0,0,0
2024-05-20 04:00:00,0,0,0
2024-05-20 05:00:00,0,0,0
2024-05-20 06:00:00,0,0,0
2024-05-20 07:00:00,0,0,0
2024-05-20 08:00:00,0,0,0
2024-05-20 09:00:00,0,0,0
2024-05-20 10:00:00,0,0,0
2024-05-20 11:00:00,0,0,0
2024-05-20 12:00:00,0,0,0
2024-05-20 13:00:00,0,0,0
2024-05-20 14:00:00,0,0,0
2024-05-20 15:00:00,0,0,0
2024-05-20 16:00:00,0,0,0
2024-05-20 17:00:00,0,0,0
2024-05-20 18:00:00,0,0,0
2024-05-20 19:00:00,0,0,0
2024-05-20 20:00:00,0,0,0
2024-05-20 21:00:00,0,0,0
2024-05-20 22:00:00,0,0,0
2024-05-20 23:00:00,0,0,0
2024-05-21 00:00:00,0,0,0
2024-05-21 01:00:00,0,0,0
2024-05-21 02:00:00,0,0,0
2024-05-21 03:00:00,0,0,0
2024-05-21 04:00:00,0,0,0
2024-05-21 05:00:00,0,0,0
2024-05-21 06:00:00,0,0,0
2024-05-21 07:00:00,0,0,0
2024-05-21 08:00:00,0,0,0
2024-05-21 09:00:00,0,0,0
2024-05-21 10:00:00,0,0,0
2024-05-21 11:00:00,0,0,0
2024-05-21 12:00:00,0,0,0
2024-05-21 13:00:00,0,0,0
2024-05-21 14:00:00,0,0,0
2024-05-21 15:00:00,0,0,0
2024-05-21 16:00:00,0,0,0
2024-05-21 17:00:00,0,0,0
2024-05-21 18:00:00,0,0,0
2024-05-21 19:00:00,0,0,0
2024-05-21 20:00:00,0,0,0
2024-05-21 21:00:00,0,0,0
2024-05-21 22:00:00,0,0,0
2024-05-21 23:00:00,0,0,0
2024-05-22 00:00:00,0,0,0
2024-05-22 01:00:00,0,0,0
2024-05-22 02:00:00,0,0,0
2024-05-22 03:00:00,0,0,0
2024-05-22 04:00:00,0,0,0
2024-05-22 05:00:00,0,0,0
2024-05-22 06:00:00,0,0,0
2024-05-22 07:00:00,0,0,0
2024-05-22 08:00:00,0,0,0
2024-05-22 09:00:00,0,0,0
2024-05-22 10:00:00,0,0,0
2024-05-22 11:00:00,0,0,0
2024-05-22 12:00:00,0,0,0
2024-05-22 13:00:00,0,0,0
2024-05-22 14:00:00,0,0,0
2024-05-22 15:00:00,0,0,0
2024-05-22 16:00:00,0,0,0
2024-05-22 17:00:00,0,0,0
2024-05-22 18:00:00,0,0,0
2024-05-22 19:00:00,0,0,0
2024-05-22 20:00:00,0,0,0
2024-05-22 21:00:00,0,0,0
2024-05-22 22:00:00,0,0,0
2024-05-22 23:00:00,0,0,0
2024-05-23 00:00:00,0,0,0
2024-05-23 01:00:00,0,0,0
2024-05-23 02:00:00,0,0,0
2024-05-23 03:00:00,0,0,0
2024-05-23 04:00:00,0,0,0
2024-05-23 05:00:00,0,0,0
2024-05-23 06:00:00,0,0,0
2024-05-23 07:00:00,0,0,0
2024-05-23 08:00:00,0,0,0
2024-05-23 09:00:00,0,0,0
2024-05-23 10:00:00,0,0,0
2024-05-23 11:00:00,0,0,0
2024-05-23 12:00:00,0,0,0
2024-05-23 13:00:00,0,0,0
2024-05-23 14:00:00,0,0,0
2024-05-23 15:00:00,0,0,0
2024-05-23 16:00:00,0,0,0
2024-05-23 17:00:00,0,0,0
2024-05-23 18:00:00,0,0,0
2024-05-23 19:00:00,0,0,0
2024-05-23 20:00:00,0,0,0
2024-05-23 21:00:00,0,0,0
2024-05-23 22:00:00,0,0,0
2024-05-23 23:00:00,0,0,0
2024-05-24 00:00:00,0,0,0
2024-05-24 01:00:00,0,0,0
2024-05-24 02:00:00,0,0,0
2024-05-24 03:00:00,0,0,0
2024-05-24 04:00:00,0,0,0
2024-05-24 05:00:00,0,0,0
2024-05-24 06:00:00,0,0,0
2024-05-24 07:00:00,0,0,0
2024-05-24 08:00:00,0,0,0
2024-05-24 09:00:00,0,0,0
2024-05-24 10:00:00,0,0,0
2024-05-24 11:00:00,0,0,0
2024-05-24 12:00:00,0,0,0
2024-05-24 13:00:00,0,0,0
2024-05-24 14:00:00,0,0,0
2024-05-24 15:00:00,0,0,0
2024-05-24 16:00:00,0,0,0
2024-05-24 17:00:00,0,0,0
2024-05-24 18:00:00,0,0,0
2024-05-24 19:00:00,0,0,0
2024-05-24 20:00:00,0,0,0
2024-05-24 21:00:00,0,0,0
2024-05-24 22:00:00,0,0,0
2024-05-24 23:00:00,0,0,0
2024-05-25 00:00:00,0,0,0
2024-05-25 01:00:00,0,0,0
2024-05-25 02:00:00,0,0,0
2024-05-25 03:00:00,0,0,0
2024-05-25 04:00:00,0,0,0
2024-05-25 05:00:00,0,0,0
2024-05-25 06:00:00,0,0,0
2024-05-25 07:00:00,0,0,0
2024-05-25 08:00:00,0,0,0
2024-05-25 09:00:00,0,0,0
2024-05-25 10:00:00,0,0,0
2024-05-25 11:00:00,0,0,0
2024-05-25 12:00:00,0,0,0
2024-05-25 13:00:00,0,0,0
2024-05-25 14:00:00,0,0,0
2024-05-25 15:00:00,0,0,0
2024-05-25 16:00:00,0,0,0
2024-05-25 17:00:00,0,0,0
2024-05-25 18:00:00,0,0,0
2024-05-25 19:00:00,0,0,0
2024-05-25 20:00:00,0,0,0
2024-05-25 21:00:00,0,0,0
2024-05-25 22:00:00,0,0,0
2024-05-25 23:00:00,0,0,0
2024-05-26 00:00:00,0,0,0
2024-05-26 01:00:00,0,0,0
2024-05-26 02:00:00,0,0,0
2024-05-26 03:00:00,0,0,0
2024-05-26 04:00:00,0,0,0
2024-05-26 05:00:00,0,0,0
2024-05-26 06:00:00,0,0,0
2024-05-26 07:00:00,0,0,0
2024-05-26 08:00:00,0,0,0
2024-05-26 09:00:00,0,0,0
2024-05-26 10:00:00,0,0,0
2024-05-26 11:00:00,0,0,0
2024-05-26 12:00:00,0,0,0
2024-05-26 13:00:00,0,0,0
2024-05-26 14:00:00,0,0,0
2024-05-26 15:00:00,0,0,0
2024-05-26 16:00:00,0,0,0
2024-05-26 17:00:00,0,0,0
2024-05-26 18:00:00,0,0,0
2024-05-26 19:00:00,0,0,0
2024-05-26 20:00:00,0,0,0
2024-05-26 21:00:00,0,0,0
2024-05-26 22:00:00,0,0,0
2024-05-26 23:00:00,0,0,0
2024-05-27 00:00:00,0,0,0
2024-05-27 01:00:00,0,0,0
2024-05-27 02:00:00,0,0,0
2024-05-27 03:00:00,0,0,0
2024-05-27 04:00:00,0,0,0
2024-05-27 05:00:00,0,0,0
2024-05-27 06:00:00,0,0,0
2024-05-27 07:00:00,0,0,0
2024-05-27 08:00:00,0,0,0
2024-05-27 09:00:00,0,0,0
2024-05-27 10:00:00,0,0,0
2024-05-27 11:00:00,0,0,0
2024-05-27 12:00:00,0,0,0
2024-05-27 13:00:00,0,0,0
2024-05-27 14:00:00,0,0,0
2024-05-27 15:00:00,0,0,0
2024-05-27 16:00:00,0,0,0
2024-05-27 17:00:00,0,0,0
2024-05-27 18:00:00,0,0,0
2024-05-27 19:00:00,0,0,0
2024-05-27 20:00:00,0,0,0
2024-05-27 21:00:00,0,0,0
2024-05-27 22:00:00,0,0,0
2024-05-27 23:00:00,0,0,0
2024-05-28 00:00:00,0,0,0
2024-05-28 01:00:00,0,0,0
2024-05-28 02:00:00,0,0,0
2024-05-28 03:00:00,0,0,0
2024-05-28 04:00:00,0,0,0
2024-05-28 05:00:00,0,0,0
2024-05-28 06:00:00,0,0,0
2024-05-28 07:00:00,0,0,0
2024-05-28 08:00:00,0,0,0
2024-05-28 09:00:00,0,0,0
2024-05-28 10:00:00,0,0,0
2024-05-28 11:00:00,0,0,0
2024-05-28 12:00:00,0,0,0
2024-05-28 13:00:00,0,0,0
2024-05-28 14:00:00,0,0,0
2024-05-28 15:00:00,0,0,0
2024-05-28 16:00:00,0,0,0
2024-05-28 17:00:00,0,0,0
2024-05-28 18:00:00,0,0,0
2024-05-28 19:00:00,0,0,0
2024-05-28 20:00:00,0,0,0
2024-05-28 21:00:00,0,0,0
2024-05-28 22:00:00,0,0,0
2024-05-28 23:00:00,0,0,0
2024-05-29 00:00:00,0,0,0
2024-05-29 01:00:00,0,0,0
2024-05-29 02:00:00,0,0,0
2024-05-29 03:00:00,0,0,0
2024-05-29 04:00:00,0,0,0
2024-05-29 05:00:00,0,0,0
2024-05-29 06:00:00,0,0,0
2024-05-29 07:00:00,0,0,0
2024-05-29 08:00:00,0,0,0
2024-05-29 09:00:00,0,0,0
2024-05-29 10:00:00,0,0,0
2024-05-29 11:00:00,0,0,0
2024-05-29 12:00:00,0,0,0
2024-05-29 13:00:00,0,0,0
2024-05-29 14:00:00,0,0,0
2024-05-29 15:00:00,0,0,0
2024-05-29 16:00:00,0,0,0
2024-05-29 17:00:00,0,0,0
2024-05-29 18:00:00,0,0,0
2024-05-29 19:00:00,0,0,0
2024-05-29 20:00:00,0,0,0
2024-05-29 21:00:00,0,0,0
2024-05-29 22:00:00,0,0,0
2024-05-29 23:00:00,0,0,0
2024-05-30 00:00:00,0,0,0
2024-05-30 01:00:00,0,0,0
2024-05-30 02:00:00,0,0,0
2024-05-30 03:00:00,0,0,0
2024-05-30 04:00:00,0,0,0
2024-05-30 05:00:00,0,0,0
2024-05-30 06:00:00,0,0,0
2024-05-30 07:00:00,0,0,0
2024-05-30 08:00:00,0,0,0
2024-05-30 09:00:00,0,0,0
2024-05-30 10:00:00,0,0,0
2024-05-30 11:00:00,0,0,0
2024-05-30 12:00:00,0,0,0
2024-05-30 13:00:00,0,0,0
2024-05-30 14:00:00,0,0,0
2024-05-30 15:00:00,0,0,0
2024-05-30 16:00:00,0,0,0
2024-05-30 17:00:00,0,0,0
2024-05-30 18:00:00,0,0,0
2024-05-30 19:00:00,0,0,0
2024-05-30 20:00:00,0,0,0
2024-05-30 21:00:00,0,0,0
2024-05-30 22:00:00,0,0,0
2024-05-30 23:00:00,0,0,0
2024-05-31 00:00:00,0,0,0
2024-05-31 01:00:00,0,0,0
2024-05-31 02:00:00,0,0,0
2024-05-31 03:00:00,0,0,0
2024-05-31 04:00:00,0,0,0
2024-05-31 05:00:00,0,0,0
2024-05-31 06:00:00,0,0,0
2024-05-31 07:00:00,0,0,0
2024-05-31 08:00:00,0,0,0
2024-05-31 09:00:00,0,0,0
2024-05-31 10:00:00,0,0,0
2024-05-31 11:00:00,0,0,0
2024-05-31 12:00:00,0,0,0
2024-05-31 13:00:00,0,0,0
2024-05-31 14:00:00,0,0,0
2024-05-31 15:00:00,0,0,0
2024-05-31 16:00:00,0,0,0
2024-05-31 17:00:00,0,0,0
2024-05-31 18:00:00,0,0,0
2024-05-31 19:00:00,0,0,0
2024-05-31 20:00:00,0,0,0
2024-05-31 21:00:00,0,0,0
2024-05-31 22:00:00,0,0,0
2024-05-31 23:00:00,0,0,0
2024-06-01 00:00:00,0,0,0
2024-06-01 01:00:00,0,0,0
2024-06-01 02:00:00,0,0,0
2024-06-01 03:00:00,0,0,0
2024-06-01 04:00:00,0,0,0
2024-06-01 05:00:00,0,0,0
2024-06-01 06:00:00,0,0,0
2024-06-01 07:00:00,0,0,0
2024-06-01 08:00:00,0,0,0
2024-06-01 09:00:00,0,0,0
2024-06-01 10:00:00,0,0,0
2024-06-01 11:00:00,0,0,0
2024-06-01 12:00:00,0,0,0
2024-06-01 13:00:00,0,0,0
2024-06-01 14:00:00,0,0,0
2024-06-01 15:00:00,0,0,0
2024-06-01 16:00:00,0,0,0
2024-06-01 17:00:00,0,0,0
2024-06-01 18:00:00,0,0,0
2024-06-01 19:00:00,0,0,0
2024-06-01 20:00:00,0,0,0
2024-06-01 21:00:00,0,0,0
2024-06-01 22:00:00,0,0,0
2024-06-01 23:00:00,0,0,0
2024-06-02 00:00:00,0,0,0
2024-06-02 01:00:00,0,0,0
2024-06-02 02:00:00,0,0,0
2024-06-02 03:00:00,0,0,0
2024-06-02 04:00:00,0,0,0
2024-06-02 05:00:00,0,0,0
2024-06-02 06:00:00,0,0,0
2024-06-02 07:00:00,0,0,0
2024-06-02 08:00:00,0,0,0
2024-06-02 09:00:00,0,0,0
2024-06-02 10:00:00,0,0,0
2024-06-02 11:00:00,0,0,0
2024-06-02 12:00:00,0,0,0
2024-06-02 13:00:00,0,0,0
2024-06-02 14:00:00,0,0,0
2024-06-02 15:00:00,0,0,0
2024-06-02 16:00:00,0,0,0
2024-06-02 17:00:00,0,0,0
2024-06-02 18:00:00,0,0,0
2024-06-02 19:00:00,0,0,0
2024-06-02 20:00:00,0,0,0
2024-06-02 21:00:00,0,0,0
2024-06-02 22:00:00,0,0,0
2024-06-02 23:00:00,0,0,0
2024-06-03 00:00:00,0,0,0
2024-06-03 01:00:00,0,0,0
2024-06-03 02:00:00,0,0,0
2024-06-03 03:00:00,0,0,0
2024-06-03 04:00:00,0,0,0
2024-06-03 05:00:00,0,0,0
2024-06-03 06:00:00,0,0,0
2024-06-03 07:00:00,0,0,0
2024-06-03 08:00:00,0,0,0
2024-06-03 09:00:00,0,0,0
2024-06-03 10:00:00,0,0,0
2024-06-03 11:00:00,0,0,0
2024-06-03 12:00:00,0,0,0
2024-06-03 13:00:00,0,0,0
2024-06-03 14:00:00,0,0,0
2024-06-03 15:00:00,0,0,0
2024-06-03 16:00:00,0,0,0
2024-06-03 17:00:00,0,0,0
2024-06-03 18:00:00,0,0,0
2024-06-03 19:00:00,0,0,0
2024-06-03 20:00:00,0,0,0
2024-06-03 21:00:00,0,0,0
2024-06-03 22:00:00,0,0,0
2024-06-03 23:00:00,0,0,0
2024-06-04 00:00:00,0,0,0
2024-06-04 01:00:00,0,0,0
2024-06-04 02:00:00,0,0,0
2024-06-04 03:00:00,0,0,0
2024-06-04 04:00:00,0,0,0
2024-06-04 05:00:00,0,0,0
2024-06-04 06:00:00,0,0,0
2024-06-04 07:00:00,0,0,0
2024-06-04 08:00:00,0,0,0
2024-06-04 09:00:00,0,0,0
2024-06-04 10:00:00,0,0,0
2024-06-04 11:00:00,0,0,0
2024-06-04 12:00:00,0,0,0
2024-06-04 13:00:00,0,0,0
2024-06-04 14:00:00,0,0,0
2024-06-04 15:00:00,0,0,0
2024-06-04 16:00:00,0,0,0
2024-06-04 17:00:00,0,0,0
2024-06-04 18:00:00,0,0,0
2024-06-04 19:00:00,0,0,0
2024-06-04 20:00:00,0,0,0
2024-06-04 21:00:00,0,0,0
2024-06-04 22:00:00,0,0,0
2024-06-04 23:00:00,0,0,0
2024-06-05 00:00:00,0,0,0
2024-06-05 01:00:00,0,0,0
2024-06-05 02:00:00,0,0,0
2024-06-05 03:00:00,0,0,0
2024-06-05 04:00:00,0,0,0
2024-06-05 05:00:00,0,0,0
2024-06-05 06:00:00,0,0,0
2024-06-05 07:00:00,0,0,0
2024-06-05 08:00:00,0,0,0
2024-06-05 09:00:00,0,0,0
2024-06-05 10:00:00,0,0,0
2024-06-05 11:00:00,0,0,0
2024-06-05 12:00:00,0,0,0
2024-06-05 13:00:00,0,0,0
2024-06-05 14:00:00,0,0,0
2024-06-05 15:00:00,0,0,0
2024-06-05 16:00:00,0,0,0
2024-06-05 17:00:00,0,0,0
2024-06-05 18:00:00,0,0,0
2024-06-05 19:00:00,0,0,0
2024-06-05 20:00:00,0,0,0
2024-06-05 21:00:00,0,0,0
2024-06-05 22:00:00,0,0,0
2024-06-05 23:00:00,0,0,0
2024-06-06 00:00:00,0,0,0
2024-06-06 01:00:00,0,0,0
2024-06-06 02:00:00,0,0,0
2024-06-06 03:00:00,0,0,0
2024-06-06 04:00:00,0,0,0
2024-06-06 05:00:00,0,0,0
2024-06-06 06:00:00,0,0,0
2024-06-06 07:00:00,0,0,0
2024-06-06 08:00:00,0,0,0
2024-06-06 09:00:00,0,0,0
2024-06-06 10:00:00,0,0,0
2024-06-06 11:00:00,0,0,0
2024-06-06 12:00:00,0,0,0
2024-06-06 13:00:00,0,0,0
2024-06-06 14:00:00,0,0,0
2024-06-06 15:00:00,0,0,0
2024-06-06 16:00:00,0,0,0
2024-06-06 17:00:00,0,0,0
2024-06-06 18:00:00,0,0,0
2024-06-06 19:00:00,0,0,0
2024-06-06 20:00:00,0,0,0
2024-06-06 21:00:00,0,0,0
2024-06-06 22:00:00,0,0,0
2024-06-06 23:00:00,0,0,0
2024-06-07 00:00:00,0,0,0
2024-06-07 01:00:00,0,0,0
2024-06-07 02:00:00,0,0,0
2024-06-07 03:00:00,0,0,0
2024-06-07 04:00:00,0,0,0
2024-06-07 05:00:00,0,0,0
2024-06-07 06:00:00,0,0,0
2024-06-07 07:00:00,0,0,0
2024-06-07 08:00:00,0,0,0
2024-06-07 09:00:00,0,0,0
2024-06-07 10:00:00,0,0,0
2024-06-07 11:00:00,0,0,0
2024-06-07 12:00:00,0,0,0
2024-06-07 13:00:00,0,0,0
2024-06-07 14:00:00,0,0,0
2024-06-07 15:00:00,0,0,0
2024-06-07 16:00:00,0,0,0
2024-06-07 17:00:00,0,0,0
2024-06-07 18:00:00,0,0,0
2024-06-07 19:00:00,0,0,0
2024-06-07 20:00:00,0,0,0
2024-06-07 21:00:00,0,0,0
2024-06-07 22:00:00,0,0,0
2024-06-07 23:00:00,0,0,0
2024-06-08 00:00:00,0,0,0
2024-06-08 01:00:00,0,0,0
2024-06-08 02:00:00,0,0,0
2024-06-08 03:00:00,0,0,0
2024-06-08 04:00:00,0,0,0
2024-06-08 05:00:00,0,0,0
2024-06-08 06:00:00,0,0,0
2024-06-08 07:00:00,0,0,0
2024-06-08 08:00:00,0,0,0
2024-06-08 09:00:00,0,0,0
2024-06-08 10:00:00,0,0,0
2024-06-08 11:00:00,0,0,0
2024-06-08 12:00:00,0,0,0
2024-06-08 13:00:00,0,0,0
2024-06-08 14:00:00,0,0,0
2024-06-08 15:00:00,0,0,0
2024-06-08 16:00:00,0,0,0
2024-06-08 17:00:00,0,0,0
2024-06-08 18:00:00,0,0,0
2024-06-08 19:00:00,0,0,0
2024-06-08 20:00:00,0,0,0
2024-06-08 21:00:00,0,0,0
2024-06-08 22:00:00,0,0,0
2024-06-08 23:00:00,0,0,0
2024-06-09 00:00:00,0,0,0
2024-06-09 01:00:00,0,0,0
2024-06-09 02:00:00,0,0,0
2024-06-09 03:00:00,0,0,0
2024-06-09 04:00:00,0,0,0
2024-06-09 05:00:00,0,0,0
2024-06-09 06:00:00,0,0,0
2024-06-09 07:00:00,0,0,0
2024-06-09 08:00:00,0,0,0
2024-06-09 09:00:00,0,0,0
2024-06-09 10:00:00,0,0,0
2024-06-09 11:00:00,0,0,0
2024-06-09 12:00:00,0,0,0
2024-06-09 13:00:00,0,0,0
2024-06-09 14:00:00,0,0,0
2024-06-09 15:00:00,0,0,0
2024-06-09 16:00:00,0,0,0
2024-06-09 17:00:00,0,0,0
2024-06-09 18:00:00,0,0,0
2024-06-09 19:00:00,0,0,0
2024-06-09 20:00:00,0,0,0
2024-06-09 21:00:00,0,0,0
2024-06-09 22:00:00,0,0,0
2024-06-09 23:00:00,0,0,0
2024-06-10 00:00:00,0,0,0
2024-06-10 01:00:00,0,0,0
2024-06-10 02:00:00,0,0,0
2024-06-10 03:00:00,0,0,0
2024-06-10 04:00:00,0,0,0
2024-06-10 05:00:00,0,0,0
2024-06-10 06:00:00,0,0,0
2024-06-10 07:00:00,0,0,0
2024-06-10 08:00:00,0,0,0
2024-06-10 09:00:00,0,0,0
2024-06-10 10:00:00,0,0,0
2024-06-10 11:00:00,0,0,0
2024-06-10 12:00:00,0,0,0
2024-06-10 13:00:00,0,0,0
2024-06-10 14:00:00,0,0,0
2024-06-10 15:00:00,0,0,0
2024-06-10 16:00:00,0,0,0
2024-06-10 17:00:00,0,0,0
2024-06-10 18:00:00,0,0,0
2024-06-10 19:00:00,0,0,0
2024-06-10 20:00:00,0,0,0
2024-06-10 21:00:00,0,0,0
2024-06-10 22:00:00,0,0,0
2024-06-10 23:00:00,0,0,0
2024-06-11 00:00:00,0,0,0
2024-06-11 01:00:00,0,0,0
2024-06-11 02:00:00,0,0,0
2024-06-11 03:00:00,0,0,0
2024-06-11 04:00:00,0,0,0
2024-06-11 05:00:00,0,0,0
2024-06-11 06:00:00,0,0,0
2024-06-11 07:00:00,0,0,0
2024-06-11 08:00:00,0,0,0
2024-06-11 09:00:00,0,0,0
2024-06-11 10:00:00,0,0,0
2024-06-11 11:00:00,0,0,0
2024-06-11 12:00:00,0,0,0
2024-06-11 13:00:00,0,0,0
2024-06-11 14:00:00,0,0,0
2024-06-11 15:00:00,0,0,0
2024-06-11 16:00:00,0,0,0
2024-06-11 17:00:00,0,0,0
2024-06-11 18:00:00,0,0,0
2024-06-11 19:00:00,0,0,0
2024-06-11 20:00:00,0,0,0
2024-06-11 21:00:00,0,0,0
2024-06-11 22:00:00,0,0,0
2024-06-11 23:00:00,0,0,0
2024-06-12 00:00:00,0,0,0
2024-06-12 01:00:00,0,0,0
2024-06-12 02:00:00,0,0,0
2024-06-12 03:00:00,0,0,0
2024-06-12 04:00:00,0,0,0
2024-06-12 05:00:00,0,0,0
2024-06-12 06:00:00,0,0,0
2024-06-12 07:00:00,0,0,0
2024-06-12 08:00:00,0,0,0
2024-06-12 09:00:00,0,0,0
2024-06-12 10:00:00,0,0,0
2024-06-12 11:00:00,0,0,0
2024-06-12 12:00:00,0,0,0
2024-06-12 13:00:00,0,0,0
2024-06-12 14:00:00,0,0,0
2024-06-12 15:00:00,0,0,0
2024-06-12 16:00:00,0,0,0
2024-06-12 17:00:00,0,0,0
2024-06-12 18:00:00,0,0,0
2024-06-12 19:00:00,0,0,0
2024-06-12 20:00:00,0,0,0
2024-06-12 21:00:00,0,0,0
2024-06-12 22:00:00,0,0,0
2024-06-12 23:00:00,0,0,0
2024-06-13 00:00:00,0,0,0
2024-06-13 01:00:00,0,0,0
2024-06-13 02:00:00,0,0,0
2024-06-13 03:00:00,0,0,0
2024-06-13 04:00:00,0,0,0
2024-06-13 05:00:00,0,0,0
2024-06-13 06:00:00,0,0,0
2024-06-13 07:00:00,0,0,0
2024-06-13 08:00:00,0,0,0
2024-06-13 09:00:00,0,0,0
2024-06-13 10:00:00,0,0,0
2024-06-13 11:00:00,0,0,0
2024-06-13 12:00:00,0,0,0
2024-06-13 13:00:00,0,0,0
2024-06-13 14:00:00,0,0,0
2024-06-13 15:00:00,0,0,0
2024-06-13 16:00:00,0,0,0
2024-06-13 17:00:00,0,0,0
2024-06-13 18:00:00,0,0,0
2024-06-13 19:00:00,0,0,0
2024-06-13 20:00:00,0,0,0
2024-06-13 21:00:00,0,0,0
2024-06-13 22:00:00,0,0,0
2024-06-13 23:00:00,0,0,0
2024-06-14 00:00:00,0,0,0
2024-06-14 01:00:00,0,0,0
2024-06-14 02:00:00,0,0,0
2024-06-14 03:00:00,0,0,0
2024-06-14 04:00:00,0,0,0
2024-06-14 05:00:00,0,0,0
2024-06-14 06:00:00,0,0,0
2024-06-14 07:00:00,0,0,0
2024-06-14 08:00:00,0,0,0
2024-06-14 09:00:00,0,0,0
2024-06-14 10:00:00,0,0,0
2024-06-14 11:00:00,0,0,0
2024-06-14 12:00:00,0,0,0
2024-06-14 13:00:00,0,0,0
2024-06-14 14:00:00,0,0,0
2024-06-14 15:00:00,0,0,0
2024-06-14 16:00:00,0,0,0
2024-06-14 17:00:00,0,0,0
2024-06-14 18:00:00,0,0,0
2024-06-14 19:00:00,0,0,0
2024-06-14 20:00:00,0,0,0
2024-06-14 21:00:00,0,0,0
2024-06-14 22:00:00,0,0,0
2024-06-14 23:00:00,0,0,0
2024-06-15 00:00:00,0,0,0
2024-06-15 01:00:00,0,0,0
2024-06-15 02:00:00,0,0,0
2024-06-15 03:00:00,0,0,0
2024-06-15 04:00:00,0,0,0
2024-06-15 05:00:00,0,0,0
2024-06-15 06:00:00,0,0,0
2024-06-15 07:00:00,0,0,0
2024-06-15 08:00:00,0,0,0
2024-06-15 09:00:00,0,0,0
2024-06-15 10:00:00,0,0,0
2024-06-15 11:00:00,0,0,0
2024-06-15 12:00:00,0,0,0
2024-06-15 13:00:00,0,0,0
2024-06-15 14:00:00,0,0,0
2024-06-15 15:00:00,0,0,0
2024-06-15 16:00:00,0,0,0
2024-06-15 17:00:00,0,0,0
2024-06-15 18:00:00,0,0,0
2024-06-15 19:00:00,0,0,0
2024-06-15 20:00:00,0,0,0
2024-06-15 21:00:00,0,0,0
2024-06-15 22:00:00,0,0,0
2024-06-15 23:00:00,0,0,0
2024-06-16 00:00:00,0,0,0
2024-06-16 01:00:00,0,0,0
2024-06-16 02:00:00,0,0,0
2024-06-16 03:00:00,0,0,0
2024-06-16 04:00:00,0,0,0
2024-06-16 05:00:00,0,0,0
2024-06-16 06:00:00,0,0,0
2024-06-16 07:00:00,0,0,0
2024-06-16 08:00:00,0,0,0
2024-06-16 09:00:00,0,0,0
2024-06-16 10:00:00,0,0,0
2024-06-16 11:00:00,0,0,0
2024-06-16 12:00:00,0,0,0
2024-06-16 13:00:00,0,0,0
2024-06-16 14:00:00,0,0,0
2024-06-16 15:00:00,0,0,0
2024-06-16 16:00:00,0,0,0
2024-06-16 17:00:00,0,0,0
2024-06-16 18:00:00,0,0,0
2024-06-16 19:00:00,0,0,0
2024-06-16 20:00:00,0,0,0
2024-06-16 21:00:00,0,0,0
2024-06-16 22:00:00,0,0,0
2024-06-16 23:00:00,0,0,0
2024-06-17 00:00:00,0,0,0
2024-06-17 01:00:00,0,0,0
2024-06-17 02:00:00,0,0,0
2024-06-17 03:00:00,0,0,0
2024-06-17 04:00:00,0,0,0
2024-06-17 05:00:00,0,0,0
2024-06-17 06:00:00,0,0,0
2024-06-17 07:00:00,0,0,0
2024-06-17 08:00:00,0,0,0
2024-06-17 09:00:00,0,0,0
2024-06-17 10:00:00,0,0,0
2024-06-17 11:00:00,0,0,0
2024-06-17 12:00:00,0,0,0
2024-06-17 13:00:00,0,0,0
2024-06-17 14:00:00,0,0,0
2024-06-17 15:00:00,0,0,0
2024-06-17 16:00:00,0,0,0
2024-06-17 17:00:00,0,0,0
2024-06-17 18:00:00,0,0,0
2024-06-17 19:00:00,0,0,0
2024-06-17 20:00:00,0,0,0
2024-06-17 21:00:00,0,0,0
2024-06-17 22:00:00,0,0,0
2024-06-17 23:00:00,0,0,0
2024-06-18 00:00:00,0,0,0
2024-06-18 01:00:00,0,0,0
2024-06-18 02:00:00,0,0,0
2024-06-18 03:00:00,0,0,0
2024-06-18 04:00:00,0,0,0
2024-06-18 05:00:00,0,0,0
2024-06-18 06:00:00,0,0,0
2024-06-18 07:00:00,0,0,0
2024-06-18 08:00:00,0,0,0
2024-06-18 09:00:00,0,0,0
2024-06-18 10:00:00,0,0,0
2024-06-18 11:00:00,0,0,0
2024-06-18 12:00:00,0,0,0
2024-06-18 13:00:00,0,0,0
2024-06-18 14:00:00,0,0,0
2024-06-18 15:00:00,0,0,0
2024-06-18 16:00:00,0,0,0
2024-06-18 17:00:00,0,0,0
2024-06-18 18:00:00,0,0,0
2024-06-18 19:00:00,0,0,0
2024-06-18 20:00:00,0,0,0
2024-06-18 21:00:00,0,0,0
2024-06-18 22:00:00,0,0,0
2024-06-18 23:00:00,0,0,0
2024-06-19 00:00:00,0,0,0
2024-06-19 01:00:00,0,0,0
2024-06-19 02:00:00,0,0,0
2024-06-19 03:00:00,0,0,0
2024-06-19 04:00:00,0,0,0
2024-06-19 05:00:00,0,0,0
2024-06-19 06:00:00,0,0,0
2024-06-19 07:00:00,0,0,0
2024-06-19 08:00:00,0,0,0
2024-06-19 09:00:00,0,0,0
2024-06-19 10:00:00,0,0,0
2024-06-19 11:00:00,0,0,0
2024-06-19 12:00:00,0,0,0
2024-06-19 13:00:00,0,0,0
2024-06-19 14:00:00,0,0,0
2024-06-19 15:00:00,0,0,0
2024-06-19 16:00:00,0,0,0
2024-06-19 17:00:00,0,0,0
2024-06-19 18:00:00,0,0,0
2024-06-19 19:00:00,0,0,0
2024-06-19 20:00:00,0,0,0
2024-06-19 21:00:00,0,0,0
2024-06-19 22:00:00,0,0,0
2024-06-19 23:00:00,0,0,0
2024-06-20 00:00:00,0,0,0
2024-06-20 01:00:00,0,0,0
2024-06-20 02:00:00,0,0,0
2024-06-20 03:00:00,0,0,0
2024-06-20 04:00:00,0,0,0
2024-06-20 05:00:00,0,0,0
2024-06-20 06:00:00,0,0,0
2024-06-20 07:00:00,0,0,0
2024-06-20 08:00:00,0,0,0
2024-06-20 09:00:00,0,0,0
2024-06-20 10:00:00,0,0,0
2024-06-20 11:00:00,0,0,0
2024-06-20 12:00:00,0,0,0
2024-06-20 13:00:00,0,0,0
2024-06-20 14:00:00,0,0,0
2024-06-20 15:00:00,0,0,0
2024-06-20 16:00:00,0,0,0
2024-06-20 17:00:00,0,0,0
2024-06-20 18:00:00,0,0,0
2024-06-20 19:00:00,0,0,0
2024-06-20 20:00:00,0,0,0
2024-06-20 21:00:00,0,0,0
2024-06-20 22:00:00,0,0,0
2024-06-20 23:00:00,0,0,0
2024-06-21 00:00:00,0,0,0
2024-06-21 01:00:00,0,0,0
2024-06-21 02:00:00,0,0,0
2024-06-21 03:00:00,0,0,0
2024-06-21 04:00:00,0,0,0
2024-06-21 05:00:00,0,0,0
2024-06-21 06:00:00,0,0,0
2024-06-21 07:00:00,0,0,0
2024-06-21 08:00:00,0,0,0
2024-06-21 09:00:00,0,0,0
2024-06-21 10:00:00,0,0,0
2024-06-21 11:00:00,0,0,0
2024-06-21 12:00:00,0,0,0
2024-06-21 13:00:00,0,0,0
2024-06-21 14:00:00,0,0,0
2024-06-21 15:00:00,0,0,0
2024-06-21 16:00:00,0,0,0
2024-06-21 17:00:00,0,0,0
2024-06-21 18:00:00,0,0,0
2024-06-21 19:00:00,0,0,0
2024-06-21 20:00:00,0,0,0
2024-06-21 21:00:00,0,0,0
2024-06-21 22:00:00,0,0,0
2024-06-21 23:00:00,0,0,0
2024-06-22 00:00:00,0,0,0
2024-06-22 01:00:00,0,0,0
2024-06-22 02:00:00,0,0,0
2024-06-22 03:00:00,0,0,0
2024-06-22 04:00:00,0,0,0
2024-06-22 05:00:00,0,0,0
2024-06-22 06:00:00,0,0,0
2024-06-22 07:00:00,0,0,0
2024-06-22 08:00:00,0,0,0
2024-06-22 09:00:00,0,0,0
2024-06-22 10:00:00,0,0,0
2024-06-22 11:00:00,0,0,0
2024-06-22 12:00:00,0,0,0
2024-06-22 13:00:00,0,0,0
2024-06-22 14:00:00,0,0,0
2024-06-22 15:00:00,0,0,0
2024-06-22 16:00:00,0,0,0
2024-06-22 17:00:00,0,0,0
2024-06-22 18:00:00,0,0,0
2024-06-22 19:00:00,0,0,0
2024-06-22 20:00:00,0,0,0
2024-06-22 21:00:00,0,0,0
2024-06-22 22:00:00,0,0,0
2024-06-22 23:00:00,0,0,0
2024-06-23 00:00:00,0,0,0
2024-06-23 01:00:00,0,0,0
2024-06-23 02:00:00,0,0,0
2024-06-23 03:00:00,0,0,0
2024-06-23 04:00:00,0,0,0
2024-06-23 05:00:00,0,0,0
2024-06-23 06:00:00,0,0,0
2024-06-23 07:00:00,0,0,0
2024-06-23 08:00:00,0,0,0
2024-06-23 09:00:00,0,0,0
2024-06-23 10:00:00,0,0,0
2024-06-23 11:00:00,0,0,0
2024-06-23 12:00:00,0,0,0
2024-06-23 13:00:00,0,0,0
2024-06-23 14:00:00,0,0,0
2024-06-23 15:00:00,0,0,0
2024-06-23 16:00:00,0,0,0
2024-06-23 17:00:00,0,0,0
2024-06-23 18:00:00,0,0,0
2024-06-23 19:00:00,0,0,0
2024-06-23 20:00:00,0,0,0
2024-06-23 21:00:00,0,0,0
2024-06-23 22:00:00,0,0,0
2024-06-23 23:00:00,0,0,0
2024-06-24 00:00:00,0,0,0
2024-06-24 01:00:00,0,0,0
2024-06-24 02:00:00,0,0,0
2024-06-24 03:00:00,0,0,0
2024-06-24 04:00:00,0,0,0
2024-06-24 05:00:00,0,0,0
2024-06-24 06:00:00,0,0,0
2024-06-24 07:00:00,0,0,0
2024-06-24 08:00:00,0,0,0
2024-06-24 09:00:00,0,0,0
2024-06-24 10:00:00,0,0,0
2024-06-24 11:00:00,0,0,0
2024-06-24 12:00:00,0,0,0
2024-06-24 13:00:00,0,0,0
2024-06-24 14:00:00,0,0,0
2024-06-24 15:00:00,0,0,0
2024-06-24 16:00:00,0,0,0
2024-06-24 17:00:00,0,0,0
2024-06-24 18:00:00,0,0,0
2024-06-24 19:00:00,0,0,0
2024-06-24 20:00:00,0,0,0
2024-06-24 21:00:00,0,0,0
2024-06-24 22:00:00,0,0,0
2024-06-24 23:00:00,0,0,0
2024-06-25 00:00:00,0,0,0
2024-06-25 01:00:00,0,0,0
2024-06-25 02:00:00,0,0,0
2024-06-25 03:00:00,0,0,0
2024-06-25 04:00:00,0,0,0
2024-06-25 05:00:00,0,0,0
2024-06-25 06:00:00,0,0,0
2024-06-25 07:00:00,0,0,0
2024-06-25 08:00:00,0,0,0
2024-06-25 09:00:00,0,0,0
2024-06-25 10:00:00,0,0,0
2024-06-25 11:00:00,0,0,0
2024-06-25 12:00:00,0,0,0
2024-06-25 13:00:00,0,0,0
2024-06-25 14:00:00,0,0,0
2024-06-25 15:00:00,0,0,0
2024-06-25 16:00:00,0,0,0
2024-06-25 17:00:00,0,0,0
2024-06-25 18:00:00,0,0,0
2024-06-25 19:00:00,0,0,0
2024-06-25 20:00:00,0,0,0
2024-06-25 21:00:00,0,0,0
2024-06-25 22:00:00,0,0,0
2024-06-25 23:00:00,0,0,0
2024-06-26 00:00:00,0,0,0
2024-06-26 01:00:00,0,0,0
2024-06-26 02:00:00,0,0,0
2024-06-26 03:00:00,0,0,0
2024-06-26 04:00:00,0,0,0
2024-06-26 05:00:00,0,0,0
2024-06-26 06:00:00,0,0,0
2024-06-26 07:00:00,0,0,0
2024-06-26 08:00:00,0,0,0
2024-06-26 09:00:00,0,0,0
2024-06-26 10:00:00,0,0,0
2024-06-26 11:00:00,0,0,0
2024-06-26 12:00:00,0,0,0
2024-06-26 13:00:00,0,0,0
2024-06-26 14:00:00,0,0,0
2024-06-26 15:00:00,0,0,0
2024-06-26 16:00:00,0,0,0
2024-06-26 17:00:00,0,0,0
2024-06-26 18:00:00,0,0,0
2024-06-26 19:00:00,0,0,0
2024-06-26 20:00:00,0,0,0
2024-06-26 21:00:00,0,0,0
2024-06-26 22:00:00,0,0,0
2024-06-26 23:00:00,0,0,0
2024-06-27 00:00:00,0,0,0
2024-06-27 01:00:00,0,0,0
2024-06-27 02:00:00,0,0,0
2024-06-27 03:00:00,0,0,0
2024-06-27 04:00:00,0,0,0
2024-06-27 05:00:00,0,0,0
2024-06-27 06:00:00,0,0,0
2024-06-27 07:00:00,0,0,0
2024-06-27 08:00:00,0,0,0
2024-06-27 09:00:00,0,0,0
2024-06-27 10:00:00,0,0,0
2024-06-27 11:00:00,0,0,0
2024-06-27 12:00:00,0,0,0
2024-06-27 13:00:00,0,0,0
2024-06-27 14:00:00,0,0,0
2024-06-27 15:00:00,0,0,0
2024-06-27 16:00:00,0,0,0
2024-06-27 17:00:00,0,0,0
2024-06-27 18:00:00,0,0,0
2024-06-27 19:00:00,0,0,0
2024-06-27 20:00:00,0,0,0
2024-06-27 21:00:00,0,0,0
2024-06-27 22:00:00,0,0,0
2024-06-27 23:00:00,0,0,0
2024-06-28 00:00:00,0,0,0
2024-06-28 01:00:00,0,0,0
2024-06-28 02:00:00,0,0,0
2024-06-28 03:00:00,0,0,0
2024-06-28 04:00:00,0,0,0
2024-06-28 05:00:00,0,0,0
2024-06-28 06:00:00,0,0,0
2024-06-28 07:00:00,0,0,0
2024-06-28 08:00:00,0,0,0
2024-06-28 09:00:00,0,0,0
2024-06-28 10:00:00,0,0,0
2024-06-28 11:00:00,0,0,0
2024-06-28 12:00:00,0,0,0
2024-06-28 13:00:00,0,0,0
2024-06-28 14:00:00,0,0,0
2024-06-28 15:00:00,0,0,0
2024-06-28 16:00:00,0,0,0
2024-06-28 17:00:00,0,0,0
2024-06-28 18:00:00,0,0,0
2024-06-28 19:00:00,0,0,0
2024-06-28 20:00:00,0,0,0
2024-06-28 21:00:00,0,0,0
2024-06-28 22:00:00,0,0,0
2024-06-28 23:00:00,0,0,0
2024-06-29 00:00:00,0,0,0
2024-06-29 01:00:00,0,0,0
2024-06-29 02:00:00,0,0,0
2024-06-29 03:00:00,0,0,0
2024-06-29 04:00:00,0,0,0
2024-06-29 05:00:00,0,0,0
2024-06-29 06:00:00,0,0,0
2024-06-29 07:00:00,0,0,0
2024-06-29 08:00:00,0,0,0
2024-06-29 09:00:00,0,0,0
2024-06-29 10:00:00,0,0,0
2024-06-29 11:00:00,0,0,0
2024-06-29 12:00:00,0,0,0
2024-06-29 13:00:00,0,0,0
2024-06-29 14:00:00,0,0,0
2024-06-29 15:00:00,0,0,0
2024-06-29 16:00:00,0,0,0
2024-06-29 17:00:00,0,0,0
2024-06-29 18:00:00,0,0,0
2024-06-29 19:00:00,0,0,0
2024-06-29 20:00:00,0,0,0
2024-06-29 21:00:00,0,0,0
2024-06-29 22:00:00,0,0,0
2024-06-29 23:00:00,0,0,0
2024-06-30 00:00:00,0,0,0
2024-06-30 01:00:00,0,0,0
2024-06-30 02:00:00,0,0,0
2024-06-30 03:00:00,0,0,0
2024-06-30 04:00:00,0,0,0
2024-06-30 05:00:00,0,0,0
2024-06-30 06:00:00,0,0,0
2024-06-30 07:00:00,0,0,0
2024-06-30 08:00:00,0,0,0
2024-06-30 09:00:00,0,0,0
2024-06-30 10:00:00,0,0,0
2024-06-30 11:00:00,0,0,0
2024-06-30 12:00:00,0,0,0
2024-06-30 13:00:00,0,0,0
2024-06-30 14:00:00,0,0,0
2024-06-30 15:00:00,0,0,0
2024-06-30 16:00:00,0,0,0
2024-06-30 17:00:00,0,0,0
2024-06-30 18:00:00,0,0,0
2024-06-30 19:00:00,0,0,0
2024-06-30 20:00:00,0,0,0
2024-06-30 21:00:00,0,0,0
2024-06-30 22:00:00,0,0,0
2024-06-30 23:00:00,0,0,0
2024-07-01 00:00:00,0,0,0
2024-07-01 01:00:00,0,0,0
2024-07-01 02:00:00,0,0,0
2024-07-01 03:00:00,0,0,0
2024-07-01 04:00:00,0,0,0
2024-07-01 05:00:00,0,0,0
2024-07-01 06:00:00,0,0,0
2024-07-01 07:00:00,0,0,0
2024-07-01 08:00:00,0,0,0
2024-07-01 09:00:00,0,0,0
2024-07-01 10:00:00,0,0,0
2024-07-01 11:00:00,0,0,0
2024-07-01 12:00:00,0,0,0
2024-07-01 13:00:00,0,0,0
2024-07-01 14:00:00,0,0,0
2024-07-01 15:00:00,0,0,0
2024-07-01 16:00:00,0,0,0
2024-07-01 17:00:00,0,0,0
2024-07-01 18:00:00,0,0,0
2024-07-01 19:00:00,0,0,0
2024-07-01 20:00:00,0,0,0
2024-07-01 21:00:00,0,0,0
2024-07-01 22:00:00,0,0,0
2024-07-01 23:00:00,0,0,0
2024-07-02 00:00:00,0,0,0
2024-07-02 01:00:00,0,0,0
2024-07-02 02:00:00,0,0,0
2024-07-02 03:00:00,0,0,0
2024-07-02 04:00:00,0,0,0
2024-07-02 05:00:00,0,0,0
2024-07-02 06:00:00,0,0,0
2024-07-02 07:00:00,0,0,0
2024-07-02 08:00:00,0,0,0
2024-07-02 09:00:00,0,0,0
2024-07-02 10:00:00,0,0,0
2024-07-02 11:00:00,0,0,0
2024-07-02 12:00:00,0,0,0
2024-07-02 13:00:00,0,0,0
2024-07-02 14:00:00,0,0,0
2024-07-02 15:00:00,0,0,0
2024-07-02 16:00:00,0,0,0
2024-07-02 17:00:00,0,0,0
2024-07-02 18:00:00,0,0,0
2024-07-02 19:00:00,0,0,0
2024-07-02 20:00:00,0,0,0
2024-07-02 21:00:00,0,0,0
2024-07-02 22:00:00,0,0,0
2024-07-02 23:00:00,0,0,0
2024-07-03 00:00:00,0,0,0
2024-07-03 01:00:00,0,0,0
2024-07-03 02:00:00,0,0,0
2024-07-03 03:00:00,0,0,0
2024-07-03 04:00:00,0,0,0
2024-07-03 05:00:00,0,0,0
2024-07-03 06:00:00,0,0,0
2024-07-03 07:00:00,0,0,0
2024-07-03 08:00:00,0,0,0
2024-07-03 09:00:00,0,0,0
2024-07-03 10:00:00,0,0,0
2024-07-03 11:00:00,0,0,0
2024-07-03 12:00:00,0,0,0
2024-07-03 13:00:00,0,0,0
2024-07-03 14:00:00,0,0,0
2024-07-03 15:00:00,0,0,0
2024-07-03 16:00:00,0,0,0
2024-07-03 17:00:00,0,0,0
2024-07-03 18:00:00,0,0,0
2024-07-03 19:00:00,0,0,0
2024-07-03 20:00:00,0,0,0
2024-07-03 21:00:00,0,0,0
2024-07-03 22:00:00,0,0,0
2024-07-03 23:00:00,0,0,0
2024-07-04 00:00:00,0,0,0
2024-07-04 01:00:00,0,0,0
2024-07-04 02:00:00,0,0,0
2024-07-04 03:00:00,0,0,0
2024-07-04 04:00:00,0,0,0
2024-07-04 05:00:00,0,0,0
2024-07-04 06:00:00,0,0,0
2024-07-04 07:00:00,0,0,0
2024-07-04 08:00:00,0,0,0
2024-07-04 09:00:00,0,0,0
2024-07-04 10:00:00,0,0,0
2024-07-04 11:00:00,0,0,0
2024-07-04 12:00:00,0,0,0
2024-07-04 13:00:00,0,0,0
2024-07-04 14:00:00,0,0,0
2024-07-04 15:00:00,0,0,0
2024-07-04 16:00:00,0,0,0
2024-07-04 17:00:00,0,0,0
2024-07-04 18:00:00,0,0,0
2024-07-04 19:00:00,0,0,0
2024-07-04 20:00:00,0,0,0
2024-07-04 21:00:00,0,0,0
2024-07-04 22:00:00,0,0,0
2024-07-04 23:00:00,0,0,0
2024-07-05 00:00:00,0,0,0
2024-07-05 01:00:00,0,0,0
2024-07-05 02:00:00,0,0,0
2024-07-05 03:00:00,0,0,0
2024-07-05 04:00:00,0,0,0
2024-07-05 05:00:00,0,0,0
2024-07-05 06:00:00,0,0,0
2024-07-05 07:00:00,0,0,0
2024-07-05 08:00:00,0,0,0
2024-07-05 09:00:00,0,0,0
2024-07-05 10:00:00,0,0,0
2024-07-05 11:00:00,0,0,0
2024-07-05 12:00:00,0,0,0
2024-07-05 13:00:00,0,0,0
2024-07-05 14:00:00,0,0,0
2024-07-05 15:00:00,0,0,0
2024-07-05 16:00:00,0,0,0
2024-07-05 17:00:00,0,0,0
2024-07-05 18:00:00,0,0,0
2024-07-05 19:00:00,0,0,0
2024-07-05 20:00:00,0,0,0
2024-07-05 21:00:00,0,0,0
2024-07-05 22:00:00,0,0,0
2024-07-05 23:00:00,0,0,0
2024-07-06 00:00:00,0,0,0
2024-07-06 01:00:00,0,0,0
2024-07-06 02:00:00,0,0,0
2024-07-06 03:00:00,0,0,0
2024-07-06 04:00:00,0,0,0
2024-07-06 05:00:00,0,0,0
2024-07-06 06:00:00,0,0,0
2024-07-06 07:00:00,0,0,0
2024-07-06 08:00:00,0,0,0
2024-07-06 09:00:00,0,0,0
2024-07-06 10:00:00,0,0,0
2024-07-06 11:00:00,0,0,0
2024-07-06 12:00:00,0,0,0
2024-07-06 13:00:00,0,0,0
2024-07-06 14:00:00,0,0,0
2024-07-06 15:00:00,0,0,0
2024-07-06 16:00:00,0,0,0
2024-07-06 17:00:00,0,0,0
2024-07-06 18:00:00,0,0,0
2024-07-06 19:00:00,0,0,0
2024-07-06 20:00:00,0,0,0
2024-07-06 21:00:00,0,0,0
2024-07-06 22:00:00,0,0,0
2024-07-06 23:00:00,0,0,0
2024-07-07 00:00:00,0,0,0
2024-07-07 01:00:00,0,0,0
2024-07-07 02:00:00,0,0,0
2024-07-07 03:00:00,0,0,0
2024-07-07 04:00:00,0,0,0
2024-07-07 05:00:00,0,0,0
2024-07-07 06:00:00,0,0,0
2024-07-07 07:00:00,0,0,0
2024-07-07 08:00:00,0,0,0
2024-07-07 09:00:00,0,0,0
2024-07-07 10:00:00,0,0,0
2024-07-07 11:00:00,0,0,0
2024-07-07 12:00:00,0,0,0
2024-07-07 13:00:00,0,0,0
2024-07-07 14:00:00,0,0,0
2024-07-07 15:00:00,0,0,0
2024-07-07 16:00:00,0,0,0
2024-07-07 17:00:00,0,0,0
2024-07-07 18:00:00,0,0,0
2024-07-07 19:00:00,0,0,0
2024-07-07 20:00:00,0,0,0
2024-07-07 21:00:00,0,0,0
2024-07-07 22:00:00,0,0,0
2024-07-07 23:00:00,0,0,0
2024-07-08 00:00:00,0,0,0
2024-07-08 01:00:00,0,0,0
2024-07-08 02:00:00,0,0,0
2024-07-08 03:00:00,0,0,0
2024-07-08 04:00:00,0,0,0
2024-07-08 05:00:00,0,0,0
2024-07-08 06:00:00,0,0,0
2024-07-08 07:00:00,0,0,0
2024-07-08 08:00:00,0,0,0
2024-07-08 09:00:00,0,0,0
2024-07-08 10:00:00,0,0,0
2024-07-08 11:00:00,0,0,0
2024-07-08 12:00:00,0,0,0
2024-07-08 13:00:00,0,0,0
2024-07-08 14:00:00,0,0,0
2024-07-08 15:00:00,0,0,0
2024-07-08 16:00:00,0,0,0
2024-07-08 17:00:00,0,0,0
2024-07-08 18:00:00,0,0,0
2024-07-08 19:00:00,0,0,0
2024-07-08 20:00:00,0,0,0
2024-07-08 21:00:00,0,0,0
2024-07-08 22:00:00,0,0,0
2024-07-08 23:00:00,0,0,0
2024-07-09 00:00:00,0,0,0
2024-07-09 01:00:00,0,0,0
2024-07-09 02:00:00,0,0,0
2024-07-09 03:00:00,0,0,0
2024-07-09 04:00:00,0,0,0
2024-07-09 05:00:00,0,0,0
2024-07-09 06:00:00,0,0,0
2024-07-09 07:00:00,0,0,0
2024-07-09 08:00:00,0,0,0
2024-07-09 09:00:00,0,0,0
2024-07-09 10:00:00,0,0,0
2024-07-09 11:00:00,0,0,0
2024-07-09 12:00:00,0,0,0
2024-07-09 13:00:00,0,0,0
2024-07-09 14:00:00,0,0,0
2024-07-09 15:00:00,0,0,0
2024-07-09 16:00:00,0,0,0
2024-07-09 17:00:00,0,0,0
2024-07-09 18:00:00,0,0,0
2024-07-09 19:00:00,0,0,0
2024-07-09 20:00:00,0,0,0
2024-07-09 21:00:00,0,0,0
2024-07-09 22:00:00,0,0,0
2024-07-09 23:00:00,0,0,0
2024-07-10 00:00:00,0,0,0
2024-07-10 01:00:00,0,0,0
2024-07-10 02:00:00,0,0,0
2024-07-10 03:00:00,0,0,0
2024-07-10 04:00:00,0,0,0
2024-07-10 05:00:00,0,0,0
2024-07-10 06:00:00,0,0,0
2024-07-10 07:00:00,0,0,0
2024-07-10 08:00:00,0,0,0
2024-07-10 09:00:00,0,0,0
2024-07-10 10:00:00,0,0,0
2024-07-10 11:00:00,0,0,0
2024-07-10 12:00:00,0,0,0
2024-07-10 13:00:00,0,0,0
2024-07-10 14:00:00,0,0,0
2024-07-10 15:00:00,0,0,0
2024-07-10 16:00:00,0,0,0
2024-07-10 17:00:00,0,0,0
2024-07-10 18:00:00,0,0,0
2024-07-10 19:00:00,0,0,0
2024-07-10 20:00:00,0,0,0
2024-07-10 21:00:00,0,0,0
2024-07-10 22:00:00,0,0,0
2024-07-10 23:00:00,0,0,0
2024-07-11 00:00:00,0,0,0
2024-07-11 01:00:00,0,0,0
2024-07-11 02:00:00,0,0,0
2024-07-11 03:00:00,0,0,0
2024-07-11 04:00:00,0,0,0
2024-07-11 05:00:00,0,0,0
2024-07-11 06:00:00,0,0,0
2024-07-11 07:00:00,0,0,0
2024-07-11 08:00:00,0,0,0
2024-07-11 09:00:00,0,0,0
2024-07-11 10:00:00,0,0,0
2024-07-11 11:00:00,0,0,0
2024-07-11 12:00:00,0,0,0
2024-07-11 13:00:00,0,0,0
2024-07-11 14:00:00,0,0,0
2024-07-11 15:00:00,0,0,0
2024-07-11 16:00:00,0,0,0
2024-07-11 17:00:00,0,0,0
2024-07-11 18:00:00,0,0,0
2024-07-11 19:00:00,0,0,0
2024-07-11 20:00:00,0,0,0
2024-07-11 21:00:00,0,0,0
2024-07-11 22:00:00,0,0,0
2024-07-11 23:00:00,0,0,0
2024-07-12 00:00:00,0,0,0
2024-07-12 01:00:00,0,0,0
2024-07-12 02:00:00,0,0,0
2024-07-12 03:00:00,0,0,0
2024-07-12 04:00:00,0,0,0
2024-07-12 05:00:00,0,0,0
2024-07-12 06:00:00,0,0,0
2024-07-12 07:00:00,0,0,0
2024-07-12 08:00:00,0,0,0
2024-07-12 09:00:00,0,0,0
2024-07-12 10:00:00,0,0,0
2024-07-12 11:00:00,0,0,0
2024-07-12 12:00:00,0,0,0
2024-07-12 13:00:00,0,0,0
2024-07-12 14:00:00,0,0,0
2024-07-12 15:00:00,0,0,0
2024-07-12 16:00:00,0,0,0
2024-07-12 17:00:00,0,0,0
2024-07-12 18:00:00,0,0,0
2024-07-12 19:00:00,0,0,0
2024-07-12 20:00:00,0,0,0
2024-07-12 21:00:00,0,0,0
2024-07-12 22:00:00,0,0,0
2024-07-12 23:00:00,0,0,0
2024-07-13 00:00:00,0,0,0
2024-07-13 01:00:00,0,0,0
2024-07-13 02:00:00,0,0,0
2024-07-13 03:00:00,0,0,0
2024-07-13 04:00:00,0,0,0
2024-07-13 05:00:00,0,0,0
2024-07-13 06:00:00,0,0,0
2024-07-13 07:00:00,0,0,0
2024-07-13 08:00:00,0,0,0
2024-07-13 09:00:00,0,0,0
2024-07-13 10:00:00,0,0,0
2024-07-13 11:00:00,0,0,0
2024-07-13 12:00:00,0,0,0
2024-07-13 13:00:00,0,0,0
2024-07-13 14:00:00,0,0,0
2024-07-13 15:00:00,0,0,0
2024-07-13 16:00:00,0,0,0
2024-07-13 17:00:00,0,0,0
2024-07-13 18:00:00,0,0,0
2024-07-13 19:00:00,0,0,0
2024-07-13 20:00:00,0,0,0
2024-07-13 21:00:00,0,0,0
2024-07-13 22:00:00,0,0,0
2024-07-13 23:00:00,0,0,0
2024-07-14 00:00:00,0,0,0
2024-07-14 01:00:00,0,0,0
2024-07-14 02:00:00,0,0,0
2024-07-14 03:00:00,0,0,0
2024-07-14 04:00:00,0,0,0
2024-07-14 05:00:00,0,0,0
2024-07-14 06:00:00,0,0,0
2024-07-14 07:00:00,0,0,0
2024-07-14 08:00:00,0,0,0
2024-07-14 09:00:00,0,0,0
2024-07-14 10:00:00,0,0,0
2024-07-14 11:00:00,0,0,0
2024-07-14 12:00:00,0,0,0
2024-07-14 13:00:00,0,0,0
2024-07-14 14:00:00,0,0,0
2024-07-14 15:00:00,0,0,0
2024-07-14 16:00:00,0,0,0
2024-07-14 17:00:00,0,0,0
2024-07-14 18:00:00,0,0,0
2024-07-14 19:00:00,0,0,0
2024-07-14 20:00:00,0,0,0
2024-07-14 21:00:00,0,0,0
2024-07-14 22:00:00,0,0,0
2024-07-14 23:00:00,0,0,0
2024-07-15 00:00:00,0,0,0
2024-07-15 01:00:00,0,0,0
2024-07-15 02:00:00,0,0,0
2024-07-15 03:00:00,0,0,0
2024-07-15 04:00:00,0,0,0
2024-07-15 05:00:00,0,0,0
2024-07-15 06:00:00,0,0,0
2024-07-15 07:00:00,0,0,0
2024-07-15 08:00:00,0,0,0
2024-07-15 09:00:00,0,0,0
2024-07-15 10:00:00,0,0,0
2024-07-15 11:00:00,0,0,0
2024-07-15 12:00:00,0,0,0
2024-07-15 13:00:00,0,0,0
2024-07-15 14:00:00,0,0,0
2024-07-15 15:00:00,0,0,0
2024-07-15 16:00:00,0,0,0
2024-07-15 17:00:00,0,0,0
2024-07-15 18:00:00,0,0,0
2024-07-15 19:00:00,0,0,0
2024-07-15 20:00:00,0,0,0
2024-07-15 21:00:00,0,0,0
2024-07-15 22:00:00,0,0,0
2024-07-15 23:00:00,0,0,0
2024-07-16 00:00:00,0,0,0
2024-07-16 01:00:00,0,0,0
2024-07-16 02:00:00,0,0,0
2024-07-16 03:00:00,0,0,0
2024-07-16 04:00:00,0,0,0
2024-07-16 05:00:00,0,0,0
2024-07-16 06:00:00,0,0,0
2024-07-16 07:00:00,0,0,0
2024-07-16 08:00:00,0,0,0
2024-07-16 09:00:00,0,0,0
2024-07-16 10:00:00,0,0,0
2024-07-16 11:00:00,0,0,0
2024-07-16 12:00:00,0,0,0
2024-07-16 13:00:00,0,0,0
2024-07-16 14:00:00,0,0,0
2024-07-16 15:00:00,0,0,0
2024-07-16 16:00:00,0,0,0
2024-07-16 17:00:00,0,0,0
2024-07-16 18:00:00,0,0,0
2024-07-16 19:00:00,0,0,0
2024-07-16 20:00:00,0,0,0
2024-07-16 21:00:00,0,0,0
2024-07-16 22:00:00,0,0,0
2024-07-16 23:00:00,0,0,0
2024-07-17 00:00:00,0,0,0
2024-07-17 01:00:00,0,0,0
2024-07-17 02:00:00,0,0,0
2024-07-17 03:00:00,0,0,0
2024-07-17 04:00:00,0,0,0
2024-07-17 05:00:00,0,0,0
2024-07-17 06:00:00,0,0,0
2024-07-17 07:00:00,0,0,0
2024-07-17 08:00:00,0,0,0
2024-07-17 09:00:00,0,0,0
2024-07-17 10:00:00,0,0,0
2024-07-17 11:00:00,0,0,0
2024-07-17 12:00:00,0,0,0
2024-07-17 13:00:00,0,0,0
2024-07-17 14:00:00,0,0,0
2024-07-17 15:00:00,0,0,0
2024-07-17 16:00:00,0,0,0
2024-07-17 17:00:00,0,0,0
2024-07-17 18:00:00,0,0,0
2024-07-17 19:00:00,0,0,0
2024-07-17 20:00:00,0,0,0
2024-07-17 21:00:00,0,0,0
2024-07-17 22:00:00,0,0,0
2024-07-17 23:00:00,0,0,0
2024-07-18 00:00:00,0,0,0
2024-07-18 01:00:00,0,0,0
2024-07-18 02:00:00,0,0,0
2024-07-18 03:00:00,0,0,0
2024-07-18 04:00:00,0,0,0
2024-07-18 05:00:00,0,0,0
2024-07-18 06:00:00,0,0,0
2024-07-18 07:00:00,0,0,0
2024-07-18 08:00:00,0,0,0
2024-07-18 09:00:00,0,0,0
2024-07-18 10:00:00,0,0,0
2024-07-18 11:00:00,0,0,0
2024-07-18 12:00:00,0,0,0
2024-07-18 13:00:00,0,0,0
2024-07-18 14:00:00,0,0,0
2024-07-18 15:00:00,0,0,0
2024-07-18 16:00:00,0,0,0
2024-07-18 17:00:00,0,0,0
2024-07-18 18:00:00,0,0,0
2024-07-18 19:00:00,0,0,0
2024-07-18 20:00:00,0,0,0
2024-07-18 21:00:00,0,0,0
2024-07-18 22:00:00,0,0,0
2024-07-18 23:00:00,0,0,0
2024-07-19 00:00:00,0,0,0
2024-07-19 01:00:00,0,0,0
2024-07-19 02:00:00,0,0,0
2024-07-19 03:00:00,0,0,0
2024-07-19 04:00:00,0,0,0
2024-07-19 05:00:00,0,0,0
2024-07-19 06:00:00,0,0,0
2024-07-19 07:00:00,0,0,0
2024-07-19 08:00:00,0,0,0
2024-07-19 09:00:00,0,0,0
2024-07-19 10:00:00,0,0,0
2024-07-19 11:00:00,0,0,0
2024-07-19 12:00:00,0,0,0
2024-07-19 13:00:00,0,0,0
2024-07-19 14:00:00,0,0,0
2024-07-19 15:00:00,0,0,0
2024-07-19 16:00:00,0,0,0
2024-07-19 17:00:00,0,0,0
2024-07-19 18:00:00,0,0,0
2024-07-19 19:00:00,0,0,0
2024-07-19 20:00:00,0,0,0
2024-07-19 21:00:00,0,0,0
2024-07-19 22:00:00,0,0,0
2024-07-19 23:00:00,0,0,0
2024-07-20 00:00:00,0,0,0
2024-07-20 01:00:00,0,0,0
2024-07-20 02:00:00,0,0,0
2024-07-20 03:00:00,0,0,0
2024-07-20 04:00:00,0,0,0
2024-07-20 05:00:00,0,0,0
2024-07-20 06:00:00,0,0,0
2024-07-20 07:00:00,0,0,0
2024-07-20 08:00:00,0,0,0
2024-07-20 09:00:00,0,0,0
2024-07-20 10:00:00,0,0,0
2024-07-20 11:00:00,0,0,0
2024-07-20 12:00:00,0,0,0
2024-07-20 13:00:00,0,0,0
2024-07-20 14:00:00,0,0,0
2024-07-20 15:00:00,0,0,0
2024-07-20 16:00:00,0,0,0
2024-07-20 17:00:00,0,0,0
2024-07-20 18:00:00,0,0,0
2024-07-20 19:00:00,0,0,0
2024-07-20 20:00:00,0,0,0
2024-07-20 21:00:00,0,0,0
2024-07-20 22:00:00,0,0,0
2024-07-20 23:00:00,0,0,0
2024-07-21 00:00:00,0,0,0
2024-07-21 01:00:00,0,0,0
2024-07-21 02:00:00,0,0,0
2024-07-21 03:00:00,0,0,0
2024-07-21 04:00:00,0,0,0
2024-07-21 05:00:00,0,0,0
2024-07-21 06:00:00,0,0,0
2024-07-21 07:00:00,0,0,0
2024-07-21 08:00:00,0,0,0
2024-07-21 09:00:00,0,0,0
2024-07-21 10:00:00,0,0,0
2024-07-21 11:00:00,0,0,0
2024-07-21 12:00:00,0,0,0
2024-07-21 13:00:00,0,0,0
2024-07-21 14:00:00,0,0,0
2024-07-21 15:00:00,0,0,0
2024-07-21 16:00:00,0,0,0
2024-07-21 17:00:00,0,0,0
2024-07-21 18:00:00,0,0,0
2024-07-21 19:00:00,0,0,0
2024-07-21 20:00:00,0,0,0
2024-07-21 21:00:00,0,0,0
2024-07-21 22:00:00,0,0,0
2024-07-21 23:00:00,0,0,0
2024-07-22 00:00:00,0,0,0
2024-07-22 01:00:00,0,0,0
2024-07-22 02:00:00,0,0,0
2024-07-22 03:00:00,0,0,0
2024-07-22 04:00:00,0,0,0
2024-07-22 05:00:00,0,0,0
2024-07-22 06:00:00,0,0,0
2024-07-22 07:00:00,0,0,0
2024-07-22 08:00:00,0,0,0
2024-07-22 09:00:00,0,0,0
2024-07-22 10:00:00,0,0,0
2024-07-22 11:00:00,0,0,0
2024-07-22 12:00:00,0,0,0
2024-07-22 13:00:00,0,0,0
2024-07-22 14:00:00,0,0,0
2024-07-22 15:00:00,0,0,0
2024-07-22 16:00:00,0,0,0
2024-07-22 17:00:00,0,0,0
2024-07-22 18:00:00,0,0,0
2024-07-22 19:00:00,0,0,0
2024-07-22 20:00:00,0,0,0
2024-07-22 21:00:00,0,0,0
2024-07-22 22:00:00,0,0,0
2024-07-22 23:00:00,0,0,0
2024-07-23 00:00:00,0,0,0
2024-07-23 01:00:00,0,0,0
2024-07-23 02:00:00,0,0,0
2024-07-23 03:00:00,0,0,0
2024-07-23 04:00:00,0,0,0
2024-07-23 05:00:00,0,0,0
2024-07-23 06:00:00,0,0,0
2024-07-23 07:00:00,0,0,0
2024-07-23 08:00:00,0,0,0
2024-07-23 09:00:00,0,0,0
2024-07-23 10:00:00,0,0,0
2024-07-23 11:00:00,0,0,0
2024-07-23 12:00:00,0,0,0
2024-07-23 13:00:00,0,0,0
2024-07-23 14:00:00,0,0,0
2024-07-23 15:00:00,0,0,0
2024-07-23 16:00:00,0,0,0
2024-07-23 17:00:00,0,0,0
2024-07-23 18:00:00,0,0,0
2024-07-23 19:00:00,0,0,0
2024-07-23 20:00:00,0,0,0
2024-07-23 21:00:00,0,0,0
2024-07-23 22:00:00,0,0,0
2024-07-23 23:00:00,0,0,0
2024-07-24 00:00:00,0,0,0
2024-07-24 01:00:00,0,0,0
2024-07-24 02:00:00,0,0,0
2024-07-24 03:00:00,0,0,0
2024-07-24 04:00:00,0,0,0
2024-07-24 05:00:00,0,0,0
2024-07-24 06:00:00,0,0,0
2024-07-24 07:00:00,0,0,0
2024-07-24 08:00:00,0,0,0
2024-07-24 09:00:00,0,0,0
2024-07-24 10:00:00,0,0,0
2024-07-24 11:00:00,0,0,0
2024-07-24 12:00:00,0,0,0
2024-07-24 13:00:00,0,0,0
2024-07-24 14:00:00,0,0,0
2024-07-24 15:00:00,0,0,0
2024-07-24 16:00:00,0,0,0
2024-07-24 17:00:00,0,0,0
2024-07-24 18:00:00,0,0,0
2024-07-24 19:00:00,0,0,0
2024-07-24 20:00:00,0,0,0
2024-07-24 21:00:00,0,0,0
2024-07-24 22:00:00,0,0,0
2024-07-24 23:00:00,0,0,0
2024-07-25 00:00:00,0,0,0
2024-07-25 01:00:00,0,0,0
2024-07-25 02:00:00,0,0,0
2024-07-25 03:00:00,0,0,0
2024-07-25 04:00:00,0,0,0
2024-07-25 05:00:00,0,0,0
2024-07-25 06:00:00,0,0,0
2024-07-25 07:00:00,0,0,0
2024-07-25 08:00:00,0,0,0
2024-07-25 09:00:00,0,0,0
2024-07-25 10:00:00,0,0,0
2024-07-25 11:00:00,0,0,0
2024-07-25 12:00:00,0,0,0
2024-07-25 13:00:00,0,0,0
2024-07-25 14:00:00,0,0,0
2024-07-25 15:00:00,0,0,0
2024-07-25 16:00:00,0,0,0
2024-07-25 17:00:00,0,0,0
2024-07-25 18:00:00,0,0,0
2024-07-25 19:00:00,0,0,0
2024-07-25 20:00:00,0,0,0
2024-07-25 21:00:00,0,0,0
2024-07-25 22:00:00,0,0,0
2024-07-25 23:00:00,0,0,0
2024-07-26 00:00:00,0,0,0
2024-07-26 01:00:00,0,0,0
2024-07-26 02:00:00,0,0,0
2024-07-26 03:00:00,0,0,0
2024-07-26 04:00:00,0,0,0
2024-07-26 05:00:00,0,0,0
2024-07-26 06:00:00,0,0,0
2024-07-26 07:00:00,0,0,0
2024-07-26 08:00:00,0,0,0
2024-07-26 09:00:00,0,0,0
2024-07-26 10:00:00,0,0,0
2024-07-26 11:00:00,0,0,0
2024-07-26 12:00:00,0,0,0
2024-07-26 13:00:00,0,0,0
2024-07-26 14:00:00,0,0,0
2024-07-26 15:00:00,0,0,0
2024-07-26 16:00:00,0,0,0
2024-07-26 17:00:00,0,0,0
2024-07-26 18:00:00,0,0,0
2024-07-26 19:00:00,0,0,0
2024-07-26 20:00:00,0,0,0
2024-07-26 21:00:00,0,0,0
2024-07-26 22:00:00,0,0,0
2024-07-26 23:00:00,0,0,0
2024-07-27 00:00:00,0,0,0
2024-07-27 01:00:00,0,0,0
2024-07-27 02:00:00,0,0,0
2024-07-27 03:00:00,0,0,0
2024-07-27 04:00:00,0,0,0
2024-07-27 05:00:00,0,0,0
2024-07-27 06:00:00,0,0,0
2024-07-27 07:00:00,0,0,0
2024-07-27 08:00:00,0,0,0
2024-07-27 09:00:00,0,0,0
2024-07-27 10:00:00,0,0,0
2024-07-27 11:00:00,0,0,0
2024-07-27 12:00:00,0,0,0
2024-07-27 13:00:00,0,0,0
2024-07-27 14:00:00,0,0,0
2024-07-27 15:00:00,0,0,0
2024-07-27 16:00:00,0,0,0
2024-07-27 17:00:00,0,0,0
2024-07-27 18:00:00,0,0,0
2024-07-27 19:00:00,0,0,0
2024-07-27 20:00:00,0,0,0
2024-07-27 21:00:00,0,0,0
2024-07-27 22:00:00,0,0,0
2024-07-27 23:00:00,0,0,0
2024-07-28 00:00:00,0,0,0
2024-07-28 01:00:00,0,0,0
2024-07-28 02:00:00,0,0,0
2024-07-28 03:00:00,0,0,0
2024-07-28 04:00:00,0,0,0
2024-07-28 05:00:00,0,0,0
2024-07-28 06:00:00,0,0,0
2024-07-28 07:00:00,0,0,0
2024-07-28 08:00:00,0,0,0
2024-07-28 09:00:00,0,0,0
2024-07-28 10:00:00,0,0,0
2024-07-28 11:00:00,0,0,0
2024-07-28 12:00:00,0,0,0
2024-07-28 13:00:00,0,0,0
2024-07-28 14:00:00,0,0,0
2024-07-28 15:00:00,0,0,0
2024-07-28 16:00:00,0,0,0
2024-07-28 17:00:00,0,0,0
2024-07-28 18:00:00,0,0,0
2024-07-28 19:00:00,0,0,0
2024-07-28 20:00:00,0,0,0
2024-07-28 21:00:00,0,0,0
2024-07-28 22:00:00,0,0,0
2024-07-28 23:00:00,0,0,0
2024-07-29 00:00:00,0,0,0
2024-07-29 01:00:00,0,0,0
2024-07-29 02:00:00,0,0,0
2024-07-29 03:00:00,0,0,0
2024-07-29 04:00:00,0,0,0
2024-07-29 05:00:00,0,0,0
2024-07-29 06:00:00,0,0,0
2024-07-29 07:00:00,0,0,0
2024-07-29 08:00:00,0,0,0
2024-07-29 09:00:00,0,0,0
2024-07-29 10:00:00,0,0,0
2024-07-29 11:00:00,0,0,0
2024-07-29 12:00:00,0,0,0
2024-07-29 13:00:00,0,0,0
2024-07-29 14:00:00,0,0,0
2024-07-29 15:00:00,0,0,0
2024-07-29 16:00:00,0,0,0
2024-07-29 17:00:00,0,0,0
2024-07-29 18:00:00,0,0,0
2024-07-29 19:00:00,0,0,0
2024-07-29 20:00:00,0,0,0
2024-07-29 21:00:00,0,0,0
2024-07-29 22:00:00,0,0,0
2024-07-29 23:00:00,0,0,0
2024-07-30 00:00:00,0,0,0
2024-07-30 01:00:00,0,0,0
2024-07-30 02:00:00,0,0,0
2024-07-30 03:00:00,0,0,0
2024-07-30 04:00:00,0,0,0
2024-07-30 05:00:00,0,0,0
2024-07-30 06:00:00,0,0,0
2024-07-30 07:00:00,0,0,0
2024-07-30 08:00:00,0,0,0
2024-07-30 09:00:00,0,0,0
2024-07-30 10:00:00,0,0,0
2024-07-30 11:00:00,0,0,0
2024-07-30 12:00:00,0,0,0
2024-07-30 13:00:00,0,0,0
2024-07-30 14:00:00,0,0,0
2024-07-30 15:00:00,0,0,0
2024-07-30 16:00:00,0,0,0
2024-07-30 17:00:00,0,0,0
2024-07-30 18:00:00,0,0,0
2024-07-30 19:00:00,0,0,0
2024-07-30 20:00:00,0,0,0
2024-07-30 21:00:00,0,0,0
2024-07-30 22:00:00,0,0,0
2024-07-30 23:00:00,0,0,0
2024-07-31 00:00:00,0,0,0
2024-07-31 01:00:00,0,0,0
2024-07-31 02:00:00,0,0,0
2024-07-31 03:00:00,0,0,0
2024-07-31 04:00:00,0,0,0
2024-07-31 05:00:00,0,0,0
2024-07-31 06:00:00,0,0,0
2024-07-31 07:00:00,0,0,0
2024-07-31 08:00:00,0,0,0
2024-07-31 09:00:00,57,9,6
2024-07-31 10:00:00,111,19,5
2024-07-31 11:00:00,348,10,7
2024-07-31 12:00:00,289,9,8
2024-07-31 13:00:00,113,25,4
2024-07-31 14:00:00,94,24,9
2024-07-31 15:00:00,133,29,7
2024-07-31 16:00:00,243,26,37
2024-07-31 17:00:00,148,21,14
2024-07-31 18:00:00,146,19,8
2024-07-31 19:00:00,138,14,13
2024-07-31 20:00:00,100,11,6
2024-07-31 21:00:00,106,12,3
2024-07-31 22:00:00,48,4,0
2024-07-31 23:00:00,12,1,0
2024-08-01 00:00:00,5,1,1
2024-08-01 01:00:00,4,1,1
2024-08-01 02:00:00,1,1,0
2024-08-01 03:00:00,1,1,0
2024-08-01 04:00:00,1,4,0
2024-08-01 05:00:00,40,13,7
2024-08-01 06:00:00,133,18,17
2024-08-01 07:00:00,230,22,30
2024-08-01 08:00:00,173,21,11
2024-08-01 09:00:00,130,8,1
2024-08-01 10:00:00,141,16,4
2024-08-01 11:00:00,316,15,9
2024-08-01 12:00:00,315,16,6
2024-08-01 13:00:00,128,11,5
2024-08-01 14:00:00,125,20,10
2024-08-01 15:00:00,187,37,17
2024-08-01 16:00:00,244,37,26
2024-08-01 17:00:00,172,34,9
2024-08-01 18:00:00,129,9,8
2024-08-01 19:00:00,136,16,4
2024-08-01 20:00:00,127,16,1
2024-08-01 21:00:00,95,10,6
2024-08-01 22:00:00,48,6,9
2024-08-01 23:00:00,13,7,2
2024-08-02 00:00:00,4,3,0
2024-08-02 01:00:00,6,1,0
2024-08-02 02:00:00,15,0,0
2024-08-02 03:00:00,1,3,0
2024-08-02 04:00:00,6,3,0
2024-08-02 05:00:00,36,8,4
2024-08-02 06:00:00,85,19,17
2024-08-02 07:00:00,133,19,11
2024-08-02 08:00:00,138,14,5
2024-08-02 09:00:00,187,24,4
2024-08-02 10:00:00,158,15,3
2024-08-02 11:00:00,217,22,4
2024-08-02 12:00:00,219,19,9
2024-08-02 13:00:00,158,29,10
2024-08-02 14:00:00,131,27,6
2024-08-02 15:00:00,154,34,15
2024-08-02 16:00:00,190,30,24
2024-08-02 17:00:00,107,13,4
2024-08-02 18:00:00,103,8,4
2024-08-02 19:00:00,91,10,3
2024-08-02 20:00:00,67,9,18
2024-08-02 21:00:00,70,6,4
2024-08-02 22:00:00,25,5,6
2024-08-02 23:00:00,20,4,2
2024-08-03 00:00:00,11,3,3
2024-08-03 01:00:00,5,3,1
2024-08-03 02:00:00,8,0,0
2024-08-03 03:00:00,7,2,0
2024-08-03 04:00:00,3,1,0
2024-08-03 05:00:00,15,3,0
2024-08-03 06:00:00,30,9,2
2024-08-03 07:00:00,62,5,1
2024-08-03 08:00:00,98,6,9
2024-08-03 09:00:00,129,11,6
2024-08-03 10:00:00,129,8,9
2024-08-03 11:00:00,152,13,5
2024-08-03 12:00:00,114,9,5
2024-08-03 13:00:00,135,15,1
2024-08-03 14:00:00,106,11,1
2024-08-03 15:00:00,151,15,4
2024-08-03 16:00:00,178,13,1
2024-08-03 17:00:00,146,14,4
2024-08-03 18:00:00,136,20,6
2024-08-03 19:00:00,178,12,19
2024-08-03 20:00:00,148,11,3
2024-08-03 21:00:00,72,6,10
2024-08-03 22:00:00,36,8,3
2024-08-03 23:00:00,22,5,5
2024-08-04 00:00:00,16,4,2
2024-08-04 01:00:00,16,1,0
2024-08-04 02:00:00,3,2,0
2024-08-04 03:00:00,5,2,0
2024-08-04 04:00:00,3,2,0
2024-08-04 05:00:00,7,3,1
2024-08-04 06:00:00,16,9,0
2024-08-04 07:00:00,32,3,5
2024-08-04 08:00:00,41,7,6
2024-08-04 09:00:00,57,5,6
2024-08-04 10:00:00,95,8,1
2024-08-04 11:00:00,116,8,4
2024-08-04 12:00:00,89,11,6
2024-08-04 13:00:00,100,12,6
2024-08-04 14:00:00,77,11,9
2024-08-04 15:00:00,113,12,8
2024-08-04 16:00:00,77,6,6
2024-08-04 17:00:00,83,6,4
2024-08-04 18:00:00,93,9,6
2024-08-04 19:00:00,66,11,6
2024-08-04 20:00:00,43,7,4
2024-08-04 21:00:00,30,8,1
2024-08-04 22:00:00,14,3,0
2024-08-04 23:00:00,6,2,2
2024-08-05 00:00:00,2,2,0
2024-08-05 01:00:00,0,1,0
2024-08-05 02:00:00,1,1,0
2024-08-05 03:00:00,2,3,1
2024-08-05 04:00:00,2,4,0
2024-08-05 05:00:00,22,9,8
2024-08-05 06:00:00,88,23,28
2024-08-05 07:00:00,167,21,19
2024-08-05 08:00:00,136,18,8
2024-08-05 09:00:00,126,8,4
2024-08-05 10:00:00,129,10,4
2024-08-05 11:00:00,233,18,10
2024-08-05 12:00:00,227,11,3
2024-08-05 13:00:00,145,22,3
2024-08-05 14:00:00,120,16,13
2024-08-05 15:00:00,142,35,14
2024-08-05 16:00:00,212,33,36
2024-08-05 17:00:00,139,26,15
2024-08-05 18:00:00,79,15,14
2024-08-05 19:00:00,71,13,5
2024-08-05 20:00:00,62,7,8
2024-08-05 21:00:00,36,6,3
2024-08-05 22:00:00,8,7,0
2024-08-05 23:00:00,10,2,1
2024-08-06 00:00:00,5,2,0
2024-08-06 01:00:00,0,3,2
2024-08-06 02:00:00,2,2,0
2024-08-06 03:00:00,2,4,3
2024-08-06 04:00:00,4,3,2
2024-08-06 05:00:00,22,19,6
2024-08-06 06:00:00,119,12,20
2024-08-06 07:00:00,241,20,27
2024-08-06 08:00:00,187,20,9
2024-08-06 09:00:00,141,15,9
2024-08-06 10:00:00,132,12,13
2024-08-06 11:00:00,364,8,15
2024-08-06 12:00:00,335,10,8
2024-08-06 13:00:00,138,13,3
2024-08-06 14:00:00,112,27,7
2024-08-06 15:00:00,149,27,15
2024-08-06 16:00:00,233,46,34
2024-08-06 17:00:00,170,15,10
2024-08-06 18:00:00,107,19,15
2024-08-06 19:00:00,95,17,7
2024-08-06 20:00:00,73,11,7
2024-08-06 21:00:00,44,8,8
2024-08-06 22:00:00,15,9,2
2024-08-06 23:00:00,4,4,0
2024-08-07 00:00:00,6,3,0
2024-08-07 01:00:00,0,0,1
2024-08-07 02:00:00,8,4,0
2024-08-07 03:00:00,1,2,3
2024-08-07 04:00:00,7,3,0
2024-08-07 05:00:00,24,12,4
2024-08-07 06:00:00,116,15,20
2024-08-07 07:00:00,169,17,27
2024-08-07 08:00:00,128,19,11
2024-08-07 09:00:00,158,8,6
2024-08-07 10:00:00,141,17,2
2024-08-07 11:00:00,257,14,2
2024-08-07 12:00:00,178,13,5
2024-08-07 13:00:00,98,16,14
2024-08-07 14:00:00,117,24,11
2024-08-07 15:00:00,145,32,14
2024-08-07 16:00:00,139,27,24
2024-08-07 17:00:00,99,19,13
2024-08-07 18:00:00,66,7,4
2024-08-07 19:00:00,53,2,6
2024-08-07 20:00:00,41,5,4
2024-08-07 21:00:00,19,3,4
2024-08-07 22:00:00,13,3,8
2024-08-07 23:00:00,3,2,2
2024-08-08 00:00:00,0,1,0
2024-08-08 01:00:00,0,1,0
2024-08-08 02:00:00,1,0,0
2024-08-08 03:00:00,0,1,1
2024-08-08 04:00:00,5,3,0
2024-08-08 05:00:00,34,7,5
2024-08-08 06:00:00,118,16,12
2024-08-08 07:00:00,252,29,17
2024-08-08 08:00:00,130,21,13
2024-08-08 09:00:00,133,14,3
2024-08-08 10:00:00,124,10,5
2024-08-08 11:00:00,279,21,8
2024-08-08 12:00:00,226,17,4
2024-08-08 13:00:00,152,14,11
2024-08-08 14:00:00,119,16,13
2024-08-08 15:00:00,148,34,11
2024-08-08 16:00:00,178,39,21
2024-08-08 17:00:00,110,33,16
2024-08-08 18:00:00,82,25,14
2024-08-08 19:00:00,77,11,18
2024-08-08 20:00:00,65,7,4
2024-08-08 21:00:00,45,8,6
2024-08-08 22:00:00,17,5,3
2024-08-08 23:00:00,10,3,0
2024-08-09 00:00:00,4,3,0
2024-08-09 01:00:00,0,1,0
2024-08-09 02:00:00,3,1,0
2024-08-09 03:00:00,3,3,1
2024-08-09 04:00:00,5,3,0
2024-08-09 05:00:00,39,11,5
2024-08-09 06:00:00,96,18,8
2024-08-09 07:00:00,158,12,11
2024-08-09 08:00:00,132,14,10
2024-08-09 09:00:00,122,16,5
2024-08-09 10:00:00,170,18,4
2024-08-09 11:00:00,225,13,9
2024-08-09 12:00:00,224,17,7
2024-08-09 13:00:00,120,15,6
2024-08-09 14:00:00,134,27,3
2024-08-09 15:00:00,169,36,9
2024-08-09 16:00:00,201,43,14
2024-08-09 17:00:00,112,10,9
2024-08-09 18:00:00,83,10,5
2024-08-09 19:00:00,88,8,1
2024-08-09 20:00:00,86,7,2
2024-08-09 21:00:00,63,15,7
2024-08-09 22:00:00,36,11,5
2024-08-09 23:00:00,47,4,7
2024-08-10 00:00:00,15,4,0
2024-08-10 01:00:00,7,2,1
2024-08-10 02:00:00,8,3,0
2024-08-10 03:00:00,6,0,0
2024-08-10 04:00:00,6,1,0
2024-08-10 05:00:00,15,3,0
2024-08-10 06:00:00,27,7,1
2024-08-10 07:00:00,54,6,4
2024-08-10 08:00:00,89,7,0
2024-08-10 09:00:00,103,10,3
2024-08-10 10:00:00,169,10,5
2024-08-10 11:00:00,151,13,12
2024-08-10 12:00:00,130,10,4
2024-08-10 13:00:00,130,6,5
2024-08-10 14:00:00,133,14,1
2024-08-10 15:00:00,146,15,7
2024-08-10 16:00:00,147,17,7
2024-08-10 17:00:00,143,12,4
2024-08-10 18:00:00,128,10,4
2024-08-10 19:00:00,98,14,5
2024-08-10 20:00:00,93,10,4
2024-08-10 21:00:00,98,16,4
2024-08-10 22:00:00,50,6,1
2024-08-10 23:00:00,20,3,1
2024-08-11 00:00:00,4,1,3
2024-08-11 01:00:00,16,5,1
2024-08-11 02:00:00,11,1,1
2024-08-11 03:00:00,1,1,3
2024-08-11 04:00:00,4,3,1
2024-08-11 05:00:00,4,0,0
2024-08-11 06:00:00,11,8,1
2024-08-11 07:00:00,29,5,3
2024-08-11 08:00:00,65,4,3
2024-08-11 09:00:00,91,2,8
2024-08-11 10:00:00,109,10,5
2024-08-11 11:00:00,116,11,8
2024-08-11 12:00:00,87,11,6
2024-08-11 13:00:00,115,6,2
2024-08-11 14:00:00,119,12,10
2024-08-11 15:00:00,115,17,10
2024-08-11 16:00:00,119,6,8
2024-08-11 17:00:00,106,13,8
2024-08-11 18:00:00,88,8,3
2024-08-11 19:00:00,85,5,6
2024-08-11 20:00:00,56,12,5
2024-08-11 21:00:00,37,5,2
2024-08-11 22:00:00,11,6,5
2024-08-11 23:00:00,9,2,0
2024-08-12 00:00:00,8,4,0
2024-08-12 01:00:00,3,1,0
2024-08-12 02:00:00,0,3,0
2024-08-12 03:00:00,2,1,1
2024-08-12 04:00:00,6,4,0
2024-08-12 05:00:00,28,9,2
2024-08-12 06:00:00,94,19,20
2024-08-12 07:00:00,195,20,27
2024-08-12 08:00:00,166,12,11
2024-08-12 09:00:00,144,9,8
2024-08-12 10:00:00,140,11,4
2024-08-12 11:00:00,314,6,1
2024-08-12 12:00:00,255,15,9
2024-08-12 13:00:00,89,15,11
2024-08-12 14:00:00,89,21,13
2024-08-12 15:00:00,146,23,10
2024-08-12 16:00:00,227,31,26
2024-08-12 17:00:00,155,24,10
2024-08-12 18:00:00,120,4,13
2024-08-12 19:00:00,82,12,3
2024-08-12 20:00:00,73,10,5
2024-08-12 21:00:00,26,7,2
2024-08-12 22:00:00,11,4,1
2024-08-12 23:00:00,4,1,1
2024-08-13 00:00:00,3,3,0
2024-08-13 01:00:00,0,1,0
2024-08-13 02:00:00,3,1,1
2024-08-13 03:00:00,1,1,1
2024-08-13 04:00:00,4,2,0
2024-08-13 05:00:00,37,10,3
2024-08-13 06:00:00,111,22,19
2024-08-13 07:00:00,236,21,36
2024-08-13 08:00:00,210,20,11
2024-08-13 09:00:00,140,15,3
2024-08-13 10:00:00,162,11,6
2024-08-13 11:00:00,327,16,17
2024-08-13 12:00:00,311,12,10
2024-08-13 13:00:00,144,8,7
2024-08-13 14:00:00,100,19,13
2024-08-13 15:00:00,187,34,16
2024-08-13 16:00:00,263,43,39
2024-08-13 17:00:00,155,16,13
2024-08-13 18:00:00,82,11,9
2024-08-13 19:00:00,87,13,5
2024-08-13 20:00:00,61,6,7
2024-08-13 21:00:00,25,10,9
2024-08-13 22:00:00,13,4,1
2024-08-13 23:00:00,6,3,2
2024-08-14 00:00:00,2,2,0
2024-08-14 01:00:00,5,1,0
2024-08-14 02:00:00,1,2,0
2024-08-14 03:00:00,5,0,1
2024-08-14 04:00:00,13,2,1
2024-08-14 05:00:00,33,12,3
2024-08-14 06:00:00,130,21,10
2024-08-14 07:00:00,229,17,26
2024-08-14 08:00:00,167,17,9
2024-08-14 09:00:00,132,10,6
2024-08-14 10:00:00,112,8,6
2024-08-14 11:00:00,330,14,3
2024-08-14 12:00:00,275,19,5
2024-08-14 13:00:00,132,23,13
2024-08-14 14:00:00,120,23,7
2024-08-14 15:00:00,164,30,25
2024-08-14 16:00:00,251,45,30
2024-08-14 17:00:00,152,29,7
2024-08-14 18:00:00,127,17,7
2024-08-14 19:00:00,101,12,9
2024-08-14 20:00:00,65,10,10
2024-08-14 21:00:00,56,5,3
2024-08-14 22:00:00,29,5,4
2024-08-14 23:00:00,11,0,0
2024-08-15 00:00:00,5,0,0
2024-08-15 01:00:00,2,1,0
2024-08-15 02:00:00,1,0,0
2024-08-15 03:00:00,0,1,0
2024-08-15 04:00:00,8,4,2
2024-08-15 05:00:00,46,13,3
2024-08-15 06:00:00,113,24,12
2024-08-15 07:00:00,199,26,24
2024-08-15 08:00:00,156,15,12
2024-08-15 09:00:00,130,20,4
2024-08-15 10:00:00,150,18,4
2024-08-15 11:00:00,322,14,6
2024-08-15 12:00:00,287,11,5
2024-08-15 13:00:00,160,12,9
2024-08-15 14:00:00,116,17,15
2024-08-15 15:00:00,171,25,14
2024-08-15 16:00:00,255,50,23
2024-08-15 17:00:00,128,25,22
2024-08-15 18:00:00,86,15,13
2024-08-15 19:00:00,91,23,7
2024-08-15 20:00:00,71,11,7
2024-08-15 21:00:00,44,10,5
2024-08-15 22:00:00,25,7,4
2024-08-15 23:00:00,12,3,0
2024-08-16 00:00:00,6,1,5
2024-08-16 01:00:00,1,0,0
2024-08-16 02:00:00,2,0,0
2024-08-16 03:00:00,1,1,0
2024-08-16 04:00:00,3,3,0
2024-08-16 05:00:00,18,8,4
2024-08-16 06:00:00,104,21,15
2024-08-16 07:00:00,160,10,14
2024-08-16 08:00:00,101,11,7
2024-08-16 09:00:00,122,15,9
2024-08-16 10:00:00,120,15,9
2024-08-16 11:00:00,248,20,18
2024-08-16 12:00:00,228,18,6
2024-08-16 13:00:00,128,19,9
2024-08-16 14:00:00,119,20,3
2024-08-16 15:00:00,141,30,19
2024-08-16 16:00:00,176,30,13
2024-08-16 17:00:00,130,15,7
2024-08-16 18:00:00,106,9,5
2024-08-16 19:00:00,84,14,6
2024-08-16 20:00:00,81,12,8
2024-08-16 21:00:00,52,9,10
2024-08-16 22:00:00,24,8,5
2024-08-16 23:00:00,11,3,2
2024-08-17 00:00:00,17,3,0
2024-08-17 01:00:00,7,4,1
2024-08-17 02:00:00,2,5,1
2024-08-17 03:00:00,9,2,0
2024-08-17 04:00:00,3,0,1
2024-08-17 05:00:00,8,4,1
2024-08-17 06:00:00,40,8,4
2024-08-17 07:00:00,40,10,2
2024-08-17 08:00:00,65,12,0
2024-08-17 09:00:00,86,10,7
2024-08-17 10:00:00,123,5,6
2024-08-17 11:00:00,119,12,4
2024-08-17 12:00:00,133,16,6
2024-08-17 13:00:00,117,9,4
2024-08-17 14:00:00,129,15,7
2024-08-17 15:00:00,108,12,1
2024-08-17 16:00:00,119,12,6
2024-08-17 17:00:00,107,11,7
2024-08-17 18:00:00,101,10,7
2024-08-17 19:00:00,82,14,7
2024-08-17 20:00:00,61,8,3
2024-08-17 21:00:00,55,9,3
2024-08-17 22:00:00,32,7,1
2024-08-17 23:00:00,21,3,2
2024-08-18 00:00:00,17,4,1
2024-08-18 01:00:00,9,2,1
2024-08-18 02:00:00,7,1,1
2024-08-18 03:00:00,8,0,0
2024-08-18 04:00:00,7,4,0
2024-08-18 05:00:00,10,4,0
2024-08-18 06:00:00,20,9,0
2024-08-18 07:00:00,37,7,1
2024-08-18 08:00:00,41,6,2
2024-08-18 09:00:00,61,9,5
2024-08-18 10:00:00,72,8,5
2024-08-18 11:00:00,88,12,3
2024-08-18 12:00:00,100,9,7
2024-08-18 13:00:00,100,14,5
2024-08-18 14:00:00,91,11,15
2024-08-18 15:00:00,112,15,11
2024-08-18 16:00:00,113,8,11
2024-08-18 17:00:00,81,12,5
2024-08-18 18:00:00,89,5,6
2024-08-18 19:00:00,63,12,7
2024-08-18 20:00:00,32,3,10
2024-08-18 21:00:00,18,6,0
2024-08-18 22:00:00,8,5,3
2024-08-18 23:00:00,1,4,0
2024-08-19 00:00:00,2,2,0
2024-08-19 01:00:00,1,0,0
2024-08-19 02:00:00,4,1,2
2024-08-19 03:00:00,8,4,2
2024-08-19 04:00:00,5,2,0
2024-08-19 05:00:00,26,7,3
2024-08-19 06:00:00,104,24,11
2024-08-19 07:00:00,234,18,21
2024-08-19 08:00:00,120,18,8
2024-08-19 09:00:00,116,10,3
2024-08-19 10:00:00,126,9,4
2024-08-19 11:00:00,303,15,4
2024-08-19 12:00:00,285,9,7
2024-08-19 13:00:00,138,12,8
2024-08-19 14:00:00,118,20,8
2024-08-19 15:00:00,132,37,16
2024-08-19 16:00:00,192,34,22
2024-08-19 17:00:00,99,24,8
2024-08-19 18:00:00,69,13,5
2024-08-19 19:00:00,61,10,8
2024-08-19 20:00:00,39,4,4
2024-08-19 21:00:00,47,7,3
2024-08-19 22:00:00,9,2,1
2024-08-19 23:00:00,6,3,0
2024-08-20 00:00:00,2,0,1
2024-08-20 01:00:00,0,1,0
2024-08-20 02:00:00,4,1,0
2024-08-20 03:00:00,2,2,3
2024-08-20 04:00:00,2,4,0
2024-08-20 05:00:00,34,9,10
2024-08-20 06:00:00,131,19,13
2024-08-20 07:00:00,290,15,34
2024-08-20 08:00:00,147,26,8
2024-08-20 09:00:00,114,16,2
2024-08-20 10:00:00,128,13,1
2024-08-20 11:00:00,355,12,9
2024-08-20 12:00:00,289,14,5
2024-08-20 13:00:00,97,16,6
2024-08-20 14:00:00,109,22,13
2024-08-20 15:00:00,163,30,27
2024-08-20 16:00:00,228,45,32
2024-08-20 17:00:00,165,16,15
2024-08-20 18:00:00,74,16,15
2024-08-20 19:00:00,86,14,8
2024-08-20 20:00:00,40,15,4
2024-08-20 21:00:00,23,9,5
2024-08-20 22:00:00,11,10,2
2024-08-20 23:00:00,4,4,1
2024-08-21 00:00:00,8,2,2
2024-08-21 01:00:00,2,0,0
2024-08-21 02:00:00,1,0,1
2024-08-21 03:00:00,2,3,2
2024-08-21 04:00:00,7,3,0
2024-08-21 05:00:00,30,12,10
2024-08-21 06:00:00,159,15,7
2024-08-21 07:00:00,262,21,23
2024-08-21 08:00:00,125,24,11
2024-08-21 09:00:00,144,9,2
2024-08-21 10:00:00,146,17,9
2024-08-21 11:00:00,363,13,9
2024-08-21 12:00:00,295,19,3
2024-08-21 13:00:00,139,17,9
2024-08-21 14:00:00,117,18,13
2024-08-21 15:00:00,147,35,15
2024-08-21 16:00:00,226,49,37
2024-08-21 17:00:00,140,22,15
2024-08-21 18:00:00,74,17,4
2024-08-21 19:00:00,66,6,8
2024-08-21 20:00:00,55,13,8
2024-08-21 21:00:00,38,7,7
2024-08-21 22:00:00,9,3,0
2024-08-21 23:00:00,2,2,0
2024-08-22 00:00:00,6,3,0
2024-08-22 01:00:00,1,2,0
2024-08-22 02:00:00,5,0,0
2024-08-22 03:00:00,1,4,2
2024-08-22 04:00:00,4,4,0
2024-08-22 05:00:00,38,8,6
2024-08-22 06:00:00,116,17,15
2024-08-22 07:00:00,193,15,20
2024-08-22 08:00:00,141,10,10
2024-08-22 09:00:00,129,12,1
2024-08-22 10:00:00,138,12,7
2024-08-22 11:00:00,285,13,4
2024-08-22 12:00:00,285,14,10
2024-08-22 13:00:00,152,12,10
2024-08-22 14:00:00,132,22,9
2024-08-22 15:00:00,155,29,14
2024-08-22 16:00:00,258,48,20
2024-08-22 17:00:00,191,25,10
2024-08-22 18:00:00,104,21,11
2024-08-22 19:00:00,93,8,7
2024-08-22 20:00:00,66,16,4
2024-08-22 21:00:00,36,12,2
2024-08-22 22:00:00,16,6,0
2024-08-22 23:00:00,4,2,3
2024-08-23 00:00:00,1,2,3
2024-08-23 01:00:00,6,2,0
2024-08-23 02:00:00,1,2,0
2024-08-23 03:00:00,4,0,0
2024-08-23 04:00:00,1,2,2
2024-08-23 05:00:00,19,10,0
2024-08-23 06:00:00,105,14,9
2024-08-23 07:00:00,137,14,13
2024-08-23 08:00:00,103,11,6
2024-08-23 09:00:00,126,17,2
2024-08-23 10:00:00,150,25,6
2024-08-23 11:00:00,238,16,7
2024-08-23 12:00:00,204,15,11
2024-08-23 13:00:00,113,19,7
2024-08-23 14:00:00,137,21,11
2024-08-23 15:00:00,162,42,11
2024-08-23 16:00:00,163,25,17
2024-08-23 17:00:00,133,20,7
2024-08-23 18:00:00,110,19,10
2024-08-23 19:00:00,89,10,4
2024-08-23 20:00:00,72,13,4
2024-08-23 21:00:00,63,11,6
2024-08-23 22:00:00,18,8,5
2024-08-23 23:00:00,10,1,3
2024-08-24 00:00:00,4,3,3
2024-08-24 01:00:00,8,3,0
2024-08-24 02:00:00,7,5,0
2024-08-24 03:00:00,4,1,0
2024-08-24 04:00:00,2,0,0
2024-08-24 05:00:00,13,3,0
2024-08-24 06:00:00,26,10,1
2024-08-24 07:00:00,44,5,2
2024-08-24 08:00:00,65,9,2
2024-08-24 09:00:00,80,12,6
2024-08-24 10:00:00,89,7,3
2024-08-24 11:00:00,86,11,1
2024-08-24 12:00:00,83,6,5
2024-08-24 13:00:00,142,18,1
2024-08-24 14:00:00,110,14,2
2024-08-24 15:00:00,126,14,5
2024-08-24 16:00:00,104,12,7
2024-08-24 17:00:00,129,15,2
2024-08-24 18:00:00,130,23,1
2024-08-24 19:00:00,78,12,4
2024-08-24 20:00:00,77,8,2
2024-08-24 21:00:00,74,14,4
2024-08-24 22:00:00,48,6,0
2024-08-24 23:00:00,31,3,0
2024-08-25 00:00:00,12,2,1
2024-08-25 01:00:00,7,1,3
2024-08-25 02:00:00,1,2,2
2024-08-25 03:00:00,6,1,0
2024-08-25 04:00:00,2,2,0
2024-08-25 05:00:00,5,4,0
2024-08-25 06:00:00,18,9,1
2024-08-25 07:00:00,25,4,2
2024-08-25 08:00:00,48,4,4
2024-08-25 09:00:00,75,9,3
2024-08-25 10:00:00,111,13,1
2024-08-25 11:00:00,159,16,1
2024-08-25 12:00:00,124,7,6
2024-08-25 13:00:00,124,14,2
2024-08-25 14:00:00,132,7,0
2024-08-25 15:00:00,149,15,3
2024-08-25 16:00:00,107,9,4
2024-08-25 17:00:00,65,11,1
2024-08-25 18:00:00,72,6,2
2024-08-25 19:00:00,88,10,5
2024-08-25 20:00:00,40,7,1
2024-08-25 21:00:00,59,8,5
2024-08-25 22:00:00,78,8,7
2024-08-25 23:00:00,23,4,8
2024-08-26 00:00:00,10,1,1
2024-08-26 01:00:00,1,0,0
2024-08-26 02:00:00,5,0,0
2024-08-26 03:00:00,1,0,0
2024-08-26 04:00:00,2,1,0
2024-08-26 05:00:00,9,2,0
2024-08-26 06:00:00,22,6,0
2024-08-26 07:00:00,25,5,1
2024-08-26 08:00:00,77,11,0
2024-08-26 09:00:00,110,8,4
2024-08-26 10:00:00,117,11,8
2024-08-26 11:00:00,148,8,8
2024-08-26 12:00:00,132,8,5
2024-08-26 13:00:00,76,8,5
2024-08-26 14:00:00,118,5,5
2024-08-26 15:00:00,101,7,5
2024-08-26 16:00:00,101,16,4
2024-08-26 17:00:00,103,13,5
2024-08-26 18:00:00,92,8,6
2024-08-26 19:00:00,75,10,7
2024-08-26 20:00:00,50,5,7
2024-08-26 21:00:00,41,5,2
2024-08-26 22:00:00,13,4,0
2024-08-26 23:00:00,11,2,2
2024-08-27 00:00:00,3,0,0
2024-08-27 01:00:00,2,0,2
2024-08-27 02:00:00,2,1,0
2024-08-27 03:00:00,4,4,0
2024-08-27 04:00:00,7,3,0
2024-08-27 05:00:00,21,11,9
2024-08-27 06:00:00,103,18,13
2024-08-27 07:00:00,213,27,19
2024-08-27 08:00:00,206,16,17
2024-08-27 09:00:00,128,14,6
2024-08-27 10:00:00,163,16,4
2024-08-27 11:00:00,335,11,6
2024-08-27 12:00:00,331,15,11
2024-08-27 13:00:00,117,17,4
2024-08-27 14:00:00,97,12,9
2024-08-27 15:00:00,157,30,23
2024-08-27 16:00:00,221,31,40
2024-08-27 17:00:00,145,31,21
2024-08-27 18:00:00,86,13,10
2024-08-27 19:00:00,60,12,7
2024-08-27 20:00:00,50,10,1
2024-08-27 21:00:00,30,4,7
2024-08-27 22:00:00,13,8,2
2024-08-27 23:00:00,4,4,0
2024-08-28 00:00:00,2,1,2
2024-08-28 01:00:00,4,1,0
2024-08-28 02:00:00,4,0,0
2024-08-28 03:00:00,1,0,1
2024-08-28 04:00:00,6,4,3
2024-08-28 05:00:00,23,13,5
2024-08-28 06:00:00,129,18,14
2024-08-28 07:00:00,193,24,31
2024-08-28 08:00:00,139,14,11
2024-08-28 09:00:00,127,13,8
2024-08-28 10:00:00,150,14,5
2024-08-28 11:00:00,343,20,10
2024-08-28 12:00:00,315,14,4
2024-08-28 13:00:00,137,11,8
2024-08-28 14:00:00,114,17,7
2024-08-28 15:00:00,180,26,15
2024-08-28 16:00:00,225,48,30
2024-08-28 17:00:00,133,20,19
2024-08-28 18:00:00,92,14,7
2024-08-28 19:00:00,62,8,5
2024-08-28 20:00:00,59,10,0
2024-08-28 21:00:00,45,10,3
2024-08-28 22:00:00,20,4,0
2024-08-28 23:00:00,11,4,2
2024-08-29 00:00:00,1,1,0
2024-08-29 01:00:00,8,2,0
2024-08-29 02:00:00,1,0,0
2024-08-29 03:00:00,2,0,1
2024-08-29 04:00:00,4,6,0
2024-08-29 05:00:00,24,8,6
2024-08-29 06:00:00,115,23,16
2024-08-29 07:00:00,218,18,24
2024-08-29 08:00:00,132,12,9
2024-08-29 09:00:00,125,11,4
2024-08-29 10:00:00,151,12,2
2024-08-29 11:00:00,333,11,4
2024-08-29 12:00:00,292,12,7
2024-08-29 13:00:00,147,13,4
2024-08-29 14:00:00,129,21,7
2024-08-29 15:00:00,161,36,12
2024-08-29 16:00:00,243,29,25
2024-08-29 17:00:00,150,19,17
2024-08-29 18:00:00,100,17,7
2024-08-29 19:00:00,73,12,5
2024-08-29 20:00:00,49,6,8
2024-08-29 21:00:00,51,8,6
2024-08-29 22:00:00,16,6,4
2024-08-29 23:00:00,9,5,0
2024-08-30 00:00:00,3,3,2
2024-08-30 01:00:00,2,1,1
2024-08-30 02:00:00,1,0,0
2024-08-30 03:00:00,3,0,1
2024-08-30 04:00:00,6,4,2
2024-08-30 05:00:00,25,11,2
2024-08-30 06:00:00,79,21,14
2024-08-30 07:00:00,178,23,26
2024-08-30 08:00:00,113,12,9
2024-08-30 09:00:00,114,14,4
2024-08-30 10:00:00,120,15,7
2024-08-30 11:00:00,238,19,19
2024-08-30 12:00:00,188,15,7
2024-08-30 13:00:00,103,17,8
2024-08-30 14:00:00,151,23,6
2024-08-30 15:00:00,175,35,18
2024-08-30 16:00:00,203,27,18
2024-08-30 17:00:00,137,28,10
2024-08-30 18:00:00,70,18,10
2024-08-30 19:00:00,72,18,9
2024-08-30 20:00:00,69,15,7
2024-08-30 21:00:00,69,17,5
2024-08-30 22:00:00,33,6,5
2024-08-30 23:00:00,28,6,1
2024-08-31 00:00:00,11,3,1
2024-08-31 01:00:00,4,1,0
2024-08-31 02:00:00,8,2,0
2024-08-31 03:00:00,1,2,0
2024-08-31 04:00:00,3,0,2
2024-08-31 05:00:00,12,8,2
2024-08-31 06:00:00,28,5,2
2024-08-31 07:00:00,44,11,2
2024-08-31 08:00:00,60,10,3
2024-08-31 09:00:00,69,9,2
2024-08-31 10:00:00,89,12,8
2024-08-31 11:00:00,141,16,3
2024-08-31 12:00:00,123,17,3
2024-08-31 13:00:00,115,21,2
2024-08-31 14:00:00,96,14,12
2024-08-31 15:00:00,93,14,4
2024-08-31 16:00:00,95,9,6
2024-08-31 17:00:00,95,14,6
2024-08-31 18:00:00,80,11,3
2024-08-31 19:00:00,91,8,1
2024-08-31 20:00:00,87,8,7
2024-08-31 21:00:00,59,11,5
2024-08-31 22:00:00,30,6,6
2024-08-31 23:00:00,30,7,5
2024-09-01 00:00:00,23,3,1
2024-09-01 01:00:00,3,5,1
2024-09-01 02:00:00,1,1,2
2024-09-01 03:00:00,8,3,0
2024-09-01 04:00:00,3,2,0
2024-09-01 05:00:00,11,0,1
2024-09-01 06:00:00,16,8,4
2024-09-01 07:00:00,24,6,3
2024-09-01 08:00:00,48,4,3
2024-09-01 09:00:00,80,3,5
2024-09-01 10:00:00,86,5,9
2024-09-01 11:00:00,90,10,7
2024-09-01 12:00:00,73,11,4
2024-09-01 13:00:00,123,9,1
2024-09-01 14:00:00,95,10,6
2024-09-01 15:00:00,42,19,5
2024-09-01 16:00:00,88,9,8
2024-09-01 17:00:00,83,9,3
2024-09-01 18:00:00,83,6,4
2024-09-01 19:00:00,64,11,10
2024-09-01 20:00:00,47,5,0
2024-09-01 21:00:00,47,7,5
2024-09-01 22:00:00,27,3,3
2024-09-01 23:00:00,12,4,2
2024-09-02 00:00:00,4,2,0
2024-09-02 01:00:00,2,1,0
2024-09-02 02:00:00,0,1,1
2024-09-02 03:00:00,5,0,2
2024-09-02 04:00:00,6,1,0
2024-09-02 05:00:00,20,13,1
2024-09-02 06:00:00,114,19,7
2024-09-02 07:00:00,213,15,17
2024-09-02 08:00:00,130,24,12
2024-09-02 09:00:00,122,14,3
2024-09-02 10:00:00,121,11,5
2024-09-02 11:00:00,312,17,4
2024-09-02 12:00:00,284,15,8
2024-09-02 13:00:00,128,14,6
2024-09-02 14:00:00,99,23,13
2024-09-02 15:00:00,147,30,18
2024-09-02 16:00:00,187,51,24
2024-09-02 17:00:00,122,35,17
2024-09-02 18:00:00,52,15,10
2024-09-02 19:00:00,49,13,9
2024-09-02 20:00:00,48,8,6
2024-09-02 21:00:00,30,9,5
2024-09-02 22:00:00,6,5,0
2024-09-02 23:00:00,4,3,1
2024-09-03 00:00:00,5,3,0
2024-09-03 01:00:00,0,2,0
2024-09-03 02:00:00,2,0,0
2024-09-03 03:00:00,2,0,1
2024-09-03 04:00:00,3,6,1
2024-09-03 05:00:00,23,12,3
2024-09-03 06:00:00,95,9,14
2024-09-03 07:00:00,229,17,34
2024-09-03 08:00:00,147,25,6
2024-09-03 09:00:00,129,19,5
2024-09-03 10:00:00,124,13,12
2024-09-03 11:00:00,316,15,10
2024-09-03 12:00:00,285,13,7
2024-09-03 13:00:00,113,12,5
2024-09-03 14:00:00,122,15,14
2024-09-03 15:00:00,154,29,17
2024-09-03 16:00:00,240,34,35
2024-09-03 17:00:00,141,30,15
2024-09-03 18:00:00,90,17,18
2024-09-03 19:00:00,81,16,12
2024-09-03 20:00:00,49,12,1
2024-09-03 21:00:00,53,10,2
2024-09-03 22:00:00,15,4,0
2024-09-03 23:00:00,8,4,0
2024-09-04 00:00:00,4,0,1
2024-09-04 01:00:00,0,1,0
2024-09-04 02:00:00,4,1,0
2024-09-04 03:00:00,0,0,3
2024-09-04 04:00:00,7,6,0
2024-09-04 05:00:00,31,11,4
2024-09-04 06:00:00,155,11,19
2024-09-04 07:00:00,200,22,24
2024-09-04 08:00:00,139,28,7
2024-09-04 09:00:00,111,10,5
2024-09-04 10:00:00,129,19,5
2024-09-04 11:00:00,327,15,14
2024-09-04 12:00:00,277,13,8
2024-09-04 13:00:00,134,17,11
2024-09-04 14:00:00,105,17,8
2024-09-04 15:00:00,144,30,13
2024-09-04 16:00:00,259,30,28
2024-09-04 17:00:00,146,26,22
2024-09-04 18:00:00,80,18,5
2024-09-04 19:00:00,69,10,8
2024-09-04 20:00:00,48,9,8
2024-09-04 21:00:00,35,9,1
2024-09-04 22:00:00,14,7,1
2024-09-04 23:00:00,5,6,0
2024-09-05 00:00:00,9,0,0
2024-09-05 01:00:00,1,0,1
2024-09-05 02:00:00,2,1,0
2024-09-05 03:00:00,1,0,1
2024-09-05 04:00:00,2,1,2
2024-09-05 05:00:00,32,8,5
2024-09-05 06:00:00,130,22,19
2024-09-05 07:00:00,217,20,29
2024-09-05 08:00:00,145,17,11
2024-09-05 09:00:00,106,13,7
2024-09-05 10:00:00,96,17,4
2024-09-05 11:00:00,205,11,6
2024-09-05 12:00:00,204,14,8
2024-09-05 13:00:00,89,17,9
2024-09-05 14:00:00,85,21,2
2024-09-05 15:00:00,116,48,24
2024-09-05 16:00:00,184,77,31
2024-09-05 17:00:00,117,20,13
2024-09-05 18:00:00,124,23,9
2024-09-05 19:00:00,75,12,7
2024-09-05 20:00:00,68,7,9
2024-09-05 21:00:00,52,10,9
2024-09-05 22:00:00,34,8,1
2024-09-05 23:00:00,7,10,2
2024-09-06 00:00:00,6,0,2
2024-09-06 01:00:00,1,3,0
2024-09-06 02:00:00,3,0,0
2024-09-06 03:00:00,3,1,3
2024-09-06 04:00:00,13,2,0
2024-09-06 05:00:00,30,9,2
2024-09-06 06:00:00,112,21,10
2024-09-06 07:00:00,144,25,14
2024-09-06 08:00:00,101,22,7
2024-09-06 09:00:00,72,15,2
2024-09-06 10:00:00,103,27,1
2024-09-06 11:00:00,238,27,2
2024-09-06 12:00:00,180,18,7
2024-09-06 13:00:00,113,31,8
2024-09-06 14:00:00,118,49,5
2024-09-06 15:00:00,153,59,11
2024-09-06 16:00:00,194,60,24
2024-09-06 17:00:00,107,30,8
2024-09-06 18:00:00,103,12,12
2024-09-06 19:00:00,60,13,2
2024-09-06 20:00:00,52,11,1
2024-09-06 21:00:00,36,9,5
2024-09-06 22:00:00,20,10,4
2024-09-06 23:00:00,7,7,2
2024-09-07 00:00:00,4,5,0
2024-09-07 01:00:00,4,4,0
2024-09-07 02:00:00,3,1,0
2024-09-07 03:00:00,4,1,0
2024-09-07 04:00:00,4,2,0
2024-09-07 05:00:00,13,7,1
2024-09-07 06:00:00,21,7,3
2024-09-07 07:00:00,32,7,3
2024-09-07 08:00:00,70,14,6
2024-09-07 09:00:00,102,8,6
2024-09-07 10:00:00,106,14,9
2024-09-07 11:00:00,157,14,5
2024-09-07 12:00:00,142,15,3
2024-09-07 13:00:00,129,12,6
2024-09-07 14:00:00,105,20,5
2024-09-07 15:00:00,141,16,4
2024-09-07 16:00:00,143,22,7
2024-09-07 17:00:00,90,14,1
2024-09-07 18:00:00,95,11,11
2024-09-07 19:00:00,103,8,5
2024-09-07 20:00:00,115,13,4
2024-09-07 21:00:00,112,13,7
2024-09-07 22:00:00,34,5,6
2024-09-07 23:00:00,19,7,2
2024-09-08 00:00:00,11,2,1
2024-09-08 01:00:00,4,5,1
2024-09-08 02:00:00,12,1,3
2024-09-08 03:00:00,7,2,0
2024-09-08 04:00:00,5,1,0
2024-09-08 05:00:00,12,2,4
2024-09-08 06:00:00,13,4,1
2024-09-08 07:00:00,29,3,2
2024-09-08 08:00:00,79,10,3
2024-09-08 09:00:00,121,10,6
2024-09-08 10:00:00,81,6,6
2024-09-08 11:00:00,102,12,4
2024-09-08 12:00:00,93,24,6
2024-09-08 13:00:00,103,10,0
2024-09-08 14:00:00,104,9,3
2024-09-08 15:00:00,108,17,5
2024-09-08 16:00:00,101,9,3
2024-09-08 17:00:00,64,9,8
2024-09-08 18:00:00,100,11,6
2024-09-08 19:00:00,51,6,2
2024-09-08 20:00:00,24,9,6
2024-09-08 21:00:00,18,3,2
2024-09-08 22:00:00,15,4,2
2024-09-08 23:00:00,5,4,2
2024-09-09 00:00:00,3,4,2
2024-09-09 01:00:00,4,1,0
2024-09-09 02:00:00,5,0,0
2024-09-09 03:00:00,5,2,2
2024-09-09 04:00:00,8,6,1
2024-09-09 05:00:00,27,11,6
2024-09-09 06:00:00,105,21,13
2024-09-09 07:00:00,204,9,31
2024-09-09 08:00:00,145,20,8
2024-09-09 09:00:00,124,10,8
2024-09-09 10:00:00,116,15,4
2024-09-09 11:00:00,295,14,5
2024-09-09 12:00:00,317,15,9
2024-09-09 13:00:00,141,21,12
2024-09-09 14:00:00,129,23,8
2024-09-09 15:00:00,136,30,14
2024-09-09 16:00:00,225,24,36
2024-09-09 17:00:00,136,21,18
2024-09-09 18:00:00,101,15,11
2024-09-09 19:00:00,91,17,8
2024-09-09 20:00:00,48,13,2
2024-09-09 21:00:00,46,8,4
2024-09-09 22:00:00,20,10,3
2024-09-09 23:00:00,6,3,0
2024-09-10 00:00:00,4,2,3
2024-09-10 01:00:00,0,1,2
2024-09-10 02:00:00,2,0,0
2024-09-10 03:00:00,3,0,2
2024-09-10 04:00:00,4,4,1
2024-09-10 05:00:00,34,15,4
2024-09-10 06:00:00,135,22,12
2024-09-10 07:00:00,243,20,31
2024-09-10 08:00:00,218,18,5
2024-09-10 09:00:00,130,12,9
2024-09-10 10:00:00,131,12,2
2024-09-10 11:00:00,303,11,13
2024-09-10 12:00:00,305,15,8
2024-09-10 13:00:00,131,21,5
2024-09-10 14:00:00,80,20,7
2024-09-10 15:00:00,135,40,6
2024-09-10 16:00:00,258,47,34
2024-09-10 17:00:00,110,19,14
2024-09-10 18:00:00,119,21,6
2024-09-10 19:00:00,69,16,6
2024-09-10 20:00:00,49,9,1
2024-09-10 21:00:00,45,10,8
2024-09-10 22:00:00,16,9,0
2024-09-10 23:00:00,6,2,0
2024-09-11 00:00:00,3,1,0
2024-09-11 01:00:00,5,0,2
2024-09-11 02:00:00,1,0,0
2024-09-11 03:00:00,0,0,2
2024-09-11 04:00:00,7,3,0
2024-09-11 05:00:00,26,10,4
2024-09-11 06:00:00,128,23,15
2024-09-11 07:00:00,257,22,31
2024-09-11 08:00:00,151,30,14
2024-09-11 09:00:00,113,16,9
2024-09-11 10:00:00,144,14,6
2024-09-11 11:00:00,316,17,6
2024-09-11 12:00:00,303,18,10
2024-09-11 13:00:00,137,17,14
2024-09-11 14:00:00,124,16,5
2024-09-11 15:00:00,163,34,16
2024-09-11 16:00:00,259,44,30
2024-09-11 17:00:00,119,30,16
2024-09-11 18:00:00,109,16,6
2024-09-11 19:00:00,80,11,10
2024-09-11 20:00:00,69,4,4
2024-09-11 21:00:00,85,15,1
2024-09-11 22:00:00,23,3,4
2024-09-11 23:00:00,12,2,0
2024-09-12 00:00:00,3,4,0
2024-09-12 01:00:00,2,0,0
2024-09-12 02:00:00,3,2,0
2024-09-12 03:00:00,0,0,1
2024-09-12 04:00:00,10,4,2
2024-09-12 05:00:00,35,8,6
2024-09-12 06:00:00,119,23,19
2024-09-12 07:00:00,213,26,32
2024-09-12 08:00:00,186,25,16
2024-09-12 09:00:00,145,9,3
2024-09-12 10:00:00,123,15,13
2024-09-12 11:00:00,334,23,5
2024-09-12 12:00:00,338,16,3
2024-09-12 13:00:00,134,20,10
2024-09-12 14:00:00,124,26,8
2024-09-12 15:00:00,170,35,21
2024-09-12 16:00:00,270,45,33
2024-09-12 17:00:00,169,25,10
2024-09-12 18:00:00,121,18,16
2024-09-12 19:00:00,97,12,13
2024-09-12 20:00:00,48,9,3
2024-09-12 21:00:00,140,13,0
2024-09-12 22:00:00,49,8,3
2024-09-12 23:00:00,32,5,2
2024-09-13 00:00:00,17,5,0
2024-09-13 01:00:00,30,0,0
2024-09-13 02:00:00,29,1,2
2024-09-13 03:00:00,3,3,2
2024-09-13 04:00:00,9,4,0
2024-09-13 05:00:00,28,10,5
2024-09-13 06:00:00,95,15,14
2024-09-13 07:00:00,179,18,19
2024-09-13 08:00:00,105,24,4
2024-09-13 09:00:00,111,18,5
2024-09-13 10:00:00,139,18,4
2024-09-13 11:00:00,253,15,9
2024-09-13 12:00:00,251,27,5
2024-09-13 13:00:00,133,20,7
2024-09-13 14:00:00,129,29,6
2024-09-13 15:00:00,181,48,12
2024-09-13 16:00:00,201,30,14
2024-09-13 17:00:00,149,34,13
2024-09-13 18:00:00,121,19,9
2024-09-13 19:00:00,75,12,8
2024-09-13 20:00:00,56,17,3
2024-09-13 21:00:00,85,10,3
2024-09-13 22:00:00,36,12,0
2024-09-13 23:00:00,15,3,0
2024-09-14 00:00:00,11,4,0
2024-09-14 01:00:00,2,1,1
2024-09-14 02:00:00,9,1,0
2024-09-14 03:00:00,4,0,0
2024-09-14 04:00:00,3,0,0
2024-09-14 05:00:00,14,4,2
2024-09-14 06:00:00,29,7,2
2024-09-14 07:00:00,43,11,1
2024-09-14 08:00:00,78,6,3
2024-09-14 09:00:00,119,12,2
2024-09-14 10:00:00,137,13,6
2024-09-14 11:00:00,152,9,4
2024-09-14 12:00:00,119,13,4
2024-09-14 13:00:00,158,16,2
2024-09-14 14:00:00,136,14,4
2024-09-14 15:00:00,115,19,10
2024-09-14 16:00:00,145,11,3
2024-09-14 17:00:00,147,20,0
2024-09-14 18:00:00,92,11,7
2024-09-14 19:00:00,94,15,2
2024-09-14 20:00:00,112,11,4
2024-09-14 21:00:00,84,14,1
2024-09-14 22:00:00,38,6,5
2024-09-14 23:00:00,21,4,2
2024-09-15 00:00:00,19,4,0
2024-09-15 01:00:00,18,4,3
2024-09-15 02:00:00,16,2,2
2024-09-15 03:00:00,15,2,1
2024-09-15 04:00:00,6,0,0
2024-09-15 05:00:00,8,1,0
2024-09-15 06:00:00,20,8,2
2024-09-15 07:00:00,22,3,3
2024-09-15 08:00:00,69,10,2
2024-09-15 09:00:00,88,12,1
2024-09-15 10:00:00,81,11,1
2024-09-15 11:00:00,126,14,2
2024-09-15 12:00:00,83,12,3
2024-09-15 13:00:00,97,9,3
2024-09-15 14:00:00,107,7,1
2024-09-15 15:00:00,104,23,3
2024-09-15 16:00:00,107,15,2
2024-09-15 17:00:00,93,10,9
2024-09-15 18:00:00,64,13,5
2024-09-15 19:00:00,66,12,3
2024-09-15 20:00:00,48,11,3
2024-09-15 21:00:00,50,11,3
2024-09-15 22:00:00,37,2,0
2024-09-15 23:00:00,6,1,0
2024-09-16 00:00:00,21,0,0
2024-09-16 01:00:00,12,0,0
2024-09-16 02:00:00,3,1,0
2024-09-16 03:00:00,3,4,2
2024-09-16 04:00:00,3,2,0
2024-09-16 05:00:00,21,11,8
2024-09-16 06:00:00,106,16,8
2024-09-16 07:00:00,206,20,20
2024-09-16 08:00:00,155,21,13
2024-09-16 09:00:00,111,11,7
2024-09-16 10:00:00,128,14,6
2024-09-16 11:00:00,311,20,5
2024-09-16 12:00:00,276,17,1
2024-09-16 13:00:00,119,24,12
2024-09-16 14:00:00,105,21,9
2024-09-16 15:00:00,184,26,22
2024-09-16 16:00:00,216,22,27
2024-09-16 17:00:00,149,27,18
2024-09-16 18:00:00,101,17,8
2024-09-16 19:00:00,59,13,3
2024-09-16 20:00:00,56,6,5
2024-09-16 21:00:00,61,16,6
2024-09-16 22:00:00,25,3,0
2024-09-16 23:00:00,4,2,3
2024-09-17 00:00:00,7,2,0
2024-09-17 01:00:00,10,0,0
2024-09-17 02:00:00,14,0,0
2024-09-17 03:00:00,5,3,0
2024-09-17 04:00:00,4,4,2
2024-09-17 05:00:00,26,14,8
2024-09-17 06:00:00,154,26,15
2024-09-17 07:00:00,272,16,32
2024-09-17 08:00:00,218,33,22
2024-09-17 09:00:00,118,9,3
2024-09-17 10:00:00,133,18,4
2024-09-17 11:00:00,318,15,4
2024-09-17 12:00:00,340,19,7
2024-09-17 13:00:00,145,31,5
2024-09-17 14:00:00,138,27,10
2024-09-17 15:00:00,208,29,19
2024-09-17 16:00:00,276,31,49
2024-09-17 17:00:00,134,32,18
2024-09-17 18:00:00,90,12,18
2024-09-17 19:00:00,93,8,8
2024-09-17 20:00:00,68,13,3
2024-09-17 21:00:00,76,8,4
2024-09-17 22:00:00,27,5,0
2024-09-17 23:00:00,13,5,1
2024-09-18 00:00:00,4,1,0
2024-09-18 01:00:00,5,0,1
2024-09-18 02:00:00,1,0,1
2024-09-18 03:00:00,2,2,3
2024-09-18 04:00:00,8,3,1
2024-09-18 05:00:00,38,12,5
2024-09-18 06:00:00,131,23,10
2024-09-18 07:00:00,262,21,31
2024-09-18 08:00:00,149,23,13
2024-09-18 09:00:00,162,12,1
2024-09-18 10:00:00,143,22,5
2024-09-18 11:00:00,344,25,16
2024-09-18 12:00:00,362,23,9
2024-09-18 13:00:00,135,16,9
2024-09-18 14:00:00,141,27,9
2024-09-18 15:00:00,173,28,13
2024-09-18 16:00:00,269,28,43
2024-09-18 17:00:00,154,23,14
2024-09-18 18:00:00,126,15,9
2024-09-18 19:00:00,94,14,6
2024-09-18 20:00:00,42,8,2
2024-09-18 21:00:00,69,15,3
2024-09-18 22:00:00,36,13,2
2024-09-18 23:00:00,15,5,0
2024-09-19 00:00:00,0,1,1
2024-09-19 01:00:00,2,2,1
2024-09-19 02:00:00,5,0,0
2024-09-19 03:00:00,6,1,2
2024-09-19 04:00:00,9,2,1
2024-09-19 05:00:00,37,12,4
2024-09-19 06:00:00,130,28,12
2024-09-19 07:00:00,258,22,33
2024-09-19 08:00:00,173,28,13
2024-09-19 09:00:00,137,12,6
2024-09-19 10:00:00,148,25,2
2024-09-19 11:00:00,284,16,2
2024-09-19 12:00:00,292,15,7
2024-09-19 13:00:00,162,16,11
2024-09-19 14:00:00,133,28,16
2024-09-19 15:00:00,199,35,22
2024-09-19 16:00:00,233,36,25
2024-09-19 17:00:00,135,24,18
2024-09-19 18:00:00,91,18,12
2024-09-19 19:00:00,103,20,5
2024-09-19 20:00:00,62,12,4
2024-09-19 21:00:00,69,22,4
2024-09-19 22:00:00,47,13,2
2024-09-19 23:00:00,11,7,0
2024-09-20 00:00:00,8,2,0
2024-09-20 01:00:00,6,5,0
2024-09-20 02:00:00,3,1,2
2024-09-20 03:00:00,4,1,2
2024-09-20 04:00:00,2,1,0
2024-09-20 05:00:00,22,8,3
2024-09-20 06:00:00,102,19,7
2024-09-20 07:00:00,179,22,18
2024-09-20 08:00:00,139,22,5
2024-09-20 09:00:00,162,15,3
2024-09-20 10:00:00,124,25,2
2024-09-20 11:00:00,259,22,3
2024-09-20 12:00:00,274,19,5
2024-09-20 13:00:00,126,21,10
2024-09-20 14:00:00,125,25,15
2024-09-20 15:00:00,151,34,12
2024-09-20 16:00:00,185,44,19
2024-09-20 17:00:00,148,27,12
2024-09-20 18:00:00,124,14,6
2024-09-20 19:00:00,91,21,4
2024-09-20 20:00:00,103,16,3
2024-09-20 21:00:00,117,21,3
2024-09-20 22:00:00,40,10,4
2024-09-20 23:00:00,28,5,2
2024-09-21 00:00:00,10,6,0
2024-09-21 01:00:00,13,2,1
2024-09-21 02:00:00,14,1,0
2024-09-21 03:00:00,11,1,1
2024-09-21 04:00:00,7,5,0
2024-09-21 05:00:00,15,6,3
2024-09-21 06:00:00,21,6,1
2024-09-21 07:00:00,37,9,4
2024-09-21 08:00:00,55,12,5
2024-09-21 09:00:00,86,10,11
2024-09-21 10:00:00,122,20,7
2024-09-21 11:00:00,119,17,4
2024-09-21 12:00:00,121,18,5
2024-09-21 13:00:00,84,20,0
2024-09-21 14:00:00,123,18,2
2024-09-21 15:00:00,124,20,7
2024-09-21 16:00:00,166,11,4
2024-09-21 17:00:00,137,26,6
2024-09-21 18:00:00,126,21,9
2024-09-21 19:00:00,127,9,3
2024-09-21 20:00:00,86,14,5
2024-09-21 21:00:00,80,12,6
2024-09-21 22:00:00,38,11,7
2024-09-21 23:00:00,36,12,2
2024-09-22 00:00:00,17,9,0
2024-09-22 01:00:00,16,5,0
2024-09-22 02:00:00,16,1,0
2024-09-22 03:00:00,5,1,0
2024-09-22 04:00:00,1,4,1
2024-09-22 05:00:00,2,1,2
2024-09-22 06:00:00,5,6,1
2024-09-22 07:00:00,19,6,1
2024-09-22 08:00:00,46,12,4
2024-09-22 09:00:00,43,8,3
2024-09-22 10:00:00,56,12,3
2024-09-22 11:00:00,90,16,7
2024-09-22 12:00:00,70,9,4
2024-09-22 13:00:00,88,20,3
2024-09-22 14:00:00,72,8,5
2024-09-22 15:00:00,57,23,1
2024-09-22 16:00:00,107,16,2
2024-09-22 17:00:00,95,11,4
2024-09-22 18:00:00,97,14,6
2024-09-22 19:00:00,74,10,3
2024-09-22 20:00:00,45,12,3
2024-09-22 21:00:00,44,6,3
2024-09-22 22:00:00,16,1,5
2024-09-22 23:00:00,14,5,2
2024-09-23 00:00:00,1,1,0
2024-09-23 01:00:00,0,1,1
2024-09-23 02:00:00,2,0,0
2024-09-23 03:00:00,6,2,4
2024-09-23 04:00:00,6,1,0
2024-09-23 05:00:00,26,12,5
2024-09-23 06:00:00,83,29,9
2024-09-23 07:00:00,207,20,22
2024-09-23 08:00:00,146,23,10
2024-09-23 09:00:00,90,18,6
2024-09-23 10:00:00,85,15,1
2024-09-23 11:00:00,290,20,8
2024-09-23 12:00:00,210,29,4
2024-09-23 13:00:00,111,16,6
2024-09-23 14:00:00,88,25,6
2024-09-23 15:00:00,138,30,7
2024-09-23 16:00:00,217,48,29
2024-09-23 17:00:00,123,25,9
2024-09-23 18:00:00,97,9,19
2024-09-23 19:00:00,62,13,3
2024-09-23 20:00:00,44,15,2
2024-09-23 21:00:00,39,11,8
2024-09-23 22:00:00,20,4,2
2024-09-23 23:00:00,5,2,2
2024-09-24 00:00:00,4,2,0
2024-09-24 01:00:00,3,0,0
2024-09-24 02:00:00,2,2,0
2024-09-24 03:00:00,0,3,2
2024-09-24 04:00:00,6,1,1
2024-09-24 05:00:00,42,19,10
2024-09-24 06:00:00,141,26,17
2024-09-24 07:00:00,272,24,25
2024-09-24 08:00:00,214,24,11
2024-09-24 09:00:00,149,18,3
2024-09-24 10:00:00,147,11,1
2024-09-24 11:00:00,386,25,4
2024-09-24 12:00:00,322,16,5
2024-09-24 13:00:00,160,18,8
2024-09-24 14:00:00,145,22,8
2024-09-24 15:00:00,196,33,24
2024-09-24 16:00:00,271,33,40
2024-09-24 17:00:00,154,28,26
2024-09-24 18:00:00,76,16,16
2024-09-24 19:00:00,75,9,6
2024-09-24 20:00:00,84,12,5
2024-09-24 21:00:00,71,12,3
2024-09-24 22:00:00,15,6,0
2024-09-24 23:00:00,3,2,0
2024-09-25 00:00:00,3,1,1
2024-09-25 01:00:00,0,1,1
2024-09-25 02:00:00,5,0,1
2024-09-25 03:00:00,2,2,3
2024-09-25 04:00:00,6,3,0
2024-09-25 05:00:00,46,14,9
2024-09-25 06:00:00,141,33,15
2024-09-25 07:00:00,267,25,31
2024-09-25 08:00:00,158,25,15
2024-09-25 09:00:00,111,20,3
2024-09-25 10:00:00,141,21,9
2024-09-25 11:00:00,340,15,9
2024-09-25 12:00:00,266,18,7
2024-09-25 13:00:00,131,20,10
2024-09-25 14:00:00,84,29,7
2024-09-25 15:00:00,131,40,10
2024-09-25 16:00:00,259,56,28
2024-09-25 17:00:00,158,31,12
2024-09-25 18:00:00,139,24,15
2024-09-25 19:00:00,80,11,7
2024-09-25 20:00:00,62,11,5
2024-09-25 21:00:00,86,7,4
2024-09-25 22:00:00,35,4,0
2024-09-25 23:00:00,7,4,1
2024-09-26 00:00:00,2,1,0
2024-09-26 01:00:00,4,1,0
2024-09-26 02:00:00,2,0,0
2024-09-26 03:00:00,1,0,3
2024-09-26 04:00:00,9,2,1
2024-09-26 05:00:00,41,16,5
2024-09-26 06:00:00,122,30,14
2024-09-26 07:00:00,290,29,25
2024-09-26 08:00:00,199,39,14
2024-09-26 09:00:00,134,17,7
2024-09-26 10:00:00,190,18,15
2024-09-26 11:00:00,364,23,12
2024-09-26 12:00:00,321,13,4
2024-09-26 13:00:00,146,15,4
2024-09-26 14:00:00,159,28,10
2024-09-26 15:00:00,189,24,21
2024-09-26 16:00:00,244,52,35
2024-09-26 17:00:00,175,28,22
2024-09-26 18:00:00,122,26,16
2024-09-26 19:00:00,96,14,10
2024-09-26 20:00:00,84,6,4
2024-09-26 21:00:00,62,6,4
2024-09-26 22:00:00,29,13,1
2024-09-26 23:00:00,7,7,1
2024-09-27 00:00:00,0,5,0
2024-09-27 01:00:00,1,1,0
2024-09-27 02:00:00,4,4,2
2024-09-27 03:00:00,1,0,3
2024-09-27 04:00:00,7,3,0
2024-09-27 05:00:00,14,15,4
2024-09-27 06:00:00,81,22,4
2024-09-27 07:00:00,186,23,24
2024-09-27 08:00:00,130,23,7
2024-09-27 09:00:00,122,24,0
2024-09-27 10:00:00,144,19,5
2024-09-27 11:00:00,296,24,2
2024-09-27 12:00:00,255,22,12
2024-09-27 13:00:00,131,17,11
2024-09-27 14:00:00,154,26,4
2024-09-27 15:00:00,168,37,9
2024-09-27 16:00:00,199,37,16
2024-09-27 17:00:00,169,24,15
2024-09-27 18:00:00,135,19,13
2024-09-27 19:00:00,99,21,9
2024-09-27 20:00:00,95,19,10
2024-09-27 21:00:00,84,15,2
2024-09-27 22:00:00,45,4,1
2024-09-27 23:00:00,28,5,0
2024-09-28 00:00:00,10,3,0
2024-09-28 01:00:00,8,0,1
2024-09-28 02:00:00,25,2,1
2024-09-28 03:00:00,10,3,1
2024-09-28 04:00:00,5,2,2
2024-09-28 05:00:00,12,3,1
2024-09-28 06:00:00,23,7,1
2024-09-28 07:00:00,29,3,1
2024-09-28 08:00:00,88,8,1
2024-09-28 09:00:00,122,9,3
2024-09-28 10:00:00,105,10,5
2024-09-28 11:00:00,151,10,9
2024-09-28 12:00:00,162,15,8
2024-09-28 13:00:00,151,13,7
2024-09-28 14:00:00,165,16,4
2024-09-28 15:00:00,126,9,9
2024-09-28 16:00:00,196,18,2
2024-09-28 17:00:00,150,19,4
2024-09-28 18:00:00,133,20,8
2024-09-28 19:00:00,101,14,7
2024-09-28 20:00:00,93,16,16
2024-09-28 21:00:00,124,15,4
2024-09-28 22:00:00,83,11,7
2024-09-28 23:00:00,41,4,5
2024-09-29 00:00:00,21,1,0
2024-09-29 01:00:00,9,3,2
2024-09-29 02:00:00,18,1,2
2024-09-29 03:00:00,12,0,0
2024-09-29 04:00:00,18,1,0
2024-09-29 05:00:00,16,3,2
2024-09-29 06:00:00,19,7,2
2024-09-29 07:00:00,33,7,2
2024-09-29 08:00:00,55,6,2
2024-09-29 09:00:00,70,8,2
2024-09-29 10:00:00,94,10,4
2024-09-29 11:00:00,82,17,2
2024-09-29 12:00:00,83,7,3
2024-09-29 13:00:00,63,12,1
2024-09-29 14:00:00,100,11,2
2024-09-29 15:00:00,92,13,10
2024-09-29 16:00:00,91,15,5
2024-09-29 17:00:00,45,18,5
2024-09-29 18:00:00,70,13,10
2024-09-29 19:00:00,28,7,3
2024-09-29 20:00:00,23,7,4
2024-09-29 21:00:00,13,6,4
2024-09-29 22:00:00,7,6,0
2024-09-29 23:00:00,2,7,0
2024-09-30 00:00:00,2,1,0
2024-09-30 01:00:00,1,1,0
2024-09-30 02:00:00,0,1,0
2024-09-30 03:00:00,1,2,1
2024-09-30 04:00:00,5,4,1
2024-09-30 05:00:00,28,12,8
2024-09-30 06:00:00,102,27,13
2024-09-30 07:00:00,229,22,23
2024-09-30 08:00:00,150,19,11
2024-09-30 09:00:00,97,16,6
2024-09-30 10:00:00,139,14,4
2024-09-30 11:00:00,267,15,7
2024-09-30 12:00:00,268,10,0
2024-09-30 13:00:00,120,20,5
2024-09-30 14:00:00,115,22,5
2024-09-30 15:00:00,150,40,14
2024-09-30 16:00:00,193,39,33
2024-09-30 17:00:00,132,36,11
2024-09-30 18:00:00,70,22,8
2024-09-30 19:00:00,66,11,7
2024-09-30 20:00:00,47,22,4
2024-09-30 21:00:00,47,7,5
2024-09-30 22:00:00,13,6,2
2024-09-30 23:00:00,7,7,1
2024-10-01 00:00:00,4,2,9
2024-10-01 01:00:00,3,5,0
2024-10-01 02:00:00,1,2,0
2024-10-01 03:00:00,1,1,0
2024-10-01 04:00:00,4,5,0
2024-10-01 05:00:00,28,17,8
2024-10-01 06:00:00,117,24,18
2024-10-01 07:00:00,236,12,36
2024-10-01 08:00:00,190,27,11
2024-10-01 09:00:00,134,20,0
2024-10-01 10:00:00,127,19,3
2024-10-01 11:00:00,319,14,10
2024-10-01 12:00:00,286,16,4
2024-10-01 13:00:00,143,20,8
2024-10-01 14:00:00,124,18,20
2024-10-01 15:00:00,154,34,19
2024-10-01 16:00:00,248,34,30
2024-10-01 17:00:00,131,31,20
2024-10-01 18:00:00,116,21,26
2024-10-01 19:00:00,97,14,6
2024-10-01 20:00:00,47,11,5
2024-10-01 21:00:00,48,6,3
2024-10-01 22:00:00,17,4,0
2024-10-01 23:00:00,7,8,1
2024-10-02 00:00:00,1,0,0
2024-10-02 01:00:00,4,1,0
2024-10-02 02:00:00,2,1,2
2024-10-02 03:00:00,1,2,2
2024-10-02 04:00:00,8,6,1
2024-10-02 05:00:00,28,10,11
2024-10-02 06:00:00,118,27,15
2024-10-02 07:00:00,247,21,23
2024-10-02 08:00:00,142,23,8
2024-10-02 09:00:00,124,14,5
2024-10-02 10:00:00,133,24,1
2024-10-02 11:00:00,353,24,10
2024-10-02 12:00:00,330,16,11
2024-10-02 13:00:00,118,18,5
2024-10-02 14:00:00,139,26,14
2024-10-02 15:00:00,194,41,17
2024-10-02 16:00:00,250,37,31
2024-10-02 17:00:00,140,32,23
2024-10-02 18:00:00,101,21,10
2024-10-02 19:00:00,78,12,6
2024-10-02 20:00:00,66,9,1
2024-10-02 21:00:00,39,15,1
2024-10-02 22:00:00,35,7,3
2024-10-02 23:00:00,8,4,1
2024-10-03 00:00:00,4,3,0
2024-10-03 01:00:00,2,1,1
2024-10-03 02:00:00,7,0,0
2024-10-03 03:00:00,0,2,0
2024-10-03 04:00:00,9,6,0
2024-10-03 05:00:00,28,16,8
2024-10-03 06:00:00,131,30,15
2024-10-03 07:00:00,283,27,28
2024-10-03 08:00:00,143,18,11
2024-10-03 09:00:00,133,14,11
2024-10-03 10:00:00,129,12,1
2024-10-03 11:00:00,357,18,5
2024-10-03 12:00:00,335,15,4
2024-10-03 13:00:00,148,11,12
2024-10-03 14:00:00,152,20,4
2024-10-03 15:00:00,181,46,26
2024-10-03 16:00:00,265,50,33
2024-10-03 17:00:00,175,30,15
2024-10-03 18:00:00,107,28,10
2024-10-03 19:00:00,98,21,7
2024-10-03 20:00:00,77,9,5
2024-10-03 21:00:00,50,14,6
2024-10-03 22:00:00,26,9,4
2024-10-03 23:00:00,7,3,1
2024-10-04 00:00:00,0,4,3
2024-10-04 01:00:00,6,1,0
2024-10-04 02:00:00,9,2,0
2024-10-04 03:00:00,5,1,2
2024-10-04 04:00:00,5,8,3
2024-10-04 05:00:00,36,10,6
2024-10-04 06:00:00,105,32,12
2024-10-04 07:00:00,175,12,17
2024-10-04 08:00:00,92,20,9
2024-10-04 09:00:00,171,16,6
2024-10-04 10:00:00,141,23,4
2024-10-04 11:00:00,284,22,5
2024-10-04 12:00:00,264,12,6
2024-10-04 13:00:00,158,24,10
2024-10-04 14:00:00,135,21,14
2024-10-04 15:00:00,215,41,11
2024-10-04 16:00:00,229,25,20
2024-10-04 17:00:00,174,26,5
2024-10-04 18:00:00,91,17,6
2024-10-04 19:00:00,89,18,8
2024-10-04 20:00:00,61,15,5
2024-10-04 21:00:00,76,14,4
2024-10-04 22:00:00,40,12,2
2024-10-04 23:00:00,14,10,3
2024-10-05 00:00:00,11,4,4
2024-10-05 01:00:00,12,4,0
2024-10-05 02:00:00,13,4,0
2024-10-05 03:00:00,3,0,2
2024-10-05 04:00:00,4,2,0
2024-10-05 05:00:00,12,2,0
2024-10-05 06:00:00,22,10,1
2024-10-05 07:00:00,50,2,1
2024-10-05 08:00:00,82,9,2
2024-10-05 09:00:00,91,6,7
2024-10-05 10:00:00,107,7,7
2024-10-05 11:00:00,121,19,7
2024-10-05 12:00:00,134,14,1
2024-10-05 13:00:00,131,10,5
2024-10-05 14:00:00,131,13,6
2024-10-05 15:00:00,135,25,7
2024-10-05 16:00:00,177,15,3
2024-10-05 17:00:00,118,22,10
2024-10-05 18:00:00,112,19,2
2024-10-05 19:00:00,91,11,3
2024-10-05 20:00:00,66,10,2
2024-10-05 21:00:00,52,19,7
2024-10-05 22:00:00,36,10,3
2024-10-05 23:00:00,26,11,2
2024-10-06 00:00:00,23,5,0
2024-10-06 01:00:00,12,1,2
2024-10-06 02:00:00,13,6,0
2024-10-06 03:00:00,4,1,0
2024-10-06 04:00:00,4,4,0
2024-10-06 05:00:00,7,1,1
2024-10-06 06:00:00,6,6,2
2024-10-06 07:00:00,29,5,0
2024-10-06 08:00:00,53,8,1
2024-10-06 09:00:00,87,14,6
2024-10-06 10:00:00,107,9,1
2024-10-06 11:00:00,116,12,5
2024-10-06 12:00:00,101,17,4
2024-10-06 13:00:00,105,11,7
2024-10-06 14:00:00,57,8,4
2024-10-06 15:00:00,80,12,3
2024-10-06 16:00:00,96,17,5
2024-10-06 17:00:00,79,14,8
2024-10-06 18:00:00,92,12,9
2024-10-06 19:00:00,40,7,8
2024-10-06 20:00:00,24,9,4
2024-10-06 21:00:00,34,8,2
2024-10-06 22:00:00,10,6,2
2024-10-06 23:00:00,4,2,0
2024-10-07 00:00:00,0,2,1
2024-10-07 01:00:00,0,0,0
2024-10-07 02:00:00,3,1,1
2024-10-07 03:00:00,1,2,2
2024-10-07 04:00:00,4,3,0
2024-10-07 05:00:00,29,12,11
2024-10-07 06:00:00,113,20,10
2024-10-07 07:00:00,217,18,21
2024-10-07 08:00:00,187,22,9
2024-10-07 09:00:00,126,14,3
2024-10-07 10:00:00,131,10,2
2024-10-07 11:00:00,363,19,12
2024-10-07 12:00:00,292,20,19
2024-10-07 13:00:00,127,17,16
2024-10-07 14:00:00,119,20,10
2024-10-07 15:00:00,166,30,15
2024-10-07 16:00:00,264,29,30
2024-10-07 17:00:00,185,24,19
2024-10-07 18:00:00,102,16,8
2024-10-07 19:00:00,71,10,8
2024-10-07 20:00:00,45,9,5
2024-10-07 21:00:00,29,10,2
2024-10-07 22:00:00,13,3,1
2024-10-07 23:00:00,3,3,0
2024-10-08 00:00:00,1,2,1
2024-10-08 01:00:00,1,1,0
2024-10-08 02:00:00,1,1,0
2024-10-08 03:00:00,2,4,2
2024-10-08 04:00:00,6,4,0
2024-10-08 05:00:00,34,16,3
2024-10-08 06:00:00,147,21,13
2024-10-08 07:00:00,261,24,29
2024-10-08 08:00:00,206,21,8
2024-10-08 09:00:00,108,25,4
2024-10-08 10:00:00,132,14,5
2024-10-08 11:00:00,293,21,10
2024-10-08 12:00:00,149,25,14
2024-10-08 13:00:00,103,20,9
2024-10-08 14:00:00,100,33,6
2024-10-08 15:00:00,185,40,10
2024-10-08 16:00:00,242,36,40
2024-10-08 17:00:00,136,35,17
2024-10-08 18:00:00,128,17,12
2024-10-08 19:00:00,88,20,5
2024-10-08 20:00:00,57,19,1
2024-10-08 21:00:00,31,9,4
2024-10-08 22:00:00,14,7,1
2024-10-08 23:00:00,4,4,2
2024-10-09 00:00:00,2,2,0
2024-10-09 01:00:00,1,1,0
2024-10-09 02:00:00,1,2,0
2024-10-09 03:00:00,1,2,0
2024-10-09 04:00:00,6,2,1
2024-10-09 05:00:00,30,18,6
2024-10-09 06:00:00,148,19,20
2024-10-09 07:00:00,260,17,35
2024-10-09 08:00:00,186,30,12
2024-10-09 09:00:00,169,11,3
2024-10-09 10:00:00,135,18,2
2024-10-09 11:00:00,361,13,5
2024-10-09 12:00:00,283,23,9
2024-10-09 13:00:00,125,27,11
2024-10-09 14:00:00,137,34,11
2024-10-09 15:00:00,168,37,12
2024-10-09 16:00:00,229,37,33
2024-10-09 17:00:00,170,34,11
2024-10-09 18:00:00,96,25,20
2024-10-09 19:00:00,90,20,9
2024-10-09 20:00:00,57,21,4
2024-10-09 21:00:00,39,23,10
2024-10-09 22:00:00,15,11,0
2024-10-09 23:00:00,7,2,0
2024-10-10 00:00:00,4,4,0
2024-10-10 01:00:00,2,0,1
2024-10-10 02:00:00,3,3,0
2024-10-10 03:00:00,1,3,2
2024-10-10 04:00:00,7,5,0
2024-10-10 05:00:00,27,20,7
2024-10-10 06:00:00,136,24,14
2024-10-10 07:00:00,238,24,25
2024-10-10 08:00:00,154,19,19
2024-10-10 09:00:00,140,17,3
2024-10-10 10:00:00,157,14,6
2024-10-10 11:00:00,338,19,9
2024-10-10 12:00:00,371,13,4
2024-10-10 13:00:00,136,21,8
2024-10-10 14:00:00,118,18,19
2024-10-10 15:00:00,186,32,17
2024-10-10 16:00:00,271,36,38
2024-10-10 17:00:00,172,22,16
2024-10-10 18:00:00,119,14,11
2024-10-10 19:00:00,61,8,7
2024-10-10 20:00:00,66,5,7
2024-10-10 21:00:00,56,11,5
2024-10-10 22:00:00,25,11,1
2024-10-10 23:00:00,10,4,0
2024-10-11 00:00:00,4,2,0
2024-10-11 01:00:00,5,1,1
2024-10-11 02:00:00,2,1,0
2024-10-11 03:00:00,2,1,2
2024-10-11 04:00:00,5,6,1
2024-10-11 05:00:00,24,18,7
2024-10-11 06:00:00,107,23,7
2024-10-11 07:00:00,176,25,15
2024-10-11 08:00:00,129,21,7
2024-10-11 09:00:00,108,14,4
2024-10-11 10:00:00,119,11,6
2024-10-11 11:00:00,214,22,5
2024-10-11 12:00:00,247,19,9
2024-10-11 13:00:00,168,22,8
2024-10-11 14:00:00,140,24,12
2024-10-11 15:00:00,168,31,3
2024-10-11 16:00:00,288,43,21
2024-10-11 17:00:00,166,38,16
2024-10-11 18:00:00,107,18,4
2024-10-11 19:00:00,84,15,3
2024-10-11 20:00:00,126,17,3
2024-10-11 21:00:00,112,20,7
2024-10-11 22:00:00,53,12,3
2024-10-11 23:00:00,27,5,1
2024-10-12 00:00:00,17,5,0
2024-10-12 01:00:00,5,0,0
2024-10-12 02:00:00,33,5,1
2024-10-12 03:00:00,7,3,2
2024-10-12 04:00:00,10,2,2
2024-10-12 05:00:00,16,2,2
2024-10-12 06:00:00,15,11,3
2024-10-12 07:00:00,33,4,3
2024-10-12 08:00:00,76,7,1
2024-10-12 09:00:00,126,11,0
2024-10-12 10:00:00,114,19,1
2024-10-12 11:00:00,161,8,1
2024-10-12 12:00:00,148,15,3
2024-10-12 13:00:00,159,9,6
2024-10-12 14:00:00,85,9,4
2024-10-12 15:00:00,169,19,2
2024-10-12 16:00:00,158,21,5
2024-10-12 17:00:00,140,26,10
2024-10-12 18:00:00,97,11,8
2024-10-12 19:00:00,67,15,3
2024-10-12 20:00:00,88,10,7
2024-10-12 21:00:00,84,10,3
2024-10-12 22:00:00,44,13,2
2024-10-12 23:00:00,15,6,2
2024-10-13 00:00:00,19,12,1
2024-10-13 01:00:00,4,2,2
2024-10-13 02:00:00,9,2,0
2024-10-13 03:00:00,3,1,1
2024-10-13 04:00:00,6,2,0
2024-10-13 05:00:00,8,4,2
2024-10-13 06:00:00,9,7,1
2024-10-13 07:00:00,21,4,0
2024-10-13 08:00:00,50,9,0
2024-10-13 09:00:00,59,10,4
2024-10-13 10:00:00,82,13,3
2024-10-13 11:00:00,93,8,5
2024-10-13 12:00:00,98,17,9
2024-10-13 13:00:00,101,17,4
2024-10-13 14:00:00,89,13,6
2024-10-13 15:00:00,100,17,2
2024-10-13 16:00:00,84,8,8
2024-10-13 17:00:00,109,19,7
2024-10-13 18:00:00,88,14,7
2024-10-13 19:00:00,47,4,7
2024-10-13 20:00:00,51,7,6
2024-10-13 21:00:00,28,6,2
2024-10-13 22:00:00,15,4,0
2024-10-13 23:00:00,8,3,0
2024-10-14 00:00:00,7,1,0
2024-10-14 01:00:00,1,2,0
2024-10-14 02:00:00,2,1,0
2024-10-14 03:00:00,1,2,2
2024-10-14 04:00:00,3,4,3
2024-10-14 05:00:00,23,17,7
2024-10-14 06:00:00,128,19,13
2024-10-14 07:00:00,230,24,20
2024-10-14 08:00:00,152,21,9
2024-10-14 09:00:00,106,9,3
2024-10-14 10:00:00,133,13,5
2024-10-14 11:00:00,319,17,4
2024-10-14 12:00:00,301,18,7
2024-10-14 13:00:00,118,19,8
2024-10-14 14:00:00,131,25,3
2024-10-14 15:00:00,158,32,6
2024-10-14 16:00:00,231,53,37
2024-10-14 17:00:00,127,22,19
2024-10-14 18:00:00,81,18,8
2024-10-14 19:00:00,53,18,8
2024-10-14 20:00:00,23,7,5
2024-10-14 21:00:00,54,15,4
2024-10-14 22:00:00,14,8,0
2024-10-14 23:00:00,5,4,1
2024-10-15 00:00:00,9,0,0
2024-10-15 01:00:00,0,3,2
2024-10-15 02:00:00,3,1,1
2024-10-15 03:00:00,1,4,2
2024-10-15 04:00:00,5,4,1
2024-10-15 05:00:00,39,17,4
2024-10-15 06:00:00,135,22,17
2024-10-15 07:00:00,292,19,29
2024-10-15 08:00:00,242,28,17
2024-10-15 09:00:00,145,6,1
2024-10-15 10:00:00,151,18,3
2024-10-15 11:00:00,384,23,11
2024-10-15 12:00:00,282,12,6
2024-10-15 13:00:00,147,19,13
2024-10-15 14:00:00,101,18,8
2024-10-15 15:00:00,195,35,17
2024-10-15 16:00:00,256,47,38
2024-10-15 17:00:00,158,37,34
2024-10-15 18:00:00,94,27,13
2024-10-15 19:00:00,56,17,10
2024-10-15 20:00:00,56,11,2
2024-10-15 21:00:00,50,11,3
2024-10-15 22:00:00,8,5,1
2024-10-15 23:00:00,6,6,2
2024-10-16 00:00:00,3,2,1
2024-10-16 01:00:00,1,1,0
2024-10-16 02:00:00,6,1,0
2024-10-16 03:00:00,2,4,2
2024-10-16 04:00:00,7,7,0
2024-10-16 05:00:00,32,17,10
2024-10-16 06:00:00,151,20,17
2024-10-16 07:00:00,243,17,23
2024-10-16 08:00:00,192,23,7
2024-10-16 09:00:00,116,21,5
2024-10-16 10:00:00,97,23,3
2024-10-16 11:00:00,359,28,7
2024-10-16 12:00:00,314,22,2
2024-10-16 13:00:00,152,24,8
2024-10-16 14:00:00,153,22,7
2024-10-16 15:00:00,212,52,7
2024-10-16 16:00:00,264,35,23
2024-10-16 17:00:00,160,43,29
2024-10-16 18:00:00,89,16,14
2024-10-16 19:00:00,57,26,10
2024-10-16 20:00:00,58,24,5
2024-10-16 21:00:00,58,18,0
2024-10-16 22:00:00,15,9,8
2024-10-16 23:00:00,4,2,2
2024-10-17 00:00:00,5,2,0
2024-10-17 01:00:00,0,4,0
2024-10-17 02:00:00,4,1,0
2024-10-17 03:00:00,2,3,2
2024-10-17 04:00:00,10,6,0
2024-10-17 05:00:00,30,17,9
2024-10-17 06:00:00,124,27,11
2024-10-17 07:00:00,251,16,40
2024-10-17 08:00:00,183,31,12
2024-10-17 09:00:00,129,18,6
2024-10-17 10:00:00,135,13,5
2024-10-17 11:00:00,339,17,10
2024-10-17 12:00:00,322,14,10
2024-10-17 13:00:00,119,34,19
2024-10-17 14:00:00,138,48,17
2024-10-17 15:00:00,185,36,15
2024-10-17 16:00:00,269,32,27
2024-10-17 17:00:00,160,30,18
2024-10-17 18:00:00,133,29,11
2024-10-17 19:00:00,89,14,9
2024-10-17 20:00:00,49,13,7
2024-10-17 21:00:00,46,11,4
2024-10-17 22:00:00,30,10,4
2024-10-17 23:00:00,8,3,2
2024-10-18 00:00:00,6,4,0
2024-10-18 01:00:00,5,1,1
2024-10-18 02:00:00,5,1,0
2024-10-18 03:00:00,2,2,0
2024-10-18 04:00:00,3,6,2
2024-10-18 05:00:00,36,14,8
2024-10-18 06:00:00,86,16,10
2024-10-18 07:00:00,184,18,17
2024-10-18 08:00:00,142,21,10
2024-10-18 09:00:00,131,15,0
2024-10-18 10:00:00,174,12,3
2024-10-18 11:00:00,273,32,8
2024-10-18 12:00:00,251,21,13
2024-10-18 13:00:00,127,25,13
2024-10-18 14:00:00,149,24,12
2024-10-18 15:00:00,180,35,13
2024-10-18 16:00:00,216,26,25
2024-10-18 17:00:00,124,25,18
2024-10-18 18:00:00,128,18,10
2024-10-18 19:00:00,61,10,9
2024-10-18 20:00:00,55,22,3
2024-10-18 21:00:00,64,13,5
2024-10-18 22:00:00,33,8,0
2024-10-18 23:00:00,39,9,1
2024-10-19 00:00:00,8,8,0
2024-10-19 01:00:00,5,2,0
2024-10-19 02:00:00,10,3,0
2024-10-19 03:00:00,3,3,0
2024-10-19 04:00:00,5,4,0
2024-10-19 05:00:00,8,5,1
2024-10-19 06:00:00,22,8,0
2024-10-19 07:00:00,30,5,0
2024-10-19 08:00:00,69,14,6
2024-10-19 09:00:00,108,12,4
2024-10-19 10:00:00,113,19,2
2024-10-19 11:00:00,131,11,4
2024-10-19 12:00:00,173,20,4
2024-10-19 13:00:00,109,15,3
2024-10-19 14:00:00,113,15,3
2024-10-19 15:00:00,149,21,5
2024-10-19 16:00:00,149,29,6
2024-10-19 17:00:00,141,13,4
2024-10-19 18:00:00,103,11,6
2024-10-19 19:00:00,70,19,2
2024-10-19 20:00:00,80,13,3
2024-10-19 21:00:00,117,9,2
2024-10-19 22:00:00,50,12,2
2024-10-19 23:00:00,14,7,0
2024-10-20 00:00:00,19,3,0
2024-10-20 01:00:00,19,9,2
2024-10-20 02:00:00,9,4,0
2024-10-20 03:00:00,12,2,2
2024-10-20 04:00:00,2,3,1
2024-10-20 05:00:00,5,4,1
2024-10-20 06:00:00,16,8,0
2024-10-20 07:00:00,33,6,3
2024-10-20 08:00:00,45,12,0
2024-10-20 09:00:00,110,9,0
2024-10-20 10:00:00,70,9,1
2024-10-20 11:00:00,89,17,2
2024-10-20 12:00:00,71,6,3
2024-10-20 13:00:00,109,9,4
2024-10-20 14:00:00,115,17,6
2024-10-20 15:00:00,82,13,1
2024-10-20 16:00:00,101,18,3
2024-10-20 17:00:00,81,10,15
2024-10-20 18:00:00,58,7,2
2024-10-20 19:00:00,42,7,5
2024-10-20 20:00:00,63,12,1
2024-10-20 21:00:00,46,7,4
2024-10-20 22:00:00,10,2,1
2024-10-20 23:00:00,5,6,0
2024-10-21 00:00:00,6,2,0
2024-10-21 01:00:00,5,3,0
2024-10-21 02:00:00,4,0,0
2024-10-21 03:00:00,1,1,2
2024-10-21 04:00:00,3,6,1
2024-10-21 05:00:00,32,13,6
2024-10-21 06:00:00,109,24,8
2024-10-21 07:00:00,216,18,13
2024-10-21 08:00:00,209,16,12
2024-10-21 09:00:00,121,7,4
2024-10-21 10:00:00,128,22,4
2024-10-21 11:00:00,335,19,5
2024-10-21 12:00:00,265,8,4
2024-10-21 13:00:00,127,11,3
2024-10-21 14:00:00,109,23,0
2024-10-21 15:00:00,164,33,13
2024-10-21 16:00:00,250,41,25
2024-10-21 17:00:00,137,31,13
2024-10-21 18:00:00,68,12,5
2024-10-21 19:00:00,73,14,8
2024-10-21 20:00:00,48,12,7
2024-10-21 21:00:00,43,8,1
2024-10-21 22:00:00,7,2,1
2024-10-21 23:00:00,11,3,0
2024-10-22 00:00:00,2,1,0
2024-10-22 01:00:00,4,4,2
2024-10-22 02:00:00,3,2,2
2024-10-22 03:00:00,1,4,2
2024-10-22 04:00:00,5,8,0
2024-10-22 05:00:00,32,15,6
2024-10-22 06:00:00,120,19,13
2024-10-22 07:00:00,251,22,30
2024-10-22 08:00:00,254,29,14
2024-10-22 09:00:00,123,16,3
2024-10-22 10:00:00,140,23,3
2024-10-22 11:00:00,352,23,17
2024-10-22 12:00:00,349,22,6
2024-10-22 13:00:00,170,18,5
2024-10-22 14:00:00,121,27,12
2024-10-22 15:00:00,164,37,8
2024-10-22 16:00:00,255,37,44
2024-10-22 17:00:00,116,32,21
2024-10-22 18:00:00,110,13,14
2024-10-22 19:00:00,70,20,10
2024-10-22 20:00:00,58,12,4
2024-10-22 21:00:00,45,8,4
2024-10-22 22:00:00,30,9,1
2024-10-22 23:00:00,7,2,1
2024-10-23 00:00:00,10,3,1
2024-10-23 01:00:00,0,1,0
2024-10-23 02:00:00,1,1,0
2024-10-23 03:00:00,3,4,2
2024-10-23 04:00:00,3,6,0
2024-10-23 05:00:00,35,14,2
2024-10-23 06:00:00,133,21,13
2024-10-23 07:00:00,242,18,30
2024-10-23 08:00:00,170,25,20
2024-10-23 09:00:00,116,19,5
2024-10-23 10:00:00,113,25,6
2024-10-23 11:00:00,355,23,5
2024-10-23 12:00:00,258,15,18
2024-10-23 13:00:00,125,16,9
2024-10-23 14:00:00,130,37,9
2024-10-23 15:00:00,165,40,14
2024-10-23 16:00:00,251,41,34
2024-10-23 17:00:00,142,34,25
2024-10-23 18:00:00,133,21,7
2024-10-23 19:00:00,93,24,4
2024-10-23 20:00:00,75,14,0
2024-10-23 21:00:00,67,9,6
2024-10-23 22:00:00,32,5,2
2024-10-23 23:00:00,10,2,2
2024-10-24 00:00:00,8,2,0
2024-10-24 01:00:00,0,2,1
2024-10-24 02:00:00,3,1,0
2024-10-24 03:00:00,1,3,2
2024-10-24 04:00:00,6,7,1
2024-10-24 05:00:00,32,16,11
2024-10-24 06:00:00,132,20,19
2024-10-24 07:00:00,238,22,38
2024-10-24 08:00:00,149,26,20
2024-10-24 09:00:00,138,19,5
2024-10-24 10:00:00,135,16,3
2024-10-24 11:00:00,343,25,9
2024-10-24 12:00:00,399,14,8
2024-10-24 13:00:00,129,18,12
2024-10-24 14:00:00,119,28,4
2024-10-24 15:00:00,159,32,18
2024-10-24 16:00:00,251,43,33
2024-10-24 17:00:00,171,31,17
2024-10-24 18:00:00,116,18,9
2024-10-24 19:00:00,72,17,6
2024-10-24 20:00:00,62,12,6
2024-10-24 21:00:00,59,16,1
2024-10-24 22:00:00,14,10,5
2024-10-24 23:00:00,8,11,1
2024-10-25 00:00:00,3,3,0
2024-10-25 01:00:00,3,1,0
2024-10-25 02:00:00,3,0,0
2024-10-25 03:00:00,2,2,3
2024-10-25 04:00:00,6,11,0
2024-10-25 05:00:00,43,12,3
2024-10-25 06:00:00,92,18,16
2024-10-25 07:00:00,157,27,7
2024-10-25 08:00:00,111,26,13
2024-10-25 09:00:00,112,20,0
2024-10-25 10:00:00,112,24,5
2024-10-25 11:00:00,303,25,3
2024-10-25 12:00:00,217,21,9
2024-10-25 13:00:00,140,31,11
2024-10-25 14:00:00,154,31,12
2024-10-25 15:00:00,199,49,17
2024-10-25 16:00:00,195,23,22
2024-10-25 17:00:00,160,29,19
2024-10-25 18:00:00,123,22,9
2024-10-25 19:00:00,105,16,5
2024-10-25 20:00:00,135,16,3
2024-10-25 21:00:00,138,25,9
2024-10-25 22:00:00,49,8,4
2024-10-25 23:00:00,22,9,1
2024-10-26 00:00:00,8,5,3
2024-10-26 01:00:00,22,4,0
2024-10-26 02:00:00,23,2,0
2024-10-26 03:00:00,26,8,1
2024-10-26 04:00:00,31,6,0
2024-10-26 05:00:00,22,6,3
2024-10-26 06:00:00,23,7,2
2024-10-26 07:00:00,58,8,1
2024-10-26 08:00:00,102,15,2
2024-10-26 09:00:00,127,9,2
2024-10-26 10:00:00,134,13,2
2024-10-26 11:00:00,183,22,1
2024-10-26 12:00:00,180,12,5
2024-10-26 13:00:00,163,18,6
2024-10-26 14:00:00,183,17,4
2024-10-26 15:00:00,209,15,6
2024-10-26 16:00:00,156,15,7
2024-10-26 17:00:00,137,19,14
2024-10-26 18:00:00,114,16,8
2024-10-26 19:00:00,99,18,2
2024-10-26 20:00:00,83,19,9
2024-10-26 21:00:00,80,14,0
2024-10-26 22:00:00,58,7,3
2024-10-26 23:00:00,26,7,0
2024-10-27 00:00:00,16,1,0
2024-10-27 01:00:00,5,3,2
2024-10-27 02:00:00,7,5,1
2024-10-27 03:00:00,9,2,0
2024-10-27 04:00:00,14,2,0
2024-10-27 05:00:00,3,4,0
2024-10-27 06:00:00,10,3,2
2024-10-27 07:00:00,27,9,1
2024-10-27 08:00:00,41,3,3
2024-10-27 09:00:00,50,4,0
2024-10-27 10:00:00,80,8,2
2024-10-27 11:00:00,121,19,1
2024-10-27 12:00:00,74,10,6
2024-10-27 13:00:00,101,41,7
2024-10-27 14:00:00,106,16,11
2024-10-27 15:00:00,88,12,1
2024-10-27 16:00:00,108,16,4
2024-10-27 17:00:00,122,13,6
2024-10-27 18:00:00,76,17,3
2024-10-27 19:00:00,77,10,4
2024-10-27 20:00:00,56,9,4
2024-10-27 21:00:00,46,9,2
2024-10-27 22:00:00,32,6,0
2024-10-27 23:00:00,14,6,2
2024-10-28 00:00:00,8,2,3
2024-10-28 01:00:00,5,4,0
2024-10-28 02:00:00,6,2,0
2024-10-28 03:00:00,0,1,0
2024-10-28 04:00:00,3,4,4
2024-10-28 05:00:00,6,5,1
2024-10-28 06:00:00,35,13,5
2024-10-28 07:00:00,110,20,12
2024-10-28 08:00:00,213,16,19
2024-10-28 09:00:00,123,12,8
2024-10-28 10:00:00,122,21,1
2024-10-28 11:00:00,154,15,6
2024-10-28 12:00:00,313,15,4
2024-10-28 13:00:00,295,16,2
2024-10-28 14:00:00,148,14,3
2024-10-28 15:00:00,110,29,7
2024-10-28 16:00:00,162,35,10
2024-10-28 17:00:00,251,29,31
2024-10-28 18:00:00,142,28,19
2024-10-28 19:00:00,108,13,7
2024-10-28 20:00:00,75,17,7
2024-10-28 21:00:00,60,18,3
2024-10-28 22:00:00,29,12,3
2024-10-28 23:00:00,22,7,6
2024-10-29 00:00:00,5,8,1
2024-10-29 01:00:00,8,1,0
2024-10-29 02:00:00,0,1,0
2024-10-29 03:00:00,1,0,0
2024-10-29 04:00:00,3,3,2
2024-10-29 05:00:00,4,7,1
2024-10-29 06:00:00,41,17,10
2024-10-29 07:00:00,123,18,17
2024-10-29 08:00:00,254,20,32
2024-10-29 09:00:00,215,10,4
2024-10-29 10:00:00,109,13,2
2024-10-29 11:00:00,152,12,2
2024-10-29 12:00:00,336,16,8
2024-10-29 13:00:00,321,22,11
2024-10-29 14:00:00,129,29,9
2024-10-29 15:00:00,135,15,12
2024-10-29 16:00:00,178,35,11
2024-10-29 17:00:00,273,45,46
2024-10-29 18:00:00,163,24,25
2024-10-29 19:00:00,107,18,8
2024-10-29 20:00:00,66,14,10
2024-10-29 21:00:00,78,11,5
2024-10-29 22:00:00,63,9,7
2024-10-29 23:00:00,21,8,0
2024-10-30 00:00:00,9,5,3
2024-10-30 01:00:00,1,0,1
2024-10-30 02:00:00,3,4,2
2024-10-30 03:00:00,2,2,0
2024-10-30 04:00:00,4,5,0
2024-10-30 05:00:00,8,6,0
2024-10-30 06:00:00,28,16,7
2024-10-30 07:00:00,114,26,14
2024-10-30 08:00:00,224,27,24
2024-10-30 09:00:00,135,17,13
2024-10-30 10:00:00,164,14,7
2024-10-30 11:00:00,156,15,2
2024-10-30 12:00:00,353,9,12
2024-10-30 13:00:00,330,21,9
2024-10-30 14:00:00,149,18,10
2024-10-30 15:00:00,184,34,13
2024-10-30 16:00:00,217,42,10
2024-10-30 17:00:00,280,40,34
2024-10-30 18:00:00,150,31,21
2024-10-30 19:00:00,112,15,17
2024-10-30 20:00:00,83,13,6
2024-10-30 21:00:00,67,15,6
2024-10-30 22:00:00,86,9,2
2024-10-30 23:00:00,29,12,3
2024-10-31 00:00:00,31,4,0
2024-10-31 01:00:00,10,4,2
2024-10-31 02:00:00,5,0,0
2024-10-31 03:00:00,7,0,0
2024-10-31 04:00:00,3,3,2
2024-10-31 05:00:00,5,6,1
2024-10-31 06:00:00,33,18,3
2024-10-31 07:00:00,114,26,11
2024-10-31 08:00:00,213,15,27
2024-10-31 09:00:00,136,23,13
2024-10-31 10:00:00,105,13,2
2024-10-31 11:00:00,135,21,6
2024-10-31 12:00:00,327,32,10
2024-10-31 13:00:00,268,25,5
2024-10-31 14:00:00,157,15,5
2024-10-31 15:00:00,128,18,8
2024-10-31 16:00:00,179,35,17
2024-10-31 17:00:00,217,38,36
2024-10-31 18:00:00,176,24,20
2024-10-31 19:00:00,109,18,10
2024-10-31 20:00:00,98,18,14
2024-10-31 21:00:00,83,17,5
2024-10-31 22:00:00,79,12,7
2024-10-31 23:00:00,51,11,3
2024-11-01 00:00:00,22,4,1
2024-11-01 01:00:00,6,1,2
2024-11-01 02:00:00,37,4,0
2024-11-01 03:00:00,42,4,0
2024-11-01 04:00:00,20,3,2
2024-11-01 05:00:00,7,8,0
2024-11-01 06:00:00,22,13,5
2024-11-01 07:00:00,99,18,7
2024-11-01 08:00:00,149,14,12
2024-11-01 09:00:00,137,12,11
2024-11-01 10:00:00,128,19,7
2024-11-01 11:00:00,165,17,3
2024-11-01 12:00:00,240,18,11
2024-11-01 13:00:00,253,21,8
2024-11-01 14:00:00,174,19,7
2024-11-01 15:00:00,165,30,4
2024-11-01 16:00:00,207,35,14
2024-11-01 17:00:00,219,31,21
2024-11-01 18:00:00,143,37,13
2024-11-01 19:00:00,118,21,6
2024-11-01 20:00:00,82,25,8
2024-11-01 21:00:00,65,17,2
2024-11-01 22:00:00,95,14,1
2024-11-01 23:00:00,78,13,4
2024-11-02 00:00:00,28,8,3
2024-11-02 01:00:00,8,3,1
2024-11-02 02:00:00,17,5,0
2024-11-02 03:00:00,13,3,0
2024-11-02 04:00:00,5,4,0
2024-11-02 05:00:00,9,7,2
2024-11-02 06:00:00,17,6,1
2024-11-02 07:00:00,22,4,1
2024-11-02 08:00:00,35,7,5
2024-11-02 09:00:00,72,8,1
2024-11-02 10:00:00,110,13,2
2024-11-02 11:00:00,139,10,1
2024-11-02 12:00:00,169,16,2
2024-11-02 13:00:00,165,11,3
2024-11-02 14:00:00,137,12,5
2024-11-02 15:00:00,137,11,5
2024-11-02 16:00:00,137,17,6
2024-11-02 17:00:00,184,21,12
2024-11-02 18:00:00,123,19,12
2024-11-02 19:00:00,114,14,8
2024-11-02 20:00:00,86,10,4
2024-11-02 21:00:00,103,13,1
2024-11-02 22:00:00,85,10,2
2024-11-02 23:00:00,68,12,3
2024-11-03 00:00:00,15,8,0
2024-11-03 01:00:00,17,3,4
2024-11-03 02:00:00,9,3,1
2024-11-03 03:00:00,12,4,1
2024-11-03 04:00:00,22,3,0
2024-11-03 05:00:00,6,2,0
2024-11-03 06:00:00,12,3,1
2024-11-03 07:00:00,7,6,0
2024-11-03 08:00:00,29,4,1
2024-11-03 09:00:00,53,12,0
2024-11-03 10:00:00,80,7,3
2024-11-03 11:00:00,96,10,0
2024-11-03 12:00:00,88,17,6
2024-11-03 13:00:00,88,14,5
2024-11-03 14:00:00,93,15,3
2024-11-03 15:00:00,86,8,7
2024-11-03 16:00:00,62,14,8
2024-11-03 17:00:00,101,19,5
2024-11-03 18:00:00,93,17,3
2024-11-03 19:00:00,70,13,6
2024-11-03 20:00:00,59,7,5
2024-11-03 21:00:00,31,11,1
2024-11-03 22:00:00,35,10,1
2024-11-03 23:00:00,23,7,0
2024-11-04 00:00:00,10,2,1
2024-11-04 01:00:00,2,2,0
2024-11-04 02:00:00,3,0,0
2024-11-04 03:00:00,1,1,0
2024-11-04 04:00:00,1,5,2
2024-11-04 05:00:00,4,3,0
2024-11-04 06:00:00,30,15,8
2024-11-04 07:00:00,122,19,10
2024-11-04 08:00:00,251,26,24
2024-11-04 09:00:00,159,23,7
2024-11-04 10:00:00,98,18,7
2024-11-04 11:00:00,128,20,3
2024-11-04 12:00:00,343,21,10
2024-11-04 13:00:00,267,17,4
2024-11-04 14:00:00,108,13,2
2024-11-04 15:00:00,115,21,5
2024-11-04 16:00:00,151,26,17
2024-11-04 17:00:00,229,38,21
2024-11-04 18:00:00,142,30,15
2024-11-04 19:00:00,85,17,9
2024-11-04 20:00:00,66,7,6
2024-11-04 21:00:00,64,11,6
2024-11-04 22:00:00,48,8,5
2024-11-04 23:00:00,13,5,1
2024-11-05 00:00:00,8,5,0
2024-11-05 01:00:00,2,1,1
2024-11-05 02:00:00,1,0,1
2024-11-05 03:00:00,3,1,1
2024-11-05 04:00:00,2,4,0
2024-11-05 05:00:00,6,5,0
2024-11-05 06:00:00,40,15,8
2024-11-05 07:00:00,125,16,12
2024-11-05 08:00:00,266,30,34
2024-11-05 09:00:00,184,30,13
2024-11-05 10:00:00,113,12,5
2024-11-05 11:00:00,133,19,5
2024-11-05 12:00:00,391,22,12
2024-11-05 13:00:00,300,17,8
2024-11-05 14:00:00,142,10,5
2024-11-05 15:00:00,133,26,9
2024-11-05 16:00:00,204,34,22
2024-11-05 17:00:00,262,51,48
2024-11-05 18:00:00,139,26,23
2024-11-05 19:00:00,90,20,17
2024-11-05 20:00:00,65,20,7
2024-11-05 21:00:00,69,12,0
2024-11-05 22:00:00,42,11,3
2024-11-05 23:00:00,24,6,2
2024-11-06 00:00:00,19,7,1
2024-11-06 01:00:00,5,1,0
2024-11-06 02:00:00,1,1,1
2024-11-06 03:00:00,4,0,0
2024-11-06 04:00:00,2,2,1
2024-11-06 05:00:00,6,5,0
2024-11-06 06:00:00,31,11,9
2024-11-06 07:00:00,147,20,9
2024-11-06 08:00:00,281,14,27
2024-11-06 09:00:00,169,28,14
2024-11-06 10:00:00,129,22,5
2024-11-06 11:00:00,142,22,9
2024-11-06 12:00:00,343,20,6
2024-11-06 13:00:00,266,16,9
2024-11-06 14:00:00,124,17,8
2024-11-06 15:00:00,126,21,9
2024-11-06 16:00:00,173,52,19
2024-11-06 17:00:00,245,45,45
2024-11-06 18:00:00,153,34,30
2024-11-06 19:00:00,116,29,8
2024-11-06 20:00:00,71,13,12
2024-11-06 21:00:00,53,17,8
2024-11-06 22:00:00,58,10,7
2024-11-06 23:00:00,40,13,2
2024-11-07 00:00:00,14,5,0
2024-11-07 01:00:00,3,4,1
2024-11-07 02:00:00,5,0,0
2024-11-07 03:00:00,3,0,0
2024-11-07 04:00:00,3,2,3
2024-11-07 05:00:00,6,6,1
2024-11-07 06:00:00,45,11,14
2024-11-07 07:00:00,158,26,14
2024-11-07 08:00:00,295,32,28
2024-11-07 09:00:00,155,25,16
2024-11-07 10:00:00,115,22,5
2024-11-07 11:00:00,112,15,3
2024-11-07 12:00:00,393,21,4
2024-11-07 13:00:00,383,19,9
2024-11-07 14:00:00,154,14,12
2024-11-07 15:00:00,108,18,5
2024-11-07 16:00:00,160,35,21
2024-11-07 17:00:00,287,42,44
2024-11-07 18:00:00,133,29,21
2024-11-07 19:00:00,79,16,7
2024-11-07 20:00:00,73,17,8
2024-11-07 21:00:00,53,23,12
2024-11-07 22:00:00,88,11,6
2024-11-07 23:00:00,25,12,2
2024-11-08 00:00:00,16,5,1
2024-11-08 01:00:00,7,3,0
2024-11-08 02:00:00,4,2,0
2024-11-08 03:00:00,1,2,0
2024-11-08 04:00:00,2,2,3
2024-11-08 05:00:00,2,6,1
2024-11-08 06:00:00,18,15,4
2024-11-08 07:00:00,109,27,7
2024-11-08 08:00:00,180,15,14
2024-11-08 09:00:00,116,36,6
2024-11-08 10:00:00,104,21,2
2024-11-08 11:00:00,126,27,8
2024-11-08 12:00:00,236,22,1
2024-11-08 13:00:00,236,20,9
2024-11-08 14:00:00,152,16,5
2024-11-08 15:00:00,148,17,5
2024-11-08 16:00:00,193,35,13
2024-11-08 17:00:00,207,41,19
2024-11-08 18:00:00,153,24,15
2024-11-08 19:00:00,86,14,6
2024-11-08 20:00:00,77,15,3
2024-11-08 21:00:00,116,16,11
2024-11-08 22:00:00,99,17,4
2024-11-08 23:00:00,49,12,3
2024-11-09 00:00:00,40,8,6
2024-11-09 01:00:00,25,6,1
2024-11-09 02:00:00,22,0,0
2024-11-09 03:00:00,13,1,0
2024-11-09 04:00:00,8,2,1
2024-11-09 05:00:00,9,2,1
2024-11-09 06:00:00,11,3,1
2024-11-09 07:00:00,18,11,3
2024-11-09 08:00:00,34,6,3
2024-11-09 09:00:00,91,17,2
2024-11-09 10:00:00,99,11,4
2024-11-09 11:00:00,134,13,0
2024-11-09 12:00:00,131,16,5
2024-11-09 13:00:00,138,13,2
2024-11-09 14:00:00,129,14,6
2024-11-09 15:00:00,151,16,7
2024-11-09 16:00:00,150,17,6
2024-11-09 17:00:00,159,14,5
2024-11-09 18:00:00,146,19,5
2024-11-09 19:00:00,143,16,3
2024-11-09 20:00:00,118,11,0
2024-11-09 21:00:00,100,16,4
2024-11-09 22:00:00,99,13,1
2024-11-09 23:00:00,44,8,2
2024-11-10 00:00:00,21,10,1
2024-11-10 01:00:00,18,9,4
2024-11-10 02:00:00,11,4,0
2024-11-10 03:00:00,9,0,0
2024-11-10 04:00:00,6,1,0
2024-11-10 05:00:00,3,4,0
2024-11-10 06:00:00,12,5,1
2024-11-10 07:00:00,10,3,1
2024-11-10 08:00:00,29,5,1
2024-11-10 09:00:00,44,11,1
2024-11-10 10:00:00,92,6,3
2024-11-10 11:00:00,118,7,5
2024-11-10 12:00:00,134,19,2
2024-11-10 13:00:00,135,12,4
2024-11-10 14:00:00,103,14,5
2024-11-10 15:00:00,135,8,6
2024-11-10 16:00:00,111,8,1
2024-11-10 17:00:00,112,16,6
2024-11-10 18:00:00,78,13,13
2024-11-10 19:00:00,73,11,10
2024-11-10 20:00:00,63,9,1
2024-11-10 21:00:00,43,6,4
2024-11-10 22:00:00,47,9,3
2024-11-10 23:00:00,18,4,0
2024-11-11 00:00:00,3,2,0
2024-11-11 01:00:00,3,3,1
2024-11-11 02:00:00,0,1,0
2024-11-11 03:00:00,2,1,0
2024-11-11 04:00:00,1,0,3
2024-11-11 05:00:00,5,3,1
2024-11-11 06:00:00,37,17,11
2024-11-11 07:00:00,105,18,11
2024-11-11 08:00:00,256,28,30
2024-11-11 09:00:00,144,26,13
2024-11-11 10:00:00,138,12,4
2024-11-11 11:00:00,135,19,1
2024-11-11 12:00:00,368,13,2
2024-11-11 13:00:00,334,19,10
2024-11-11 14:00:00,144,12,8
2024-11-11 15:00:00,131,23,8
2024-11-11 16:00:00,154,34,17
2024-11-11 17:00:00,258,42,29
2024-11-11 18:00:00,170,27,18
2024-11-11 19:00:00,94,13,12
2024-11-11 20:00:00,74,14,6
2024-11-11 21:00:00,69,11,3
2024-11-11 22:00:00,62,15,6
2024-11-11 23:00:00,16,5,1
2024-11-12 00:00:00,5,5,1
2024-11-12 01:00:00,1,1,0
2024-11-12 02:00:00,2,1,0
2024-11-12 03:00:00,1,1,1
2024-11-12 04:00:00,2,3,4
2024-11-12 05:00:00,12,6,0
2024-11-12 06:00:00,36,16,10
2024-11-12 07:00:00,160,20,19
2024-11-12 08:00:00,302,12,34
2024-11-12 09:00:00,185,36,12
2024-11-12 10:00:00,107,23,4
2024-11-12 11:00:00,146,16,3
2024-11-12 12:00:00,359,17,2
2024-11-12 13:00:00,327,21,6
2024-11-12 14:00:00,123,24,5
2024-11-12 15:00:00,131,27,5
2024-11-12 16:00:00,169,39,22
2024-11-12 17:00:00,266,36,42
2024-11-12 18:00:00,153,37,27
2024-11-12 19:00:00,92,16,11
2024-11-12 20:00:00,73,13,14
2024-11-12 21:00:00,50,11,6
2024-11-12 22:00:00,64,11,4
2024-11-12 23:00:00,22,7,1
2024-11-13 00:00:00,7,4,0
2024-11-13 01:00:00,6,1,0
2024-11-13 02:00:00,3,2,0
2024-11-13 03:00:00,0,0,0
2024-11-13 04:00:00,3,0,0
2024-11-13 05:00:00,4,7,0
2024-11-13 06:00:00,28,12,8
2024-11-13 07:00:00,126,26,11
2024-11-13 08:00:00,271,20,28
2024-11-13 09:00:00,161,23,22
2024-11-13 10:00:00,147,26,9
2024-11-13 11:00:00,149,14,11
2024-11-13 12:00:00,366,18,11
2024-11-13 13:00:00,339,12,11
2024-11-13 14:00:00,156,27,11
2024-11-13 15:00:00,169,32,10
2024-11-13 16:00:00,178,38,17
2024-11-13 17:00:00,275,36,39
2024-11-13 18:00:00,177,25,19
2024-11-13 19:00:00,94,15,7
2024-11-13 20:00:00,93,13,6
2024-11-13 21:00:00,91,15,4
2024-11-13 22:00:00,65,9,7
2024-11-13 23:00:00,29,8,2
2024-11-14 00:00:00,13,7,1
2024-11-14 01:00:00,5,2,0
2024-11-14 02:00:00,1,0,1
2024-11-14 03:00:00,3,2,0
2024-11-14 04:00:00,1,3,3
2024-11-14 05:00:00,3,5,0
2024-11-14 06:00:00,41,11,12
2024-11-14 07:00:00,144,32,13
2024-11-14 08:00:00,272,19,34
2024-11-14 09:00:00,183,26,16
2024-11-14 10:00:00,160,14,4
2024-11-14 11:00:00,144,21,11
2024-11-14 12:00:00,476,20,5
2024-11-14 13:00:00,387,19,6
2024-11-14 14:00:00,135,23,13
2024-11-14 15:00:00,149,20,15
2024-11-14 16:00:00,203,52,17
2024-11-14 17:00:00,297,43,37
2024-11-14 18:00:00,184,24,9
2024-11-14 19:00:00,103,17,9
2024-11-14 20:00:00,92,18,7
2024-11-14 21:00:00,83,17,7
2024-11-14 22:00:00,64,15,13
2024-11-14 23:00:00,44,12,2
2024-11-15 00:00:00,11,4,0
2024-11-15 01:00:00,2,3,0
2024-11-15 02:00:00,2,1,1
2024-11-15 03:00:00,1,3,0
2024-11-15 04:00:00,1,3,2
2024-11-15 05:00:00,1,5,0
2024-11-15 06:00:00,20,7,2
2024-11-15 07:00:00,104,19,7
2024-11-15 08:00:00,173,19,16
2024-11-15 09:00:00,139,16,8
2024-11-15 10:00:00,139,14,1
2024-11-15 11:00:00,123,19,6
2024-11-15 12:00:00,273,26,14
2024-11-15 13:00:00,218,28,7
2024-11-15 14:00:00,134,21,10
2024-11-15 15:00:00,142,32,4
2024-11-15 16:00:00,210,22,17
2024-11-15 17:00:00,202,42,25
2024-11-15 18:00:00,161,40,15
2024-11-15 19:00:00,143,22,12
2024-11-15 20:00:00,99,19,3
2024-11-15 21:00:00,104,12,6
2024-11-15 22:00:00,93,13,5
2024-11-15 23:00:00,58,7,2
2024-11-16 00:00:00,30,7,0
2024-11-16 01:00:00,11,3,1
2024-11-16 02:00:00,6,2,0
2024-11-16 03:00:00,8,4,1
2024-11-16 04:00:00,16,2,0
2024-11-16 05:00:00,10,4,0
2024-11-16 06:00:00,21,1,3
2024-11-16 07:00:00,23,5,2
2024-11-16 08:00:00,36,5,2
2024-11-16 09:00:00,80,18,1
2024-11-16 10:00:00,106,8,2
2024-11-16 11:00:00,148,12,5
2024-11-16 12:00:00,196,17,5
2024-11-16 13:00:00,169,14,4
2024-11-16 14:00:00,136,16,6
2024-11-16 15:00:00,150,7,4
2024-11-16 16:00:00,174,16,13
2024-11-16 17:00:00,149,25,15
2024-11-16 18:00:00,153,14,6
2024-11-16 19:00:00,134,18,5
2024-11-16 20:00:00,110,15,5
2024-11-16 21:00:00,106,14,1
2024-11-16 22:00:00,108,4,7
2024-11-16 23:00:00,72,12,3
2024-11-17 00:00:00,32,7,1
2024-11-17 01:00:00,13,2,1
2024-11-17 02:00:00,8,5,0
2024-11-17 03:00:00,8,2,0
2024-11-17 04:00:00,5,0,0
2024-11-17 05:00:00,9,6,0
2024-11-17 06:00:00,9,2,1
2024-11-17 07:00:00,13,6,0
2024-11-17 08:00:00,19,7,2
2024-11-17 09:00:00,48,8,0
2024-11-17 10:00:00,109,14,1
2024-11-17 11:00:00,99,12,6
2024-11-17 12:00:00,106,17,2
2024-11-17 13:00:00,96,14,5
2024-11-17 14:00:00,110,11,8
2024-11-17 15:00:00,114,7,5
2024-11-17 16:00:00,122,16,4
2024-11-17 17:00:00,125,16,3
2024-11-17 18:00:00,61,8,5
2024-11-17 19:00:00,50,12,6
2024-11-17 20:00:00,59,7,2
2024-11-17 21:00:00,26,6,0
2024-11-17 22:00:00,46,3,5
2024-11-17 23:00:00,17,2,1
2024-11-18 00:00:00,5,1,0
2024-11-18 01:00:00,0,5,0
2024-11-18 02:00:00,0,0,0
2024-11-18 03:00:00,1,1,0
2024-11-18 04:00:00,0,1,2
2024-11-18 05:00:00,2,4,1
2024-11-18 06:00:00,31,20,10
2024-11-18 07:00:00,96,14,11
2024-11-18 08:00:00,246,20,33
2024-11-18 09:00:00,201,30,14
2024-11-18 10:00:00,166,18,6
2024-11-18 11:00:00,147,19,3
2024-11-18 12:00:00,338,24,4
2024-11-18 13:00:00,283,22,6
2024-11-18 14:00:00,93,13,4
2024-11-18 15:00:00,101,24,6
2024-11-18 16:00:00,131,28,27
2024-11-18 17:00:00,237,42,39
2024-11-18 18:00:00,109,26,14
2024-11-18 19:00:00,86,20,8
2024-11-18 20:00:00,49,12,2
2024-11-18 21:00:00,51,16,5
2024-11-18 22:00:00,36,10,4
2024-11-18 23:00:00,16,9,1
2024-11-19 00:00:00,5,5,1
2024-11-19 01:00:00,2,1,0
2024-11-19 02:00:00,1,1,0
2024-11-19 03:00:00,7,1,0
2024-11-19 04:00:00,0,1,2
2024-11-19 05:00:00,5,5,1
2024-11-19 06:00:00,23,21,4
2024-11-19 07:00:00,133,18,17
2024-11-19 08:00:00,311,18,28
2024-11-19 09:00:00,208,43,10
2024-11-19 10:00:00,92,21,7
2024-11-19 11:00:00,153,26,5
2024-11-19 12:00:00,363,31,8
2024-11-19 13:00:00,313,18,11
2024-11-19 14:00:00,147,22,9
2024-11-19 15:00:00,165,19,8
2024-11-19 16:00:00,221,42,39
2024-11-19 17:00:00,291,41,39
2024-11-19 18:00:00,171,25,27
2024-11-19 19:00:00,97,34,16
2024-11-19 20:00:00,67,26,7
2024-11-19 21:00:00,69,6,6
2024-11-19 22:00:00,53,5,2
2024-11-19 23:00:00,15,7,3
2024-11-20 00:00:00,6,6,1
2024-11-20 01:00:00,1,3,0
2024-11-20 02:00:00,3,3,0
2024-11-20 03:00:00,2,0,0
2024-11-20 04:00:00,3,1,2
2024-11-20 05:00:00,4,6,1
2024-11-20 06:00:00,33,15,9
2024-11-20 07:00:00,130,23,14
2024-11-20 08:00:00,272,22,19
2024-11-20 09:00:00,176,31,15
2024-11-20 10:00:00,138,28,2
2024-11-20 11:00:00,139,18,5
2024-11-20 12:00:00,327,26,8
2024-11-20 13:00:00,281,18,7
2024-11-20 14:00:00,152,24,14
2024-11-20 15:00:00,132,35,6
2024-11-20 16:00:00,165,41,21
2024-11-20 17:00:00,294,45,21
2024-11-20 18:00:00,123,38,17
2024-11-20 19:00:00,87,17,11
2024-11-20 20:00:00,75,16,4
2024-11-20 21:00:00,63,12,4
2024-11-20 22:00:00,59,14,2
2024-11-20 23:00:00,41,9,2
2024-11-21 00:00:00,3,7,0
2024-11-21 01:00:00,0,4,0
2024-11-21 02:00:00,2,1,0
2024-11-21 03:00:00,2,1,1
2024-11-21 04:00:00,1,2,2
2024-11-21 05:00:00,8,5,1
2024-11-21 06:00:00,53,18,3
2024-11-21 07:00:00,110,30,7
2024-11-21 08:00:00,234,30,21
2024-11-21 09:00:00,185,30,17
2024-11-21 10:00:00,126,19,7
2024-11-21 11:00:00,160,33,8
2024-11-21 12:00:00,392,27,11
2024-11-21 13:00:00,317,19,13
2024-11-21 14:00:00,137,26,7
2024-11-21 15:00:00,127,27,3
2024-11-21 16:00:00,174,42,17
2024-11-21 17:00:00,266,43,31
2024-11-21 18:00:00,140,29,16
2024-11-21 19:00:00,102,21,6
2024-11-21 20:00:00,73,23,5
2024-11-21 21:00:00,58,13,3
2024-11-21 22:00:00,76,7,6
2024-11-21 23:00:00,36,7,4
2024-11-22 00:00:00,8,4,1
2024-11-22 01:00:00,7,4,0
2024-11-22 02:00:00,2,0,0
2024-11-22 03:00:00,2,0,0
2024-11-22 04:00:00,2,1,4
2024-11-22 05:00:00,4,8,0
2024-11-22 06:00:00,30,9,3
2024-11-22 07:00:00,67,30,6
2024-11-22 08:00:00,155,18,11
2024-11-22 09:00:00,147,19,11
2024-11-22 10:00:00,123,20,2
2024-11-22 11:00:00,122,24,27
2024-11-22 12:00:00,281,30,9
2024-11-22 13:00:00,248,22,10
2024-11-22 14:00:00,164,16,3
2024-11-22 15:00:00,176,19,6
2024-11-22 16:00:00,168,43,12
2024-11-22 17:00:00,193,45,23
2024-11-22 18:00:00,140,31,14
2024-11-22 19:00:00,105,19,8
2024-11-22 20:00:00,80,29,4
2024-11-22 21:00:00,68,22,2
2024-11-22 22:00:00,102,20,1
2024-11-22 23:00:00,53,7,1
2024-11-23 00:00:00,27,6,1
2024-11-23 01:00:00,9,1,0
2024-11-23 02:00:00,6,5,0
2024-11-23 03:00:00,3,5,0
2024-11-23 04:00:00,2,1,1
2024-11-23 05:00:00,2,3,0
2024-11-23 06:00:00,7,5,3
2024-11-23 07:00:00,20,6,2
2024-11-23 08:00:00,32,9,1
2024-11-23 09:00:00,61,12,2
2024-11-23 10:00:00,122,14,1
2024-11-23 11:00:00,112,14,5
2024-11-23 12:00:00,125,19,1
2024-11-23 13:00:00,114,21,4
2024-11-23 14:00:00,66,30,6
2024-11-23 15:00:00,99,38,2
2024-11-23 16:00:00,97,23,4
2024-11-23 17:00:00,120,16,4
2024-11-23 18:00:00,109,19,2
2024-11-23 19:00:00,111,15,4
2024-11-23 20:00:00,122,15,5
2024-11-23 21:00:00,63,10,1
2024-11-23 22:00:00,39,20,6
2024-11-23 23:00:00,31,11,2
2024-11-24 00:00:00,21,4,0
2024-11-24 01:00:00,3,4,0
2024-11-24 02:00:00,4,4,0
2024-11-24 03:00:00,5,5,1
2024-11-24 04:00:00,4,3,0
2024-11-24 05:00:00,0,3,0
2024-11-24 06:00:00,9,4,0
2024-11-24 07:00:00,13,6,1
2024-11-24 08:00:00,23,0,0
2024-11-24 09:00:00,45,11,4
2024-11-24 10:00:00,44,6,0
2024-11-24 11:00:00,43,12,0
2024-11-24 12:00:00,72,14,2
2024-11-24 13:00:00,61,15,0
2024-11-24 14:00:00,67,18,6
2024-11-24 15:00:00,72,30,4
2024-11-24 16:00:00,50,16,2
2024-11-24 17:00:00,66,14,3
2024-11-24 18:00:00,64,14,5
2024-11-24 19:00:00,62,9,9
2024-11-24 20:00:00,67,13,7
2024-11-24 21:00:00,40,14,1
2024-11-24 22:00:00,43,4,4
2024-11-24 23:00:00,18,5,3
2024-11-25 00:00:00,9,5,0
2024-11-25 01:00:00,4,2,0
2024-11-25 02:00:00,4,0,0
2024-11-25 03:00:00,1,0,0
2024-11-25 04:00:00,5,2,2
2024-11-25 05:00:00,5,5,1
2024-11-25 06:00:00,35,13,10
2024-11-25 07:00:00,80,18,10
2024-11-25 08:00:00,182,21,24
2024-11-25 09:00:00,149,38,9
2024-11-25 10:00:00,148,20,5
2024-11-25 11:00:00,134,16,22
2024-11-25 12:00:00,304,18,11
2024-11-25 13:00:00,265,15,10
2024-11-25 14:00:00,104,18,3
2024-11-25 15:00:00,78,20,11
2024-11-25 16:00:00,170,31,20
2024-11-25 17:00:00,208,49,28
2024-11-25 18:00:00,130,34,15
2024-11-25 19:00:00,84,19,6
2024-11-25 20:00:00,60,15,8
2024-11-25 21:00:00,47,8,5
2024-11-25 22:00:00,47,5,5
2024-11-25 23:00:00,22,3,2
2024-11-26 00:00:00,7,2,0
2024-11-26 01:00:00,1,1,1
2024-11-26 02:00:00,3,0,0
2024-11-26 03:00:00,1,1,0
2024-11-26 04:00:00,2,2,2
2024-11-26 05:00:00,5,5,0
2024-11-26 06:00:00,29,11,8
2024-11-26 07:00:00,135,22,13
2024-11-26 08:00:00,236,20,29
2024-11-26 09:00:00,209,25,23
2024-11-26 10:00:00,123,28,12
2024-11-26 11:00:00,122,25,22
2024-11-26 12:00:00,100,8,3
2024-11-26 13:00:00,255,16,5
2024-11-26 14:00:00,129,19,7
2024-11-26 15:00:00,109,35,4
2024-11-26 16:00:00,199,37,13
2024-11-26 17:00:00,270,43,37
2024-11-26 18:00:00,142,29,24
2024-11-26 19:00:00,108,26,16
2024-11-26 20:00:00,69,10,12
2024-11-26 21:00:00,69,8,3
2024-11-26 22:00:00,49,12,8
2024-11-26 23:00:00,15,6,6
2024-11-27 00:00:00,4,4,1
2024-11-27 01:00:00,1,2,1
2024-11-27 02:00:00,5,1,0
2024-11-27 03:00:00,1,0,0
2024-11-27 04:00:00,1,3,1
2024-11-27 05:00:00,8,4,1
2024-11-27 06:00:00,24,14,5
2024-11-27 07:00:00,142,27,11
2024-11-27 08:00:00,259,17,24
2024-11-27 09:00:00,167,35,13
2024-11-27 10:00:00,159,20,3
2024-11-27 11:00:00,113,11,5
2024-11-27 12:00:00,349,17,8
2024-11-27 13:00:00,333,24,4
2024-11-27 14:00:00,137,20,8
2024-11-27 15:00:00,132,22,6
2024-11-27 16:00:00,170,49,12
2024-11-27 17:00:00,291,34,31
2024-11-27 18:00:00,153,39,22
2024-11-27 19:00:00,95,13,13
2024-11-27 20:00:00,67,26,6
2024-11-27 21:00:00,59,16,5
2024-11-27 22:00:00,84,16,6
2024-11-27 23:00:00,29,13,0
2024-11-28 00:00:00,8,6,1
2024-11-28 01:00:00,5,4,0
2024-11-28 02:00:00,3,1,0
2024-11-28 03:00:00,3,0,0
2024-11-28 04:00:00,4,0,2
2024-11-28 05:00:00,5,4,0
2024-11-28 06:00:00,27,14,6
2024-11-28 07:00:00,105,17,6
2024-11-28 08:00:00,233,20,16
2024-11-28 09:00:00,142,32,18
2024-11-28 10:00:00,123,30,3
2024-11-28 11:00:00,130,11,1
2024-11-28 12:00:00,318,15,6
2024-11-28 13:00:00,277,23,6
2024-11-28 14:00:00,141,24,8
2024-11-28 15:00:00,105,28,5
2024-11-28 16:00:00,176,50,25
2024-11-28 17:00:00,254,47,33
2024-11-28 18:00:00,184,30,15
2024-11-28 19:00:00,93,19,11
2024-11-28 20:00:00,99,21,7
2024-11-28 21:00:00,71,15,9
2024-11-28 22:00:00,84,12,9
2024-11-28 23:00:00,36,9,5
2024-11-29 00:00:00,18,3,2
2024-11-29 01:00:00,5,5,1
2024-11-29 02:00:00,5,1,0
2024-11-29 03:00:00,3,2,1
2024-11-29 04:00:00,1,1,1
2024-11-29 05:00:00,9,2,0
2024-11-29 06:00:00,29,14,5
2024-11-29 07:00:00,90,22,13
2024-11-29 08:00:00,132,13,17
2024-11-29 09:00:00,137,24,12
2024-11-29 10:00:00,136,17,3
2024-11-29 11:00:00,151,25,4
2024-11-29 12:00:00,275,21,9
2024-11-29 13:00:00,205,26,8
2024-11-29 14:00:00,146,29,18
2024-11-29 15:00:00,123,27,19
2024-11-29 16:00:00,189,41,30
2024-11-29 17:00:00,203,31,19
2024-11-29 18:00:00,159,26,9
2024-11-29 19:00:00,100,15,13
2024-11-29 20:00:00,108,13,5
2024-11-29 21:00:00,82,13,6
2024-11-29 22:00:00,91,22,5
2024-11-29 23:00:00,50,9,6
2024-11-30 00:00:00,31,8,1
2024-11-30 01:00:00,12,8,1
2024-11-30 02:00:00,10,9,0
2024-11-30 03:00:00,11,4,2
2024-11-30 04:00:00,5,2,1
2024-11-30 05:00:00,6,2,0
2024-11-30 06:00:00,11,3,7
2024-11-30 07:00:00,14,8,4
2024-11-30 08:00:00,43,5,2
2024-11-30 09:00:00,74,12,5
2024-11-30 10:00:00,147,10,0
2024-11-30 11:00:00,148,19,7
2024-11-30 12:00:00,188,19,3
2024-11-30 13:00:00,158,14,6
2024-11-30 14:00:00,157,22,9
2024-11-30 15:00:00,146,10,6
2024-11-30 16:00:00,156,29,12
2024-11-30 17:00:00,148,30,8
2024-11-30 18:00:00,123,19,12
2024-11-30 19:00:00,144,13,9
2024-11-30 20:00:00,91,19,2
2024-11-30 21:00:00,81,11,7
2024-11-30 22:00:00,108,16,10
2024-11-30 23:00:00,53,10,6
2024-12-01 00:00:00,31,11,0
2024-12-01 01:00:00,9,4,2
2024-12-01 02:00:00,14,1,2
2024-12-01 03:00:00,16,3,2
2024-12-01 04:00:00,2,3,0
2024-12-01 05:00:00,1,4,2
2024-12-01 06:00:00,9,0,2
2024-12-01 07:00:00,11,4,5
2024-12-01 08:00:00,24,2,2
2024-12-01 09:00:00,57,14,1
2024-12-01 10:00:00,87,11,0
2024-12-01 11:00:00,128,10,4
2024-12-01 12:00:00,87,14,6
2024-12-01 13:00:00,102,20,9
2024-12-01 14:00:00,79,18,8
2024-12-01 15:00:00,88,12,8
2024-12-01 16:00:00,103,12,11
2024-12-01 17:00:00,102,15,5
2024-12-01 18:00:00,63,13,7
2024-12-01 19:00:00,86,8,10
2024-12-01 20:00:00,71,6,3
2024-12-01 21:00:00,41,5,2
2024-12-01 22:00:00,37,8,4
2024-12-01 23:00:00,11,4,2
2024-12-02 00:00:00,9,4,2
2024-12-02 01:00:00,0,3,2
2024-12-02 02:00:00,3,1,0
2024-12-02 03:00:00,2,2,0
2024-12-02 04:00:00,1,2,2
2024-12-02 05:00:00,2,5,0
2024-12-02 06:00:00,35,10,6
2024-12-02 07:00:00,88,14,11
2024-12-02 08:00:00,240,16,37
2024-12-02 09:00:00,160,20,19
2024-12-02 10:00:00,139,15,7
2024-12-02 11:00:00,129,21,3
2024-12-02 12:00:00,317,12,14
2024-12-02 13:00:00,272,14,12
2024-12-02 14:00:00,113,25,10
2024-12-02 15:00:00,133,19,18
2024-12-02 16:00:00,170,19,23
2024-12-02 17:00:00,233,34,29
2024-12-02 18:00:00,113,27,14
2024-12-02 19:00:00,91,10,9
2024-12-02 20:00:00,41,15,8
2024-12-02 21:00:00,44,8,9
2024-12-02 22:00:00,62,7,9
2024-12-02 23:00:00,31,8,0
2024-12-03 00:00:00,13,4,0
2024-12-03 01:00:00,9,1,0
2024-12-03 02:00:00,1,0,0
2024-12-03 03:00:00,2,2,0
2024-12-03 04:00:00,2,2,2
2024-12-03 05:00:00,2,3,0
2024-12-03 06:00:00,30,16,5
2024-12-03 07:00:00,118,17,14
2024-12-03 08:00:00,271,25,33
2024-12-03 09:00:00,188,28,8
2024-12-03 10:00:00,117,21,6
2024-12-03 11:00:00,119,20,3
2024-12-03 12:00:00,309,20,10
2024-12-03 13:00:00,292,15,10
2024-12-03 14:00:00,138,20,9
2024-12-03 15:00:00,140,26,9
2024-12-03 16:00:00,206,31,28
2024-12-03 17:00:00,273,43,48
2024-12-03 18:00:00,139,41,19
2024-12-03 19:00:00,94,21,10
2024-12-03 20:00:00,57,12,10
2024-12-03 21:00:00,74,13,2
2024-12-03 22:00:00,57,12,7
2024-12-03 23:00:00,34,6,3
2024-12-04 00:00:00,3,3,0
2024-12-04 01:00:00,8,2,0
2024-12-04 02:00:00,4,2,0
2024-12-04 03:00:00,3,2,0
2024-12-04 04:00:00,1,3,0
2024-12-04 05:00:00,4,7,0
2024-12-04 06:00:00,27,13,5
2024-12-04 07:00:00,122,20,13
2024-12-04 08:00:00,263,18,27
2024-12-04 09:00:00,163,25,13
2024-12-04 10:00:00,129,17,6
2024-12-04 11:00:00,134,16,8
2024-12-04 12:00:00,357,20,5
2024-12-04 13:00:00,332,21,6
2024-12-04 14:00:00,158,18,7
2024-12-04 15:00:00,125,27,4
2024-12-04 16:00:00,191,32,33
2024-12-04 17:00:00,207,51,35
2024-12-04 18:00:00,145,35,18
2024-12-04 19:00:00,98,19,11
2024-12-04 20:00:00,90,15,4
2024-12-04 21:00:00,56,9,9
2024-12-04 22:00:00,72,11,3
2024-12-04 23:00:00,16,12,1
2024-12-05 00:00:00,21,4,2
2024-12-05 01:00:00,6,4,0
2024-12-05 02:00:00,5,0,0
2024-12-05 03:00:00,3,0,0
2024-12-05 04:00:00,0,5,2
2024-12-05 05:00:00,5,4,0
2024-12-05 06:00:00,31,15,4
2024-12-05 07:00:00,101,15,11
2024-12-05 08:00:00,239,27,36
2024-12-05 09:00:00,187,35,11
2024-12-05 10:00:00,111,19,3
2024-12-05 11:00:00,132,24,5
2024-12-05 12:00:00,334,27,8
2024-12-05 13:00:00,305,20,8
2024-12-05 14:00:00,139,23,7
2024-12-05 15:00:00,122,30,13
2024-12-05 16:00:00,167,41,21
2024-12-05 17:00:00,204,43,21
2024-12-05 18:00:00,124,39,14
2024-12-05 19:00:00,122,32,16
2024-12-05 20:00:00,97,27,4
2024-12-05 21:00:00,109,13,2
2024-12-05 22:00:00,97,13,3
2024-12-05 23:00:00,47,13,4
2024-12-06 00:00:00,26,8,2
2024-12-06 01:00:00,19,3,0
2024-12-06 02:00:00,12,2,2
2024-12-06 03:00:00,10,1,0
2024-12-06 04:00:00,2,1,2
2024-12-06 05:00:00,4,6,0
2024-12-06 06:00:00,30,13,2
2024-12-06 07:00:00,79,23,11
2024-12-06 08:00:00,169,12,19
2024-12-06 09:00:00,163,22,24
2024-12-06 10:00:00,168,14,6
2024-12-06 11:00:00,101,12,12
2024-12-06 12:00:00,260,18,4
2024-12-06 13:00:00,255,29,12
2024-12-06 14:00:00,179,28,6
2024-12-06 15:00:00,152,20,6
2024-12-06 16:00:00,147,55,28
2024-12-06 17:00:00,176,30,23
2024-12-06 18:00:00,135,37,10
2024-12-06 19:00:00,101,16,16
2024-12-06 20:00:00,81,23,1
2024-12-06 21:00:00,73,10,8
2024-12-06 22:00:00,78,16,6
2024-12-06 23:00:00,53,12,4
2024-12-07 00:00:00,42,7,1
2024-12-07 01:00:00,25,0,0
2024-12-07 02:00:00,18,5,1
2024-12-07 03:00:00,16,3,0
2024-12-07 04:00:00,9,3,0
2024-12-07 05:00:00,4,1,0
2024-12-07 06:00:00,10,2,0
2024-12-07 07:00:00,18,2,1
2024-12-07 08:00:00,26,9,1
2024-12-07 09:00:00,37,13,1
2024-12-07 10:00:00,67,14,2
2024-12-07 11:00:00,95,16,0
2024-12-07 12:00:00,103,15,1
2024-12-07 13:00:00,81,14,2
2024-12-07 14:00:00,76,19,2
2024-12-07 15:00:00,96,23,0
2024-12-07 16:00:00,84,24,7
2024-12-07 17:00:00,99,13,7
2024-12-07 18:00:00,91,17,2
2024-12-07 19:00:00,75,14,3
2024-12-07 20:00:00,87,13,2
2024-12-07 21:00:00,77,16,6
2024-12-07 22:00:00,88,13,0
2024-12-07 23:00:00,38,8,1
2024-12-08 00:00:00,32,8,1
2024-12-08 01:00:00,11,8,1
2024-12-08 02:00:00,7,3,0
2024-12-08 03:00:00,10,2,0
2024-12-08 04:00:00,2,2,2
2024-12-08 05:00:00,3,4,0
2024-12-08 06:00:00,9,2,0
2024-12-08 07:00:00,7,4,3
2024-12-08 08:00:00,16,4,0
2024-12-08 09:00:00,36,9,4
2024-12-08 10:00:00,61,17,0
2024-12-08 11:00:00,90,9,0
2024-12-08 12:00:00,94,17,8
2024-12-08 13:00:00,96,16,3
2024-12-08 14:00:00,91,18,4
2024-12-08 15:00:00,105,13,6
2024-12-08 16:00:00,65,22,13
2024-12-08 17:00:00,83,28,9
2024-12-08 18:00:00,59,15,7
2024-12-08 19:00:00,55,12,3
2024-12-08 20:00:00,52,11,5
2024-12-08 21:00:00,29,9,2
2024-12-08 22:00:00,27,7,2
2024-12-08 23:00:00,6,6,1
2024-12-09 00:00:00,3,4,0
2024-12-09 01:00:00,4,1,0
2024-12-09 02:00:00,1,2,0
2024-12-09 03:00:00,2,1,0
2024-12-09 04:00:00,1,5,2
2024-12-09 05:00:00,6,7,0
2024-12-09 06:00:00,29,11,3
2024-12-09 07:00:00,82,25,13
2024-12-09 08:00:00,213,23,22
2024-12-09 09:00:00,158,22,11
2024-12-09 10:00:00,127,13,5
2024-12-09 11:00:00,130,19,1
2024-12-09 12:00:00,222,18,9
2024-12-09 13:00:00,213,13,11
2024-12-09 14:00:00,109,22,6
2024-12-09 15:00:00,100,31,3
2024-12-09 16:00:00,112,40,18
2024-12-09 17:00:00,207,32,26
2024-12-09 18:00:00,94,24,19
2024-12-09 19:00:00,67,17,9
2024-12-09 20:00:00,46,12,9
2024-12-09 21:00:00,38,6,5
2024-12-09 22:00:00,30,2,5
2024-12-09 23:00:00,18,2,1
2024-12-10 00:00:00,8,5,0
2024-12-10 01:00:00,1,3,0
2024-12-10 02:00:00,1,1,1
2024-12-10 03:00:00,1,3,0
2024-12-10 04:00:00,2,2,2
2024-12-10 05:00:00,10,8,3
2024-12-10 06:00:00,28,10,10
2024-12-10 07:00:00,112,24,14
2024-12-10 08:00:00,213,23,33
2024-12-10 09:00:00,185,26,12
2024-12-10 10:00:00,124,17,3
2024-12-10 11:00:00,96,23,3
2024-12-10 12:00:00,282,16,7
2024-12-10 13:00:00,225,22,7
2024-12-10 14:00:00,108,21,6
2024-12-10 15:00:00,111,19,3
2024-12-10 16:00:00,165,52,20
2024-12-10 17:00:00,216,37,32
2024-12-10 18:00:00,129,31,22
2024-12-10 19:00:00,77,24,8
2024-12-10 20:00:00,67,20,8
2024-12-10 21:00:00,58,7,9
2024-12-10 22:00:00,44,13,2
2024-12-10 23:00:00,12,8,1
2024-12-11 00:00:00,10,2,0
2024-12-11 01:00:00,3,2,0
2024-12-11 02:00:00,2,0,0
2024-12-11 03:00:00,2,1,1
2024-12-11 04:00:00,1,3,1
2024-12-11 05:00:00,1,3,4
2024-12-11 06:00:00,24,16,4
2024-12-11 07:00:00,121,30,14
2024-12-11 08:00:00,201,19,29
2024-12-11 09:00:00,146,27,23
2024-12-11 10:00:00,100,18,1
2024-12-11 11:00:00,104,21,5
2024-12-11 12:00:00,239,29,9
2024-12-11 13:00:00,286,22,14
2024-12-11 14:00:00,150,17,5
2024-12-11 15:00:00,126,34,5
2024-12-11 16:00:00,172,30,19
2024-12-11 17:00:00,227,38,34
2024-12-11 18:00:00,143,27,21
2024-12-11 19:00:00,107,23,16
2024-12-11 20:00:00,81,17,5
2024-12-11 21:00:00,79,14,3
2024-12-11 22:00:00,73,15,3
2024-12-11 23:00:00,30,8,1
2024-12-12 00:00:00,15,6,1
2024-12-12 01:00:00,6,3,0
2024-12-12 02:00:00,10,1,0
2024-12-12 03:00:00,2,0,0
2024-12-12 04:00:00,0,1,2
2024-12-12 05:00:00,5,5,0
2024-12-12 06:00:00,39,17,5
2024-12-12 07:00:00,97,28,13
2024-12-12 08:00:00,229,18,24
2024-12-12 09:00:00,170,22,14
2024-12-12 10:00:00,122,13,3
2024-12-12 11:00:00,157,17,7
2024-12-12 12:00:00,315,13,7
2024-12-12 13:00:00,240,24,4
2024-12-12 14:00:00,134,22,14
2024-12-12 15:00:00,122,25,10
2024-12-12 16:00:00,188,33,24
2024-12-12 17:00:00,225,29,32
2024-12-12 18:00:00,152,29,11
2024-12-12 19:00:00,93,26,12
2024-12-12 20:00:00,92,21,8
2024-12-12 21:00:00,103,16,11
2024-12-12 22:00:00,100,15,11
2024-12-12 23:00:00,54,8,5
2024-12-13 00:00:00,26,9,1
2024-12-13 01:00:00,22,5,2
2024-12-13 02:00:00,23,4,0
2024-12-13 03:00:00,3,1,0
2024-12-13 04:00:00,1,0,2
2024-12-13 05:00:00,7,2,1
2024-12-13 06:00:00,26,12,2
2024-12-13 07:00:00,94,22,13
2024-12-13 08:00:00,162,23,21
2024-12-13 09:00:00,137,29,11
2024-12-13 10:00:00,119,22,3
2024-12-13 11:00:00,134,18,2
2024-12-13 12:00:00,225,17,5
2024-12-13 13:00:00,222,23,4
2024-12-13 14:00:00,133,23,2
2024-12-13 15:00:00,139,27,9
2024-12-13 16:00:00,184,38,16
2024-12-13 17:00:00,198,32,29
2024-12-13 18:00:00,132,43,21
2024-12-13 19:00:00,144,19,7
2024-12-13 20:00:00,89,19,6
2024-12-13 21:00:00,92,7,7
2024-12-13 22:00:00,77,13,11
2024-12-13 23:00:00,72,8,6
2024-12-14 00:00:00,32,6,0
2024-12-14 01:00:00,16,9,0
2024-12-14 02:00:00,18,4,1
2024-12-14 03:00:00,17,5,2
2024-12-14 04:00:00,5,8,0
2024-12-14 05:00:00,11,6,0
2024-12-14 06:00:00,14,3,2
2024-12-14 07:00:00,12,9,1
2024-12-14 08:00:00,23,13,0
2024-12-14 09:00:00,62,15,3
2024-12-14 10:00:00,86,7,4
2024-12-14 11:00:00,88,25,1
2024-12-14 12:00:00,153,13,7
2024-12-14 13:00:00,136,9,6
2024-12-14 14:00:00,122,13,8
2024-12-14 15:00:00,166,14,4
2024-12-14 16:00:00,146,19,14
2024-12-14 17:00:00,124,12,6
2024-12-14 18:00:00,138,20,6
2024-12-14 19:00:00,106,14,7
2024-12-14 20:00:00,87,10,2
2024-12-14 21:00:00,90,13,2
2024-12-14 22:00:00,90,9,5
2024-12-14 23:00:00,65,9,0
2024-12-15 00:00:00,25,5,0
2024-12-15 01:00:00,26,8,2
2024-12-15 02:00:00,9,2,0
2024-12-15 03:00:00,5,2,2
2024-12-15 04:00:00,6,3,1
2024-12-15 05:00:00,11,2,0
2024-12-15 06:00:00,6,1,1
2024-12-15 07:00:00,10,8,2
2024-12-15 08:00:00,14,6,4
2024-12-15 09:00:00,41,9,2
2024-12-15 10:00:00,87,9,1
2024-12-15 11:00:00,74,8,0
2024-12-15 12:00:00,89,16,5
2024-12-15 13:00:00,75,19,9
2024-12-15 14:00:00,89,16,2
2024-12-15 15:00:00,81,12,3
2024-12-15 16:00:00,88,14,9
2024-12-15 17:00:00,76,15,7
2024-12-15 18:00:00,74,13,0
2024-12-15 19:00:00,59,6,4
2024-12-15 20:00:00,33,9,9
2024-12-15 21:00:00,25,6,1
2024-12-15 22:00:00,19,7,1
2024-12-15 23:00:00,13,5,0
2024-12-16 00:00:00,9,4,0
2024-12-16 01:00:00,0,0,0
2024-12-16 02:00:00,2,2,0
2024-12-16 03:00:00,0,2,0
2024-12-16 04:00:00,4,4,2
2024-12-16 05:00:00,4,1,0
2024-12-16 06:00:00,18,17,5
2024-12-16 07:00:00,92,19,8
2024-12-16 08:00:00,181,15,23
2024-12-16 09:00:00,156,23,10
2024-12-16 10:00:00,90,15,5
2024-12-16 11:00:00,126,20,1
2024-12-16 12:00:00,260,16,16
2024-12-16 13:00:00,276,12,4
2024-12-16 14:00:00,112,12,4
2024-12-16 15:00:00,135,24,9
2024-12-16 16:00:00,132,36,20
2024-12-16 17:00:00,227,31,26
2024-12-16 18:00:00,115,21,13
2024-12-16 19:00:00,79,16,11
2024-12-16 20:00:00,67,10,5
2024-12-16 21:00:00,47,4,3
2024-12-16 22:00:00,39,10,1
2024-12-16 23:00:00,21,5,0
2024-12-17 00:00:00,6,3,3
2024-12-17 01:00:00,1,1,0
2024-12-17 02:00:00,2,3,0
2024-12-17 03:00:00,1,0,1
2024-12-17 04:00:00,2,2,2
2024-12-17 05:00:00,5,3,0
2024-12-17 06:00:00,30,15,9
2024-12-17 07:00:00,112,29,19
2024-12-17 08:00:00,226,20,24
2024-12-17 09:00:00,213,28,13
2024-12-17 10:00:00,111,8,5
2024-12-17 11:00:00,124,17,2
2024-12-17 12:00:00,304,25,9
2024-12-17 13:00:00,264,18,11
2024-12-17 14:00:00,120,11,10
2024-12-17 15:00:00,99,13,17
2024-12-17 16:00:00,129,52,18
2024-12-17 17:00:00,214,35,44
2024-12-17 18:00:00,123,30,23
2024-12-17 19:00:00,63,16,12
2024-12-17 20:00:00,68,19,12
2024-12-17 21:00:00,63,15,6
2024-12-17 22:00:00,43,4,5
2024-12-17 23:00:00,18,4,3
2024-12-18 00:00:00,4,4,0
2024-12-18 01:00:00,5,2,1
2024-12-18 02:00:00,0,0,0
2024-12-18 03:00:00,3,1,0
2024-12-18 04:00:00,2,3,1
2024-12-18 05:00:00,6,1,0
2024-12-18 06:00:00,29,15,10
2024-12-18 07:00:00,81,23,18
2024-12-18 08:00:00,200,30,19
2024-12-18 09:00:00,180,18,20
2024-12-18 10:00:00,94,14,2
2024-12-18 11:00:00,130,21,6
2024-12-18 12:00:00,285,21,13
2024-12-18 13:00:00,284,25,6
2024-12-18 14:00:00,111,26,6
2024-12-18 15:00:00,110,30,4
2024-12-18 16:00:00,121,38,20
2024-12-18 17:00:00,193,47,27
2024-12-18 18:00:00,135,27,16
2024-12-18 19:00:00,67,21,7
2024-12-18 20:00:00,43,19,6
2024-12-18 21:00:00,57,10,5
2024-12-18 22:00:00,35,7,8
2024-12-18 23:00:00,22,3,6
2024-12-19 00:00:00,5,4,1
2024-12-19 01:00:00,4,3,2
2024-12-19 02:00:00,2,2,0
2024-12-19 03:00:00,0,1,0
2024-12-19 04:00:00,1,1,2
2024-12-19 05:00:00,6,6,0
2024-12-19 06:00:00,26,11,11
2024-12-19 07:00:00,72,38,19
2024-12-19 08:00:00,176,24,19
2024-12-19 09:00:00,126,23,13
2024-12-19 10:00:00,103,10,3
2024-12-19 11:00:00,119,19,7
2024-12-19 12:00:00,308,20,8
2024-12-19 13:00:00,291,28,8
2024-12-19 14:00:00,125,21,6
2024-12-19 15:00:00,123,29,22
2024-12-19 16:00:00,139,40,20
2024-12-19 17:00:00,159,42,24
2024-12-19 18:00:00,132,31,18
2024-12-19 19:00:00,80,28,8
2024-12-19 20:00:00,81,19,8
2024-12-19 21:00:00,66,15,5
2024-12-19 22:00:00,75,21,9
2024-12-19 23:00:00,48,10,2
2024-12-20 00:00:00,12,4,1
2024-12-20 01:00:00,10,1,0
2024-12-20 02:00:00,2,5,1
2024-12-20 03:00:00,5,1,0
2024-12-20 04:00:00,1,0,1
2024-12-20 05:00:00,7,4,2
2024-12-20 06:00:00,29,16,2
2024-12-20 07:00:00,54,17,12
2024-12-20 08:00:00,109,12,7
2024-12-20 09:00:00,106,22,8
2024-12-20 10:00:00,91,23,3
2024-12-20 11:00:00,101,14,3
2024-12-20 12:00:00,161,24,7
2024-12-20 13:00:00,131,26,10
2024-12-20 14:00:00,116,25,8
2024-12-20 15:00:00,97,19,6
2024-12-20 16:00:00,145,21,16
2024-12-20 17:00:00,144,25,20
2024-12-20 18:00:00,105,28,10
2024-12-20 19:00:00,93,21,8
2024-12-20 20:00:00,62,14,5
2024-12-20 21:00:00,50,13,4
2024-12-20 22:00:00,62,5,7
2024-12-20 23:00:00,51,11,2
2024-12-21 00:00:00,29,7,4
2024-12-21 01:00:00,13,9,4
2024-12-21 02:00:00,5,2,2
2024-12-21 03:00:00,6,2,0
2024-12-21 04:00:00,3,1,0
2024-12-21 05:00:00,4,6,0
2024-12-21 06:00:00,7,4,2
2024-12-21 07:00:00,13,7,1
2024-12-21 08:00:00,19,3,0
2024-12-21 09:00:00,51,11,1
2024-12-21 10:00:00,58,10,0
2024-12-21 11:00:00,95,13,3
2024-12-21 12:00:00,63,8,2
2024-12-21 13:00:00,57,22,3
2024-12-21 14:00:00,93,16,3
2024-12-21 15:00:00,86,18,3
2024-12-21 16:00:00,91,27,8
2024-12-21 17:00:00,107,23,5
2024-12-21 18:00:00,116,14,3
2024-12-21 19:00:00,88,18,3
2024-12-21 20:00:00,65,9,3
2024-12-21 21:00:00,54,8,2
2024-12-21 22:00:00,38,15,4
2024-12-21 23:00:00,39,12,0
2024-12-22 00:00:00,11,7,0
2024-12-22 01:00:00,8,4,0
2024-12-22 02:00:00,5,4,2
2024-12-22 03:00:00,3,3,2
2024-12-22 04:00:00,3,3,0
2024-12-22 05:00:00,3,5,0
2024-12-22 06:00:00,6,2,2
2024-12-22 07:00:00,5,14,5
2024-12-22 08:00:00,32,7,3
2024-12-22 09:00:00,39,10,0
2024-12-22 10:00:00,72,9,4
2024-12-22 11:00:00,55,16,1
2024-12-22 12:00:00,45,11,2
2024-12-22 13:00:00,47,18,4
2024-12-22 14:00:00,65,16,1
2024-12-22 15:00:00,62,10,5
2024-12-22 16:00:00,69,29,4
2024-12-22 17:00:00,68,16,3
2024-12-22 18:00:00,43,10,4
2024-12-22 19:00:00,34,10,5
2024-12-22 20:00:00,28,11,6
2024-12-22 21:00:00,20,10,1
2024-12-22 22:00:00,16,3,1
2024-12-22 23:00:00,7,6,0
2024-12-23 00:00:00,4,3,0
2024-12-23 01:00:00,5,1,0
2024-12-23 02:00:00,2,1,0
2024-12-23 03:00:00,0,0,0
2024-12-23 04:00:00,3,2,1
2024-12-23 05:00:00,3,3,2
2024-12-23 06:00:00,19,4,1
2024-12-23 07:00:00,37,14,6
2024-12-23 08:00:00,101,14,4
2024-12-23 09:00:00,68,15,1
2024-12-23 10:00:00,73,21,4
2024-12-23 11:00:00,87,21,2
2024-12-23 12:00:00,134,22,4
2024-12-23 13:00:00,129,13,9
2024-12-23 14:00:00,89,26,2
2024-12-23 15:00:00,88,10,3
2024-12-23 16:00:00,104,22,8
2024-12-23 17:00:00,82,33,19
2024-12-23 18:00:00,57,17,6
2024-12-23 19:00:00,41,9,5
2024-12-23 20:00:00,30,7,13
2024-12-23 21:00:00,23,15,4
2024-12-23 22:00:00,27,9,2
2024-12-23 23:00:00,9,6,2
2024-12-24 00:00:00,3,3,2
2024-12-24 01:00:00,5,3,1
2024-12-24 02:00:00,2,1,0
2024-12-24 03:00:00,1,2,0
2024-12-24 04:00:00,1,0,4
2024-12-24 05:00:00,2,2,0
2024-12-24 06:00:00,12,4,6
2024-12-24 07:00:00,28,18,0
2024-12-24 08:00:00,39,9,0
2024-12-24 09:00:00,40,6,7
2024-12-24 10:00:00,49,6,3
2024-12-24 11:00:00,46,20,1
2024-12-24 12:00:00,47,25,2
2024-12-24 13:00:00,65,15,6
2024-12-24 14:00:00,70,9,0
2024-12-24 15:00:00,70,15,2
2024-12-24 16:00:00,65,16,9
2024-12-24 17:00:00,50,16,4
2024-12-24 18:00:00,54,11,1
2024-12-24 19:00:00,30,10,3
2024-12-24 20:00:00,31,15,3
2024-12-24 21:00:00,34,7,2
2024-12-24 22:00:00,9,7,2
2024-12-24 23:00:00,7,2,0
2024-12-25 00:00:00,5,4,0
2024-12-25 01:00:00,0,3,0
2024-12-25 02:00:00,1,1,0
2024-12-25 03:00:00,0,0,0
2024-12-25 04:00:00,0,0,0
2024-12-25 05:00:00,1,1,0
2024-12-25 06:00:00,4,1,0
2024-12-25 07:00:00,3,3,0
2024-12-25 08:00:00,3,5,4
2024-12-25 09:00:00,10,4,2
2024-12-25 10:00:00,13,5,0
2024-12-25 11:00:00,9,9,0
2024-12-25 12:00:00,12,10,4
2024-12-25 13:00:00,10,7,0
2024-12-25 14:00:00,17,10,3
2024-12-25 15:00:00,11,3,0
2024-12-25 16:00:00,8,13,0
2024-12-25 17:00:00,23,11,1
2024-12-25 18:00:00,15,7,0
2024-12-25 19:00:00,18,4,0
2024-12-25 20:00:00,10,6,1
2024-12-25 21:00:00,5,4,3
2024-12-25 22:00:00,7,8,1
2024-12-25 23:00:00,1,3,0
2024-12-26 00:00:00,1,4,0
2024-12-26 01:00:00,3,4,3
2024-12-26 02:00:00,2,2,0
2024-12-26 03:00:00,0,0,0
2024-12-26 04:00:00,0,2,0
2024-12-26 05:00:00,1,1,0
2024-12-26 06:00:00,4,3,2
2024-12-26 07:00:00,12,2,3
2024-12-26 08:00:00,1,4,0
2024-12-26 09:00:00,14,6,3
2024-12-26 10:00:00,24,9,4
2024-12-26 11:00:00,22,9,2
2024-12-26 12:00:00,26,10,0
2024-12-26 13:00:00,32,10,1
2024-12-26 14:00:00,46,7,4
2024-12-26 15:00:00,49,7,3
2024-12-26 16:00:00,48,16,2
2024-12-26 17:00:00,40,10,2
2024-12-26 18:00:00,49,14,1
2024-12-26 19:00:00,33,12,3
2024-12-26 20:00:00,23,10,5
2024-12-26 21:00:00,17,7,1
2024-12-26 22:00:00,22,7,4
2024-12-26 23:00:00,8,5,1
2024-12-27 00:00:00,2,3,3
2024-12-27 01:00:00,1,5,0
2024-12-27 02:00:00,0,3,0
2024-12-27 03:00:00,1,0,0
2024-12-27 04:00:00,2,0,0
2024-12-27 05:00:00,3,1,0
2024-12-27 06:00:00,11,6,0
2024-12-27 07:00:00,19,5,2
2024-12-27 08:00:00,34,5,9
2024-12-27 09:00:00,60,6,3
2024-12-27 10:00:00,60,6,2
2024-12-27 11:00:00,90,11,1
2024-12-27 12:00:00,84,9,2
2024-12-27 13:00:00,84,13,0
2024-12-27 14:00:00,73,9,2
2024-12-27 15:00:00,92,21,6
2024-12-27 16:00:00,81,19,9
2024-12-27 17:00:00,100,17,6
2024-12-27 18:00:00,60,10,3
2024-12-27 19:00:00,48,19,6
2024-12-27 20:00:00,47,9,3
2024-12-27 21:00:00,48,10,7
2024-12-27 22:00:00,35,11,6
2024-12-27 23:00:00,15,14,0
2024-12-28 00:00:00,8,8,0
2024-12-28 01:00:00,5,3,0
2024-12-28 02:00:00,9,1,0
2024-12-28 03:00:00,6,2,0
2024-12-28 04:00:00,7,0,0
2024-12-28 05:00:00,2,5,0
2024-12-28 06:00:00,10,1,1
2024-12-28 07:00:00,14,6,1
2024-12-28 08:00:00,21,4,2
2024-12-28 09:00:00,43,8,2
2024-12-28 10:00:00,59,12,0
2024-12-28 11:00:00,50,10,0
2024-12-28 12:00:00,87,13,1
2024-12-28 13:00:00,73,8,4
2024-12-28 14:00:00,86,15,1
2024-12-28 15:00:00,116,13,1
2024-12-28 16:00:00,98,21,2
2024-12-28 17:00:00,91,14,5
2024-12-28 18:00:00,92,17,2
2024-12-28 19:00:00,91,19,1
2024-12-28 20:00:00,57,10,7
2024-12-28 21:00:00,52,8,0
2024-12-28 22:00:00,35,7,3
2024-12-28 23:00:00,21,9,3
2024-12-29 00:00:00,6,3,0
2024-12-29 01:00:00,5,2,1
2024-12-29 02:00:00,5,2,1
2024-12-29 03:00:00,3,3,4
2024-12-29 04:00:00,2,2,0
2024-12-29 05:00:00,2,5,0
2024-12-29 06:00:00,5,1,2
2024-12-29 07:00:00,16,7,0
2024-12-29 08:00:00,22,5,1
2024-12-29 09:00:00,36,13,2
2024-12-29 10:00:00,62,13,1
2024-12-29 11:00:00,70,14,6
2024-12-29 12:00:00,87,16,3
2024-12-29 13:00:00,53,8,3
2024-12-29 14:00:00,77,9,11
2024-12-29 15:00:00,76,12,5
2024-12-29 16:00:00,75,10,7
2024-12-29 17:00:00,110,19,3
2024-12-29 18:00:00,95,6,4
2024-12-29 19:00:00,87,16,2
2024-12-29 20:00:00,65,11,2
2024-12-29 21:00:00,45,7,2
2024-12-29 22:00:00,38,4,0
2024-12-29 23:00:00,16,2,2
2024-12-30 00:00:00,4,4,1
2024-12-30 01:00:00,3,1,1
2024-12-30 02:00:00,1,1,0
2024-12-30 03:00:00,1,1,0
2024-12-30 04:00:00,1,0,0
2024-12-30 05:00:00,2,3,0
2024-12-30 06:00:00,19,3,2
2024-12-30 07:00:00,28,16,3
2024-12-30 08:00:00,47,14,6
2024-12-30 09:00:00,45,12,7
2024-12-30 10:00:00,73,15,1
2024-12-30 11:00:00,77,13,3
2024-12-30 12:00:00,105,10,1
2024-12-30 13:00:00,110,17,4
2024-12-30 14:00:00,82,15,7
2024-12-30 15:00:00,84,15,6
2024-12-30 16:00:00,85,22,15
2024-12-30 17:00:00,65,21,7
2024-12-30 18:00:00,81,21,5
2024-12-30 19:00:00,79,7,0
2024-12-30 20:00:00,59,7,2
2024-12-30 21:00:00,45,7,2
2024-12-30 22:00:00,29,11,5
2024-12-30 23:00:00,15,5,1
2024-12-31 00:00:00,5,4,1
2024-12-31 01:00:00,6,4,0
2024-12-31 02:00:00,4,2,0
2024-12-31 03:00:00,4,0,0
2024-12-31 04:00:00,4,0,0
2024-12-31 05:00:00,5,6,0
2024-12-31 06:00:00,13,8,2
2024-12-31 07:00:00,22,13,1
2024-12-31 08:00:00,31,11,1
2024-12-31 09:00:00,41,10,4
2024-12-31 10:00:00,71,4,4
2024-12-31 11:00:00,82,13,4
2024-12-31 12:00:00,76,8,3
2024-12-31 13:00:00,98,16,8
2024-12-31 14:00:00,77,16,4
2024-12-31 15:00:00,103,19,5
2024-12-31 16:00:00,96,34,7
2024-12-31 17:00:00,101,14,7
2024-12-31 18:00:00,71,16,3
2024-12-31 19:00:00,75,10,4
2024-12-31 20:00:00,68,12,1
2024-12-31 21:00:00,60,14,4
2024-12-31 22:00:00,58,15,1
2024-12-31 23:00:00,26,10,2
