date,ped,car,cyc
2024-01-01 00:00:00,0,0,0
2024-01-01 01:00:00,0,0,0
2024-01-01 02:00:00,0,0,0
2024-01-01 03:00:00,0,0,0
2024-01-01 04:00:00,0,0,0
2024-01-01 05:00:00,0,0,0
2024-01-01 06:00:00,0,0,0
2024-01-01 07:00:00,0,0,0
2024-01-01 08:00:00,0,0,0
2024-01-01 09:00:00,0,0,0
2024-01-01 10:00:00,0,0,0
2024-01-01 11:00:00,0,0,0
2024-01-01 12:00:00,0,0,0
2024-01-01 13:00:00,0,0,0
2024-01-01 14:00:00,0,0,0
2024-01-01 15:00:00,0,0,0
2024-01-01 16:00:00,0,0,0
2024-01-01 17:00:00,0,0,0
2024-01-01 18:00:00,0,0,0
2024-01-01 19:00:00,0,0,0
2024-01-01 20:00:00,0,0,0
2024-01-01 21:00:00,0,0,0
2024-01-01 22:00:00,0,0,0
2024-01-01 23:00:00,0,0,0
2024-01-02 00:00:00,0,0,0
2024-01-02 01:00:00,0,0,0
2024-01-02 02:00:00,0,0,0
2024-01-02 03:00:00,0,0,0
2024-01-02 04:00:00,0,0,0
2024-01-02 05:00:00,0,0,0
2024-01-02 06:00:00,0,0,0
2024-01-02 07:00:00,0,0,0
2024-01-02 08:00:00,0,0,0
2024-01-02 09:00:00,0,0,0
2024-01-02 10:00:00,0,0,0
2024-01-02 11:00:00,0,0,0
2024-01-02 12:00:00,0,0,0
2024-01-02 13:00:00,0,0,0
2024-01-02 14:00:00,0,0,0
2024-01-02 15:00:00,0,0,0
2024-01-02 16:00:00,0,0,0
2024-01-02 17:00:00,0,0,0
2024-01-02 18:00:00,0,0,0
2024-01-02 19:00:00,0,0,0
2024-01-02 20:00:00,0,0,0
2024-01-02 21:00:00,0,0,0
2024-01-02 22:00:00,0,0,0
2024-01-02 23:00:00,0,0,0
2024-01-03 00:00:00,0,0,0
2024-01-03 01:00:00,0,0,0
2024-01-03 02:00:00,0,0,0
2024-01-03 03:00:00,0,0,0
2024-01-03 04:00:00,0,0,0
2024-01-03 05:00:00,0,0,0
2024-01-03 06:00:00,0,0,0
2024-01-03 07:00:00,0,0,0
2024-01-03 08:00:00,0,0,0
2024-01-03 09:00:00,0,0,0
2024-01-03 10:00:00,0,0,0
2024-01-03 11:00:00,0,0,0
2024-01-03 12:00:00,0,0,0
2024-01-03 13:00:00,0,0,0
2024-01-03 14:00:00,0,0,0
2024-01-03 15:00:00,0,0,0
2024-01-03 16:00:00,0,0,0
2024-01-03 17:00:00,0,0,0
2024-01-03 18:00:00,0,0,0
2024-01-03 19:00:00,0,0,0
2024-01-03 20:00:00,0,0,0
2024-01-03 21:00:00,0,0,0
2024-01-03 22:00:00,0,0,0
2024-01-03 23:00:00,0,0,0
2024-01-04 00:00:00,0,0,0
2024-01-04 01:00:00,0,0,0
2024-01-04 02:00:00,0,0,0
2024-01-04 03:00:00,0,0,0
2024-01-04 04:00:00,0,0,0
2024-01-04 05:00:00,0,0,0
2024-01-04 06:00:00,0,0,0
2024-01-04 07:00:00,0,0,0
2024-01-04 08:00:00,0,0,0
2024-01-04 09:00:00,0,0,0
2024-01-04 10:00:00,0,0,0
2024-01-04 11:00:00,0,0,0
2024-01-04 12:00:00,0,0,0
2024-01-04 13:00:00,0,0,0
2024-01-04 14:00:00,0,0,0
2024-01-04 15:00:00,0,0,0
2024-01-04 16:00:00,0,0,0
2024-01-04 17:00:00,0,0,0
2024-01-04 18:00:00,0,0,0
2024-01-04 19:00:00,0,0,0
2024-01-04 20:00:00,0,0,0
2024-01-04 21:00:00,0,0,0
2024-01-04 22:00:00,0,0,0
2024-01-04 23:00:00,0,0,0
2024-01-05 00:00:00,0,0,0
2024-01-05 01:00:00,0,0,0
2024-01-05 02:00:00,0,0,0
2024-01-05 03:00:00,0,0,0
2024-01-05 04:00:00,0,0,0
2024-01-05 05:00:00,0,0,0
2024-01-05 06:00:00,0,0,0
2024-01-05 07:00:00,0,0,0
2024-01-05 08:00:00,0,0,0
2024-01-05 09:00:00,0,0,0
2024-01-05 10:00:00,0,0,0
2024-01-05 11:00:00,0,0,0
2024-01-05 12:00:00,0,0,0
2024-01-05 13:00:00,0,0,0
2024-01-05 14:00:00,0,0,0
2024-01-05 15:00:00,0,0,0
2024-01-05 16:00:00,0,0,0
2024-01-05 17:00:00,0,0,0
2024-01-05 18:00:00,0,0,0
2024-01-05 19:00:00,0,0,0
2024-01-05 20:00:00,0,0,0
2024-01-05 21:00:00,0,0,0
2024-01-05 22:00:00,0,0,0
2024-01-05 23:00:00,0,0,0
2024-01-06 00:00:00,0,0,0
2024-01-06 01:00:00,0,0,0
2024-01-06 02:00:00,0,0,0
2024-01-06 03:00:00,0,0,0
2024-01-06 04:00:00,0,0,0
2024-01-06 05:00:00,0,0,0
2024-01-06 06:00:00,0,0,0
2024-01-06 07:00:00,0,0,0
2024-01-06 08:00:00,0,0,0
2024-01-06 09:00:00,0,0,0
2024-01-06 10:00:00,0,0,0
2024-01-06 11:00:00,0,0,0
2024-01-06 12:00:00,0,0,0
2024-01-06 13:00:00,0,0,0
2024-01-06 14:00:00,0,0,0
2024-01-06 15:00:00,0,0,0
2024-01-06 16:00:00,0,0,0
2024-01-06 17:00:00,0,0,0
2024-01-06 18:00:00,0,0,0
2024-01-06 19:00:00,0,0,0
2024-01-06 20:00:00,0,0,0
2024-01-06 21:00:00,0,0,0
2024-01-06 22:00:00,0,0,0
2024-01-06 23:00:00,0,0,0
2024-01-07 00:00:00,0,0,0
2024-01-07 01:00:00,0,0,0
2024-01-07 02:00:00,0,0,0
2024-01-07 03:00:00,0,0,0
2024-01-07 04:00:00,0,0,0
2024-01-07 05:00:00,0,0,0
2024-01-07 06:00:00,0,0,0
2024-01-07 07:00:00,0,0,0
2024-01-07 08:00:00,0,0,0
2024-01-07 09:00:00,0,0,0
2024-01-07 10:00:00,0,0,0
2024-01-07 11:00:00,0,0,0
2024-01-07 12:00:00,0,0,0
2024-01-07 13:00:00,0,0,0
2024-01-07 14:00:00,0,0,0
2024-01-07 15:00:00,0,0,0
2024-01-07 16:00:00,0,0,0
2024-01-07 17:00:00,0,0,0
2024-01-07 18:00:00,0,0,0
2024-01-07 19:00:00,0,0,0
2024-01-07 20:00:00,0,0,0
2024-01-07 21:00:00,0,0,0
2024-01-07 22:00:00,0,0,0
2024-01-07 23:00:00,0,0,0
2024-01-08 00:00:00,0,0,0
2024-01-08 01:00:00,0,0,0
2024-01-08 02:00:00,0,0,0
2024-01-08 03:00:00,0,0,0
2024-01-08 04:00:00,0,0,0
2024-01-08 05:00:00,0,0,0
2024-01-08 06:00:00,0,0,0
2024-01-08 07:00:00,0,0,0
2024-01-08 08:00:00,0,0,0
2024-01-08 09:00:00,0,0,0
2024-01-08 10:00:00,0,0,0
2024-01-08 11:00:00,0,0,0
2024-01-08 12:00:00,0,0,0
2024-01-08 13:00:00,0,0,0
2024-01-08 14:00:00,0,0,0
2024-01-08 15:00:00,0,0,0
2024-01-08 16:00:00,0,0,0
2024-01-08 17:00:00,0,0,0
2024-01-08 18:00:00,0,0,0
2024-01-08 19:00:00,0,0,0
2024-01-08 20:00:00,0,0,0
2024-01-08 21:00:00,0,0,0
2024-01-08 22:00:00,0,0,0
2024-01-08 23:00:00,0,0,0
2024-01-09 00:00:00,0,0,0
2024-01-09 01:00:00,0,0,0
2024-01-09 02:00:00,0,0,0
2024-01-09 03:00:00,0,0,0
2024-01-09 04:00:00,0,0,0
2024-01-09 05:00:00,0,0,0
2024-01-09 06:00:00,0,0,0
2024-01-09 07:00:00,0,0,0
2024-01-09 08:00:00,0,0,0
2024-01-09 09:00:00,0,0,0
2024-01-09 10:00:00,0,0,0
2024-01-09 11:00:00,0,0,0
2024-01-09 12:00:00,0,0,0
2024-01-09 13:00:00,0,0,0
2024-01-09 14:00:00,0,0,0
2024-01-09 15:00:00,0,0,0
2024-01-09 16:00:00,0,0,0
2024-01-09 17:00:00,0,0,0
2024-01-09 18:00:00,0,0,0
2024-01-09 19:00:00,0,0,0
2024-01-09 20:00:00,0,0,0
2024-01-09 21:00:00,0,0,0
2024-01-09 22:00:00,0,0,0
2024-01-09 23:00:00,0,0,0
2024-01-10 00:00:00,0,0,0
2024-01-10 01:00:00,0,0,0
2024-01-10 02:00:00,0,0,0
2024-01-10 03:00:00,0,0,0
2024-01-10 04:00:00,0,0,0
2024-01-10 05:00:00,0,0,0
2024-01-10 06:00:00,0,0,0
2024-01-10 07:00:00,0,0,0
2024-01-10 08:00:00,0,0,0
2024-01-10 09:00:00,0,0,0
2024-01-10 10:00:00,0,0,0
2024-01-10 11:00:00,0,0,0
2024-01-10 12:00:00,0,0,0
2024-01-10 13:00:00,0,0,0
2024-01-10 14:00:00,0,0,0
2024-01-10 15:00:00,0,0,0
2024-01-10 16:00:00,0,0,0
2024-01-10 17:00:00,0,0,0
2024-01-10 18:00:00,0,0,0
2024-01-10 19:00:00,0,0,0
2024-01-10 20:00:00,0,0,0
2024-01-10 21:00:00,0,0,0
2024-01-10 22:00:00,0,0,0
2024-01-10 23:00:00,0,0,0
2024-01-11 00:00:00,0,0,0
2024-01-11 01:00:00,0,0,0
2024-01-11 02:00:00,0,0,0
2024-01-11 03:00:00,0,0,0
2024-01-11 04:00:00,0,0,0
2024-01-11 05:00:00,0,0,0
2024-01-11 06:00:00,0,0,0
2024-01-11 07:00:00,0,0,0
2024-01-11 08:00:00,0,0,0
2024-01-11 09:00:00,0,0,0
2024-01-11 10:00:00,0,0,0
2024-01-11 11:00:00,0,0,0
2024-01-11 12:00:00,0,0,0
2024-01-11 13:00:00,0,0,0
2024-01-11 14:00:00,0,0,0
2024-01-11 15:00:00,0,0,0
2024-01-11 16:00:00,0,0,0
2024-01-11 17:00:00,0,0,0
2024-01-11 18:00:00,0,0,0
2024-01-11 19:00:00,0,0,0
2024-01-11 20:00:00,0,0,0
2024-01-11 21:00:00,0,0,0
2024-01-11 22:00:00,0,0,0
2024-01-11 23:00:00,0,0,0
2024-01-12 00:00:00,0,0,0
2024-01-12 01:00:00,0,0,0
2024-01-12 02:00:00,0,0,0
2024-01-12 03:00:00,0,0,0
2024-01-12 04:00:00,0,0,0
2024-01-12 05:00:00,0,0,0
2024-01-12 06:00:00,0,0,0
2024-01-12 07:00:00,0,0,0
2024-01-12 08:00:00,0,0,0
2024-01-12 09:00:00,0,0,0
2024-01-12 10:00:00,0,0,0
2024-01-12 11:00:00,0,0,0
2024-01-12 12:00:00,0,0,0
2024-01-12 13:00:00,0,0,0
2024-01-12 14:00:00,0,0,0
2024-01-12 15:00:00,0,0,0
2024-01-12 16:00:00,0,0,0
2024-01-12 17:00:00,0,0,0
2024-01-12 18:00:00,0,0,0
2024-01-12 19:00:00,0,0,0
2024-01-12 20:00:00,0,0,0
2024-01-12 21:00:00,0,0,0
2024-01-12 22:00:00,0,0,0
2024-01-12 23:00:00,0,0,0
2024-01-13 00:00:00,0,0,0
2024-01-13 01:00:00,0,0,0
2024-01-13 02:00:00,0,0,0
2024-01-13 03:00:00,0,0,0
2024-01-13 04:00:00,0,0,0
2024-01-13 05:00:00,0,0,0
2024-01-13 06:00:00,0,0,0
2024-01-13 07:00:00,0,0,0
2024-01-13 08:00:00,0,0,0
2024-01-13 09:00:00,0,0,0
2024-01-13 10:00:00,0,0,0
2024-01-13 11:00:00,0,0,0
2024-01-13 12:00:00,0,0,0
2024-01-13 13:00:00,0,0,0
2024-01-13 14:00:00,0,0,0
2024-01-13 15:00:00,0,0,0
2024-01-13 16:00:00,0,0,0
2024-01-13 17:00:00,0,0,0
2024-01-13 18:00:00,0,0,0
2024-01-13 19:00:00,0,0,0
2024-01-13 20:00:00,0,0,0
2024-01-13 21:00:00,0,0,0
2024-01-13 22:00:00,0,0,0
2024-01-13 23:00:00,0,0,0
2024-01-14 00:00:00,0,0,0
2024-01-14 01:00:00,0,0,0
2024-01-14 02:00:00,0,0,0
2024-01-14 03:00:00,0,0,0
2024-01-14 04:00:00,0,0,0
2024-01-14 05:00:00,0,0,0
2024-01-14 06:00:00,0,0,0
2024-01-14 07:00:00,0,0,0
2024-01-14 08:00:00,0,0,0
2024-01-14 09:00:00,0,0,0
2024-01-14 10:00:00,0,0,0
2024-01-14 11:00:00,0,0,0
2024-01-14 12:00:00,0,0,0
2024-01-14 13:00:00,0,0,0
2024-01-14 14:00:00,0,0,0
2024-01-14 15:00:00,0,0,0
2024-01-14 16:00:00,0,0,0
2024-01-14 17:00:00,0,0,0
2024-01-14 18:00:00,0,0,0
2024-01-14 19:00:00,0,0,0
2024-01-14 20:00:00,0,0,0
2024-01-14 21:00:00,0,0,0
2024-01-14 22:00:00,0,0,0
2024-01-14 23:00:00,0,0,0
2024-01-15 00:00:00,0,0,0
2024-01-15 01:00:00,0,0,0
2024-01-15 02:00:00,0,0,0
2024-01-15 03:00:00,0,0,0
2024-01-15 04:00:00,0,0,0
2024-01-15 05:00:00,0,0,0
2024-01-15 06:00:00,0,0,0
2024-01-15 07:00:00,0,0,0
2024-01-15 08:00:00,0,0,0
2024-01-15 09:00:00,0,0,0
2024-01-15 10:00:00,0,0,0
2024-01-15 11:00:00,0,0,0
2024-01-15 12:00:00,0,0,0
2024-01-15 13:00:00,0,0,0
2024-01-15 14:00:00,0,0,0
2024-01-15 15:00:00,0,0,0
2024-01-15 16:00:00,0,0,0
2024-01-15 17:00:00,0,0,0
2024-01-15 18:00:00,0,0,0
2024-01-15 19:00:00,0,0,0
2024-01-15 20:00:00,0,0,0
2024-01-15 21:00:00,0,0,0
2024-01-15 22:00:00,0,0,0
2024-01-15 23:00:00,0,0,0
2024-01-16 00:00:00,0,0,0
2024-01-16 01:00:00,0,0,0
2024-01-16 02:00:00,0,0,0
2024-01-16 03:00:00,0,0,0
2024-01-16 04:00:00,0,0,0
2024-01-16 05:00:00,0,0,0
2024-01-16 06:00:00,0,0,0
2024-01-16 07:00:00,0,0,0
2024-01-16 08:00:00,0,0,0
2024-01-16 09:00:00,0,0,0
2024-01-16 10:00:00,0,0,0
2024-01-16 11:00:00,0,0,0
2024-01-16 12:00:00,0,0,0
2024-01-16 13:00:00,0,0,0
2024-01-16 14:00:00,0,0,0
2024-01-16 15:00:00,0,0,0
2024-01-16 16:00:00,0,0,0
2024-01-16 17:00:00,0,0,0
2024-01-16 18:00:00,0,0,0
2024-01-16 19:00:00,0,0,0
2024-01-16 20:00:00,0,0,0
2024-01-16 21:00:00,0,0,0
2024-01-16 22:00:00,0,0,0
2024-01-16 23:00:00,0,0,0
2024-01-17 00:00:00,0,0,0
2024-01-17 01:00:00,0,0,0
2024-01-17 02:00:00,0,0,0
2024-01-17 03:00:00,0,0,0
2024-01-17 04:00:00,0,0,0
2024-01-17 05:00:00,0,0,0
2024-01-17 06:00:00,0,0,0
2024-01-17 07:00:00,0,0,0
2024-01-17 08:00:00,0,0,0
2024-01-17 09:00:00,0,0,0
2024-01-17 10:00:00,0,0,0
2024-01-17 11:00:00,0,0,0
2024-01-17 12:00:00,0,0,0
2024-01-17 13:00:00,0,0,0
2024-01-17 14:00:00,0,0,0
2024-01-17 15:00:00,0,0,0
2024-01-17 16:00:00,0,0,0
2024-01-17 17:00:00,0,0,0
2024-01-17 18:00:00,0,0,0
2024-01-17 19:00:00,0,0,0
2024-01-17 20:00:00,0,0,0
2024-01-17 21:00:00,0,0,0
2024-01-17 22:00:00,0,0,0
2024-01-17 23:00:00,0,0,0
2024-01-18 00:00:00,0,0,0
2024-01-18 01:00:00,0,0,0
2024-01-18 02:00:00,0,0,0
2024-01-18 03:00:00,0,0,0
2024-01-18 04:00:00,0,0,0
2024-01-18 05:00:00,0,0,0
2024-01-18 06:00:00,0,0,0
2024-01-18 07:00:00,0,0,0
2024-01-18 08:00:00,0,0,0
2024-01-18 09:00:00,0,0,0
2024-01-18 10:00:00,0,0,0
2024-01-18 11:00:00,0,0,0
2024-01-18 12:00:00,0,0,0
2024-01-18 13:00:00,0,0,0
2024-01-18 14:00:00,0,0,0
2024-01-18 15:00:00,0,0,0
2024-01-18 16:00:00,0,0,0
2024-01-18 17:00:00,0,0,0
2024-01-18 18:00:00,0,0,0
2024-01-18 19:00:00,0,0,0
2024-01-18 20:00:00,0,0,0
2024-01-18 21:00:00,0,0,0
2024-01-18 22:00:00,0,0,0
2024-01-18 23:00:00,0,0,0
2024-01-19 00:00:00,0,0,0
2024-01-19 01:00:00,0,0,0
2024-01-19 02:00:00,0,0,0
2024-01-19 03:00:00,0,0,0
2024-01-19 04:00:00,0,0,0
2024-01-19 05:00:00,0,0,0
2024-01-19 06:00:00,0,0,0
2024-01-19 07:00:00,0,0,0
2024-01-19 08:00:00,0,0,0
2024-01-19 09:00:00,0,0,0
2024-01-19 10:00:00,0,0,0
2024-01-19 11:00:00,0,0,0
2024-01-19 12:00:00,0,0,0
2024-01-19 13:00:00,0,0,0
2024-01-19 14:00:00,0,0,0
2024-01-19 15:00:00,0,0,0
2024-01-19 16:00:00,0,0,0
2024-01-19 17:00:00,0,0,0
2024-01-19 18:00:00,0,0,0
2024-01-19 19:00:00,0,0,0
2024-01-19 20:00:00,0,0,0
2024-01-19 21:00:00,0,0,0
2024-01-19 22:00:00,0,0,0
2024-01-19 23:00:00,0,0,0
2024-01-20 00:00:00,0,0,0
2024-01-20 01:00:00,0,0,0
2024-01-20 02:00:00,0,0,0
2024-01-20 03:00:00,0,0,0
2024-01-20 04:00:00,0,0,0
2024-01-20 05:00:00,0,0,0
2024-01-20 06:00:00,0,0,0
2024-01-20 07:00:00,0,0,0
2024-01-20 08:00:00,0,0,0
2024-01-20 09:00:00,0,0,0
2024-01-20 10:00:00,0,0,0
2024-01-20 11:00:00,0,0,0
2024-01-20 12:00:00,0,0,0
2024-01-20 13:00:00,0,0,0
2024-01-20 14:00:00,0,0,0
2024-01-20 15:00:00,0,0,0
2024-01-20 16:00:00,0,0,0
2024-01-20 17:00:00,0,0,0
2024-01-20 18:00:00,0,0,0
2024-01-20 19:00:00,0,0,0
2024-01-20 20:00:00,0,0,0
2024-01-20 21:00:00,0,0,0
2024-01-20 22:00:00,0,0,0
2024-01-20 23:00:00,0,0,0
2024-01-21 00:00:00,0,0,0
2024-01-21 01:00:00,0,0,0
2024-01-21 02:00:00,0,0,0
2024-01-21 03:00:00,0,0,0
2024-01-21 04:00:00,0,0,0
2024-01-21 05:00:00,0,0,0
2024-01-21 06:00:00,0,0,0
2024-01-21 07:00:00,0,0,0
2024-01-21 08:00:00,0,0,0
2024-01-21 09:00:00,0,0,0
2024-01-21 10:00:00,0,0,0
2024-01-21 11:00:00,0,0,0
2024-01-21 12:00:00,0,0,0
2024-01-21 13:00:00,0,0,0
2024-01-21 14:00:00,0,0,0
2024-01-21 15:00:00,0,0,0
2024-01-21 16:00:00,0,0,0
2024-01-21 17:00:00,0,0,0
2024-01-21 18:00:00,0,0,0
2024-01-21 19:00:00,0,0,0
2024-01-21 20:00:00,0,0,0
2024-01-21 21:00:00,0,0,0
2024-01-21 22:00:00,0,0,0
2024-01-21 23:00:00,0,0,0
2024-01-22 00:00:00,0,0,0
2024-01-22 01:00:00,0,0,0
2024-01-22 02:00:00,0,0,0
2024-01-22 03:00:00,0,0,0
2024-01-22 04:00:00,0,0,0
2024-01-22 05:00:00,0,0,0
2024-01-22 06:00:00,0,0,0
2024-01-22 07:00:00,0,0,0
2024-01-22 08:00:00,0,0,0
2024-01-22 09:00:00,0,0,0
2024-01-22 10:00:00,0,0,0
2024-01-22 11:00:00,0,0,0
2024-01-22 12:00:00,0,0,0
2024-01-22 13:00:00,0,0,0
2024-01-22 14:00:00,0,0,0
2024-01-22 15:00:00,0,0,0
2024-01-22 16:00:00,0,0,0
2024-01-22 17:00:00,0,0,0
2024-01-22 18:00:00,0,0,0
2024-01-22 19:00:00,0,0,0
2024-01-22 20:00:00,0,0,0
2024-01-22 21:00:00,0,0,0
2024-01-22 22:00:00,0,0,0
2024-01-22 23:00:00,0,0,0
2024-01-23 00:00:00,0,0,0
2024-01-23 01:00:00,0,0,0
2024-01-23 02:00:00,0,0,0
2024-01-23 03:00:00,0,0,0
2024-01-23 04:00:00,0,0,0
2024-01-23 05:00:00,0,0,0
2024-01-23 06:00:00,0,0,0
2024-01-23 07:00:00,0,0,0
2024-01-23 08:00:00,0,0,0
2024-01-23 09:00:00,0,0,0
2024-01-23 10:00:00,0,0,0
2024-01-23 11:00:00,0,0,0
2024-01-23 12:00:00,0,0,0
2024-01-23 13:00:00,0,0,0
2024-01-23 14:00:00,0,0,0
2024-01-23 15:00:00,0,0,0
2024-01-23 16:00:00,0,0,0
2024-01-23 17:00:00,0,0,0
2024-01-23 18:00:00,0,0,0
2024-01-23 19:00:00,0,0,0
2024-01-23 20:00:00,0,0,0
2024-01-23 21:00:00,0,0,0
2024-01-23 22:00:00,0,0,0
2024-01-23 23:00:00,0,0,0
2024-01-24 00:00:00,0,0,0
2024-01-24 01:00:00,0,0,0
2024-01-24 02:00:00,0,0,0
2024-01-24 03:00:00,0,0,0
2024-01-24 04:00:00,0,0,0
2024-01-24 05:00:00,0,0,0
2024-01-24 06:00:00,0,0,0
2024-01-24 07:00:00,0,0,0
2024-01-24 08:00:00,0,0,0
2024-01-24 09:00:00,0,0,0
2024-01-24 10:00:00,0,0,0
2024-01-24 11:00:00,0,0,0
2024-01-24 12:00:00,0,0,0
2024-01-24 13:00:00,0,0,0
2024-01-24 14:00:00,0,0,0
2024-01-24 15:00:00,0,0,0
2024-01-24 16:00:00,0,0,0
2024-01-24 17:00:00,0,0,0
2024-01-24 18:00:00,0,0,0
2024-01-24 19:00:00,0,0,0
2024-01-24 20:00:00,0,0,0
2024-01-24 21:00:00,0,0,0
2024-01-24 22:00:00,0,0,0
2024-01-24 23:00:00,0,0,0
2024-01-25 00:00:00,0,0,0
2024-01-25 01:00:00,0,0,0
2024-01-25 02:00:00,0,0,0
2024-01-25 03:00:00,0,0,0
2024-01-25 04:00:00,0,0,0
2024-01-25 05:00:00,0,0,0
2024-01-25 06:00:00,0,0,0
2024-01-25 07:00:00,0,0,0
2024-01-25 08:00:00,0,0,0
2024-01-25 09:00:00,0,0,0
2024-01-25 10:00:00,0,0,0
2024-01-25 11:00:00,0,0,0
2024-01-25 12:00:00,0,0,0
2024-01-25 13:00:00,0,0,0
2024-01-25 14:00:00,0,0,0
2024-01-25 15:00:00,0,0,0
2024-01-25 16:00:00,0,0,0
2024-01-25 17:00:00,0,0,0
2024-01-25 18:00:00,0,0,0
2024-01-25 19:00:00,0,0,0
2024-01-25 20:00:00,0,0,0
2024-01-25 21:00:00,0,0,0
2024-01-25 22:00:00,0,0,0
2024-01-25 23:00:00,0,0,0
2024-01-26 00:00:00,0,0,0
2024-01-26 01:00:00,0,0,0
2024-01-26 02:00:00,0,0,0
2024-01-26 03:00:00,0,0,0
2024-01-26 04:00:00,0,0,0
2024-01-26 05:00:00,0,0,0
2024-01-26 06:00:00,0,0,0
2024-01-26 07:00:00,0,0,0
2024-01-26 08:00:00,0,0,0
2024-01-26 09:00:00,0,0,0
2024-01-26 10:00:00,0,0,0
2024-01-26 11:00:00,0,0,0
2024-01-26 12:00:00,0,0,0
2024-01-26 13:00:00,0,0,0
2024-01-26 14:00:00,0,0,0
2024-01-26 15:00:00,0,0,0
2024-01-26 16:00:00,0,0,0
2024-01-26 17:00:00,0,0,0
2024-01-26 18:00:00,0,0,0
2024-01-26 19:00:00,0,0,0
2024-01-26 20:00:00,0,0,0
2024-01-26 21:00:00,0,0,0
2024-01-26 22:00:00,0,0,0
2024-01-26 23:00:00,0,0,0
2024-01-27 00:00:00,0,0,0
2024-01-27 01:00:00,0,0,0
2024-01-27 02:00:00,0,0,0
2024-01-27 03:00:00,0,0,0
2024-01-27 04:00:00,0,0,0
2024-01-27 05:00:00,0,0,0
2024-01-27 06:00:00,0,0,0
2024-01-27 07:00:00,0,0,0
2024-01-27 08:00:00,0,0,0
2024-01-27 09:00:00,0,0,0
2024-01-27 10:00:00,0,0,0
2024-01-27 11:00:00,0,0,0
2024-01-27 12:00:00,0,0,0
2024-01-27 13:00:00,0,0,0
2024-01-27 14:00:00,0,0,0
2024-01-27 15:00:00,0,0,0
2024-01-27 16:00:00,0,0,0
2024-01-27 17:00:00,0,0,0
2024-01-27 18:00:00,0,0,0
2024-01-27 19:00:00,0,0,0
2024-01-27 20:00:00,0,0,0
2024-01-27 21:00:00,0,0,0
2024-01-27 22:00:00,0,0,0
2024-01-27 23:00:00,0,0,0
2024-01-28 00:00:00,0,0,0
2024-01-28 01:00:00,0,0,0
2024-01-28 02:00:00,0,0,0
2024-01-28 03:00:00,0,0,0
2024-01-28 04:00:00,0,0,0
2024-01-28 05:00:00,0,0,0
2024-01-28 06:00:00,0,0,0
2024-01-28 07:00:00,0,0,0
2024-01-28 08:00:00,0,0,0
2024-01-28 09:00:00,0,0,0
2024-01-28 10:00:00,0,0,0
2024-01-28 11:00:00,0,0,0
2024-01-28 12:00:00,0,0,0
2024-01-28 13:00:00,0,0,0
2024-01-28 14:00:00,0,0,0
2024-01-28 15:00:00,0,0,0
2024-01-28 16:00:00,0,0,0
2024-01-28 17:00:00,0,0,0
2024-01-28 18:00:00,0,0,0
2024-01-28 19:00:00,0,0,0
2024-01-28 20:00:00,0,0,0
2024-01-28 21:00:00,0,0,0
2024-01-28 22:00:00,0,0,0
2024-01-28 23:00:00,0,0,0
2024-01-29 00:00:00,0,0,0
2024-01-29 01:00:00,0,0,0
2024-01-29 02:00:00,0,0,0
2024-01-29 03:00:00,0,0,0
2024-01-29 04:00:00,0,0,0
2024-01-29 05:00:00,0,0,0
2024-01-29 06:00:00,0,0,0
2024-01-29 07:00:00,0,0,0
2024-01-29 08:00:00,0,0,0
2024-01-29 09:00:00,0,0,0
2024-01-29 10:00:00,0,0,0
2024-01-29 11:00:00,0,0,0
2024-01-29 12:00:00,0,0,0
2024-01-29 13:00:00,0,0,0
2024-01-29 14:00:00,0,0,0
2024-01-29 15:00:00,0,0,0
2024-01-29 16:00:00,0,0,0
2024-01-29 17:00:00,0,0,0
2024-01-29 18:00:00,0,0,0
2024-01-29 19:00:00,0,0,0
2024-01-29 20:00:00,0,0,0
2024-01-29 21:00:00,0,0,0
2024-01-29 22:00:00,0,0,0
2024-01-29 23:00:00,0,0,0
2024-01-30 00:00:00,0,0,0
2024-01-30 01:00:00,0,0,0
2024-01-30 02:00:00,0,0,0
2024-01-30 03:00:00,0,0,0
2024-01-30 04:00:00,0,0,0
2024-01-30 05:00:00,0,0,0
2024-01-30 06:00:00,0,0,0
2024-01-30 07:00:00,0,0,0
2024-01-30 08:00:00,0,0,0
2024-01-30 09:00:00,0,0,0
2024-01-30 10:00:00,0,0,0
2024-01-30 11:00:00,0,0,0
2024-01-30 12:00:00,0,0,0
2024-01-30 13:00:00,0,0,0
2024-01-30 14:00:00,0,0,0
2024-01-30 15:00:00,0,0,0
2024-01-30 16:00:00,0,0,0
2024-01-30 17:00:00,0,0,0
2024-01-30 18:00:00,0,0,0
2024-01-30 19:00:00,0,0,0
2024-01-30 20:00:00,0,0,0
2024-01-30 21:00:00,0,0,0
2024-01-30 22:00:00,0,0,0
2024-01-30 23:00:00,0,0,0
2024-01-31 00:00:00,0,0,0
2024-01-31 01:00:00,0,0,0
2024-01-31 02:00:00,0,0,0
2024-01-31 03:00:00,0,0,0
2024-01-31 04:00:00,0,0,0
2024-01-31 05:00:00,0,0,0
2024-01-31 06:00:00,0,0,0
2024-01-31 07:00:00,0,0,0
2024-01-31 08:00:00,0,0,0
2024-01-31 09:00:00,0,0,0
2024-01-31 10:00:00,0,0,0
2024-01-31 11:00:00,0,0,0
2024-01-31 12:00:00,0,0,0
2024-01-31 13:00:00,0,0,0
2024-01-31 14:00:00,0,0,0
2024-01-31 15:00:00,0,0,0
2024-01-31 16:00:00,0,0,0
2024-01-31 17:00:00,0,0,0
2024-01-31 18:00:00,0,0,0
2024-01-31 19:00:00,0,0,0
2024-01-31 20:00:00,0,0,0
2024-01-31 21:00:00,0,0,0
2024-01-31 22:00:00,0,0,0
2024-01-31 23:00:00,0,0,0
2024-02-01 00:00:00,0,0,0
2024-02-01 01:00:00,0,0,0
2024-02-01 02:00:00,0,0,0
2024-02-01 03:00:00,0,0,0
2024-02-01 04:00:00,0,0,0
2024-02-01 05:00:00,0,0,0
2024-02-01 06:00:00,0,0,0
2024-02-01 07:00:00,0,0,0
2024-02-01 08:00:00,0,0,0
2024-02-01 09:00:00,0,0,0
2024-02-01 10:00:00,0,0,0
2024-02-01 11:00:00,0,0,0
2024-02-01 12:00:00,0,0,0
2024-02-01 13:00:00,0,0,0
2024-02-01 14:00:00,0,0,0
2024-02-01 15:00:00,0,0,0
2024-02-01 16:00:00,0,0,0
2024-02-01 17:00:00,0,0,0
2024-02-01 18:00:00,0,0,0
2024-02-01 19:00:00,0,0,0
2024-02-01 20:00:00,0,0,0
2024-02-01 21:00:00,0,0,0
2024-02-01 22:00:00,0,0,0
2024-02-01 23:00:00,0,0,0
2024-02-02 00:00:00,0,0,0
2024-02-02 01:00:00,0,0,0
2024-02-02 02:00:00,0,0,0
2024-02-02 03:00:00,0,0,0
2024-02-02 04:00:00,0,0,0
2024-02-02 05:00:00,0,0,0
2024-02-02 06:00:00,0,0,0
2024-02-02 07:00:00,0,0,0
2024-02-02 08:00:00,0,0,0
2024-02-02 09:00:00,0,0,0
2024-02-02 10:00:00,0,0,0
2024-02-02 11:00:00,0,0,0
2024-02-02 12:00:00,0,0,0
2024-02-02 13:00:00,0,0,0
2024-02-02 14:00:00,0,0,0
2024-02-02 15:00:00,0,0,0
2024-02-02 16:00:00,0,0,0
2024-02-02 17:00:00,0,0,0
2024-02-02 18:00:00,0,0,0
2024-02-02 19:00:00,0,0,0
2024-02-02 20:00:00,0,0,0
2024-02-02 21:00:00,0,0,0
2024-02-02 22:00:00,0,0,0
2024-02-02 23:00:00,0,0,0
2024-02-03 00:00:00,0,0,0
2024-02-03 01:00:00,0,0,0
2024-02-03 02:00:00,0,0,0
2024-02-03 03:00:00,0,0,0
2024-02-03 04:00:00,0,0,0
2024-02-03 05:00:00,0,0,0
2024-02-03 06:00:00,0,0,0
2024-02-03 07:00:00,0,0,0
2024-02-03 08:00:00,0,0,0
2024-02-03 09:00:00,0,0,0
2024-02-03 10:00:00,0,0,0
2024-02-03 11:00:00,0,0,0
2024-02-03 12:00:00,0,0,0
2024-02-03 13:00:00,0,0,0
2024-02-03 14:00:00,0,0,0
2024-02-03 15:00:00,0,0,0
2024-02-03 16:00:00,0,0,0
2024-02-03 17:00:00,0,0,0
2024-02-03 18:00:00,0,0,0
2024-02-03 19:00:00,0,0,0
2024-02-03 20:00:00,0,0,0
2024-02-03 21:00:00,0,0,0
2024-02-03 22:00:00,0,0,0
2024-02-03 23:00:00,0,0,0
2024-02-04 00:00:00,0,0,0
2024-02-04 01:00:00,0,0,0
2024-02-04 02:00:00,0,0,0
2024-02-04 03:00:00,0,0,0
2024-02-04 04:00:00,0,0,0
2024-02-04 05:00:00,0,0,0
2024-02-04 06:00:00,0,0,0
2024-02-04 07:00:00,0,0,0
2024-02-04 08:00:00,0,0,0
2024-02-04 09:00:00,0,0,0
2024-02-04 10:00:00,0,0,0
2024-02-04 11:00:00,0,0,0
2024-02-04 12:00:00,0,0,0
2024-02-04 13:00:00,0,0,0
2024-02-04 14:00:00,0,0,0
2024-02-04 15:00:00,0,0,0
2024-02-04 16:00:00,0,0,0
2024-02-04 17:00:00,0,0,0
2024-02-04 18:00:00,0,0,0
2024-02-04 19:00:00,0,0,0
2024-02-04 20:00:00,0,0,0
2024-02-04 21:00:00,0,0,0
2024-02-04 22:00:00,0,0,0
2024-02-04 23:00:00,0,0,0
2024-02-05 00:00:00,0,0,0
2024-02-05 01:00:00,0,0,0
2024-02-05 02:00:00,0,0,0
2024-02-05 03:00:00,0,0,0
2024-02-05 04:00:00,0,0,0
2024-02-05 05:00:00,0,0,0
2024-02-05 06:00:00,0,0,0
2024-02-05 07:00:00,0,0,0
2024-02-05 08:00:00,0,0,0
2024-02-05 09:00:00,0,0,0
2024-02-05 10:00:00,0,0,0
2024-02-05 11:00:00,0,0,0
2024-02-05 12:00:00,0,0,0
2024-02-05 13:00:00,0,0,0
2024-02-05 14:00:00,0,0,0
2024-02-05 15:00:00,0,0,0
2024-02-05 16:00:00,0,0,0
2024-02-05 17:00:00,0,0,0
2024-02-05 18:00:00,0,0,0
2024-02-05 19:00:00,0,0,0
2024-02-05 20:00:00,0,0,0
2024-02-05 21:00:00,0,0,0
2024-02-05 22:00:00,0,0,0
2024-02-05 23:00:00,0,0,0
2024-02-06 00:00:00,0,0,0
2024-02-06 01:00:00,0,0,0
2024-02-06 02:00:00,0,0,0
2024-02-06 03:00:00,0,0,0
2024-02-06 04:00:00,0,0,0
2024-02-06 05:00:00,0,0,0
2024-02-06 06:00:00,0,0,0
2024-02-06 07:00:00,0,0,0
2024-02-06 08:00:00,0,0,0
2024-02-06 09:00:00,0,0,0
2024-02-06 10:00:00,0,0,0
2024-02-06 11:00:00,0,0,0
2024-02-06 12:00:00,0,0,0
2024-02-06 13:00:00,0,0,0
2024-02-06 14:00:00,0,0,0
2024-02-06 15:00:00,0,0,0
2024-02-06 16:00:00,0,0,0
2024-02-06 17:00:00,0,0,0
2024-02-06 18:00:00,0,0,0
2024-02-06 19:00:00,0,0,0
2024-02-06 20:00:00,0,0,0
2024-02-06 21:00:00,0,0,0
2024-02-06 22:00:00,0,0,0
2024-02-06 23:00:00,0,0,0
2024-02-07 00:00:00,0,0,0
2024-02-07 01:00:00,0,0,0
2024-02-07 02:00:00,0,0,0
2024-02-07 03:00:00,0,0,0
2024-02-07 04:00:00,0,0,0
2024-02-07 05:00:00,0,0,0
2024-02-07 06:00:00,0,0,0
2024-02-07 07:00:00,0,0,0
2024-02-07 08:00:00,0,0,0
2024-02-07 09:00:00,0,0,0
2024-02-07 10:00:00,0,0,0
2024-02-07 11:00:00,0,0,0
2024-02-07 12:00:00,0,0,0
2024-02-07 13:00:00,0,0,0
2024-02-07 14:00:00,0,0,0
2024-02-07 15:00:00,0,0,0
2024-02-07 16:00:00,0,0,0
2024-02-07 17:00:00,0,0,0
2024-02-07 18:00:00,0,0,0
2024-02-07 19:00:00,0,0,0
2024-02-07 20:00:00,0,0,0
2024-02-07 21:00:00,0,0,0
2024-02-07 22:00:00,0,0,0
2024-02-07 23:00:00,0,0,0
2024-02-08 00:00:00,0,0,0
2024-02-08 01:00:00,0,0,0
2024-02-08 02:00:00,0,0,0
2024-02-08 03:00:00,0,0,0
2024-02-08 04:00:00,0,0,0
2024-02-08 05:00:00,0,0,0
2024-02-08 06:00:00,0,0,0
2024-02-08 07:00:00,0,0,0
2024-02-08 08:00:00,0,0,0
2024-02-08 09:00:00,0,0,0
2024-02-08 10:00:00,0,0,0
2024-02-08 11:00:00,0,0,0
2024-02-08 12:00:00,0,0,0
2024-02-08 13:00:00,0,0,0
2024-02-08 14:00:00,0,0,0
2024-02-08 15:00:00,0,0,0
2024-02-08 16:00:00,0,0,0
2024-02-08 17:00:00,0,0,0
2024-02-08 18:00:00,0,0,0
2024-02-08 19:00:00,0,0,0
2024-02-08 20:00:00,0,0,0
2024-02-08 21:00:00,0,0,0
2024-02-08 22:00:00,0,0,0
2024-02-08 23:00:00,0,0,0
2024-02-09 00:00:00,0,0,0
2024-02-09 01:00:00,0,0,0
2024-02-09 02:00:00,0,0,0
2024-02-09 03:00:00,0,0,0
2024-02-09 04:00:00,0,0,0
2024-02-09 05:00:00,0,0,0
2024-02-09 06:00:00,0,0,0
2024-02-09 07:00:00,0,0,0
2024-02-09 08:00:00,0,0,0
2024-02-09 09:00:00,0,0,0
2024-02-09 10:00:00,0,0,0
2024-02-09 11:00:00,0,0,0
2024-02-09 12:00:00,0,0,0
2024-02-09 13:00:00,0,0,0
2024-02-09 14:00:00,0,0,0
2024-02-09 15:00:00,0,0,0
2024-02-09 16:00:00,0,0,0
2024-02-09 17:00:00,0,0,0
2024-02-09 18:00:00,0,0,0
2024-02-09 19:00:00,0,0,0
2024-02-09 20:00:00,0,0,0
2024-02-09 21:00:00,0,0,0
2024-02-09 22:00:00,0,0,0
2024-02-09 23:00:00,0,0,0
2024-02-10 00:00:00,0,0,0
2024-02-10 01:00:00,0,0,0
2024-02-10 02:00:00,0,0,0
2024-02-10 03:00:00,0,0,0
2024-02-10 04:00:00,0,0,0
2024-02-10 05:00:00,0,0,0
2024-02-10 06:00:00,0,0,0
2024-02-10 07:00:00,0,0,0
2024-02-10 08:00:00,0,0,0
2024-02-10 09:00:00,0,0,0
2024-02-10 10:00:00,0,0,0
2024-02-10 11:00:00,0,0,0
2024-02-10 12:00:00,0,0,0
2024-02-10 13:00:00,0,0,0
2024-02-10 14:00:00,0,0,0
2024-02-10 15:00:00,0,0,0
2024-02-10 16:00:00,0,0,0
2024-02-10 17:00:00,0,0,0
2024-02-10 18:00:00,0,0,0
2024-02-10 19:00:00,0,0,0
2024-02-10 20:00:00,0,0,0
2024-02-10 21:00:00,0,0,0
2024-02-10 22:00:00,0,0,0
2024-02-10 23:00:00,0,0,0
2024-02-11 00:00:00,0,0,0
2024-02-11 01:00:00,0,0,0
2024-02-11 02:00:00,0,0,0
2024-02-11 03:00:00,0,0,0
2024-02-11 04:00:00,0,0,0
2024-02-11 05:00:00,0,0,0
2024-02-11 06:00:00,0,0,0
2024-02-11 07:00:00,0,0,0
2024-02-11 08:00:00,0,0,0
2024-02-11 09:00:00,0,0,0
2024-02-11 10:00:00,0,0,0
2024-02-11 11:00:00,0,0,0
2024-02-11 12:00:00,0,0,0
2024-02-11 13:00:00,0,0,0
2024-02-11 14:00:00,0,0,0
2024-02-11 15:00:00,0,0,0
2024-02-11 16:00:00,0,0,0
2024-02-11 17:00:00,0,0,0
2024-02-11 18:00:00,0,0,0
2024-02-11 19:00:00,0,0,0
2024-02-11 20:00:00,0,0,0
2024-02-11 21:00:00,0,0,0
2024-02-11 22:00:00,0,0,0
2024-02-11 23:00:00,0,0,0
2024-02-12 00:00:00,0,0,0
2024-02-12 01:00:00,0,0,0
2024-02-12 02:00:00,0,0,0
2024-02-12 03:00:00,0,0,0
2024-02-12 04:00:00,0,0,0
2024-02-12 05:00:00,0,0,0
2024-02-12 06:00:00,0,0,0
2024-02-12 07:00:00,0,0,0
2024-02-12 08:00:00,0,0,0
2024-02-12 09:00:00,0,0,0
2024-02-12 10:00:00,0,0,0
2024-02-12 11:00:00,0,0,0
2024-02-12 12:00:00,0,0,0
2024-02-12 13:00:00,0,0,0
2024-02-12 14:00:00,0,0,0
2024-02-12 15:00:00,0,0,0
2024-02-12 16:00:00,0,0,0
2024-02-12 17:00:00,0,0,0
2024-02-12 18:00:00,0,0,0
2024-02-12 19:00:00,0,0,0
2024-02-12 20:00:00,0,0,0
2024-02-12 21:00:00,0,0,0
2024-02-12 22:00:00,0,0,0
2024-02-12 23:00:00,0,0,0
2024-02-13 00:00:00,0,0,0
2024-02-13 01:00:00,0,0,0
2024-02-13 02:00:00,0,0,0
2024-02-13 03:00:00,0,0,0
2024-02-13 04:00:00,0,0,0
2024-02-13 05:00:00,0,0,0
2024-02-13 06:00:00,0,0,0
2024-02-13 07:00:00,0,0,0
2024-02-13 08:00:00,0,0,0
2024-02-13 09:00:00,0,0,0
2024-02-13 10:00:00,0,0,0
2024-02-13 11:00:00,0,0,0
2024-02-13 12:00:00,0,0,0
2024-02-13 13:00:00,0,0,0
2024-02-13 14:00:00,0,0,0
2024-02-13 15:00:00,0,0,0
2024-02-13 16:00:00,0,0,0
2024-02-13 17:00:00,0,0,0
2024-02-13 18:00:00,0,0,0
2024-02-13 19:00:00,0,0,0
2024-02-13 20:00:00,0,0,0
2024-02-13 21:00:00,0,0,0
2024-02-13 22:00:00,0,0,0
2024-02-13 23:00:00,0,0,0
2024-02-14 00:00:00,0,0,0
2024-02-14 01:00:00,0,0,0
2024-02-14 02:00:00,0,0,0
2024-02-14 03:00:00,0,0,0
2024-02-14 04:00:00,0,0,0
2024-02-14 05:00:00,0,0,0
2024-02-14 06:00:00,0,0,0
2024-02-14 07:00:00,0,0,0
2024-02-14 08:00:00,0,0,0
2024-02-14 09:00:00,0,0,0
2024-02-14 10:00:00,0,0,0
2024-02-14 11:00:00,0,0,0
2024-02-14 12:00:00,0,0,0
2024-02-14 13:00:00,0,0,0
2024-02-14 14:00:00,0,0,0
2024-02-14 15:00:00,0,0,0
2024-02-14 16:00:00,0,0,0
2024-02-14 17:00:00,0,0,0
2024-02-14 18:00:00,0,0,0
2024-02-14 19:00:00,0,0,0
2024-02-14 20:00:00,0,0,0
2024-02-14 21:00:00,0,0,0
2024-02-14 22:00:00,0,0,0
2024-02-14 23:00:00,0,0,0
2024-02-15 00:00:00,0,0,0
2024-02-15 01:00:00,0,0,0
2024-02-15 02:00:00,0,0,0
2024-02-15 03:00:00,0,0,0
2024-02-15 04:00:00,0,0,0
2024-02-15 05:00:00,0,0,0
2024-02-15 06:00:00,0,0,0
2024-02-15 07:00:00,0,0,0
2024-02-15 08:00:00,0,0,0
2024-02-15 09:00:00,0,0,0
2024-02-15 10:00:00,0,0,0
2024-02-15 11:00:00,0,0,0
2024-02-15 12:00:00,0,0,0
2024-02-15 13:00:00,0,0,0
2024-02-15 14:00:00,0,0,0
2024-02-15 15:00:00,0,0,0
2024-02-15 16:00:00,0,0,0
2024-02-15 17:00:00,0,0,0
2024-02-15 18:00:00,0,0,0
2024-02-15 19:00:00,0,0,0
2024-02-15 20:00:00,0,0,0
2024-02-15 21:00:00,0,0,0
2024-02-15 22:00:00,0,0,0
2024-02-15 23:00:00,0,0,0
2024-02-16 00:00:00,0,0,0
2024-02-16 01:00:00,0,0,0
2024-02-16 02:00:00,0,0,0
2024-02-16 03:00:00,0,0,0
2024-02-16 04:00:00,0,0,0
2024-02-16 05:00:00,0,0,0
2024-02-16 06:00:00,0,0,0
2024-02-16 07:00:00,0,0,0
2024-02-16 08:00:00,0,0,0
2024-02-16 09:00:00,0,0,0
2024-02-16 10:00:00,0,0,0
2024-02-16 11:00:00,0,0,0
2024-02-16 12:00:00,0,0,0
2024-02-16 13:00:00,0,0,0
2024-02-16 14:00:00,0,0,0
2024-02-16 15:00:00,0,0,0
2024-02-16 16:00:00,0,0,0
2024-02-16 17:00:00,0,0,0
2024-02-16 18:00:00,0,0,0
2024-02-16 19:00:00,0,0,0
2024-02-16 20:00:00,0,0,0
2024-02-16 21:00:00,0,0,0
2024-02-16 22:00:00,0,0,0
2024-02-16 23:00:00,0,0,0
2024-02-17 00:00:00,0,0,0
2024-02-17 01:00:00,0,0,0
2024-02-17 02:00:00,0,0,0
2024-02-17 03:00:00,0,0,0
2024-02-17 04:00:00,0,0,0
2024-02-17 05:00:00,0,0,0
2024-02-17 06:00:00,0,0,0
2024-02-17 07:00:00,0,0,0
2024-02-17 08:00:00,0,0,0
2024-02-17 09:00:00,0,0,0
2024-02-17 10:00:00,0,0,0
2024-02-17 11:00:00,0,0,0
2024-02-17 12:00:00,0,0,0
2024-02-17 13:00:00,0,0,0
2024-02-17 14:00:00,0,0,0
2024-02-17 15:00:00,0,0,0
2024-02-17 16:00:00,0,0,0
2024-02-17 17:00:00,0,0,0
2024-02-17 18:00:00,0,0,0
2024-02-17 19:00:00,0,0,0
2024-02-17 20:00:00,0,0,0
2024-02-17 21:00:00,0,0,0
2024-02-17 22:00:00,0,0,0
2024-02-17 23:00:00,0,0,0
2024-02-18 00:00:00,0,0,0
2024-02-18 01:00:00,0,0,0
2024-02-18 02:00:00,0,0,0
2024-02-18 03:00:00,0,0,0
2024-02-18 04:00:00,0,0,0
2024-02-18 05:00:00,0,0,0
2024-02-18 06:00:00,0,0,0
2024-02-18 07:00:00,0,0,0
2024-02-18 08:00:00,0,0,0
2024-02-18 09:00:00,0,0,0
2024-02-18 10:00:00,0,0,0
2024-02-18 11:00:00,0,0,0
2024-02-18 12:00:00,0,0,0
2024-02-18 13:00:00,0,0,0
2024-02-18 14:00:00,0,0,0
2024-02-18 15:00:00,0,0,0
2024-02-18 16:00:00,0,0,0
2024-02-18 17:00:00,0,0,0
2024-02-18 18:00:00,0,0,0
2024-02-18 19:00:00,0,0,0
2024-02-18 20:00:00,0,0,0
2024-02-18 21:00:00,0,0,0
2024-02-18 22:00:00,0,0,0
2024-02-18 23:00:00,0,0,0
2024-02-19 00:00:00,0,0,0
2024-02-19 01:00:00,0,0,0
2024-02-19 02:00:00,0,0,0
2024-02-19 03:00:00,0,0,0
2024-02-19 04:00:00,0,0,0
2024-02-19 05:00:00,0,0,0
2024-02-19 06:00:00,0,0,0
2024-02-19 07:00:00,0,0,0
2024-02-19 08:00:00,0,0,0
2024-02-19 09:00:00,0,0,0
2024-02-19 10:00:00,0,0,0
2024-02-19 11:00:00,0,0,0
2024-02-19 12:00:00,0,0,0
2024-02-19 13:00:00,0,0,0
2024-02-19 14:00:00,0,0,0
2024-02-19 15:00:00,0,0,0
2024-02-19 16:00:00,0,0,0
2024-02-19 17:00:00,0,0,0
2024-02-19 18:00:00,0,0,0
2024-02-19 19:00:00,0,0,0
2024-02-19 20:00:00,0,0,0
2024-02-19 21:00:00,0,0,0
2024-02-19 22:00:00,0,0,0
2024-02-19 23:00:00,0,0,0
2024-02-20 00:00:00,0,0,0
2024-02-20 01:00:00,0,0,0
2024-02-20 02:00:00,0,0,0
2024-02-20 03:00:00,0,0,0
2024-02-20 04:00:00,0,0,0
2024-02-20 05:00:00,0,0,0
2024-02-20 06:00:00,0,0,0
2024-02-20 07:00:00,0,0,0
2024-02-20 08:00:00,0,0,0
2024-02-20 09:00:00,0,0,0
2024-02-20 10:00:00,0,0,0
2024-02-20 11:00:00,0,0,0
2024-02-20 12:00:00,0,0,0
2024-02-20 13:00:00,0,0,0
2024-02-20 14:00:00,0,0,0
2024-02-20 15:00:00,0,0,0
2024-02-20 16:00:00,0,0,0
2024-02-20 17:00:00,0,0,0
2024-02-20 18:00:00,0,0,0
2024-02-20 19:00:00,0,0,0
2024-02-20 20:00:00,0,0,0
2024-02-20 21:00:00,0,0,0
2024-02-20 22:00:00,0,0,0
2024-02-20 23:00:00,0,0,0
2024-02-21 00:00:00,0,0,0
2024-02-21 01:00:00,0,0,0
2024-02-21 02:00:00,0,0,0
2024-02-21 03:00:00,0,0,0
2024-02-21 04:00:00,0,0,0
2024-02-21 05:00:00,0,0,0
2024-02-21 06:00:00,0,0,0
2024-02-21 07:00:00,0,0,0
2024-02-21 08:00:00,0,0,0
2024-02-21 09:00:00,0,0,0
2024-02-21 10:00:00,0,0,0
2024-02-21 11:00:00,0,0,0
2024-02-21 12:00:00,0,0,0
2024-02-21 13:00:00,0,0,0
2024-02-21 14:00:00,0,0,0
2024-02-21 15:00:00,0,0,0
2024-02-21 16:00:00,0,0,0
2024-02-21 17:00:00,0,0,0
2024-02-21 18:00:00,0,0,0
2024-02-21 19:00:00,0,0,0
2024-02-21 20:00:00,0,0,0
2024-02-21 21:00:00,0,0,0
2024-02-21 22:00:00,0,0,0
2024-02-21 23:00:00,0,0,0
2024-02-22 00:00:00,0,0,0
2024-02-22 01:00:00,0,0,0
2024-02-22 02:00:00,0,0,0
2024-02-22 03:00:00,0,0,0
2024-02-22 04:00:00,0,0,0
2024-02-22 05:00:00,0,0,0
2024-02-22 06:00:00,0,0,0
2024-02-22 07:00:00,0,0,0
2024-02-22 08:00:00,0,0,0
2024-02-22 09:00:00,0,0,0
2024-02-22 10:00:00,0,0,0
2024-02-22 11:00:00,0,0,0
2024-02-22 12:00:00,0,0,0
2024-02-22 13:00:00,0,0,0
2024-02-22 14:00:00,0,0,0
2024-02-22 15:00:00,0,0,0
2024-02-22 16:00:00,0,0,0
2024-02-22 17:00:00,0,0,0
2024-02-22 18:00:00,0,0,0
2024-02-22 19:00:00,0,0,0
2024-02-22 20:00:00,0,0,0
2024-02-22 21:00:00,0,0,0
2024-02-22 22:00:00,0,0,0
2024-02-22 23:00:00,0,0,0
2024-02-23 00:00:00,0,0,0
2024-02-23 01:00:00,0,0,0
2024-02-23 02:00:00,0,0,0
2024-02-23 03:00:00,0,0,0
2024-02-23 04:00:00,0,0,0
2024-02-23 05:00:00,0,0,0
2024-02-23 06:00:00,0,0,0
2024-02-23 07:00:00,0,0,0
2024-02-23 08:00:00,0,0,0
2024-02-23 09:00:00,0,0,0
2024-02-23 10:00:00,0,0,0
2024-02-23 11:00:00,0,0,0
2024-02-23 12:00:00,0,0,0
2024-02-23 13:00:00,0,0,0
2024-02-23 14:00:00,0,0,0
2024-02-23 15:00:00,0,0,0
2024-02-23 16:00:00,0,0,0
2024-02-23 17:00:00,0,0,0
2024-02-23 18:00:00,0,0,0
2024-02-23 19:00:00,0,0,0
2024-02-23 20:00:00,0,0,0
2024-02-23 21:00:00,0,0,0
2024-02-23 22:00:00,0,0,0
2024-02-23 23:00:00,0,0,0
2024-02-24 00:00:00,0,0,0
2024-02-24 01:00:00,0,0,0
2024-02-24 02:00:00,0,0,0
2024-02-24 03:00:00,0,0,0
2024-02-24 04:00:00,0,0,0
2024-02-24 05:00:00,0,0,0
2024-02-24 06:00:00,0,0,0
2024-02-24 07:00:00,0,0,0
2024-02-24 08:00:00,0,0,0
2024-02-24 09:00:00,0,0,0
2024-02-24 10:00:00,0,0,0
2024-02-24 11:00:00,0,0,0
2024-02-24 12:00:00,0,0,0
2024-02-24 13:00:00,0,0,0
2024-02-24 14:00:00,0,0,0
2024-02-24 15:00:00,0,0,0
2024-02-24 16:00:00,0,0,0
2024-02-24 17:00:00,0,0,0
2024-02-24 18:00:00,0,0,0
2024-02-24 19:00:00,0,0,0
2024-02-24 20:00:00,0,0,0
2024-02-24 21:00:00,0,0,0
2024-02-24 22:00:00,0,0,0
2024-02-24 23:00:00,0,0,0
2024-02-25 00:00:00,0,0,0
2024-02-25 01:00:00,0,0,0
2024-02-25 02:00:00,0,0,0
2024-02-25 03:00:00,0,0,0
2024-02-25 04:00:00,0,0,0
2024-02-25 05:00:00,0,0,0
2024-02-25 06:00:00,0,0,0
2024-02-25 07:00:00,0,0,0
2024-02-25 08:00:00,0,0,0
2024-02-25 09:00:00,0,0,0
2024-02-25 10:00:00,0,0,0
2024-02-25 11:00:00,0,0,0
2024-02-25 12:00:00,0,0,0
2024-02-25 13:00:00,0,0,0
2024-02-25 14:00:00,0,0,0
2024-02-25 15:00:00,0,0,0
2024-02-25 16:00:00,0,0,0
2024-02-25 17:00:00,0,0,0
2024-02-25 18:00:00,0,0,0
2024-02-25 19:00:00,0,0,0
2024-02-25 20:00:00,0,0,0
2024-02-25 21:00:00,0,0,0
2024-02-25 22:00:00,0,0,0
2024-02-25 23:00:00,0,0,0
2024-02-26 00:00:00,0,0,0
2024-02-26 01:00:00,0,0,0
2024-02-26 02:00:00,0,0,0
2024-02-26 03:00:00,0,0,0
2024-02-26 04:00:00,0,0,0
2024-02-26 05:00:00,0,0,0
2024-02-26 06:00:00,0,0,0
2024-02-26 07:00:00,0,0,0
2024-02-26 08:00:00,0,0,0
2024-02-26 09:00:00,0,0,0
2024-02-26 10:00:00,0,0,0
2024-02-26 11:00:00,0,0,0
2024-02-26 12:00:00,0,0,0
2024-02-26 13:00:00,0,0,0
2024-02-26 14:00:00,0,0,0
2024-02-26 15:00:00,0,0,0
2024-02-26 16:00:00,0,0,0
2024-02-26 17:00:00,0,0,0
2024-02-26 18:00:00,0,0,0
2024-02-26 19:00:00,0,0,0
2024-02-26 20:00:00,0,0,0
2024-02-26 21:00:00,0,0,0
2024-02-26 22:00:00,0,0,0
2024-02-26 23:00:00,0,0,0
2024-02-27 00:00:00,0,0,0
2024-02-27 01:00:00,0,0,0
2024-02-27 02:00:00,0,0,0
2024-02-27 03:00:00,0,0,0
2024-02-27 04:00:00,0,0,0
2024-02-27 05:00:00,0,0,0
2024-02-27 06:00:00,0,0,0
2024-02-27 07:00:00,0,0,0
2024-02-27 08:00:00,0,0,0
2024-02-27 09:00:00,0,0,0
2024-02-27 10:00:00,0,0,0
2024-02-27 11:00:00,0,0,0
2024-02-27 12:00:00,0,0,0
2024-02-27 13:00:00,0,0,0
2024-02-27 14:00:00,0,0,0
2024-02-27 15:00:00,0,0,0
2024-02-27 16:00:00,0,0,0
2024-02-27 17:00:00,0,0,0
2024-02-27 18:00:00,0,0,0
2024-02-27 19:00:00,0,0,0
2024-02-27 20:00:00,0,0,0
2024-02-27 21:00:00,0,0,0
2024-02-27 22:00:00,0,0,0
2024-02-27 23:00:00,0,0,0
2024-02-28 00:00:00,0,0,0
2024-02-28 01:00:00,0,0,0
2024-02-28 02:00:00,0,0,0
2024-02-28 03:00:00,0,0,0
2024-02-28 04:00:00,0,0,0
2024-02-28 05:00:00,0,0,0
2024-02-28 06:00:00,0,0,0
2024-02-28 07:00:00,0,0,0
2024-02-28 08:00:00,0,0,0
2024-02-28 09:00:00,0,0,0
2024-02-28 10:00:00,0,0,0
2024-02-28 11:00:00,0,0,0
2024-02-28 12:00:00,0,0,0
2024-02-28 13:00:00,0,0,0
2024-02-28 14:00:00,0,0,0
2024-02-28 15:00:00,0,0,0
2024-02-28 16:00:00,0,0,0
2024-02-28 17:00:00,0,0,0
2024-02-28 18:00:00,0,0,0
2024-02-28 19:00:00,0,0,0
2024-02-28 20:00:00,0,0,0
2024-02-28 21:00:00,0,0,0
2024-02-28 22:00:00,0,0,0
2024-02-28 23:00:00,0,0,0
2024-02-29 00:00:00,0,0,0
2024-02-29 01:00:00,0,0,0
2024-02-29 02:00:00,0,0,0
2024-02-29 03:00:00,0,0,0
2024-02-29 04:00:00,0,0,0
2024-02-29 05:00:00,0,0,0
2024-02-29 06:00:00,0,0,0
2024-02-29 07:00:00,0,0,0
2024-02-29 08:00:00,0,0,0
2024-02-29 09:00:00,0,0,0
2024-02-29 10:00:00,0,0,0
2024-02-29 11:00:00,0,0,0
2024-02-29 12:00:00,0,0,0
2024-02-29 13:00:00,0,0,0
2024-02-29 14:00:00,0,0,0
2024-02-29 15:00:00,0,0,0
2024-02-29 16:00:00,0,0,0
2024-02-29 17:00:00,0,0,0
2024-02-29 18:00:00,0,0,0
2024-02-29 19:00:00,0,0,0
2024-02-29 20:00:00,0,0,0
2024-02-29 21:00:00,0,0,0
2024-02-29 22:00:00,0,0,0
2024-02-29 23:00:00,0,0,0
2024-03-01 00:00:00,0,0,0
2024-03-01 01:00:00,0,0,0
2024-03-01 02:00:00,0,0,0
2024-03-01 03:00:00,0,0,0
2024-03-01 04:00:00,0,0,0
2024-03-01 05:00:00,0,0,0
2024-03-01 06:00:00,0,0,0
2024-03-01 07:00:00,0,0,0
2024-03-01 08:00:00,0,0,0
2024-03-01 09:00:00,0,0,0
2024-03-01 10:00:00,0,0,0
2024-03-01 11:00:00,0,0,0
2024-03-01 12:00:00,0,0,0
2024-03-01 13:00:00,0,0,0
2024-03-01 14:00:00,0,0,0
2024-03-01 15:00:00,0,0,0
2024-03-01 16:00:00,0,0,0
2024-03-01 17:00:00,0,0,0
2024-03-01 18:00:00,0,0,0
2024-03-01 19:00:00,0,0,0
2024-03-01 20:00:00,0,0,0
2024-03-01 21:00:00,0,0,0
2024-03-01 22:00:00,0,0,0
2024-03-01 23:00:00,0,0,0
2024-03-02 00:00:00,0,0,0
2024-03-02 01:00:00,0,0,0
2024-03-02 02:00:00,0,0,0
2024-03-02 03:00:00,0,0,0
2024-03-02 04:00:00,0,0,0
2024-03-02 05:00:00,0,0,0
2024-03-02 06:00:00,0,0,0
2024-03-02 07:00:00,0,0,0
2024-03-02 08:00:00,0,0,0
2024-03-02 09:00:00,0,0,0
2024-03-02 10:00:00,0,0,0
2024-03-02 11:00:00,0,0,0
2024-03-02 12:00:00,0,0,0
2024-03-02 13:00:00,0,0,0
2024-03-02 14:00:00,0,0,0
2024-03-02 15:00:00,0,0,0
2024-03-02 16:00:00,0,0,0
2024-03-02 17:00:00,0,0,0
2024-03-02 18:00:00,0,0,0
2024-03-02 19:00:00,0,0,0
2024-03-02 20:00:00,0,0,0
2024-03-02 21:00:00,0,0,0
2024-03-02 22:00:00,0,0,0
2024-03-02 23:00:00,0,0,0
2024-03-03 00:00:00,0,0,0
2024-03-03 01:00:00,0,0,0
2024-03-03 02:00:00,0,0,0
2024-03-03 03:00:00,0,0,0
2024-03-03 04:00:00,0,0,0
2024-03-03 05:00:00,0,0,0
2024-03-03 06:00:00,0,0,0
2024-03-03 07:00:00,0,0,0
2024-03-03 08:00:00,0,0,0
2024-03-03 09:00:00,0,0,0
2024-03-03 10:00:00,0,0,0
2024-03-03 11:00:00,0,0,0
2024-03-03 12:00:00,0,0,0
2024-03-03 13:00:00,0,0,0
2024-03-03 14:00:00,0,0,0
2024-03-03 15:00:00,0,0,0
2024-03-03 16:00:00,0,0,0
2024-03-03 17:00:00,0,0,0
2024-03-03 18:00:00,0,0,0
2024-03-03 19:00:00,0,0,0
2024-03-03 20:00:00,0,0,0
2024-03-03 21:00:00,0,0,0
2024-03-03 22:00:00,0,0,0
2024-03-03 23:00:00,0,0,0
2024-03-04 00:00:00,0,0,0
2024-03-04 01:00:00,0,0,0
2024-03-04 02:00:00,0,0,0
2024-03-04 03:00:00,0,0,0
2024-03-04 04:00:00,0,0,0
2024-03-04 05:00:00,0,0,0
2024-03-04 06:00:00,0,0,0
2024-03-04 07:00:00,0,0,0
2024-03-04 08:00:00,0,0,0
2024-03-04 09:00:00,0,0,0
2024-03-04 10:00:00,0,0,0
2024-03-04 11:00:00,0,0,0
2024-03-04 12:00:00,0,0,0
2024-03-04 13:00:00,0,0,0
2024-03-04 14:00:00,0,0,0
2024-03-04 15:00:00,0,0,0
2024-03-04 16:00:00,0,0,0
2024-03-04 17:00:00,0,0,0
2024-03-04 18:00:00,0,0,0
2024-03-04 19:00:00,0,0,0
2024-03-04 20:00:00,0,0,0
2024-03-04 21:00:00,0,0,0
2024-03-04 22:00:00,0,0,0
2024-03-04 23:00:00,0,0,0
2024-03-05 00:00:00,0,0,0
2024-03-05 01:00:00,0,0,0
2024-03-05 02:00:00,0,0,0
2024-03-05 03:00:00,0,0,0
2024-03-05 04:00:00,0,0,0
2024-03-05 05:00:00,0,0,0
2024-03-05 06:00:00,0,0,0
2024-03-05 07:00:00,0,0,0
2024-03-05 08:00:00,0,0,0
2024-03-05 09:00:00,0,0,0
2024-03-05 10:00:00,0,0,0
2024-03-05 11:00:00,0,0,0
2024-03-05 12:00:00,0,0,0
2024-03-05 13:00:00,0,0,0
2024-03-05 14:00:00,0,0,0
2024-03-05 15:00:00,0,0,0
2024-03-05 16:00:00,0,0,0
2024-03-05 17:00:00,0,0,0
2024-03-05 18:00:00,0,0,0
2024-03-05 19:00:00,0,0,0
2024-03-05 20:00:00,0,0,0
2024-03-05 21:00:00,0,0,0
2024-03-05 22:00:00,0,0,0
2024-03-05 23:00:00,0,0,0
2024-03-06 00:00:00,0,0,0
2024-03-06 01:00:00,0,0,0
2024-03-06 02:00:00,0,0,0
2024-03-06 03:00:00,0,0,0
2024-03-06 04:00:00,0,0,0
2024-03-06 05:00:00,0,0,0
2024-03-06 06:00:00,0,0,0
2024-03-06 07:00:00,0,0,0
2024-03-06 08:00:00,0,0,0
2024-03-06 09:00:00,0,0,0
2024-03-06 10:00:00,0,0,0
2024-03-06 11:00:00,0,0,0
2024-03-06 12:00:00,0,0,0
2024-03-06 13:00:00,0,0,0
2024-03-06 14:00:00,0,0,0
2024-03-06 15:00:00,0,0,0
2024-03-06 16:00:00,0,0,0
2024-03-06 17:00:00,0,0,0
2024-03-06 18:00:00,0,0,0
2024-03-06 19:00:00,0,0,0
2024-03-06 20:00:00,0,0,0
2024-03-06 21:00:00,0,0,0
2024-03-06 22:00:00,0,0,0
2024-03-06 23:00:00,0,0,0
2024-03-07 00:00:00,0,0,0
2024-03-07 01:00:00,0,0,0
2024-03-07 02:00:00,0,0,0
2024-03-07 03:00:00,0,0,0
2024-03-07 04:00:00,0,0,0
2024-03-07 05:00:00,0,0,0
2024-03-07 06:00:00,0,0,0
2024-03-07 07:00:00,0,0,0
2024-03-07 08:00:00,0,0,0
2024-03-07 09:00:00,0,0,0
2024-03-07 10:00:00,0,0,0
2024-03-07 11:00:00,0,0,0
2024-03-07 12:00:00,0,0,0
2024-03-07 13:00:00,0,0,0
2024-03-07 14:00:00,0,0,0
2024-03-07 15:00:00,0,0,0
2024-03-07 16:00:00,0,0,0
2024-03-07 17:00:00,0,0,0
2024-03-07 18:00:00,0,0,0
2024-03-07 19:00:00,0,0,0
2024-03-07 20:00:00,0,0,0
2024-03-07 21:00:00,0,0,0
2024-03-07 22:00:00,0,0,0
2024-03-07 23:00:00,0,0,0
2024-03-08 00:00:00,0,0,0
2024-03-08 01:00:00,0,0,0
2024-03-08 02:00:00,0,0,0
2024-03-08 03:00:00,0,0,0
2024-03-08 04:00:00,0,0,0
2024-03-08 05:00:00,0,0,0
2024-03-08 06:00:00,0,0,0
2024-03-08 07:00:00,0,0,0
2024-03-08 08:00:00,0,0,0
2024-03-08 09:00:00,0,0,0
2024-03-08 10:00:00,0,0,0
2024-03-08 11:00:00,0,0,0
2024-03-08 12:00:00,0,0,0
2024-03-08 13:00:00,0,0,0
2024-03-08 14:00:00,0,0,0
2024-03-08 15:00:00,0,0,0
2024-03-08 16:00:00,0,0,0
2024-03-08 17:00:00,0,0,0
2024-03-08 18:00:00,0,0,0
2024-03-08 19:00:00,0,0,0
2024-03-08 20:00:00,0,0,0
2024-03-08 21:00:00,0,0,0
2024-03-08 22:00:00,0,0,0
2024-03-08 23:00:00,0,0,0
2024-03-09 00:00:00,0,0,0
2024-03-09 01:00:00,0,0,0
2024-03-09 02:00:00,0,0,0
2024-03-09 03:00:00,0,0,0
2024-03-09 04:00:00,0,0,0
2024-03-09 05:00:00,0,0,0
2024-03-09 06:00:00,0,0,0
2024-03-09 07:00:00,0,0,0
2024-03-09 08:00:00,0,0,0
2024-03-09 09:00:00,0,0,0
2024-03-09 10:00:00,0,0,0
2024-03-09 11:00:00,0,0,0
2024-03-09 12:00:00,0,0,0
2024-03-09 13:00:00,0,0,0
2024-03-09 14:00:00,0,0,0
2024-03-09 15:00:00,0,0,0
2024-03-09 16:00:00,0,0,0
2024-03-09 17:00:00,0,0,0
2024-03-09 18:00:00,0,0,0
2024-03-09 19:00:00,0,0,0
2024-03-09 20:00:00,0,0,0
2024-03-09 21:00:00,0,0,0
2024-03-09 22:00:00,0,0,0
2024-03-09 23:00:00,0,0,0
2024-03-10 00:00:00,0,0,0
2024-03-10 01:00:00,0,0,0
2024-03-10 02:00:00,0,0,0
2024-03-10 03:00:00,0,0,0
2024-03-10 04:00:00,0,0,0
2024-03-10 05:00:00,0,0,0
2024-03-10 06:00:00,0,0,0
2024-03-10 07:00:00,0,0,0
2024-03-10 08:00:00,0,0,0
2024-03-10 09:00:00,0,0,0
2024-03-10 10:00:00,0,0,0
2024-03-10 11:00:00,0,0,0
2024-03-10 12:00:00,0,0,0
2024-03-10 13:00:00,0,0,0
2024-03-10 14:00:00,0,0,0
2024-03-10 15:00:00,0,0,0
2024-03-10 16:00:00,0,0,0
2024-03-10 17:00:00,0,0,0
2024-03-10 18:00:00,0,0,0
2024-03-10 19:00:00,0,0,0
2024-03-10 20:00:00,0,0,0
2024-03-10 21:00:00,0,0,0
2024-03-10 22:00:00,0,0,0
2024-03-10 23:00:00,0,0,0
2024-03-11 00:00:00,0,0,0
2024-03-11 01:00:00,0,0,0
2024-03-11 02:00:00,0,0,0
2024-03-11 03:00:00,0,0,0
2024-03-11 04:00:00,0,0,0
2024-03-11 05:00:00,0,0,0
2024-03-11 06:00:00,0,0,0
2024-03-11 07:00:00,0,0,0
2024-03-11 08:00:00,0,0,0
2024-03-11 09:00:00,0,0,0
2024-03-11 10:00:00,0,0,0
2024-03-11 11:00:00,0,0,0
2024-03-11 12:00:00,0,0,0
2024-03-11 13:00:00,0,0,0
2024-03-11 14:00:00,0,0,0
2024-03-11 15:00:00,0,0,0
2024-03-11 16:00:00,0,0,0
2024-03-11 17:00:00,0,0,0
2024-03-11 18:00:00,0,0,0
2024-03-11 19:00:00,0,0,0
2024-03-11 20:00:00,0,0,0
2024-03-11 21:00:00,0,0,0
2024-03-11 22:00:00,0,0,0
2024-03-11 23:00:00,0,0,0
2024-03-12 00:00:00,0,0,0
2024-03-12 01:00:00,0,0,0
2024-03-12 02:00:00,0,0,0
2024-03-12 03:00:00,0,0,0
2024-03-12 04:00:00,0,0,0
2024-03-12 05:00:00,0,0,0
2024-03-12 06:00:00,0,0,0
2024-03-12 07:00:00,0,0,0
2024-03-12 08:00:00,0,0,0
2024-03-12 09:00:00,0,0,0
2024-03-12 10:00:00,0,0,0
2024-03-12 11:00:00,0,0,0
2024-03-12 12:00:00,0,0,0
2024-03-12 13:00:00,0,0,0
2024-03-12 14:00:00,0,0,0
2024-03-12 15:00:00,0,0,0
2024-03-12 16:00:00,0,0,0
2024-03-12 17:00:00,0,0,0
2024-03-12 18:00:00,0,0,0
2024-03-12 19:00:00,0,0,0
2024-03-12 20:00:00,0,0,0
2024-03-12 21:00:00,0,0,0
2024-03-12 22:00:00,0,0,0
2024-03-12 23:00:00,0,0,0
2024-03-13 00:00:00,0,0,0
2024-03-13 01:00:00,0,0,0
2024-03-13 02:00:00,0,0,0
2024-03-13 03:00:00,0,0,0
2024-03-13 04:00:00,0,0,0
2024-03-13 05:00:00,0,0,0
2024-03-13 06:00:00,0,0,0
2024-03-13 07:00:00,0,0,0
2024-03-13 08:00:00,0,0,0
2024-03-13 09:00:00,0,0,0
2024-03-13 10:00:00,0,0,0
2024-03-13 11:00:00,0,0,0
2024-03-13 12:00:00,0,0,0
2024-03-13 13:00:00,0,0,0
2024-03-13 14:00:00,0,0,0
2024-03-13 15:00:00,0,0,0
2024-03-13 16:00:00,0,0,0
2024-03-13 17:00:00,0,0,0
2024-03-13 18:00:00,0,0,0
2024-03-13 19:00:00,0,0,0
2024-03-13 20:00:00,0,0,0
2024-03-13 21:00:00,0,0,0
2024-03-13 22:00:00,0,0,0
2024-03-13 23:00:00,0,0,0
2024-03-14 00:00:00,0,0,0
2024-03-14 01:00:00,0,0,0
2024-03-14 02:00:00,0,0,0
2024-03-14 03:00:00,0,0,0
2024-03-14 04:00:00,0,0,0
2024-03-14 05:00:00,0,0,0
2024-03-14 06:00:00,0,0,0
2024-03-14 07:00:00,0,0,0
2024-03-14 08:00:00,0,0,0
2024-03-14 09:00:00,0,0,0
2024-03-14 10:00:00,0,0,0
2024-03-14 11:00:00,0,0,0
2024-03-14 12:00:00,0,0,0
2024-03-14 13:00:00,0,0,0
2024-03-14 14:00:00,0,0,0
2024-03-14 15:00:00,0,0,0
2024-03-14 16:00:00,0,0,0
2024-03-14 17:00:00,0,0,0
2024-03-14 18:00:00,0,0,0
2024-03-14 19:00:00,0,0,0
2024-03-14 20:00:00,0,0,0
2024-03-14 21:00:00,0,0,0
2024-03-14 22:00:00,0,0,0
2024-03-14 23:00:00,0,0,0
2024-03-15 00:00:00,0,0,0
2024-03-15 01:00:00,0,0,0
2024-03-15 02:00:00,0,0,0
2024-03-15 03:00:00,0,0,0
2024-03-15 04:00:00,0,0,0
2024-03-15 05:00:00,0,0,0
2024-03-15 06:00:00,0,0,0
2024-03-15 07:00:00,0,0,0
2024-03-15 08:00:00,0,0,0
2024-03-15 09:00:00,0,0,0
2024-03-15 10:00:00,0,0,0
2024-03-15 11:00:00,0,0,0
2024-03-15 12:00:00,0,0,0
2024-03-15 13:00:00,0,0,0
2024-03-15 14:00:00,0,0,0
2024-03-15 15:00:00,0,0,0
2024-03-15 16:00:00,0,0,0
2024-03-15 17:00:00,0,0,0
2024-03-15 18:00:00,0,0,0
2024-03-15 19:00:00,0,0,0
2024-03-15 20:00:00,0,0,0
2024-03-15 21:00:00,0,0,0
2024-03-15 22:00:00,0,0,0
2024-03-15 23:00:00,0,0,0
2024-03-16 00:00:00,0,0,0
2024-03-16 01:00:00,0,0,0
2024-03-16 02:00:00,0,0,0
2024-03-16 03:00:00,0,0,0
2024-03-16 04:00:00,0,0,0
2024-03-16 05:00:00,0,0,0
2024-03-16 06:00:00,0,0,0
2024-03-16 07:00:00,0,0,0
2024-03-16 08:00:00,0,0,0
2024-03-16 09:00:00,0,0,0
2024-03-16 10:00:00,0,0,0
2024-03-16 11:00:00,0,0,0
2024-03-16 12:00:00,0,0,0
2024-03-16 13:00:00,0,0,0
2024-03-16 14:00:00,0,0,0
2024-03-16 15:00:00,0,0,0
2024-03-16 16:00:00,0,0,0
2024-03-16 17:00:00,0,0,0
2024-03-16 18:00:00,0,0,0
2024-03-16 19:00:00,0,0,0
2024-03-16 20:00:00,0,0,0
2024-03-16 21:00:00,0,0,0
2024-03-16 22:00:00,0,0,0
2024-03-16 23:00:00,0,0,0
2024-03-17 00:00:00,0,0,0
2024-03-17 01:00:00,0,0,0
2024-03-17 02:00:00,0,0,0
2024-03-17 03:00:00,0,0,0
2024-03-17 04:00:00,0,0,0
2024-03-17 05:00:00,0,0,0
2024-03-17 06:00:00,0,0,0
2024-03-17 07:00:00,0,0,0
2024-03-17 08:00:00,0,0,0
2024-03-17 09:00:00,0,0,0
2024-03-17 10:00:00,0,0,0
2024-03-17 11:00:00,0,0,0
2024-03-17 12:00:00,0,0,0
2024-03-17 13:00:00,0,0,0
2024-03-17 14:00:00,0,0,0
2024-03-17 15:00:00,0,0,0
2024-03-17 16:00:00,0,0,0
2024-03-17 17:00:00,0,0,0
2024-03-17 18:00:00,0,0,0
2024-03-17 19:00:00,0,0,0
2024-03-17 20:00:00,0,0,0
2024-03-17 21:00:00,0,0,0
2024-03-17 22:00:00,0,0,0
2024-03-17 23:00:00,0,0,0
2024-03-18 00:00:00,0,0,0
2024-03-18 01:00:00,0,0,0
2024-03-18 02:00:00,0,0,0
2024-03-18 03:00:00,0,0,0
2024-03-18 04:00:00,0,0,0
2024-03-18 05:00:00,0,0,0
2024-03-18 06:00:00,0,0,0
2024-03-18 07:00:00,0,0,0
2024-03-18 08:00:00,0,0,0
2024-03-18 09:00:00,0,0,0
2024-03-18 10:00:00,0,0,0
2024-03-18 11:00:00,0,0,0
2024-03-18 12:00:00,0,0,0
2024-03-18 13:00:00,0,0,0
2024-03-18 14:00:00,0,0,0
2024-03-18 15:00:00,0,0,0
2024-03-18 16:00:00,0,0,0
2024-03-18 17:00:00,0,0,0
2024-03-18 18:00:00,0,0,0
2024-03-18 19:00:00,0,0,0
2024-03-18 20:00:00,0,0,0
2024-03-18 21:00:00,0,0,0
2024-03-18 22:00:00,0,0,0
2024-03-18 23:00:00,0,0,0
2024-03-19 00:00:00,0,0,0
2024-03-19 01:00:00,0,0,0
2024-03-19 02:00:00,0,0,0
2024-03-19 03:00:00,0,0,0
2024-03-19 04:00:00,0,0,0
2024-03-19 05:00:00,0,0,0
2024-03-19 06:00:00,0,0,0
2024-03-19 07:00:00,0,0,0
2024-03-19 08:00:00,0,0,0
2024-03-19 09:00:00,0,0,0
2024-03-19 10:00:00,0,0,0
2024-03-19 11:00:00,0,0,0
2024-03-19 12:00:00,0,0,0
2024-03-19 13:00:00,0,0,0
2024-03-19 14:00:00,0,0,0
2024-03-19 15:00:00,0,0,0
2024-03-19 16:00:00,0,0,0
2024-03-19 17:00:00,0,0,0
2024-03-19 18:00:00,0,0,0
2024-03-19 19:00:00,0,0,0
2024-03-19 20:00:00,0,0,0
2024-03-19 21:00:00,0,0,0
2024-03-19 22:00:00,0,0,0
2024-03-19 23:00:00,0,0,0
2024-03-20 00:00:00,0,0,0
2024-03-20 01:00:00,0,0,0
2024-03-20 02:00:00,0,0,0
2024-03-20 03:00:00,0,0,0
2024-03-20 04:00:00,0,0,0
2024-03-20 05:00:00,0,0,0
2024-03-20 06:00:00,0,0,0
2024-03-20 07:00:00,0,0,0
2024-03-20 08:00:00,0,0,0
2024-03-20 09:00:00,0,0,0
2024-03-20 10:00:00,0,0,0
2024-03-20 11:00:00,0,0,0
2024-03-20 12:00:00,0,0,0
2024-03-20 13:00:00,0,0,0
2024-03-20 14:00:00,0,0,0
2024-03-20 15:00:00,0,0,0
2024-03-20 16:00:00,0,0,0
2024-03-20 17:00:00,0,0,0
2024-03-20 18:00:00,0,0,0
2024-03-20 19:00:00,0,0,0
2024-03-20 20:00:00,0,0,0
2024-03-20 21:00:00,0,0,0
2024-03-20 22:00:00,0,0,0
2024-03-20 23:00:00,0,0,0
2024-03-21 00:00:00,0,0,0
2024-03-21 01:00:00,0,0,0
2024-03-21 02:00:00,0,0,0
2024-03-21 03:00:00,0,0,0
2024-03-21 04:00:00,0,0,0
2024-03-21 05:00:00,0,0,0
2024-03-21 06:00:00,0,0,0
2024-03-21 07:00:00,0,0,0
2024-03-21 08:00:00,0,0,0
2024-03-21 09:00:00,0,0,0
2024-03-21 10:00:00,0,0,0
2024-03-21 11:00:00,0,0,0
2024-03-21 12:00:00,0,0,0
2024-03-21 13:00:00,0,0,0
2024-03-21 14:00:00,0,0,0
2024-03-21 15:00:00,0,0,0
2024-03-21 16:00:00,0,0,0
2024-03-21 17:00:00,0,0,0
2024-03-21 18:00:00,0,0,0
2024-03-21 19:00:00,0,0,0
2024-03-21 20:00:00,0,0,0
2024-03-21 21:00:00,0,0,0
2024-03-21 22:00:00,0,0,0
2024-03-21 23:00:00,0,0,0
2024-03-22 00:00:00,0,0,0
2024-03-22 01:00:00,0,0,0
2024-03-22 02:00:00,0,0,0
2024-03-22 03:00:00,0,0,0
2024-03-22 04:00:00,0,0,0
2024-03-22 05:00:00,0,0,0
2024-03-22 06:00:00,0,0,0
2024-03-22 07:00:00,0,0,0
2024-03-22 08:00:00,0,0,0
2024-03-22 09:00:00,0,0,0
2024-03-22 10:00:00,0,0,0
2024-03-22 11:00:00,0,0,0
2024-03-22 12:00:00,0,0,0
2024-03-22 13:00:00,0,0,0
2024-03-22 14:00:00,0,0,0
2024-03-22 15:00:00,0,0,0
2024-03-22 16:00:00,0,0,0
2024-03-22 17:00:00,0,0,0
2024-03-22 18:00:00,0,0,0
2024-03-22 19:00:00,0,0,0
2024-03-22 20:00:00,0,0,0
2024-03-22 21:00:00,0,0,0
2024-03-22 22:00:00,0,0,0
2024-03-22 23:00:00,0,0,0
2024-03-23 00:00:00,0,0,0
2024-03-23 01:00:00,0,0,0
2024-03-23 02:00:00,0,0,0
2024-03-23 03:00:00,0,0,0
2024-03-23 04:00:00,0,0,0
2024-03-23 05:00:00,0,0,0
2024-03-23 06:00:00,0,0,0
2024-03-23 07:00:00,0,0,0
2024-03-23 08:00:00,0,0,0
2024-03-23 09:00:00,0,0,0
2024-03-23 10:00:00,0,0,0
2024-03-23 11:00:00,0,0,0
2024-03-23 12:00:00,0,0,0
2024-03-23 13:00:00,0,0,0
2024-03-23 14:00:00,0,0,0
2024-03-23 15:00:00,0,0,0
2024-03-23 16:00:00,0,0,0
2024-03-23 17:00:00,0,0,0
2024-03-23 18:00:00,0,0,0
2024-03-23 19:00:00,0,0,0
2024-03-23 20:00:00,0,0,0
2024-03-23 21:00:00,0,0,0
2024-03-23 22:00:00,0,0,0
2024-03-23 23:00:00,0,0,0
2024-03-24 00:00:00,0,0,0
2024-03-24 01:00:00,0,0,0
2024-03-24 02:00:00,0,0,0
2024-03-24 03:00:00,0,0,0
2024-03-24 04:00:00,0,0,0
2024-03-24 05:00:00,0,0,0
2024-03-24 06:00:00,0,0,0
2024-03-24 07:00:00,0,0,0
2024-03-24 08:00:00,0,0,0
2024-03-24 09:00:00,0,0,0
2024-03-24 10:00:00,0,0,0
2024-03-24 11:00:00,0,0,0
2024-03-24 12:00:00,0,0,0
2024-03-24 13:00:00,0,0,0
2024-03-24 14:00:00,0,0,0
2024-03-24 15:00:00,0,0,0
2024-03-24 16:00:00,0,0,0
2024-03-24 17:00:00,0,0,0
2024-03-24 18:00:00,0,0,0
2024-03-24 19:00:00,0,0,0
2024-03-24 20:00:00,0,0,0
2024-03-24 21:00:00,0,0,0
2024-03-24 22:00:00,0,0,0
2024-03-24 23:00:00,0,0,0
2024-03-25 00:00:00,0,0,0
2024-03-25 01:00:00,0,0,0
2024-03-25 02:00:00,0,0,0
2024-03-25 03:00:00,0,0,0
2024-03-25 04:00:00,0,0,0
2024-03-25 05:00:00,0,0,0
2024-03-25 06:00:00,0,0,0
2024-03-25 07:00:00,0,0,0
2024-03-25 08:00:00,0,0,0
2024-03-25 09:00:00,0,0,0
2024-03-25 10:00:00,0,0,0
2024-03-25 11:00:00,0,0,0
2024-03-25 12:00:00,0,0,0
2024-03-25 13:00:00,0,0,0
2024-03-25 14:00:00,0,0,0
2024-03-25 15:00:00,0,0,0
2024-03-25 16:00:00,0,0,0
2024-03-25 17:00:00,0,0,0
2024-03-25 18:00:00,0,0,0
2024-03-25 19:00:00,0,0,0
2024-03-25 20:00:00,0,0,0
2024-03-25 21:00:00,0,0,0
2024-03-25 22:00:00,0,0,0
2024-03-25 23:00:00,0,0,0
2024-03-26 00:00:00,0,0,0
2024-03-26 01:00:00,0,0,0
2024-03-26 02:00:00,0,0,0
2024-03-26 03:00:00,0,0,0
2024-03-26 04:00:00,0,0,0
2024-03-26 05:00:00,0,0,0
2024-03-26 06:00:00,0,0,0
2024-03-26 07:00:00,0,0,0
2024-03-26 08:00:00,0,0,0
2024-03-26 09:00:00,0,0,0
2024-03-26 10:00:00,0,0,0
2024-03-26 11:00:00,0,0,0
2024-03-26 12:00:00,0,0,0
2024-03-26 13:00:00,0,0,0
2024-03-26 14:00:00,0,0,0
2024-03-26 15:00:00,0,0,0
2024-03-26 16:00:00,0,0,0
2024-03-26 17:00:00,0,0,0
2024-03-26 18:00:00,0,0,0
2024-03-26 19:00:00,0,0,0
2024-03-26 20:00:00,0,0,0
2024-03-26 21:00:00,0,0,0
2024-03-26 22:00:00,0,0,0
2024-03-26 23:00:00,0,0,0
2024-03-27 00:00:00,0,0,0
2024-03-27 01:00:00,0,0,0
2024-03-27 02:00:00,0,0,0
2024-03-27 03:00:00,0,0,0
2024-03-27 04:00:00,0,0,0
2024-03-27 05:00:00,0,0,0
2024-03-27 06:00:00,0,0,0
2024-03-27 07:00:00,0,0,0
2024-03-27 08:00:00,0,0,0
2024-03-27 09:00:00,0,0,0
2024-03-27 10:00:00,0,0,0
2024-03-27 11:00:00,0,0,0
2024-03-27 12:00:00,0,0,0
2024-03-27 13:00:00,0,0,0
2024-03-27 14:00:00,0,0,0
2024-03-27 15:00:00,0,0,0
2024-03-27 16:00:00,0,0,0
2024-03-27 17:00:00,0,0,0
2024-03-27 18:00:00,0,0,0
2024-03-27 19:00:00,0,0,0
2024-03-27 20:00:00,0,0,0
2024-03-27 21:00:00,0,0,0
2024-03-27 22:00:00,0,0,0
2024-03-27 23:00:00,0,0,0
2024-03-28 00:00:00,0,0,0
2024-03-28 01:00:00,0,0,0
2024-03-28 02:00:00,0,0,0
2024-03-28 03:00:00,0,0,0
2024-03-28 04:00:00,0,0,0
2024-03-28 05:00:00,0,0,0
2024-03-28 06:00:00,0,0,0
2024-03-28 07:00:00,0,0,0
2024-03-28 08:00:00,0,0,0
2024-03-28 09:00:00,0,0,0
2024-03-28 10:00:00,0,0,0
2024-03-28 11:00:00,0,0,0
2024-03-28 12:00:00,0,0,0
2024-03-28 13:00:00,0,0,0
2024-03-28 14:00:00,0,0,0
2024-03-28 15:00:00,0,0,0
2024-03-28 16:00:00,0,0,0
2024-03-28 17:00:00,0,0,0
2024-03-28 18:00:00,0,0,0
2024-03-28 19:00:00,0,0,0
2024-03-28 20:00:00,0,0,0
2024-03-28 21:00:00,0,0,0
2024-03-28 22:00:00,0,0,0
2024-03-28 23:00:00,0,0,0
2024-03-29 00:00:00,0,0,0
2024-03-29 01:00:00,0,0,0
2024-03-29 02:00:00,0,0,0
2024-03-29 03:00:00,0,0,0
2024-03-29 04:00:00,0,0,0
2024-03-29 05:00:00,0,0,0
2024-03-29 06:00:00,0,0,0
2024-03-29 07:00:00,0,0,0
2024-03-29 08:00:00,0,0,0
2024-03-29 09:00:00,0,0,0
2024-03-29 10:00:00,0,0,0
2024-03-29 11:00:00,0,0,0
2024-03-29 12:00:00,0,0,0
2024-03-29 13:00:00,0,0,0
2024-03-29 14:00:00,0,0,0
2024-03-29 15:00:00,0,0,0
2024-03-29 16:00:00,0,0,0
2024-03-29 17:00:00,0,0,0
2024-03-29 18:00:00,0,0,0
2024-03-29 19:00:00,0,0,0
2024-03-29 20:00:00,0,0,0
2024-03-29 21:00:00,0,0,0
2024-03-29 22:00:00,0,0,0
2024-03-29 23:00:00,0,0,0
2024-03-30 00:00:00,0,0,0
2024-03-30 01:00:00,0,0,0
2024-03-30 02:00:00,0,0,0
2024-03-30 03:00:00,0,0,0
2024-03-30 04:00:00,0,0,0
2024-03-30 05:00:00,0,0,0
2024-03-30 06:00:00,0,0,0
2024-03-30 07:00:00,0,0,0
2024-03-30 08:00:00,0,0,0
2024-03-30 09:00:00,0,0,0
2024-03-30 10:00:00,0,0,0
2024-03-30 11:00:00,0,0,0
2024-03-30 12:00:00,0,0,0
2024-03-30 13:00:00,0,0,0
2024-03-30 14:00:00,0,0,0
2024-03-30 15:00:00,0,0,0
2024-03-30 16:00:00,0,0,0
2024-03-30 17:00:00,0,0,0
2024-03-30 18:00:00,0,0,0
2024-03-30 19:00:00,0,0,0
2024-03-30 20:00:00,0,0,0
2024-03-30 21:00:00,0,0,0
2024-03-30 22:00:00,0,0,0
2024-03-30 23:00:00,0,0,0
2024-03-31 00:00:00,0,0,0
2024-03-31 01:00:00,0,0,0
2024-03-31 02:00:00,0,0,0
2024-03-31 03:00:00,0,0,0
2024-03-31 04:00:00,0,0,0
2024-03-31 05:00:00,0,0,0
2024-03-31 06:00:00,0,0,0
2024-03-31 07:00:00,0,0,0
2024-03-31 08:00:00,0,0,0
2024-03-31 09:00:00,0,0,0
2024-03-31 10:00:00,0,0,0
2024-03-31 11:00:00,0,0,0
2024-03-31 12:00:00,0,0,0
2024-03-31 13:00:00,0,0,0
2024-03-31 14:00:00,0,0,0
2024-03-31 15:00:00,0,0,0
2024-03-31 16:00:00,0,0,0
2024-03-31 17:00:00,0,0,0
2024-03-31 18:00:00,0,0,0
2024-03-31 19:00:00,0,0,0
2024-03-31 20:00:00,0,0,0
2024-03-31 21:00:00,0,0,0
2024-03-31 22:00:00,0,0,0
2024-03-31 23:00:00,0,0,0
2024-04-01 00:00:00,0,0,0
2024-04-01 01:00:00,0,0,0
2024-04-01 02:00:00,0,0,0
2024-04-01 03:00:00,0,0,0
2024-04-01 04:00:00,0,0,0
2024-04-01 05:00:00,0,0,0
2024-04-01 06:00:00,0,0,0
2024-04-01 07:00:00,0,0,0
2024-04-01 08:00:00,0,0,0
2024-04-01 09:00:00,0,0,0
2024-04-01 10:00:00,0,0,0
2024-04-01 11:00:00,0,0,0
2024-04-01 12:00:00,0,0,0
2024-04-01 13:00:00,0,0,0
2024-04-01 14:00:00,0,0,0
2024-04-01 15:00:00,0,0,0
2024-04-01 16:00:00,0,0,0
2024-04-01 17:00:00,0,0,0
2024-04-01 18:00:00,0,0,0
2024-04-01 19:00:00,0,0,0
2024-04-01 20:00:00,0,0,0
2024-04-01 21:00:00,0,0,0
2024-04-01 22:00:00,0,0,0
2024-04-01 23:00:00,0,0,0
2024-04-02 00:00:00,0,0,0
2024-04-02 01:00:00,0,0,0
2024-04-02 02:00:00,0,0,0
2024-04-02 03:00:00,0,0,0
2024-04-02 04:00:00,0,0,0
2024-04-02 05:00:00,0,0,0
2024-04-02 06:00:00,0,0,0
2024-04-02 07:00:00,0,0,0
2024-04-02 08:00:00,0,0,0
2024-04-02 09:00:00,0,0,0
2024-04-02 10:00:00,0,0,0
2024-04-02 11:00:00,0,0,0
2024-04-02 12:00:00,0,0,0
2024-04-02 13:00:00,0,0,0
2024-04-02 14:00:00,0,0,0
2024-04-02 15:00:00,0,0,0
2024-04-02 16:00:00,0,0,0
2024-04-02 17:00:00,0,0,0
2024-04-02 18:00:00,0,0,0
2024-04-02 19:00:00,0,0,0
2024-04-02 20:00:00,0,0,0
2024-04-02 21:00:00,0,0,0
2024-04-02 22:00:00,0,0,0
2024-04-02 23:00:00,0,0,0
2024-04-03 00:00:00,0,0,0
2024-04-03 01:00:00,0,0,0
2024-04-03 02:00:00,0,0,0
2024-04-03 03:00:00,0,0,0
2024-04-03 04:00:00,0,0,0
2024-04-03 05:00:00,0,0,0
2024-04-03 06:00:00,0,0,0
2024-04-03 07:00:00,0,0,0
2024-04-03 08:00:00,0,0,0
2024-04-03 09:00:00,0,0,0
2024-04-03 10:00:00,0,0,0
2024-04-03 11:00:00,0,0,0
2024-04-03 12:00:00,0,0,0
2024-04-03 13:00:00,0,0,0
2024-04-03 14:00:00,0,0,0
2024-04-03 15:00:00,0,0,0
2024-04-03 16:00:00,0,0,0
2024-04-03 17:00:00,0,0,0
2024-04-03 18:00:00,0,0,0
2024-04-03 19:00:00,0,0,0
2024-04-03 20:00:00,0,0,0
2024-04-03 21:00:00,0,0,0
2024-04-03 22:00:00,0,0,0
2024-04-03 23:00:00,0,0,0
2024-04-04 00:00:00,0,0,0
2024-04-04 01:00:00,0,0,0
2024-04-04 02:00:00,0,0,0
2024-04-04 03:00:00,0,0,0
2024-04-04 04:00:00,0,0,0
2024-04-04 05:00:00,0,0,0
2024-04-04 06:00:00,0,0,0
2024-04-04 07:00:00,0,0,0
2024-04-04 08:00:00,0,0,0
2024-04-04 09:00:00,0,0,0
2024-04-04 10:00:00,0,0,0
2024-04-04 11:00:00,0,0,0
2024-04-04 12:00:00,0,0,0
2024-04-04 13:00:00,0,0,0
2024-04-04 14:00:00,0,0,0
2024-04-04 15:00:00,0,0,0
2024-04-04 16:00:00,0,0,0
2024-04-04 17:00:00,0,0,0
2024-04-04 18:00:00,0,0,0
2024-04-04 19:00:00,0,0,0
2024-04-04 20:00:00,0,0,0
2024-04-04 21:00:00,0,0,0
2024-04-04 22:00:00,0,0,0
2024-04-04 23:00:00,0,0,0
2024-04-05 00:00:00,0,0,0
2024-04-05 01:00:00,0,0,0
2024-04-05 02:00:00,0,0,0
2024-04-05 03:00:00,0,0,0
2024-04-05 04:00:00,0,0,0
2024-04-05 05:00:00,0,0,0
2024-04-05 06:00:00,0,0,0
2024-04-05 07:00:00,0,0,0
2024-04-05 08:00:00,0,0,0
2024-04-05 09:00:00,0,0,0
2024-04-05 10:00:00,0,0,0
2024-04-05 11:00:00,0,0,0
2024-04-05 12:00:00,0,0,0
2024-04-05 13:00:00,0,0,0
2024-04-05 14:00:00,0,0,0
2024-04-05 15:00:00,0,0,0
2024-04-05 16:00:00,0,0,0
2024-04-05 17:00:00,0,0,0
2024-04-05 18:00:00,0,0,0
2024-04-05 19:00:00,0,0,0
2024-04-05 20:00:00,0,0,0
2024-04-05 21:00:00,0,0,0
2024-04-05 22:00:00,0,0,0
2024-04-05 23:00:00,0,0,0
2024-04-06 00:00:00,0,0,0
2024-04-06 01:00:00,0,0,0
2024-04-06 02:00:00,0,0,0
2024-04-06 03:00:00,0,0,0
2024-04-06 04:00:00,0,0,0
2024-04-06 05:00:00,0,0,0
2024-04-06 06:00:00,0,0,0
2024-04-06 07:00:00,0,0,0
2024-04-06 08:00:00,0,0,0
2024-04-06 09:00:00,0,0,0
2024-04-06 10:00:00,0,0,0
2024-04-06 11:00:00,0,0,0
2024-04-06 12:00:00,0,0,0
2024-04-06 13:00:00,0,0,0
2024-04-06 14:00:00,0,0,0
2024-04-06 15:00:00,0,0,0
2024-04-06 16:00:00,0,0,0
2024-04-06 17:00:00,0,0,0
2024-04-06 18:00:00,0,0,0
2024-04-06 19:00:00,0,0,0
2024-04-06 20:00:00,0,0,0
2024-04-06 21:00:00,0,0,0
2024-04-06 22:00:00,0,0,0
2024-04-06 23:00:00,0,0,0
2024-04-07 00:00:00,0,0,0
2024-04-07 01:00:00,0,0,0
2024-04-07 02:00:00,0,0,0
2024-04-07 03:00:00,0,0,0
2024-04-07 04:00:00,0,0,0
2024-04-07 05:00:00,0,0,0
2024-04-07 06:00:00,0,0,0
2024-04-07 07:00:00,0,0,0
2024-04-07 08:00:00,0,0,0
2024-04-07 09:00:00,0,0,0
2024-04-07 10:00:00,0,0,0
2024-04-07 11:00:00,0,0,0
2024-04-07 12:00:00,0,0,0
2024-04-07 13:00:00,0,0,0
2024-04-07 14:00:00,0,0,0
2024-04-07 15:00:00,0,0,0
2024-04-07 16:00:00,0,0,0
2024-04-07 17:00:00,0,0,0
2024-04-07 18:00:00,0,0,0
2024-04-07 19:00:00,0,0,0
2024-04-07 20:00:00,0,0,0
2024-04-07 21:00:00,0,0,0
2024-04-07 22:00:00,0,0,0
2024-04-07 23:00:00,0,0,0
2024-04-08 00:00:00,0,0,0
2024-04-08 01:00:00,0,0,0
2024-04-08 02:00:00,0,0,0
2024-04-08 03:00:00,0,0,0
2024-04-08 04:00:00,0,0,0
2024-04-08 05:00:00,0,0,0
2024-04-08 06:00:00,0,0,0
2024-04-08 07:00:00,0,0,0
2024-04-08 08:00:00,0,0,0
2024-04-08 09:00:00,0,0,0
2024-04-08 10:00:00,0,0,0
2024-04-08 11:00:00,0,0,0
2024-04-08 12:00:00,0,0,0
2024-04-08 13:00:00,0,0,0
2024-04-08 14:00:00,0,0,0
2024-04-08 15:00:00,0,0,0
2024-04-08 16:00:00,0,0,0
2024-04-08 17:00:00,0,0,0
2024-04-08 18:00:00,0,0,0
2024-04-08 19:00:00,0,0,0
2024-04-08 20:00:00,0,0,0
2024-04-08 21:00:00,0,0,0
2024-04-08 22:00:00,0,0,0
2024-04-08 23:00:00,0,0,0
2024-04-09 00:00:00,0,0,0
2024-04-09 01:00:00,0,0,0
2024-04-09 02:00:00,0,0,0
2024-04-09 03:00:00,0,0,0
2024-04-09 04:00:00,0,0,0
2024-04-09 05:00:00,0,0,0
2024-04-09 06:00:00,0,0,0
2024-04-09 07:00:00,0,0,0
2024-04-09 08:00:00,0,0,0
2024-04-09 09:00:00,0,0,0
2024-04-09 10:00:00,0,0,0
2024-04-09 11:00:00,0,0,0
2024-04-09 12:00:00,0,0,0
2024-04-09 13:00:00,0,0,0
2024-04-09 14:00:00,0,0,0
2024-04-09 15:00:00,0,0,0
2024-04-09 16:00:00,0,0,0
2024-04-09 17:00:00,0,0,0
2024-04-09 18:00:00,0,0,0
2024-04-09 19:00:00,0,0,0
2024-04-09 20:00:00,0,0,0
2024-04-09 21:00:00,0,0,0
2024-04-09 22:00:00,0,0,0
2024-04-09 23:00:00,0,0,0
2024-04-10 00:00:00,0,0,0
2024-04-10 01:00:00,0,0,0
2024-04-10 02:00:00,0,0,0
2024-04-10 03:00:00,0,0,0
2024-04-10 04:00:00,0,0,0
2024-04-10 05:00:00,0,0,0
2024-04-10 06:00:00,0,0,0
2024-04-10 07:00:00,0,0,0
2024-04-10 08:00:00,0,0,0
2024-04-10 09:00:00,0,0,0
2024-04-10 10:00:00,0,0,0
2024-04-10 11:00:00,0,0,0
2024-04-10 12:00:00,0,0,0
2024-04-10 13:00:00,0,0,0
2024-04-10 14:00:00,0,0,0
2024-04-10 15:00:00,0,0,0
2024-04-10 16:00:00,0,0,0
2024-04-10 17:00:00,0,0,0
2024-04-10 18:00:00,0,0,0
2024-04-10 19:00:00,0,0,0
2024-04-10 20:00:00,0,0,0
2024-04-10 21:00:00,0,0,0
2024-04-10 22:00:00,0,0,0
2024-04-10 23:00:00,0,0,0
2024-04-11 00:00:00,0,0,0
2024-04-11 01:00:00,0,0,0
2024-04-11 02:00:00,0,0,0
2024-04-11 03:00:00,0,0,0
2024-04-11 04:00:00,0,0,0
2024-04-11 05:00:00,0,0,0
2024-04-11 06:00:00,0,0,0
2024-04-11 07:00:00,0,0,0
2024-04-11 08:00:00,0,0,0
2024-04-11 09:00:00,0,0,0
2024-04-11 10:00:00,0,0,0
2024-04-11 11:00:00,0,0,0
2024-04-11 12:00:00,0,0,0
2024-04-11 13:00:00,0,0,0
2024-04-11 14:00:00,0,0,0
2024-04-11 15:00:00,0,0,0
2024-04-11 16:00:00,0,0,0
2024-04-11 17:00:00,0,0,0
2024-04-11 18:00:00,0,0,0
2024-04-11 19:00:00,0,0,0
2024-04-11 20:00:00,0,0,0
2024-04-11 21:00:00,0,0,0
2024-04-11 22:00:00,0,0,0
2024-04-11 23:00:00,0,0,0
2024-04-12 00:00:00,0,0,0
2024-04-12 01:00:00,0,0,0
2024-04-12 02:00:00,0,0,0
2024-04-12 03:00:00,0,0,0
2024-04-12 04:00:00,0,0,0
2024-04-12 05:00:00,0,0,0
2024-04-12 06:00:00,0,0,0
2024-04-12 07:00:00,0,0,0
2024-04-12 08:00:00,0,0,0
2024-04-12 09:00:00,0,0,0
2024-04-12 10:00:00,0,0,0
2024-04-12 11:00:00,0,0,0
2024-04-12 12:00:00,0,0,0
2024-04-12 13:00:00,0,0,0
2024-04-12 14:00:00,0,0,0
2024-04-12 15:00:00,0,0,0
2024-04-12 16:00:00,0,0,0
2024-04-12 17:00:00,0,0,0
2024-04-12 18:00:00,0,0,0
2024-04-12 19:00:00,0,0,0
2024-04-12 20:00:00,0,0,0
2024-04-12 21:00:00,0,0,0
2024-04-12 22:00:00,0,0,0
2024-04-12 23:00:00,0,0,0
2024-04-13 00:00:00,0,0,0
2024-04-13 01:00:00,0,0,0
2024-04-13 02:00:00,0,0,0
2024-04-13 03:00:00,0,0,0
2024-04-13 04:00:00,0,0,0
2024-04-13 05:00:00,0,0,0
2024-04-13 06:00:00,0,0,0
2024-04-13 07:00:00,0,0,0
2024-04-13 08:00:00,0,0,0
2024-04-13 09:00:00,0,0,0
2024-04-13 10:00:00,0,0,0
2024-04-13 11:00:00,0,0,0
2024-04-13 12:00:00,0,0,0
2024-04-13 13:00:00,0,0,0
2024-04-13 14:00:00,0,0,0
2024-04-13 15:00:00,0,0,0
2024-04-13 16:00:00,0,0,0
2024-04-13 17:00:00,0,0,0
2024-04-13 18:00:00,0,0,0
2024-04-13 19:00:00,0,0,0
2024-04-13 20:00:00,0,0,0
2024-04-13 21:00:00,0,0,0
2024-04-13 22:00:00,0,0,0
2024-04-13 23:00:00,0,0,0
2024-04-14 00:00:00,0,0,0
2024-04-14 01:00:00,0,0,0
2024-04-14 02:00:00,0,0,0
2024-04-14 03:00:00,0,0,0
2024-04-14 04:00:00,0,0,0
2024-04-14 05:00:00,0,0,0
2024-04-14 06:00:00,0,0,0
2024-04-14 07:00:00,0,0,0
2024-04-14 08:00:00,0,0,0
2024-04-14 09:00:00,0,0,0
2024-04-14 10:00:00,0,0,0
2024-04-14 11:00:00,0,0,0
2024-04-14 12:00:00,0,0,0
2024-04-14 13:00:00,0,0,0
2024-04-14 14:00:00,0,0,0
2024-04-14 15:00:00,0,0,0
2024-04-14 16:00:00,0,0,0
2024-04-14 17:00:00,0,0,0
2024-04-14 18:00:00,0,0,0
2024-04-14 19:00:00,0,0,0
2024-04-14 20:00:00,0,0,0
2024-04-14 21:00:00,0,0,0
2024-04-14 22:00:00,0,0,0
2024-04-14 23:00:00,0,0,0
2024-04-15 00:00:00,0,0,0
2024-04-15 01:00:00,0,0,0
2024-04-15 02:00:00,0,0,0
2024-04-15 03:00:00,0,0,0
2024-04-15 04:00:00,0,0,0
2024-04-15 05:00:00,0,0,0
2024-04-15 06:00:00,0,0,0
2024-04-15 07:00:00,0,0,0
2024-04-15 08:00:00,0,0,0
2024-04-15 09:00:00,0,0,0
2024-04-15 10:00:00,0,0,0
2024-04-15 11:00:00,0,0,0
2024-04-15 12:00:00,0,0,0
2024-04-15 13:00:00,0,0,0
2024-04-15 14:00:00,0,0,0
2024-04-15 15:00:00,0,0,0
2024-04-15 16:00:00,0,0,0
2024-04-15 17:00:00,0,0,0
2024-04-15 18:00:00,0,0,0
2024-04-15 19:00:00,0,0,0
2024-04-15 20:00:00,0,0,0
2024-04-15 21:00:00,0,0,0
2024-04-15 22:00:00,0,0,0
2024-04-15 23:00:00,0,0,0
2024-04-16 00:00:00,0,0,0
2024-04-16 01:00:00,0,0,0
2024-04-16 02:00:00,0,0,0
2024-04-16 03:00:00,0,0,0
2024-04-16 04:00:00,0,0,0
2024-04-16 05:00:00,0,0,0
2024-04-16 06:00:00,0,0,0
2024-04-16 07:00:00,0,0,0
2024-04-16 08:00:00,0,0,0
2024-04-16 09:00:00,0,0,0
2024-04-16 10:00:00,0,0,0
2024-04-16 11:00:00,0,0,0
2024-04-16 12:00:00,0,0,0
2024-04-16 13:00:00,0,0,0
2024-04-16 14:00:00,0,0,0
2024-04-16 15:00:00,0,0,0
2024-04-16 16:00:00,0,0,0
2024-04-16 17:00:00,0,0,0
2024-04-16 18:00:00,0,0,0
2024-04-16 19:00:00,0,0,0
2024-04-16 20:00:00,0,0,0
2024-04-16 21:00:00,0,0,0
2024-04-16 22:00:00,0,0,0
2024-04-16 23:00:00,0,0,0
2024-04-17 00:00:00,0,0,0
2024-04-17 01:00:00,0,0,0
2024-04-17 02:00:00,0,0,0
2024-04-17 03:00:00,0,0,0
2024-04-17 04:00:00,0,0,0
2024-04-17 05:00:00,0,0,0
2024-04-17 06:00:00,0,0,0
2024-04-17 07:00:00,0,0,0
2024-04-17 08:00:00,0,0,0
2024-04-17 09:00:00,0,0,0
2024-04-17 10:00:00,0,0,0
2024-04-17 11:00:00,0,0,0
2024-04-17 12:00:00,0,0,0
2024-04-17 13:00:00,0,0,0
2024-04-17 14:00:00,0,0,0
2024-04-17 15:00:00,0,0,0
2024-04-17 16:00:00,0,0,0
2024-04-17 17:00:00,0,0,0
2024-04-17 18:00:00,0,0,0
2024-04-17 19:00:00,0,0,0
2024-04-17 20:00:00,0,0,0
2024-04-17 21:00:00,0,0,0
2024-04-17 22:00:00,0,0,0
2024-04-17 23:00:00,0,0,0
2024-04-18 00:00:00,0,0,0
2024-04-18 01:00:00,0,0,0
2024-04-18 02:00:00,0,0,0
2024-04-18 03:00:00,0,0,0
2024-04-18 04:00:00,0,0,0
2024-04-18 05:00:00,0,0,0
2024-04-18 06:00:00,0,0,0
2024-04-18 07:00:00,0,0,0
2024-04-18 08:00:00,0,0,0
2024-04-18 09:00:00,0,0,0
2024-04-18 10:00:00,0,0,0
2024-04-18 11:00:00,0,0,0
2024-04-18 12:00:00,0,0,0
2024-04-18 13:00:00,0,0,0
2024-04-18 14:00:00,0,0,0
2024-04-18 15:00:00,0,0,0
2024-04-18 16:00:00,0,0,0
2024-04-18 17:00:00,0,0,0
2024-04-18 18:00:00,0,0,0
2024-04-18 19:00:00,0,0,0
2024-04-18 20:00:00,0,0,0
2024-04-18 21:00:00,0,0,0
2024-04-18 22:00:00,0,0,0
2024-04-18 23:00:00,0,0,0
2024-04-19 00:00:00,0,0,0
2024-04-19 01:00:00,0,0,0
2024-04-19 02:00:00,0,0,0
2024-04-19 03:00:00,0,0,0
2024-04-19 04:00:00,0,0,0
2024-04-19 05:00:00,0,0,0
2024-04-19 06:00:00,0,0,0
2024-04-19 07:00:00,0,0,0
2024-04-19 08:00:00,0,0,0
2024-04-19 09:00:00,0,0,0
2024-04-19 10:00:00,0,0,0
2024-04-19 11:00:00,0,0,0
2024-04-19 12:00:00,0,0,0
2024-04-19 13:00:00,0,0,0
2024-04-19 14:00:00,0,0,0
2024-04-19 15:00:00,0,0,0
2024-04-19 16:00:00,0,0,0
2024-04-19 17:00:00,0,0,0
2024-04-19 18:00:00,0,0,0
2024-04-19 19:00:00,0,0,0
2024-04-19 20:00:00,0,0,0
2024-04-19 21:00:00,0,0,0
2024-04-19 22:00:00,0,0,0
2024-04-19 23:00:00,0,0,0
2024-04-20 00:00:00,0,0,0
2024-04-20 01:00:00,0,0,0
2024-04-20 02:00:00,0,0,0
2024-04-20 03:00:00,0,0,0
2024-04-20 04:00:00,0,0,0
2024-04-20 05:00:00,0,0,0
2024-04-20 06:00:00,0,0,0
2024-04-20 07:00:00,0,0,0
2024-04-20 08:00:00,0,0,0
2024-04-20 09:00:00,0,0,0
2024-04-20 10:00:00,0,0,0
2024-04-20 11:00:00,0,0,0
2024-04-20 12:00:00,0,0,0
2024-04-20 13:00:00,0,0,0
2024-04-20 14:00:00,0,0,0
2024-04-20 15:00:00,0,0,0
2024-04-20 16:00:00,0,0,0
2024-04-20 17:00:00,0,0,0
2024-04-20 18:00:00,0,0,0
2024-04-20 19:00:00,0,0,0
2024-04-20 20:00:00,0,0,0
2024-04-20 21:00:00,0,0,0
2024-04-20 22:00:00,0,0,0
2024-04-20 23:00:00,0,0,0
2024-04-21 00:00:00,0,0,0
2024-04-21 01:00:00,0,0,0
2024-04-21 02:00:00,0,0,0
2024-04-21 03:00:00,0,0,0
2024-04-21 04:00:00,0,0,0
2024-04-21 05:00:00,0,0,0
2024-04-21 06:00:00,0,0,0
2024-04-21 07:00:00,0,0,0
2024-04-21 08:00:00,0,0,0
2024-04-21 09:00:00,0,0,0
2024-04-21 10:00:00,0,0,0
2024-04-21 11:00:00,0,0,0
2024-04-21 12:00:00,0,0,0
2024-04-21 13:00:00,0,0,0
2024-04-21 14:00:00,0,0,0
2024-04-21 15:00:00,0,0,0
2024-04-21 16:00:00,0,0,0
2024-04-21 17:00:00,0,0,0
2024-04-21 18:00:00,0,0,0
2024-04-21 19:00:00,0,0,0
2024-04-21 20:00:00,0,0,0
2024-04-21 21:00:00,0,0,0
2024-04-21 22:00:00,0,0,0
2024-04-21 23:00:00,0,0,0
2024-04-22 00:00:00,0,0,0
2024-04-22 01:00:00,0,0,0
2024-04-22 02:00:00,0,0,0
2024-04-22 03:00:00,0,0,0
2024-04-22 04:00:00,0,0,0
2024-04-22 05:00:00,0,0,0
2024-04-22 06:00:00,0,0,0
2024-04-22 07:00:00,0,0,0
2024-04-22 08:00:00,0,0,0
2024-04-22 09:00:00,0,0,0
2024-04-22 10:00:00,0,0,0
2024-04-22 11:00:00,0,0,0
2024-04-22 12:00:00,0,0,0
2024-04-22 13:00:00,0,0,0
2024-04-22 14:00:00,0,0,0
2024-04-22 15:00:00,0,0,0
2024-04-22 16:00:00,0,0,0
2024-04-22 17:00:00,0,0,0
2024-04-22 18:00:00,0,0,0
2024-04-22 19:00:00,0,0,0
2024-04-22 20:00:00,0,0,0
2024-04-22 21:00:00,0,0,0
2024-04-22 22:00:00,0,0,0
2024-04-22 23:00:00,0,0,0
2024-04-23 00:00:00,0,0,0
2024-04-23 01:00:00,0,0,0
2024-04-23 02:00:00,0,0,0
2024-04-23 03:00:00,0,0,0
2024-04-23 04:00:00,0,0,0
2024-04-23 05:00:00,0,0,0
2024-04-23 06:00:00,0,0,0
2024-04-23 07:00:00,0,0,0
2024-04-23 08:00:00,0,0,0
2024-04-23 09:00:00,0,0,0
2024-04-23 10:00:00,0,0,0
2024-04-23 11:00:00,0,0,0
2024-04-23 12:00:00,0,0,0
2024-04-23 13:00:00,0,0,0
2024-04-23 14:00:00,0,0,0
2024-04-23 15:00:00,0,0,0
2024-04-23 16:00:00,0,0,0
2024-04-23 17:00:00,0,0,0
2024-04-23 18:00:00,0,0,0
2024-04-23 19:00:00,0,0,0
2024-04-23 20:00:00,0,0,0
2024-04-23 21:00:00,0,0,0
2024-04-23 22:00:00,0,0,0
2024-04-23 23:00:00,0,0,0
2024-04-24 00:00:00,0,0,0
2024-04-24 01:00:00,0,0,0
2024-04-24 02:00:00,0,0,0
2024-04-24 03:00:00,0,0,0
2024-04-24 04:00:00,0,0,0
2024-04-24 05:00:00,0,0,0
2024-04-24 06:00:00,0,0,0
2024-04-24 07:00:00,0,0,0
2024-04-24 08:00:00,0,0,0
2024-04-24 09:00:00,0,0,0
2024-04-24 10:00:00,0,0,0
2024-04-24 11:00:00,0,0,0
2024-04-24 12:00:00,0,0,0
2024-04-24 13:00:00,0,0,0
2024-04-24 14:00:00,0,0,0
2024-04-24 15:00:00,0,0,0
2024-04-24 16:00:00,0,0,0
2024-04-24 17:00:00,0,0,0
2024-04-24 18:00:00,0,0,0
2024-04-24 19:00:00,0,0,0
2024-04-24 20:00:00,0,0,0
2024-04-24 21:00:00,0,0,0
2024-04-24 22:00:00,0,0,0
2024-04-24 23:00:00,0,0,0
2024-04-25 00:00:00,0,0,0
2024-04-25 01:00:00,0,0,0
2024-04-25 02:00:00,0,0,0
2024-04-25 03:00:00,0,0,0
2024-04-25 04:00:00,0,0,0
2024-04-25 05:00:00,0,0,0
2024-04-25 06:00:00,0,0,0
2024-04-25 07:00:00,0,0,0
2024-04-25 08:00:00,0,0,0
2024-04-25 09:00:00,0,0,0
2024-04-25 10:00:00,0,0,0
2024-04-25 11:00:00,0,0,0
2024-04-25 12:00:00,0,0,0
2024-04-25 13:00:00,0,0,0
2024-04-25 14:00:00,0,0,0
2024-04-25 15:00:00,0,0,0
2024-04-25 16:00:00,0,0,0
2024-04-25 17:00:00,0,0,0
2024-04-25 18:00:00,0,0,0
2024-04-25 19:00:00,0,0,0
2024-04-25 20:00:00,0,0,0
2024-04-25 21:00:00,0,0,0
2024-04-25 22:00:00,0,0,0
2024-04-25 23:00:00,0,0,0
2024-04-26 00:00:00,0,0,0
2024-04-26 01:00:00,0,0,0
2024-04-26 02:00:00,0,0,0
2024-04-26 03:00:00,0,0,0
2024-04-26 04:00:00,0,0,0
2024-04-26 05:00:00,0,0,0
2024-04-26 06:00:00,0,0,0
2024-04-26 07:00:00,0,0,0
2024-04-26 08:00:00,0,0,0
2024-04-26 09:00:00,0,0,0
2024-04-26 10:00:00,0,0,0
2024-04-26 11:00:00,0,0,0
2024-04-26 12:00:00,0,0,0
2024-04-26 13:00:00,0,0,0
2024-04-26 14:00:00,0,0,0
2024-04-26 15:00:00,0,0,0
2024-04-26 16:00:00,0,0,0
2024-04-26 17:00:00,0,0,0
2024-04-26 18:00:00,0,0,0
2024-04-26 19:00:00,0,0,0
2024-04-26 20:00:00,0,0,0
2024-04-26 21:00:00,0,0,0
2024-04-26 22:00:00,0,0,0
2024-04-26 23:00:00,0,0,0
2024-04-27 00:00:00,0,0,0
2024-04-27 01:00:00,0,0,0
2024-04-27 02:00:00,0,0,0
2024-04-27 03:00:00,0,0,0
2024-04-27 04:00:00,0,0,0
2024-04-27 05:00:00,0,0,0
2024-04-27 06:00:00,0,0,0
2024-04-27 07:00:00,0,0,0
2024-04-27 08:00:00,0,0,0
2024-04-27 09:00:00,0,0,0
2024-04-27 10:00:00,0,0,0
2024-04-27 11:00:00,0,0,0
2024-04-27 12:00:00,0,0,0
2024-04-27 13:00:00,0,0,0
2024-04-27 14:00:00,0,0,0
2024-04-27 15:00:00,0,0,0
2024-04-27 16:00:00,0,0,0
2024-04-27 17:00:00,0,0,0
2024-04-27 18:00:00,0,0,0
2024-04-27 19:00:00,0,0,0
2024-04-27 20:00:00,0,0,0
2024-04-27 21:00:00,0,0,0
2024-04-27 22:00:00,0,0,0
2024-04-27 23:00:00,0,0,0
2024-04-28 00:00:00,0,0,0
2024-04-28 01:00:00,0,0,0
2024-04-28 02:00:00,0,0,0
2024-04-28 03:00:00,0,0,0
2024-04-28 04:00:00,0,0,0
2024-04-28 05:00:00,0,0,0
2024-04-28 06:00:00,0,0,0
2024-04-28 07:00:00,0,0,0
2024-04-28 08:00:00,0,0,0
2024-04-28 09:00:00,0,0,0
2024-04-28 10:00:00,0,0,0
2024-04-28 11:00:00,0,0,0
2024-04-28 12:00:00,0,0,0
2024-04-28 13:00:00,0,0,0
2024-04-28 14:00:00,0,0,0
2024-04-28 15:00:00,0,0,0
2024-04-28 16:00:00,0,0,0
2024-04-28 17:00:00,0,0,0
2024-04-28 18:00:00,0,0,0
2024-04-28 19:00:00,0,0,0
2024-04-28 20:00:00,0,0,0
2024-04-28 21:00:00,0,0,0
2024-04-28 22:00:00,0,0,0
2024-04-28 23:00:00,0,0,0
2024-04-29 00:00:00,0,0,0
2024-04-29 01:00:00,0,0,0
2024-04-29 02:00:00,0,0,0
2024-04-29 03:00:00,0,0,0
2024-04-29 04:00:00,0,0,0
2024-04-29 05:00:00,0,0,0
2024-04-29 06:00:00,0,0,0
2024-04-29 07:00:00,0,0,0
2024-04-29 08:00:00,0,0,0
2024-04-29 09:00:00,0,0,0
2024-04-29 10:00:00,0,0,0
2024-04-29 11:00:00,0,0,0
2024-04-29 12:00:00,0,0,0
2024-04-29 13:00:00,0,0,0
2024-04-29 14:00:00,0,0,0
2024-04-29 15:00:00,0,0,0
2024-04-29 16:00:00,0,0,0
2024-04-29 17:00:00,0,0,0
2024-04-29 18:00:00,0,0,0
2024-04-29 19:00:00,0,0,0
2024-04-29 20:00:00,0,0,0
2024-04-29 21:00:00,0,0,0
2024-04-29 22:00:00,0,0,0
2024-04-29 23:00:00,0,0,0
2024-04-30 00:00:00,0,0,0
2024-04-30 01:00:00,0,0,0
2024-04-30 02:00:00,0,0,0
2024-04-30 03:00:00,0,0,0
2024-04-30 04:00:00,0,0,0
2024-04-30 05:00:00,0,0,0
2024-04-30 06:00:00,0,0,0
2024-04-30 07:00:00,0,0,0
2024-04-30 08:00:00,0,0,0
2024-04-30 09:00:00,0,0,0
2024-04-30 10:00:00,0,0,0
2024-04-30 11:00:00,0,0,0
2024-04-30 12:00:00,0,0,0
2024-04-30 13:00:00,0,0,0
2024-04-30 14:00:00,0,0,0
2024-04-30 15:00:00,0,0,0
2024-04-30 16:00:00,0,0,0
2024-04-30 17:00:00,0,0,0
2024-04-30 18:00:00,0,0,0
2024-04-30 19:00:00,0,0,0
2024-04-30 20:00:00,0,0,0
2024-04-30 21:00:00,0,0,0
2024-04-30 22:00:00,0,0,0
2024-04-30 23:00:00,0,0,0
2024-05-01 00:00:00,0,0,0
2024-05-01 01:00:00,0,0,0
2024-05-01 02:00:00,0,0,0
2024-05-01 03:00:00,0,0,0
2024-05-01 04:00:00,0,0,0
2024-05-01 05:00:00,0,0,0
2024-05-01 06:00:00,0,0,0
2024-05-01 07:00:00,0,0,0
2024-05-01 08:00:00,0,0,0
2024-05-01 09:00:00,0,0,0
2024-05-01 10:00:00,0,0,0
2024-05-01 11:00:00,0,0,0
2024-05-01 12:00:00,0,0,0
2024-05-01 13:00:00,0,0,0
2024-05-01 14:00:00,0,0,0
2024-05-01 15:00:00,0,0,0
2024-05-01 16:00:00,0,0,0
2024-05-01 17:00:00,0,0,0
2024-05-01 18:00:00,0,0,0
2024-05-01 19:00:00,0,0,0
2024-05-01 20:00:00,0,0,0
2024-05-01 21:00:00,0,0,0
2024-05-01 22:00:00,0,0,0
2024-05-01 23:00:00,0,0,0
2024-05-02 00:00:00,0,0,0
2024-05-02 01:00:00,0,0,0
2024-05-02 02:00:00,0,0,0
2024-05-02 03:00:00,0,0,0
2024-05-02 04:00:00,0,0,0
2024-05-02 05:00:00,0,0,0
2024-05-02 06:00:00,0,0,0
2024-05-02 07:00:00,0,0,0
2024-05-02 08:00:00,0,0,0
2024-05-02 09:00:00,0,0,0
2024-05-02 10:00:00,0,0,0
2024-05-02 11:00:00,0,0,0
2024-05-02 12:00:00,0,0,0
2024-05-02 13:00:00,0,0,0
2024-05-02 14:00:00,0,0,0
2024-05-02 15:00:00,0,0,0
2024-05-02 16:00:00,0,0,0
2024-05-02 17:00:00,0,0,0
2024-05-02 18:00:00,0,0,0
2024-05-02 19:00:00,0,0,0
2024-05-02 20:00:00,0,0,0
2024-05-02 21:00:00,0,0,0
2024-05-02 22:00:00,0,0,0
2024-05-02 23:00:00,0,0,0
2024-05-03 00:00:00,0,0,0
2024-05-03 01:00:00,0,0,0
2024-05-03 02:00:00,0,0,0
2024-05-03 03:00:00,0,0,0
2024-05-03 04:00:00,0,0,0
2024-05-03 05:00:00,0,0,0
2024-05-03 06:00:00,0,0,0
2024-05-03 07:00:00,0,0,0
2024-05-03 08:00:00,0,0,0
2024-05-03 09:00:00,0,0,0
2024-05-03 10:00:00,0,0,0
2024-05-03 11:00:00,0,0,0
2024-05-03 12:00:00,0,0,0
2024-05-03 13:00:00,0,0,0
2024-05-03 14:00:00,0,0,0
2024-05-03 15:00:00,0,0,0
2024-05-03 16:00:00,0,0,0
2024-05-03 17:00:00,0,0,0
2024-05-03 18:00:00,0,0,0
2024-05-03 19:00:00,0,0,0
2024-05-03 20:00:00,0,0,0
2024-05-03 21:00:00,0,0,0
2024-05-03 22:00:00,0,0,0
2024-05-03 23:00:00,0,0,0
2024-05-04 00:00:00,0,0,0
2024-05-04 01:00:00,0,0,0
2024-05-04 02:00:00,0,0,0
2024-05-04 03:00:00,0,0,0
2024-05-04 04:00:00,0,0,0
2024-05-04 05:00:00,0,0,0
2024-05-04 06:00:00,0,0,0
2024-05-04 07:00:00,0,0,0
2024-05-04 08:00:00,0,0,0
2024-05-04 09:00:00,0,0,0
2024-05-04 10:00:00,0,0,0
2024-05-04 11:00:00,0,0,0
2024-05-04 12:00:00,0,0,0
2024-05-04 13:00:00,0,0,0
2024-05-04 14:00:00,0,0,0
2024-05-04 15:00:00,0,0,0
2024-05-04 16:00:00,0,0,0
2024-05-04 17:00:00,0,0,0
2024-05-04 18:00:00,0,0,0
2024-05-04 19:00:00,0,0,0
2024-05-04 20:00:00,0,0,0
2024-05-04 21:00:00,0,0,0
2024-05-04 22:00:00,0,0,0
2024-05-04 23:00:00,0,0,0
2024-05-05 00:00:00,0,0,0
2024-05-05 01:00:00,0,0,0
2024-05-05 02:00:00,0,0,0
2024-05-05 03:00:00,0,0,0
2024-05-05 04:00:00,0,0,0
2024-05-05 05:00:00,0,0,0
2024-05-05 06:00:00,0,0,0
2024-05-05 07:00:00,0,0,0
2024-05-05 08:00:00,0,0,0
2024-05-05 09:00:00,0,0,0
2024-05-05 10:00:00,0,0,0
2024-05-05 11:00:00,0,0,0
2024-05-05 12:00:00,0,0,0
2024-05-05 13:00:00,0,0,0
2024-05-05 14:00:00,0,0,0
2024-05-05 15:00:00,0,0,0
2024-05-05 16:00:00,0,0,0
2024-05-05 17:00:00,0,0,0
2024-05-05 18:00:00,0,0,0
2024-05-05 19:00:00,0,0,0
2024-05-05 20:00:00,0,0,0
2024-05-05 21:00:00,0,0,0
2024-05-05 22:00:00,0,0,0
2024-05-05 23:00:00,0,0,0
2024-05-06 00:00:00,0,0,0
2024-05-06 01:00:00,0,0,0
2024-05-06 02:00:00,0,0,0
2024-05-06 03:00:00,0,0,0
2024-05-06 04:00:00,0,0,0
2024-05-06 05:00:00,0,0,0
2024-05-06 06:00:00,0,0,0
2024-05-06 07:00:00,0,0,0
2024-05-06 08:00:00,0,0,0
2024-05-06 09:00:00,0,0,0
2024-05-06 10:00:00,0,0,0
2024-05-06 11:00:00,0,0,0
2024-05-06 12:00:00,0,0,0
2024-05-06 13:00:00,0,0,0
2024-05-06 14:00:00,0,0,0
2024-05-06 15:00:00,0,0,0
2024-05-06 16:00:00,0,0,0
2024-05-06 17:00:00,0,0,0
2024-05-06 18:00:00,0,0,0
2024-05-06 19:00:00,0,0,0
2024-05-06 20:00:00,0,0,0
2024-05-06 21:00:00,0,0,0
2024-05-06 22:00:00,0,0,0
2024-05-06 23:00:00,0,0,0
2024-05-07 00:00:00,0,0,0
2024-05-07 01:00:00,0,0,0
2024-05-07 02:00:00,0,0,0
2024-05-07 03:00:00,0,0,0
2024-05-07 04:00:00,0,0,0
2024-05-07 05:00:00,0,0,0
2024-05-07 06:00:00,0,0,0
2024-05-07 07:00:00,0,0,0
2024-05-07 08:00:00,0,0,0
2024-05-07 09:00:00,0,0,0
2024-05-07 10:00:00,0,0,0
2024-05-07 11:00:00,0,0,0
2024-05-07 12:00:00,0,0,0
2024-05-07 13:00:00,0,0,0
2024-05-07 14:00:00,0,0,0
2024-05-07 15:00:00,0,0,0
2024-05-07 16:00:00,0,0,0
2024-05-07 17:00:00,0,0,0
2024-05-07 18:00:00,0,0,0
2024-05-07 19:00:00,0,0,0
2024-05-07 20:00:00,0,0,0
2024-05-07 21:00:00,0,0,0
2024-05-07 22:00:00,0,0,0
2024-05-07 23:00:00,0,0,0
2024-05-08 00:00:00,0,0,0
2024-05-08 01:00:00,0,0,0
2024-05-08 02:00:00,0,0,0
2024-05-08 03:00:00,0,0,0
2024-05-08 04:00:00,0,0,0
2024-05-08 05:00:00,0,0,0
2024-05-08 06:00:00,0,0,0
2024-05-08 07:00:00,0,0,0
2024-05-08 08:00:00,0,0,0
2024-05-08 09:00:00,0,0,0
2024-05-08 10:00:00,0,0,0
2024-05-08 11:00:00,0,0,0
2024-05-08 12:00:00,0,0,0
2024-05-08 13:00:00,0,0,0
2024-05-08 14:00:00,0,0,0
2024-05-08 15:00:00,0,0,0
2024-05-08 16:00:00,0,0,0
2024-05-08 17:00:00,0,0,0
2024-05-08 18:00:00,0,0,0
2024-05-08 19:00:00,0,0,0
2024-05-08 20:00:00,0,0,0
2024-05-08 21:00:00,0,0,0
2024-05-08 22:00:00,0,0,0
2024-05-08 23:00:00,0,0,0
2024-05-09 00:00:00,0,0,0
2024-05-09 01:00:00,0,0,0
2024-05-09 02:00:00,0,0,0
2024-05-09 03:00:00,0,0,0
2024-05-09 04:00:00,0,0,0
2024-05-09 05:00:00,0,0,0
2024-05-09 06:00:00,0,0,0
2024-05-09 07:00:00,0,0,0
2024-05-09 08:00:00,0,0,0
2024-05-09 09:00:00,0,0,0
2024-05-09 10:00:00,0,0,0
2024-05-09 11:00:00,0,0,0
2024-05-09 12:00:00,0,0,0
2024-05-09 13:00:00,0,0,0
2024-05-09 14:00:00,0,0,0
2024-05-09 15:00:00,0,0,0
2024-05-09 16:00:00,0,0,0
2024-05-09 17:00:00,0,0,0
2024-05-09 18:00:00,0,0,0
2024-05-09 19:00:00,0,0,0
2024-05-09 20:00:00,0,0,0
2024-05-09 21:00:00,0,0,0
2024-05-09 22:00:00,0,0,0
2024-05-09 23:00:00,0,0,0
2024-05-10 00:00:00,0,0,0
2024-05-10 01:00:00,0,0,0
2024-05-10 02:00:00,0,0,0
2024-05-10 03:00:00,0,0,0
2024-05-10 04:00:00,0,0,0
2024-05-10 05:00:00,0,0,0
2024-05-10 06:00:00,0,0,0
2024-05-10 07:00:00,0,0,0
2024-05-10 08:00:00,0,0,0
2024-05-10 09:00:00,0,0,0
2024-05-10 10:00:00,0,0,0
2024-05-10 11:00:00,0,0,0
2024-05-10 12:00:00,0,0,0
2024-05-10 13:00:00,0,0,0
2024-05-10 14:00:00,0,0,0
2024-05-10 15:00:00,0,0,0
2024-05-10 16:00:00,0,0,0
2024-05-10 17:00:00,0,0,0
2024-05-10 18:00:00,0,0,0
2024-05-10 19:00:00,0,0,0
2024-05-10 20:00:00,0,0,0
2024-05-10 21:00:00,0,0,0
2024-05-10 22:00:00,0,0,0
2024-05-10 23:00:00,0,0,0
2024-05-11 00:00:00,0,0,0
2024-05-11 01:00:00,0,0,0
2024-05-11 02:00:00,0,0,0
2024-05-11 03:00:00,0,0,0
2024-05-11 04:00:00,0,0,0
2024-05-11 05:00:00,0,0,0
2024-05-11 06:00:00,0,0,0
2024-05-11 07:00:00,0,0,0
2024-05-11 08:00:00,0,0,0
2024-05-11 09:00:00,0,0,0
2024-05-11 10:00:00,0,0,0
2024-05-11 11:00:00,0,0,0
2024-05-11 12:00:00,0,0,0
2024-05-11 13:00:00,0,0,0
2024-05-11 14:00:00,0,0,0
2024-05-11 15:00:00,0,0,0
2024-05-11 16:00:00,0,0,0
2024-05-11 17:00:00,0,0,0
2024-05-11 18:00:00,0,0,0
2024-05-11 19:00:00,0,0,0
2024-05-11 20:00:00,0,0,0
2024-05-11 21:00:00,0,0,0
2024-05-11 22:00:00,0,0,0
2024-05-11 23:00:00,0,0,0
2024-05-12 00:00:00,0,0,0
2024-05-12 01:00:00,0,0,0
2024-05-12 02:00:00,0,0,0
2024-05-12 03:00:00,0,0,0
2024-05-12 04:00:00,0,0,0
2024-05-12 05:00:00,0,0,0
2024-05-12 06:00:00,0,0,0
2024-05-12 07:00:00,0,0,0
2024-05-12 08:00:00,0,0,0
2024-05-12 09:00:00,0,0,0
2024-05-12 10:00:00,0,0,0
2024-05-12 11:00:00,0,0,0
2024-05-12 12:00:00,0,0,0
2024-05-12 13:00:00,0,0,0
2024-05-12 14:00:00,0,0,0
2024-05-12 15:00:00,0,0,0
2024-05-12 16:00:00,0,0,0
2024-05-12 17:00:00,0,0,0
2024-05-12 18:00:00,0,0,0
2024-05-12 19:00:00,0,0,0
2024-05-12 20:00:00,0,0,0
2024-05-12 21:00:00,0,0,0
2024-05-12 22:00:00,0,0,0
2024-05-12 23:00:00,0,0,0
2024-05-13 00:00:00,0,0,0
2024-05-13 01:00:00,0,0,0
2024-05-13 02:00:00,0,0,0
2024-05-13 03:00:00,0,0,0
2024-05-13 04:00:00,0,0,0
2024-05-13 05:00:00,0,0,0
2024-05-13 06:00:00,0,0,0
2024-05-13 07:00:00,0,0,0
2024-05-13 08:00:00,0,0,0
2024-05-13 09:00:00,0,0,0
2024-05-13 10:00:00,0,0,0
2024-05-13 11:00:00,0,0,0
2024-05-13 12:00:00,0,0,0
2024-05-13 13:00:00,0,0,0
2024-05-13 14:00:00,0,0,0
2024-05-13 15:00:00,0,0,0
2024-05-13 16:00:00,0,0,0
2024-05-13 17:00:00,0,0,0
2024-05-13 18:00:00,0,0,0
2024-05-13 19:00:00,0,0,0
2024-05-13 20:00:00,0,0,0
2024-05-13 21:00:00,0,0,0
2024-05-13 22:00:00,0,0,0
2024-05-13 23:00:00,0,0,0
2024-05-14 00:00:00,0,0,0
2024-05-14 01:00:00,0,0,0
2024-05-14 02:00:00,0,0,0
2024-05-14 03:00:00,0,0,0
2024-05-14 04:00:00,0,0,0
2024-05-14 05:00:00,0,0,0
2024-05-14 06:00:00,0,0,0
2024-05-14 07:00:00,0,0,0
2024-05-14 08:00:00,0,0,0
2024-05-14 09:00:00,0,0,0
2024-05-14 10:00:00,0,0,0
2024-05-14 11:00:00,0,0,0
2024-05-14 12:00:00,0,0,0
2024-05-14 13:00:00,0,0,0
2024-05-14 14:00:00,0,0,0
2024-05-14 15:00:00,0,0,0
2024-05-14 16:00:00,0,0,0
2024-05-14 17:00:00,0,0,0
2024-05-14 18:00:00,0,0,0
2024-05-14 19:00:00,0,0,0
2024-05-14 20:00:00,0,0,0
2024-05-14 21:00:00,0,0,0
2024-05-14 22:00:00,0,0,0
2024-05-14 23:00:00,0,0,0
2024-05-15 00:00:00,0,0,0
2024-05-15 01:00:00,0,0,0
2024-05-15 02:00:00,0,0,0
2024-05-15 03:00:00,0,0,0
2024-05-15 04:00:00,0,0,0
2024-05-15 05:00:00,0,0,0
2024-05-15 06:00:00,0,0,0
2024-05-15 07:00:00,0,0,0
2024-05-15 08:00:00,0,0,0
2024-05-15 09:00:00,0,0,0
2024-05-15 10:00:00,0,0,0
2024-05-15 11:00:00,0,0,0
2024-05-15 12:00:00,0,0,0
2024-05-15 13:00:00,0,0,0
2024-05-15 14:00:00,0,0,0
2024-05-15 15:00:00,0,0,0
2024-05-15 16:00:00,0,0,0
2024-05-15 17:00:00,0,0,0
2024-05-15 18:00:00,0,0,0
2024-05-15 19:00:00,0,0,0
2024-05-15 20:00:00,0,0,0
2024-05-15 21:00:00,0,0,0
2024-05-15 22:00:00,0,0,0
2024-05-15 23:00:00,0,0,0
2024-05-16 00:00:00,0,0,0
2024-05-16 01:00:00,0,0,0
2024-05-16 02:00:00,0,0,0
2024-05-16 03:00:00,0,0,0
2024-05-16 04:00:00,0,0,0
2024-05-16 05:00:00,0,0,0
2024-05-16 06:00:00,0,0,0
2024-05-16 07:00:00,0,0,0
2024-05-16 08:00:00,0,0,0
2024-05-16 09:00:00,0,0,0
2024-05-16 10:00:00,0,0,0
2024-05-16 11:00:00,0,0,0
2024-05-16 12:00:00,0,0,0
2024-05-16 13:00:00,0,0,0
2024-05-16 14:00:00,0,0,0
2024-05-16 15:00:00,0,0,0
2024-05-16 16:00:00,0,0,0
2024-05-16 17:00:00,0,0,0
2024-05-16 18:00:00,0,0,0
2024-05-16 19:00:00,0,0,0
2024-05-16 20:00:00,0,0,0
2024-05-16 21:00:00,0,0,0
2024-05-16 22:00:00,0,0,0
2024-05-16 23:00:00,0,0,0
2024-05-17 00:00:00,0,0,0
2024-05-17 01:00:00,0,0,0
2024-05-17 02:00:00,0,0,0
2024-05-17 03:00:00,0,0,0
2024-05-17 04:00:00,0,0,0
2024-05-17 05:00:00,0,0,0
2024-05-17 06:00:00,0,0,0
2024-05-17 07:00:00,0,0,0
2024-05-17 08:00:00,0,0,0
2024-05-17 09:00:00,0,0,0
2024-05-17 10:00:00,0,0,0
2024-05-17 11:00:00,0,0,0
2024-05-17 12:00:00,0,0,0
2024-05-17 13:00:00,0,0,0
2024-05-17 14:00:00,0,0,0
2024-05-17 15:00:00,0,0,0
2024-05-17 16:00:00,0,0,0
2024-05-17 17:00:00,0,0,0
2024-05-17 18:00:00,0,0,0
2024-05-17 19:00:00,0,0,0
2024-05-17 20:00:00,0,0,0
2024-05-17 21:00:00,0,0,0
2024-05-17 22:00:00,0,0,0
2024-05-17 23:00:00,0,0,0
2024-05-18 00:00:00,0,0,0
2024-05-18 01:00:00,0,0,0
2024-05-18 02:00:00,0,0,0
2024-05-18 03:00:00,0,0,0
2024-05-18 04:00:00,0,0,0
2024-05-18 05:00:00,0,0,0
2024-05-18 06:00:00,0,0,0
2024-05-18 07:00:00,0,0,0
2024-05-18 08:00:00,0,0,0
2024-05-18 09:00:00,0,0,0
2024-05-18 10:00:00,0,0,0
2024-05-18 11:00:00,0,0,0
2024-05-18 12:00:00,0,0,0
2024-05-18 13:00:00,0,0,0
2024-05-18 14:00:00,0,0,0
2024-05-18 15:00:00,0,0,0
2024-05-18 16:00:00,0,0,0
2024-05-18 17:00:00,0,0,0
2024-05-18 18:00:00,0,0,0
2024-05-18 19:00:00,0,0,0
2024-05-18 20:00:00,0,0,0
2024-05-18 21:00:00,0,0,0
2024-05-18 22:00:00,0,0,0
2024-05-18 23:00:00,0,0,0
2024-05-19 00:00:00,0,0,0
2024-05-19 01:00:00,0,0,0
2024-05-19 02:00:00,0,0,0
2024-05-19 03:00:00,0,0,0
2024-05-19 04:00:00,0,0,0
2024-05-19 05:00:00,0,0,0
2024-05-19 06:00:00,0,0,0
2024-05-19 07:00:00,0,0,0
2024-05-19 08:00:00,0,0,0
2024-05-19 09:00:00,0,0,0
2024-05-19 10:00:00,0,0,0
2024-05-19 11:00:00,0,0,0
2024-05-19 12:00:00,0,0,0
2024-05-19 13:00:00,0,0,0
2024-05-19 14:00:00,0,0,0
2024-05-19 15:00:00,0,0,0
2024-05-19 16:00:00,0,0,0
2024-05-19 17:00:00,0,0,0
2024-05-19 18:00:00,0,0,0
2024-05-19 19:00:00,0,0,0
2024-05-19 20:00:00,0,0,0
2024-05-19 21:00:00,0,0,0
2024-05-19 22:00:00,0,0,0
2024-05-19 23:00:00,0,0,0
2024-05-20 00:00:00,0,0,0
2024-05-20 01:00:00,0,0,0
2024-05-20 02:00:00,0,0,0
2024-05-20 03:00:00,0,0,0
2024-05-20 04:00:00,0,0,0
2024-05-20 05:00:00,0,0,0
2024-05-20 06:00:00,0,0,0
2024-05-20 07:00:00,0,0,0
2024-05-20 08:00:00,0,0,0
2024-05-20 09:00:00,0,0,0
2024-05-20 10:00:00,0,0,0
2024-05-20 11:00:00,0,0,0
2024-05-20 12:00:00,0,0,0
2024-05-20 13:00:00,0,0,0
2024-05-20 14:00:00,0,0,0
2024-05-20 15:00:00,0,0,0
2024-05-20 16:00:00,0,0,0
2024-05-20 17:00:00,0,0,0
2024-05-20 18:00:00,0,0,0
2024-05-20 19:00:00,0,0,0
2024-05-20 20:00:00,0,0,0
2024-05-20 21:00:00,0,0,0
2024-05-20 22:00:00,0,0,0
2024-05-20 23:00:00,0,0,0
2024-05-21 00:00:00,0,0,0
2024-05-21 01:00:00,0,0,0
2024-05-21 02:00:00,0,0,0
2024-05-21 03:00:00,0,0,0
2024-05-21 04:00:00,0,0,0
2024-05-21 05:00:00,0,0,0
2024-05-21 06:00:00,0,0,0
2024-05-21 07:00:00,0,0,0
2024-05-21 08:00:00,0,0,0
2024-05-21 09:00:00,0,0,0
2024-05-21 10:00:00,0,0,0
2024-05-21 11:00:00,0,0,0
2024-05-21 12:00:00,0,0,0
2024-05-21 13:00:00,0,0,0
2024-05-21 14:00:00,0,0,0
2024-05-21 15:00:00,0,0,0
2024-05-21 16:00:00,0,0,0
2024-05-21 17:00:00,0,0,0
2024-05-21 18:00:00,0,0,0
2024-05-21 19:00:00,0,0,0
2024-05-21 20:00:00,0,0,0
2024-05-21 21:00:00,0,0,0
2024-05-21 22:00:00,0,0,0
2024-05-21 23:00:00,0,0,0
2024-05-22 00:00:00,0,0,0
2024-05-22 01:00:00,0,0,0
2024-05-22 02:00:00,0,0,0
2024-05-22 03:00:00,0,0,0
2024-05-22 04:00:00,0,0,0
2024-05-22 05:00:00,0,0,0
2024-05-22 06:00:00,0,0,0
2024-05-22 07:00:00,0,0,0
2024-05-22 08:00:00,0,0,0
2024-05-22 09:00:00,0,0,0
2024-05-22 10:00:00,0,0,0
2024-05-22 11:00:00,0,0,0
2024-05-22 12:00:00,0,0,0
2024-05-22 13:00:00,0,0,0
2024-05-22 14:00:00,0,0,0
2024-05-22 15:00:00,0,0,0
2024-05-22 16:00:00,0,0,0
2024-05-22 17:00:00,0,0,0
2024-05-22 18:00:00,0,0,0
2024-05-22 19:00:00,0,0,0
2024-05-22 20:00:00,0,0,0
2024-05-22 21:00:00,0,0,0
2024-05-22 22:00:00,0,0,0
2024-05-22 23:00:00,0,0,0
2024-05-23 00:00:00,0,0,0
2024-05-23 01:00:00,0,0,0
2024-05-23 02:00:00,0,0,0
2024-05-23 03:00:00,0,0,0
2024-05-23 04:00:00,0,0,0
2024-05-23 05:00:00,0,0,0
2024-05-23 06:00:00,0,0,0
2024-05-23 07:00:00,0,0,0
2024-05-23 08:00:00,0,0,0
2024-05-23 09:00:00,0,0,0
2024-05-23 10:00:00,0,0,0
2024-05-23 11:00:00,0,0,0
2024-05-23 12:00:00,0,0,0
2024-05-23 13:00:00,0,0,0
2024-05-23 14:00:00,0,0,0
2024-05-23 15:00:00,0,0,0
2024-05-23 16:00:00,0,0,0
2024-05-23 17:00:00,0,0,0
2024-05-23 18:00:00,0,0,0
2024-05-23 19:00:00,0,0,0
2024-05-23 20:00:00,0,0,0
2024-05-23 21:00:00,0,0,0
2024-05-23 22:00:00,0,0,0
2024-05-23 23:00:00,0,0,0
2024-05-24 00:00:00,0,0,0
2024-05-24 01:00:00,0,0,0
2024-05-24 02:00:00,0,0,0
2024-05-24 03:00:00,0,0,0
2024-05-24 04:00:00,0,0,0
2024-05-24 05:00:00,0,0,0
2024-05-24 06:00:00,0,0,0
2024-05-24 07:00:00,0,0,0
2024-05-24 08:00:00,0,0,0
2024-05-24 09:00:00,0,0,0
2024-05-24 10:00:00,0,0,0
2024-05-24 11:00:00,0,0,0
2024-05-24 12:00:00,0,0,0
2024-05-24 13:00:00,0,0,0
2024-05-24 14:00:00,0,0,0
2024-05-24 15:00:00,0,0,0
2024-05-24 16:00:00,0,0,0
2024-05-24 17:00:00,0,0,0
2024-05-24 18:00:00,0,0,0
2024-05-24 19:00:00,0,0,0
2024-05-24 20:00:00,0,0,0
2024-05-24 21:00:00,0,0,0
2024-05-24 22:00:00,0,0,0
2024-05-24 23:00:00,0,0,0
2024-05-25 00:00:00,0,0,0
2024-05-25 01:00:00,0,0,0
2024-05-25 02:00:00,0,0,0
2024-05-25 03:00:00,0,0,0
2024-05-25 04:00:00,0,0,0
2024-05-25 05:00:00,0,0,0
2024-05-25 06:00:00,0,0,0
2024-05-25 07:00:00,0,0,0
2024-05-25 08:00:00,0,0,0
2024-05-25 09:00:00,0,0,0
2024-05-25 10:00:00,0,0,0
2024-05-25 11:00:00,0,0,0
2024-05-25 12:00:00,0,0,0
2024-05-25 13:00:00,0,0,0
2024-05-25 14:00:00,0,0,0
2024-05-25 15:00:00,0,0,0
2024-05-25 16:00:00,0,0,0
2024-05-25 17:00:00,0,0,0
2024-05-25 18:00:00,0,0,0
2024-05-25 19:00:00,0,0,0
2024-05-25 20:00:00,0,0,0
2024-05-25 21:00:00,0,0,0
2024-05-25 22:00:00,0,0,0
2024-05-25 23:00:00,0,0,0
2024-05-26 00:00:00,0,0,0
2024-05-26 01:00:00,0,0,0
2024-05-26 02:00:00,0,0,0
2024-05-26 03:00:00,0,0,0
2024-05-26 04:00:00,0,0,0
2024-05-26 05:00:00,0,0,0
2024-05-26 06:00:00,0,0,0
2024-05-26 07:00:00,0,0,0
2024-05-26 08:00:00,0,0,0
2024-05-26 09:00:00,0,0,0
2024-05-26 10:00:00,0,0,0
2024-05-26 11:00:00,0,0,0
2024-05-26 12:00:00,0,0,0
2024-05-26 13:00:00,0,0,0
2024-05-26 14:00:00,0,0,0
2024-05-26 15:00:00,0,0,0
2024-05-26 16:00:00,0,0,0
2024-05-26 17:00:00,0,0,0
2024-05-26 18:00:00,0,0,0
2024-05-26 19:00:00,0,0,0
2024-05-26 20:00:00,0,0,0
2024-05-26 21:00:00,0,0,0
2024-05-26 22:00:00,0,0,0
2024-05-26 23:00:00,0,0,0
2024-05-27 00:00:00,0,0,0
2024-05-27 01:00:00,0,0,0
2024-05-27 02:00:00,0,0,0
2024-05-27 03:00:00,0,0,0
2024-05-27 04:00:00,0,0,0
2024-05-27 05:00:00,0,0,0
2024-05-27 06:00:00,0,0,0
2024-05-27 07:00:00,0,0,0
2024-05-27 08:00:00,0,0,0
2024-05-27 09:00:00,0,0,0
2024-05-27 10:00:00,0,0,0
2024-05-27 11:00:00,0,0,0
2024-05-27 12:00:00,0,0,0
2024-05-27 13:00:00,0,0,0
2024-05-27 14:00:00,0,0,0
2024-05-27 15:00:00,0,0,0
2024-05-27 16:00:00,0,0,0
2024-05-27 17:00:00,0,0,0
2024-05-27 18:00:00,0,0,0
2024-05-27 19:00:00,0,0,0
2024-05-27 20:00:00,0,0,0
2024-05-27 21:00:00,0,0,0
2024-05-27 22:00:00,0,0,0
2024-05-27 23:00:00,0,0,0
2024-05-28 00:00:00,0,0,0
2024-05-28 01:00:00,0,0,0
2024-05-28 02:00:00,0,0,0
2024-05-28 03:00:00,0,0,0
2024-05-28 04:00:00,0,0,0
2024-05-28 05:00:00,0,0,0
2024-05-28 06:00:00,0,0,0
2024-05-28 07:00:00,0,0,0
2024-05-28 08:00:00,0,0,0
2024-05-28 09:00:00,0,0,0
2024-05-28 10:00:00,0,0,0
2024-05-28 11:00:00,0,0,0
2024-05-28 12:00:00,0,0,0
2024-05-28 13:00:00,0,0,0
2024-05-28 14:00:00,0,0,0
2024-05-28 15:00:00,0,0,0
2024-05-28 16:00:00,0,0,0
2024-05-28 17:00:00,0,0,0
2024-05-28 18:00:00,0,0,0
2024-05-28 19:00:00,0,0,0
2024-05-28 20:00:00,0,0,0
2024-05-28 21:00:00,0,0,0
2024-05-28 22:00:00,0,0,0
2024-05-28 23:00:00,0,0,0
2024-05-29 00:00:00,0,0,0
2024-05-29 01:00:00,0,0,0
2024-05-29 02:00:00,0,0,0
2024-05-29 03:00:00,0,0,0
2024-05-29 04:00:00,0,0,0
2024-05-29 05:00:00,0,0,0
2024-05-29 06:00:00,0,0,0
2024-05-29 07:00:00,0,0,0
2024-05-29 08:00:00,0,0,0
2024-05-29 09:00:00,0,0,0
2024-05-29 10:00:00,0,0,0
2024-05-29 11:00:00,0,0,0
2024-05-29 12:00:00,0,0,0
2024-05-29 13:00:00,0,0,0
2024-05-29 14:00:00,0,0,0
2024-05-29 15:00:00,0,0,0
2024-05-29 16:00:00,0,0,0
2024-05-29 17:00:00,0,0,0
2024-05-29 18:00:00,0,0,0
2024-05-29 19:00:00,0,0,0
2024-05-29 20:00:00,0,0,0
2024-05-29 21:00:00,0,0,0
2024-05-29 22:00:00,0,0,0
2024-05-29 23:00:00,0,0,0
2024-05-30 00:00:00,0,0,0
2024-05-30 01:00:00,0,0,0
2024-05-30 02:00:00,0,0,0
2024-05-30 03:00:00,0,0,0
2024-05-30 04:00:00,0,0,0
2024-05-30 05:00:00,0,0,0
2024-05-30 06:00:00,0,0,0
2024-05-30 07:00:00,0,0,0
2024-05-30 08:00:00,0,0,0
2024-05-30 09:00:00,0,0,0
2024-05-30 10:00:00,0,0,0
2024-05-30 11:00:00,0,0,0
2024-05-30 12:00:00,0,0,0
2024-05-30 13:00:00,0,0,0
2024-05-30 14:00:00,0,0,0
2024-05-30 15:00:00,0,0,0
2024-05-30 16:00:00,0,0,0
2024-05-30 17:00:00,0,0,0
2024-05-30 18:00:00,0,0,0
2024-05-30 19:00:00,0,0,0
2024-05-30 20:00:00,0,0,0
2024-05-30 21:00:00,0,0,0
2024-05-30 22:00:00,0,0,0
2024-05-30 23:00:00,0,0,0
2024-05-31 00:00:00,0,0,0
2024-05-31 01:00:00,0,0,0
2024-05-31 02:00:00,0,0,0
2024-05-31 03:00:00,0,0,0
2024-05-31 04:00:00,0,0,0
2024-05-31 05:00:00,0,0,0
2024-05-31 06:00:00,0,0,0
2024-05-31 07:00:00,0,0,0
2024-05-31 08:00:00,0,0,0
2024-05-31 09:00:00,0,0,0
2024-05-31 10:00:00,0,0,0
2024-05-31 11:00:00,0,0,0
2024-05-31 12:00:00,0,0,0
2024-05-31 13:00:00,0,0,0
2024-05-31 14:00:00,0,0,0
2024-05-31 15:00:00,0,0,0
2024-05-31 16:00:00,0,0,0
2024-05-31 17:00:00,0,0,0
2024-05-31 18:00:00,0,0,0
2024-05-31 19:00:00,0,0,0
2024-05-31 20:00:00,0,0,0
2024-05-31 21:00:00,0,0,0
2024-05-31 22:00:00,0,0,0
2024-05-31 23:00:00,0,0,0
2024-06-01 00:00:00,0,0,0
2024-06-01 01:00:00,0,0,0
2024-06-01 02:00:00,0,0,0
2024-06-01 03:00:00,0,0,0
2024-06-01 04:00:00,0,0,0
2024-06-01 05:00:00,0,0,0
2024-06-01 06:00:00,0,0,0
2024-06-01 07:00:00,0,0,0
2024-06-01 08:00:00,0,0,0
2024-06-01 09:00:00,0,0,0
2024-06-01 10:00:00,0,0,0
2024-06-01 11:00:00,0,0,0
2024-06-01 12:00:00,0,0,0
2024-06-01 13:00:00,0,0,0
2024-06-01 14:00:00,0,0,0
2024-06-01 15:00:00,0,0,0
2024-06-01 16:00:00,0,0,0
2024-06-01 17:00:00,0,0,0
2024-06-01 18:00:00,0,0,0
2024-06-01 19:00:00,0,0,0
2024-06-01 20:00:00,0,0,0
2024-06-01 21:00:00,0,0,0
2024-06-01 22:00:00,0,0,0
2024-06-01 23:00:00,0,0,0
2024-06-02 00:00:00,0,0,0
2024-06-02 01:00:00,0,0,0
2024-06-02 02:00:00,0,0,0
2024-06-02 03:00:00,0,0,0
2024-06-02 04:00:00,0,0,0
2024-06-02 05:00:00,0,0,0
2024-06-02 06:00:00,0,0,0
2024-06-02 07:00:00,0,0,0
2024-06-02 08:00:00,0,0,0
2024-06-02 09:00:00,0,0,0
2024-06-02 10:00:00,0,0,0
2024-06-02 11:00:00,0,0,0
2024-06-02 12:00:00,0,0,0
2024-06-02 13:00:00,0,0,0
2024-06-02 14:00:00,0,0,0
2024-06-02 15:00:00,0,0,0
2024-06-02 16:00:00,0,0,0
2024-06-02 17:00:00,0,0,0
2024-06-02 18:00:00,0,0,0
2024-06-02 19:00:00,0,0,0
2024-06-02 20:00:00,0,0,0
2024-06-02 21:00:00,0,0,0
2024-06-02 22:00:00,0,0,0
2024-06-02 23:00:00,0,0,0
2024-06-03 00:00:00,0,0,0
2024-06-03 01:00:00,0,0,0
2024-06-03 02:00:00,0,0,0
2024-06-03 03:00:00,0,0,0
2024-06-03 04:00:00,0,0,0
2024-06-03 05:00:00,0,0,0
2024-06-03 06:00:00,0,0,0
2024-06-03 07:00:00,0,0,0
2024-06-03 08:00:00,0,0,0
2024-06-03 09:00:00,0,0,0
2024-06-03 10:00:00,0,0,0
2024-06-03 11:00:00,0,0,0
2024-06-03 12:00:00,0,0,0
2024-06-03 13:00:00,0,0,0
2024-06-03 14:00:00,0,0,0
2024-06-03 15:00:00,0,0,0
2024-06-03 16:00:00,0,0,0
2024-06-03 17:00:00,0,0,0
2024-06-03 18:00:00,0,0,0
2024-06-03 19:00:00,0,0,0
2024-06-03 20:00:00,0,0,0
2024-06-03 21:00:00,0,0,0
2024-06-03 22:00:00,0,0,0
2024-06-03 23:00:00,0,0,0
2024-06-04 00:00:00,0,0,0
2024-06-04 01:00:00,0,0,0
2024-06-04 02:00:00,0,0,0
2024-06-04 03:00:00,0,0,0
2024-06-04 04:00:00,0,0,0
2024-06-04 05:00:00,0,0,0
2024-06-04 06:00:00,0,0,0
2024-06-04 07:00:00,0,0,0
2024-06-04 08:00:00,0,0,0
2024-06-04 09:00:00,0,0,0
2024-06-04 10:00:00,0,0,0
2024-06-04 11:00:00,0,0,0
2024-06-04 12:00:00,0,0,0
2024-06-04 13:00:00,0,0,0
2024-06-04 14:00:00,0,0,0
2024-06-04 15:00:00,0,0,0
2024-06-04 16:00:00,0,0,0
2024-06-04 17:00:00,0,0,0
2024-06-04 18:00:00,0,0,0
2024-06-04 19:00:00,0,0,0
2024-06-04 20:00:00,0,0,0
2024-06-04 21:00:00,0,0,0
2024-06-04 22:00:00,0,0,0
2024-06-04 23:00:00,0,0,0
2024-06-05 00:00:00,0,0,0
2024-06-05 01:00:00,0,0,0
2024-06-05 02:00:00,0,0,0
2024-06-05 03:00:00,0,0,0
2024-06-05 04:00:00,0,0,0
2024-06-05 05:00:00,0,0,0
2024-06-05 06:00:00,0,0,0
2024-06-05 07:00:00,0,0,0
2024-06-05 08:00:00,0,0,0
2024-06-05 09:00:00,0,0,0
2024-06-05 10:00:00,0,0,0
2024-06-05 11:00:00,0,0,0
2024-06-05 12:00:00,0,0,0
2024-06-05 13:00:00,0,0,0
2024-06-05 14:00:00,0,0,0
2024-06-05 15:00:00,0,0,0
2024-06-05 16:00:00,0,0,0
2024-06-05 17:00:00,0,0,0
2024-06-05 18:00:00,0,0,0
2024-06-05 19:00:00,0,0,0
2024-06-05 20:00:00,0,0,0
2024-06-05 21:00:00,0,0,0
2024-06-05 22:00:00,0,0,0
2024-06-05 23:00:00,0,0,0
2024-06-06 00:00:00,0,0,0
2024-06-06 01:00:00,0,0,0
2024-06-06 02:00:00,0,0,0
2024-06-06 03:00:00,0,0,0
2024-06-06 04:00:00,0,0,0
2024-06-06 05:00:00,0,0,0
2024-06-06 06:00:00,0,0,0
2024-06-06 07:00:00,0,0,0
2024-06-06 08:00:00,0,0,0
2024-06-06 09:00:00,0,0,0
2024-06-06 10:00:00,0,0,0
2024-06-06 11:00:00,0,0,0
2024-06-06 12:00:00,0,0,0
2024-06-06 13:00:00,0,0,0
2024-06-06 14:00:00,0,0,0
2024-06-06 15:00:00,0,0,0
2024-06-06 16:00:00,0,0,0
2024-06-06 17:00:00,0,0,0
2024-06-06 18:00:00,0,0,0
2024-06-06 19:00:00,0,0,0
2024-06-06 20:00:00,0,0,0
2024-06-06 21:00:00,0,0,0
2024-06-06 22:00:00,0,0,0
2024-06-06 23:00:00,0,0,0
2024-06-07 00:00:00,0,0,0
2024-06-07 01:00:00,0,0,0
2024-06-07 02:00:00,0,0,0
2024-06-07 03:00:00,0,0,0
2024-06-07 04:00:00,0,0,0
2024-06-07 05:00:00,0,0,0
2024-06-07 06:00:00,0,0,0
2024-06-07 07:00:00,0,0,0
2024-06-07 08:00:00,0,0,0
2024-06-07 09:00:00,0,0,0
2024-06-07 10:00:00,0,0,0
2024-06-07 11:00:00,0,0,0
2024-06-07 12:00:00,0,0,0
2024-06-07 13:00:00,0,0,0
2024-06-07 14:00:00,0,0,0
2024-06-07 15:00:00,0,0,0
2024-06-07 16:00:00,0,0,0
2024-06-07 17:00:00,0,0,0
2024-06-07 18:00:00,0,0,0
2024-06-07 19:00:00,0,0,0
2024-06-07 20:00:00,0,0,0
2024-06-07 21:00:00,0,0,0
2024-06-07 22:00:00,0,0,0
2024-06-07 23:00:00,0,0,0
2024-06-08 00:00:00,0,0,0
2024-06-08 01:00:00,0,0,0
2024-06-08 02:00:00,0,0,0
2024-06-08 03:00:00,0,0,0
2024-06-08 04:00:00,0,0,0
2024-06-08 05:00:00,0,0,0
2024-06-08 06:00:00,0,0,0
2024-06-08 07:00:00,0,0,0
2024-06-08 08:00:00,0,0,0
2024-06-08 09:00:00,0,0,0
2024-06-08 10:00:00,0,0,0
2024-06-08 11:00:00,0,0,0
2024-06-08 12:00:00,0,0,0
2024-06-08 13:00:00,0,0,0
2024-06-08 14:00:00,0,0,0
2024-06-08 15:00:00,0,0,0
2024-06-08 16:00:00,0,0,0
2024-06-08 17:00:00,0,0,0
2024-06-08 18:00:00,0,0,0
2024-06-08 19:00:00,0,0,0
2024-06-08 20:00:00,0,0,0
2024-06-08 21:00:00,0,0,0
2024-06-08 22:00:00,0,0,0
2024-06-08 23:00:00,0,0,0
2024-06-09 00:00:00,0,0,0
2024-06-09 01:00:00,0,0,0
2024-06-09 02:00:00,0,0,0
2024-06-09 03:00:00,0,0,0
2024-06-09 04:00:00,0,0,0
2024-06-09 05:00:00,0,0,0
2024-06-09 06:00:00,0,0,0
2024-06-09 07:00:00,0,0,0
2024-06-09 08:00:00,0,0,0
2024-06-09 09:00:00,0,0,0
2024-06-09 10:00:00,0,0,0
2024-06-09 11:00:00,0,0,0
2024-06-09 12:00:00,0,0,0
2024-06-09 13:00:00,0,0,0
2024-06-09 14:00:00,0,0,0
2024-06-09 15:00:00,0,0,0
2024-06-09 16:00:00,0,0,0
2024-06-09 17:00:00,0,0,0
2024-06-09 18:00:00,0,0,0
2024-06-09 19:00:00,0,0,0
2024-06-09 20:00:00,0,0,0
2024-06-09 21:00:00,0,0,0
2024-06-09 22:00:00,0,0,0
2024-06-09 23:00:00,0,0,0
2024-06-10 00:00:00,0,0,0
2024-06-10 01:00:00,0,0,0
2024-06-10 02:00:00,0,0,0
2024-06-10 03:00:00,0,0,0
2024-06-10 04:00:00,0,0,0
2024-06-10 05:00:00,0,0,0
2024-06-10 06:00:00,0,0,0
2024-06-10 07:00:00,0,0,0
2024-06-10 08:00:00,0,0,0
2024-06-10 09:00:00,0,0,0
2024-06-10 10:00:00,0,0,0
2024-06-10 11:00:00,0,0,0
2024-06-10 12:00:00,0,0,0
2024-06-10 13:00:00,0,0,0
2024-06-10 14:00:00,0,0,0
2024-06-10 15:00:00,0,0,0
2024-06-10 16:00:00,0,0,0
2024-06-10 17:00:00,0,0,0
2024-06-10 18:00:00,0,0,0
2024-06-10 19:00:00,0,0,0
2024-06-10 20:00:00,0,0,0
2024-06-10 21:00:00,0,0,0
2024-06-10 22:00:00,0,0,0
2024-06-10 23:00:00,0,0,0
2024-06-11 00:00:00,0,0,0
2024-06-11 01:00:00,0,0,0
2024-06-11 02:00:00,0,0,0
2024-06-11 03:00:00,0,0,0
2024-06-11 04:00:00,0,0,0
2024-06-11 05:00:00,0,0,0
2024-06-11 06:00:00,0,0,0
2024-06-11 07:00:00,0,0,0
2024-06-11 08:00:00,0,0,0
2024-06-11 09:00:00,0,0,0
2024-06-11 10:00:00,0,0,0
2024-06-11 11:00:00,0,0,0
2024-06-11 12:00:00,0,0,0
2024-06-11 13:00:00,0,0,0
2024-06-11 14:00:00,0,0,0
2024-06-11 15:00:00,0,0,0
2024-06-11 16:00:00,0,0,0
2024-06-11 17:00:00,0,0,0
2024-06-11 18:00:00,0,0,0
2024-06-11 19:00:00,0,0,0
2024-06-11 20:00:00,0,0,0
2024-06-11 21:00:00,0,0,0
2024-06-11 22:00:00,0,0,0
2024-06-11 23:00:00,0,0,0
2024-06-12 00:00:00,0,0,0
2024-06-12 01:00:00,0,0,0
2024-06-12 02:00:00,0,0,0
2024-06-12 03:00:00,0,0,0
2024-06-12 04:00:00,0,0,0
2024-06-12 05:00:00,0,0,0
2024-06-12 06:00:00,0,0,0
2024-06-12 07:00:00,0,0,0
2024-06-12 08:00:00,0,0,0
2024-06-12 09:00:00,0,0,0
2024-06-12 10:00:00,0,0,0
2024-06-12 11:00:00,0,0,0
2024-06-12 12:00:00,0,0,0
2024-06-12 13:00:00,0,0,0
2024-06-12 14:00:00,0,0,0
2024-06-12 15:00:00,0,0,0
2024-06-12 16:00:00,0,0,0
2024-06-12 17:00:00,0,0,0
2024-06-12 18:00:00,0,0,0
2024-06-12 19:00:00,0,0,0
2024-06-12 20:00:00,0,0,0
2024-06-12 21:00:00,0,0,0
2024-06-12 22:00:00,0,0,0
2024-06-12 23:00:00,0,0,0
2024-06-13 00:00:00,0,0,0
2024-06-13 01:00:00,0,0,0
2024-06-13 02:00:00,0,0,0
2024-06-13 03:00:00,0,0,0
2024-06-13 04:00:00,0,0,0
2024-06-13 05:00:00,0,0,0
2024-06-13 06:00:00,0,0,0
2024-06-13 07:00:00,0,0,0
2024-06-13 08:00:00,0,0,0
2024-06-13 09:00:00,0,0,0
2024-06-13 10:00:00,0,0,0
2024-06-13 11:00:00,0,0,0
2024-06-13 12:00:00,0,0,0
2024-06-13 13:00:00,0,0,0
2024-06-13 14:00:00,0,0,0
2024-06-13 15:00:00,0,0,0
2024-06-13 16:00:00,0,0,0
2024-06-13 17:00:00,0,0,0
2024-06-13 18:00:00,0,0,0
2024-06-13 19:00:00,0,0,0
2024-06-13 20:00:00,0,0,0
2024-06-13 21:00:00,0,0,0
2024-06-13 22:00:00,0,0,0
2024-06-13 23:00:00,0,0,0
2024-06-14 00:00:00,0,0,0
2024-06-14 01:00:00,0,0,0
2024-06-14 02:00:00,0,0,0
2024-06-14 03:00:00,0,0,0
2024-06-14 04:00:00,0,0,0
2024-06-14 05:00:00,0,0,0
2024-06-14 06:00:00,0,0,0
2024-06-14 07:00:00,0,0,0
2024-06-14 08:00:00,0,0,0
2024-06-14 09:00:00,0,0,0
2024-06-14 10:00:00,0,0,0
2024-06-14 11:00:00,0,0,0
2024-06-14 12:00:00,0,0,0
2024-06-14 13:00:00,0,0,0
2024-06-14 14:00:00,0,0,0
2024-06-14 15:00:00,0,0,0
2024-06-14 16:00:00,0,0,0
2024-06-14 17:00:00,0,0,0
2024-06-14 18:00:00,0,0,0
2024-06-14 19:00:00,0,0,0
2024-06-14 20:00:00,0,0,0
2024-06-14 21:00:00,0,0,0
2024-06-14 22:00:00,0,0,0
2024-06-14 23:00:00,0,0,0
2024-06-15 00:00:00,0,0,0
2024-06-15 01:00:00,0,0,0
2024-06-15 02:00:00,0,0,0
2024-06-15 03:00:00,0,0,0
2024-06-15 04:00:00,0,0,0
2024-06-15 05:00:00,0,0,0
2024-06-15 06:00:00,0,0,0
2024-06-15 07:00:00,0,0,0
2024-06-15 08:00:00,0,0,0
2024-06-15 09:00:00,0,0,0
2024-06-15 10:00:00,0,0,0
2024-06-15 11:00:00,0,0,0
2024-06-15 12:00:00,0,0,0
2024-06-15 13:00:00,0,0,0
2024-06-15 14:00:00,0,0,0
2024-06-15 15:00:00,0,0,0
2024-06-15 16:00:00,0,0,0
2024-06-15 17:00:00,0,0,0
2024-06-15 18:00:00,0,0,0
2024-06-15 19:00:00,0,0,0
2024-06-15 20:00:00,0,0,0
2024-06-15 21:00:00,0,0,0
2024-06-15 22:00:00,0,0,0
2024-06-15 23:00:00,0,0,0
2024-06-16 00:00:00,0,0,0
2024-06-16 01:00:00,0,0,0
2024-06-16 02:00:00,0,0,0
2024-06-16 03:00:00,0,0,0
2024-06-16 04:00:00,0,0,0
2024-06-16 05:00:00,0,0,0
2024-06-16 06:00:00,0,0,0
2024-06-16 07:00:00,0,0,0
2024-06-16 08:00:00,0,0,0
2024-06-16 09:00:00,0,0,0
2024-06-16 10:00:00,0,0,0
2024-06-16 11:00:00,0,0,0
2024-06-16 12:00:00,0,0,0
2024-06-16 13:00:00,0,0,0
2024-06-16 14:00:00,0,0,0
2024-06-16 15:00:00,0,0,0
2024-06-16 16:00:00,0,0,0
2024-06-16 17:00:00,0,0,0
2024-06-16 18:00:00,0,0,0
2024-06-16 19:00:00,0,0,0
2024-06-16 20:00:00,0,0,0
2024-06-16 21:00:00,0,0,0
2024-06-16 22:00:00,0,0,0
2024-06-16 23:00:00,0,0,0
2024-06-17 00:00:00,0,0,0
2024-06-17 01:00:00,0,0,0
2024-06-17 02:00:00,0,0,0
2024-06-17 03:00:00,0,0,0
2024-06-17 04:00:00,0,0,0
2024-06-17 05:00:00,0,0,0
2024-06-17 06:00:00,0,0,0
2024-06-17 07:00:00,0,0,0
2024-06-17 08:00:00,0,0,0
2024-06-17 09:00:00,0,0,0
2024-06-17 10:00:00,0,0,0
2024-06-17 11:00:00,0,0,0
2024-06-17 12:00:00,0,0,0
2024-06-17 13:00:00,0,0,0
2024-06-17 14:00:00,0,0,0
2024-06-17 15:00:00,0,0,0
2024-06-17 16:00:00,0,0,0
2024-06-17 17:00:00,0,0,0
2024-06-17 18:00:00,0,0,0
2024-06-17 19:00:00,0,0,0
2024-06-17 20:00:00,0,0,0
2024-06-17 21:00:00,0,0,0
2024-06-17 22:00:00,0,0,0
2024-06-17 23:00:00,0,0,0
2024-06-18 00:00:00,0,0,0
2024-06-18 01:00:00,0,0,0
2024-06-18 02:00:00,0,0,0
2024-06-18 03:00:00,0,0,0
2024-06-18 04:00:00,0,0,0
2024-06-18 05:00:00,0,0,0
2024-06-18 06:00:00,0,0,0
2024-06-18 07:00:00,0,0,0
2024-06-18 08:00:00,0,0,0
2024-06-18 09:00:00,0,0,0
2024-06-18 10:00:00,0,0,0
2024-06-18 11:00:00,0,0,0
2024-06-18 12:00:00,0,0,0
2024-06-18 13:00:00,0,0,0
2024-06-18 14:00:00,0,0,0
2024-06-18 15:00:00,0,0,0
2024-06-18 16:00:00,0,0,0
2024-06-18 17:00:00,0,0,0
2024-06-18 18:00:00,0,0,0
2024-06-18 19:00:00,0,0,0
2024-06-18 20:00:00,0,0,0
2024-06-18 21:00:00,0,0,0
2024-06-18 22:00:00,0,0,0
2024-06-18 23:00:00,0,0,0
2024-06-19 00:00:00,0,0,0
2024-06-19 01:00:00,0,0,0
2024-06-19 02:00:00,0,0,0
2024-06-19 03:00:00,0,0,0
2024-06-19 04:00:00,0,0,0
2024-06-19 05:00:00,0,0,0
2024-06-19 06:00:00,0,0,0
2024-06-19 07:00:00,0,0,0
2024-06-19 08:00:00,0,0,0
2024-06-19 09:00:00,0,0,0
2024-06-19 10:00:00,0,0,0
2024-06-19 11:00:00,0,0,0
2024-06-19 12:00:00,0,0,0
2024-06-19 13:00:00,0,0,0
2024-06-19 14:00:00,0,0,0
2024-06-19 15:00:00,0,0,0
2024-06-19 16:00:00,0,0,0
2024-06-19 17:00:00,0,0,0
2024-06-19 18:00:00,0,0,0
2024-06-19 19:00:00,0,0,0
2024-06-19 20:00:00,0,0,0
2024-06-19 21:00:00,0,0,0
2024-06-19 22:00:00,0,0,0
2024-06-19 23:00:00,0,0,0
2024-06-20 00:00:00,0,0,0
2024-06-20 01:00:00,0,0,0
2024-06-20 02:00:00,0,0,0
2024-06-20 03:00:00,0,0,0
2024-06-20 04:00:00,0,0,0
2024-06-20 05:00:00,0,0,0
2024-06-20 06:00:00,0,0,0
2024-06-20 07:00:00,0,0,0
2024-06-20 08:00:00,0,0,0
2024-06-20 09:00:00,0,0,0
2024-06-20 10:00:00,0,0,0
2024-06-20 11:00:00,0,0,0
2024-06-20 12:00:00,0,0,0
2024-06-20 13:00:00,0,0,0
2024-06-20 14:00:00,0,0,0
2024-06-20 15:00:00,0,0,0
2024-06-20 16:00:00,0,0,0
2024-06-20 17:00:00,0,0,0
2024-06-20 18:00:00,0,0,0
2024-06-20 19:00:00,0,0,0
2024-06-20 20:00:00,0,0,0
2024-06-20 21:00:00,0,0,0
2024-06-20 22:00:00,0,0,0
2024-06-20 23:00:00,0,0,0
2024-06-21 00:00:00,0,0,0
2024-06-21 01:00:00,0,0,0
2024-06-21 02:00:00,0,0,0
2024-06-21 03:00:00,0,0,0
2024-06-21 04:00:00,0,0,0
2024-06-21 05:00:00,0,0,0
2024-06-21 06:00:00,0,0,0
2024-06-21 07:00:00,0,0,0
2024-06-21 08:00:00,0,0,0
2024-06-21 09:00:00,0,0,0
2024-06-21 10:00:00,0,0,0
2024-06-21 11:00:00,0,0,0
2024-06-21 12:00:00,0,0,0
2024-06-21 13:00:00,0,0,0
2024-06-21 14:00:00,0,0,0
2024-06-21 15:00:00,0,0,0
2024-06-21 16:00:00,0,0,0
2024-06-21 17:00:00,0,0,0
2024-06-21 18:00:00,0,0,0
2024-06-21 19:00:00,0,0,0
2024-06-21 20:00:00,0,0,0
2024-06-21 21:00:00,0,0,0
2024-06-21 22:00:00,0,0,0
2024-06-21 23:00:00,0,0,0
2024-06-22 00:00:00,0,0,0
2024-06-22 01:00:00,0,0,0
2024-06-22 02:00:00,0,0,0
2024-06-22 03:00:00,0,0,0
2024-06-22 04:00:00,0,0,0
2024-06-22 05:00:00,0,0,0
2024-06-22 06:00:00,0,0,0
2024-06-22 07:00:00,0,0,0
2024-06-22 08:00:00,0,0,0
2024-06-22 09:00:00,0,0,0
2024-06-22 10:00:00,0,0,0
2024-06-22 11:00:00,0,0,0
2024-06-22 12:00:00,0,0,0
2024-06-22 13:00:00,0,0,0
2024-06-22 14:00:00,0,0,0
2024-06-22 15:00:00,0,0,0
2024-06-22 16:00:00,0,0,0
2024-06-22 17:00:00,0,0,0
2024-06-22 18:00:00,0,0,0
2024-06-22 19:00:00,0,0,0
2024-06-22 20:00:00,0,0,0
2024-06-22 21:00:00,0,0,0
2024-06-22 22:00:00,0,0,0
2024-06-22 23:00:00,0,0,0
2024-06-23 00:00:00,0,0,0
2024-06-23 01:00:00,0,0,0
2024-06-23 02:00:00,0,0,0
2024-06-23 03:00:00,0,0,0
2024-06-23 04:00:00,0,0,0
2024-06-23 05:00:00,0,0,0
2024-06-23 06:00:00,0,0,0
2024-06-23 07:00:00,0,0,0
2024-06-23 08:00:00,0,0,0
2024-06-23 09:00:00,0,0,0
2024-06-23 10:00:00,0,0,0
2024-06-23 11:00:00,0,0,0
2024-06-23 12:00:00,0,0,0
2024-06-23 13:00:00,0,0,0
2024-06-23 14:00:00,0,0,0
2024-06-23 15:00:00,0,0,0
2024-06-23 16:00:00,0,0,0
2024-06-23 17:00:00,0,0,0
2024-06-23 18:00:00,0,0,0
2024-06-23 19:00:00,0,0,0
2024-06-23 20:00:00,0,0,0
2024-06-23 21:00:00,0,0,0
2024-06-23 22:00:00,0,0,0
2024-06-23 23:00:00,0,0,0
2024-06-24 00:00:00,0,0,0
2024-06-24 01:00:00,0,0,0
2024-06-24 02:00:00,0,0,0
2024-06-24 03:00:00,0,0,0
2024-06-24 04:00:00,0,0,0
2024-06-24 05:00:00,0,0,0
2024-06-24 06:00:00,0,0,0
2024-06-24 07:00:00,0,0,0
2024-06-24 08:00:00,0,0,0
2024-06-24 09:00:00,0,0,0
2024-06-24 10:00:00,0,0,0
2024-06-24 11:00:00,0,0,0
2024-06-24 12:00:00,0,0,0
2024-06-24 13:00:00,0,0,0
2024-06-24 14:00:00,0,0,0
2024-06-24 15:00:00,0,0,0
2024-06-24 16:00:00,0,0,0
2024-06-24 17:00:00,0,0,0
2024-06-24 18:00:00,0,0,0
2024-06-24 19:00:00,0,0,0
2024-06-24 20:00:00,0,0,0
2024-06-24 21:00:00,0,0,0
2024-06-24 22:00:00,0,0,0
2024-06-24 23:00:00,0,0,0
2024-06-25 00:00:00,0,0,0
2024-06-25 01:00:00,0,0,0
2024-06-25 02:00:00,0,0,0
2024-06-25 03:00:00,0,0,0
2024-06-25 04:00:00,0,0,0
2024-06-25 05:00:00,0,0,0
2024-06-25 06:00:00,0,0,0
2024-06-25 07:00:00,0,0,0
2024-06-25 08:00:00,0,0,0
2024-06-25 09:00:00,0,0,0
2024-06-25 10:00:00,0,0,0
2024-06-25 11:00:00,0,0,0
2024-06-25 12:00:00,0,0,0
2024-06-25 13:00:00,0,0,0
2024-06-25 14:00:00,0,0,0
2024-06-25 15:00:00,0,0,0
2024-06-25 16:00:00,0,0,0
2024-06-25 17:00:00,0,0,0
2024-06-25 18:00:00,0,0,0
2024-06-25 19:00:00,0,0,0
2024-06-25 20:00:00,0,0,0
2024-06-25 21:00:00,0,0,0
2024-06-25 22:00:00,0,0,0
2024-06-25 23:00:00,0,0,0
2024-06-26 00:00:00,0,0,0
2024-06-26 01:00:00,0,0,0
2024-06-26 02:00:00,0,0,0
2024-06-26 03:00:00,0,0,0
2024-06-26 04:00:00,0,0,0
2024-06-26 05:00:00,0,0,0
2024-06-26 06:00:00,0,0,0
2024-06-26 07:00:00,0,0,0
2024-06-26 08:00:00,0,0,0
2024-06-26 09:00:00,0,0,0
2024-06-26 10:00:00,0,0,0
2024-06-26 11:00:00,0,0,0
2024-06-26 12:00:00,0,0,0
2024-06-26 13:00:00,0,0,0
2024-06-26 14:00:00,0,0,0
2024-06-26 15:00:00,0,0,0
2024-06-26 16:00:00,0,0,0
2024-06-26 17:00:00,0,0,0
2024-06-26 18:00:00,0,0,0
2024-06-26 19:00:00,0,0,0
2024-06-26 20:00:00,0,0,0
2024-06-26 21:00:00,0,0,0
2024-06-26 22:00:00,0,0,0
2024-06-26 23:00:00,0,0,0
2024-06-27 00:00:00,0,0,0
2024-06-27 01:00:00,0,0,0
2024-06-27 02:00:00,0,0,0
2024-06-27 03:00:00,0,0,0
2024-06-27 04:00:00,0,0,0
2024-06-27 05:00:00,0,0,0
2024-06-27 06:00:00,0,0,0
2024-06-27 07:00:00,0,0,0
2024-06-27 08:00:00,0,0,0
2024-06-27 09:00:00,0,0,0
2024-06-27 10:00:00,0,0,0
2024-06-27 11:00:00,0,0,0
2024-06-27 12:00:00,0,0,0
2024-06-27 13:00:00,0,0,0
2024-06-27 14:00:00,0,0,0
2024-06-27 15:00:00,0,0,0
2024-06-27 16:00:00,0,0,0
2024-06-27 17:00:00,0,0,0
2024-06-27 18:00:00,0,0,0
2024-06-27 19:00:00,0,0,0
2024-06-27 20:00:00,0,0,0
2024-06-27 21:00:00,0,0,0
2024-06-27 22:00:00,0,0,0
2024-06-27 23:00:00,0,0,0
2024-06-28 00:00:00,0,0,0
2024-06-28 01:00:00,0,0,0
2024-06-28 02:00:00,0,0,0
2024-06-28 03:00:00,0,0,0
2024-06-28 04:00:00,0,0,0
2024-06-28 05:00:00,0,0,0
2024-06-28 06:00:00,0,0,0
2024-06-28 07:00:00,0,0,0
2024-06-28 08:00:00,0,0,0
2024-06-28 09:00:00,0,0,0
2024-06-28 10:00:00,0,0,0
2024-06-28 11:00:00,0,0,0
2024-06-28 12:00:00,0,0,0
2024-06-28 13:00:00,0,0,0
2024-06-28 14:00:00,0,0,0
2024-06-28 15:00:00,0,0,0
2024-06-28 16:00:00,0,0,0
2024-06-28 17:00:00,0,0,0
2024-06-28 18:00:00,0,0,0
2024-06-28 19:00:00,0,0,0
2024-06-28 20:00:00,0,0,0
2024-06-28 21:00:00,0,0,0
2024-06-28 22:00:00,0,0,0
2024-06-28 23:00:00,0,0,0
2024-06-29 00:00:00,0,0,0
2024-06-29 01:00:00,0,0,0
2024-06-29 02:00:00,0,0,0
2024-06-29 03:00:00,0,0,0
2024-06-29 04:00:00,0,0,0
2024-06-29 05:00:00,0,0,0
2024-06-29 06:00:00,0,0,0
2024-06-29 07:00:00,0,0,0
2024-06-29 08:00:00,0,0,0
2024-06-29 09:00:00,0,0,0
2024-06-29 10:00:00,0,0,0
2024-06-29 11:00:00,0,0,0
2024-06-29 12:00:00,0,0,0
2024-06-29 13:00:00,0,0,0
2024-06-29 14:00:00,0,0,0
2024-06-29 15:00:00,0,0,0
2024-06-29 16:00:00,0,0,0
2024-06-29 17:00:00,0,0,0
2024-06-29 18:00:00,0,0,0
2024-06-29 19:00:00,0,0,0
2024-06-29 20:00:00,0,0,0
2024-06-29 21:00:00,0,0,0
2024-06-29 22:00:00,0,0,0
2024-06-29 23:00:00,0,0,0
2024-06-30 00:00:00,0,0,0
2024-06-30 01:00:00,0,0,0
2024-06-30 02:00:00,0,0,0
2024-06-30 03:00:00,0,0,0
2024-06-30 04:00:00,0,0,0
2024-06-30 05:00:00,0,0,0
2024-06-30 06:00:00,0,0,0
2024-06-30 07:00:00,0,0,0
2024-06-30 08:00:00,0,0,0
2024-06-30 09:00:00,0,0,0
2024-06-30 10:00:00,0,0,0
2024-06-30 11:00:00,0,0,0
2024-06-30 12:00:00,0,0,0
2024-06-30 13:00:00,0,0,0
2024-06-30 14:00:00,0,0,0
2024-06-30 15:00:00,0,0,0
2024-06-30 16:00:00,0,0,0
2024-06-30 17:00:00,0,0,0
2024-06-30 18:00:00,0,0,0
2024-06-30 19:00:00,0,0,0
2024-06-30 20:00:00,0,0,0
2024-06-30 21:00:00,0,0,0
2024-06-30 22:00:00,0,0,0
2024-06-30 23:00:00,0,0,0
2024-07-01 00:00:00,0,0,0
2024-07-01 01:00:00,0,0,0
2024-07-01 02:00:00,0,0,0
2024-07-01 03:00:00,0,0,0
2024-07-01 04:00:00,0,0,0
2024-07-01 05:00:00,0,0,0
2024-07-01 06:00:00,0,0,0
2024-07-01 07:00:00,0,0,0
2024-07-01 08:00:00,0,0,0
2024-07-01 09:00:00,0,0,0
2024-07-01 10:00:00,0,0,0
2024-07-01 11:00:00,0,0,0
2024-07-01 12:00:00,0,0,0
2024-07-01 13:00:00,0,0,0
2024-07-01 14:00:00,0,0,0
2024-07-01 15:00:00,0,0,0
2024-07-01 16:00:00,0,0,0
2024-07-01 17:00:00,0,0,0
2024-07-01 18:00:00,0,0,0
2024-07-01 19:00:00,0,0,0
2024-07-01 20:00:00,0,0,0
2024-07-01 21:00:00,0,0,0
2024-07-01 22:00:00,0,0,0
2024-07-01 23:00:00,0,0,0
2024-07-02 00:00:00,0,0,0
2024-07-02 01:00:00,0,0,0
2024-07-02 02:00:00,0,0,0
2024-07-02 03:00:00,0,0,0
2024-07-02 04:00:00,0,0,0
2024-07-02 05:00:00,0,0,0
2024-07-02 06:00:00,0,0,0
2024-07-02 07:00:00,0,0,0
2024-07-02 08:00:00,0,0,0
2024-07-02 09:00:00,0,0,0
2024-07-02 10:00:00,0,0,0
2024-07-02 11:00:00,0,0,0
2024-07-02 12:00:00,0,0,0
2024-07-02 13:00:00,0,0,0
2024-07-02 14:00:00,0,0,0
2024-07-02 15:00:00,0,0,0
2024-07-02 16:00:00,0,0,0
2024-07-02 17:00:00,0,0,0
2024-07-02 18:00:00,0,0,0
2024-07-02 19:00:00,0,0,0
2024-07-02 20:00:00,0,0,0
2024-07-02 21:00:00,0,0,0
2024-07-02 22:00:00,0,0,0
2024-07-02 23:00:00,0,0,0
2024-07-03 00:00:00,0,0,0
2024-07-03 01:00:00,0,0,0
2024-07-03 02:00:00,0,0,0
2024-07-03 03:00:00,0,0,0
2024-07-03 04:00:00,0,0,0
2024-07-03 05:00:00,0,0,0
2024-07-03 06:00:00,0,0,0
2024-07-03 07:00:00,0,0,0
2024-07-03 08:00:00,0,0,0
2024-07-03 09:00:00,0,0,0
2024-07-03 10:00:00,0,0,0
2024-07-03 11:00:00,0,0,0
2024-07-03 12:00:00,0,0,0
2024-07-03 13:00:00,0,0,0
2024-07-03 14:00:00,0,0,0
2024-07-03 15:00:00,0,0,0
2024-07-03 16:00:00,0,0,0
2024-07-03 17:00:00,0,0,0
2024-07-03 18:00:00,0,0,0
2024-07-03 19:00:00,0,0,0
2024-07-03 20:00:00,0,0,0
2024-07-03 21:00:00,0,0,0
2024-07-03 22:00:00,0,0,0
2024-07-03 23:00:00,0,0,0
2024-07-04 00:00:00,0,0,0
2024-07-04 01:00:00,0,0,0
2024-07-04 02:00:00,0,0,0
2024-07-04 03:00:00,0,0,0
2024-07-04 04:00:00,0,0,0
2024-07-04 05:00:00,0,0,0
2024-07-04 06:00:00,0,0,0
2024-07-04 07:00:00,0,0,0
2024-07-04 08:00:00,0,0,0
2024-07-04 09:00:00,0,0,0
2024-07-04 10:00:00,0,0,0
2024-07-04 11:00:00,0,0,0
2024-07-04 12:00:00,0,0,0
2024-07-04 13:00:00,0,0,0
2024-07-04 14:00:00,0,0,0
2024-07-04 15:00:00,0,0,0
2024-07-04 16:00:00,0,0,0
2024-07-04 17:00:00,0,0,0
2024-07-04 18:00:00,0,0,0
2024-07-04 19:00:00,0,0,0
2024-07-04 20:00:00,0,0,0
2024-07-04 21:00:00,0,0,0
2024-07-04 22:00:00,0,0,0
2024-07-04 23:00:00,0,0,0
2024-07-05 00:00:00,0,0,0
2024-07-05 01:00:00,0,0,0
2024-07-05 02:00:00,0,0,0
2024-07-05 03:00:00,0,0,0
2024-07-05 04:00:00,0,0,0
2024-07-05 05:00:00,0,0,0
2024-07-05 06:00:00,0,0,0
2024-07-05 07:00:00,0,0,0
2024-07-05 08:00:00,0,0,0
2024-07-05 09:00:00,0,0,0
2024-07-05 10:00:00,0,0,0
2024-07-05 11:00:00,0,0,0
2024-07-05 12:00:00,0,0,0
2024-07-05 13:00:00,0,0,0
2024-07-05 14:00:00,0,0,0
2024-07-05 15:00:00,0,0,0
2024-07-05 16:00:00,0,0,0
2024-07-05 17:00:00,0,0,0
2024-07-05 18:00:00,0,0,0
2024-07-05 19:00:00,0,0,0
2024-07-05 20:00:00,0,0,0
2024-07-05 21:00:00,0,0,0
2024-07-05 22:00:00,0,0,0
2024-07-05 23:00:00,0,0,0
2024-07-06 00:00:00,0,0,0
2024-07-06 01:00:00,0,0,0
2024-07-06 02:00:00,0,0,0
2024-07-06 03:00:00,0,0,0
2024-07-06 04:00:00,0,0,0
2024-07-06 05:00:00,0,0,0
2024-07-06 06:00:00,0,0,0
2024-07-06 07:00:00,0,0,0
2024-07-06 08:00:00,0,0,0
2024-07-06 09:00:00,0,0,0
2024-07-06 10:00:00,0,0,0
2024-07-06 11:00:00,0,0,0
2024-07-06 12:00:00,0,0,0
2024-07-06 13:00:00,0,0,0
2024-07-06 14:00:00,0,0,0
2024-07-06 15:00:00,0,0,0
2024-07-06 16:00:00,0,0,0
2024-07-06 17:00:00,0,0,0
2024-07-06 18:00:00,0,0,0
2024-07-06 19:00:00,0,0,0
2024-07-06 20:00:00,0,0,0
2024-07-06 21:00:00,0,0,0
2024-07-06 22:00:00,0,0,0
2024-07-06 23:00:00,0,0,0
2024-07-07 00:00:00,0,0,0
2024-07-07 01:00:00,0,0,0
2024-07-07 02:00:00,0,0,0
2024-07-07 03:00:00,0,0,0
2024-07-07 04:00:00,0,0,0
2024-07-07 05:00:00,0,0,0
2024-07-07 06:00:00,0,0,0
2024-07-07 07:00:00,0,0,0
2024-07-07 08:00:00,0,0,0
2024-07-07 09:00:00,0,0,0
2024-07-07 10:00:00,0,0,0
2024-07-07 11:00:00,0,0,0
2024-07-07 12:00:00,0,0,0
2024-07-07 13:00:00,0,0,0
2024-07-07 14:00:00,0,0,0
2024-07-07 15:00:00,0,0,0
2024-07-07 16:00:00,0,0,0
2024-07-07 17:00:00,0,0,0
2024-07-07 18:00:00,0,0,0
2024-07-07 19:00:00,0,0,0
2024-07-07 20:00:00,0,0,0
2024-07-07 21:00:00,0,0,0
2024-07-07 22:00:00,0,0,0
2024-07-07 23:00:00,0,0,0
2024-07-08 00:00:00,0,0,0
2024-07-08 01:00:00,0,0,0
2024-07-08 02:00:00,0,0,0
2024-07-08 03:00:00,0,0,0
2024-07-08 04:00:00,0,0,0
2024-07-08 05:00:00,0,0,0
2024-07-08 06:00:00,0,0,0
2024-07-08 07:00:00,0,0,0
2024-07-08 08:00:00,0,0,0
2024-07-08 09:00:00,0,0,0
2024-07-08 10:00:00,0,0,0
2024-07-08 11:00:00,0,0,0
2024-07-08 12:00:00,0,0,0
2024-07-08 13:00:00,0,0,0
2024-07-08 14:00:00,0,0,0
2024-07-08 15:00:00,0,0,0
2024-07-08 16:00:00,0,0,0
2024-07-08 17:00:00,0,0,0
2024-07-08 18:00:00,0,0,0
2024-07-08 19:00:00,0,0,0
2024-07-08 20:00:00,0,0,0
2024-07-08 21:00:00,0,0,0
2024-07-08 22:00:00,0,0,0
2024-07-08 23:00:00,0,0,0
2024-07-09 00:00:00,0,0,0
2024-07-09 01:00:00,0,0,0
2024-07-09 02:00:00,0,0,0
2024-07-09 03:00:00,0,0,0
2024-07-09 04:00:00,0,0,0
2024-07-09 05:00:00,0,0,0
2024-07-09 06:00:00,0,0,0
2024-07-09 07:00:00,0,0,0
2024-07-09 08:00:00,0,0,0
2024-07-09 09:00:00,0,0,0
2024-07-09 10:00:00,0,0,0
2024-07-09 11:00:00,0,0,0
2024-07-09 12:00:00,0,0,0
2024-07-09 13:00:00,0,0,0
2024-07-09 14:00:00,0,0,0
2024-07-09 15:00:00,0,0,0
2024-07-09 16:00:00,0,0,0
2024-07-09 17:00:00,0,0,0
2024-07-09 18:00:00,0,0,0
2024-07-09 19:00:00,0,0,0
2024-07-09 20:00:00,0,0,0
2024-07-09 21:00:00,0,0,0
2024-07-09 22:00:00,0,0,0
2024-07-09 23:00:00,0,0,0
2024-07-10 00:00:00,0,0,0
2024-07-10 01:00:00,0,0,0
2024-07-10 02:00:00,0,0,0
2024-07-10 03:00:00,0,0,0
2024-07-10 04:00:00,0,0,0
2024-07-10 05:00:00,0,0,0
2024-07-10 06:00:00,0,0,0
2024-07-10 07:00:00,0,0,0
2024-07-10 08:00:00,0,0,0
2024-07-10 09:00:00,0,0,0
2024-07-10 10:00:00,0,0,0
2024-07-10 11:00:00,0,0,0
2024-07-10 12:00:00,0,0,0
2024-07-10 13:00:00,0,0,0
2024-07-10 14:00:00,0,0,0
2024-07-10 15:00:00,0,0,0
2024-07-10 16:00:00,0,0,0
2024-07-10 17:00:00,0,0,0
2024-07-10 18:00:00,0,0,0
2024-07-10 19:00:00,0,0,0
2024-07-10 20:00:00,0,0,0
2024-07-10 21:00:00,0,0,0
2024-07-10 22:00:00,0,0,0
2024-07-10 23:00:00,0,0,0
2024-07-11 00:00:00,0,0,0
2024-07-11 01:00:00,0,0,0
2024-07-11 02:00:00,0,0,0
2024-07-11 03:00:00,0,0,0
2024-07-11 04:00:00,0,0,0
2024-07-11 05:00:00,0,0,0
2024-07-11 06:00:00,0,0,0
2024-07-11 07:00:00,0,0,0
2024-07-11 08:00:00,0,0,0
2024-07-11 09:00:00,0,0,0
2024-07-11 10:00:00,0,0,0
2024-07-11 11:00:00,0,0,0
2024-07-11 12:00:00,0,0,0
2024-07-11 13:00:00,0,0,0
2024-07-11 14:00:00,0,0,0
2024-07-11 15:00:00,0,0,0
2024-07-11 16:00:00,0,0,0
2024-07-11 17:00:00,0,0,0
2024-07-11 18:00:00,0,0,0
2024-07-11 19:00:00,0,0,0
2024-07-11 20:00:00,0,0,0
2024-07-11 21:00:00,0,0,0
2024-07-11 22:00:00,0,0,0
2024-07-11 23:00:00,0,0,0
2024-07-12 00:00:00,0,0,0
2024-07-12 01:00:00,0,0,0
2024-07-12 02:00:00,0,0,0
2024-07-12 03:00:00,0,0,0
2024-07-12 04:00:00,0,0,0
2024-07-12 05:00:00,0,0,0
2024-07-12 06:00:00,0,0,0
2024-07-12 07:00:00,0,0,0
2024-07-12 08:00:00,0,0,0
2024-07-12 09:00:00,0,0,0
2024-07-12 10:00:00,0,0,0
2024-07-12 11:00:00,0,0,0
2024-07-12 12:00:00,0,0,0
2024-07-12 13:00:00,0,0,0
2024-07-12 14:00:00,0,0,0
2024-07-12 15:00:00,0,0,0
2024-07-12 16:00:00,0,0,0
2024-07-12 17:00:00,0,0,0
2024-07-12 18:00:00,0,0,0
2024-07-12 19:00:00,0,0,0
2024-07-12 20:00:00,0,0,0
2024-07-12 21:00:00,0,0,0
2024-07-12 22:00:00,0,0,0
2024-07-12 23:00:00,0,0,0
2024-07-13 00:00:00,0,0,0
2024-07-13 01:00:00,0,0,0
2024-07-13 02:00:00,0,0,0
2024-07-13 03:00:00,0,0,0
2024-07-13 04:00:00,0,0,0
2024-07-13 05:00:00,0,0,0
2024-07-13 06:00:00,0,0,0
2024-07-13 07:00:00,0,0,0
2024-07-13 08:00:00,0,0,0
2024-07-13 09:00:00,0,0,0
2024-07-13 10:00:00,0,0,0
2024-07-13 11:00:00,0,0,0
2024-07-13 12:00:00,0,0,0
2024-07-13 13:00:00,0,0,0
2024-07-13 14:00:00,0,0,0
2024-07-13 15:00:00,0,0,0
2024-07-13 16:00:00,0,0,0
2024-07-13 17:00:00,0,0,0
2024-07-13 18:00:00,0,0,0
2024-07-13 19:00:00,0,0,0
2024-07-13 20:00:00,0,0,0
2024-07-13 21:00:00,0,0,0
2024-07-13 22:00:00,0,0,0
2024-07-13 23:00:00,0,0,0
2024-07-14 00:00:00,0,0,0
2024-07-14 01:00:00,0,0,0
2024-07-14 02:00:00,0,0,0
2024-07-14 03:00:00,0,0,0
2024-07-14 04:00:00,0,0,0
2024-07-14 05:00:00,0,0,0
2024-07-14 06:00:00,0,0,0
2024-07-14 07:00:00,0,0,0
2024-07-14 08:00:00,0,0,0
2024-07-14 09:00:00,0,0,0
2024-07-14 10:00:00,0,0,0
2024-07-14 11:00:00,0,0,0
2024-07-14 12:00:00,0,0,0
2024-07-14 13:00:00,0,0,0
2024-07-14 14:00:00,0,0,0
2024-07-14 15:00:00,0,0,0
2024-07-14 16:00:00,0,0,0
2024-07-14 17:00:00,0,0,0
2024-07-14 18:00:00,0,0,0
2024-07-14 19:00:00,0,0,0
2024-07-14 20:00:00,0,0,0
2024-07-14 21:00:00,0,0,0
2024-07-14 22:00:00,0,0,0
2024-07-14 23:00:00,0,0,0
2024-07-15 00:00:00,0,0,0
2024-07-15 01:00:00,0,0,0
2024-07-15 02:00:00,0,0,0
2024-07-15 03:00:00,0,0,0
2024-07-15 04:00:00,0,0,0
2024-07-15 05:00:00,0,0,0
2024-07-15 06:00:00,0,0,0
2024-07-15 07:00:00,0,0,0
2024-07-15 08:00:00,0,0,0
2024-07-15 09:00:00,0,0,0
2024-07-15 10:00:00,0,0,0
2024-07-15 11:00:00,0,0,0
2024-07-15 12:00:00,0,0,0
2024-07-15 13:00:00,0,0,0
2024-07-15 14:00:00,0,0,0
2024-07-15 15:00:00,0,0,0
2024-07-15 16:00:00,0,0,0
2024-07-15 17:00:00,0,0,0
2024-07-15 18:00:00,0,0,0
2024-07-15 19:00:00,0,0,0
2024-07-15 20:00:00,0,0,0
2024-07-15 21:00:00,0,0,0
2024-07-15 22:00:00,0,0,0
2024-07-15 23:00:00,0,0,0
2024-07-16 00:00:00,0,0,0
2024-07-16 01:00:00,0,0,0
2024-07-16 02:00:00,0,0,0
2024-07-16 03:00:00,0,0,0
2024-07-16 04:00:00,0,0,0
2024-07-16 05:00:00,0,0,0
2024-07-16 06:00:00,0,0,0
2024-07-16 07:00:00,0,0,0
2024-07-16 08:00:00,0,0,0
2024-07-16 09:00:00,0,0,0
2024-07-16 10:00:00,0,0,0
2024-07-16 11:00:00,0,0,0
2024-07-16 12:00:00,0,0,0
2024-07-16 13:00:00,0,0,0
2024-07-16 14:00:00,0,0,0
2024-07-16 15:00:00,0,0,0
2024-07-16 16:00:00,0,0,0
2024-07-16 17:00:00,0,0,0
2024-07-16 18:00:00,0,0,0
2024-07-16 19:00:00,0,0,0
2024-07-16 20:00:00,0,0,0
2024-07-16 21:00:00,0,0,0
2024-07-16 22:00:00,0,0,0
2024-07-16 23:00:00,0,0,0
2024-07-17 00:00:00,0,0,0
2024-07-17 01:00:00,0,0,0
2024-07-17 02:00:00,0,0,0
2024-07-17 03:00:00,0,0,0
2024-07-17 04:00:00,0,0,0
2024-07-17 05:00:00,0,0,0
2024-07-17 06:00:00,0,0,0
2024-07-17 07:00:00,0,0,0
2024-07-17 08:00:00,0,0,0
2024-07-17 09:00:00,0,0,0
2024-07-17 10:00:00,0,0,0
2024-07-17 11:00:00,0,0,0
2024-07-17 12:00:00,0,0,0
2024-07-17 13:00:00,0,0,0
2024-07-17 14:00:00,0,0,0
2024-07-17 15:00:00,0,0,0
2024-07-17 16:00:00,0,0,0
2024-07-17 17:00:00,0,0,0
2024-07-17 18:00:00,0,0,0
2024-07-17 19:00:00,0,0,0
2024-07-17 20:00:00,0,0,0
2024-07-17 21:00:00,0,0,0
2024-07-17 22:00:00,0,0,0
2024-07-17 23:00:00,0,0,0
2024-07-18 00:00:00,0,0,0
2024-07-18 01:00:00,0,0,0
2024-07-18 02:00:00,0,0,0
2024-07-18 03:00:00,0,0,0
2024-07-18 04:00:00,0,0,0
2024-07-18 05:00:00,0,0,0
2024-07-18 06:00:00,0,0,0
2024-07-18 07:00:00,0,0,0
2024-07-18 08:00:00,0,0,0
2024-07-18 09:00:00,0,0,0
2024-07-18 10:00:00,0,0,0
2024-07-18 11:00:00,0,0,0
2024-07-18 12:00:00,0,0,0
2024-07-18 13:00:00,0,0,0
2024-07-18 14:00:00,0,0,0
2024-07-18 15:00:00,0,0,0
2024-07-18 16:00:00,0,0,0
2024-07-18 17:00:00,0,0,0
2024-07-18 18:00:00,0,0,0
2024-07-18 19:00:00,0,0,0
2024-07-18 20:00:00,0,0,0
2024-07-18 21:00:00,0,0,0
2024-07-18 22:00:00,0,0,0
2024-07-18 23:00:00,0,0,0
2024-07-19 00:00:00,0,0,0
2024-07-19 01:00:00,0,0,0
2024-07-19 02:00:00,0,0,0
2024-07-19 03:00:00,0,0,0
2024-07-19 04:00:00,0,0,0
2024-07-19 05:00:00,0,0,0
2024-07-19 06:00:00,0,0,0
2024-07-19 07:00:00,0,0,0
2024-07-19 08:00:00,0,0,0
2024-07-19 09:00:00,0,0,0
2024-07-19 10:00:00,0,0,0
2024-07-19 11:00:00,0,0,0
2024-07-19 12:00:00,0,0,0
2024-07-19 13:00:00,0,0,0
2024-07-19 14:00:00,0,0,0
2024-07-19 15:00:00,0,0,0
2024-07-19 16:00:00,0,0,0
2024-07-19 17:00:00,0,0,0
2024-07-19 18:00:00,0,0,0
2024-07-19 19:00:00,0,0,0
2024-07-19 20:00:00,0,0,0
2024-07-19 21:00:00,0,0,0
2024-07-19 22:00:00,0,0,0
2024-07-19 23:00:00,0,0,0
2024-07-20 00:00:00,0,0,0
2024-07-20 01:00:00,0,0,0
2024-07-20 02:00:00,0,0,0
2024-07-20 03:00:00,0,0,0
2024-07-20 04:00:00,0,0,0
2024-07-20 05:00:00,0,0,0
2024-07-20 06:00:00,0,0,0
2024-07-20 07:00:00,0,0,0
2024-07-20 08:00:00,0,0,0
2024-07-20 09:00:00,0,0,0
2024-07-20 10:00:00,0,0,0
2024-07-20 11:00:00,0,0,0
2024-07-20 12:00:00,0,0,0
2024-07-20 13:00:00,0,0,0
2024-07-20 14:00:00,0,0,0
2024-07-20 15:00:00,0,0,0
2024-07-20 16:00:00,0,0,0
2024-07-20 17:00:00,0,0,0
2024-07-20 18:00:00,0,0,0
2024-07-20 19:00:00,0,0,0
2024-07-20 20:00:00,0,0,0
2024-07-20 21:00:00,0,0,0
2024-07-20 22:00:00,0,0,0
2024-07-20 23:00:00,0,0,0
2024-07-21 00:00:00,0,0,0
2024-07-21 01:00:00,0,0,0
2024-07-21 02:00:00,0,0,0
2024-07-21 03:00:00,0,0,0
2024-07-21 04:00:00,0,0,0
2024-07-21 05:00:00,0,0,0
2024-07-21 06:00:00,0,0,0
2024-07-21 07:00:00,0,0,0
2024-07-21 08:00:00,0,0,0
2024-07-21 09:00:00,0,0,0
2024-07-21 10:00:00,0,0,0
2024-07-21 11:00:00,0,0,0
2024-07-21 12:00:00,0,0,0
2024-07-21 13:00:00,0,0,0
2024-07-21 14:00:00,0,0,0
2024-07-21 15:00:00,0,0,0
2024-07-21 16:00:00,0,0,0
2024-07-21 17:00:00,0,0,0
2024-07-21 18:00:00,0,0,0
2024-07-21 19:00:00,0,0,0
2024-07-21 20:00:00,0,0,0
2024-07-21 21:00:00,0,0,0
2024-07-21 22:00:00,0,0,0
2024-07-21 23:00:00,0,0,0
2024-07-22 00:00:00,0,0,0
2024-07-22 01:00:00,0,0,0
2024-07-22 02:00:00,0,0,0
2024-07-22 03:00:00,0,0,0
2024-07-22 04:00:00,0,0,0
2024-07-22 05:00:00,0,0,0
2024-07-22 06:00:00,0,0,0
2024-07-22 07:00:00,0,0,0
2024-07-22 08:00:00,0,0,0
2024-07-22 09:00:00,0,0,0
2024-07-22 10:00:00,0,0,0
2024-07-22 11:00:00,0,0,0
2024-07-22 12:00:00,0,0,0
2024-07-22 13:00:00,0,0,0
2024-07-22 14:00:00,0,0,0
2024-07-22 15:00:00,0,0,0
2024-07-22 16:00:00,0,0,0
2024-07-22 17:00:00,0,0,0
2024-07-22 18:00:00,0,0,0
2024-07-22 19:00:00,0,0,0
2024-07-22 20:00:00,0,0,0
2024-07-22 21:00:00,0,0,0
2024-07-22 22:00:00,0,0,0
2024-07-22 23:00:00,0,0,0
2024-07-23 00:00:00,0,0,0
2024-07-23 01:00:00,0,0,0
2024-07-23 02:00:00,0,0,0
2024-07-23 03:00:00,0,0,0
2024-07-23 04:00:00,0,0,0
2024-07-23 05:00:00,0,0,0
2024-07-23 06:00:00,0,0,0
2024-07-23 07:00:00,0,0,0
2024-07-23 08:00:00,0,0,0
2024-07-23 09:00:00,0,0,0
2024-07-23 10:00:00,0,0,0
2024-07-23 11:00:00,0,0,0
2024-07-23 12:00:00,0,0,0
2024-07-23 13:00:00,0,0,0
2024-07-23 14:00:00,0,0,0
2024-07-23 15:00:00,0,0,0
2024-07-23 16:00:00,0,0,0
2024-07-23 17:00:00,0,0,0
2024-07-23 18:00:00,0,0,0
2024-07-23 19:00:00,0,0,0
2024-07-23 20:00:00,0,0,0
2024-07-23 21:00:00,0,0,0
2024-07-23 22:00:00,0,0,0
2024-07-23 23:00:00,0,0,0
2024-07-24 00:00:00,0,0,0
2024-07-24 01:00:00,0,0,0
2024-07-24 02:00:00,0,0,0
2024-07-24 03:00:00,0,0,0
2024-07-24 04:00:00,0,0,0
2024-07-24 05:00:00,0,0,0
2024-07-24 06:00:00,0,0,0
2024-07-24 07:00:00,0,0,0
2024-07-24 08:00:00,0,0,0
2024-07-24 09:00:00,0,0,0
2024-07-24 10:00:00,0,0,0
2024-07-24 11:00:00,0,0,0
2024-07-24 12:00:00,0,0,0
2024-07-24 13:00:00,0,0,0
2024-07-24 14:00:00,0,0,0
2024-07-24 15:00:00,0,0,0
2024-07-24 16:00:00,0,0,0
2024-07-24 17:00:00,0,0,0
2024-07-24 18:00:00,0,0,0
2024-07-24 19:00:00,0,0,0
2024-07-24 20:00:00,0,0,0
2024-07-24 21:00:00,0,0,0
2024-07-24 22:00:00,0,0,0
2024-07-24 23:00:00,0,0,0
2024-07-25 00:00:00,0,0,0
2024-07-25 01:00:00,0,0,0
2024-07-25 02:00:00,0,0,0
2024-07-25 03:00:00,0,0,0
2024-07-25 04:00:00,0,0,0
2024-07-25 05:00:00,0,0,0
2024-07-25 06:00:00,0,0,0
2024-07-25 07:00:00,0,0,0
2024-07-25 08:00:00,0,0,0
2024-07-25 09:00:00,0,0,0
2024-07-25 10:00:00,0,0,0
2024-07-25 11:00:00,0,0,0
2024-07-25 12:00:00,0,0,0
2024-07-25 13:00:00,0,0,0
2024-07-25 14:00:00,0,0,0
2024-07-25 15:00:00,0,0,0
2024-07-25 16:00:00,0,0,0
2024-07-25 17:00:00,0,0,0
2024-07-25 18:00:00,0,0,0
2024-07-25 19:00:00,0,0,0
2024-07-25 20:00:00,0,0,0
2024-07-25 21:00:00,0,0,0
2024-07-25 22:00:00,0,0,0
2024-07-25 23:00:00,0,0,0
2024-07-26 00:00:00,0,0,0
2024-07-26 01:00:00,0,0,0
2024-07-26 02:00:00,0,0,0
2024-07-26 03:00:00,0,0,0
2024-07-26 04:00:00,0,0,0
2024-07-26 05:00:00,0,0,0
2024-07-26 06:00:00,0,0,0
2024-07-26 07:00:00,0,0,0
2024-07-26 08:00:00,0,0,0
2024-07-26 09:00:00,0,0,0
2024-07-26 10:00:00,0,0,0
2024-07-26 11:00:00,0,0,0
2024-07-26 12:00:00,0,0,0
2024-07-26 13:00:00,0,0,0
2024-07-26 14:00:00,0,0,0
2024-07-26 15:00:00,0,0,0
2024-07-26 16:00:00,0,0,0
2024-07-26 17:00:00,0,0,0
2024-07-26 18:00:00,0,0,0
2024-07-26 19:00:00,0,0,0
2024-07-26 20:00:00,0,0,0
2024-07-26 21:00:00,0,0,0
2024-07-26 22:00:00,0,0,0
2024-07-26 23:00:00,0,0,0
2024-07-27 00:00:00,0,0,0
2024-07-27 01:00:00,0,0,0
2024-07-27 02:00:00,0,0,0
2024-07-27 03:00:00,0,0,0
2024-07-27 04:00:00,0,0,0
2024-07-27 05:00:00,0,0,0
2024-07-27 06:00:00,0,0,0
2024-07-27 07:00:00,0,0,0
2024-07-27 08:00:00,0,0,0
2024-07-27 09:00:00,0,0,0
2024-07-27 10:00:00,0,0,0
2024-07-27 11:00:00,0,0,0
2024-07-27 12:00:00,0,0,0
2024-07-27 13:00:00,0,0,0
2024-07-27 14:00:00,0,0,0
2024-07-27 15:00:00,0,0,0
2024-07-27 16:00:00,0,0,0
2024-07-27 17:00:00,0,0,0
2024-07-27 18:00:00,0,0,0
2024-07-27 19:00:00,0,0,0
2024-07-27 20:00:00,0,0,0
2024-07-27 21:00:00,0,0,0
2024-07-27 22:00:00,0,0,0
2024-07-27 23:00:00,0,0,0
2024-07-28 00:00:00,0,0,0
2024-07-28 01:00:00,0,0,0
2024-07-28 02:00:00,0,0,0
2024-07-28 03:00:00,0,0,0
2024-07-28 04:00:00,0,0,0
2024-07-28 05:00:00,0,0,0
2024-07-28 06:00:00,0,0,0
2024-07-28 07:00:00,0,0,0
2024-07-28 08:00:00,0,0,0
2024-07-28 09:00:00,0,0,0
2024-07-28 10:00:00,0,0,0
2024-07-28 11:00:00,0,0,0
2024-07-28 12:00:00,0,0,0
2024-07-28 13:00:00,0,0,0
2024-07-28 14:00:00,0,0,0
2024-07-28 15:00:00,0,0,0
2024-07-28 16:00:00,0,0,0
2024-07-28 17:00:00,0,0,0
2024-07-28 18:00:00,0,0,0
2024-07-28 19:00:00,0,0,0
2024-07-28 20:00:00,0,0,0
2024-07-28 21:00:00,0,0,0
2024-07-28 22:00:00,0,0,0
2024-07-28 23:00:00,0,0,0
2024-07-29 00:00:00,0,0,0
2024-07-29 01:00:00,0,0,0
2024-07-29 02:00:00,0,0,0
2024-07-29 03:00:00,0,0,0
2024-07-29 04:00:00,0,0,0
2024-07-29 05:00:00,0,0,0
2024-07-29 06:00:00,0,0,0
2024-07-29 07:00:00,0,0,0
2024-07-29 08:00:00,0,0,0
2024-07-29 09:00:00,0,0,0
2024-07-29 10:00:00,0,0,0
2024-07-29 11:00:00,0,0,0
2024-07-29 12:00:00,0,0,0
2024-07-29 13:00:00,0,0,0
2024-07-29 14:00:00,0,0,0
2024-07-29 15:00:00,0,0,0
2024-07-29 16:00:00,0,0,0
2024-07-29 17:00:00,0,0,0
2024-07-29 18:00:00,0,0,0
2024-07-29 19:00:00,0,0,0
2024-07-29 20:00:00,0,0,0
2024-07-29 21:00:00,0,0,0
2024-07-29 22:00:00,0,0,0
2024-07-29 23:00:00,0,0,0
2024-07-30 00:00:00,0,0,0
2024-07-30 01:00:00,0,0,0
2024-07-30 02:00:00,0,0,0
2024-07-30 03:00:00,0,0,0
2024-07-30 04:00:00,0,0,0
2024-07-30 05:00:00,0,0,0
2024-07-30 06:00:00,0,0,0
2024-07-30 07:00:00,0,0,0
2024-07-30 08:00:00,0,0,0
2024-07-30 09:00:00,0,0,0
2024-07-30 10:00:00,0,0,0
2024-07-30 11:00:00,0,0,0
2024-07-30 12:00:00,0,0,0
2024-07-30 13:00:00,0,0,0
2024-07-30 14:00:00,0,0,0
2024-07-30 15:00:00,0,0,0
2024-07-30 16:00:00,0,0,0
2024-07-30 17:00:00,0,0,0
2024-07-30 18:00:00,0,0,0
2024-07-30 19:00:00,0,0,0
2024-07-30 20:00:00,0,0,0
2024-07-30 21:00:00,0,0,0
2024-07-30 22:00:00,0,0,0
2024-07-30 23:00:00,0,0,0
2024-07-31 00:00:00,0,0,0
2024-07-31 01:00:00,0,0,0
2024-07-31 02:00:00,0,0,0
2024-07-31 03:00:00,0,0,0
2024-07-31 04:00:00,0,0,0
2024-07-31 05:00:00,0,0,0
2024-07-31 06:00:00,0,0,0
2024-07-31 07:00:00,0,0,0
2024-07-31 08:00:00,0,0,0
2024-07-31 09:00:00,0,0,0
2024-07-31 10:00:00,89,48,13
2024-07-31 11:00:00,375,118,45
2024-07-31 12:00:00,277,100,41
2024-07-31 13:00:00,207,108,30
2024-07-31 14:00:00,267,133,30
2024-07-31 15:00:00,376,140,66
2024-07-31 16:00:00,577,121,89
2024-07-31 17:00:00,271,126,71
2024-07-31 18:00:00,228,92,36
2024-07-31 19:00:00,177,88,26
2024-07-31 20:00:00,164,73,26
2024-07-31 21:00:00,142,76,12
2024-07-31 22:00:00,59,57,9
2024-07-31 23:00:00,12,37,0
2024-08-01 00:00:00,9,31,2
2024-08-01 01:00:00,0,12,0
2024-08-01 02:00:00,1,11,2
2024-08-01 03:00:00,3,21,5
2024-08-01 04:00:00,15,28,5
2024-08-01 05:00:00,62,66,22
2024-08-01 06:00:00,318,99,86
2024-08-01 07:00:00,619,169,169
2024-08-01 08:00:00,369,137,87
2024-08-01 09:00:00,219,113,31
2024-08-01 10:00:00,230,118,37
2024-08-01 11:00:00,353,141,30
2024-08-01 12:00:00,284,102,32
2024-08-01 13:00:00,204,114,33
2024-08-01 14:00:00,268,124,33
2024-08-01 15:00:00,381,157,51
2024-08-01 16:00:00,564,132,77
2024-08-01 17:00:00,326,133,69
2024-08-01 18:00:00,232,114,36
2024-08-01 19:00:00,198,74,27
2024-08-01 20:00:00,214,96,19
2024-08-01 21:00:00,153,73,17
2024-08-01 22:00:00,71,85,6
2024-08-01 23:00:00,13,53,6
2024-08-02 00:00:00,14,36,3
2024-08-02 01:00:00,9,17,0
2024-08-02 02:00:00,9,18,3
2024-08-02 03:00:00,9,15,4
2024-08-02 04:00:00,9,15,5
2024-08-02 05:00:00,43,43,18
2024-08-02 06:00:00,226,77,58
2024-08-02 07:00:00,375,126,129
2024-08-02 08:00:00,263,125,70
2024-08-02 09:00:00,272,101,25
2024-08-02 10:00:00,263,119,32
2024-08-02 11:00:00,273,130,30
2024-08-02 12:00:00,311,95,41
2024-08-02 13:00:00,288,130,33
2024-08-02 14:00:00,305,134,42
2024-08-02 15:00:00,362,150,52
2024-08-02 16:00:00,458,147,57
2024-08-02 17:00:00,249,148,50
2024-08-02 18:00:00,235,156,25
2024-08-02 19:00:00,171,94,24
2024-08-02 20:00:00,106,105,19
2024-08-02 21:00:00,141,157,14
2024-08-02 22:00:00,71,154,11
2024-08-02 23:00:00,26,126,3
2024-08-03 00:00:00,22,130,3
2024-08-03 01:00:00,18,114,1
2024-08-03 02:00:00,10,69,1
2024-08-03 03:00:00,11,37,1
2024-08-03 04:00:00,9,33,2
2024-08-03 05:00:00,21,29,9
2024-08-03 06:00:00,56,45,15
2024-08-03 07:00:00,117,62,21
2024-08-03 08:00:00,193,80,33
2024-08-03 09:00:00,270,106,21
2024-08-03 10:00:00,344,146,32
2024-08-03 11:00:00,486,147,33
2024-08-03 12:00:00,404,133,38
2024-08-03 13:00:00,326,153,28
2024-08-03 14:00:00,263,138,32
2024-08-03 15:00:00,258,125,44
2024-08-03 16:00:00,386,129,31
2024-08-03 17:00:00,238,109,32
2024-08-03 18:00:00,242,95,30
2024-08-03 19:00:00,173,118,22
2024-08-03 20:00:00,261,228,24
2024-08-03 21:00:00,263,245,9
2024-08-03 22:00:00,106,212,19
2024-08-03 23:00:00,69,127,3
2024-08-04 00:00:00,39,107,4
2024-08-04 01:00:00,39,106,2
2024-08-04 02:00:00,16,75,3
2024-08-04 03:00:00,15,50,1
2024-08-04 04:00:00,9,38,1
2024-08-04 05:00:00,5,18,6
2024-08-04 06:00:00,23,32,11
2024-08-04 07:00:00,51,45,21
2024-08-04 08:00:00,126,63,20
2024-08-04 09:00:00,172,83,25
2024-08-04 10:00:00,218,108,19
2024-08-04 11:00:00,239,96,22
2024-08-04 12:00:00,179,68,22
2024-08-04 13:00:00,183,72,20
2024-08-04 14:00:00,162,116,21
2024-08-04 15:00:00,227,102,28
2024-08-04 16:00:00,150,102,22
2024-08-04 17:00:00,206,109,17
2024-08-04 18:00:00,136,77,15
2024-08-04 19:00:00,140,77,25
2024-08-04 20:00:00,68,63,5
2024-08-04 21:00:00,63,71,5
2024-08-04 22:00:00,35,56,5
2024-08-04 23:00:00,17,35,2
2024-08-05 00:00:00,4,32,1
2024-08-05 01:00:00,5,15,0
2024-08-05 02:00:00,9,11,0
2024-08-05 03:00:00,6,16,1
2024-08-05 04:00:00,16,23,3
2024-08-05 05:00:00,42,58,19
2024-08-05 06:00:00,242,94,70
2024-08-05 07:00:00,527,130,151
2024-08-05 08:00:00,305,117,93
2024-08-05 09:00:00,262,108,32
2024-08-05 10:00:00,244,83,22
2024-08-05 11:00:00,274,105,28
2024-08-05 12:00:00,230,86,22
2024-08-05 13:00:00,227,96,37
2024-08-05 14:00:00,273,92,37
2024-08-05 15:00:00,344,96,44
2024-08-05 16:00:00,454,91,92
2024-08-05 17:00:00,241,99,43
2024-08-05 18:00:00,131,84,27
2024-08-05 19:00:00,130,73,23
2024-08-05 20:00:00,90,61,15
2024-08-05 21:00:00,66,75,11
2024-08-05 22:00:00,16,33,6
2024-08-05 23:00:00,24,28,3
2024-08-06 00:00:00,5,31,3
2024-08-06 01:00:00,2,14,0
2024-08-06 02:00:00,3,12,0
2024-08-06 03:00:00,8,11,2
2024-08-06 04:00:00,10,25,6
2024-08-06 05:00:00,72,64,27
2024-08-06 06:00:00,343,127,100
2024-08-06 07:00:00,718,138,209
2024-08-06 08:00:00,452,142,107
2024-08-06 09:00:00,242,106,42
2024-08-06 10:00:00,230,86,44
2024-08-06 11:00:00,340,91,42
2024-08-06 12:00:00,309,118,32
2024-08-06 13:00:00,217,91,47
2024-08-06 14:00:00,283,102,42
2024-08-06 15:00:00,403,132,72
2024-08-06 16:00:00,595,134,110
2024-08-06 17:00:00,305,97,56
2024-08-06 18:00:00,149,81,34
2024-08-06 19:00:00,155,63,25
2024-08-06 20:00:00,90,97,21
2024-08-06 21:00:00,83,89,10
2024-08-06 22:00:00,43,75,5
2024-08-06 23:00:00,16,45,1
2024-08-07 00:00:00,7,18,1
2024-08-07 01:00:00,1,17,2
2024-08-07 02:00:00,3,23,1
2024-08-07 03:00:00,6,13,3
2024-08-07 04:00:00,16,24,3
2024-08-07 05:00:00,66,64,17
2024-08-07 06:00:00,291,111,84
2024-08-07 07:00:00,521,149,176
2024-08-07 08:00:00,319,98,73
2024-08-07 09:00:00,214,102,31
2024-08-07 10:00:00,231,78,28
2024-08-07 11:00:00,300,110,37
2024-08-07 12:00:00,261,83,30
2024-08-07 13:00:00,239,115,25
2024-08-07 14:00:00,345,108,37
2024-08-07 15:00:00,380,124,55
2024-08-07 16:00:00,371,106,77
2024-08-07 17:00:00,195,101,48
2024-08-07 18:00:00,113,87,25
2024-08-07 19:00:00,95,66,16
2024-08-07 20:00:00,64,68,7
2024-08-07 21:00:00,75,79,10
2024-08-07 22:00:00,42,51,9
2024-08-07 23:00:00,14,27,2
2024-08-08 00:00:00,7,30,1
2024-08-08 01:00:00,1,9,1
2024-08-08 02:00:00,10,7,0
2024-08-08 03:00:00,7,20,2
2024-08-08 04:00:00,15,20,6
2024-08-08 05:00:00,74,52,27
2024-08-08 06:00:00,292,117,90
2024-08-08 07:00:00,693,150,183
2024-08-08 08:00:00,379,138,88
2024-08-08 09:00:00,243,142,51
2024-08-08 10:00:00,258,135,27
2024-08-08 11:00:00,315,126,32
2024-08-08 12:00:00,274,116,19
2024-08-08 13:00:00,214,127,27
2024-08-08 14:00:00,238,130,27
2024-08-08 15:00:00,391,171,42
2024-08-08 16:00:00,507,160,90
2024-08-08 17:00:00,244,192,62
2024-08-08 18:00:00,136,155,23
2024-08-08 19:00:00,117,95,13
2024-08-08 20:00:00,97,98,15
2024-08-08 21:00:00,69,106,13
2024-08-08 22:00:00,39,73,9
2024-08-08 23:00:00,17,48,0
2024-08-09 00:00:00,6,39,3
2024-08-09 01:00:00,7,22,0
2024-08-09 02:00:00,0,13,0
2024-08-09 03:00:00,5,15,2
2024-08-09 04:00:00,15,21,6
2024-08-09 05:00:00,58,47,24
2024-08-09 06:00:00,216,80,52
2024-08-09 07:00:00,433,120,97
2024-08-09 08:00:00,303,92,67
2024-08-09 09:00:00,252,118,36
2024-08-09 10:00:00,337,107,21
2024-08-09 11:00:00,328,121,42
2024-08-09 12:00:00,365,125,33
2024-08-09 13:00:00,306,145,38
2024-08-09 14:00:00,291,140,36
2024-08-09 15:00:00,451,159,61
2024-08-09 16:00:00,470,164,65
2024-08-09 17:00:00,292,158,35
2024-08-09 18:00:00,212,122,30
2024-08-09 19:00:00,126,105,28
2024-08-09 20:00:00,158,117,13
2024-08-09 21:00:00,137,128,16
2024-08-09 22:00:00,120,149,4
2024-08-09 23:00:00,205,162,13
2024-08-10 00:00:00,22,144,6
2024-08-10 01:00:00,23,78,1
2024-08-10 02:00:00,7,60,0
2024-08-10 03:00:00,9,23,2
2024-08-10 04:00:00,10,36,5
2024-08-10 05:00:00,31,42,3
2024-08-10 06:00:00,42,39,11
2024-08-10 07:00:00,113,64,22
2024-08-10 08:00:00,215,94,36
2024-08-10 09:00:00,266,99,10
2024-08-10 10:00:00,416,135,16
2024-08-10 11:00:00,454,162,27
2024-08-10 12:00:00,374,120,25
2024-08-10 13:00:00,354,156,16
2024-08-10 14:00:00,286,144,28
2024-08-10 15:00:00,292,147,34
2024-08-10 16:00:00,316,119,36
2024-08-10 17:00:00,286,148,31
2024-08-10 18:00:00,267,142,35
2024-08-10 19:00:00,259,96,30
2024-08-10 20:00:00,250,144,23
2024-08-10 21:00:00,266,134,15
2024-08-10 22:00:00,148,134,13
2024-08-10 23:00:00,40,123,3
2024-08-11 00:00:00,36,143,4
2024-08-11 01:00:00,29,127,2
2024-08-11 02:00:00,19,99,0
2024-08-11 03:00:00,8,51,1
2024-08-11 04:00:00,5,19,3
2024-08-11 05:00:00,12,24,6
2024-08-11 06:00:00,36,28,10
2024-08-11 07:00:00,52,45,17
2024-08-11 08:00:00,90,80,15
2024-08-11 09:00:00,218,85,19
2024-08-11 10:00:00,310,98,32
2024-08-11 11:00:00,276,122,19
2024-08-11 12:00:00,208,113,36
2024-08-11 13:00:00,207,103,26
2024-08-11 14:00:00,193,118,9
2024-08-11 15:00:00,204,115,31
2024-08-11 16:00:00,181,103,26
2024-08-11 17:00:00,178,102,42
2024-08-11 18:00:00,163,87,25
2024-08-11 19:00:00,130,78,28
2024-08-11 20:00:00,100,86,19
2024-08-11 21:00:00,48,65,12
2024-08-11 22:00:00,24,48,6
2024-08-11 23:00:00,6,44,1
2024-08-12 00:00:00,15,34,1
2024-08-12 01:00:00,2,16,1
2024-08-12 02:00:00,3,10,0
2024-08-12 03:00:00,7,17,6
2024-08-12 04:00:00,15,24,5
2024-08-12 05:00:00,65,57,17
2024-08-12 06:00:00,278,88,78
2024-08-12 07:00:00,601,120,164
2024-08-12 08:00:00,354,129,82
2024-08-12 09:00:00,232,69,34
2024-08-12 10:00:00,224,103,25
2024-08-12 11:00:00,297,107,19
2024-08-12 12:00:00,257,95,29
2024-08-12 13:00:00,169,79,30
2024-08-12 14:00:00,211,94,23
2024-08-12 15:00:00,0,0,0
2024-08-12 16:00:00,125,29,26
2024-08-12 17:00:00,272,93,54
2024-08-12 18:00:00,123,81,26
2024-08-12 19:00:00,108,57,22
2024-08-12 20:00:00,82,86,23
2024-08-12 21:00:00,68,63,10
2024-08-12 22:00:00,21,41,6
2024-08-12 23:00:00,9,40,1
2024-08-13 00:00:00,7,22,2
2024-08-13 01:00:00,2,12,0
2024-08-13 02:00:00,1,14,1
2024-08-13 03:00:00,0,11,6
2024-08-13 04:00:00,15,30,8
2024-08-13 05:00:00,79,68,26
2024-08-13 06:00:00,370,125,92
2024-08-13 07:00:00,750,127,223
2024-08-13 08:00:00,441,113,110
2024-08-13 09:00:00,256,107,47
2024-08-13 10:00:00,253,96,26
2024-08-13 11:00:00,348,109,34
2024-08-13 12:00:00,280,97,34
2024-08-13 13:00:00,245,114,46
2024-08-13 14:00:00,271,125,38
2024-08-13 15:00:00,405,137,67
2024-08-13 16:00:00,641,117,86
2024-08-13 17:00:00,342,119,75
2024-08-13 18:00:00,164,121,25
2024-08-13 19:00:00,116,78,29
2024-08-13 20:00:00,102,85,12
2024-08-13 21:00:00,74,77,8
2024-08-13 22:00:00,32,56,5
2024-08-13 23:00:00,12,37,5
2024-08-14 00:00:00,4,26,0
2024-08-14 01:00:00,3,19,0
2024-08-14 02:00:00,5,17,2
2024-08-14 03:00:00,9,16,2
2024-08-14 04:00:00,18,25,6
2024-08-14 05:00:00,81,65,16
2024-08-14 06:00:00,316,103,89
2024-08-14 07:00:00,695,168,183
2024-08-14 08:00:00,415,140,96
2024-08-14 09:00:00,215,102,32
2024-08-14 10:00:00,235,98,23
2024-08-14 11:00:00,366,110,39
2024-08-14 12:00:00,303,76,29
2024-08-14 13:00:00,245,118,28
2024-08-14 14:00:00,263,107,40
2024-08-14 15:00:00,433,124,51
2024-08-14 16:00:00,603,115,95
2024-08-14 17:00:00,300,119,72
2024-08-14 18:00:00,205,106,36
2024-08-14 19:00:00,146,79,26
2024-08-14 20:00:00,143,84,17
2024-08-14 21:00:00,94,91,14
2024-08-14 22:00:00,40,55,7
2024-08-14 23:00:00,26,48,6
2024-08-15 00:00:00,9,26,1
2024-08-15 01:00:00,4,26,1
2024-08-15 02:00:00,4,16,2
2024-08-15 03:00:00,3,18,4
2024-08-15 04:00:00,11,28,5
2024-08-15 05:00:00,81,56,28
2024-08-15 06:00:00,336,123,92
2024-08-15 07:00:00,683,140,189
2024-08-15 08:00:00,365,146,103
2024-08-15 09:00:00,228,122,37
2024-08-15 10:00:00,238,146,30
2024-08-15 11:00:00,374,117,33
2024-08-15 12:00:00,328,102,38
2024-08-15 13:00:00,247,107,55
2024-08-15 14:00:00,280,105,42
2024-08-15 15:00:00,428,135,61
2024-08-15 16:00:00,571,126,88
2024-08-15 17:00:00,221,184,60
2024-08-15 18:00:00,120,169,28
2024-08-15 19:00:00,103,98,18
2024-08-15 20:00:00,112,102,18
2024-08-15 21:00:00,96,97,9
2024-08-15 22:00:00,50,71,11
2024-08-15 23:00:00,14,52,5
2024-08-16 00:00:00,15,53,2
2024-08-16 01:00:00,8,21,0
2024-08-16 02:00:00,9,19,2
2024-08-16 03:00:00,6,27,4
2024-08-16 04:00:00,28,20,5
2024-08-16 05:00:00,65,54,22
2024-08-16 06:00:00,239,87,58
2024-08-16 07:00:00,510,116,115
2024-08-16 08:00:00,306,119,73
2024-08-16 09:00:00,226,116,24
2024-08-16 10:00:00,259,123,22
2024-08-16 11:00:00,336,106,39
2024-08-16 12:00:00,346,100,40
2024-08-16 13:00:00,303,147,36
2024-08-16 14:00:00,279,152,37
2024-08-16 15:00:00,391,156,56
2024-08-16 16:00:00,457,147,65
2024-08-16 17:00:00,299,131,48
2024-08-16 18:00:00,210,131,39
2024-08-16 19:00:00,154,113,22
2024-08-16 20:00:00,158,128,29
2024-08-16 21:00:00,115,139,10
2024-08-16 22:00:00,79,116,10
2024-08-16 23:00:00,16,93,1
2024-08-17 00:00:00,31,102,2
2024-08-17 01:00:00,23,81,2
2024-08-17 02:00:00,24,60,0
2024-08-17 03:00:00,5,36,1
2024-08-17 04:00:00,8,18,4
2024-08-17 05:00:00,22,34,2
2024-08-17 06:00:00,52,54,14
2024-08-17 07:00:00,114,64,23
2024-08-17 08:00:00,170,91,24
2024-08-17 09:00:00,241,119,18
2024-08-17 10:00:00,430,131,28
2024-08-17 11:00:00,388,150,38
2024-08-17 12:00:00,325,129,22
2024-08-17 13:00:00,289,171,31
2024-08-17 14:00:00,242,133,29
2024-08-17 15:00:00,235,129,22
2024-08-17 16:00:00,282,123,19
2024-08-17 17:00:00,270,148,19
2024-08-17 18:00:00,268,127,16
2024-08-17 19:00:00,222,114,25
2024-08-17 20:00:00,195,134,20
2024-08-17 21:00:00,101,134,12
2024-08-17 22:00:00,93,162,10
2024-08-17 23:00:00,42,112,6
2024-08-18 00:00:00,24,132,7
2024-08-18 01:00:00,22,123,3
2024-08-18 02:00:00,26,83,0
2024-08-18 03:00:00,14,60,4
2024-08-18 04:00:00,9,32,0
2024-08-18 05:00:00,24,15,3
2024-08-18 06:00:00,20,34,7
2024-08-18 07:00:00,62,36,18
2024-08-18 08:00:00,104,88,27
2024-08-18 09:00:00,189,86,27
2024-08-18 10:00:00,240,108,25
2024-08-18 11:00:00,252,122,30
2024-08-18 12:00:00,236,89,22
2024-08-18 13:00:00,231,86,15
2024-08-18 14:00:00,172,121,35
2024-08-18 15:00:00,192,131,44
2024-08-18 16:00:00,234,84,27
2024-08-18 17:00:00,202,91,30
2024-08-18 18:00:00,195,89,30
2024-08-18 19:00:00,141,90,17
2024-08-18 20:00:00,69,74,10
2024-08-18 21:00:00,48,65,5
2024-08-18 22:00:00,42,68,9
2024-08-18 23:00:00,5,18,4
2024-08-19 00:00:00,10,35,2
2024-08-19 01:00:00,6,12,4
2024-08-19 02:00:00,2,10,0
2024-08-19 03:00:00,1,14,2
2024-08-19 04:00:00,14,18,5
2024-08-19 05:00:00,63,56,21
2024-08-19 06:00:00,267,97,69
2024-08-19 07:00:00,562,159,167
2024-08-19 08:00:00,315,97,86
2024-08-19 09:00:00,247,103,24
2024-08-19 10:00:00,257,113,33
2024-08-19 11:00:00,285,86,28
2024-08-19 12:00:00,347,88,24
2024-08-19 13:00:00,270,82,29
2024-08-19 14:00:00,273,104,23
2024-08-19 15:00:00,356,101,47
2024-08-19 16:00:00,506,104,90
2024-08-19 17:00:00,227,116,40
2024-08-19 18:00:00,127,95,20
2024-08-19 19:00:00,98,71,13
2024-08-19 20:00:00,91,81,13
2024-08-19 21:00:00,50,55,8
2024-08-19 22:00:00,22,34,3
2024-08-19 23:00:00,8,30,1
2024-08-20 00:00:00,4,22,0
2024-08-20 01:00:00,1,14,0
2024-08-20 02:00:00,9,9,0
2024-08-20 03:00:00,5,6,2
2024-08-20 04:00:00,17,29,8
2024-08-20 05:00:00,75,67,19
2024-08-20 06:00:00,307,107,89
2024-08-20 07:00:00,747,170,209
2024-08-20 08:00:00,364,158,83
2024-08-20 09:00:00,236,126,38
2024-08-20 10:00:00,236,125,25
2024-08-20 11:00:00,342,100,42
2024-08-20 12:00:00,333,76,31
2024-08-20 13:00:00,261,98,36
2024-08-20 14:00:00,328,121,40
2024-08-20 15:00:00,430,108,55
2024-08-20 16:00:00,687,117,106
2024-08-20 17:00:00,310,100,64
2024-08-20 18:00:00,169,73,50
2024-08-20 19:00:00,162,69,30
2024-08-20 20:00:00,97,103,16
2024-08-20 21:00:00,61,82,5
2024-08-20 22:00:00,33,53,10
2024-08-20 23:00:00,5,37,0
2024-08-21 00:00:00,10,23,1
2024-08-21 01:00:00,7,14,0
2024-08-21 02:00:00,0,14,1
2024-08-21 03:00:00,6,13,3
2024-08-21 04:00:00,17,30,4
2024-08-21 05:00:00,76,73,26
2024-08-21 06:00:00,307,119,102
2024-08-21 07:00:00,717,189,209
2024-08-21 08:00:00,434,131,115
2024-08-21 09:00:00,239,122,30
2024-08-21 10:00:00,272,113,26
2024-08-21 11:00:00,378,114,42
2024-08-21 12:00:00,344,105,45
2024-08-21 13:00:00,280,102,49
2024-08-21 14:00:00,334,119,44
2024-08-21 15:00:00,544,116,61
2024-08-21 16:00:00,649,124,104
2024-08-21 17:00:00,356,110,71
2024-08-21 18:00:00,182,100,41
2024-08-21 19:00:00,138,68,32
2024-08-21 20:00:00,147,97,12
2024-08-21 21:00:00,80,83,9
2024-08-21 22:00:00,30,53,9
2024-08-21 23:00:00,15,45,0
2024-08-22 00:00:00,6,16,1
2024-08-22 01:00:00,3,17,1
2024-08-22 02:00:00,8,10,0
2024-08-22 03:00:00,4,13,3
2024-08-22 04:00:00,16,23,6
2024-08-22 05:00:00,79,52,22
2024-08-22 06:00:00,315,111,89
2024-08-22 07:00:00,641,179,174
2024-08-22 08:00:00,412,150,84
2024-08-22 09:00:00,265,112,27
2024-08-22 10:00:00,288,103,32
2024-08-22 11:00:00,321,131,37
2024-08-22 12:00:00,316,119,35
2024-08-22 13:00:00,234,98,22
2024-08-22 14:00:00,315,109,30
2024-08-22 15:00:00,480,125,53
2024-08-22 16:00:00,594,137,68
2024-08-22 17:00:00,353,127,55
2024-08-22 18:00:00,188,109,35
2024-08-22 19:00:00,172,96,24
2024-08-22 20:00:00,115,115,15
2024-08-22 21:00:00,86,129,12
2024-08-22 22:00:00,53,82,2
2024-08-22 23:00:00,8,61,7
2024-08-23 00:00:00,6,43,0
2024-08-23 01:00:00,2,20,1
2024-08-23 02:00:00,3,16,1
2024-08-23 03:00:00,4,12,2
2024-08-23 04:00:00,11,17,5
2024-08-23 05:00:00,56,49,12
2024-08-23 06:00:00,227,84,43
2024-08-23 07:00:00,403,141,107
2024-08-23 08:00:00,261,107,86
2024-08-23 09:00:00,233,107,22
2024-08-23 10:00:00,228,113,25
2024-08-23 11:00:00,304,136,34
2024-08-23 12:00:00,357,110,29
2024-08-23 13:00:00,290,132,35
2024-08-23 14:00:00,280,126,50
2024-08-23 15:00:00,408,149,43
2024-08-23 16:00:00,421,140,60
2024-08-23 17:00:00,362,149,49
2024-08-23 18:00:00,180,146,30
2024-08-23 19:00:00,204,115,31
2024-08-23 20:00:00,133,97,22
2024-08-23 21:00:00,119,143,13
2024-08-23 22:00:00,83,107,6
2024-08-23 23:00:00,28,89,5
2024-08-24 00:00:00,26,95,0
2024-08-24 01:00:00,14,82,1
2024-08-24 02:00:00,9,51,1
2024-08-24 03:00:00,3,30,1
2024-08-24 04:00:00,6,40,2
2024-08-24 05:00:00,26,42,5
2024-08-24 06:00:00,36,48,10
2024-08-24 07:00:00,92,65,7
2024-08-24 08:00:00,133,104,11
2024-08-24 09:00:00,217,115,4
2024-08-24 10:00:00,360,158,20
2024-08-24 11:00:00,415,161,22
2024-08-24 12:00:00,400,155,28
2024-08-24 13:00:00,323,138,19
2024-08-24 14:00:00,340,126,40
2024-08-24 15:00:00,363,126,33
2024-08-24 16:00:00,300,130,27
2024-08-24 17:00:00,245,143,21
2024-08-24 18:00:00,248,121,23
2024-08-24 19:00:00,223,127,17
2024-08-24 20:00:00,204,128,8
2024-08-24 21:00:00,130,176,9
2024-08-24 22:00:00,91,166,9
2024-08-24 23:00:00,33,158,2
2024-08-25 00:00:00,41,156,1
2024-08-25 01:00:00,10,89,4
2024-08-25 02:00:00,11,76,0
2024-08-25 03:00:00,7,45,2
2024-08-25 04:00:00,7,20,1
2024-08-25 05:00:00,17,11,4
2024-08-25 06:00:00,28,29,5
2024-08-25 07:00:00,52,49,16
2024-08-25 08:00:00,138,71,16
2024-08-25 09:00:00,155,85,24
2024-08-25 10:00:00,255,103,16
2024-08-25 11:00:00,383,120,28
2024-08-25 12:00:00,382,124,17
2024-08-25 13:00:00,361,126,23
2024-08-25 14:00:00,296,138,24
2024-08-25 15:00:00,325,167,23
2024-08-25 16:00:00,223,122,32
2024-08-25 17:00:00,150,126,17
2024-08-25 18:00:00,201,103,25
2024-08-25 19:00:00,96,81,16
2024-08-25 20:00:00,55,135,12
2024-08-25 21:00:00,91,144,12
2024-08-25 22:00:00,148,200,7
2024-08-25 23:00:00,34,163,2
2024-08-26 00:00:00,29,109,0
2024-08-26 01:00:00,12,66,0
2024-08-26 02:00:00,6,31,0
2024-08-26 03:00:00,8,19,1
2024-08-26 04:00:00,3,18,3
2024-08-26 05:00:00,28,31,3
2024-08-26 06:00:00,35,23,10
2024-08-26 07:00:00,71,54,23
2024-08-26 08:00:00,123,65,19
2024-08-26 09:00:00,233,101,17
2024-08-26 10:00:00,255,105,26
2024-08-26 11:00:00,326,111,20
2024-08-26 12:00:00,243,75,26
2024-08-26 13:00:00,222,93,38
2024-08-26 14:00:00,228,86,20
2024-08-26 15:00:00,166,93,39
2024-08-26 16:00:00,190,99,34
2024-08-26 17:00:00,194,95,35
2024-08-26 18:00:00,161,88,32
2024-08-26 19:00:00,110,87,14
2024-08-26 20:00:00,97,70,17
2024-08-26 21:00:00,55,77,5
2024-08-26 22:00:00,28,40,5
2024-08-26 23:00:00,22,43,1
2024-08-27 00:00:00,2,21,1
2024-08-27 01:00:00,2,14,2
2024-08-27 02:00:00,4,8,0
2024-08-27 03:00:00,12,13,3
2024-08-27 04:00:00,15,17,7
2024-08-27 05:00:00,63,62,22
2024-08-27 06:00:00,287,108,74
2024-08-27 07:00:00,640,147,200
2024-08-27 08:00:00,393,126,107
2024-08-27 09:00:00,213,106,30
2024-08-27 10:00:00,275,102,19
2024-08-27 11:00:00,354,140,27
2024-08-27 12:00:00,291,89,36
2024-08-27 13:00:00,255,95,27
2024-08-27 14:00:00,276,104,29
2024-08-27 15:00:00,385,117,62
2024-08-27 16:00:00,584,92,112
2024-08-27 17:00:00,278,112,66
2024-08-27 18:00:00,142,87,37
2024-08-27 19:00:00,103,83,31
2024-08-27 20:00:00,93,91,8
2024-08-27 21:00:00,50,78,8
2024-08-27 22:00:00,38,56,6
2024-08-27 23:00:00,6,37,1
2024-08-28 00:00:00,8,31,1
2024-08-28 01:00:00,4,19,0
2024-08-28 02:00:00,1,13,1
2024-08-28 03:00:00,5,21,3
2024-08-28 04:00:00,16,21,5
2024-08-28 05:00:00,73,63,25
2024-08-28 06:00:00,286,115,83
2024-08-28 07:00:00,690,154,196
2024-08-28 08:00:00,392,116,104
2024-08-28 09:00:00,218,96,36
2024-08-28 10:00:00,229,97,27
2024-08-28 11:00:00,424,106,37
2024-08-28 12:00:00,364,117,30
2024-08-28 13:00:00,275,118,28
2024-08-28 14:00:00,245,112,34
2024-08-28 15:00:00,466,130,50
2024-08-28 16:00:00,589,132,110
2024-08-28 17:00:00,318,110,58
2024-08-28 18:00:00,151,91,25
2024-08-28 19:00:00,145,62,22
2024-08-28 20:00:00,109,82,14
2024-08-28 21:00:00,88,89,8
2024-08-28 22:00:00,43,61,7
2024-08-28 23:00:00,10,40,1
2024-08-29 00:00:00,6,21,1
2024-08-29 01:00:00,5,23,0
2024-08-29 02:00:00,4,16,1
2024-08-29 03:00:00,4,21,4
2024-08-29 04:00:00,20,26,3
2024-08-29 05:00:00,60,46,23
2024-08-29 06:00:00,338,126,89
2024-08-29 07:00:00,740,157,225
2024-08-29 08:00:00,431,148,97
2024-08-29 09:00:00,280,110,38
2024-08-29 10:00:00,257,101,25
2024-08-29 11:00:00,402,123,40
2024-08-29 12:00:00,356,94,34
2024-08-29 13:00:00,266,114,36
2024-08-29 14:00:00,312,121,36
2024-08-29 15:00:00,429,134,50
2024-08-29 16:00:00,599,130,100
2024-08-29 17:00:00,312,135,71
2024-08-29 18:00:00,187,110,46
2024-08-29 19:00:00,166,92,33
2024-08-29 20:00:00,155,97,16
2024-08-29 21:00:00,121,109,14
2024-08-29 22:00:00,57,58,8
2024-08-29 23:00:00,32,52,6
2024-08-30 00:00:00,8,36,1
2024-08-30 01:00:00,10,25,1
2024-08-30 02:00:00,6,16,1
2024-08-30 03:00:00,7,14,3
2024-08-30 04:00:00,15,17,4
2024-08-30 05:00:00,57,41,15
2024-08-30 06:00:00,239,90,77
2024-08-30 07:00:00,462,126,133
2024-08-30 08:00:00,276,106,79
2024-08-30 09:00:00,262,122,32
2024-08-30 10:00:00,318,102,28
2024-08-30 11:00:00,367,123,34
2024-08-30 12:00:00,290,117,32
2024-08-30 13:00:00,275,145,48
2024-08-30 14:00:00,284,139,30
2024-08-30 15:00:00,384,136,50
2024-08-30 16:00:00,421,137,54
2024-08-30 17:00:00,367,199,50
2024-08-30 18:00:00,206,145,45
2024-08-30 19:00:00,191,133,35
2024-08-30 20:00:00,151,148,23
2024-08-30 21:00:00,164,148,15
2024-08-30 22:00:00,68,137,13
2024-08-30 23:00:00,37,118,2
2024-08-31 00:00:00,32,136,5
2024-08-31 01:00:00,7,86,2
2024-08-31 02:00:00,20,62,2
2024-08-31 03:00:00,12,59,0
2024-08-31 04:00:00,15,35,1
2024-08-31 05:00:00,35,40,8
2024-08-31 06:00:00,37,39,11
2024-08-31 07:00:00,86,61,19
2024-08-31 08:00:00,180,72,31
2024-08-31 09:00:00,267,127,31
2024-08-31 10:00:00,446,118,37
2024-08-31 11:00:00,502,178,35
2024-08-31 12:00:00,398,163,30
2024-08-31 13:00:00,351,173,31
2024-08-31 14:00:00,293,187,34
2024-08-31 15:00:00,308,154,23
2024-08-31 16:00:00,263,135,20
2024-08-31 17:00:00,272,175,32
2024-08-31 18:00:00,175,170,32
2024-08-31 19:00:00,143,134,24
2024-08-31 20:00:00,222,136,17
2024-08-31 21:00:00,117,206,4
2024-08-31 22:00:00,124,167,11
2024-08-31 23:00:00,63,187,4
2024-09-01 00:00:00,43,172,3
2024-09-01 01:00:00,35,138,0
2024-09-01 02:00:00,27,107,4
2024-09-01 03:00:00,10,65,0
2024-09-01 04:00:00,5,24,0
2024-09-01 05:00:00,24,24,3
2024-09-01 06:00:00,26,35,7
2024-09-01 07:00:00,48,42,20
2024-09-01 08:00:00,87,57,16
2024-09-01 09:00:00,147,83,30
2024-09-01 10:00:00,218,101,17
2024-09-01 11:00:00,240,87,21
2024-09-01 12:00:00,216,96,17
2024-09-01 13:00:00,239,128,33
2024-09-01 14:00:00,179,119,16
2024-09-01 15:00:00,133,148,12
2024-09-01 16:00:00,153,132,21
2024-09-01 17:00:00,148,99,21
2024-09-01 18:00:00,155,107,20
2024-09-01 19:00:00,95,97,14
2024-09-01 20:00:00,72,92,9
2024-09-01 21:00:00,92,111,7
2024-09-01 22:00:00,52,102,6
2024-09-01 23:00:00,18,80,3
2024-09-02 00:00:00,7,37,4
2024-09-02 01:00:00,6,15,1
2024-09-02 02:00:00,5,13,0
2024-09-02 03:00:00,4,22,3
2024-09-02 04:00:00,26,16,3
2024-09-02 05:00:00,72,58,16
2024-09-02 06:00:00,249,93,78
2024-09-02 07:00:00,593,130,164
2024-09-02 08:00:00,327,145,84
2024-09-02 09:00:00,217,101,23
2024-09-02 10:00:00,281,112,26
2024-09-02 11:00:00,391,106,24
2024-09-02 12:00:00,299,99,20
2024-09-02 13:00:00,195,121,23
2024-09-02 14:00:00,267,92,23
2024-09-02 15:00:00,397,93,39
2024-09-02 16:00:00,556,82,75
2024-09-02 17:00:00,240,88,48
2024-09-02 18:00:00,98,84,26
2024-09-02 19:00:00,99,90,17
2024-09-02 20:00:00,84,96,9
2024-09-02 21:00:00,56,53,13
2024-09-02 22:00:00,19,54,2
2024-09-02 23:00:00,15,35,0
2024-09-03 00:00:00,3,29,0
2024-09-03 01:00:00,5,9,1
2024-09-03 02:00:00,6,16,0
2024-09-03 03:00:00,3,15,3
2024-09-03 04:00:00,14,24,4
2024-09-03 05:00:00,75,63,26
2024-09-03 06:00:00,325,120,91
2024-09-03 07:00:00,786,145,205
2024-09-03 08:00:00,379,165,103
2024-09-03 09:00:00,233,111,42
2024-09-03 10:00:00,235,110,18
2024-09-03 11:00:00,374,119,22
2024-09-03 12:00:00,319,99,38
2024-09-03 13:00:00,247,98,25
2024-09-03 14:00:00,288,124,38
2024-09-03 15:00:00,441,114,57
2024-09-03 16:00:00,680,117,107
2024-09-03 17:00:00,333,103,53
2024-09-03 18:00:00,177,98,53
2024-09-03 19:00:00,132,90,16
2024-09-03 20:00:00,92,83,15
2024-09-03 21:00:00,63,111,12
2024-09-03 22:00:00,49,95,8
2024-09-03 23:00:00,20,46,0
2024-09-04 00:00:00,3,33,1
2024-09-04 01:00:00,3,14,0
2024-09-04 02:00:00,9,14,0
2024-09-04 03:00:00,9,16,2
2024-09-04 04:00:00,18,20,5
2024-09-04 05:00:00,72,71,23
2024-09-04 06:00:00,342,78,103
2024-09-04 07:00:00,849,145,209
2024-09-04 08:00:00,512,164,120
2024-09-04 09:00:00,248,121,37
2024-09-04 10:00:00,253,122,24
2024-09-04 11:00:00,387,125,28
2024-09-04 12:00:00,313,79,47
2024-09-04 13:00:00,261,102,33
2024-09-04 14:00:00,298,125,44
2024-09-04 15:00:00,474,109,60
2024-09-04 16:00:00,699,122,104
2024-09-04 17:00:00,333,116,74
2024-09-04 18:00:00,151,105,33
2024-09-04 19:00:00,170,93,18
2024-09-04 20:00:00,89,92,15
2024-09-04 21:00:00,82,84,7
2024-09-04 22:00:00,48,74,4
2024-09-04 23:00:00,12,34,5
2024-09-05 00:00:00,16,32,0
2024-09-05 01:00:00,2,19,1
2024-09-05 02:00:00,3,16,0
2024-09-05 03:00:00,9,15,4
2024-09-05 04:00:00,15,21,4
2024-09-05 05:00:00,65,68,19
2024-09-05 06:00:00,303,101,79
2024-09-05 07:00:00,860,179,187
2024-09-05 08:00:00,507,179,82
2024-09-05 09:00:00,192,140,25
2024-09-05 10:00:00,190,141,30
2024-09-05 11:00:00,312,140,24
2024-09-05 12:00:00,232,127,14
2024-09-05 13:00:00,179,133,19
2024-09-05 14:00:00,265,148,38
2024-09-05 15:00:00,470,174,49
2024-09-05 16:00:00,590,136,75
2024-09-05 17:00:00,333,125,43
2024-09-05 18:00:00,171,129,30
2024-09-05 19:00:00,118,99,17
2024-09-05 20:00:00,119,86,14
2024-09-05 21:00:00,123,119,7
2024-09-05 22:00:00,67,73,11
2024-09-05 23:00:00,20,59,3
2024-09-06 00:00:00,10,45,4
2024-09-06 01:00:00,5,17,1
2024-09-06 02:00:00,1,17,2
2024-09-06 03:00:00,13,23,2
2024-09-06 04:00:00,19,24,4
2024-09-06 05:00:00,65,52,17
2024-09-06 06:00:00,245,90,50
2024-09-06 07:00:00,460,127,117
2024-09-06 08:00:00,298,153,58
2024-09-06 09:00:00,152,128,11
2024-09-06 10:00:00,173,137,14
2024-09-06 11:00:00,327,130,26
2024-09-06 12:00:00,257,119,28
2024-09-06 13:00:00,235,127,28
2024-09-06 14:00:00,291,106,37
2024-09-06 15:00:00,440,120,27
2024-09-06 16:00:00,487,141,45
2024-09-06 17:00:00,300,153,42
2024-09-06 18:00:00,187,156,27
2024-09-06 19:00:00,103,123,13
2024-09-06 20:00:00,125,139,14
2024-09-06 21:00:00,105,183,4
2024-09-06 22:00:00,79,155,15
2024-09-06 23:00:00,33,121,2
2024-09-07 00:00:00,16,89,1
2024-09-07 01:00:00,11,85,0
2024-09-07 02:00:00,8,52,0
2024-09-07 03:00:00,9,34,3
2024-09-07 04:00:00,14,35,1
2024-09-07 05:00:00,23,34,12
2024-09-07 06:00:00,33,52,14
2024-09-07 07:00:00,107,77,10
2024-09-07 08:00:00,193,80,20
2024-09-07 09:00:00,277,123,27
2024-09-07 10:00:00,443,154,34
2024-09-07 11:00:00,444,164,23
2024-09-07 12:00:00,385,146,34
2024-09-07 13:00:00,300,163,33
2024-09-07 14:00:00,390,171,25
2024-09-07 15:00:00,301,152,29
2024-09-07 16:00:00,345,130,26
2024-09-07 17:00:00,268,172,36
2024-09-07 18:00:00,229,130,19
2024-09-07 19:00:00,205,161,21
2024-09-07 20:00:00,240,138,14
2024-09-07 21:00:00,188,168,12
2024-09-07 22:00:00,101,139,9
2024-09-07 23:00:00,65,137,4
2024-09-08 00:00:00,39,135,0
2024-09-08 01:00:00,23,117,2
2024-09-08 02:00:00,29,101,2
2024-09-08 03:00:00,13,53,4
2024-09-08 04:00:00,6,29,1
2024-09-08 05:00:00,12,24,4
2024-09-08 06:00:00,29,37,9
2024-09-08 07:00:00,40,38,11
2024-09-08 08:00:00,108,68,10
2024-09-08 09:00:00,226,61,8
2024-09-08 10:00:00,201,68,14
2024-09-08 11:00:00,241,114,20
2024-09-08 12:00:00,238,97,12
2024-09-08 13:00:00,192,109,29
2024-09-08 14:00:00,189,108,18
2024-09-08 15:00:00,179,157,16
2024-09-08 16:00:00,227,125,17
2024-09-08 17:00:00,228,115,32
2024-09-08 18:00:00,137,96,13
2024-09-08 19:00:00,107,113,10
2024-09-08 20:00:00,53,82,12
2024-09-08 21:00:00,48,86,6
2024-09-08 22:00:00,29,53,2
2024-09-08 23:00:00,16,41,3
2024-09-09 00:00:00,4,30,2
2024-09-09 01:00:00,3,8,2
2024-09-09 02:00:00,5,10,0
2024-09-09 03:00:00,9,17,2
2024-09-09 04:00:00,23,26,5
2024-09-09 05:00:00,78,67,24
2024-09-09 06:00:00,309,91,79
2024-09-09 07:00:00,721,148,192
2024-09-09 08:00:00,418,153,82
2024-09-09 09:00:00,239,94,32
2024-09-09 10:00:00,208,100,37
2024-09-09 11:00:00,323,93,24
2024-09-09 12:00:00,282,88,35
2024-09-09 13:00:00,216,103,28
2024-09-09 14:00:00,289,106,54
2024-09-09 15:00:00,439,112,54
2024-09-09 16:00:00,608,101,104
2024-09-09 17:00:00,277,104,58
2024-09-09 18:00:00,141,99,36
2024-09-09 19:00:00,141,113,21
2024-09-09 20:00:00,80,98,12
2024-09-09 21:00:00,66,74,7
2024-09-09 22:00:00,29,52,2
2024-09-09 23:00:00,16,33,0
2024-09-10 00:00:00,15,19,1
2024-09-10 01:00:00,0,14,0
2024-09-10 02:00:00,12,12,0
2024-09-10 03:00:00,7,20,2
2024-09-10 04:00:00,19,22,4
2024-09-10 05:00:00,76,91,20
2024-09-10 06:00:00,388,120,97
2024-09-10 07:00:00,849,162,248
2024-09-10 08:00:00,551,166,101
2024-09-10 09:00:00,299,150,28
2024-09-10 10:00:00,217,100,21
2024-09-10 11:00:00,335,108,26
2024-09-10 12:00:00,333,128,38
2024-09-10 13:00:00,246,85,25
2024-09-10 14:00:00,323,142,38
2024-09-10 15:00:00,504,138,70
2024-09-10 16:00:00,634,155,80
2024-09-10 17:00:00,311,163,48
2024-09-10 18:00:00,172,105,41
2024-09-10 19:00:00,136,85,27
2024-09-10 20:00:00,106,107,9
2024-09-10 21:00:00,82,77,7
2024-09-10 22:00:00,41,56,6
2024-09-10 23:00:00,16,25,1
2024-09-11 00:00:00,9,37,1
2024-09-11 01:00:00,8,16,0
2024-09-11 02:00:00,3,9,0
2024-09-11 03:00:00,5,19,1
2024-09-11 04:00:00,22,22,5
2024-09-11 05:00:00,78,79,17
2024-09-11 06:00:00,341,102,86
2024-09-11 07:00:00,1179,140,227
2024-09-11 08:00:00,572,175,124
2024-09-11 09:00:00,275,146,35
2024-09-11 10:00:00,252,93,24
2024-09-11 11:00:00,341,122,39
2024-09-11 12:00:00,343,99,31
2024-09-11 13:00:00,278,106,35
2024-09-11 14:00:00,371,115,47
2024-09-11 15:00:00,500,130,58
2024-09-11 16:00:00,699,116,94
2024-09-11 17:00:00,346,117,51
2024-09-11 18:00:00,242,108,25
2024-09-11 19:00:00,132,103,27
2024-09-11 20:00:00,130,106,14
2024-09-11 21:00:00,96,108,10
2024-09-11 22:00:00,64,73,5
2024-09-11 23:00:00,13,29,3
2024-09-12 00:00:00,12,40,1
2024-09-12 01:00:00,8,22,0
2024-09-12 02:00:00,6,12,0
2024-09-12 03:00:00,17,18,2
2024-09-12 04:00:00,20,28,4
2024-09-12 05:00:00,57,77,23
2024-09-12 06:00:00,417,126,93
2024-09-12 07:00:00,1250,154,185
2024-09-12 08:00:00,560,201,96
2024-09-12 09:00:00,260,130,30
2024-09-12 10:00:00,264,138,36
2024-09-12 11:00:00,353,128,32
2024-09-12 12:00:00,379,116,36
2024-09-12 13:00:00,324,127,26
2024-09-12 14:00:00,323,114,40
2024-09-12 15:00:00,536,124,67
2024-09-12 16:00:00,723,137,92
2024-09-12 17:00:00,316,144,67
2024-09-12 18:00:00,225,104,26
2024-09-12 19:00:00,171,136,30
2024-09-12 20:00:00,136,141,17
2024-09-12 21:00:00,369,150,7
2024-09-12 22:00:00,179,147,7
2024-09-12 23:00:00,68,92,5
2024-09-13 00:00:00,49,106,1
2024-09-13 01:00:00,76,70,1
2024-09-13 02:00:00,90,70,3
2024-09-13 03:00:00,17,31,1
2024-09-13 04:00:00,19,23,8
2024-09-13 05:00:00,68,53,19
2024-09-13 06:00:00,294,96,77
2024-09-13 07:00:00,731,124,137
2024-09-13 08:00:00,335,124,69
2024-09-13 09:00:00,243,116,32
2024-09-13 10:00:00,276,106,29
2024-09-13 11:00:00,375,115,33
2024-09-13 12:00:00,346,108,26
2024-09-13 13:00:00,345,114,34
2024-09-13 14:00:00,346,142,44
2024-09-13 15:00:00,451,153,44
2024-09-13 16:00:00,548,155,61
2024-09-13 17:00:00,328,172,31
2024-09-13 18:00:00,262,155,34
2024-09-13 19:00:00,183,167,25
2024-09-13 20:00:00,122,132,17
2024-09-13 21:00:00,180,150,15
2024-09-13 22:00:00,74,161,7
2024-09-13 23:00:00,51,129,1
2024-09-14 00:00:00,27,125,0
2024-09-14 01:00:00,25,92,2
2024-09-14 02:00:00,12,51,0
2024-09-14 03:00:00,14,38,1
2024-09-14 04:00:00,13,42,0
2024-09-14 05:00:00,21,36,7
2024-09-14 06:00:00,52,49,16
2024-09-14 07:00:00,150,89,15
2024-09-14 08:00:00,240,91,19
2024-09-14 09:00:00,311,138,18
2024-09-14 10:00:00,376,138,35
2024-09-14 11:00:00,458,172,31
2024-09-14 12:00:00,369,141,18
2024-09-14 13:00:00,321,137,25
2024-09-14 14:00:00,306,146,28
2024-09-14 15:00:00,321,111,28
2024-09-14 16:00:00,364,149,26
2024-09-14 17:00:00,297,181,28
2024-09-14 18:00:00,255,162,36
2024-09-14 19:00:00,198,155,17
2024-09-14 20:00:00,202,165,16
2024-09-14 21:00:00,163,192,13
2024-09-14 22:00:00,120,151,6
2024-09-14 23:00:00,60,131,3
2024-09-15 00:00:00,76,157,3
2024-09-15 01:00:00,75,110,4
2024-09-15 02:00:00,56,99,1
2024-09-15 03:00:00,35,59,1
2024-09-15 04:00:00,11,34,1
2024-09-15 05:00:00,26,22,6
2024-09-15 06:00:00,29,26,10
2024-09-15 07:00:00,54,32,11
2024-09-15 08:00:00,129,67,16
2024-09-15 09:00:00,164,99,31
2024-09-15 10:00:00,241,129,21
2024-09-15 11:00:00,260,115,16
2024-09-15 12:00:00,246,100,26
2024-09-15 13:00:00,201,103,22
2024-09-15 14:00:00,233,103,25
2024-09-15 15:00:00,234,108,30
2024-09-15 16:00:00,267,144,35
2024-09-15 17:00:00,217,134,20
2024-09-15 18:00:00,196,120,32
2024-09-15 19:00:00,111,116,13
2024-09-15 20:00:00,79,107,10
2024-09-15 21:00:00,112,100,4
2024-09-15 22:00:00,124,61,3
2024-09-15 23:00:00,26,26,3
2024-09-16 00:00:00,31,26,1
2024-09-16 01:00:00,21,22,0
2024-09-16 02:00:00,14,11,0
2024-09-16 03:00:00,6,25,2
2024-09-16 04:00:00,18,28,3
2024-09-16 05:00:00,57,85,20
2024-09-16 06:00:00,287,102,81
2024-09-16 07:00:00,812,138,210
2024-09-16 08:00:00,481,162,92
2024-09-16 09:00:00,260,113,36
2024-09-16 10:00:00,260,101,22
2024-09-16 11:00:00,303,88,35
2024-09-16 12:00:00,380,95,34
2024-09-16 13:00:00,216,106,36
2024-09-16 14:00:00,288,106,47
2024-09-16 15:00:00,425,128,58
2024-09-16 16:00:00,563,97,95
2024-09-16 17:00:00,338,117,61
2024-09-16 18:00:00,167,88,32
2024-09-16 19:00:00,119,77,22
2024-09-16 20:00:00,94,90,13
2024-09-16 21:00:00,158,103,6
2024-09-16 22:00:00,60,51,7
2024-09-16 23:00:00,21,39,4
2024-09-17 00:00:00,16,26,0
2024-09-17 01:00:00,16,14,1
2024-09-17 02:00:00,8,13,1
2024-09-17 03:00:00,7,24,1
2024-09-17 04:00:00,16,38,6
2024-09-17 05:00:00,93,80,21
2024-09-17 06:00:00,408,108,103
2024-09-17 07:00:00,1065,144,227
2024-09-17 08:00:00,579,172,131
2024-09-17 09:00:00,251,106,50
2024-09-17 10:00:00,219,99,37
2024-09-17 11:00:00,389,103,51
2024-09-17 12:00:00,351,102,43
2024-09-17 13:00:00,263,88,35
2024-09-17 14:00:00,333,131,38
2024-09-17 15:00:00,583,129,68
2024-09-17 16:00:00,719,113,123
2024-09-17 17:00:00,362,130,67
2024-09-17 18:00:00,195,125,50
2024-09-17 19:00:00,127,100,36
2024-09-17 20:00:00,108,104,16
2024-09-17 21:00:00,98,83,6
2024-09-17 22:00:00,88,82,5
2024-09-17 23:00:00,33,43,0
2024-09-18 00:00:00,24,35,0
2024-09-18 01:00:00,20,15,0
2024-09-18 02:00:00,8,14,1
2024-09-18 03:00:00,8,18,2
2024-09-18 04:00:00,15,17,6
2024-09-18 05:00:00,69,98,22
2024-09-18 06:00:00,364,140,98
2024-09-18 07:00:00,876,139,233
2024-09-18 08:00:00,484,162,137
2024-09-18 09:00:00,303,107,24
2024-09-18 10:00:00,246,111,35
2024-09-18 11:00:00,366,108,41
2024-09-18 12:00:00,370,104,37
2024-09-18 13:00:00,229,98,32
2024-09-18 14:00:00,320,114,45
2024-09-18 15:00:00,525,116,65
2024-09-18 16:00:00,704,121,121
2024-09-18 17:00:00,328,104,82
2024-09-18 18:00:00,225,122,50
2024-09-18 19:00:00,163,90,30
2024-09-18 20:00:00,145,115,15
2024-09-18 21:00:00,166,99,10
2024-09-18 22:00:00,73,81,2
2024-09-18 23:00:00,25,42,2
2024-09-19 00:00:00,37,30,1
2024-09-19 01:00:00,26,21,0
2024-09-19 02:00:00,15,19,2
2024-09-19 03:00:00,5,22,2
2024-09-19 04:00:00,20,31,5
2024-09-19 05:00:00,75,75,24
2024-09-19 06:00:00,345,111,101
2024-09-19 07:00:00,892,159,227
2024-09-19 08:00:00,563,180,115
2024-09-19 09:00:00,381,144,52
2024-09-19 10:00:00,317,123,48
2024-09-19 11:00:00,403,105,46
2024-09-19 12:00:00,418,110,41
2024-09-19 13:00:00,280,115,44
2024-09-19 14:00:00,299,112,52
2024-09-19 15:00:00,611,134,81
2024-09-19 16:00:00,791,141,101
2024-09-19 17:00:00,333,122,61
2024-09-19 18:00:00,216,98,62
2024-09-19 19:00:00,163,104,20
2024-09-19 20:00:00,129,124,17
2024-09-19 21:00:00,160,140,8
2024-09-19 22:00:00,50,90,3
2024-09-19 23:00:00,17,93,5
2024-09-20 00:00:00,11,44,4
2024-09-20 01:00:00,6,36,1
2024-09-20 02:00:00,4,29,1
2024-09-20 03:00:00,6,33,1
2024-09-20 04:00:00,16,16,4
2024-09-20 05:00:00,68,62,17
2024-09-20 06:00:00,265,65,77
2024-09-20 07:00:00,545,128,136
2024-09-20 08:00:00,386,139,83
2024-09-20 09:00:00,264,135,28
2024-09-20 10:00:00,274,106,28
2024-09-20 11:00:00,299,129,33
2024-09-20 12:00:00,417,141,41
2024-09-20 13:00:00,299,143,36
2024-09-20 14:00:00,294,136,33
2024-09-20 15:00:00,463,165,34
2024-09-20 16:00:00,517,150,73
2024-09-20 17:00:00,427,207,46
2024-09-20 18:00:00,288,173,40
2024-09-20 19:00:00,247,150,21
2024-09-20 20:00:00,178,136,15
2024-09-20 21:00:00,227,173,10
2024-09-20 22:00:00,134,124,7
2024-09-20 23:00:00,53,114,4
2024-09-21 00:00:00,38,117,0
2024-09-21 01:00:00,38,71,1
2024-09-21 02:00:00,72,52,0
2024-09-21 03:00:00,19,54,1
2024-09-21 04:00:00,10,27,2
2024-09-21 05:00:00,26,38,8
2024-09-21 06:00:00,53,50,12
2024-09-21 07:00:00,93,93,12
2024-09-21 08:00:00,138,121,20
2024-09-21 09:00:00,251,136,8
2024-09-21 10:00:00,444,144,13
2024-09-21 11:00:00,503,157,18
2024-09-21 12:00:00,446,148,20
2024-09-21 13:00:00,310,160,19
2024-09-21 14:00:00,261,163,41
2024-09-21 15:00:00,263,152,20
2024-09-21 16:00:00,383,162,33
2024-09-21 17:00:00,335,207,30
2024-09-21 18:00:00,210,161,40
2024-09-21 19:00:00,241,175,18
2024-09-21 20:00:00,183,186,14
2024-09-21 21:00:00,165,144,11
2024-09-21 22:00:00,144,166,6
2024-09-21 23:00:00,57,141,0
2024-09-22 00:00:00,32,135,2
2024-09-22 01:00:00,41,117,1
2024-09-22 02:00:00,24,101,1
2024-09-22 03:00:00,13,61,0
2024-09-22 04:00:00,3,28,0
2024-09-22 05:00:00,18,31,3
2024-09-22 06:00:00,19,49,6
2024-09-22 07:00:00,30,40,7
2024-09-22 08:00:00,80,95,5
2024-09-22 09:00:00,85,110,10
2024-09-22 10:00:00,108,152,4
2024-09-22 11:00:00,139,141,15
2024-09-22 12:00:00,156,108,21
2024-09-22 13:00:00,170,109,11
2024-09-22 14:00:00,188,139,22
2024-09-22 15:00:00,169,124,16
2024-09-22 16:00:00,186,153,14
2024-09-22 17:00:00,164,92,17
2024-09-22 18:00:00,214,130,21
2024-09-22 19:00:00,128,116,13
2024-09-22 20:00:00,99,110,7
2024-09-22 21:00:00,81,98,1
2024-09-22 22:00:00,51,71,2
2024-09-22 23:00:00,18,33,1
2024-09-23 00:00:00,10,25,1
2024-09-23 01:00:00,2,20,0
2024-09-23 02:00:00,2,2,0
2024-09-23 03:00:00,11,15,3
2024-09-23 04:00:00,32,30,4
2024-09-23 05:00:00,58,66,14
2024-09-23 06:00:00,282,107,66
2024-09-23 07:00:00,630,159,133
2024-09-23 08:00:00,420,175,60
2024-09-23 09:00:00,173,135,18
2024-09-23 10:00:00,152,135,21
2024-09-23 11:00:00,227,134,19
2024-09-23 12:00:00,239,130,13
2024-09-23 13:00:00,149,98,17
2024-09-23 14:00:00,210,113,30
2024-09-23 15:00:00,404,167,27
2024-09-23 16:00:00,523,134,56
2024-09-23 17:00:00,258,105,27
2024-09-23 18:00:00,117,97,19
2024-09-23 19:00:00,81,87,19
2024-09-23 20:00:00,65,83,6
2024-09-23 21:00:00,56,89,8
2024-09-23 22:00:00,30,41,4
2024-09-23 23:00:00,9,53,3
2024-09-24 00:00:00,9,26,0
2024-09-24 01:00:00,3,11,1
2024-09-24 02:00:00,7,7,0
2024-09-24 03:00:00,3,18,4
2024-09-24 04:00:00,21,32,6
2024-09-24 05:00:00,67,103,23
2024-09-24 06:00:00,339,130,102
2024-09-24 07:00:00,885,138,230
2024-09-24 08:00:00,521,149,138
2024-09-24 09:00:00,252,140,26
2024-09-24 10:00:00,250,117,40
2024-09-24 11:00:00,363,98,40
2024-09-24 12:00:00,291,88,34
2024-09-24 13:00:00,271,98,32
2024-09-24 14:00:00,299,102,42
2024-09-24 15:00:00,549,124,58
2024-09-24 16:00:00,687,113,106
2024-09-24 17:00:00,322,131,69
2024-09-24 18:00:00,181,86,49
2024-09-24 19:00:00,144,106,23
2024-09-24 20:00:00,90,105,18
2024-09-24 21:00:00,117,115,12
2024-09-24 22:00:00,34,64,2
2024-09-24 23:00:00,11,39,0
2024-09-25 00:00:00,11,29,2
2024-09-25 01:00:00,6,17,1
2024-09-25 02:00:00,8,14,1
2024-09-25 03:00:00,8,20,3
2024-09-25 04:00:00,27,30,6
2024-09-25 05:00:00,65,90,21
2024-09-25 06:00:00,343,127,91
2024-09-25 07:00:00,904,173,223
2024-09-25 08:00:00,542,183,121
2024-09-25 09:00:00,227,140,35
2024-09-25 10:00:00,235,114,21
2024-09-25 11:00:00,344,105,29
2024-09-25 12:00:00,288,106,29
2024-09-25 13:00:00,270,112,25
2024-09-25 14:00:00,317,123,38
2024-09-25 15:00:00,423,186,58
2024-09-25 16:00:00,671,156,67
2024-09-25 17:00:00,417,151,74
2024-09-25 18:00:00,223,118,40
2024-09-25 19:00:00,196,106,30
2024-09-25 20:00:00,122,114,10
2024-09-25 21:00:00,108,108,9
2024-09-25 22:00:00,60,78,2
2024-09-25 23:00:00,9,49,2
2024-09-26 00:00:00,13,39,2
2024-09-26 01:00:00,6,14,3
2024-09-26 02:00:00,8,15,2
2024-09-26 03:00:00,7,32,2
2024-09-26 04:00:00,26,26,4
2024-09-26 05:00:00,70,75,26
2024-09-26 06:00:00,326,142,94
2024-09-26 07:00:00,871,155,198
2024-09-26 08:00:00,713,250,117
2024-09-26 09:00:00,292,147,38
2024-09-26 10:00:00,261,100,18
2024-09-26 11:00:00,387,136,39
2024-09-26 12:00:00,379,104,40
2024-09-26 13:00:00,265,144,31
2024-09-26 14:00:00,383,125,31
2024-09-26 15:00:00,627,148,57
2024-09-26 16:00:00,671,151,108
2024-09-26 17:00:00,346,162,53
2024-09-26 18:00:00,204,163,36
2024-09-26 19:00:00,166,136,21
2024-09-26 20:00:00,154,120,17
2024-09-26 21:00:00,143,147,10
2024-09-26 22:00:00,81,80,4
2024-09-26 23:00:00,31,71,2
2024-09-27 00:00:00,15,49,3
2024-09-27 01:00:00,3,26,3
2024-09-27 02:00:00,2,20,1
2024-09-27 03:00:00,11,22,3
2024-09-27 04:00:00,18,30,5
2024-09-27 05:00:00,55,60,27
2024-09-27 06:00:00,252,95,58
2024-09-27 07:00:00,571,124,139
2024-09-27 08:00:00,310,149,79
2024-09-27 09:00:00,237,133,27
2024-09-27 10:00:00,316,118,26
2024-09-27 11:00:00,407,92,26
2024-09-27 12:00:00,321,94,26
2024-09-27 13:00:00,360,134,38
2024-09-27 14:00:00,417,180,47
2024-09-27 15:00:00,549,170,58
2024-09-27 16:00:00,573,164,64
2024-09-27 17:00:00,491,182,51
2024-09-27 18:00:00,259,185,36
2024-09-27 19:00:00,201,149,22
2024-09-27 20:00:00,212,165,16
2024-09-27 21:00:00,268,142,28
2024-09-27 22:00:00,158,124,11
2024-09-27 23:00:00,89,131,4
2024-09-28 00:00:00,38,98,2
2024-09-28 01:00:00,32,96,1
2024-09-28 02:00:00,70,100,0
2024-09-28 03:00:00,41,62,0
2024-09-28 04:00:00,16,35,3
2024-09-28 05:00:00,36,26,6
2024-09-28 06:00:00,52,55,16
2024-09-28 07:00:00,136,89,18
2024-09-28 08:00:00,219,95,22
2024-09-28 09:00:00,357,114,22
2024-09-28 10:00:00,420,141,43
2024-09-28 11:00:00,492,150,32
2024-09-28 12:00:00,483,150,39
2024-09-28 13:00:00,371,124,28
2024-09-28 14:00:00,459,152,31
2024-09-28 15:00:00,330,143,23
2024-09-28 16:00:00,453,159,28
2024-09-28 17:00:00,411,187,26
2024-09-28 18:00:00,314,194,29
2024-09-28 19:00:00,246,177,20
2024-09-28 20:00:00,229,153,16
2024-09-28 21:00:00,371,198,19
2024-09-28 22:00:00,156,186,7
2024-09-28 23:00:00,45,149,3
2024-09-29 00:00:00,38,166,0
2024-09-29 01:00:00,48,117,2
2024-09-29 02:00:00,25,131,1
2024-09-29 03:00:00,21,79,0
2024-09-29 04:00:00,27,48,1
2024-09-29 05:00:00,21,22,4
2024-09-29 06:00:00,26,29,6
2024-09-29 07:00:00,60,49,7
2024-09-29 08:00:00,158,92,18
2024-09-29 09:00:00,177,73,54
2024-09-29 10:00:00,236,86,14
2024-09-29 11:00:00,283,113,20
2024-09-29 12:00:00,239,79,24
2024-09-29 13:00:00,203,84,19
2024-09-29 14:00:00,226,109,29
2024-09-29 15:00:00,204,131,22
2024-09-29 16:00:00,207,141,14
2024-09-29 17:00:00,162,134,18
2024-09-29 18:00:00,173,175,17
2024-09-29 19:00:00,86,133,23
2024-09-29 20:00:00,78,115,6
2024-09-29 21:00:00,55,104,4
2024-09-29 22:00:00,26,77,3
2024-09-29 23:00:00,11,52,0
2024-09-30 00:00:00,6,23,1
2024-09-30 01:00:00,3,14,0
2024-09-30 02:00:00,1,18,0
2024-09-30 03:00:00,7,20,3
2024-09-30 04:00:00,27,24,6
2024-09-30 05:00:00,69,69,24
2024-09-30 06:00:00,286,103,84
2024-09-30 07:00:00,722,128,193
2024-09-30 08:00:00,360,157,100
2024-09-30 09:00:00,244,130,20
2024-09-30 10:00:00,230,98,32
2024-09-30 11:00:00,298,98,32
2024-09-30 12:00:00,282,98,29
2024-09-30 13:00:00,215,89,21
2024-09-30 14:00:00,295,100,32
2024-09-30 15:00:00,393,97,34
2024-09-30 16:00:00,561,87,83
2024-09-30 17:00:00,277,92,52
2024-09-30 18:00:00,147,94,28
2024-09-30 19:00:00,109,93,21
2024-09-30 20:00:00,67,116,16
2024-09-30 21:00:00,96,80,9
2024-09-30 22:00:00,11,39,2
2024-09-30 23:00:00,9,44,2
2024-10-01 00:00:00,5,27,0
2024-10-01 01:00:00,3,15,0
2024-10-01 02:00:00,6,17,0
2024-10-01 03:00:00,4,16,2
2024-10-01 04:00:00,20,32,6
2024-10-01 05:00:00,58,78,17
2024-10-01 06:00:00,379,113,110
2024-10-01 07:00:00,917,160,246
2024-10-01 08:00:00,496,179,125
2024-10-01 09:00:00,287,117,39
2024-10-01 10:00:00,190,94,38
2024-10-01 11:00:00,384,101,35
2024-10-01 12:00:00,372,104,28
2024-10-01 13:00:00,221,92,39
2024-10-01 14:00:00,300,117,48
2024-10-01 15:00:00,449,99,57
2024-10-01 16:00:00,702,136,95
2024-10-01 17:00:00,372,115,63
2024-10-01 18:00:00,221,120,45
2024-10-01 19:00:00,149,108,24
2024-10-01 20:00:00,76,84,15
2024-10-01 21:00:00,87,78,5
2024-10-01 22:00:00,29,55,7
2024-10-01 23:00:00,18,33,2
2024-10-02 00:00:00,12,31,1
2024-10-02 01:00:00,3,22,0
2024-10-02 02:00:00,2,16,0
2024-10-02 03:00:00,4,10,2
2024-10-02 04:00:00,12,27,6
2024-10-02 05:00:00,68,75,20
2024-10-02 06:00:00,299,107,84
2024-10-02 07:00:00,807,151,249
2024-10-02 08:00:00,463,181,107
2024-10-02 09:00:00,235,128,37
2024-10-02 10:00:00,232,120,42
2024-10-02 11:00:00,313,115,26
2024-10-02 12:00:00,361,119,30
2024-10-02 13:00:00,253,123,32
2024-10-02 14:00:00,323,105,37
2024-10-02 15:00:00,589,124,64
2024-10-02 16:00:00,687,143,108
2024-10-02 17:00:00,406,122,58
2024-10-02 18:00:00,220,104,38
2024-10-02 19:00:00,159,116,27
2024-10-02 20:00:00,108,128,12
2024-10-02 21:00:00,123,91,15
2024-10-02 22:00:00,66,59,9
2024-10-02 23:00:00,16,44,2
2024-10-03 00:00:00,3,39,1
2024-10-03 01:00:00,3,22,1
2024-10-03 02:00:00,6,18,2
2024-10-03 03:00:00,4,22,4
2024-10-03 04:00:00,23,30,8
2024-10-03 05:00:00,84,77,23
2024-10-03 06:00:00,354,120,94
2024-10-03 07:00:00,986,183,217
2024-10-03 08:00:00,593,206,136
2024-10-03 09:00:00,290,124,25
2024-10-03 10:00:00,259,130,30
2024-10-03 11:00:00,405,102,29
2024-10-03 12:00:00,358,100,28
2024-10-03 13:00:00,302,98,46
2024-10-03 14:00:00,359,111,51
2024-10-03 15:00:00,546,118,59
2024-10-03 16:00:00,770,108,99
2024-10-03 17:00:00,371,123,72
2024-10-03 18:00:00,220,135,38
2024-10-03 19:00:00,165,126,33
2024-10-03 20:00:00,126,105,20
2024-10-03 21:00:00,143,145,16
2024-10-03 22:00:00,42,102,7
2024-10-03 23:00:00,13,46,0
2024-10-04 00:00:00,6,43,1
2024-10-04 01:00:00,6,32,0
2024-10-04 02:00:00,5,17,1
2024-10-04 03:00:00,10,21,4
2024-10-04 04:00:00,15,31,7
2024-10-04 05:00:00,65,58,21
2024-10-04 06:00:00,254,90,65
2024-10-04 07:00:00,542,113,145
2024-10-04 08:00:00,365,136,78
2024-10-04 09:00:00,239,112,31
2024-10-04 10:00:00,252,128,27
2024-10-04 11:00:00,377,134,40
2024-10-04 12:00:00,338,108,24
2024-10-04 13:00:00,357,152,35
2024-10-04 14:00:00,387,149,47
2024-10-04 15:00:00,472,173,40
2024-10-04 16:00:00,563,187,61
2024-10-04 17:00:00,420,178,51
2024-10-04 18:00:00,323,171,29
2024-10-04 19:00:00,190,148,19
2024-10-04 20:00:00,237,146,19
2024-10-04 21:00:00,207,150,8
2024-10-04 22:00:00,141,122,8
2024-10-04 23:00:00,62,132,0
2024-10-05 00:00:00,35,112,0
2024-10-05 01:00:00,22,79,0
2024-10-05 02:00:00,61,67,2
2024-10-05 03:00:00,12,72,0
2024-10-05 04:00:00,23,35,3
2024-10-05 05:00:00,15,33,10
2024-10-05 06:00:00,46,60,13
2024-10-05 07:00:00,118,63,19
2024-10-05 08:00:00,186,97,31
2024-10-05 09:00:00,324,129,38
2024-10-05 10:00:00,416,176,35
2024-10-05 11:00:00,436,185,42
2024-10-05 12:00:00,494,185,29
2024-10-05 13:00:00,352,171,24
2024-10-05 14:00:00,358,151,25
2024-10-05 15:00:00,338,143,30
2024-10-05 16:00:00,412,156,28
2024-10-05 17:00:00,369,178,43
2024-10-05 18:00:00,337,208,31
2024-10-05 19:00:00,211,146,21
2024-10-05 20:00:00,196,150,17
2024-10-05 21:00:00,229,196,16
2024-10-05 22:00:00,142,188,10
2024-10-05 23:00:00,69,158,2
2024-10-06 00:00:00,45,149,4
2024-10-06 01:00:00,51,124,3
2024-10-06 02:00:00,37,99,0
2024-10-06 03:00:00,19,81,1
2024-10-06 04:00:00,4,29,1
2024-10-06 05:00:00,7,19,6
2024-10-06 06:00:00,37,27,9
2024-10-06 07:00:00,60,44,16
2024-10-06 08:00:00,107,94,6
2024-10-06 09:00:00,230,108,12
2024-10-06 10:00:00,321,88,16
2024-10-06 11:00:00,303,143,17
2024-10-06 12:00:00,235,96,24
2024-10-06 13:00:00,190,119,20
2024-10-06 14:00:00,203,123,21
2024-10-06 15:00:00,143,144,13
2024-10-06 16:00:00,241,136,23
2024-10-06 17:00:00,242,141,15
2024-10-06 18:00:00,207,150,17
2024-10-06 19:00:00,103,152,11
2024-10-06 20:00:00,66,122,13
2024-10-06 21:00:00,86,104,4
2024-10-06 22:00:00,54,69,4
2024-10-06 23:00:00,19,33,3
2024-10-07 00:00:00,13,29,1
2024-10-07 01:00:00,3,21,0
2024-10-07 02:00:00,5,9,1
2024-10-07 03:00:00,5,27,3
2024-10-07 04:00:00,22,35,9
2024-10-07 05:00:00,78,73,20
2024-10-07 06:00:00,285,118,91
2024-10-07 07:00:00,756,130,210
2024-10-07 08:00:00,454,160,75
2024-10-07 09:00:00,253,126,27
2024-10-07 10:00:00,234,97,18
2024-10-07 11:00:00,335,113,32
2024-10-07 12:00:00,338,113,22
2024-10-07 13:00:00,267,104,35
2024-10-07 14:00:00,312,94,25
2024-10-07 15:00:00,459,115,47
2024-10-07 16:00:00,613,122,77
2024-10-07 17:00:00,331,125,54
2024-10-07 18:00:00,196,112,30
2024-10-07 19:00:00,127,116,26
2024-10-07 20:00:00,76,81,10
2024-10-07 21:00:00,83,111,9
2024-10-07 22:00:00,23,62,1
2024-10-07 23:00:00,7,33,1
2024-10-08 00:00:00,6,25,3
2024-10-08 01:00:00,3,8,2
2024-10-08 02:00:00,9,16,2
2024-10-08 03:00:00,3,20,2
2024-10-08 04:00:00,23,28,5
2024-10-08 05:00:00,69,79,26
2024-10-08 06:00:00,381,125,94
2024-10-08 07:00:00,918,155,220
2024-10-08 08:00:00,524,182,100
2024-10-08 09:00:00,244,165,25
2024-10-08 10:00:00,195,132,18
2024-10-08 11:00:00,284,108,31
2024-10-08 12:00:00,195,132,19
2024-10-08 13:00:00,206,128,22
2024-10-08 14:00:00,276,131,30
2024-10-08 15:00:00,500,151,53
2024-10-08 16:00:00,679,130,96
2024-10-08 17:00:00,291,173,50
2024-10-08 18:00:00,182,121,29
2024-10-08 19:00:00,178,97,18
2024-10-08 20:00:00,79,103,14
2024-10-08 21:00:00,74,89,4
2024-10-08 22:00:00,40,55,9
2024-10-08 23:00:00,18,31,3
2024-10-09 00:00:00,5,32,0
2024-10-09 01:00:00,5,13,0
2024-10-09 02:00:00,5,15,1
2024-10-09 03:00:00,5,16,4
2024-10-09 04:00:00,16,27,8
2024-10-09 05:00:00,67,74,25
2024-10-09 06:00:00,360,133,95
2024-10-09 07:00:00,874,164,224
2024-10-09 08:00:00,555,164,121
2024-10-09 09:00:00,295,119,25
2024-10-09 10:00:00,244,197,30
2024-10-09 11:00:00,406,116,33
2024-10-09 12:00:00,325,100,40
2024-10-09 13:00:00,239,103,31
2024-10-09 14:00:00,452,112,49
2024-10-09 15:00:00,537,119,53
2024-10-09 16:00:00,663,147,114
2024-10-09 17:00:00,357,120,54
2024-10-09 18:00:00,214,150,36
2024-10-09 19:00:00,162,124,12
2024-10-09 20:00:00,132,132,11
2024-10-09 21:00:00,106,99,7
2024-10-09 22:00:00,42,76,3
2024-10-09 23:00:00,13,44,2
2024-10-10 00:00:00,7,40,0
2024-10-10 01:00:00,4,17,0
2024-10-10 02:00:00,4,22,1
2024-10-10 03:00:00,6,30,3
2024-10-10 04:00:00,19,27,9
2024-10-10 05:00:00,57,65,24
2024-10-10 06:00:00,367,146,95
2024-10-10 07:00:00,902,162,201
2024-10-10 08:00:00,513,185,103
2024-10-10 09:00:00,298,135,34
2024-10-10 10:00:00,216,135,36
2024-10-10 11:00:00,369,124,37
2024-10-10 12:00:00,382,118,44
2024-10-10 13:00:00,295,101,47
2024-10-10 14:00:00,382,139,47
2024-10-10 15:00:00,591,158,68
2024-10-10 16:00:00,773,170,92
2024-10-10 17:00:00,389,110,63
2024-10-10 18:00:00,217,130,42
2024-10-10 19:00:00,126,123,13
2024-10-10 20:00:00,112,139,19
2024-10-10 21:00:00,123,118,10
2024-10-10 22:00:00,54,98,4
2024-10-10 23:00:00,16,72,2
2024-10-11 00:00:00,9,50,1
2024-10-11 01:00:00,13,38,0
2024-10-11 02:00:00,14,15,1
2024-10-11 03:00:00,6,24,2
2024-10-11 04:00:00,14,29,7
2024-10-11 05:00:00,61,48,19
2024-10-11 06:00:00,256,94,68
2024-10-11 07:00:00,591,113,160
2024-10-11 08:00:00,373,156,77
2024-10-11 09:00:00,267,120,48
2024-10-11 10:00:00,242,98,35
2024-10-11 11:00:00,304,101,29
2024-10-11 12:00:00,350,122,48
2024-10-11 13:00:00,347,154,38
2024-10-11 14:00:00,380,140,35
2024-10-11 15:00:00,497,179,65
2024-10-11 16:00:00,550,186,67
2024-10-11 17:00:00,412,190,43
2024-10-11 18:00:00,260,178,31
2024-10-11 19:00:00,219,167,31
2024-10-11 20:00:00,198,163,16
2024-10-11 21:00:00,221,160,9
2024-10-11 22:00:00,173,129,11
2024-10-11 23:00:00,56,136,2
2024-10-12 00:00:00,38,119,3
2024-10-12 01:00:00,46,73,2
2024-10-12 02:00:00,100,58,2
2024-10-12 03:00:00,54,38,3
2024-10-12 04:00:00,14,31,4
2024-10-12 05:00:00,21,38,5
2024-10-12 06:00:00,51,39,13
2024-10-12 07:00:00,88,65,17
2024-10-12 08:00:00,167,92,24
2024-10-12 09:00:00,266,104,25
2024-10-12 10:00:00,408,163,22
2024-10-12 11:00:00,452,146,23
2024-10-12 12:00:00,474,185,28
2024-10-12 13:00:00,381,164,25
2024-10-12 14:00:00,346,164,24
2024-10-12 15:00:00,377,155,41
2024-10-12 16:00:00,362,175,21
2024-10-12 17:00:00,327,161,23
2024-10-12 18:00:00,275,192,32
2024-10-12 19:00:00,217,168,17
2024-10-12 20:00:00,187,157,17
2024-10-12 21:00:00,198,176,10
2024-10-12 22:00:00,104,172,12
2024-10-12 23:00:00,37,160,3
2024-10-13 00:00:00,29,180,2
2024-10-13 01:00:00,27,121,2
2024-10-13 02:00:00,40,92,0
2024-10-13 03:00:00,39,58,0
2024-10-13 04:00:00,12,30,1
2024-10-13 05:00:00,20,21,6
2024-10-13 06:00:00,24,36,10
2024-10-13 07:00:00,48,40,10
2024-10-13 08:00:00,147,79,14
2024-10-13 09:00:00,207,100,21
2024-10-13 10:00:00,223,89,11
2024-10-13 11:00:00,258,127,23
2024-10-13 12:00:00,283,102,25
2024-10-13 13:00:00,253,113,27
2024-10-13 14:00:00,259,131,39
2024-10-13 15:00:00,286,121,25
2024-10-13 16:00:00,252,163,21
2024-10-13 17:00:00,247,138,27
2024-10-13 18:00:00,216,136,26
2024-10-13 19:00:00,149,120,13
2024-10-13 20:00:00,97,75,10
2024-10-13 21:00:00,75,115,7
2024-10-13 22:00:00,24,45,5
2024-10-13 23:00:00,26,40,2
2024-10-14 00:00:00,6,29,0
2024-10-14 01:00:00,7,19,2
2024-10-14 02:00:00,6,19,0
2024-10-14 03:00:00,10,19,4
2024-10-14 04:00:00,17,23,4
2024-10-14 05:00:00,53,61,23
2024-10-14 06:00:00,290,150,75
2024-10-14 07:00:00,756,148,193
2024-10-14 08:00:00,430,191,91
2024-10-14 09:00:00,233,96,43
2024-10-14 10:00:00,216,136,21
2024-10-14 11:00:00,326,108,19
2024-10-14 12:00:00,290,83,16
2024-10-14 13:00:00,201,107,22
2024-10-14 14:00:00,324,107,37
2024-10-14 15:00:00,435,122,49
2024-10-14 16:00:00,595,111,83
2024-10-14 17:00:00,345,134,56
2024-10-14 18:00:00,161,134,34
2024-10-14 19:00:00,137,76,19
2024-10-14 20:00:00,125,102,11
2024-10-14 21:00:00,92,74,7
2024-10-14 22:00:00,27,54,4
2024-10-14 23:00:00,12,33,2
2024-10-15 00:00:00,0,18,3
2024-10-15 01:00:00,6,20,2
2024-10-15 02:00:00,2,27,1
2024-10-15 03:00:00,3,13,1
2024-10-15 04:00:00,15,26,6
2024-10-15 05:00:00,68,82,30
2024-10-15 06:00:00,341,138,95
2024-10-15 07:00:00,908,159,230
2024-10-15 08:00:00,525,199,129
2024-10-15 09:00:00,265,144,40
2024-10-15 10:00:00,225,112,35
2024-10-15 11:00:00,356,116,32
2024-10-15 12:00:00,388,111,38
2024-10-15 13:00:00,229,92,35
2024-10-15 14:00:00,322,120,39
2024-10-15 15:00:00,605,124,59
2024-10-15 16:00:00,722,114,120
2024-10-15 17:00:00,325,124,67
2024-10-15 18:00:00,175,132,45
2024-10-15 19:00:00,148,115,26
2024-10-15 20:00:00,82,102,20
2024-10-15 21:00:00,83,103,3
2024-10-15 22:00:00,37,75,4
2024-10-15 23:00:00,19,46,5
2024-10-16 00:00:00,12,37,0
2024-10-16 01:00:00,5,19,1
2024-10-16 02:00:00,6,15,1
2024-10-16 03:00:00,8,19,3
2024-10-16 04:00:00,20,31,7
2024-10-16 05:00:00,50,94,21
2024-10-16 06:00:00,352,118,81
2024-10-16 07:00:00,814,165,169
2024-10-16 08:00:00,565,189,92
2024-10-16 09:00:00,207,138,32
2024-10-16 10:00:00,190,171,12
2024-10-16 11:00:00,304,122,18
2024-10-16 12:00:00,321,105,15
2024-10-16 13:00:00,270,118,16
2024-10-16 14:00:00,305,129,33
2024-10-16 15:00:00,550,146,48
2024-10-16 16:00:00,655,174,88
2024-10-16 17:00:00,289,175,48
2024-10-16 18:00:00,181,161,36
2024-10-16 19:00:00,129,109,14
2024-10-16 20:00:00,135,121,14
2024-10-16 21:00:00,99,99,7
2024-10-16 22:00:00,39,86,7
2024-10-16 23:00:00,11,45,5
2024-10-17 00:00:00,4,43,3
2024-10-17 01:00:00,3,13,1
2024-10-17 02:00:00,8,13,2
2024-10-17 03:00:00,6,30,2
2024-10-17 04:00:00,21,24,8
2024-10-17 05:00:00,60,74,24
2024-10-17 06:00:00,345,117,96
2024-10-17 07:00:00,910,174,212
2024-10-17 08:00:00,567,195,112
2024-10-17 09:00:00,320,122,47
2024-10-17 10:00:00,266,118,42
2024-10-17 11:00:00,374,119,34
2024-10-17 12:00:00,370,103,31
2024-10-17 13:00:00,237,105,24
2024-10-17 14:00:00,368,122,61
2024-10-17 15:00:00,548,163,46
2024-10-17 16:00:00,725,162,112
2024-10-17 17:00:00,422,147,59
2024-10-17 18:00:00,249,139,38
2024-10-17 19:00:00,172,114,33
2024-10-17 20:00:00,146,155,21
2024-10-17 21:00:00,101,128,7
2024-10-17 22:00:00,61,87,5
2024-10-17 23:00:00,10,52,2
2024-10-18 00:00:00,20,42,0
2024-10-18 01:00:00,9,21,0
2024-10-18 02:00:00,9,21,0
2024-10-18 03:00:00,9,20,2
2024-10-18 04:00:00,15,21,6
2024-10-18 05:00:00,44,63,25
2024-10-18 06:00:00,275,105,75
2024-10-18 07:00:00,558,117,151
2024-10-18 08:00:00,394,129,86
2024-10-18 09:00:00,295,117,30
2024-10-18 10:00:00,304,148,35
2024-10-18 11:00:00,371,137,37
2024-10-18 12:00:00,378,137,38
2024-10-18 13:00:00,361,166,39
2024-10-18 14:00:00,407,185,47
2024-10-18 15:00:00,530,193,48
2024-10-18 16:00:00,595,181,49
2024-10-18 17:00:00,385,207,45
2024-10-18 18:00:00,267,233,32
2024-10-18 19:00:00,177,123,15
2024-10-18 20:00:00,181,134,21
2024-10-18 21:00:00,232,169,16
2024-10-18 22:00:00,121,114,9
2024-10-18 23:00:00,58,137,2
2024-10-19 00:00:00,18,118,1
2024-10-19 01:00:00,21,68,1
2024-10-19 02:00:00,12,72,1
2024-10-19 03:00:00,16,37,1
2024-10-19 04:00:00,30,37,1
2024-10-19 05:00:00,19,28,6
2024-10-19 06:00:00,40,54,15
2024-10-19 07:00:00,107,98,15
2024-10-19 08:00:00,192,135,18
2024-10-19 09:00:00,331,136,33
2024-10-19 10:00:00,376,155,34
2024-10-19 11:00:00,552,198,26
2024-10-19 12:00:00,513,173,37
2024-10-19 13:00:00,482,193,27
2024-10-19 14:00:00,391,177,38
2024-10-19 15:00:00,413,130,30
2024-10-19 16:00:00,433,164,29
2024-10-19 17:00:00,397,191,27
2024-10-19 18:00:00,274,198,29
2024-10-19 19:00:00,260,181,15
2024-10-19 20:00:00,287,151,16
2024-10-19 21:00:00,290,165,10
2024-10-19 22:00:00,143,160,4
2024-10-19 23:00:00,64,162,6
2024-10-20 00:00:00,36,166,3
2024-10-20 01:00:00,49,120,1
2024-10-20 02:00:00,63,95,1
2024-10-20 03:00:00,27,54,2
2024-10-20 04:00:00,18,31,1
2024-10-20 05:00:00,22,33,3
2024-10-20 06:00:00,46,29,8
2024-10-20 07:00:00,56,66,6
2024-10-20 08:00:00,93,111,7
2024-10-20 09:00:00,154,102,4
2024-10-20 10:00:00,174,117,11
2024-10-20 11:00:00,214,168,5
2024-10-20 12:00:00,247,130,23
2024-10-20 13:00:00,251,92,21
2024-10-20 14:00:00,270,129,21
2024-10-20 15:00:00,207,110,19
2024-10-20 16:00:00,261,120,30
2024-10-20 17:00:00,253,118,27
2024-10-20 18:00:00,204,154,27
2024-10-20 19:00:00,127,83,19
2024-10-20 20:00:00,105,100,15
2024-10-20 21:00:00,126,76,7
2024-10-20 22:00:00,16,44,6
2024-10-20 23:00:00,9,47,2
2024-10-21 00:00:00,19,31,0
2024-10-21 01:00:00,3,18,0
2024-10-21 02:00:00,6,15,1
2024-10-21 03:00:00,8,26,2
2024-10-21 04:00:00,16,30,2
2024-10-21 05:00:00,68,68,17
2024-10-21 06:00:00,284,116,82
2024-10-21 07:00:00,743,150,205
2024-10-21 08:00:00,434,163,107
2024-10-21 09:00:00,236,131,39
2024-10-21 10:00:00,238,105,23
2024-10-21 11:00:00,294,113,27
2024-10-21 12:00:00,290,107,26
2024-10-21 13:00:00,236,137,32
2024-10-21 14:00:00,256,93,36
2024-10-21 15:00:00,465,128,50
2024-10-21 16:00:00,560,99,100
2024-10-21 17:00:00,303,110,48
2024-10-21 18:00:00,148,85,28
2024-10-21 19:00:00,119,85,15
2024-10-21 20:00:00,96,86,15
2024-10-21 21:00:00,81,62,4
2024-10-21 22:00:00,20,52,1
2024-10-21 23:00:00,5,30,1
2024-10-22 00:00:00,8,32,0
2024-10-22 01:00:00,11,15,0
2024-10-22 02:00:00,8,14,2
2024-10-22 03:00:00,6,14,1
2024-10-22 04:00:00,17,27,6
2024-10-22 05:00:00,74,75,23
2024-10-22 06:00:00,352,137,105
2024-10-22 07:00:00,885,157,246
2024-10-22 08:00:00,660,190,115
2024-10-22 09:00:00,253,127,29
2024-10-22 10:00:00,237,111,19
2024-10-22 11:00:00,428,101,35
2024-10-22 12:00:00,372,102,30
2024-10-22 13:00:00,288,108,34
2024-10-22 14:00:00,319,111,35
2024-10-22 15:00:00,498,124,65
2024-10-22 16:00:00,697,127,103
2024-10-22 17:00:00,398,122,66
2024-10-22 18:00:00,234,127,46
2024-10-22 19:00:00,156,96,26
2024-10-22 20:00:00,104,85,21
2024-10-22 21:00:00,122,96,10
2024-10-22 22:00:00,47,65,5
2024-10-22 23:00:00,19,64,2
2024-10-23 00:00:00,7,28,1
2024-10-23 01:00:00,7,17,0
2024-10-23 02:00:00,5,12,0
2024-10-23 03:00:00,9,17,5
2024-10-23 04:00:00,16,30,5
2024-10-23 05:00:00,66,88,17
2024-10-23 06:00:00,320,134,84
2024-10-23 07:00:00,895,170,228
2024-10-23 08:00:00,503,204,121
2024-10-23 09:00:00,262,142,42
2024-10-23 10:00:00,216,117,31
2024-10-23 11:00:00,314,118,44
2024-10-23 12:00:00,322,99,32
2024-10-23 13:00:00,275,121,25
2024-10-23 14:00:00,343,111,40
2024-10-23 15:00:00,553,130,69
2024-10-23 16:00:00,700,152,102
2024-10-23 17:00:00,360,139,70
2024-10-23 18:00:00,185,114,42
2024-10-23 19:00:00,191,138,30
2024-10-23 20:00:00,144,128,14
2024-10-23 21:00:00,122,100,11
2024-10-23 22:00:00,51,77,3
2024-10-23 23:00:00,13,64,3
2024-10-24 00:00:00,4,42,0
2024-10-24 01:00:00,2,22,0
2024-10-24 02:00:00,2,19,3
2024-10-24 03:00:00,5,26,1
2024-10-24 04:00:00,17,22,7
2024-10-24 05:00:00,57,62,21
2024-10-24 06:00:00,306,94,87
2024-10-24 07:00:00,915,145,183
2024-10-24 08:00:00,540,174,109
2024-10-24 09:00:00,253,123,42
2024-10-24 10:00:00,245,113,22
2024-10-24 11:00:00,356,127,38
2024-10-24 12:00:00,288,101,27
2024-10-24 13:00:00,294,142,41
2024-10-24 14:00:00,308,122,28
2024-10-24 15:00:00,535,145,44
2024-10-24 16:00:00,712,150,88
2024-10-24 17:00:00,361,158,77
2024-10-24 18:00:00,211,148,49
2024-10-24 19:00:00,168,125,32
2024-10-24 20:00:00,123,132,16
2024-10-24 21:00:00,189,127,9
2024-10-24 22:00:00,41,100,6
2024-10-24 23:00:00,14,65,0
2024-10-25 00:00:00,14,62,1
2024-10-25 01:00:00,7,24,0
2024-10-25 02:00:00,3,7,0
2024-10-25 03:00:00,6,22,1
2024-10-25 04:00:00,16,26,9
2024-10-25 05:00:00,62,56,26
2024-10-25 06:00:00,235,92,57
2024-10-25 07:00:00,506,154,128
2024-10-25 08:00:00,283,157,64
2024-10-25 09:00:00,204,153,35
2024-10-25 10:00:00,233,134,27
2024-10-25 11:00:00,299,132,32
2024-10-25 12:00:00,367,129,26
2024-10-25 13:00:00,362,132,25
2024-10-25 14:00:00,336,150,37
2024-10-25 15:00:00,543,196,53
2024-10-25 16:00:00,512,169,52
2024-10-25 17:00:00,423,203,37
2024-10-25 18:00:00,298,230,33
2024-10-25 19:00:00,281,179,25
2024-10-25 20:00:00,255,158,22
2024-10-25 21:00:00,273,177,10
2024-10-25 22:00:00,145,155,4
2024-10-25 23:00:00,45,132,6
2024-10-26 00:00:00,29,127,2
2024-10-26 01:00:00,42,87,1
2024-10-26 02:00:00,46,99,0
2024-10-26 03:00:00,50,76,0
2024-10-26 04:00:00,47,66,4
2024-10-26 05:00:00,37,32,12
2024-10-26 06:00:00,45,62,10
2024-10-26 07:00:00,142,88,17
2024-10-26 08:00:00,313,119,23
2024-10-26 09:00:00,329,144,21
2024-10-26 10:00:00,466,182,30
2024-10-26 11:00:00,534,186,28
2024-10-26 12:00:00,526,135,32
2024-10-26 13:00:00,515,196,27
2024-10-26 14:00:00,607,175,23
2024-10-26 15:00:00,614,171,22
2024-10-26 16:00:00,448,178,31
2024-10-26 17:00:00,379,196,22
2024-10-26 18:00:00,280,194,17
2024-10-26 19:00:00,308,199,16
2024-10-26 20:00:00,236,178,17
2024-10-26 21:00:00,207,189,13
2024-10-26 22:00:00,186,188,5
2024-10-26 23:00:00,78,191,3
2024-10-27 00:00:00,38,172,3
2024-10-27 01:00:00,21,107,1
2024-10-27 02:00:00,24,112,1
2024-10-27 03:00:00,37,99,2
2024-10-27 04:00:00,32,62,0
2024-10-27 05:00:00,14,21,1
2024-10-27 06:00:00,28,25,2
2024-10-27 07:00:00,31,47,11
2024-10-27 08:00:00,67,55,13
2024-10-27 09:00:00,132,75,14
2024-10-27 10:00:00,231,115,20
2024-10-27 11:00:00,220,112,23
2024-10-27 12:00:00,284,122,22
2024-10-27 13:00:00,282,113,19
2024-10-27 14:00:00,244,137,16
2024-10-27 15:00:00,274,164,14
2024-10-27 16:00:00,337,136,26
2024-10-27 17:00:00,293,153,20
2024-10-27 18:00:00,240,162,19
2024-10-27 19:00:00,278,221,14
2024-10-27 20:00:00,157,150,12
2024-10-27 21:00:00,134,133,5
2024-10-27 22:00:00,109,62,2
2024-10-27 23:00:00,71,116,9
2024-10-28 00:00:00,18,35,4
2024-10-28 01:00:00,11,35,0
2024-10-28 02:00:00,12,27,0
2024-10-28 03:00:00,3,15,0
2024-10-28 04:00:00,5,27,2
2024-10-28 05:00:00,21,26,3
2024-10-28 06:00:00,61,68,17
2024-10-28 07:00:00,279,135,76
2024-10-28 08:00:00,668,128,165
2024-10-28 09:00:00,315,124,60
2024-10-28 10:00:00,244,120,23
2024-10-28 11:00:00,298,125,20
2024-10-28 12:00:00,347,106,21
2024-10-28 13:00:00,315,117,18
2024-10-28 14:00:00,224,100,19
2024-10-28 15:00:00,276,98,26
2024-10-28 16:00:00,422,122,42
2024-10-28 17:00:00,500,131,70
2024-10-28 18:00:00,274,116,48
2024-10-28 19:00:00,168,116,25
2024-10-28 20:00:00,117,103,11
2024-10-28 21:00:00,75,93,9
2024-10-28 22:00:00,87,61,11
2024-10-28 23:00:00,42,78,4
2024-10-29 00:00:00,16,30,2
2024-10-29 01:00:00,8,29,0
2024-10-29 02:00:00,1,21,1
2024-10-29 03:00:00,29,13,1
2024-10-29 04:00:00,11,26,3
2024-10-29 05:00:00,22,21,5
2024-10-29 06:00:00,65,65,24
2024-10-29 07:00:00,331,132,97
2024-10-29 08:00:00,735,130,198
2024-10-29 09:00:00,409,130,113
2024-10-29 10:00:00,243,87,28
2024-10-29 11:00:00,221,110,25
2024-10-29 12:00:00,279,73,22
2024-10-29 13:00:00,372,109,27
2024-10-29 14:00:00,210,100,23
2024-10-29 15:00:00,270,120,33
2024-10-29 16:00:00,483,133,61
2024-10-29 17:00:00,583,120,99
2024-10-29 18:00:00,314,130,75
2024-10-29 19:00:00,202,107,27
2024-10-29 20:00:00,103,91,22
2024-10-29 21:00:00,63,73,10
2024-10-29 22:00:00,78,85,10
2024-10-29 23:00:00,39,60,9
2024-10-30 00:00:00,16,57,2
2024-10-30 01:00:00,8,22,2
2024-10-30 02:00:00,1,18,1
2024-10-30 03:00:00,3,13,0
2024-10-30 04:00:00,14,18,2
2024-10-30 05:00:00,20,25,4
2024-10-30 06:00:00,59,52,17
2024-10-30 07:00:00,296,99,93
2024-10-30 08:00:00,773,174,186
2024-10-30 09:00:00,351,141,100
2024-10-30 10:00:00,227,129,28
2024-10-30 11:00:00,252,105,24
2024-10-30 12:00:00,317,102,37
2024-10-30 13:00:00,339,113,22
2024-10-30 14:00:00,267,105,20
2024-10-30 15:00:00,316,126,21
2024-10-30 16:00:00,517,117,44
2024-10-30 17:00:00,580,123,81
2024-10-30 18:00:00,302,124,67
2024-10-30 19:00:00,217,118,30
2024-10-30 20:00:00,134,78,21
2024-10-30 21:00:00,138,111,19
2024-10-30 22:00:00,178,98,7
2024-10-30 23:00:00,41,97,6
2024-10-31 00:00:00,9,60,3
2024-10-31 01:00:00,13,37,2
2024-10-31 02:00:00,8,18,1
2024-10-31 03:00:00,9,21,1
2024-10-31 04:00:00,13,21,4
2024-10-31 05:00:00,18,20,4
2024-10-31 06:00:00,70,64,19
2024-10-31 07:00:00,302,93,73
2024-10-31 08:00:00,684,129,176
2024-10-31 09:00:00,390,111,86
2024-10-31 10:00:00,242,112,40
2024-10-31 11:00:00,235,88,28
2024-10-31 12:00:00,414,113,27
2024-10-31 13:00:00,371,102,21
2024-10-31 14:00:00,283,115,17
2024-10-31 15:00:00,311,109,32
2024-10-31 16:00:00,465,102,51
2024-10-31 17:00:00,590,139,79
2024-10-31 18:00:00,304,158,52
2024-10-31 19:00:00,201,172,57
2024-10-31 20:00:00,149,120,18
2024-10-31 21:00:00,126,112,10
2024-10-31 22:00:00,224,137,9
2024-10-31 23:00:00,188,142,12
2024-11-01 00:00:00,61,109,2
2024-11-01 01:00:00,76,85,1
2024-11-01 02:00:00,119,71,0
2024-11-01 03:00:00,141,75,2
2024-11-01 04:00:00,69,48,0
2024-11-01 05:00:00,18,48,5
2024-11-01 06:00:00,59,68,14
2024-11-01 07:00:00,207,89,52
2024-11-01 08:00:00,412,109,105
2024-11-01 09:00:00,281,103,56
2024-11-01 10:00:00,224,105,24
2024-11-01 11:00:00,252,116,21
2024-11-01 12:00:00,344,111,25
2024-11-01 13:00:00,355,142,25
2024-11-01 14:00:00,391,159,23
2024-11-01 15:00:00,332,163,27
2024-11-01 16:00:00,471,158,47
2024-11-01 17:00:00,624,186,52
2024-11-01 18:00:00,397,199,38
2024-11-01 19:00:00,219,183,41
2024-11-01 20:00:00,176,150,29
2024-11-01 21:00:00,136,122,16
2024-11-01 22:00:00,205,146,15
2024-11-01 23:00:00,134,138,9
2024-11-02 00:00:00,47,127,2
2024-11-02 01:00:00,34,127,4
2024-11-02 02:00:00,44,87,1
2024-11-02 03:00:00,37,102,1
2024-11-02 04:00:00,38,93,1
2024-11-02 05:00:00,25,52,2
2024-11-02 06:00:00,28,29,7
2024-11-02 07:00:00,53,55,13
2024-11-02 08:00:00,99,74,12
2024-11-02 09:00:00,178,110,26
2024-11-02 10:00:00,277,131,20
2024-11-02 11:00:00,329,142,32
2024-11-02 12:00:00,526,124,29
2024-11-02 13:00:00,385,148,30
2024-11-02 14:00:00,407,163,21
2024-11-02 15:00:00,352,146,24
2024-11-02 16:00:00,412,150,19
2024-11-02 17:00:00,373,198,15
2024-11-02 18:00:00,351,182,25
2024-11-02 19:00:00,291,178,24
2024-11-02 20:00:00,161,183,11
2024-11-02 21:00:00,252,170,14
2024-11-02 22:00:00,213,198,12
2024-11-02 23:00:00,149,202,10
2024-11-03 00:00:00,75,164,1
2024-11-03 01:00:00,46,139,3
2024-11-03 02:00:00,29,132,1
2024-11-03 03:00:00,46,104,0
2024-11-03 04:00:00,69,95,3
2024-11-03 05:00:00,19,39,1
2024-11-03 06:00:00,11,28,4
2024-11-03 07:00:00,20,42,4
2024-11-03 08:00:00,44,46,17
2024-11-03 09:00:00,147,84,13
2024-11-03 10:00:00,152,80,12
2024-11-03 11:00:00,234,100,20
2024-11-03 12:00:00,304,130,15
2024-11-03 13:00:00,207,122,23
2024-11-03 14:00:00,181,113,21
2024-11-03 15:00:00,227,111,18
2024-11-03 16:00:00,161,117,12
2024-11-03 17:00:00,272,140,28
2024-11-03 18:00:00,209,137,18
2024-11-03 19:00:00,198,159,15
2024-11-03 20:00:00,109,86,18
2024-11-03 21:00:00,85,94,10
2024-11-03 22:00:00,74,88,4
2024-11-03 23:00:00,47,88,5
2024-11-04 00:00:00,6,44,2
2024-11-04 01:00:00,6,17,3
2024-11-04 02:00:00,7,37,0
2024-11-04 03:00:00,2,11,0
2024-11-04 04:00:00,6,11,2
2024-11-04 05:00:00,19,27,6
2024-11-04 06:00:00,52,82,15
2024-11-04 07:00:00,284,119,87
2024-11-04 08:00:00,741,125,176
2024-11-04 09:00:00,403,168,102
2024-11-04 10:00:00,234,92,31
2024-11-04 11:00:00,228,88,20
2024-11-04 12:00:00,289,95,36
2024-11-04 13:00:00,338,134,23
2024-11-04 14:00:00,201,87,28
2024-11-04 15:00:00,280,102,28
2024-11-04 16:00:00,410,117,52
2024-11-04 17:00:00,594,119,77
2024-11-04 18:00:00,258,111,44
2024-11-04 19:00:00,144,103,22
2024-11-04 20:00:00,103,95,18
2024-11-04 21:00:00,77,80,10
2024-11-04 22:00:00,80,62,4
2024-11-04 23:00:00,46,42,8
2024-11-05 00:00:00,17,26,1
2024-11-05 01:00:00,4,38,0
2024-11-05 02:00:00,4,16,0
2024-11-05 03:00:00,6,13,0
2024-11-05 04:00:00,5,19,4
2024-11-05 05:00:00,25,27,6
2024-11-05 06:00:00,71,76,23
2024-11-05 07:00:00,359,116,106
2024-11-05 08:00:00,846,149,244
2024-11-05 09:00:00,539,167,129
2024-11-05 10:00:00,255,110,38
2024-11-05 11:00:00,206,106,22
2024-11-05 12:00:00,344,106,31
2024-11-05 13:00:00,345,92,30
2024-11-05 14:00:00,203,84,30
2024-11-05 15:00:00,288,98,29
2024-11-05 16:00:00,503,113,68
2024-11-05 17:00:00,688,129,106
2024-11-05 18:00:00,354,147,65
2024-11-05 19:00:00,190,119,41
2024-11-05 20:00:00,129,113,19
2024-11-05 21:00:00,114,98,19
2024-11-05 22:00:00,122,67,10
2024-11-05 23:00:00,18,64,5
2024-11-06 00:00:00,22,66,1
2024-11-06 01:00:00,6,34,0
2024-11-06 02:00:00,0,18,0
2024-11-06 03:00:00,1,9,1
2024-11-06 04:00:00,3,19,3
2024-11-06 05:00:00,17,25,4
2024-11-06 06:00:00,57,83,19
2024-11-06 07:00:00,320,127,82
2024-11-06 08:00:00,897,162,208
2024-11-06 09:00:00,512,178,130
2024-11-06 10:00:00,256,139,36
2024-11-06 11:00:00,239,135,28
2024-11-06 12:00:00,330,116,30
2024-11-06 13:00:00,328,107,34
2024-11-06 14:00:00,263,121,29
2024-11-06 15:00:00,333,128,38
2024-11-06 16:00:00,591,146,62
2024-11-06 17:00:00,736,156,117
2024-11-06 18:00:00,349,157,67
2024-11-06 19:00:00,224,140,40
2024-11-06 20:00:00,168,94,27
2024-11-06 21:00:00,145,123,13
2024-11-06 22:00:00,177,114,13
2024-11-06 23:00:00,77,96,10
2024-11-07 00:00:00,36,78,1
2024-11-07 01:00:00,18,52,1
2024-11-07 02:00:00,9,19,0
2024-11-07 03:00:00,0,21,2
2024-11-07 04:00:00,8,22,2
2024-11-07 05:00:00,20,27,4
2024-11-07 06:00:00,68,68,22
2024-11-07 07:00:00,381,102,91
2024-11-07 08:00:00,853,150,173
2024-11-07 09:00:00,503,203,112
2024-11-07 10:00:00,266,131,41
2024-11-07 11:00:00,235,103,25
2024-11-07 12:00:00,396,113,24
2024-11-07 13:00:00,333,131,38
2024-11-07 14:00:00,264,101,28
2024-11-07 15:00:00,349,120,37
2024-11-07 16:00:00,556,122,46
2024-11-07 17:00:00,670,139,104
2024-11-07 18:00:00,414,174,64
2024-11-07 19:00:00,242,145,60
2024-11-07 20:00:00,152,124,28
2024-11-07 21:00:00,119,134,17
2024-11-07 22:00:00,179,135,9
2024-11-07 23:00:00,75,98,6
2024-11-08 00:00:00,12,76,3
2024-11-08 01:00:00,8,70,1
2024-11-08 02:00:00,6,31,1
2024-11-08 03:00:00,0,20,0
2024-11-08 04:00:00,9,21,1
2024-11-08 05:00:00,17,27,4
2024-11-08 06:00:00,60,57,18
2024-11-08 07:00:00,268,82,54
2024-11-08 08:00:00,511,88,110
2024-11-08 09:00:00,295,130,68
2024-11-08 10:00:00,231,109,33
2024-11-08 11:00:00,270,107,27
2024-11-08 12:00:00,389,112,19
2024-11-08 13:00:00,346,147,42
2024-11-08 14:00:00,297,149,30
2024-11-08 15:00:00,354,180,20
2024-11-08 16:00:00,513,164,52
2024-11-08 17:00:00,615,201,69
2024-11-08 18:00:00,426,202,38
2024-11-08 19:00:00,269,200,37
2024-11-08 20:00:00,183,132,21
2024-11-08 21:00:00,168,162,19
2024-11-08 22:00:00,238,127,16
2024-11-08 23:00:00,226,150,7
2024-11-09 00:00:00,56,135,5
2024-11-09 01:00:00,56,129,1
2024-11-09 02:00:00,29,107,2
2024-11-09 03:00:00,22,105,6
2024-11-09 04:00:00,16,60,1
2024-11-09 05:00:00,22,39,4
2024-11-09 06:00:00,29,29,5
2024-11-09 07:00:00,57,62,8
2024-11-09 08:00:00,88,77,14
2024-11-09 09:00:00,201,109,25
2024-11-09 10:00:00,316,133,13
2024-11-09 11:00:00,431,161,28
2024-11-09 12:00:00,439,178,21
2024-11-09 13:00:00,386,182,14
2024-11-09 14:00:00,418,166,24
2024-11-09 15:00:00,362,164,18
2024-11-09 16:00:00,431,138,31
2024-11-09 17:00:00,426,203,27
2024-11-09 18:00:00,321,192,26
2024-11-09 19:00:00,278,197,17
2024-11-09 20:00:00,194,160,14
2024-11-09 21:00:00,258,176,8
2024-11-09 22:00:00,155,140,4
2024-11-09 23:00:00,144,187,8
2024-11-10 00:00:00,31,163,1
2024-11-10 01:00:00,38,153,3
2024-11-10 02:00:00,26,134,2
2024-11-10 03:00:00,15,103,0
2024-11-10 04:00:00,20,80,1
2024-11-10 05:00:00,16,29,4
2024-11-10 06:00:00,11,20,2
2024-11-10 07:00:00,41,28,4
2024-11-10 08:00:00,51,28,13
2024-11-10 09:00:00,155,67,15
2024-11-10 10:00:00,213,88,22
2024-11-10 11:00:00,239,81,11
2024-11-10 12:00:00,347,98,29
2024-11-10 13:00:00,304,102,27
2024-11-10 14:00:00,306,97,25
2024-11-10 15:00:00,275,134,31
2024-11-10 16:00:00,283,110,18
2024-11-10 17:00:00,279,132,15
2024-11-10 18:00:00,202,130,20
2024-11-10 19:00:00,196,146,13
2024-11-10 20:00:00,166,161,16
2024-11-10 21:00:00,90,88,11
2024-11-10 22:00:00,79,93,4
2024-11-10 23:00:00,53,66,4
2024-11-11 00:00:00,23,47,4
2024-11-11 01:00:00,9,39,1
2024-11-11 02:00:00,0,18,4
2024-11-11 03:00:00,2,16,1
2024-11-11 04:00:00,7,10,3
2024-11-11 05:00:00,20,22,3
2024-11-11 06:00:00,67,82,25
2024-11-11 07:00:00,268,104,74
2024-11-11 08:00:00,766,147,188
2024-11-11 09:00:00,387,139,110
2024-11-11 10:00:00,228,101,25
2024-11-11 11:00:00,232,129,22
2024-11-11 12:00:00,277,86,23
2024-11-11 13:00:00,303,101,27
2024-11-11 14:00:00,232,96,22
2024-11-11 15:00:00,296,92,40
2024-11-11 16:00:00,416,105,46
2024-11-11 17:00:00,613,138,99
2024-11-11 18:00:00,292,129,45
2024-11-11 19:00:00,158,102,38
2024-11-11 20:00:00,113,86,15
2024-11-11 21:00:00,89,95,13
2024-11-11 22:00:00,116,89,7
2024-11-11 23:00:00,46,63,4
2024-11-12 00:00:00,9,43,3
2024-11-12 01:00:00,7,17,1
2024-11-12 02:00:00,4,21,0
2024-11-12 03:00:00,1,13,1
2024-11-12 04:00:00,7,17,2
2024-11-12 05:00:00,26,38,7
2024-11-12 06:00:00,84,73,23
2024-11-12 07:00:00,365,124,86
2024-11-12 08:00:00,956,167,231
2024-11-12 09:00:00,531,208,108
2024-11-12 10:00:00,270,137,39
2024-11-12 11:00:00,167,114,31
2024-11-12 12:00:00,347,122,24
2024-11-12 13:00:00,291,114,38
2024-11-12 14:00:00,260,106,32
2024-11-12 15:00:00,341,114,44
2024-11-12 16:00:00,544,121,61
2024-11-12 17:00:00,751,123,118
2024-11-12 18:00:00,345,151,57
2024-11-12 19:00:00,196,141,44
2024-11-12 20:00:00,131,103,26
2024-11-12 21:00:00,98,101,15
2024-11-12 22:00:00,164,87,7
2024-11-12 23:00:00,37,87,5
2024-11-13 00:00:00,13,45,5
2024-11-13 01:00:00,13,32,0
2024-11-13 02:00:00,5,21,0
2024-11-13 03:00:00,2,17,1
2024-11-13 04:00:00,9,23,3
2024-11-13 05:00:00,26,32,8
2024-11-13 06:00:00,75,74,24
2024-11-13 07:00:00,352,128,89
2024-11-13 08:00:00,926,172,212
2024-11-13 09:00:00,489,184,116
2024-11-13 10:00:00,284,156,33
2024-11-13 11:00:00,254,125,23
2024-11-13 12:00:00,340,121,39
2024-11-13 13:00:00,335,139,38
2024-11-13 14:00:00,253,99,28
2024-11-13 15:00:00,334,132,32
2024-11-13 16:00:00,589,112,68
2024-11-13 17:00:00,785,154,109
2024-11-13 18:00:00,432,150,63
2024-11-13 19:00:00,206,149,51
2024-11-13 20:00:00,171,110,35
2024-11-13 21:00:00,95,110,9
2024-11-13 22:00:00,140,114,5
2024-11-13 23:00:00,46,91,8
2024-11-14 00:00:00,21,50,2
2024-11-14 01:00:00,4,50,0
2024-11-14 02:00:00,5,23,3
2024-11-14 03:00:00,4,24,2
2024-11-14 04:00:00,7,15,6
2024-11-14 05:00:00,23,23,1
2024-11-14 06:00:00,58,77,25
2024-11-14 07:00:00,355,126,89
2024-11-14 08:00:00,866,135,194
2024-11-14 09:00:00,549,167,109
2024-11-14 10:00:00,267,141,39
2024-11-14 11:00:00,245,116,27
2024-11-14 12:00:00,389,109,38
2024-11-14 13:00:00,351,137,34
2024-11-14 14:00:00,259,128,29
2024-11-14 15:00:00,340,145,36
2024-11-14 16:00:00,564,147,60
2024-11-14 17:00:00,742,163,95
2024-11-14 18:00:00,400,166,66
2024-11-14 19:00:00,273,152,53
2024-11-14 20:00:00,138,110,24
2024-11-14 21:00:00,141,117,17
2024-11-14 22:00:00,162,119,10
2024-11-14 23:00:00,88,97,7
2024-11-15 00:00:00,29,77,5
2024-11-15 01:00:00,7,61,1
2024-11-15 02:00:00,9,25,0
2024-11-15 03:00:00,5,15,0
2024-11-15 04:00:00,5,16,1
2024-11-15 05:00:00,17,23,2
2024-11-15 06:00:00,46,72,17
2024-11-15 07:00:00,265,86,58
2024-11-15 08:00:00,561,125,144
2024-11-15 09:00:00,343,157,72
2024-11-15 10:00:00,277,133,33
2024-11-15 11:00:00,214,116,24
2024-11-15 12:00:00,356,126,24
2024-11-15 13:00:00,339,118,32
2024-11-15 14:00:00,366,140,29
2024-11-15 15:00:00,414,170,47
2024-11-15 16:00:00,479,162,63
2024-11-15 17:00:00,667,184,82
2024-11-15 18:00:00,357,202,36
2024-11-15 19:00:00,306,196,17
2024-11-15 20:00:00,154,165,22
2024-11-15 21:00:00,198,133,14
2024-11-15 22:00:00,230,156,9
2024-11-15 23:00:00,148,134,7
2024-11-16 00:00:00,64,135,2
2024-11-16 01:00:00,66,126,3
2024-11-16 02:00:00,16,93,3
2024-11-16 03:00:00,57,50,0
2024-11-16 04:00:00,42,48,2
2024-11-16 05:00:00,12,42,2
2024-11-16 06:00:00,29,37,4
2024-11-16 07:00:00,31,51,11
2024-11-16 08:00:00,86,65,9
2024-11-16 09:00:00,234,109,15
2024-11-16 10:00:00,331,134,22
2024-11-16 11:00:00,468,172,25
2024-11-16 12:00:00,468,180,23
2024-11-16 13:00:00,426,154,18
2024-11-16 14:00:00,376,184,30
2024-11-16 15:00:00,405,167,19
2024-11-16 16:00:00,351,138,28
2024-11-16 17:00:00,483,202,19
2024-11-16 18:00:00,354,220,28
2024-11-16 19:00:00,292,236,23
2024-11-16 20:00:00,254,166,23
2024-11-16 21:00:00,214,128,15
2024-11-16 22:00:00,243,174,7
2024-11-16 23:00:00,125,147,4
2024-11-17 00:00:00,54,144,4
2024-11-17 01:00:00,38,171,4
2024-11-17 02:00:00,37,127,0
2024-11-17 03:00:00,17,103,0
2024-11-17 04:00:00,11,68,2
2024-11-17 05:00:00,16,38,0
2024-11-17 06:00:00,11,19,3
2024-11-17 07:00:00,32,34,4
2024-11-17 08:00:00,52,38,8
2024-11-17 09:00:00,109,69,17
2024-11-17 10:00:00,191,88,19
2024-11-17 11:00:00,239,114,6
2024-11-17 12:00:00,266,102,21
2024-11-17 13:00:00,221,98,20
2024-11-17 14:00:00,200,102,17
2024-11-17 15:00:00,262,106,19
2024-11-17 16:00:00,235,107,22
2024-11-17 17:00:00,300,141,10
2024-11-17 18:00:00,181,152,18
2024-11-17 19:00:00,131,149,26
2024-11-17 20:00:00,162,143,18
2024-11-17 21:00:00,71,93,13
2024-11-17 22:00:00,77,67,5
2024-11-17 23:00:00,49,57,3
2024-11-18 00:00:00,12,48,2
2024-11-18 01:00:00,2,33,1
2024-11-18 02:00:00,4,16,0
2024-11-18 03:00:00,3,15,2
2024-11-18 04:00:00,7,9,4
2024-11-18 05:00:00,21,26,5
2024-11-18 06:00:00,79,74,17
2024-11-18 07:00:00,243,82,76
2024-11-18 08:00:00,683,147,164
2024-11-18 09:00:00,421,147,92
2024-11-18 10:00:00,232,122,27
2024-11-18 11:00:00,206,106,22
2024-11-18 12:00:00,308,124,22
2024-11-18 13:00:00,307,107,25
2024-11-18 14:00:00,216,103,23
2024-11-18 15:00:00,303,107,31
2024-11-18 16:00:00,381,129,39
2024-11-18 17:00:00,533,154,86
2024-11-18 18:00:00,239,140,51
2024-11-18 19:00:00,120,115,20
2024-11-18 20:00:00,84,98,25
2024-11-18 21:00:00,53,94,10
2024-11-18 22:00:00,78,81,6
2024-11-18 23:00:00,32,53,7
2024-11-19 00:00:00,5,37,2
2024-11-19 01:00:00,1,26,1
2024-11-19 02:00:00,3,16,0
2024-11-19 03:00:00,3,9,0
2024-11-19 04:00:00,3,11,2
2024-11-19 05:00:00,22,30,4
2024-11-19 06:00:00,57,88,17
2024-11-19 07:00:00,349,137,89
2024-11-19 08:00:00,850,173,176
2024-11-19 09:00:00,506,220,92
2024-11-19 10:00:00,219,156,21
2024-11-19 11:00:00,188,113,19
2024-11-19 12:00:00,297,112,25
2024-11-19 13:00:00,241,121,22
2024-11-19 14:00:00,233,100,24
2024-11-19 15:00:00,312,144,32
2024-11-19 16:00:00,501,136,47
2024-11-19 17:00:00,725,173,108
2024-11-19 18:00:00,359,159,56
2024-11-19 19:00:00,166,131,40
2024-11-19 20:00:00,121,124,24
2024-11-19 21:00:00,98,86,10
2024-11-19 22:00:00,85,93,8
2024-11-19 23:00:00,33,69,6
2024-11-20 00:00:00,13,42,2
2024-11-20 01:00:00,7,27,0
2024-11-20 02:00:00,0,18,1
2024-11-20 03:00:00,3,15,1
2024-11-20 04:00:00,11,20,4
2024-11-20 05:00:00,16,29,6
2024-11-20 06:00:00,51,71,16
2024-11-20 07:00:00,282,122,69
2024-11-20 08:00:00,850,154,161
2024-11-20 09:00:00,518,169,101
2024-11-20 10:00:00,234,132,27
2024-11-20 11:00:00,247,123,22
2024-11-20 12:00:00,402,120,30
2024-11-20 13:00:00,372,137,23
2024-11-20 14:00:00,262,108,30
2024-11-20 15:00:00,358,141,31
2024-11-20 16:00:00,554,147,45
2024-11-20 17:00:00,804,180,76
2024-11-20 18:00:00,378,155,70
2024-11-20 19:00:00,141,127,42
2024-11-20 20:00:00,150,118,21
2024-11-20 21:00:00,107,128,10
2024-11-20 22:00:00,208,142,11
2024-11-20 23:00:00,49,101,8
2024-11-21 00:00:00,10,57,0
2024-11-21 01:00:00,7,61,0
2024-11-21 02:00:00,0,20,0
2024-11-21 03:00:00,3,18,1
2024-11-21 04:00:00,10,21,4
2024-11-21 05:00:00,22,31,3
2024-11-21 06:00:00,71,68,20
2024-11-21 07:00:00,343,116,70
2024-11-21 08:00:00,785,155,160
2024-11-21 09:00:00,529,217,104
2024-11-21 10:00:00,218,127,44
2024-11-21 11:00:00,238,128,26
2024-11-21 12:00:00,323,113,29
2024-11-21 13:00:00,313,112,24
2024-11-21 14:00:00,293,105,25
2024-11-21 15:00:00,344,152,35
2024-11-21 16:00:00,463,145,36
2024-11-21 17:00:00,728,180,74
2024-11-21 18:00:00,335,140,58
2024-11-21 19:00:00,236,187,38
2024-11-21 20:00:00,128,129,36
2024-11-21 21:00:00,117,112,13
2024-11-21 22:00:00,155,115,9
2024-11-21 23:00:00,84,96,7
2024-11-22 00:00:00,16,74,5
2024-11-22 01:00:00,16,62,0
2024-11-22 02:00:00,4,27,0
2024-11-22 03:00:00,4,14,1
2024-11-22 04:00:00,12,17,1
2024-11-22 05:00:00,22,33,3
2024-11-22 06:00:00,55,51,16
2024-11-22 07:00:00,214,89,52
2024-11-22 08:00:00,531,110,116
2024-11-22 09:00:00,374,143,72
2024-11-22 10:00:00,240,111,22
2024-11-22 11:00:00,250,119,22
2024-11-22 12:00:00,433,116,24
2024-11-22 13:00:00,331,170,19
2024-11-22 14:00:00,350,154,30
2024-11-22 15:00:00,399,187,40
2024-11-22 16:00:00,487,180,36
2024-11-22 17:00:00,594,211,43
2024-11-22 18:00:00,407,205,45
2024-11-22 19:00:00,266,228,34
2024-11-22 20:00:00,211,156,14
2024-11-22 21:00:00,202,142,19
2024-11-22 22:00:00,298,168,5
2024-11-22 23:00:00,126,118,2
2024-11-23 00:00:00,49,118,5
2024-11-23 01:00:00,30,126,5
2024-11-23 02:00:00,15,92,3
2024-11-23 03:00:00,15,95,0
2024-11-23 04:00:00,7,36,1
2024-11-23 05:00:00,17,29,1
2024-11-23 06:00:00,29,27,8
2024-11-23 07:00:00,37,71,7
2024-11-23 08:00:00,82,73,8
2024-11-23 09:00:00,189,128,16
2024-11-23 10:00:00,320,159,17
2024-11-23 11:00:00,289,194,9
2024-11-23 12:00:00,450,216,9
2024-11-23 13:00:00,267,229,9
2024-11-23 14:00:00,199,221,15
2024-11-23 15:00:00,249,198,8
2024-11-23 16:00:00,244,186,9
2024-11-23 17:00:00,309,228,8
2024-11-23 18:00:00,232,184,14
2024-11-23 19:00:00,245,186,13
2024-11-23 20:00:00,198,170,23
2024-11-23 21:00:00,270,159,14
2024-11-23 22:00:00,126,219,7
2024-11-23 23:00:00,84,193,8
2024-11-24 00:00:00,20,150,6
2024-11-24 01:00:00,8,120,1
2024-11-24 02:00:00,15,151,0
2024-11-24 03:00:00,6,111,0
2024-11-24 04:00:00,9,74,3
2024-11-24 05:00:00,7,46,2
2024-11-24 06:00:00,10,25,4
2024-11-24 07:00:00,21,32,5
2024-11-24 08:00:00,40,44,1
2024-11-24 09:00:00,68,80,3
2024-11-24 10:00:00,92,112,8
2024-11-24 11:00:00,125,137,7
2024-11-24 12:00:00,155,167,8
2024-11-24 13:00:00,135,154,7
2024-11-24 14:00:00,132,155,8
2024-11-24 15:00:00,167,198,9
2024-11-24 16:00:00,130,161,6
2024-11-24 17:00:00,155,153,8
2024-11-24 18:00:00,176,172,12
2024-11-24 19:00:00,220,176,17
2024-11-24 20:00:00,175,164,14
2024-11-24 21:00:00,81,104,2
2024-11-24 22:00:00,48,93,5
2024-11-24 23:00:00,42,71,2
2024-11-25 00:00:00,51,50,0
2024-11-25 01:00:00,13,27,0
2024-11-25 02:00:00,3,14,0
2024-11-25 03:00:00,4,14,1
2024-11-25 04:00:00,11,13,4
2024-11-25 05:00:00,34,31,0
2024-11-25 06:00:00,73,66,28
2024-11-25 07:00:00,217,101,68
2024-11-25 08:00:00,619,120,169
2024-11-25 09:00:00,393,145,88
2024-11-25 10:00:00,239,138,32
2024-11-25 11:00:00,224,98,24
2024-11-25 12:00:00,324,108,21
2024-11-25 13:00:00,292,106,29
2024-11-25 14:00:00,224,96,24
2024-11-25 15:00:00,286,125,22
2024-11-25 16:00:00,356,119,45
2024-11-25 17:00:00,503,130,80
2024-11-25 18:00:00,228,93,57
2024-11-25 19:00:00,148,135,29
2024-11-25 20:00:00,101,102,27
2024-11-25 21:00:00,89,75,10
2024-11-25 22:00:00,63,81,9
2024-11-25 23:00:00,21,58,1
2024-11-26 00:00:00,12,35,0
2024-11-26 01:00:00,7,20,1
2024-11-26 02:00:00,3,16,1
2024-11-26 03:00:00,3,16,0
2024-11-26 04:00:00,3,18,3
2024-11-26 05:00:00,23,35,5
2024-11-26 06:00:00,46,80,20
2024-11-26 07:00:00,296,115,83
2024-11-26 08:00:00,858,144,199
2024-11-26 09:00:00,583,184,127
2024-11-26 10:00:00,270,130,32
2024-11-26 11:00:00,251,123,27
2024-11-26 12:00:00,343,108,29
2024-11-26 13:00:00,330,116,30
2024-11-26 14:00:00,255,101,34
2024-11-26 15:00:00,307,114,23
2024-11-26 16:00:00,480,120,61
2024-11-26 17:00:00,681,159,91
2024-11-26 18:00:00,356,124,72
2024-11-26 19:00:00,207,145,51
2024-11-26 20:00:00,146,107,20
2024-11-26 21:00:00,104,120,19
2024-11-26 22:00:00,118,118,13
2024-11-26 23:00:00,27,78,10
2024-11-27 00:00:00,8,52,3
2024-11-27 01:00:00,3,36,1
2024-11-27 02:00:00,0,23,2
2024-11-27 03:00:00,2,16,1
2024-11-27 04:00:00,7,26,4
2024-11-27 05:00:00,23,26,6
2024-11-27 06:00:00,60,74,19
2024-11-27 07:00:00,315,134,76
2024-11-27 08:00:00,790,158,174
2024-11-27 09:00:00,501,197,118
2024-11-27 10:00:00,284,142,43
2024-11-27 11:00:00,229,128,25
2024-11-27 12:00:00,379,139,39
2024-11-27 13:00:00,324,118,27
2024-11-27 14:00:00,271,104,21
2024-11-27 15:00:00,338,127,31
2024-11-27 16:00:00,481,132,55
2024-11-27 17:00:00,652,118,106
2024-11-27 18:00:00,368,146,70
2024-11-27 19:00:00,210,142,35
2024-11-27 20:00:00,174,119,30
2024-11-27 21:00:00,104,115,15
2024-11-27 22:00:00,110,122,7
2024-11-27 23:00:00,54,100,6
2024-11-28 00:00:00,16,63,4
2024-11-28 01:00:00,5,31,2
2024-11-28 02:00:00,2,10,0
2024-11-28 03:00:00,3,24,2
2024-11-28 04:00:00,3,19,5
2024-11-28 05:00:00,23,35,5
2024-11-28 06:00:00,65,60,22
2024-11-28 07:00:00,346,124,68
2024-11-28 08:00:00,879,163,170
2024-11-28 09:00:00,520,180,107
2024-11-28 10:00:00,277,154,34
2024-11-28 11:00:00,298,140,28
2024-11-28 12:00:00,364,147,37
2024-11-28 13:00:00,333,132,21
2024-11-28 14:00:00,261,112,21
2024-11-28 15:00:00,322,132,25
2024-11-28 16:00:00,537,134,48
2024-11-28 17:00:00,692,157,99
2024-11-28 18:00:00,383,156,65
2024-11-28 19:00:00,233,181,47
2024-11-28 20:00:00,157,134,28
2024-11-28 21:00:00,138,134,17
2024-11-28 22:00:00,181,134,24
2024-11-28 23:00:00,61,72,13
2024-11-29 00:00:00,26,82,4
2024-11-29 01:00:00,11,69,3
2024-11-29 02:00:00,15,41,3
2024-11-29 03:00:00,6,22,2
2024-11-29 04:00:00,9,25,5
2024-11-29 05:00:00,15,29,2
2024-11-29 06:00:00,59,47,18
2024-11-29 07:00:00,216,97,54
2024-11-29 08:00:00,529,126,122
2024-11-29 09:00:00,367,136,80
2024-11-29 10:00:00,265,143,34
2024-11-29 11:00:00,300,128,25
2024-11-29 12:00:00,407,108,27
2024-11-29 13:00:00,323,178,26
2024-11-29 14:00:00,344,147,32
2024-11-29 15:00:00,386,159,36
2024-11-29 16:00:00,509,167,33
2024-11-29 17:00:00,625,213,70
2024-11-29 18:00:00,410,255,34
2024-11-29 19:00:00,285,244,43
2024-11-29 20:00:00,224,142,22
2024-11-29 21:00:00,183,160,18
2024-11-29 22:00:00,239,155,9
2024-11-29 23:00:00,134,137,8
2024-11-30 00:00:00,52,120,4
2024-11-30 01:00:00,35,118,1
2024-11-30 02:00:00,40,125,3
2024-11-30 03:00:00,24,87,2
2024-11-30 04:00:00,15,62,2
2024-11-30 05:00:00,6,35,1
2024-11-30 06:00:00,20,24,8
2024-11-30 07:00:00,48,57,11
2024-11-30 08:00:00,96,86,18
2024-11-30 09:00:00,255,93,18
2024-11-30 10:00:00,406,165,19
2024-11-30 11:00:00,566,162,23
2024-11-30 12:00:00,501,173,20
2024-11-30 13:00:00,483,197,26
2024-11-30 14:00:00,403,197,14
2024-11-30 15:00:00,410,193,22
2024-11-30 16:00:00,482,187,21
2024-11-30 17:00:00,457,212,30
2024-11-30 18:00:00,362,232,23
2024-11-30 19:00:00,382,230,22
2024-11-30 20:00:00,228,167,23
2024-11-30 21:00:00,282,177,17
2024-11-30 22:00:00,255,188,15
2024-11-30 23:00:00,120,186,14
2024-12-01 00:00:00,67,192,5
2024-12-01 01:00:00,42,185,0
2024-12-01 02:00:00,26,160,2
2024-12-01 03:00:00,22,137,2
2024-12-01 04:00:00,18,95,2
2024-12-01 05:00:00,4,43,2
2024-12-01 06:00:00,16,21,5
2024-12-01 07:00:00,34,26,6
2024-12-01 08:00:00,63,42,8
2024-12-01 09:00:00,110,104,6
2024-12-01 10:00:00,200,73,10
2024-12-01 11:00:00,296,124,9
2024-12-01 12:00:00,264,112,15
2024-12-01 13:00:00,310,120,13
2024-12-01 14:00:00,226,120,16
2024-12-01 15:00:00,231,138,28
2024-12-01 16:00:00,221,112,19
2024-12-01 17:00:00,205,136,18
2024-12-01 18:00:00,211,156,20
2024-12-01 19:00:00,169,142,21
2024-12-01 20:00:00,172,132,11
2024-12-01 21:00:00,95,82,10
2024-12-01 22:00:00,73,80,6
2024-12-01 23:00:00,36,70,2
2024-12-02 00:00:00,13,38,4
2024-12-02 01:00:00,2,37,0
2024-12-02 02:00:00,3,22,1
2024-12-02 03:00:00,2,18,2
2024-12-02 04:00:00,7,15,4
2024-12-02 05:00:00,18,22,1
2024-12-02 06:00:00,63,47,20
2024-12-02 07:00:00,235,113,66
2024-12-02 08:00:00,785,151,168
2024-12-02 09:00:00,403,137,83
2024-12-02 10:00:00,270,110,20
2024-12-02 11:00:00,249,114,23
2024-12-02 12:00:00,358,104,25
2024-12-02 13:00:00,282,111,28
2024-12-02 14:00:00,223,89,25
2024-12-02 15:00:00,267,106,26
2024-12-02 16:00:00,435,123,49
2024-12-02 17:00:00,569,121,93
2024-12-02 18:00:00,289,120,40
2024-12-02 19:00:00,126,116,41
2024-12-02 20:00:00,103,98,21
2024-12-02 21:00:00,82,76,20
2024-12-02 22:00:00,111,73,14
2024-12-02 23:00:00,39,60,8
2024-12-03 00:00:00,16,36,2
2024-12-03 01:00:00,4,30,1
2024-12-03 02:00:00,13,11,0
2024-12-03 03:00:00,7,13,0
2024-12-03 04:00:00,8,22,4
2024-12-03 05:00:00,24,34,4
2024-12-03 06:00:00,67,76,23
2024-12-03 07:00:00,343,118,82
2024-12-03 08:00:00,896,156,199
2024-12-03 09:00:00,453,163,107
2024-12-03 10:00:00,261,112,33
2024-12-03 11:00:00,223,119,27
2024-12-03 12:00:00,360,96,35
2024-12-03 13:00:00,373,116,27
2024-12-03 14:00:00,260,97,21
2024-12-03 15:00:00,295,128,28
2024-12-03 16:00:00,510,134,67
2024-12-03 17:00:00,703,135,102
2024-12-03 18:00:00,301,148,71
2024-12-03 19:00:00,216,108,39
2024-12-03 20:00:00,149,101,32
2024-12-03 21:00:00,115,113,22
2024-12-03 22:00:00,125,112,9
2024-12-03 23:00:00,53,76,3
2024-12-04 00:00:00,21,61,3
2024-12-04 01:00:00,11,61,1
2024-12-04 02:00:00,1,21,0
2024-12-04 03:00:00,9,14,3
2024-12-04 04:00:00,5,19,5
2024-12-04 05:00:00,23,38,4
2024-12-04 06:00:00,72,73,20
2024-12-04 07:00:00,338,136,75
2024-12-04 08:00:00,804,155,184
2024-12-04 09:00:00,467,160,112
2024-12-04 10:00:00,224,159,32
2024-12-04 11:00:00,252,128,19
2024-12-04 12:00:00,428,122,30
2024-12-04 13:00:00,368,126,29
2024-12-04 14:00:00,226,120,26
2024-12-04 15:00:00,396,142,36
2024-12-04 16:00:00,548,129,53
2024-12-04 17:00:00,601,163,83
2024-12-04 18:00:00,397,186,57
2024-12-04 19:00:00,214,148,39
2024-12-04 20:00:00,177,151,15
2024-12-04 21:00:00,110,116,14
2024-12-04 22:00:00,198,138,12
2024-12-04 23:00:00,30,96,8
2024-12-05 00:00:00,30,85,3
2024-12-05 01:00:00,5,65,2
2024-12-05 02:00:00,3,20,0
2024-12-05 03:00:00,6,18,2
2024-12-05 04:00:00,5,26,3
2024-12-05 05:00:00,28,38,4
2024-12-05 06:00:00,73,72,23
2024-12-05 07:00:00,309,151,62
2024-12-05 08:00:00,854,171,141
2024-12-05 09:00:00,482,218,95
2024-12-05 10:00:00,233,157,33
2024-12-05 11:00:00,219,132,21
2024-12-05 12:00:00,440,167,35
2024-12-05 13:00:00,344,130,17
2024-12-05 14:00:00,266,149,27
2024-12-05 15:00:00,320,177,34
2024-12-05 16:00:00,496,193,43
2024-12-05 17:00:00,556,210,77
2024-12-05 18:00:00,335,219,42
2024-12-05 19:00:00,240,184,21
2024-12-05 20:00:00,211,155,21
2024-12-05 21:00:00,192,149,18
2024-12-05 22:00:00,185,180,11
2024-12-05 23:00:00,94,145,7
2024-12-06 00:00:00,52,114,3
2024-12-06 01:00:00,44,108,0
2024-12-06 02:00:00,19,71,0
2024-12-06 03:00:00,6,56,0
2024-12-06 04:00:00,6,41,3
2024-12-06 05:00:00,19,32,4
2024-12-06 06:00:00,51,52,16
2024-12-06 07:00:00,221,99,45
2024-12-06 08:00:00,500,144,96
2024-12-06 09:00:00,420,159,65
2024-12-06 10:00:00,272,116,28
2024-12-06 11:00:00,265,155,25
2024-12-06 12:00:00,382,122,27
2024-12-06 13:00:00,403,148,24
2024-12-06 14:00:00,323,140,26
2024-12-06 15:00:00,349,147,43
2024-12-06 16:00:00,414,197,40
2024-12-06 17:00:00,522,234,44
2024-12-06 18:00:00,374,268,36
2024-12-06 19:00:00,235,294,18
2024-12-06 20:00:00,193,211,17
2024-12-06 21:00:00,164,185,13
2024-12-06 22:00:00,274,201,17
2024-12-06 23:00:00,127,230,9
2024-12-07 00:00:00,62,202,1
2024-12-07 01:00:00,65,186,2
2024-12-07 02:00:00,57,139,2
2024-12-07 03:00:00,28,94,0
2024-12-07 04:00:00,22,55,2
2024-12-07 05:00:00,18,45,1
2024-12-07 06:00:00,20,23,2
2024-12-07 07:00:00,35,48,4
2024-12-07 08:00:00,57,104,8
2024-12-07 09:00:00,90,153,7
2024-12-07 10:00:00,128,148,6
2024-12-07 11:00:00,162,134,4
2024-12-07 12:00:00,252,173,3
2024-12-07 13:00:00,190,172,16
2024-12-07 14:00:00,223,167,8
2024-12-07 15:00:00,204,171,15
2024-12-07 16:00:00,195,175,8
2024-12-07 17:00:00,182,207,11
2024-12-07 18:00:00,188,197,11
2024-12-07 19:00:00,102,184,13
2024-12-07 20:00:00,79,168,11
2024-12-07 21:00:00,120,153,9
2024-12-07 22:00:00,182,207,6
2024-12-07 23:00:00,78,162,6
2024-12-08 00:00:00,48,178,2
2024-12-08 01:00:00,24,185,1
2024-12-08 02:00:00,18,168,0
2024-12-08 03:00:00,19,113,0
2024-12-08 04:00:00,15,88,1
2024-12-08 05:00:00,7,33,2
2024-12-08 06:00:00,6,20,2
2024-12-08 07:00:00,28,26,6
2024-12-08 08:00:00,44,48,3
2024-12-08 09:00:00,63,72,7
2024-12-08 10:00:00,132,82,7
2024-12-08 11:00:00,184,104,10
2024-12-08 12:00:00,133,126,7
2024-12-08 13:00:00,230,129,14
2024-12-08 14:00:00,207,109,12
2024-12-08 15:00:00,250,102,16
2024-12-08 16:00:00,180,145,16
2024-12-08 17:00:00,199,138,15
2024-12-08 18:00:00,184,127,12
2024-12-08 19:00:00,122,96,11
2024-12-08 20:00:00,109,141,15
2024-12-08 21:00:00,52,86,6
2024-12-08 22:00:00,58,80,5
2024-12-08 23:00:00,27,69,4
2024-12-09 00:00:00,9,42,0
2024-12-09 01:00:00,3,42,0
2024-12-09 02:00:00,3,20,0
2024-12-09 03:00:00,5,19,1
2024-12-09 04:00:00,9,21,3
2024-12-09 05:00:00,23,32,4
2024-12-09 06:00:00,62,51,11
2024-12-09 07:00:00,213,104,65
2024-12-09 08:00:00,627,124,152
2024-12-09 09:00:00,389,137,92
2024-12-09 10:00:00,228,117,27
2024-12-09 11:00:00,213,108,25
2024-12-09 12:00:00,291,116,25
2024-12-09 13:00:00,223,95,23
2024-12-09 14:00:00,193,98,25
2024-12-09 15:00:00,265,111,26
2024-12-09 16:00:00,414,124,42
2024-12-09 17:00:00,528,152,86
2024-12-09 18:00:00,283,140,46
2024-12-09 19:00:00,132,121,25
2024-12-09 20:00:00,95,106,17
2024-12-09 21:00:00,103,108,13
2024-12-09 22:00:00,65,70,4
2024-12-09 23:00:00,28,52,5
2024-12-10 00:00:00,11,43,3
2024-12-10 01:00:00,9,38,1
2024-12-10 02:00:00,8,20,0
2024-12-10 03:00:00,11,19,0
2024-12-10 04:00:00,7,16,2
2024-12-10 05:00:00,25,36,3
2024-12-10 06:00:00,48,73,22
2024-12-10 07:00:00,290,130,68
2024-12-10 08:00:00,816,193,198
2024-12-10 09:00:00,468,188,103
2024-12-10 10:00:00,249,159,41
2024-12-10 11:00:00,275,115,37
2024-12-10 12:00:00,367,123,22
2024-12-10 13:00:00,258,93,21
2024-12-10 14:00:00,233,101,27
2024-12-10 15:00:00,276,119,31
2024-12-10 16:00:00,492,131,42
2024-12-10 17:00:00,608,133,87
2024-12-10 18:00:00,321,134,72
2024-12-10 19:00:00,181,136,33
2024-12-10 20:00:00,145,113,24
2024-12-10 21:00:00,112,99,18
2024-12-10 22:00:00,95,116,9
2024-12-10 23:00:00,24,93,8
2024-12-11 00:00:00,12,62,1
2024-12-11 01:00:00,5,48,0
2024-12-11 02:00:00,10,24,1
2024-12-11 03:00:00,8,22,2
2024-12-11 04:00:00,7,18,4
2024-12-11 05:00:00,19,26,5
2024-12-11 06:00:00,66,77,19
2024-12-11 07:00:00,278,131,68
2024-12-11 08:00:00,820,186,195
2024-12-11 09:00:00,472,185,108
2024-12-11 10:00:00,229,134,30
2024-12-11 11:00:00,279,136,28
2024-12-11 12:00:00,469,155,28
2024-12-11 13:00:00,290,110,28
2024-12-11 14:00:00,275,99,24
2024-12-11 15:00:00,382,134,29
2024-12-11 16:00:00,535,140,37
2024-12-11 17:00:00,649,173,93
2024-12-11 18:00:00,366,192,68
2024-12-11 19:00:00,211,161,32
2024-12-11 20:00:00,173,120,20
2024-12-11 21:00:00,174,149,15
2024-12-11 22:00:00,158,133,13
2024-12-11 23:00:00,62,100,2
2024-12-12 00:00:00,21,83,1
2024-12-12 01:00:00,20,65,0
2024-12-12 02:00:00,17,36,1
2024-12-12 03:00:00,4,26,0
2024-12-12 04:00:00,9,24,6
2024-12-12 05:00:00,20,23,3
2024-12-12 06:00:00,70,69,23
2024-12-12 07:00:00,293,150,54
2024-12-12 08:00:00,865,199,167
2024-12-12 09:00:00,530,214,90
2024-12-12 10:00:00,274,164,48
2024-12-12 11:00:00,254,168,20
2024-12-12 12:00:00,447,160,32
2024-12-12 13:00:00,373,155,32
2024-12-12 14:00:00,368,132,31
2024-12-12 15:00:00,339,157,37
2024-12-12 16:00:00,551,173,52
2024-12-12 17:00:00,676,201,77
2024-12-12 18:00:00,397,251,63
2024-12-12 19:00:00,270,189,40
2024-12-12 20:00:00,278,156,21
2024-12-12 21:00:00,244,161,15
2024-12-12 22:00:00,264,194,14
2024-12-12 23:00:00,164,176,18
2024-12-13 00:00:00,61,154,7
2024-12-13 01:00:00,52,105,0
2024-12-13 02:00:00,25,97,0
2024-12-13 03:00:00,9,61,0
2024-12-13 04:00:00,5,29,6
2024-12-13 05:00:00,19,26,3
2024-12-13 06:00:00,54,66,21
2024-12-13 07:00:00,226,102,46
2024-12-13 08:00:00,501,156,110
2024-12-13 09:00:00,383,181,68
2024-12-13 10:00:00,267,122,27
2024-12-13 11:00:00,297,152,26
2024-12-13 12:00:00,434,142,27
2024-12-13 13:00:00,355,172,23
2024-12-13 14:00:00,304,143,39
2024-12-13 15:00:00,359,169,37
2024-12-13 16:00:00,475,219,40
2024-12-13 17:00:00,539,227,70
2024-12-13 18:00:00,370,286,41
2024-12-13 19:00:00,291,254,46
2024-12-13 20:00:00,265,172,22
2024-12-13 21:00:00,210,185,17
2024-12-13 22:00:00,280,218,21
2024-12-13 23:00:00,149,199,20
2024-12-14 00:00:00,99,212,1
2024-12-14 01:00:00,60,216,1
2024-12-14 02:00:00,58,157,4
2024-12-14 03:00:00,33,105,2
2024-12-14 04:00:00,34,66,1
2024-12-14 05:00:00,22,53,0
2024-12-14 06:00:00,32,36,8
2024-12-14 07:00:00,53,74,13
2024-12-14 08:00:00,117,88,14
2024-12-14 09:00:00,228,95,20
2024-12-14 10:00:00,305,140,19
2024-12-14 11:00:00,414,157,32
2024-12-14 12:00:00,503,179,36
2024-12-14 13:00:00,551,192,25
2024-12-14 14:00:00,426,174,23
2024-12-14 15:00:00,457,175,23
2024-12-14 16:00:00,430,200,22
2024-12-14 17:00:00,379,224,23
2024-12-14 18:00:00,355,236,26
2024-12-14 19:00:00,251,264,21
2024-12-14 20:00:00,247,163,11
2024-12-14 21:00:00,233,205,13
2024-12-14 22:00:00,150,224,13
2024-12-14 23:00:00,92,200,6
2024-12-15 00:00:00,71,228,5
2024-12-15 01:00:00,50,215,2
2024-12-15 02:00:00,31,189,1
2024-12-15 03:00:00,30,139,0
2024-12-15 04:00:00,28,85,1
2024-12-15 05:00:00,12,51,1
2024-12-15 06:00:00,15,23,4
2024-12-15 07:00:00,24,53,4
2024-12-15 08:00:00,53,67,14
2024-12-15 09:00:00,65,65,24
2024-12-15 10:00:00,156,79,15
2024-12-15 11:00:00,213,101,12
2024-12-15 12:00:00,254,135,18
2024-12-15 13:00:00,240,126,23
2024-12-15 14:00:00,220,114,25
2024-12-15 15:00:00,262,113,15
2024-12-15 16:00:00,228,118,27
2024-12-15 17:00:00,202,154,27
2024-12-15 18:00:00,148,136,25
2024-12-15 19:00:00,162,147,14
2024-12-15 20:00:00,106,118,9
2024-12-15 21:00:00,60,76,9
2024-12-15 22:00:00,38,62,8
2024-12-15 23:00:00,36,78,7
2024-12-16 00:00:00,6,36,2
2024-12-16 01:00:00,6,33,0
2024-12-16 02:00:00,4,16,0
2024-12-16 03:00:00,6,17,1
2024-12-16 04:00:00,5,18,3
2024-12-16 05:00:00,22,27,3
2024-12-16 06:00:00,61,61,24
2024-12-16 07:00:00,271,106,55
2024-12-16 08:00:00,661,155,155
2024-12-16 09:00:00,333,134,75
2024-12-16 10:00:00,238,122,32
2024-12-16 11:00:00,230,104,27
2024-12-16 12:00:00,246,111,20
2024-12-16 13:00:00,254,100,30
2024-12-16 14:00:00,266,104,20
2024-12-16 15:00:00,258,122,25
2024-12-16 16:00:00,382,134,54
2024-12-16 17:00:00,543,146,80
2024-12-16 18:00:00,225,99,54
2024-12-16 19:00:00,137,103,25
2024-12-16 20:00:00,110,96,18
2024-12-16 21:00:00,92,88,10
2024-12-16 22:00:00,75,73,12
2024-12-16 23:00:00,42,72,5
2024-12-17 00:00:00,22,42,0
2024-12-17 01:00:00,13,28,1
2024-12-17 02:00:00,4,15,0
2024-12-17 03:00:00,2,20,0
2024-12-17 04:00:00,4,21,4
2024-12-17 05:00:00,21,22,2
2024-12-17 06:00:00,68,76,23
2024-12-17 07:00:00,307,122,64
2024-12-17 08:00:00,713,155,168
2024-12-17 09:00:00,445,158,113
2024-12-17 10:00:00,222,124,23
2024-12-17 11:00:00,211,107,22
2024-12-17 12:00:00,301,139,34
2024-12-17 13:00:00,257,102,23
2024-12-17 14:00:00,203,95,19
2024-12-17 15:00:00,297,132,29
2024-12-17 16:00:00,407,139,56
2024-12-17 17:00:00,529,155,81
2024-12-17 18:00:00,287,123,71
2024-12-17 19:00:00,155,122,37
2024-12-17 20:00:00,115,87,28
2024-12-17 21:00:00,119,116,17
2024-12-17 22:00:00,80,105,9
2024-12-17 23:00:00,39,79,7
2024-12-18 00:00:00,11,49,6
2024-12-18 01:00:00,15,45,1
2024-12-18 02:00:00,5,16,1
2024-12-18 03:00:00,4,22,1
2024-12-18 04:00:00,14,17,3
2024-12-18 05:00:00,24,21,2
2024-12-18 06:00:00,66,65,19
2024-12-18 07:00:00,280,124,64
2024-12-18 08:00:00,672,159,142
2024-12-18 09:00:00,437,168,105
2024-12-18 10:00:00,237,164,33
2024-12-18 11:00:00,227,107,25
2024-12-18 12:00:00,294,108,26
2024-12-18 13:00:00,276,119,32
2024-12-18 14:00:00,248,116,23
2024-12-18 15:00:00,291,123,29
2024-12-18 16:00:00,382,179,45
2024-12-18 17:00:00,453,167,74
2024-12-18 18:00:00,257,157,50
2024-12-18 19:00:00,150,141,27
2024-12-18 20:00:00,101,117,20
2024-12-18 21:00:00,106,130,16
2024-12-18 22:00:00,76,133,7
2024-12-18 23:00:00,33,104,15
2024-12-19 00:00:00,13,86,7
2024-12-19 01:00:00,7,56,2
2024-12-19 02:00:00,8,37,0
2024-12-19 03:00:00,8,18,2
2024-12-19 04:00:00,14,21,3
2024-12-19 05:00:00,19,20,6
2024-12-19 06:00:00,63,60,18
2024-12-19 07:00:00,248,100,49
2024-12-19 08:00:00,654,156,133
2024-12-19 09:00:00,373,158,89
2024-12-19 10:00:00,248,136,28
2024-12-19 11:00:00,263,135,32
2024-12-19 12:00:00,341,133,19
2024-12-19 13:00:00,308,131,31
2024-12-19 14:00:00,240,129,23
2024-12-19 15:00:00,249,141,35
2024-12-19 16:00:00,426,154,52
2024-12-19 17:00:00,531,203,78
2024-12-19 18:00:00,371,183,49
2024-12-19 19:00:00,160,187,22
2024-12-19 20:00:00,149,130,24
2024-12-19 21:00:00,178,140,13
2024-12-19 22:00:00,167,165,10
2024-12-19 23:00:00,95,155,11
2024-12-20 00:00:00,25,111,4
2024-12-20 01:00:00,34,87,2
2024-12-20 02:00:00,11,75,1
2024-12-20 03:00:00,18,46,2
2024-12-20 04:00:00,14,37,4
2024-12-20 05:00:00,12,27,3
2024-12-20 06:00:00,48,39,9
2024-12-20 07:00:00,169,75,40
2024-12-20 08:00:00,356,119,90
2024-12-20 09:00:00,306,114,59
2024-12-20 10:00:00,181,129,26
2024-12-20 11:00:00,224,118,33
2024-12-20 12:00:00,347,117,26
2024-12-20 13:00:00,298,157,22
2024-12-20 14:00:00,228,170,24
2024-12-20 15:00:00,246,154,40
2024-12-20 16:00:00,314,214,41
2024-12-20 17:00:00,389,195,48
2024-12-20 18:00:00,282,195,35
2024-12-20 19:00:00,207,185,21
2024-12-20 20:00:00,134,138,22
2024-12-20 21:00:00,109,135,14
2024-12-20 22:00:00,173,167,9
2024-12-20 23:00:00,81,174,13
2024-12-21 00:00:00,54,185,6
2024-12-21 01:00:00,26,201,2
2024-12-21 02:00:00,21,122,2
2024-12-21 03:00:00,32,114,0
2024-12-21 04:00:00,9,65,1
2024-12-21 05:00:00,8,45,2
2024-12-21 06:00:00,17,23,5
2024-12-21 07:00:00,40,46,11
2024-12-21 08:00:00,55,73,10
2024-12-21 09:00:00,131,92,17
2024-12-21 10:00:00,176,98,9
2024-12-21 11:00:00,306,149,4
2024-12-21 12:00:00,270,183,18
2024-12-21 13:00:00,216,175,6
2024-12-21 14:00:00,256,184,10
2024-12-21 15:00:00,251,157,18
2024-12-21 16:00:00,284,152,17
2024-12-21 17:00:00,266,203,10
2024-12-21 18:00:00,230,202,26
2024-12-21 19:00:00,150,176,12
2024-12-21 20:00:00,135,181,12
2024-12-21 21:00:00,133,180,7
2024-12-21 22:00:00,57,178,3
2024-12-21 23:00:00,60,166,5
2024-12-22 00:00:00,29,194,4
2024-12-22 01:00:00,23,158,2
2024-12-22 02:00:00,11,155,2
2024-12-22 03:00:00,18,127,2
2024-12-22 04:00:00,8,71,1
2024-12-22 05:00:00,9,49,2
2024-12-22 06:00:00,11,22,2
2024-12-22 07:00:00,23,35,5
2024-12-22 08:00:00,40,58,7
2024-12-22 09:00:00,89,55,10
2024-12-22 10:00:00,110,102,10
2024-12-22 11:00:00,207,121,6
2024-12-22 12:00:00,176,109,15
2024-12-22 13:00:00,173,127,16
2024-12-22 14:00:00,157,115,16
2024-12-22 15:00:00,144,104,7
2024-12-22 16:00:00,167,105,11
2024-12-22 17:00:00,135,138,11
2024-12-22 18:00:00,76,122,8
2024-12-22 19:00:00,102,130,13
2024-12-22 20:00:00,66,110,8
2024-12-22 21:00:00,49,72,6
2024-12-22 22:00:00,39,77,3
2024-12-22 23:00:00,25,70,7
2024-12-23 00:00:00,3,48,0
2024-12-23 01:00:00,8,37,0
2024-12-23 02:00:00,1,20,1
2024-12-23 03:00:00,6,15,0
2024-12-23 04:00:00,7,12,1
2024-12-23 05:00:00,9,14,2
2024-12-23 06:00:00,35,35,10
2024-12-23 07:00:00,142,75,27
2024-12-23 08:00:00,211,100,45
2024-12-23 09:00:00,172,109,34
2024-12-23 10:00:00,198,111,13
2024-12-23 11:00:00,170,114,14
2024-12-23 12:00:00,252,110,24
2024-12-23 13:00:00,204,115,12
2024-12-23 14:00:00,178,96,16
2024-12-23 15:00:00,202,112,16
2024-12-23 16:00:00,258,146,17
2024-12-23 17:00:00,256,148,25
2024-12-23 18:00:00,137,132,19
2024-12-23 19:00:00,96,123,15
2024-12-23 20:00:00,81,79,11
2024-12-23 21:00:00,65,89,5
2024-12-23 22:00:00,48,72,5
2024-12-23 23:00:00,21,62,5
2024-12-24 00:00:00,5,45,5
2024-12-24 01:00:00,11,28,0
2024-12-24 02:00:00,13,33,0
2024-12-24 03:00:00,4,16,0
2024-12-24 04:00:00,9,8,1
2024-12-24 05:00:00,12,14,2
2024-12-24 06:00:00,23,20,14
2024-12-24 07:00:00,71,64,15
2024-12-24 08:00:00,115,77,23
2024-12-24 09:00:00,92,79,15
2024-12-24 10:00:00,91,91,13
2024-12-24 11:00:00,99,113,14
2024-12-24 12:00:00,151,78,16
2024-12-24 13:00:00,119,83,15
2024-12-24 14:00:00,113,119,15
2024-12-24 15:00:00,161,101,16
2024-12-24 16:00:00,111,112,11
2024-12-24 17:00:00,97,106,19
2024-12-24 18:00:00,71,95,8
2024-12-24 19:00:00,47,68,7
2024-12-24 20:00:00,38,61,6
2024-12-24 21:00:00,37,71,4
2024-12-24 22:00:00,28,58,7
2024-12-24 23:00:00,6,50,2
2024-12-25 00:00:00,7,39,2
2024-12-25 01:00:00,5,30,1
2024-12-25 02:00:00,3,19,0
2024-12-25 03:00:00,0,2,0
2024-12-25 04:00:00,1,5,1
2024-12-25 05:00:00,1,3,0
2024-12-25 06:00:00,6,6,2
2024-12-25 07:00:00,8,10,1
2024-12-25 08:00:00,10,9,4
2024-12-25 09:00:00,12,14,4
2024-12-25 10:00:00,12,22,4
2024-12-25 11:00:00,28,21,3
2024-12-25 12:00:00,17,21,7
2024-12-25 13:00:00,16,22,6
2024-12-25 14:00:00,29,36,4
2024-12-25 15:00:00,18,36,2
2024-12-25 16:00:00,21,26,3
2024-12-25 17:00:00,19,27,2
2024-12-25 18:00:00,10,36,6
2024-12-25 19:00:00,14,33,1
2024-12-25 20:00:00,23,31,3
2024-12-25 21:00:00,8,35,1
2024-12-25 22:00:00,4,18,0
2024-12-25 23:00:00,3,23,0
2024-12-26 00:00:00,4,12,0
2024-12-26 01:00:00,2,11,1
2024-12-26 02:00:00,0,9,0
2024-12-26 03:00:00,0,2,0
2024-12-26 04:00:00,0,3,0
2024-12-26 05:00:00,1,3,0
2024-12-26 06:00:00,2,3,3
2024-12-26 07:00:00,4,15,1
2024-12-26 08:00:00,9,20,0
2024-12-26 09:00:00,20,38,4
2024-12-26 10:00:00,27,68,7
2024-12-26 11:00:00,31,56,14
2024-12-26 12:00:00,40,60,9
2024-12-26 13:00:00,59,59,12
2024-12-26 14:00:00,46,49,12
2024-12-26 15:00:00,29,57,8
2024-12-26 16:00:00,49,50,10
2024-12-26 17:00:00,37,56,4
2024-12-26 18:00:00,44,64,4
2024-12-26 19:00:00,29,60,13
2024-12-26 20:00:00,19,62,6
2024-12-26 21:00:00,8,47,5
2024-12-26 22:00:00,19,45,2
2024-12-26 23:00:00,12,38,7
2024-12-27 00:00:00,6,36,2
2024-12-27 01:00:00,1,27,1
2024-12-27 02:00:00,0,24,1
2024-12-27 03:00:00,4,13,3
2024-12-27 04:00:00,10,16,1
2024-12-27 05:00:00,11,21,1
2024-12-27 06:00:00,24,23,6
2024-12-27 07:00:00,63,47,12
2024-12-27 08:00:00,96,55,29
2024-12-27 09:00:00,95,62,12
2024-12-27 10:00:00,116,67,11
2024-12-27 11:00:00,193,86,7
2024-12-27 12:00:00,189,81,12
2024-12-27 13:00:00,211,104,10
2024-12-27 14:00:00,169,113,13
2024-12-27 15:00:00,201,114,11
2024-12-27 16:00:00,197,131,7
2024-12-27 17:00:00,167,155,17
2024-12-27 18:00:00,135,121,17
2024-12-27 19:00:00,90,123,16
2024-12-27 20:00:00,96,88,10
2024-12-27 21:00:00,51,76,8
2024-12-27 22:00:00,59,84,4
2024-12-27 23:00:00,41,71,2
2024-12-28 00:00:00,23,63,1
2024-12-28 01:00:00,23,58,0
2024-12-28 02:00:00,10,46,0
2024-12-28 03:00:00,9,35,0
2024-12-28 04:00:00,2,20,1
2024-12-28 05:00:00,3,19,2
2024-12-28 06:00:00,11,15,8
2024-12-28 07:00:00,29,24,7
2024-12-28 08:00:00,46,45,4
2024-12-28 09:00:00,88,47,8
2024-12-28 10:00:00,145,73,17
2024-12-28 11:00:00,219,92,15
2024-12-28 12:00:00,241,107,4
2024-12-28 13:00:00,175,110,11
2024-12-28 14:00:00,211,83,9
2024-12-28 15:00:00,204,105,9
2024-12-28 16:00:00,171,118,14
2024-12-28 17:00:00,145,135,7
2024-12-28 18:00:00,168,129,9
2024-12-28 19:00:00,104,134,17
2024-12-28 20:00:00,83,114,11
2024-12-28 21:00:00,110,110,5
2024-12-28 22:00:00,72,105,6
2024-12-28 23:00:00,47,112,7
2024-12-29 00:00:00,10,86,1
2024-12-29 01:00:00,17,80,1
2024-12-29 02:00:00,12,96,1
2024-12-29 03:00:00,5,57,1
2024-12-29 04:00:00,5,43,4
2024-12-29 05:00:00,4,19,1
2024-12-29 06:00:00,7,14,4
2024-12-29 07:00:00,32,26,7
2024-12-29 08:00:00,31,37,9
2024-12-29 09:00:00,44,58,10
2024-12-29 10:00:00,103,60,12
2024-12-29 11:00:00,153,94,12
2024-12-29 12:00:00,147,82,11
2024-12-29 13:00:00,180,97,13
2024-12-29 14:00:00,162,78,10
2024-12-29 15:00:00,151,77,21
2024-12-29 16:00:00,142,74,15
2024-12-29 17:00:00,150,104,11
2024-12-29 18:00:00,157,102,17
2024-12-29 19:00:00,118,92,13
2024-12-29 20:00:00,75,84,14
2024-12-29 21:00:00,55,57,6
2024-12-29 22:00:00,62,60,5
2024-12-29 23:00:00,32,52,2
2024-12-30 00:00:00,12,45,1
2024-12-30 01:00:00,10,38,0
2024-12-30 02:00:00,3,16,0
2024-12-30 03:00:00,2,12,0
2024-12-30 04:00:00,4,10,1
2024-12-30 05:00:00,13,14,3
2024-12-30 06:00:00,28,26,7
2024-12-30 07:00:00,85,50,31
2024-12-30 08:00:00,151,62,34
2024-12-30 09:00:00,108,72,21
2024-12-30 10:00:00,149,74,17
2024-12-30 11:00:00,217,98,12
2024-12-30 12:00:00,217,107,13
2024-12-30 13:00:00,201,111,21
2024-12-30 14:00:00,170,104,10
2024-12-30 15:00:00,217,101,16
2024-12-30 16:00:00,235,108,19
2024-12-30 17:00:00,255,110,25
2024-12-30 18:00:00,198,102,14
2024-12-30 19:00:00,113,77,15
2024-12-30 20:00:00,83,85,14
2024-12-30 21:00:00,76,64,5
2024-12-30 22:00:00,51,77,9
2024-12-30 23:00:00,26,57,6
2024-12-31 00:00:00,12,59,2
2024-12-31 01:00:00,21,38,2
2024-12-31 02:00:00,5,27,0
2024-12-31 03:00:00,7,9,0
2024-12-31 04:00:00,3,11,2
2024-12-31 05:00:00,15,14,0
2024-12-31 06:00:00,21,18,10
2024-12-31 07:00:00,68,36,26
2024-12-31 08:00:00,124,45,37
2024-12-31 09:00:00,95,61,27
2024-12-31 10:00:00,127,67,11
2024-12-31 11:00:00,149,90,11
2024-12-31 12:00:00,172,84,19
2024-12-31 13:00:00,180,73,21
2024-12-31 14:00:00,210,128,18
2024-12-31 15:00:00,281,134,20
2024-12-31 16:00:00,225,139,26
2024-12-31 17:00:00,202,154,15
2024-12-31 18:00:00,165,143,15
2024-12-31 19:00:00,201,188,18
2024-12-31 20:00:00,174,177,13
2024-12-31 21:00:00,152,179,11
2024-12-31 22:00:00,88,179,6
2024-12-31 23:00:00,40,171,3
