date,ped,car,cyc
2024-01-01 00:00:00,179,174,2
2024-01-01 01:00:00,218,237,1
2024-01-01 02:00:00,231,223,1
2024-01-01 03:00:00,173,164,2
2024-01-01 04:00:00,124,155,1
2024-01-01 05:00:00,63,135,5
2024-01-01 06:00:00,24,69,1
2024-01-01 07:00:00,26,70,3
2024-01-01 08:00:00,29,45,2
2024-01-01 09:00:00,47,71,5
2024-01-01 10:00:00,96,70,6
2024-01-01 11:00:00,178,115,12
2024-01-01 12:00:00,209,112,16
2024-01-01 13:00:00,155,131,9
2024-01-01 14:00:00,138,132,9
2024-01-01 15:00:00,151,133,13
2024-01-01 16:00:00,94,150,13
2024-01-01 17:00:00,38,161,17
2024-01-01 18:00:00,18,154,14
2024-01-01 19:00:00,21,96,13
2024-01-01 20:00:00,18,109,14
2024-01-01 21:00:00,34,104,3
2024-01-01 22:00:00,27,95,6
2024-01-01 23:00:00,11,78,2
2024-01-02 00:00:00,10,56,1
2024-01-02 01:00:00,2,34,1
2024-01-02 02:00:00,6,9,0
2024-01-02 03:00:00,8,14,0
2024-01-02 04:00:00,4,15,1
2024-01-02 05:00:00,11,17,2
2024-01-02 06:00:00,32,44,8
2024-01-02 07:00:00,93,132,35
2024-01-02 08:00:00,371,168,68
2024-01-02 09:00:00,182,132,21
2024-01-02 10:00:00,118,93,14
2024-01-02 11:00:00,226,113,3
2024-01-02 12:00:00,472,100,15
2024-01-02 13:00:00,378,109,10
2024-01-02 14:00:00,237,108,11
2024-01-02 15:00:00,183,110,19
2024-01-02 16:00:00,303,157,34
2024-01-02 17:00:00,413,198,95
2024-01-02 18:00:00,179,142,34
2024-01-02 19:00:00,132,119,23
2024-01-02 20:00:00,100,107,16
2024-01-02 21:00:00,66,85,11
2024-01-02 22:00:00,51,92,3
2024-01-02 23:00:00,18,68,6
2024-01-03 00:00:00,10,42,0
2024-01-03 01:00:00,4,31,0
2024-01-03 02:00:00,0,21,0
2024-01-03 03:00:00,3,15,3
2024-01-03 04:00:00,3,21,3
2024-01-03 05:00:00,6,32,2
2024-01-03 06:00:00,28,73,13
2024-01-03 07:00:00,154,147,36
2024-01-03 08:00:00,434,218,91
2024-01-03 09:00:00,261,205,36
2024-01-03 10:00:00,197,108,23
2024-01-03 11:00:00,211,116,14
2024-01-03 12:00:00,462,94,14
2024-01-03 13:00:00,452,109,21
2024-01-03 14:00:00,245,104,19
2024-01-03 15:00:00,246,131,23
2024-01-03 16:00:00,353,139,48
2024-01-03 17:00:00,524,208,99
2024-01-03 18:00:00,306,195,58
2024-01-03 19:00:00,177,135,25
2024-01-03 20:00:00,129,92,23
2024-01-03 21:00:00,78,97,10
2024-01-03 22:00:00,67,83,5
2024-01-03 23:00:00,40,73,6
2024-01-04 00:00:00,23,48,0
2024-01-04 01:00:00,14,44,2
2024-01-04 02:00:00,4,20,0
2024-01-04 03:00:00,6,14,1
2024-01-04 04:00:00,2,19,3
2024-01-04 05:00:00,10,27,3
2024-01-04 06:00:00,48,64,20
2024-01-04 07:00:00,173,145,49
2024-01-04 08:00:00,556,215,104
2024-01-04 09:00:00,321,163,63
2024-01-04 10:00:00,246,108,23
2024-01-04 11:00:00,240,103,13
2024-01-04 12:00:00,534,109,39
2024-01-04 13:00:00,469,125,20
2024-01-04 14:00:00,239,120,19
2024-01-04 15:00:00,228,136,26
2024-01-04 16:00:00,286,197,45
2024-01-04 17:00:00,330,213,124
2024-01-04 18:00:00,174,203,74
2024-01-04 19:00:00,147,177,33
2024-01-04 20:00:00,108,112,22
2024-01-04 21:00:00,71,120,9
2024-01-04 22:00:00,119,113,6
2024-01-04 23:00:00,51,91,3
2024-01-05 00:00:00,19,54,0
2024-01-05 01:00:00,12,40,0
2024-01-05 02:00:00,15,22,1
2024-01-05 03:00:00,8,30,0
2024-01-05 04:00:00,2,16,2
2024-01-05 05:00:00,14,29,6
2024-01-05 06:00:00,40,55,15
2024-01-05 07:00:00,154,115,35
2024-01-05 08:00:00,396,184,69
2024-01-05 09:00:00,198,133,42
2024-01-05 10:00:00,200,110,26
2024-01-05 11:00:00,263,113,16
2024-01-05 12:00:00,457,118,31
2024-01-05 13:00:00,438,107,32
2024-01-05 14:00:00,312,135,21
2024-01-05 15:00:00,285,112,30
2024-01-05 16:00:00,386,154,54
2024-01-05 17:00:00,521,214,78
2024-01-05 18:00:00,368,243,59
2024-01-05 19:00:00,312,199,47
2024-01-05 20:00:00,181,167,31
2024-01-05 21:00:00,152,154,15
2024-01-05 22:00:00,214,173,15
2024-01-05 23:00:00,150,131,4
2024-01-06 00:00:00,92,107,1
2024-01-06 01:00:00,67,107,3
2024-01-06 02:00:00,57,64,1
2024-01-06 03:00:00,50,49,3
2024-01-06 04:00:00,21,30,2
2024-01-06 05:00:00,5,17,1
2024-01-06 06:00:00,25,26,8
2024-01-06 07:00:00,21,43,4
2024-01-06 08:00:00,63,64,10
2024-01-06 09:00:00,105,82,12
2024-01-06 10:00:00,203,135,31
2024-01-06 11:00:00,309,136,21
2024-01-06 12:00:00,359,154,38
2024-01-06 13:00:00,373,157,26
2024-01-06 14:00:00,351,135,21
2024-01-06 15:00:00,315,169,36
2024-01-06 16:00:00,316,157,30
2024-01-06 17:00:00,305,202,28
2024-01-06 18:00:00,285,215,27
2024-01-06 19:00:00,238,219,31
2024-01-06 20:00:00,238,186,18
2024-01-06 21:00:00,153,176,17
2024-01-06 22:00:00,167,174,18
2024-01-06 23:00:00,138,178,7
2024-01-07 00:00:00,83,161,7
2024-01-07 01:00:00,77,143,3
2024-01-07 02:00:00,78,87,0
2024-01-07 03:00:00,52,69,0
2024-01-07 04:00:00,6,46,1
2024-01-07 05:00:00,9,26,1
2024-01-07 06:00:00,18,18,1
2024-01-07 07:00:00,17,36,5
2024-01-07 08:00:00,43,59,11
2024-01-07 09:00:00,61,67,19
2024-01-07 10:00:00,140,98,16
2024-01-07 11:00:00,162,159,16
2024-01-07 12:00:00,199,137,23
2024-01-07 13:00:00,220,133,25
2024-01-07 14:00:00,209,130,24
2024-01-07 15:00:00,230,118,38
2024-01-07 16:00:00,217,119,24
2024-01-07 17:00:00,188,179,22
2024-01-07 18:00:00,145,141,27
2024-01-07 19:00:00,158,123,27
2024-01-07 20:00:00,106,134,15
2024-01-07 21:00:00,80,107,10
2024-01-07 22:00:00,62,88,7
2024-01-07 23:00:00,22,71,3
2024-01-08 00:00:00,20,51,1
2024-01-08 01:00:00,5,38,0
2024-01-08 02:00:00,9,18,0
2024-01-08 03:00:00,6,12,0
2024-01-08 04:00:00,1,16,2
2024-01-08 05:00:00,13,20,8
2024-01-08 06:00:00,33,66,9
2024-01-08 07:00:00,177,164,48
2024-01-08 08:00:00,613,200,116
2024-01-08 09:00:00,324,181,54
2024-01-08 10:00:00,186,123,18
2024-01-08 11:00:00,230,101,13
2024-01-08 12:00:00,494,109,29
2024-01-08 13:00:00,466,101,33
2024-01-08 14:00:00,254,111,16
2024-01-08 15:00:00,250,95,20
2024-01-08 16:00:00,372,169,56
2024-01-08 17:00:00,550,214,124
2024-01-08 18:00:00,298,173,89
2024-01-08 19:00:00,147,137,30
2024-01-08 20:00:00,131,120,19
2024-01-08 21:00:00,92,93,13
2024-01-08 22:00:00,54,70,10
2024-01-08 23:00:00,55,56,3
2024-01-09 00:00:00,50,34,0
2024-01-09 01:00:00,6,34,1
2024-01-09 02:00:00,11,25,0
2024-01-09 03:00:00,10,25,1
2024-01-09 04:00:00,3,25,4
2024-01-09 05:00:00,17,28,2
2024-01-09 06:00:00,56,82,14
2024-01-09 07:00:00,212,178,59
2024-01-09 08:00:00,637,207,118
2024-01-09 09:00:00,393,198,57
2024-01-09 10:00:00,180,127,28
2024-01-09 11:00:00,223,108,24
2024-01-09 12:00:00,599,124,35
2024-01-09 13:00:00,522,131,35
2024-01-09 14:00:00,250,106,19
2024-01-09 15:00:00,267,137,26
2024-01-09 16:00:00,418,173,59
2024-01-09 17:00:00,672,218,153
2024-01-09 18:00:00,381,209,105
2024-01-09 19:00:00,189,164,54
2024-01-09 20:00:00,158,140,27
2024-01-09 21:00:00,106,111,25
2024-01-09 22:00:00,81,95,9
2024-01-09 23:00:00,50,58,4
2024-01-10 00:00:00,28,45,1
2024-01-10 01:00:00,22,40,0
2024-01-10 02:00:00,5,27,0
2024-01-10 03:00:00,9,16,0
2024-01-10 04:00:00,12,13,1
2024-01-10 05:00:00,9,26,2
2024-01-10 06:00:00,41,64,14
2024-01-10 07:00:00,246,171,66
2024-01-10 08:00:00,643,228,118
2024-01-10 09:00:00,354,207,70
2024-01-10 10:00:00,228,122,25
2024-01-10 11:00:00,261,121,28
2024-01-10 12:00:00,610,125,40
2024-01-10 13:00:00,571,139,31
2024-01-10 14:00:00,301,128,28
2024-01-10 15:00:00,280,135,35
2024-01-10 16:00:00,443,171,64
2024-01-10 17:00:00,707,250,127
2024-01-10 18:00:00,350,209,106
2024-01-10 19:00:00,211,184,45
2024-01-10 20:00:00,170,126,42
2024-01-10 21:00:00,142,130,24
2024-01-10 22:00:00,93,131,8
2024-01-10 23:00:00,63,80,2
2024-01-11 00:00:00,27,73,2
2024-01-11 01:00:00,25,34,6
2024-01-11 02:00:00,7,22,1
2024-01-11 03:00:00,4,21,1
2024-01-11 04:00:00,4,18,2
2024-01-11 05:00:00,9,25,5
2024-01-11 06:00:00,42,80,15
2024-01-11 07:00:00,224,164,64
2024-01-11 08:00:00,603,222,93
2024-01-11 09:00:00,365,200,69
2024-01-11 10:00:00,218,138,28
2024-01-11 11:00:00,253,127,9
2024-01-11 12:00:00,574,140,29
2024-01-11 13:00:00,558,124,34
2024-01-11 14:00:00,270,124,22
2024-01-11 15:00:00,297,150,35
2024-01-11 16:00:00,465,193,49
2024-01-11 17:00:00,653,233,135
2024-01-11 18:00:00,375,247,91
2024-01-11 19:00:00,190,197,45
2024-01-11 20:00:00,161,151,29
2024-01-11 21:00:00,138,132,12
2024-01-11 22:00:00,96,141,16
2024-01-11 23:00:00,39,81,8
2024-01-12 00:00:00,27,73,2
2024-01-12 01:00:00,17,49,0
2024-01-12 02:00:00,9,31,0
2024-01-12 03:00:00,6,23,0
2024-01-12 04:00:00,2,23,1
2024-01-12 05:00:00,12,25,4
2024-01-12 06:00:00,37,71,22
2024-01-12 07:00:00,148,170,49
2024-01-12 08:00:00,466,202,80
2024-01-12 09:00:00,251,142,53
2024-01-12 10:00:00,217,122,28
2024-01-12 11:00:00,265,102,15
2024-01-12 12:00:00,482,128,34
2024-01-12 13:00:00,496,122,34
2024-01-12 14:00:00,329,118,33
2024-01-12 15:00:00,261,147,37
2024-01-12 16:00:00,440,194,65
2024-01-12 17:00:00,547,228,92
2024-01-12 18:00:00,363,261,67
2024-01-12 19:00:00,267,222,44
2024-01-12 20:00:00,217,185,36
2024-01-12 21:00:00,149,168,21
2024-01-12 22:00:00,193,186,8
2024-01-12 23:00:00,168,152,10
2024-01-13 00:00:00,93,161,2
2024-01-13 01:00:00,61,116,4
2024-01-13 02:00:00,50,66,3
2024-01-13 03:00:00,22,50,0
2024-01-13 04:00:00,4,43,3
2024-01-13 05:00:00,7,32,2
2024-01-13 06:00:00,25,40,4
2024-01-13 07:00:00,31,55,9
2024-01-13 08:00:00,49,70,13
2024-01-13 09:00:00,142,97,15
2024-01-13 10:00:00,244,122,26
2024-01-13 11:00:00,345,151,22
2024-01-13 12:00:00,503,134,28
2024-01-13 13:00:00,417,164,27
2024-01-13 14:00:00,399,192,33
2024-01-13 15:00:00,358,168,25
2024-01-13 16:00:00,407,188,30
2024-01-13 17:00:00,362,189,34
2024-01-13 18:00:00,397,250,27
2024-01-13 19:00:00,294,270,28
2024-01-13 20:00:00,241,227,30
2024-01-13 21:00:00,164,200,14
2024-01-13 22:00:00,295,221,16
2024-01-13 23:00:00,137,208,6
2024-01-14 00:00:00,154,185,10
2024-01-14 01:00:00,62,172,4
2024-01-14 02:00:00,66,111,1
2024-01-14 03:00:00,54,80,1
2024-01-14 04:00:00,25,64,2
2024-01-14 05:00:00,15,20,0
2024-01-14 06:00:00,21,29,1
2024-01-14 07:00:00,21,26,10
2024-01-14 08:00:00,35,46,11
2024-01-14 09:00:00,70,76,16
2024-01-14 10:00:00,186,123,18
2024-01-14 11:00:00,218,121,19
2024-01-14 12:00:00,262,136,33
2024-01-14 13:00:00,316,141,24
2024-01-14 14:00:00,236,120,21
2024-01-14 15:00:00,285,105,33
2024-01-14 16:00:00,205,110,18
2024-01-14 17:00:00,197,185,24
2024-01-14 18:00:00,191,142,27
2024-01-14 19:00:00,130,126,29
2024-01-14 20:00:00,118,113,11
2024-01-14 21:00:00,72,117,11
2024-01-14 22:00:00,55,80,6
2024-01-14 23:00:00,32,55,0
2024-01-15 00:00:00,18,56,1
2024-01-15 01:00:00,7,35,0
2024-01-15 02:00:00,4,20,0
2024-01-15 03:00:00,10,13,1
2024-01-15 04:00:00,1,23,0
2024-01-15 05:00:00,14,33,5
2024-01-15 06:00:00,45,76,16
2024-01-15 07:00:00,189,178,56
2024-01-15 08:00:00,609,204,116
2024-01-15 09:00:00,370,163,64
2024-01-15 10:00:00,199,127,29
2024-01-15 11:00:00,234,108,24
2024-01-15 12:00:00,527,103,30
2024-01-15 13:00:00,515,118,31
2024-01-15 14:00:00,305,121,28
2024-01-15 15:00:00,436,122,36
2024-01-15 16:00:00,384,155,53
2024-01-15 17:00:00,632,209,127
2024-01-15 18:00:00,358,211,81
2024-01-15 19:00:00,174,154,38
2024-01-15 20:00:00,176,122,19
2024-01-15 21:00:00,105,111,23
2024-01-15 22:00:00,113,108,5
2024-01-15 23:00:00,52,56,5
2024-01-16 00:00:00,22,38,3
2024-01-16 01:00:00,6,37,0
2024-01-16 02:00:00,6,19,1
2024-01-16 03:00:00,4,13,1
2024-01-16 04:00:00,3,12,3
2024-01-16 05:00:00,18,38,8
2024-01-16 06:00:00,58,90,14
2024-01-16 07:00:00,234,187,54
2024-01-16 08:00:00,642,231,125
2024-01-16 09:00:00,435,212,65
2024-01-16 10:00:00,237,116,32
2024-01-16 11:00:00,259,117,22
2024-01-16 12:00:00,601,121,35
2024-01-16 13:00:00,672,134,33
2024-01-16 14:00:00,324,110,21
2024-01-16 15:00:00,318,136,29
2024-01-16 16:00:00,506,190,64
2024-01-16 17:00:00,748,304,151
2024-01-16 18:00:00,424,334,101
2024-01-16 19:00:00,224,185,44
2024-01-16 20:00:00,133,143,27
2024-01-16 21:00:00,134,139,17
2024-01-16 22:00:00,158,110,12
2024-01-16 23:00:00,52,86,6
2024-01-17 00:00:00,27,39,0
2024-01-17 01:00:00,22,38,0
2024-01-17 02:00:00,5,21,0
2024-01-17 03:00:00,12,16,0
2024-01-17 04:00:00,0,17,1
2024-01-17 05:00:00,11,43,4
2024-01-17 06:00:00,45,93,19
2024-01-17 07:00:00,207,186,48
2024-01-17 08:00:00,707,201,116
2024-01-17 09:00:00,421,215,74
2024-01-17 10:00:00,231,139,26
2024-01-17 11:00:00,281,133,19
2024-01-17 12:00:00,637,137,38
2024-01-17 13:00:00,590,144,38
2024-01-17 14:00:00,295,108,35
2024-01-17 15:00:00,297,123,50
2024-01-17 16:00:00,452,182,52
2024-01-17 17:00:00,752,210,146
2024-01-17 18:00:00,393,202,98
2024-01-17 19:00:00,211,170,40
2024-01-17 20:00:00,147,132,28
2024-01-17 21:00:00,148,134,16
2024-01-17 22:00:00,95,112,13
2024-01-17 23:00:00,56,90,8
2024-01-18 00:00:00,15,54,1
2024-01-18 01:00:00,10,37,2
2024-01-18 02:00:00,13,22,1
2024-01-18 03:00:00,5,19,1
2024-01-18 04:00:00,1,16,0
2024-01-18 05:00:00,15,35,4
2024-01-18 06:00:00,51,87,11
2024-01-18 07:00:00,220,168,62
2024-01-18 08:00:00,586,225,83
2024-01-18 09:00:00,433,215,68
2024-01-18 10:00:00,313,141,31
2024-01-18 11:00:00,320,141,35
2024-01-18 12:00:00,728,134,46
2024-01-18 13:00:00,645,135,33
2024-01-18 14:00:00,383,128,32
2024-01-18 15:00:00,340,133,32
2024-01-18 16:00:00,485,177,52
2024-01-18 17:00:00,720,248,154
2024-01-18 18:00:00,424,239,76
2024-01-18 19:00:00,223,191,40
2024-01-18 20:00:00,187,153,33
2024-01-18 21:00:00,149,170,25
2024-01-18 22:00:00,133,130,7
2024-01-18 23:00:00,64,93,7
2024-01-19 00:00:00,24,78,2
2024-01-19 01:00:00,37,42,1
2024-01-19 02:00:00,31,33,1
2024-01-19 03:00:00,16,19,0
2024-01-19 04:00:00,8,28,2
2024-01-19 05:00:00,9,37,4
2024-01-19 06:00:00,40,61,13
2024-01-19 07:00:00,174,171,39
2024-01-19 08:00:00,484,190,64
2024-01-19 09:00:00,293,189,50
2024-01-19 10:00:00,215,132,24
2024-01-19 11:00:00,285,127,19
2024-01-19 12:00:00,479,133,39
2024-01-19 13:00:00,521,144,21
2024-01-19 14:00:00,380,157,30
2024-01-19 15:00:00,334,131,32
2024-01-19 16:00:00,424,160,45
2024-01-19 17:00:00,636,269,114
2024-01-19 18:00:00,452,283,67
2024-01-19 19:00:00,329,296,42
2024-01-19 20:00:00,215,168,35
2024-01-19 21:00:00,239,206,21
2024-01-19 22:00:00,263,221,13
2024-01-19 23:00:00,174,160,15
2024-01-20 00:00:00,136,161,6
2024-01-20 01:00:00,85,158,5
2024-01-20 02:00:00,51,100,2
2024-01-20 03:00:00,34,89,2
2024-01-20 04:00:00,15,56,0
2024-01-20 05:00:00,18,39,0
2024-01-20 06:00:00,11,32,1
2024-01-20 07:00:00,37,52,6
2024-01-20 08:00:00,72,69,10
2024-01-20 09:00:00,164,100,13
2024-01-20 10:00:00,318,150,23
2024-01-20 11:00:00,434,158,28
2024-01-20 12:00:00,495,165,28
2024-01-20 13:00:00,436,195,26
2024-01-20 14:00:00,415,180,26
2024-01-20 15:00:00,409,177,22
2024-01-20 16:00:00,405,193,23
2024-01-20 17:00:00,430,242,32
2024-01-20 18:00:00,377,310,20
2024-01-20 19:00:00,335,242,36
2024-01-20 20:00:00,242,235,20
2024-01-20 21:00:00,134,202,8
2024-01-20 22:00:00,223,234,16
2024-01-20 23:00:00,94,205,15
2024-01-21 00:00:00,60,169,8
2024-01-21 01:00:00,59,199,7
2024-01-21 02:00:00,58,113,1
2024-01-21 03:00:00,48,116,3
2024-01-21 04:00:00,16,71,1
2024-01-21 05:00:00,14,35,0
2024-01-21 06:00:00,16,19,3
2024-01-21 07:00:00,32,31,4
2024-01-21 08:00:00,42,58,8
2024-01-21 09:00:00,102,94,16
2024-01-21 10:00:00,171,122,10
2024-01-21 11:00:00,291,138,17
2024-01-21 12:00:00,260,131,21
2024-01-21 13:00:00,311,148,26
2024-01-21 14:00:00,275,135,20
2024-01-21 15:00:00,231,134,24
2024-01-21 16:00:00,202,169,26
2024-01-21 17:00:00,137,195,25
2024-01-21 18:00:00,175,187,20
2024-01-21 19:00:00,125,117,19
2024-01-21 20:00:00,68,120,14
2024-01-21 21:00:00,46,120,10
2024-01-21 22:00:00,40,102,14
2024-01-21 23:00:00,25,69,4
2024-01-22 00:00:00,24,51,1
2024-01-22 01:00:00,7,27,2
2024-01-22 02:00:00,6,22,0
2024-01-22 03:00:00,3,17,1
2024-01-22 04:00:00,5,14,0
2024-01-22 05:00:00,7,37,3
2024-01-22 06:00:00,58,85,11
2024-01-22 07:00:00,213,177,40
2024-01-22 08:00:00,542,182,85
2024-01-22 09:00:00,371,198,57
2024-01-22 10:00:00,362,134,22
2024-01-22 11:00:00,279,115,19
2024-01-22 12:00:00,560,99,40
2024-01-22 13:00:00,487,101,25
2024-01-22 14:00:00,253,127,20
2024-01-22 15:00:00,275,128,23
2024-01-22 16:00:00,460,165,49
2024-01-22 17:00:00,560,210,109
2024-01-22 18:00:00,354,172,68
2024-01-22 19:00:00,190,130,28
2024-01-22 20:00:00,153,96,27
2024-01-22 21:00:00,101,111,12
2024-01-22 22:00:00,66,81,5
2024-01-22 23:00:00,58,48,4
2024-01-23 00:00:00,36,46,1
2024-01-23 01:00:00,14,38,1
2024-01-23 02:00:00,18,19,2
2024-01-23 03:00:00,17,15,0
2024-01-23 04:00:00,6,14,1
2024-01-23 05:00:00,12,29,5
2024-01-23 06:00:00,50,85,16
2024-01-23 07:00:00,185,202,45
2024-01-23 08:00:00,589,215,115
2024-01-23 09:00:00,396,236,65
2024-01-23 10:00:00,234,177,16
2024-01-23 11:00:00,185,136,15
2024-01-23 12:00:00,497,134,34
2024-01-23 13:00:00,451,130,28
2024-01-23 14:00:00,304,133,15
2024-01-23 15:00:00,251,127,28
2024-01-23 16:00:00,471,198,55
2024-01-23 17:00:00,639,229,115
2024-01-23 18:00:00,365,232,69
2024-01-23 19:00:00,228,168,44
2024-01-23 20:00:00,146,131,24
2024-01-23 21:00:00,84,127,14
2024-01-23 22:00:00,115,89,10
2024-01-23 23:00:00,71,69,5
2024-01-24 00:00:00,23,67,0
2024-01-24 01:00:00,17,42,2
2024-01-24 02:00:00,6,16,0
2024-01-24 03:00:00,6,21,0
2024-01-24 04:00:00,3,23,0
2024-01-24 05:00:00,10,33,7
2024-01-24 06:00:00,55,91,13
2024-01-24 07:00:00,245,191,58
2024-01-24 08:00:00,663,199,116
2024-01-24 09:00:00,456,239,55
2024-01-24 10:00:00,270,145,21
2024-01-24 11:00:00,330,119,20
2024-01-24 12:00:00,727,115,47
2024-01-24 13:00:00,633,117,32
2024-01-24 14:00:00,376,104,29
2024-01-24 15:00:00,340,147,28
2024-01-24 16:00:00,518,180,65
2024-01-24 17:00:00,754,295,146
2024-01-24 18:00:00,432,227,108
2024-01-24 19:00:00,313,187,48
2024-01-24 20:00:00,245,143,26
2024-01-24 21:00:00,156,121,26
2024-01-24 22:00:00,175,139,12
2024-01-24 23:00:00,84,92,9
2024-01-25 00:00:00,32,61,4
2024-01-25 01:00:00,26,47,2
2024-01-25 02:00:00,11,19,1
2024-01-25 03:00:00,8,27,2
2024-01-25 04:00:00,4,28,3
2024-01-25 05:00:00,5,24,5
2024-01-25 06:00:00,57,73,17
2024-01-25 07:00:00,224,197,47
2024-01-25 08:00:00,646,198,116
2024-01-25 09:00:00,425,221,64
2024-01-25 10:00:00,265,176,30
2024-01-25 11:00:00,281,119,23
2024-01-25 12:00:00,653,109,28
2024-01-25 13:00:00,610,118,34
2024-01-25 14:00:00,395,131,36
2024-01-25 15:00:00,372,131,38
2024-01-25 16:00:00,613,178,59
2024-01-25 17:00:00,668,268,120
2024-01-25 18:00:00,420,241,107
2024-01-25 19:00:00,324,198,53
2024-01-25 20:00:00,264,166,24
2024-01-25 21:00:00,169,149,27
2024-01-25 22:00:00,213,149,14
2024-01-25 23:00:00,49,101,6
2024-01-26 00:00:00,27,96,6
2024-01-26 01:00:00,26,68,2
2024-01-26 02:00:00,11,56,2
2024-01-26 03:00:00,10,23,0
2024-01-26 04:00:00,6,23,3
2024-01-26 05:00:00,15,35,5
2024-01-26 06:00:00,43,59,17
2024-01-26 07:00:00,158,145,34
2024-01-26 08:00:00,462,200,80
2024-01-26 09:00:00,337,160,55
2024-01-26 10:00:00,264,145,29
2024-01-26 11:00:00,327,134,34
2024-01-26 12:00:00,552,154,36
2024-01-26 13:00:00,542,155,31
2024-01-26 14:00:00,397,174,31
2024-01-26 15:00:00,421,172,42
2024-01-26 16:00:00,609,218,50
2024-01-26 17:00:00,642,255,102
2024-01-26 18:00:00,478,326,64
2024-01-26 19:00:00,390,263,37
2024-01-26 20:00:00,278,208,42
2024-01-26 21:00:00,182,193,27
2024-01-26 22:00:00,340,191,21
2024-01-26 23:00:00,272,200,9
2024-01-27 00:00:00,166,188,6
2024-01-27 01:00:00,82,162,5
2024-01-27 02:00:00,113,99,1
2024-01-27 03:00:00,87,77,3
2024-01-27 04:00:00,47,49,1
2024-01-27 05:00:00,16,45,3
2024-01-27 06:00:00,27,35,4
2024-01-27 07:00:00,48,49,6
2024-01-27 08:00:00,81,69,10
2024-01-27 09:00:00,162,110,14
2024-01-27 10:00:00,333,131,21
2024-01-27 11:00:00,497,135,17
2024-01-27 12:00:00,537,193,25
2024-01-27 13:00:00,555,193,31
2024-01-27 14:00:00,443,147,24
2024-01-27 15:00:00,476,181,21
2024-01-27 16:00:00,456,174,33
2024-01-27 17:00:00,494,223,37
2024-01-27 18:00:00,500,269,38
2024-01-27 19:00:00,415,307,37
2024-01-27 20:00:00,356,247,28
2024-01-27 21:00:00,337,211,23
2024-01-27 22:00:00,390,237,19
2024-01-27 23:00:00,304,249,12
2024-01-28 00:00:00,208,191,4
2024-01-28 01:00:00,143,190,0
2024-01-28 02:00:00,109,159,2
2024-01-28 03:00:00,127,118,2
2024-01-28 04:00:00,34,85,2
2024-01-28 05:00:00,26,31,2
2024-01-28 06:00:00,14,27,3
2024-01-28 07:00:00,24,35,6
2024-01-28 08:00:00,53,28,14
2024-01-28 09:00:00,81,50,16
2024-01-28 10:00:00,182,85,24
2024-01-28 11:00:00,301,52,9
2024-01-28 12:00:00,311,79,21
2024-01-28 13:00:00,323,85,39
2024-01-28 14:00:00,313,63,26
2024-01-28 15:00:00,357,84,26
2024-01-28 16:00:00,328,72,28
2024-01-28 17:00:00,338,150,26
2024-01-28 18:00:00,263,155,30
2024-01-28 19:00:00,230,148,28
2024-01-28 20:00:00,178,149,18
2024-01-28 21:00:00,119,102,15
2024-01-28 22:00:00,94,114,6
2024-01-28 23:00:00,47,65,6
2024-01-29 00:00:00,27,52,2
2024-01-29 01:00:00,5,34,3
2024-01-29 02:00:00,7,18,2
2024-01-29 03:00:00,5,14,1
2024-01-29 04:00:00,5,24,3
2024-01-29 05:00:00,12,27,5
2024-01-29 06:00:00,47,94,18
2024-01-29 07:00:00,150,175,47
2024-01-29 08:00:00,603,196,106
2024-01-29 09:00:00,368,187,54
2024-01-29 10:00:00,284,107,32
2024-01-29 11:00:00,323,100,19
2024-01-29 12:00:00,554,117,25
2024-01-29 13:00:00,544,101,42
2024-01-29 14:00:00,353,127,20
2024-01-29 15:00:00,310,104,28
2024-01-29 16:00:00,411,162,57
2024-01-29 17:00:00,622,214,122
2024-01-29 18:00:00,365,216,82
2024-01-29 19:00:00,249,134,58
2024-01-29 20:00:00,161,118,33
2024-01-29 21:00:00,105,116,15
2024-01-29 22:00:00,99,95,8
2024-01-29 23:00:00,64,69,4
2024-01-30 00:00:00,23,58,3
2024-01-30 01:00:00,19,33,0
2024-01-30 02:00:00,10,15,0
2024-01-30 03:00:00,5,18,2
2024-01-30 04:00:00,0,25,1
2024-01-30 05:00:00,12,38,2
2024-01-30 06:00:00,55,88,14
2024-01-30 07:00:00,250,171,65
2024-01-30 08:00:00,638,238,126
2024-01-30 09:00:00,482,217,61
2024-01-30 10:00:00,280,126,36
2024-01-30 11:00:00,265,123,19
2024-01-30 12:00:00,723,118,40
2024-01-30 13:00:00,619,122,25
2024-01-30 14:00:00,363,115,33
2024-01-30 15:00:00,354,130,24
2024-01-30 16:00:00,545,165,67
2024-01-30 17:00:00,792,200,138
2024-01-30 18:00:00,529,199,110
2024-01-30 19:00:00,384,170,54
2024-01-30 20:00:00,272,115,48
2024-01-30 21:00:00,142,123,20
2024-01-30 22:00:00,213,141,10
2024-01-30 23:00:00,94,76,2
2024-01-31 00:00:00,35,52,2
2024-01-31 01:00:00,6,40,1
2024-01-31 02:00:00,9,32,0
2024-01-31 03:00:00,11,18,0
2024-01-31 04:00:00,3,37,0
2024-01-31 05:00:00,14,32,4
2024-01-31 06:00:00,51,74,21
2024-01-31 07:00:00,212,186,65
2024-01-31 08:00:00,677,165,132
2024-01-31 09:00:00,483,206,76
2024-01-31 10:00:00,292,118,35
2024-01-31 11:00:00,295,119,21
2024-01-31 12:00:00,667,119,37
2024-01-31 13:00:00,629,130,36
2024-01-31 14:00:00,346,109,27
2024-01-31 15:00:00,389,134,38
2024-01-31 16:00:00,525,171,73
2024-01-31 17:00:00,816,232,167
2024-01-31 18:00:00,452,203,99
2024-01-31 19:00:00,253,183,54
2024-01-31 20:00:00,157,124,29
2024-01-31 21:00:00,104,122,20
2024-01-31 22:00:00,141,111,14
2024-01-31 23:00:00,73,74,5
2024-02-01 00:00:00,28,71,4
2024-02-01 01:00:00,21,58,3
2024-02-01 02:00:00,22,31,3
2024-02-01 03:00:00,17,16,1
2024-02-01 04:00:00,6,30,1
2024-02-01 05:00:00,8,35,5
2024-02-01 06:00:00,59,67,19
2024-02-01 07:00:00,238,166,56
2024-02-01 08:00:00,707,192,126
2024-02-01 09:00:00,432,192,66
2024-02-01 10:00:00,312,159,35
2024-02-01 11:00:00,331,101,28
2024-02-01 12:00:00,744,113,41
2024-02-01 13:00:00,710,126,43
2024-02-01 14:00:00,376,126,38
2024-02-01 15:00:00,394,132,32
2024-02-01 16:00:00,583,187,65
2024-02-01 17:00:00,817,245,144
2024-02-01 18:00:00,489,233,103
2024-02-01 19:00:00,326,184,68
2024-02-01 20:00:00,237,156,55
2024-02-01 21:00:00,161,166,27
2024-02-01 22:00:00,171,148,15
2024-02-01 23:00:00,80,103,10
2024-02-02 00:00:00,47,91,1
2024-02-02 01:00:00,46,62,0
2024-02-02 02:00:00,26,28,1
2024-02-02 03:00:00,18,21,0
2024-02-02 04:00:00,10,34,1
2024-02-02 05:00:00,9,31,4
2024-02-02 06:00:00,53,64,19
2024-02-02 07:00:00,173,157,39
2024-02-02 08:00:00,542,192,87
2024-02-02 09:00:00,365,182,53
2024-02-02 10:00:00,286,134,31
2024-02-02 11:00:00,328,133,21
2024-02-02 12:00:00,524,145,40
2024-02-02 13:00:00,570,153,25
2024-02-02 14:00:00,410,165,27
2024-02-02 15:00:00,437,174,34
2024-02-02 16:00:00,534,201,55
2024-02-02 17:00:00,664,283,107
2024-02-02 18:00:00,545,361,71
2024-02-02 19:00:00,433,323,53
2024-02-02 20:00:00,333,220,35
2024-02-02 21:00:00,190,191,15
2024-02-02 22:00:00,368,210,18
2024-02-02 23:00:00,329,196,16
2024-02-03 00:00:00,160,191,3
2024-02-03 01:00:00,128,165,1
2024-02-03 02:00:00,128,101,7
2024-02-03 03:00:00,104,95,2
2024-02-03 04:00:00,49,89,0
2024-02-03 05:00:00,22,52,2
2024-02-03 06:00:00,17,41,9
2024-02-03 07:00:00,31,47,9
2024-02-03 08:00:00,119,72,10
2024-02-03 09:00:00,234,111,18
2024-02-03 10:00:00,330,139,26
2024-02-03 11:00:00,396,173,21
2024-02-03 12:00:00,613,177,27
2024-02-03 13:00:00,600,214,43
2024-02-03 14:00:00,410,211,22
2024-02-03 15:00:00,438,170,32
2024-02-03 16:00:00,466,220,25
2024-02-03 17:00:00,508,249,32
2024-02-03 18:00:00,528,285,40
2024-02-03 19:00:00,527,288,42
2024-02-03 20:00:00,462,281,30
2024-02-03 21:00:00,332,230,24
2024-02-03 22:00:00,408,258,16
2024-02-03 23:00:00,326,244,11
2024-02-04 00:00:00,213,199,5
2024-02-04 01:00:00,155,198,3
2024-02-04 02:00:00,121,142,2
2024-02-04 03:00:00,71,114,1
2024-02-04 04:00:00,33,94,3
2024-02-04 05:00:00,11,36,2
2024-02-04 06:00:00,16,24,4
2024-02-04 07:00:00,27,25,8
2024-02-04 08:00:00,59,53,15
2024-02-04 09:00:00,69,80,16
2024-02-04 10:00:00,185,121,20
2024-02-04 11:00:00,250,137,14
2024-02-04 12:00:00,366,162,19
2024-02-04 13:00:00,311,132,25
2024-02-04 14:00:00,265,136,22
2024-02-04 15:00:00,304,135,19
2024-02-04 16:00:00,322,136,29
2024-02-04 17:00:00,373,169,34
2024-02-04 18:00:00,407,199,39
2024-02-04 19:00:00,371,142,35
2024-02-04 20:00:00,219,117,34
2024-02-04 21:00:00,135,113,24
2024-02-04 22:00:00,127,102,13
2024-02-04 23:00:00,53,67,8
2024-02-05 00:00:00,26,54,3
2024-02-05 01:00:00,11,41,1
2024-02-05 02:00:00,6,15,0
2024-02-05 03:00:00,4,19,0
2024-02-05 04:00:00,4,21,3
2024-02-05 05:00:00,11,24,5
2024-02-05 06:00:00,42,76,19
2024-02-05 07:00:00,180,173,54
2024-02-05 08:00:00,523,194,106
2024-02-05 09:00:00,315,182,59
2024-02-05 10:00:00,239,96,34
2024-02-05 11:00:00,308,114,21
2024-02-05 12:00:00,451,115,26
2024-02-05 13:00:00,402,121,27
2024-02-05 14:00:00,281,116,19
2024-02-05 15:00:00,268,123,26
2024-02-05 16:00:00,347,152,67
2024-02-05 17:00:00,556,202,134
2024-02-05 18:00:00,439,178,73
2024-02-05 19:00:00,336,137,39
2024-02-05 20:00:00,211,120,39
2024-02-05 21:00:00,131,106,24
2024-02-05 22:00:00,74,103,15
2024-02-05 23:00:00,78,69,2
2024-02-06 00:00:00,24,43,3
2024-02-06 01:00:00,4,36,2
2024-02-06 02:00:00,5,30,1
2024-02-06 03:00:00,15,19,0
2024-02-06 04:00:00,1,22,2
2024-02-06 05:00:00,16,39,2
2024-02-06 06:00:00,52,86,17
2024-02-06 07:00:00,241,175,67
2024-02-06 08:00:00,684,216,146
2024-02-06 09:00:00,445,197,83
2024-02-06 10:00:00,283,142,37
2024-02-06 11:00:00,240,113,24
2024-02-06 12:00:00,565,114,41
2024-02-06 13:00:00,566,147,34
2024-02-06 14:00:00,343,129,26
2024-02-06 15:00:00,333,142,33
2024-02-06 16:00:00,489,204,54
2024-02-06 17:00:00,477,312,130
2024-02-06 18:00:00,264,292,80
2024-02-06 19:00:00,161,235,48
2024-02-06 20:00:00,91,162,30
2024-02-06 21:00:00,64,146,22
2024-02-06 22:00:00,32,126,9
2024-02-06 23:00:00,24,91,7
2024-02-07 00:00:00,17,68,1
2024-02-07 01:00:00,9,46,0
2024-02-07 02:00:00,6,37,0
2024-02-07 03:00:00,8,14,1
2024-02-07 04:00:00,14,25,1
2024-02-07 05:00:00,15,44,4
2024-02-07 06:00:00,45,88,15
2024-02-07 07:00:00,234,186,50
2024-02-07 08:00:00,673,203,123
2024-02-07 09:00:00,455,227,78
2024-02-07 10:00:00,272,153,34
2024-02-07 11:00:00,347,127,28
2024-02-07 12:00:00,646,133,36
2024-02-07 13:00:00,632,128,33
2024-02-07 14:00:00,328,128,30
2024-02-07 15:00:00,391,132,36
2024-02-07 16:00:00,572,198,63
2024-02-07 17:00:00,882,250,140
2024-02-07 18:00:00,543,231,122
2024-02-07 19:00:00,349,189,74
2024-02-07 20:00:00,266,168,59
2024-02-07 21:00:00,217,139,29
2024-02-07 22:00:00,193,143,16
2024-02-07 23:00:00,66,76,4
2024-02-08 00:00:00,39,87,2
2024-02-08 01:00:00,20,44,2
2024-02-08 02:00:00,19,43,0
2024-02-08 03:00:00,7,25,0
2024-02-08 04:00:00,2,22,3
2024-02-08 05:00:00,3,38,4
2024-02-08 06:00:00,30,73,19
2024-02-08 07:00:00,162,203,59
2024-02-08 08:00:00,627,225,95
2024-02-08 09:00:00,405,257,51
2024-02-08 10:00:00,289,193,22
2024-02-08 11:00:00,281,130,19
2024-02-08 12:00:00,587,126,44
2024-02-08 13:00:00,550,114,35
2024-02-08 14:00:00,338,144,31
2024-02-08 15:00:00,366,158,29
2024-02-08 16:00:00,488,224,45
2024-02-08 17:00:00,507,260,93
2024-02-08 18:00:00,360,271,89
2024-02-08 19:00:00,151,241,49
2024-02-08 20:00:00,112,202,45
2024-02-08 21:00:00,128,183,11
2024-02-08 22:00:00,133,147,10
2024-02-08 23:00:00,91,118,5
2024-02-09 00:00:00,32,78,5
2024-02-09 01:00:00,17,49,8
2024-02-09 02:00:00,17,30,1
2024-02-09 03:00:00,15,30,0
2024-02-09 04:00:00,5,22,1
2024-02-09 05:00:00,10,32,5
2024-02-09 06:00:00,38,66,11
2024-02-09 07:00:00,165,154,33
2024-02-09 08:00:00,473,226,82
2024-02-09 09:00:00,336,143,54
2024-02-09 10:00:00,289,137,20
2024-02-09 11:00:00,340,117,19
2024-02-09 12:00:00,570,140,41
2024-02-09 13:00:00,533,138,28
2024-02-09 14:00:00,415,178,26
2024-02-09 15:00:00,447,188,30
2024-02-09 16:00:00,624,250,53
2024-02-09 17:00:00,718,277,82
2024-02-09 18:00:00,583,329,64
2024-02-09 19:00:00,472,373,50
2024-02-09 20:00:00,353,239,44
2024-02-09 21:00:00,319,189,29
2024-02-09 22:00:00,397,204,20
2024-02-09 23:00:00,235,187,14
2024-02-10 00:00:00,174,204,5
2024-02-10 01:00:00,103,174,2
2024-02-10 02:00:00,58,122,5
2024-02-10 03:00:00,75,98,0
2024-02-10 04:00:00,20,59,0
2024-02-10 05:00:00,21,40,2
2024-02-10 06:00:00,29,27,7
2024-02-10 07:00:00,44,64,13
2024-02-10 08:00:00,89,91,13
2024-02-10 09:00:00,190,122,16
2024-02-10 10:00:00,305,149,28
2024-02-10 11:00:00,503,181,30
2024-02-10 12:00:00,556,233,28
2024-02-10 13:00:00,678,225,27
2024-02-10 14:00:00,502,212,29
2024-02-10 15:00:00,578,196,25
2024-02-10 16:00:00,604,253,39
2024-02-10 17:00:00,766,288,34
2024-02-10 18:00:00,737,319,41
2024-02-10 19:00:00,812,298,47
2024-02-10 20:00:00,517,230,33
2024-02-10 21:00:00,393,259,31
2024-02-10 22:00:00,504,284,10
2024-02-10 23:00:00,229,234,8
2024-02-11 00:00:00,285,231,1
2024-02-11 01:00:00,135,188,2
2024-02-11 02:00:00,117,156,3
2024-02-11 03:00:00,85,100,3
2024-02-11 04:00:00,48,81,1
2024-02-11 05:00:00,12,44,1
2024-02-11 06:00:00,19,40,0
2024-02-11 07:00:00,28,35,7
2024-02-11 08:00:00,50,81,15
2024-02-11 09:00:00,119,94,15
2024-02-11 10:00:00,262,142,15
2024-02-11 11:00:00,347,126,11
2024-02-11 12:00:00,372,180,28
2024-02-11 13:00:00,394,198,23
2024-02-11 14:00:00,379,181,25
2024-02-11 15:00:00,409,166,23
2024-02-11 16:00:00,353,206,23
2024-02-11 17:00:00,544,225,29
2024-02-11 18:00:00,563,243,54
2024-02-11 19:00:00,568,206,53
2024-02-11 20:00:00,349,168,58
2024-02-11 21:00:00,243,142,19
2024-02-11 22:00:00,157,110,14
2024-02-11 23:00:00,95,109,8
2024-02-12 00:00:00,27,67,5
2024-02-12 01:00:00,15,47,3
2024-02-12 02:00:00,6,22,0
2024-02-12 03:00:00,9,13,2
2024-02-12 04:00:00,10,35,1
2024-02-12 05:00:00,14,50,2
2024-02-12 06:00:00,43,78,14
2024-02-12 07:00:00,185,173,40
2024-02-12 08:00:00,322,206,68
2024-02-12 09:00:00,312,162,48
2024-02-12 10:00:00,255,115,32
2024-02-12 11:00:00,361,96,33
2024-02-12 12:00:00,458,126,36
2024-02-12 13:00:00,514,98,27
2024-02-12 14:00:00,326,129,32
2024-02-12 15:00:00,332,114,28
2024-02-12 16:00:00,424,162,35
2024-02-12 17:00:00,624,193,102
2024-02-12 18:00:00,414,208,73
2024-02-12 19:00:00,217,162,37
2024-02-12 20:00:00,145,128,28
2024-02-12 21:00:00,125,116,21
2024-02-12 22:00:00,100,127,14
2024-02-12 23:00:00,92,83,4
2024-02-13 00:00:00,33,41,2
2024-02-13 01:00:00,11,46,2
2024-02-13 02:00:00,4,24,0
2024-02-13 03:00:00,9,15,1
2024-02-13 04:00:00,8,21,2
2024-02-13 05:00:00,11,29,3
2024-02-13 06:00:00,53,87,14
2024-02-13 07:00:00,194,158,51
2024-02-13 08:00:00,565,188,143
2024-02-13 09:00:00,334,173,72
2024-02-13 10:00:00,206,148,21
2024-02-13 11:00:00,250,130,17
2024-02-13 12:00:00,464,109,24
2024-02-13 13:00:00,515,119,24
2024-02-13 14:00:00,292,133,27
2024-02-13 15:00:00,313,151,32
2024-02-13 16:00:00,448,219,63
2024-02-13 17:00:00,532,303,110
2024-02-13 18:00:00,311,361,109
2024-02-13 19:00:00,214,234,46
2024-02-13 20:00:00,181,157,30
2024-02-13 21:00:00,148,139,22
2024-02-13 22:00:00,211,138,17
2024-02-13 23:00:00,107,112,6
2024-02-14 00:00:00,38,70,1
2024-02-14 01:00:00,22,52,1
2024-02-14 02:00:00,6,29,3
2024-02-14 03:00:00,17,20,0
2024-02-14 04:00:00,5,31,1
2024-02-14 05:00:00,6,29,5
2024-02-14 06:00:00,31,74,17
2024-02-14 07:00:00,177,173,35
2024-02-14 08:00:00,573,192,120
2024-02-14 09:00:00,330,177,67
2024-02-14 10:00:00,241,124,31
2024-02-14 11:00:00,328,124,23
2024-02-14 12:00:00,587,120,39
2024-02-14 13:00:00,510,161,29
2024-02-14 14:00:00,330,125,28
2024-02-14 15:00:00,367,154,27
2024-02-14 16:00:00,459,207,54
2024-02-14 17:00:00,721,270,125
2024-02-14 18:00:00,423,273,94
2024-02-14 19:00:00,258,189,47
2024-02-14 20:00:00,193,158,30
2024-02-14 21:00:00,148,138,19
2024-02-14 22:00:00,140,145,27
2024-02-14 23:00:00,57,104,5
2024-02-15 00:00:00,22,70,1
2024-02-15 01:00:00,31,62,1
2024-02-15 02:00:00,14,31,1
2024-02-15 03:00:00,16,26,1
2024-02-15 04:00:00,10,30,2
2024-02-15 05:00:00,8,28,5
2024-02-15 06:00:00,39,59,12
2024-02-15 07:00:00,185,159,45
2024-02-15 08:00:00,540,189,102
2024-02-15 09:00:00,405,171,56
2024-02-15 10:00:00,284,156,32
2024-02-15 11:00:00,346,130,29
2024-02-15 12:00:00,563,144,47
2024-02-15 13:00:00,521,147,44
2024-02-15 14:00:00,334,149,27
2024-02-15 15:00:00,330,159,43
2024-02-15 16:00:00,383,241,40
2024-02-15 17:00:00,662,288,101
2024-02-15 18:00:00,315,315,89
2024-02-15 19:00:00,265,261,37
2024-02-15 20:00:00,165,201,46
2024-02-15 21:00:00,125,181,25
2024-02-15 22:00:00,234,177,10
2024-02-15 23:00:00,74,117,6
2024-02-16 00:00:00,50,103,1
2024-02-16 01:00:00,19,68,0
2024-02-16 02:00:00,13,33,0
2024-02-16 03:00:00,10,26,0
2024-02-16 04:00:00,6,26,0
2024-02-16 05:00:00,10,29,3
2024-02-16 06:00:00,33,61,18
2024-02-16 07:00:00,111,125,37
2024-02-16 08:00:00,401,163,82
2024-02-16 09:00:00,226,158,57
2024-02-16 10:00:00,243,120,26
2024-02-16 11:00:00,326,116,28
2024-02-16 12:00:00,408,154,32
2024-02-16 13:00:00,597,175,33
2024-02-16 14:00:00,413,143,20
2024-02-16 15:00:00,429,178,31
2024-02-16 16:00:00,504,213,42
2024-02-16 17:00:00,647,248,99
2024-02-16 18:00:00,457,295,44
2024-02-16 19:00:00,371,296,45
2024-02-16 20:00:00,288,245,42
2024-02-16 21:00:00,211,193,24
2024-02-16 22:00:00,293,197,18
2024-02-16 23:00:00,231,201,7
2024-02-17 00:00:00,183,178,6
2024-02-17 01:00:00,159,169,2
2024-02-17 02:00:00,152,96,1
2024-02-17 03:00:00,50,85,3
2024-02-17 04:00:00,15,33,2
2024-02-17 05:00:00,18,34,2
2024-02-17 06:00:00,21,37,8
2024-02-17 07:00:00,46,39,7
2024-02-17 08:00:00,83,72,12
2024-02-17 09:00:00,212,89,18
2024-02-17 10:00:00,320,139,28
2024-02-17 11:00:00,531,168,23
2024-02-17 12:00:00,567,190,27
2024-02-17 13:00:00,569,197,30
2024-02-17 14:00:00,458,224,35
2024-02-17 15:00:00,499,174,14
2024-02-17 16:00:00,476,205,25
2024-02-17 17:00:00,388,253,30
2024-02-17 18:00:00,259,349,25
2024-02-17 19:00:00,234,313,29
2024-02-17 20:00:00,212,274,21
2024-02-17 21:00:00,175,232,18
2024-02-17 22:00:00,218,298,5
2024-02-17 23:00:00,186,238,11
2024-02-18 00:00:00,136,207,7
2024-02-18 01:00:00,121,188,3
2024-02-18 02:00:00,89,127,6
2024-02-18 03:00:00,67,129,4
2024-02-18 04:00:00,15,84,1
2024-02-18 05:00:00,2,42,1
2024-02-18 06:00:00,14,33,3
2024-02-18 07:00:00,15,31,4
2024-02-18 08:00:00,66,54,9
2024-02-18 09:00:00,111,80,14
2024-02-18 10:00:00,190,131,18
2024-02-18 11:00:00,335,147,18
2024-02-18 12:00:00,301,165,12
2024-02-18 13:00:00,358,164,31
2024-02-18 14:00:00,344,147,30
2024-02-18 15:00:00,331,145,21
2024-02-18 16:00:00,281,136,27
2024-02-18 17:00:00,368,134,30
2024-02-18 18:00:00,326,198,41
2024-02-18 19:00:00,228,150,27
2024-02-18 20:00:00,148,135,26
2024-02-18 21:00:00,146,119,21
2024-02-18 22:00:00,121,102,10
2024-02-18 23:00:00,47,68,9
2024-02-19 00:00:00,25,40,0
2024-02-19 01:00:00,9,43,3
2024-02-19 02:00:00,4,19,0
2024-02-19 03:00:00,6,19,0
2024-02-19 04:00:00,2,28,0
2024-02-19 05:00:00,14,29,4
2024-02-19 06:00:00,38,85,17
2024-02-19 07:00:00,168,159,57
2024-02-19 08:00:00,528,199,107
2024-02-19 09:00:00,301,243,61
2024-02-19 10:00:00,267,162,32
2024-02-19 11:00:00,354,149,32
2024-02-19 12:00:00,518,151,38
2024-02-19 13:00:00,547,132,32
2024-02-19 14:00:00,383,142,25
2024-02-19 15:00:00,436,149,34
2024-02-19 16:00:00,455,173,58
2024-02-19 17:00:00,604,185,124
2024-02-19 18:00:00,406,194,87
2024-02-19 19:00:00,252,177,55
2024-02-19 20:00:00,163,140,30
2024-02-19 21:00:00,94,106,18
2024-02-19 22:00:00,119,92,12
2024-02-19 23:00:00,153,76,6
2024-02-20 00:00:00,49,45,1
2024-02-20 01:00:00,21,33,1
2024-02-20 02:00:00,3,20,2
2024-02-20 03:00:00,11,13,4
2024-02-20 04:00:00,4,24,7
2024-02-20 05:00:00,14,27,5
2024-02-20 06:00:00,44,85,29
2024-02-20 07:00:00,215,166,62
2024-02-20 08:00:00,596,227,154
2024-02-20 09:00:00,418,258,85
2024-02-20 10:00:00,335,178,31
2024-02-20 11:00:00,306,198,28
2024-02-20 12:00:00,574,159,51
2024-02-20 13:00:00,625,170,38
2024-02-20 14:00:00,354,160,31
2024-02-20 15:00:00,320,162,36
2024-02-20 16:00:00,501,240,66
2024-02-20 17:00:00,704,221,157
2024-02-20 18:00:00,413,215,115
2024-02-20 19:00:00,293,223,43
2024-02-20 20:00:00,182,141,41
2024-02-20 21:00:00,146,158,21
2024-02-20 22:00:00,145,132,14
2024-02-20 23:00:00,81,88,8
2024-02-21 00:00:00,40,70,1
2024-02-21 01:00:00,16,45,1
2024-02-21 02:00:00,13,27,0
2024-02-21 03:00:00,9,17,2
2024-02-21 04:00:00,7,21,0
2024-02-21 05:00:00,6,33,2
2024-02-21 06:00:00,28,118,9
2024-02-21 07:00:00,132,203,54
2024-02-21 08:00:00,503,245,113
2024-02-21 09:00:00,363,275,46
2024-02-21 10:00:00,241,257,17
2024-02-21 11:00:00,223,202,16
2024-02-21 12:00:00,547,187,35
2024-02-21 13:00:00,525,182,20
2024-02-21 14:00:00,316,176,25
2024-02-21 15:00:00,346,196,19
2024-02-21 16:00:00,489,216,48
2024-02-21 17:00:00,718,267,121
2024-02-21 18:00:00,445,274,117
2024-02-21 19:00:00,230,243,43
2024-02-21 20:00:00,162,158,29
2024-02-21 21:00:00,153,161,24
2024-02-21 22:00:00,179,130,13
2024-02-21 23:00:00,57,101,8
2024-02-22 00:00:00,36,73,7
2024-02-22 01:00:00,18,56,2
2024-02-22 02:00:00,12,30,0
2024-02-22 03:00:00,5,24,0
2024-02-22 04:00:00,6,21,1
2024-02-22 05:00:00,10,29,3
2024-02-22 06:00:00,47,77,13
2024-02-22 07:00:00,168,185,38
2024-02-22 08:00:00,541,250,115
2024-02-22 09:00:00,429,291,71
2024-02-22 10:00:00,263,255,26
2024-02-22 11:00:00,301,190,23
2024-02-22 12:00:00,547,185,35
2024-02-22 13:00:00,424,196,26
2024-02-22 14:00:00,324,196,20
2024-02-22 15:00:00,315,171,22
2024-02-22 16:00:00,420,225,46
2024-02-22 17:00:00,727,272,100
2024-02-22 18:00:00,377,291,103
2024-02-22 19:00:00,239,204,57
2024-02-22 20:00:00,172,170,35
2024-02-22 21:00:00,147,160,23
2024-02-22 22:00:00,153,168,10
2024-02-22 23:00:00,84,115,2
2024-02-23 00:00:00,45,76,1
2024-02-23 01:00:00,26,82,0
2024-02-23 02:00:00,12,43,1
2024-02-23 03:00:00,23,26,2
2024-02-23 04:00:00,12,31,2
2024-02-23 05:00:00,12,34,5
2024-02-23 06:00:00,37,67,13
2024-02-23 07:00:00,144,121,43
2024-02-23 08:00:00,431,215,118
2024-02-23 09:00:00,326,212,69
2024-02-23 10:00:00,328,188,27
2024-02-23 11:00:00,285,207,19
2024-02-23 12:00:00,575,195,44
2024-02-23 13:00:00,591,213,31
2024-02-23 14:00:00,482,221,29
2024-02-23 15:00:00,420,236,31
2024-02-23 16:00:00,486,319,49
2024-02-23 17:00:00,584,293,91
2024-02-23 18:00:00,422,316,59
2024-02-23 19:00:00,350,333,44
2024-02-23 20:00:00,261,238,48
2024-02-23 21:00:00,231,210,22
2024-02-23 22:00:00,305,221,16
2024-02-23 23:00:00,186,185,13
2024-02-24 00:00:00,188,172,6
2024-02-24 01:00:00,105,156,2
2024-02-24 02:00:00,64,116,1
2024-02-24 03:00:00,58,85,0
2024-02-24 04:00:00,30,63,2
2024-02-24 05:00:00,17,33,3
2024-02-24 06:00:00,23,37,8
2024-02-24 07:00:00,49,56,10
2024-02-24 08:00:00,73,85,6
2024-02-24 09:00:00,165,130,19
2024-02-24 10:00:00,358,143,31
2024-02-24 11:00:00,451,174,21
2024-02-24 12:00:00,564,199,42
2024-02-24 13:00:00,713,238,54
2024-02-24 14:00:00,525,265,23
2024-02-24 15:00:00,561,215,28
2024-02-24 16:00:00,528,214,34
2024-02-24 17:00:00,620,224,19
2024-02-24 18:00:00,480,271,35
2024-02-24 19:00:00,476,317,32
2024-02-24 20:00:00,278,244,24
2024-02-24 21:00:00,312,243,21
2024-02-24 22:00:00,429,300,17
2024-02-24 23:00:00,301,240,8
2024-02-25 00:00:00,190,217,3
2024-02-25 01:00:00,160,239,8
2024-02-25 02:00:00,123,197,3
2024-02-25 03:00:00,73,129,1
2024-02-25 04:00:00,36,79,3
2024-02-25 05:00:00,21,51,3
2024-02-25 06:00:00,11,41,6
2024-02-25 07:00:00,17,34,8
2024-02-25 08:00:00,60,28,19
2024-02-25 09:00:00,135,44,12
2024-02-25 10:00:00,255,56,12
2024-02-25 11:00:00,258,88,12
2024-02-25 12:00:00,316,98,29
2024-02-25 13:00:00,262,93,14
2024-02-25 14:00:00,261,81,16
2024-02-25 15:00:00,192,76,20
2024-02-25 16:00:00,179,72,14
2024-02-25 17:00:00,260,109,18
2024-02-25 18:00:00,170,136,25
2024-02-25 19:00:00,117,135,18
2024-02-25 20:00:00,117,159,16
2024-02-25 21:00:00,76,120,10
2024-02-25 22:00:00,74,87,9
2024-02-25 23:00:00,50,74,5
2024-02-26 00:00:00,29,54,3
2024-02-26 01:00:00,9,35,0
2024-02-26 02:00:00,4,24,4
2024-02-26 03:00:00,6,12,1
2024-02-26 04:00:00,8,25,0
2024-02-26 05:00:00,13,23,4
2024-02-26 06:00:00,28,87,11
2024-02-26 07:00:00,148,141,50
2024-02-26 08:00:00,468,209,113
2024-02-26 09:00:00,346,162,49
2024-02-26 10:00:00,197,120,23
2024-02-26 11:00:00,199,104,22
2024-02-26 12:00:00,403,115,31
2024-02-26 13:00:00,345,127,40
2024-02-26 14:00:00,228,136,17
2024-02-26 15:00:00,238,127,27
2024-02-26 16:00:00,326,162,56
2024-02-26 17:00:00,501,177,123
2024-02-26 18:00:00,290,193,79
2024-02-26 19:00:00,182,123,33
2024-02-26 20:00:00,131,120,35
2024-02-26 21:00:00,118,133,23
2024-02-26 22:00:00,71,103,10
2024-02-26 23:00:00,45,60,5
2024-02-27 00:00:00,31,59,3
2024-02-27 01:00:00,11,40,1
2024-02-27 02:00:00,8,28,0
2024-02-27 03:00:00,11,15,0
2024-02-27 04:00:00,1,24,3
2024-02-27 05:00:00,11,27,4
2024-02-27 06:00:00,37,85,15
2024-02-27 07:00:00,189,178,49
2024-02-27 08:00:00,540,226,150
2024-02-27 09:00:00,315,210,82
2024-02-27 10:00:00,197,171,36
2024-02-27 11:00:00,223,133,23
2024-02-27 12:00:00,515,131,57
2024-02-27 13:00:00,465,134,31
2024-02-27 14:00:00,225,107,20
2024-02-27 15:00:00,247,141,36
2024-02-27 16:00:00,341,177,57
2024-02-27 17:00:00,561,222,145
2024-02-27 18:00:00,343,236,100
2024-02-27 19:00:00,206,212,60
2024-02-27 20:00:00,150,179,32
2024-02-27 21:00:00,114,136,24
2024-02-27 22:00:00,129,113,14
2024-02-27 23:00:00,65,75,3
2024-02-28 00:00:00,26,53,3
2024-02-28 01:00:00,24,36,1
2024-02-28 02:00:00,11,38,1
2024-02-28 03:00:00,4,26,2
2024-02-28 04:00:00,2,24,1
2024-02-28 05:00:00,6,37,5
2024-02-28 06:00:00,33,88,14
2024-02-28 07:00:00,222,173,52
2024-02-28 08:00:00,522,223,124
2024-02-28 09:00:00,307,213,76
2024-02-28 10:00:00,218,149,19
2024-02-28 11:00:00,223,136,28
2024-02-28 12:00:00,426,127,41
2024-02-28 13:00:00,429,142,40
2024-02-28 14:00:00,283,130,29
2024-02-28 15:00:00,283,143,35
2024-02-28 16:00:00,445,191,62
2024-02-28 17:00:00,579,256,107
2024-02-28 18:00:00,342,269,113
2024-02-28 19:00:00,199,216,59
2024-02-28 20:00:00,156,152,48
2024-02-28 21:00:00,105,171,22
2024-02-28 22:00:00,142,124,13
2024-02-28 23:00:00,56,91,7
2024-02-29 00:00:00,22,52,5
2024-02-29 01:00:00,13,42,2
2024-02-29 02:00:00,8,17,0
2024-02-29 03:00:00,8,32,1
2024-02-29 04:00:00,5,23,2
2024-02-29 05:00:00,10,28,5
2024-02-29 06:00:00,29,78,10
2024-02-29 07:00:00,159,176,41
2024-02-29 08:00:00,539,190,113
2024-02-29 09:00:00,307,227,68
2024-02-29 10:00:00,194,147,30
2024-02-29 11:00:00,218,110,30
2024-02-29 12:00:00,492,134,41
2024-02-29 13:00:00,479,134,29
2024-02-29 14:00:00,266,143,28
2024-02-29 15:00:00,317,140,29
2024-02-29 16:00:00,350,185,57
2024-02-29 17:00:00,632,233,113
2024-02-29 18:00:00,397,245,86
2024-02-29 19:00:00,231,215,63
2024-02-29 20:00:00,215,157,31
2024-02-29 21:00:00,194,171,25
2024-02-29 22:00:00,191,134,20
2024-02-29 23:00:00,144,126,3
2024-03-01 00:00:00,80,112,10
2024-03-01 01:00:00,30,80,1
2024-03-01 02:00:00,82,47,0
2024-03-01 03:00:00,80,48,4
2024-03-01 04:00:00,4,39,1
2024-03-01 05:00:00,3,37,2
2024-03-01 06:00:00,23,76,10
2024-03-01 07:00:00,145,149,43
2024-03-01 08:00:00,328,201,79
2024-03-01 09:00:00,222,190,32
2024-03-01 10:00:00,202,167,19
2024-03-01 11:00:00,226,131,17
2024-03-01 12:00:00,434,145,43
2024-03-01 13:00:00,383,158,33
2024-03-01 14:00:00,255,188,19
2024-03-01 15:00:00,123,126,26
2024-03-01 16:00:00,430,214,52
2024-03-01 17:00:00,513,229,74
2024-03-01 18:00:00,320,312,54
2024-03-01 19:00:00,310,333,50
2024-03-01 20:00:00,216,262,38
2024-03-01 21:00:00,200,231,22
2024-03-01 22:00:00,90,135,6
2024-03-01 23:00:00,224,253,7
2024-03-02 00:00:00,103,195,6
2024-03-02 01:00:00,66,157,5
2024-03-02 02:00:00,101,101,4
2024-03-02 03:00:00,72,82,2
2024-03-02 04:00:00,41,72,3
2024-03-02 05:00:00,5,40,2
2024-03-02 06:00:00,16,46,7
2024-03-02 07:00:00,52,61,5
2024-03-02 08:00:00,89,85,5
2024-03-02 09:00:00,166,93,14
2024-03-02 10:00:00,181,143,12
2024-03-02 11:00:00,284,221,12
2024-03-02 12:00:00,343,228,12
2024-03-02 13:00:00,253,239,59
2024-03-02 14:00:00,284,193,18
2024-03-02 15:00:00,265,270,33
2024-03-02 16:00:00,319,331,21
2024-03-02 17:00:00,463,254,32
2024-03-02 18:00:00,363,283,36
2024-03-02 19:00:00,315,303,37
2024-03-02 20:00:00,281,276,20
2024-03-02 21:00:00,288,229,15
2024-03-02 22:00:00,395,254,7
2024-03-02 23:00:00,197,221,7
2024-03-03 00:00:00,140,215,3
2024-03-03 01:00:00,105,212,1
2024-03-03 02:00:00,92,173,0
2024-03-03 03:00:00,59,130,1
2024-03-03 04:00:00,66,114,3
2024-03-03 05:00:00,15,48,2
2024-03-03 06:00:00,16,26,5
2024-03-03 07:00:00,16,41,6
2024-03-03 08:00:00,59,60,8
2024-03-03 09:00:00,104,100,8
2024-03-03 10:00:00,205,144,23
2024-03-03 11:00:00,200,129,22
2024-03-03 12:00:00,234,117,30
2024-03-03 13:00:00,242,165,30
2024-03-03 14:00:00,312,141,30
2024-03-03 15:00:00,288,154,26
2024-03-03 16:00:00,124,90,11
2024-03-03 17:00:00,288,183,24
2024-03-03 18:00:00,231,199,41
2024-03-03 19:00:00,209,148,28
2024-03-03 20:00:00,144,152,28
2024-03-03 21:00:00,103,138,13
2024-03-03 22:00:00,69,103,5
2024-03-03 23:00:00,31,74,2
2024-03-04 00:00:00,23,47,2
2024-03-04 01:00:00,13,43,0
2024-03-04 02:00:00,10,23,0
2024-03-04 03:00:00,6,24,1
2024-03-04 04:00:00,7,20,3
2024-03-04 05:00:00,8,25,4
2024-03-04 06:00:00,32,78,12
2024-03-04 07:00:00,146,151,48
2024-03-04 08:00:00,453,214,126
2024-03-04 09:00:00,278,191,64
2024-03-04 10:00:00,206,113,30
2024-03-04 11:00:00,231,98,29
2024-03-04 12:00:00,393,107,36
2024-03-04 13:00:00,382,109,27
2024-03-04 14:00:00,216,116,29
2024-03-04 15:00:00,222,128,18
2024-03-04 16:00:00,322,179,52
2024-03-04 17:00:00,351,141,66
2024-03-04 18:00:00,176,180,46
2024-03-04 19:00:00,139,162,45
2024-03-04 20:00:00,105,129,28
2024-03-04 21:00:00,116,117,20
2024-03-04 22:00:00,76,110,9
2024-03-04 23:00:00,39,63,5
2024-03-05 00:00:00,26,51,2
2024-03-05 01:00:00,5,40,0
2024-03-05 02:00:00,2,17,1
2024-03-05 03:00:00,7,18,1
2024-03-05 04:00:00,4,25,1
2024-03-05 05:00:00,7,28,4
2024-03-05 06:00:00,37,106,15
2024-03-05 07:00:00,177,177,52
2024-03-05 08:00:00,514,189,144
2024-03-05 09:00:00,318,183,70
2024-03-05 10:00:00,207,145,34
2024-03-05 11:00:00,160,82,17
2024-03-05 12:00:00,394,100,35
2024-03-05 13:00:00,430,110,36
2024-03-05 14:00:00,257,133,34
2024-03-05 15:00:00,221,131,34
2024-03-05 16:00:00,351,177,74
2024-03-05 17:00:00,606,227,127
2024-03-05 18:00:00,406,223,103
2024-03-05 19:00:00,200,215,52
2024-03-05 20:00:00,129,156,36
2024-03-05 21:00:00,142,138,31
2024-03-05 22:00:00,109,130,10
2024-03-05 23:00:00,75,104,10
2024-03-06 00:00:00,32,70,2
2024-03-06 01:00:00,7,38,3
2024-03-06 02:00:00,10,33,1
2024-03-06 03:00:00,5,20,2
2024-03-06 04:00:00,3,30,1
2024-03-06 05:00:00,5,46,3
2024-03-06 06:00:00,34,88,15
2024-03-06 07:00:00,154,183,39
2024-03-06 08:00:00,502,210,114
2024-03-06 09:00:00,344,200,68
2024-03-06 10:00:00,225,148,29
2024-03-06 11:00:00,259,149,36
2024-03-06 12:00:00,503,144,41
2024-03-06 13:00:00,398,122,40
2024-03-06 14:00:00,211,137,27
2024-03-06 15:00:00,272,152,32
2024-03-06 16:00:00,371,177,65
2024-03-06 17:00:00,549,231,139
2024-03-06 18:00:00,376,240,92
2024-03-06 19:00:00,351,205,63
2024-03-06 20:00:00,202,153,48
2024-03-06 21:00:00,158,134,27
2024-03-06 22:00:00,209,149,18
2024-03-06 23:00:00,90,116,4
2024-03-07 00:00:00,38,69,5
2024-03-07 01:00:00,19,42,1
2024-03-07 02:00:00,16,30,1
2024-03-07 03:00:00,10,23,0
2024-03-07 04:00:00,4,27,1
2024-03-07 05:00:00,4,29,4
2024-03-07 06:00:00,32,89,26
2024-03-07 07:00:00,160,162,51
2024-03-07 08:00:00,533,193,132
2024-03-07 09:00:00,288,174,81
2024-03-07 10:00:00,246,145,38
2024-03-07 11:00:00,228,114,27
2024-03-07 12:00:00,527,140,38
2024-03-07 13:00:00,456,123,28
2024-03-07 14:00:00,289,168,36
2024-03-07 15:00:00,281,154,41
2024-03-07 16:00:00,388,242,42
2024-03-07 17:00:00,577,251,133
2024-03-07 18:00:00,355,272,110
2024-03-07 19:00:00,256,235,54
2024-03-07 20:00:00,141,151,50
2024-03-07 21:00:00,156,168,23
2024-03-07 22:00:00,146,153,19
2024-03-07 23:00:00,107,126,9
2024-03-08 00:00:00,29,100,3
2024-03-08 01:00:00,25,84,0
2024-03-08 02:00:00,18,53,1
2024-03-08 03:00:00,18,33,0
2024-03-08 04:00:00,5,28,2
2024-03-08 05:00:00,9,35,4
2024-03-08 06:00:00,27,84,19
2024-03-08 07:00:00,111,143,37
2024-03-08 08:00:00,400,183,91
2024-03-08 09:00:00,284,165,57
2024-03-08 10:00:00,237,139,28
2024-03-08 11:00:00,277,109,20
2024-03-08 12:00:00,441,123,41
2024-03-08 13:00:00,424,138,48
2024-03-08 14:00:00,395,172,25
2024-03-08 15:00:00,377,188,43
2024-03-08 16:00:00,459,210,52
2024-03-08 17:00:00,646,245,86
2024-03-08 18:00:00,542,298,58
2024-03-08 19:00:00,464,318,59
2024-03-08 20:00:00,266,217,41
2024-03-08 21:00:00,234,209,24
2024-03-08 22:00:00,365,220,24
2024-03-08 23:00:00,231,214,10
2024-03-09 00:00:00,151,235,3
2024-03-09 01:00:00,146,173,0
2024-03-09 02:00:00,120,106,4
2024-03-09 03:00:00,125,97,0
2024-03-09 04:00:00,41,60,1
2024-03-09 05:00:00,17,54,0
2024-03-09 06:00:00,15,42,10
2024-03-09 07:00:00,32,65,7
2024-03-09 08:00:00,98,83,4
2024-03-09 09:00:00,229,105,26
2024-03-09 10:00:00,423,144,30
2024-03-09 11:00:00,511,171,32
2024-03-09 12:00:00,644,179,22
2024-03-09 13:00:00,479,181,34
2024-03-09 14:00:00,528,183,31
2024-03-09 15:00:00,522,199,22
2024-03-09 16:00:00,491,214,27
2024-03-09 17:00:00,486,215,22
2024-03-09 18:00:00,412,241,31
2024-03-09 19:00:00,504,294,50
2024-03-09 20:00:00,252,237,32
2024-03-09 21:00:00,221,230,17
2024-03-09 22:00:00,291,284,15
2024-03-09 23:00:00,139,287,9
2024-03-10 00:00:00,101,233,5
2024-03-10 01:00:00,58,161,1
2024-03-10 02:00:00,66,148,0
2024-03-10 03:00:00,52,145,1
2024-03-10 04:00:00,26,84,2
2024-03-10 05:00:00,7,35,1
2024-03-10 06:00:00,12,32,3
2024-03-10 07:00:00,18,36,2
2024-03-10 08:00:00,80,65,12
2024-03-10 09:00:00,162,99,10
2024-03-10 10:00:00,622,182,9
2024-03-10 11:00:00,299,179,31
2024-03-10 12:00:00,383,147,34
2024-03-10 13:00:00,313,150,27
2024-03-10 14:00:00,315,141,15
2024-03-10 15:00:00,355,135,27
2024-03-10 16:00:00,271,158,16
2024-03-10 17:00:00,253,139,18
2024-03-10 18:00:00,323,168,27
2024-03-10 19:00:00,241,161,41
2024-03-10 20:00:00,213,149,31
2024-03-10 21:00:00,160,137,24
2024-03-10 22:00:00,167,120,8
2024-03-10 23:00:00,86,81,8
2024-03-11 00:00:00,23,59,5
2024-03-11 01:00:00,13,46,8
2024-03-11 02:00:00,18,22,1
2024-03-11 03:00:00,6,27,2
2024-03-11 04:00:00,3,18,1
2024-03-11 05:00:00,25,47,7
2024-03-11 06:00:00,29,60,20
2024-03-11 07:00:00,162,130,50
2024-03-11 08:00:00,467,235,132
2024-03-11 09:00:00,244,164,58
2024-03-11 10:00:00,188,129,26
2024-03-11 11:00:00,216,107,21
2024-03-11 12:00:00,391,107,33
2024-03-11 13:00:00,387,109,32
2024-03-11 14:00:00,218,137,34
2024-03-11 15:00:00,212,113,31
2024-03-11 16:00:00,344,180,49
2024-03-11 17:00:00,484,194,113
2024-03-11 18:00:00,348,187,79
2024-03-11 19:00:00,164,162,46
2024-03-11 20:00:00,129,117,32
2024-03-11 21:00:00,133,128,21
2024-03-11 22:00:00,121,91,11
2024-03-11 23:00:00,46,67,10
2024-03-12 00:00:00,30,55,1
2024-03-12 01:00:00,11,46,2
2024-03-12 02:00:00,5,19,0
2024-03-12 03:00:00,3,16,1
2024-03-12 04:00:00,2,16,1
2024-03-12 05:00:00,7,30,3
2024-03-12 06:00:00,41,89,9
2024-03-12 07:00:00,156,178,48
2024-03-12 08:00:00,451,237,112
2024-03-12 09:00:00,327,277,68
2024-03-12 10:00:00,180,177,25
2024-03-12 11:00:00,172,139,14
2024-03-12 12:00:00,354,145,27
2024-03-12 13:00:00,392,155,34
2024-03-12 14:00:00,210,154,28
2024-03-12 15:00:00,215,179,22
2024-03-12 16:00:00,395,217,50
2024-03-12 17:00:00,579,250,119
2024-03-12 18:00:00,396,211,98
2024-03-12 19:00:00,195,216,44
2024-03-12 20:00:00,167,168,30
2024-03-12 21:00:00,146,139,18
2024-03-12 22:00:00,117,122,13
2024-03-12 23:00:00,73,92,10
2024-03-13 00:00:00,34,74,3
2024-03-13 01:00:00,24,53,2
2024-03-13 02:00:00,17,26,1
2024-03-13 03:00:00,9,23,0
2024-03-13 04:00:00,5,30,1
2024-03-13 05:00:00,8,42,5
2024-03-13 06:00:00,38,88,15
2024-03-13 07:00:00,195,188,49
2024-03-13 08:00:00,535,211,141
2024-03-13 09:00:00,347,212,70
2024-03-13 10:00:00,237,154,33
2024-03-13 11:00:00,240,123,38
2024-03-13 12:00:00,469,109,42
2024-03-13 13:00:00,489,146,54
2024-03-13 14:00:00,291,145,30
2024-03-13 15:00:00,275,146,34
2024-03-13 16:00:00,507,203,61
2024-03-13 17:00:00,678,233,157
2024-03-13 18:00:00,498,194,82
2024-03-13 19:00:00,293,207,62
2024-03-13 20:00:00,237,155,44
2024-03-13 21:00:00,179,153,25
2024-03-13 22:00:00,214,118,11
2024-03-13 23:00:00,125,112,12
2024-03-14 00:00:00,66,74,3
2024-03-14 01:00:00,42,67,3
2024-03-14 02:00:00,21,37,0
2024-03-14 03:00:00,16,18,3
2024-03-14 04:00:00,6,26,3
2024-03-14 05:00:00,6,38,4
2024-03-14 06:00:00,56,80,26
2024-03-14 07:00:00,166,149,51
2024-03-14 08:00:00,526,184,114
2024-03-14 09:00:00,313,233,63
2024-03-14 10:00:00,247,167,29
2024-03-14 11:00:00,288,129,22
2024-03-14 12:00:00,462,129,45
2024-03-14 13:00:00,482,151,36
2024-03-14 14:00:00,282,142,23
2024-03-14 15:00:00,311,176,38
2024-03-14 16:00:00,382,227,54
2024-03-14 17:00:00,610,296,114
2024-03-14 18:00:00,508,222,83
2024-03-14 19:00:00,276,208,48
2024-03-14 20:00:00,223,135,44
2024-03-14 21:00:00,194,171,32
2024-03-14 22:00:00,168,146,13
2024-03-14 23:00:00,136,122,11
2024-03-15 00:00:00,76,92,3
2024-03-15 01:00:00,47,70,3
2024-03-15 02:00:00,27,46,0
2024-03-15 03:00:00,27,25,0
2024-03-15 04:00:00,14,30,1
2024-03-15 05:00:00,21,39,4
2024-03-15 06:00:00,37,63,12
2024-03-15 07:00:00,166,150,42
2024-03-15 08:00:00,354,183,74
2024-03-15 09:00:00,295,155,53
2024-03-15 10:00:00,195,168,22
2024-03-15 11:00:00,227,100,30
2024-03-15 12:00:00,437,147,27
2024-03-15 13:00:00,510,156,33
2024-03-15 14:00:00,294,163,27
2024-03-15 15:00:00,356,182,32
2024-03-15 16:00:00,520,186,52
2024-03-15 17:00:00,694,206,65
2024-03-15 18:00:00,566,196,55
2024-03-15 19:00:00,411,235,68
2024-03-15 20:00:00,321,225,50
2024-03-15 21:00:00,239,190,25
2024-03-15 22:00:00,391,219,14
2024-03-15 23:00:00,234,205,17
2024-03-16 00:00:00,203,156,2
2024-03-16 01:00:00,135,147,5
2024-03-16 02:00:00,89,110,3
2024-03-16 03:00:00,65,54,0
2024-03-16 04:00:00,29,42,0
2024-03-16 05:00:00,23,44,1
2024-03-16 06:00:00,26,48,6
2024-03-16 07:00:00,27,36,8
2024-03-16 08:00:00,93,49,15
2024-03-16 09:00:00,195,87,16
2024-03-16 10:00:00,330,143,23
2024-03-16 11:00:00,466,160,20
2024-03-16 12:00:00,500,188,13
2024-03-16 13:00:00,600,192,24
2024-03-16 14:00:00,489,197,28
2024-03-16 15:00:00,418,170,24
2024-03-16 16:00:00,411,183,19
2024-03-16 17:00:00,477,194,21
2024-03-16 18:00:00,471,175,29
2024-03-16 19:00:00,384,237,37
2024-03-16 20:00:00,297,205,24
2024-03-16 21:00:00,330,183,14
2024-03-16 22:00:00,328,220,16
2024-03-16 23:00:00,272,197,15
2024-03-17 00:00:00,190,198,4
2024-03-17 01:00:00,83,168,1
2024-03-17 02:00:00,84,152,3
2024-03-17 03:00:00,79,86,0
2024-03-17 04:00:00,41,67,0
2024-03-17 05:00:00,7,39,1
2024-03-17 06:00:00,11,19,4
2024-03-17 07:00:00,21,26,5
2024-03-17 08:00:00,75,57,10
2024-03-17 09:00:00,166,95,17
2024-03-17 10:00:00,271,133,18
2024-03-17 11:00:00,266,126,19
2024-03-17 12:00:00,383,153,17
2024-03-17 13:00:00,369,171,19
2024-03-17 14:00:00,365,137,29
2024-03-17 15:00:00,393,177,39
2024-03-17 16:00:00,340,158,31
2024-03-17 17:00:00,338,135,24
2024-03-17 18:00:00,337,143,24
2024-03-17 19:00:00,210,152,36
2024-03-17 20:00:00,189,118,28
2024-03-17 21:00:00,122,102,22
2024-03-17 22:00:00,149,119,17
2024-03-17 23:00:00,175,119,7
2024-03-18 00:00:00,73,73,4
2024-03-18 01:00:00,34,53,3
2024-03-18 02:00:00,23,43,3
2024-03-18 03:00:00,9,26,1
2024-03-18 04:00:00,2,20,0
2024-03-18 05:00:00,10,31,6
2024-03-18 06:00:00,46,64,16
2024-03-18 07:00:00,173,149,43
2024-03-18 08:00:00,462,164,116
2024-03-18 09:00:00,271,162,52
2024-03-18 10:00:00,226,112,34
2024-03-18 11:00:00,247,96,34
2024-03-18 12:00:00,405,90,33
2024-03-18 13:00:00,390,113,44
2024-03-18 14:00:00,238,104,16
2024-03-18 15:00:00,287,127,31
2024-03-18 16:00:00,433,141,51
2024-03-18 17:00:00,541,165,113
2024-03-18 18:00:00,362,145,80
2024-03-18 19:00:00,245,158,41
2024-03-18 20:00:00,124,129,29
2024-03-18 21:00:00,115,94,11
2024-03-18 22:00:00,93,80,14
2024-03-18 23:00:00,72,49,12
2024-03-19 00:00:00,37,53,4
2024-03-19 01:00:00,16,22,3
2024-03-19 02:00:00,6,23,2
2024-03-19 03:00:00,16,13,2
2024-03-19 04:00:00,10,15,1
2024-03-19 05:00:00,13,33,3
2024-03-19 06:00:00,42,94,14
2024-03-19 07:00:00,220,144,54
2024-03-19 08:00:00,585,191,139
2024-03-19 09:00:00,359,174,81
2024-03-19 10:00:00,199,110,27
2024-03-19 11:00:00,209,95,24
2024-03-19 12:00:00,428,98,31
2024-03-19 13:00:00,418,88,21
2024-03-19 14:00:00,251,143,36
2024-03-19 15:00:00,315,139,42
2024-03-19 16:00:00,439,155,68
2024-03-19 17:00:00,662,170,125
2024-03-19 18:00:00,481,167,83
2024-03-19 19:00:00,213,175,57
2024-03-19 20:00:00,158,129,27
2024-03-19 21:00:00,170,131,21
2024-03-19 22:00:00,126,113,10
2024-03-19 23:00:00,85,76,6
2024-03-20 00:00:00,31,62,2
2024-03-20 01:00:00,14,47,4
2024-03-20 02:00:00,8,24,0
2024-03-20 03:00:00,12,21,0
2024-03-20 04:00:00,7,15,0
2024-03-20 05:00:00,18,43,2
2024-03-20 06:00:00,42,83,10
2024-03-20 07:00:00,236,146,58
2024-03-20 08:00:00,584,140,117
2024-03-20 09:00:00,358,185,69
2024-03-20 10:00:00,274,141,34
2024-03-20 11:00:00,313,99,25
2024-03-20 12:00:00,637,111,43
2024-03-20 13:00:00,534,121,33
2024-03-20 14:00:00,303,146,30
2024-03-20 15:00:00,327,138,34
2024-03-20 16:00:00,448,174,60
2024-03-20 17:00:00,691,186,133
2024-03-20 18:00:00,483,172,102
2024-03-20 19:00:00,241,141,60
2024-03-20 20:00:00,186,131,33
2024-03-20 21:00:00,183,135,26
2024-03-20 22:00:00,154,121,18
2024-03-20 23:00:00,119,93,11
2024-03-21 00:00:00,42,75,1
2024-03-21 01:00:00,13,37,4
2024-03-21 02:00:00,16,41,1
2024-03-21 03:00:00,17,22,1
2024-03-21 04:00:00,8,20,2
2024-03-21 05:00:00,11,29,2
2024-03-21 06:00:00,40,64,21
2024-03-21 07:00:00,188,133,43
2024-03-21 08:00:00,566,167,119
2024-03-21 09:00:00,411,176,61
2024-03-21 10:00:00,308,125,33
2024-03-21 11:00:00,332,107,24
2024-03-21 12:00:00,572,106,49
2024-03-21 13:00:00,455,111,34
2024-03-21 14:00:00,312,147,24
2024-03-21 15:00:00,327,138,37
2024-03-21 16:00:00,473,181,71
2024-03-21 17:00:00,713,197,111
2024-03-21 18:00:00,471,193,95
2024-03-21 19:00:00,288,186,57
2024-03-21 20:00:00,201,125,36
2024-03-21 21:00:00,165,155,23
2024-03-21 22:00:00,225,139,19
2024-03-21 23:00:00,93,109,9
2024-03-22 00:00:00,47,90,3
2024-03-22 01:00:00,41,69,3
2024-03-22 02:00:00,22,47,0
2024-03-22 03:00:00,9,22,1
2024-03-22 04:00:00,7,27,1
2024-03-22 05:00:00,18,38,4
2024-03-22 06:00:00,44,69,15
2024-03-22 07:00:00,156,115,31
2024-03-22 08:00:00,430,173,100
2024-03-22 09:00:00,295,149,55
2024-03-22 10:00:00,284,130,30
2024-03-22 11:00:00,326,118,32
2024-03-22 12:00:00,533,111,26
2024-03-22 13:00:00,503,140,32
2024-03-22 14:00:00,382,190,26
2024-03-22 15:00:00,438,172,31
2024-03-22 16:00:00,489,196,64
2024-03-22 17:00:00,673,212,72
2024-03-22 18:00:00,508,283,59
2024-03-22 19:00:00,332,221,40
2024-03-22 20:00:00,254,123,34
2024-03-22 21:00:00,186,113,22
2024-03-22 22:00:00,332,124,16
2024-03-22 23:00:00,198,94,13
2024-03-23 00:00:00,143,135,5
2024-03-23 01:00:00,75,128,4
2024-03-23 02:00:00,61,106,3
2024-03-23 03:00:00,91,59,0
2024-03-23 04:00:00,21,51,0
2024-03-23 05:00:00,17,57,3
2024-03-23 06:00:00,29,21,4
2024-03-23 07:00:00,41,48,11
2024-03-23 08:00:00,114,70,16
2024-03-23 09:00:00,319,99,20
2024-03-23 10:00:00,382,128,22
2024-03-23 11:00:00,510,170,31
2024-03-23 12:00:00,542,216,21
2024-03-23 13:00:00,469,204,17
2024-03-23 14:00:00,485,184,24
2024-03-23 15:00:00,439,176,30
2024-03-23 16:00:00,488,188,20
2024-03-23 17:00:00,489,207,44
2024-03-23 18:00:00,549,200,34
2024-03-23 19:00:00,408,262,37
2024-03-23 20:00:00,333,195,25
2024-03-23 21:00:00,267,213,32
2024-03-23 22:00:00,330,272,9
2024-03-23 23:00:00,259,242,13
2024-03-24 00:00:00,233,196,5
2024-03-24 01:00:00,146,192,7
2024-03-24 02:00:00,133,146,4
2024-03-24 03:00:00,112,122,0
2024-03-24 04:00:00,29,61,3
2024-03-24 05:00:00,11,58,1
2024-03-24 06:00:00,14,24,3
2024-03-24 07:00:00,33,27,5
2024-03-24 08:00:00,49,64,17
2024-03-24 09:00:00,105,99,21
2024-03-24 10:00:00,230,136,19
2024-03-24 11:00:00,301,163,22
2024-03-24 12:00:00,342,147,26
2024-03-24 13:00:00,317,148,28
2024-03-24 14:00:00,247,159,24
2024-03-24 15:00:00,277,118,25
2024-03-24 16:00:00,211,161,20
2024-03-24 17:00:00,242,154,45
2024-03-24 18:00:00,233,93,35
2024-03-24 19:00:00,185,108,40
2024-03-24 20:00:00,147,109,29
2024-03-24 21:00:00,107,97,8
2024-03-24 22:00:00,75,107,7
2024-03-24 23:00:00,67,87,6
2024-03-25 00:00:00,20,54,1
2024-03-25 01:00:00,7,47,0
2024-03-25 02:00:00,3,15,1
2024-03-25 03:00:00,5,13,1
2024-03-25 04:00:00,7,26,0
2024-03-25 05:00:00,7,45,1
2024-03-25 06:00:00,37,58,15
2024-03-25 07:00:00,173,109,57
2024-03-25 08:00:00,527,164,111
2024-03-25 09:00:00,311,174,58
2024-03-25 10:00:00,374,146,20
2024-03-25 11:00:00,293,102,30
2024-03-25 12:00:00,512,124,33
2024-03-25 13:00:00,424,119,26
2024-03-25 14:00:00,272,123,17
2024-03-25 15:00:00,295,145,29
2024-03-25 16:00:00,375,165,51
2024-03-25 17:00:00,642,212,113
2024-03-25 18:00:00,420,160,55
2024-03-25 19:00:00,224,128,38
2024-03-25 20:00:00,164,250,36
2024-03-25 21:00:00,108,221,18
2024-03-25 22:00:00,181,183,13
2024-03-25 23:00:00,62,112,7
2024-03-26 00:00:00,23,80,4
2024-03-26 01:00:00,15,47,2
2024-03-26 02:00:00,8,32,1
2024-03-26 03:00:00,13,27,1
2024-03-26 04:00:00,1,39,1
2024-03-26 05:00:00,17,44,4
2024-03-26 06:00:00,38,81,19
2024-03-26 07:00:00,236,168,58
2024-03-26 08:00:00,630,191,132
2024-03-26 09:00:00,342,178,68
2024-03-26 10:00:00,229,132,28
2024-03-26 11:00:00,277,127,21
2024-03-26 12:00:00,527,136,36
2024-03-26 13:00:00,538,144,27
2024-03-26 14:00:00,276,150,23
2024-03-26 15:00:00,325,146,44
2024-03-26 16:00:00,403,191,65
2024-03-26 17:00:00,606,235,136
2024-03-26 18:00:00,416,224,74
2024-03-26 19:00:00,268,262,50
2024-03-26 20:00:00,188,301,32
2024-03-26 21:00:00,139,214,18
2024-03-26 22:00:00,266,211,11
2024-03-26 23:00:00,85,134,8
2024-03-27 00:00:00,69,90,0
2024-03-27 01:00:00,37,62,4
2024-03-27 02:00:00,15,38,1
2024-03-27 03:00:00,8,27,0
2024-03-27 04:00:00,7,34,1
2024-03-27 05:00:00,13,39,3
2024-03-27 06:00:00,46,71,20
2024-03-27 07:00:00,213,178,62
2024-03-27 08:00:00,544,189,87
2024-03-27 09:00:00,335,203,51
2024-03-27 10:00:00,247,178,23
2024-03-27 11:00:00,195,143,28
2024-03-27 12:00:00,397,138,44
2024-03-27 13:00:00,413,166,25
2024-03-27 14:00:00,196,169,18
2024-03-27 15:00:00,326,163,35
2024-03-27 16:00:00,474,260,45
2024-03-27 17:00:00,763,276,143
2024-03-27 18:00:00,416,222,86
2024-03-27 19:00:00,185,247,41
2024-03-27 20:00:00,201,149,28
2024-03-27 21:00:00,98,143,33
2024-03-27 22:00:00,119,173,8
2024-03-27 23:00:00,37,112,10
2024-03-28 00:00:00,12,88,2
2024-03-28 01:00:00,13,70,0
2024-03-28 02:00:00,13,41,0
2024-03-28 03:00:00,4,20,0
2024-03-28 04:00:00,12,24,2
2024-03-28 05:00:00,5,32,3
2024-03-28 06:00:00,36,66,18
2024-03-28 07:00:00,175,168,31
2024-03-28 08:00:00,543,202,97
2024-03-28 09:00:00,325,192,46
2024-03-28 10:00:00,206,171,16
2024-03-28 11:00:00,285,162,19
2024-03-28 12:00:00,493,138,30
2024-03-28 13:00:00,462,169,27
2024-03-28 14:00:00,254,243,23
2024-03-28 15:00:00,294,208,32
2024-03-28 16:00:00,387,302,39
2024-03-28 17:00:00,684,312,89
2024-03-28 18:00:00,492,289,54
2024-03-28 19:00:00,313,299,25
2024-03-28 20:00:00,238,225,38
2024-03-28 21:00:00,222,207,25
2024-03-28 22:00:00,261,184,13
2024-03-28 23:00:00,206,181,15
2024-03-29 00:00:00,139,154,4
2024-03-29 01:00:00,77,123,1
2024-03-29 02:00:00,75,97,1
2024-03-29 03:00:00,49,54,1
2024-03-29 04:00:00,54,67,0
2024-03-29 05:00:00,8,46,5
2024-03-29 06:00:00,22,33,7
2024-03-29 07:00:00,53,66,11
2024-03-29 08:00:00,96,73,5
2024-03-29 09:00:00,151,117,13
2024-03-29 10:00:00,204,189,15
2024-03-29 11:00:00,331,311,15
2024-03-29 12:00:00,354,224,23
2024-03-29 13:00:00,416,245,14
2024-03-29 14:00:00,260,400,18
2024-03-29 15:00:00,361,252,23
2024-03-29 16:00:00,392,259,20
2024-03-29 17:00:00,362,241,17
2024-03-29 18:00:00,386,192,24
2024-03-29 19:00:00,370,225,33
2024-03-29 20:00:00,250,172,34
2024-03-29 21:00:00,245,182,15
2024-03-29 22:00:00,378,222,20
2024-03-29 23:00:00,257,231,4
2024-03-30 00:00:00,136,189,1
2024-03-30 01:00:00,102,149,5
2024-03-30 02:00:00,94,141,1
2024-03-30 03:00:00,89,84,2
2024-03-30 04:00:00,38,66,1
2024-03-30 05:00:00,17,60,0
2024-03-30 06:00:00,32,28,7
2024-03-30 07:00:00,42,34,8
2024-03-30 08:00:00,98,76,13
2024-03-30 09:00:00,185,102,18
2024-03-30 10:00:00,308,158,15
2024-03-30 11:00:00,449,171,27
2024-03-30 12:00:00,466,189,29
2024-03-30 13:00:00,499,178,29
2024-03-30 14:00:00,533,229,27
2024-03-30 15:00:00,375,211,22
2024-03-30 16:00:00,384,190,21
2024-03-30 17:00:00,597,218,31
2024-03-30 18:00:00,446,212,24
2024-03-30 19:00:00,412,236,31
2024-03-30 20:00:00,407,201,25
2024-03-30 21:00:00,281,183,18
2024-03-30 22:00:00,345,270,18
2024-03-30 23:00:00,189,220,13
2024-03-31 00:00:00,139,180,4
2024-03-31 01:00:00,73,178,0
2024-03-31 02:00:00,59,143,2
2024-03-31 03:00:00,59,103,2
2024-03-31 04:00:00,8,62,2
2024-03-31 05:00:00,12,44,3
2024-03-31 06:00:00,18,22,6
2024-03-31 07:00:00,65,48,18
2024-03-31 08:00:00,103,72,9
2024-03-31 09:00:00,144,112,11
2024-03-31 10:00:00,223,139,13
2024-03-31 11:00:00,209,147,23
2024-03-31 12:00:00,281,140,62
2024-03-31 13:00:00,260,129,30
2024-03-31 14:00:00,263,134,31
2024-03-31 15:00:00,234,140,35
2024-03-31 16:00:00,296,136,16
2024-03-31 17:00:00,315,170,26
2024-03-31 18:00:00,285,168,22
2024-03-31 19:00:00,225,141,28
2024-03-31 20:00:00,130,124,18
2024-03-31 21:00:00,259,147,11
2024-03-31 22:00:00,71,186,2
2024-03-31 23:00:00,65,121,2
2024-04-01 00:00:00,31,129,1
2024-04-01 01:00:00,28,79,2
2024-04-01 02:00:00,23,58,0
2024-04-01 03:00:00,9,36,0
2024-04-01 04:00:00,6,19,3
2024-04-01 05:00:00,15,38,6
2024-04-01 06:00:00,20,42,7
2024-04-01 07:00:00,62,45,4
2024-04-01 08:00:00,108,65,8
2024-04-01 09:00:00,168,115,7
2024-04-01 10:00:00,256,116,19
2024-04-01 11:00:00,255,130,22
2024-04-01 12:00:00,255,121,17
2024-04-01 13:00:00,216,148,22
2024-04-01 14:00:00,195,128,18
2024-04-01 15:00:00,235,130,21
2024-04-01 16:00:00,191,117,21
2024-04-01 17:00:00,239,131,21
2024-04-01 18:00:00,137,102,27
2024-04-01 19:00:00,141,91,22
2024-04-01 20:00:00,91,94,12
2024-04-01 21:00:00,67,99,12
2024-04-01 22:00:00,37,66,7
2024-04-01 23:00:00,18,68,4
2024-04-02 00:00:00,8,67,1
2024-04-02 01:00:00,7,19,0
2024-04-02 02:00:00,12,21,0
2024-04-02 03:00:00,5,20,1
2024-04-02 04:00:00,9,35,4
2024-04-02 05:00:00,37,56,16
2024-04-02 06:00:00,168,118,43
2024-04-02 07:00:00,386,189,92
2024-04-02 08:00:00,226,157,43
2024-04-02 09:00:00,201,117,25
2024-04-02 10:00:00,207,110,35
2024-04-02 11:00:00,461,116,34
2024-04-02 12:00:00,541,106,24
2024-04-02 13:00:00,283,127,26
2024-04-02 14:00:00,275,151,32
2024-04-02 15:00:00,388,234,50
2024-04-02 16:00:00,501,275,98
2024-04-02 17:00:00,326,179,70
2024-04-02 18:00:00,232,156,31
2024-04-02 19:00:00,190,113,29
2024-04-02 20:00:00,75,106,12
2024-04-02 21:00:00,185,116,6
2024-04-02 22:00:00,40,93,8
2024-04-02 23:00:00,40,61,2
2024-04-03 00:00:00,17,55,0
2024-04-03 01:00:00,4,30,0
2024-04-03 02:00:00,6,19,2
2024-04-03 03:00:00,1,25,1
2024-04-03 04:00:00,4,32,2
2024-04-03 05:00:00,41,63,16
2024-04-03 06:00:00,205,129,59
2024-04-03 07:00:00,486,187,108
2024-04-03 08:00:00,320,171,56
2024-04-03 09:00:00,237,135,23
2024-04-03 10:00:00,258,117,26
2024-04-03 11:00:00,563,131,26
2024-04-03 12:00:00,473,117,16
2024-04-03 13:00:00,285,141,25
2024-04-03 14:00:00,288,167,30
2024-04-03 15:00:00,438,203,42
2024-04-03 16:00:00,642,215,128
2024-04-03 17:00:00,395,188,77
2024-04-03 18:00:00,259,152,38
2024-04-03 19:00:00,234,121,30
2024-04-03 20:00:00,128,103,18
2024-04-03 21:00:00,138,137,9
2024-04-03 22:00:00,30,125,4
2024-04-03 23:00:00,30,82,6
2024-04-04 00:00:00,20,53,0
2024-04-04 01:00:00,11,27,1
2024-04-04 02:00:00,11,25,1
2024-04-04 03:00:00,5,28,2
2024-04-04 04:00:00,7,38,2
2024-04-04 05:00:00,38,49,14
2024-04-04 06:00:00,193,130,40
2024-04-04 07:00:00,452,195,97
2024-04-04 08:00:00,331,176,54
2024-04-04 09:00:00,244,153,22
2024-04-04 10:00:00,306,116,21
2024-04-04 11:00:00,566,137,35
2024-04-04 12:00:00,478,106,23
2024-04-04 13:00:00,327,166,14
2024-04-04 14:00:00,291,175,29
2024-04-04 15:00:00,402,228,47
2024-04-04 16:00:00,658,244,116
2024-04-04 17:00:00,377,226,83
2024-04-04 18:00:00,272,206,40
2024-04-04 19:00:00,200,145,18
2024-04-04 20:00:00,153,137,16
2024-04-04 21:00:00,221,146,14
2024-04-04 22:00:00,81,126,14
2024-04-04 23:00:00,32,101,1
2024-04-05 00:00:00,17,88,0
2024-04-05 01:00:00,16,58,0
2024-04-05 02:00:00,3,31,0
2024-04-05 03:00:00,5,22,1
2024-04-05 04:00:00,13,41,4
2024-04-05 05:00:00,34,50,8
2024-04-05 06:00:00,138,122,35
2024-04-05 07:00:00,328,180,71
2024-04-05 08:00:00,253,138,47
2024-04-05 09:00:00,254,148,28
2024-04-05 10:00:00,340,131,23
2024-04-05 11:00:00,526,142,32
2024-04-05 12:00:00,461,144,31
2024-04-05 13:00:00,294,168,28
2024-04-05 14:00:00,338,210,38
2024-04-05 15:00:00,385,240,54
2024-04-05 16:00:00,580,223,67
2024-04-05 17:00:00,436,258,45
2024-04-05 18:00:00,298,238,39
2024-04-05 19:00:00,223,176,28
2024-04-05 20:00:00,213,154,19
2024-04-05 21:00:00,358,166,14
2024-04-05 22:00:00,250,202,9
2024-04-05 23:00:00,164,173,6
2024-04-06 00:00:00,94,137,3
2024-04-06 01:00:00,100,99,3
2024-04-06 02:00:00,82,87,1
2024-04-06 03:00:00,74,51,1
2024-04-06 04:00:00,13,48,2
2024-04-06 05:00:00,11,33,1
2024-04-06 06:00:00,17,38,10
2024-04-06 07:00:00,87,60,19
2024-04-06 08:00:00,130,89,25
2024-04-06 09:00:00,243,112,20
2024-04-06 10:00:00,305,131,31
2024-04-06 11:00:00,340,195,21
2024-04-06 12:00:00,312,183,21
2024-04-06 13:00:00,313,193,22
2024-04-06 14:00:00,287,167,17
2024-04-06 15:00:00,309,200,20
2024-04-06 16:00:00,308,172,22
2024-04-06 17:00:00,313,206,32
2024-04-06 18:00:00,299,207,35
2024-04-06 19:00:00,147,158,24
2024-04-06 20:00:00,167,171,25
2024-04-06 21:00:00,304,180,15
2024-04-06 22:00:00,198,221,10
2024-04-06 23:00:00,151,208,7
2024-04-07 00:00:00,129,198,3
2024-04-07 01:00:00,74,150,3
2024-04-07 02:00:00,62,142,4
2024-04-07 03:00:00,19,66,0
2024-04-07 04:00:00,6,50,1
2024-04-07 05:00:00,5,29,2
2024-04-07 06:00:00,28,28,7
2024-04-07 07:00:00,63,55,17
2024-04-07 08:00:00,77,77,10
2024-04-07 09:00:00,162,129,15
2024-04-07 10:00:00,264,120,22
2024-04-07 11:00:00,243,75,76
2024-04-07 12:00:00,265,54,22
2024-04-07 13:00:00,243,65,19
2024-04-07 14:00:00,211,80,23
2024-04-07 15:00:00,268,78,20
2024-04-07 16:00:00,246,76,17
2024-04-07 17:00:00,211,62,29
2024-04-07 18:00:00,214,56,24
2024-04-07 19:00:00,169,56,19
2024-04-07 20:00:00,127,68,20
2024-04-07 21:00:00,138,85,13
2024-04-07 22:00:00,53,92,5
2024-04-07 23:00:00,16,60,4
2024-04-08 00:00:00,4,37,0
2024-04-08 01:00:00,9,31,0
2024-04-08 02:00:00,8,14,2
2024-04-08 03:00:00,7,16,0
2024-04-08 04:00:00,10,23,3
2024-04-08 05:00:00,42,54,14
2024-04-08 06:00:00,177,129,49
2024-04-08 07:00:00,488,180,112
2024-04-08 08:00:00,276,119,47
2024-04-08 09:00:00,206,105,19
2024-04-08 10:00:00,271,95,24
2024-04-08 11:00:00,455,104,22
2024-04-08 12:00:00,311,102,26
2024-04-08 13:00:00,247,88,23
2024-04-08 14:00:00,262,131,24
2024-04-08 15:00:00,345,168,42
2024-04-08 16:00:00,564,159,133
2024-04-08 17:00:00,293,156,65
2024-04-08 18:00:00,183,136,39
2024-04-08 19:00:00,150,102,20
2024-04-08 20:00:00,81,95,18
2024-04-08 21:00:00,131,100,6
2024-04-08 22:00:00,54,76,2
2024-04-08 23:00:00,27,80,4
2024-04-09 00:00:00,14,45,1
2024-04-09 01:00:00,2,28,1
2024-04-09 02:00:00,4,26,2
2024-04-09 03:00:00,6,14,0
2024-04-09 04:00:00,11,39,4
2024-04-09 05:00:00,44,64,13
2024-04-09 06:00:00,200,118,48
2024-04-09 07:00:00,458,196,113
2024-04-09 08:00:00,278,174,64
2024-04-09 09:00:00,192,128,32
2024-04-09 10:00:00,176,114,31
2024-04-09 11:00:00,414,102,48
2024-04-09 12:00:00,398,98,27
2024-04-09 13:00:00,190,130,21
2024-04-09 14:00:00,251,158,30
2024-04-09 15:00:00,461,223,56
2024-04-09 16:00:00,583,215,146
2024-04-09 17:00:00,436,185,86
2024-04-09 18:00:00,265,132,45
2024-04-09 19:00:00,176,85,31
2024-04-09 20:00:00,122,96,26
2024-04-09 21:00:00,215,116,12
2024-04-09 22:00:00,160,81,5
2024-04-09 23:00:00,44,63,0
2024-04-10 00:00:00,33,51,1
2024-04-10 01:00:00,24,26,0
2024-04-10 02:00:00,10,19,1
2024-04-10 03:00:00,6,16,0
2024-04-10 04:00:00,6,24,8
2024-04-10 05:00:00,35,67,14
2024-04-10 06:00:00,202,149,56
2024-04-10 07:00:00,521,193,119
2024-04-10 08:00:00,277,173,63
2024-04-10 09:00:00,208,115,25
2024-04-10 10:00:00,269,155,17
2024-04-10 11:00:00,382,141,32
2024-04-10 12:00:00,494,147,30
2024-04-10 13:00:00,295,127,19
2024-04-10 14:00:00,246,137,23
2024-04-10 15:00:00,279,136,30
2024-04-10 16:00:00,0,0,0
2024-04-10 17:00:00,378,237,84
2024-04-10 18:00:00,312,176,37
2024-04-10 19:00:00,223,118,29
2024-04-10 20:00:00,157,129,18
2024-04-10 21:00:00,226,131,11
2024-04-10 22:00:00,51,91,6
2024-04-10 23:00:00,25,50,1
2024-04-11 00:00:00,14,44,3
2024-04-11 01:00:00,10,30,0
2024-04-11 02:00:00,4,22,0
2024-04-11 03:00:00,5,16,1
2024-04-11 04:00:00,6,33,4
2024-04-11 05:00:00,41,62,18
2024-04-11 06:00:00,188,129,41
2024-04-11 07:00:00,549,190,108
2024-04-11 08:00:00,373,212,39
2024-04-11 09:00:00,270,151,25
2024-04-11 10:00:00,309,128,26
2024-04-11 11:00:00,601,138,42
2024-04-11 12:00:00,640,142,27
2024-04-11 13:00:00,345,139,33
2024-04-11 14:00:00,304,142,31
2024-04-11 15:00:00,433,196,42
2024-04-11 16:00:00,647,186,136
2024-04-11 17:00:00,518,197,66
2024-04-11 18:00:00,331,169,49
2024-04-11 19:00:00,214,105,46
2024-04-11 20:00:00,174,127,30
2024-04-11 21:00:00,258,146,20
2024-04-11 22:00:00,103,94,9
2024-04-11 23:00:00,62,72,2
2024-04-12 00:00:00,20,56,1
2024-04-12 01:00:00,19,33,0
2024-04-12 02:00:00,10,24,0
2024-04-12 03:00:00,9,22,1
2024-04-12 04:00:00,15,21,7
2024-04-12 05:00:00,35,40,12
2024-04-12 06:00:00,148,118,45
2024-04-12 07:00:00,326,179,74
2024-04-12 08:00:00,248,150,46
2024-04-12 09:00:00,251,132,26
2024-04-12 10:00:00,335,130,29
2024-04-12 11:00:00,467,146,39
2024-04-12 12:00:00,462,130,32
2024-04-12 13:00:00,367,154,38
2024-04-12 14:00:00,428,215,46
2024-04-12 15:00:00,545,227,71
2024-04-12 16:00:00,600,248,97
2024-04-12 17:00:00,473,270,62
2024-04-12 18:00:00,366,240,29
2024-04-12 19:00:00,337,197,36
2024-04-12 20:00:00,323,203,39
2024-04-12 21:00:00,340,232,21
2024-04-12 22:00:00,199,209,11
2024-04-12 23:00:00,119,190,3
2024-04-13 00:00:00,120,155,5
2024-04-13 01:00:00,54,114,5
2024-04-13 02:00:00,45,102,4
2024-04-13 03:00:00,25,46,5
2024-04-13 04:00:00,16,41,2
2024-04-13 05:00:00,25,28,6
2024-04-13 06:00:00,35,43,7
2024-04-13 07:00:00,101,74,13
2024-04-13 08:00:00,156,133,20
2024-04-13 09:00:00,214,119,21
2024-04-13 10:00:00,441,158,26
2024-04-13 11:00:00,582,171,36
2024-04-13 12:00:00,458,172,31
2024-04-13 13:00:00,404,228,21
2024-04-13 14:00:00,389,180,31
2024-04-13 15:00:00,393,178,35
2024-04-13 16:00:00,488,191,29
2024-04-13 17:00:00,464,232,22
2024-04-13 18:00:00,481,245,24
2024-04-13 19:00:00,429,234,30
2024-04-13 20:00:00,304,224,18
2024-04-13 21:00:00,393,223,16
2024-04-13 22:00:00,236,226,7
2024-04-13 23:00:00,146,190,5
2024-04-14 00:00:00,122,181,2
2024-04-14 01:00:00,97,174,0
2024-04-14 02:00:00,62,124,0
2024-04-14 03:00:00,18,81,3
2024-04-14 04:00:00,8,22,3
2024-04-14 05:00:00,13,24,2
2024-04-14 06:00:00,20,47,7
2024-04-14 07:00:00,53,57,19
2024-04-14 08:00:00,136,99,18
2024-04-14 09:00:00,202,134,16
2024-04-14 10:00:00,271,152,21
2024-04-14 11:00:00,325,143,19
2024-04-14 12:00:00,296,137,29
2024-04-14 13:00:00,327,141,19
2024-04-14 14:00:00,277,162,30
2024-04-14 15:00:00,283,175,27
2024-04-14 16:00:00,379,172,18
2024-04-14 17:00:00,293,137,34
2024-04-14 18:00:00,252,134,18
2024-04-14 19:00:00,156,157,23
2024-04-14 20:00:00,122,126,25
2024-04-14 21:00:00,117,140,4
2024-04-14 22:00:00,59,84,7
2024-04-14 23:00:00,27,62,3
2024-04-15 00:00:00,10,48,3
2024-04-15 01:00:00,9,28,1
2024-04-15 02:00:00,5,21,1
2024-04-15 03:00:00,2,24,0
2024-04-15 04:00:00,11,31,5
2024-04-15 05:00:00,36,72,12
2024-04-15 06:00:00,175,152,45
2024-04-15 07:00:00,419,212,81
2024-04-15 08:00:00,259,179,53
2024-04-15 09:00:00,173,145,30
2024-04-15 10:00:00,198,100,22
2024-04-15 11:00:00,401,124,38
2024-04-15 12:00:00,362,121,29
2024-04-15 13:00:00,256,130,23
2024-04-15 14:00:00,436,123,29
2024-04-15 15:00:00,401,189,52
2024-04-15 16:00:00,575,222,97
2024-04-15 17:00:00,413,219,73
2024-04-15 18:00:00,207,134,39
2024-04-15 19:00:00,179,104,30
2024-04-15 20:00:00,155,126,24
2024-04-15 21:00:00,95,107,9
2024-04-15 22:00:00,51,68,2
2024-04-15 23:00:00,24,47,1
2024-04-16 00:00:00,10,39,1
2024-04-16 01:00:00,9,22,3
2024-04-16 02:00:00,12,13,1
2024-04-16 03:00:00,3,12,2
2024-04-16 04:00:00,8,36,4
2024-04-16 05:00:00,41,62,14
2024-04-16 06:00:00,249,162,58
2024-04-16 07:00:00,661,196,153
2024-04-16 08:00:00,448,219,75
2024-04-16 09:00:00,247,145,14
2024-04-16 10:00:00,320,142,27
2024-04-16 11:00:00,600,124,40
2024-04-16 12:00:00,525,131,38
2024-04-16 13:00:00,301,131,31
2024-04-16 14:00:00,321,134,40
2024-04-16 15:00:00,447,200,60
2024-04-16 16:00:00,674,217,170
2024-04-16 17:00:00,447,215,96
2024-04-16 18:00:00,289,137,56
2024-04-16 19:00:00,233,124,37
2024-04-16 20:00:00,164,110,34
2024-04-16 21:00:00,144,133,14
2024-04-16 22:00:00,67,88,8
2024-04-16 23:00:00,27,59,1
2024-04-17 00:00:00,21,36,3
2024-04-17 01:00:00,6,30,2
2024-04-17 02:00:00,6,15,2
2024-04-17 03:00:00,1,21,2
2024-04-17 04:00:00,5,43,7
2024-04-17 05:00:00,55,73,18
2024-04-17 06:00:00,249,203,48
2024-04-17 07:00:00,653,220,132
2024-04-17 08:00:00,395,210,69
2024-04-17 09:00:00,291,135,28
2024-04-17 10:00:00,251,140,37
2024-04-17 11:00:00,0,0,0
2024-04-17 12:00:00,0,0,0
2024-04-17 13:00:00,0,0,0
2024-04-17 14:00:00,0,0,0
2024-04-17 15:00:00,0,0,0
2024-04-17 16:00:00,0,0,0
2024-04-17 17:00:00,0,0,0
2024-04-17 18:00:00,0,0,0
2024-04-17 19:00:00,0,0,0
2024-04-17 20:00:00,0,0,0
2024-04-17 21:00:00,0,0,0
2024-04-17 22:00:00,0,0,0
2024-04-17 23:00:00,0,0,0
2024-04-18 00:00:00,0,0,0
2024-04-18 01:00:00,0,0,0
2024-04-18 02:00:00,0,0,0
2024-04-18 03:00:00,0,0,0
2024-04-18 04:00:00,0,0,0
2024-04-18 05:00:00,0,0,0
2024-04-18 06:00:00,0,0,0
2024-04-18 07:00:00,0,0,0
2024-04-18 08:00:00,0,0,0
2024-04-18 09:00:00,0,0,0
2024-04-18 10:00:00,0,0,0
2024-04-18 11:00:00,0,0,0
2024-04-18 12:00:00,0,0,0
2024-04-18 13:00:00,0,0,0
2024-04-18 14:00:00,0,0,0
2024-04-18 15:00:00,0,0,0
2024-04-18 16:00:00,0,0,0
2024-04-18 17:00:00,0,0,0
2024-04-18 18:00:00,0,0,0
2024-04-18 19:00:00,0,0,0
2024-04-18 20:00:00,0,0,0
2024-04-18 21:00:00,0,0,0
2024-04-18 22:00:00,0,0,0
2024-04-18 23:00:00,0,0,0
2024-04-19 00:00:00,0,0,0
2024-04-19 01:00:00,0,0,0
2024-04-19 02:00:00,0,0,0
2024-04-19 03:00:00,0,0,0
2024-04-19 04:00:00,0,0,0
2024-04-19 05:00:00,0,0,0
2024-04-19 06:00:00,0,0,0
2024-04-19 07:00:00,0,0,0
2024-04-19 08:00:00,0,0,0
2024-04-19 09:00:00,0,0,0
2024-04-19 10:00:00,0,0,0
2024-04-19 11:00:00,0,0,0
2024-04-19 12:00:00,0,0,0
2024-04-19 13:00:00,0,0,0
2024-04-19 14:00:00,0,0,0
2024-04-19 15:00:00,0,0,0
2024-04-19 16:00:00,0,0,0
2024-04-19 17:00:00,0,0,0
2024-04-19 18:00:00,0,0,0
2024-04-19 19:00:00,0,0,0
2024-04-19 20:00:00,0,0,0
2024-04-19 21:00:00,0,0,0
2024-04-19 22:00:00,0,0,0
2024-04-19 23:00:00,0,0,0
2024-04-20 00:00:00,0,0,0
2024-04-20 01:00:00,0,0,0
2024-04-20 02:00:00,0,0,0
2024-04-20 03:00:00,0,0,0
2024-04-20 04:00:00,0,0,0
2024-04-20 05:00:00,0,0,0
2024-04-20 06:00:00,0,0,0
2024-04-20 07:00:00,0,0,0
2024-04-20 08:00:00,0,0,0
2024-04-20 09:00:00,0,0,0
2024-04-20 10:00:00,0,0,0
2024-04-20 11:00:00,0,0,0
2024-04-20 12:00:00,0,0,0
2024-04-20 13:00:00,0,0,0
2024-04-20 14:00:00,0,0,0
2024-04-20 15:00:00,0,0,0
2024-04-20 16:00:00,0,0,0
2024-04-20 17:00:00,0,0,0
2024-04-20 18:00:00,0,0,0
2024-04-20 19:00:00,0,0,0
2024-04-20 20:00:00,0,0,0
2024-04-20 21:00:00,0,0,0
2024-04-20 22:00:00,0,0,0
2024-04-20 23:00:00,0,0,0
2024-04-21 00:00:00,0,0,0
2024-04-21 01:00:00,0,0,0
2024-04-21 02:00:00,0,0,0
2024-04-21 03:00:00,0,0,0
2024-04-21 04:00:00,0,0,0
2024-04-21 05:00:00,0,0,0
2024-04-21 06:00:00,0,0,0
2024-04-21 07:00:00,0,0,0
2024-04-21 08:00:00,0,0,0
2024-04-21 09:00:00,0,0,0
2024-04-21 10:00:00,0,0,0
2024-04-21 11:00:00,0,0,0
2024-04-21 12:00:00,0,0,0
2024-04-21 13:00:00,0,0,0
2024-04-21 14:00:00,0,0,0
2024-04-21 15:00:00,0,0,0
2024-04-21 16:00:00,0,0,0
2024-04-21 17:00:00,0,0,0
2024-04-21 18:00:00,0,0,0
2024-04-21 19:00:00,0,0,0
2024-04-21 20:00:00,0,0,0
2024-04-21 21:00:00,0,0,0
2024-04-21 22:00:00,0,0,0
2024-04-21 23:00:00,0,0,0
2024-04-22 00:00:00,0,0,0
2024-04-22 01:00:00,0,0,0
2024-04-22 02:00:00,0,0,0
2024-04-22 03:00:00,0,0,0
2024-04-22 04:00:00,0,0,0
2024-04-22 05:00:00,0,0,0
2024-04-22 06:00:00,0,0,0
2024-04-22 07:00:00,0,0,0
2024-04-22 08:00:00,0,0,0
2024-04-22 09:00:00,0,0,0
2024-04-22 10:00:00,0,0,0
2024-04-22 11:00:00,0,0,0
2024-04-22 12:00:00,0,0,0
2024-04-22 13:00:00,0,0,0
2024-04-22 14:00:00,0,0,0
2024-04-22 15:00:00,0,0,0
2024-04-22 16:00:00,0,0,0
2024-04-22 17:00:00,0,0,0
2024-04-22 18:00:00,0,0,0
2024-04-22 19:00:00,0,0,0
2024-04-22 20:00:00,0,0,0
2024-04-22 21:00:00,0,0,0
2024-04-22 22:00:00,0,0,0
2024-04-22 23:00:00,0,0,0
2024-04-23 00:00:00,0,0,0
2024-04-23 01:00:00,0,0,0
2024-04-23 02:00:00,0,0,0
2024-04-23 03:00:00,0,0,0
2024-04-23 04:00:00,0,0,0
2024-04-23 05:00:00,0,0,0
2024-04-23 06:00:00,0,0,0
2024-04-23 07:00:00,0,0,0
2024-04-23 08:00:00,0,0,0
2024-04-23 09:00:00,0,0,0
2024-04-23 10:00:00,0,0,0
2024-04-23 11:00:00,0,0,0
2024-04-23 12:00:00,0,0,0
2024-04-23 13:00:00,0,0,0
2024-04-23 14:00:00,0,0,0
2024-04-23 15:00:00,0,0,0
2024-04-23 16:00:00,0,0,0
2024-04-23 17:00:00,0,0,0
2024-04-23 18:00:00,0,0,0
2024-04-23 19:00:00,0,0,0
2024-04-23 20:00:00,0,0,0
2024-04-23 21:00:00,0,0,0
2024-04-23 22:00:00,0,0,0
2024-04-23 23:00:00,0,0,0
2024-04-24 00:00:00,0,0,0
2024-04-24 01:00:00,0,0,0
2024-04-24 02:00:00,0,0,0
2024-04-24 03:00:00,0,0,0
2024-04-24 04:00:00,0,0,0
2024-04-24 05:00:00,0,0,0
2024-04-24 06:00:00,0,0,0
2024-04-24 07:00:00,0,0,0
2024-04-24 08:00:00,0,0,0
2024-04-24 09:00:00,0,0,0
2024-04-24 10:00:00,0,0,0
2024-04-24 11:00:00,0,0,0
2024-04-24 12:00:00,0,0,0
2024-04-24 13:00:00,0,0,0
2024-04-24 14:00:00,0,0,0
2024-04-24 15:00:00,0,0,0
2024-04-24 16:00:00,0,0,0
2024-04-24 17:00:00,0,0,0
2024-04-24 18:00:00,0,0,0
2024-04-24 19:00:00,0,0,0
2024-04-24 20:00:00,0,0,0
2024-04-24 21:00:00,0,0,0
2024-04-24 22:00:00,0,0,0
2024-04-24 23:00:00,0,0,0
2024-04-25 00:00:00,0,0,0
2024-04-25 01:00:00,0,0,0
2024-04-25 02:00:00,0,0,0
2024-04-25 03:00:00,0,0,0
2024-04-25 04:00:00,0,0,0
2024-04-25 05:00:00,0,0,0
2024-04-25 06:00:00,0,0,0
2024-04-25 07:00:00,0,0,0
2024-04-25 08:00:00,0,0,0
2024-04-25 09:00:00,0,0,0
2024-04-25 10:00:00,0,0,0
2024-04-25 11:00:00,0,0,0
2024-04-25 12:00:00,0,0,0
2024-04-25 13:00:00,0,0,0
2024-04-25 14:00:00,0,0,0
2024-04-25 15:00:00,0,0,0
2024-04-25 16:00:00,0,0,0
2024-04-25 17:00:00,0,0,0
2024-04-25 18:00:00,0,0,0
2024-04-25 19:00:00,0,0,0
2024-04-25 20:00:00,0,0,0
2024-04-25 21:00:00,0,0,0
2024-04-25 22:00:00,0,0,0
2024-04-25 23:00:00,0,0,0
2024-04-26 00:00:00,0,0,0
2024-04-26 01:00:00,0,0,0
2024-04-26 02:00:00,0,0,0
2024-04-26 03:00:00,0,0,0
2024-04-26 04:00:00,0,0,0
2024-04-26 05:00:00,0,0,0
2024-04-26 06:00:00,0,0,0
2024-04-26 07:00:00,0,0,0
2024-04-26 08:00:00,0,0,0
2024-04-26 09:00:00,0,0,0
2024-04-26 10:00:00,0,0,0
2024-04-26 11:00:00,0,0,0
2024-04-26 12:00:00,0,0,0
2024-04-26 13:00:00,0,0,0
2024-04-26 14:00:00,0,0,0
2024-04-26 15:00:00,0,0,0
2024-04-26 16:00:00,0,0,0
2024-04-26 17:00:00,0,0,0
2024-04-26 18:00:00,0,0,0
2024-04-26 19:00:00,0,0,0
2024-04-26 20:00:00,0,0,0
2024-04-26 21:00:00,0,0,0
2024-04-26 22:00:00,0,0,0
2024-04-26 23:00:00,0,0,0
2024-04-27 00:00:00,0,0,0
2024-04-27 01:00:00,0,0,0
2024-04-27 02:00:00,0,0,0
2024-04-27 03:00:00,0,0,0
2024-04-27 04:00:00,0,0,0
2024-04-27 05:00:00,0,0,0
2024-04-27 06:00:00,0,0,0
2024-04-27 07:00:00,0,0,0
2024-04-27 08:00:00,0,0,0
2024-04-27 09:00:00,0,0,0
2024-04-27 10:00:00,0,0,0
2024-04-27 11:00:00,0,0,0
2024-04-27 12:00:00,0,0,0
2024-04-27 13:00:00,0,0,0
2024-04-27 14:00:00,0,0,0
2024-04-27 15:00:00,0,0,0
2024-04-27 16:00:00,0,0,0
2024-04-27 17:00:00,0,0,0
2024-04-27 18:00:00,0,0,0
2024-04-27 19:00:00,0,0,0
2024-04-27 20:00:00,0,0,0
2024-04-27 21:00:00,0,0,0
2024-04-27 22:00:00,0,0,0
2024-04-27 23:00:00,0,0,0
2024-04-28 00:00:00,0,0,0
2024-04-28 01:00:00,0,0,0
2024-04-28 02:00:00,0,0,0
2024-04-28 03:00:00,0,0,0
2024-04-28 04:00:00,0,0,0
2024-04-28 05:00:00,0,0,0
2024-04-28 06:00:00,0,0,0
2024-04-28 07:00:00,0,0,0
2024-04-28 08:00:00,0,0,0
2024-04-28 09:00:00,0,0,0
2024-04-28 10:00:00,0,0,0
2024-04-28 11:00:00,0,0,0
2024-04-28 12:00:00,0,0,0
2024-04-28 13:00:00,0,0,0
2024-04-28 14:00:00,0,0,0
2024-04-28 15:00:00,0,0,0
2024-04-28 16:00:00,0,0,0
2024-04-28 17:00:00,0,0,0
2024-04-28 18:00:00,0,0,0
2024-04-28 19:00:00,0,0,0
2024-04-28 20:00:00,0,0,0
2024-04-28 21:00:00,0,0,0
2024-04-28 22:00:00,0,0,0
2024-04-28 23:00:00,0,0,0
2024-04-29 00:00:00,0,0,0
2024-04-29 01:00:00,0,0,0
2024-04-29 02:00:00,0,0,0
2024-04-29 03:00:00,0,0,0
2024-04-29 04:00:00,0,0,0
2024-04-29 05:00:00,0,0,0
2024-04-29 06:00:00,0,0,0
2024-04-29 07:00:00,0,0,0
2024-04-29 08:00:00,0,0,0
2024-04-29 09:00:00,0,0,0
2024-04-29 10:00:00,0,0,0
2024-04-29 11:00:00,0,0,0
2024-04-29 12:00:00,0,0,0
2024-04-29 13:00:00,0,0,0
2024-04-29 14:00:00,0,0,0
2024-04-29 15:00:00,0,0,0
2024-04-29 16:00:00,0,0,0
2024-04-29 17:00:00,0,0,0
2024-04-29 18:00:00,0,0,0
2024-04-29 19:00:00,0,0,0
2024-04-29 20:00:00,0,0,0
2024-04-29 21:00:00,0,0,0
2024-04-29 22:00:00,0,0,0
2024-04-29 23:00:00,0,0,0
2024-04-30 00:00:00,0,0,0
2024-04-30 01:00:00,0,0,0
2024-04-30 02:00:00,0,0,0
2024-04-30 03:00:00,0,0,0
2024-04-30 04:00:00,0,0,0
2024-04-30 05:00:00,0,0,0
2024-04-30 06:00:00,0,0,0
2024-04-30 07:00:00,0,0,0
2024-04-30 08:00:00,0,0,0
2024-04-30 09:00:00,0,0,0
2024-04-30 10:00:00,0,0,0
2024-04-30 11:00:00,0,0,0
2024-04-30 12:00:00,0,0,0
2024-04-30 13:00:00,0,0,0
2024-04-30 14:00:00,0,0,0
2024-04-30 15:00:00,0,0,0
2024-04-30 16:00:00,0,0,0
2024-04-30 17:00:00,0,0,0
2024-04-30 18:00:00,0,0,0
2024-04-30 19:00:00,0,0,0
2024-04-30 20:00:00,0,0,0
2024-04-30 21:00:00,0,0,0
2024-04-30 22:00:00,0,0,0
2024-04-30 23:00:00,0,0,0
2024-05-01 00:00:00,0,0,0
2024-05-01 01:00:00,0,0,0
2024-05-01 02:00:00,0,0,0
2024-05-01 03:00:00,0,0,0
2024-05-01 04:00:00,0,0,0
2024-05-01 05:00:00,0,0,0
2024-05-01 06:00:00,0,0,0
2024-05-01 07:00:00,0,0,0
2024-05-01 08:00:00,0,0,0
2024-05-01 09:00:00,0,0,0
2024-05-01 10:00:00,0,0,0
2024-05-01 11:00:00,0,0,0
2024-05-01 12:00:00,0,0,0
2024-05-01 13:00:00,0,0,0
2024-05-01 14:00:00,0,0,0
2024-05-01 15:00:00,0,0,0
2024-05-01 16:00:00,0,0,0
2024-05-01 17:00:00,0,0,0
2024-05-01 18:00:00,0,0,0
2024-05-01 19:00:00,0,0,0
2024-05-01 20:00:00,0,0,0
2024-05-01 21:00:00,0,0,0
2024-05-01 22:00:00,0,0,0
2024-05-01 23:00:00,0,0,0
2024-05-02 00:00:00,0,0,0
2024-05-02 01:00:00,0,0,0
2024-05-02 02:00:00,0,0,0
2024-05-02 03:00:00,0,0,0
2024-05-02 04:00:00,0,0,0
2024-05-02 05:00:00,0,0,0
2024-05-02 06:00:00,0,0,0
2024-05-02 07:00:00,0,0,0
2024-05-02 08:00:00,0,0,0
2024-05-02 09:00:00,0,0,0
2024-05-02 10:00:00,0,0,0
2024-05-02 11:00:00,0,0,0
2024-05-02 12:00:00,0,0,0
2024-05-02 13:00:00,0,0,0
2024-05-02 14:00:00,0,0,0
2024-05-02 15:00:00,0,0,0
2024-05-02 16:00:00,0,0,0
2024-05-02 17:00:00,0,0,0
2024-05-02 18:00:00,0,0,0
2024-05-02 19:00:00,0,0,0
2024-05-02 20:00:00,0,0,0
2024-05-02 21:00:00,0,0,0
2024-05-02 22:00:00,0,0,0
2024-05-02 23:00:00,0,0,0
2024-05-03 00:00:00,0,0,0
2024-05-03 01:00:00,0,0,0
2024-05-03 02:00:00,0,0,0
2024-05-03 03:00:00,0,0,0
2024-05-03 04:00:00,0,0,0
2024-05-03 05:00:00,0,0,0
2024-05-03 06:00:00,0,0,0
2024-05-03 07:00:00,0,0,0
2024-05-03 08:00:00,0,0,0
2024-05-03 09:00:00,0,0,0
2024-05-03 10:00:00,0,0,0
2024-05-03 11:00:00,0,0,0
2024-05-03 12:00:00,0,0,0
2024-05-03 13:00:00,0,0,0
2024-05-03 14:00:00,0,0,0
2024-05-03 15:00:00,0,0,0
2024-05-03 16:00:00,0,0,0
2024-05-03 17:00:00,0,0,0
2024-05-03 18:00:00,0,0,0
2024-05-03 19:00:00,0,0,0
2024-05-03 20:00:00,0,0,0
2024-05-03 21:00:00,0,0,0
2024-05-03 22:00:00,0,0,0
2024-05-03 23:00:00,0,0,0
2024-05-04 00:00:00,0,0,0
2024-05-04 01:00:00,0,0,0
2024-05-04 02:00:00,0,0,0
2024-05-04 03:00:00,0,0,0
2024-05-04 04:00:00,0,0,0
2024-05-04 05:00:00,0,0,0
2024-05-04 06:00:00,0,0,0
2024-05-04 07:00:00,0,0,0
2024-05-04 08:00:00,0,0,0
2024-05-04 09:00:00,0,0,0
2024-05-04 10:00:00,0,0,0
2024-05-04 11:00:00,0,0,0
2024-05-04 12:00:00,0,0,0
2024-05-04 13:00:00,0,0,0
2024-05-04 14:00:00,0,0,0
2024-05-04 15:00:00,0,0,0
2024-05-04 16:00:00,0,0,0
2024-05-04 17:00:00,0,0,0
2024-05-04 18:00:00,0,0,0
2024-05-04 19:00:00,0,0,0
2024-05-04 20:00:00,0,0,0
2024-05-04 21:00:00,0,0,0
2024-05-04 22:00:00,0,0,0
2024-05-04 23:00:00,0,0,0
2024-05-05 00:00:00,0,0,0
2024-05-05 01:00:00,0,0,0
2024-05-05 02:00:00,0,0,0
2024-05-05 03:00:00,0,0,0
2024-05-05 04:00:00,0,0,0
2024-05-05 05:00:00,0,0,0
2024-05-05 06:00:00,0,0,0
2024-05-05 07:00:00,0,0,0
2024-05-05 08:00:00,0,0,0
2024-05-05 09:00:00,0,0,0
2024-05-05 10:00:00,0,0,0
2024-05-05 11:00:00,0,0,0
2024-05-05 12:00:00,0,0,0
2024-05-05 13:00:00,0,0,0
2024-05-05 14:00:00,0,0,0
2024-05-05 15:00:00,0,0,0
2024-05-05 16:00:00,0,0,0
2024-05-05 17:00:00,0,0,0
2024-05-05 18:00:00,0,0,0
2024-05-05 19:00:00,0,0,0
2024-05-05 20:00:00,0,0,0
2024-05-05 21:00:00,0,0,0
2024-05-05 22:00:00,0,0,0
2024-05-05 23:00:00,0,0,0
2024-05-06 00:00:00,0,0,0
2024-05-06 01:00:00,0,0,0
2024-05-06 02:00:00,0,0,0
2024-05-06 03:00:00,0,0,0
2024-05-06 04:00:00,0,0,0
2024-05-06 05:00:00,0,0,0
2024-05-06 06:00:00,0,0,0
2024-05-06 07:00:00,0,0,0
2024-05-06 08:00:00,0,0,0
2024-05-06 09:00:00,0,0,0
2024-05-06 10:00:00,0,0,0
2024-05-06 11:00:00,0,0,0
2024-05-06 12:00:00,0,0,0
2024-05-06 13:00:00,0,0,0
2024-05-06 14:00:00,0,0,0
2024-05-06 15:00:00,0,0,0
2024-05-06 16:00:00,0,0,0
2024-05-06 17:00:00,0,0,0
2024-05-06 18:00:00,0,0,0
2024-05-06 19:00:00,0,0,0
2024-05-06 20:00:00,0,0,0
2024-05-06 21:00:00,0,0,0
2024-05-06 22:00:00,0,0,0
2024-05-06 23:00:00,0,0,0
2024-05-07 00:00:00,0,0,0
2024-05-07 01:00:00,0,0,0
2024-05-07 02:00:00,0,0,0
2024-05-07 03:00:00,0,0,0
2024-05-07 04:00:00,0,0,0
2024-05-07 05:00:00,0,0,0
2024-05-07 06:00:00,0,0,0
2024-05-07 07:00:00,0,0,0
2024-05-07 08:00:00,0,0,0
2024-05-07 09:00:00,0,0,0
2024-05-07 10:00:00,0,0,0
2024-05-07 11:00:00,0,0,0
2024-05-07 12:00:00,0,0,0
2024-05-07 13:00:00,0,0,0
2024-05-07 14:00:00,0,0,0
2024-05-07 15:00:00,0,0,0
2024-05-07 16:00:00,0,0,0
2024-05-07 17:00:00,0,0,0
2024-05-07 18:00:00,0,0,0
2024-05-07 19:00:00,0,0,0
2024-05-07 20:00:00,0,0,0
2024-05-07 21:00:00,0,0,0
2024-05-07 22:00:00,0,0,0
2024-05-07 23:00:00,0,0,0
2024-05-08 00:00:00,0,0,0
2024-05-08 01:00:00,0,0,0
2024-05-08 02:00:00,0,0,0
2024-05-08 03:00:00,0,0,0
2024-05-08 04:00:00,0,0,0
2024-05-08 05:00:00,0,0,0
2024-05-08 06:00:00,0,0,0
2024-05-08 07:00:00,0,0,0
2024-05-08 08:00:00,0,0,0
2024-05-08 09:00:00,0,0,0
2024-05-08 10:00:00,0,0,0
2024-05-08 11:00:00,0,0,0
2024-05-08 12:00:00,0,0,0
2024-05-08 13:00:00,0,0,0
2024-05-08 14:00:00,0,0,0
2024-05-08 15:00:00,0,0,0
2024-05-08 16:00:00,0,0,0
2024-05-08 17:00:00,0,0,0
2024-05-08 18:00:00,0,0,0
2024-05-08 19:00:00,0,0,0
2024-05-08 20:00:00,0,0,0
2024-05-08 21:00:00,0,0,0
2024-05-08 22:00:00,0,0,0
2024-05-08 23:00:00,0,0,0
2024-05-09 00:00:00,0,0,0
2024-05-09 01:00:00,0,0,0
2024-05-09 02:00:00,0,0,0
2024-05-09 03:00:00,0,0,0
2024-05-09 04:00:00,0,0,0
2024-05-09 05:00:00,0,0,0
2024-05-09 06:00:00,0,0,0
2024-05-09 07:00:00,0,0,0
2024-05-09 08:00:00,0,0,0
2024-05-09 09:00:00,0,0,0
2024-05-09 10:00:00,0,0,0
2024-05-09 11:00:00,0,0,0
2024-05-09 12:00:00,0,0,0
2024-05-09 13:00:00,0,0,0
2024-05-09 14:00:00,0,0,0
2024-05-09 15:00:00,0,0,0
2024-05-09 16:00:00,0,0,0
2024-05-09 17:00:00,0,0,0
2024-05-09 18:00:00,0,0,0
2024-05-09 19:00:00,0,0,0
2024-05-09 20:00:00,0,0,0
2024-05-09 21:00:00,0,0,0
2024-05-09 22:00:00,0,0,0
2024-05-09 23:00:00,0,0,0
2024-05-10 00:00:00,0,0,0
2024-05-10 01:00:00,0,0,0
2024-05-10 02:00:00,0,0,0
2024-05-10 03:00:00,0,0,0
2024-05-10 04:00:00,0,0,0
2024-05-10 05:00:00,0,0,0
2024-05-10 06:00:00,0,0,0
2024-05-10 07:00:00,0,0,0
2024-05-10 08:00:00,0,0,0
2024-05-10 09:00:00,0,0,0
2024-05-10 10:00:00,0,0,0
2024-05-10 11:00:00,0,0,0
2024-05-10 12:00:00,0,0,0
2024-05-10 13:00:00,0,0,0
2024-05-10 14:00:00,0,0,0
2024-05-10 15:00:00,0,0,0
2024-05-10 16:00:00,0,0,0
2024-05-10 17:00:00,0,0,0
2024-05-10 18:00:00,0,0,0
2024-05-10 19:00:00,0,0,0
2024-05-10 20:00:00,0,0,0
2024-05-10 21:00:00,0,0,0
2024-05-10 22:00:00,0,0,0
2024-05-10 23:00:00,0,0,0
2024-05-11 00:00:00,0,0,0
2024-05-11 01:00:00,0,0,0
2024-05-11 02:00:00,0,0,0
2024-05-11 03:00:00,0,0,0
2024-05-11 04:00:00,0,0,0
2024-05-11 05:00:00,0,0,0
2024-05-11 06:00:00,0,0,0
2024-05-11 07:00:00,0,0,0
2024-05-11 08:00:00,0,0,0
2024-05-11 09:00:00,0,0,0
2024-05-11 10:00:00,0,0,0
2024-05-11 11:00:00,0,0,0
2024-05-11 12:00:00,0,0,0
2024-05-11 13:00:00,0,0,0
2024-05-11 14:00:00,0,0,0
2024-05-11 15:00:00,0,0,0
2024-05-11 16:00:00,0,0,0
2024-05-11 17:00:00,0,0,0
2024-05-11 18:00:00,0,0,0
2024-05-11 19:00:00,0,0,0
2024-05-11 20:00:00,0,0,0
2024-05-11 21:00:00,0,0,0
2024-05-11 22:00:00,0,0,0
2024-05-11 23:00:00,0,0,0
2024-05-12 00:00:00,0,0,0
2024-05-12 01:00:00,0,0,0
2024-05-12 02:00:00,0,0,0
2024-05-12 03:00:00,0,0,0
2024-05-12 04:00:00,0,0,0
2024-05-12 05:00:00,0,0,0
2024-05-12 06:00:00,0,0,0
2024-05-12 07:00:00,0,0,0
2024-05-12 08:00:00,0,0,0
2024-05-12 09:00:00,0,0,0
2024-05-12 10:00:00,0,0,0
2024-05-12 11:00:00,0,0,0
2024-05-12 12:00:00,0,0,0
2024-05-12 13:00:00,0,0,0
2024-05-12 14:00:00,0,0,0
2024-05-12 15:00:00,0,0,0
2024-05-12 16:00:00,0,0,0
2024-05-12 17:00:00,0,0,0
2024-05-12 18:00:00,0,0,0
2024-05-12 19:00:00,0,0,0
2024-05-12 20:00:00,0,0,0
2024-05-12 21:00:00,0,0,0
2024-05-12 22:00:00,0,0,0
2024-05-12 23:00:00,0,0,0
2024-05-13 00:00:00,0,0,0
2024-05-13 01:00:00,0,0,0
2024-05-13 02:00:00,0,0,0
2024-05-13 03:00:00,0,0,0
2024-05-13 04:00:00,0,0,0
2024-05-13 05:00:00,0,0,0
2024-05-13 06:00:00,0,0,0
2024-05-13 07:00:00,0,0,0
2024-05-13 08:00:00,0,0,0
2024-05-13 09:00:00,0,0,0
2024-05-13 10:00:00,0,0,0
2024-05-13 11:00:00,0,0,0
2024-05-13 12:00:00,0,0,0
2024-05-13 13:00:00,0,0,0
2024-05-13 14:00:00,0,0,0
2024-05-13 15:00:00,0,0,0
2024-05-13 16:00:00,0,0,0
2024-05-13 17:00:00,0,0,0
2024-05-13 18:00:00,0,0,0
2024-05-13 19:00:00,0,0,0
2024-05-13 20:00:00,0,0,0
2024-05-13 21:00:00,0,0,0
2024-05-13 22:00:00,0,0,0
2024-05-13 23:00:00,0,0,0
2024-05-14 00:00:00,0,0,0
2024-05-14 01:00:00,0,0,0
2024-05-14 02:00:00,0,0,0
2024-05-14 03:00:00,0,0,0
2024-05-14 04:00:00,0,0,0
2024-05-14 05:00:00,0,0,0
2024-05-14 06:00:00,0,0,0
2024-05-14 07:00:00,0,0,0
2024-05-14 08:00:00,0,0,0
2024-05-14 09:00:00,0,0,0
2024-05-14 10:00:00,0,0,0
2024-05-14 11:00:00,0,0,0
2024-05-14 12:00:00,0,0,0
2024-05-14 13:00:00,0,0,0
2024-05-14 14:00:00,0,0,0
2024-05-14 15:00:00,0,0,0
2024-05-14 16:00:00,0,0,0
2024-05-14 17:00:00,0,0,0
2024-05-14 18:00:00,0,0,0
2024-05-14 19:00:00,0,0,0
2024-05-14 20:00:00,0,0,0
2024-05-14 21:00:00,0,0,0
2024-05-14 22:00:00,0,0,0
2024-05-14 23:00:00,0,0,0
2024-05-15 00:00:00,0,0,0
2024-05-15 01:00:00,0,0,0
2024-05-15 02:00:00,0,0,0
2024-05-15 03:00:00,0,0,0
2024-05-15 04:00:00,0,0,0
2024-05-15 05:00:00,0,0,0
2024-05-15 06:00:00,0,0,0
2024-05-15 07:00:00,0,0,0
2024-05-15 08:00:00,0,0,0
2024-05-15 09:00:00,0,0,0
2024-05-15 10:00:00,0,0,0
2024-05-15 11:00:00,0,0,0
2024-05-15 12:00:00,0,0,0
2024-05-15 13:00:00,0,0,0
2024-05-15 14:00:00,0,0,0
2024-05-15 15:00:00,0,0,0
2024-05-15 16:00:00,0,0,0
2024-05-15 17:00:00,0,0,0
2024-05-15 18:00:00,0,0,0
2024-05-15 19:00:00,0,0,0
2024-05-15 20:00:00,0,0,0
2024-05-15 21:00:00,0,0,0
2024-05-15 22:00:00,0,0,0
2024-05-15 23:00:00,0,0,0
2024-05-16 00:00:00,0,0,0
2024-05-16 01:00:00,0,0,0
2024-05-16 02:00:00,0,0,0
2024-05-16 03:00:00,0,0,0
2024-05-16 04:00:00,0,0,0
2024-05-16 05:00:00,0,0,0
2024-05-16 06:00:00,0,0,0
2024-05-16 07:00:00,0,0,0
2024-05-16 08:00:00,0,0,0
2024-05-16 09:00:00,0,0,0
2024-05-16 10:00:00,0,0,0
2024-05-16 11:00:00,0,0,0
2024-05-16 12:00:00,0,0,0
2024-05-16 13:00:00,0,0,0
2024-05-16 14:00:00,0,0,0
2024-05-16 15:00:00,0,0,0
2024-05-16 16:00:00,0,0,0
2024-05-16 17:00:00,0,0,0
2024-05-16 18:00:00,0,0,0
2024-05-16 19:00:00,0,0,0
2024-05-16 20:00:00,0,0,0
2024-05-16 21:00:00,0,0,0
2024-05-16 22:00:00,0,0,0
2024-05-16 23:00:00,0,0,0
2024-05-17 00:00:00,0,0,0
2024-05-17 01:00:00,0,0,0
2024-05-17 02:00:00,0,0,0
2024-05-17 03:00:00,0,0,0
2024-05-17 04:00:00,0,0,0
2024-05-17 05:00:00,0,0,0
2024-05-17 06:00:00,0,0,0
2024-05-17 07:00:00,0,0,0
2024-05-17 08:00:00,0,0,0
2024-05-17 09:00:00,0,0,0
2024-05-17 10:00:00,0,0,0
2024-05-17 11:00:00,0,0,0
2024-05-17 12:00:00,0,0,0
2024-05-17 13:00:00,0,0,0
2024-05-17 14:00:00,0,0,0
2024-05-17 15:00:00,0,0,0
2024-05-17 16:00:00,0,0,0
2024-05-17 17:00:00,0,0,0
2024-05-17 18:00:00,0,0,0
2024-05-17 19:00:00,0,0,0
2024-05-17 20:00:00,0,0,0
2024-05-17 21:00:00,0,0,0
2024-05-17 22:00:00,0,0,0
2024-05-17 23:00:00,0,0,0
2024-05-18 00:00:00,0,0,0
2024-05-18 01:00:00,0,0,0
2024-05-18 02:00:00,0,0,0
2024-05-18 03:00:00,0,0,0
2024-05-18 04:00:00,0,0,0
2024-05-18 05:00:00,0,0,0
2024-05-18 06:00:00,0,0,0
2024-05-18 07:00:00,0,0,0
2024-05-18 08:00:00,0,0,0
2024-05-18 09:00:00,0,0,0
2024-05-18 10:00:00,0,0,0
2024-05-18 11:00:00,0,0,0
2024-05-18 12:00:00,0,0,0
2024-05-18 13:00:00,0,0,0
2024-05-18 14:00:00,0,0,0
2024-05-18 15:00:00,0,0,0
2024-05-18 16:00:00,0,0,0
2024-05-18 17:00:00,0,0,0
2024-05-18 18:00:00,0,0,0
2024-05-18 19:00:00,0,0,0
2024-05-18 20:00:00,0,0,0
2024-05-18 21:00:00,0,0,0
2024-05-18 22:00:00,0,0,0
2024-05-18 23:00:00,0,0,0
2024-05-19 00:00:00,0,0,0
2024-05-19 01:00:00,0,0,0
2024-05-19 02:00:00,0,0,0
2024-05-19 03:00:00,0,0,0
2024-05-19 04:00:00,0,0,0
2024-05-19 05:00:00,0,0,0
2024-05-19 06:00:00,0,0,0
2024-05-19 07:00:00,0,0,0
2024-05-19 08:00:00,0,0,0
2024-05-19 09:00:00,0,0,0
2024-05-19 10:00:00,0,0,0
2024-05-19 11:00:00,0,0,0
2024-05-19 12:00:00,0,0,0
2024-05-19 13:00:00,0,0,0
2024-05-19 14:00:00,0,0,0
2024-05-19 15:00:00,0,0,0
2024-05-19 16:00:00,0,0,0
2024-05-19 17:00:00,0,0,0
2024-05-19 18:00:00,0,0,0
2024-05-19 19:00:00,0,0,0
2024-05-19 20:00:00,0,0,0
2024-05-19 21:00:00,0,0,0
2024-05-19 22:00:00,0,0,0
2024-05-19 23:00:00,0,0,0
2024-05-20 00:00:00,0,0,0
2024-05-20 01:00:00,0,0,0
2024-05-20 02:00:00,0,0,0
2024-05-20 03:00:00,0,0,0
2024-05-20 04:00:00,0,0,0
2024-05-20 05:00:00,0,0,0
2024-05-20 06:00:00,0,0,0
2024-05-20 07:00:00,0,0,0
2024-05-20 08:00:00,0,0,0
2024-05-20 09:00:00,0,0,0
2024-05-20 10:00:00,0,0,0
2024-05-20 11:00:00,0,0,0
2024-05-20 12:00:00,0,0,0
2024-05-20 13:00:00,0,0,0
2024-05-20 14:00:00,0,0,0
2024-05-20 15:00:00,0,0,0
2024-05-20 16:00:00,0,0,0
2024-05-20 17:00:00,0,0,0
2024-05-20 18:00:00,0,0,0
2024-05-20 19:00:00,0,0,0
2024-05-20 20:00:00,0,0,0
2024-05-20 21:00:00,0,0,0
2024-05-20 22:00:00,0,0,0
2024-05-20 23:00:00,0,0,0
2024-05-21 00:00:00,0,0,0
2024-05-21 01:00:00,0,0,0
2024-05-21 02:00:00,0,0,0
2024-05-21 03:00:00,0,0,0
2024-05-21 04:00:00,0,0,0
2024-05-21 05:00:00,0,0,0
2024-05-21 06:00:00,0,0,0
2024-05-21 07:00:00,0,0,0
2024-05-21 08:00:00,0,0,0
2024-05-21 09:00:00,93,44,6
2024-05-21 10:00:00,280,120,20
2024-05-21 11:00:00,528,125,37
2024-05-21 12:00:00,506,131,49
2024-05-21 13:00:00,325,112,41
2024-05-21 14:00:00,264,146,46
2024-05-21 15:00:00,464,213,57
2024-05-21 16:00:00,708,247,176
2024-05-21 17:00:00,438,199,84
2024-05-21 18:00:00,245,199,44
2024-05-21 19:00:00,187,151,27
2024-05-21 20:00:00,119,146,17
2024-05-21 21:00:00,225,154,15
2024-05-21 22:00:00,87,102,7
2024-05-21 23:00:00,27,78,3
2024-05-22 00:00:00,8,53,2
2024-05-22 01:00:00,17,34,0
2024-05-22 02:00:00,12,20,1
2024-05-22 03:00:00,8,16,1
2024-05-22 04:00:00,19,31,4
2024-05-22 05:00:00,40,84,15
2024-05-22 06:00:00,241,183,51
2024-05-22 07:00:00,570,183,98
2024-05-22 08:00:00,289,244,66
2024-05-22 09:00:00,191,189,32
2024-05-22 10:00:00,256,148,20
2024-05-22 11:00:00,490,143,28
2024-05-22 12:00:00,366,121,25
2024-05-22 13:00:00,172,160,20
2024-05-22 14:00:00,286,171,28
2024-05-22 15:00:00,431,237,45
2024-05-22 16:00:00,744,266,115
2024-05-22 17:00:00,397,217,89
2024-05-22 18:00:00,286,165,53
2024-05-22 19:00:00,226,130,38
2024-05-22 20:00:00,191,120,17
2024-05-22 21:00:00,207,118,21
2024-05-22 22:00:00,89,94,5
2024-05-22 23:00:00,30,53,6
2024-05-23 00:00:00,29,41,1
2024-05-23 01:00:00,34,31,0
2024-05-23 02:00:00,19,15,0
2024-05-23 03:00:00,17,27,3
2024-05-23 04:00:00,12,36,2
2024-05-23 05:00:00,40,66,20
2024-05-23 06:00:00,253,185,65
2024-05-23 07:00:00,548,184,128
2024-05-23 08:00:00,296,183,57
2024-05-23 09:00:00,233,129,37
2024-05-23 10:00:00,270,119,31
2024-05-23 11:00:00,571,139,45
2024-05-23 12:00:00,543,101,49
2024-05-23 13:00:00,369,145,21
2024-05-23 14:00:00,349,157,40
2024-05-23 15:00:00,484,213,70
2024-05-23 16:00:00,657,231,126
2024-05-23 17:00:00,452,212,92
2024-05-23 18:00:00,361,190,53
2024-05-23 19:00:00,318,140,36
2024-05-23 20:00:00,201,116,27
2024-05-23 21:00:00,272,172,19
2024-05-23 22:00:00,135,165,11
2024-05-23 23:00:00,67,94,6
2024-05-24 00:00:00,33,58,2
2024-05-24 01:00:00,24,44,2
2024-05-24 02:00:00,12,34,1
2024-05-24 03:00:00,11,22,3
2024-05-24 04:00:00,18,31,4
2024-05-24 05:00:00,44,46,18
2024-05-24 06:00:00,169,136,43
2024-05-24 07:00:00,362,163,76
2024-05-24 08:00:00,292,146,56
2024-05-24 09:00:00,225,106,29
2024-05-24 10:00:00,293,144,34
2024-05-24 11:00:00,551,149,31
2024-05-24 12:00:00,466,154,38
2024-05-24 13:00:00,329,239,33
2024-05-24 14:00:00,373,231,36
2024-05-24 15:00:00,471,306,54
2024-05-24 16:00:00,570,317,87
2024-05-24 17:00:00,498,268,61
2024-05-24 18:00:00,396,279,32
2024-05-24 19:00:00,285,186,29
2024-05-24 20:00:00,217,170,19
2024-05-24 21:00:00,336,224,23
2024-05-24 22:00:00,217,209,13
2024-05-24 23:00:00,139,177,10
2024-05-25 00:00:00,128,167,4
2024-05-25 01:00:00,81,108,5
2024-05-25 02:00:00,23,71,4
2024-05-25 03:00:00,20,46,0
2024-05-25 04:00:00,8,23,1
2024-05-25 05:00:00,34,37,3
2024-05-25 06:00:00,53,54,9
2024-05-25 07:00:00,125,86,13
2024-05-25 08:00:00,198,112,20
2024-05-25 09:00:00,320,173,20
2024-05-25 10:00:00,368,233,60
2024-05-25 11:00:00,659,429,29
2024-05-25 12:00:00,607,425,47
2024-05-25 13:00:00,704,292,21
2024-05-25 14:00:00,544,241,33
2024-05-25 15:00:00,520,183,30
2024-05-25 16:00:00,805,201,30
2024-05-25 17:00:00,656,190,25
2024-05-25 18:00:00,568,205,26
2024-05-25 19:00:00,470,189,26
2024-05-25 20:00:00,322,234,18
2024-05-25 21:00:00,266,237,16
2024-05-25 22:00:00,212,220,23
2024-05-25 23:00:00,144,254,7
2024-05-26 00:00:00,49,284,6
2024-05-26 01:00:00,34,186,2
2024-05-26 02:00:00,31,130,1
2024-05-26 03:00:00,22,66,1
2024-05-26 04:00:00,13,37,0
2024-05-26 05:00:00,26,16,3
2024-05-26 06:00:00,32,35,10
2024-05-26 07:00:00,70,51,20
2024-05-26 08:00:00,121,80,17
2024-05-26 09:00:00,218,117,20
2024-05-26 10:00:00,326,147,27
2024-05-26 11:00:00,232,188,23
2024-05-26 12:00:00,179,253,16
2024-05-26 13:00:00,285,219,25
2024-05-26 14:00:00,422,184,16
2024-05-26 15:00:00,285,164,17
2024-05-26 16:00:00,298,166,27
2024-05-26 17:00:00,373,159,21
2024-05-26 18:00:00,322,143,24
2024-05-26 19:00:00,292,150,13
2024-05-26 20:00:00,205,144,16
2024-05-26 21:00:00,214,211,14
2024-05-26 22:00:00,153,159,24
2024-05-26 23:00:00,101,182,10
2024-05-27 00:00:00,47,151,3
2024-05-27 01:00:00,18,90,3
2024-05-27 02:00:00,16,41,3
2024-05-27 03:00:00,12,40,1
2024-05-27 04:00:00,7,30,1
2024-05-27 05:00:00,18,34,5
2024-05-27 06:00:00,46,35,9
2024-05-27 07:00:00,76,47,23
2024-05-27 08:00:00,140,79,9
2024-05-27 09:00:00,243,129,13
2024-05-27 10:00:00,300,106,25
2024-05-27 11:00:00,347,132,40
2024-05-27 12:00:00,402,129,19
2024-05-27 13:00:00,248,131,37
2024-05-27 14:00:00,290,135,25
2024-05-27 15:00:00,266,142,35
2024-05-27 16:00:00,299,125,34
2024-05-27 17:00:00,281,114,30
2024-05-27 18:00:00,197,119,29
2024-05-27 19:00:00,133,95,16
2024-05-27 20:00:00,161,81,18
2024-05-27 21:00:00,179,131,10
2024-05-27 22:00:00,69,77,1
2024-05-27 23:00:00,35,43,2
2024-05-28 00:00:00,5,51,3
2024-05-28 01:00:00,11,27,4
2024-05-28 02:00:00,4,21,0
2024-05-28 03:00:00,4,30,1
2024-05-28 04:00:00,12,36,2
2024-05-28 05:00:00,51,78,14
2024-05-28 06:00:00,225,140,48
2024-05-28 07:00:00,501,210,94
2024-05-28 08:00:00,322,172,46
2024-05-28 09:00:00,224,117,27
2024-05-28 10:00:00,295,118,21
2024-05-28 11:00:00,476,129,24
2024-05-28 12:00:00,492,124,32
2024-05-28 13:00:00,316,153,26
2024-05-28 14:00:00,311,134,42
2024-05-28 15:00:00,433,203,47
2024-05-28 16:00:00,555,206,96
2024-05-28 17:00:00,379,210,71
2024-05-28 18:00:00,253,158,41
2024-05-28 19:00:00,172,111,17
2024-05-28 20:00:00,128,122,6
2024-05-28 21:00:00,135,122,13
2024-05-28 22:00:00,62,99,8
2024-05-28 23:00:00,37,56,5
2024-05-29 00:00:00,20,56,5
2024-05-29 01:00:00,12,21,0
2024-05-29 02:00:00,13,20,4
2024-05-29 03:00:00,7,22,5
2024-05-29 04:00:00,20,38,3
2024-05-29 05:00:00,55,78,20
2024-05-29 06:00:00,244,147,49
2024-05-29 07:00:00,577,197,125
2024-05-29 08:00:00,319,153,61
2024-05-29 09:00:00,332,148,18
2024-05-29 10:00:00,327,114,26
2024-05-29 11:00:00,616,124,52
2024-05-29 12:00:00,583,130,44
2024-05-29 13:00:00,306,139,33
2024-05-29 14:00:00,318,172,32
2024-05-29 15:00:00,488,210,42
2024-05-29 16:00:00,758,192,144
2024-05-29 17:00:00,455,196,89
2024-05-29 18:00:00,285,180,33
2024-05-29 19:00:00,209,127,35
2024-05-29 20:00:00,175,111,24
2024-05-29 21:00:00,202,152,15
2024-05-29 22:00:00,98,106,9
2024-05-29 23:00:00,34,88,2
2024-05-30 00:00:00,15,54,2
2024-05-30 01:00:00,16,34,1
2024-05-30 02:00:00,12,25,3
2024-05-30 03:00:00,16,28,3
2024-05-30 04:00:00,8,27,4
2024-05-30 05:00:00,47,59,15
2024-05-30 06:00:00,194,161,47
2024-05-30 07:00:00,552,202,107
2024-05-30 08:00:00,313,155,56
2024-05-30 09:00:00,314,123,32
2024-05-30 10:00:00,242,118,16
2024-05-30 11:00:00,453,146,38
2024-05-30 12:00:00,396,132,42
2024-05-30 13:00:00,395,150,37
2024-05-30 14:00:00,361,155,33
2024-05-30 15:00:00,536,195,39
2024-05-30 16:00:00,726,200,111
2024-05-30 17:00:00,569,190,81
2024-05-30 18:00:00,376,202,53
2024-05-30 19:00:00,243,129,41
2024-05-30 20:00:00,213,132,24
2024-05-30 21:00:00,293,190,21
2024-05-30 22:00:00,190,142,9
2024-05-30 23:00:00,79,104,4
2024-05-31 00:00:00,56,57,1
2024-05-31 01:00:00,28,35,1
2024-05-31 02:00:00,26,34,2
2024-05-31 03:00:00,23,33,2
2024-05-31 04:00:00,14,30,2
2024-05-31 05:00:00,43,51,23
2024-05-31 06:00:00,177,128,43
2024-05-31 07:00:00,366,172,98
2024-05-31 08:00:00,270,151,45
2024-05-31 09:00:00,284,134,22
2024-05-31 10:00:00,296,133,25
2024-05-31 11:00:00,537,139,47
2024-05-31 12:00:00,490,144,38
2024-05-31 13:00:00,371,189,37
2024-05-31 14:00:00,405,205,39
2024-05-31 15:00:00,498,279,53
2024-05-31 16:00:00,551,225,80
2024-05-31 17:00:00,519,262,53
2024-05-31 18:00:00,491,243,53
2024-05-31 19:00:00,316,169,27
2024-05-31 20:00:00,259,176,21
2024-05-31 21:00:00,357,271,32
2024-05-31 22:00:00,351,237,10
2024-05-31 23:00:00,151,201,3
2024-06-01 00:00:00,170,172,2
2024-06-01 01:00:00,139,130,6
2024-06-01 02:00:00,86,89,2
2024-06-01 03:00:00,71,56,0
2024-06-01 04:00:00,19,47,4
2024-06-01 05:00:00,37,34,7
2024-06-01 06:00:00,42,54,11
2024-06-01 07:00:00,127,66,16
2024-06-01 08:00:00,214,97,18
2024-06-01 09:00:00,302,119,41
2024-06-01 10:00:00,417,176,26
2024-06-01 11:00:00,599,203,25
2024-06-01 12:00:00,507,196,36
2024-06-01 13:00:00,517,208,38
2024-06-01 14:00:00,347,217,33
2024-06-01 15:00:00,395,183,26
2024-06-01 16:00:00,483,211,23
2024-06-01 17:00:00,394,206,35
2024-06-01 18:00:00,431,219,25
2024-06-01 19:00:00,316,163,27
2024-06-01 20:00:00,250,157,17
2024-06-01 21:00:00,408,237,18
2024-06-01 22:00:00,246,222,15
2024-06-01 23:00:00,138,274,6
2024-06-02 00:00:00,125,187,4
2024-06-02 01:00:00,78,165,1
2024-06-02 02:00:00,73,100,0
2024-06-02 03:00:00,31,70,0
2024-06-02 04:00:00,13,40,3
2024-06-02 05:00:00,11,26,5
2024-06-02 06:00:00,36,30,3
2024-06-02 07:00:00,76,57,21
2024-06-02 08:00:00,115,86,8
2024-06-02 09:00:00,212,112,21
2024-06-02 10:00:00,285,135,23
2024-06-02 11:00:00,261,152,23
2024-06-02 12:00:00,317,118,22
2024-06-02 13:00:00,279,145,44
2024-06-02 14:00:00,293,121,39
2024-06-02 15:00:00,279,138,46
2024-06-02 16:00:00,258,131,25
2024-06-02 17:00:00,275,134,31
2024-06-02 18:00:00,252,118,43
2024-06-02 19:00:00,211,106,29
2024-06-02 20:00:00,160,91,9
2024-06-02 21:00:00,151,115,15
2024-06-02 22:00:00,74,86,11
2024-06-02 23:00:00,29,62,3
2024-06-03 00:00:00,22,48,2
2024-06-03 01:00:00,14,29,0
2024-06-03 02:00:00,11,22,3
2024-06-03 03:00:00,12,19,2
2024-06-03 04:00:00,11,32,3
2024-06-03 05:00:00,47,43,16
2024-06-03 06:00:00,229,145,62
2024-06-03 07:00:00,566,180,126
2024-06-03 08:00:00,308,161,62
2024-06-03 09:00:00,354,115,29
2024-06-03 10:00:00,290,111,24
2024-06-03 11:00:00,554,130,37
2024-06-03 12:00:00,466,107,40
2024-06-03 13:00:00,311,137,31
2024-06-03 14:00:00,250,141,29
2024-06-03 15:00:00,417,172,52
2024-06-03 16:00:00,588,165,149
2024-06-03 17:00:00,333,172,80
2024-06-03 18:00:00,202,128,32
2024-06-03 19:00:00,181,112,19
2024-06-03 20:00:00,128,80,20
2024-06-03 21:00:00,115,97,15
2024-06-03 22:00:00,66,74,4
2024-06-03 23:00:00,36,53,6
2024-06-04 00:00:00,21,32,3
2024-06-04 01:00:00,6,22,1
2024-06-04 02:00:00,6,14,4
2024-06-04 03:00:00,8,25,4
2024-06-04 04:00:00,18,21,1
2024-06-04 05:00:00,56,77,21
2024-06-04 06:00:00,240,152,71
2024-06-04 07:00:00,635,203,142
2024-06-04 08:00:00,371,186,75
2024-06-04 09:00:00,230,123,34
2024-06-04 10:00:00,314,126,35
2024-06-04 11:00:00,557,132,42
2024-06-04 12:00:00,512,135,34
2024-06-04 13:00:00,281,124,35
2024-06-04 14:00:00,327,125,35
2024-06-04 15:00:00,438,226,66
2024-06-04 16:00:00,673,213,175
2024-06-04 17:00:00,353,180,98
2024-06-04 18:00:00,214,164,52
2024-06-04 19:00:00,182,127,27
2024-06-04 20:00:00,161,82,13
2024-06-04 21:00:00,154,131,12
2024-06-04 22:00:00,83,93,7
2024-06-04 23:00:00,29,67,7
2024-06-05 00:00:00,34,35,3
2024-06-05 01:00:00,10,22,1
2024-06-05 02:00:00,10,23,2
2024-06-05 03:00:00,9,15,4
2024-06-05 04:00:00,17,32,1
2024-06-05 05:00:00,52,81,14
2024-06-05 06:00:00,223,177,65
2024-06-05 07:00:00,637,225,122
2024-06-05 08:00:00,347,215,78
2024-06-05 09:00:00,269,173,18
2024-06-05 10:00:00,261,117,38
2024-06-05 11:00:00,645,139,43
2024-06-05 12:00:00,568,112,29
2024-06-05 13:00:00,317,138,27
2024-06-05 14:00:00,312,136,35
2024-06-05 15:00:00,503,219,48
2024-06-05 16:00:00,760,253,157
2024-06-05 17:00:00,441,217,109
2024-06-05 18:00:00,241,182,45
2024-06-05 19:00:00,213,120,36
2024-06-05 20:00:00,183,108,32
2024-06-05 21:00:00,178,148,17
2024-06-05 22:00:00,94,120,8
2024-06-05 23:00:00,34,71,0
2024-06-06 00:00:00,35,54,1
2024-06-06 01:00:00,14,31,0
2024-06-06 02:00:00,8,37,0
2024-06-06 03:00:00,8,26,2
2024-06-06 04:00:00,8,23,3
2024-06-06 05:00:00,56,67,15
2024-06-06 06:00:00,220,160,52
2024-06-06 07:00:00,585,214,131
2024-06-06 08:00:00,395,206,64
2024-06-06 09:00:00,229,162,33
2024-06-06 10:00:00,269,136,33
2024-06-06 11:00:00,527,145,49
2024-06-06 12:00:00,515,109,49
2024-06-06 13:00:00,292,146,39
2024-06-06 14:00:00,306,154,37
2024-06-06 15:00:00,485,209,58
2024-06-06 16:00:00,702,250,144
2024-06-06 17:00:00,463,228,111
2024-06-06 18:00:00,333,164,52
2024-06-06 19:00:00,225,116,46
2024-06-06 20:00:00,212,114,21
2024-06-06 21:00:00,234,168,19
2024-06-06 22:00:00,126,127,13
2024-06-06 23:00:00,64,96,2
2024-06-07 00:00:00,42,84,0
2024-06-07 01:00:00,32,50,1
2024-06-07 02:00:00,16,21,0
2024-06-07 03:00:00,9,22,4
2024-06-07 04:00:00,15,32,2
2024-06-07 05:00:00,38,51,12
2024-06-07 06:00:00,165,145,40
2024-06-07 07:00:00,397,165,88
2024-06-07 08:00:00,303,169,44
2024-06-07 09:00:00,226,136,20
2024-06-07 10:00:00,299,123,23
2024-06-07 11:00:00,464,146,42
2024-06-07 12:00:00,425,152,25
2024-06-07 13:00:00,322,207,32
2024-06-07 14:00:00,317,265,37
2024-06-07 15:00:00,477,240,54
2024-06-07 16:00:00,594,283,103
2024-06-07 17:00:00,359,250,54
2024-06-07 18:00:00,306,220,31
2024-06-07 19:00:00,235,140,27
2024-06-07 20:00:00,247,140,12
2024-06-07 21:00:00,292,206,17
2024-06-07 22:00:00,226,222,22
2024-06-07 23:00:00,153,212,7
2024-06-08 00:00:00,103,174,5
2024-06-08 01:00:00,77,118,1
2024-06-08 02:00:00,90,72,1
2024-06-08 03:00:00,30,59,0
2024-06-08 04:00:00,13,33,2
2024-06-08 05:00:00,29,29,10
2024-06-08 06:00:00,39,62,6
2024-06-08 07:00:00,86,55,32
2024-06-08 08:00:00,191,120,19
2024-06-08 09:00:00,378,110,30
2024-06-08 10:00:00,536,165,25
2024-06-08 11:00:00,570,183,42
2024-06-08 12:00:00,440,159,26
2024-06-08 13:00:00,486,218,26
2024-06-08 14:00:00,366,222,22
2024-06-08 15:00:00,417,183,29
2024-06-08 16:00:00,523,226,25
2024-06-08 17:00:00,427,257,21
2024-06-08 18:00:00,408,219,21
2024-06-08 19:00:00,382,192,14
2024-06-08 20:00:00,325,153,12
2024-06-08 21:00:00,395,254,19
2024-06-08 22:00:00,274,213,16
2024-06-08 23:00:00,198,229,7
2024-06-09 00:00:00,132,214,1
2024-06-09 01:00:00,96,180,3
2024-06-09 02:00:00,56,84,0
2024-06-09 03:00:00,27,70,0
2024-06-09 04:00:00,6,41,2
2024-06-09 05:00:00,16,20,4
2024-06-09 06:00:00,39,24,6
2024-06-09 07:00:00,56,49,25
2024-06-09 08:00:00,127,100,25
2024-06-09 09:00:00,216,125,23
2024-06-09 10:00:00,420,140,34
2024-06-09 11:00:00,327,160,44
2024-06-09 12:00:00,333,151,28
2024-06-09 13:00:00,353,128,31
2024-06-09 14:00:00,316,208,38
2024-06-09 15:00:00,286,233,35
2024-06-09 16:00:00,259,150,35
2024-06-09 17:00:00,226,171,28
2024-06-09 18:00:00,213,133,32
2024-06-09 19:00:00,128,90,27
2024-06-09 20:00:00,98,113,19
2024-06-09 21:00:00,137,132,8
2024-06-09 22:00:00,68,110,7
2024-06-09 23:00:00,31,84,2
2024-06-10 00:00:00,15,39,0
2024-06-10 01:00:00,8,24,1
2024-06-10 02:00:00,3,23,0
2024-06-10 03:00:00,11,20,2
2024-06-10 04:00:00,12,20,4
2024-06-10 05:00:00,47,62,13
2024-06-10 06:00:00,192,136,47
2024-06-10 07:00:00,558,194,121
2024-06-10 08:00:00,328,175,62
2024-06-10 09:00:00,231,141,33
2024-06-10 10:00:00,275,110,25
2024-06-10 11:00:00,527,117,39
2024-06-10 12:00:00,481,117,40
2024-06-10 13:00:00,284,100,30
2024-06-10 14:00:00,275,123,29
2024-06-10 15:00:00,387,163,60
2024-06-10 16:00:00,567,168,123
2024-06-10 17:00:00,331,167,96
2024-06-10 18:00:00,201,141,37
2024-06-10 19:00:00,185,92,22
2024-06-10 20:00:00,116,81,13
2024-06-10 21:00:00,119,109,12
2024-06-10 22:00:00,74,87,11
2024-06-10 23:00:00,19,35,4
2024-06-11 00:00:00,13,36,4
2024-06-11 01:00:00,11,29,0
2024-06-11 02:00:00,4,16,1
2024-06-11 03:00:00,6,19,2
2024-06-11 04:00:00,19,32,1
2024-06-11 05:00:00,60,84,17
2024-06-11 06:00:00,237,168,74
2024-06-11 07:00:00,599,197,143
2024-06-11 08:00:00,384,207,72
2024-06-11 09:00:00,274,145,26
2024-06-11 10:00:00,302,123,26
2024-06-11 11:00:00,482,135,44
2024-06-11 12:00:00,539,129,51
2024-06-11 13:00:00,279,129,24
2024-06-11 14:00:00,331,150,37
2024-06-11 15:00:00,491,212,79
2024-06-11 16:00:00,666,260,177
2024-06-11 17:00:00,408,257,96
2024-06-11 18:00:00,252,167,48
2024-06-11 19:00:00,202,123,35
2024-06-11 20:00:00,200,93,27
2024-06-11 21:00:00,143,126,14
2024-06-11 22:00:00,96,71,13
2024-06-11 23:00:00,41,81,2
2024-06-12 00:00:00,12,53,3
2024-06-12 01:00:00,10,28,0
2024-06-12 02:00:00,8,20,1
2024-06-12 03:00:00,7,14,3
2024-06-12 04:00:00,16,43,3
2024-06-12 05:00:00,47,80,15
2024-06-12 06:00:00,265,175,49
2024-06-12 07:00:00,555,187,140
2024-06-12 08:00:00,365,211,85
2024-06-12 09:00:00,275,150,29
2024-06-12 10:00:00,284,123,34
2024-06-12 11:00:00,600,165,45
2024-06-12 12:00:00,523,124,36
2024-06-12 13:00:00,294,147,24
2024-06-12 14:00:00,302,132,37
2024-06-12 15:00:00,461,198,55
2024-06-12 16:00:00,743,199,155
2024-06-12 17:00:00,459,206,109
2024-06-12 18:00:00,237,155,54
2024-06-12 19:00:00,182,105,28
2024-06-12 20:00:00,150,96,26
2024-06-12 21:00:00,164,136,18
2024-06-12 22:00:00,67,105,9
2024-06-12 23:00:00,55,77,5
2024-06-13 00:00:00,25,49,0
2024-06-13 01:00:00,11,45,1
2024-06-13 02:00:00,13,24,1
2024-06-13 03:00:00,7,22,2
2024-06-13 04:00:00,8,34,3
2024-06-13 05:00:00,46,72,15
2024-06-13 06:00:00,238,159,57
2024-06-13 07:00:00,594,199,130
2024-06-13 08:00:00,381,209,75
2024-06-13 09:00:00,273,119,37
2024-06-13 10:00:00,275,132,28
2024-06-13 11:00:00,593,130,40
2024-06-13 12:00:00,470,143,30
2024-06-13 13:00:00,285,160,28
2024-06-13 14:00:00,302,172,39
2024-06-13 15:00:00,490,281,60
2024-06-13 16:00:00,731,303,119
2024-06-13 17:00:00,435,259,72
2024-06-13 18:00:00,296,193,41
2024-06-13 19:00:00,236,153,25
2024-06-13 20:00:00,172,125,24
2024-06-13 21:00:00,150,157,19
2024-06-13 22:00:00,124,110,10
2024-06-13 23:00:00,52,77,4
2024-06-14 00:00:00,35,69,0
2024-06-14 01:00:00,16,32,1
2024-06-14 02:00:00,9,30,1
2024-06-14 03:00:00,5,25,2
2024-06-14 04:00:00,11,26,2
2024-06-14 05:00:00,37,58,13
2024-06-14 06:00:00,180,156,51
2024-06-14 07:00:00,507,191,71
2024-06-14 08:00:00,389,191,65
2024-06-14 09:00:00,306,205,37
2024-06-14 10:00:00,338,141,24
2024-06-14 11:00:00,464,137,36
2024-06-14 12:00:00,474,148,29
2024-06-14 13:00:00,390,207,17
2024-06-14 14:00:00,461,297,29
2024-06-14 15:00:00,640,335,51
2024-06-14 16:00:00,537,347,72
2024-06-14 17:00:00,433,382,55
2024-06-14 18:00:00,389,264,36
2024-06-14 19:00:00,234,167,23
2024-06-14 20:00:00,184,137,23
2024-06-14 21:00:00,233,252,21
2024-06-14 22:00:00,100,191,14
2024-06-14 23:00:00,73,193,8
2024-06-15 00:00:00,55,165,2
2024-06-15 01:00:00,61,109,1
2024-06-15 02:00:00,33,87,1
2024-06-15 03:00:00,9,46,0
2024-06-15 04:00:00,5,26,2
2024-06-15 05:00:00,12,33,9
2024-06-15 06:00:00,36,56,8
2024-06-15 07:00:00,146,80,14
2024-06-15 08:00:00,239,132,18
2024-06-15 09:00:00,322,167,25
2024-06-15 10:00:00,502,218,19
2024-06-15 11:00:00,557,245,19
2024-06-15 12:00:00,457,168,29
2024-06-15 13:00:00,526,222,34
2024-06-15 14:00:00,517,206,24
2024-06-15 15:00:00,589,236,32
2024-06-15 16:00:00,497,229,18
2024-06-15 17:00:00,370,200,27
2024-06-15 18:00:00,376,217,24
2024-06-15 19:00:00,290,205,14
2024-06-15 20:00:00,250,110,25
2024-06-15 21:00:00,376,199,8
2024-06-15 22:00:00,179,200,11
2024-06-15 23:00:00,142,212,4
2024-06-16 00:00:00,102,187,2
2024-06-16 01:00:00,78,117,5
2024-06-16 02:00:00,59,84,1
2024-06-16 03:00:00,25,79,0
2024-06-16 04:00:00,9,27,1
2024-06-16 05:00:00,14,23,5
2024-06-16 06:00:00,41,40,8
2024-06-16 07:00:00,72,64,27
2024-06-16 08:00:00,138,104,16
2024-06-16 09:00:00,185,134,20
2024-06-16 10:00:00,215,157,18
2024-06-16 11:00:00,316,191,22
2024-06-16 12:00:00,254,141,28
2024-06-16 13:00:00,256,132,38
2024-06-16 14:00:00,232,127,26
2024-06-16 15:00:00,282,150,38
2024-06-16 16:00:00,277,143,33
2024-06-16 17:00:00,234,143,30
2024-06-16 18:00:00,229,122,37
2024-06-16 19:00:00,131,80,27
2024-06-16 20:00:00,148,72,14
2024-06-16 21:00:00,172,126,16
2024-06-16 22:00:00,83,77,6
2024-06-16 23:00:00,48,70,4
2024-06-17 00:00:00,24,39,2
2024-06-17 01:00:00,16,18,2
2024-06-17 02:00:00,6,19,1
2024-06-17 03:00:00,11,27,1
2024-06-17 04:00:00,7,23,2
2024-06-17 05:00:00,43,43,19
2024-06-17 06:00:00,205,155,56
2024-06-17 07:00:00,471,179,108
2024-06-17 08:00:00,283,126,65
2024-06-17 09:00:00,250,110,27
2024-06-17 10:00:00,260,105,22
2024-06-17 11:00:00,449,131,44
2024-06-17 12:00:00,401,108,31
2024-06-17 13:00:00,253,112,26
2024-06-17 14:00:00,415,118,50
2024-06-17 15:00:00,369,152,49
2024-06-17 16:00:00,522,181,129
2024-06-17 17:00:00,314,147,74
2024-06-17 18:00:00,217,125,39
2024-06-17 19:00:00,169,111,23
2024-06-17 20:00:00,111,78,14
2024-06-17 21:00:00,135,114,5
2024-06-17 22:00:00,35,65,5
2024-06-17 23:00:00,21,50,5
2024-06-18 00:00:00,11,31,1
2024-06-18 01:00:00,8,21,0
2024-06-18 02:00:00,7,15,1
2024-06-18 03:00:00,8,28,1
2024-06-18 04:00:00,13,26,3
2024-06-18 05:00:00,54,71,23
2024-06-18 06:00:00,253,168,72
2024-06-18 07:00:00,595,205,121
2024-06-18 08:00:00,349,188,66
2024-06-18 09:00:00,279,162,24
2024-06-18 10:00:00,268,113,29
2024-06-18 11:00:00,557,129,34
2024-06-18 12:00:00,483,128,44
2024-06-18 13:00:00,317,131,28
2024-06-18 14:00:00,304,150,39
2024-06-18 15:00:00,503,222,63
2024-06-18 16:00:00,671,199,159
2024-06-18 17:00:00,330,184,93
2024-06-18 18:00:00,193,155,45
2024-06-18 19:00:00,206,97,24
2024-06-18 20:00:00,127,95,20
2024-06-18 21:00:00,197,109,10
2024-06-18 22:00:00,75,86,17
2024-06-18 23:00:00,75,113,5
2024-06-19 00:00:00,13,95,1
2024-06-19 01:00:00,12,36,1
2024-06-19 02:00:00,5,19,5
2024-06-19 03:00:00,3,27,1
2024-06-19 04:00:00,18,40,2
2024-06-19 05:00:00,59,79,18
2024-06-19 06:00:00,256,154,52
2024-06-19 07:00:00,582,181,124
2024-06-19 08:00:00,362,168,73
2024-06-19 09:00:00,241,118,34
2024-06-19 10:00:00,309,105,36
2024-06-19 11:00:00,539,126,36
2024-06-19 12:00:00,522,122,29
2024-06-19 13:00:00,290,146,39
2024-06-19 14:00:00,290,151,50
2024-06-19 15:00:00,429,201,71
2024-06-19 16:00:00,653,196,150
2024-06-19 17:00:00,443,202,99
2024-06-19 18:00:00,265,158,48
2024-06-19 19:00:00,155,116,31
2024-06-19 20:00:00,166,87,30
2024-06-19 21:00:00,184,149,18
2024-06-19 22:00:00,89,99,10
2024-06-19 23:00:00,41,69,4
2024-06-20 00:00:00,12,53,1
2024-06-20 01:00:00,5,24,1
2024-06-20 02:00:00,10,24,2
2024-06-20 03:00:00,8,17,1
2024-06-20 04:00:00,18,23,4
2024-06-20 05:00:00,58,58,22
2024-06-20 06:00:00,241,172,49
2024-06-20 07:00:00,538,184,121
2024-06-20 08:00:00,388,216,65
2024-06-20 09:00:00,277,145,33
2024-06-20 10:00:00,255,146,26
2024-06-20 11:00:00,532,147,43
2024-06-20 12:00:00,526,156,48
2024-06-20 13:00:00,300,148,42
2024-06-20 14:00:00,411,146,42
2024-06-20 15:00:00,577,239,83
2024-06-20 16:00:00,537,206,113
2024-06-20 17:00:00,383,216,76
2024-06-20 18:00:00,436,193,59
2024-06-20 19:00:00,248,149,37
2024-06-20 20:00:00,243,114,31
2024-06-20 21:00:00,254,174,24
2024-06-20 22:00:00,120,147,15
2024-06-20 23:00:00,28,110,6
2024-06-21 00:00:00,28,84,4
2024-06-21 01:00:00,28,49,0
2024-06-21 02:00:00,7,35,0
2024-06-21 03:00:00,7,27,3
2024-06-21 04:00:00,12,30,3
2024-06-21 05:00:00,39,51,27
2024-06-21 06:00:00,137,131,38
2024-06-21 07:00:00,404,179,87
2024-06-21 08:00:00,320,154,96
2024-06-21 09:00:00,251,125,31
2024-06-21 10:00:00,267,130,31
2024-06-21 11:00:00,478,129,44
2024-06-21 12:00:00,416,144,34
2024-06-21 13:00:00,305,242,37
2024-06-21 14:00:00,292,324,52
2024-06-21 15:00:00,370,293,65
2024-06-21 16:00:00,543,260,92
2024-06-21 17:00:00,384,272,55
2024-06-21 18:00:00,326,250,51
2024-06-21 19:00:00,223,171,19
2024-06-21 20:00:00,200,159,16
2024-06-21 21:00:00,257,266,17
2024-06-21 22:00:00,138,185,10
2024-06-21 23:00:00,105,181,4
2024-06-22 00:00:00,60,149,3
2024-06-22 01:00:00,52,102,3
2024-06-22 02:00:00,45,74,1
2024-06-22 03:00:00,9,53,2
2024-06-22 04:00:00,10,28,4
2024-06-22 05:00:00,28,37,4
2024-06-22 06:00:00,42,53,16
2024-06-22 07:00:00,88,83,20
2024-06-22 08:00:00,177,132,24
2024-06-22 09:00:00,329,132,36
2024-06-22 10:00:00,419,174,64
2024-06-22 11:00:00,503,210,40
2024-06-22 12:00:00,369,233,28
2024-06-22 13:00:00,413,204,38
2024-06-22 14:00:00,364,215,29
2024-06-22 15:00:00,351,208,29
2024-06-22 16:00:00,396,224,27
2024-06-22 17:00:00,411,222,42
2024-06-22 18:00:00,377,228,39
2024-06-22 19:00:00,348,168,21
2024-06-22 20:00:00,265,140,17
2024-06-22 21:00:00,423,243,19
2024-06-22 22:00:00,224,199,14
2024-06-22 23:00:00,138,246,4
2024-06-23 00:00:00,98,233,7
2024-06-23 01:00:00,95,123,2
2024-06-23 02:00:00,84,117,6
2024-06-23 03:00:00,20,74,1
2024-06-23 04:00:00,12,37,0
2024-06-23 05:00:00,9,22,4
2024-06-23 06:00:00,23,23,7
2024-06-23 07:00:00,60,66,15
2024-06-23 08:00:00,140,88,15
2024-06-23 09:00:00,223,131,22
2024-06-23 10:00:00,207,129,16
2024-06-23 11:00:00,287,162,36
2024-06-23 12:00:00,273,176,17
2024-06-23 13:00:00,303,187,35
2024-06-23 14:00:00,233,183,30
2024-06-23 15:00:00,241,184,31
2024-06-23 16:00:00,287,133,25
2024-06-23 17:00:00,270,175,35
2024-06-23 18:00:00,177,151,34
2024-06-23 19:00:00,151,131,22
2024-06-23 20:00:00,101,94,26
2024-06-23 21:00:00,133,141,11
2024-06-23 22:00:00,116,105,7
2024-06-23 23:00:00,57,96,6
2024-06-24 00:00:00,15,58,1
2024-06-24 01:00:00,8,27,0
2024-06-24 02:00:00,14,19,0
2024-06-24 03:00:00,4,17,1
2024-06-24 04:00:00,13,22,4
2024-06-24 05:00:00,42,48,18
2024-06-24 06:00:00,189,158,55
2024-06-24 07:00:00,512,205,131
2024-06-24 08:00:00,278,177,59
2024-06-24 09:00:00,395,119,23
2024-06-24 10:00:00,265,99,23
2024-06-24 11:00:00,441,128,39
2024-06-24 12:00:00,500,108,30
2024-06-24 13:00:00,292,111,27
2024-06-24 14:00:00,259,125,30
2024-06-24 15:00:00,368,157,77
2024-06-24 16:00:00,545,193,134
2024-06-24 17:00:00,328,186,86
2024-06-24 18:00:00,230,125,34
2024-06-24 19:00:00,143,102,26
2024-06-24 20:00:00,127,95,14
2024-06-24 21:00:00,95,113,14
2024-06-24 22:00:00,64,67,10
2024-06-24 23:00:00,17,47,5
2024-06-25 00:00:00,22,31,1
2024-06-25 01:00:00,5,19,3
2024-06-25 02:00:00,7,25,2
2024-06-25 03:00:00,6,17,2
2024-06-25 04:00:00,11,33,4
2024-06-25 05:00:00,60,67,29
2024-06-25 06:00:00,260,162,68
2024-06-25 07:00:00,600,214,132
2024-06-25 08:00:00,316,243,68
2024-06-25 09:00:00,255,137,29
2024-06-25 10:00:00,264,134,25
2024-06-25 11:00:00,545,118,41
2024-06-25 12:00:00,500,131,44
2024-06-25 13:00:00,309,141,39
2024-06-25 14:00:00,268,135,33
2024-06-25 15:00:00,414,205,83
2024-06-25 16:00:00,600,238,166
2024-06-25 17:00:00,356,199,99
2024-06-25 18:00:00,317,162,58
2024-06-25 19:00:00,166,93,34
2024-06-25 20:00:00,167,89,23
2024-06-25 21:00:00,182,133,27
2024-06-25 22:00:00,81,105,9
2024-06-25 23:00:00,54,73,4
2024-06-26 00:00:00,11,60,0
2024-06-26 01:00:00,18,36,0
2024-06-26 02:00:00,12,22,0
2024-06-26 03:00:00,6,28,2
2024-06-26 04:00:00,22,47,1
2024-06-26 05:00:00,63,67,14
2024-06-26 06:00:00,257,170,57
2024-06-26 07:00:00,569,218,127
2024-06-26 08:00:00,333,197,55
2024-06-26 09:00:00,233,156,29
2024-06-26 10:00:00,269,149,22
2024-06-26 11:00:00,530,134,44
2024-06-26 12:00:00,515,129,26
2024-06-26 13:00:00,279,118,31
2024-06-26 14:00:00,297,151,45
2024-06-26 15:00:00,465,211,77
2024-06-26 16:00:00,596,226,156
2024-06-26 17:00:00,414,223,94
2024-06-26 18:00:00,340,162,34
2024-06-26 19:00:00,232,143,37
2024-06-26 20:00:00,188,107,25
2024-06-26 21:00:00,255,178,21
2024-06-26 22:00:00,124,104,12
2024-06-26 23:00:00,49,85,2
2024-06-27 00:00:00,28,60,0
2024-06-27 01:00:00,5,21,1
2024-06-27 02:00:00,8,19,2
2024-06-27 03:00:00,10,25,2
2024-06-27 04:00:00,16,28,4
2024-06-27 05:00:00,48,63,20
2024-06-27 06:00:00,228,162,56
2024-06-27 07:00:00,526,235,108
2024-06-27 08:00:00,324,210,64
2024-06-27 09:00:00,224,156,34
2024-06-27 10:00:00,284,109,27
2024-06-27 11:00:00,513,167,29
2024-06-27 12:00:00,479,115,40
2024-06-27 13:00:00,276,134,38
2024-06-27 14:00:00,310,154,44
2024-06-27 15:00:00,432,218,50
2024-06-27 16:00:00,586,242,118
2024-06-27 17:00:00,365,227,85
2024-06-27 18:00:00,250,197,43
2024-06-27 19:00:00,200,130,37
2024-06-27 20:00:00,186,123,23
2024-06-27 21:00:00,155,207,15
2024-06-27 22:00:00,75,131,17
2024-06-27 23:00:00,33,87,4
2024-06-28 00:00:00,42,76,1
2024-06-28 01:00:00,23,39,2
2024-06-28 02:00:00,18,25,0
2024-06-28 03:00:00,8,33,2
2024-06-28 04:00:00,7,30,4
2024-06-28 05:00:00,36,40,16
2024-06-28 06:00:00,164,149,52
2024-06-28 07:00:00,370,191,91
2024-06-28 08:00:00,291,163,51
2024-06-28 09:00:00,227,136,13
2024-06-28 10:00:00,273,125,27
2024-06-28 11:00:00,430,130,44
2024-06-28 12:00:00,431,146,48
2024-06-28 13:00:00,371,184,28
2024-06-28 14:00:00,293,238,44
2024-06-28 15:00:00,459,270,60
2024-06-28 16:00:00,523,258,95
2024-06-28 17:00:00,447,323,59
2024-06-28 18:00:00,365,254,33
2024-06-28 19:00:00,232,145,32
2024-06-28 20:00:00,191,153,18
2024-06-28 21:00:00,275,233,14
2024-06-28 22:00:00,236,224,13
2024-06-28 23:00:00,105,207,8
2024-06-29 00:00:00,89,168,6
2024-06-29 01:00:00,73,154,1
2024-06-29 02:00:00,38,96,2
2024-06-29 03:00:00,13,51,0
2024-06-29 04:00:00,9,38,2
2024-06-29 05:00:00,27,23,3
2024-06-29 06:00:00,50,55,10
2024-06-29 07:00:00,102,82,13
2024-06-29 08:00:00,159,118,26
2024-06-29 09:00:00,258,130,28
2024-06-29 10:00:00,358,152,45
2024-06-29 11:00:00,560,200,35
2024-06-29 12:00:00,438,196,36
2024-06-29 13:00:00,315,217,20
2024-06-29 14:00:00,429,211,33
2024-06-29 15:00:00,356,233,21
2024-06-29 16:00:00,365,212,27
2024-06-29 17:00:00,396,222,25
2024-06-29 18:00:00,323,199,33
2024-06-29 19:00:00,294,181,22
2024-06-29 20:00:00,250,147,15
2024-06-29 21:00:00,280,253,21
2024-06-29 22:00:00,260,231,13
2024-06-29 23:00:00,141,225,5
2024-06-30 00:00:00,127,185,2
2024-06-30 01:00:00,87,168,1
2024-06-30 02:00:00,55,107,2
2024-06-30 03:00:00,20,77,2
2024-06-30 04:00:00,11,35,0
2024-06-30 05:00:00,16,20,5
2024-06-30 06:00:00,24,22,7
2024-06-30 07:00:00,42,58,24
2024-06-30 08:00:00,129,101,16
2024-06-30 09:00:00,186,132,25
2024-06-30 10:00:00,254,155,32
2024-06-30 11:00:00,337,158,41
2024-06-30 12:00:00,232,122,41
2024-06-30 13:00:00,249,144,16
2024-06-30 14:00:00,257,147,33
2024-06-30 15:00:00,258,156,37
2024-06-30 16:00:00,197,111,36
2024-06-30 17:00:00,162,105,20
2024-06-30 18:00:00,230,124,28
2024-06-30 19:00:00,152,104,24
2024-06-30 20:00:00,119,94,7
2024-06-30 21:00:00,95,138,9
2024-06-30 22:00:00,58,79,7
2024-06-30 23:00:00,18,79,6
2024-07-01 00:00:00,15,43,0
2024-07-01 01:00:00,4,27,1
2024-07-01 02:00:00,2,25,1
2024-07-01 03:00:00,2,27,0
2024-07-01 04:00:00,10,24,3
2024-07-01 05:00:00,49,63,16
2024-07-01 06:00:00,192,147,41
2024-07-01 07:00:00,525,196,126
2024-07-01 08:00:00,293,160,49
2024-07-01 09:00:00,263,110,30
2024-07-01 10:00:00,257,122,34
2024-07-01 11:00:00,489,136,37
2024-07-01 12:00:00,424,118,36
2024-07-01 13:00:00,222,134,28
2024-07-01 14:00:00,255,141,45
2024-07-01 15:00:00,394,183,54
2024-07-01 16:00:00,593,188,131
2024-07-01 17:00:00,346,169,91
2024-07-01 18:00:00,248,142,38
2024-07-01 19:00:00,176,124,27
2024-07-01 20:00:00,172,91,18
2024-07-01 21:00:00,164,104,18
2024-07-01 22:00:00,55,77,10
2024-07-01 23:00:00,16,51,4
2024-07-02 00:00:00,11,37,1
2024-07-02 01:00:00,3,26,1
2024-07-02 02:00:00,6,14,0
2024-07-02 03:00:00,21,18,0
2024-07-02 04:00:00,14,26,4
2024-07-02 05:00:00,58,77,12
2024-07-02 06:00:00,241,145,62
2024-07-02 07:00:00,629,198,139
2024-07-02 08:00:00,403,202,83
2024-07-02 09:00:00,256,131,29
2024-07-02 10:00:00,252,136,30
2024-07-02 11:00:00,590,135,47
2024-07-02 12:00:00,457,131,58
2024-07-02 13:00:00,310,142,23
2024-07-02 14:00:00,250,160,35
2024-07-02 15:00:00,453,181,59
2024-07-02 16:00:00,596,242,144
2024-07-02 17:00:00,385,184,85
2024-07-02 18:00:00,277,127,59
2024-07-02 19:00:00,140,115,33
2024-07-02 20:00:00,131,111,21
2024-07-02 21:00:00,124,115,23
2024-07-02 22:00:00,59,84,9
2024-07-02 23:00:00,20,60,4
2024-07-03 00:00:00,18,49,3
2024-07-03 01:00:00,13,20,0
2024-07-03 02:00:00,4,26,1
2024-07-03 03:00:00,1,26,0
2024-07-03 04:00:00,10,23,9
2024-07-03 05:00:00,50,72,13
2024-07-03 06:00:00,236,159,56
2024-07-03 07:00:00,541,199,128
2024-07-03 08:00:00,344,236,81
2024-07-03 09:00:00,231,141,17
2024-07-03 10:00:00,262,152,23
2024-07-03 11:00:00,485,152,44
2024-07-03 12:00:00,485,127,32
2024-07-03 13:00:00,263,133,25
2024-07-03 14:00:00,266,145,31
2024-07-03 15:00:00,454,186,50
2024-07-03 16:00:00,609,255,131
2024-07-03 17:00:00,406,232,88
2024-07-03 18:00:00,242,174,46
2024-07-03 19:00:00,177,136,19
2024-07-03 20:00:00,168,136,19
2024-07-03 21:00:00,164,129,25
2024-07-03 22:00:00,58,91,5
2024-07-03 23:00:00,36,64,6
2024-07-04 00:00:00,28,48,5
2024-07-04 01:00:00,8,38,2
2024-07-04 02:00:00,2,19,0
2024-07-04 03:00:00,4,23,1
2024-07-04 04:00:00,11,23,7
2024-07-04 05:00:00,66,71,21
2024-07-04 06:00:00,260,161,62
2024-07-04 07:00:00,590,217,110
2024-07-04 08:00:00,393,199,63
2024-07-04 09:00:00,233,168,29
2024-07-04 10:00:00,324,137,19
2024-07-04 11:00:00,524,158,45
2024-07-04 12:00:00,557,147,37
2024-07-04 13:00:00,299,174,33
2024-07-04 14:00:00,300,163,36
2024-07-04 15:00:00,452,232,63
2024-07-04 16:00:00,636,243,139
2024-07-04 17:00:00,456,235,92
2024-07-04 18:00:00,216,251,50
2024-07-04 19:00:00,179,138,20
2024-07-04 20:00:00,118,123,20
2024-07-04 21:00:00,150,193,17
2024-07-04 22:00:00,104,133,6
2024-07-04 23:00:00,49,92,6
2024-07-05 00:00:00,18,64,1
2024-07-05 01:00:00,9,41,2
2024-07-05 02:00:00,5,32,1
2024-07-05 03:00:00,11,20,0
2024-07-05 04:00:00,7,37,4
2024-07-05 05:00:00,46,41,7
2024-07-05 06:00:00,156,153,38
2024-07-05 07:00:00,337,275,69
2024-07-05 08:00:00,235,236,32
2024-07-05 09:00:00,213,184,22
2024-07-05 10:00:00,244,182,28
2024-07-05 11:00:00,461,196,24
2024-07-05 12:00:00,383,213,23
2024-07-05 13:00:00,312,190,25
2024-07-05 14:00:00,318,273,26
2024-07-05 15:00:00,410,302,35
2024-07-05 16:00:00,454,300,69
2024-07-05 17:00:00,280,285,43
2024-07-05 18:00:00,241,244,31
2024-07-05 19:00:00,182,177,26
2024-07-05 20:00:00,143,130,20
2024-07-05 21:00:00,215,200,18
2024-07-05 22:00:00,147,212,10
2024-07-05 23:00:00,77,185,3
2024-07-06 00:00:00,36,168,5
2024-07-06 01:00:00,45,119,1
2024-07-06 02:00:00,33,70,1
2024-07-06 03:00:00,35,46,2
2024-07-06 04:00:00,7,49,2
2024-07-06 05:00:00,23,41,7
2024-07-06 06:00:00,41,61,10
2024-07-06 07:00:00,74,84,10
2024-07-06 08:00:00,145,104,20
2024-07-06 09:00:00,233,117,14
2024-07-06 10:00:00,383,200,28
2024-07-06 11:00:00,405,201,27
2024-07-06 12:00:00,340,208,26
2024-07-06 13:00:00,410,228,34
2024-07-06 14:00:00,393,225,21
2024-07-06 15:00:00,400,242,26
2024-07-06 16:00:00,252,176,32
2024-07-06 17:00:00,250,159,18
2024-07-06 18:00:00,322,195,22
2024-07-06 19:00:00,391,243,27
2024-07-06 20:00:00,339,189,18
2024-07-06 21:00:00,284,239,21
2024-07-06 22:00:00,224,198,13
2024-07-06 23:00:00,128,225,4
2024-07-07 00:00:00,61,201,3
2024-07-07 01:00:00,74,207,3
2024-07-07 02:00:00,53,117,0
2024-07-07 03:00:00,13,71,0
2024-07-07 04:00:00,6,42,1
2024-07-07 05:00:00,12,30,2
2024-07-07 06:00:00,28,25,7
2024-07-07 07:00:00,54,35,25
2024-07-07 08:00:00,99,51,12
2024-07-07 09:00:00,119,97,8
2024-07-07 10:00:00,262,150,18
2024-07-07 11:00:00,295,141,25
2024-07-07 12:00:00,284,159,16
2024-07-07 13:00:00,278,144,25
2024-07-07 14:00:00,239,129,25
2024-07-07 15:00:00,259,152,23
2024-07-07 16:00:00,200,141,35
2024-07-07 17:00:00,239,142,28
2024-07-07 18:00:00,175,105,34
2024-07-07 19:00:00,167,77,33
2024-07-07 20:00:00,116,83,16
2024-07-07 21:00:00,87,94,12
2024-07-07 22:00:00,40,69,7
2024-07-07 23:00:00,19,50,2
2024-07-08 00:00:00,12,38,1
2024-07-08 01:00:00,4,35,2
2024-07-08 02:00:00,5,15,1
2024-07-08 03:00:00,3,23,0
2024-07-08 04:00:00,19,34,4
2024-07-08 05:00:00,40,62,15
2024-07-08 06:00:00,188,154,52
2024-07-08 07:00:00,502,220,109
2024-07-08 08:00:00,309,160,50
2024-07-08 09:00:00,245,124,28
2024-07-08 10:00:00,252,104,26
2024-07-08 11:00:00,448,133,39
2024-07-08 12:00:00,350,120,31
2024-07-08 13:00:00,256,113,24
2024-07-08 14:00:00,227,144,24
2024-07-08 15:00:00,367,159,43
2024-07-08 16:00:00,466,211,127
2024-07-08 17:00:00,301,190,72
2024-07-08 18:00:00,136,145,25
2024-07-08 19:00:00,103,112,24
2024-07-08 20:00:00,73,95,12
2024-07-08 21:00:00,32,106,12
2024-07-08 22:00:00,10,76,6
2024-07-08 23:00:00,10,59,4
2024-07-09 00:00:00,2,35,2
2024-07-09 01:00:00,1,30,0
2024-07-09 02:00:00,0,22,3
2024-07-09 03:00:00,7,33,0
2024-07-09 04:00:00,17,25,3
2024-07-09 05:00:00,50,91,20
2024-07-09 06:00:00,255,171,56
2024-07-09 07:00:00,563,221,112
2024-07-09 08:00:00,338,203,76
2024-07-09 09:00:00,229,137,41
2024-07-09 10:00:00,255,108,31
2024-07-09 11:00:00,484,127,32
2024-07-09 12:00:00,407,114,37
2024-07-09 13:00:00,247,158,30
2024-07-09 14:00:00,262,135,33
2024-07-09 15:00:00,400,258,60
2024-07-09 16:00:00,573,256,143
2024-07-09 17:00:00,431,212,93
2024-07-09 18:00:00,318,152,52
2024-07-09 19:00:00,181,126,30
2024-07-09 20:00:00,124,96,26
2024-07-09 21:00:00,277,144,15
2024-07-09 22:00:00,86,105,6
2024-07-09 23:00:00,22,67,3
2024-07-10 00:00:00,9,46,1
2024-07-10 01:00:00,5,18,2
2024-07-10 02:00:00,2,17,0
2024-07-10 03:00:00,9,17,1
2024-07-10 04:00:00,11,37,7
2024-07-10 05:00:00,57,81,14
2024-07-10 06:00:00,224,154,51
2024-07-10 07:00:00,546,242,113
2024-07-10 08:00:00,374,275,69
2024-07-10 09:00:00,211,166,34
2024-07-10 10:00:00,258,143,21
2024-07-10 11:00:00,583,118,40
2024-07-10 12:00:00,495,135,42
2024-07-10 13:00:00,323,148,30
2024-07-10 14:00:00,329,177,40
2024-07-10 15:00:00,498,230,64
2024-07-10 16:00:00,659,295,138
2024-07-10 17:00:00,475,227,77
2024-07-10 18:00:00,286,187,53
2024-07-10 19:00:00,162,47,31
2024-07-10 20:00:00,120,62,37
2024-07-10 21:00:00,323,123,29
2024-07-10 22:00:00,116,104,10
2024-07-10 23:00:00,59,71,6
2024-07-11 00:00:00,49,63,1
2024-07-11 01:00:00,17,37,1
2024-07-11 02:00:00,12,29,1
2024-07-11 03:00:00,13,20,0
2024-07-11 04:00:00,17,28,3
2024-07-11 05:00:00,54,85,17
2024-07-11 06:00:00,210,174,56
2024-07-11 07:00:00,589,221,110
2024-07-11 08:00:00,382,196,61
2024-07-11 09:00:00,278,148,30
2024-07-11 10:00:00,310,119,33
2024-07-11 11:00:00,573,146,49
2024-07-11 12:00:00,503,142,48
2024-07-11 13:00:00,331,142,36
2024-07-11 14:00:00,289,145,44
2024-07-11 15:00:00,410,185,59
2024-07-11 16:00:00,712,232,131
2024-07-11 17:00:00,429,237,103
2024-07-11 18:00:00,319,203,54
2024-07-11 19:00:00,228,110,32
2024-07-11 20:00:00,192,67,22
2024-07-11 21:00:00,200,110,14
2024-07-11 22:00:00,99,88,10
2024-07-11 23:00:00,30,73,5
2024-07-12 00:00:00,25,69,2
2024-07-12 01:00:00,16,47,0
2024-07-12 02:00:00,9,30,1
2024-07-12 03:00:00,3,19,2
2024-07-12 04:00:00,21,23,5
2024-07-12 05:00:00,39,47,17
2024-07-12 06:00:00,128,142,49
2024-07-12 07:00:00,389,256,80
2024-07-12 08:00:00,260,211,52
2024-07-12 09:00:00,270,165,22
2024-07-12 10:00:00,224,134,34
2024-07-12 11:00:00,427,162,37
2024-07-12 12:00:00,462,170,42
2024-07-12 13:00:00,285,260,27
2024-07-12 14:00:00,264,293,45
2024-07-12 15:00:00,471,302,50
2024-07-12 16:00:00,492,295,88
2024-07-12 17:00:00,396,302,48
2024-07-12 18:00:00,247,288,31
2024-07-12 19:00:00,183,198,26
2024-07-12 20:00:00,169,165,25
2024-07-12 21:00:00,286,209,28
2024-07-12 22:00:00,138,185,12
2024-07-12 23:00:00,72,143,4
2024-07-13 00:00:00,69,153,3
2024-07-13 01:00:00,35,88,0
2024-07-13 02:00:00,38,64,0
2024-07-13 03:00:00,16,44,0
2024-07-13 04:00:00,13,31,1
2024-07-13 05:00:00,20,30,4
2024-07-13 06:00:00,35,59,6
2024-07-13 07:00:00,91,79,20
2024-07-13 08:00:00,284,149,26
2024-07-13 09:00:00,596,180,58
2024-07-13 10:00:00,573,179,56
2024-07-13 11:00:00,559,241,29
2024-07-13 12:00:00,534,167,45
2024-07-13 13:00:00,541,157,19
2024-07-13 14:00:00,432,181,28
2024-07-13 15:00:00,422,174,33
2024-07-13 16:00:00,402,187,35
2024-07-13 17:00:00,403,219,32
2024-07-13 18:00:00,373,205,38
2024-07-13 19:00:00,351,202,30
2024-07-13 20:00:00,366,196,23
2024-07-13 21:00:00,250,242,21
2024-07-13 22:00:00,212,258,13
2024-07-13 23:00:00,140,267,4
2024-07-14 00:00:00,93,231,9
2024-07-14 01:00:00,97,173,7
2024-07-14 02:00:00,53,110,2
2024-07-14 03:00:00,23,81,1
2024-07-14 04:00:00,9,38,0
2024-07-14 05:00:00,14,27,3
2024-07-14 06:00:00,33,39,9
2024-07-14 07:00:00,59,61,22
2024-07-14 08:00:00,124,109,18
2024-07-14 09:00:00,204,127,20
2024-07-14 10:00:00,274,149,19
2024-07-14 11:00:00,293,169,24
2024-07-14 12:00:00,210,125,35
2024-07-14 13:00:00,288,157,25
2024-07-14 14:00:00,282,174,35
2024-07-14 15:00:00,320,206,44
2024-07-14 16:00:00,414,225,35
2024-07-14 17:00:00,323,207,45
2024-07-14 18:00:00,296,178,31
2024-07-14 19:00:00,159,61,23
2024-07-14 20:00:00,124,60,22
2024-07-14 21:00:00,463,190,33
2024-07-14 22:00:00,147,169,19
2024-07-14 23:00:00,49,127,9
2024-07-15 00:00:00,34,94,8
2024-07-15 01:00:00,39,75,5
2024-07-15 02:00:00,14,51,2
2024-07-15 03:00:00,6,48,0
2024-07-15 04:00:00,15,25,6
2024-07-15 05:00:00,47,69,18
2024-07-15 06:00:00,162,139,42
2024-07-15 07:00:00,437,194,97
2024-07-15 08:00:00,339,156,68
2024-07-15 09:00:00,226,164,29
2024-07-15 10:00:00,264,105,22
2024-07-15 11:00:00,449,116,29
2024-07-15 12:00:00,307,136,20
2024-07-15 13:00:00,189,132,9
2024-07-15 14:00:00,235,156,33
2024-07-15 15:00:00,319,258,36
2024-07-15 16:00:00,422,221,93
2024-07-15 17:00:00,272,165,50
2024-07-15 18:00:00,165,137,34
2024-07-15 19:00:00,175,113,24
2024-07-15 20:00:00,124,69,16
2024-07-15 21:00:00,120,93,14
2024-07-15 22:00:00,70,67,9
2024-07-15 23:00:00,19,53,4
2024-07-16 00:00:00,21,34,0
2024-07-16 01:00:00,8,25,1
2024-07-16 02:00:00,7,27,2
2024-07-16 03:00:00,11,11,0
2024-07-16 04:00:00,26,24,6
2024-07-16 05:00:00,57,90,15
2024-07-16 06:00:00,214,168,48
2024-07-16 07:00:00,588,224,130
2024-07-16 08:00:00,358,229,84
2024-07-16 09:00:00,239,127,38
2024-07-16 10:00:00,252,146,18
2024-07-16 11:00:00,555,139,41
2024-07-16 12:00:00,540,149,36
2024-07-16 13:00:00,228,131,35
2024-07-16 14:00:00,281,155,44
2024-07-16 15:00:00,389,227,55
2024-07-16 16:00:00,601,253,148
2024-07-16 17:00:00,384,216,86
2024-07-16 18:00:00,258,161,44
2024-07-16 19:00:00,184,127,30
2024-07-16 20:00:00,156,109,25
2024-07-16 21:00:00,113,107,9
2024-07-16 22:00:00,72,88,5
2024-07-16 23:00:00,27,67,4
2024-07-17 00:00:00,13,53,4
2024-07-17 01:00:00,7,24,3
2024-07-17 02:00:00,5,22,2
2024-07-17 03:00:00,4,21,0
2024-07-17 04:00:00,14,33,7
2024-07-17 05:00:00,60,88,22
2024-07-17 06:00:00,236,175,52
2024-07-17 07:00:00,572,221,116
2024-07-17 08:00:00,356,207,79
2024-07-17 09:00:00,268,142,39
2024-07-17 10:00:00,267,138,29
2024-07-17 11:00:00,626,125,44
2024-07-17 12:00:00,574,151,51
2024-07-17 13:00:00,320,120,32
2024-07-17 14:00:00,276,155,49
2024-07-17 15:00:00,447,211,77
2024-07-17 16:00:00,672,268,183
2024-07-17 17:00:00,463,238,105
2024-07-17 18:00:00,291,183,42
2024-07-17 19:00:00,183,124,28
2024-07-17 20:00:00,175,115,32
2024-07-17 21:00:00,165,145,19
2024-07-17 22:00:00,116,104,10
2024-07-17 23:00:00,42,80,5
2024-07-18 00:00:00,23,49,1
2024-07-18 01:00:00,17,36,3
2024-07-18 02:00:00,9,14,3
2024-07-18 03:00:00,7,22,2
2024-07-18 04:00:00,15,22,4
2024-07-18 05:00:00,68,72,22
2024-07-18 06:00:00,227,168,48
2024-07-18 07:00:00,552,248,122
2024-07-18 08:00:00,409,195,68
2024-07-18 09:00:00,245,138,31
2024-07-18 10:00:00,313,152,25
2024-07-18 11:00:00,630,138,49
2024-07-18 12:00:00,507,141,51
2024-07-18 13:00:00,327,139,32
2024-07-18 14:00:00,304,182,51
2024-07-18 15:00:00,457,191,78
2024-07-18 16:00:00,654,270,133
2024-07-18 17:00:00,450,272,89
2024-07-18 18:00:00,321,189,55
2024-07-18 19:00:00,238,101,30
2024-07-18 20:00:00,211,100,22
2024-07-18 21:00:00,174,95,28
2024-07-18 22:00:00,125,69,9
2024-07-18 23:00:00,35,100,3
2024-07-19 00:00:00,21,64,3
2024-07-19 01:00:00,17,48,2
2024-07-19 02:00:00,21,23,0
2024-07-19 03:00:00,5,20,3
2024-07-19 04:00:00,15,26,6
2024-07-19 05:00:00,63,57,16
2024-07-19 06:00:00,170,138,51
2024-07-19 07:00:00,386,206,91
2024-07-19 08:00:00,279,183,54
2024-07-19 09:00:00,236,147,29
2024-07-19 10:00:00,305,151,27
2024-07-19 11:00:00,489,177,36
2024-07-19 12:00:00,448,154,43
2024-07-19 13:00:00,398,282,29
2024-07-19 14:00:00,290,299,36
2024-07-19 15:00:00,424,281,69
2024-07-19 16:00:00,556,314,96
2024-07-19 17:00:00,466,296,56
2024-07-19 18:00:00,344,252,45
2024-07-19 19:00:00,273,218,39
2024-07-19 20:00:00,266,161,25
2024-07-19 21:00:00,343,208,18
2024-07-19 22:00:00,164,221,20
2024-07-19 23:00:00,109,209,6
2024-07-20 00:00:00,106,208,9
2024-07-20 01:00:00,55,126,3
2024-07-20 02:00:00,44,71,3
2024-07-20 03:00:00,16,55,0
2024-07-20 04:00:00,15,41,2
2024-07-20 05:00:00,36,34,4
2024-07-20 06:00:00,40,66,10
2024-07-20 07:00:00,107,63,17
2024-07-20 08:00:00,204,104,21
2024-07-20 09:00:00,367,128,29
2024-07-20 10:00:00,550,188,34
2024-07-20 11:00:00,537,220,36
2024-07-20 12:00:00,569,233,24
2024-07-20 13:00:00,548,230,26
2024-07-20 14:00:00,461,214,28
2024-07-20 15:00:00,447,262,23
2024-07-20 16:00:00,540,246,23
2024-07-20 17:00:00,476,220,27
2024-07-20 18:00:00,418,240,30
2024-07-20 19:00:00,383,207,36
2024-07-20 20:00:00,339,181,26
2024-07-20 21:00:00,371,214,17
2024-07-20 22:00:00,229,306,14
2024-07-20 23:00:00,152,210,3
2024-07-21 00:00:00,142,224,3
2024-07-21 01:00:00,78,158,6
2024-07-21 02:00:00,43,103,7
2024-07-21 03:00:00,24,80,2
2024-07-21 04:00:00,9,37,0
2024-07-21 05:00:00,13,16,2
2024-07-21 06:00:00,35,28,13
2024-07-21 07:00:00,67,54,30
2024-07-21 08:00:00,100,89,27
2024-07-21 09:00:00,204,117,12
2024-07-21 10:00:00,354,149,36
2024-07-21 11:00:00,487,197,23
2024-07-21 12:00:00,416,168,25
2024-07-21 13:00:00,398,202,31
2024-07-21 14:00:00,363,190,37
2024-07-21 15:00:00,405,197,36
2024-07-21 16:00:00,389,195,33
2024-07-21 17:00:00,320,145,31
2024-07-21 18:00:00,289,146,24
2024-07-21 19:00:00,234,123,29
2024-07-21 20:00:00,158,122,19
2024-07-21 21:00:00,121,135,11
2024-07-21 22:00:00,74,99,10
2024-07-21 23:00:00,28,65,5
2024-07-22 00:00:00,22,47,4
2024-07-22 01:00:00,13,26,3
2024-07-22 02:00:00,9,19,0
2024-07-22 03:00:00,5,20,1
2024-07-22 04:00:00,20,20,5
2024-07-22 05:00:00,52,73,17
2024-07-22 06:00:00,193,151,46
2024-07-22 07:00:00,553,208,116
2024-07-22 08:00:00,296,133,64
2024-07-22 09:00:00,444,140,26
2024-07-22 10:00:00,343,119,26
2024-07-22 11:00:00,460,149,42
2024-07-22 12:00:00,490,133,40
2024-07-22 13:00:00,333,125,29
2024-07-22 14:00:00,272,161,28
2024-07-22 15:00:00,429,160,42
2024-07-22 16:00:00,568,189,119
2024-07-22 17:00:00,300,203,76
2024-07-22 18:00:00,225,143,36
2024-07-22 19:00:00,171,101,23
2024-07-22 20:00:00,134,102,22
2024-07-22 21:00:00,110,106,19
2024-07-22 22:00:00,69,72,12
2024-07-22 23:00:00,25,58,1
2024-07-23 00:00:00,28,42,3
2024-07-23 01:00:00,8,17,2
2024-07-23 02:00:00,8,15,5
2024-07-23 03:00:00,16,21,1
2024-07-23 04:00:00,23,41,6
2024-07-23 05:00:00,71,69,17
2024-07-23 06:00:00,264,169,61
2024-07-23 07:00:00,605,251,126
2024-07-23 08:00:00,330,192,83
2024-07-23 09:00:00,251,163,40
2024-07-23 10:00:00,278,122,26
2024-07-23 11:00:00,592,153,48
2024-07-23 12:00:00,565,148,39
2024-07-23 13:00:00,295,131,30
2024-07-23 14:00:00,318,134,36
2024-07-23 15:00:00,449,171,60
2024-07-23 16:00:00,677,196,153
2024-07-23 17:00:00,427,203,104
2024-07-23 18:00:00,297,167,49
2024-07-23 19:00:00,259,128,35
2024-07-23 20:00:00,169,118,22
2024-07-23 21:00:00,148,113,12
2024-07-23 22:00:00,69,100,9
2024-07-23 23:00:00,38,76,5
2024-07-24 00:00:00,18,54,2
2024-07-24 01:00:00,10,29,1
2024-07-24 02:00:00,8,17,1
2024-07-24 03:00:00,7,22,1
2024-07-24 04:00:00,18,39,5
2024-07-24 05:00:00,64,69,23
2024-07-24 06:00:00,217,172,55
2024-07-24 07:00:00,569,222,136
2024-07-24 08:00:00,335,189,75
2024-07-24 09:00:00,238,144,25
2024-07-24 10:00:00,316,147,43
2024-07-24 11:00:00,573,171,50
2024-07-24 12:00:00,634,165,38
2024-07-24 13:00:00,329,168,37
2024-07-24 14:00:00,324,169,33
2024-07-24 15:00:00,498,208,58
2024-07-24 16:00:00,680,217,139
2024-07-24 17:00:00,405,233,82
2024-07-24 18:00:00,246,179,54
2024-07-24 19:00:00,197,131,32
2024-07-24 20:00:00,172,117,27
2024-07-24 21:00:00,159,127,11
2024-07-24 22:00:00,98,107,12
2024-07-24 23:00:00,27,75,5
2024-07-25 00:00:00,27,53,1
2024-07-25 01:00:00,24,36,3
2024-07-25 02:00:00,8,22,2
2024-07-25 03:00:00,6,21,2
2024-07-25 04:00:00,11,29,5
2024-07-25 05:00:00,66,60,22
2024-07-25 06:00:00,228,167,45
2024-07-25 07:00:00,573,224,116
2024-07-25 08:00:00,368,182,66
2024-07-25 09:00:00,270,188,29
2024-07-25 10:00:00,320,131,36
2024-07-25 11:00:00,666,191,41
2024-07-25 12:00:00,546,179,31
2024-07-25 13:00:00,336,180,34
2024-07-25 14:00:00,341,178,41
2024-07-25 15:00:00,434,195,48
2024-07-25 16:00:00,686,228,118
2024-07-25 17:00:00,402,226,88
2024-07-25 18:00:00,314,183,55
2024-07-25 19:00:00,235,132,40
2024-07-25 20:00:00,200,165,21
2024-07-25 21:00:00,144,182,22
2024-07-25 22:00:00,92,129,15
2024-07-25 23:00:00,50,89,3
2024-07-26 00:00:00,28,57,4
2024-07-26 01:00:00,24,43,4
2024-07-26 02:00:00,14,28,2
2024-07-26 03:00:00,3,28,4
2024-07-26 04:00:00,23,32,5
2024-07-26 05:00:00,51,44,16
2024-07-26 06:00:00,155,128,34
2024-07-26 07:00:00,395,207,81
2024-07-26 08:00:00,294,140,51
2024-07-26 09:00:00,276,155,20
2024-07-26 10:00:00,289,165,38
2024-07-26 11:00:00,533,186,37
2024-07-26 12:00:00,485,231,50
2024-07-26 13:00:00,325,303,33
2024-07-26 14:00:00,317,307,42
2024-07-26 15:00:00,423,316,52
2024-07-26 16:00:00,530,335,87
2024-07-26 17:00:00,410,272,62
2024-07-26 18:00:00,328,246,45
2024-07-26 19:00:00,286,183,41
2024-07-26 20:00:00,241,183,16
2024-07-26 21:00:00,263,237,23
2024-07-26 22:00:00,267,214,13
2024-07-26 23:00:00,136,190,5
2024-07-27 00:00:00,103,177,7
2024-07-27 01:00:00,54,121,1
2024-07-27 02:00:00,52,70,2
2024-07-27 03:00:00,30,51,3
2024-07-27 04:00:00,10,37,0
2024-07-27 05:00:00,35,34,3
2024-07-27 06:00:00,32,62,10
2024-07-27 07:00:00,63,88,12
2024-07-27 08:00:00,166,106,21
2024-07-27 09:00:00,345,178,32
2024-07-27 10:00:00,417,214,49
2024-07-27 11:00:00,458,232,37
2024-07-27 12:00:00,447,298,22
2024-07-27 13:00:00,405,224,29
2024-07-27 14:00:00,353,216,34
2024-07-27 15:00:00,412,210,37
2024-07-27 16:00:00,422,220,32
2024-07-27 17:00:00,353,219,23
2024-07-27 18:00:00,479,254,23
2024-07-27 19:00:00,327,203,35
2024-07-27 20:00:00,323,193,21
2024-07-27 21:00:00,354,236,24
2024-07-27 22:00:00,282,222,14
2024-07-27 23:00:00,180,213,6
2024-07-28 00:00:00,109,240,6
2024-07-28 01:00:00,97,184,3
2024-07-28 02:00:00,55,126,4
2024-07-28 03:00:00,22,93,2
2024-07-28 04:00:00,5,35,0
2024-07-28 05:00:00,13,29,6
2024-07-28 06:00:00,28,42,5
2024-07-28 07:00:00,47,53,23
2024-07-28 08:00:00,124,81,17
2024-07-28 09:00:00,165,130,15
2024-07-28 10:00:00,244,153,10
2024-07-28 11:00:00,241,165,20
2024-07-28 12:00:00,270,148,27
2024-07-28 13:00:00,227,150,29
2024-07-28 14:00:00,225,145,26
2024-07-28 15:00:00,262,176,33
2024-07-28 16:00:00,238,162,28
2024-07-28 17:00:00,283,144,23
2024-07-28 18:00:00,231,122,27
2024-07-28 19:00:00,216,127,28
2024-07-28 20:00:00,140,82,20
2024-07-28 21:00:00,137,148,10
2024-07-28 22:00:00,55,79,9
2024-07-28 23:00:00,42,81,6
2024-07-29 00:00:00,20,44,4
2024-07-29 01:00:00,16,25,3
2024-07-29 02:00:00,6,17,0
2024-07-29 03:00:00,10,19,0
2024-07-29 04:00:00,14,30,5
2024-07-29 05:00:00,71,65,17
2024-07-29 06:00:00,169,157,49
2024-07-29 07:00:00,466,204,103
2024-07-29 08:00:00,297,145,50
2024-07-29 09:00:00,225,166,15
2024-07-29 10:00:00,285,148,37
2024-07-29 11:00:00,435,158,43
2024-07-29 12:00:00,436,139,29
2024-07-29 13:00:00,296,157,30
2024-07-29 14:00:00,241,144,28
2024-07-29 15:00:00,408,231,63
2024-07-29 16:00:00,557,218,117
2024-07-29 17:00:00,350,221,71
2024-07-29 18:00:00,276,136,44
2024-07-29 19:00:00,201,75,36
2024-07-29 20:00:00,175,82,30
2024-07-29 21:00:00,158,72,14
2024-07-29 22:00:00,103,50,8
2024-07-29 23:00:00,17,52,8
2024-07-30 00:00:00,11,25,1
2024-07-30 01:00:00,5,24,3
2024-07-30 02:00:00,9,12,0
2024-07-30 03:00:00,5,18,0
2024-07-30 04:00:00,11,39,2
2024-07-30 05:00:00,65,79,22
2024-07-30 06:00:00,229,155,44
2024-07-30 07:00:00,554,226,113
2024-07-30 08:00:00,322,210,65
2024-07-30 09:00:00,233,151,27
2024-07-30 10:00:00,305,145,23
2024-07-30 11:00:00,472,140,58
2024-07-30 12:00:00,512,120,41
2024-07-30 13:00:00,339,131,40
2024-07-30 14:00:00,272,158,35
2024-07-30 15:00:00,425,183,63
2024-07-30 16:00:00,627,211,151
2024-07-30 17:00:00,400,207,84
2024-07-30 18:00:00,349,121,64
2024-07-30 19:00:00,238,94,32
2024-07-30 20:00:00,219,81,31
2024-07-30 21:00:00,202,109,24
2024-07-30 22:00:00,81,72,7
2024-07-30 23:00:00,41,46,2
2024-07-31 00:00:00,12,38,3
2024-07-31 01:00:00,7,21,0
2024-07-31 02:00:00,7,13,4
2024-07-31 03:00:00,6,21,2
2024-07-31 04:00:00,20,26,5
2024-07-31 05:00:00,60,66,20
2024-07-31 06:00:00,241,149,53
2024-07-31 07:00:00,515,198,112
2024-07-31 08:00:00,352,198,68
2024-07-31 09:00:00,254,151,29
2024-07-31 10:00:00,263,160,37
2024-07-31 11:00:00,622,147,51
2024-07-31 12:00:00,524,120,40
2024-07-31 13:00:00,282,156,35
2024-07-31 14:00:00,319,187,41
2024-07-31 15:00:00,415,207,80
2024-07-31 16:00:00,701,221,139
2024-07-31 17:00:00,378,221,97
2024-07-31 18:00:00,230,140,40
2024-07-31 19:00:00,214,95,34
2024-07-31 20:00:00,182,94,45
2024-07-31 21:00:00,176,79,19
2024-07-31 22:00:00,68,59,8
2024-07-31 23:00:00,34,39,2
2024-08-01 00:00:00,23,30,3
2024-08-01 01:00:00,10,18,0
2024-08-01 02:00:00,11,16,2
2024-08-01 03:00:00,3,33,2
2024-08-01 04:00:00,10,29,4
2024-08-01 05:00:00,61,71,18
2024-08-01 06:00:00,210,140,57
2024-08-01 07:00:00,555,219,108
2024-08-01 08:00:00,335,164,62
2024-08-01 09:00:00,299,145,28
2024-08-01 10:00:00,305,147,34
2024-08-01 11:00:00,587,162,50
2024-08-01 12:00:00,525,141,40
2024-08-01 13:00:00,297,143,29
2024-08-01 14:00:00,282,187,38
2024-08-01 15:00:00,401,221,43
2024-08-01 16:00:00,673,199,116
2024-08-01 17:00:00,447,243,86
2024-08-01 18:00:00,335,167,35
2024-08-01 19:00:00,260,91,29
2024-08-01 20:00:00,224,120,23
2024-08-01 21:00:00,197,116,17
2024-08-01 22:00:00,108,111,6
2024-08-01 23:00:00,31,68,4
2024-08-02 00:00:00,18,46,0
2024-08-02 01:00:00,42,29,0
2024-08-02 02:00:00,8,21,0
2024-08-02 03:00:00,13,18,1
2024-08-02 04:00:00,19,30,7
2024-08-02 05:00:00,53,51,15
2024-08-02 06:00:00,142,113,34
2024-08-02 07:00:00,371,192,85
2024-08-02 08:00:00,223,141,46
2024-08-02 09:00:00,269,127,22
2024-08-02 10:00:00,309,155,41
2024-08-02 11:00:00,462,199,36
2024-08-02 12:00:00,501,249,35
2024-08-02 13:00:00,360,352,40
2024-08-02 14:00:00,308,308,22
2024-08-02 15:00:00,471,304,55
2024-08-02 16:00:00,560,280,77
2024-08-02 17:00:00,468,280,65
2024-08-02 18:00:00,362,248,39
2024-08-02 19:00:00,280,154,28
2024-08-02 20:00:00,202,192,20
2024-08-02 21:00:00,308,241,27
2024-08-02 22:00:00,259,204,12
2024-08-02 23:00:00,122,190,4
2024-08-03 00:00:00,74,151,9
2024-08-03 01:00:00,72,140,4
2024-08-03 02:00:00,60,92,1
2024-08-03 03:00:00,25,54,0
2024-08-03 04:00:00,14,35,1
2024-08-03 05:00:00,21,37,7
2024-08-03 06:00:00,50,59,12
2024-08-03 07:00:00,88,71,19
2024-08-03 08:00:00,157,116,29
2024-08-03 09:00:00,292,140,23
2024-08-03 10:00:00,408,202,29
2024-08-03 11:00:00,443,181,42
2024-08-03 12:00:00,446,246,27
2024-08-03 13:00:00,382,323,23
2024-08-03 14:00:00,401,239,33
2024-08-03 15:00:00,381,193,43
2024-08-03 16:00:00,461,205,36
2024-08-03 17:00:00,436,228,33
2024-08-03 18:00:00,406,231,48
2024-08-03 19:00:00,239,139,51
2024-08-03 20:00:00,420,229,38
2024-08-03 21:00:00,452,252,29
2024-08-03 22:00:00,242,242,18
2024-08-03 23:00:00,155,164,8
2024-08-04 00:00:00,165,164,5
2024-08-04 01:00:00,106,145,3
2024-08-04 02:00:00,52,101,5
2024-08-04 03:00:00,31,79,2
2024-08-04 04:00:00,16,56,0
2024-08-04 05:00:00,12,27,7
2024-08-04 06:00:00,40,33,12
2024-08-04 07:00:00,57,58,18
2024-08-04 08:00:00,109,86,20
2024-08-04 09:00:00,191,129,32
2024-08-04 10:00:00,232,151,21
2024-08-04 11:00:00,242,148,19
2024-08-04 12:00:00,231,126,21
2024-08-04 13:00:00,268,132,38
2024-08-04 14:00:00,228,140,35
2024-08-04 15:00:00,235,153,26
2024-08-04 16:00:00,211,141,30
2024-08-04 17:00:00,267,132,22
2024-08-04 18:00:00,196,106,22
2024-08-04 19:00:00,215,97,28
2024-08-04 20:00:00,105,105,11
2024-08-04 21:00:00,119,124,16
2024-08-04 22:00:00,52,88,4
2024-08-04 23:00:00,30,49,4
2024-08-05 00:00:00,6,44,1
2024-08-05 01:00:00,8,24,0
2024-08-05 02:00:00,7,19,0
2024-08-05 03:00:00,5,17,1
2024-08-05 04:00:00,17,35,4
2024-08-05 05:00:00,43,57,17
2024-08-05 06:00:00,188,151,41
2024-08-05 07:00:00,436,214,107
2024-08-05 08:00:00,272,152,69
2024-08-05 09:00:00,269,125,20
2024-08-05 10:00:00,259,98,27
2024-08-05 11:00:00,510,142,34
2024-08-05 12:00:00,404,144,33
2024-08-05 13:00:00,284,198,45
2024-08-05 14:00:00,267,251,40
2024-08-05 15:00:00,374,260,61
2024-08-05 16:00:00,517,249,129
2024-08-05 17:00:00,315,192,67
2024-08-05 18:00:00,234,149,38
2024-08-05 19:00:00,168,98,40
2024-08-05 20:00:00,134,115,18
2024-08-05 21:00:00,90,102,16
2024-08-05 22:00:00,50,70,11
2024-08-05 23:00:00,25,52,5
2024-08-06 00:00:00,7,40,4
2024-08-06 01:00:00,4,25,2
2024-08-06 02:00:00,6,19,0
2024-08-06 03:00:00,6,17,3
2024-08-06 04:00:00,11,36,5
2024-08-06 05:00:00,56,62,17
2024-08-06 06:00:00,243,185,58
2024-08-06 07:00:00,586,250,128
2024-08-06 08:00:00,379,189,61
2024-08-06 09:00:00,259,150,37
2024-08-06 10:00:00,322,121,40
2024-08-06 11:00:00,502,127,47
2024-08-06 12:00:00,533,144,27
2024-08-06 13:00:00,258,154,46
2024-08-06 14:00:00,257,162,32
2024-08-06 15:00:00,435,198,71
2024-08-06 16:00:00,658,214,165
2024-08-06 17:00:00,323,196,103
2024-08-06 18:00:00,248,140,54
2024-08-06 19:00:00,194,127,50
2024-08-06 20:00:00,161,130,31
2024-08-06 21:00:00,107,130,15
2024-08-06 22:00:00,84,99,8
2024-08-06 23:00:00,32,67,3
2024-08-07 00:00:00,10,30,1
2024-08-07 01:00:00,3,27,3
2024-08-07 02:00:00,8,28,1
2024-08-07 03:00:00,7,21,1
2024-08-07 04:00:00,14,31,2
2024-08-07 05:00:00,52,78,18
2024-08-07 06:00:00,236,166,57
2024-08-07 07:00:00,463,206,116
2024-08-07 08:00:00,321,124,54
2024-08-07 09:00:00,297,120,23
2024-08-07 10:00:00,283,128,29
2024-08-07 11:00:00,493,159,37
2024-08-07 12:00:00,386,145,41
2024-08-07 13:00:00,263,155,31
2024-08-07 14:00:00,336,180,45
2024-08-07 15:00:00,375,204,96
2024-08-07 16:00:00,388,164,99
2024-08-07 17:00:00,211,125,63
2024-08-07 18:00:00,151,80,28
2024-08-07 19:00:00,121,67,25
2024-08-07 20:00:00,90,76,24
2024-08-07 21:00:00,85,83,15
2024-08-07 22:00:00,61,77,9
2024-08-07 23:00:00,21,38,3
2024-08-08 00:00:00,4,34,3
2024-08-08 01:00:00,6,17,1
2024-08-08 02:00:00,6,14,1
2024-08-08 03:00:00,8,21,3
2024-08-08 04:00:00,12,35,4
2024-08-08 05:00:00,55,55,24
2024-08-08 06:00:00,241,165,52
2024-08-08 07:00:00,565,216,107
2024-08-08 08:00:00,320,205,55
2024-08-08 09:00:00,218,171,37
2024-08-08 10:00:00,330,156,23
2024-08-08 11:00:00,511,185,40
2024-08-08 12:00:00,481,146,25
2024-08-08 13:00:00,292,162,35
2024-08-08 14:00:00,275,186,33
2024-08-08 15:00:00,363,212,58
2024-08-08 16:00:00,534,245,111
2024-08-08 17:00:00,239,298,80
2024-08-08 18:00:00,217,250,30
2024-08-08 19:00:00,139,162,18
2024-08-08 20:00:00,136,147,18
2024-08-08 21:00:00,131,150,15
2024-08-08 22:00:00,61,96,14
2024-08-08 23:00:00,32,69,0
2024-08-09 00:00:00,21,43,1
2024-08-09 01:00:00,9,38,1
2024-08-09 02:00:00,6,26,0
2024-08-09 03:00:00,7,22,3
2024-08-09 04:00:00,12,28,4
2024-08-09 05:00:00,46,47,18
2024-08-09 06:00:00,162,128,38
2024-08-09 07:00:00,381,184,60
2024-08-09 08:00:00,244,140,47
2024-08-09 09:00:00,299,159,25
2024-08-09 10:00:00,377,160,20
2024-08-09 11:00:00,530,211,53
2024-08-09 12:00:00,455,278,44
2024-08-09 13:00:00,359,306,34
2024-08-09 14:00:00,354,295,38
2024-08-09 15:00:00,502,292,53
2024-08-09 16:00:00,548,276,80
2024-08-09 17:00:00,392,273,36
2024-08-09 18:00:00,359,222,47
2024-08-09 19:00:00,216,183,28
2024-08-09 20:00:00,254,173,15
2024-08-09 21:00:00,258,202,23
2024-08-09 22:00:00,234,197,12
2024-08-09 23:00:00,220,177,11
2024-08-10 00:00:00,55,191,9
2024-08-10 01:00:00,79,112,2
2024-08-10 02:00:00,32,85,4
2024-08-10 03:00:00,17,45,0
2024-08-10 04:00:00,9,50,9
2024-08-10 05:00:00,21,37,3
2024-08-10 06:00:00,47,60,12
2024-08-10 07:00:00,86,74,12
2024-08-10 08:00:00,171,113,31
2024-08-10 09:00:00,260,130,14
2024-08-10 10:00:00,433,190,31
2024-08-10 11:00:00,505,177,28
2024-08-10 12:00:00,442,182,32
2024-08-10 13:00:00,465,209,26
2024-08-10 14:00:00,319,220,46
2024-08-10 15:00:00,387,243,30
2024-08-10 16:00:00,427,209,40
2024-08-10 17:00:00,382,224,30
2024-08-10 18:00:00,379,238,31
2024-08-10 19:00:00,337,186,36
2024-08-10 20:00:00,301,204,32
2024-08-10 21:00:00,391,227,14
2024-08-10 22:00:00,271,239,9
2024-08-10 23:00:00,139,179,5
2024-08-11 00:00:00,127,207,1
2024-08-11 01:00:00,130,166,4
2024-08-11 02:00:00,75,142,2
2024-08-11 03:00:00,17,65,1
2024-08-11 04:00:00,6,44,4
2024-08-11 05:00:00,10,36,8
2024-08-11 06:00:00,40,34,8
2024-08-11 07:00:00,51,64,15
2024-08-11 08:00:00,111,99,11
2024-08-11 09:00:00,219,116,17
2024-08-11 10:00:00,271,127,23
2024-08-11 11:00:00,352,164,17
2024-08-11 12:00:00,249,132,27
2024-08-11 13:00:00,241,153,29
2024-08-11 14:00:00,286,155,20
2024-08-11 15:00:00,272,154,38
2024-08-11 16:00:00,256,147,41
2024-08-11 17:00:00,233,132,44
2024-08-11 18:00:00,196,125,26
2024-08-11 19:00:00,160,107,39
2024-08-11 20:00:00,114,125,29
2024-08-11 21:00:00,70,108,13
2024-08-11 22:00:00,46,87,7
2024-08-11 23:00:00,23,54,5
2024-08-12 00:00:00,15,45,1
2024-08-12 01:00:00,2,20,2
2024-08-12 02:00:00,7,18,0
2024-08-12 03:00:00,11,17,2
2024-08-12 04:00:00,14,31,7
2024-08-12 05:00:00,56,71,14
2024-08-12 06:00:00,203,155,53
2024-08-12 07:00:00,455,210,107
2024-08-12 08:00:00,312,132,44
2024-08-12 09:00:00,236,121,34
2024-08-12 10:00:00,273,121,28
2024-08-12 11:00:00,559,150,35
2024-08-12 12:00:00,434,123,25
2024-08-12 13:00:00,271,149,41
2024-08-12 14:00:00,263,179,42
2024-08-12 15:00:00,388,219,57
2024-08-12 16:00:00,517,236,122
2024-08-12 17:00:00,321,184,74
2024-08-12 18:00:00,189,142,32
2024-08-12 19:00:00,177,106,34
2024-08-12 20:00:00,116,124,35
2024-08-12 21:00:00,83,117,14
2024-08-12 22:00:00,51,66,6
2024-08-12 23:00:00,11,52,4
2024-08-13 00:00:00,16,33,2
2024-08-13 01:00:00,3,20,4
2024-08-13 02:00:00,5,13,1
2024-08-13 03:00:00,2,12,1
2024-08-13 04:00:00,9,39,6
2024-08-13 05:00:00,60,81,25
2024-08-13 06:00:00,241,169,71
2024-08-13 07:00:00,586,237,138
2024-08-13 08:00:00,363,157,71
2024-08-13 09:00:00,242,150,33
2024-08-13 10:00:00,285,137,25
2024-08-13 11:00:00,634,140,46
2024-08-13 12:00:00,524,152,38
2024-08-13 13:00:00,283,149,28
2024-08-13 14:00:00,287,182,39
2024-08-13 15:00:00,408,232,76
2024-08-13 16:00:00,702,226,159
2024-08-13 17:00:00,401,224,95
2024-08-13 18:00:00,281,185,37
2024-08-13 19:00:00,179,126,31
2024-08-13 20:00:00,122,122,20
2024-08-13 21:00:00,120,118,13
2024-08-13 22:00:00,85,76,8
2024-08-13 23:00:00,15,47,7
2024-08-14 00:00:00,18,41,0
2024-08-14 01:00:00,4,21,3
2024-08-14 02:00:00,5,22,0
2024-08-14 03:00:00,6,23,1
2024-08-14 04:00:00,11,36,6
2024-08-14 05:00:00,57,86,14
2024-08-14 06:00:00,207,160,60
2024-08-14 07:00:00,532,229,118
2024-08-14 08:00:00,337,191,57
2024-08-14 09:00:00,268,113,32
2024-08-14 10:00:00,286,126,20
2024-08-14 11:00:00,687,151,40
2024-08-14 12:00:00,496,136,32
2024-08-14 13:00:00,320,153,27
2024-08-14 14:00:00,233,166,44
2024-08-14 15:00:00,442,215,54
2024-08-14 16:00:00,630,243,150
2024-08-14 17:00:00,380,186,94
2024-08-14 18:00:00,291,164,51
2024-08-14 19:00:00,234,113,23
2024-08-14 20:00:00,174,114,29
2024-08-14 21:00:00,195,141,21
2024-08-14 22:00:00,67,94,13
2024-08-14 23:00:00,31,60,4
2024-08-15 00:00:00,20,40,2
2024-08-15 01:00:00,4,35,1
2024-08-15 02:00:00,7,25,2
2024-08-15 03:00:00,3,19,2
2024-08-15 04:00:00,12,34,6
2024-08-15 05:00:00,68,63,24
2024-08-15 06:00:00,209,177,66
2024-08-15 07:00:00,569,232,117
2024-08-15 08:00:00,385,206,57
2024-08-15 09:00:00,275,156,34
2024-08-15 10:00:00,303,160,33
2024-08-15 11:00:00,580,157,35
2024-08-15 12:00:00,552,154,40
2024-08-15 13:00:00,334,154,35
2024-08-15 14:00:00,304,179,56
2024-08-15 15:00:00,423,205,63
2024-08-15 16:00:00,678,202,139
2024-08-15 17:00:00,276,303,74
2024-08-15 18:00:00,183,235,33
2024-08-15 19:00:00,179,139,36
2024-08-15 20:00:00,178,156,22
2024-08-15 21:00:00,140,152,13
2024-08-15 22:00:00,72,84,13
2024-08-15 23:00:00,39,73,6
2024-08-16 00:00:00,22,70,5
2024-08-16 01:00:00,20,36,1
2024-08-16 02:00:00,11,32,0
2024-08-16 03:00:00,12,29,5
2024-08-16 04:00:00,14,33,5
2024-08-16 05:00:00,47,56,18
2024-08-16 06:00:00,153,138,40
2024-08-16 07:00:00,399,188,74
2024-08-16 08:00:00,340,186,50
2024-08-16 09:00:00,253,159,20
2024-08-16 10:00:00,314,141,27
2024-08-16 11:00:00,464,180,41
2024-08-16 12:00:00,488,322,27
2024-08-16 13:00:00,343,351,29
2024-08-16 14:00:00,333,306,49
2024-08-16 15:00:00,450,304,61
2024-08-16 16:00:00,532,274,84
2024-08-16 17:00:00,424,249,49
2024-08-16 18:00:00,343,192,35
2024-08-16 19:00:00,242,170,41
2024-08-16 20:00:00,267,197,30
2024-08-16 21:00:00,226,231,18
2024-08-16 22:00:00,189,195,18
2024-08-16 23:00:00,106,140,0
2024-08-17 00:00:00,104,154,4
2024-08-17 01:00:00,40,108,2
2024-08-17 02:00:00,71,89,0
2024-08-17 03:00:00,19,50,2
2024-08-17 04:00:00,3,36,4
2024-08-17 05:00:00,15,32,2
2024-08-17 06:00:00,57,62,14
2024-08-17 07:00:00,104,73,19
2024-08-17 08:00:00,217,117,20
2024-08-17 09:00:00,277,153,20
2024-08-17 10:00:00,477,153,41
2024-08-17 11:00:00,492,304,44
2024-08-17 12:00:00,399,299,20
2024-08-17 13:00:00,435,269,15
2024-08-17 14:00:00,394,218,32
2024-08-17 15:00:00,300,198,20
2024-08-17 16:00:00,395,188,24
2024-08-17 17:00:00,380,219,18
2024-08-17 18:00:00,439,204,23
2024-08-17 19:00:00,366,197,37
2024-08-17 20:00:00,322,201,25
2024-08-17 21:00:00,309,220,15
2024-08-17 22:00:00,245,222,15
2024-08-17 23:00:00,180,164,3
2024-08-18 00:00:00,129,178,7
2024-08-18 01:00:00,89,149,4
2024-08-18 02:00:00,28,106,2
2024-08-18 03:00:00,29,74,2
2024-08-18 04:00:00,8,41,4
2024-08-18 05:00:00,22,30,2
2024-08-18 06:00:00,34,34,10
2024-08-18 07:00:00,59,60,21
2024-08-18 08:00:00,156,127,20
2024-08-18 09:00:00,218,142,33
2024-08-18 10:00:00,244,171,21
2024-08-18 11:00:00,307,169,29
2024-08-18 12:00:00,296,137,25
2024-08-18 13:00:00,266,157,23
2024-08-18 14:00:00,212,166,30
2024-08-18 15:00:00,224,176,59
2024-08-18 16:00:00,257,147,32
2024-08-18 17:00:00,279,166,42
2024-08-18 18:00:00,226,126,35
2024-08-18 19:00:00,135,102,25
2024-08-18 20:00:00,100,104,17
2024-08-18 21:00:00,93,96,14
2024-08-18 22:00:00,59,77,5
2024-08-18 23:00:00,20,45,1
2024-08-19 00:00:00,18,38,3
2024-08-19 01:00:00,7,18,4
2024-08-19 02:00:00,10,23,0
2024-08-19 03:00:00,3,14,1
2024-08-19 04:00:00,14,21,5
2024-08-19 05:00:00,44,58,14
2024-08-19 06:00:00,199,133,50
2024-08-19 07:00:00,476,233,122
2024-08-19 08:00:00,316,137,56
2024-08-19 09:00:00,262,110,17
2024-08-19 10:00:00,299,136,25
2024-08-19 11:00:00,483,124,38
2024-08-19 12:00:00,484,129,29
2024-08-19 13:00:00,298,148,31
2024-08-19 14:00:00,260,187,24
2024-08-19 15:00:00,376,196,72
2024-08-19 16:00:00,532,213,129
2024-08-19 17:00:00,283,168,72
2024-08-19 18:00:00,194,146,37
2024-08-19 19:00:00,158,125,25
2024-08-19 20:00:00,140,111,21
2024-08-19 21:00:00,80,102,12
2024-08-19 22:00:00,44,65,6
2024-08-19 23:00:00,19,48,5
2024-08-20 00:00:00,10,32,2
2024-08-20 01:00:00,1,27,2
2024-08-20 02:00:00,6,18,1
2024-08-20 03:00:00,6,12,1
2024-08-20 04:00:00,21,45,6
2024-08-20 05:00:00,54,69,13
2024-08-20 06:00:00,244,155,74
2024-08-20 07:00:00,578,231,114
2024-08-20 08:00:00,296,190,66
2024-08-20 09:00:00,218,139,35
2024-08-20 10:00:00,254,129,22
2024-08-20 11:00:00,546,150,35
2024-08-20 12:00:00,528,145,37
2024-08-20 13:00:00,431,156,39
2024-08-20 14:00:00,284,197,33
2024-08-20 15:00:00,412,188,76
2024-08-20 16:00:00,705,214,135
2024-08-20 17:00:00,369,213,92
2024-08-20 18:00:00,255,130,63
2024-08-20 19:00:00,188,97,43
2024-08-20 20:00:00,180,152,20
2024-08-20 21:00:00,112,128,13
2024-08-20 22:00:00,60,77,15
2024-08-20 23:00:00,16,50,3
2024-08-21 00:00:00,20,38,0
2024-08-21 01:00:00,12,25,0
2024-08-21 02:00:00,10,16,2
2024-08-21 03:00:00,7,20,2
2024-08-21 04:00:00,19,43,3
2024-08-21 05:00:00,61,73,21
2024-08-21 06:00:00,241,175,65
2024-08-21 07:00:00,546,253,126
2024-08-21 08:00:00,362,197,73
2024-08-21 09:00:00,269,144,29
2024-08-21 10:00:00,335,154,22
2024-08-21 11:00:00,649,157,47
2024-08-21 12:00:00,526,137,38
2024-08-21 13:00:00,320,166,43
2024-08-21 14:00:00,358,160,42
2024-08-21 15:00:00,501,178,76
2024-08-21 16:00:00,707,213,142
2024-08-21 17:00:00,361,203,96
2024-08-21 18:00:00,259,166,43
2024-08-21 19:00:00,161,111,41
2024-08-21 20:00:00,169,151,25
2024-08-21 21:00:00,123,114,20
2024-08-21 22:00:00,85,95,11
2024-08-21 23:00:00,27,67,0
2024-08-22 00:00:00,9,27,1
2024-08-22 01:00:00,7,29,1
2024-08-22 02:00:00,4,25,0
2024-08-22 03:00:00,5,23,3
2024-08-22 04:00:00,7,32,6
2024-08-22 05:00:00,55,54,19
2024-08-22 06:00:00,203,159,55
2024-08-22 07:00:00,502,219,117
2024-08-22 08:00:00,332,158,56
2024-08-22 09:00:00,241,148,28
2024-08-22 10:00:00,294,112,21
2024-08-22 11:00:00,506,154,35
2024-08-22 12:00:00,488,148,53
2024-08-22 13:00:00,321,150,26
2024-08-22 14:00:00,301,179,26
2024-08-22 15:00:00,411,202,56
2024-08-22 16:00:00,671,201,108
2024-08-22 17:00:00,412,226,87
2024-08-22 18:00:00,282,203,39
2024-08-22 19:00:00,242,122,42
2024-08-22 20:00:00,189,189,31
2024-08-22 21:00:00,131,139,19
2024-08-22 22:00:00,95,110,8
2024-08-22 23:00:00,38,86,5
2024-08-23 00:00:00,5,51,1
2024-08-23 01:00:00,3,36,2
2024-08-23 02:00:00,2,31,1
2024-08-23 03:00:00,4,21,3
2024-08-23 04:00:00,10,35,3
2024-08-23 05:00:00,49,55,13
2024-08-23 06:00:00,140,144,34
2024-08-23 07:00:00,356,185,68
2024-08-23 08:00:00,237,150,51
2024-08-23 09:00:00,260,178,21
2024-08-23 10:00:00,269,184,12
2024-08-23 11:00:00,461,250,32
2024-08-23 12:00:00,426,311,34
2024-08-23 13:00:00,326,267,32
2024-08-23 14:00:00,309,275,33
2024-08-23 15:00:00,410,290,43
2024-08-23 16:00:00,514,281,81
2024-08-23 17:00:00,430,303,53
2024-08-23 18:00:00,315,236,49
2024-08-23 19:00:00,293,175,42
2024-08-23 20:00:00,185,197,30
2024-08-23 21:00:00,266,203,27
2024-08-23 22:00:00,147,163,19
2024-08-23 23:00:00,78,128,7
2024-08-24 00:00:00,49,127,3
2024-08-24 01:00:00,36,112,4
2024-08-24 02:00:00,20,81,0
2024-08-24 03:00:00,10,50,4
2024-08-24 04:00:00,1,50,2
2024-08-24 05:00:00,23,46,4
2024-08-24 06:00:00,44,52,10
2024-08-24 07:00:00,56,78,7
2024-08-24 08:00:00,136,127,6
2024-08-24 09:00:00,223,227,12
2024-08-24 10:00:00,355,409,19
2024-08-24 11:00:00,476,380,17
2024-08-24 12:00:00,432,308,31
2024-08-24 13:00:00,388,266,18
2024-08-24 14:00:00,420,171,32
2024-08-24 15:00:00,498,206,30
2024-08-24 16:00:00,418,196,30
2024-08-24 17:00:00,431,224,29
2024-08-24 18:00:00,417,209,25
2024-08-24 19:00:00,332,209,22
2024-08-24 20:00:00,313,207,21
2024-08-24 21:00:00,324,248,11
2024-08-24 22:00:00,266,237,15
2024-08-24 23:00:00,180,228,3
2024-08-25 00:00:00,122,192,4
2024-08-25 01:00:00,101,138,2
2024-08-25 02:00:00,71,103,1
2024-08-25 03:00:00,11,57,1
2024-08-25 04:00:00,9,41,2
2024-08-25 05:00:00,15,27,8
2024-08-25 06:00:00,30,26,8
2024-08-25 07:00:00,40,55,14
2024-08-25 08:00:00,130,97,11
2024-08-25 09:00:00,183,122,21
2024-08-25 10:00:00,278,164,13
2024-08-25 11:00:00,412,172,24
2024-08-25 12:00:00,350,176,26
2024-08-25 13:00:00,472,202,28
2024-08-25 14:00:00,448,215,28
2024-08-25 15:00:00,344,202,30
2024-08-25 16:00:00,244,176,40
2024-08-25 17:00:00,257,163,28
2024-08-25 18:00:00,297,160,21
2024-08-25 19:00:00,157,143,28
2024-08-25 20:00:00,83,204,22
2024-08-25 21:00:00,112,221,11
2024-08-25 22:00:00,225,243,10
2024-08-25 23:00:00,78,189,7
2024-08-26 00:00:00,32,152,5
2024-08-26 01:00:00,24,84,3
2024-08-26 02:00:00,14,49,1
2024-08-26 03:00:00,6,34,1
2024-08-26 04:00:00,5,30,5
2024-08-26 05:00:00,21,31,5
2024-08-26 06:00:00,31,34,12
2024-08-26 07:00:00,70,68,25
2024-08-26 08:00:00,142,79,12
2024-08-26 09:00:00,240,138,14
2024-08-26 10:00:00,303,142,23
2024-08-26 11:00:00,328,195,27
2024-08-26 12:00:00,292,213,28
2024-08-26 13:00:00,303,177,50
2024-08-26 14:00:00,275,163,19
2024-08-26 15:00:00,256,156,36
2024-08-26 16:00:00,256,131,32
2024-08-26 17:00:00,243,135,44
2024-08-26 18:00:00,199,114,36
2024-08-26 19:00:00,150,116,28
2024-08-26 20:00:00,119,110,13
2024-08-26 21:00:00,72,92,12
2024-08-26 22:00:00,55,68,5
2024-08-26 23:00:00,22,64,4
2024-08-27 00:00:00,11,40,3
2024-08-27 01:00:00,4,22,0
2024-08-27 02:00:00,6,10,1
2024-08-27 03:00:00,4,18,0
2024-08-27 04:00:00,11,31,8
2024-08-27 05:00:00,53,68,15
2024-08-27 06:00:00,194,165,58
2024-08-27 07:00:00,474,230,123
2024-08-27 08:00:00,316,156,67
2024-08-27 09:00:00,216,149,29
2024-08-27 10:00:00,285,138,19
2024-08-27 11:00:00,572,138,34
2024-08-27 12:00:00,545,122,41
2024-08-27 13:00:00,367,135,39
2024-08-27 14:00:00,288,144,25
2024-08-27 15:00:00,359,188,65
2024-08-27 16:00:00,645,170,140
2024-08-27 17:00:00,350,194,93
2024-08-27 18:00:00,250,152,56
2024-08-27 19:00:00,171,155,28
2024-08-27 20:00:00,162,134,22
2024-08-27 21:00:00,113,116,12
2024-08-27 22:00:00,73,80,4
2024-08-27 23:00:00,27,66,1
2024-08-28 00:00:00,17,48,0
2024-08-28 01:00:00,4,25,1
2024-08-28 02:00:00,2,11,0
2024-08-28 03:00:00,4,21,4
2024-08-28 04:00:00,18,39,7
2024-08-28 05:00:00,40,71,21
2024-08-28 06:00:00,207,175,57
2024-08-28 07:00:00,565,215,125
2024-08-28 08:00:00,314,164,73
2024-08-28 09:00:00,255,130,41
2024-08-28 10:00:00,328,138,27
2024-08-28 11:00:00,644,153,50
2024-08-28 12:00:00,541,148,29
2024-08-28 13:00:00,373,147,42
2024-08-28 14:00:00,299,196,31
2024-08-28 15:00:00,446,194,54
2024-08-28 16:00:00,635,215,187
2024-08-28 17:00:00,437,225,75
2024-08-28 18:00:00,280,176,40
2024-08-28 19:00:00,216,122,30
2024-08-28 20:00:00,214,148,22
2024-08-28 21:00:00,162,138,9
2024-08-28 22:00:00,100,88,9
2024-08-28 23:00:00,36,70,1
2024-08-29 00:00:00,12,44,0
2024-08-29 01:00:00,8,36,1
2024-08-29 02:00:00,4,30,1
2024-08-29 03:00:00,6,26,2
2024-08-29 04:00:00,18,47,4
2024-08-29 05:00:00,51,68,21
2024-08-29 06:00:00,201,183,61
2024-08-29 07:00:00,573,217,138
2024-08-29 08:00:00,344,178,66
2024-08-29 09:00:00,223,162,28
2024-08-29 10:00:00,323,135,26
2024-08-29 11:00:00,712,156,41
2024-08-29 12:00:00,576,130,45
2024-08-29 13:00:00,346,162,41
2024-08-29 14:00:00,344,201,23
2024-08-29 15:00:00,441,203,63
2024-08-29 16:00:00,704,208,153
2024-08-29 17:00:00,385,283,105
2024-08-29 18:00:00,311,194,57
2024-08-29 19:00:00,293,172,45
2024-08-29 20:00:00,204,179,34
2024-08-29 21:00:00,217,158,18
2024-08-29 22:00:00,112,101,14
2024-08-29 23:00:00,50,81,8
2024-08-30 00:00:00,41,62,3
2024-08-30 01:00:00,12,41,2
2024-08-30 02:00:00,6,32,1
2024-08-30 03:00:00,9,18,0
2024-08-30 04:00:00,17,37,7
2024-08-30 05:00:00,39,55,10
2024-08-30 06:00:00,160,148,54
2024-08-30 07:00:00,362,219,75
2024-08-30 08:00:00,243,184,52
2024-08-30 09:00:00,268,166,37
2024-08-30 10:00:00,349,186,28
2024-08-30 11:00:00,523,216,28
2024-08-30 12:00:00,491,249,40
2024-08-30 13:00:00,299,308,49
2024-08-30 14:00:00,296,256,41
2024-08-30 15:00:00,405,266,54
2024-08-30 16:00:00,515,298,79
2024-08-30 17:00:00,456,349,67
2024-08-30 18:00:00,373,265,43
2024-08-30 19:00:00,299,229,54
2024-08-30 20:00:00,266,244,41
2024-08-30 21:00:00,344,238,27
2024-08-30 22:00:00,169,202,24
2024-08-30 23:00:00,105,187,4
2024-08-31 00:00:00,70,179,6
2024-08-31 01:00:00,49,134,4
2024-08-31 02:00:00,53,101,2
2024-08-31 03:00:00,28,81,0
2024-08-31 04:00:00,22,59,7
2024-08-31 05:00:00,31,47,5
2024-08-31 06:00:00,32,45,11
2024-08-31 07:00:00,108,87,18
2024-08-31 08:00:00,195,115,24
2024-08-31 09:00:00,280,155,32
2024-08-31 10:00:00,448,211,37
2024-08-31 11:00:00,506,327,33
2024-08-31 12:00:00,422,311,33
2024-08-31 13:00:00,386,307,39
2024-08-31 14:00:00,394,256,32
2024-08-31 15:00:00,429,239,34
2024-08-31 16:00:00,368,241,25
2024-08-31 17:00:00,443,261,31
2024-08-31 18:00:00,326,257,37
2024-08-31 19:00:00,244,235,41
2024-08-31 20:00:00,288,222,22
2024-08-31 21:00:00,261,308,9
2024-08-31 22:00:00,213,257,11
2024-08-31 23:00:00,130,269,8
2024-09-01 00:00:00,114,238,10
2024-09-01 01:00:00,92,199,1
2024-09-01 02:00:00,43,156,1
2024-09-01 03:00:00,24,90,0
2024-09-01 04:00:00,6,42,1
2024-09-01 05:00:00,21,36,6
2024-09-01 06:00:00,33,44,5
2024-09-01 07:00:00,53,70,19
2024-09-01 08:00:00,89,97,17
2024-09-01 09:00:00,149,123,25
2024-09-01 10:00:00,268,170,11
2024-09-01 11:00:00,276,170,16
2024-09-01 12:00:00,244,202,20
2024-09-01 13:00:00,261,197,39
2024-09-01 14:00:00,187,176,27
2024-09-01 15:00:00,165,261,17
2024-09-01 16:00:00,175,215,27
2024-09-01 17:00:00,186,176,33
2024-09-01 18:00:00,163,142,29
2024-09-01 19:00:00,146,137,23
2024-09-01 20:00:00,87,140,20
2024-09-01 21:00:00,96,155,15
2024-09-01 22:00:00,64,127,6
2024-09-01 23:00:00,39,98,4
2024-09-02 00:00:00,8,42,1
2024-09-02 01:00:00,8,30,0
2024-09-02 02:00:00,2,20,0
2024-09-02 03:00:00,3,20,1
2024-09-02 04:00:00,10,30,4
2024-09-02 05:00:00,57,72,14
2024-09-02 06:00:00,178,155,55
2024-09-02 07:00:00,514,241,101
2024-09-02 08:00:00,263,190,54
2024-09-02 09:00:00,254,140,9
2024-09-02 10:00:00,299,165,28
2024-09-02 11:00:00,580,182,28
2024-09-02 12:00:00,434,190,32
2024-09-02 13:00:00,268,174,19
2024-09-02 14:00:00,255,194,24
2024-09-02 15:00:00,366,184,50
2024-09-02 16:00:00,542,193,93
2024-09-02 17:00:00,282,217,76
2024-09-02 18:00:00,184,175,47
2024-09-02 19:00:00,133,147,26
2024-09-02 20:00:00,94,146,19
2024-09-02 21:00:00,77,102,12
2024-09-02 22:00:00,32,70,8
2024-09-02 23:00:00,13,54,1
2024-09-03 00:00:00,8,42,0
2024-09-03 01:00:00,9,17,1
2024-09-03 02:00:00,2,23,0
2024-09-03 03:00:00,3,19,3
2024-09-03 04:00:00,11,40,2
2024-09-03 05:00:00,59,79,23
2024-09-03 06:00:00,199,191,73
2024-09-03 07:00:00,553,242,130
2024-09-03 08:00:00,329,252,74
2024-09-03 09:00:00,202,175,33
2024-09-03 10:00:00,264,124,20
2024-09-03 11:00:00,547,151,34
2024-09-03 12:00:00,515,141,50
2024-09-03 13:00:00,281,180,34
2024-09-03 14:00:00,282,202,27
2024-09-03 15:00:00,435,201,52
2024-09-03 16:00:00,692,228,143
2024-09-03 17:00:00,355,212,92
2024-09-03 18:00:00,245,177,60
2024-09-03 19:00:00,189,148,30
2024-09-03 20:00:00,143,135,23
2024-09-03 21:00:00,112,115,17
2024-09-03 22:00:00,49,96,14
2024-09-03 23:00:00,29,69,1
2024-09-04 00:00:00,10,50,1
2024-09-04 01:00:00,7,22,2
2024-09-04 02:00:00,13,17,0
2024-09-04 03:00:00,6,21,3
2024-09-04 04:00:00,19,37,9
2024-09-04 05:00:00,54,77,19
2024-09-04 06:00:00,221,168,54
2024-09-04 07:00:00,614,249,138
2024-09-04 08:00:00,362,244,81
2024-09-04 09:00:00,206,169,30
2024-09-04 10:00:00,305,142,19
2024-09-04 11:00:00,671,146,44
2024-09-04 12:00:00,537,144,44
2024-09-04 13:00:00,285,162,38
2024-09-04 14:00:00,237,218,30
2024-09-04 15:00:00,441,199,70
2024-09-04 16:00:00,701,211,158
2024-09-04 17:00:00,399,216,107
2024-09-04 18:00:00,228,176,43
2024-09-04 19:00:00,195,163,32
2024-09-04 20:00:00,114,138,19
2024-09-04 21:00:00,125,128,15
2024-09-04 22:00:00,40,111,5
2024-09-04 23:00:00,18,67,6
2024-09-05 00:00:00,16,45,0
2024-09-05 01:00:00,7,31,0
2024-09-05 02:00:00,5,19,0
2024-09-05 03:00:00,3,19,2
2024-09-05 04:00:00,16,31,5
2024-09-05 05:00:00,47,75,21
2024-09-05 06:00:00,212,178,55
2024-09-05 07:00:00,582,251,104
2024-09-05 08:00:00,368,244,65
2024-09-05 09:00:00,182,221,22
2024-09-05 10:00:00,199,177,24
2024-09-05 11:00:00,414,205,34
2024-09-05 12:00:00,371,163,28
2024-09-05 13:00:00,183,206,20
2024-09-05 14:00:00,213,225,25
2024-09-05 15:00:00,366,273,43
2024-09-05 16:00:00,681,271,108
2024-09-05 17:00:00,418,260,81
2024-09-05 18:00:00,283,263,60
2024-09-05 19:00:00,158,173,31
2024-09-05 20:00:00,184,153,19
2024-09-05 21:00:00,134,161,15
2024-09-05 22:00:00,132,111,11
2024-09-05 23:00:00,23,87,1
2024-09-06 00:00:00,16,66,2
2024-09-06 01:00:00,11,44,0
2024-09-06 02:00:00,3,27,0
2024-09-06 03:00:00,12,28,0
2024-09-06 04:00:00,16,28,4
2024-09-06 05:00:00,37,68,14
2024-09-06 06:00:00,165,142,34
2024-09-06 07:00:00,363,245,67
2024-09-06 08:00:00,266,239,43
2024-09-06 09:00:00,157,198,13
2024-09-06 10:00:00,172,211,15
2024-09-06 11:00:00,395,218,29
2024-09-06 12:00:00,398,222,27
2024-09-06 13:00:00,277,277,24
2024-09-06 14:00:00,228,231,24
2024-09-06 15:00:00,429,235,35
2024-09-06 16:00:00,486,253,63
2024-09-06 17:00:00,351,359,58
2024-09-06 18:00:00,327,297,38
2024-09-06 19:00:00,171,227,25
2024-09-06 20:00:00,181,200,19
2024-09-06 21:00:00,184,270,11
2024-09-06 22:00:00,149,221,11
2024-09-06 23:00:00,57,185,2
2024-09-07 00:00:00,71,138,4
2024-09-07 01:00:00,68,113,0
2024-09-07 02:00:00,48,92,1
2024-09-07 03:00:00,50,56,1
2024-09-07 04:00:00,10,51,3
2024-09-07 05:00:00,23,43,8
2024-09-07 06:00:00,34,56,9
2024-09-07 07:00:00,114,93,10
2024-09-07 08:00:00,164,114,18
2024-09-07 09:00:00,262,190,20
2024-09-07 10:00:00,463,249,31
2024-09-07 11:00:00,437,278,32
2024-09-07 12:00:00,454,311,35
2024-09-07 13:00:00,397,287,22
2024-09-07 14:00:00,447,246,32
2024-09-07 15:00:00,420,259,34
2024-09-07 16:00:00,517,244,35
2024-09-07 17:00:00,411,273,35
2024-09-07 18:00:00,426,247,33
2024-09-07 19:00:00,326,293,21
2024-09-07 20:00:00,324,228,24
2024-09-07 21:00:00,353,254,23
2024-09-07 22:00:00,254,222,11
2024-09-07 23:00:00,140,209,5
2024-09-08 00:00:00,126,207,1
2024-09-08 01:00:00,77,162,0
2024-09-08 02:00:00,75,154,4
2024-09-08 03:00:00,10,77,2
2024-09-08 04:00:00,1,52,2
2024-09-08 05:00:00,14,45,7
2024-09-08 06:00:00,20,41,6
2024-09-08 07:00:00,49,62,10
2024-09-08 08:00:00,120,112,8
2024-09-08 09:00:00,192,143,15
2024-09-08 10:00:00,262,168,11
2024-09-08 11:00:00,300,215,25
2024-09-08 12:00:00,307,231,16
2024-09-08 13:00:00,277,205,25
2024-09-08 14:00:00,313,185,29
2024-09-08 15:00:00,234,258,16
2024-09-08 16:00:00,302,220,24
2024-09-08 17:00:00,294,176,41
2024-09-08 18:00:00,217,158,25
2024-09-08 19:00:00,150,161,20
2024-09-08 20:00:00,120,135,14
2024-09-08 21:00:00,61,131,12
2024-09-08 22:00:00,45,83,7
2024-09-08 23:00:00,35,55,3
2024-09-09 00:00:00,38,45,1
2024-09-09 01:00:00,7,23,1
2024-09-09 02:00:00,7,14,0
2024-09-09 03:00:00,7,23,2
2024-09-09 04:00:00,21,36,6
2024-09-09 05:00:00,49,87,22
2024-09-09 06:00:00,212,178,51
2024-09-09 07:00:00,518,242,115
2024-09-09 08:00:00,386,213,71
2024-09-09 09:00:00,265,155,36
2024-09-09 10:00:00,301,145,36
2024-09-09 11:00:00,598,150,28
2024-09-09 12:00:00,478,129,34
2024-09-09 13:00:00,344,176,29
2024-09-09 14:00:00,297,212,34
2024-09-09 15:00:00,430,190,57
2024-09-09 16:00:00,620,184,156
2024-09-09 17:00:00,354,213,83
2024-09-09 18:00:00,221,162,48
2024-09-09 19:00:00,173,169,29
2024-09-09 20:00:00,147,130,16
2024-09-09 21:00:00,109,119,10
2024-09-09 22:00:00,62,71,5
2024-09-09 23:00:00,43,51,1
2024-09-10 00:00:00,28,44,0
2024-09-10 01:00:00,15,27,3
2024-09-10 02:00:00,16,25,0
2024-09-10 03:00:00,8,27,1
2024-09-10 04:00:00,15,36,3
2024-09-10 05:00:00,59,98,22
2024-09-10 06:00:00,233,207,58
2024-09-10 07:00:00,629,279,150
2024-09-10 08:00:00,441,243,78
2024-09-10 09:00:00,303,193,31
2024-09-10 10:00:00,268,155,17
2024-09-10 11:00:00,600,174,36
2024-09-10 12:00:00,591,154,37
2024-09-10 13:00:00,324,149,29
2024-09-10 14:00:00,367,217,31
2024-09-10 15:00:00,469,244,63
2024-09-10 16:00:00,656,296,119
2024-09-10 17:00:00,371,275,87
2024-09-10 18:00:00,271,190,71
2024-09-10 19:00:00,217,143,34
2024-09-10 20:00:00,132,170,22
2024-09-10 21:00:00,116,141,13
2024-09-10 22:00:00,111,86,10
2024-09-10 23:00:00,39,41,1
2024-09-11 00:00:00,19,57,1
2024-09-11 01:00:00,14,24,0
2024-09-11 02:00:00,5,22,0
2024-09-11 03:00:00,3,26,1
2024-09-11 04:00:00,17,37,7
2024-09-11 05:00:00,50,95,20
2024-09-11 06:00:00,243,199,49
2024-09-11 07:00:00,637,244,67
2024-09-11 08:00:00,404,298,57
2024-09-11 09:00:00,305,174,41
2024-09-11 10:00:00,347,148,27
2024-09-11 11:00:00,662,168,42
2024-09-11 12:00:00,631,154,34
2024-09-11 13:00:00,415,165,33
2024-09-11 14:00:00,379,198,43
2024-09-11 15:00:00,498,220,69
2024-09-11 16:00:00,819,268,132
2024-09-11 17:00:00,494,214,86
2024-09-11 18:00:00,342,188,40
2024-09-11 19:00:00,216,156,46
2024-09-11 20:00:00,163,152,25
2024-09-11 21:00:00,238,153,19
2024-09-11 22:00:00,441,106,11
2024-09-11 23:00:00,296,67,2
2024-09-12 00:00:00,109,67,3
2024-09-12 01:00:00,171,43,0
2024-09-12 02:00:00,45,35,1
2024-09-12 03:00:00,16,21,1
2024-09-12 04:00:00,16,35,4
2024-09-12 05:00:00,60,103,26
2024-09-12 06:00:00,232,207,60
2024-09-12 07:00:00,599,262,59
2024-09-12 08:00:00,429,289,58
2024-09-12 09:00:00,297,168,22
2024-09-12 10:00:00,349,167,33
2024-09-12 11:00:00,615,191,47
2024-09-12 12:00:00,593,176,46
2024-09-12 13:00:00,375,208,16
2024-09-12 14:00:00,349,225,33
2024-09-12 15:00:00,567,221,63
2024-09-12 16:00:00,777,255,141
2024-09-12 17:00:00,460,289,98
2024-09-12 18:00:00,349,204,54
2024-09-12 19:00:00,254,222,45
2024-09-12 20:00:00,195,199,22
2024-09-12 21:00:00,577,192,14
2024-09-12 22:00:00,214,158,11
2024-09-12 23:00:00,109,124,1
2024-09-13 00:00:00,78,117,1
2024-09-13 01:00:00,78,85,1
2024-09-13 02:00:00,88,82,5
2024-09-13 03:00:00,16,38,2
2024-09-13 04:00:00,16,36,9
2024-09-13 05:00:00,48,75,16
2024-09-13 06:00:00,196,170,54
2024-09-13 07:00:00,437,248,39
2024-09-13 08:00:00,326,202,37
2024-09-13 09:00:00,278,187,32
2024-09-13 10:00:00,342,180,24
2024-09-13 11:00:00,497,198,41
2024-09-13 12:00:00,541,189,34
2024-09-13 13:00:00,362,308,39
2024-09-13 14:00:00,393,215,48
2024-09-13 15:00:00,569,224,66
2024-09-13 16:00:00,738,282,86
2024-09-13 17:00:00,587,316,48
2024-09-13 18:00:00,491,274,43
2024-09-13 19:00:00,403,283,32
2024-09-13 20:00:00,208,252,36
2024-09-13 21:00:00,397,261,21
2024-09-13 22:00:00,192,208,13
2024-09-13 23:00:00,177,185,2
2024-09-14 00:00:00,73,171,1
2024-09-14 01:00:00,75,143,3
2024-09-14 02:00:00,28,90,3
2024-09-14 03:00:00,18,48,0
2024-09-14 04:00:00,22,58,2
2024-09-14 05:00:00,22,53,7
2024-09-14 06:00:00,46,62,12
2024-09-14 07:00:00,98,113,10
2024-09-14 08:00:00,197,130,20
2024-09-14 09:00:00,396,186,25
2024-09-14 10:00:00,468,267,53
2024-09-14 11:00:00,642,330,30
2024-09-14 12:00:00,489,332,21
2024-09-14 13:00:00,487,306,29
2024-09-14 14:00:00,469,359,31
2024-09-14 15:00:00,470,273,27
2024-09-14 16:00:00,497,268,26
2024-09-14 17:00:00,485,286,44
2024-09-14 18:00:00,500,311,40
2024-09-14 19:00:00,357,262,37
2024-09-14 20:00:00,365,267,31
2024-09-14 21:00:00,364,307,19
2024-09-14 22:00:00,334,232,9
2024-09-14 23:00:00,223,215,8
2024-09-15 00:00:00,182,207,3
2024-09-15 01:00:00,162,180,5
2024-09-15 02:00:00,120,140,5
2024-09-15 03:00:00,39,81,5
2024-09-15 04:00:00,16,61,1
2024-09-15 05:00:00,23,38,4
2024-09-15 06:00:00,39,38,6
2024-09-15 07:00:00,55,71,7
2024-09-15 08:00:00,137,111,10
2024-09-15 09:00:00,256,148,32
2024-09-15 10:00:00,315,210,34
2024-09-15 11:00:00,350,228,15
2024-09-15 12:00:00,351,228,31
2024-09-15 13:00:00,300,181,25
2024-09-15 14:00:00,321,165,27
2024-09-15 15:00:00,345,185,32
2024-09-15 16:00:00,377,244,36
2024-09-15 17:00:00,282,200,26
2024-09-15 18:00:00,277,170,35
2024-09-15 19:00:00,186,180,28
2024-09-15 20:00:00,130,149,27
2024-09-15 21:00:00,188,148,9
2024-09-15 22:00:00,180,103,5
2024-09-15 23:00:00,78,70,4
2024-09-16 00:00:00,42,46,0
2024-09-16 01:00:00,26,38,0
2024-09-16 02:00:00,12,26,0
2024-09-16 03:00:00,8,38,2
2024-09-16 04:00:00,14,36,3
2024-09-16 05:00:00,41,113,18
2024-09-16 06:00:00,192,176,57
2024-09-16 07:00:00,645,253,125
2024-09-16 08:00:00,405,266,57
2024-09-16 09:00:00,387,193,33
2024-09-16 10:00:00,315,146,28
2024-09-16 11:00:00,654,146,45
2024-09-16 12:00:00,527,161,37
2024-09-16 13:00:00,344,190,46
2024-09-16 14:00:00,545,182,51
2024-09-16 15:00:00,501,206,57
2024-09-16 16:00:00,738,200,143
2024-09-16 17:00:00,478,227,95
2024-09-16 18:00:00,321,177,60
2024-09-16 19:00:00,202,167,42
2024-09-16 20:00:00,190,168,17
2024-09-16 21:00:00,268,171,18
2024-09-16 22:00:00,124,87,12
2024-09-16 23:00:00,44,77,2
2024-09-17 00:00:00,34,40,0
2024-09-17 01:00:00,26,31,0
2024-09-17 02:00:00,12,30,0
2024-09-17 03:00:00,9,24,0
2024-09-17 04:00:00,10,42,5
2024-09-17 05:00:00,53,92,21
2024-09-17 06:00:00,254,196,72
2024-09-17 07:00:00,679,232,122
2024-09-17 08:00:00,497,297,83
2024-09-17 09:00:00,318,186,40
2024-09-17 10:00:00,342,170,41
2024-09-17 11:00:00,586,171,46
2024-09-17 12:00:00,646,162,38
2024-09-17 13:00:00,376,168,36
2024-09-17 14:00:00,402,207,45
2024-09-17 15:00:00,596,230,92
2024-09-17 16:00:00,812,245,177
2024-09-17 17:00:00,536,273,106
2024-09-17 18:00:00,324,199,57
2024-09-17 19:00:00,243,166,46
2024-09-17 20:00:00,221,177,24
2024-09-17 21:00:00,197,159,8
2024-09-17 22:00:00,182,121,10
2024-09-17 23:00:00,75,78,1
2024-09-18 00:00:00,41,52,0
2024-09-18 01:00:00,35,35,1
2024-09-18 02:00:00,17,29,6
2024-09-18 03:00:00,8,19,0
2024-09-18 04:00:00,12,31,4
2024-09-18 05:00:00,51,118,19
2024-09-18 06:00:00,239,224,66
2024-09-18 07:00:00,677,225,136
2024-09-18 08:00:00,409,225,100
2024-09-18 09:00:00,315,157,28
2024-09-18 10:00:00,340,174,37
2024-09-18 11:00:00,730,164,40
2024-09-18 12:00:00,695,136,38
2024-09-18 13:00:00,386,175,43
2024-09-18 14:00:00,398,203,36
2024-09-18 15:00:00,534,198,86
2024-09-18 16:00:00,832,218,187
2024-09-18 17:00:00,393,256,103
2024-09-18 18:00:00,317,222,63
2024-09-18 19:00:00,305,163,57
2024-09-18 20:00:00,226,164,33
2024-09-18 21:00:00,228,165,14
2024-09-18 22:00:00,125,146,8
2024-09-18 23:00:00,63,82,3
2024-09-19 00:00:00,34,68,2
2024-09-19 01:00:00,52,43,5
2024-09-19 02:00:00,16,31,2
2024-09-19 03:00:00,3,30,1
2024-09-19 04:00:00,16,39,4
2024-09-19 05:00:00,57,90,24
2024-09-19 06:00:00,219,186,68
2024-09-19 07:00:00,737,257,130
2024-09-19 08:00:00,518,257,97
2024-09-19 09:00:00,373,207,39
2024-09-19 10:00:00,401,190,45
2024-09-19 11:00:00,672,174,50
2024-09-19 12:00:00,709,143,43
2024-09-19 13:00:00,411,170,42
2024-09-19 14:00:00,364,234,42
2024-09-19 15:00:00,620,211,72
2024-09-19 16:00:00,893,234,145
2024-09-19 17:00:00,486,233,77
2024-09-19 18:00:00,364,203,67
2024-09-19 19:00:00,276,193,39
2024-09-19 20:00:00,233,217,34
2024-09-19 21:00:00,264,198,20
2024-09-19 22:00:00,235,134,10
2024-09-19 23:00:00,125,124,7
2024-09-20 00:00:00,116,79,5
2024-09-20 01:00:00,120,62,0
2024-09-20 02:00:00,21,55,2
2024-09-20 03:00:00,8,38,0
2024-09-20 04:00:00,18,30,5
2024-09-20 05:00:00,56,85,17
2024-09-20 06:00:00,172,167,65
2024-09-20 07:00:00,517,242,103
2024-09-20 08:00:00,358,218,107
2024-09-20 09:00:00,281,185,26
2024-09-20 10:00:00,308,171,30
2024-09-20 11:00:00,522,198,33
2024-09-20 12:00:00,636,257,40
2024-09-20 13:00:00,415,294,36
2024-09-20 14:00:00,333,233,27
2024-09-20 15:00:00,545,277,56
2024-09-20 16:00:00,668,278,78
2024-09-20 17:00:00,544,344,65
2024-09-20 18:00:00,444,364,68
2024-09-20 19:00:00,338,281,46
2024-09-20 20:00:00,297,257,36
2024-09-20 21:00:00,412,268,24
2024-09-20 22:00:00,281,218,19
2024-09-20 23:00:00,194,199,6
2024-09-21 00:00:00,93,182,3
2024-09-21 01:00:00,110,126,0
2024-09-21 02:00:00,135,116,2
2024-09-21 03:00:00,26,87,2
2024-09-21 04:00:00,19,40,4
2024-09-21 05:00:00,23,59,8
2024-09-21 06:00:00,35,66,11
2024-09-21 07:00:00,112,115,9
2024-09-21 08:00:00,155,184,18
2024-09-21 09:00:00,291,195,13
2024-09-21 10:00:00,452,254,28
2024-09-21 11:00:00,550,356,23
2024-09-21 12:00:00,537,319,28
2024-09-21 13:00:00,422,322,35
2024-09-21 14:00:00,345,260,33
2024-09-21 15:00:00,396,241,23
2024-09-21 16:00:00,540,235,35
2024-09-21 17:00:00,448,299,38
2024-09-21 18:00:00,520,286,47
2024-09-21 19:00:00,395,304,40
2024-09-21 20:00:00,299,272,31
2024-09-21 21:00:00,422,268,16
2024-09-21 22:00:00,286,276,14
2024-09-21 23:00:00,264,241,0
2024-09-22 00:00:00,140,208,5
2024-09-22 01:00:00,114,180,3
2024-09-22 02:00:00,95,149,3
2024-09-22 03:00:00,34,90,1
2024-09-22 04:00:00,11,43,1
2024-09-22 05:00:00,9,46,4
2024-09-22 06:00:00,17,55,7
2024-09-22 07:00:00,31,57,10
2024-09-22 08:00:00,55,133,4
2024-09-22 09:00:00,109,166,7
2024-09-22 10:00:00,136,197,6
2024-09-22 11:00:00,189,249,24
2024-09-22 12:00:00,213,220,30
2024-09-22 13:00:00,264,225,22
2024-09-22 14:00:00,294,210,34
2024-09-22 15:00:00,184,198,19
2024-09-22 16:00:00,224,327,27
2024-09-22 17:00:00,258,174,28
2024-09-22 18:00:00,316,194,31
2024-09-22 19:00:00,132,166,32
2024-09-22 20:00:00,138,158,16
2024-09-22 21:00:00,178,118,13
2024-09-22 22:00:00,65,89,5
2024-09-22 23:00:00,27,56,1
2024-09-23 00:00:00,10,39,4
2024-09-23 01:00:00,6,33,0
2024-09-23 02:00:00,1,19,2
2024-09-23 03:00:00,1,30,1
2024-09-23 04:00:00,14,33,4
2024-09-23 05:00:00,27,85,16
2024-09-23 06:00:00,165,181,41
2024-09-23 07:00:00,563,272,81
2024-09-23 08:00:00,348,289,46
2024-09-23 09:00:00,362,209,23
2024-09-23 10:00:00,203,181,21
2024-09-23 11:00:00,323,163,26
2024-09-23 12:00:00,354,181,15
2024-09-23 13:00:00,221,174,19
2024-09-23 14:00:00,220,235,24
2024-09-23 15:00:00,366,311,39
2024-09-23 16:00:00,583,273,90
2024-09-23 17:00:00,350,220,60
2024-09-23 18:00:00,167,178,39
2024-09-23 19:00:00,123,131,33
2024-09-23 20:00:00,118,141,18
2024-09-23 21:00:00,82,134,27
2024-09-23 22:00:00,56,70,7
2024-09-23 23:00:00,25,69,2
2024-09-24 00:00:00,24,49,0
2024-09-24 01:00:00,8,23,0
2024-09-24 02:00:00,7,18,0
2024-09-24 03:00:00,7,29,1
2024-09-24 04:00:00,11,35,6
2024-09-24 05:00:00,52,120,22
2024-09-24 06:00:00,240,233,69
2024-09-24 07:00:00,725,255,145
2024-09-24 08:00:00,453,240,85
2024-09-24 09:00:00,277,187,37
2024-09-24 10:00:00,336,172,34
2024-09-24 11:00:00,605,148,49
2024-09-24 12:00:00,607,161,37
2024-09-24 13:00:00,410,184,27
2024-09-24 14:00:00,385,193,41
2024-09-24 15:00:00,552,196,77
2024-09-24 16:00:00,813,192,163
2024-09-24 17:00:00,464,226,109
2024-09-24 18:00:00,286,179,66
2024-09-24 19:00:00,203,156,34
2024-09-24 20:00:00,171,188,30
2024-09-24 21:00:00,155,182,20
2024-09-24 22:00:00,90,104,4
2024-09-24 23:00:00,41,69,1
2024-09-25 00:00:00,18,57,2
2024-09-25 01:00:00,26,34,0
2024-09-25 02:00:00,19,27,1
2024-09-25 03:00:00,10,21,1
2024-09-25 04:00:00,12,40,3
2024-09-25 05:00:00,41,108,25
2024-09-25 06:00:00,215,206,54
2024-09-25 07:00:00,697,267,133
2024-09-25 08:00:00,489,272,101
2024-09-25 09:00:00,267,190,34
2024-09-25 10:00:00,363,172,28
2024-09-25 11:00:00,642,174,47
2024-09-25 12:00:00,581,192,32
2024-09-25 13:00:00,425,202,32
2024-09-25 14:00:00,332,204,31
2024-09-25 15:00:00,358,282,58
2024-09-25 16:00:00,794,267,158
2024-09-25 17:00:00,553,279,107
2024-09-25 18:00:00,377,243,51
2024-09-25 19:00:00,315,198,43
2024-09-25 20:00:00,200,176,16
2024-09-25 21:00:00,238,157,15
2024-09-25 22:00:00,118,115,9
2024-09-25 23:00:00,41,88,4
2024-09-26 00:00:00,17,60,0
2024-09-26 01:00:00,12,45,1
2024-09-26 02:00:00,2,29,0
2024-09-26 03:00:00,13,32,0
2024-09-26 04:00:00,5,40,2
2024-09-26 05:00:00,47,97,23
2024-09-26 06:00:00,217,220,69
2024-09-26 07:00:00,628,246,99
2024-09-26 08:00:00,330,330,96
2024-09-26 09:00:00,345,204,34
2024-09-26 10:00:00,328,157,25
2024-09-26 11:00:00,715,216,49
2024-09-26 12:00:00,603,168,45
2024-09-26 13:00:00,337,213,34
2024-09-26 14:00:00,435,209,39
2024-09-26 15:00:00,590,213,64
2024-09-26 16:00:00,728,284,149
2024-09-26 17:00:00,545,334,104
2024-09-26 18:00:00,277,282,53
2024-09-26 19:00:00,270,216,38
2024-09-26 20:00:00,231,183,33
2024-09-26 21:00:00,182,244,17
2024-09-26 22:00:00,102,186,6
2024-09-26 23:00:00,35,160,3
2024-09-27 00:00:00,15,148,1
2024-09-27 01:00:00,8,92,4
2024-09-27 02:00:00,5,44,1
2024-09-27 03:00:00,4,37,3
2024-09-27 04:00:00,8,34,6
2024-09-27 05:00:00,34,89,24
2024-09-27 06:00:00,176,174,36
2024-09-27 07:00:00,490,226,96
2024-09-27 08:00:00,317,204,51
2024-09-27 09:00:00,269,194,31
2024-09-27 10:00:00,311,191,25
2024-09-27 11:00:00,604,172,35
2024-09-27 12:00:00,597,178,42
2024-09-27 13:00:00,397,239,37
2024-09-27 14:00:00,469,297,50
2024-09-27 15:00:00,663,274,62
2024-09-27 16:00:00,716,352,88
2024-09-27 17:00:00,677,416,77
2024-09-27 18:00:00,412,324,44
2024-09-27 19:00:00,326,271,42
2024-09-27 20:00:00,336,293,36
2024-09-27 21:00:00,492,269,21
2024-09-27 22:00:00,486,241,19
2024-09-27 23:00:00,246,203,2
2024-09-28 00:00:00,220,172,5
2024-09-28 01:00:00,159,140,1
2024-09-28 02:00:00,154,149,4
2024-09-28 03:00:00,66,93,0
2024-09-28 04:00:00,20,46,4
2024-09-28 05:00:00,31,43,5
2024-09-28 06:00:00,48,77,12
2024-09-28 07:00:00,99,91,10
2024-09-28 08:00:00,212,147,24
2024-09-28 09:00:00,365,180,23
2024-09-28 10:00:00,519,267,40
2024-09-28 11:00:00,581,308,23
2024-09-28 12:00:00,542,281,39
2024-09-28 13:00:00,552,230,26
2024-09-28 14:00:00,497,264,31
2024-09-28 15:00:00,526,240,30
2024-09-28 16:00:00,556,259,39
2024-09-28 17:00:00,652,290,30
2024-09-28 18:00:00,556,315,37
2024-09-28 19:00:00,381,294,36
2024-09-28 20:00:00,319,278,37
2024-09-28 21:00:00,483,323,32
2024-09-28 22:00:00,340,282,15
2024-09-28 23:00:00,198,269,4
2024-09-29 00:00:00,174,220,3
2024-09-29 01:00:00,157,180,5
2024-09-29 02:00:00,125,171,0
2024-09-29 03:00:00,55,104,1
2024-09-29 04:00:00,22,78,1
2024-09-29 05:00:00,21,47,4
2024-09-29 06:00:00,24,51,7
2024-09-29 07:00:00,58,87,9
2024-09-29 08:00:00,128,114,16
2024-09-29 09:00:00,231,136,51
2024-09-29 10:00:00,285,169,17
2024-09-29 11:00:00,315,205,24
2024-09-29 12:00:00,286,217,22
2024-09-29 13:00:00,282,197,27
2024-09-29 14:00:00,296,219,33
2024-09-29 15:00:00,303,235,29
2024-09-29 16:00:00,253,237,25
2024-09-29 17:00:00,224,189,27
2024-09-29 18:00:00,131,239,32
2024-09-29 19:00:00,43,178,43
2024-09-29 20:00:00,42,164,15
2024-09-29 21:00:00,17,146,5
2024-09-29 22:00:00,9,102,4
2024-09-29 23:00:00,6,63,2
2024-09-30 00:00:00,1,33,1
2024-09-30 01:00:00,1,25,0
2024-09-30 02:00:00,4,25,0
2024-09-30 03:00:00,5,29,2
2024-09-30 04:00:00,15,43,6
2024-09-30 05:00:00,37,117,19
2024-09-30 06:00:00,164,193,69
2024-09-30 07:00:00,640,238,110
2024-09-30 08:00:00,467,223,75
2024-09-30 09:00:00,273,189,22
2024-09-30 10:00:00,305,165,30
2024-09-30 11:00:00,550,159,37
2024-09-30 12:00:00,521,181,30
2024-09-30 13:00:00,303,162,19
2024-09-30 14:00:00,340,199,24
2024-09-30 15:00:00,420,192,58
2024-09-30 16:00:00,693,197,149
2024-09-30 17:00:00,426,187,88
2024-09-30 18:00:00,240,197,54
2024-09-30 19:00:00,155,167,26
2024-09-30 20:00:00,109,171,29
2024-09-30 21:00:00,150,132,12
2024-09-30 22:00:00,38,65,6
2024-09-30 23:00:00,24,62,5
2024-10-01 00:00:00,9,43,0
2024-10-01 01:00:00,5,32,0
2024-10-01 02:00:00,16,26,0
2024-10-01 03:00:00,6,25,1
2024-10-01 04:00:00,13,36,4
2024-10-01 05:00:00,49,90,21
2024-10-01 06:00:00,265,206,77
2024-10-01 07:00:00,692,255,141
2024-10-01 08:00:00,464,258,100
2024-10-01 09:00:00,345,172,36
2024-10-01 10:00:00,264,132,38
2024-10-01 11:00:00,646,153,40
2024-10-01 12:00:00,591,170,40
2024-10-01 13:00:00,331,171,19
2024-10-01 14:00:00,353,203,38
2024-10-01 15:00:00,499,204,74
2024-10-01 16:00:00,834,201,173
2024-10-01 17:00:00,474,221,85
2024-10-01 18:00:00,291,234,65
2024-10-01 19:00:00,228,169,38
2024-10-01 20:00:00,130,167,26
2024-10-01 21:00:00,153,125,15
2024-10-01 22:00:00,76,98,6
2024-10-01 23:00:00,25,66,1
2024-10-02 00:00:00,26,54,2
2024-10-02 01:00:00,13,36,2
2024-10-02 02:00:00,11,18,0
2024-10-02 03:00:00,4,23,1
2024-10-02 04:00:00,8,49,4
2024-10-02 05:00:00,62,102,26
2024-10-02 06:00:00,246,196,62
2024-10-02 07:00:00,690,243,156
2024-10-02 08:00:00,420,241,90
2024-10-02 09:00:00,276,177,35
2024-10-02 10:00:00,297,154,35
2024-10-02 11:00:00,646,179,31
2024-10-02 12:00:00,652,164,40
2024-10-02 13:00:00,356,190,37
2024-10-02 14:00:00,395,201,37
2024-10-02 15:00:00,654,196,75
2024-10-02 16:00:00,758,225,183
2024-10-02 17:00:00,512,302,90
2024-10-02 18:00:00,370,268,73
2024-10-02 19:00:00,226,190,46
2024-10-02 20:00:00,161,207,28
2024-10-02 21:00:00,213,164,22
2024-10-02 22:00:00,114,109,17
2024-10-02 23:00:00,29,79,0
2024-10-03 00:00:00,36,52,2
2024-10-03 01:00:00,25,35,2
2024-10-03 02:00:00,14,38,2
2024-10-03 03:00:00,6,24,2
2024-10-03 04:00:00,18,44,10
2024-10-03 05:00:00,53,89,29
2024-10-03 06:00:00,230,201,65
2024-10-03 07:00:00,565,275,87
2024-10-03 08:00:00,326,278,58
2024-10-03 09:00:00,349,208,31
2024-10-03 10:00:00,348,172,25
2024-10-03 11:00:00,789,192,32
2024-10-03 12:00:00,667,171,38
2024-10-03 13:00:00,413,172,38
2024-10-03 14:00:00,442,238,56
2024-10-03 15:00:00,630,251,69
2024-10-03 16:00:00,937,265,155
2024-10-03 17:00:00,579,302,109
2024-10-03 18:00:00,377,364,75
2024-10-03 19:00:00,314,216,48
2024-10-03 20:00:00,223,188,37
2024-10-03 21:00:00,209,195,18
2024-10-03 22:00:00,121,149,10
2024-10-03 23:00:00,45,97,1
2024-10-04 00:00:00,26,83,1
2024-10-04 01:00:00,37,73,2
2024-10-04 02:00:00,20,36,0
2024-10-04 03:00:00,7,32,2
2024-10-04 04:00:00,15,37,10
2024-10-04 05:00:00,53,74,15
2024-10-04 06:00:00,196,202,47
2024-10-04 07:00:00,512,211,86
2024-10-04 08:00:00,300,238,57
2024-10-04 09:00:00,316,211,49
2024-10-04 10:00:00,313,181,26
2024-10-04 11:00:00,534,199,44
2024-10-04 12:00:00,533,178,34
2024-10-04 13:00:00,449,241,36
2024-10-04 14:00:00,471,231,45
2024-10-04 15:00:00,581,290,64
2024-10-04 16:00:00,710,285,93
2024-10-04 17:00:00,547,324,66
2024-10-04 18:00:00,459,342,60
2024-10-04 19:00:00,315,298,35
2024-10-04 20:00:00,291,239,30
2024-10-04 21:00:00,426,320,25
2024-10-04 22:00:00,340,233,13
2024-10-04 23:00:00,208,208,2
2024-10-05 00:00:00,145,166,2
2024-10-05 01:00:00,165,118,2
2024-10-05 02:00:00,107,111,2
2024-10-05 03:00:00,92,98,1
2024-10-05 04:00:00,31,51,3
2024-10-05 05:00:00,27,39,8
2024-10-05 06:00:00,35,87,13
2024-10-05 07:00:00,111,95,18
2024-10-05 08:00:00,188,167,35
2024-10-05 09:00:00,389,240,37
2024-10-05 10:00:00,443,272,32
2024-10-05 11:00:00,540,332,39
2024-10-05 12:00:00,676,324,32
2024-10-05 13:00:00,502,305,33
2024-10-05 14:00:00,515,273,31
2024-10-05 15:00:00,459,259,36
2024-10-05 16:00:00,557,317,35
2024-10-05 17:00:00,505,339,51
2024-10-05 18:00:00,615,348,61
2024-10-05 19:00:00,369,288,33
2024-10-05 20:00:00,302,272,40
2024-10-05 21:00:00,502,316,22
2024-10-05 22:00:00,355,294,17
2024-10-05 23:00:00,309,274,6
2024-10-06 00:00:00,244,196,3
2024-10-06 01:00:00,162,186,9
2024-10-06 02:00:00,106,160,1
2024-10-06 03:00:00,26,114,1
2024-10-06 04:00:00,7,49,3
2024-10-06 05:00:00,17,34,4
2024-10-06 06:00:00,35,49,8
2024-10-06 07:00:00,68,73,13
2024-10-06 08:00:00,124,149,6
2024-10-06 09:00:00,284,207,18
2024-10-06 10:00:00,356,190,17
2024-10-06 11:00:00,367,273,20
2024-10-06 12:00:00,263,338,29
2024-10-06 13:00:00,313,298,25
2024-10-06 14:00:00,236,205,16
2024-10-06 15:00:00,173,296,24
2024-10-06 16:00:00,295,277,33
2024-10-06 17:00:00,303,193,29
2024-10-06 18:00:00,240,233,35
2024-10-06 19:00:00,131,196,28
2024-10-06 20:00:00,103,186,17
2024-10-06 21:00:00,142,156,6
2024-10-06 22:00:00,74,97,5
2024-10-06 23:00:00,43,62,1
2024-10-07 00:00:00,13,42,2
2024-10-07 01:00:00,8,32,1
2024-10-07 02:00:00,7,17,0
2024-10-07 03:00:00,3,27,5
2024-10-07 04:00:00,11,54,13
2024-10-07 05:00:00,38,111,23
2024-10-07 06:00:00,201,193,66
2024-10-07 07:00:00,611,279,125
2024-10-07 08:00:00,449,269,68
2024-10-07 09:00:00,325,194,28
2024-10-07 10:00:00,343,208,24
2024-10-07 11:00:00,579,161,43
2024-10-07 12:00:00,618,182,32
2024-10-07 13:00:00,318,169,41
2024-10-07 14:00:00,344,181,35
2024-10-07 15:00:00,502,217,59
2024-10-07 16:00:00,745,199,139
2024-10-07 17:00:00,520,201,89
2024-10-07 18:00:00,355,233,53
2024-10-07 19:00:00,219,179,45
2024-10-07 20:00:00,109,160,23
2024-10-07 21:00:00,153,165,15
2024-10-07 22:00:00,40,100,6
2024-10-07 23:00:00,18,61,2
2024-10-08 00:00:00,15,39,1
2024-10-08 01:00:00,11,25,0
2024-10-08 02:00:00,6,25,2
2024-10-08 03:00:00,6,20,1
2024-10-08 04:00:00,6,32,7
2024-10-08 05:00:00,42,102,25
2024-10-08 06:00:00,237,230,60
2024-10-08 07:00:00,723,246,130
2024-10-08 08:00:00,513,270,77
2024-10-08 09:00:00,336,192,31
2024-10-08 10:00:00,274,209,22
2024-10-08 11:00:00,544,173,31
2024-10-08 12:00:00,277,198,24
2024-10-08 13:00:00,227,180,27
2024-10-08 14:00:00,291,249,26
2024-10-08 15:00:00,511,238,57
2024-10-08 16:00:00,740,229,135
2024-10-08 17:00:00,426,350,100
2024-10-08 18:00:00,314,291,53
2024-10-08 19:00:00,389,231,25
2024-10-08 20:00:00,159,205,27
2024-10-08 21:00:00,199,193,15
2024-10-08 22:00:00,82,111,11
2024-10-08 23:00:00,35,61,4
2024-10-09 00:00:00,21,53,0
2024-10-09 01:00:00,22,38,1
2024-10-09 02:00:00,14,22,2
2024-10-09 03:00:00,10,28,5
2024-10-09 04:00:00,15,38,6
2024-10-09 05:00:00,43,107,21
2024-10-09 06:00:00,253,224,56
2024-10-09 07:00:00,713,270,130
2024-10-09 08:00:00,499,240,99
2024-10-09 09:00:00,393,174,27
2024-10-09 10:00:00,364,246,30
2024-10-09 11:00:00,716,168,49
2024-10-09 12:00:00,637,140,41
2024-10-09 13:00:00,367,182,29
2024-10-09 14:00:00,476,221,39
2024-10-09 15:00:00,589,201,65
2024-10-09 16:00:00,746,240,169
2024-10-09 17:00:00,525,211,101
2024-10-09 18:00:00,353,273,49
2024-10-09 19:00:00,244,199,28
2024-10-09 20:00:00,229,222,20
2024-10-09 21:00:00,191,192,14
2024-10-09 22:00:00,98,149,8
2024-10-09 23:00:00,37,93,1
2024-10-10 00:00:00,27,62,0
2024-10-10 01:00:00,18,43,0
2024-10-10 02:00:00,8,52,1
2024-10-10 03:00:00,2,35,2
2024-10-10 04:00:00,7,38,5
2024-10-10 05:00:00,34,92,19
2024-10-10 06:00:00,239,236,71
2024-10-10 07:00:00,690,243,131
2024-10-10 08:00:00,421,258,65
2024-10-10 09:00:00,330,207,28
2024-10-10 10:00:00,374,178,26
2024-10-10 11:00:00,702,182,47
2024-10-10 12:00:00,642,191,43
2024-10-10 13:00:00,359,204,43
2024-10-10 14:00:00,414,207,46
2024-10-10 15:00:00,590,233,64
2024-10-10 16:00:00,844,284,149
2024-10-10 17:00:00,557,257,101
2024-10-10 18:00:00,378,256,71
2024-10-10 19:00:00,258,230,41
2024-10-10 20:00:00,218,221,36
2024-10-10 21:00:00,219,202,12
2024-10-10 22:00:00,107,144,8
2024-10-10 23:00:00,51,121,3
2024-10-11 00:00:00,35,80,3
2024-10-11 01:00:00,42,64,3
2024-10-11 02:00:00,21,41,0
2024-10-11 03:00:00,7,42,2
2024-10-11 04:00:00,13,45,8
2024-10-11 05:00:00,39,93,22
2024-10-11 06:00:00,168,192,43
2024-10-11 07:00:00,383,247,55
2024-10-11 08:00:00,266,239,51
2024-10-11 09:00:00,285,217,38
2024-10-11 10:00:00,329,184,33
2024-10-11 11:00:00,555,186,50
2024-10-11 12:00:00,561,218,48
2024-10-11 13:00:00,435,266,25
2024-10-11 14:00:00,456,262,40
2024-10-11 15:00:00,586,255,69
2024-10-11 16:00:00,755,309,93
2024-10-11 17:00:00,580,358,71
2024-10-11 18:00:00,451,351,53
2024-10-11 19:00:00,318,278,51
2024-10-11 20:00:00,287,283,33
2024-10-11 21:00:00,385,301,21
2024-10-11 22:00:00,353,275,8
2024-10-11 23:00:00,183,228,1
2024-10-12 00:00:00,118,190,2
2024-10-12 01:00:00,84,119,4
2024-10-12 02:00:00,134,111,4
2024-10-12 03:00:00,59,73,4
2024-10-12 04:00:00,6,60,6
2024-10-12 05:00:00,5,54,6
2024-10-12 06:00:00,44,73,15
2024-10-12 07:00:00,91,83,11
2024-10-12 08:00:00,205,135,15
2024-10-12 09:00:00,324,196,27
2024-10-12 10:00:00,493,214,42
2024-10-12 11:00:00,451,288,26
2024-10-12 12:00:00,620,316,24
2024-10-12 13:00:00,515,282,29
2024-10-12 14:00:00,449,303,34
2024-10-12 15:00:00,519,261,46
2024-10-12 16:00:00,564,357,29
2024-10-12 17:00:00,550,319,30
2024-10-12 18:00:00,435,386,54
2024-10-12 19:00:00,395,292,27
2024-10-12 20:00:00,331,279,23
2024-10-12 21:00:00,429,301,17
2024-10-12 22:00:00,231,294,26
2024-10-12 23:00:00,181,275,5
2024-10-13 00:00:00,94,228,1
2024-10-13 01:00:00,117,188,1
2024-10-13 02:00:00,53,137,0
2024-10-13 03:00:00,31,81,1
2024-10-13 04:00:00,10,55,2
2024-10-13 05:00:00,13,57,5
2024-10-13 06:00:00,38,58,9
2024-10-13 07:00:00,48,71,11
2024-10-13 08:00:00,137,134,11
2024-10-13 09:00:00,223,209,23
2024-10-13 10:00:00,283,197,11
2024-10-13 11:00:00,340,245,22
2024-10-13 12:00:00,305,219,24
2024-10-13 13:00:00,336,222,27
2024-10-13 14:00:00,297,229,45
2024-10-13 15:00:00,354,219,30
2024-10-13 16:00:00,300,252,23
2024-10-13 17:00:00,318,244,40
2024-10-13 18:00:00,293,228,39
2024-10-13 19:00:00,158,173,33
2024-10-13 20:00:00,163,149,17
2024-10-13 21:00:00,98,134,18
2024-10-13 22:00:00,32,85,12
2024-10-13 23:00:00,14,59,4
2024-10-14 00:00:00,1,58,0
2024-10-14 01:00:00,0,43,1
2024-10-14 02:00:00,0,23,0
2024-10-14 03:00:00,0,32,1
2024-10-14 04:00:00,2,40,3
2024-10-14 05:00:00,7,113,21
2024-10-14 06:00:00,168,241,60
2024-10-14 07:00:00,583,264,131
2024-10-14 08:00:00,401,271,59
2024-10-14 09:00:00,307,171,39
2024-10-14 10:00:00,302,190,23
2024-10-14 11:00:00,548,162,33
2024-10-14 12:00:00,512,146,19
2024-10-14 13:00:00,299,185,32
2024-10-14 14:00:00,320,182,23
2024-10-14 15:00:00,459,210,62
2024-10-14 16:00:00,739,196,124
2024-10-14 17:00:00,448,252,94
2024-10-14 18:00:00,236,232,49
2024-10-14 19:00:00,182,141,31
2024-10-14 20:00:00,170,144,24
2024-10-14 21:00:00,127,129,9
2024-10-14 22:00:00,56,87,5
2024-10-14 23:00:00,37,63,6
2024-10-15 00:00:00,10,37,2
2024-10-15 01:00:00,6,38,1
2024-10-15 02:00:00,2,35,0
2024-10-15 03:00:00,7,19,1
2024-10-15 04:00:00,11,47,5
2024-10-15 05:00:00,42,116,26
2024-10-15 06:00:00,229,245,70
2024-10-15 07:00:00,722,253,145
2024-10-15 08:00:00,484,288,96
2024-10-15 09:00:00,317,179,42
2024-10-15 10:00:00,314,181,35
2024-10-15 11:00:00,587,177,45
2024-10-15 12:00:00,605,179,32
2024-10-15 13:00:00,371,175,41
2024-10-15 14:00:00,389,231,36
2024-10-15 15:00:00,631,211,72
2024-10-15 16:00:00,845,251,171
2024-10-15 17:00:00,492,334,116
2024-10-15 18:00:00,340,302,74
2024-10-15 19:00:00,154,220,31
2024-10-15 20:00:00,111,176,26
2024-10-15 21:00:00,74,184,11
2024-10-15 22:00:00,69,113,7
2024-10-15 23:00:00,29,68,5
2024-10-16 00:00:00,11,66,1
2024-10-16 01:00:00,5,34,2
2024-10-16 02:00:00,8,31,2
2024-10-16 03:00:00,1,22,1
2024-10-16 04:00:00,6,45,2
2024-10-16 05:00:00,25,113,19
2024-10-16 06:00:00,221,237,60
2024-10-16 07:00:00,652,259,100
2024-10-16 08:00:00,423,260,64
2024-10-16 09:00:00,250,210,28
2024-10-16 10:00:00,171,208,16
2024-10-16 11:00:00,502,199,30
2024-10-16 12:00:00,504,189,20
2024-10-16 13:00:00,298,214,35
2024-10-16 14:00:00,328,226,29
2024-10-16 15:00:00,501,207,57
2024-10-16 16:00:00,753,275,144
2024-10-16 17:00:00,339,318,83
2024-10-16 18:00:00,191,312,63
2024-10-16 19:00:00,158,210,36
2024-10-16 20:00:00,196,176,13
2024-10-16 21:00:00,184,179,13
2024-10-16 22:00:00,57,129,11
2024-10-16 23:00:00,46,87,9
2024-10-17 00:00:00,21,56,2
2024-10-17 01:00:00,5,50,1
2024-10-17 02:00:00,6,24,1
2024-10-17 03:00:00,8,39,3
2024-10-17 04:00:00,13,40,6
2024-10-17 05:00:00,32,104,16
2024-10-17 06:00:00,193,228,63
2024-10-17 07:00:00,723,274,122
2024-10-17 08:00:00,414,315,75
2024-10-17 09:00:00,350,176,36
2024-10-17 10:00:00,322,177,36
2024-10-17 11:00:00,644,184,42
2024-10-17 12:00:00,687,189,34
2024-10-17 13:00:00,379,216,16
2024-10-17 14:00:00,407,218,56
2024-10-17 15:00:00,611,232,83
2024-10-17 16:00:00,855,242,166
2024-10-17 17:00:00,565,286,93
2024-10-17 18:00:00,387,281,53
2024-10-17 19:00:00,250,208,50
2024-10-17 20:00:00,228,231,41
2024-10-17 21:00:00,188,206,23
2024-10-17 22:00:00,128,138,8
2024-10-17 23:00:00,39,111,3
2024-10-18 00:00:00,43,89,2
2024-10-18 01:00:00,30,55,1
2024-10-18 02:00:00,24,47,1
2024-10-18 03:00:00,12,26,0
2024-10-18 04:00:00,12,44,8
2024-10-18 05:00:00,35,94,21
2024-10-18 06:00:00,164,212,56
2024-10-18 07:00:00,342,249,48
2024-10-18 08:00:00,358,245,47
2024-10-18 09:00:00,326,204,36
2024-10-18 10:00:00,353,212,38
2024-10-18 11:00:00,580,223,46
2024-10-18 12:00:00,681,212,51
2024-10-18 13:00:00,457,256,33
2024-10-18 14:00:00,455,269,48
2024-10-18 15:00:00,701,292,48
2024-10-18 16:00:00,786,326,89
2024-10-18 17:00:00,323,430,67
2024-10-18 18:00:00,329,402,46
2024-10-18 19:00:00,281,258,37
2024-10-18 20:00:00,239,239,44
2024-10-18 21:00:00,322,262,30
2024-10-18 22:00:00,180,230,20
2024-10-18 23:00:00,113,211,4
2024-10-19 00:00:00,17,171,0
2024-10-19 01:00:00,21,146,1
2024-10-19 02:00:00,12,101,1
2024-10-19 03:00:00,4,65,0
2024-10-19 04:00:00,23,43,2
2024-10-19 05:00:00,17,38,10
2024-10-19 06:00:00,44,80,17
2024-10-19 07:00:00,95,138,15
2024-10-19 08:00:00,191,199,14
2024-10-19 09:00:00,333,225,31
2024-10-19 10:00:00,490,289,27
2024-10-19 11:00:00,617,329,34
2024-10-19 12:00:00,558,330,42
2024-10-19 13:00:00,602,312,33
2024-10-19 14:00:00,518,279,40
2024-10-19 15:00:00,575,261,28
2024-10-19 16:00:00,540,297,35
2024-10-19 17:00:00,474,311,31
2024-10-19 18:00:00,520,376,42
2024-10-19 19:00:00,386,326,43
2024-10-19 20:00:00,339,274,24
2024-10-19 21:00:00,529,278,24
2024-10-19 22:00:00,238,276,12
2024-10-19 23:00:00,133,295,11
2024-10-20 00:00:00,104,216,2
2024-10-20 01:00:00,82,174,1
2024-10-20 02:00:00,84,139,3
2024-10-20 03:00:00,17,97,2
2024-10-20 04:00:00,9,55,1
2024-10-20 05:00:00,7,46,4
2024-10-20 06:00:00,21,37,7
2024-10-20 07:00:00,47,93,7
2024-10-20 08:00:00,126,150,8
2024-10-20 09:00:00,225,195,6
2024-10-20 10:00:00,247,215,12
2024-10-20 11:00:00,265,258,11
2024-10-20 12:00:00,284,274,31
2024-10-20 13:00:00,339,258,23
2024-10-20 14:00:00,349,243,32
2024-10-20 15:00:00,295,222,37
2024-10-20 16:00:00,368,189,34
2024-10-20 17:00:00,333,221,36
2024-10-20 18:00:00,206,199,41
2024-10-20 19:00:00,170,168,31
2024-10-20 20:00:00,183,156,23
2024-10-20 21:00:00,169,121,8
2024-10-20 22:00:00,41,92,9
2024-10-20 23:00:00,24,62,2
2024-10-21 00:00:00,11,50,0
2024-10-21 01:00:00,13,33,3
2024-10-21 02:00:00,4,19,1
2024-10-21 03:00:00,7,27,2
2024-10-21 04:00:00,14,49,5
2024-10-21 05:00:00,30,120,23
2024-10-21 06:00:00,192,243,67
2024-10-21 07:00:00,588,257,120
2024-10-21 08:00:00,401,219,58
2024-10-21 09:00:00,239,177,30
2024-10-21 10:00:00,298,178,31
2024-10-21 11:00:00,547,218,39
2024-10-21 12:00:00,576,148,34
2024-10-21 13:00:00,332,199,31
2024-10-21 14:00:00,475,211,49
2024-10-21 15:00:00,458,205,54
2024-10-21 16:00:00,661,184,147
2024-10-21 17:00:00,463,223,86
2024-10-21 18:00:00,256,229,54
2024-10-21 19:00:00,358,194,29
2024-10-21 20:00:00,160,140,24
2024-10-21 21:00:00,174,123,18
2024-10-21 22:00:00,55,77,3
2024-10-21 23:00:00,26,57,0
2024-10-22 00:00:00,28,47,0
2024-10-22 01:00:00,11,29,0
2024-10-22 02:00:00,6,28,3
2024-10-22 03:00:00,10,26,0
2024-10-22 04:00:00,10,48,8
2024-10-22 05:00:00,44,100,23
2024-10-22 06:00:00,242,270,81
2024-10-22 07:00:00,681,274,128
2024-10-22 08:00:00,536,260,85
2024-10-22 09:00:00,302,202,31
2024-10-22 10:00:00,328,173,24
2024-10-22 11:00:00,699,179,42
2024-10-22 12:00:00,703,175,25
2024-10-22 13:00:00,375,179,38
2024-10-22 14:00:00,407,202,39
2024-10-22 15:00:00,541,232,80
2024-10-22 16:00:00,733,232,180
2024-10-22 17:00:00,551,247,104
2024-10-22 18:00:00,395,258,68
2024-10-22 19:00:00,265,178,43
2024-10-22 20:00:00,165,174,27
2024-10-22 21:00:00,273,137,18
2024-10-22 22:00:00,136,112,19
2024-10-22 23:00:00,47,89,2
2024-10-23 00:00:00,20,55,1
2024-10-23 01:00:00,13,24,1
2024-10-23 02:00:00,11,26,1
2024-10-23 03:00:00,5,20,4
2024-10-23 04:00:00,12,56,8
2024-10-23 05:00:00,32,121,16
2024-10-23 06:00:00,245,262,64
2024-10-23 07:00:00,671,265,125
2024-10-23 08:00:00,485,310,79
2024-10-23 09:00:00,291,208,35
2024-10-23 10:00:00,294,150,19
2024-10-23 11:00:00,684,193,49
2024-10-23 12:00:00,634,170,31
2024-10-23 13:00:00,383,205,27
2024-10-23 14:00:00,390,206,51
2024-10-23 15:00:00,535,220,63
2024-10-23 16:00:00,767,288,154
2024-10-23 17:00:00,506,259,114
2024-10-23 18:00:00,330,255,65
2024-10-23 19:00:00,263,217,44
2024-10-23 20:00:00,186,211,26
2024-10-23 21:00:00,242,169,20
2024-10-23 22:00:00,110,112,10
2024-10-23 23:00:00,46,91,2
2024-10-24 00:00:00,9,60,2
2024-10-24 01:00:00,8,41,0
2024-10-24 02:00:00,5,33,2
2024-10-24 03:00:00,7,35,1
2024-10-24 04:00:00,15,39,4
2024-10-24 05:00:00,41,102,22
2024-10-24 06:00:00,234,240,76
2024-10-24 07:00:00,653,280,125
2024-10-24 08:00:00,454,259,72
2024-10-24 09:00:00,280,196,26
2024-10-24 10:00:00,346,160,28
2024-10-24 11:00:00,747,199,53
2024-10-24 12:00:00,549,179,35
2024-10-24 13:00:00,379,212,32
2024-10-24 14:00:00,397,218,40
2024-10-24 15:00:00,583,254,72
2024-10-24 16:00:00,867,280,155
2024-10-24 17:00:00,546,286,119
2024-10-24 18:00:00,409,287,71
2024-10-24 19:00:00,282,223,66
2024-10-24 20:00:00,249,193,31
2024-10-24 21:00:00,403,196,17
2024-10-24 22:00:00,101,157,11
2024-10-24 23:00:00,41,109,1
2024-10-25 00:00:00,28,95,1
2024-10-25 01:00:00,11,43,1
2024-10-25 02:00:00,9,19,0
2024-10-25 03:00:00,12,40,2
2024-10-25 04:00:00,16,47,6
2024-10-25 05:00:00,28,94,21
2024-10-25 06:00:00,157,208,59
2024-10-25 07:00:00,451,247,92
2024-10-25 08:00:00,263,221,41
2024-10-25 09:00:00,272,215,23
2024-10-25 10:00:00,270,215,30
2024-10-25 11:00:00,566,233,39
2024-10-25 12:00:00,526,249,31
2024-10-25 13:00:00,458,294,32
2024-10-25 14:00:00,409,277,40
2024-10-25 15:00:00,627,327,57
2024-10-25 16:00:00,674,329,90
2024-10-25 17:00:00,566,448,92
2024-10-25 18:00:00,472,449,57
2024-10-25 19:00:00,306,347,44
2024-10-25 20:00:00,315,321,41
2024-10-25 21:00:00,499,301,28
2024-10-25 22:00:00,337,277,15
2024-10-25 23:00:00,135,240,7
2024-10-26 00:00:00,116,170,3
2024-10-26 01:00:00,105,135,4
2024-10-26 02:00:00,114,121,2
2024-10-26 03:00:00,98,92,0
2024-10-26 04:00:00,33,87,4
2024-10-26 05:00:00,25,46,9
2024-10-26 06:00:00,43,94,14
2024-10-26 07:00:00,141,112,20
2024-10-26 08:00:00,346,190,23
2024-10-26 09:00:00,396,373,67
2024-10-26 10:00:00,514,395,37
2024-10-26 11:00:00,639,347,29
2024-10-26 12:00:00,695,318,35
2024-10-26 13:00:00,682,317,31
2024-10-26 14:00:00,834,261,32
2024-10-26 15:00:00,764,319,28
2024-10-26 16:00:00,697,324,30
2024-10-26 17:00:00,569,317,48
2024-10-26 18:00:00,522,353,41
2024-10-26 19:00:00,407,333,34
2024-10-26 20:00:00,366,309,31
2024-10-26 21:00:00,420,315,30
2024-10-26 22:00:00,404,327,14
2024-10-26 23:00:00,214,265,6
2024-10-27 00:00:00,128,262,7
2024-10-27 01:00:00,93,186,3
2024-10-27 02:00:00,95,161,5
2024-10-27 03:00:00,93,152,2
2024-10-27 04:00:00,69,108,2
2024-10-27 05:00:00,17,53,2
2024-10-27 06:00:00,25,61,2
2024-10-27 07:00:00,40,57,9
2024-10-27 08:00:00,44,75,16
2024-10-27 09:00:00,167,169,18
2024-10-27 10:00:00,250,234,21
2024-10-27 11:00:00,317,255,15
2024-10-27 12:00:00,388,225,28
2024-10-27 13:00:00,399,250,21
2024-10-27 14:00:00,318,211,34
2024-10-27 15:00:00,366,267,21
2024-10-27 16:00:00,393,232,32
2024-10-27 17:00:00,379,257,33
2024-10-27 18:00:00,302,261,40
2024-10-27 19:00:00,287,287,36
2024-10-27 20:00:00,187,202,27
2024-10-27 21:00:00,128,185,16
2024-10-27 22:00:00,131,120,11
2024-10-27 23:00:00,110,143,12
2024-10-28 00:00:00,32,61,4
2024-10-28 01:00:00,6,62,2
2024-10-28 02:00:00,11,47,0
2024-10-28 03:00:00,2,25,1
2024-10-28 04:00:00,3,33,4
2024-10-28 05:00:00,6,45,5
2024-10-28 06:00:00,45,112,15
2024-10-28 07:00:00,211,214,57
2024-10-28 08:00:00,627,241,117
2024-10-28 09:00:00,393,195,46
2024-10-28 10:00:00,510,163,21
2024-10-28 11:00:00,422,170,27
2024-10-28 12:00:00,616,195,28
2024-10-28 13:00:00,515,194,20
2024-10-28 14:00:00,306,193,20
2024-10-28 15:00:00,316,233,36
2024-10-28 16:00:00,506,255,50
2024-10-28 17:00:00,611,245,141
2024-10-28 18:00:00,404,285,97
2024-10-28 19:00:00,275,242,32
2024-10-28 20:00:00,191,198,36
2024-10-28 21:00:00,125,154,18
2024-10-28 22:00:00,192,127,17
2024-10-28 23:00:00,80,103,10
2024-10-29 00:00:00,34,67,3
2024-10-29 01:00:00,21,59,3
2024-10-29 02:00:00,3,46,3
2024-10-29 03:00:00,9,30,2
2024-10-29 04:00:00,1,24,2
2024-10-29 05:00:00,14,31,2
2024-10-29 06:00:00,50,99,21
2024-10-29 07:00:00,223,231,75
2024-10-29 08:00:00,658,240,127
2024-10-29 09:00:00,410,229,92
2024-10-29 10:00:00,340,174,38
2024-10-29 11:00:00,366,191,30
2024-10-29 12:00:00,611,180,30
2024-10-29 13:00:00,666,232,35
2024-10-29 14:00:00,359,197,39
2024-10-29 15:00:00,395,209,31
2024-10-29 16:00:00,588,229,59
2024-10-29 17:00:00,791,248,179
2024-10-29 18:00:00,507,258,110
2024-10-29 19:00:00,310,213,67
2024-10-29 20:00:00,203,179,32
2024-10-29 21:00:00,147,162,26
2024-10-29 22:00:00,149,136,14
2024-10-29 23:00:00,95,118,16
2024-10-30 00:00:00,56,86,2
2024-10-30 01:00:00,18,47,0
2024-10-30 02:00:00,18,47,1
2024-10-30 03:00:00,15,31,1
2024-10-30 04:00:00,12,30,2
2024-10-30 05:00:00,11,49,5
2024-10-30 06:00:00,52,95,22
2024-10-30 07:00:00,252,216,72
2024-10-30 08:00:00,602,260,120
2024-10-30 09:00:00,364,198,79
2024-10-30 10:00:00,322,197,30
2024-10-30 11:00:00,344,197,20
2024-10-30 12:00:00,694,180,25
2024-10-30 13:00:00,563,181,37
2024-10-30 14:00:00,414,160,21
2024-10-30 15:00:00,452,201,28
2024-10-30 16:00:00,633,241,68
2024-10-30 17:00:00,714,281,165
2024-10-30 18:00:00,439,274,94
2024-10-30 19:00:00,347,248,57
2024-10-30 20:00:00,235,173,35
2024-10-30 21:00:00,218,173,28
2024-10-30 22:00:00,250,178,18
2024-10-30 23:00:00,149,126,12
2024-10-31 00:00:00,111,81,4
2024-10-31 01:00:00,46,79,2
2024-10-31 02:00:00,29,51,1
2024-10-31 03:00:00,21,36,1
2024-10-31 04:00:00,11,33,4
2024-10-31 05:00:00,11,35,7
2024-10-31 06:00:00,44,99,18
2024-10-31 07:00:00,205,213,57
2024-10-31 08:00:00,456,202,89
2024-10-31 09:00:00,387,196,68
2024-10-31 10:00:00,335,176,37
2024-10-31 11:00:00,315,169,32
2024-10-31 12:00:00,645,194,52
2024-10-31 13:00:00,629,176,33
2024-10-31 14:00:00,390,177,35
2024-10-31 15:00:00,419,197,38
2024-10-31 16:00:00,589,228,49
2024-10-31 17:00:00,790,252,154
2024-10-31 18:00:00,504,321,103
2024-10-31 19:00:00,373,313,82
2024-10-31 20:00:00,267,279,45
2024-10-31 21:00:00,357,228,19
2024-10-31 22:00:00,335,264,22
2024-10-31 23:00:00,477,253,19
2024-11-01 00:00:00,289,197,5
2024-11-01 01:00:00,201,147,5
2024-11-01 02:00:00,231,138,1
2024-11-01 03:00:00,217,125,4
2024-11-01 04:00:00,86,87,1
2024-11-01 05:00:00,36,79,9
2024-11-01 06:00:00,41,87,22
2024-11-01 07:00:00,201,163,45
2024-11-01 08:00:00,437,197,75
2024-11-01 09:00:00,313,166,53
2024-11-01 10:00:00,291,169,27
2024-11-01 11:00:00,393,198,18
2024-11-01 12:00:00,627,186,41
2024-11-01 13:00:00,583,207,40
2024-11-01 14:00:00,478,232,25
2024-11-01 15:00:00,422,252,44
2024-11-01 16:00:00,629,272,68
2024-11-01 17:00:00,662,377,100
2024-11-01 18:00:00,563,345,80
2024-11-01 19:00:00,386,355,66
2024-11-01 20:00:00,353,271,51
2024-11-01 21:00:00,262,254,25
2024-11-01 22:00:00,412,277,29
2024-11-01 23:00:00,321,252,15
2024-11-02 00:00:00,215,223,8
2024-11-02 01:00:00,138,192,4
2024-11-02 02:00:00,124,148,3
2024-11-02 03:00:00,79,148,4
2024-11-02 04:00:00,78,127,2
2024-11-02 05:00:00,21,78,1
2024-11-02 06:00:00,30,63,6
2024-11-02 07:00:00,42,73,11
2024-11-02 08:00:00,79,109,14
2024-11-02 09:00:00,213,143,23
2024-11-02 10:00:00,360,248,20
2024-11-02 11:00:00,441,284,36
2024-11-02 12:00:00,616,230,43
2024-11-02 13:00:00,531,287,29
2024-11-02 14:00:00,650,256,37
2024-11-02 15:00:00,483,247,30
2024-11-02 16:00:00,518,276,25
2024-11-02 17:00:00,517,355,45
2024-11-02 18:00:00,460,351,65
2024-11-02 19:00:00,410,305,54
2024-11-02 20:00:00,314,316,48
2024-11-02 21:00:00,352,285,24
2024-11-02 22:00:00,446,318,25
2024-11-02 23:00:00,294,294,24
2024-11-03 00:00:00,201,274,5
2024-11-03 01:00:00,139,219,2
2024-11-03 02:00:00,119,214,4
2024-11-03 03:00:00,111,154,3
2024-11-03 04:00:00,79,119,3
2024-11-03 05:00:00,17,65,3
2024-11-03 06:00:00,11,47,6
2024-11-03 07:00:00,34,42,4
2024-11-03 08:00:00,46,32,20
2024-11-03 09:00:00,161,104,10
2024-11-03 10:00:00,186,160,20
2024-11-03 11:00:00,325,223,21
2024-11-03 12:00:00,342,226,24
2024-11-03 13:00:00,316,273,22
2024-11-03 14:00:00,319,246,26
2024-11-03 15:00:00,263,251,15
2024-11-03 16:00:00,245,210,29
2024-11-03 17:00:00,325,332,48
2024-11-03 18:00:00,268,310,28
2024-11-03 19:00:00,232,256,39
2024-11-03 20:00:00,158,160,27
2024-11-03 21:00:00,133,137,15
2024-11-03 22:00:00,132,132,14
2024-11-03 23:00:00,69,139,9
2024-11-04 00:00:00,34,72,6
2024-11-04 01:00:00,24,39,3
2024-11-04 02:00:00,9,42,0
2024-11-04 03:00:00,6,21,0
2024-11-04 04:00:00,8,28,2
2024-11-04 05:00:00,10,41,10
2024-11-04 06:00:00,42,90,10
2024-11-04 07:00:00,202,221,68
2024-11-04 08:00:00,606,251,123
2024-11-04 09:00:00,349,227,69
2024-11-04 10:00:00,282,174,24
2024-11-04 11:00:00,326,162,24
2024-11-04 12:00:00,591,158,42
2024-11-04 13:00:00,494,165,35
2024-11-04 14:00:00,352,165,30
2024-11-04 15:00:00,324,201,40
2024-11-04 16:00:00,514,222,65
2024-11-04 17:00:00,678,243,165
2024-11-04 18:00:00,368,236,104
2024-11-04 19:00:00,260,212,56
2024-11-04 20:00:00,143,189,29
2024-11-04 21:00:00,133,142,30
2024-11-04 22:00:00,113,109,12
2024-11-04 23:00:00,88,87,11
2024-11-05 00:00:00,21,58,1
2024-11-05 01:00:00,10,57,3
2024-11-05 02:00:00,6,28,0
2024-11-05 03:00:00,4,33,1
2024-11-05 04:00:00,15,28,1
2024-11-05 05:00:00,9,38,8
2024-11-05 06:00:00,63,118,22
2024-11-05 07:00:00,249,225,67
2024-11-05 08:00:00,672,217,145
2024-11-05 09:00:00,461,248,94
2024-11-05 10:00:00,302,170,40
2024-11-05 11:00:00,325,169,16
2024-11-05 12:00:00,667,191,45
2024-11-05 13:00:00,633,185,32
2024-11-05 14:00:00,331,170,29
2024-11-05 15:00:00,395,218,36
2024-11-05 16:00:00,555,226,97
2024-11-05 17:00:00,782,263,192
2024-11-05 18:00:00,424,312,111
2024-11-05 19:00:00,312,331,67
2024-11-05 20:00:00,185,195,33
2024-11-05 21:00:00,182,192,29
2024-11-05 22:00:00,186,152,22
2024-11-05 23:00:00,73,107,13
2024-11-06 00:00:00,58,92,4
2024-11-06 01:00:00,20,57,1
2024-11-06 02:00:00,4,36,1
2024-11-06 03:00:00,3,16,1
2024-11-06 04:00:00,2,28,0
2024-11-06 05:00:00,9,43,3
2024-11-06 06:00:00,54,126,23
2024-11-06 07:00:00,249,239,71
2024-11-06 08:00:00,715,249,142
2024-11-06 09:00:00,484,249,97
2024-11-06 10:00:00,331,204,37
2024-11-06 11:00:00,405,180,29
2024-11-06 12:00:00,671,173,48
2024-11-06 13:00:00,643,149,36
2024-11-06 14:00:00,406,189,35
2024-11-06 15:00:00,406,231,41
2024-11-06 16:00:00,648,253,89
2024-11-06 17:00:00,928,307,202
2024-11-06 18:00:00,542,328,123
2024-11-06 19:00:00,417,299,65
2024-11-06 20:00:00,237,179,57
2024-11-06 21:00:00,233,204,28
2024-11-06 22:00:00,285,190,19
2024-11-06 23:00:00,152,143,18
2024-11-07 00:00:00,43,84,4
2024-11-07 01:00:00,35,77,0
2024-11-07 02:00:00,9,40,0
2024-11-07 03:00:00,18,27,3
2024-11-07 04:00:00,4,31,3
2024-11-07 05:00:00,6,50,3
2024-11-07 06:00:00,42,104,22
2024-11-07 07:00:00,254,226,63
2024-11-07 08:00:00,658,257,129
2024-11-07 09:00:00,505,279,65
2024-11-07 10:00:00,353,214,36
2024-11-07 11:00:00,323,191,35
2024-11-07 12:00:00,664,181,55
2024-11-07 13:00:00,627,200,34
2024-11-07 14:00:00,377,212,41
2024-11-07 15:00:00,442,239,47
2024-11-07 16:00:00,663,231,77
2024-11-07 17:00:00,856,296,207
2024-11-07 18:00:00,537,308,129
2024-11-07 19:00:00,340,295,94
2024-11-07 20:00:00,236,237,47
2024-11-07 21:00:00,215,217,32
2024-11-07 22:00:00,291,199,15
2024-11-07 23:00:00,117,128,10
2024-11-08 00:00:00,50,118,2
2024-11-08 01:00:00,20,90,5
2024-11-08 02:00:00,29,53,2
2024-11-08 03:00:00,5,45,0
2024-11-08 04:00:00,8,34,0
2024-11-08 05:00:00,1,40,6
2024-11-08 06:00:00,33,108,19
2024-11-08 07:00:00,171,205,43
2024-11-08 08:00:00,515,189,73
2024-11-08 09:00:00,383,238,56
2024-11-08 10:00:00,284,199,28
2024-11-08 11:00:00,377,197,36
2024-11-08 12:00:00,611,188,32
2024-11-08 13:00:00,597,225,53
2024-11-08 14:00:00,436,238,32
2024-11-08 15:00:00,455,247,27
2024-11-08 16:00:00,629,270,78
2024-11-08 17:00:00,713,383,125
2024-11-08 18:00:00,539,386,98
2024-11-08 19:00:00,464,377,68
2024-11-08 20:00:00,280,262,52
2024-11-08 21:00:00,225,276,43
2024-11-08 22:00:00,415,253,31
2024-11-08 23:00:00,382,277,17
2024-11-09 00:00:00,165,211,9
2024-11-09 01:00:00,128,207,1
2024-11-09 02:00:00,178,159,1
2024-11-09 03:00:00,109,150,2
2024-11-09 04:00:00,38,78,0
2024-11-09 05:00:00,18,65,4
2024-11-09 06:00:00,17,57,12
2024-11-09 07:00:00,45,106,10
2024-11-09 08:00:00,106,101,20
2024-11-09 09:00:00,197,159,35
2024-11-09 10:00:00,390,214,22
2024-11-09 11:00:00,506,247,49
2024-11-09 12:00:00,562,325,25
2024-11-09 13:00:00,548,316,22
2024-11-09 14:00:00,533,291,24
2024-11-09 15:00:00,545,256,26
2024-11-09 16:00:00,512,268,44
2024-11-09 17:00:00,625,344,43
2024-11-09 18:00:00,522,359,41
2024-11-09 19:00:00,467,349,38
2024-11-09 20:00:00,345,260,29
2024-11-09 21:00:00,351,276,28
2024-11-09 22:00:00,379,268,19
2024-11-09 23:00:00,225,280,18
2024-11-10 00:00:00,115,265,4
2024-11-10 01:00:00,100,245,0
2024-11-10 02:00:00,52,186,3
2024-11-10 03:00:00,47,147,1
2024-11-10 04:00:00,19,122,1
2024-11-10 05:00:00,11,55,4
2024-11-10 06:00:00,9,51,4
2024-11-10 07:00:00,42,52,6
2024-11-10 08:00:00,72,62,14
2024-11-10 09:00:00,203,153,24
2024-11-10 10:00:00,341,212,24
2024-11-10 11:00:00,365,193,16
2024-11-10 12:00:00,411,192,33
2024-11-10 13:00:00,347,268,44
2024-11-10 14:00:00,362,216,31
2024-11-10 15:00:00,362,199,39
2024-11-10 16:00:00,360,215,31
2024-11-10 17:00:00,320,266,31
2024-11-10 18:00:00,245,222,48
2024-11-10 19:00:00,239,217,38
2024-11-10 20:00:00,180,223,32
2024-11-10 21:00:00,112,158,25
2024-11-10 22:00:00,123,151,15
2024-11-10 23:00:00,79,93,9
2024-11-11 00:00:00,41,61,5
2024-11-11 01:00:00,19,54,3
2024-11-11 02:00:00,4,30,3
2024-11-11 03:00:00,6,23,1
2024-11-11 04:00:00,6,20,2
2024-11-11 05:00:00,11,42,6
2024-11-11 06:00:00,50,108,20
2024-11-11 07:00:00,187,231,55
2024-11-11 08:00:00,646,242,134
2024-11-11 09:00:00,408,226,88
2024-11-11 10:00:00,306,174,32
2024-11-11 11:00:00,322,181,21
2024-11-11 12:00:00,563,144,28
2024-11-11 13:00:00,528,170,32
2024-11-11 14:00:00,324,207,24
2024-11-11 15:00:00,339,210,47
2024-11-11 16:00:00,495,221,63
2024-11-11 17:00:00,710,246,192
2024-11-11 18:00:00,505,266,99
2024-11-11 19:00:00,288,229,55
2024-11-11 20:00:00,192,177,37
2024-11-11 21:00:00,145,164,25
2024-11-11 22:00:00,235,150,12
2024-11-11 23:00:00,92,82,6
2024-11-12 00:00:00,31,79,4
2024-11-12 01:00:00,12,31,0
2024-11-12 02:00:00,8,35,1
2024-11-12 03:00:00,5,34,0
2024-11-12 04:00:00,2,33,3
2024-11-12 05:00:00,13,43,7
2024-11-12 06:00:00,54,118,27
2024-11-12 07:00:00,237,245,76
2024-11-12 08:00:00,742,243,148
2024-11-12 09:00:00,433,243,98
2024-11-12 10:00:00,285,197,38
2024-11-12 11:00:00,307,177,39
2024-11-12 12:00:00,599,153,40
2024-11-12 13:00:00,581,175,40
2024-11-12 14:00:00,380,204,35
2024-11-12 15:00:00,430,205,48
2024-11-12 16:00:00,633,222,89
2024-11-12 17:00:00,740,252,209
2024-11-12 18:00:00,498,284,107
2024-11-12 19:00:00,327,292,77
2024-11-12 20:00:00,247,180,34
2024-11-12 21:00:00,157,202,27
2024-11-12 22:00:00,301,162,26
2024-11-12 23:00:00,77,123,9
2024-11-13 00:00:00,41,81,6
2024-11-13 01:00:00,20,56,2
2024-11-13 02:00:00,17,36,1
2024-11-13 03:00:00,6,26,1
2024-11-13 04:00:00,6,32,6
2024-11-13 05:00:00,13,44,10
2024-11-13 06:00:00,54,110,29
2024-11-13 07:00:00,250,266,70
2024-11-13 08:00:00,661,239,147
2024-11-13 09:00:00,448,262,97
2024-11-13 10:00:00,357,200,37
2024-11-13 11:00:00,363,170,26
2024-11-13 12:00:00,761,154,45
2024-11-13 13:00:00,640,181,42
2024-11-13 14:00:00,377,212,39
2024-11-13 15:00:00,408,234,50
2024-11-13 16:00:00,610,203,95
2024-11-13 17:00:00,836,284,201
2024-11-13 18:00:00,560,333,110
2024-11-13 19:00:00,391,312,87
2024-11-13 20:00:00,225,197,54
2024-11-13 21:00:00,188,180,24
2024-11-13 22:00:00,268,186,19
2024-11-13 23:00:00,84,129,13
2024-11-14 00:00:00,55,86,4
2024-11-14 01:00:00,12,73,1
2024-11-14 02:00:00,11,51,1
2024-11-14 03:00:00,4,43,0
2024-11-14 04:00:00,4,31,4
2024-11-14 05:00:00,6,43,3
2024-11-14 06:00:00,32,104,25
2024-11-14 07:00:00,266,250,72
2024-11-14 08:00:00,651,252,121
2024-11-14 09:00:00,476,270,92
2024-11-14 10:00:00,379,187,42
2024-11-14 11:00:00,316,177,33
2024-11-14 12:00:00,746,206,44
2024-11-14 13:00:00,669,195,51
2024-11-14 14:00:00,402,212,34
2024-11-14 15:00:00,450,231,49
2024-11-14 16:00:00,670,242,94
2024-11-14 17:00:00,806,309,162
2024-11-14 18:00:00,599,334,126
2024-11-14 19:00:00,467,296,84
2024-11-14 20:00:00,273,215,49
2024-11-14 21:00:00,216,215,36
2024-11-14 22:00:00,297,198,27
2024-11-14 23:00:00,122,151,11
2024-11-15 00:00:00,57,133,6
2024-11-15 01:00:00,27,88,3
2024-11-15 02:00:00,15,61,1
2024-11-15 03:00:00,6,34,2
2024-11-15 04:00:00,6,28,2
2024-11-15 05:00:00,14,35,5
2024-11-15 06:00:00,32,107,24
2024-11-15 07:00:00,199,185,51
2024-11-15 08:00:00,502,242,100
2024-11-15 09:00:00,404,229,61
2024-11-15 10:00:00,319,228,30
2024-11-15 11:00:00,326,171,28
2024-11-15 12:00:00,609,207,40
2024-11-15 13:00:00,636,209,38
2024-11-15 14:00:00,481,221,47
2024-11-15 15:00:00,496,275,52
2024-11-15 16:00:00,642,261,75
2024-11-15 17:00:00,761,355,127
2024-11-15 18:00:00,542,446,74
2024-11-15 19:00:00,440,417,54
2024-11-15 20:00:00,232,261,48
2024-11-15 21:00:00,311,259,32
2024-11-15 22:00:00,385,270,23
2024-11-15 23:00:00,238,223,17
2024-11-16 00:00:00,122,228,6
2024-11-16 01:00:00,98,178,3
2024-11-16 02:00:00,29,131,1
2024-11-16 03:00:00,42,80,0
2024-11-16 04:00:00,13,79,2
2024-11-16 05:00:00,4,62,3
2024-11-16 06:00:00,14,52,8
2024-11-16 07:00:00,43,66,13
2024-11-16 08:00:00,91,97,11
2024-11-16 09:00:00,218,181,17
2024-11-16 10:00:00,347,209,33
2024-11-16 11:00:00,559,259,30
2024-11-16 12:00:00,583,291,30
2024-11-16 13:00:00,590,344,32
2024-11-16 14:00:00,534,300,36
2024-11-16 15:00:00,557,294,25
2024-11-16 16:00:00,524,277,32
2024-11-16 17:00:00,568,340,29
2024-11-16 18:00:00,491,384,49
2024-11-16 19:00:00,460,400,49
2024-11-16 20:00:00,388,316,41
2024-11-16 21:00:00,287,246,31
2024-11-16 22:00:00,424,300,30
2024-11-16 23:00:00,255,246,13
2024-11-17 00:00:00,196,274,4
2024-11-17 01:00:00,106,234,4
2024-11-17 02:00:00,80,179,2
2024-11-17 03:00:00,58,169,0
2024-11-17 04:00:00,5,101,4
2024-11-17 05:00:00,1,80,2
2024-11-17 06:00:00,14,41,6
2024-11-17 07:00:00,40,43,6
2024-11-17 08:00:00,55,80,12
2024-11-17 09:00:00,122,147,24
2024-11-17 10:00:00,205,184,18
2024-11-17 11:00:00,322,226,14
2024-11-17 12:00:00,384,232,30
2024-11-17 13:00:00,336,247,25
2024-11-17 14:00:00,304,220,26
2024-11-17 15:00:00,375,227,29
2024-11-17 16:00:00,358,220,31
2024-11-17 17:00:00,359,269,42
2024-11-17 18:00:00,241,217,39
2024-11-17 19:00:00,131,223,30
2024-11-17 20:00:00,133,190,26
2024-11-17 21:00:00,92,146,23
2024-11-17 22:00:00,169,129,16
2024-11-17 23:00:00,62,89,12
2024-11-18 00:00:00,29,72,1
2024-11-18 01:00:00,4,51,1
2024-11-18 02:00:00,7,33,0
2024-11-18 03:00:00,5,21,1
2024-11-18 04:00:00,1,21,3
2024-11-18 05:00:00,10,39,9
2024-11-18 06:00:00,42,109,19
2024-11-18 07:00:00,194,217,57
2024-11-18 08:00:00,562,257,113
2024-11-18 09:00:00,439,228,80
2024-11-18 10:00:00,310,191,30
2024-11-18 11:00:00,357,152,32
2024-11-18 12:00:00,545,195,42
2024-11-18 13:00:00,467,162,36
2024-11-18 14:00:00,292,193,19
2024-11-18 15:00:00,491,218,44
2024-11-18 16:00:00,380,250,58
2024-11-18 17:00:00,435,286,137
2024-11-18 18:00:00,236,296,89
2024-11-18 19:00:00,164,254,39
2024-11-18 20:00:00,84,166,31
2024-11-18 21:00:00,76,181,24
2024-11-18 22:00:00,75,129,10
2024-11-18 23:00:00,42,92,5
2024-11-19 00:00:00,13,65,7
2024-11-19 01:00:00,5,51,1
2024-11-19 02:00:00,12,26,2
2024-11-19 03:00:00,8,24,1
2024-11-19 04:00:00,0,17,1
2024-11-19 05:00:00,11,48,3
2024-11-19 06:00:00,22,118,19
2024-11-19 07:00:00,225,252,68
2024-11-19 08:00:00,681,271,117
2024-11-19 09:00:00,447,304,78
2024-11-19 10:00:00,278,220,21
2024-11-19 11:00:00,269,186,20
2024-11-19 12:00:00,403,168,36
2024-11-19 13:00:00,433,200,29
2024-11-19 14:00:00,313,203,26
2024-11-19 15:00:00,329,239,43
2024-11-19 16:00:00,526,255,58
2024-11-19 17:00:00,726,295,179
2024-11-19 18:00:00,361,322,97
2024-11-19 19:00:00,257,273,57
2024-11-19 20:00:00,194,182,44
2024-11-19 21:00:00,150,160,17
2024-11-19 22:00:00,162,152,17
2024-11-19 23:00:00,73,127,9
2024-11-20 00:00:00,36,60,3
2024-11-20 01:00:00,26,51,0
2024-11-20 02:00:00,5,36,1
2024-11-20 03:00:00,3,27,1
2024-11-20 04:00:00,3,35,1
2024-11-20 05:00:00,10,38,7
2024-11-20 06:00:00,35,104,18
2024-11-20 07:00:00,227,236,54
2024-11-20 08:00:00,695,226,122
2024-11-20 09:00:00,505,255,81
2024-11-20 10:00:00,337,198,30
2024-11-20 11:00:00,347,182,27
2024-11-20 12:00:00,666,172,39
2024-11-20 13:00:00,611,203,40
2024-11-20 14:00:00,386,174,32
2024-11-20 15:00:00,425,213,34
2024-11-20 16:00:00,654,217,72
2024-11-20 17:00:00,890,336,199
2024-11-20 18:00:00,543,310,104
2024-11-20 19:00:00,383,296,65
2024-11-20 20:00:00,321,198,43
2024-11-20 21:00:00,213,199,28
2024-11-20 22:00:00,398,217,30
2024-11-20 23:00:00,182,143,6
2024-11-21 00:00:00,20,99,4
2024-11-21 01:00:00,14,79,1
2024-11-21 02:00:00,9,38,2
2024-11-21 03:00:00,10,40,0
2024-11-21 04:00:00,7,32,2
2024-11-21 05:00:00,9,45,2
2024-11-21 06:00:00,37,113,14
2024-11-21 07:00:00,250,252,59
2024-11-21 08:00:00,642,240,118
2024-11-21 09:00:00,459,251,78
2024-11-21 10:00:00,282,189,39
2024-11-21 11:00:00,340,208,23
2024-11-21 12:00:00,615,185,43
2024-11-21 13:00:00,586,206,28
2024-11-21 14:00:00,377,197,29
2024-11-21 15:00:00,435,232,39
2024-11-21 16:00:00,542,212,57
2024-11-21 17:00:00,815,303,158
2024-11-21 18:00:00,486,316,113
2024-11-21 19:00:00,371,344,79
2024-11-21 20:00:00,240,239,55
2024-11-21 21:00:00,214,197,29
2024-11-21 22:00:00,243,185,18
2024-11-21 23:00:00,149,161,10
2024-11-22 00:00:00,76,123,4
2024-11-22 01:00:00,24,86,2
2024-11-22 02:00:00,13,59,2
2024-11-22 03:00:00,21,36,0
2024-11-22 04:00:00,7,24,0
2024-11-22 05:00:00,13,51,4
2024-11-22 06:00:00,35,94,16
2024-11-22 07:00:00,168,216,44
2024-11-22 08:00:00,498,231,84
2024-11-22 09:00:00,405,235,58
2024-11-22 10:00:00,287,182,36
2024-11-22 11:00:00,327,179,33
2024-11-22 12:00:00,638,183,40
2024-11-22 13:00:00,595,241,36
2024-11-22 14:00:00,452,269,34
2024-11-22 15:00:00,449,271,49
2024-11-22 16:00:00,599,286,54
2024-11-22 17:00:00,765,388,110
2024-11-22 18:00:00,531,397,82
2024-11-22 19:00:00,452,447,55
2024-11-22 20:00:00,330,264,39
2024-11-22 21:00:00,268,263,38
2024-11-22 22:00:00,447,301,15
2024-11-22 23:00:00,212,255,17
2024-11-23 00:00:00,128,184,6
2024-11-23 01:00:00,44,183,3
2024-11-23 02:00:00,13,124,2
2024-11-23 03:00:00,15,127,0
2024-11-23 04:00:00,7,66,0
2024-11-23 05:00:00,8,39,2
2024-11-23 06:00:00,8,55,6
2024-11-23 07:00:00,23,96,8
2024-11-23 08:00:00,82,104,10
2024-11-23 09:00:00,144,185,20
2024-11-23 10:00:00,377,247,26
2024-11-23 11:00:00,299,362,15
2024-11-23 12:00:00,488,428,17
2024-11-23 13:00:00,296,397,16
2024-11-23 14:00:00,321,382,21
2024-11-23 15:00:00,365,303,17
2024-11-23 16:00:00,288,360,24
2024-11-23 17:00:00,212,390,23
2024-11-23 18:00:00,197,397,21
2024-11-23 19:00:00,264,361,21
2024-11-23 20:00:00,234,316,40
2024-11-23 21:00:00,178,259,30
2024-11-23 22:00:00,89,333,25
2024-11-23 23:00:00,29,284,15
2024-11-24 00:00:00,47,256,4
2024-11-24 01:00:00,4,189,3
2024-11-24 02:00:00,3,176,0
2024-11-24 03:00:00,1,165,0
2024-11-24 04:00:00,0,95,1
2024-11-24 05:00:00,0,58,1
2024-11-24 06:00:00,0,47,3
2024-11-24 07:00:00,5,54,5
2024-11-24 08:00:00,31,80,9
2024-11-24 09:00:00,80,134,2
2024-11-24 10:00:00,143,189,11
2024-11-24 11:00:00,131,228,15
2024-11-24 12:00:00,194,255,12
2024-11-24 13:00:00,191,290,13
2024-11-24 14:00:00,158,295,10
2024-11-24 15:00:00,167,378,19
2024-11-24 16:00:00,89,301,15
2024-11-24 17:00:00,46,294,15
2024-11-24 18:00:00,55,289,21
2024-11-24 19:00:00,57,268,12
2024-11-24 20:00:00,64,227,25
2024-11-24 21:00:00,56,154,13
2024-11-24 22:00:00,127,126,14
2024-11-24 23:00:00,38,102,5
2024-11-25 00:00:00,24,75,2
2024-11-25 01:00:00,5,36,1
2024-11-25 02:00:00,1,34,0
2024-11-25 03:00:00,2,26,0
2024-11-25 04:00:00,3,19,3
2024-11-25 05:00:00,7,51,2
2024-11-25 06:00:00,36,128,27
2024-11-25 07:00:00,167,208,54
2024-11-25 08:00:00,609,236,107
2024-11-25 09:00:00,399,256,73
2024-11-25 10:00:00,429,178,26
2024-11-25 11:00:00,268,173,28
2024-11-25 12:00:00,543,176,37
2024-11-25 13:00:00,589,176,35
2024-11-25 14:00:00,292,167,31
2024-11-25 15:00:00,332,231,37
2024-11-25 16:00:00,404,275,71
2024-11-25 17:00:00,546,231,157
2024-11-25 18:00:00,351,240,94
2024-11-25 19:00:00,234,247,53
2024-11-25 20:00:00,159,183,40
2024-11-25 21:00:00,126,169,23
2024-11-25 22:00:00,105,147,15
2024-11-25 23:00:00,56,95,6
2024-11-26 00:00:00,14,73,1
2024-11-26 01:00:00,16,52,2
2024-11-26 02:00:00,8,34,1
2024-11-26 03:00:00,4,37,0
2024-11-26 04:00:00,1,26,1
2024-11-26 05:00:00,11,47,6
2024-11-26 06:00:00,24,128,16
2024-11-26 07:00:00,204,245,75
2024-11-26 08:00:00,686,226,132
2024-11-26 09:00:00,513,262,90
2024-11-26 10:00:00,315,218,37
2024-11-26 11:00:00,312,193,29
2024-11-26 12:00:00,662,151,33
2024-11-26 13:00:00,620,181,40
2024-11-26 14:00:00,382,187,37
2024-11-26 15:00:00,365,226,29
2024-11-26 16:00:00,518,233,75
2024-11-26 17:00:00,754,279,193
2024-11-26 18:00:00,425,291,103
2024-11-26 19:00:00,282,257,69
2024-11-26 20:00:00,193,207,39
2024-11-26 21:00:00,127,199,28
2024-11-26 22:00:00,72,184,19
2024-11-26 23:00:00,23,145,9
2024-11-27 00:00:00,6,67,2
2024-11-27 01:00:00,5,65,0
2024-11-27 02:00:00,2,35,1
2024-11-27 03:00:00,1,28,0
2024-11-27 04:00:00,1,26,1
2024-11-27 05:00:00,8,52,8
2024-11-27 06:00:00,15,137,21
2024-11-27 07:00:00,188,250,50
2024-11-27 08:00:00,605,247,120
2024-11-27 09:00:00,438,282,80
2024-11-27 10:00:00,317,237,38
2024-11-27 11:00:00,272,147,25
2024-11-27 12:00:00,674,185,57
2024-11-27 13:00:00,644,195,34
2024-11-27 14:00:00,342,189,29
2024-11-27 15:00:00,418,241,43
2024-11-27 16:00:00,523,231,91
2024-11-27 17:00:00,739,265,182
2024-11-27 18:00:00,505,319,113
2024-11-27 19:00:00,342,325,64
2024-11-27 20:00:00,221,201,45
2024-11-27 21:00:00,147,165,27
2024-11-27 22:00:00,178,180,17
2024-11-27 23:00:00,81,141,11
2024-11-28 00:00:00,29,107,7
2024-11-28 01:00:00,10,49,2
2024-11-28 02:00:00,5,42,1
2024-11-28 03:00:00,4,49,1
2024-11-28 04:00:00,4,39,1
2024-11-28 05:00:00,11,47,5
2024-11-28 06:00:00,41,110,24
2024-11-28 07:00:00,214,255,52
2024-11-28 08:00:00,652,268,111
2024-11-28 09:00:00,489,295,79
2024-11-28 10:00:00,315,225,33
2024-11-28 11:00:00,388,203,29
2024-11-28 12:00:00,698,245,35
2024-11-28 13:00:00,638,201,43
2024-11-28 14:00:00,357,221,27
2024-11-28 15:00:00,375,217,38
2024-11-28 16:00:00,681,283,81
2024-11-28 17:00:00,796,320,149
2024-11-28 18:00:00,626,358,111
2024-11-28 19:00:00,400,302,74
2024-11-28 20:00:00,218,200,47
2024-11-28 21:00:00,223,193,32
2024-11-28 22:00:00,325,217,23
2024-11-28 23:00:00,117,143,19
2024-11-29 00:00:00,72,120,5
2024-11-29 01:00:00,30,112,4
2024-11-29 02:00:00,26,66,4
2024-11-29 03:00:00,10,52,1
2024-11-29 04:00:00,5,42,2
2024-11-29 05:00:00,14,49,5
2024-11-29 06:00:00,38,100,18
2024-11-29 07:00:00,164,211,42
2024-11-29 08:00:00,468,251,78
2024-11-29 09:00:00,383,229,56
2024-11-29 10:00:00,348,224,37
2024-11-29 11:00:00,387,236,26
2024-11-29 12:00:00,630,200,51
2024-11-29 13:00:00,616,219,28
2024-11-29 14:00:00,467,270,42
2024-11-29 15:00:00,470,264,44
2024-11-29 16:00:00,659,308,50
2024-11-29 17:00:00,751,387,111
2024-11-29 18:00:00,570,470,71
2024-11-29 19:00:00,483,499,74
2024-11-29 20:00:00,338,279,48
2024-11-29 21:00:00,280,289,44
2024-11-29 22:00:00,408,308,18
2024-11-29 23:00:00,252,261,20
2024-11-30 00:00:00,127,209,4
2024-11-30 01:00:00,83,181,7
2024-11-30 02:00:00,48,184,1
2024-11-30 03:00:00,21,144,2
2024-11-30 04:00:00,14,86,0
2024-11-30 05:00:00,9,55,0
2024-11-30 06:00:00,14,50,11
2024-11-30 07:00:00,38,94,12
2024-11-30 08:00:00,98,106,16
2024-11-30 09:00:00,269,150,25
2024-11-30 10:00:00,424,211,29
2024-11-30 11:00:00,598,292,31
2024-11-30 12:00:00,648,316,23
2024-11-30 13:00:00,637,316,33
2024-11-30 14:00:00,576,360,34
2024-11-30 15:00:00,566,334,26
2024-11-30 16:00:00,578,346,31
2024-11-30 17:00:00,580,380,44
2024-11-30 18:00:00,501,400,47
2024-11-30 19:00:00,500,432,43
2024-11-30 20:00:00,346,313,44
2024-11-30 21:00:00,337,293,37
2024-11-30 22:00:00,363,323,38
2024-11-30 23:00:00,154,292,25
2024-12-01 00:00:00,164,253,6
2024-12-01 01:00:00,39,244,2
2024-12-01 02:00:00,25,212,4
2024-12-01 03:00:00,10,168,0
2024-12-01 04:00:00,5,129,2
2024-12-01 05:00:00,2,68,1
2024-12-01 06:00:00,11,41,5
2024-12-01 07:00:00,24,46,6
2024-12-01 08:00:00,53,82,11
2024-12-01 09:00:00,115,136,10
2024-12-01 10:00:00,242,156,14
2024-12-01 11:00:00,350,249,16
2024-12-01 12:00:00,369,220,20
2024-12-01 13:00:00,381,235,34
2024-12-01 14:00:00,356,271,24
2024-12-01 15:00:00,322,216,29
2024-12-01 16:00:00,287,255,23
2024-12-01 17:00:00,232,303,38
2024-12-01 18:00:00,206,231,25
2024-12-01 19:00:00,187,234,29
2024-12-01 20:00:00,173,192,24
2024-12-01 21:00:00,97,148,16
2024-12-01 22:00:00,230,145,9
2024-12-01 23:00:00,50,99,6
2024-12-02 00:00:00,18,63,3
2024-12-02 01:00:00,10,49,1
2024-12-02 02:00:00,3,35,0
2024-12-02 03:00:00,1,37,0
2024-12-02 04:00:00,2,22,1
2024-12-02 05:00:00,9,56,5
2024-12-02 06:00:00,22,101,23
2024-12-02 07:00:00,169,239,56
2024-12-02 08:00:00,600,235,108
2024-12-02 09:00:00,386,241,70
2024-12-02 10:00:00,289,143,20
2024-12-02 11:00:00,323,169,21
2024-12-02 12:00:00,607,147,39
2024-12-02 13:00:00,557,156,34
2024-12-02 14:00:00,304,194,27
2024-12-02 15:00:00,359,195,27
2024-12-02 16:00:00,469,194,85
2024-12-02 17:00:00,646,284,155
2024-12-02 18:00:00,374,249,90
2024-12-02 19:00:00,185,235,68
2024-12-02 20:00:00,170,200,32
2024-12-02 21:00:00,128,128,12
2024-12-02 22:00:00,225,132,25
2024-12-02 23:00:00,55,96,8
2024-12-03 00:00:00,22,62,3
2024-12-03 01:00:00,7,53,0
2024-12-03 02:00:00,4,26,1
2024-12-03 03:00:00,6,24,2
2024-12-03 04:00:00,5,24,1
2024-12-03 05:00:00,5,47,4
2024-12-03 06:00:00,25,110,32
2024-12-03 07:00:00,204,255,69
2024-12-03 08:00:00,663,230,140
2024-12-03 09:00:00,444,234,78
2024-12-03 10:00:00,286,172,35
2024-12-03 11:00:00,284,186,29
2024-12-03 12:00:00,631,155,46
2024-12-03 13:00:00,600,178,42
2024-12-03 14:00:00,378,174,29
2024-12-03 15:00:00,352,220,37
2024-12-03 16:00:00,531,239,68
2024-12-03 17:00:00,749,265,209
2024-12-03 18:00:00,411,285,104
2024-12-03 19:00:00,291,246,75
2024-12-03 20:00:00,201,198,47
2024-12-03 21:00:00,134,182,22
2024-12-03 22:00:00,193,166,22
2024-12-03 23:00:00,77,117,8
2024-12-04 00:00:00,37,88,3
2024-12-04 01:00:00,14,84,1
2024-12-04 02:00:00,11,46,0
2024-12-04 03:00:00,6,27,1
2024-12-04 04:00:00,3,22,3
2024-12-04 05:00:00,12,58,5
2024-12-04 06:00:00,37,133,23
2024-12-04 07:00:00,239,271,76
2024-12-04 08:00:00,709,255,116
2024-12-04 09:00:00,424,230,90
2024-12-04 10:00:00,273,216,34
2024-12-04 11:00:00,334,179,27
2024-12-04 12:00:00,734,173,40
2024-12-04 13:00:00,693,186,38
2024-12-04 14:00:00,386,219,34
2024-12-04 15:00:00,451,236,39
2024-12-04 16:00:00,563,221,79
2024-12-04 17:00:00,664,304,163
2024-12-04 18:00:00,414,363,89
2024-12-04 19:00:00,255,323,64
2024-12-04 20:00:00,71,247,45
2024-12-04 21:00:00,108,192,24
2024-12-04 22:00:00,150,218,12
2024-12-04 23:00:00,27,163,10
2024-12-05 00:00:00,4,131,4
2024-12-05 01:00:00,6,95,5
2024-12-05 02:00:00,9,59,2
2024-12-05 03:00:00,6,37,1
2024-12-05 04:00:00,1,40,2
2024-12-05 05:00:00,7,42,3
2024-12-05 06:00:00,35,111,26
2024-12-05 07:00:00,215,238,56
2024-12-05 08:00:00,666,243,109
2024-12-05 09:00:00,468,271,64
2024-12-05 10:00:00,309,206,20
2024-12-05 11:00:00,323,201,19
2024-12-05 12:00:00,692,194,48
2024-12-05 13:00:00,639,197,31
2024-12-05 14:00:00,428,236,35
2024-12-05 15:00:00,396,266,31
2024-12-05 16:00:00,642,317,50
2024-12-05 17:00:00,483,397,114
2024-12-05 18:00:00,387,469,71
2024-12-05 19:00:00,359,340,54
2024-12-05 20:00:00,321,274,33
2024-12-05 21:00:00,262,254,29
2024-12-05 22:00:00,300,229,26
2024-12-05 23:00:00,196,224,10
2024-12-06 00:00:00,96,171,5
2024-12-06 01:00:00,74,161,0
2024-12-06 02:00:00,43,135,2
2024-12-06 03:00:00,19,86,2
2024-12-06 04:00:00,11,54,4
2024-12-06 05:00:00,21,47,6
2024-12-06 06:00:00,39,105,13
2024-12-06 07:00:00,184,235,37
2024-12-06 08:00:00,493,241,81
2024-12-06 09:00:00,379,269,46
2024-12-06 10:00:00,270,241,38
2024-12-06 11:00:00,402,213,29
2024-12-06 12:00:00,647,265,34
2024-12-06 13:00:00,589,236,35
2024-12-06 14:00:00,455,232,33
2024-12-06 15:00:00,432,256,51
2024-12-06 16:00:00,437,340,61
2024-12-06 17:00:00,657,442,84
2024-12-06 18:00:00,385,512,48
2024-12-06 19:00:00,205,477,30
2024-12-06 20:00:00,112,359,23
2024-12-06 21:00:00,89,304,35
2024-12-06 22:00:00,312,310,17
2024-12-06 23:00:00,183,310,13
2024-12-07 00:00:00,102,290,4
2024-12-07 01:00:00,88,253,4
2024-12-07 02:00:00,77,190,3
2024-12-07 03:00:00,57,148,0
2024-12-07 04:00:00,16,82,2
2024-12-07 05:00:00,9,61,4
2024-12-07 06:00:00,17,55,2
2024-12-07 07:00:00,26,79,5
2024-12-07 08:00:00,50,129,5
2024-12-07 09:00:00,109,162,7
2024-12-07 10:00:00,177,181,6
2024-12-07 11:00:00,226,209,6
2024-12-07 12:00:00,330,295,6
2024-12-07 13:00:00,290,272,22
2024-12-07 14:00:00,284,248,14
2024-12-07 15:00:00,354,322,20
2024-12-07 16:00:00,322,335,21
2024-12-07 17:00:00,353,402,34
2024-12-07 18:00:00,340,397,33
2024-12-07 19:00:00,312,352,34
2024-12-07 20:00:00,198,316,20
2024-12-07 21:00:00,200,255,16
2024-12-07 22:00:00,329,324,14
2024-12-07 23:00:00,195,279,10
2024-12-08 00:00:00,149,275,9
2024-12-08 01:00:00,65,280,1
2024-12-08 02:00:00,56,244,1
2024-12-08 03:00:00,50,158,0
2024-12-08 04:00:00,16,119,2
2024-12-08 05:00:00,8,63,5
2024-12-08 06:00:00,13,44,5
2024-12-08 07:00:00,22,48,9
2024-12-08 08:00:00,52,90,4
2024-12-08 09:00:00,86,145,9
2024-12-08 10:00:00,199,190,12
2024-12-08 11:00:00,268,216,22
2024-12-08 12:00:00,245,283,18
2024-12-08 13:00:00,296,287,23
2024-12-08 14:00:00,285,277,23
2024-12-08 15:00:00,331,282,21
2024-12-08 16:00:00,307,340,34
2024-12-08 17:00:00,231,308,25
2024-12-08 18:00:00,197,311,30
2024-12-08 19:00:00,211,175,28
2024-12-08 20:00:00,105,208,24
2024-12-08 21:00:00,56,154,10
2024-12-08 22:00:00,93,122,12
2024-12-08 23:00:00,44,109,9
2024-12-09 00:00:00,19,80,2
2024-12-09 01:00:00,4,54,1
2024-12-09 02:00:00,6,37,0
2024-12-09 03:00:00,3,33,3
2024-12-09 04:00:00,3,26,1
2024-12-09 05:00:00,8,48,5
2024-12-09 06:00:00,44,106,13
2024-12-09 07:00:00,171,250,57
2024-12-09 08:00:00,518,237,111
2024-12-09 09:00:00,406,232,60
2024-12-09 10:00:00,263,182,30
2024-12-09 11:00:00,286,178,26
2024-12-09 12:00:00,542,180,33
2024-12-09 13:00:00,511,166,28
2024-12-09 14:00:00,291,175,18
2024-12-09 15:00:00,311,192,29
2024-12-09 16:00:00,396,248,73
2024-12-09 17:00:00,606,253,161
2024-12-09 18:00:00,350,269,96
2024-12-09 19:00:00,224,247,56
2024-12-09 20:00:00,98,185,31
2024-12-09 21:00:00,119,164,18
2024-12-09 22:00:00,71,129,15
2024-12-09 23:00:00,43,100,9
2024-12-10 00:00:00,17,68,5
2024-12-10 01:00:00,6,54,0
2024-12-10 02:00:00,5,36,1
2024-12-10 03:00:00,5,28,0
2024-12-10 04:00:00,4,28,1
2024-12-10 05:00:00,22,52,5
2024-12-10 06:00:00,25,109,20
2024-12-10 07:00:00,189,269,62
2024-12-10 08:00:00,629,239,133
2024-12-10 09:00:00,452,250,69
2024-12-10 10:00:00,222,193,29
2024-12-10 11:00:00,322,186,28
2024-12-10 12:00:00,602,158,28
2024-12-10 13:00:00,575,201,33
2024-12-10 14:00:00,359,176,37
2024-12-10 15:00:00,341,240,39
2024-12-10 16:00:00,521,228,82
2024-12-10 17:00:00,743,275,168
2024-12-10 18:00:00,420,293,124
2024-12-10 19:00:00,301,273,58
2024-12-10 20:00:00,210,220,44
2024-12-10 21:00:00,170,190,33
2024-12-10 22:00:00,186,172,16
2024-12-10 23:00:00,72,143,7
2024-12-11 00:00:00,33,91,3
2024-12-11 01:00:00,22,68,0
2024-12-11 02:00:00,14,39,2
2024-12-11 03:00:00,5,42,1
2024-12-11 04:00:00,4,22,2
2024-12-11 05:00:00,13,48,7
2024-12-11 06:00:00,47,132,12
2024-12-11 07:00:00,226,277,69
2024-12-11 08:00:00,652,245,140
2024-12-11 09:00:00,397,260,80
2024-12-11 10:00:00,270,201,39
2024-12-11 11:00:00,320,192,33
2024-12-11 12:00:00,713,206,33
2024-12-11 13:00:00,697,186,45
2024-12-11 14:00:00,448,177,25
2024-12-11 15:00:00,416,187,29
2024-12-11 16:00:00,585,271,69
2024-12-11 17:00:00,763,319,174
2024-12-11 18:00:00,549,440,103
2024-12-11 19:00:00,348,408,65
2024-12-11 20:00:00,236,220,35
2024-12-11 21:00:00,203,207,31
2024-12-11 22:00:00,279,232,16
2024-12-11 23:00:00,124,170,7
2024-12-12 00:00:00,66,139,3
2024-12-12 01:00:00,43,89,1
2024-12-12 02:00:00,33,66,0
2024-12-12 03:00:00,18,55,0
2024-12-12 04:00:00,9,44,3
2024-12-12 05:00:00,14,39,4
2024-12-12 06:00:00,52,105,23
2024-12-12 07:00:00,214,288,61
2024-12-12 08:00:00,709,280,117
2024-12-12 09:00:00,451,277,66
2024-12-12 10:00:00,306,218,44
2024-12-12 11:00:00,445,194,28
2024-12-12 12:00:00,900,223,46
2024-12-12 13:00:00,634,224,43
2024-12-12 14:00:00,489,230,33
2024-12-12 15:00:00,416,246,45
2024-12-12 16:00:00,667,304,81
2024-12-12 17:00:00,826,335,140
2024-12-12 18:00:00,645,406,105
2024-12-12 19:00:00,401,382,68
2024-12-12 20:00:00,372,284,32
2024-12-12 21:00:00,315,271,37
2024-12-12 22:00:00,316,275,30
2024-12-12 23:00:00,215,249,24
2024-12-13 00:00:00,124,200,6
2024-12-13 01:00:00,49,171,1
2024-12-13 02:00:00,48,159,3
2024-12-13 03:00:00,14,108,2
2024-12-13 04:00:00,10,54,1
2024-12-13 05:00:00,11,51,5
2024-12-13 06:00:00,24,93,18
2024-12-13 07:00:00,148,226,43
2024-12-13 08:00:00,444,254,73
2024-12-13 09:00:00,388,265,56
2024-12-13 10:00:00,291,193,28
2024-12-13 11:00:00,387,196,27
2024-12-13 12:00:00,683,226,52
2024-12-13 13:00:00,562,244,25
2024-12-13 14:00:00,435,242,30
2024-12-13 15:00:00,457,252,50
2024-12-13 16:00:00,596,378,69
2024-12-13 17:00:00,689,432,111
2024-12-13 18:00:00,580,484,78
2024-12-13 19:00:00,436,443,66
2024-12-13 20:00:00,324,312,43
2024-12-13 21:00:00,379,290,25
2024-12-13 22:00:00,424,378,22
2024-12-13 23:00:00,321,342,19
2024-12-14 00:00:00,204,321,8
2024-12-14 01:00:00,111,298,0
2024-12-14 02:00:00,129,235,5
2024-12-14 03:00:00,71,170,1
2024-12-14 04:00:00,64,110,1
2024-12-14 05:00:00,13,65,1
2024-12-14 06:00:00,25,70,6
2024-12-14 07:00:00,29,98,13
2024-12-14 08:00:00,99,136,15
2024-12-14 09:00:00,232,175,19
2024-12-14 10:00:00,354,291,25
2024-12-14 11:00:00,471,386,38
2024-12-14 12:00:00,577,342,39
2024-12-14 13:00:00,666,322,30
2024-12-14 14:00:00,633,313,30
2024-12-14 15:00:00,573,280,28
2024-12-14 16:00:00,526,352,36
2024-12-14 17:00:00,539,378,35
2024-12-14 18:00:00,483,409,53
2024-12-14 19:00:00,449,442,43
2024-12-14 20:00:00,327,282,29
2024-12-14 21:00:00,344,295,18
2024-12-14 22:00:00,328,320,18
2024-12-14 23:00:00,239,330,21
2024-12-15 00:00:00,198,334,3
2024-12-15 01:00:00,137,298,1
2024-12-15 02:00:00,88,263,0
2024-12-15 03:00:00,46,194,0
2024-12-15 04:00:00,21,116,0
2024-12-15 05:00:00,9,68,3
2024-12-15 06:00:00,15,54,3
2024-12-15 07:00:00,23,66,5
2024-12-15 08:00:00,62,87,18
2024-12-15 09:00:00,114,154,24
2024-12-15 10:00:00,205,178,19
2024-12-15 11:00:00,319,231,17
2024-12-15 12:00:00,280,270,23
2024-12-15 13:00:00,338,235,23
2024-12-15 14:00:00,333,213,26
2024-12-15 15:00:00,307,250,17
2024-12-15 16:00:00,274,231,30
2024-12-15 17:00:00,248,294,37
2024-12-15 18:00:00,183,235,30
2024-12-15 19:00:00,217,230,39
2024-12-15 20:00:00,132,176,25
2024-12-15 21:00:00,85,134,10
2024-12-15 22:00:00,108,113,9
2024-12-15 23:00:00,74,121,5
2024-12-16 00:00:00,26,62,2
2024-12-16 01:00:00,7,51,1
2024-12-16 02:00:00,11,26,0
2024-12-16 03:00:00,5,25,0
2024-12-16 04:00:00,4,29,0
2024-12-16 05:00:00,11,52,4
2024-12-16 06:00:00,22,108,19
2024-12-16 07:00:00,155,235,55
2024-12-16 08:00:00,536,260,99
2024-12-16 09:00:00,308,225,56
2024-12-16 10:00:00,306,184,31
2024-12-16 11:00:00,337,178,29
2024-12-16 12:00:00,531,167,24
2024-12-16 13:00:00,544,189,37
2024-12-16 14:00:00,354,189,22
2024-12-16 15:00:00,491,194,39
2024-12-16 16:00:00,425,248,65
2024-12-16 17:00:00,600,283,146
2024-12-16 18:00:00,323,244,88
2024-12-16 19:00:00,269,204,47
2024-12-16 20:00:00,174,170,26
2024-12-16 21:00:00,126,167,15
2024-12-16 22:00:00,146,126,17
2024-12-16 23:00:00,80,108,10
2024-12-17 00:00:00,29,60,2
2024-12-17 01:00:00,11,58,1
2024-12-17 02:00:00,12,34,0
2024-12-17 03:00:00,12,38,0
2024-12-17 04:00:00,7,32,2
2024-12-17 05:00:00,15,39,3
2024-12-17 06:00:00,25,123,25
2024-12-17 07:00:00,190,271,48
2024-12-17 08:00:00,589,226,118
2024-12-17 09:00:00,392,258,70
2024-12-17 10:00:00,252,191,22
2024-12-17 11:00:00,326,167,24
2024-12-17 12:00:00,620,195,36
2024-12-17 13:00:00,596,163,38
2024-12-17 14:00:00,373,190,26
2024-12-17 15:00:00,344,234,32
2024-12-17 16:00:00,374,240,80
2024-12-17 17:00:00,548,271,149
2024-12-17 18:00:00,355,270,89
2024-12-17 19:00:00,192,226,54
2024-12-17 20:00:00,122,175,27
2024-12-17 21:00:00,133,203,30
2024-12-17 22:00:00,96,148,13
2024-12-17 23:00:00,52,116,9
2024-12-18 00:00:00,8,71,3
2024-12-18 01:00:00,4,68,2
2024-12-18 02:00:00,10,35,0
2024-12-18 03:00:00,4,40,0
2024-12-18 04:00:00,1,25,1
2024-12-18 05:00:00,5,43,3
2024-12-18 06:00:00,23,104,16
2024-12-18 07:00:00,143,251,46
2024-12-18 08:00:00,551,223,83
2024-12-18 09:00:00,355,263,65
2024-12-18 10:00:00,271,217,33
2024-12-18 11:00:00,329,175,22
2024-12-18 12:00:00,640,193,42
2024-12-18 13:00:00,566,170,41
2024-12-18 14:00:00,351,177,26
2024-12-18 15:00:00,366,197,33
2024-12-18 16:00:00,306,297,62
2024-12-18 17:00:00,412,307,127
2024-12-18 18:00:00,113,334,38
2024-12-18 19:00:00,132,315,30
2024-12-18 20:00:00,141,205,16
2024-12-18 21:00:00,134,213,18
2024-12-18 22:00:00,113,199,10
2024-12-18 23:00:00,55,158,15
2024-12-19 00:00:00,23,121,3
2024-12-19 01:00:00,8,75,1
2024-12-19 02:00:00,8,60,2
2024-12-19 03:00:00,20,38,1
2024-12-19 04:00:00,8,35,0
2024-12-19 05:00:00,4,41,3
2024-12-19 06:00:00,35,91,19
2024-12-19 07:00:00,163,252,43
2024-12-19 08:00:00,540,248,90
2024-12-19 09:00:00,330,224,64
2024-12-19 10:00:00,273,212,23
2024-12-19 11:00:00,353,199,30
2024-12-19 12:00:00,640,208,33
2024-12-19 13:00:00,635,198,38
2024-12-19 14:00:00,387,218,31
2024-12-19 15:00:00,347,221,43
2024-12-19 16:00:00,498,291,68
2024-12-19 17:00:00,680,313,148
2024-12-19 18:00:00,531,361,85
2024-12-19 19:00:00,301,341,60
2024-12-19 20:00:00,233,248,30
2024-12-19 21:00:00,255,244,21
2024-12-19 22:00:00,233,269,15
2024-12-19 23:00:00,132,227,12
2024-12-20 00:00:00,81,168,3
2024-12-20 01:00:00,47,134,2
2024-12-20 02:00:00,27,140,2
2024-12-20 03:00:00,28,95,4
2024-12-20 04:00:00,5,61,2
2024-12-20 05:00:00,14,48,3
2024-12-20 06:00:00,28,92,16
2024-12-20 07:00:00,138,206,44
2024-12-20 08:00:00,337,208,55
2024-12-20 09:00:00,299,207,41
2024-12-20 10:00:00,226,181,24
2024-12-20 11:00:00,293,196,37
2024-12-20 12:00:00,502,191,36
2024-12-20 13:00:00,485,235,25
2024-12-20 14:00:00,336,286,23
2024-12-20 15:00:00,317,274,40
2024-12-20 16:00:00,404,352,50
2024-12-20 17:00:00,508,329,56
2024-12-20 18:00:00,325,382,56
2024-12-20 19:00:00,335,392,46
2024-12-20 20:00:00,205,262,27
2024-12-20 21:00:00,168,266,17
2024-12-20 22:00:00,286,287,18
2024-12-20 23:00:00,139,251,14
2024-12-21 00:00:00,163,278,8
2024-12-21 01:00:00,65,282,4
2024-12-21 02:00:00,54,198,2
2024-12-21 03:00:00,45,167,2
2024-12-21 04:00:00,17,95,1
2024-12-21 05:00:00,14,51,1
2024-12-21 06:00:00,9,41,4
2024-12-21 07:00:00,24,68,9
2024-12-21 08:00:00,55,101,11
2024-12-21 09:00:00,112,124,16
2024-12-21 10:00:00,191,162,19
2024-12-21 11:00:00,313,217,20
2024-12-21 12:00:00,326,265,23
2024-12-21 13:00:00,335,337,14
2024-12-21 14:00:00,350,308,14
2024-12-21 15:00:00,313,238,21
2024-12-21 16:00:00,376,297,21
2024-12-21 17:00:00,398,320,14
2024-12-21 18:00:00,403,348,36
2024-12-21 19:00:00,306,344,31
2024-12-21 20:00:00,214,286,20
2024-12-21 21:00:00,206,285,19
2024-12-21 22:00:00,200,286,15
2024-12-21 23:00:00,132,278,7
2024-12-22 00:00:00,85,277,5
2024-12-22 01:00:00,72,223,2
2024-12-22 02:00:00,40,222,2
2024-12-22 03:00:00,35,190,0
2024-12-22 04:00:00,16,110,0
2024-12-22 05:00:00,19,62,2
2024-12-22 06:00:00,16,58,1
2024-12-22 07:00:00,22,53,4
2024-12-22 08:00:00,52,90,9
2024-12-22 09:00:00,117,110,12
2024-12-22 10:00:00,133,169,12
2024-12-22 11:00:00,224,188,6
2024-12-22 12:00:00,250,215,18
2024-12-22 13:00:00,226,228,18
2024-12-22 14:00:00,199,219,18
2024-12-22 15:00:00,229,189,10
2024-12-22 16:00:00,180,213,14
2024-12-22 17:00:00,156,240,16
2024-12-22 18:00:00,158,214,15
2024-12-22 19:00:00,198,193,18
2024-12-22 20:00:00,85,164,18
2024-12-22 21:00:00,77,140,7
2024-12-22 22:00:00,93,136,7
2024-12-22 23:00:00,57,105,6
2024-12-23 00:00:00,20,68,1
2024-12-23 01:00:00,13,63,1
2024-12-23 02:00:00,8,33,3
2024-12-23 03:00:00,16,33,0
2024-12-23 04:00:00,2,23,1
2024-12-23 05:00:00,8,34,0
2024-12-23 06:00:00,29,62,10
2024-12-23 07:00:00,92,142,26
2024-12-23 08:00:00,183,142,39
2024-12-23 09:00:00,204,150,26
2024-12-23 10:00:00,216,153,18
2024-12-23 11:00:00,271,196,22
2024-12-23 12:00:00,401,178,30
2024-12-23 13:00:00,356,207,13
2024-12-23 14:00:00,310,217,16
2024-12-23 15:00:00,260,250,30
2024-12-23 16:00:00,330,263,18
2024-12-23 17:00:00,290,258,39
2024-12-23 18:00:00,191,254,38
2024-12-23 19:00:00,145,232,17
2024-12-23 20:00:00,124,160,21
2024-12-23 21:00:00,87,171,9
2024-12-23 22:00:00,87,134,4
2024-12-23 23:00:00,36,101,4
2024-12-24 00:00:00,26,76,3
2024-12-24 01:00:00,7,48,0
2024-12-24 02:00:00,10,50,0
2024-12-24 03:00:00,6,36,0
2024-12-24 04:00:00,8,21,0
2024-12-24 05:00:00,6,33,1
2024-12-24 06:00:00,20,50,10
2024-12-24 07:00:00,41,116,14
2024-12-24 08:00:00,108,130,16
2024-12-24 09:00:00,96,111,9
2024-12-24 10:00:00,129,111,14
2024-12-24 11:00:00,174,168,13
2024-12-24 12:00:00,266,174,13
2024-12-24 13:00:00,223,173,17
2024-12-24 14:00:00,189,190,15
2024-12-24 15:00:00,213,189,13
2024-12-24 16:00:00,188,198,14
2024-12-24 17:00:00,122,193,24
2024-12-24 18:00:00,78,148,9
2024-12-24 19:00:00,84,125,10
2024-12-24 20:00:00,56,122,8
2024-12-24 21:00:00,48,120,11
2024-12-24 22:00:00,31,129,10
2024-12-24 23:00:00,19,90,5
2024-12-25 00:00:00,20,68,2
2024-12-25 01:00:00,8,44,4
2024-12-25 02:00:00,4,30,1
2024-12-25 03:00:00,1,13,0
2024-12-25 04:00:00,0,13,1
2024-12-25 05:00:00,1,10,0
2024-12-25 06:00:00,1,16,4
2024-12-25 07:00:00,9,27,4
2024-12-25 08:00:00,12,30,2
2024-12-25 09:00:00,22,50,5
2024-12-25 10:00:00,32,93,3
2024-12-25 11:00:00,44,99,1
2024-12-25 12:00:00,40,91,6
2024-12-25 13:00:00,41,76,6
2024-12-25 14:00:00,43,82,4
2024-12-25 15:00:00,34,84,2
2024-12-25 16:00:00,42,79,5
2024-12-25 17:00:00,37,88,7
2024-12-25 18:00:00,31,94,9
2024-12-25 19:00:00,28,97,6
2024-12-25 20:00:00,36,91,10
2024-12-25 21:00:00,33,87,12
2024-12-25 22:00:00,33,74,2
2024-12-25 23:00:00,10,55,6
2024-12-26 00:00:00,18,29,1
2024-12-26 01:00:00,10,28,1
2024-12-26 02:00:00,1,24,0
2024-12-26 03:00:00,2,13,0
2024-12-26 04:00:00,0,10,0
2024-12-26 05:00:00,8,12,0
2024-12-26 06:00:00,2,25,4
2024-12-26 07:00:00,13,40,2
2024-12-26 08:00:00,7,51,2
2024-12-26 09:00:00,21,57,2
2024-12-26 10:00:00,30,118,11
2024-12-26 11:00:00,63,130,10
2024-12-26 12:00:00,90,154,6
2024-12-26 13:00:00,95,189,14
2024-12-26 14:00:00,72,148,9
2024-12-26 15:00:00,93,123,11
2024-12-26 16:00:00,66,153,14
2024-12-26 17:00:00,96,158,14
2024-12-26 18:00:00,110,144,6
2024-12-26 19:00:00,89,145,12
2024-12-26 20:00:00,43,127,8
2024-12-26 21:00:00,24,116,5
2024-12-26 22:00:00,36,119,6
2024-12-26 23:00:00,85,95,7
2024-12-27 00:00:00,6,57,3
2024-12-27 01:00:00,7,40,1
2024-12-27 02:00:00,4,35,0
2024-12-27 03:00:00,2,22,1
2024-12-27 04:00:00,1,23,1
2024-12-27 05:00:00,3,28,3
2024-12-27 06:00:00,9,41,8
2024-12-27 07:00:00,40,79,15
2024-12-27 08:00:00,105,80,25
2024-12-27 09:00:00,90,74,6
2024-12-27 10:00:00,161,105,8
2024-12-27 11:00:00,190,128,9
2024-12-27 12:00:00,211,174,12
2024-12-27 13:00:00,312,204,9
2024-12-27 14:00:00,203,183,15
2024-12-27 15:00:00,283,194,17
2024-12-27 16:00:00,264,250,31
2024-12-27 17:00:00,237,274,33
2024-12-27 18:00:00,208,279,32
2024-12-27 19:00:00,190,212,19
2024-12-27 20:00:00,162,168,16
2024-12-27 21:00:00,126,174,9
2024-12-27 22:00:00,162,175,4
2024-12-27 23:00:00,86,130,2
2024-12-28 00:00:00,78,139,3
2024-12-28 01:00:00,42,103,0
2024-12-28 02:00:00,16,79,1
2024-12-28 03:00:00,10,54,1
2024-12-28 04:00:00,4,45,0
2024-12-28 05:00:00,4,33,3
2024-12-28 06:00:00,4,31,7
2024-12-28 07:00:00,15,57,6
2024-12-28 08:00:00,41,63,4
2024-12-28 09:00:00,104,96,6
2024-12-28 10:00:00,189,141,20
2024-12-28 11:00:00,270,144,25
2024-12-28 12:00:00,245,187,8
2024-12-28 13:00:00,275,207,12
2024-12-28 14:00:00,287,172,10
2024-12-28 15:00:00,272,193,14
2024-12-28 16:00:00,343,216,16
2024-12-28 17:00:00,187,265,17
2024-12-28 18:00:00,245,269,19
2024-12-28 19:00:00,254,232,39
2024-12-28 20:00:00,163,197,15
2024-12-28 21:00:00,163,205,13
2024-12-28 22:00:00,185,173,9
2024-12-28 23:00:00,103,180,9
2024-12-29 00:00:00,52,157,3
2024-12-29 01:00:00,45,135,1
2024-12-29 02:00:00,16,138,1
2024-12-29 03:00:00,5,88,1
2024-12-29 04:00:00,14,62,3
2024-12-29 05:00:00,7,32,1
2024-12-29 06:00:00,4,30,5
2024-12-29 07:00:00,29,28,7
2024-12-29 08:00:00,39,53,13
2024-12-29 09:00:00,51,83,12
2024-12-29 10:00:00,157,132,16
2024-12-29 11:00:00,206,191,16
2024-12-29 12:00:00,185,326,12
2024-12-29 13:00:00,239,338,17
2024-12-29 14:00:00,187,297,20
2024-12-29 15:00:00,192,188,24
2024-12-29 16:00:00,194,256,14
2024-12-29 17:00:00,231,294,18
2024-12-29 18:00:00,209,210,20
2024-12-29 19:00:00,209,205,20
2024-12-29 20:00:00,105,133,26
2024-12-29 21:00:00,93,142,11
2024-12-29 22:00:00,107,110,7
2024-12-29 23:00:00,129,112,10
2024-12-30 00:00:00,34,82,1
2024-12-30 01:00:00,12,51,2
2024-12-30 02:00:00,7,34,0
2024-12-30 03:00:00,5,27,2
2024-12-30 04:00:00,4,27,0
2024-12-30 05:00:00,5,33,5
2024-12-30 06:00:00,17,49,5
2024-12-30 07:00:00,64,97,32
2024-12-30 08:00:00,141,108,31
2024-12-30 09:00:00,133,119,16
2024-12-30 10:00:00,183,130,16
2024-12-30 11:00:00,235,183,17
2024-12-30 12:00:00,301,140,10
2024-12-30 13:00:00,291,218,22
2024-12-30 14:00:00,287,221,19
2024-12-30 15:00:00,288,217,19
2024-12-30 16:00:00,285,206,37
2024-12-30 17:00:00,293,223,29
2024-12-30 18:00:00,228,195,32
2024-12-30 19:00:00,190,158,31
2024-12-30 20:00:00,124,146,21
2024-12-30 21:00:00,120,135,10
2024-12-30 22:00:00,74,134,10
2024-12-30 23:00:00,42,86,8
2024-12-31 00:00:00,20,88,1
2024-12-31 01:00:00,7,51,2
2024-12-31 02:00:00,7,46,1
2024-12-31 03:00:00,6,24,0
2024-12-31 04:00:00,2,20,2
2024-12-31 05:00:00,24,26,3
2024-12-31 06:00:00,14,44,11
2024-12-31 07:00:00,59,85,25
2024-12-31 08:00:00,133,90,28
2024-12-31 09:00:00,110,94,26
2024-12-31 10:00:00,163,132,13
2024-12-31 11:00:00,214,152,10
2024-12-31 12:00:00,303,156,24
2024-12-31 13:00:00,259,149,31
2024-12-31 14:00:00,252,211,25
2024-12-31 15:00:00,317,199,13
2024-12-31 16:00:00,324,277,31
2024-12-31 17:00:00,284,253,26
2024-12-31 18:00:00,254,249,34
2024-12-31 19:00:00,309,320,28
2024-12-31 20:00:00,265,312,16
2024-12-31 21:00:00,255,313,23
2024-12-31 22:00:00,271,330,14
2024-12-31 23:00:00,210,348,6
