date,ped,car,cyc
2024-01-01 00:00:00,0,0,0
2024-01-01 01:00:00,0,0,0
2024-01-01 02:00:00,0,0,0
2024-01-01 03:00:00,0,0,0
2024-01-01 04:00:00,0,0,0
2024-01-01 05:00:00,0,0,0
2024-01-01 06:00:00,0,0,0
2024-01-01 07:00:00,0,0,0
2024-01-01 08:00:00,0,0,0
2024-01-01 09:00:00,0,0,0
2024-01-01 10:00:00,0,0,0
2024-01-01 11:00:00,0,0,0
2024-01-01 12:00:00,0,0,0
2024-01-01 13:00:00,0,0,0
2024-01-01 14:00:00,0,0,0
2024-01-01 15:00:00,0,0,0
2024-01-01 16:00:00,0,0,0
2024-01-01 17:00:00,0,0,0
2024-01-01 18:00:00,0,0,0
2024-01-01 19:00:00,0,0,0
2024-01-01 20:00:00,0,0,0
2024-01-01 21:00:00,0,0,0
2024-01-01 22:00:00,0,0,0
2024-01-01 23:00:00,0,0,0
2024-01-02 00:00:00,0,0,0
2024-01-02 01:00:00,0,0,0
2024-01-02 02:00:00,0,0,0
2024-01-02 03:00:00,0,0,0
2024-01-02 04:00:00,0,0,0
2024-01-02 05:00:00,0,0,0
2024-01-02 06:00:00,0,0,0
2024-01-02 07:00:00,0,0,0
2024-01-02 08:00:00,0,0,0
2024-01-02 09:00:00,0,0,0
2024-01-02 10:00:00,0,0,0
2024-01-02 11:00:00,0,0,0
2024-01-02 12:00:00,0,0,0
2024-01-02 13:00:00,0,0,0
2024-01-02 14:00:00,0,0,0
2024-01-02 15:00:00,0,0,0
2024-01-02 16:00:00,0,0,0
2024-01-02 17:00:00,0,0,0
2024-01-02 18:00:00,0,0,0
2024-01-02 19:00:00,0,0,0
2024-01-02 20:00:00,0,0,0
2024-01-02 21:00:00,0,0,0
2024-01-02 22:00:00,0,0,0
2024-01-02 23:00:00,0,0,0
2024-01-03 00:00:00,0,0,0
2024-01-03 01:00:00,0,0,0
2024-01-03 02:00:00,0,0,0
2024-01-03 03:00:00,0,0,0
2024-01-03 04:00:00,0,0,0
2024-01-03 05:00:00,0,0,0
2024-01-03 06:00:00,0,0,0
2024-01-03 07:00:00,0,0,0
2024-01-03 08:00:00,0,0,0
2024-01-03 09:00:00,0,0,0
2024-01-03 10:00:00,0,0,0
2024-01-03 11:00:00,0,0,0
2024-01-03 12:00:00,0,0,0
2024-01-03 13:00:00,0,0,0
2024-01-03 14:00:00,0,0,0
2024-01-03 15:00:00,0,0,0
2024-01-03 16:00:00,0,0,0
2024-01-03 17:00:00,0,0,0
2024-01-03 18:00:00,0,0,0
2024-01-03 19:00:00,0,0,0
2024-01-03 20:00:00,0,0,0
2024-01-03 21:00:00,0,0,0
2024-01-03 22:00:00,0,0,0
2024-01-03 23:00:00,0,0,0
2024-01-04 00:00:00,0,0,0
2024-01-04 01:00:00,0,0,0
2024-01-04 02:00:00,0,0,0
2024-01-04 03:00:00,0,0,0
2024-01-04 04:00:00,0,0,0
2024-01-04 05:00:00,0,0,0
2024-01-04 06:00:00,0,0,0
2024-01-04 07:00:00,0,0,0
2024-01-04 08:00:00,0,0,0
2024-01-04 09:00:00,0,0,0
2024-01-04 10:00:00,0,0,0
2024-01-04 11:00:00,0,0,0
2024-01-04 12:00:00,0,0,0
2024-01-04 13:00:00,0,0,0
2024-01-04 14:00:00,0,0,0
2024-01-04 15:00:00,0,0,0
2024-01-04 16:00:00,0,0,0
2024-01-04 17:00:00,0,0,0
2024-01-04 18:00:00,0,0,0
2024-01-04 19:00:00,0,0,0
2024-01-04 20:00:00,0,0,0
2024-01-04 21:00:00,0,0,0
2024-01-04 22:00:00,0,0,0
2024-01-04 23:00:00,0,0,0
2024-01-05 00:00:00,0,0,0
2024-01-05 01:00:00,0,0,0
2024-01-05 02:00:00,0,0,0
2024-01-05 03:00:00,0,0,0
2024-01-05 04:00:00,0,0,0
2024-01-05 05:00:00,0,0,0
2024-01-05 06:00:00,0,0,0
2024-01-05 07:00:00,0,0,0
2024-01-05 08:00:00,0,0,0
2024-01-05 09:00:00,0,0,0
2024-01-05 10:00:00,0,0,0
2024-01-05 11:00:00,0,0,0
2024-01-05 12:00:00,0,0,0
2024-01-05 13:00:00,0,0,0
2024-01-05 14:00:00,0,0,0
2024-01-05 15:00:00,0,0,0
2024-01-05 16:00:00,0,0,0
2024-01-05 17:00:00,0,0,0
2024-01-05 18:00:00,0,0,0
2024-01-05 19:00:00,0,0,0
2024-01-05 20:00:00,0,0,0
2024-01-05 21:00:00,0,0,0
2024-01-05 22:00:00,0,0,0
2024-01-05 23:00:00,0,0,0
2024-01-06 00:00:00,0,0,0
2024-01-06 01:00:00,0,0,0
2024-01-06 02:00:00,0,0,0
2024-01-06 03:00:00,0,0,0
2024-01-06 04:00:00,0,0,0
2024-01-06 05:00:00,0,0,0
2024-01-06 06:00:00,0,0,0
2024-01-06 07:00:00,0,0,0
2024-01-06 08:00:00,0,0,0
2024-01-06 09:00:00,0,0,0
2024-01-06 10:00:00,0,0,0
2024-01-06 11:00:00,0,0,0
2024-01-06 12:00:00,0,0,0
2024-01-06 13:00:00,0,0,0
2024-01-06 14:00:00,0,0,0
2024-01-06 15:00:00,0,0,0
2024-01-06 16:00:00,0,0,0
2024-01-06 17:00:00,0,0,0
2024-01-06 18:00:00,0,0,0
2024-01-06 19:00:00,0,0,0
2024-01-06 20:00:00,0,0,0
2024-01-06 21:00:00,0,0,0
2024-01-06 22:00:00,0,0,0
2024-01-06 23:00:00,0,0,0
2024-01-07 00:00:00,0,0,0
2024-01-07 01:00:00,0,0,0
2024-01-07 02:00:00,0,0,0
2024-01-07 03:00:00,0,0,0
2024-01-07 04:00:00,0,0,0
2024-01-07 05:00:00,0,0,0
2024-01-07 06:00:00,0,0,0
2024-01-07 07:00:00,0,0,0
2024-01-07 08:00:00,0,0,0
2024-01-07 09:00:00,0,0,0
2024-01-07 10:00:00,0,0,0
2024-01-07 11:00:00,0,0,0
2024-01-07 12:00:00,0,0,0
2024-01-07 13:00:00,0,0,0
2024-01-07 14:00:00,0,0,0
2024-01-07 15:00:00,0,0,0
2024-01-07 16:00:00,0,0,0
2024-01-07 17:00:00,0,0,0
2024-01-07 18:00:00,0,0,0
2024-01-07 19:00:00,0,0,0
2024-01-07 20:00:00,0,0,0
2024-01-07 21:00:00,0,0,0
2024-01-07 22:00:00,0,0,0
2024-01-07 23:00:00,0,0,0
2024-01-08 00:00:00,0,0,0
2024-01-08 01:00:00,0,0,0
2024-01-08 02:00:00,0,0,0
2024-01-08 03:00:00,0,0,0
2024-01-08 04:00:00,0,0,0
2024-01-08 05:00:00,0,0,0
2024-01-08 06:00:00,0,0,0
2024-01-08 07:00:00,0,0,0
2024-01-08 08:00:00,0,0,0
2024-01-08 09:00:00,0,0,0
2024-01-08 10:00:00,0,0,0
2024-01-08 11:00:00,0,0,0
2024-01-08 12:00:00,0,0,0
2024-01-08 13:00:00,0,0,0
2024-01-08 14:00:00,0,0,0
2024-01-08 15:00:00,0,0,0
2024-01-08 16:00:00,0,0,0
2024-01-08 17:00:00,0,0,0
2024-01-08 18:00:00,0,0,0
2024-01-08 19:00:00,0,0,0
2024-01-08 20:00:00,0,0,0
2024-01-08 21:00:00,0,0,0
2024-01-08 22:00:00,0,0,0
2024-01-08 23:00:00,0,0,0
2024-01-09 00:00:00,0,0,0
2024-01-09 01:00:00,0,0,0
2024-01-09 02:00:00,0,0,0
2024-01-09 03:00:00,0,0,0
2024-01-09 04:00:00,0,0,0
2024-01-09 05:00:00,0,0,0
2024-01-09 06:00:00,0,0,0
2024-01-09 07:00:00,0,0,0
2024-01-09 08:00:00,0,0,0
2024-01-09 09:00:00,0,0,0
2024-01-09 10:00:00,0,0,0
2024-01-09 11:00:00,0,0,0
2024-01-09 12:00:00,0,0,0
2024-01-09 13:00:00,0,0,0
2024-01-09 14:00:00,0,0,0
2024-01-09 15:00:00,0,0,0
2024-01-09 16:00:00,0,0,0
2024-01-09 17:00:00,0,0,0
2024-01-09 18:00:00,0,0,0
2024-01-09 19:00:00,0,0,0
2024-01-09 20:00:00,0,0,0
2024-01-09 21:00:00,0,0,0
2024-01-09 22:00:00,0,0,0
2024-01-09 23:00:00,0,0,0
2024-01-10 00:00:00,0,0,0
2024-01-10 01:00:00,0,0,0
2024-01-10 02:00:00,0,0,0
2024-01-10 03:00:00,0,0,0
2024-01-10 04:00:00,0,0,0
2024-01-10 05:00:00,0,0,0
2024-01-10 06:00:00,0,0,0
2024-01-10 07:00:00,0,0,0
2024-01-10 08:00:00,0,0,0
2024-01-10 09:00:00,0,0,0
2024-01-10 10:00:00,0,0,0
2024-01-10 11:00:00,0,0,0
2024-01-10 12:00:00,0,0,0
2024-01-10 13:00:00,0,0,0
2024-01-10 14:00:00,0,0,0
2024-01-10 15:00:00,0,0,0
2024-01-10 16:00:00,0,0,0
2024-01-10 17:00:00,0,0,0
2024-01-10 18:00:00,0,0,0
2024-01-10 19:00:00,0,0,0
2024-01-10 20:00:00,0,0,0
2024-01-10 21:00:00,0,0,0
2024-01-10 22:00:00,0,0,0
2024-01-10 23:00:00,0,0,0
2024-01-11 00:00:00,0,0,0
2024-01-11 01:00:00,0,0,0
2024-01-11 02:00:00,0,0,0
2024-01-11 03:00:00,0,0,0
2024-01-11 04:00:00,0,0,0
2024-01-11 05:00:00,0,0,0
2024-01-11 06:00:00,0,0,0
2024-01-11 07:00:00,0,0,0
2024-01-11 08:00:00,0,0,0
2024-01-11 09:00:00,0,0,0
2024-01-11 10:00:00,0,0,0
2024-01-11 11:00:00,0,0,0
2024-01-11 12:00:00,0,0,0
2024-01-11 13:00:00,0,0,0
2024-01-11 14:00:00,0,0,0
2024-01-11 15:00:00,0,0,0
2024-01-11 16:00:00,0,0,0
2024-01-11 17:00:00,0,0,0
2024-01-11 18:00:00,0,0,0
2024-01-11 19:00:00,0,0,0
2024-01-11 20:00:00,0,0,0
2024-01-11 21:00:00,0,0,0
2024-01-11 22:00:00,0,0,0
2024-01-11 23:00:00,0,0,0
2024-01-12 00:00:00,0,0,0
2024-01-12 01:00:00,0,0,0
2024-01-12 02:00:00,0,0,0
2024-01-12 03:00:00,0,0,0
2024-01-12 04:00:00,0,0,0
2024-01-12 05:00:00,0,0,0
2024-01-12 06:00:00,0,0,0
2024-01-12 07:00:00,0,0,0
2024-01-12 08:00:00,0,0,0
2024-01-12 09:00:00,0,0,0
2024-01-12 10:00:00,0,0,0
2024-01-12 11:00:00,0,0,0
2024-01-12 12:00:00,0,0,0
2024-01-12 13:00:00,0,0,0
2024-01-12 14:00:00,0,0,0
2024-01-12 15:00:00,0,0,0
2024-01-12 16:00:00,0,0,0
2024-01-12 17:00:00,0,0,0
2024-01-12 18:00:00,0,0,0
2024-01-12 19:00:00,0,0,0
2024-01-12 20:00:00,0,0,0
2024-01-12 21:00:00,0,0,0
2024-01-12 22:00:00,0,0,0
2024-01-12 23:00:00,0,0,0
2024-01-13 00:00:00,0,0,0
2024-01-13 01:00:00,0,0,0
2024-01-13 02:00:00,0,0,0
2024-01-13 03:00:00,0,0,0
2024-01-13 04:00:00,0,0,0
2024-01-13 05:00:00,0,0,0
2024-01-13 06:00:00,0,0,0
2024-01-13 07:00:00,0,0,0
2024-01-13 08:00:00,0,0,0
2024-01-13 09:00:00,0,0,0
2024-01-13 10:00:00,0,0,0
2024-01-13 11:00:00,0,0,0
2024-01-13 12:00:00,0,0,0
2024-01-13 13:00:00,0,0,0
2024-01-13 14:00:00,0,0,0
2024-01-13 15:00:00,0,0,0
2024-01-13 16:00:00,0,0,0
2024-01-13 17:00:00,0,0,0
2024-01-13 18:00:00,0,0,0
2024-01-13 19:00:00,0,0,0
2024-01-13 20:00:00,0,0,0
2024-01-13 21:00:00,0,0,0
2024-01-13 22:00:00,0,0,0
2024-01-13 23:00:00,0,0,0
2024-01-14 00:00:00,0,0,0
2024-01-14 01:00:00,0,0,0
2024-01-14 02:00:00,0,0,0
2024-01-14 03:00:00,0,0,0
2024-01-14 04:00:00,0,0,0
2024-01-14 05:00:00,0,0,0
2024-01-14 06:00:00,0,0,0
2024-01-14 07:00:00,0,0,0
2024-01-14 08:00:00,0,0,0
2024-01-14 09:00:00,0,0,0
2024-01-14 10:00:00,0,0,0
2024-01-14 11:00:00,0,0,0
2024-01-14 12:00:00,0,0,0
2024-01-14 13:00:00,0,0,0
2024-01-14 14:00:00,0,0,0
2024-01-14 15:00:00,0,0,0
2024-01-14 16:00:00,0,0,0
2024-01-14 17:00:00,0,0,0
2024-01-14 18:00:00,0,0,0
2024-01-14 19:00:00,0,0,0
2024-01-14 20:00:00,0,0,0
2024-01-14 21:00:00,0,0,0
2024-01-14 22:00:00,0,0,0
2024-01-14 23:00:00,0,0,0
2024-01-15 00:00:00,0,0,0
2024-01-15 01:00:00,0,0,0
2024-01-15 02:00:00,0,0,0
2024-01-15 03:00:00,0,0,0
2024-01-15 04:00:00,0,0,0
2024-01-15 05:00:00,0,0,0
2024-01-15 06:00:00,0,0,0
2024-01-15 07:00:00,0,0,0
2024-01-15 08:00:00,0,0,0
2024-01-15 09:00:00,0,0,0
2024-01-15 10:00:00,0,0,0
2024-01-15 11:00:00,0,0,0
2024-01-15 12:00:00,0,0,0
2024-01-15 13:00:00,0,0,0
2024-01-15 14:00:00,0,0,0
2024-01-15 15:00:00,0,0,0
2024-01-15 16:00:00,0,0,0
2024-01-15 17:00:00,0,0,0
2024-01-15 18:00:00,0,0,0
2024-01-15 19:00:00,0,0,0
2024-01-15 20:00:00,0,0,0
2024-01-15 21:00:00,0,0,0
2024-01-15 22:00:00,0,0,0
2024-01-15 23:00:00,0,0,0
2024-01-16 00:00:00,0,0,0
2024-01-16 01:00:00,0,0,0
2024-01-16 02:00:00,0,0,0
2024-01-16 03:00:00,0,0,0
2024-01-16 04:00:00,0,0,0
2024-01-16 05:00:00,0,0,0
2024-01-16 06:00:00,0,0,0
2024-01-16 07:00:00,0,0,0
2024-01-16 08:00:00,0,0,0
2024-01-16 09:00:00,0,0,0
2024-01-16 10:00:00,0,0,0
2024-01-16 11:00:00,0,0,0
2024-01-16 12:00:00,0,0,0
2024-01-16 13:00:00,0,0,0
2024-01-16 14:00:00,0,0,0
2024-01-16 15:00:00,0,0,0
2024-01-16 16:00:00,0,0,0
2024-01-16 17:00:00,0,0,0
2024-01-16 18:00:00,0,0,0
2024-01-16 19:00:00,0,0,0
2024-01-16 20:00:00,0,0,0
2024-01-16 21:00:00,0,0,0
2024-01-16 22:00:00,0,0,0
2024-01-16 23:00:00,0,0,0
2024-01-17 00:00:00,0,0,0
2024-01-17 01:00:00,0,0,0
2024-01-17 02:00:00,0,0,0
2024-01-17 03:00:00,0,0,0
2024-01-17 04:00:00,0,0,0
2024-01-17 05:00:00,0,0,0
2024-01-17 06:00:00,0,0,0
2024-01-17 07:00:00,0,0,0
2024-01-17 08:00:00,0,0,0
2024-01-17 09:00:00,0,0,0
2024-01-17 10:00:00,0,0,0
2024-01-17 11:00:00,0,0,0
2024-01-17 12:00:00,0,0,0
2024-01-17 13:00:00,0,0,0
2024-01-17 14:00:00,0,0,0
2024-01-17 15:00:00,0,0,0
2024-01-17 16:00:00,0,0,0
2024-01-17 17:00:00,0,0,0
2024-01-17 18:00:00,0,0,0
2024-01-17 19:00:00,0,0,0
2024-01-17 20:00:00,0,0,0
2024-01-17 21:00:00,0,0,0
2024-01-17 22:00:00,0,0,0
2024-01-17 23:00:00,0,0,0
2024-01-18 00:00:00,0,0,0
2024-01-18 01:00:00,0,0,0
2024-01-18 02:00:00,0,0,0
2024-01-18 03:00:00,0,0,0
2024-01-18 04:00:00,0,0,0
2024-01-18 05:00:00,0,0,0
2024-01-18 06:00:00,0,0,0
2024-01-18 07:00:00,0,0,0
2024-01-18 08:00:00,0,0,0
2024-01-18 09:00:00,0,0,0
2024-01-18 10:00:00,0,0,0
2024-01-18 11:00:00,0,0,0
2024-01-18 12:00:00,0,0,0
2024-01-18 13:00:00,0,0,0
2024-01-18 14:00:00,0,0,0
2024-01-18 15:00:00,0,0,0
2024-01-18 16:00:00,0,0,0
2024-01-18 17:00:00,0,0,0
2024-01-18 18:00:00,0,0,0
2024-01-18 19:00:00,0,0,0
2024-01-18 20:00:00,0,0,0
2024-01-18 21:00:00,0,0,0
2024-01-18 22:00:00,0,0,0
2024-01-18 23:00:00,0,0,0
2024-01-19 00:00:00,0,0,0
2024-01-19 01:00:00,0,0,0
2024-01-19 02:00:00,0,0,0
2024-01-19 03:00:00,0,0,0
2024-01-19 04:00:00,0,0,0
2024-01-19 05:00:00,0,0,0
2024-01-19 06:00:00,0,0,0
2024-01-19 07:00:00,0,0,0
2024-01-19 08:00:00,0,0,0
2024-01-19 09:00:00,0,0,0
2024-01-19 10:00:00,0,0,0
2024-01-19 11:00:00,0,0,0
2024-01-19 12:00:00,0,0,0
2024-01-19 13:00:00,0,0,0
2024-01-19 14:00:00,0,0,0
2024-01-19 15:00:00,0,0,0
2024-01-19 16:00:00,0,0,0
2024-01-19 17:00:00,0,0,0
2024-01-19 18:00:00,0,0,0
2024-01-19 19:00:00,0,0,0
2024-01-19 20:00:00,0,0,0
2024-01-19 21:00:00,0,0,0
2024-01-19 22:00:00,0,0,0
2024-01-19 23:00:00,0,0,0
2024-01-20 00:00:00,0,0,0
2024-01-20 01:00:00,0,0,0
2024-01-20 02:00:00,0,0,0
2024-01-20 03:00:00,0,0,0
2024-01-20 04:00:00,0,0,0
2024-01-20 05:00:00,0,0,0
2024-01-20 06:00:00,0,0,0
2024-01-20 07:00:00,0,0,0
2024-01-20 08:00:00,0,0,0
2024-01-20 09:00:00,0,0,0
2024-01-20 10:00:00,0,0,0
2024-01-20 11:00:00,0,0,0
2024-01-20 12:00:00,0,0,0
2024-01-20 13:00:00,0,0,0
2024-01-20 14:00:00,0,0,0
2024-01-20 15:00:00,0,0,0
2024-01-20 16:00:00,0,0,0
2024-01-20 17:00:00,0,0,0
2024-01-20 18:00:00,0,0,0
2024-01-20 19:00:00,0,0,0
2024-01-20 20:00:00,0,0,0
2024-01-20 21:00:00,0,0,0
2024-01-20 22:00:00,0,0,0
2024-01-20 23:00:00,0,0,0
2024-01-21 00:00:00,0,0,0
2024-01-21 01:00:00,0,0,0
2024-01-21 02:00:00,0,0,0
2024-01-21 03:00:00,0,0,0
2024-01-21 04:00:00,0,0,0
2024-01-21 05:00:00,0,0,0
2024-01-21 06:00:00,0,0,0
2024-01-21 07:00:00,0,0,0
2024-01-21 08:00:00,0,0,0
2024-01-21 09:00:00,0,0,0
2024-01-21 10:00:00,0,0,0
2024-01-21 11:00:00,0,0,0
2024-01-21 12:00:00,0,0,0
2024-01-21 13:00:00,0,0,0
2024-01-21 14:00:00,0,0,0
2024-01-21 15:00:00,0,0,0
2024-01-21 16:00:00,0,0,0
2024-01-21 17:00:00,0,0,0
2024-01-21 18:00:00,0,0,0
2024-01-21 19:00:00,0,0,0
2024-01-21 20:00:00,0,0,0
2024-01-21 21:00:00,0,0,0
2024-01-21 22:00:00,0,0,0
2024-01-21 23:00:00,0,0,0
2024-01-22 00:00:00,0,0,0
2024-01-22 01:00:00,0,0,0
2024-01-22 02:00:00,0,0,0
2024-01-22 03:00:00,0,0,0
2024-01-22 04:00:00,0,0,0
2024-01-22 05:00:00,0,0,0
2024-01-22 06:00:00,0,0,0
2024-01-22 07:00:00,0,0,0
2024-01-22 08:00:00,0,0,0
2024-01-22 09:00:00,0,0,0
2024-01-22 10:00:00,0,0,0
2024-01-22 11:00:00,0,0,0
2024-01-22 12:00:00,0,0,0
2024-01-22 13:00:00,0,0,0
2024-01-22 14:00:00,0,0,0
2024-01-22 15:00:00,0,0,0
2024-01-22 16:00:00,0,0,0
2024-01-22 17:00:00,0,0,0
2024-01-22 18:00:00,0,0,0
2024-01-22 19:00:00,0,0,0
2024-01-22 20:00:00,0,0,0
2024-01-22 21:00:00,0,0,0
2024-01-22 22:00:00,0,0,0
2024-01-22 23:00:00,0,0,0
2024-01-23 00:00:00,0,0,0
2024-01-23 01:00:00,0,0,0
2024-01-23 02:00:00,0,0,0
2024-01-23 03:00:00,0,0,0
2024-01-23 04:00:00,0,0,0
2024-01-23 05:00:00,0,0,0
2024-01-23 06:00:00,0,0,0
2024-01-23 07:00:00,0,0,0
2024-01-23 08:00:00,0,0,0
2024-01-23 09:00:00,0,0,0
2024-01-23 10:00:00,0,0,0
2024-01-23 11:00:00,0,0,0
2024-01-23 12:00:00,0,0,0
2024-01-23 13:00:00,0,0,0
2024-01-23 14:00:00,0,0,0
2024-01-23 15:00:00,0,0,0
2024-01-23 16:00:00,0,0,0
2024-01-23 17:00:00,0,0,0
2024-01-23 18:00:00,0,0,0
2024-01-23 19:00:00,0,0,0
2024-01-23 20:00:00,0,0,0
2024-01-23 21:00:00,0,0,0
2024-01-23 22:00:00,0,0,0
2024-01-23 23:00:00,0,0,0
2024-01-24 00:00:00,0,0,0
2024-01-24 01:00:00,0,0,0
2024-01-24 02:00:00,0,0,0
2024-01-24 03:00:00,0,0,0
2024-01-24 04:00:00,0,0,0
2024-01-24 05:00:00,0,0,0
2024-01-24 06:00:00,0,0,0
2024-01-24 07:00:00,0,0,0
2024-01-24 08:00:00,0,0,0
2024-01-24 09:00:00,0,0,0
2024-01-24 10:00:00,0,0,0
2024-01-24 11:00:00,0,0,0
2024-01-24 12:00:00,0,0,0
2024-01-24 13:00:00,0,0,0
2024-01-24 14:00:00,0,0,0
2024-01-24 15:00:00,0,0,0
2024-01-24 16:00:00,0,0,0
2024-01-24 17:00:00,0,0,0
2024-01-24 18:00:00,0,0,0
2024-01-24 19:00:00,0,0,0
2024-01-24 20:00:00,0,0,0
2024-01-24 21:00:00,0,0,0
2024-01-24 22:00:00,0,0,0
2024-01-24 23:00:00,0,0,0
2024-01-25 00:00:00,0,0,0
2024-01-25 01:00:00,0,0,0
2024-01-25 02:00:00,0,0,0
2024-01-25 03:00:00,0,0,0
2024-01-25 04:00:00,0,0,0
2024-01-25 05:00:00,0,0,0
2024-01-25 06:00:00,0,0,0
2024-01-25 07:00:00,0,0,0
2024-01-25 08:00:00,0,0,0
2024-01-25 09:00:00,0,0,0
2024-01-25 10:00:00,0,0,0
2024-01-25 11:00:00,0,0,0
2024-01-25 12:00:00,0,0,0
2024-01-25 13:00:00,0,0,0
2024-01-25 14:00:00,0,0,0
2024-01-25 15:00:00,0,0,0
2024-01-25 16:00:00,0,0,0
2024-01-25 17:00:00,0,0,0
2024-01-25 18:00:00,0,0,0
2024-01-25 19:00:00,0,0,0
2024-01-25 20:00:00,0,0,0
2024-01-25 21:00:00,0,0,0
2024-01-25 22:00:00,0,0,0
2024-01-25 23:00:00,0,0,0
2024-01-26 00:00:00,0,0,0
2024-01-26 01:00:00,0,0,0
2024-01-26 02:00:00,0,0,0
2024-01-26 03:00:00,0,0,0
2024-01-26 04:00:00,0,0,0
2024-01-26 05:00:00,0,0,0
2024-01-26 06:00:00,0,0,0
2024-01-26 07:00:00,0,0,0
2024-01-26 08:00:00,0,0,0
2024-01-26 09:00:00,0,0,0
2024-01-26 10:00:00,0,0,0
2024-01-26 11:00:00,0,0,0
2024-01-26 12:00:00,0,0,0
2024-01-26 13:00:00,0,0,0
2024-01-26 14:00:00,0,0,0
2024-01-26 15:00:00,0,0,0
2024-01-26 16:00:00,0,0,0
2024-01-26 17:00:00,0,0,0
2024-01-26 18:00:00,0,0,0
2024-01-26 19:00:00,0,0,0
2024-01-26 20:00:00,0,0,0
2024-01-26 21:00:00,0,0,0
2024-01-26 22:00:00,0,0,0
2024-01-26 23:00:00,0,0,0
2024-01-27 00:00:00,0,0,0
2024-01-27 01:00:00,0,0,0
2024-01-27 02:00:00,0,0,0
2024-01-27 03:00:00,0,0,0
2024-01-27 04:00:00,0,0,0
2024-01-27 05:00:00,0,0,0
2024-01-27 06:00:00,0,0,0
2024-01-27 07:00:00,0,0,0
2024-01-27 08:00:00,0,0,0
2024-01-27 09:00:00,0,0,0
2024-01-27 10:00:00,0,0,0
2024-01-27 11:00:00,0,0,0
2024-01-27 12:00:00,0,0,0
2024-01-27 13:00:00,0,0,0
2024-01-27 14:00:00,0,0,0
2024-01-27 15:00:00,0,0,0
2024-01-27 16:00:00,0,0,0
2024-01-27 17:00:00,0,0,0
2024-01-27 18:00:00,0,0,0
2024-01-27 19:00:00,0,0,0
2024-01-27 20:00:00,0,0,0
2024-01-27 21:00:00,0,0,0
2024-01-27 22:00:00,0,0,0
2024-01-27 23:00:00,0,0,0
2024-01-28 00:00:00,0,0,0
2024-01-28 01:00:00,0,0,0
2024-01-28 02:00:00,0,0,0
2024-01-28 03:00:00,0,0,0
2024-01-28 04:00:00,0,0,0
2024-01-28 05:00:00,0,0,0
2024-01-28 06:00:00,0,0,0
2024-01-28 07:00:00,0,0,0
2024-01-28 08:00:00,0,0,0
2024-01-28 09:00:00,0,0,0
2024-01-28 10:00:00,0,0,0
2024-01-28 11:00:00,0,0,0
2024-01-28 12:00:00,0,0,0
2024-01-28 13:00:00,0,0,0
2024-01-28 14:00:00,0,0,0
2024-01-28 15:00:00,0,0,0
2024-01-28 16:00:00,0,0,0
2024-01-28 17:00:00,0,0,0
2024-01-28 18:00:00,0,0,0
2024-01-28 19:00:00,0,0,0
2024-01-28 20:00:00,0,0,0
2024-01-28 21:00:00,0,0,0
2024-01-28 22:00:00,0,0,0
2024-01-28 23:00:00,0,0,0
2024-01-29 00:00:00,0,0,0
2024-01-29 01:00:00,0,0,0
2024-01-29 02:00:00,0,0,0
2024-01-29 03:00:00,0,0,0
2024-01-29 04:00:00,0,0,0
2024-01-29 05:00:00,0,0,0
2024-01-29 06:00:00,0,0,0
2024-01-29 07:00:00,0,0,0
2024-01-29 08:00:00,0,0,0
2024-01-29 09:00:00,0,0,0
2024-01-29 10:00:00,0,0,0
2024-01-29 11:00:00,0,0,0
2024-01-29 12:00:00,0,0,0
2024-01-29 13:00:00,0,0,0
2024-01-29 14:00:00,0,0,0
2024-01-29 15:00:00,0,0,0
2024-01-29 16:00:00,0,0,0
2024-01-29 17:00:00,0,0,0
2024-01-29 18:00:00,0,0,0
2024-01-29 19:00:00,0,0,0
2024-01-29 20:00:00,0,0,0
2024-01-29 21:00:00,0,0,0
2024-01-29 22:00:00,0,0,0
2024-01-29 23:00:00,0,0,0
2024-01-30 00:00:00,0,0,0
2024-01-30 01:00:00,0,0,0
2024-01-30 02:00:00,0,0,0
2024-01-30 03:00:00,0,0,0
2024-01-30 04:00:00,0,0,0
2024-01-30 05:00:00,0,0,0
2024-01-30 06:00:00,0,0,0
2024-01-30 07:00:00,0,0,0
2024-01-30 08:00:00,0,0,0
2024-01-30 09:00:00,0,0,0
2024-01-30 10:00:00,0,0,0
2024-01-30 11:00:00,0,0,0
2024-01-30 12:00:00,0,0,0
2024-01-30 13:00:00,0,0,0
2024-01-30 14:00:00,0,0,0
2024-01-30 15:00:00,0,0,0
2024-01-30 16:00:00,0,0,0
2024-01-30 17:00:00,0,0,0
2024-01-30 18:00:00,0,0,0
2024-01-30 19:00:00,0,0,0
2024-01-30 20:00:00,0,0,0
2024-01-30 21:00:00,0,0,0
2024-01-30 22:00:00,0,0,0
2024-01-30 23:00:00,0,0,0
2024-01-31 00:00:00,0,0,0
2024-01-31 01:00:00,0,0,0
2024-01-31 02:00:00,0,0,0
2024-01-31 03:00:00,0,0,0
2024-01-31 04:00:00,0,0,0
2024-01-31 05:00:00,0,0,0
2024-01-31 06:00:00,0,0,0
2024-01-31 07:00:00,0,0,0
2024-01-31 08:00:00,0,0,0
2024-01-31 09:00:00,0,0,0
2024-01-31 10:00:00,0,0,0
2024-01-31 11:00:00,0,0,0
2024-01-31 12:00:00,0,0,0
2024-01-31 13:00:00,0,0,0
2024-01-31 14:00:00,0,0,0
2024-01-31 15:00:00,0,0,0
2024-01-31 16:00:00,0,0,0
2024-01-31 17:00:00,0,0,0
2024-01-31 18:00:00,0,0,0
2024-01-31 19:00:00,0,0,0
2024-01-31 20:00:00,0,0,0
2024-01-31 21:00:00,0,0,0
2024-01-31 22:00:00,0,0,0
2024-01-31 23:00:00,0,0,0
2024-02-01 00:00:00,0,0,0
2024-02-01 01:00:00,0,0,0
2024-02-01 02:00:00,0,0,0
2024-02-01 03:00:00,0,0,0
2024-02-01 04:00:00,0,0,0
2024-02-01 05:00:00,0,0,0
2024-02-01 06:00:00,0,0,0
2024-02-01 07:00:00,0,0,0
2024-02-01 08:00:00,0,0,0
2024-02-01 09:00:00,0,0,0
2024-02-01 10:00:00,0,0,0
2024-02-01 11:00:00,0,0,0
2024-02-01 12:00:00,0,0,0
2024-02-01 13:00:00,0,0,0
2024-02-01 14:00:00,0,0,0
2024-02-01 15:00:00,0,0,0
2024-02-01 16:00:00,0,0,0
2024-02-01 17:00:00,0,0,0
2024-02-01 18:00:00,0,0,0
2024-02-01 19:00:00,0,0,0
2024-02-01 20:00:00,0,0,0
2024-02-01 21:00:00,0,0,0
2024-02-01 22:00:00,0,0,0
2024-02-01 23:00:00,0,0,0
2024-02-02 00:00:00,0,0,0
2024-02-02 01:00:00,0,0,0
2024-02-02 02:00:00,0,0,0
2024-02-02 03:00:00,0,0,0
2024-02-02 04:00:00,0,0,0
2024-02-02 05:00:00,0,0,0
2024-02-02 06:00:00,0,0,0
2024-02-02 07:00:00,0,0,0
2024-02-02 08:00:00,0,0,0
2024-02-02 09:00:00,0,0,0
2024-02-02 10:00:00,0,0,0
2024-02-02 11:00:00,0,0,0
2024-02-02 12:00:00,0,0,0
2024-02-02 13:00:00,0,0,0
2024-02-02 14:00:00,0,0,0
2024-02-02 15:00:00,0,0,0
2024-02-02 16:00:00,0,0,0
2024-02-02 17:00:00,0,0,0
2024-02-02 18:00:00,0,0,0
2024-02-02 19:00:00,0,0,0
2024-02-02 20:00:00,0,0,0
2024-02-02 21:00:00,0,0,0
2024-02-02 22:00:00,0,0,0
2024-02-02 23:00:00,0,0,0
2024-02-03 00:00:00,0,0,0
2024-02-03 01:00:00,0,0,0
2024-02-03 02:00:00,0,0,0
2024-02-03 03:00:00,0,0,0
2024-02-03 04:00:00,0,0,0
2024-02-03 05:00:00,0,0,0
2024-02-03 06:00:00,0,0,0
2024-02-03 07:00:00,0,0,0
2024-02-03 08:00:00,0,0,0
2024-02-03 09:00:00,0,0,0
2024-02-03 10:00:00,0,0,0
2024-02-03 11:00:00,0,0,0
2024-02-03 12:00:00,0,0,0
2024-02-03 13:00:00,0,0,0
2024-02-03 14:00:00,0,0,0
2024-02-03 15:00:00,0,0,0
2024-02-03 16:00:00,0,0,0
2024-02-03 17:00:00,0,0,0
2024-02-03 18:00:00,0,0,0
2024-02-03 19:00:00,0,0,0
2024-02-03 20:00:00,0,0,0
2024-02-03 21:00:00,0,0,0
2024-02-03 22:00:00,0,0,0
2024-02-03 23:00:00,0,0,0
2024-02-04 00:00:00,0,0,0
2024-02-04 01:00:00,0,0,0
2024-02-04 02:00:00,0,0,0
2024-02-04 03:00:00,0,0,0
2024-02-04 04:00:00,0,0,0
2024-02-04 05:00:00,0,0,0
2024-02-04 06:00:00,0,0,0
2024-02-04 07:00:00,0,0,0
2024-02-04 08:00:00,0,0,0
2024-02-04 09:00:00,0,0,0
2024-02-04 10:00:00,0,0,0
2024-02-04 11:00:00,0,0,0
2024-02-04 12:00:00,0,0,0
2024-02-04 13:00:00,0,0,0
2024-02-04 14:00:00,0,0,0
2024-02-04 15:00:00,0,0,0
2024-02-04 16:00:00,0,0,0
2024-02-04 17:00:00,0,0,0
2024-02-04 18:00:00,0,0,0
2024-02-04 19:00:00,0,0,0
2024-02-04 20:00:00,0,0,0
2024-02-04 21:00:00,0,0,0
2024-02-04 22:00:00,0,0,0
2024-02-04 23:00:00,0,0,0
2024-02-05 00:00:00,0,0,0
2024-02-05 01:00:00,0,0,0
2024-02-05 02:00:00,0,0,0
2024-02-05 03:00:00,0,0,0
2024-02-05 04:00:00,0,0,0
2024-02-05 05:00:00,0,0,0
2024-02-05 06:00:00,0,0,0
2024-02-05 07:00:00,0,0,0
2024-02-05 08:00:00,0,0,0
2024-02-05 09:00:00,0,0,0
2024-02-05 10:00:00,0,0,0
2024-02-05 11:00:00,0,0,0
2024-02-05 12:00:00,0,0,0
2024-02-05 13:00:00,0,0,0
2024-02-05 14:00:00,0,0,0
2024-02-05 15:00:00,0,0,0
2024-02-05 16:00:00,0,0,0
2024-02-05 17:00:00,0,0,0
2024-02-05 18:00:00,0,0,0
2024-02-05 19:00:00,0,0,0
2024-02-05 20:00:00,0,0,0
2024-02-05 21:00:00,0,0,0
2024-02-05 22:00:00,0,0,0
2024-02-05 23:00:00,0,0,0
2024-02-06 00:00:00,0,0,0
2024-02-06 01:00:00,0,0,0
2024-02-06 02:00:00,0,0,0
2024-02-06 03:00:00,0,0,0
2024-02-06 04:00:00,0,0,0
2024-02-06 05:00:00,0,0,0
2024-02-06 06:00:00,0,0,0
2024-02-06 07:00:00,0,0,0
2024-02-06 08:00:00,0,0,0
2024-02-06 09:00:00,0,0,0
2024-02-06 10:00:00,0,0,0
2024-02-06 11:00:00,0,0,0
2024-02-06 12:00:00,0,0,0
2024-02-06 13:00:00,0,0,0
2024-02-06 14:00:00,0,0,0
2024-02-06 15:00:00,0,0,0
2024-02-06 16:00:00,0,0,0
2024-02-06 17:00:00,0,0,0
2024-02-06 18:00:00,0,0,0
2024-02-06 19:00:00,0,0,0
2024-02-06 20:00:00,0,0,0
2024-02-06 21:00:00,0,0,0
2024-02-06 22:00:00,0,0,0
2024-02-06 23:00:00,0,0,0
2024-02-07 00:00:00,0,0,0
2024-02-07 01:00:00,0,0,0
2024-02-07 02:00:00,0,0,0
2024-02-07 03:00:00,0,0,0
2024-02-07 04:00:00,0,0,0
2024-02-07 05:00:00,0,0,0
2024-02-07 06:00:00,0,0,0
2024-02-07 07:00:00,0,0,0
2024-02-07 08:00:00,0,0,0
2024-02-07 09:00:00,0,0,0
2024-02-07 10:00:00,0,0,0
2024-02-07 11:00:00,0,0,0
2024-02-07 12:00:00,0,0,0
2024-02-07 13:00:00,0,0,0
2024-02-07 14:00:00,0,0,0
2024-02-07 15:00:00,0,0,0
2024-02-07 16:00:00,0,0,0
2024-02-07 17:00:00,0,0,0
2024-02-07 18:00:00,0,0,0
2024-02-07 19:00:00,0,0,0
2024-02-07 20:00:00,0,0,0
2024-02-07 21:00:00,0,0,0
2024-02-07 22:00:00,0,0,0
2024-02-07 23:00:00,0,0,0
2024-02-08 00:00:00,0,0,0
2024-02-08 01:00:00,0,0,0
2024-02-08 02:00:00,0,0,0
2024-02-08 03:00:00,0,0,0
2024-02-08 04:00:00,0,0,0
2024-02-08 05:00:00,0,0,0
2024-02-08 06:00:00,0,0,0
2024-02-08 07:00:00,0,0,0
2024-02-08 08:00:00,0,0,0
2024-02-08 09:00:00,0,0,0
2024-02-08 10:00:00,0,0,0
2024-02-08 11:00:00,0,0,0
2024-02-08 12:00:00,0,0,0
2024-02-08 13:00:00,0,0,0
2024-02-08 14:00:00,0,0,0
2024-02-08 15:00:00,0,0,0
2024-02-08 16:00:00,0,0,0
2024-02-08 17:00:00,0,0,0
2024-02-08 18:00:00,0,0,0
2024-02-08 19:00:00,0,0,0
2024-02-08 20:00:00,0,0,0
2024-02-08 21:00:00,0,0,0
2024-02-08 22:00:00,0,0,0
2024-02-08 23:00:00,0,0,0
2024-02-09 00:00:00,0,0,0
2024-02-09 01:00:00,0,0,0
2024-02-09 02:00:00,0,0,0
2024-02-09 03:00:00,0,0,0
2024-02-09 04:00:00,0,0,0
2024-02-09 05:00:00,0,0,0
2024-02-09 06:00:00,0,0,0
2024-02-09 07:00:00,0,0,0
2024-02-09 08:00:00,0,0,0
2024-02-09 09:00:00,0,0,0
2024-02-09 10:00:00,0,0,0
2024-02-09 11:00:00,0,0,0
2024-02-09 12:00:00,0,0,0
2024-02-09 13:00:00,0,0,0
2024-02-09 14:00:00,0,0,0
2024-02-09 15:00:00,0,0,0
2024-02-09 16:00:00,0,0,0
2024-02-09 17:00:00,0,0,0
2024-02-09 18:00:00,0,0,0
2024-02-09 19:00:00,0,0,0
2024-02-09 20:00:00,0,0,0
2024-02-09 21:00:00,0,0,0
2024-02-09 22:00:00,0,0,0
2024-02-09 23:00:00,0,0,0
2024-02-10 00:00:00,0,0,0
2024-02-10 01:00:00,0,0,0
2024-02-10 02:00:00,0,0,0
2024-02-10 03:00:00,0,0,0
2024-02-10 04:00:00,0,0,0
2024-02-10 05:00:00,0,0,0
2024-02-10 06:00:00,0,0,0
2024-02-10 07:00:00,0,0,0
2024-02-10 08:00:00,0,0,0
2024-02-10 09:00:00,0,0,0
2024-02-10 10:00:00,0,0,0
2024-02-10 11:00:00,0,0,0
2024-02-10 12:00:00,0,0,0
2024-02-10 13:00:00,0,0,0
2024-02-10 14:00:00,0,0,0
2024-02-10 15:00:00,0,0,0
2024-02-10 16:00:00,0,0,0
2024-02-10 17:00:00,0,0,0
2024-02-10 18:00:00,0,0,0
2024-02-10 19:00:00,0,0,0
2024-02-10 20:00:00,0,0,0
2024-02-10 21:00:00,0,0,0
2024-02-10 22:00:00,0,0,0
2024-02-10 23:00:00,0,0,0
2024-02-11 00:00:00,0,0,0
2024-02-11 01:00:00,0,0,0
2024-02-11 02:00:00,0,0,0
2024-02-11 03:00:00,0,0,0
2024-02-11 04:00:00,0,0,0
2024-02-11 05:00:00,0,0,0
2024-02-11 06:00:00,0,0,0
2024-02-11 07:00:00,0,0,0
2024-02-11 08:00:00,0,0,0
2024-02-11 09:00:00,0,0,0
2024-02-11 10:00:00,0,0,0
2024-02-11 11:00:00,0,0,0
2024-02-11 12:00:00,0,0,0
2024-02-11 13:00:00,0,0,0
2024-02-11 14:00:00,0,0,0
2024-02-11 15:00:00,0,0,0
2024-02-11 16:00:00,0,0,0
2024-02-11 17:00:00,0,0,0
2024-02-11 18:00:00,0,0,0
2024-02-11 19:00:00,0,0,0
2024-02-11 20:00:00,0,0,0
2024-02-11 21:00:00,0,0,0
2024-02-11 22:00:00,0,0,0
2024-02-11 23:00:00,0,0,0
2024-02-12 00:00:00,0,0,0
2024-02-12 01:00:00,0,0,0
2024-02-12 02:00:00,0,0,0
2024-02-12 03:00:00,0,0,0
2024-02-12 04:00:00,0,0,0
2024-02-12 05:00:00,0,0,0
2024-02-12 06:00:00,0,0,0
2024-02-12 07:00:00,0,0,0
2024-02-12 08:00:00,0,0,0
2024-02-12 09:00:00,0,0,0
2024-02-12 10:00:00,0,0,0
2024-02-12 11:00:00,0,0,0
2024-02-12 12:00:00,0,0,0
2024-02-12 13:00:00,0,0,0
2024-02-12 14:00:00,0,0,0
2024-02-12 15:00:00,0,0,0
2024-02-12 16:00:00,0,0,0
2024-02-12 17:00:00,0,0,0
2024-02-12 18:00:00,0,0,0
2024-02-12 19:00:00,0,0,0
2024-02-12 20:00:00,0,0,0
2024-02-12 21:00:00,0,0,0
2024-02-12 22:00:00,0,0,0
2024-02-12 23:00:00,0,0,0
2024-02-13 00:00:00,0,0,0
2024-02-13 01:00:00,0,0,0
2024-02-13 02:00:00,0,0,0
2024-02-13 03:00:00,0,0,0
2024-02-13 04:00:00,0,0,0
2024-02-13 05:00:00,0,0,0
2024-02-13 06:00:00,0,0,0
2024-02-13 07:00:00,0,0,0
2024-02-13 08:00:00,0,0,0
2024-02-13 09:00:00,0,0,0
2024-02-13 10:00:00,0,0,0
2024-02-13 11:00:00,0,0,0
2024-02-13 12:00:00,0,0,0
2024-02-13 13:00:00,0,0,0
2024-02-13 14:00:00,0,0,0
2024-02-13 15:00:00,0,0,0
2024-02-13 16:00:00,0,0,0
2024-02-13 17:00:00,0,0,0
2024-02-13 18:00:00,0,0,0
2024-02-13 19:00:00,0,0,0
2024-02-13 20:00:00,0,0,0
2024-02-13 21:00:00,0,0,0
2024-02-13 22:00:00,0,0,0
2024-02-13 23:00:00,0,0,0
2024-02-14 00:00:00,0,0,0
2024-02-14 01:00:00,0,0,0
2024-02-14 02:00:00,0,0,0
2024-02-14 03:00:00,0,0,0
2024-02-14 04:00:00,0,0,0
2024-02-14 05:00:00,0,0,0
2024-02-14 06:00:00,0,0,0
2024-02-14 07:00:00,0,0,0
2024-02-14 08:00:00,0,0,0
2024-02-14 09:00:00,0,0,0
2024-02-14 10:00:00,0,0,0
2024-02-14 11:00:00,0,0,0
2024-02-14 12:00:00,0,0,0
2024-02-14 13:00:00,0,0,0
2024-02-14 14:00:00,0,0,0
2024-02-14 15:00:00,0,0,0
2024-02-14 16:00:00,0,0,0
2024-02-14 17:00:00,0,0,0
2024-02-14 18:00:00,0,0,0
2024-02-14 19:00:00,0,0,0
2024-02-14 20:00:00,0,0,0
2024-02-14 21:00:00,0,0,0
2024-02-14 22:00:00,0,0,0
2024-02-14 23:00:00,0,0,0
2024-02-15 00:00:00,0,0,0
2024-02-15 01:00:00,0,0,0
2024-02-15 02:00:00,0,0,0
2024-02-15 03:00:00,0,0,0
2024-02-15 04:00:00,0,0,0
2024-02-15 05:00:00,0,0,0
2024-02-15 06:00:00,0,0,0
2024-02-15 07:00:00,0,0,0
2024-02-15 08:00:00,0,0,0
2024-02-15 09:00:00,0,0,0
2024-02-15 10:00:00,0,0,0
2024-02-15 11:00:00,0,0,0
2024-02-15 12:00:00,0,0,0
2024-02-15 13:00:00,0,0,0
2024-02-15 14:00:00,0,0,0
2024-02-15 15:00:00,0,0,0
2024-02-15 16:00:00,0,0,0
2024-02-15 17:00:00,0,0,0
2024-02-15 18:00:00,0,0,0
2024-02-15 19:00:00,0,0,0
2024-02-15 20:00:00,0,0,0
2024-02-15 21:00:00,0,0,0
2024-02-15 22:00:00,0,0,0
2024-02-15 23:00:00,0,0,0
2024-02-16 00:00:00,0,0,0
2024-02-16 01:00:00,0,0,0
2024-02-16 02:00:00,0,0,0
2024-02-16 03:00:00,0,0,0
2024-02-16 04:00:00,0,0,0
2024-02-16 05:00:00,0,0,0
2024-02-16 06:00:00,0,0,0
2024-02-16 07:00:00,0,0,0
2024-02-16 08:00:00,0,0,0
2024-02-16 09:00:00,0,0,0
2024-02-16 10:00:00,0,0,0
2024-02-16 11:00:00,0,0,0
2024-02-16 12:00:00,0,0,0
2024-02-16 13:00:00,0,0,0
2024-02-16 14:00:00,0,0,0
2024-02-16 15:00:00,0,0,0
2024-02-16 16:00:00,0,0,0
2024-02-16 17:00:00,0,0,0
2024-02-16 18:00:00,0,0,0
2024-02-16 19:00:00,0,0,0
2024-02-16 20:00:00,0,0,0
2024-02-16 21:00:00,0,0,0
2024-02-16 22:00:00,0,0,0
2024-02-16 23:00:00,0,0,0
2024-02-17 00:00:00,0,0,0
2024-02-17 01:00:00,0,0,0
2024-02-17 02:00:00,0,0,0
2024-02-17 03:00:00,0,0,0
2024-02-17 04:00:00,0,0,0
2024-02-17 05:00:00,0,0,0
2024-02-17 06:00:00,0,0,0
2024-02-17 07:00:00,0,0,0
2024-02-17 08:00:00,0,0,0
2024-02-17 09:00:00,0,0,0
2024-02-17 10:00:00,0,0,0
2024-02-17 11:00:00,0,0,0
2024-02-17 12:00:00,0,0,0
2024-02-17 13:00:00,0,0,0
2024-02-17 14:00:00,0,0,0
2024-02-17 15:00:00,0,0,0
2024-02-17 16:00:00,0,0,0
2024-02-17 17:00:00,0,0,0
2024-02-17 18:00:00,0,0,0
2024-02-17 19:00:00,0,0,0
2024-02-17 20:00:00,0,0,0
2024-02-17 21:00:00,0,0,0
2024-02-17 22:00:00,0,0,0
2024-02-17 23:00:00,0,0,0
2024-02-18 00:00:00,0,0,0
2024-02-18 01:00:00,0,0,0
2024-02-18 02:00:00,0,0,0
2024-02-18 03:00:00,0,0,0
2024-02-18 04:00:00,0,0,0
2024-02-18 05:00:00,0,0,0
2024-02-18 06:00:00,0,0,0
2024-02-18 07:00:00,0,0,0
2024-02-18 08:00:00,0,0,0
2024-02-18 09:00:00,0,0,0
2024-02-18 10:00:00,0,0,0
2024-02-18 11:00:00,0,0,0
2024-02-18 12:00:00,0,0,0
2024-02-18 13:00:00,0,0,0
2024-02-18 14:00:00,0,0,0
2024-02-18 15:00:00,0,0,0
2024-02-18 16:00:00,0,0,0
2024-02-18 17:00:00,0,0,0
2024-02-18 18:00:00,0,0,0
2024-02-18 19:00:00,0,0,0
2024-02-18 20:00:00,0,0,0
2024-02-18 21:00:00,0,0,0
2024-02-18 22:00:00,0,0,0
2024-02-18 23:00:00,0,0,0
2024-02-19 00:00:00,0,0,0
2024-02-19 01:00:00,0,0,0
2024-02-19 02:00:00,0,0,0
2024-02-19 03:00:00,0,0,0
2024-02-19 04:00:00,0,0,0
2024-02-19 05:00:00,0,0,0
2024-02-19 06:00:00,0,0,0
2024-02-19 07:00:00,0,0,0
2024-02-19 08:00:00,0,0,0
2024-02-19 09:00:00,0,0,0
2024-02-19 10:00:00,0,0,0
2024-02-19 11:00:00,0,0,0
2024-02-19 12:00:00,0,0,0
2024-02-19 13:00:00,0,0,0
2024-02-19 14:00:00,0,0,0
2024-02-19 15:00:00,0,0,0
2024-02-19 16:00:00,0,0,0
2024-02-19 17:00:00,0,0,0
2024-02-19 18:00:00,0,0,0
2024-02-19 19:00:00,0,0,0
2024-02-19 20:00:00,0,0,0
2024-02-19 21:00:00,0,0,0
2024-02-19 22:00:00,0,0,0
2024-02-19 23:00:00,0,0,0
2024-02-20 00:00:00,0,0,0
2024-02-20 01:00:00,0,0,0
2024-02-20 02:00:00,0,0,0
2024-02-20 03:00:00,0,0,0
2024-02-20 04:00:00,0,0,0
2024-02-20 05:00:00,0,0,0
2024-02-20 06:00:00,0,0,0
2024-02-20 07:00:00,0,0,0
2024-02-20 08:00:00,0,0,0
2024-02-20 09:00:00,0,0,0
2024-02-20 10:00:00,0,0,0
2024-02-20 11:00:00,0,0,0
2024-02-20 12:00:00,0,0,0
2024-02-20 13:00:00,0,0,0
2024-02-20 14:00:00,0,0,0
2024-02-20 15:00:00,0,0,0
2024-02-20 16:00:00,0,0,0
2024-02-20 17:00:00,0,0,0
2024-02-20 18:00:00,0,0,0
2024-02-20 19:00:00,0,0,0
2024-02-20 20:00:00,0,0,0
2024-02-20 21:00:00,0,0,0
2024-02-20 22:00:00,0,0,0
2024-02-20 23:00:00,0,0,0
2024-02-21 00:00:00,0,0,0
2024-02-21 01:00:00,0,0,0
2024-02-21 02:00:00,0,0,0
2024-02-21 03:00:00,0,0,0
2024-02-21 04:00:00,0,0,0
2024-02-21 05:00:00,0,0,0
2024-02-21 06:00:00,0,0,0
2024-02-21 07:00:00,0,0,0
2024-02-21 08:00:00,0,0,0
2024-02-21 09:00:00,0,0,0
2024-02-21 10:00:00,0,0,0
2024-02-21 11:00:00,0,0,0
2024-02-21 12:00:00,0,0,0
2024-02-21 13:00:00,0,0,0
2024-02-21 14:00:00,0,0,0
2024-02-21 15:00:00,0,0,0
2024-02-21 16:00:00,0,0,0
2024-02-21 17:00:00,0,0,0
2024-02-21 18:00:00,0,0,0
2024-02-21 19:00:00,0,0,0
2024-02-21 20:00:00,0,0,0
2024-02-21 21:00:00,0,0,0
2024-02-21 22:00:00,0,0,0
2024-02-21 23:00:00,0,0,0
2024-02-22 00:00:00,0,0,0
2024-02-22 01:00:00,0,0,0
2024-02-22 02:00:00,0,0,0
2024-02-22 03:00:00,0,0,0
2024-02-22 04:00:00,0,0,0
2024-02-22 05:00:00,0,0,0
2024-02-22 06:00:00,0,0,0
2024-02-22 07:00:00,0,0,0
2024-02-22 08:00:00,0,0,0
2024-02-22 09:00:00,0,0,0
2024-02-22 10:00:00,0,0,0
2024-02-22 11:00:00,0,0,0
2024-02-22 12:00:00,0,0,0
2024-02-22 13:00:00,0,0,0
2024-02-22 14:00:00,0,0,0
2024-02-22 15:00:00,0,0,0
2024-02-22 16:00:00,0,0,0
2024-02-22 17:00:00,0,0,0
2024-02-22 18:00:00,0,0,0
2024-02-22 19:00:00,0,0,0
2024-02-22 20:00:00,0,0,0
2024-02-22 21:00:00,0,0,0
2024-02-22 22:00:00,0,0,0
2024-02-22 23:00:00,0,0,0
2024-02-23 00:00:00,0,0,0
2024-02-23 01:00:00,0,0,0
2024-02-23 02:00:00,0,0,0
2024-02-23 03:00:00,0,0,0
2024-02-23 04:00:00,0,0,0
2024-02-23 05:00:00,0,0,0
2024-02-23 06:00:00,0,0,0
2024-02-23 07:00:00,0,0,0
2024-02-23 08:00:00,0,0,0
2024-02-23 09:00:00,0,0,0
2024-02-23 10:00:00,0,0,0
2024-02-23 11:00:00,0,0,0
2024-02-23 12:00:00,0,0,0
2024-02-23 13:00:00,0,0,0
2024-02-23 14:00:00,0,0,0
2024-02-23 15:00:00,0,0,0
2024-02-23 16:00:00,0,0,0
2024-02-23 17:00:00,0,0,0
2024-02-23 18:00:00,0,0,0
2024-02-23 19:00:00,0,0,0
2024-02-23 20:00:00,0,0,0
2024-02-23 21:00:00,0,0,0
2024-02-23 22:00:00,0,0,0
2024-02-23 23:00:00,0,0,0
2024-02-24 00:00:00,0,0,0
2024-02-24 01:00:00,0,0,0
2024-02-24 02:00:00,0,0,0
2024-02-24 03:00:00,0,0,0
2024-02-24 04:00:00,0,0,0
2024-02-24 05:00:00,0,0,0
2024-02-24 06:00:00,0,0,0
2024-02-24 07:00:00,0,0,0
2024-02-24 08:00:00,0,0,0
2024-02-24 09:00:00,0,0,0
2024-02-24 10:00:00,0,0,0
2024-02-24 11:00:00,0,0,0
2024-02-24 12:00:00,0,0,0
2024-02-24 13:00:00,0,0,0
2024-02-24 14:00:00,0,0,0
2024-02-24 15:00:00,0,0,0
2024-02-24 16:00:00,0,0,0
2024-02-24 17:00:00,0,0,0
2024-02-24 18:00:00,0,0,0
2024-02-24 19:00:00,0,0,0
2024-02-24 20:00:00,0,0,0
2024-02-24 21:00:00,0,0,0
2024-02-24 22:00:00,0,0,0
2024-02-24 23:00:00,0,0,0
2024-02-25 00:00:00,0,0,0
2024-02-25 01:00:00,0,0,0
2024-02-25 02:00:00,0,0,0
2024-02-25 03:00:00,0,0,0
2024-02-25 04:00:00,0,0,0
2024-02-25 05:00:00,0,0,0
2024-02-25 06:00:00,0,0,0
2024-02-25 07:00:00,0,0,0
2024-02-25 08:00:00,0,0,0
2024-02-25 09:00:00,0,0,0
2024-02-25 10:00:00,0,0,0
2024-02-25 11:00:00,0,0,0
2024-02-25 12:00:00,0,0,0
2024-02-25 13:00:00,0,0,0
2024-02-25 14:00:00,0,0,0
2024-02-25 15:00:00,0,0,0
2024-02-25 16:00:00,0,0,0
2024-02-25 17:00:00,0,0,0
2024-02-25 18:00:00,0,0,0
2024-02-25 19:00:00,0,0,0
2024-02-25 20:00:00,0,0,0
2024-02-25 21:00:00,0,0,0
2024-02-25 22:00:00,0,0,0
2024-02-25 23:00:00,0,0,0
2024-02-26 00:00:00,0,0,0
2024-02-26 01:00:00,0,0,0
2024-02-26 02:00:00,0,0,0
2024-02-26 03:00:00,0,0,0
2024-02-26 04:00:00,0,0,0
2024-02-26 05:00:00,0,0,0
2024-02-26 06:00:00,0,0,0
2024-02-26 07:00:00,0,0,0
2024-02-26 08:00:00,0,0,0
2024-02-26 09:00:00,0,0,0
2024-02-26 10:00:00,0,0,0
2024-02-26 11:00:00,0,0,0
2024-02-26 12:00:00,0,0,0
2024-02-26 13:00:00,0,0,0
2024-02-26 14:00:00,0,0,0
2024-02-26 15:00:00,0,0,0
2024-02-26 16:00:00,0,0,0
2024-02-26 17:00:00,0,0,0
2024-02-26 18:00:00,0,0,0
2024-02-26 19:00:00,0,0,0
2024-02-26 20:00:00,0,0,0
2024-02-26 21:00:00,0,0,0
2024-02-26 22:00:00,0,0,0
2024-02-26 23:00:00,0,0,0
2024-02-27 00:00:00,0,0,0
2024-02-27 01:00:00,0,0,0
2024-02-27 02:00:00,0,0,0
2024-02-27 03:00:00,0,0,0
2024-02-27 04:00:00,0,0,0
2024-02-27 05:00:00,0,0,0
2024-02-27 06:00:00,0,0,0
2024-02-27 07:00:00,0,0,0
2024-02-27 08:00:00,0,0,0
2024-02-27 09:00:00,0,0,0
2024-02-27 10:00:00,0,0,0
2024-02-27 11:00:00,0,0,0
2024-02-27 12:00:00,0,0,0
2024-02-27 13:00:00,0,0,0
2024-02-27 14:00:00,0,0,0
2024-02-27 15:00:00,0,0,0
2024-02-27 16:00:00,0,0,0
2024-02-27 17:00:00,0,0,0
2024-02-27 18:00:00,0,0,0
2024-02-27 19:00:00,0,0,0
2024-02-27 20:00:00,0,0,0
2024-02-27 21:00:00,0,0,0
2024-02-27 22:00:00,0,0,0
2024-02-27 23:00:00,0,0,0
2024-02-28 00:00:00,0,0,0
2024-02-28 01:00:00,0,0,0
2024-02-28 02:00:00,0,0,0
2024-02-28 03:00:00,0,0,0
2024-02-28 04:00:00,0,0,0
2024-02-28 05:00:00,0,0,0
2024-02-28 06:00:00,0,0,0
2024-02-28 07:00:00,0,0,0
2024-02-28 08:00:00,0,0,0
2024-02-28 09:00:00,0,0,0
2024-02-28 10:00:00,0,0,0
2024-02-28 11:00:00,0,0,0
2024-02-28 12:00:00,0,0,0
2024-02-28 13:00:00,0,0,0
2024-02-28 14:00:00,0,0,0
2024-02-28 15:00:00,0,0,0
2024-02-28 16:00:00,0,0,0
2024-02-28 17:00:00,0,0,0
2024-02-28 18:00:00,0,0,0
2024-02-28 19:00:00,0,0,0
2024-02-28 20:00:00,0,0,0
2024-02-28 21:00:00,0,0,0
2024-02-28 22:00:00,0,0,0
2024-02-28 23:00:00,0,0,0
2024-02-29 00:00:00,0,0,0
2024-02-29 01:00:00,0,0,0
2024-02-29 02:00:00,0,0,0
2024-02-29 03:00:00,0,0,0
2024-02-29 04:00:00,0,0,0
2024-02-29 05:00:00,0,0,0
2024-02-29 06:00:00,0,0,0
2024-02-29 07:00:00,0,0,0
2024-02-29 08:00:00,0,0,0
2024-02-29 09:00:00,0,0,0
2024-02-29 10:00:00,0,0,0
2024-02-29 11:00:00,0,0,0
2024-02-29 12:00:00,0,0,0
2024-02-29 13:00:00,0,0,0
2024-02-29 14:00:00,0,0,0
2024-02-29 15:00:00,0,0,0
2024-02-29 16:00:00,0,0,0
2024-02-29 17:00:00,0,0,0
2024-02-29 18:00:00,0,0,0
2024-02-29 19:00:00,0,0,0
2024-02-29 20:00:00,0,0,0
2024-02-29 21:00:00,0,0,0
2024-02-29 22:00:00,0,0,0
2024-02-29 23:00:00,0,0,0
2024-03-01 00:00:00,0,0,0
2024-03-01 01:00:00,0,0,0
2024-03-01 02:00:00,0,0,0
2024-03-01 03:00:00,0,0,0
2024-03-01 04:00:00,0,0,0
2024-03-01 05:00:00,0,0,0
2024-03-01 06:00:00,0,0,0
2024-03-01 07:00:00,0,0,0
2024-03-01 08:00:00,0,0,0
2024-03-01 09:00:00,0,0,0
2024-03-01 10:00:00,0,0,0
2024-03-01 11:00:00,0,0,0
2024-03-01 12:00:00,0,0,0
2024-03-01 13:00:00,0,0,0
2024-03-01 14:00:00,0,0,0
2024-03-01 15:00:00,0,0,0
2024-03-01 16:00:00,0,0,0
2024-03-01 17:00:00,0,0,0
2024-03-01 18:00:00,0,0,0
2024-03-01 19:00:00,0,0,0
2024-03-01 20:00:00,0,0,0
2024-03-01 21:00:00,0,0,0
2024-03-01 22:00:00,0,0,0
2024-03-01 23:00:00,0,0,0
2024-03-02 00:00:00,0,0,0
2024-03-02 01:00:00,0,0,0
2024-03-02 02:00:00,0,0,0
2024-03-02 03:00:00,0,0,0
2024-03-02 04:00:00,0,0,0
2024-03-02 05:00:00,0,0,0
2024-03-02 06:00:00,0,0,0
2024-03-02 07:00:00,0,0,0
2024-03-02 08:00:00,0,0,0
2024-03-02 09:00:00,0,0,0
2024-03-02 10:00:00,0,0,0
2024-03-02 11:00:00,0,0,0
2024-03-02 12:00:00,0,0,0
2024-03-02 13:00:00,0,0,0
2024-03-02 14:00:00,0,0,0
2024-03-02 15:00:00,0,0,0
2024-03-02 16:00:00,0,0,0
2024-03-02 17:00:00,0,0,0
2024-03-02 18:00:00,0,0,0
2024-03-02 19:00:00,0,0,0
2024-03-02 20:00:00,0,0,0
2024-03-02 21:00:00,0,0,0
2024-03-02 22:00:00,0,0,0
2024-03-02 23:00:00,0,0,0
2024-03-03 00:00:00,0,0,0
2024-03-03 01:00:00,0,0,0
2024-03-03 02:00:00,0,0,0
2024-03-03 03:00:00,0,0,0
2024-03-03 04:00:00,0,0,0
2024-03-03 05:00:00,0,0,0
2024-03-03 06:00:00,0,0,0
2024-03-03 07:00:00,0,0,0
2024-03-03 08:00:00,0,0,0
2024-03-03 09:00:00,0,0,0
2024-03-03 10:00:00,0,0,0
2024-03-03 11:00:00,0,0,0
2024-03-03 12:00:00,0,0,0
2024-03-03 13:00:00,0,0,0
2024-03-03 14:00:00,0,0,0
2024-03-03 15:00:00,0,0,0
2024-03-03 16:00:00,0,0,0
2024-03-03 17:00:00,0,0,0
2024-03-03 18:00:00,0,0,0
2024-03-03 19:00:00,0,0,0
2024-03-03 20:00:00,0,0,0
2024-03-03 21:00:00,0,0,0
2024-03-03 22:00:00,0,0,0
2024-03-03 23:00:00,0,0,0
2024-03-04 00:00:00,0,0,0
2024-03-04 01:00:00,0,0,0
2024-03-04 02:00:00,0,0,0
2024-03-04 03:00:00,0,0,0
2024-03-04 04:00:00,0,0,0
2024-03-04 05:00:00,0,0,0
2024-03-04 06:00:00,0,0,0
2024-03-04 07:00:00,0,0,0
2024-03-04 08:00:00,0,0,0
2024-03-04 09:00:00,0,0,0
2024-03-04 10:00:00,0,0,0
2024-03-04 11:00:00,0,0,0
2024-03-04 12:00:00,0,0,0
2024-03-04 13:00:00,0,0,0
2024-03-04 14:00:00,0,0,0
2024-03-04 15:00:00,0,0,0
2024-03-04 16:00:00,0,0,0
2024-03-04 17:00:00,0,0,0
2024-03-04 18:00:00,0,0,0
2024-03-04 19:00:00,0,0,0
2024-03-04 20:00:00,0,0,0
2024-03-04 21:00:00,0,0,0
2024-03-04 22:00:00,0,0,0
2024-03-04 23:00:00,0,0,0
2024-03-05 00:00:00,0,0,0
2024-03-05 01:00:00,0,0,0
2024-03-05 02:00:00,0,0,0
2024-03-05 03:00:00,0,0,0
2024-03-05 04:00:00,0,0,0
2024-03-05 05:00:00,0,0,0
2024-03-05 06:00:00,0,0,0
2024-03-05 07:00:00,0,0,0
2024-03-05 08:00:00,0,0,0
2024-03-05 09:00:00,0,0,0
2024-03-05 10:00:00,0,0,0
2024-03-05 11:00:00,0,0,0
2024-03-05 12:00:00,0,0,0
2024-03-05 13:00:00,0,0,0
2024-03-05 14:00:00,0,0,0
2024-03-05 15:00:00,0,0,0
2024-03-05 16:00:00,0,0,0
2024-03-05 17:00:00,0,0,0
2024-03-05 18:00:00,0,0,0
2024-03-05 19:00:00,0,0,0
2024-03-05 20:00:00,0,0,0
2024-03-05 21:00:00,0,0,0
2024-03-05 22:00:00,0,0,0
2024-03-05 23:00:00,0,0,0
2024-03-06 00:00:00,0,0,0
2024-03-06 01:00:00,0,0,0
2024-03-06 02:00:00,0,0,0
2024-03-06 03:00:00,0,0,0
2024-03-06 04:00:00,0,0,0
2024-03-06 05:00:00,0,0,0
2024-03-06 06:00:00,0,0,0
2024-03-06 07:00:00,0,0,0
2024-03-06 08:00:00,0,0,0
2024-03-06 09:00:00,0,0,0
2024-03-06 10:00:00,0,0,0
2024-03-06 11:00:00,0,0,0
2024-03-06 12:00:00,0,0,0
2024-03-06 13:00:00,0,0,0
2024-03-06 14:00:00,0,0,0
2024-03-06 15:00:00,0,0,0
2024-03-06 16:00:00,0,0,0
2024-03-06 17:00:00,0,0,0
2024-03-06 18:00:00,0,0,0
2024-03-06 19:00:00,0,0,0
2024-03-06 20:00:00,0,0,0
2024-03-06 21:00:00,0,0,0
2024-03-06 22:00:00,0,0,0
2024-03-06 23:00:00,0,0,0
2024-03-07 00:00:00,0,0,0
2024-03-07 01:00:00,0,0,0
2024-03-07 02:00:00,0,0,0
2024-03-07 03:00:00,0,0,0
2024-03-07 04:00:00,0,0,0
2024-03-07 05:00:00,0,0,0
2024-03-07 06:00:00,0,0,0
2024-03-07 07:00:00,0,0,0
2024-03-07 08:00:00,0,0,0
2024-03-07 09:00:00,0,0,0
2024-03-07 10:00:00,0,0,0
2024-03-07 11:00:00,0,0,0
2024-03-07 12:00:00,0,0,0
2024-03-07 13:00:00,0,0,0
2024-03-07 14:00:00,0,0,0
2024-03-07 15:00:00,0,0,0
2024-03-07 16:00:00,0,0,0
2024-03-07 17:00:00,0,0,0
2024-03-07 18:00:00,0,0,0
2024-03-07 19:00:00,0,0,0
2024-03-07 20:00:00,0,0,0
2024-03-07 21:00:00,0,0,0
2024-03-07 22:00:00,0,0,0
2024-03-07 23:00:00,0,0,0
2024-03-08 00:00:00,0,0,0
2024-03-08 01:00:00,0,0,0
2024-03-08 02:00:00,0,0,0
2024-03-08 03:00:00,0,0,0
2024-03-08 04:00:00,0,0,0
2024-03-08 05:00:00,0,0,0
2024-03-08 06:00:00,0,0,0
2024-03-08 07:00:00,0,0,0
2024-03-08 08:00:00,0,0,0
2024-03-08 09:00:00,0,0,0
2024-03-08 10:00:00,0,0,0
2024-03-08 11:00:00,0,0,0
2024-03-08 12:00:00,0,0,0
2024-03-08 13:00:00,0,0,0
2024-03-08 14:00:00,0,0,0
2024-03-08 15:00:00,0,0,0
2024-03-08 16:00:00,0,0,0
2024-03-08 17:00:00,0,0,0
2024-03-08 18:00:00,0,0,0
2024-03-08 19:00:00,0,0,0
2024-03-08 20:00:00,0,0,0
2024-03-08 21:00:00,0,0,0
2024-03-08 22:00:00,0,0,0
2024-03-08 23:00:00,0,0,0
2024-03-09 00:00:00,0,0,0
2024-03-09 01:00:00,0,0,0
2024-03-09 02:00:00,0,0,0
2024-03-09 03:00:00,0,0,0
2024-03-09 04:00:00,0,0,0
2024-03-09 05:00:00,0,0,0
2024-03-09 06:00:00,0,0,0
2024-03-09 07:00:00,0,0,0
2024-03-09 08:00:00,0,0,0
2024-03-09 09:00:00,0,0,0
2024-03-09 10:00:00,0,0,0
2024-03-09 11:00:00,0,0,0
2024-03-09 12:00:00,0,0,0
2024-03-09 13:00:00,0,0,0
2024-03-09 14:00:00,0,0,0
2024-03-09 15:00:00,0,0,0
2024-03-09 16:00:00,0,0,0
2024-03-09 17:00:00,0,0,0
2024-03-09 18:00:00,0,0,0
2024-03-09 19:00:00,0,0,0
2024-03-09 20:00:00,0,0,0
2024-03-09 21:00:00,0,0,0
2024-03-09 22:00:00,0,0,0
2024-03-09 23:00:00,0,0,0
2024-03-10 00:00:00,0,0,0
2024-03-10 01:00:00,0,0,0
2024-03-10 02:00:00,0,0,0
2024-03-10 03:00:00,0,0,0
2024-03-10 04:00:00,0,0,0
2024-03-10 05:00:00,0,0,0
2024-03-10 06:00:00,0,0,0
2024-03-10 07:00:00,0,0,0
2024-03-10 08:00:00,0,0,0
2024-03-10 09:00:00,0,0,0
2024-03-10 10:00:00,0,0,0
2024-03-10 11:00:00,0,0,0
2024-03-10 12:00:00,0,0,0
2024-03-10 13:00:00,0,0,0
2024-03-10 14:00:00,0,0,0
2024-03-10 15:00:00,0,0,0
2024-03-10 16:00:00,0,0,0
2024-03-10 17:00:00,0,0,0
2024-03-10 18:00:00,0,0,0
2024-03-10 19:00:00,0,0,0
2024-03-10 20:00:00,0,0,0
2024-03-10 21:00:00,0,0,0
2024-03-10 22:00:00,0,0,0
2024-03-10 23:00:00,0,0,0
2024-03-11 00:00:00,0,0,0
2024-03-11 01:00:00,0,0,0
2024-03-11 02:00:00,0,0,0
2024-03-11 03:00:00,0,0,0
2024-03-11 04:00:00,0,0,0
2024-03-11 05:00:00,0,0,0
2024-03-11 06:00:00,0,0,0
2024-03-11 07:00:00,0,0,0
2024-03-11 08:00:00,0,0,0
2024-03-11 09:00:00,0,0,0
2024-03-11 10:00:00,0,0,0
2024-03-11 11:00:00,0,0,0
2024-03-11 12:00:00,0,0,0
2024-03-11 13:00:00,0,0,0
2024-03-11 14:00:00,0,0,0
2024-03-11 15:00:00,0,0,0
2024-03-11 16:00:00,0,0,0
2024-03-11 17:00:00,0,0,0
2024-03-11 18:00:00,0,0,0
2024-03-11 19:00:00,0,0,0
2024-03-11 20:00:00,0,0,0
2024-03-11 21:00:00,0,0,0
2024-03-11 22:00:00,0,0,0
2024-03-11 23:00:00,0,0,0
2024-03-12 00:00:00,0,0,0
2024-03-12 01:00:00,0,0,0
2024-03-12 02:00:00,0,0,0
2024-03-12 03:00:00,0,0,0
2024-03-12 04:00:00,0,0,0
2024-03-12 05:00:00,0,0,0
2024-03-12 06:00:00,0,0,0
2024-03-12 07:00:00,0,0,0
2024-03-12 08:00:00,0,0,0
2024-03-12 09:00:00,0,0,0
2024-03-12 10:00:00,0,0,0
2024-03-12 11:00:00,0,0,0
2024-03-12 12:00:00,0,0,0
2024-03-12 13:00:00,0,0,0
2024-03-12 14:00:00,0,0,0
2024-03-12 15:00:00,0,0,0
2024-03-12 16:00:00,0,0,0
2024-03-12 17:00:00,0,0,0
2024-03-12 18:00:00,0,0,0
2024-03-12 19:00:00,0,0,0
2024-03-12 20:00:00,0,0,0
2024-03-12 21:00:00,0,0,0
2024-03-12 22:00:00,0,0,0
2024-03-12 23:00:00,0,0,0
2024-03-13 00:00:00,0,0,0
2024-03-13 01:00:00,0,0,0
2024-03-13 02:00:00,0,0,0
2024-03-13 03:00:00,0,0,0
2024-03-13 04:00:00,0,0,0
2024-03-13 05:00:00,0,0,0
2024-03-13 06:00:00,0,0,0
2024-03-13 07:00:00,0,0,0
2024-03-13 08:00:00,0,0,0
2024-03-13 09:00:00,0,0,0
2024-03-13 10:00:00,0,0,0
2024-03-13 11:00:00,0,0,0
2024-03-13 12:00:00,0,0,0
2024-03-13 13:00:00,0,0,0
2024-03-13 14:00:00,0,0,0
2024-03-13 15:00:00,0,0,0
2024-03-13 16:00:00,0,0,0
2024-03-13 17:00:00,0,0,0
2024-03-13 18:00:00,0,0,0
2024-03-13 19:00:00,0,0,0
2024-03-13 20:00:00,0,0,0
2024-03-13 21:00:00,0,0,0
2024-03-13 22:00:00,0,0,0
2024-03-13 23:00:00,0,0,0
2024-03-14 00:00:00,0,0,0
2024-03-14 01:00:00,0,0,0
2024-03-14 02:00:00,0,0,0
2024-03-14 03:00:00,0,0,0
2024-03-14 04:00:00,0,0,0
2024-03-14 05:00:00,0,0,0
2024-03-14 06:00:00,0,0,0
2024-03-14 07:00:00,0,0,0
2024-03-14 08:00:00,0,0,0
2024-03-14 09:00:00,0,0,0
2024-03-14 10:00:00,0,0,0
2024-03-14 11:00:00,0,0,0
2024-03-14 12:00:00,0,0,0
2024-03-14 13:00:00,0,0,0
2024-03-14 14:00:00,0,0,0
2024-03-14 15:00:00,0,0,0
2024-03-14 16:00:00,0,0,0
2024-03-14 17:00:00,0,0,0
2024-03-14 18:00:00,0,0,0
2024-03-14 19:00:00,0,0,0
2024-03-14 20:00:00,0,0,0
2024-03-14 21:00:00,0,0,0
2024-03-14 22:00:00,0,0,0
2024-03-14 23:00:00,0,0,0
2024-03-15 00:00:00,0,0,0
2024-03-15 01:00:00,0,0,0
2024-03-15 02:00:00,0,0,0
2024-03-15 03:00:00,0,0,0
2024-03-15 04:00:00,0,0,0
2024-03-15 05:00:00,0,0,0
2024-03-15 06:00:00,0,0,0
2024-03-15 07:00:00,0,0,0
2024-03-15 08:00:00,0,0,0
2024-03-15 09:00:00,0,0,0
2024-03-15 10:00:00,0,0,0
2024-03-15 11:00:00,0,0,0
2024-03-15 12:00:00,0,0,0
2024-03-15 13:00:00,0,0,0
2024-03-15 14:00:00,0,0,0
2024-03-15 15:00:00,0,0,0
2024-03-15 16:00:00,0,0,0
2024-03-15 17:00:00,0,0,0
2024-03-15 18:00:00,0,0,0
2024-03-15 19:00:00,0,0,0
2024-03-15 20:00:00,0,0,0
2024-03-15 21:00:00,0,0,0
2024-03-15 22:00:00,0,0,0
2024-03-15 23:00:00,0,0,0
2024-03-16 00:00:00,0,0,0
2024-03-16 01:00:00,0,0,0
2024-03-16 02:00:00,0,0,0
2024-03-16 03:00:00,0,0,0
2024-03-16 04:00:00,0,0,0
2024-03-16 05:00:00,0,0,0
2024-03-16 06:00:00,0,0,0
2024-03-16 07:00:00,0,0,0
2024-03-16 08:00:00,0,0,0
2024-03-16 09:00:00,0,0,0
2024-03-16 10:00:00,0,0,0
2024-03-16 11:00:00,0,0,0
2024-03-16 12:00:00,0,0,0
2024-03-16 13:00:00,0,0,0
2024-03-16 14:00:00,0,0,0
2024-03-16 15:00:00,0,0,0
2024-03-16 16:00:00,0,0,0
2024-03-16 17:00:00,0,0,0
2024-03-16 18:00:00,0,0,0
2024-03-16 19:00:00,0,0,0
2024-03-16 20:00:00,0,0,0
2024-03-16 21:00:00,0,0,0
2024-03-16 22:00:00,0,0,0
2024-03-16 23:00:00,0,0,0
2024-03-17 00:00:00,0,0,0
2024-03-17 01:00:00,0,0,0
2024-03-17 02:00:00,0,0,0
2024-03-17 03:00:00,0,0,0
2024-03-17 04:00:00,0,0,0
2024-03-17 05:00:00,0,0,0
2024-03-17 06:00:00,0,0,0
2024-03-17 07:00:00,0,0,0
2024-03-17 08:00:00,0,0,0
2024-03-17 09:00:00,0,0,0
2024-03-17 10:00:00,0,0,0
2024-03-17 11:00:00,0,0,0
2024-03-17 12:00:00,0,0,0
2024-03-17 13:00:00,0,0,0
2024-03-17 14:00:00,0,0,0
2024-03-17 15:00:00,0,0,0
2024-03-17 16:00:00,0,0,0
2024-03-17 17:00:00,0,0,0
2024-03-17 18:00:00,0,0,0
2024-03-17 19:00:00,0,0,0
2024-03-17 20:00:00,0,0,0
2024-03-17 21:00:00,0,0,0
2024-03-17 22:00:00,0,0,0
2024-03-17 23:00:00,0,0,0
2024-03-18 00:00:00,0,0,0
2024-03-18 01:00:00,0,0,0
2024-03-18 02:00:00,0,0,0
2024-03-18 03:00:00,0,0,0
2024-03-18 04:00:00,0,0,0
2024-03-18 05:00:00,0,0,0
2024-03-18 06:00:00,0,0,0
2024-03-18 07:00:00,0,0,0
2024-03-18 08:00:00,0,0,0
2024-03-18 09:00:00,0,0,0
2024-03-18 10:00:00,0,0,0
2024-03-18 11:00:00,0,0,0
2024-03-18 12:00:00,0,0,0
2024-03-18 13:00:00,0,0,0
2024-03-18 14:00:00,0,0,0
2024-03-18 15:00:00,0,0,0
2024-03-18 16:00:00,0,0,0
2024-03-18 17:00:00,0,0,0
2024-03-18 18:00:00,0,0,0
2024-03-18 19:00:00,0,0,0
2024-03-18 20:00:00,0,0,0
2024-03-18 21:00:00,0,0,0
2024-03-18 22:00:00,0,0,0
2024-03-18 23:00:00,0,0,0
2024-03-19 00:00:00,0,0,0
2024-03-19 01:00:00,0,0,0
2024-03-19 02:00:00,0,0,0
2024-03-19 03:00:00,0,0,0
2024-03-19 04:00:00,0,0,0
2024-03-19 05:00:00,0,0,0
2024-03-19 06:00:00,0,0,0
2024-03-19 07:00:00,0,0,0
2024-03-19 08:00:00,0,0,0
2024-03-19 09:00:00,0,0,0
2024-03-19 10:00:00,0,0,0
2024-03-19 11:00:00,0,0,0
2024-03-19 12:00:00,0,0,0
2024-03-19 13:00:00,0,0,0
2024-03-19 14:00:00,0,0,0
2024-03-19 15:00:00,0,0,0
2024-03-19 16:00:00,0,0,0
2024-03-19 17:00:00,0,0,0
2024-03-19 18:00:00,0,0,0
2024-03-19 19:00:00,0,0,0
2024-03-19 20:00:00,0,0,0
2024-03-19 21:00:00,0,0,0
2024-03-19 22:00:00,0,0,0
2024-03-19 23:00:00,0,0,0
2024-03-20 00:00:00,0,0,0
2024-03-20 01:00:00,0,0,0
2024-03-20 02:00:00,0,0,0
2024-03-20 03:00:00,0,0,0
2024-03-20 04:00:00,0,0,0
2024-03-20 05:00:00,0,0,0
2024-03-20 06:00:00,0,0,0
2024-03-20 07:00:00,0,0,0
2024-03-20 08:00:00,0,0,0
2024-03-20 09:00:00,0,0,0
2024-03-20 10:00:00,0,0,0
2024-03-20 11:00:00,0,0,0
2024-03-20 12:00:00,0,0,0
2024-03-20 13:00:00,0,0,0
2024-03-20 14:00:00,0,0,0
2024-03-20 15:00:00,0,0,0
2024-03-20 16:00:00,0,0,0
2024-03-20 17:00:00,0,0,0
2024-03-20 18:00:00,0,0,0
2024-03-20 19:00:00,0,0,0
2024-03-20 20:00:00,0,0,0
2024-03-20 21:00:00,0,0,0
2024-03-20 22:00:00,0,0,0
2024-03-20 23:00:00,0,0,0
2024-03-21 00:00:00,0,0,0
2024-03-21 01:00:00,0,0,0
2024-03-21 02:00:00,0,0,0
2024-03-21 03:00:00,0,0,0
2024-03-21 04:00:00,0,0,0
2024-03-21 05:00:00,0,0,0
2024-03-21 06:00:00,0,0,0
2024-03-21 07:00:00,0,0,0
2024-03-21 08:00:00,0,0,0
2024-03-21 09:00:00,0,0,0
2024-03-21 10:00:00,0,0,0
2024-03-21 11:00:00,0,0,0
2024-03-21 12:00:00,0,0,0
2024-03-21 13:00:00,0,0,0
2024-03-21 14:00:00,0,0,0
2024-03-21 15:00:00,0,0,0
2024-03-21 16:00:00,0,0,0
2024-03-21 17:00:00,0,0,0
2024-03-21 18:00:00,0,0,0
2024-03-21 19:00:00,0,0,0
2024-03-21 20:00:00,0,0,0
2024-03-21 21:00:00,0,0,0
2024-03-21 22:00:00,0,0,0
2024-03-21 23:00:00,0,0,0
2024-03-22 00:00:00,0,0,0
2024-03-22 01:00:00,0,0,0
2024-03-22 02:00:00,0,0,0
2024-03-22 03:00:00,0,0,0
2024-03-22 04:00:00,0,0,0
2024-03-22 05:00:00,0,0,0
2024-03-22 06:00:00,0,0,0
2024-03-22 07:00:00,0,0,0
2024-03-22 08:00:00,0,0,0
2024-03-22 09:00:00,0,0,0
2024-03-22 10:00:00,0,0,0
2024-03-22 11:00:00,0,0,0
2024-03-22 12:00:00,0,0,0
2024-03-22 13:00:00,0,0,0
2024-03-22 14:00:00,0,0,0
2024-03-22 15:00:00,0,0,0
2024-03-22 16:00:00,0,0,0
2024-03-22 17:00:00,0,0,0
2024-03-22 18:00:00,0,0,0
2024-03-22 19:00:00,0,0,0
2024-03-22 20:00:00,0,0,0
2024-03-22 21:00:00,0,0,0
2024-03-22 22:00:00,0,0,0
2024-03-22 23:00:00,0,0,0
2024-03-23 00:00:00,0,0,0
2024-03-23 01:00:00,0,0,0
2024-03-23 02:00:00,0,0,0
2024-03-23 03:00:00,0,0,0
2024-03-23 04:00:00,0,0,0
2024-03-23 05:00:00,0,0,0
2024-03-23 06:00:00,0,0,0
2024-03-23 07:00:00,0,0,0
2024-03-23 08:00:00,0,0,0
2024-03-23 09:00:00,0,0,0
2024-03-23 10:00:00,0,0,0
2024-03-23 11:00:00,0,0,0
2024-03-23 12:00:00,0,0,0
2024-03-23 13:00:00,0,0,0
2024-03-23 14:00:00,0,0,0
2024-03-23 15:00:00,0,0,0
2024-03-23 16:00:00,0,0,0
2024-03-23 17:00:00,0,0,0
2024-03-23 18:00:00,0,0,0
2024-03-23 19:00:00,0,0,0
2024-03-23 20:00:00,0,0,0
2024-03-23 21:00:00,0,0,0
2024-03-23 22:00:00,0,0,0
2024-03-23 23:00:00,0,0,0
2024-03-24 00:00:00,0,0,0
2024-03-24 01:00:00,0,0,0
2024-03-24 02:00:00,0,0,0
2024-03-24 03:00:00,0,0,0
2024-03-24 04:00:00,0,0,0
2024-03-24 05:00:00,0,0,0
2024-03-24 06:00:00,0,0,0
2024-03-24 07:00:00,0,0,0
2024-03-24 08:00:00,0,0,0
2024-03-24 09:00:00,0,0,0
2024-03-24 10:00:00,0,0,0
2024-03-24 11:00:00,0,0,0
2024-03-24 12:00:00,0,0,0
2024-03-24 13:00:00,0,0,0
2024-03-24 14:00:00,0,0,0
2024-03-24 15:00:00,0,0,0
2024-03-24 16:00:00,0,0,0
2024-03-24 17:00:00,0,0,0
2024-03-24 18:00:00,0,0,0
2024-03-24 19:00:00,0,0,0
2024-03-24 20:00:00,0,0,0
2024-03-24 21:00:00,0,0,0
2024-03-24 22:00:00,0,0,0
2024-03-24 23:00:00,0,0,0
2024-03-25 00:00:00,0,0,0
2024-03-25 01:00:00,0,0,0
2024-03-25 02:00:00,0,0,0
2024-03-25 03:00:00,0,0,0
2024-03-25 04:00:00,0,0,0
2024-03-25 05:00:00,0,0,0
2024-03-25 06:00:00,0,0,0
2024-03-25 07:00:00,0,0,0
2024-03-25 08:00:00,0,0,0
2024-03-25 09:00:00,0,0,0
2024-03-25 10:00:00,0,0,0
2024-03-25 11:00:00,0,0,0
2024-03-25 12:00:00,0,0,0
2024-03-25 13:00:00,0,0,0
2024-03-25 14:00:00,0,0,0
2024-03-25 15:00:00,0,0,0
2024-03-25 16:00:00,0,0,0
2024-03-25 17:00:00,0,0,0
2024-03-25 18:00:00,0,0,0
2024-03-25 19:00:00,0,0,0
2024-03-25 20:00:00,0,0,0
2024-03-25 21:00:00,0,0,0
2024-03-25 22:00:00,0,0,0
2024-03-25 23:00:00,0,0,0
2024-03-26 00:00:00,0,0,0
2024-03-26 01:00:00,0,0,0
2024-03-26 02:00:00,0,0,0
2024-03-26 03:00:00,0,0,0
2024-03-26 04:00:00,0,0,0
2024-03-26 05:00:00,0,0,0
2024-03-26 06:00:00,0,0,0
2024-03-26 07:00:00,0,0,0
2024-03-26 08:00:00,0,0,0
2024-03-26 09:00:00,0,0,0
2024-03-26 10:00:00,0,0,0
2024-03-26 11:00:00,0,0,0
2024-03-26 12:00:00,0,0,0
2024-03-26 13:00:00,0,0,0
2024-03-26 14:00:00,0,0,0
2024-03-26 15:00:00,0,0,0
2024-03-26 16:00:00,0,0,0
2024-03-26 17:00:00,0,0,0
2024-03-26 18:00:00,0,0,0
2024-03-26 19:00:00,0,0,0
2024-03-26 20:00:00,0,0,0
2024-03-26 21:00:00,0,0,0
2024-03-26 22:00:00,0,0,0
2024-03-26 23:00:00,0,0,0
2024-03-27 00:00:00,0,0,0
2024-03-27 01:00:00,0,0,0
2024-03-27 02:00:00,0,0,0
2024-03-27 03:00:00,0,0,0
2024-03-27 04:00:00,0,0,0
2024-03-27 05:00:00,0,0,0
2024-03-27 06:00:00,0,0,0
2024-03-27 07:00:00,0,0,0
2024-03-27 08:00:00,0,0,0
2024-03-27 09:00:00,0,0,0
2024-03-27 10:00:00,0,0,0
2024-03-27 11:00:00,0,0,0
2024-03-27 12:00:00,0,0,0
2024-03-27 13:00:00,0,0,0
2024-03-27 14:00:00,0,0,0
2024-03-27 15:00:00,0,0,0
2024-03-27 16:00:00,0,0,0
2024-03-27 17:00:00,0,0,0
2024-03-27 18:00:00,0,0,0
2024-03-27 19:00:00,0,0,0
2024-03-27 20:00:00,0,0,0
2024-03-27 21:00:00,0,0,0
2024-03-27 22:00:00,0,0,0
2024-03-27 23:00:00,0,0,0
2024-03-28 00:00:00,0,0,0
2024-03-28 01:00:00,0,0,0
2024-03-28 02:00:00,0,0,0
2024-03-28 03:00:00,0,0,0
2024-03-28 04:00:00,0,0,0
2024-03-28 05:00:00,0,0,0
2024-03-28 06:00:00,0,0,0
2024-03-28 07:00:00,0,0,0
2024-03-28 08:00:00,0,0,0
2024-03-28 09:00:00,0,0,0
2024-03-28 10:00:00,0,0,0
2024-03-28 11:00:00,0,0,0
2024-03-28 12:00:00,0,0,0
2024-03-28 13:00:00,0,0,0
2024-03-28 14:00:00,0,0,0
2024-03-28 15:00:00,0,0,0
2024-03-28 16:00:00,0,0,0
2024-03-28 17:00:00,0,0,0
2024-03-28 18:00:00,0,0,0
2024-03-28 19:00:00,0,0,0
2024-03-28 20:00:00,0,0,0
2024-03-28 21:00:00,0,0,0
2024-03-28 22:00:00,0,0,0
2024-03-28 23:00:00,0,0,0
2024-03-29 00:00:00,0,0,0
2024-03-29 01:00:00,0,0,0
2024-03-29 02:00:00,0,0,0
2024-03-29 03:00:00,0,0,0
2024-03-29 04:00:00,0,0,0
2024-03-29 05:00:00,0,0,0
2024-03-29 06:00:00,0,0,0
2024-03-29 07:00:00,0,0,0
2024-03-29 08:00:00,0,0,0
2024-03-29 09:00:00,0,0,0
2024-03-29 10:00:00,0,0,0
2024-03-29 11:00:00,0,0,0
2024-03-29 12:00:00,0,0,0
2024-03-29 13:00:00,0,0,0
2024-03-29 14:00:00,0,0,0
2024-03-29 15:00:00,0,0,0
2024-03-29 16:00:00,0,0,0
2024-03-29 17:00:00,0,0,0
2024-03-29 18:00:00,0,0,0
2024-03-29 19:00:00,0,0,0
2024-03-29 20:00:00,0,0,0
2024-03-29 21:00:00,0,0,0
2024-03-29 22:00:00,0,0,0
2024-03-29 23:00:00,0,0,0
2024-03-30 00:00:00,0,0,0
2024-03-30 01:00:00,0,0,0
2024-03-30 02:00:00,0,0,0
2024-03-30 03:00:00,0,0,0
2024-03-30 04:00:00,0,0,0
2024-03-30 05:00:00,0,0,0
2024-03-30 06:00:00,0,0,0
2024-03-30 07:00:00,0,0,0
2024-03-30 08:00:00,0,0,0
2024-03-30 09:00:00,0,0,0
2024-03-30 10:00:00,0,0,0
2024-03-30 11:00:00,0,0,0
2024-03-30 12:00:00,0,0,0
2024-03-30 13:00:00,0,0,0
2024-03-30 14:00:00,0,0,0
2024-03-30 15:00:00,0,0,0
2024-03-30 16:00:00,0,0,0
2024-03-30 17:00:00,0,0,0
2024-03-30 18:00:00,0,0,0
2024-03-30 19:00:00,0,0,0
2024-03-30 20:00:00,0,0,0
2024-03-30 21:00:00,0,0,0
2024-03-30 22:00:00,0,0,0
2024-03-30 23:00:00,0,0,0
2024-03-31 00:00:00,0,0,0
2024-03-31 01:00:00,0,0,0
2024-03-31 02:00:00,0,0,0
2024-03-31 03:00:00,0,0,0
2024-03-31 04:00:00,0,0,0
2024-03-31 05:00:00,0,0,0
2024-03-31 06:00:00,0,0,0
2024-03-31 07:00:00,0,0,0
2024-03-31 08:00:00,0,0,0
2024-03-31 09:00:00,0,0,0
2024-03-31 10:00:00,0,0,0
2024-03-31 11:00:00,0,0,0
2024-03-31 12:00:00,0,0,0
2024-03-31 13:00:00,0,0,0
2024-03-31 14:00:00,0,0,0
2024-03-31 15:00:00,0,0,0
2024-03-31 16:00:00,0,0,0
2024-03-31 17:00:00,0,0,0
2024-03-31 18:00:00,0,0,0
2024-03-31 19:00:00,0,0,0
2024-03-31 20:00:00,0,0,0
2024-03-31 21:00:00,0,0,0
2024-03-31 22:00:00,0,0,0
2024-03-31 23:00:00,0,0,0
2024-04-01 00:00:00,0,0,0
2024-04-01 01:00:00,0,0,0
2024-04-01 02:00:00,0,0,0
2024-04-01 03:00:00,0,0,0
2024-04-01 04:00:00,0,0,0
2024-04-01 05:00:00,0,0,0
2024-04-01 06:00:00,0,0,0
2024-04-01 07:00:00,0,0,0
2024-04-01 08:00:00,0,0,0
2024-04-01 09:00:00,0,0,0
2024-04-01 10:00:00,0,0,0
2024-04-01 11:00:00,0,0,0
2024-04-01 12:00:00,0,0,0
2024-04-01 13:00:00,0,0,0
2024-04-01 14:00:00,0,0,0
2024-04-01 15:00:00,0,0,0
2024-04-01 16:00:00,0,0,0
2024-04-01 17:00:00,0,0,0
2024-04-01 18:00:00,0,0,0
2024-04-01 19:00:00,0,0,0
2024-04-01 20:00:00,0,0,0
2024-04-01 21:00:00,0,0,0
2024-04-01 22:00:00,0,0,0
2024-04-01 23:00:00,0,0,0
2024-04-02 00:00:00,0,0,0
2024-04-02 01:00:00,0,0,0
2024-04-02 02:00:00,0,0,0
2024-04-02 03:00:00,0,0,0
2024-04-02 04:00:00,0,0,0
2024-04-02 05:00:00,0,0,0
2024-04-02 06:00:00,0,0,0
2024-04-02 07:00:00,0,0,0
2024-04-02 08:00:00,0,0,0
2024-04-02 09:00:00,0,0,0
2024-04-02 10:00:00,0,0,0
2024-04-02 11:00:00,0,0,0
2024-04-02 12:00:00,0,0,0
2024-04-02 13:00:00,0,0,0
2024-04-02 14:00:00,0,0,0
2024-04-02 15:00:00,0,0,0
2024-04-02 16:00:00,0,0,0
2024-04-02 17:00:00,0,0,0
2024-04-02 18:00:00,0,0,0
2024-04-02 19:00:00,0,0,0
2024-04-02 20:00:00,0,0,0
2024-04-02 21:00:00,0,0,0
2024-04-02 22:00:00,0,0,0
2024-04-02 23:00:00,0,0,0
2024-04-03 00:00:00,0,0,0
2024-04-03 01:00:00,0,0,0
2024-04-03 02:00:00,0,0,0
2024-04-03 03:00:00,0,0,0
2024-04-03 04:00:00,0,0,0
2024-04-03 05:00:00,0,0,0
2024-04-03 06:00:00,0,0,0
2024-04-03 07:00:00,0,0,0
2024-04-03 08:00:00,0,0,0
2024-04-03 09:00:00,0,0,0
2024-04-03 10:00:00,0,0,0
2024-04-03 11:00:00,0,0,0
2024-04-03 12:00:00,0,0,0
2024-04-03 13:00:00,0,0,0
2024-04-03 14:00:00,0,0,0
2024-04-03 15:00:00,0,0,0
2024-04-03 16:00:00,0,0,0
2024-04-03 17:00:00,0,0,0
2024-04-03 18:00:00,0,0,0
2024-04-03 19:00:00,0,0,0
2024-04-03 20:00:00,0,0,0
2024-04-03 21:00:00,0,0,0
2024-04-03 22:00:00,0,0,0
2024-04-03 23:00:00,0,0,0
2024-04-04 00:00:00,0,0,0
2024-04-04 01:00:00,0,0,0
2024-04-04 02:00:00,0,0,0
2024-04-04 03:00:00,0,0,0
2024-04-04 04:00:00,0,0,0
2024-04-04 05:00:00,0,0,0
2024-04-04 06:00:00,0,0,0
2024-04-04 07:00:00,0,0,0
2024-04-04 08:00:00,0,0,0
2024-04-04 09:00:00,0,0,0
2024-04-04 10:00:00,0,0,0
2024-04-04 11:00:00,0,0,0
2024-04-04 12:00:00,0,0,0
2024-04-04 13:00:00,0,0,0
2024-04-04 14:00:00,0,0,0
2024-04-04 15:00:00,0,0,0
2024-04-04 16:00:00,0,0,0
2024-04-04 17:00:00,0,0,0
2024-04-04 18:00:00,0,0,0
2024-04-04 19:00:00,0,0,0
2024-04-04 20:00:00,0,0,0
2024-04-04 21:00:00,0,0,0
2024-04-04 22:00:00,0,0,0
2024-04-04 23:00:00,0,0,0
2024-04-05 00:00:00,0,0,0
2024-04-05 01:00:00,0,0,0
2024-04-05 02:00:00,0,0,0
2024-04-05 03:00:00,0,0,0
2024-04-05 04:00:00,0,0,0
2024-04-05 05:00:00,0,0,0
2024-04-05 06:00:00,0,0,0
2024-04-05 07:00:00,0,0,0
2024-04-05 08:00:00,0,0,0
2024-04-05 09:00:00,0,0,0
2024-04-05 10:00:00,0,0,0
2024-04-05 11:00:00,0,0,0
2024-04-05 12:00:00,0,0,0
2024-04-05 13:00:00,0,0,0
2024-04-05 14:00:00,0,0,0
2024-04-05 15:00:00,0,0,0
2024-04-05 16:00:00,0,0,0
2024-04-05 17:00:00,0,0,0
2024-04-05 18:00:00,0,0,0
2024-04-05 19:00:00,0,0,0
2024-04-05 20:00:00,0,0,0
2024-04-05 21:00:00,0,0,0
2024-04-05 22:00:00,0,0,0
2024-04-05 23:00:00,0,0,0
2024-04-06 00:00:00,0,0,0
2024-04-06 01:00:00,0,0,0
2024-04-06 02:00:00,0,0,0
2024-04-06 03:00:00,0,0,0
2024-04-06 04:00:00,0,0,0
2024-04-06 05:00:00,0,0,0
2024-04-06 06:00:00,0,0,0
2024-04-06 07:00:00,0,0,0
2024-04-06 08:00:00,0,0,0
2024-04-06 09:00:00,0,0,0
2024-04-06 10:00:00,0,0,0
2024-04-06 11:00:00,0,0,0
2024-04-06 12:00:00,0,0,0
2024-04-06 13:00:00,0,0,0
2024-04-06 14:00:00,0,0,0
2024-04-06 15:00:00,0,0,0
2024-04-06 16:00:00,0,0,0
2024-04-06 17:00:00,0,0,0
2024-04-06 18:00:00,0,0,0
2024-04-06 19:00:00,0,0,0
2024-04-06 20:00:00,0,0,0
2024-04-06 21:00:00,0,0,0
2024-04-06 22:00:00,0,0,0
2024-04-06 23:00:00,0,0,0
2024-04-07 00:00:00,0,0,0
2024-04-07 01:00:00,0,0,0
2024-04-07 02:00:00,0,0,0
2024-04-07 03:00:00,0,0,0
2024-04-07 04:00:00,0,0,0
2024-04-07 05:00:00,0,0,0
2024-04-07 06:00:00,0,0,0
2024-04-07 07:00:00,0,0,0
2024-04-07 08:00:00,0,0,0
2024-04-07 09:00:00,0,0,0
2024-04-07 10:00:00,0,0,0
2024-04-07 11:00:00,0,0,0
2024-04-07 12:00:00,0,0,0
2024-04-07 13:00:00,0,0,0
2024-04-07 14:00:00,0,0,0
2024-04-07 15:00:00,0,0,0
2024-04-07 16:00:00,0,0,0
2024-04-07 17:00:00,0,0,0
2024-04-07 18:00:00,0,0,0
2024-04-07 19:00:00,0,0,0
2024-04-07 20:00:00,0,0,0
2024-04-07 21:00:00,0,0,0
2024-04-07 22:00:00,0,0,0
2024-04-07 23:00:00,0,0,0
2024-04-08 00:00:00,0,0,0
2024-04-08 01:00:00,0,0,0
2024-04-08 02:00:00,0,0,0
2024-04-08 03:00:00,0,0,0
2024-04-08 04:00:00,0,0,0
2024-04-08 05:00:00,0,0,0
2024-04-08 06:00:00,0,0,0
2024-04-08 07:00:00,0,0,0
2024-04-08 08:00:00,0,0,0
2024-04-08 09:00:00,0,0,0
2024-04-08 10:00:00,0,0,0
2024-04-08 11:00:00,0,0,0
2024-04-08 12:00:00,0,0,0
2024-04-08 13:00:00,0,0,0
2024-04-08 14:00:00,0,0,0
2024-04-08 15:00:00,0,0,0
2024-04-08 16:00:00,0,0,0
2024-04-08 17:00:00,0,0,0
2024-04-08 18:00:00,0,0,0
2024-04-08 19:00:00,0,0,0
2024-04-08 20:00:00,0,0,0
2024-04-08 21:00:00,0,0,0
2024-04-08 22:00:00,0,0,0
2024-04-08 23:00:00,0,0,0
2024-04-09 00:00:00,0,0,0
2024-04-09 01:00:00,0,0,0
2024-04-09 02:00:00,0,0,0
2024-04-09 03:00:00,0,0,0
2024-04-09 04:00:00,0,0,0
2024-04-09 05:00:00,0,0,0
2024-04-09 06:00:00,0,0,0
2024-04-09 07:00:00,0,0,0
2024-04-09 08:00:00,0,0,0
2024-04-09 09:00:00,0,0,0
2024-04-09 10:00:00,0,0,0
2024-04-09 11:00:00,0,0,0
2024-04-09 12:00:00,0,0,0
2024-04-09 13:00:00,0,0,0
2024-04-09 14:00:00,0,0,0
2024-04-09 15:00:00,0,0,0
2024-04-09 16:00:00,0,0,0
2024-04-09 17:00:00,0,0,0
2024-04-09 18:00:00,0,0,0
2024-04-09 19:00:00,0,0,0
2024-04-09 20:00:00,0,0,0
2024-04-09 21:00:00,0,0,0
2024-04-09 22:00:00,0,0,0
2024-04-09 23:00:00,0,0,0
2024-04-10 00:00:00,0,0,0
2024-04-10 01:00:00,0,0,0
2024-04-10 02:00:00,0,0,0
2024-04-10 03:00:00,0,0,0
2024-04-10 04:00:00,0,0,0
2024-04-10 05:00:00,0,0,0
2024-04-10 06:00:00,0,0,0
2024-04-10 07:00:00,0,0,0
2024-04-10 08:00:00,0,0,0
2024-04-10 09:00:00,0,0,0
2024-04-10 10:00:00,0,0,0
2024-04-10 11:00:00,0,0,0
2024-04-10 12:00:00,0,0,0
2024-04-10 13:00:00,0,0,0
2024-04-10 14:00:00,0,0,0
2024-04-10 15:00:00,0,0,0
2024-04-10 16:00:00,0,0,0
2024-04-10 17:00:00,0,0,0
2024-04-10 18:00:00,0,0,0
2024-04-10 19:00:00,0,0,0
2024-04-10 20:00:00,0,0,0
2024-04-10 21:00:00,0,0,0
2024-04-10 22:00:00,0,0,0
2024-04-10 23:00:00,0,0,0
2024-04-11 00:00:00,0,0,0
2024-04-11 01:00:00,0,0,0
2024-04-11 02:00:00,0,0,0
2024-04-11 03:00:00,0,0,0
2024-04-11 04:00:00,0,0,0
2024-04-11 05:00:00,0,0,0
2024-04-11 06:00:00,0,0,0
2024-04-11 07:00:00,0,0,0
2024-04-11 08:00:00,0,0,0
2024-04-11 09:00:00,0,0,0
2024-04-11 10:00:00,0,0,0
2024-04-11 11:00:00,0,0,0
2024-04-11 12:00:00,0,0,0
2024-04-11 13:00:00,0,0,0
2024-04-11 14:00:00,0,0,0
2024-04-11 15:00:00,0,0,0
2024-04-11 16:00:00,0,0,0
2024-04-11 17:00:00,0,0,0
2024-04-11 18:00:00,0,0,0
2024-04-11 19:00:00,0,0,0
2024-04-11 20:00:00,0,0,0
2024-04-11 21:00:00,0,0,0
2024-04-11 22:00:00,0,0,0
2024-04-11 23:00:00,0,0,0
2024-04-12 00:00:00,0,0,0
2024-04-12 01:00:00,0,0,0
2024-04-12 02:00:00,0,0,0
2024-04-12 03:00:00,0,0,0
2024-04-12 04:00:00,0,0,0
2024-04-12 05:00:00,0,0,0
2024-04-12 06:00:00,0,0,0
2024-04-12 07:00:00,0,0,0
2024-04-12 08:00:00,0,0,0
2024-04-12 09:00:00,0,0,0
2024-04-12 10:00:00,0,0,0
2024-04-12 11:00:00,0,0,0
2024-04-12 12:00:00,0,0,0
2024-04-12 13:00:00,0,0,0
2024-04-12 14:00:00,0,0,0
2024-04-12 15:00:00,0,0,0
2024-04-12 16:00:00,0,0,0
2024-04-12 17:00:00,0,0,0
2024-04-12 18:00:00,0,0,0
2024-04-12 19:00:00,0,0,0
2024-04-12 20:00:00,0,0,0
2024-04-12 21:00:00,0,0,0
2024-04-12 22:00:00,0,0,0
2024-04-12 23:00:00,0,0,0
2024-04-13 00:00:00,0,0,0
2024-04-13 01:00:00,0,0,0
2024-04-13 02:00:00,0,0,0
2024-04-13 03:00:00,0,0,0
2024-04-13 04:00:00,0,0,0
2024-04-13 05:00:00,0,0,0
2024-04-13 06:00:00,0,0,0
2024-04-13 07:00:00,0,0,0
2024-04-13 08:00:00,0,0,0
2024-04-13 09:00:00,0,0,0
2024-04-13 10:00:00,0,0,0
2024-04-13 11:00:00,0,0,0
2024-04-13 12:00:00,0,0,0
2024-04-13 13:00:00,0,0,0
2024-04-13 14:00:00,0,0,0
2024-04-13 15:00:00,0,0,0
2024-04-13 16:00:00,0,0,0
2024-04-13 17:00:00,0,0,0
2024-04-13 18:00:00,0,0,0
2024-04-13 19:00:00,0,0,0
2024-04-13 20:00:00,0,0,0
2024-04-13 21:00:00,0,0,0
2024-04-13 22:00:00,0,0,0
2024-04-13 23:00:00,0,0,0
2024-04-14 00:00:00,0,0,0
2024-04-14 01:00:00,0,0,0
2024-04-14 02:00:00,0,0,0
2024-04-14 03:00:00,0,0,0
2024-04-14 04:00:00,0,0,0
2024-04-14 05:00:00,0,0,0
2024-04-14 06:00:00,0,0,0
2024-04-14 07:00:00,0,0,0
2024-04-14 08:00:00,0,0,0
2024-04-14 09:00:00,0,0,0
2024-04-14 10:00:00,0,0,0
2024-04-14 11:00:00,0,0,0
2024-04-14 12:00:00,0,0,0
2024-04-14 13:00:00,0,0,0
2024-04-14 14:00:00,0,0,0
2024-04-14 15:00:00,0,0,0
2024-04-14 16:00:00,0,0,0
2024-04-14 17:00:00,0,0,0
2024-04-14 18:00:00,0,0,0
2024-04-14 19:00:00,0,0,0
2024-04-14 20:00:00,0,0,0
2024-04-14 21:00:00,0,0,0
2024-04-14 22:00:00,0,0,0
2024-04-14 23:00:00,0,0,0
2024-04-15 00:00:00,0,0,0
2024-04-15 01:00:00,0,0,0
2024-04-15 02:00:00,0,0,0
2024-04-15 03:00:00,0,0,0
2024-04-15 04:00:00,0,0,0
2024-04-15 05:00:00,0,0,0
2024-04-15 06:00:00,0,0,0
2024-04-15 07:00:00,0,0,0
2024-04-15 08:00:00,0,0,0
2024-04-15 09:00:00,0,0,0
2024-04-15 10:00:00,0,0,0
2024-04-15 11:00:00,0,0,0
2024-04-15 12:00:00,0,0,0
2024-04-15 13:00:00,0,0,0
2024-04-15 14:00:00,0,0,0
2024-04-15 15:00:00,0,0,0
2024-04-15 16:00:00,0,0,0
2024-04-15 17:00:00,0,0,0
2024-04-15 18:00:00,0,0,0
2024-04-15 19:00:00,0,0,0
2024-04-15 20:00:00,0,0,0
2024-04-15 21:00:00,0,0,0
2024-04-15 22:00:00,0,0,0
2024-04-15 23:00:00,0,0,0
2024-04-16 00:00:00,0,0,0
2024-04-16 01:00:00,0,0,0
2024-04-16 02:00:00,0,0,0
2024-04-16 03:00:00,0,0,0
2024-04-16 04:00:00,0,0,0
2024-04-16 05:00:00,0,0,0
2024-04-16 06:00:00,0,0,0
2024-04-16 07:00:00,0,0,0
2024-04-16 08:00:00,0,0,0
2024-04-16 09:00:00,0,0,0
2024-04-16 10:00:00,0,0,0
2024-04-16 11:00:00,0,0,0
2024-04-16 12:00:00,0,0,0
2024-04-16 13:00:00,0,0,0
2024-04-16 14:00:00,0,0,0
2024-04-16 15:00:00,0,0,0
2024-04-16 16:00:00,0,0,0
2024-04-16 17:00:00,0,0,0
2024-04-16 18:00:00,0,0,0
2024-04-16 19:00:00,0,0,0
2024-04-16 20:00:00,0,0,0
2024-04-16 21:00:00,0,0,0
2024-04-16 22:00:00,0,0,0
2024-04-16 23:00:00,0,0,0
2024-04-17 00:00:00,0,0,0
2024-04-17 01:00:00,0,0,0
2024-04-17 02:00:00,0,0,0
2024-04-17 03:00:00,0,0,0
2024-04-17 04:00:00,0,0,0
2024-04-17 05:00:00,0,0,0
2024-04-17 06:00:00,0,0,0
2024-04-17 07:00:00,0,0,0
2024-04-17 08:00:00,0,0,0
2024-04-17 09:00:00,0,0,0
2024-04-17 10:00:00,0,0,0
2024-04-17 11:00:00,0,0,0
2024-04-17 12:00:00,0,0,0
2024-04-17 13:00:00,0,0,0
2024-04-17 14:00:00,0,0,0
2024-04-17 15:00:00,0,0,0
2024-04-17 16:00:00,0,0,0
2024-04-17 17:00:00,0,0,0
2024-04-17 18:00:00,0,0,0
2024-04-17 19:00:00,0,0,0
2024-04-17 20:00:00,0,0,0
2024-04-17 21:00:00,0,0,0
2024-04-17 22:00:00,0,0,0
2024-04-17 23:00:00,0,0,0
2024-04-18 00:00:00,0,0,0
2024-04-18 01:00:00,0,0,0
2024-04-18 02:00:00,0,0,0
2024-04-18 03:00:00,0,0,0
2024-04-18 04:00:00,0,0,0
2024-04-18 05:00:00,0,0,0
2024-04-18 06:00:00,0,0,0
2024-04-18 07:00:00,0,0,0
2024-04-18 08:00:00,0,0,0
2024-04-18 09:00:00,0,0,0
2024-04-18 10:00:00,0,0,0
2024-04-18 11:00:00,0,0,0
2024-04-18 12:00:00,0,0,0
2024-04-18 13:00:00,0,0,0
2024-04-18 14:00:00,0,0,0
2024-04-18 15:00:00,0,0,0
2024-04-18 16:00:00,0,0,0
2024-04-18 17:00:00,0,0,0
2024-04-18 18:00:00,0,0,0
2024-04-18 19:00:00,0,0,0
2024-04-18 20:00:00,0,0,0
2024-04-18 21:00:00,0,0,0
2024-04-18 22:00:00,0,0,0
2024-04-18 23:00:00,0,0,0
2024-04-19 00:00:00,0,0,0
2024-04-19 01:00:00,0,0,0
2024-04-19 02:00:00,0,0,0
2024-04-19 03:00:00,0,0,0
2024-04-19 04:00:00,0,0,0
2024-04-19 05:00:00,0,0,0
2024-04-19 06:00:00,0,0,0
2024-04-19 07:00:00,0,0,0
2024-04-19 08:00:00,0,0,0
2024-04-19 09:00:00,0,0,0
2024-04-19 10:00:00,0,0,0
2024-04-19 11:00:00,0,0,0
2024-04-19 12:00:00,0,0,0
2024-04-19 13:00:00,0,0,0
2024-04-19 14:00:00,0,0,0
2024-04-19 15:00:00,0,0,0
2024-04-19 16:00:00,0,0,0
2024-04-19 17:00:00,0,0,0
2024-04-19 18:00:00,0,0,0
2024-04-19 19:00:00,0,0,0
2024-04-19 20:00:00,0,0,0
2024-04-19 21:00:00,0,0,0
2024-04-19 22:00:00,0,0,0
2024-04-19 23:00:00,0,0,0
2024-04-20 00:00:00,0,0,0
2024-04-20 01:00:00,0,0,0
2024-04-20 02:00:00,0,0,0
2024-04-20 03:00:00,0,0,0
2024-04-20 04:00:00,0,0,0
2024-04-20 05:00:00,0,0,0
2024-04-20 06:00:00,0,0,0
2024-04-20 07:00:00,0,0,0
2024-04-20 08:00:00,0,0,0
2024-04-20 09:00:00,0,0,0
2024-04-20 10:00:00,0,0,0
2024-04-20 11:00:00,0,0,0
2024-04-20 12:00:00,0,0,0
2024-04-20 13:00:00,0,0,0
2024-04-20 14:00:00,0,0,0
2024-04-20 15:00:00,0,0,0
2024-04-20 16:00:00,0,0,0
2024-04-20 17:00:00,0,0,0
2024-04-20 18:00:00,0,0,0
2024-04-20 19:00:00,0,0,0
2024-04-20 20:00:00,0,0,0
2024-04-20 21:00:00,0,0,0
2024-04-20 22:00:00,0,0,0
2024-04-20 23:00:00,0,0,0
2024-04-21 00:00:00,0,0,0
2024-04-21 01:00:00,0,0,0
2024-04-21 02:00:00,0,0,0
2024-04-21 03:00:00,0,0,0
2024-04-21 04:00:00,0,0,0
2024-04-21 05:00:00,0,0,0
2024-04-21 06:00:00,0,0,0
2024-04-21 07:00:00,0,0,0
2024-04-21 08:00:00,0,0,0
2024-04-21 09:00:00,0,0,0
2024-04-21 10:00:00,0,0,0
2024-04-21 11:00:00,0,0,0
2024-04-21 12:00:00,0,0,0
2024-04-21 13:00:00,0,0,0
2024-04-21 14:00:00,0,0,0
2024-04-21 15:00:00,0,0,0
2024-04-21 16:00:00,0,0,0
2024-04-21 17:00:00,0,0,0
2024-04-21 18:00:00,0,0,0
2024-04-21 19:00:00,0,0,0
2024-04-21 20:00:00,0,0,0
2024-04-21 21:00:00,0,0,0
2024-04-21 22:00:00,0,0,0
2024-04-21 23:00:00,0,0,0
2024-04-22 00:00:00,0,0,0
2024-04-22 01:00:00,0,0,0
2024-04-22 02:00:00,0,0,0
2024-04-22 03:00:00,0,0,0
2024-04-22 04:00:00,0,0,0
2024-04-22 05:00:00,0,0,0
2024-04-22 06:00:00,0,0,0
2024-04-22 07:00:00,0,0,0
2024-04-22 08:00:00,0,0,0
2024-04-22 09:00:00,0,0,0
2024-04-22 10:00:00,0,0,0
2024-04-22 11:00:00,0,0,0
2024-04-22 12:00:00,0,0,0
2024-04-22 13:00:00,0,0,0
2024-04-22 14:00:00,0,0,0
2024-04-22 15:00:00,0,0,0
2024-04-22 16:00:00,0,0,0
2024-04-22 17:00:00,0,0,0
2024-04-22 18:00:00,0,0,0
2024-04-22 19:00:00,0,0,0
2024-04-22 20:00:00,0,0,0
2024-04-22 21:00:00,0,0,0
2024-04-22 22:00:00,0,0,0
2024-04-22 23:00:00,0,0,0
2024-04-23 00:00:00,0,0,0
2024-04-23 01:00:00,0,0,0
2024-04-23 02:00:00,0,0,0
2024-04-23 03:00:00,0,0,0
2024-04-23 04:00:00,0,0,0
2024-04-23 05:00:00,0,0,0
2024-04-23 06:00:00,0,0,0
2024-04-23 07:00:00,0,0,0
2024-04-23 08:00:00,0,0,0
2024-04-23 09:00:00,0,0,0
2024-04-23 10:00:00,0,0,0
2024-04-23 11:00:00,0,0,0
2024-04-23 12:00:00,0,0,0
2024-04-23 13:00:00,0,0,0
2024-04-23 14:00:00,0,0,0
2024-04-23 15:00:00,0,0,0
2024-04-23 16:00:00,0,0,0
2024-04-23 17:00:00,0,0,0
2024-04-23 18:00:00,0,0,0
2024-04-23 19:00:00,0,0,0
2024-04-23 20:00:00,0,0,0
2024-04-23 21:00:00,0,0,0
2024-04-23 22:00:00,0,0,0
2024-04-23 23:00:00,0,0,0
2024-04-24 00:00:00,0,0,0
2024-04-24 01:00:00,0,0,0
2024-04-24 02:00:00,0,0,0
2024-04-24 03:00:00,0,0,0
2024-04-24 04:00:00,0,0,0
2024-04-24 05:00:00,0,0,0
2024-04-24 06:00:00,0,0,0
2024-04-24 07:00:00,0,0,0
2024-04-24 08:00:00,0,0,0
2024-04-24 09:00:00,0,0,0
2024-04-24 10:00:00,0,0,0
2024-04-24 11:00:00,0,0,0
2024-04-24 12:00:00,0,0,0
2024-04-24 13:00:00,0,0,0
2024-04-24 14:00:00,0,0,0
2024-04-24 15:00:00,0,0,0
2024-04-24 16:00:00,0,0,0
2024-04-24 17:00:00,0,0,0
2024-04-24 18:00:00,0,0,0
2024-04-24 19:00:00,0,0,0
2024-04-24 20:00:00,0,0,0
2024-04-24 21:00:00,0,0,0
2024-04-24 22:00:00,0,0,0
2024-04-24 23:00:00,0,0,0
2024-04-25 00:00:00,0,0,0
2024-04-25 01:00:00,0,0,0
2024-04-25 02:00:00,0,0,0
2024-04-25 03:00:00,0,0,0
2024-04-25 04:00:00,0,0,0
2024-04-25 05:00:00,0,0,0
2024-04-25 06:00:00,0,0,0
2024-04-25 07:00:00,0,0,0
2024-04-25 08:00:00,0,0,0
2024-04-25 09:00:00,0,0,0
2024-04-25 10:00:00,0,0,0
2024-04-25 11:00:00,0,0,0
2024-04-25 12:00:00,0,0,0
2024-04-25 13:00:00,0,0,0
2024-04-25 14:00:00,0,0,0
2024-04-25 15:00:00,0,0,0
2024-04-25 16:00:00,0,0,0
2024-04-25 17:00:00,0,0,0
2024-04-25 18:00:00,0,0,0
2024-04-25 19:00:00,0,0,0
2024-04-25 20:00:00,0,0,0
2024-04-25 21:00:00,0,0,0
2024-04-25 22:00:00,0,0,0
2024-04-25 23:00:00,0,0,0
2024-04-26 00:00:00,0,0,0
2024-04-26 01:00:00,0,0,0
2024-04-26 02:00:00,0,0,0
2024-04-26 03:00:00,0,0,0
2024-04-26 04:00:00,0,0,0
2024-04-26 05:00:00,0,0,0
2024-04-26 06:00:00,0,0,0
2024-04-26 07:00:00,0,0,0
2024-04-26 08:00:00,0,0,0
2024-04-26 09:00:00,0,0,0
2024-04-26 10:00:00,0,0,0
2024-04-26 11:00:00,0,0,0
2024-04-26 12:00:00,0,0,0
2024-04-26 13:00:00,0,0,0
2024-04-26 14:00:00,0,0,0
2024-04-26 15:00:00,0,0,0
2024-04-26 16:00:00,0,0,0
2024-04-26 17:00:00,0,0,0
2024-04-26 18:00:00,0,0,0
2024-04-26 19:00:00,0,0,0
2024-04-26 20:00:00,0,0,0
2024-04-26 21:00:00,0,0,0
2024-04-26 22:00:00,0,0,0
2024-04-26 23:00:00,0,0,0
2024-04-27 00:00:00,0,0,0
2024-04-27 01:00:00,0,0,0
2024-04-27 02:00:00,0,0,0
2024-04-27 03:00:00,0,0,0
2024-04-27 04:00:00,0,0,0
2024-04-27 05:00:00,0,0,0
2024-04-27 06:00:00,0,0,0
2024-04-27 07:00:00,0,0,0
2024-04-27 08:00:00,0,0,0
2024-04-27 09:00:00,0,0,0
2024-04-27 10:00:00,0,0,0
2024-04-27 11:00:00,0,0,0
2024-04-27 12:00:00,0,0,0
2024-04-27 13:00:00,0,0,0
2024-04-27 14:00:00,0,0,0
2024-04-27 15:00:00,0,0,0
2024-04-27 16:00:00,0,0,0
2024-04-27 17:00:00,0,0,0
2024-04-27 18:00:00,0,0,0
2024-04-27 19:00:00,0,0,0
2024-04-27 20:00:00,0,0,0
2024-04-27 21:00:00,0,0,0
2024-04-27 22:00:00,0,0,0
2024-04-27 23:00:00,0,0,0
2024-04-28 00:00:00,0,0,0
2024-04-28 01:00:00,0,0,0
2024-04-28 02:00:00,0,0,0
2024-04-28 03:00:00,0,0,0
2024-04-28 04:00:00,0,0,0
2024-04-28 05:00:00,0,0,0
2024-04-28 06:00:00,0,0,0
2024-04-28 07:00:00,0,0,0
2024-04-28 08:00:00,0,0,0
2024-04-28 09:00:00,0,0,0
2024-04-28 10:00:00,0,0,0
2024-04-28 11:00:00,0,0,0
2024-04-28 12:00:00,0,0,0
2024-04-28 13:00:00,0,0,0
2024-04-28 14:00:00,0,0,0
2024-04-28 15:00:00,0,0,0
2024-04-28 16:00:00,0,0,0
2024-04-28 17:00:00,0,0,0
2024-04-28 18:00:00,0,0,0
2024-04-28 19:00:00,0,0,0
2024-04-28 20:00:00,0,0,0
2024-04-28 21:00:00,0,0,0
2024-04-28 22:00:00,0,0,0
2024-04-28 23:00:00,0,0,0
2024-04-29 00:00:00,0,0,0
2024-04-29 01:00:00,0,0,0
2024-04-29 02:00:00,0,0,0
2024-04-29 03:00:00,0,0,0
2024-04-29 04:00:00,0,0,0
2024-04-29 05:00:00,0,0,0
2024-04-29 06:00:00,0,0,0
2024-04-29 07:00:00,0,0,0
2024-04-29 08:00:00,0,0,0
2024-04-29 09:00:00,0,0,0
2024-04-29 10:00:00,0,0,0
2024-04-29 11:00:00,0,0,0
2024-04-29 12:00:00,0,0,0
2024-04-29 13:00:00,0,0,0
2024-04-29 14:00:00,0,0,0
2024-04-29 15:00:00,0,0,0
2024-04-29 16:00:00,0,0,0
2024-04-29 17:00:00,0,0,0
2024-04-29 18:00:00,0,0,0
2024-04-29 19:00:00,0,0,0
2024-04-29 20:00:00,0,0,0
2024-04-29 21:00:00,0,0,0
2024-04-29 22:00:00,0,0,0
2024-04-29 23:00:00,0,0,0
2024-04-30 00:00:00,0,0,0
2024-04-30 01:00:00,0,0,0
2024-04-30 02:00:00,0,0,0
2024-04-30 03:00:00,0,0,0
2024-04-30 04:00:00,0,0,0
2024-04-30 05:00:00,0,0,0
2024-04-30 06:00:00,0,0,0
2024-04-30 07:00:00,0,0,0
2024-04-30 08:00:00,0,0,0
2024-04-30 09:00:00,0,0,0
2024-04-30 10:00:00,0,0,0
2024-04-30 11:00:00,0,0,0
2024-04-30 12:00:00,0,0,0
2024-04-30 13:00:00,0,0,0
2024-04-30 14:00:00,0,0,0
2024-04-30 15:00:00,0,0,0
2024-04-30 16:00:00,0,0,0
2024-04-30 17:00:00,0,0,0
2024-04-30 18:00:00,0,0,0
2024-04-30 19:00:00,0,0,0
2024-04-30 20:00:00,0,0,0
2024-04-30 21:00:00,0,0,0
2024-04-30 22:00:00,0,0,0
2024-04-30 23:00:00,0,0,0
2024-05-01 00:00:00,0,0,0
2024-05-01 01:00:00,0,0,0
2024-05-01 02:00:00,0,0,0
2024-05-01 03:00:00,0,0,0
2024-05-01 04:00:00,0,0,0
2024-05-01 05:00:00,0,0,0
2024-05-01 06:00:00,0,0,0
2024-05-01 07:00:00,0,0,0
2024-05-01 08:00:00,0,0,0
2024-05-01 09:00:00,0,0,0
2024-05-01 10:00:00,0,0,0
2024-05-01 11:00:00,0,0,0
2024-05-01 12:00:00,0,0,0
2024-05-01 13:00:00,0,0,0
2024-05-01 14:00:00,0,0,0
2024-05-01 15:00:00,0,0,0
2024-05-01 16:00:00,0,0,0
2024-05-01 17:00:00,0,0,0
2024-05-01 18:00:00,0,0,0
2024-05-01 19:00:00,0,0,0
2024-05-01 20:00:00,0,0,0
2024-05-01 21:00:00,0,0,0
2024-05-01 22:00:00,0,0,0
2024-05-01 23:00:00,0,0,0
2024-05-02 00:00:00,0,0,0
2024-05-02 01:00:00,0,0,0
2024-05-02 02:00:00,0,0,0
2024-05-02 03:00:00,0,0,0
2024-05-02 04:00:00,0,0,0
2024-05-02 05:00:00,0,0,0
2024-05-02 06:00:00,0,0,0
2024-05-02 07:00:00,0,0,0
2024-05-02 08:00:00,0,0,0
2024-05-02 09:00:00,0,0,0
2024-05-02 10:00:00,0,0,0
2024-05-02 11:00:00,0,0,0
2024-05-02 12:00:00,0,0,0
2024-05-02 13:00:00,0,0,0
2024-05-02 14:00:00,0,0,0
2024-05-02 15:00:00,0,0,0
2024-05-02 16:00:00,0,0,0
2024-05-02 17:00:00,0,0,0
2024-05-02 18:00:00,0,0,0
2024-05-02 19:00:00,0,0,0
2024-05-02 20:00:00,0,0,0
2024-05-02 21:00:00,0,0,0
2024-05-02 22:00:00,0,0,0
2024-05-02 23:00:00,0,0,0
2024-05-03 00:00:00,0,0,0
2024-05-03 01:00:00,0,0,0
2024-05-03 02:00:00,0,0,0
2024-05-03 03:00:00,0,0,0
2024-05-03 04:00:00,0,0,0
2024-05-03 05:00:00,0,0,0
2024-05-03 06:00:00,0,0,0
2024-05-03 07:00:00,0,0,0
2024-05-03 08:00:00,0,0,0
2024-05-03 09:00:00,0,0,0
2024-05-03 10:00:00,0,0,0
2024-05-03 11:00:00,0,0,0
2024-05-03 12:00:00,0,0,0
2024-05-03 13:00:00,0,0,0
2024-05-03 14:00:00,0,0,0
2024-05-03 15:00:00,0,0,0
2024-05-03 16:00:00,0,0,0
2024-05-03 17:00:00,0,0,0
2024-05-03 18:00:00,0,0,0
2024-05-03 19:00:00,0,0,0
2024-05-03 20:00:00,0,0,0
2024-05-03 21:00:00,0,0,0
2024-05-03 22:00:00,0,0,0
2024-05-03 23:00:00,0,0,0
2024-05-04 00:00:00,0,0,0
2024-05-04 01:00:00,0,0,0
2024-05-04 02:00:00,0,0,0
2024-05-04 03:00:00,0,0,0
2024-05-04 04:00:00,0,0,0
2024-05-04 05:00:00,0,0,0
2024-05-04 06:00:00,0,0,0
2024-05-04 07:00:00,0,0,0
2024-05-04 08:00:00,0,0,0
2024-05-04 09:00:00,0,0,0
2024-05-04 10:00:00,0,0,0
2024-05-04 11:00:00,0,0,0
2024-05-04 12:00:00,0,0,0
2024-05-04 13:00:00,0,0,0
2024-05-04 14:00:00,0,0,0
2024-05-04 15:00:00,0,0,0
2024-05-04 16:00:00,0,0,0
2024-05-04 17:00:00,0,0,0
2024-05-04 18:00:00,0,0,0
2024-05-04 19:00:00,0,0,0
2024-05-04 20:00:00,0,0,0
2024-05-04 21:00:00,0,0,0
2024-05-04 22:00:00,0,0,0
2024-05-04 23:00:00,0,0,0
2024-05-05 00:00:00,0,0,0
2024-05-05 01:00:00,0,0,0
2024-05-05 02:00:00,0,0,0
2024-05-05 03:00:00,0,0,0
2024-05-05 04:00:00,0,0,0
2024-05-05 05:00:00,0,0,0
2024-05-05 06:00:00,0,0,0
2024-05-05 07:00:00,0,0,0
2024-05-05 08:00:00,0,0,0
2024-05-05 09:00:00,0,0,0
2024-05-05 10:00:00,0,0,0
2024-05-05 11:00:00,0,0,0
2024-05-05 12:00:00,0,0,0
2024-05-05 13:00:00,0,0,0
2024-05-05 14:00:00,0,0,0
2024-05-05 15:00:00,0,0,0
2024-05-05 16:00:00,0,0,0
2024-05-05 17:00:00,0,0,0
2024-05-05 18:00:00,0,0,0
2024-05-05 19:00:00,0,0,0
2024-05-05 20:00:00,0,0,0
2024-05-05 21:00:00,0,0,0
2024-05-05 22:00:00,0,0,0
2024-05-05 23:00:00,0,0,0
2024-05-06 00:00:00,0,0,0
2024-05-06 01:00:00,0,0,0
2024-05-06 02:00:00,0,0,0
2024-05-06 03:00:00,0,0,0
2024-05-06 04:00:00,0,0,0
2024-05-06 05:00:00,0,0,0
2024-05-06 06:00:00,0,0,0
2024-05-06 07:00:00,0,0,0
2024-05-06 08:00:00,0,0,0
2024-05-06 09:00:00,0,0,0
2024-05-06 10:00:00,0,0,0
2024-05-06 11:00:00,0,0,0
2024-05-06 12:00:00,0,0,0
2024-05-06 13:00:00,0,0,0
2024-05-06 14:00:00,0,0,0
2024-05-06 15:00:00,0,0,0
2024-05-06 16:00:00,0,0,0
2024-05-06 17:00:00,0,0,0
2024-05-06 18:00:00,0,0,0
2024-05-06 19:00:00,0,0,0
2024-05-06 20:00:00,0,0,0
2024-05-06 21:00:00,0,0,0
2024-05-06 22:00:00,0,0,0
2024-05-06 23:00:00,0,0,0
2024-05-07 00:00:00,0,0,0
2024-05-07 01:00:00,0,0,0
2024-05-07 02:00:00,0,0,0
2024-05-07 03:00:00,0,0,0
2024-05-07 04:00:00,0,0,0
2024-05-07 05:00:00,0,0,0
2024-05-07 06:00:00,0,0,0
2024-05-07 07:00:00,0,0,0
2024-05-07 08:00:00,0,0,0
2024-05-07 09:00:00,0,0,0
2024-05-07 10:00:00,0,0,0
2024-05-07 11:00:00,0,0,0
2024-05-07 12:00:00,0,0,0
2024-05-07 13:00:00,0,0,0
2024-05-07 14:00:00,0,0,0
2024-05-07 15:00:00,0,0,0
2024-05-07 16:00:00,0,0,0
2024-05-07 17:00:00,0,0,0
2024-05-07 18:00:00,0,0,0
2024-05-07 19:00:00,0,0,0
2024-05-07 20:00:00,0,0,0
2024-05-07 21:00:00,0,0,0
2024-05-07 22:00:00,0,0,0
2024-05-07 23:00:00,0,0,0
2024-05-08 00:00:00,0,0,0
2024-05-08 01:00:00,0,0,0
2024-05-08 02:00:00,0,0,0
2024-05-08 03:00:00,0,0,0
2024-05-08 04:00:00,0,0,0
2024-05-08 05:00:00,0,0,0
2024-05-08 06:00:00,0,0,0
2024-05-08 07:00:00,0,0,0
2024-05-08 08:00:00,0,0,0
2024-05-08 09:00:00,0,0,0
2024-05-08 10:00:00,0,0,0
2024-05-08 11:00:00,0,0,0
2024-05-08 12:00:00,0,0,0
2024-05-08 13:00:00,0,0,0
2024-05-08 14:00:00,0,0,0
2024-05-08 15:00:00,0,0,0
2024-05-08 16:00:00,0,0,0
2024-05-08 17:00:00,0,0,0
2024-05-08 18:00:00,0,0,0
2024-05-08 19:00:00,0,0,0
2024-05-08 20:00:00,0,0,0
2024-05-08 21:00:00,0,0,0
2024-05-08 22:00:00,0,0,0
2024-05-08 23:00:00,0,0,0
2024-05-09 00:00:00,0,0,0
2024-05-09 01:00:00,0,0,0
2024-05-09 02:00:00,0,0,0
2024-05-09 03:00:00,0,0,0
2024-05-09 04:00:00,0,0,0
2024-05-09 05:00:00,0,0,0
2024-05-09 06:00:00,0,0,0
2024-05-09 07:00:00,0,0,0
2024-05-09 08:00:00,0,0,0
2024-05-09 09:00:00,0,0,0
2024-05-09 10:00:00,0,0,0
2024-05-09 11:00:00,0,0,0
2024-05-09 12:00:00,0,0,0
2024-05-09 13:00:00,0,0,0
2024-05-09 14:00:00,0,0,0
2024-05-09 15:00:00,0,0,0
2024-05-09 16:00:00,0,0,0
2024-05-09 17:00:00,0,0,0
2024-05-09 18:00:00,0,0,0
2024-05-09 19:00:00,0,0,0
2024-05-09 20:00:00,0,0,0
2024-05-09 21:00:00,0,0,0
2024-05-09 22:00:00,0,0,0
2024-05-09 23:00:00,0,0,0
2024-05-10 00:00:00,0,0,0
2024-05-10 01:00:00,0,0,0
2024-05-10 02:00:00,0,0,0
2024-05-10 03:00:00,0,0,0
2024-05-10 04:00:00,0,0,0
2024-05-10 05:00:00,0,0,0
2024-05-10 06:00:00,0,0,0
2024-05-10 07:00:00,0,0,0
2024-05-10 08:00:00,0,0,0
2024-05-10 09:00:00,0,0,0
2024-05-10 10:00:00,0,0,0
2024-05-10 11:00:00,0,0,0
2024-05-10 12:00:00,0,0,0
2024-05-10 13:00:00,0,0,0
2024-05-10 14:00:00,0,0,0
2024-05-10 15:00:00,0,0,0
2024-05-10 16:00:00,0,0,0
2024-05-10 17:00:00,0,0,0
2024-05-10 18:00:00,0,0,0
2024-05-10 19:00:00,0,0,0
2024-05-10 20:00:00,0,0,0
2024-05-10 21:00:00,0,0,0
2024-05-10 22:00:00,0,0,0
2024-05-10 23:00:00,0,0,0
2024-05-11 00:00:00,0,0,0
2024-05-11 01:00:00,0,0,0
2024-05-11 02:00:00,0,0,0
2024-05-11 03:00:00,0,0,0
2024-05-11 04:00:00,0,0,0
2024-05-11 05:00:00,0,0,0
2024-05-11 06:00:00,0,0,0
2024-05-11 07:00:00,0,0,0
2024-05-11 08:00:00,0,0,0
2024-05-11 09:00:00,0,0,0
2024-05-11 10:00:00,0,0,0
2024-05-11 11:00:00,0,0,0
2024-05-11 12:00:00,0,0,0
2024-05-11 13:00:00,0,0,0
2024-05-11 14:00:00,0,0,0
2024-05-11 15:00:00,0,0,0
2024-05-11 16:00:00,0,0,0
2024-05-11 17:00:00,0,0,0
2024-05-11 18:00:00,0,0,0
2024-05-11 19:00:00,0,0,0
2024-05-11 20:00:00,0,0,0
2024-05-11 21:00:00,0,0,0
2024-05-11 22:00:00,0,0,0
2024-05-11 23:00:00,0,0,0
2024-05-12 00:00:00,0,0,0
2024-05-12 01:00:00,0,0,0
2024-05-12 02:00:00,0,0,0
2024-05-12 03:00:00,0,0,0
2024-05-12 04:00:00,0,0,0
2024-05-12 05:00:00,0,0,0
2024-05-12 06:00:00,0,0,0
2024-05-12 07:00:00,0,0,0
2024-05-12 08:00:00,0,0,0
2024-05-12 09:00:00,0,0,0
2024-05-12 10:00:00,0,0,0
2024-05-12 11:00:00,0,0,0
2024-05-12 12:00:00,0,0,0
2024-05-12 13:00:00,0,0,0
2024-05-12 14:00:00,0,0,0
2024-05-12 15:00:00,0,0,0
2024-05-12 16:00:00,0,0,0
2024-05-12 17:00:00,0,0,0
2024-05-12 18:00:00,0,0,0
2024-05-12 19:00:00,0,0,0
2024-05-12 20:00:00,0,0,0
2024-05-12 21:00:00,0,0,0
2024-05-12 22:00:00,0,0,0
2024-05-12 23:00:00,0,0,0
2024-05-13 00:00:00,0,0,0
2024-05-13 01:00:00,0,0,0
2024-05-13 02:00:00,0,0,0
2024-05-13 03:00:00,0,0,0
2024-05-13 04:00:00,0,0,0
2024-05-13 05:00:00,0,0,0
2024-05-13 06:00:00,0,0,0
2024-05-13 07:00:00,0,0,0
2024-05-13 08:00:00,0,0,0
2024-05-13 09:00:00,0,0,0
2024-05-13 10:00:00,0,0,0
2024-05-13 11:00:00,0,0,0
2024-05-13 12:00:00,0,0,0
2024-05-13 13:00:00,0,0,0
2024-05-13 14:00:00,0,0,0
2024-05-13 15:00:00,0,0,0
2024-05-13 16:00:00,0,0,0
2024-05-13 17:00:00,0,0,0
2024-05-13 18:00:00,0,0,0
2024-05-13 19:00:00,0,0,0
2024-05-13 20:00:00,0,0,0
2024-05-13 21:00:00,0,0,0
2024-05-13 22:00:00,0,0,0
2024-05-13 23:00:00,0,0,0
2024-05-14 00:00:00,0,0,0
2024-05-14 01:00:00,0,0,0
2024-05-14 02:00:00,0,0,0
2024-05-14 03:00:00,0,0,0
2024-05-14 04:00:00,0,0,0
2024-05-14 05:00:00,0,0,0
2024-05-14 06:00:00,0,0,0
2024-05-14 07:00:00,0,0,0
2024-05-14 08:00:00,0,0,0
2024-05-14 09:00:00,0,0,0
2024-05-14 10:00:00,0,0,0
2024-05-14 11:00:00,0,0,0
2024-05-14 12:00:00,0,0,0
2024-05-14 13:00:00,0,0,0
2024-05-14 14:00:00,0,0,0
2024-05-14 15:00:00,0,0,0
2024-05-14 16:00:00,0,0,0
2024-05-14 17:00:00,0,0,0
2024-05-14 18:00:00,0,0,0
2024-05-14 19:00:00,0,0,0
2024-05-14 20:00:00,0,0,0
2024-05-14 21:00:00,0,0,0
2024-05-14 22:00:00,0,0,0
2024-05-14 23:00:00,0,0,0
2024-05-15 00:00:00,0,0,0
2024-05-15 01:00:00,0,0,0
2024-05-15 02:00:00,0,0,0
2024-05-15 03:00:00,0,0,0
2024-05-15 04:00:00,0,0,0
2024-05-15 05:00:00,0,0,0
2024-05-15 06:00:00,0,0,0
2024-05-15 07:00:00,0,0,0
2024-05-15 08:00:00,0,0,0
2024-05-15 09:00:00,0,0,0
2024-05-15 10:00:00,0,0,0
2024-05-15 11:00:00,0,0,0
2024-05-15 12:00:00,0,0,0
2024-05-15 13:00:00,0,0,0
2024-05-15 14:00:00,0,0,0
2024-05-15 15:00:00,0,0,0
2024-05-15 16:00:00,0,0,0
2024-05-15 17:00:00,0,0,0
2024-05-15 18:00:00,0,0,0
2024-05-15 19:00:00,0,0,0
2024-05-15 20:00:00,0,0,0
2024-05-15 21:00:00,0,0,0
2024-05-15 22:00:00,0,0,0
2024-05-15 23:00:00,0,0,0
2024-05-16 00:00:00,0,0,0
2024-05-16 01:00:00,0,0,0
2024-05-16 02:00:00,0,0,0
2024-05-16 03:00:00,0,0,0
2024-05-16 04:00:00,0,0,0
2024-05-16 05:00:00,0,0,0
2024-05-16 06:00:00,0,0,0
2024-05-16 07:00:00,0,0,0
2024-05-16 08:00:00,0,0,0
2024-05-16 09:00:00,0,0,0
2024-05-16 10:00:00,0,0,0
2024-05-16 11:00:00,0,0,0
2024-05-16 12:00:00,0,0,0
2024-05-16 13:00:00,0,0,0
2024-05-16 14:00:00,0,0,0
2024-05-16 15:00:00,0,0,0
2024-05-16 16:00:00,0,0,0
2024-05-16 17:00:00,0,0,0
2024-05-16 18:00:00,0,0,0
2024-05-16 19:00:00,0,0,0
2024-05-16 20:00:00,0,0,0
2024-05-16 21:00:00,0,0,0
2024-05-16 22:00:00,0,0,0
2024-05-16 23:00:00,0,0,0
2024-05-17 00:00:00,0,0,0
2024-05-17 01:00:00,0,0,0
2024-05-17 02:00:00,0,0,0
2024-05-17 03:00:00,0,0,0
2024-05-17 04:00:00,0,0,0
2024-05-17 05:00:00,0,0,0
2024-05-17 06:00:00,0,0,0
2024-05-17 07:00:00,0,0,0
2024-05-17 08:00:00,0,0,0
2024-05-17 09:00:00,0,0,0
2024-05-17 10:00:00,0,0,0
2024-05-17 11:00:00,0,0,0
2024-05-17 12:00:00,0,0,0
2024-05-17 13:00:00,0,0,0
2024-05-17 14:00:00,0,0,0
2024-05-17 15:00:00,0,0,0
2024-05-17 16:00:00,0,0,0
2024-05-17 17:00:00,0,0,0
2024-05-17 18:00:00,0,0,0
2024-05-17 19:00:00,0,0,0
2024-05-17 20:00:00,0,0,0
2024-05-17 21:00:00,0,0,0
2024-05-17 22:00:00,0,0,0
2024-05-17 23:00:00,0,0,0
2024-05-18 00:00:00,0,0,0
2024-05-18 01:00:00,0,0,0
2024-05-18 02:00:00,0,0,0
2024-05-18 03:00:00,0,0,0
2024-05-18 04:00:00,0,0,0
2024-05-18 05:00:00,0,0,0
2024-05-18 06:00:00,0,0,0
2024-05-18 07:00:00,0,0,0
2024-05-18 08:00:00,0,0,0
2024-05-18 09:00:00,0,0,0
2024-05-18 10:00:00,0,0,0
2024-05-18 11:00:00,0,0,0
2024-05-18 12:00:00,0,0,0
2024-05-18 13:00:00,0,0,0
2024-05-18 14:00:00,0,0,0
2024-05-18 15:00:00,0,0,0
2024-05-18 16:00:00,0,0,0
2024-05-18 17:00:00,0,0,0
2024-05-18 18:00:00,0,0,0
2024-05-18 19:00:00,0,0,0
2024-05-18 20:00:00,0,0,0
2024-05-18 21:00:00,0,0,0
2024-05-18 22:00:00,0,0,0
2024-05-18 23:00:00,0,0,0
2024-05-19 00:00:00,0,0,0
2024-05-19 01:00:00,0,0,0
2024-05-19 02:00:00,0,0,0
2024-05-19 03:00:00,0,0,0
2024-05-19 04:00:00,0,0,0
2024-05-19 05:00:00,0,0,0
2024-05-19 06:00:00,0,0,0
2024-05-19 07:00:00,0,0,0
2024-05-19 08:00:00,0,0,0
2024-05-19 09:00:00,0,0,0
2024-05-19 10:00:00,0,0,0
2024-05-19 11:00:00,0,0,0
2024-05-19 12:00:00,0,0,0
2024-05-19 13:00:00,0,0,0
2024-05-19 14:00:00,0,0,0
2024-05-19 15:00:00,0,0,0
2024-05-19 16:00:00,0,0,0
2024-05-19 17:00:00,0,0,0
2024-05-19 18:00:00,0,0,0
2024-05-19 19:00:00,0,0,0
2024-05-19 20:00:00,0,0,0
2024-05-19 21:00:00,0,0,0
2024-05-19 22:00:00,0,0,0
2024-05-19 23:00:00,0,0,0
2024-05-20 00:00:00,0,0,0
2024-05-20 01:00:00,0,0,0
2024-05-20 02:00:00,0,0,0
2024-05-20 03:00:00,0,0,0
2024-05-20 04:00:00,0,0,0
2024-05-20 05:00:00,0,0,0
2024-05-20 06:00:00,0,0,0
2024-05-20 07:00:00,0,0,0
2024-05-20 08:00:00,0,0,0
2024-05-20 09:00:00,0,0,0
2024-05-20 10:00:00,0,0,0
2024-05-20 11:00:00,0,0,0
2024-05-20 12:00:00,0,0,0
2024-05-20 13:00:00,0,0,0
2024-05-20 14:00:00,0,0,0
2024-05-20 15:00:00,0,0,0
2024-05-20 16:00:00,0,0,0
2024-05-20 17:00:00,0,0,0
2024-05-20 18:00:00,0,0,0
2024-05-20 19:00:00,0,0,0
2024-05-20 20:00:00,0,0,0
2024-05-20 21:00:00,0,0,0
2024-05-20 22:00:00,0,0,0
2024-05-20 23:00:00,0,0,0
2024-05-21 00:00:00,0,0,0
2024-05-21 01:00:00,0,0,0
2024-05-21 02:00:00,0,0,0
2024-05-21 03:00:00,0,0,0
2024-05-21 04:00:00,0,0,0
2024-05-21 05:00:00,0,0,0
2024-05-21 06:00:00,0,0,0
2024-05-21 07:00:00,0,0,0
2024-05-21 08:00:00,0,0,0
2024-05-21 09:00:00,0,0,0
2024-05-21 10:00:00,0,0,0
2024-05-21 11:00:00,0,0,0
2024-05-21 12:00:00,0,0,0
2024-05-21 13:00:00,0,0,0
2024-05-21 14:00:00,0,0,0
2024-05-21 15:00:00,0,0,0
2024-05-21 16:00:00,0,0,0
2024-05-21 17:00:00,0,0,0
2024-05-21 18:00:00,0,0,0
2024-05-21 19:00:00,0,0,0
2024-05-21 20:00:00,0,0,0
2024-05-21 21:00:00,0,0,0
2024-05-21 22:00:00,0,0,0
2024-05-21 23:00:00,0,0,0
2024-05-22 00:00:00,0,0,0
2024-05-22 01:00:00,0,0,0
2024-05-22 02:00:00,0,0,0
2024-05-22 03:00:00,0,0,0
2024-05-22 04:00:00,0,0,0
2024-05-22 05:00:00,0,0,0
2024-05-22 06:00:00,0,0,0
2024-05-22 07:00:00,0,0,0
2024-05-22 08:00:00,0,0,0
2024-05-22 09:00:00,0,0,0
2024-05-22 10:00:00,0,0,0
2024-05-22 11:00:00,0,0,0
2024-05-22 12:00:00,0,0,0
2024-05-22 13:00:00,0,0,0
2024-05-22 14:00:00,0,0,0
2024-05-22 15:00:00,0,0,0
2024-05-22 16:00:00,0,0,0
2024-05-22 17:00:00,0,0,0
2024-05-22 18:00:00,0,0,0
2024-05-22 19:00:00,0,0,0
2024-05-22 20:00:00,0,0,0
2024-05-22 21:00:00,0,0,0
2024-05-22 22:00:00,0,0,0
2024-05-22 23:00:00,0,0,0
2024-05-23 00:00:00,0,0,0
2024-05-23 01:00:00,0,0,0
2024-05-23 02:00:00,0,0,0
2024-05-23 03:00:00,0,0,0
2024-05-23 04:00:00,0,0,0
2024-05-23 05:00:00,0,0,0
2024-05-23 06:00:00,0,0,0
2024-05-23 07:00:00,0,0,0
2024-05-23 08:00:00,0,0,0
2024-05-23 09:00:00,0,0,0
2024-05-23 10:00:00,0,0,0
2024-05-23 11:00:00,0,0,0
2024-05-23 12:00:00,0,0,0
2024-05-23 13:00:00,0,0,0
2024-05-23 14:00:00,0,0,0
2024-05-23 15:00:00,0,0,0
2024-05-23 16:00:00,0,0,0
2024-05-23 17:00:00,0,0,0
2024-05-23 18:00:00,0,0,0
2024-05-23 19:00:00,0,0,0
2024-05-23 20:00:00,0,0,0
2024-05-23 21:00:00,0,0,0
2024-05-23 22:00:00,0,0,0
2024-05-23 23:00:00,0,0,0
2024-05-24 00:00:00,0,0,0
2024-05-24 01:00:00,0,0,0
2024-05-24 02:00:00,0,0,0
2024-05-24 03:00:00,0,0,0
2024-05-24 04:00:00,0,0,0
2024-05-24 05:00:00,0,0,0
2024-05-24 06:00:00,0,0,0
2024-05-24 07:00:00,0,0,0
2024-05-24 08:00:00,0,0,0
2024-05-24 09:00:00,0,0,0
2024-05-24 10:00:00,0,0,0
2024-05-24 11:00:00,0,0,0
2024-05-24 12:00:00,0,0,0
2024-05-24 13:00:00,0,0,0
2024-05-24 14:00:00,0,0,0
2024-05-24 15:00:00,0,0,0
2024-05-24 16:00:00,0,0,0
2024-05-24 17:00:00,0,0,0
2024-05-24 18:00:00,0,0,0
2024-05-24 19:00:00,0,0,0
2024-05-24 20:00:00,0,0,0
2024-05-24 21:00:00,0,0,0
2024-05-24 22:00:00,0,0,0
2024-05-24 23:00:00,0,0,0
2024-05-25 00:00:00,0,0,0
2024-05-25 01:00:00,0,0,0
2024-05-25 02:00:00,0,0,0
2024-05-25 03:00:00,0,0,0
2024-05-25 04:00:00,0,0,0
2024-05-25 05:00:00,0,0,0
2024-05-25 06:00:00,0,0,0
2024-05-25 07:00:00,0,0,0
2024-05-25 08:00:00,0,0,0
2024-05-25 09:00:00,0,0,0
2024-05-25 10:00:00,0,0,0
2024-05-25 11:00:00,0,0,0
2024-05-25 12:00:00,0,0,0
2024-05-25 13:00:00,0,0,0
2024-05-25 14:00:00,0,0,0
2024-05-25 15:00:00,0,0,0
2024-05-25 16:00:00,0,0,0
2024-05-25 17:00:00,0,0,0
2024-05-25 18:00:00,0,0,0
2024-05-25 19:00:00,0,0,0
2024-05-25 20:00:00,0,0,0
2024-05-25 21:00:00,0,0,0
2024-05-25 22:00:00,0,0,0
2024-05-25 23:00:00,0,0,0
2024-05-26 00:00:00,0,0,0
2024-05-26 01:00:00,0,0,0
2024-05-26 02:00:00,0,0,0
2024-05-26 03:00:00,0,0,0
2024-05-26 04:00:00,0,0,0
2024-05-26 05:00:00,0,0,0
2024-05-26 06:00:00,0,0,0
2024-05-26 07:00:00,0,0,0
2024-05-26 08:00:00,0,0,0
2024-05-26 09:00:00,0,0,0
2024-05-26 10:00:00,0,0,0
2024-05-26 11:00:00,0,0,0
2024-05-26 12:00:00,0,0,0
2024-05-26 13:00:00,0,0,0
2024-05-26 14:00:00,0,0,0
2024-05-26 15:00:00,0,0,0
2024-05-26 16:00:00,0,0,0
2024-05-26 17:00:00,0,0,0
2024-05-26 18:00:00,0,0,0
2024-05-26 19:00:00,0,0,0
2024-05-26 20:00:00,0,0,0
2024-05-26 21:00:00,0,0,0
2024-05-26 22:00:00,0,0,0
2024-05-26 23:00:00,0,0,0
2024-05-27 00:00:00,0,0,0
2024-05-27 01:00:00,0,0,0
2024-05-27 02:00:00,0,0,0
2024-05-27 03:00:00,0,0,0
2024-05-27 04:00:00,0,0,0
2024-05-27 05:00:00,0,0,0
2024-05-27 06:00:00,0,0,0
2024-05-27 07:00:00,0,0,0
2024-05-27 08:00:00,0,0,0
2024-05-27 09:00:00,0,0,0
2024-05-27 10:00:00,0,0,0
2024-05-27 11:00:00,0,0,0
2024-05-27 12:00:00,0,0,0
2024-05-27 13:00:00,0,0,0
2024-05-27 14:00:00,0,0,0
2024-05-27 15:00:00,0,0,0
2024-05-27 16:00:00,0,0,0
2024-05-27 17:00:00,0,0,0
2024-05-27 18:00:00,0,0,0
2024-05-27 19:00:00,0,0,0
2024-05-27 20:00:00,0,0,0
2024-05-27 21:00:00,0,0,0
2024-05-27 22:00:00,0,0,0
2024-05-27 23:00:00,0,0,0
2024-05-28 00:00:00,0,0,0
2024-05-28 01:00:00,0,0,0
2024-05-28 02:00:00,0,0,0
2024-05-28 03:00:00,0,0,0
2024-05-28 04:00:00,0,0,0
2024-05-28 05:00:00,0,0,0
2024-05-28 06:00:00,0,0,0
2024-05-28 07:00:00,0,0,0
2024-05-28 08:00:00,0,0,0
2024-05-28 09:00:00,0,0,0
2024-05-28 10:00:00,0,0,0
2024-05-28 11:00:00,0,0,0
2024-05-28 12:00:00,0,0,0
2024-05-28 13:00:00,0,0,0
2024-05-28 14:00:00,0,0,0
2024-05-28 15:00:00,0,0,0
2024-05-28 16:00:00,0,0,0
2024-05-28 17:00:00,0,0,0
2024-05-28 18:00:00,0,0,0
2024-05-28 19:00:00,0,0,0
2024-05-28 20:00:00,0,0,0
2024-05-28 21:00:00,0,0,0
2024-05-28 22:00:00,0,0,0
2024-05-28 23:00:00,0,0,0
2024-05-29 00:00:00,0,0,0
2024-05-29 01:00:00,0,0,0
2024-05-29 02:00:00,0,0,0
2024-05-29 03:00:00,0,0,0
2024-05-29 04:00:00,0,0,0
2024-05-29 05:00:00,0,0,0
2024-05-29 06:00:00,0,0,0
2024-05-29 07:00:00,0,0,0
2024-05-29 08:00:00,0,0,0
2024-05-29 09:00:00,0,0,0
2024-05-29 10:00:00,0,0,0
2024-05-29 11:00:00,0,0,0
2024-05-29 12:00:00,0,0,0
2024-05-29 13:00:00,0,0,0
2024-05-29 14:00:00,0,0,0
2024-05-29 15:00:00,0,0,0
2024-05-29 16:00:00,0,0,0
2024-05-29 17:00:00,0,0,0
2024-05-29 18:00:00,0,0,0
2024-05-29 19:00:00,0,0,0
2024-05-29 20:00:00,0,0,0
2024-05-29 21:00:00,0,0,0
2024-05-29 22:00:00,0,0,0
2024-05-29 23:00:00,0,0,0
2024-05-30 00:00:00,0,0,0
2024-05-30 01:00:00,0,0,0
2024-05-30 02:00:00,0,0,0
2024-05-30 03:00:00,0,0,0
2024-05-30 04:00:00,0,0,0
2024-05-30 05:00:00,0,0,0
2024-05-30 06:00:00,0,0,0
2024-05-30 07:00:00,0,0,0
2024-05-30 08:00:00,0,0,0
2024-05-30 09:00:00,0,0,0
2024-05-30 10:00:00,0,0,0
2024-05-30 11:00:00,0,0,0
2024-05-30 12:00:00,0,0,0
2024-05-30 13:00:00,0,0,0
2024-05-30 14:00:00,0,0,0
2024-05-30 15:00:00,0,0,0
2024-05-30 16:00:00,0,0,0
2024-05-30 17:00:00,0,0,0
2024-05-30 18:00:00,0,0,0
2024-05-30 19:00:00,0,0,0
2024-05-30 20:00:00,0,0,0
2024-05-30 21:00:00,0,0,0
2024-05-30 22:00:00,0,0,0
2024-05-30 23:00:00,0,0,0
2024-05-31 00:00:00,0,0,0
2024-05-31 01:00:00,0,0,0
2024-05-31 02:00:00,0,0,0
2024-05-31 03:00:00,0,0,0
2024-05-31 04:00:00,0,0,0
2024-05-31 05:00:00,0,0,0
2024-05-31 06:00:00,0,0,0
2024-05-31 07:00:00,0,0,0
2024-05-31 08:00:00,0,0,0
2024-05-31 09:00:00,0,0,0
2024-05-31 10:00:00,0,0,0
2024-05-31 11:00:00,0,0,0
2024-05-31 12:00:00,0,0,0
2024-05-31 13:00:00,0,0,0
2024-05-31 14:00:00,0,0,0
2024-05-31 15:00:00,0,0,0
2024-05-31 16:00:00,0,0,0
2024-05-31 17:00:00,0,0,0
2024-05-31 18:00:00,0,0,0
2024-05-31 19:00:00,0,0,0
2024-05-31 20:00:00,0,0,0
2024-05-31 21:00:00,0,0,0
2024-05-31 22:00:00,0,0,0
2024-05-31 23:00:00,0,0,0
2024-06-01 00:00:00,0,0,0
2024-06-01 01:00:00,0,0,0
2024-06-01 02:00:00,0,0,0
2024-06-01 03:00:00,0,0,0
2024-06-01 04:00:00,0,0,0
2024-06-01 05:00:00,0,0,0
2024-06-01 06:00:00,0,0,0
2024-06-01 07:00:00,0,0,0
2024-06-01 08:00:00,0,0,0
2024-06-01 09:00:00,0,0,0
2024-06-01 10:00:00,0,0,0
2024-06-01 11:00:00,0,0,0
2024-06-01 12:00:00,0,0,0
2024-06-01 13:00:00,0,0,0
2024-06-01 14:00:00,0,0,0
2024-06-01 15:00:00,0,0,0
2024-06-01 16:00:00,0,0,0
2024-06-01 17:00:00,0,0,0
2024-06-01 18:00:00,0,0,0
2024-06-01 19:00:00,0,0,0
2024-06-01 20:00:00,0,0,0
2024-06-01 21:00:00,0,0,0
2024-06-01 22:00:00,0,0,0
2024-06-01 23:00:00,0,0,0
2024-06-02 00:00:00,0,0,0
2024-06-02 01:00:00,0,0,0
2024-06-02 02:00:00,0,0,0
2024-06-02 03:00:00,0,0,0
2024-06-02 04:00:00,0,0,0
2024-06-02 05:00:00,0,0,0
2024-06-02 06:00:00,0,0,0
2024-06-02 07:00:00,0,0,0
2024-06-02 08:00:00,0,0,0
2024-06-02 09:00:00,0,0,0
2024-06-02 10:00:00,0,0,0
2024-06-02 11:00:00,0,0,0
2024-06-02 12:00:00,0,0,0
2024-06-02 13:00:00,0,0,0
2024-06-02 14:00:00,0,0,0
2024-06-02 15:00:00,0,0,0
2024-06-02 16:00:00,0,0,0
2024-06-02 17:00:00,0,0,0
2024-06-02 18:00:00,0,0,0
2024-06-02 19:00:00,0,0,0
2024-06-02 20:00:00,0,0,0
2024-06-02 21:00:00,0,0,0
2024-06-02 22:00:00,0,0,0
2024-06-02 23:00:00,0,0,0
2024-06-03 00:00:00,0,0,0
2024-06-03 01:00:00,0,0,0
2024-06-03 02:00:00,0,0,0
2024-06-03 03:00:00,0,0,0
2024-06-03 04:00:00,0,0,0
2024-06-03 05:00:00,0,0,0
2024-06-03 06:00:00,0,0,0
2024-06-03 07:00:00,0,0,0
2024-06-03 08:00:00,0,0,0
2024-06-03 09:00:00,0,0,0
2024-06-03 10:00:00,0,0,0
2024-06-03 11:00:00,0,0,0
2024-06-03 12:00:00,0,0,0
2024-06-03 13:00:00,0,0,0
2024-06-03 14:00:00,0,0,0
2024-06-03 15:00:00,0,0,0
2024-06-03 16:00:00,0,0,0
2024-06-03 17:00:00,0,0,0
2024-06-03 18:00:00,0,0,0
2024-06-03 19:00:00,0,0,0
2024-06-03 20:00:00,0,0,0
2024-06-03 21:00:00,0,0,0
2024-06-03 22:00:00,0,0,0
2024-06-03 23:00:00,0,0,0
2024-06-04 00:00:00,0,0,0
2024-06-04 01:00:00,0,0,0
2024-06-04 02:00:00,0,0,0
2024-06-04 03:00:00,0,0,0
2024-06-04 04:00:00,0,0,0
2024-06-04 05:00:00,0,0,0
2024-06-04 06:00:00,0,0,0
2024-06-04 07:00:00,0,0,0
2024-06-04 08:00:00,0,0,0
2024-06-04 09:00:00,0,0,0
2024-06-04 10:00:00,0,0,0
2024-06-04 11:00:00,0,0,0
2024-06-04 12:00:00,0,0,0
2024-06-04 13:00:00,0,0,0
2024-06-04 14:00:00,0,0,0
2024-06-04 15:00:00,0,0,0
2024-06-04 16:00:00,0,0,0
2024-06-04 17:00:00,0,0,0
2024-06-04 18:00:00,0,0,0
2024-06-04 19:00:00,0,0,0
2024-06-04 20:00:00,0,0,0
2024-06-04 21:00:00,0,0,0
2024-06-04 22:00:00,0,0,0
2024-06-04 23:00:00,0,0,0
2024-06-05 00:00:00,0,0,0
2024-06-05 01:00:00,0,0,0
2024-06-05 02:00:00,0,0,0
2024-06-05 03:00:00,0,0,0
2024-06-05 04:00:00,0,0,0
2024-06-05 05:00:00,0,0,0
2024-06-05 06:00:00,0,0,0
2024-06-05 07:00:00,0,0,0
2024-06-05 08:00:00,0,0,0
2024-06-05 09:00:00,0,0,0
2024-06-05 10:00:00,0,0,0
2024-06-05 11:00:00,0,0,0
2024-06-05 12:00:00,0,0,0
2024-06-05 13:00:00,0,0,0
2024-06-05 14:00:00,0,0,0
2024-06-05 15:00:00,0,0,0
2024-06-05 16:00:00,0,0,0
2024-06-05 17:00:00,0,0,0
2024-06-05 18:00:00,0,0,0
2024-06-05 19:00:00,0,0,0
2024-06-05 20:00:00,0,0,0
2024-06-05 21:00:00,0,0,0
2024-06-05 22:00:00,0,0,0
2024-06-05 23:00:00,0,0,0
2024-06-06 00:00:00,0,0,0
2024-06-06 01:00:00,0,0,0
2024-06-06 02:00:00,0,0,0
2024-06-06 03:00:00,0,0,0
2024-06-06 04:00:00,0,0,0
2024-06-06 05:00:00,0,0,0
2024-06-06 06:00:00,0,0,0
2024-06-06 07:00:00,0,0,0
2024-06-06 08:00:00,0,0,0
2024-06-06 09:00:00,0,0,0
2024-06-06 10:00:00,0,0,0
2024-06-06 11:00:00,0,0,0
2024-06-06 12:00:00,0,0,0
2024-06-06 13:00:00,0,0,0
2024-06-06 14:00:00,0,0,0
2024-06-06 15:00:00,0,0,0
2024-06-06 16:00:00,0,0,0
2024-06-06 17:00:00,0,0,0
2024-06-06 18:00:00,0,0,0
2024-06-06 19:00:00,0,0,0
2024-06-06 20:00:00,0,0,0
2024-06-06 21:00:00,0,0,0
2024-06-06 22:00:00,0,0,0
2024-06-06 23:00:00,0,0,0
2024-06-07 00:00:00,0,0,0
2024-06-07 01:00:00,0,0,0
2024-06-07 02:00:00,0,0,0
2024-06-07 03:00:00,0,0,0
2024-06-07 04:00:00,0,0,0
2024-06-07 05:00:00,0,0,0
2024-06-07 06:00:00,0,0,0
2024-06-07 07:00:00,0,0,0
2024-06-07 08:00:00,0,0,0
2024-06-07 09:00:00,0,0,0
2024-06-07 10:00:00,0,0,0
2024-06-07 11:00:00,0,0,0
2024-06-07 12:00:00,0,0,0
2024-06-07 13:00:00,0,0,0
2024-06-07 14:00:00,0,0,0
2024-06-07 15:00:00,0,0,0
2024-06-07 16:00:00,0,0,0
2024-06-07 17:00:00,0,0,0
2024-06-07 18:00:00,0,0,0
2024-06-07 19:00:00,0,0,0
2024-06-07 20:00:00,0,0,0
2024-06-07 21:00:00,0,0,0
2024-06-07 22:00:00,0,0,0
2024-06-07 23:00:00,0,0,0
2024-06-08 00:00:00,0,0,0
2024-06-08 01:00:00,0,0,0
2024-06-08 02:00:00,0,0,0
2024-06-08 03:00:00,0,0,0
2024-06-08 04:00:00,0,0,0
2024-06-08 05:00:00,0,0,0
2024-06-08 06:00:00,0,0,0
2024-06-08 07:00:00,0,0,0
2024-06-08 08:00:00,0,0,0
2024-06-08 09:00:00,0,0,0
2024-06-08 10:00:00,0,0,0
2024-06-08 11:00:00,0,0,0
2024-06-08 12:00:00,0,0,0
2024-06-08 13:00:00,0,0,0
2024-06-08 14:00:00,0,0,0
2024-06-08 15:00:00,0,0,0
2024-06-08 16:00:00,0,0,0
2024-06-08 17:00:00,0,0,0
2024-06-08 18:00:00,0,0,0
2024-06-08 19:00:00,0,0,0
2024-06-08 20:00:00,0,0,0
2024-06-08 21:00:00,0,0,0
2024-06-08 22:00:00,0,0,0
2024-06-08 23:00:00,0,0,0
2024-06-09 00:00:00,0,0,0
2024-06-09 01:00:00,0,0,0
2024-06-09 02:00:00,0,0,0
2024-06-09 03:00:00,0,0,0
2024-06-09 04:00:00,0,0,0
2024-06-09 05:00:00,0,0,0
2024-06-09 06:00:00,0,0,0
2024-06-09 07:00:00,0,0,0
2024-06-09 08:00:00,0,0,0
2024-06-09 09:00:00,0,0,0
2024-06-09 10:00:00,0,0,0
2024-06-09 11:00:00,0,0,0
2024-06-09 12:00:00,0,0,0
2024-06-09 13:00:00,0,0,0
2024-06-09 14:00:00,0,0,0
2024-06-09 15:00:00,0,0,0
2024-06-09 16:00:00,0,0,0
2024-06-09 17:00:00,0,0,0
2024-06-09 18:00:00,0,0,0
2024-06-09 19:00:00,0,0,0
2024-06-09 20:00:00,0,0,0
2024-06-09 21:00:00,0,0,0
2024-06-09 22:00:00,0,0,0
2024-06-09 23:00:00,0,0,0
2024-06-10 00:00:00,0,0,0
2024-06-10 01:00:00,0,0,0
2024-06-10 02:00:00,0,0,0
2024-06-10 03:00:00,0,0,0
2024-06-10 04:00:00,0,0,0
2024-06-10 05:00:00,0,0,0
2024-06-10 06:00:00,0,0,0
2024-06-10 07:00:00,0,0,0
2024-06-10 08:00:00,0,0,0
2024-06-10 09:00:00,0,0,0
2024-06-10 10:00:00,0,0,0
2024-06-10 11:00:00,0,0,0
2024-06-10 12:00:00,0,0,0
2024-06-10 13:00:00,0,0,0
2024-06-10 14:00:00,0,0,0
2024-06-10 15:00:00,0,0,0
2024-06-10 16:00:00,0,0,0
2024-06-10 17:00:00,0,0,0
2024-06-10 18:00:00,0,0,0
2024-06-10 19:00:00,0,0,0
2024-06-10 20:00:00,0,0,0
2024-06-10 21:00:00,0,0,0
2024-06-10 22:00:00,0,0,0
2024-06-10 23:00:00,0,0,0
2024-06-11 00:00:00,0,0,0
2024-06-11 01:00:00,0,0,0
2024-06-11 02:00:00,0,0,0
2024-06-11 03:00:00,0,0,0
2024-06-11 04:00:00,0,0,0
2024-06-11 05:00:00,0,0,0
2024-06-11 06:00:00,0,0,0
2024-06-11 07:00:00,0,0,0
2024-06-11 08:00:00,0,0,0
2024-06-11 09:00:00,0,0,0
2024-06-11 10:00:00,0,0,0
2024-06-11 11:00:00,0,0,0
2024-06-11 12:00:00,0,0,0
2024-06-11 13:00:00,0,0,0
2024-06-11 14:00:00,0,0,0
2024-06-11 15:00:00,0,0,0
2024-06-11 16:00:00,0,0,0
2024-06-11 17:00:00,0,0,0
2024-06-11 18:00:00,0,0,0
2024-06-11 19:00:00,0,0,0
2024-06-11 20:00:00,0,0,0
2024-06-11 21:00:00,0,0,0
2024-06-11 22:00:00,0,0,0
2024-06-11 23:00:00,0,0,0
2024-06-12 00:00:00,0,0,0
2024-06-12 01:00:00,0,0,0
2024-06-12 02:00:00,0,0,0
2024-06-12 03:00:00,0,0,0
2024-06-12 04:00:00,0,0,0
2024-06-12 05:00:00,0,0,0
2024-06-12 06:00:00,0,0,0
2024-06-12 07:00:00,0,0,0
2024-06-12 08:00:00,0,0,0
2024-06-12 09:00:00,0,0,0
2024-06-12 10:00:00,0,0,0
2024-06-12 11:00:00,0,0,0
2024-06-12 12:00:00,0,0,0
2024-06-12 13:00:00,0,0,0
2024-06-12 14:00:00,0,0,0
2024-06-12 15:00:00,0,0,0
2024-06-12 16:00:00,0,0,0
2024-06-12 17:00:00,0,0,0
2024-06-12 18:00:00,0,0,0
2024-06-12 19:00:00,0,0,0
2024-06-12 20:00:00,0,0,0
2024-06-12 21:00:00,0,0,0
2024-06-12 22:00:00,0,0,0
2024-06-12 23:00:00,0,0,0
2024-06-13 00:00:00,0,0,0
2024-06-13 01:00:00,0,0,0
2024-06-13 02:00:00,0,0,0
2024-06-13 03:00:00,0,0,0
2024-06-13 04:00:00,0,0,0
2024-06-13 05:00:00,0,0,0
2024-06-13 06:00:00,0,0,0
2024-06-13 07:00:00,0,0,0
2024-06-13 08:00:00,0,0,0
2024-06-13 09:00:00,0,0,0
2024-06-13 10:00:00,0,0,0
2024-06-13 11:00:00,0,0,0
2024-06-13 12:00:00,0,0,0
2024-06-13 13:00:00,0,0,0
2024-06-13 14:00:00,0,0,0
2024-06-13 15:00:00,0,0,0
2024-06-13 16:00:00,0,0,0
2024-06-13 17:00:00,0,0,0
2024-06-13 18:00:00,0,0,0
2024-06-13 19:00:00,0,0,0
2024-06-13 20:00:00,0,0,0
2024-06-13 21:00:00,0,0,0
2024-06-13 22:00:00,0,0,0
2024-06-13 23:00:00,0,0,0
2024-06-14 00:00:00,0,0,0
2024-06-14 01:00:00,0,0,0
2024-06-14 02:00:00,0,0,0
2024-06-14 03:00:00,0,0,0
2024-06-14 04:00:00,0,0,0
2024-06-14 05:00:00,0,0,0
2024-06-14 06:00:00,0,0,0
2024-06-14 07:00:00,0,0,0
2024-06-14 08:00:00,0,0,0
2024-06-14 09:00:00,0,0,0
2024-06-14 10:00:00,0,0,0
2024-06-14 11:00:00,0,0,0
2024-06-14 12:00:00,0,0,0
2024-06-14 13:00:00,0,0,0
2024-06-14 14:00:00,0,0,0
2024-06-14 15:00:00,0,0,0
2024-06-14 16:00:00,0,0,0
2024-06-14 17:00:00,0,0,0
2024-06-14 18:00:00,0,0,0
2024-06-14 19:00:00,0,0,0
2024-06-14 20:00:00,0,0,0
2024-06-14 21:00:00,0,0,0
2024-06-14 22:00:00,0,0,0
2024-06-14 23:00:00,0,0,0
2024-06-15 00:00:00,0,0,0
2024-06-15 01:00:00,0,0,0
2024-06-15 02:00:00,0,0,0
2024-06-15 03:00:00,0,0,0
2024-06-15 04:00:00,0,0,0
2024-06-15 05:00:00,0,0,0
2024-06-15 06:00:00,0,0,0
2024-06-15 07:00:00,0,0,0
2024-06-15 08:00:00,0,0,0
2024-06-15 09:00:00,0,0,0
2024-06-15 10:00:00,0,0,0
2024-06-15 11:00:00,0,0,0
2024-06-15 12:00:00,0,0,0
2024-06-15 13:00:00,0,0,0
2024-06-15 14:00:00,0,0,0
2024-06-15 15:00:00,0,0,0
2024-06-15 16:00:00,0,0,0
2024-06-15 17:00:00,0,0,0
2024-06-15 18:00:00,0,0,0
2024-06-15 19:00:00,0,0,0
2024-06-15 20:00:00,0,0,0
2024-06-15 21:00:00,0,0,0
2024-06-15 22:00:00,0,0,0
2024-06-15 23:00:00,0,0,0
2024-06-16 00:00:00,0,0,0
2024-06-16 01:00:00,0,0,0
2024-06-16 02:00:00,0,0,0
2024-06-16 03:00:00,0,0,0
2024-06-16 04:00:00,0,0,0
2024-06-16 05:00:00,0,0,0
2024-06-16 06:00:00,0,0,0
2024-06-16 07:00:00,0,0,0
2024-06-16 08:00:00,0,0,0
2024-06-16 09:00:00,0,0,0
2024-06-16 10:00:00,0,0,0
2024-06-16 11:00:00,0,0,0
2024-06-16 12:00:00,0,0,0
2024-06-16 13:00:00,0,0,0
2024-06-16 14:00:00,0,0,0
2024-06-16 15:00:00,0,0,0
2024-06-16 16:00:00,0,0,0
2024-06-16 17:00:00,0,0,0
2024-06-16 18:00:00,0,0,0
2024-06-16 19:00:00,0,0,0
2024-06-16 20:00:00,0,0,0
2024-06-16 21:00:00,0,0,0
2024-06-16 22:00:00,0,0,0
2024-06-16 23:00:00,0,0,0
2024-06-17 00:00:00,0,0,0
2024-06-17 01:00:00,0,0,0
2024-06-17 02:00:00,0,0,0
2024-06-17 03:00:00,0,0,0
2024-06-17 04:00:00,0,0,0
2024-06-17 05:00:00,0,0,0
2024-06-17 06:00:00,0,0,0
2024-06-17 07:00:00,0,0,0
2024-06-17 08:00:00,0,0,0
2024-06-17 09:00:00,0,0,0
2024-06-17 10:00:00,0,0,0
2024-06-17 11:00:00,0,0,0
2024-06-17 12:00:00,0,0,0
2024-06-17 13:00:00,0,0,0
2024-06-17 14:00:00,0,0,0
2024-06-17 15:00:00,0,0,0
2024-06-17 16:00:00,0,0,0
2024-06-17 17:00:00,0,0,0
2024-06-17 18:00:00,0,0,0
2024-06-17 19:00:00,0,0,0
2024-06-17 20:00:00,0,0,0
2024-06-17 21:00:00,0,0,0
2024-06-17 22:00:00,0,0,0
2024-06-17 23:00:00,0,0,0
2024-06-18 00:00:00,0,0,0
2024-06-18 01:00:00,0,0,0
2024-06-18 02:00:00,0,0,0
2024-06-18 03:00:00,0,0,0
2024-06-18 04:00:00,0,0,0
2024-06-18 05:00:00,0,0,0
2024-06-18 06:00:00,0,0,0
2024-06-18 07:00:00,0,0,0
2024-06-18 08:00:00,0,0,0
2024-06-18 09:00:00,0,0,0
2024-06-18 10:00:00,0,0,0
2024-06-18 11:00:00,0,0,0
2024-06-18 12:00:00,0,0,0
2024-06-18 13:00:00,0,0,0
2024-06-18 14:00:00,0,0,0
2024-06-18 15:00:00,0,0,0
2024-06-18 16:00:00,0,0,0
2024-06-18 17:00:00,0,0,0
2024-06-18 18:00:00,0,0,0
2024-06-18 19:00:00,0,0,0
2024-06-18 20:00:00,0,0,0
2024-06-18 21:00:00,0,0,0
2024-06-18 22:00:00,0,0,0
2024-06-18 23:00:00,0,0,0
2024-06-19 00:00:00,0,0,0
2024-06-19 01:00:00,0,0,0
2024-06-19 02:00:00,0,0,0
2024-06-19 03:00:00,0,0,0
2024-06-19 04:00:00,0,0,0
2024-06-19 05:00:00,0,0,0
2024-06-19 06:00:00,0,0,0
2024-06-19 07:00:00,0,0,0
2024-06-19 08:00:00,0,0,0
2024-06-19 09:00:00,0,0,0
2024-06-19 10:00:00,0,0,0
2024-06-19 11:00:00,0,0,0
2024-06-19 12:00:00,0,0,0
2024-06-19 13:00:00,0,0,0
2024-06-19 14:00:00,0,0,0
2024-06-19 15:00:00,0,0,0
2024-06-19 16:00:00,0,0,0
2024-06-19 17:00:00,0,0,0
2024-06-19 18:00:00,0,0,0
2024-06-19 19:00:00,0,0,0
2024-06-19 20:00:00,0,0,0
2024-06-19 21:00:00,0,0,0
2024-06-19 22:00:00,0,0,0
2024-06-19 23:00:00,0,0,0
2024-06-20 00:00:00,0,0,0
2024-06-20 01:00:00,0,0,0
2024-06-20 02:00:00,0,0,0
2024-06-20 03:00:00,0,0,0
2024-06-20 04:00:00,0,0,0
2024-06-20 05:00:00,0,0,0
2024-06-20 06:00:00,0,0,0
2024-06-20 07:00:00,0,0,0
2024-06-20 08:00:00,0,0,0
2024-06-20 09:00:00,0,0,0
2024-06-20 10:00:00,0,0,0
2024-06-20 11:00:00,0,0,0
2024-06-20 12:00:00,0,0,0
2024-06-20 13:00:00,0,0,0
2024-06-20 14:00:00,0,0,0
2024-06-20 15:00:00,0,0,0
2024-06-20 16:00:00,0,0,0
2024-06-20 17:00:00,0,0,0
2024-06-20 18:00:00,0,0,0
2024-06-20 19:00:00,0,0,0
2024-06-20 20:00:00,0,0,0
2024-06-20 21:00:00,0,0,0
2024-06-20 22:00:00,0,0,0
2024-06-20 23:00:00,0,0,0
2024-06-21 00:00:00,0,0,0
2024-06-21 01:00:00,0,0,0
2024-06-21 02:00:00,0,0,0
2024-06-21 03:00:00,0,0,0
2024-06-21 04:00:00,0,0,0
2024-06-21 05:00:00,0,0,0
2024-06-21 06:00:00,0,0,0
2024-06-21 07:00:00,0,0,0
2024-06-21 08:00:00,0,0,0
2024-06-21 09:00:00,0,0,0
2024-06-21 10:00:00,0,0,0
2024-06-21 11:00:00,0,0,0
2024-06-21 12:00:00,0,0,0
2024-06-21 13:00:00,0,0,0
2024-06-21 14:00:00,0,0,0
2024-06-21 15:00:00,0,0,0
2024-06-21 16:00:00,0,0,0
2024-06-21 17:00:00,0,0,0
2024-06-21 18:00:00,0,0,0
2024-06-21 19:00:00,0,0,0
2024-06-21 20:00:00,0,0,0
2024-06-21 21:00:00,0,0,0
2024-06-21 22:00:00,0,0,0
2024-06-21 23:00:00,0,0,0
2024-06-22 00:00:00,0,0,0
2024-06-22 01:00:00,0,0,0
2024-06-22 02:00:00,0,0,0
2024-06-22 03:00:00,0,0,0
2024-06-22 04:00:00,0,0,0
2024-06-22 05:00:00,0,0,0
2024-06-22 06:00:00,0,0,0
2024-06-22 07:00:00,0,0,0
2024-06-22 08:00:00,0,0,0
2024-06-22 09:00:00,0,0,0
2024-06-22 10:00:00,0,0,0
2024-06-22 11:00:00,0,0,0
2024-06-22 12:00:00,0,0,0
2024-06-22 13:00:00,0,0,0
2024-06-22 14:00:00,0,0,0
2024-06-22 15:00:00,0,0,0
2024-06-22 16:00:00,0,0,0
2024-06-22 17:00:00,0,0,0
2024-06-22 18:00:00,0,0,0
2024-06-22 19:00:00,0,0,0
2024-06-22 20:00:00,0,0,0
2024-06-22 21:00:00,0,0,0
2024-06-22 22:00:00,0,0,0
2024-06-22 23:00:00,0,0,0
2024-06-23 00:00:00,0,0,0
2024-06-23 01:00:00,0,0,0
2024-06-23 02:00:00,0,0,0
2024-06-23 03:00:00,0,0,0
2024-06-23 04:00:00,0,0,0
2024-06-23 05:00:00,0,0,0
2024-06-23 06:00:00,0,0,0
2024-06-23 07:00:00,0,0,0
2024-06-23 08:00:00,0,0,0
2024-06-23 09:00:00,0,0,0
2024-06-23 10:00:00,0,0,0
2024-06-23 11:00:00,0,0,0
2024-06-23 12:00:00,0,0,0
2024-06-23 13:00:00,0,0,0
2024-06-23 14:00:00,0,0,0
2024-06-23 15:00:00,0,0,0
2024-06-23 16:00:00,0,0,0
2024-06-23 17:00:00,0,0,0
2024-06-23 18:00:00,0,0,0
2024-06-23 19:00:00,0,0,0
2024-06-23 20:00:00,0,0,0
2024-06-23 21:00:00,0,0,0
2024-06-23 22:00:00,0,0,0
2024-06-23 23:00:00,0,0,0
2024-06-24 00:00:00,0,0,0
2024-06-24 01:00:00,0,0,0
2024-06-24 02:00:00,0,0,0
2024-06-24 03:00:00,0,0,0
2024-06-24 04:00:00,0,0,0
2024-06-24 05:00:00,0,0,0
2024-06-24 06:00:00,0,0,0
2024-06-24 07:00:00,0,0,0
2024-06-24 08:00:00,0,0,0
2024-06-24 09:00:00,0,0,0
2024-06-24 10:00:00,0,0,0
2024-06-24 11:00:00,0,0,0
2024-06-24 12:00:00,0,0,0
2024-06-24 13:00:00,0,0,0
2024-06-24 14:00:00,0,0,0
2024-06-24 15:00:00,0,0,0
2024-06-24 16:00:00,0,0,0
2024-06-24 17:00:00,0,0,0
2024-06-24 18:00:00,0,0,0
2024-06-24 19:00:00,0,0,0
2024-06-24 20:00:00,0,0,0
2024-06-24 21:00:00,0,0,0
2024-06-24 22:00:00,0,0,0
2024-06-24 23:00:00,0,0,0
2024-06-25 00:00:00,0,0,0
2024-06-25 01:00:00,0,0,0
2024-06-25 02:00:00,0,0,0
2024-06-25 03:00:00,0,0,0
2024-06-25 04:00:00,0,0,0
2024-06-25 05:00:00,0,0,0
2024-06-25 06:00:00,0,0,0
2024-06-25 07:00:00,0,0,0
2024-06-25 08:00:00,0,0,0
2024-06-25 09:00:00,0,0,0
2024-06-25 10:00:00,0,0,0
2024-06-25 11:00:00,0,0,0
2024-06-25 12:00:00,0,0,0
2024-06-25 13:00:00,0,0,0
2024-06-25 14:00:00,0,0,0
2024-06-25 15:00:00,0,0,0
2024-06-25 16:00:00,0,0,0
2024-06-25 17:00:00,0,0,0
2024-06-25 18:00:00,0,0,0
2024-06-25 19:00:00,0,0,0
2024-06-25 20:00:00,0,0,0
2024-06-25 21:00:00,0,0,0
2024-06-25 22:00:00,0,0,0
2024-06-25 23:00:00,0,0,0
2024-06-26 00:00:00,0,0,0
2024-06-26 01:00:00,0,0,0
2024-06-26 02:00:00,0,0,0
2024-06-26 03:00:00,0,0,0
2024-06-26 04:00:00,0,0,0
2024-06-26 05:00:00,0,0,0
2024-06-26 06:00:00,0,0,0
2024-06-26 07:00:00,0,0,0
2024-06-26 08:00:00,0,0,0
2024-06-26 09:00:00,0,0,0
2024-06-26 10:00:00,0,0,0
2024-06-26 11:00:00,0,0,0
2024-06-26 12:00:00,0,0,0
2024-06-26 13:00:00,0,0,0
2024-06-26 14:00:00,0,0,0
2024-06-26 15:00:00,0,0,0
2024-06-26 16:00:00,0,0,0
2024-06-26 17:00:00,0,0,0
2024-06-26 18:00:00,0,0,0
2024-06-26 19:00:00,0,0,0
2024-06-26 20:00:00,0,0,0
2024-06-26 21:00:00,0,0,0
2024-06-26 22:00:00,0,0,0
2024-06-26 23:00:00,0,0,0
2024-06-27 00:00:00,0,0,0
2024-06-27 01:00:00,0,0,0
2024-06-27 02:00:00,0,0,0
2024-06-27 03:00:00,0,0,0
2024-06-27 04:00:00,0,0,0
2024-06-27 05:00:00,0,0,0
2024-06-27 06:00:00,0,0,0
2024-06-27 07:00:00,0,0,0
2024-06-27 08:00:00,0,0,0
2024-06-27 09:00:00,0,0,0
2024-06-27 10:00:00,0,0,0
2024-06-27 11:00:00,0,0,0
2024-06-27 12:00:00,0,0,0
2024-06-27 13:00:00,0,0,0
2024-06-27 14:00:00,0,0,0
2024-06-27 15:00:00,0,0,0
2024-06-27 16:00:00,0,0,0
2024-06-27 17:00:00,0,0,0
2024-06-27 18:00:00,0,0,0
2024-06-27 19:00:00,0,0,0
2024-06-27 20:00:00,0,0,0
2024-06-27 21:00:00,0,0,0
2024-06-27 22:00:00,0,0,0
2024-06-27 23:00:00,0,0,0
2024-06-28 00:00:00,0,0,0
2024-06-28 01:00:00,0,0,0
2024-06-28 02:00:00,0,0,0
2024-06-28 03:00:00,0,0,0
2024-06-28 04:00:00,0,0,0
2024-06-28 05:00:00,0,0,0
2024-06-28 06:00:00,0,0,0
2024-06-28 07:00:00,0,0,0
2024-06-28 08:00:00,0,0,0
2024-06-28 09:00:00,0,0,0
2024-06-28 10:00:00,0,0,0
2024-06-28 11:00:00,0,0,0
2024-06-28 12:00:00,0,0,0
2024-06-28 13:00:00,0,0,0
2024-06-28 14:00:00,0,0,0
2024-06-28 15:00:00,0,0,0
2024-06-28 16:00:00,0,0,0
2024-06-28 17:00:00,0,0,0
2024-06-28 18:00:00,0,0,0
2024-06-28 19:00:00,0,0,0
2024-06-28 20:00:00,0,0,0
2024-06-28 21:00:00,0,0,0
2024-06-28 22:00:00,0,0,0
2024-06-28 23:00:00,0,0,0
2024-06-29 00:00:00,0,0,0
2024-06-29 01:00:00,0,0,0
2024-06-29 02:00:00,0,0,0
2024-06-29 03:00:00,0,0,0
2024-06-29 04:00:00,0,0,0
2024-06-29 05:00:00,0,0,0
2024-06-29 06:00:00,0,0,0
2024-06-29 07:00:00,0,0,0
2024-06-29 08:00:00,0,0,0
2024-06-29 09:00:00,0,0,0
2024-06-29 10:00:00,0,0,0
2024-06-29 11:00:00,0,0,0
2024-06-29 12:00:00,0,0,0
2024-06-29 13:00:00,0,0,0
2024-06-29 14:00:00,0,0,0
2024-06-29 15:00:00,0,0,0
2024-06-29 16:00:00,0,0,0
2024-06-29 17:00:00,0,0,0
2024-06-29 18:00:00,0,0,0
2024-06-29 19:00:00,0,0,0
2024-06-29 20:00:00,0,0,0
2024-06-29 21:00:00,0,0,0
2024-06-29 22:00:00,0,0,0
2024-06-29 23:00:00,0,0,0
2024-06-30 00:00:00,0,0,0
2024-06-30 01:00:00,0,0,0
2024-06-30 02:00:00,0,0,0
2024-06-30 03:00:00,0,0,0
2024-06-30 04:00:00,0,0,0
2024-06-30 05:00:00,0,0,0
2024-06-30 06:00:00,0,0,0
2024-06-30 07:00:00,0,0,0
2024-06-30 08:00:00,0,0,0
2024-06-30 09:00:00,0,0,0
2024-06-30 10:00:00,0,0,0
2024-06-30 11:00:00,0,0,0
2024-06-30 12:00:00,0,0,0
2024-06-30 13:00:00,0,0,0
2024-06-30 14:00:00,0,0,0
2024-06-30 15:00:00,0,0,0
2024-06-30 16:00:00,0,0,0
2024-06-30 17:00:00,0,0,0
2024-06-30 18:00:00,0,0,0
2024-06-30 19:00:00,0,0,0
2024-06-30 20:00:00,0,0,0
2024-06-30 21:00:00,0,0,0
2024-06-30 22:00:00,0,0,0
2024-06-30 23:00:00,0,0,0
2024-07-01 00:00:00,0,0,0
2024-07-01 01:00:00,0,0,0
2024-07-01 02:00:00,0,0,0
2024-07-01 03:00:00,0,0,0
2024-07-01 04:00:00,0,0,0
2024-07-01 05:00:00,0,0,0
2024-07-01 06:00:00,0,0,0
2024-07-01 07:00:00,0,0,0
2024-07-01 08:00:00,0,0,0
2024-07-01 09:00:00,0,0,0
2024-07-01 10:00:00,0,0,0
2024-07-01 11:00:00,0,0,0
2024-07-01 12:00:00,0,0,0
2024-07-01 13:00:00,0,0,0
2024-07-01 14:00:00,0,0,0
2024-07-01 15:00:00,0,0,0
2024-07-01 16:00:00,0,0,0
2024-07-01 17:00:00,0,0,0
2024-07-01 18:00:00,0,0,0
2024-07-01 19:00:00,0,0,0
2024-07-01 20:00:00,0,0,0
2024-07-01 21:00:00,0,0,0
2024-07-01 22:00:00,0,0,0
2024-07-01 23:00:00,0,0,0
2024-07-02 00:00:00,0,0,0
2024-07-02 01:00:00,0,0,0
2024-07-02 02:00:00,0,0,0
2024-07-02 03:00:00,0,0,0
2024-07-02 04:00:00,0,0,0
2024-07-02 05:00:00,0,0,0
2024-07-02 06:00:00,0,0,0
2024-07-02 07:00:00,0,0,0
2024-07-02 08:00:00,0,0,0
2024-07-02 09:00:00,0,0,0
2024-07-02 10:00:00,0,0,0
2024-07-02 11:00:00,0,0,0
2024-07-02 12:00:00,0,0,0
2024-07-02 13:00:00,0,0,0
2024-07-02 14:00:00,0,0,0
2024-07-02 15:00:00,0,0,0
2024-07-02 16:00:00,0,0,0
2024-07-02 17:00:00,0,0,0
2024-07-02 18:00:00,0,0,0
2024-07-02 19:00:00,0,0,0
2024-07-02 20:00:00,0,0,0
2024-07-02 21:00:00,0,0,0
2024-07-02 22:00:00,0,0,0
2024-07-02 23:00:00,0,0,0
2024-07-03 00:00:00,0,0,0
2024-07-03 01:00:00,0,0,0
2024-07-03 02:00:00,0,0,0
2024-07-03 03:00:00,0,0,0
2024-07-03 04:00:00,0,0,0
2024-07-03 05:00:00,0,0,0
2024-07-03 06:00:00,0,0,0
2024-07-03 07:00:00,0,0,0
2024-07-03 08:00:00,0,0,0
2024-07-03 09:00:00,0,0,0
2024-07-03 10:00:00,0,0,0
2024-07-03 11:00:00,0,0,0
2024-07-03 12:00:00,0,0,0
2024-07-03 13:00:00,0,0,0
2024-07-03 14:00:00,0,0,0
2024-07-03 15:00:00,0,0,0
2024-07-03 16:00:00,0,0,0
2024-07-03 17:00:00,0,0,0
2024-07-03 18:00:00,0,0,0
2024-07-03 19:00:00,0,0,0
2024-07-03 20:00:00,0,0,0
2024-07-03 21:00:00,0,0,0
2024-07-03 22:00:00,0,0,0
2024-07-03 23:00:00,0,0,0
2024-07-04 00:00:00,0,0,0
2024-07-04 01:00:00,0,0,0
2024-07-04 02:00:00,0,0,0
2024-07-04 03:00:00,0,0,0
2024-07-04 04:00:00,0,0,0
2024-07-04 05:00:00,0,0,0
2024-07-04 06:00:00,0,0,0
2024-07-04 07:00:00,0,0,0
2024-07-04 08:00:00,0,0,0
2024-07-04 09:00:00,0,0,0
2024-07-04 10:00:00,0,0,0
2024-07-04 11:00:00,0,0,0
2024-07-04 12:00:00,0,0,0
2024-07-04 13:00:00,0,0,0
2024-07-04 14:00:00,0,0,0
2024-07-04 15:00:00,0,0,0
2024-07-04 16:00:00,0,0,0
2024-07-04 17:00:00,0,0,0
2024-07-04 18:00:00,0,0,0
2024-07-04 19:00:00,0,0,0
2024-07-04 20:00:00,0,0,0
2024-07-04 21:00:00,0,0,0
2024-07-04 22:00:00,0,0,0
2024-07-04 23:00:00,0,0,0
2024-07-05 00:00:00,0,0,0
2024-07-05 01:00:00,0,0,0
2024-07-05 02:00:00,0,0,0
2024-07-05 03:00:00,0,0,0
2024-07-05 04:00:00,0,0,0
2024-07-05 05:00:00,0,0,0
2024-07-05 06:00:00,0,0,0
2024-07-05 07:00:00,0,0,0
2024-07-05 08:00:00,0,0,0
2024-07-05 09:00:00,0,0,0
2024-07-05 10:00:00,0,0,0
2024-07-05 11:00:00,0,0,0
2024-07-05 12:00:00,0,0,0
2024-07-05 13:00:00,0,0,0
2024-07-05 14:00:00,0,0,0
2024-07-05 15:00:00,0,0,0
2024-07-05 16:00:00,0,0,0
2024-07-05 17:00:00,0,0,0
2024-07-05 18:00:00,0,0,0
2024-07-05 19:00:00,0,0,0
2024-07-05 20:00:00,0,0,0
2024-07-05 21:00:00,0,0,0
2024-07-05 22:00:00,0,0,0
2024-07-05 23:00:00,0,0,0
2024-07-06 00:00:00,0,0,0
2024-07-06 01:00:00,0,0,0
2024-07-06 02:00:00,0,0,0
2024-07-06 03:00:00,0,0,0
2024-07-06 04:00:00,0,0,0
2024-07-06 05:00:00,0,0,0
2024-07-06 06:00:00,0,0,0
2024-07-06 07:00:00,0,0,0
2024-07-06 08:00:00,0,0,0
2024-07-06 09:00:00,0,0,0
2024-07-06 10:00:00,0,0,0
2024-07-06 11:00:00,0,0,0
2024-07-06 12:00:00,0,0,0
2024-07-06 13:00:00,0,0,0
2024-07-06 14:00:00,0,0,0
2024-07-06 15:00:00,0,0,0
2024-07-06 16:00:00,0,0,0
2024-07-06 17:00:00,0,0,0
2024-07-06 18:00:00,0,0,0
2024-07-06 19:00:00,0,0,0
2024-07-06 20:00:00,0,0,0
2024-07-06 21:00:00,0,0,0
2024-07-06 22:00:00,0,0,0
2024-07-06 23:00:00,0,0,0
2024-07-07 00:00:00,0,0,0
2024-07-07 01:00:00,0,0,0
2024-07-07 02:00:00,0,0,0
2024-07-07 03:00:00,0,0,0
2024-07-07 04:00:00,0,0,0
2024-07-07 05:00:00,0,0,0
2024-07-07 06:00:00,0,0,0
2024-07-07 07:00:00,0,0,0
2024-07-07 08:00:00,0,0,0
2024-07-07 09:00:00,0,0,0
2024-07-07 10:00:00,0,0,0
2024-07-07 11:00:00,0,0,0
2024-07-07 12:00:00,0,0,0
2024-07-07 13:00:00,0,0,0
2024-07-07 14:00:00,0,0,0
2024-07-07 15:00:00,0,0,0
2024-07-07 16:00:00,0,0,0
2024-07-07 17:00:00,0,0,0
2024-07-07 18:00:00,0,0,0
2024-07-07 19:00:00,0,0,0
2024-07-07 20:00:00,0,0,0
2024-07-07 21:00:00,0,0,0
2024-07-07 22:00:00,0,0,0
2024-07-07 23:00:00,0,0,0
2024-07-08 00:00:00,0,0,0
2024-07-08 01:00:00,0,0,0
2024-07-08 02:00:00,0,0,0
2024-07-08 03:00:00,0,0,0
2024-07-08 04:00:00,0,0,0
2024-07-08 05:00:00,0,0,0
2024-07-08 06:00:00,0,0,0
2024-07-08 07:00:00,0,0,0
2024-07-08 08:00:00,0,0,0
2024-07-08 09:00:00,0,0,0
2024-07-08 10:00:00,0,0,0
2024-07-08 11:00:00,0,0,0
2024-07-08 12:00:00,0,0,0
2024-07-08 13:00:00,0,0,0
2024-07-08 14:00:00,0,0,0
2024-07-08 15:00:00,0,0,0
2024-07-08 16:00:00,0,0,0
2024-07-08 17:00:00,0,0,0
2024-07-08 18:00:00,0,0,0
2024-07-08 19:00:00,0,0,0
2024-07-08 20:00:00,0,0,0
2024-07-08 21:00:00,0,0,0
2024-07-08 22:00:00,0,0,0
2024-07-08 23:00:00,0,0,0
2024-07-09 00:00:00,0,0,0
2024-07-09 01:00:00,0,0,0
2024-07-09 02:00:00,0,0,0
2024-07-09 03:00:00,0,0,0
2024-07-09 04:00:00,0,0,0
2024-07-09 05:00:00,0,0,0
2024-07-09 06:00:00,0,0,0
2024-07-09 07:00:00,0,0,0
2024-07-09 08:00:00,0,0,0
2024-07-09 09:00:00,0,0,0
2024-07-09 10:00:00,0,0,0
2024-07-09 11:00:00,0,0,0
2024-07-09 12:00:00,0,0,0
2024-07-09 13:00:00,0,0,0
2024-07-09 14:00:00,0,0,0
2024-07-09 15:00:00,0,0,0
2024-07-09 16:00:00,0,0,0
2024-07-09 17:00:00,0,0,0
2024-07-09 18:00:00,0,0,0
2024-07-09 19:00:00,0,0,0
2024-07-09 20:00:00,0,0,0
2024-07-09 21:00:00,0,0,0
2024-07-09 22:00:00,0,0,0
2024-07-09 23:00:00,0,0,0
2024-07-10 00:00:00,0,0,0
2024-07-10 01:00:00,0,0,0
2024-07-10 02:00:00,0,0,0
2024-07-10 03:00:00,0,0,0
2024-07-10 04:00:00,0,0,0
2024-07-10 05:00:00,0,0,0
2024-07-10 06:00:00,0,0,0
2024-07-10 07:00:00,0,0,0
2024-07-10 08:00:00,0,0,0
2024-07-10 09:00:00,0,0,0
2024-07-10 10:00:00,0,0,0
2024-07-10 11:00:00,0,0,0
2024-07-10 12:00:00,0,0,0
2024-07-10 13:00:00,0,0,0
2024-07-10 14:00:00,0,0,0
2024-07-10 15:00:00,0,0,0
2024-07-10 16:00:00,0,0,0
2024-07-10 17:00:00,0,0,0
2024-07-10 18:00:00,0,0,0
2024-07-10 19:00:00,0,0,0
2024-07-10 20:00:00,0,0,0
2024-07-10 21:00:00,0,0,0
2024-07-10 22:00:00,0,0,0
2024-07-10 23:00:00,0,0,0
2024-07-11 00:00:00,0,0,0
2024-07-11 01:00:00,0,0,0
2024-07-11 02:00:00,0,0,0
2024-07-11 03:00:00,0,0,0
2024-07-11 04:00:00,0,0,0
2024-07-11 05:00:00,0,0,0
2024-07-11 06:00:00,0,0,0
2024-07-11 07:00:00,0,0,0
2024-07-11 08:00:00,0,0,0
2024-07-11 09:00:00,0,0,0
2024-07-11 10:00:00,0,0,0
2024-07-11 11:00:00,0,0,0
2024-07-11 12:00:00,0,0,0
2024-07-11 13:00:00,0,0,0
2024-07-11 14:00:00,0,0,0
2024-07-11 15:00:00,0,0,0
2024-07-11 16:00:00,0,0,0
2024-07-11 17:00:00,0,0,0
2024-07-11 18:00:00,0,0,0
2024-07-11 19:00:00,0,0,0
2024-07-11 20:00:00,0,0,0
2024-07-11 21:00:00,0,0,0
2024-07-11 22:00:00,0,0,0
2024-07-11 23:00:00,0,0,0
2024-07-12 00:00:00,0,0,0
2024-07-12 01:00:00,0,0,0
2024-07-12 02:00:00,0,0,0
2024-07-12 03:00:00,0,0,0
2024-07-12 04:00:00,0,0,0
2024-07-12 05:00:00,0,0,0
2024-07-12 06:00:00,0,0,0
2024-07-12 07:00:00,0,0,0
2024-07-12 08:00:00,0,0,0
2024-07-12 09:00:00,0,0,0
2024-07-12 10:00:00,0,0,0
2024-07-12 11:00:00,0,0,0
2024-07-12 12:00:00,0,0,0
2024-07-12 13:00:00,0,0,0
2024-07-12 14:00:00,0,0,0
2024-07-12 15:00:00,0,0,0
2024-07-12 16:00:00,0,0,0
2024-07-12 17:00:00,0,0,0
2024-07-12 18:00:00,0,0,0
2024-07-12 19:00:00,0,0,0
2024-07-12 20:00:00,0,0,0
2024-07-12 21:00:00,0,0,0
2024-07-12 22:00:00,0,0,0
2024-07-12 23:00:00,0,0,0
2024-07-13 00:00:00,0,0,0
2024-07-13 01:00:00,0,0,0
2024-07-13 02:00:00,0,0,0
2024-07-13 03:00:00,0,0,0
2024-07-13 04:00:00,0,0,0
2024-07-13 05:00:00,0,0,0
2024-07-13 06:00:00,0,0,0
2024-07-13 07:00:00,0,0,0
2024-07-13 08:00:00,0,0,0
2024-07-13 09:00:00,0,0,0
2024-07-13 10:00:00,0,0,0
2024-07-13 11:00:00,0,0,0
2024-07-13 12:00:00,0,0,0
2024-07-13 13:00:00,0,0,0
2024-07-13 14:00:00,0,0,0
2024-07-13 15:00:00,0,0,0
2024-07-13 16:00:00,0,0,0
2024-07-13 17:00:00,0,0,0
2024-07-13 18:00:00,0,0,0
2024-07-13 19:00:00,0,0,0
2024-07-13 20:00:00,0,0,0
2024-07-13 21:00:00,0,0,0
2024-07-13 22:00:00,0,0,0
2024-07-13 23:00:00,0,0,0
2024-07-14 00:00:00,0,0,0
2024-07-14 01:00:00,0,0,0
2024-07-14 02:00:00,0,0,0
2024-07-14 03:00:00,0,0,0
2024-07-14 04:00:00,0,0,0
2024-07-14 05:00:00,0,0,0
2024-07-14 06:00:00,0,0,0
2024-07-14 07:00:00,0,0,0
2024-07-14 08:00:00,0,0,0
2024-07-14 09:00:00,0,0,0
2024-07-14 10:00:00,0,0,0
2024-07-14 11:00:00,0,0,0
2024-07-14 12:00:00,0,0,0
2024-07-14 13:00:00,0,0,0
2024-07-14 14:00:00,0,0,0
2024-07-14 15:00:00,0,0,0
2024-07-14 16:00:00,0,0,0
2024-07-14 17:00:00,0,0,0
2024-07-14 18:00:00,0,0,0
2024-07-14 19:00:00,0,0,0
2024-07-14 20:00:00,0,0,0
2024-07-14 21:00:00,0,0,0
2024-07-14 22:00:00,0,0,0
2024-07-14 23:00:00,0,0,0
2024-07-15 00:00:00,0,0,0
2024-07-15 01:00:00,0,0,0
2024-07-15 02:00:00,0,0,0
2024-07-15 03:00:00,0,0,0
2024-07-15 04:00:00,0,0,0
2024-07-15 05:00:00,0,0,0
2024-07-15 06:00:00,0,0,0
2024-07-15 07:00:00,0,0,0
2024-07-15 08:00:00,0,0,0
2024-07-15 09:00:00,0,0,0
2024-07-15 10:00:00,0,0,0
2024-07-15 11:00:00,0,0,0
2024-07-15 12:00:00,0,0,0
2024-07-15 13:00:00,0,0,0
2024-07-15 14:00:00,0,0,0
2024-07-15 15:00:00,0,0,0
2024-07-15 16:00:00,0,0,0
2024-07-15 17:00:00,0,0,0
2024-07-15 18:00:00,0,0,0
2024-07-15 19:00:00,0,0,0
2024-07-15 20:00:00,0,0,0
2024-07-15 21:00:00,0,0,0
2024-07-15 22:00:00,0,0,0
2024-07-15 23:00:00,0,0,0
2024-07-16 00:00:00,0,0,0
2024-07-16 01:00:00,0,0,0
2024-07-16 02:00:00,0,0,0
2024-07-16 03:00:00,0,0,0
2024-07-16 04:00:00,0,0,0
2024-07-16 05:00:00,0,0,0
2024-07-16 06:00:00,0,0,0
2024-07-16 07:00:00,0,0,0
2024-07-16 08:00:00,0,0,0
2024-07-16 09:00:00,0,0,0
2024-07-16 10:00:00,0,0,0
2024-07-16 11:00:00,0,0,0
2024-07-16 12:00:00,0,0,0
2024-07-16 13:00:00,0,0,0
2024-07-16 14:00:00,0,0,0
2024-07-16 15:00:00,0,0,0
2024-07-16 16:00:00,0,0,0
2024-07-16 17:00:00,0,0,0
2024-07-16 18:00:00,0,0,0
2024-07-16 19:00:00,0,0,0
2024-07-16 20:00:00,0,0,0
2024-07-16 21:00:00,0,0,0
2024-07-16 22:00:00,0,0,0
2024-07-16 23:00:00,0,0,0
2024-07-17 00:00:00,0,0,0
2024-07-17 01:00:00,0,0,0
2024-07-17 02:00:00,0,0,0
2024-07-17 03:00:00,0,0,0
2024-07-17 04:00:00,0,0,0
2024-07-17 05:00:00,0,0,0
2024-07-17 06:00:00,0,0,0
2024-07-17 07:00:00,0,0,0
2024-07-17 08:00:00,0,0,0
2024-07-17 09:00:00,0,0,0
2024-07-17 10:00:00,0,0,0
2024-07-17 11:00:00,0,0,0
2024-07-17 12:00:00,0,0,0
2024-07-17 13:00:00,0,0,0
2024-07-17 14:00:00,0,0,0
2024-07-17 15:00:00,0,0,0
2024-07-17 16:00:00,0,0,0
2024-07-17 17:00:00,0,0,0
2024-07-17 18:00:00,0,0,0
2024-07-17 19:00:00,0,0,0
2024-07-17 20:00:00,0,0,0
2024-07-17 21:00:00,0,0,0
2024-07-17 22:00:00,0,0,0
2024-07-17 23:00:00,0,0,0
2024-07-18 00:00:00,0,0,0
2024-07-18 01:00:00,0,0,0
2024-07-18 02:00:00,0,0,0
2024-07-18 03:00:00,0,0,0
2024-07-18 04:00:00,0,0,0
2024-07-18 05:00:00,0,0,0
2024-07-18 06:00:00,0,0,0
2024-07-18 07:00:00,0,0,0
2024-07-18 08:00:00,0,0,0
2024-07-18 09:00:00,0,0,0
2024-07-18 10:00:00,0,0,0
2024-07-18 11:00:00,0,0,0
2024-07-18 12:00:00,0,0,0
2024-07-18 13:00:00,0,0,0
2024-07-18 14:00:00,0,0,0
2024-07-18 15:00:00,0,0,0
2024-07-18 16:00:00,0,0,0
2024-07-18 17:00:00,0,0,0
2024-07-18 18:00:00,0,0,0
2024-07-18 19:00:00,0,0,0
2024-07-18 20:00:00,0,0,0
2024-07-18 21:00:00,0,0,0
2024-07-18 22:00:00,0,0,0
2024-07-18 23:00:00,0,0,0
2024-07-19 00:00:00,0,0,0
2024-07-19 01:00:00,0,0,0
2024-07-19 02:00:00,0,0,0
2024-07-19 03:00:00,0,0,0
2024-07-19 04:00:00,0,0,0
2024-07-19 05:00:00,0,0,0
2024-07-19 06:00:00,0,0,0
2024-07-19 07:00:00,0,0,0
2024-07-19 08:00:00,0,0,0
2024-07-19 09:00:00,0,0,0
2024-07-19 10:00:00,0,0,0
2024-07-19 11:00:00,0,0,0
2024-07-19 12:00:00,0,0,0
2024-07-19 13:00:00,0,0,0
2024-07-19 14:00:00,0,0,0
2024-07-19 15:00:00,0,0,0
2024-07-19 16:00:00,0,0,0
2024-07-19 17:00:00,0,0,0
2024-07-19 18:00:00,0,0,0
2024-07-19 19:00:00,0,0,0
2024-07-19 20:00:00,0,0,0
2024-07-19 21:00:00,0,0,0
2024-07-19 22:00:00,0,0,0
2024-07-19 23:00:00,0,0,0
2024-07-20 00:00:00,0,0,0
2024-07-20 01:00:00,0,0,0
2024-07-20 02:00:00,0,0,0
2024-07-20 03:00:00,0,0,0
2024-07-20 04:00:00,0,0,0
2024-07-20 05:00:00,0,0,0
2024-07-20 06:00:00,0,0,0
2024-07-20 07:00:00,0,0,0
2024-07-20 08:00:00,0,0,0
2024-07-20 09:00:00,0,0,0
2024-07-20 10:00:00,0,0,0
2024-07-20 11:00:00,0,0,0
2024-07-20 12:00:00,0,0,0
2024-07-20 13:00:00,0,0,0
2024-07-20 14:00:00,0,0,0
2024-07-20 15:00:00,0,0,0
2024-07-20 16:00:00,0,0,0
2024-07-20 17:00:00,0,0,0
2024-07-20 18:00:00,0,0,0
2024-07-20 19:00:00,0,0,0
2024-07-20 20:00:00,0,0,0
2024-07-20 21:00:00,0,0,0
2024-07-20 22:00:00,0,0,0
2024-07-20 23:00:00,0,0,0
2024-07-21 00:00:00,0,0,0
2024-07-21 01:00:00,0,0,0
2024-07-21 02:00:00,0,0,0
2024-07-21 03:00:00,0,0,0
2024-07-21 04:00:00,0,0,0
2024-07-21 05:00:00,0,0,0
2024-07-21 06:00:00,0,0,0
2024-07-21 07:00:00,0,0,0
2024-07-21 08:00:00,0,0,0
2024-07-21 09:00:00,0,0,0
2024-07-21 10:00:00,0,0,0
2024-07-21 11:00:00,0,0,0
2024-07-21 12:00:00,0,0,0
2024-07-21 13:00:00,0,0,0
2024-07-21 14:00:00,0,0,0
2024-07-21 15:00:00,0,0,0
2024-07-21 16:00:00,0,0,0
2024-07-21 17:00:00,0,0,0
2024-07-21 18:00:00,0,0,0
2024-07-21 19:00:00,0,0,0
2024-07-21 20:00:00,0,0,0
2024-07-21 21:00:00,0,0,0
2024-07-21 22:00:00,0,0,0
2024-07-21 23:00:00,0,0,0
2024-07-22 00:00:00,0,0,0
2024-07-22 01:00:00,0,0,0
2024-07-22 02:00:00,0,0,0
2024-07-22 03:00:00,0,0,0
2024-07-22 04:00:00,0,0,0
2024-07-22 05:00:00,0,0,0
2024-07-22 06:00:00,0,0,0
2024-07-22 07:00:00,0,0,0
2024-07-22 08:00:00,0,0,0
2024-07-22 09:00:00,0,0,0
2024-07-22 10:00:00,0,0,0
2024-07-22 11:00:00,0,0,0
2024-07-22 12:00:00,0,0,0
2024-07-22 13:00:00,0,0,0
2024-07-22 14:00:00,0,0,0
2024-07-22 15:00:00,0,0,0
2024-07-22 16:00:00,0,0,0
2024-07-22 17:00:00,0,0,0
2024-07-22 18:00:00,0,0,0
2024-07-22 19:00:00,0,0,0
2024-07-22 20:00:00,0,0,0
2024-07-22 21:00:00,0,0,0
2024-07-22 22:00:00,0,0,0
2024-07-22 23:00:00,0,0,0
2024-07-23 00:00:00,0,0,0
2024-07-23 01:00:00,0,0,0
2024-07-23 02:00:00,0,0,0
2024-07-23 03:00:00,0,0,0
2024-07-23 04:00:00,0,0,0
2024-07-23 05:00:00,0,0,0
2024-07-23 06:00:00,0,0,0
2024-07-23 07:00:00,0,0,0
2024-07-23 08:00:00,0,0,0
2024-07-23 09:00:00,0,0,0
2024-07-23 10:00:00,0,0,0
2024-07-23 11:00:00,0,0,0
2024-07-23 12:00:00,0,0,0
2024-07-23 13:00:00,0,0,0
2024-07-23 14:00:00,0,0,0
2024-07-23 15:00:00,0,0,0
2024-07-23 16:00:00,0,0,0
2024-07-23 17:00:00,0,0,0
2024-07-23 18:00:00,0,0,0
2024-07-23 19:00:00,0,0,0
2024-07-23 20:00:00,0,0,0
2024-07-23 21:00:00,0,0,0
2024-07-23 22:00:00,0,0,0
2024-07-23 23:00:00,0,0,0
2024-07-24 00:00:00,0,0,0
2024-07-24 01:00:00,0,0,0
2024-07-24 02:00:00,0,0,0
2024-07-24 03:00:00,0,0,0
2024-07-24 04:00:00,0,0,0
2024-07-24 05:00:00,0,0,0
2024-07-24 06:00:00,0,0,0
2024-07-24 07:00:00,0,0,0
2024-07-24 08:00:00,0,0,0
2024-07-24 09:00:00,0,0,0
2024-07-24 10:00:00,0,0,0
2024-07-24 11:00:00,0,0,0
2024-07-24 12:00:00,0,0,0
2024-07-24 13:00:00,0,0,0
2024-07-24 14:00:00,0,0,0
2024-07-24 15:00:00,0,0,0
2024-07-24 16:00:00,0,0,0
2024-07-24 17:00:00,0,0,0
2024-07-24 18:00:00,0,0,0
2024-07-24 19:00:00,0,0,0
2024-07-24 20:00:00,0,0,0
2024-07-24 21:00:00,0,0,0
2024-07-24 22:00:00,0,0,0
2024-07-24 23:00:00,0,0,0
2024-07-25 00:00:00,0,0,0
2024-07-25 01:00:00,0,0,0
2024-07-25 02:00:00,0,0,0
2024-07-25 03:00:00,0,0,0
2024-07-25 04:00:00,0,0,0
2024-07-25 05:00:00,0,0,0
2024-07-25 06:00:00,0,0,0
2024-07-25 07:00:00,0,0,0
2024-07-25 08:00:00,0,0,0
2024-07-25 09:00:00,0,0,0
2024-07-25 10:00:00,0,0,0
2024-07-25 11:00:00,0,0,0
2024-07-25 12:00:00,0,0,0
2024-07-25 13:00:00,0,0,0
2024-07-25 14:00:00,0,0,0
2024-07-25 15:00:00,0,0,0
2024-07-25 16:00:00,0,0,0
2024-07-25 17:00:00,0,0,0
2024-07-25 18:00:00,0,0,0
2024-07-25 19:00:00,0,0,0
2024-07-25 20:00:00,0,0,0
2024-07-25 21:00:00,0,0,0
2024-07-25 22:00:00,0,0,0
2024-07-25 23:00:00,0,0,0
2024-07-26 00:00:00,0,0,0
2024-07-26 01:00:00,0,0,0
2024-07-26 02:00:00,0,0,0
2024-07-26 03:00:00,0,0,0
2024-07-26 04:00:00,0,0,0
2024-07-26 05:00:00,0,0,0
2024-07-26 06:00:00,0,0,0
2024-07-26 07:00:00,0,0,0
2024-07-26 08:00:00,0,0,0
2024-07-26 09:00:00,0,0,0
2024-07-26 10:00:00,0,0,0
2024-07-26 11:00:00,0,0,0
2024-07-26 12:00:00,0,0,0
2024-07-26 13:00:00,0,0,0
2024-07-26 14:00:00,0,0,0
2024-07-26 15:00:00,0,0,0
2024-07-26 16:00:00,0,0,0
2024-07-26 17:00:00,0,0,0
2024-07-26 18:00:00,0,0,0
2024-07-26 19:00:00,0,0,0
2024-07-26 20:00:00,0,0,0
2024-07-26 21:00:00,0,0,0
2024-07-26 22:00:00,0,0,0
2024-07-26 23:00:00,0,0,0
2024-07-27 00:00:00,0,0,0
2024-07-27 01:00:00,0,0,0
2024-07-27 02:00:00,0,0,0
2024-07-27 03:00:00,0,0,0
2024-07-27 04:00:00,0,0,0
2024-07-27 05:00:00,0,0,0
2024-07-27 06:00:00,0,0,0
2024-07-27 07:00:00,0,0,0
2024-07-27 08:00:00,0,0,0
2024-07-27 09:00:00,0,0,0
2024-07-27 10:00:00,0,0,0
2024-07-27 11:00:00,0,0,0
2024-07-27 12:00:00,0,0,0
2024-07-27 13:00:00,0,0,0
2024-07-27 14:00:00,0,0,0
2024-07-27 15:00:00,0,0,0
2024-07-27 16:00:00,0,0,0
2024-07-27 17:00:00,0,0,0
2024-07-27 18:00:00,0,0,0
2024-07-27 19:00:00,0,0,0
2024-07-27 20:00:00,0,0,0
2024-07-27 21:00:00,0,0,0
2024-07-27 22:00:00,0,0,0
2024-07-27 23:00:00,0,0,0
2024-07-28 00:00:00,0,0,0
2024-07-28 01:00:00,0,0,0
2024-07-28 02:00:00,0,0,0
2024-07-28 03:00:00,0,0,0
2024-07-28 04:00:00,0,0,0
2024-07-28 05:00:00,0,0,0
2024-07-28 06:00:00,0,0,0
2024-07-28 07:00:00,0,0,0
2024-07-28 08:00:00,0,0,0
2024-07-28 09:00:00,0,0,0
2024-07-28 10:00:00,0,0,0
2024-07-28 11:00:00,0,0,0
2024-07-28 12:00:00,0,0,0
2024-07-28 13:00:00,0,0,0
2024-07-28 14:00:00,0,0,0
2024-07-28 15:00:00,0,0,0
2024-07-28 16:00:00,0,0,0
2024-07-28 17:00:00,0,0,0
2024-07-28 18:00:00,0,0,0
2024-07-28 19:00:00,0,0,0
2024-07-28 20:00:00,0,0,0
2024-07-28 21:00:00,0,0,0
2024-07-28 22:00:00,0,0,0
2024-07-28 23:00:00,0,0,0
2024-07-29 00:00:00,0,0,0
2024-07-29 01:00:00,0,0,0
2024-07-29 02:00:00,0,0,0
2024-07-29 03:00:00,0,0,0
2024-07-29 04:00:00,0,0,0
2024-07-29 05:00:00,0,0,0
2024-07-29 06:00:00,0,0,0
2024-07-29 07:00:00,0,0,0
2024-07-29 08:00:00,0,0,0
2024-07-29 09:00:00,0,0,0
2024-07-29 10:00:00,0,0,0
2024-07-29 11:00:00,0,0,0
2024-07-29 12:00:00,0,0,0
2024-07-29 13:00:00,0,0,0
2024-07-29 14:00:00,0,0,0
2024-07-29 15:00:00,0,0,0
2024-07-29 16:00:00,0,0,0
2024-07-29 17:00:00,0,0,0
2024-07-29 18:00:00,0,0,0
2024-07-29 19:00:00,0,0,0
2024-07-29 20:00:00,0,0,0
2024-07-29 21:00:00,0,0,0
2024-07-29 22:00:00,0,0,0
2024-07-29 23:00:00,0,0,0
2024-07-30 00:00:00,0,0,0
2024-07-30 01:00:00,0,0,0
2024-07-30 02:00:00,0,0,0
2024-07-30 03:00:00,0,0,0
2024-07-30 04:00:00,0,0,0
2024-07-30 05:00:00,0,0,0
2024-07-30 06:00:00,0,0,0
2024-07-30 07:00:00,0,0,0
2024-07-30 08:00:00,0,0,0
2024-07-30 09:00:00,0,0,0
2024-07-30 10:00:00,0,0,0
2024-07-30 11:00:00,0,0,0
2024-07-30 12:00:00,0,0,0
2024-07-30 13:00:00,0,0,0
2024-07-30 14:00:00,0,0,0
2024-07-30 15:00:00,0,0,0
2024-07-30 16:00:00,0,0,0
2024-07-30 17:00:00,0,0,0
2024-07-30 18:00:00,0,0,0
2024-07-30 19:00:00,0,0,0
2024-07-30 20:00:00,0,0,0
2024-07-30 21:00:00,0,0,0
2024-07-30 22:00:00,0,0,0
2024-07-30 23:00:00,0,0,0
2024-07-31 00:00:00,0,0,0
2024-07-31 01:00:00,0,0,0
2024-07-31 02:00:00,0,0,0
2024-07-31 03:00:00,0,0,0
2024-07-31 04:00:00,0,0,0
2024-07-31 05:00:00,0,0,0
2024-07-31 06:00:00,0,0,0
2024-07-31 07:00:00,0,0,0
2024-07-31 08:00:00,0,0,0
2024-07-31 09:00:00,0,0,0
2024-07-31 10:00:00,0,0,0
2024-07-31 11:00:00,0,0,0
2024-07-31 12:00:00,0,0,0
2024-07-31 13:00:00,0,0,0
2024-07-31 14:00:00,0,0,0
2024-07-31 15:00:00,0,0,0
2024-07-31 16:00:00,0,0,0
2024-07-31 17:00:00,0,0,0
2024-07-31 18:00:00,0,0,0
2024-07-31 19:00:00,0,0,0
2024-07-31 20:00:00,0,0,0
2024-07-31 21:00:00,0,0,0
2024-07-31 22:00:00,0,0,0
2024-07-31 23:00:00,0,0,0
2024-08-01 00:00:00,0,0,0
2024-08-01 01:00:00,0,0,0
2024-08-01 02:00:00,0,0,0
2024-08-01 03:00:00,0,0,0
2024-08-01 04:00:00,0,0,0
2024-08-01 05:00:00,0,0,0
2024-08-01 06:00:00,0,0,0
2024-08-01 07:00:00,0,0,0
2024-08-01 08:00:00,0,0,0
2024-08-01 09:00:00,0,0,0
2024-08-01 10:00:00,0,0,0
2024-08-01 11:00:00,0,0,0
2024-08-01 12:00:00,0,0,0
2024-08-01 13:00:00,0,0,0
2024-08-01 14:00:00,0,0,0
2024-08-01 15:00:00,0,0,0
2024-08-01 16:00:00,0,0,0
2024-08-01 17:00:00,0,0,0
2024-08-01 18:00:00,0,0,0
2024-08-01 19:00:00,0,0,0
2024-08-01 20:00:00,0,0,0
2024-08-01 21:00:00,0,0,0
2024-08-01 22:00:00,0,0,0
2024-08-01 23:00:00,0,0,0
2024-08-02 00:00:00,0,0,0
2024-08-02 01:00:00,0,0,0
2024-08-02 02:00:00,0,0,0
2024-08-02 03:00:00,0,0,0
2024-08-02 04:00:00,0,0,0
2024-08-02 05:00:00,0,0,0
2024-08-02 06:00:00,0,0,0
2024-08-02 07:00:00,0,0,0
2024-08-02 08:00:00,0,0,0
2024-08-02 09:00:00,0,0,0
2024-08-02 10:00:00,0,0,0
2024-08-02 11:00:00,0,0,0
2024-08-02 12:00:00,0,0,0
2024-08-02 13:00:00,0,0,0
2024-08-02 14:00:00,0,0,0
2024-08-02 15:00:00,0,0,0
2024-08-02 16:00:00,0,0,0
2024-08-02 17:00:00,0,0,0
2024-08-02 18:00:00,0,0,0
2024-08-02 19:00:00,0,0,0
2024-08-02 20:00:00,0,0,0
2024-08-02 21:00:00,0,0,0
2024-08-02 22:00:00,0,0,0
2024-08-02 23:00:00,0,0,0
2024-08-03 00:00:00,0,0,0
2024-08-03 01:00:00,0,0,0
2024-08-03 02:00:00,0,0,0
2024-08-03 03:00:00,0,0,0
2024-08-03 04:00:00,0,0,0
2024-08-03 05:00:00,0,0,0
2024-08-03 06:00:00,0,0,0
2024-08-03 07:00:00,0,0,0
2024-08-03 08:00:00,0,0,0
2024-08-03 09:00:00,0,0,0
2024-08-03 10:00:00,0,0,0
2024-08-03 11:00:00,0,0,0
2024-08-03 12:00:00,0,0,0
2024-08-03 13:00:00,0,0,0
2024-08-03 14:00:00,0,0,0
2024-08-03 15:00:00,0,0,0
2024-08-03 16:00:00,0,0,0
2024-08-03 17:00:00,0,0,0
2024-08-03 18:00:00,0,0,0
2024-08-03 19:00:00,0,0,0
2024-08-03 20:00:00,0,0,0
2024-08-03 21:00:00,0,0,0
2024-08-03 22:00:00,0,0,0
2024-08-03 23:00:00,0,0,0
2024-08-04 00:00:00,0,0,0
2024-08-04 01:00:00,0,0,0
2024-08-04 02:00:00,0,0,0
2024-08-04 03:00:00,0,0,0
2024-08-04 04:00:00,0,0,0
2024-08-04 05:00:00,0,0,0
2024-08-04 06:00:00,0,0,0
2024-08-04 07:00:00,0,0,0
2024-08-04 08:00:00,0,0,0
2024-08-04 09:00:00,0,0,0
2024-08-04 10:00:00,0,0,0
2024-08-04 11:00:00,0,0,0
2024-08-04 12:00:00,0,0,0
2024-08-04 13:00:00,0,0,0
2024-08-04 14:00:00,0,0,0
2024-08-04 15:00:00,0,0,0
2024-08-04 16:00:00,0,0,0
2024-08-04 17:00:00,0,0,0
2024-08-04 18:00:00,0,0,0
2024-08-04 19:00:00,0,0,0
2024-08-04 20:00:00,0,0,0
2024-08-04 21:00:00,0,0,0
2024-08-04 22:00:00,0,0,0
2024-08-04 23:00:00,0,0,0
2024-08-05 00:00:00,0,0,0
2024-08-05 01:00:00,0,0,0
2024-08-05 02:00:00,0,0,0
2024-08-05 03:00:00,0,0,0
2024-08-05 04:00:00,0,0,0
2024-08-05 05:00:00,0,0,0
2024-08-05 06:00:00,0,0,0
2024-08-05 07:00:00,0,0,0
2024-08-05 08:00:00,0,0,0
2024-08-05 09:00:00,0,0,0
2024-08-05 10:00:00,0,0,0
2024-08-05 11:00:00,0,0,0
2024-08-05 12:00:00,0,0,0
2024-08-05 13:00:00,0,0,0
2024-08-05 14:00:00,0,0,0
2024-08-05 15:00:00,0,0,0
2024-08-05 16:00:00,0,0,0
2024-08-05 17:00:00,0,0,0
2024-08-05 18:00:00,0,0,0
2024-08-05 19:00:00,0,0,0
2024-08-05 20:00:00,0,0,0
2024-08-05 21:00:00,0,0,0
2024-08-05 22:00:00,0,0,0
2024-08-05 23:00:00,0,0,0
2024-08-06 00:00:00,0,0,0
2024-08-06 01:00:00,0,0,0
2024-08-06 02:00:00,0,0,0
2024-08-06 03:00:00,0,0,0
2024-08-06 04:00:00,0,0,0
2024-08-06 05:00:00,0,0,0
2024-08-06 06:00:00,0,0,0
2024-08-06 07:00:00,0,0,0
2024-08-06 08:00:00,0,0,0
2024-08-06 09:00:00,0,0,0
2024-08-06 10:00:00,0,0,0
2024-08-06 11:00:00,0,0,0
2024-08-06 12:00:00,0,0,0
2024-08-06 13:00:00,0,0,0
2024-08-06 14:00:00,0,0,0
2024-08-06 15:00:00,0,0,0
2024-08-06 16:00:00,0,0,0
2024-08-06 17:00:00,0,0,0
2024-08-06 18:00:00,0,0,0
2024-08-06 19:00:00,0,0,0
2024-08-06 20:00:00,0,0,0
2024-08-06 21:00:00,0,0,0
2024-08-06 22:00:00,0,0,0
2024-08-06 23:00:00,0,0,0
2024-08-07 00:00:00,0,0,0
2024-08-07 01:00:00,0,0,0
2024-08-07 02:00:00,0,0,0
2024-08-07 03:00:00,0,0,0
2024-08-07 04:00:00,0,0,0
2024-08-07 05:00:00,0,0,0
2024-08-07 06:00:00,0,0,0
2024-08-07 07:00:00,0,0,0
2024-08-07 08:00:00,0,0,0
2024-08-07 09:00:00,0,0,0
2024-08-07 10:00:00,0,0,0
2024-08-07 11:00:00,0,0,0
2024-08-07 12:00:00,0,0,0
2024-08-07 13:00:00,0,0,0
2024-08-07 14:00:00,0,0,0
2024-08-07 15:00:00,0,0,0
2024-08-07 16:00:00,0,0,0
2024-08-07 17:00:00,0,0,0
2024-08-07 18:00:00,0,0,0
2024-08-07 19:00:00,0,0,0
2024-08-07 20:00:00,0,0,0
2024-08-07 21:00:00,0,0,0
2024-08-07 22:00:00,0,0,0
2024-08-07 23:00:00,0,0,0
2024-08-08 00:00:00,0,0,0
2024-08-08 01:00:00,0,0,0
2024-08-08 02:00:00,0,0,0
2024-08-08 03:00:00,0,0,0
2024-08-08 04:00:00,0,0,0
2024-08-08 05:00:00,0,0,0
2024-08-08 06:00:00,0,0,0
2024-08-08 07:00:00,0,0,0
2024-08-08 08:00:00,0,0,0
2024-08-08 09:00:00,0,0,0
2024-08-08 10:00:00,0,0,0
2024-08-08 11:00:00,0,0,0
2024-08-08 12:00:00,0,0,0
2024-08-08 13:00:00,1,109,4
2024-08-08 14:00:00,1,457,11
2024-08-08 15:00:00,2,492,16
2024-08-08 16:00:00,5,547,27
2024-08-08 17:00:00,3,471,18
2024-08-08 18:00:00,2,348,6
2024-08-08 19:00:00,2,245,4
2024-08-08 20:00:00,1,175,3
2024-08-08 21:00:00,0,133,7
2024-08-08 22:00:00,0,66,4
2024-08-08 23:00:00,1,43,0
2024-08-09 00:00:00,0,18,0
2024-08-09 01:00:00,0,15,0
2024-08-09 02:00:00,0,19,0
2024-08-09 03:00:00,0,13,0
2024-08-09 04:00:00,0,36,1
2024-08-09 05:00:00,2,84,5
2024-08-09 06:00:00,1,193,22
2024-08-09 07:00:00,2,298,28
2024-08-09 08:00:00,3,384,14
2024-08-09 09:00:00,2,364,12
2024-08-09 10:00:00,0,405,19
2024-08-09 11:00:00,3,456,8
2024-08-09 12:00:00,3,456,17
2024-08-09 13:00:00,4,426,13
2024-08-09 14:00:00,3,476,18
2024-08-09 15:00:00,3,531,24
2024-08-09 16:00:00,5,484,25
2024-08-09 17:00:00,6,450,40
2024-08-09 18:00:00,16,355,19
2024-08-09 19:00:00,1,236,14
2024-08-09 20:00:00,0,155,2
2024-08-09 21:00:00,0,148,8
2024-08-09 22:00:00,0,110,6
2024-08-09 23:00:00,0,60,0
2024-08-10 00:00:00,0,47,0
2024-08-10 01:00:00,0,34,0
2024-08-10 02:00:00,0,20,0
2024-08-10 03:00:00,0,14,0
2024-08-10 04:00:00,0,23,0
2024-08-10 05:00:00,1,52,2
2024-08-10 06:00:00,1,143,8
2024-08-10 07:00:00,2,226,12
2024-08-10 08:00:00,2,300,17
2024-08-10 09:00:00,3,407,16
2024-08-10 10:00:00,1,428,12
2024-08-10 11:00:00,7,455,18
2024-08-10 12:00:00,4,438,16
2024-08-10 13:00:00,4,417,9
2024-08-10 14:00:00,0,410,19
2024-08-10 15:00:00,6,440,19
2024-08-10 16:00:00,3,375,17
2024-08-10 17:00:00,2,293,12
2024-08-10 18:00:00,2,348,22
2024-08-10 19:00:00,3,207,2
2024-08-10 20:00:00,1,174,5
2024-08-10 21:00:00,0,147,5
2024-08-10 22:00:00,1,137,3
2024-08-10 23:00:00,0,79,2
2024-08-11 00:00:00,1,48,0
2024-08-11 01:00:00,0,38,0
2024-08-11 02:00:00,0,25,0
2024-08-11 03:00:00,0,14,1
2024-08-11 04:00:00,0,31,3
2024-08-11 05:00:00,0,53,4
2024-08-11 06:00:00,2,82,6
2024-08-11 07:00:00,2,107,7
2024-08-11 08:00:00,0,172,21
2024-08-11 09:00:00,1,376,24
2024-08-11 10:00:00,4,374,14
2024-08-11 11:00:00,1,428,21
2024-08-11 12:00:00,5,408,23
2024-08-11 13:00:00,3,381,17
2024-08-11 14:00:00,1,437,31
2024-08-11 15:00:00,2,332,14
2024-08-11 16:00:00,1,325,22
2024-08-11 17:00:00,2,288,28
2024-08-11 18:00:00,11,244,27
2024-08-11 19:00:00,1,201,15
2024-08-11 20:00:00,0,160,8
2024-08-11 21:00:00,0,115,6
2024-08-11 22:00:00,0,65,2
2024-08-11 23:00:00,0,44,0
2024-08-12 00:00:00,0,19,0
2024-08-12 01:00:00,0,18,0
2024-08-12 02:00:00,0,8,0
2024-08-12 03:00:00,0,7,0
2024-08-12 04:00:00,0,24,2
2024-08-12 05:00:00,0,76,8
2024-08-12 06:00:00,6,212,23
2024-08-12 07:00:00,4,297,27
2024-08-12 08:00:00,2,339,13
2024-08-12 09:00:00,0,324,9
2024-08-12 10:00:00,1,361,15
2024-08-12 11:00:00,2,396,19
2024-08-12 12:00:00,2,339,15
2024-08-12 13:00:00,3,379,10
2024-08-12 14:00:00,3,411,19
2024-08-12 15:00:00,3,435,27
2024-08-12 16:00:00,4,484,56
2024-08-12 17:00:00,6,464,54
2024-08-12 18:00:00,5,357,32
2024-08-12 19:00:00,7,223,16
2024-08-12 20:00:00,0,166,10
2024-08-12 21:00:00,1,134,5
2024-08-12 22:00:00,2,47,6
2024-08-12 23:00:00,1,46,0
2024-08-13 00:00:00,0,19,0
2024-08-13 01:00:00,0,11,0
2024-08-13 02:00:00,0,8,1
2024-08-13 03:00:00,0,13,0
2024-08-13 04:00:00,0,28,1
2024-08-13 05:00:00,0,82,8
2024-08-13 06:00:00,7,232,42
2024-08-13 07:00:00,5,323,35
2024-08-13 08:00:00,7,335,11
2024-08-13 09:00:00,1,361,13
2024-08-13 10:00:00,0,374,13
2024-08-13 11:00:00,2,362,14
2024-08-13 12:00:00,1,396,26
2024-08-13 13:00:00,3,384,9
2024-08-13 14:00:00,0,465,14
2024-08-13 15:00:00,3,514,21
2024-08-13 16:00:00,4,494,52
2024-08-13 17:00:00,4,468,23
2024-08-13 18:00:00,2,345,25
2024-08-13 19:00:00,2,224,16
2024-08-13 20:00:00,1,166,8
2024-08-13 21:00:00,0,137,8
2024-08-13 22:00:00,0,62,2
2024-08-13 23:00:00,0,42,3
2024-08-14 00:00:00,0,15,0
2024-08-14 01:00:00,0,15,0
2024-08-14 02:00:00,0,12,0
2024-08-14 03:00:00,0,14,1
2024-08-14 04:00:00,0,34,0
2024-08-14 05:00:00,0,83,5
2024-08-14 06:00:00,3,235,25
2024-08-14 07:00:00,5,301,29
2024-08-14 08:00:00,4,373,3
2024-08-14 09:00:00,1,379,7
2024-08-14 10:00:00,2,376,16
2024-08-14 11:00:00,0,443,14
2024-08-14 12:00:00,0,401,13
2024-08-14 13:00:00,2,423,15
2024-08-14 14:00:00,2,393,17
2024-08-14 15:00:00,3,459,19
2024-08-14 16:00:00,1,547,40
2024-08-14 17:00:00,1,422,46
2024-08-14 18:00:00,2,375,30
2024-08-14 19:00:00,3,248,20
2024-08-14 20:00:00,1,204,9
2024-08-14 21:00:00,0,157,4
2024-08-14 22:00:00,0,63,2
2024-08-14 23:00:00,0,33,0
2024-08-15 00:00:00,0,21,0
2024-08-15 01:00:00,0,13,1
2024-08-15 02:00:00,0,10,0
2024-08-15 03:00:00,0,13,0
2024-08-15 04:00:00,1,28,2
2024-08-15 05:00:00,0,82,6
2024-08-15 06:00:00,2,229,25
2024-08-15 07:00:00,4,329,23
2024-08-15 08:00:00,4,369,14
2024-08-15 09:00:00,2,369,14
2024-08-15 10:00:00,0,390,14
2024-08-15 11:00:00,2,402,16
2024-08-15 12:00:00,2,384,15
2024-08-15 13:00:00,2,468,15
2024-08-15 14:00:00,2,453,10
2024-08-15 15:00:00,1,485,24
2024-08-15 16:00:00,4,572,34
2024-08-15 17:00:00,1,493,26
2024-08-15 18:00:00,2,366,10
2024-08-15 19:00:00,2,253,10
2024-08-15 20:00:00,1,166,3
2024-08-15 21:00:00,0,130,4
2024-08-15 22:00:00,0,62,3
2024-08-15 23:00:00,0,43,0
2024-08-16 00:00:00,0,31,0
2024-08-16 01:00:00,0,12,0
2024-08-16 02:00:00,0,18,0
2024-08-16 03:00:00,0,19,0
2024-08-16 04:00:00,0,34,0
2024-08-16 05:00:00,1,100,5
2024-08-16 06:00:00,7,222,25
2024-08-16 07:00:00,3,285,35
2024-08-16 08:00:00,3,377,12
2024-08-16 09:00:00,4,403,15
2024-08-16 10:00:00,3,439,12
2024-08-16 11:00:00,3,461,19
2024-08-16 12:00:00,0,439,15
2024-08-16 13:00:00,4,417,23
2024-08-16 14:00:00,3,459,17
2024-08-16 15:00:00,1,504,35
2024-08-16 16:00:00,6,555,38
2024-08-16 17:00:00,7,468,37
2024-08-16 18:00:00,5,325,31
2024-08-16 19:00:00,4,227,16
2024-08-16 20:00:00,4,155,6
2024-08-16 21:00:00,2,132,5
2024-08-16 22:00:00,0,78,2
2024-08-16 23:00:00,0,61,1
2024-08-17 00:00:00,0,32,0
2024-08-17 01:00:00,0,39,0
2024-08-17 02:00:00,0,31,0
2024-08-17 03:00:00,0,19,1
2024-08-17 04:00:00,0,23,0
2024-08-17 05:00:00,1,69,2
2024-08-17 06:00:00,1,143,8
2024-08-17 07:00:00,3,227,14
2024-08-17 08:00:00,3,339,12
2024-08-17 09:00:00,1,408,21
2024-08-17 10:00:00,2,432,23
2024-08-17 11:00:00,4,447,28
2024-08-17 12:00:00,0,427,13
2024-08-17 13:00:00,2,422,17
2024-08-17 14:00:00,2,420,15
2024-08-17 15:00:00,1,414,15
2024-08-17 16:00:00,1,404,14
2024-08-17 17:00:00,8,337,8
2024-08-17 18:00:00,3,295,8
2024-08-17 19:00:00,3,194,5
2024-08-17 20:00:00,2,146,3
2024-08-17 21:00:00,0,120,5
2024-08-17 22:00:00,0,100,1
2024-08-17 23:00:00,0,76,2
2024-08-18 00:00:00,0,52,0
2024-08-18 01:00:00,0,36,0
2024-08-18 02:00:00,0,29,0
2024-08-18 03:00:00,0,16,1
2024-08-18 04:00:00,0,24,0
2024-08-18 05:00:00,0,50,3
2024-08-18 06:00:00,3,84,5
2024-08-18 07:00:00,1,100,9
2024-08-18 08:00:00,2,211,11
2024-08-18 09:00:00,3,348,11
2024-08-18 10:00:00,3,412,18
2024-08-18 11:00:00,0,416,15
2024-08-18 12:00:00,0,398,13
2024-08-18 13:00:00,3,406,20
2024-08-18 14:00:00,2,432,27
2024-08-18 15:00:00,0,343,21
2024-08-18 16:00:00,4,308,23
2024-08-18 17:00:00,2,251,18
2024-08-18 18:00:00,0,206,10
2024-08-18 19:00:00,3,156,9
2024-08-18 20:00:00,0,133,4
2024-08-18 21:00:00,1,89,8
2024-08-18 22:00:00,0,56,3
2024-08-18 23:00:00,0,32,3
2024-08-19 00:00:00,0,25,0
2024-08-19 01:00:00,0,11,0
2024-08-19 02:00:00,0,14,0
2024-08-19 03:00:00,0,10,1
2024-08-19 04:00:00,0,35,1
2024-08-19 05:00:00,0,73,8
2024-08-19 06:00:00,1,227,31
2024-08-19 07:00:00,1,282,20
2024-08-19 08:00:00,1,298,12
2024-08-19 09:00:00,2,373,20
2024-08-19 10:00:00,1,358,17
2024-08-19 11:00:00,3,421,9
2024-08-19 12:00:00,0,383,13
2024-08-19 13:00:00,2,450,12
2024-08-19 14:00:00,1,448,17
2024-08-19 15:00:00,5,460,28
2024-08-19 16:00:00,5,533,24
2024-08-19 17:00:00,4,461,24
2024-08-19 18:00:00,1,312,13
2024-08-19 19:00:00,2,213,16
2024-08-19 20:00:00,0,126,7
2024-08-19 21:00:00,0,113,4
2024-08-19 22:00:00,1,59,4
2024-08-19 23:00:00,0,36,0
2024-08-20 00:00:00,0,10,0
2024-08-20 01:00:00,0,10,0
2024-08-20 02:00:00,0,17,1
2024-08-20 03:00:00,0,6,0
2024-08-20 04:00:00,0,42,0
2024-08-20 05:00:00,0,94,9
2024-08-20 06:00:00,3,250,31
2024-08-20 07:00:00,2,332,22
2024-08-20 08:00:00,3,359,12
2024-08-20 09:00:00,1,356,10
2024-08-20 10:00:00,1,410,8
2024-08-20 11:00:00,0,458,5
2024-08-20 12:00:00,6,380,14
2024-08-20 13:00:00,4,389,17
2024-08-20 14:00:00,1,427,19
2024-08-20 15:00:00,4,470,31
2024-08-20 16:00:00,2,559,60
2024-08-20 17:00:00,3,467,43
2024-08-20 18:00:00,2,353,22
2024-08-20 19:00:00,7,253,21
2024-08-20 20:00:00,0,161,6
2024-08-20 21:00:00,1,106,6
2024-08-20 22:00:00,0,68,2
2024-08-20 23:00:00,0,34,1
2024-08-21 00:00:00,0,27,1
2024-08-21 01:00:00,0,15,0
2024-08-21 02:00:00,0,13,0
2024-08-21 03:00:00,0,16,0
2024-08-21 04:00:00,0,34,2
2024-08-21 05:00:00,0,92,7
2024-08-21 06:00:00,5,213,32
2024-08-21 07:00:00,2,344,30
2024-08-21 08:00:00,1,334,12
2024-08-21 09:00:00,4,345,10
2024-08-21 10:00:00,1,413,12
2024-08-21 11:00:00,2,424,13
2024-08-21 12:00:00,6,445,17
2024-08-21 13:00:00,1,402,16
2024-08-21 14:00:00,1,432,14
2024-08-21 15:00:00,5,501,29
2024-08-21 16:00:00,2,541,47
2024-08-21 17:00:00,7,450,29
2024-08-21 18:00:00,6,346,28
2024-08-21 19:00:00,3,266,11
2024-08-21 20:00:00,0,177,12
2024-08-21 21:00:00,0,116,7
2024-08-21 22:00:00,0,48,3
2024-08-21 23:00:00,2,37,1
2024-08-22 00:00:00,0,21,0
2024-08-22 01:00:00,0,11,1
2024-08-22 02:00:00,0,20,0
2024-08-22 03:00:00,0,14,1
2024-08-22 04:00:00,0,39,2
2024-08-22 05:00:00,0,93,5
2024-08-22 06:00:00,3,211,17
2024-08-22 07:00:00,3,345,20
2024-08-22 08:00:00,1,377,7
2024-08-22 09:00:00,1,399,15
2024-08-22 10:00:00,0,423,9
2024-08-22 11:00:00,1,445,9
2024-08-22 12:00:00,1,389,15
2024-08-22 13:00:00,6,419,14
2024-08-22 14:00:00,1,452,11
2024-08-22 15:00:00,2,514,28
2024-08-22 16:00:00,2,571,31
2024-08-22 17:00:00,7,517,18
2024-08-22 18:00:00,5,371,32
2024-08-22 19:00:00,3,244,11
2024-08-22 20:00:00,0,167,8
2024-08-22 21:00:00,0,126,6
2024-08-22 22:00:00,0,74,3
2024-08-22 23:00:00,0,46,0
2024-08-23 00:00:00,0,23,0
2024-08-23 01:00:00,0,12,1
2024-08-23 02:00:00,0,15,1
2024-08-23 03:00:00,0,20,1
2024-08-23 04:00:00,0,34,2
2024-08-23 05:00:00,0,81,7
2024-08-23 06:00:00,5,196,18
2024-08-23 07:00:00,5,304,17
2024-08-23 08:00:00,3,371,12
2024-08-23 09:00:00,1,387,20
2024-08-23 10:00:00,1,433,18
2024-08-23 11:00:00,3,472,22
2024-08-23 12:00:00,6,441,10
2024-08-23 13:00:00,4,472,14
2024-08-23 14:00:00,0,485,10
2024-08-23 15:00:00,0,495,23
2024-08-23 16:00:00,6,520,26
2024-08-23 17:00:00,2,423,24
2024-08-23 18:00:00,4,306,25
2024-08-23 19:00:00,2,230,7
2024-08-23 20:00:00,1,143,7
2024-08-23 21:00:00,0,128,4
2024-08-23 22:00:00,0,90,5
2024-08-23 23:00:00,0,65,1
2024-08-24 00:00:00,0,32,0
2024-08-24 01:00:00,1,23,1
2024-08-24 02:00:00,0,24,0
2024-08-24 03:00:00,0,14,1
2024-08-24 04:00:00,0,24,0
2024-08-24 05:00:00,0,53,2
2024-08-24 06:00:00,0,110,4
2024-08-24 07:00:00,3,180,7
2024-08-24 08:00:00,0,276,6
2024-08-24 09:00:00,1,427,9
2024-08-24 10:00:00,0,454,5
2024-08-24 11:00:00,3,489,17
2024-08-24 12:00:00,1,457,13
2024-08-24 13:00:00,2,460,12
2024-08-24 14:00:00,4,423,17
2024-08-24 15:00:00,2,426,15
2024-08-24 16:00:00,3,413,15
2024-08-24 17:00:00,4,307,24
2024-08-24 18:00:00,5,238,9
2024-08-24 19:00:00,3,203,6
2024-08-24 20:00:00,0,122,5
2024-08-24 21:00:00,0,124,4
2024-08-24 22:00:00,0,75,2
2024-08-24 23:00:00,0,68,0
2024-08-25 00:00:00,0,43,3
2024-08-25 01:00:00,0,37,1
2024-08-25 02:00:00,0,21,1
2024-08-25 03:00:00,0,13,1
2024-08-25 04:00:00,0,22,0
2024-08-25 05:00:00,1,50,2
2024-08-25 06:00:00,1,60,1
2024-08-25 07:00:00,4,89,6
2024-08-25 08:00:00,2,199,7
2024-08-25 09:00:00,2,360,8
2024-08-25 10:00:00,2,423,19
2024-08-25 11:00:00,1,473,24
2024-08-25 12:00:00,1,411,15
2024-08-25 13:00:00,0,413,5
2024-08-25 14:00:00,7,422,21
2024-08-25 15:00:00,0,360,18
2024-08-25 16:00:00,1,341,9
2024-08-25 17:00:00,3,211,9
2024-08-25 18:00:00,2,197,5
2024-08-25 19:00:00,1,182,9
2024-08-25 20:00:00,0,209,8
2024-08-25 21:00:00,4,251,68
2024-08-25 22:00:00,0,210,4
2024-08-25 23:00:00,0,65,2
2024-08-26 00:00:00,0,36,1
2024-08-26 01:00:00,2,37,0
2024-08-26 02:00:00,2,15,2
2024-08-26 03:00:00,0,11,0
2024-08-26 04:00:00,0,19,0
2024-08-26 05:00:00,0,48,3
2024-08-26 06:00:00,2,73,6
2024-08-26 07:00:00,1,103,8
2024-08-26 08:00:00,1,197,6
2024-08-26 09:00:00,2,323,8
2024-08-26 10:00:00,0,379,16
2024-08-26 11:00:00,0,421,15
2024-08-26 12:00:00,2,397,19
2024-08-26 13:00:00,0,407,13
2024-08-26 14:00:00,0,445,21
2024-08-26 15:00:00,2,406,27
2024-08-26 16:00:00,1,345,26
2024-08-26 17:00:00,4,282,18
2024-08-26 18:00:00,4,252,25
2024-08-26 19:00:00,3,186,5
2024-08-26 20:00:00,0,111,7
2024-08-26 21:00:00,1,107,4
2024-08-26 22:00:00,1,45,8
2024-08-26 23:00:00,0,33,2
2024-08-27 00:00:00,0,22,0
2024-08-27 01:00:00,0,18,0
2024-08-27 02:00:00,0,17,0
2024-08-27 03:00:00,0,10,1
2024-08-27 04:00:00,0,38,0
2024-08-27 05:00:00,0,90,6
2024-08-27 06:00:00,4,239,26
2024-08-27 07:00:00,1,326,35
2024-08-27 08:00:00,0,350,14
2024-08-27 09:00:00,1,362,11
2024-08-27 10:00:00,3,408,6
2024-08-27 11:00:00,3,416,19
2024-08-27 12:00:00,2,365,17
2024-08-27 13:00:00,3,407,20
2024-08-27 14:00:00,2,439,20
2024-08-27 15:00:00,0,514,29
2024-08-27 16:00:00,5,584,36
2024-08-27 17:00:00,8,439,29
2024-08-27 18:00:00,3,329,31
2024-08-27 19:00:00,2,222,7
2024-08-27 20:00:00,0,164,12
2024-08-27 21:00:00,1,99,5
2024-08-27 22:00:00,0,48,4
2024-08-27 23:00:00,0,33,3
2024-08-28 00:00:00,0,17,1
2024-08-28 01:00:00,0,10,0
2024-08-28 02:00:00,0,11,0
2024-08-28 03:00:00,0,14,0
2024-08-28 04:00:00,0,35,2
2024-08-28 05:00:00,1,98,5
2024-08-28 06:00:00,1,249,33
2024-08-28 07:00:00,5,346,28
2024-08-28 08:00:00,3,328,11
2024-08-28 09:00:00,0,362,13
2024-08-28 10:00:00,0,398,20
2024-08-28 11:00:00,3,387,8
2024-08-28 12:00:00,1,404,15
2024-08-28 13:00:00,6,376,13
2024-08-28 14:00:00,2,439,16
2024-08-28 15:00:00,0,475,28
2024-08-28 16:00:00,3,535,47
2024-08-28 17:00:00,5,467,28
2024-08-28 18:00:00,8,326,27
2024-08-28 19:00:00,0,251,15
2024-08-28 20:00:00,0,172,3
2024-08-28 21:00:00,0,131,7
2024-08-28 22:00:00,1,61,4
2024-08-28 23:00:00,0,40,0
2024-08-29 00:00:00,0,17,0
2024-08-29 01:00:00,0,14,0
2024-08-29 02:00:00,0,7,0
2024-08-29 03:00:00,0,17,0
2024-08-29 04:00:00,0,44,1
2024-08-29 05:00:00,1,96,7
2024-08-29 06:00:00,1,237,36
2024-08-29 07:00:00,5,349,34
2024-08-29 08:00:00,3,350,13
2024-08-29 09:00:00,0,359,8
2024-08-29 10:00:00,2,425,10
2024-08-29 11:00:00,2,405,20
2024-08-29 12:00:00,4,365,8
2024-08-29 13:00:00,2,388,10
2024-08-29 14:00:00,0,444,20
2024-08-29 15:00:00,3,509,28
2024-08-29 16:00:00,5,567,39
2024-08-29 17:00:00,2,427,38
2024-08-29 18:00:00,4,389,23
2024-08-29 19:00:00,2,334,18
2024-08-29 20:00:00,0,166,6
2024-08-29 21:00:00,0,116,5
2024-08-29 22:00:00,0,71,1
2024-08-29 23:00:00,0,45,1
2024-08-30 00:00:00,0,26,1
2024-08-30 01:00:00,0,27,0
2024-08-30 02:00:00,0,10,0
2024-08-30 03:00:00,0,15,0
2024-08-30 04:00:00,0,38,2
2024-08-30 05:00:00,0,103,5
2024-08-30 06:00:00,3,218,28
2024-08-30 07:00:00,10,310,39
2024-08-30 08:00:00,6,356,19
2024-08-30 09:00:00,3,408,18
2024-08-30 10:00:00,2,476,17
2024-08-30 11:00:00,0,448,23
2024-08-30 12:00:00,3,476,19
2024-08-30 13:00:00,2,463,14
2024-08-30 14:00:00,0,456,20
2024-08-30 15:00:00,3,504,31
2024-08-30 16:00:00,2,547,36
2024-08-30 17:00:00,8,436,45
2024-08-30 18:00:00,4,341,25
2024-08-30 19:00:00,0,267,12
2024-08-30 20:00:00,1,151,7
2024-08-30 21:00:00,1,168,3
2024-08-30 22:00:00,0,96,8
2024-08-30 23:00:00,0,53,2
2024-08-31 00:00:00,0,41,1
2024-08-31 01:00:00,0,28,1
2024-08-31 02:00:00,0,24,0
2024-08-31 03:00:00,0,22,1
2024-08-31 04:00:00,0,24,1
2024-08-31 05:00:00,1,55,3
2024-08-31 06:00:00,1,144,7
2024-08-31 07:00:00,2,243,12
2024-08-31 08:00:00,3,361,11
2024-08-31 09:00:00,3,473,26
2024-08-31 10:00:00,3,516,15
2024-08-31 11:00:00,0,511,20
2024-08-31 12:00:00,2,543,20
2024-08-31 13:00:00,5,542,23
2024-08-31 14:00:00,3,537,20
2024-08-31 15:00:00,4,541,12
2024-08-31 16:00:00,3,504,20
2024-08-31 17:00:00,4,381,10
2024-08-31 18:00:00,1,295,6
2024-08-31 19:00:00,1,208,8
2024-08-31 20:00:00,0,172,12
2024-08-31 21:00:00,0,207,9
2024-08-31 22:00:00,1,316,18
2024-08-31 23:00:00,1,93,3
2024-09-01 00:00:00,0,48,2
2024-09-01 01:00:00,1,50,1
2024-09-01 02:00:00,0,35,1
2024-09-01 03:00:00,1,20,1
2024-09-01 04:00:00,0,27,2
2024-09-01 05:00:00,0,37,3
2024-09-01 06:00:00,2,63,3
2024-09-01 07:00:00,0,122,10
2024-09-01 08:00:00,3,227,8
2024-09-01 09:00:00,0,431,11
2024-09-01 10:00:00,4,503,16
2024-09-01 11:00:00,2,529,15
2024-09-01 12:00:00,0,494,11
2024-09-01 13:00:00,3,443,17
2024-09-01 14:00:00,1,502,19
2024-09-01 15:00:00,0,382,12
2024-09-01 16:00:00,1,344,9
2024-09-01 17:00:00,2,258,12
2024-09-01 18:00:00,2,268,8
2024-09-01 19:00:00,2,202,8
2024-09-01 20:00:00,0,153,5
2024-09-01 21:00:00,0,202,25
2024-09-01 22:00:00,0,158,12
2024-09-01 23:00:00,0,46,1
2024-09-02 00:00:00,0,25,1
2024-09-02 01:00:00,0,18,1
2024-09-02 02:00:00,0,7,0
2024-09-02 03:00:00,0,15,1
2024-09-02 04:00:00,0,26,2
2024-09-02 05:00:00,1,95,7
2024-09-02 06:00:00,3,286,19
2024-09-02 07:00:00,3,347,17
2024-09-02 08:00:00,1,336,12
2024-09-02 09:00:00,0,357,7
2024-09-02 10:00:00,0,411,10
2024-09-02 11:00:00,0,420,16
2024-09-02 12:00:00,0,379,9
2024-09-02 13:00:00,1,438,14
2024-09-02 14:00:00,0,486,14
2024-09-02 15:00:00,0,564,19
2024-09-02 16:00:00,2,562,19
2024-09-02 17:00:00,5,526,40
2024-09-02 18:00:00,2,356,12
2024-09-02 19:00:00,1,216,11
2024-09-02 20:00:00,0,146,7
2024-09-02 21:00:00,0,113,3
2024-09-02 22:00:00,0,50,3
2024-09-02 23:00:00,0,29,0
2024-09-03 00:00:00,0,14,1
2024-09-03 01:00:00,0,11,0
2024-09-03 02:00:00,0,6,0
2024-09-03 03:00:00,0,13,0
2024-09-03 04:00:00,0,37,0
2024-09-03 05:00:00,0,109,8
2024-09-03 06:00:00,2,277,29
2024-09-03 07:00:00,5,421,35
2024-09-03 08:00:00,5,349,16
2024-09-03 09:00:00,0,361,12
2024-09-03 10:00:00,2,395,19
2024-09-03 11:00:00,0,395,12
2024-09-03 12:00:00,0,383,10
2024-09-03 13:00:00,2,408,27
2024-09-03 14:00:00,0,442,17
2024-09-03 15:00:00,6,477,38
2024-09-03 16:00:00,3,581,40
2024-09-03 17:00:00,1,496,37
2024-09-03 18:00:00,6,353,30
2024-09-03 19:00:00,0,254,20
2024-09-03 20:00:00,0,158,9
2024-09-03 21:00:00,0,137,2
2024-09-03 22:00:00,0,67,3
2024-09-03 23:00:00,0,43,0
2024-09-04 00:00:00,0,17,0
2024-09-04 01:00:00,1,11,0
2024-09-04 02:00:00,1,8,0
2024-09-04 03:00:00,0,10,0
2024-09-04 04:00:00,0,51,0
2024-09-04 05:00:00,1,107,11
2024-09-04 06:00:00,2,293,33
2024-09-04 07:00:00,5,430,33
2024-09-04 08:00:00,3,373,13
2024-09-04 09:00:00,2,341,10
2024-09-04 10:00:00,1,379,11
2024-09-04 11:00:00,0,421,21
2024-09-04 12:00:00,1,433,15
2024-09-04 13:00:00,1,397,17
2024-09-04 14:00:00,2,479,24
2024-09-04 15:00:00,1,557,29
2024-09-04 16:00:00,4,608,32
2024-09-04 17:00:00,4,477,32
2024-09-04 18:00:00,3,357,26
2024-09-04 19:00:00,2,279,18
2024-09-04 20:00:00,0,192,8
2024-09-04 21:00:00,0,122,7
2024-09-04 22:00:00,0,63,3
2024-09-04 23:00:00,0,34,0
2024-09-05 00:00:00,0,26,0
2024-09-05 01:00:00,0,13,0
2024-09-05 02:00:00,0,15,0
2024-09-05 03:00:00,0,13,1
2024-09-05 04:00:00,0,40,1
2024-09-05 05:00:00,0,104,14
2024-09-05 06:00:00,1,297,26
2024-09-05 07:00:00,0,482,24
2024-09-05 08:00:00,2,419,11
2024-09-05 09:00:00,2,394,5
2024-09-05 10:00:00,1,408,8
2024-09-05 11:00:00,0,417,6
2024-09-05 12:00:00,0,431,3
2024-09-05 13:00:00,1,417,9
2024-09-05 14:00:00,1,478,9
2024-09-05 15:00:00,1,593,12
2024-09-05 16:00:00,3,603,24
2024-09-05 17:00:00,0,503,19
2024-09-05 18:00:00,3,351,16
2024-09-05 19:00:00,1,240,8
2024-09-05 20:00:00,1,164,6
2024-09-05 21:00:00,2,119,3
2024-09-05 22:00:00,1,62,4
2024-09-05 23:00:00,0,36,1
2024-09-06 00:00:00,0,19,0
2024-09-06 01:00:00,0,17,0
2024-09-06 02:00:00,0,13,0
2024-09-06 03:00:00,0,12,1
2024-09-06 04:00:00,0,44,1
2024-09-06 05:00:00,1,111,7
2024-09-06 06:00:00,3,275,13
2024-09-06 07:00:00,3,511,13
2024-09-06 08:00:00,3,400,7
2024-09-06 09:00:00,0,413,5
2024-09-06 10:00:00,2,431,9
2024-09-06 11:00:00,2,462,7
2024-09-06 12:00:00,0,495,10
2024-09-06 13:00:00,0,502,12
2024-09-06 14:00:00,0,581,9
2024-09-06 15:00:00,1,624,18
2024-09-06 16:00:00,5,592,17
2024-09-06 17:00:00,4,494,13
2024-09-06 18:00:00,3,383,11
2024-09-06 19:00:00,0,214,6
2024-09-06 20:00:00,0,151,7
2024-09-06 21:00:00,0,167,2
2024-09-06 22:00:00,0,87,4
2024-09-06 23:00:00,0,49,4
2024-09-07 00:00:00,0,46,0
2024-09-07 01:00:00,4,34,1
2024-09-07 02:00:00,0,22,0
2024-09-07 03:00:00,0,18,2
2024-09-07 04:00:00,0,25,0
2024-09-07 05:00:00,0,66,1
2024-09-07 06:00:00,0,109,7
2024-09-07 07:00:00,1,254,4
2024-09-07 08:00:00,1,380,9
2024-09-07 09:00:00,1,428,11
2024-09-07 10:00:00,1,565,16
2024-09-07 11:00:00,4,567,18
2024-09-07 12:00:00,2,536,15
2024-09-07 13:00:00,0,523,24
2024-09-07 14:00:00,2,523,10
2024-09-07 15:00:00,2,513,13
2024-09-07 16:00:00,4,470,14
2024-09-07 17:00:00,3,423,10
2024-09-07 18:00:00,2,330,9
2024-09-07 19:00:00,1,195,11
2024-09-07 20:00:00,1,144,6
2024-09-07 21:00:00,0,145,8
2024-09-07 22:00:00,0,102,2
2024-09-07 23:00:00,0,71,1
2024-09-08 00:00:00,0,56,0
2024-09-08 01:00:00,0,42,0
2024-09-08 02:00:00,0,34,0
2024-09-08 03:00:00,0,24,1
2024-09-08 04:00:00,0,19,1
2024-09-08 05:00:00,0,47,2
2024-09-08 06:00:00,1,72,3
2024-09-08 07:00:00,1,104,6
2024-09-08 08:00:00,0,242,15
2024-09-08 09:00:00,4,403,11
2024-09-08 10:00:00,2,468,16
2024-09-08 11:00:00,3,564,15
2024-09-08 12:00:00,1,518,20
2024-09-08 13:00:00,0,536,13
2024-09-08 14:00:00,2,552,13
2024-09-08 15:00:00,2,422,11
2024-09-08 16:00:00,2,412,7
2024-09-08 17:00:00,1,287,7
2024-09-08 18:00:00,0,200,10
2024-09-08 19:00:00,0,181,9
2024-09-08 20:00:00,0,140,7
2024-09-08 21:00:00,0,81,2
2024-09-08 22:00:00,0,47,1
2024-09-08 23:00:00,0,36,0
2024-09-09 00:00:00,0,15,0
2024-09-09 01:00:00,0,24,0
2024-09-09 02:00:00,1,15,0
2024-09-09 03:00:00,0,16,1
2024-09-09 04:00:00,0,40,1
2024-09-09 05:00:00,0,114,14
2024-09-09 06:00:00,2,279,22
2024-09-09 07:00:00,3,459,25
2024-09-09 08:00:00,2,351,14
2024-09-09 09:00:00,1,356,10
2024-09-09 10:00:00,0,367,19
2024-09-09 11:00:00,4,375,13
2024-09-09 12:00:00,0,393,14
2024-09-09 13:00:00,2,397,21
2024-09-09 14:00:00,1,476,24
2024-09-09 15:00:00,4,505,47
2024-09-09 16:00:00,3,606,45
2024-09-09 17:00:00,6,481,41
2024-09-09 18:00:00,2,387,23
2024-09-09 19:00:00,0,247,14
2024-09-09 20:00:00,4,157,9
2024-09-09 21:00:00,0,119,4
2024-09-09 22:00:00,0,48,6
2024-09-09 23:00:00,0,34,2
2024-09-10 00:00:00,0,19,0
2024-09-10 01:00:00,0,15,0
2024-09-10 02:00:00,0,16,0
2024-09-10 03:00:00,0,11,0
2024-09-10 04:00:00,0,34,0
2024-09-10 05:00:00,2,110,8
2024-09-10 06:00:00,1,328,24
2024-09-10 07:00:00,3,487,35
2024-09-10 08:00:00,2,398,12
2024-09-10 09:00:00,3,368,10
2024-09-10 10:00:00,3,366,14
2024-09-10 11:00:00,1,393,10
2024-09-10 12:00:00,0,368,19
2024-09-10 13:00:00,3,397,16
2024-09-10 14:00:00,0,479,15
2024-09-10 15:00:00,3,478,28
2024-09-10 16:00:00,2,584,38
2024-09-10 17:00:00,3,487,20
2024-09-10 18:00:00,2,388,20
2024-09-10 19:00:00,0,241,10
2024-09-10 20:00:00,1,163,7
2024-09-10 21:00:00,0,115,2
2024-09-10 22:00:00,0,58,0
2024-09-10 23:00:00,0,34,1
2024-09-11 00:00:00,0,20,1
2024-09-11 01:00:00,0,16,0
2024-09-11 02:00:00,0,11,0
2024-09-11 03:00:00,0,14,0
2024-09-11 04:00:00,0,25,1
2024-09-11 05:00:00,3,116,7
2024-09-11 06:00:00,4,288,33
2024-09-11 07:00:00,7,442,41
2024-09-11 08:00:00,2,370,17
2024-09-11 09:00:00,1,323,13
2024-09-11 10:00:00,1,357,10
2024-09-11 11:00:00,1,411,17
2024-09-11 12:00:00,1,429,12
2024-09-11 13:00:00,0,427,15
2024-09-11 14:00:00,6,461,21
2024-09-11 15:00:00,0,537,29
2024-09-11 16:00:00,4,601,38
2024-09-11 17:00:00,4,491,39
2024-09-11 18:00:00,3,396,29
2024-09-11 19:00:00,0,281,8
2024-09-11 20:00:00,0,198,12
2024-09-11 21:00:00,3,126,8
2024-09-11 22:00:00,0,64,2
2024-09-11 23:00:00,0,38,1
2024-09-12 00:00:00,0,28,0
2024-09-12 01:00:00,0,17,0
2024-09-12 02:00:00,0,9,0
2024-09-12 03:00:00,0,12,0
2024-09-12 04:00:00,0,39,2
2024-09-12 05:00:00,3,116,10
2024-09-12 06:00:00,0,291,32
2024-09-12 07:00:00,6,452,31
2024-09-12 08:00:00,4,391,16
2024-09-12 09:00:00,2,375,13
2024-09-12 10:00:00,4,386,18
2024-09-12 11:00:00,0,422,12
2024-09-12 12:00:00,3,348,18
2024-09-12 13:00:00,0,429,13
2024-09-12 14:00:00,3,534,24
2024-09-12 15:00:00,2,545,29
2024-09-12 16:00:00,3,605,27
2024-09-12 17:00:00,9,512,36
2024-09-12 18:00:00,1,393,28
2024-09-12 19:00:00,0,257,7
2024-09-12 20:00:00,1,196,9
2024-09-12 21:00:00,0,148,6
2024-09-12 22:00:00,0,76,6
2024-09-12 23:00:00,1,53,0
2024-09-13 00:00:00,0,26,1
2024-09-13 01:00:00,0,16,1
2024-09-13 02:00:00,0,14,0
2024-09-13 03:00:00,0,21,0
2024-09-13 04:00:00,0,29,0
2024-09-13 05:00:00,1,97,11
2024-09-13 06:00:00,1,280,31
2024-09-13 07:00:00,3,439,27
2024-09-13 08:00:00,6,378,16
2024-09-13 09:00:00,0,430,16
2024-09-13 10:00:00,1,462,17
2024-09-13 11:00:00,7,485,16
2024-09-13 12:00:00,1,482,26
2024-09-13 13:00:00,1,507,20
2024-09-13 14:00:00,2,510,27
2024-09-13 15:00:00,2,553,39
2024-09-13 16:00:00,4,591,43
2024-09-13 17:00:00,8,513,28
2024-09-13 18:00:00,5,403,16
2024-09-13 19:00:00,0,226,5
2024-09-13 20:00:00,0,139,10
2024-09-13 21:00:00,1,157,4
2024-09-13 22:00:00,1,82,7
2024-09-13 23:00:00,0,64,1
2024-09-14 00:00:00,0,41,0
2024-09-14 01:00:00,0,28,0
2024-09-14 02:00:00,0,16,0
2024-09-14 03:00:00,0,17,0
2024-09-14 04:00:00,0,31,1
2024-09-14 05:00:00,1,63,0
2024-09-14 06:00:00,2,122,10
2024-09-14 07:00:00,3,265,15
2024-09-14 08:00:00,4,377,24
2024-09-14 09:00:00,6,481,18
2024-09-14 10:00:00,3,520,19
2024-09-14 11:00:00,1,538,25
2024-09-14 12:00:00,2,524,23
2024-09-14 13:00:00,1,522,16
2024-09-14 14:00:00,1,494,24
2024-09-14 15:00:00,2,467,22
2024-09-14 16:00:00,2,487,24
2024-09-14 17:00:00,2,416,19
2024-09-14 18:00:00,4,358,7
2024-09-14 19:00:00,1,225,5
2024-09-14 20:00:00,0,140,7
2024-09-14 21:00:00,1,136,4
2024-09-14 22:00:00,1,100,6
2024-09-14 23:00:00,0,66,0
2024-09-15 00:00:00,0,37,1
2024-09-15 01:00:00,0,34,0
2024-09-15 02:00:00,0,28,0
2024-09-15 03:00:00,0,26,2
2024-09-15 04:00:00,0,23,1
2024-09-15 05:00:00,0,57,4
2024-09-15 06:00:00,2,82,7
2024-09-15 07:00:00,2,124,4
2024-09-15 08:00:00,5,229,11
2024-09-15 09:00:00,1,424,14
2024-09-15 10:00:00,2,440,14
2024-09-15 11:00:00,0,510,19
2024-09-15 12:00:00,6,549,11
2024-09-15 13:00:00,2,478,16
2024-09-15 14:00:00,1,468,30
2024-09-15 15:00:00,1,395,14
2024-09-15 16:00:00,2,342,16
2024-09-15 17:00:00,2,270,10
2024-09-15 18:00:00,0,220,4
2024-09-15 19:00:00,0,180,4
2024-09-15 20:00:00,0,116,2
2024-09-15 21:00:00,0,85,4
2024-09-15 22:00:00,1,27,2
2024-09-15 23:00:00,0,26,0
2024-09-16 00:00:00,0,11,0
2024-09-16 01:00:00,0,13,0
2024-09-16 02:00:00,0,8,1
2024-09-16 03:00:00,0,16,0
2024-09-16 04:00:00,0,48,1
2024-09-16 05:00:00,0,93,9
2024-09-16 06:00:00,6,261,28
2024-09-16 07:00:00,8,429,32
2024-09-16 08:00:00,1,363,15
2024-09-16 09:00:00,2,370,15
2024-09-16 10:00:00,0,331,17
2024-09-16 11:00:00,2,404,11
2024-09-16 12:00:00,3,388,19
2024-09-16 13:00:00,2,358,20
2024-09-16 14:00:00,4,441,21
2024-09-16 15:00:00,5,530,35
2024-09-16 16:00:00,2,525,55
2024-09-16 17:00:00,9,463,42
2024-09-16 18:00:00,2,403,22
2024-09-16 19:00:00,1,260,14
2024-09-16 20:00:00,0,156,9
2024-09-16 21:00:00,0,126,7
2024-09-16 22:00:00,0,51,1
2024-09-16 23:00:00,0,35,1
2024-09-17 00:00:00,0,10,0
2024-09-17 01:00:00,0,12,0
2024-09-17 02:00:00,0,11,0
2024-09-17 03:00:00,0,16,0
2024-09-17 04:00:00,0,37,1
2024-09-17 05:00:00,2,109,11
2024-09-17 06:00:00,4,280,23
2024-09-17 07:00:00,6,460,33
2024-09-17 08:00:00,3,390,30
2024-09-17 09:00:00,1,346,13
2024-09-17 10:00:00,1,399,14
2024-09-17 11:00:00,8,380,20
2024-09-17 12:00:00,5,385,24
2024-09-17 13:00:00,4,397,9
2024-09-17 14:00:00,7,489,31
2024-09-17 15:00:00,3,495,42
2024-09-17 16:00:00,3,579,48
2024-09-17 17:00:00,5,482,46
2024-09-17 18:00:00,6,393,29
2024-09-17 19:00:00,2,233,10
2024-09-17 20:00:00,0,172,6
2024-09-17 21:00:00,1,146,7
2024-09-17 22:00:00,0,60,6
2024-09-17 23:00:00,0,36,1
2024-09-18 00:00:00,0,15,0
2024-09-18 01:00:00,0,11,0
2024-09-18 02:00:00,0,8,0
2024-09-18 03:00:00,0,19,0
2024-09-18 04:00:00,0,36,1
2024-09-18 05:00:00,1,96,8
2024-09-18 06:00:00,3,293,26
2024-09-18 07:00:00,3,443,35
2024-09-18 08:00:00,1,365,13
2024-09-18 09:00:00,0,336,10
2024-09-18 10:00:00,0,382,14
2024-09-18 11:00:00,1,383,15
2024-09-18 12:00:00,3,386,22
2024-09-18 13:00:00,3,405,12
2024-09-18 14:00:00,3,479,24
2024-09-18 15:00:00,3,555,34
2024-09-18 16:00:00,3,598,44
2024-09-18 17:00:00,14,540,42
2024-09-18 18:00:00,4,417,32
2024-09-18 19:00:00,0,270,10
2024-09-18 20:00:00,1,178,8
2024-09-18 21:00:00,1,128,11
2024-09-18 22:00:00,0,53,5
2024-09-18 23:00:00,0,37,1
2024-09-19 00:00:00,0,26,0
2024-09-19 01:00:00,0,11,1
2024-09-19 02:00:00,0,16,0
2024-09-19 03:00:00,0,10,1
2024-09-19 04:00:00,0,46,0
2024-09-19 05:00:00,3,104,10
2024-09-19 06:00:00,4,294,34
2024-09-19 07:00:00,3,453,32
2024-09-19 08:00:00,3,361,22
2024-09-19 09:00:00,0,389,11
2024-09-19 10:00:00,1,392,20
2024-09-19 11:00:00,0,414,6
2024-09-19 12:00:00,5,416,13
2024-09-19 13:00:00,4,412,19
2024-09-19 14:00:00,4,477,23
2024-09-19 15:00:00,5,522,28
2024-09-19 16:00:00,3,581,39
2024-09-19 17:00:00,5,512,35
2024-09-19 18:00:00,4,414,25
2024-09-19 19:00:00,0,282,16
2024-09-19 20:00:00,0,167,8
2024-09-19 21:00:00,1,139,10
2024-09-19 22:00:00,2,61,7
2024-09-19 23:00:00,0,37,2
2024-09-20 00:00:00,0,25,0
2024-09-20 01:00:00,1,16,0
2024-09-20 02:00:00,0,15,0
2024-09-20 03:00:00,0,17,0
2024-09-20 04:00:00,0,40,0
2024-09-20 05:00:00,1,86,7
2024-09-20 06:00:00,4,290,25
2024-09-20 07:00:00,1,446,23
2024-09-20 08:00:00,6,398,18
2024-09-20 09:00:00,2,413,15
2024-09-20 10:00:00,0,420,21
2024-09-20 11:00:00,1,491,13
2024-09-20 12:00:00,4,486,19
2024-09-20 13:00:00,0,469,21
2024-09-20 14:00:00,0,492,10
2024-09-20 15:00:00,5,544,19
2024-09-20 16:00:00,3,582,19
2024-09-20 17:00:00,4,500,36
2024-09-20 18:00:00,3,377,17
2024-09-20 19:00:00,0,246,10
2024-09-20 20:00:00,3,164,4
2024-09-20 21:00:00,0,140,6
2024-09-20 22:00:00,0,85,7
2024-09-20 23:00:00,0,66,3
2024-09-21 00:00:00,0,52,1
2024-09-21 01:00:00,0,32,0
2024-09-21 02:00:00,0,21,0
2024-09-21 03:00:00,0,24,0
2024-09-21 04:00:00,0,22,0
2024-09-21 05:00:00,0,62,8
2024-09-21 06:00:00,0,110,9
2024-09-21 07:00:00,0,286,8
2024-09-21 08:00:00,1,417,6
2024-09-21 09:00:00,0,460,10
2024-09-21 10:00:00,0,534,12
2024-09-21 11:00:00,0,564,11
2024-09-21 12:00:00,3,509,10
2024-09-21 13:00:00,1,507,7
2024-09-21 14:00:00,2,472,15
2024-09-21 15:00:00,0,503,13
2024-09-21 16:00:00,1,458,13
2024-09-21 17:00:00,1,416,19
2024-09-21 18:00:00,5,317,24
2024-09-21 19:00:00,1,216,8
2024-09-21 20:00:00,0,138,3
2024-09-21 21:00:00,0,140,7
2024-09-21 22:00:00,0,94,6
2024-09-21 23:00:00,1,79,0
2024-09-22 00:00:00,0,54,1
2024-09-22 01:00:00,1,31,0
2024-09-22 02:00:00,0,23,0
2024-09-22 03:00:00,0,27,0
2024-09-22 04:00:00,0,27,1
2024-09-22 05:00:00,0,50,3
2024-09-22 06:00:00,0,53,3
2024-09-22 07:00:00,0,103,8
2024-09-22 08:00:00,2,235,2
2024-09-22 09:00:00,2,427,4
2024-09-22 10:00:00,0,446,5
2024-09-22 11:00:00,1,527,2
2024-09-22 12:00:00,1,494,14
2024-09-22 13:00:00,0,516,7
2024-09-22 14:00:00,4,448,12
2024-09-22 15:00:00,3,401,10
2024-09-22 16:00:00,4,293,7
2024-09-22 17:00:00,1,283,4
2024-09-22 18:00:00,1,241,5
2024-09-22 19:00:00,0,196,2
2024-09-22 20:00:00,0,126,6
2024-09-22 21:00:00,0,88,3
2024-09-22 22:00:00,0,38,4
2024-09-22 23:00:00,0,28,0
2024-09-23 00:00:00,0,16,1
2024-09-23 01:00:00,0,15,0
2024-09-23 02:00:00,0,13,0
2024-09-23 03:00:00,0,11,0
2024-09-23 04:00:00,0,40,0
2024-09-23 05:00:00,0,107,6
2024-09-23 06:00:00,3,297,26
2024-09-23 07:00:00,3,434,23
2024-09-23 08:00:00,1,371,9
2024-09-23 09:00:00,1,329,3
2024-09-23 10:00:00,0,342,4
2024-09-23 11:00:00,0,401,6
2024-09-23 12:00:00,1,375,5
2024-09-23 13:00:00,1,360,3
2024-09-23 14:00:00,1,481,12
2024-09-23 15:00:00,4,551,16
2024-09-23 16:00:00,5,571,17
2024-09-23 17:00:00,3,444,19
2024-09-23 18:00:00,0,384,15
2024-09-23 19:00:00,0,207,9
2024-09-23 20:00:00,0,169,7
2024-09-23 21:00:00,0,126,6
2024-09-23 22:00:00,0,45,2
2024-09-23 23:00:00,0,30,0
2024-09-24 00:00:00,0,13,0
2024-09-24 01:00:00,0,16,0
2024-09-24 02:00:00,0,12,0
2024-09-24 03:00:00,0,13,0
2024-09-24 04:00:00,0,49,0
2024-09-24 05:00:00,2,120,7
2024-09-24 06:00:00,3,310,31
2024-09-24 07:00:00,4,455,38
2024-09-24 08:00:00,4,369,19
2024-09-24 09:00:00,3,327,8
2024-09-24 10:00:00,1,346,17
2024-09-24 11:00:00,1,376,19
2024-09-24 12:00:00,0,393,11
2024-09-24 13:00:00,1,406,15
2024-09-24 14:00:00,6,490,14
2024-09-24 15:00:00,5,562,41
2024-09-24 16:00:00,2,584,46
2024-09-24 17:00:00,7,503,32
2024-09-24 18:00:00,0,387,20
2024-09-24 19:00:00,0,238,10
2024-09-24 20:00:00,0,180,10
2024-09-24 21:00:00,1,141,1
2024-09-24 22:00:00,0,62,4
2024-09-24 23:00:00,0,42,5
2024-09-25 00:00:00,0,26,0
2024-09-25 01:00:00,0,21,0
2024-09-25 02:00:00,0,19,0
2024-09-25 03:00:00,0,24,0
2024-09-25 04:00:00,2,33,0
2024-09-25 05:00:00,1,115,4
2024-09-25 06:00:00,0,328,27
2024-09-25 07:00:00,5,456,38
2024-09-25 08:00:00,3,375,16
2024-09-25 09:00:00,2,368,11
2024-09-25 10:00:00,1,401,14
2024-09-25 11:00:00,1,397,16
2024-09-25 12:00:00,2,365,6
2024-09-25 13:00:00,1,405,9
2024-09-25 14:00:00,1,510,11
2024-09-25 15:00:00,1,562,16
2024-09-25 16:00:00,6,578,31
2024-09-25 17:00:00,3,515,39
2024-09-25 18:00:00,0,424,24
2024-09-25 19:00:00,1,276,9
2024-09-25 20:00:00,0,179,9
2024-09-25 21:00:00,0,133,7
2024-09-25 22:00:00,1,42,9
2024-09-25 23:00:00,0,43,1
2024-09-26 00:00:00,0,22,0
2024-09-26 01:00:00,1,14,0
2024-09-26 02:00:00,0,9,0
2024-09-26 03:00:00,0,19,1
2024-09-26 04:00:00,0,45,1
2024-09-26 05:00:00,3,112,11
2024-09-26 06:00:00,2,294,30
2024-09-26 07:00:00,5,429,26
2024-09-26 08:00:00,5,391,22
2024-09-26 09:00:00,0,375,13
2024-09-26 10:00:00,1,396,20
2024-09-26 11:00:00,6,418,21
2024-09-26 12:00:00,1,399,21
2024-09-26 13:00:00,4,397,14
2024-09-26 14:00:00,2,477,11
2024-09-26 15:00:00,6,553,28
2024-09-26 16:00:00,4,555,26
2024-09-26 17:00:00,2,482,17
2024-09-26 18:00:00,2,417,18
2024-09-26 19:00:00,1,257,8
2024-09-26 20:00:00,0,188,4
2024-09-26 21:00:00,0,161,4
2024-09-26 22:00:00,1,75,1
2024-09-26 23:00:00,0,45,1
2024-09-27 00:00:00,0,21,1
2024-09-27 01:00:00,0,15,0
2024-09-27 02:00:00,0,13,1
2024-09-27 03:00:00,0,19,1
2024-09-27 04:00:00,0,37,1
2024-09-27 05:00:00,2,114,5
2024-09-27 06:00:00,3,287,20
2024-09-27 07:00:00,4,473,18
2024-09-27 08:00:00,2,397,12
2024-09-27 09:00:00,3,432,8
2024-09-27 10:00:00,3,417,8
2024-09-27 11:00:00,2,494,15
2024-09-27 12:00:00,2,487,14
2024-09-27 13:00:00,4,483,19
2024-09-27 14:00:00,0,588,24
2024-09-27 15:00:00,3,586,28
2024-09-27 16:00:00,6,576,23
2024-09-27 17:00:00,3,453,21
2024-09-27 18:00:00,1,391,17
2024-09-27 19:00:00,0,253,7
2024-09-27 20:00:00,1,179,6
2024-09-27 21:00:00,0,173,1
2024-09-27 22:00:00,1,110,4
2024-09-27 23:00:00,0,56,3
2024-09-28 00:00:00,0,48,0
2024-09-28 01:00:00,0,41,0
2024-09-28 02:00:00,0,26,0
2024-09-28 03:00:00,0,29,0
2024-09-28 04:00:00,0,20,1
2024-09-28 05:00:00,1,53,4
2024-09-28 06:00:00,1,135,10
2024-09-28 07:00:00,1,302,13
2024-09-28 08:00:00,5,444,13
2024-09-28 09:00:00,3,483,23
2024-09-28 10:00:00,2,498,20
2024-09-28 11:00:00,3,541,12
2024-09-28 12:00:00,2,516,14
2024-09-28 13:00:00,2,502,13
2024-09-28 14:00:00,5,477,19
2024-09-28 15:00:00,3,481,20
2024-09-28 16:00:00,3,493,17
2024-09-28 17:00:00,2,419,15
2024-09-28 18:00:00,2,334,11
2024-09-28 19:00:00,0,215,5
2024-09-28 20:00:00,0,135,6
2024-09-28 21:00:00,0,136,0
2024-09-28 22:00:00,0,119,8
2024-09-28 23:00:00,0,84,1
2024-09-29 00:00:00,0,48,0
2024-09-29 01:00:00,0,40,1
2024-09-29 02:00:00,0,39,1
2024-09-29 03:00:00,0,21,1
2024-09-29 04:00:00,0,27,0
2024-09-29 05:00:00,1,48,6
2024-09-29 06:00:00,2,77,3
2024-09-29 07:00:00,2,108,7
2024-09-29 08:00:00,1,321,5
2024-09-29 09:00:00,0,537,13
2024-09-29 10:00:00,1,501,15
2024-09-29 11:00:00,0,518,17
2024-09-29 12:00:00,3,570,13
2024-09-29 13:00:00,6,513,14
2024-09-29 14:00:00,3,479,10
2024-09-29 15:00:00,1,354,4
2024-09-29 16:00:00,0,353,9
2024-09-29 17:00:00,3,238,12
2024-09-29 18:00:00,1,232,5
2024-09-29 19:00:00,0,164,5
2024-09-29 20:00:00,0,130,5
2024-09-29 21:00:00,0,74,1
2024-09-29 22:00:00,0,24,0
2024-09-29 23:00:00,0,28,1
2024-09-30 00:00:00,0,15,0
2024-09-30 01:00:00,0,15,0
2024-09-30 02:00:00,0,9,0
2024-09-30 03:00:00,0,21,0
2024-09-30 04:00:00,0,38,1
2024-09-30 05:00:00,0,106,6
2024-09-30 06:00:00,2,284,25
2024-09-30 07:00:00,2,416,28
2024-09-30 08:00:00,1,385,15
2024-09-30 09:00:00,1,357,11
2024-09-30 10:00:00,1,384,11
2024-09-30 11:00:00,1,416,4
2024-09-30 12:00:00,0,365,12
2024-09-30 13:00:00,0,369,15
2024-09-30 14:00:00,6,472,15
2024-09-30 15:00:00,4,488,27
2024-09-30 16:00:00,7,555,34
2024-09-30 17:00:00,6,433,31
2024-09-30 18:00:00,2,361,15
2024-09-30 19:00:00,0,245,14
2024-09-30 20:00:00,0,167,5
2024-09-30 21:00:00,0,94,7
2024-09-30 22:00:00,0,40,4
2024-09-30 23:00:00,0,22,0
2024-10-01 00:00:00,0,19,1
2024-10-01 01:00:00,1,10,0
2024-10-01 02:00:00,0,10,0
2024-10-01 03:00:00,0,19,0
2024-10-01 04:00:00,0,45,1
2024-10-01 05:00:00,1,112,7
2024-10-01 06:00:00,2,294,30
2024-10-01 07:00:00,3,461,36
2024-10-01 08:00:00,4,377,18
2024-10-01 09:00:00,3,346,11
2024-10-01 10:00:00,0,384,11
2024-10-01 11:00:00,0,376,14
2024-10-01 12:00:00,4,376,12
2024-10-01 13:00:00,3,368,13
2024-10-01 14:00:00,3,483,20
2024-10-01 15:00:00,3,526,23
2024-10-01 16:00:00,7,559,39
2024-10-01 17:00:00,5,483,37
2024-10-01 18:00:00,0,387,20
2024-10-01 19:00:00,1,252,18
2024-10-01 20:00:00,0,195,7
2024-10-01 21:00:00,0,152,8
2024-10-01 22:00:00,0,51,5
2024-10-01 23:00:00,0,32,1
2024-10-02 00:00:00,0,18,0
2024-10-02 01:00:00,1,10,0
2024-10-02 02:00:00,0,9,0
2024-10-02 03:00:00,0,26,0
2024-10-02 04:00:00,0,38,2
2024-10-02 05:00:00,0,112,11
2024-10-02 06:00:00,2,314,23
2024-10-02 07:00:00,6,455,40
2024-10-02 08:00:00,3,360,16
2024-10-02 09:00:00,2,328,11
2024-10-02 10:00:00,0,376,18
2024-10-02 11:00:00,0,410,14
2024-10-02 12:00:00,3,413,14
2024-10-02 13:00:00,4,412,16
2024-10-02 14:00:00,3,499,21
2024-10-02 15:00:00,3,529,26
2024-10-02 16:00:00,2,592,39
2024-10-02 17:00:00,6,513,24
2024-10-02 18:00:00,2,400,23
2024-10-02 19:00:00,0,254,8
2024-10-02 20:00:00,0,183,5
2024-10-02 21:00:00,2,164,11
2024-10-02 22:00:00,0,63,3
2024-10-02 23:00:00,0,40,0
2024-10-03 00:00:00,0,28,1
2024-10-03 01:00:00,0,9,1
2024-10-03 02:00:00,0,9,0
2024-10-03 03:00:00,0,18,0
2024-10-03 04:00:00,0,42,2
2024-10-03 05:00:00,1,109,9
2024-10-03 06:00:00,2,316,27
2024-10-03 07:00:00,5,440,23
2024-10-03 08:00:00,1,384,20
2024-10-03 09:00:00,3,361,16
2024-10-03 10:00:00,2,405,13
2024-10-03 11:00:00,0,424,19
2024-10-03 12:00:00,1,394,15
2024-10-03 13:00:00,2,439,19
2024-10-03 14:00:00,2,505,24
2024-10-03 15:00:00,3,511,27
2024-10-03 16:00:00,4,579,39
2024-10-03 17:00:00,3,553,34
2024-10-03 18:00:00,1,428,18
2024-10-03 19:00:00,2,278,13
2024-10-03 20:00:00,0,195,10
2024-10-03 21:00:00,0,138,12
2024-10-03 22:00:00,0,83,2
2024-10-03 23:00:00,0,38,1
2024-10-04 00:00:00,0,21,2
2024-10-04 01:00:00,0,16,0
2024-10-04 02:00:00,0,11,0
2024-10-04 03:00:00,0,27,0
2024-10-04 04:00:00,0,34,0
2024-10-04 05:00:00,0,124,6
2024-10-04 06:00:00,2,272,27
2024-10-04 07:00:00,5,472,20
2024-10-04 08:00:00,2,388,17
2024-10-04 09:00:00,1,403,12
2024-10-04 10:00:00,2,453,14
2024-10-04 11:00:00,7,507,16
2024-10-04 12:00:00,0,453,22
2024-10-04 13:00:00,2,459,13
2024-10-04 14:00:00,3,529,18
2024-10-04 15:00:00,1,569,30
2024-10-04 16:00:00,6,630,29
2024-10-04 17:00:00,4,509,26
2024-10-04 18:00:00,2,434,25
2024-10-04 19:00:00,0,242,6
2024-10-04 20:00:00,0,171,5
2024-10-04 21:00:00,1,182,8
2024-10-04 22:00:00,2,101,4
2024-10-04 23:00:00,0,74,2
2024-10-05 00:00:00,0,52,0
2024-10-05 01:00:00,0,36,0
2024-10-05 02:00:00,0,26,0
2024-10-05 03:00:00,0,27,2
2024-10-05 04:00:00,1,28,1
2024-10-05 05:00:00,0,60,3
2024-10-05 06:00:00,1,151,8
2024-10-05 07:00:00,1,296,17
2024-10-05 08:00:00,4,385,16
2024-10-05 09:00:00,1,489,22
2024-10-05 10:00:00,0,531,23
2024-10-05 11:00:00,0,580,24
2024-10-05 12:00:00,5,533,21
2024-10-05 13:00:00,3,505,22
2024-10-05 14:00:00,1,523,17
2024-10-05 15:00:00,2,510,19
2024-10-05 16:00:00,4,482,14
2024-10-05 17:00:00,2,429,8
2024-10-05 18:00:00,0,326,18
2024-10-05 19:00:00,0,196,10
2024-10-05 20:00:00,2,147,4
2024-10-05 21:00:00,1,153,5
2024-10-05 22:00:00,0,130,7
2024-10-05 23:00:00,0,86,6
2024-10-06 00:00:00,1,51,1
2024-10-06 01:00:00,0,35,0
2024-10-06 02:00:00,0,30,1
2024-10-06 03:00:00,0,19,3
2024-10-06 04:00:00,0,28,0
2024-10-06 05:00:00,0,41,3
2024-10-06 06:00:00,0,66,2
2024-10-06 07:00:00,2,114,14
2024-10-06 08:00:00,0,264,8
2024-10-06 09:00:00,1,451,12
2024-10-06 10:00:00,1,478,10
2024-10-06 11:00:00,0,630,14
2024-10-06 12:00:00,3,586,16
2024-10-06 13:00:00,5,500,17
2024-10-06 14:00:00,0,506,10
2024-10-06 15:00:00,0,391,7
2024-10-06 16:00:00,1,335,7
2024-10-06 17:00:00,2,272,7
2024-10-06 18:00:00,1,225,4
2024-10-06 19:00:00,0,175,5
2024-10-06 20:00:00,0,116,6
2024-10-06 21:00:00,2,96,3
2024-10-06 22:00:00,0,42,2
2024-10-06 23:00:00,0,30,0
2024-10-07 00:00:00,0,14,0
2024-10-07 01:00:00,0,13,0
2024-10-07 02:00:00,0,9,0
2024-10-07 03:00:00,0,13,0
2024-10-07 04:00:00,0,46,2
2024-10-07 05:00:00,2,111,11
2024-10-07 06:00:00,3,286,18
2024-10-07 07:00:00,2,409,39
2024-10-07 08:00:00,4,366,23
2024-10-07 09:00:00,0,353,14
2024-10-07 10:00:00,1,388,13
2024-10-07 11:00:00,1,377,17
2024-10-07 12:00:00,0,353,22
2024-10-07 13:00:00,1,385,10
2024-10-07 14:00:00,2,470,18
2024-10-07 15:00:00,2,490,13
2024-10-07 16:00:00,6,541,39
2024-10-07 17:00:00,5,455,19
2024-10-07 18:00:00,0,388,8
2024-10-07 19:00:00,1,224,8
2024-10-07 20:00:00,0,131,9
2024-10-07 21:00:00,0,138,6
2024-10-07 22:00:00,2,52,4
2024-10-07 23:00:00,0,38,0
2024-10-08 00:00:00,0,10,2
2024-10-08 01:00:00,0,7,1
2024-10-08 02:00:00,0,7,0
2024-10-08 03:00:00,0,17,0
2024-10-08 04:00:00,0,39,2
2024-10-08 05:00:00,0,113,6
2024-10-08 06:00:00,4,310,23
2024-10-08 07:00:00,5,473,25
2024-10-08 08:00:00,1,387,19
2024-10-08 09:00:00,2,382,8
2024-10-08 10:00:00,0,373,7
2024-10-08 11:00:00,2,409,6
2024-10-08 12:00:00,0,413,4
2024-10-08 13:00:00,1,395,9
2024-10-08 14:00:00,2,461,9
2024-10-08 15:00:00,4,535,18
2024-10-08 16:00:00,5,618,29
2024-10-08 17:00:00,2,506,22
2024-10-08 18:00:00,1,411,14
2024-10-08 19:00:00,1,242,7
2024-10-08 20:00:00,2,206,11
2024-10-08 21:00:00,0,127,2
2024-10-08 22:00:00,0,58,4
2024-10-08 23:00:00,0,47,2
2024-10-09 00:00:00,0,14,0
2024-10-09 01:00:00,0,15,0
2024-10-09 02:00:00,0,7,0
2024-10-09 03:00:00,0,14,0
2024-10-09 04:00:00,0,44,3
2024-10-09 05:00:00,0,119,9
2024-10-09 06:00:00,0,315,24
2024-10-09 07:00:00,8,485,37
2024-10-09 08:00:00,4,371,17
2024-10-09 09:00:00,2,361,12
2024-10-09 10:00:00,6,394,10
2024-10-09 11:00:00,2,431,9
2024-10-09 12:00:00,1,425,12
2024-10-09 13:00:00,2,442,12
2024-10-09 14:00:00,0,496,24
2024-10-09 15:00:00,5,557,16
2024-10-09 16:00:00,4,607,35
2024-10-09 17:00:00,7,479,24
2024-10-09 18:00:00,0,381,21
2024-10-09 19:00:00,1,258,6
2024-10-09 20:00:00,0,186,11
2024-10-09 21:00:00,0,147,7
2024-10-09 22:00:00,1,53,4
2024-10-09 23:00:00,0,36,0
2024-10-10 00:00:00,0,22,0
2024-10-10 01:00:00,0,11,0
2024-10-10 02:00:00,0,16,0
2024-10-10 03:00:00,0,21,1
2024-10-10 04:00:00,0,45,5
2024-10-10 05:00:00,0,121,9
2024-10-10 06:00:00,0,293,28
2024-10-10 07:00:00,5,471,25
2024-10-10 08:00:00,2,378,10
2024-10-10 09:00:00,1,360,12
2024-10-10 10:00:00,2,405,14
2024-10-10 11:00:00,2,419,11
2024-10-10 12:00:00,0,407,10
2024-10-10 13:00:00,4,443,18
2024-10-10 14:00:00,1,503,17
2024-10-10 15:00:00,0,538,21
2024-10-10 16:00:00,2,591,31
2024-10-10 17:00:00,7,532,30
2024-10-10 18:00:00,0,434,14
2024-10-10 19:00:00,0,252,11
2024-10-10 20:00:00,3,171,6
2024-10-10 21:00:00,0,146,10
2024-10-10 22:00:00,0,75,3
2024-10-10 23:00:00,0,41,0
2024-10-11 00:00:00,0,30,0
2024-10-11 01:00:00,0,17,1
2024-10-11 02:00:00,0,12,0
2024-10-11 03:00:00,0,19,0
2024-10-11 04:00:00,0,50,2
2024-10-11 05:00:00,0,104,10
2024-10-11 06:00:00,2,274,20
2024-10-11 07:00:00,2,446,27
2024-10-11 08:00:00,7,375,23
2024-10-11 09:00:00,4,421,12
2024-10-11 10:00:00,7,409,16
2024-10-11 11:00:00,2,455,16
2024-10-11 12:00:00,5,429,18
2024-10-11 13:00:00,2,466,21
2024-10-11 14:00:00,2,539,24
2024-10-11 15:00:00,3,559,28
2024-10-11 16:00:00,7,580,37
2024-10-11 17:00:00,5,504,30
2024-10-11 18:00:00,1,389,13
2024-10-11 19:00:00,6,226,15
2024-10-11 20:00:00,0,168,9
2024-10-11 21:00:00,0,193,5
2024-10-11 22:00:00,0,100,2
2024-10-11 23:00:00,0,57,4
2024-10-12 00:00:00,0,47,0
2024-10-12 01:00:00,0,36,1
2024-10-12 02:00:00,0,23,1
2024-10-12 03:00:00,0,23,1
2024-10-12 04:00:00,0,38,1
2024-10-12 05:00:00,0,59,3
2024-10-12 06:00:00,0,140,3
2024-10-12 07:00:00,2,282,18
2024-10-12 08:00:00,4,414,21
2024-10-12 09:00:00,5,478,13
2024-10-12 10:00:00,2,529,15
2024-10-12 11:00:00,1,557,17
2024-10-12 12:00:00,0,565,17
2024-10-12 13:00:00,5,488,13
2024-10-12 14:00:00,4,501,20
2024-10-12 15:00:00,3,496,16
2024-10-12 16:00:00,1,499,15
2024-10-12 17:00:00,4,375,12
2024-10-12 18:00:00,2,349,6
2024-10-12 19:00:00,0,227,7
2024-10-12 20:00:00,0,128,10
2024-10-12 21:00:00,0,153,2
2024-10-12 22:00:00,0,119,4
2024-10-12 23:00:00,0,67,3
2024-10-13 00:00:00,0,53,1
2024-10-13 01:00:00,0,47,0
2024-10-13 02:00:00,1,36,0
2024-10-13 03:00:00,0,25,1
2024-10-13 04:00:00,0,26,0
2024-10-13 05:00:00,0,50,5
2024-10-13 06:00:00,2,66,6
2024-10-13 07:00:00,1,93,6
2024-10-13 08:00:00,1,271,11
2024-10-13 09:00:00,2,425,15
2024-10-13 10:00:00,2,469,12
2024-10-13 11:00:00,0,538,17
2024-10-13 12:00:00,3,469,14
2024-10-13 13:00:00,2,448,6
2024-10-13 14:00:00,2,460,17
2024-10-13 15:00:00,2,404,14
2024-10-13 16:00:00,2,341,9
2024-10-13 17:00:00,2,251,6
2024-10-13 18:00:00,0,211,4
2024-10-13 19:00:00,0,162,4
2024-10-13 20:00:00,0,127,4
2024-10-13 21:00:00,0,101,6
2024-10-13 22:00:00,2,39,1
2024-10-13 23:00:00,1,37,0
2024-10-14 00:00:00,0,12,0
2024-10-14 01:00:00,0,13,0
2024-10-14 02:00:00,0,6,0
2024-10-14 03:00:00,0,13,0
2024-10-14 04:00:00,0,39,3
2024-10-14 05:00:00,1,103,8
2024-10-14 06:00:00,2,295,21
2024-10-14 07:00:00,3,455,24
2024-10-14 08:00:00,1,387,10
2024-10-14 09:00:00,0,357,12
2024-10-14 10:00:00,1,339,11
2024-10-14 11:00:00,1,436,7
2024-10-14 12:00:00,2,375,13
2024-10-14 13:00:00,1,406,11
2024-10-14 14:00:00,5,475,21
2024-10-14 15:00:00,1,557,24
2024-10-14 16:00:00,6,556,34
2024-10-14 17:00:00,2,445,31
2024-10-14 18:00:00,0,355,10
2024-10-14 19:00:00,0,221,7
2024-10-14 20:00:00,0,128,4
2024-10-14 21:00:00,0,118,5
2024-10-14 22:00:00,0,43,3
2024-10-14 23:00:00,0,35,0
2024-10-15 00:00:00,0,13,1
2024-10-15 01:00:00,0,11,0
2024-10-15 02:00:00,0,12,0
2024-10-15 03:00:00,0,12,0
2024-10-15 04:00:00,0,41,1
2024-10-15 05:00:00,0,108,9
2024-10-15 06:00:00,2,290,25
2024-10-15 07:00:00,1,451,35
2024-10-15 08:00:00,2,360,14
2024-10-15 09:00:00,2,353,8
2024-10-15 10:00:00,3,375,12
2024-10-15 11:00:00,0,395,20
2024-10-15 12:00:00,0,373,12
2024-10-15 13:00:00,4,384,9
2024-10-15 14:00:00,1,517,20
2024-10-15 15:00:00,5,510,35
2024-10-15 16:00:00,3,564,38
2024-10-15 17:00:00,6,480,37
2024-10-15 18:00:00,0,358,25
2024-10-15 19:00:00,1,215,7
2024-10-15 20:00:00,0,184,3
2024-10-15 21:00:00,0,144,6
2024-10-15 22:00:00,0,64,4
2024-10-15 23:00:00,0,49,1
2024-10-16 00:00:00,0,21,1
2024-10-16 01:00:00,0,15,1
2024-10-16 02:00:00,0,11,0
2024-10-16 03:00:00,0,21,1
2024-10-16 04:00:00,0,34,2
2024-10-16 05:00:00,0,115,7
2024-10-16 06:00:00,0,301,23
2024-10-16 07:00:00,7,486,27
2024-10-16 08:00:00,3,420,8
2024-10-16 09:00:00,1,355,10
2024-10-16 10:00:00,0,367,5
2024-10-16 11:00:00,1,428,10
2024-10-16 12:00:00,1,384,7
2024-10-16 13:00:00,2,415,17
2024-10-16 14:00:00,1,517,10
2024-10-16 15:00:00,2,558,23
2024-10-16 16:00:00,8,584,12
2024-10-16 17:00:00,2,488,20
2024-10-16 18:00:00,1,360,18
2024-10-16 19:00:00,1,240,9
2024-10-16 20:00:00,1,195,2
2024-10-16 21:00:00,0,125,3
2024-10-16 22:00:00,0,52,2
2024-10-16 23:00:00,0,39,0
2024-10-17 00:00:00,0,15,1
2024-10-17 01:00:00,0,11,0
2024-10-17 02:00:00,0,12,0
2024-10-17 03:00:00,0,22,0
2024-10-17 04:00:00,0,47,2
2024-10-17 05:00:00,0,93,6
2024-10-17 06:00:00,3,285,28
2024-10-17 07:00:00,7,450,32
2024-10-17 08:00:00,3,365,24
2024-10-17 09:00:00,3,347,14
2024-10-17 10:00:00,0,376,14
2024-10-17 11:00:00,1,404,10
2024-10-17 12:00:00,2,397,19
2024-10-17 13:00:00,1,426,17
2024-10-17 14:00:00,0,515,23
2024-10-17 15:00:00,1,560,35
2024-10-17 16:00:00,5,612,44
2024-10-17 17:00:00,2,544,28
2024-10-17 18:00:00,0,426,17
2024-10-17 19:00:00,1,252,8
2024-10-17 20:00:00,0,207,9
2024-10-17 21:00:00,0,145,8
2024-10-17 22:00:00,0,83,2
2024-10-17 23:00:00,0,35,3
2024-10-18 00:00:00,0,19,0
2024-10-18 01:00:00,0,18,1
2024-10-18 02:00:00,0,10,0
2024-10-18 03:00:00,0,26,0
2024-10-18 04:00:00,0,34,3
2024-10-18 05:00:00,0,99,6
2024-10-18 06:00:00,2,256,22
2024-10-18 07:00:00,2,490,26
2024-10-18 08:00:00,1,411,14
2024-10-18 09:00:00,1,410,14
2024-10-18 10:00:00,0,449,11
2024-10-18 11:00:00,5,494,18
2024-10-18 12:00:00,2,463,15
2024-10-18 13:00:00,3,441,18
2024-10-18 14:00:00,0,583,18
2024-10-18 15:00:00,1,552,18
2024-10-18 16:00:00,5,601,23
2024-10-18 17:00:00,1,473,13
2024-10-18 18:00:00,0,367,13
2024-10-18 19:00:00,0,223,10
2024-10-18 20:00:00,0,172,8
2024-10-18 21:00:00,0,132,3
2024-10-18 22:00:00,1,87,1
2024-10-18 23:00:00,0,60,2
2024-10-19 00:00:00,0,49,3
2024-10-19 01:00:00,0,26,0
2024-10-19 02:00:00,0,27,0
2024-10-19 03:00:00,0,16,0
2024-10-19 04:00:00,0,26,1
2024-10-19 05:00:00,0,53,2
2024-10-19 06:00:00,1,138,5
2024-10-19 07:00:00,4,271,13
2024-10-19 08:00:00,2,401,15
2024-10-19 09:00:00,1,460,20
2024-10-19 10:00:00,1,529,22
2024-10-19 11:00:00,3,574,19
2024-10-19 12:00:00,1,525,26
2024-10-19 13:00:00,2,507,15
2024-10-19 14:00:00,0,493,21
2024-10-19 15:00:00,4,535,22
2024-10-19 16:00:00,2,479,15
2024-10-19 17:00:00,1,388,7
2024-10-19 18:00:00,2,322,13
2024-10-19 19:00:00,0,178,5
2024-10-19 20:00:00,0,138,1
2024-10-19 21:00:00,1,111,2
2024-10-19 22:00:00,0,104,2
2024-10-19 23:00:00,0,67,0
2024-10-20 00:00:00,0,52,1
2024-10-20 01:00:00,0,38,0
2024-10-20 02:00:00,1,19,0
2024-10-20 03:00:00,0,21,0
2024-10-20 04:00:00,0,19,1
2024-10-20 05:00:00,0,37,3
2024-10-20 06:00:00,0,58,3
2024-10-20 07:00:00,1,116,5
2024-10-20 08:00:00,0,252,1
2024-10-20 09:00:00,0,433,4
2024-10-20 10:00:00,1,447,3
2024-10-20 11:00:00,0,517,3
2024-10-20 12:00:00,2,455,8
2024-10-20 13:00:00,2,507,7
2024-10-20 14:00:00,0,480,10
2024-10-20 15:00:00,4,376,13
2024-10-20 16:00:00,3,355,13
2024-10-20 17:00:00,0,245,7
2024-10-20 18:00:00,0,214,5
2024-10-20 19:00:00,0,173,7
2024-10-20 20:00:00,0,107,2
2024-10-20 21:00:00,0,77,3
2024-10-20 22:00:00,2,31,1
2024-10-20 23:00:00,0,33,0
2024-10-21 00:00:00,0,15,0
2024-10-21 01:00:00,0,8,0
2024-10-21 02:00:00,0,7,0
2024-10-21 03:00:00,0,17,0
2024-10-21 04:00:00,0,40,0
2024-10-21 05:00:00,0,86,11
2024-10-21 06:00:00,2,283,26
2024-10-21 07:00:00,6,432,24
2024-10-21 08:00:00,2,346,24
2024-10-21 09:00:00,2,361,15
2024-10-21 10:00:00,3,334,16
2024-10-21 11:00:00,1,392,11
2024-10-21 12:00:00,1,368,9
2024-10-21 13:00:00,2,431,15
2024-10-21 14:00:00,2,489,16
2024-10-21 15:00:00,3,522,21
2024-10-21 16:00:00,1,526,32
2024-10-21 17:00:00,3,446,32
2024-10-21 18:00:00,0,352,13
2024-10-21 19:00:00,0,247,9
2024-10-21 20:00:00,0,160,6
2024-10-21 21:00:00,1,98,3
2024-10-21 22:00:00,0,47,4
2024-10-21 23:00:00,0,25,1
2024-10-22 00:00:00,0,18,1
2024-10-22 01:00:00,0,8,1
2024-10-22 02:00:00,0,7,0
2024-10-22 03:00:00,0,17,0
2024-10-22 04:00:00,0,45,3
2024-10-22 05:00:00,0,102,10
2024-10-22 06:00:00,3,289,27
2024-10-22 07:00:00,5,468,25
2024-10-22 08:00:00,3,354,15
2024-10-22 09:00:00,0,329,10
2024-10-22 10:00:00,3,365,12
2024-10-22 11:00:00,1,353,10
2024-10-22 12:00:00,0,380,18
2024-10-22 13:00:00,2,436,17
2024-10-22 14:00:00,5,449,18
2024-10-22 15:00:00,4,535,32
2024-10-22 16:00:00,1,565,50
2024-10-22 17:00:00,2,527,30
2024-10-22 18:00:00,1,375,28
2024-10-22 19:00:00,0,249,11
2024-10-22 20:00:00,2,165,5
2024-10-22 21:00:00,1,151,13
2024-10-22 22:00:00,0,54,2
2024-10-22 23:00:00,0,36,2
2024-10-23 00:00:00,0,15,1
2024-10-23 01:00:00,0,8,0
2024-10-23 02:00:00,0,12,0
2024-10-23 03:00:00,0,13,0
2024-10-23 04:00:00,0,37,4
2024-10-23 05:00:00,0,112,9
2024-10-23 06:00:00,0,269,27
2024-10-23 07:00:00,5,485,51
2024-10-23 08:00:00,1,382,15
2024-10-23 09:00:00,1,333,17
2024-10-23 10:00:00,1,380,8
2024-10-23 11:00:00,0,439,14
2024-10-23 12:00:00,0,402,16
2024-10-23 13:00:00,1,424,15
2024-10-23 14:00:00,5,488,19
2024-10-23 15:00:00,1,578,25
2024-10-23 16:00:00,5,534,50
2024-10-23 17:00:00,2,491,23
2024-10-23 18:00:00,1,420,28
2024-10-23 19:00:00,0,262,10
2024-10-23 20:00:00,0,191,12
2024-10-23 21:00:00,0,138,4
2024-10-23 22:00:00,0,60,3
2024-10-23 23:00:00,0,39,0
2024-10-24 00:00:00,0,20,1
2024-10-24 01:00:00,0,12,0
2024-10-24 02:00:00,0,13,0
2024-10-24 03:00:00,0,18,1
2024-10-24 04:00:00,0,34,2
2024-10-24 05:00:00,0,110,8
2024-10-24 06:00:00,3,310,15
2024-10-24 07:00:00,6,422,27
2024-10-24 08:00:00,2,380,23
2024-10-24 09:00:00,0,372,8
2024-10-24 10:00:00,1,409,14
2024-10-24 11:00:00,0,429,15
2024-10-24 12:00:00,0,369,15
2024-10-24 13:00:00,3,404,12
2024-10-24 14:00:00,4,511,20
2024-10-24 15:00:00,1,524,29
2024-10-24 16:00:00,2,578,46
2024-10-24 17:00:00,6,480,20
2024-10-24 18:00:00,1,334,12
2024-10-24 19:00:00,0,225,9
2024-10-24 20:00:00,0,209,12
2024-10-24 21:00:00,1,140,9
2024-10-24 22:00:00,1,67,3
2024-10-24 23:00:00,1,36,0
2024-10-25 00:00:00,0,21,1
2024-10-25 01:00:00,0,10,0
2024-10-25 02:00:00,0,10,1
2024-10-25 03:00:00,1,20,0
2024-10-25 04:00:00,0,51,1
2024-10-25 05:00:00,0,77,4
2024-10-25 06:00:00,0,258,18
2024-10-25 07:00:00,3,349,26
2024-10-25 08:00:00,2,370,12
2024-10-25 09:00:00,0,433,9
2024-10-25 10:00:00,1,433,15
2024-10-25 11:00:00,1,466,15
2024-10-25 12:00:00,1,454,16
2024-10-25 13:00:00,1,477,14
2024-10-25 14:00:00,1,514,24
2024-10-25 15:00:00,1,498,18
2024-10-25 16:00:00,6,505,38
2024-10-25 17:00:00,4,483,14
2024-10-25 18:00:00,2,358,15
2024-10-25 19:00:00,2,223,6
2024-10-25 20:00:00,0,159,8
2024-10-25 21:00:00,0,178,6
2024-10-25 22:00:00,0,107,5
2024-10-25 23:00:00,0,68,4
2024-10-26 00:00:00,0,50,3
2024-10-26 01:00:00,0,35,0
2024-10-26 02:00:00,0,22,0
2024-10-26 03:00:00,0,21,1
2024-10-26 04:00:00,0,39,2
2024-10-26 05:00:00,1,52,5
2024-10-26 06:00:00,1,122,8
2024-10-26 07:00:00,1,241,11
2024-10-26 08:00:00,3,347,18
2024-10-26 09:00:00,3,480,18
2024-10-26 10:00:00,1,467,23
2024-10-26 11:00:00,3,470,20
2024-10-26 12:00:00,0,468,25
2024-10-26 13:00:00,2,474,13
2024-10-26 14:00:00,4,465,24
2024-10-26 15:00:00,2,473,17
2024-10-26 16:00:00,0,444,16
2024-10-26 17:00:00,1,357,10
2024-10-26 18:00:00,4,269,11
2024-10-26 19:00:00,3,175,6
2024-10-26 20:00:00,1,134,4
2024-10-26 21:00:00,0,131,4
2024-10-26 22:00:00,1,105,5
2024-10-26 23:00:00,1,67,0
2024-10-27 00:00:00,0,46,0
2024-10-27 01:00:00,0,36,0
2024-10-27 02:00:00,0,38,0
2024-10-27 03:00:00,0,23,0
2024-10-27 04:00:00,0,34,0
2024-10-27 05:00:00,0,27,3
2024-10-27 06:00:00,0,58,3
2024-10-27 07:00:00,1,68,5
2024-10-27 08:00:00,3,108,10
2024-10-27 09:00:00,0,272,8
2024-10-27 10:00:00,1,407,28
2024-10-27 11:00:00,3,436,30
2024-10-27 12:00:00,3,524,12
2024-10-27 13:00:00,2,416,25
2024-10-27 14:00:00,6,401,12
2024-10-27 15:00:00,0,436,15
2024-10-27 16:00:00,1,334,17
2024-10-27 17:00:00,1,269,7
2024-10-27 18:00:00,0,214,7
2024-10-27 19:00:00,0,178,6
2024-10-27 20:00:00,0,127,3
2024-10-27 21:00:00,0,118,6
2024-10-27 22:00:00,0,94,2
2024-10-27 23:00:00,0,56,3
2024-10-28 00:00:00,0,31,0
2024-10-28 01:00:00,0,18,0
2024-10-28 02:00:00,0,16,0
2024-10-28 03:00:00,0,11,0
2024-10-28 04:00:00,0,12,0
2024-10-28 05:00:00,1,46,3
2024-10-28 06:00:00,0,89,10
2024-10-28 07:00:00,4,219,20
2024-10-28 08:00:00,4,285,26
2024-10-28 09:00:00,1,333,11
2024-10-28 10:00:00,1,361,8
2024-10-28 11:00:00,1,346,12
2024-10-28 12:00:00,0,421,2
2024-10-28 13:00:00,1,400,13
2024-10-28 14:00:00,3,403,8
2024-10-28 15:00:00,2,451,12
2024-10-28 16:00:00,0,484,14
2024-10-28 17:00:00,0,515,26
2024-10-28 18:00:00,2,412,20
2024-10-28 19:00:00,0,311,20
2024-10-28 20:00:00,0,189,14
2024-10-28 21:00:00,0,142,3
2024-10-28 22:00:00,0,110,5
2024-10-28 23:00:00,0,48,1
2024-10-29 00:00:00,0,28,2
2024-10-29 01:00:00,0,18,0
2024-10-29 02:00:00,0,21,0
2024-10-29 03:00:00,0,9,1
2024-10-29 04:00:00,0,13,1
2024-10-29 05:00:00,0,38,1
2024-10-29 06:00:00,1,88,9
2024-10-29 07:00:00,4,241,23
2024-10-29 08:00:00,5,343,27
2024-10-29 09:00:00,1,374,11
2024-10-29 10:00:00,3,378,10
2024-10-29 11:00:00,2,418,15
2024-10-29 12:00:00,3,413,14
2024-10-29 13:00:00,2,339,13
2024-10-29 14:00:00,3,428,10
2024-10-29 15:00:00,1,441,21
2024-10-29 16:00:00,4,533,21
2024-10-29 17:00:00,5,558,33
2024-10-29 18:00:00,0,438,29
2024-10-29 19:00:00,0,338,14
2024-10-29 20:00:00,1,186,9
2024-10-29 21:00:00,1,143,5
2024-10-29 22:00:00,0,116,10
2024-10-29 23:00:00,1,59,6
2024-10-30 00:00:00,0,32,1
2024-10-30 01:00:00,0,20,1
2024-10-30 02:00:00,0,7,1
2024-10-30 03:00:00,0,9,0
2024-10-30 04:00:00,0,24,0
2024-10-30 05:00:00,0,40,2
2024-10-30 06:00:00,1,99,7
2024-10-30 07:00:00,1,244,28
2024-10-30 08:00:00,2,328,29
2024-10-30 09:00:00,4,339,13
2024-10-30 10:00:00,6,393,15
2024-10-30 11:00:00,1,393,8
2024-10-30 12:00:00,2,384,27
2024-10-30 13:00:00,2,424,16
2024-10-30 14:00:00,4,462,14
2024-10-30 15:00:00,0,488,20
2024-10-30 16:00:00,2,528,25
2024-10-30 17:00:00,1,604,30
2024-10-30 18:00:00,2,428,19
2024-10-30 19:00:00,2,310,14
2024-10-30 20:00:00,0,199,9
2024-10-30 21:00:00,0,157,10
2024-10-30 22:00:00,0,143,7
2024-10-30 23:00:00,0,81,6
2024-10-31 00:00:00,0,46,1
2024-10-31 01:00:00,0,29,0
2024-10-31 02:00:00,0,12,1
2024-10-31 03:00:00,0,11,0
2024-10-31 04:00:00,0,18,0
2024-10-31 05:00:00,0,39,1
2024-10-31 06:00:00,1,111,4
2024-10-31 07:00:00,4,241,25
2024-10-31 08:00:00,4,342,29
2024-10-31 09:00:00,1,378,15
2024-10-31 10:00:00,2,423,15
2024-10-31 11:00:00,1,437,23
2024-10-31 12:00:00,0,431,17
2024-10-31 13:00:00,1,430,16
2024-10-31 14:00:00,2,468,19
2024-10-31 15:00:00,0,504,14
2024-10-31 16:00:00,2,570,28
2024-10-31 17:00:00,1,597,32
2024-10-31 18:00:00,3,423,31
2024-10-31 19:00:00,1,379,13
2024-10-31 20:00:00,0,239,11
2024-10-31 21:00:00,0,178,5
2024-10-31 22:00:00,0,195,10
2024-10-31 23:00:00,1,117,2
2024-11-01 00:00:00,0,58,2
2024-11-01 01:00:00,0,51,0
2024-11-01 02:00:00,0,33,1
2024-11-01 03:00:00,0,30,1
2024-11-01 04:00:00,0,36,0
2024-11-01 05:00:00,0,44,2
2024-11-01 06:00:00,0,98,3
2024-11-01 07:00:00,4,220,22
2024-11-01 08:00:00,2,296,18
2024-11-01 09:00:00,2,393,12
2024-11-01 10:00:00,1,431,20
2024-11-01 11:00:00,1,408,14
2024-11-01 12:00:00,0,468,7
2024-11-01 13:00:00,4,470,19
2024-11-01 14:00:00,1,465,14
2024-11-01 15:00:00,0,514,22
2024-11-01 16:00:00,1,518,15
2024-11-01 17:00:00,1,517,22
2024-11-01 18:00:00,1,419,12
2024-11-01 19:00:00,1,332,15
2024-11-01 20:00:00,0,226,4
2024-11-01 21:00:00,0,170,7
2024-11-01 22:00:00,0,168,4
2024-11-01 23:00:00,1,92,6
2024-11-02 00:00:00,0,62,1
2024-11-02 01:00:00,0,43,0
2024-11-02 02:00:00,0,31,0
2024-11-02 03:00:00,0,31,0
2024-11-02 04:00:00,0,27,0
2024-11-02 05:00:00,0,29,0
2024-11-02 06:00:00,0,48,3
2024-11-02 07:00:00,0,124,3
2024-11-02 08:00:00,3,245,14
2024-11-02 09:00:00,3,309,13
2024-11-02 10:00:00,0,410,17
2024-11-02 11:00:00,0,471,22
2024-11-02 12:00:00,0,542,18
2024-11-02 13:00:00,0,510,16
2024-11-02 14:00:00,3,538,11
2024-11-02 15:00:00,1,476,12
2024-11-02 16:00:00,2,511,12
2024-11-02 17:00:00,4,493,16
2024-11-02 18:00:00,4,413,17
2024-11-02 19:00:00,0,360,7
2024-11-02 20:00:00,1,237,11
2024-11-02 21:00:00,3,133,6
2024-11-02 22:00:00,0,136,1
2024-11-02 23:00:00,1,123,5
2024-11-03 00:00:00,0,78,0
2024-11-03 01:00:00,0,53,1
2024-11-03 02:00:00,0,41,0
2024-11-03 03:00:00,0,37,2
2024-11-03 04:00:00,0,30,0
2024-11-03 05:00:00,0,36,2
2024-11-03 06:00:00,0,44,4
2024-11-03 07:00:00,1,62,2
2024-11-03 08:00:00,0,87,9
2024-11-03 09:00:00,1,238,4
2024-11-03 10:00:00,2,409,17
2024-11-03 11:00:00,1,473,11
2024-11-03 12:00:00,3,496,21
2024-11-03 13:00:00,4,487,14
2024-11-03 14:00:00,2,457,16
2024-11-03 15:00:00,1,502,21
2024-11-03 16:00:00,1,352,8
2024-11-03 17:00:00,1,307,3
2024-11-03 18:00:00,0,254,6
2024-11-03 19:00:00,0,187,7
2024-11-03 20:00:00,0,175,8
2024-11-03 21:00:00,0,115,1
2024-11-03 22:00:00,0,77,8
2024-11-03 23:00:00,1,50,1
2024-11-04 00:00:00,0,24,0
2024-11-04 01:00:00,0,9,0
2024-11-04 02:00:00,0,13,0
2024-11-04 03:00:00,0,8,0
2024-11-04 04:00:00,0,11,0
2024-11-04 05:00:00,0,49,1
2024-11-04 06:00:00,0,101,11
2024-11-04 07:00:00,3,264,20
2024-11-04 08:00:00,5,406,30
2024-11-04 09:00:00,1,343,14
2024-11-04 10:00:00,1,343,20
2024-11-04 11:00:00,2,408,8
2024-11-04 12:00:00,1,403,14
2024-11-04 13:00:00,1,407,16
2024-11-04 14:00:00,2,423,11
2024-11-04 15:00:00,2,480,11
2024-11-04 16:00:00,2,490,20
2024-11-04 17:00:00,0,540,37
2024-11-04 18:00:00,0,398,23
2024-11-04 19:00:00,0,349,12
2024-11-04 20:00:00,0,239,8
2024-11-04 21:00:00,0,145,4
2024-11-04 22:00:00,0,130,1
2024-11-04 23:00:00,2,59,1
2024-11-05 00:00:00,0,35,0
2024-11-05 01:00:00,0,13,0
2024-11-05 02:00:00,0,10,0
2024-11-05 03:00:00,0,8,1
2024-11-05 04:00:00,0,16,0
2024-11-05 05:00:00,0,53,0
2024-11-05 06:00:00,0,104,7
2024-11-05 07:00:00,3,272,24
2024-11-05 08:00:00,6,431,30
2024-11-05 09:00:00,1,367,13
2024-11-05 10:00:00,2,358,14
2024-11-05 11:00:00,0,399,14
2024-11-05 12:00:00,0,418,16
2024-11-05 13:00:00,9,338,20
2024-11-05 14:00:00,1,410,19
2024-11-05 15:00:00,6,464,19
2024-11-05 16:00:00,1,525,29
2024-11-05 17:00:00,0,602,36
2024-11-05 18:00:00,0,499,40
2024-11-05 19:00:00,1,383,19
2024-11-05 20:00:00,0,248,8
2024-11-05 21:00:00,1,187,1
2024-11-05 22:00:00,0,173,2
2024-11-05 23:00:00,0,66,0
2024-11-06 00:00:00,0,47,1
2024-11-06 01:00:00,0,22,1
2024-11-06 02:00:00,1,11,1
2024-11-06 03:00:00,0,9,0
2024-11-06 04:00:00,0,23,0
2024-11-06 05:00:00,1,45,2
2024-11-06 06:00:00,0,120,9
2024-11-06 07:00:00,0,272,21
2024-11-06 08:00:00,2,469,41
2024-11-06 09:00:00,2,363,8
2024-11-06 10:00:00,1,341,14
2024-11-06 11:00:00,1,373,10
2024-11-06 12:00:00,2,413,13
2024-11-06 13:00:00,0,382,19
2024-11-06 14:00:00,3,395,18
2024-11-06 15:00:00,4,508,22
2024-11-06 16:00:00,1,539,17
2024-11-06 17:00:00,1,587,42
2024-11-06 18:00:00,1,459,22
2024-11-06 19:00:00,1,358,26
2024-11-06 20:00:00,0,242,18
2024-11-06 21:00:00,0,166,9
2024-11-06 22:00:00,2,133,6
2024-11-06 23:00:00,0,67,5
2024-11-07 00:00:00,0,40,1
2024-11-07 01:00:00,0,23,0
2024-11-07 02:00:00,0,17,1
2024-11-07 03:00:00,0,16,0
2024-11-07 04:00:00,0,18,0
2024-11-07 05:00:00,0,55,3
2024-11-07 06:00:00,0,96,13
2024-11-07 07:00:00,0,300,31
2024-11-07 08:00:00,2,462,22
2024-11-07 09:00:00,2,384,14
2024-11-07 10:00:00,1,362,13
2024-11-07 11:00:00,3,358,16
2024-11-07 12:00:00,0,409,17
2024-11-07 13:00:00,2,400,11
2024-11-07 14:00:00,3,407,15
2024-11-07 15:00:00,1,514,14
2024-11-07 16:00:00,3,548,32
2024-11-07 17:00:00,1,606,27
2024-11-07 18:00:00,0,474,35
2024-11-07 19:00:00,1,411,13
2024-11-07 20:00:00,1,233,15
2024-11-07 21:00:00,0,178,8
2024-11-07 22:00:00,0,152,12
2024-11-07 23:00:00,1,77,5
2024-11-08 00:00:00,0,36,0
2024-11-08 01:00:00,0,29,0
2024-11-08 02:00:00,1,10,1
2024-11-08 03:00:00,0,18,0
2024-11-08 04:00:00,0,23,1
2024-11-08 05:00:00,0,43,1
2024-11-08 06:00:00,0,96,5
2024-11-08 07:00:00,0,266,19
2024-11-08 08:00:00,1,418,15
2024-11-08 09:00:00,1,419,18
2024-11-08 10:00:00,3,395,14
2024-11-08 11:00:00,1,413,11
2024-11-08 12:00:00,2,443,13
2024-11-08 13:00:00,0,444,15
2024-11-08 14:00:00,0,484,19
2024-11-08 15:00:00,2,547,22
2024-11-08 16:00:00,4,515,21
2024-11-08 17:00:00,2,563,35
2024-11-08 18:00:00,1,408,28
2024-11-08 19:00:00,0,319,19
2024-11-08 20:00:00,0,198,11
2024-11-08 21:00:00,0,148,6
2024-11-08 22:00:00,0,156,8
2024-11-08 23:00:00,1,120,5
2024-11-09 00:00:00,0,67,1
2024-11-09 01:00:00,0,44,0
2024-11-09 02:00:00,1,33,0
2024-11-09 03:00:00,0,25,0
2024-11-09 04:00:00,0,25,2
2024-11-09 05:00:00,0,25,0
2024-11-09 06:00:00,0,60,2
2024-11-09 07:00:00,2,115,6
2024-11-09 08:00:00,0,299,10
2024-11-09 09:00:00,2,416,26
2024-11-09 10:00:00,1,495,12
2024-11-09 11:00:00,3,504,15
2024-11-09 12:00:00,1,543,13
2024-11-09 13:00:00,1,500,15
2024-11-09 14:00:00,2,523,18
2024-11-09 15:00:00,2,465,19
2024-11-09 16:00:00,0,519,13
2024-11-09 17:00:00,1,497,12
2024-11-09 18:00:00,0,350,8
2024-11-09 19:00:00,0,302,10
2024-11-09 20:00:00,0,180,2
2024-11-09 21:00:00,0,146,4
2024-11-09 22:00:00,0,124,3
2024-11-09 23:00:00,0,106,3
2024-11-10 00:00:00,0,60,1
2024-11-10 01:00:00,0,49,1
2024-11-10 02:00:00,0,33,0
2024-11-10 03:00:00,0,26,0
2024-11-10 04:00:00,0,23,0
2024-11-10 05:00:00,0,28,3
2024-11-10 06:00:00,0,40,4
2024-11-10 07:00:00,1,90,6
2024-11-10 08:00:00,0,109,9
2024-11-10 09:00:00,1,245,13
2024-11-10 10:00:00,0,422,19
2024-11-10 11:00:00,2,438,16
2024-11-10 12:00:00,0,535,20
2024-11-10 13:00:00,0,477,13
2024-11-10 14:00:00,1,483,19
2024-11-10 15:00:00,2,501,16
2024-11-10 16:00:00,2,414,9
2024-11-10 17:00:00,0,327,10
2024-11-10 18:00:00,0,256,10
2024-11-10 19:00:00,0,187,4
2024-11-10 20:00:00,1,169,5
2024-11-10 21:00:00,1,125,1
2024-11-10 22:00:00,0,74,3
2024-11-10 23:00:00,0,44,3
2024-11-11 00:00:00,0,35,0
2024-11-11 01:00:00,0,20,0
2024-11-11 02:00:00,0,13,0
2024-11-11 03:00:00,0,9,0
2024-11-11 04:00:00,0,10,0
2024-11-11 05:00:00,1,52,2
2024-11-11 06:00:00,0,102,13
2024-11-11 07:00:00,2,284,31
2024-11-11 08:00:00,2,448,25
2024-11-11 09:00:00,2,354,18
2024-11-11 10:00:00,0,326,10
2024-11-11 11:00:00,1,346,10
2024-11-11 12:00:00,0,397,10
2024-11-11 13:00:00,1,378,19
2024-11-11 14:00:00,1,397,13
2024-11-11 15:00:00,3,464,15
2024-11-11 16:00:00,1,527,25
2024-11-11 17:00:00,0,573,43
2024-11-11 18:00:00,1,419,22
2024-11-11 19:00:00,0,354,18
2024-11-11 20:00:00,0,218,10
2024-11-11 21:00:00,1,164,9
2024-11-11 22:00:00,0,99,3
2024-11-11 23:00:00,1,50,5
2024-11-12 00:00:00,0,28,0
2024-11-12 01:00:00,0,17,0
2024-11-12 02:00:00,0,11,0
2024-11-12 03:00:00,0,10,0
2024-11-12 04:00:00,0,19,0
2024-11-12 05:00:00,0,55,1
2024-11-12 06:00:00,0,107,11
2024-11-12 07:00:00,2,292,22
2024-11-12 08:00:00,7,444,35
2024-11-12 09:00:00,4,368,18
2024-11-12 10:00:00,1,371,9
2024-11-12 11:00:00,0,369,6
2024-11-12 12:00:00,0,381,15
2024-11-12 13:00:00,0,401,16
2024-11-12 14:00:00,1,407,12
2024-11-12 15:00:00,3,455,17
2024-11-12 16:00:00,2,552,24
2024-11-12 17:00:00,1,596,30
2024-11-12 18:00:00,2,491,38
2024-11-12 19:00:00,1,395,22
2024-11-12 20:00:00,1,223,15
2024-11-12 21:00:00,0,199,2
2024-11-12 22:00:00,0,126,3
2024-11-12 23:00:00,1,62,0
2024-11-13 00:00:00,0,29,0
2024-11-13 01:00:00,0,17,0
2024-11-13 02:00:00,0,7,0
2024-11-13 03:00:00,1,15,1
2024-11-13 04:00:00,0,16,0
2024-11-13 05:00:00,0,50,3
2024-11-13 06:00:00,0,96,6
2024-11-13 07:00:00,2,300,29
2024-11-13 08:00:00,2,476,45
2024-11-13 09:00:00,4,406,19
2024-11-13 10:00:00,2,346,24
2024-11-13 11:00:00,2,366,21
2024-11-13 12:00:00,0,379,18
2024-11-13 13:00:00,4,381,17
2024-11-13 14:00:00,2,417,29
2024-11-13 15:00:00,5,488,26
2024-11-13 16:00:00,1,509,25
2024-11-13 17:00:00,1,594,41
2024-11-13 18:00:00,2,515,35
2024-11-13 19:00:00,1,381,25
2024-11-13 20:00:00,0,259,19
2024-11-13 21:00:00,0,166,4
2024-11-13 22:00:00,0,132,10
2024-11-13 23:00:00,0,58,8
2024-11-14 00:00:00,0,35,1
2024-11-14 01:00:00,0,20,0
2024-11-14 02:00:00,1,7,0
2024-11-14 03:00:00,0,14,0
2024-11-14 04:00:00,0,21,0
2024-11-14 05:00:00,0,46,5
2024-11-14 06:00:00,0,114,11
2024-11-14 07:00:00,2,287,19
2024-11-14 08:00:00,3,459,45
2024-11-14 09:00:00,3,412,12
2024-11-14 10:00:00,1,375,12
2024-11-14 11:00:00,1,378,17
2024-11-14 12:00:00,2,383,13
2024-11-14 13:00:00,4,392,11
2024-11-14 14:00:00,2,383,25
2024-11-14 15:00:00,0,503,25
2024-11-14 16:00:00,1,550,29
2024-11-14 17:00:00,1,611,25
2024-11-14 18:00:00,0,482,25
2024-11-14 19:00:00,3,383,20
2024-11-14 20:00:00,0,253,15
2024-11-14 21:00:00,2,203,8
2024-11-14 22:00:00,0,147,6
2024-11-14 23:00:00,1,67,6
2024-11-15 00:00:00,0,45,1
2024-11-15 01:00:00,0,23,0
2024-11-15 02:00:00,0,9,0
2024-11-15 03:00:00,0,15,0
2024-11-15 04:00:00,0,19,1
2024-11-15 05:00:00,0,45,3
2024-11-15 06:00:00,1,92,5
2024-11-15 07:00:00,3,245,19
2024-11-15 08:00:00,5,438,29
2024-11-15 09:00:00,4,410,17
2024-11-15 10:00:00,2,396,9
2024-11-15 11:00:00,0,415,8
2024-11-15 12:00:00,2,492,12
2024-11-15 13:00:00,3,459,18
2024-11-15 14:00:00,4,473,23
2024-11-15 15:00:00,6,497,25
2024-11-15 16:00:00,3,558,26
2024-11-15 17:00:00,1,548,33
2024-11-15 18:00:00,0,434,28
2024-11-15 19:00:00,0,372,17
2024-11-15 20:00:00,0,233,9
2024-11-15 21:00:00,0,161,5
2024-11-15 22:00:00,2,169,6
2024-11-15 23:00:00,0,96,7
2024-11-16 00:00:00,1,78,4
2024-11-16 01:00:00,0,40,1
2024-11-16 02:00:00,0,21,1
2024-11-16 03:00:00,0,20,0
2024-11-16 04:00:00,0,19,0
2024-11-16 05:00:00,0,32,2
2024-11-16 06:00:00,0,50,1
2024-11-16 07:00:00,3,142,5
2024-11-16 08:00:00,3,282,7
2024-11-16 09:00:00,1,408,9
2024-11-16 10:00:00,1,510,8
2024-11-16 11:00:00,3,549,17
2024-11-16 12:00:00,0,533,27
2024-11-16 13:00:00,2,566,21
2024-11-16 14:00:00,0,467,18
2024-11-16 15:00:00,2,466,17
2024-11-16 16:00:00,5,483,23
2024-11-16 17:00:00,0,478,7
2024-11-16 18:00:00,1,357,9
2024-11-16 19:00:00,0,281,9
2024-11-16 20:00:00,1,181,6
2024-11-16 21:00:00,0,141,5
2024-11-16 22:00:00,1,155,4
2024-11-16 23:00:00,1,100,5
2024-11-17 00:00:00,0,75,1
2024-11-17 01:00:00,0,50,1
2024-11-17 02:00:00,0,28,0
2024-11-17 03:00:00,0,31,0
2024-11-17 04:00:00,0,13,0
2024-11-17 05:00:00,0,31,2
2024-11-17 06:00:00,0,41,4
2024-11-17 07:00:00,0,80,10
2024-11-17 08:00:00,0,93,9
2024-11-17 09:00:00,1,230,8
2024-11-17 10:00:00,2,436,12
2024-11-17 11:00:00,1,475,19
2024-11-17 12:00:00,1,491,18
2024-11-17 13:00:00,1,533,21
2024-11-17 14:00:00,1,519,14
2024-11-17 15:00:00,0,478,7
2024-11-17 16:00:00,2,341,13
2024-11-17 17:00:00,1,344,13
2024-11-17 18:00:00,0,247,9
2024-11-17 19:00:00,0,194,11
2024-11-17 20:00:00,0,133,4
2024-11-17 21:00:00,1,108,4
2024-11-17 22:00:00,0,80,2
2024-11-17 23:00:00,0,42,2
2024-11-18 00:00:00,0,26,0
2024-11-18 01:00:00,0,12,0
2024-11-18 02:00:00,0,8,0
2024-11-18 03:00:00,0,5,0
2024-11-18 04:00:00,0,13,0
2024-11-18 05:00:00,0,42,3
2024-11-18 06:00:00,0,91,7
2024-11-18 07:00:00,1,299,21
2024-11-18 08:00:00,6,420,28
2024-11-18 09:00:00,3,371,15
2024-11-18 10:00:00,0,356,8
2024-11-18 11:00:00,1,370,15
2024-11-18 12:00:00,1,409,13
2024-11-18 13:00:00,0,399,4
2024-11-18 14:00:00,1,364,10
2024-11-18 15:00:00,2,481,13
2024-11-18 16:00:00,1,525,20
2024-11-18 17:00:00,1,568,35
2024-11-18 18:00:00,1,450,25
2024-11-18 19:00:00,4,374,11
2024-11-18 20:00:00,0,217,7
2024-11-18 21:00:00,0,148,7
2024-11-18 22:00:00,0,108,3
2024-11-18 23:00:00,0,61,1
2024-11-19 00:00:00,0,26,0
2024-11-19 01:00:00,0,16,0
2024-11-19 02:00:00,0,13,0
2024-11-19 03:00:00,0,5,1
2024-11-19 04:00:00,0,12,0
2024-11-19 05:00:00,0,44,3
2024-11-19 06:00:00,1,106,7
2024-11-19 07:00:00,0,315,13
2024-11-19 08:00:00,6,449,29
2024-11-19 09:00:00,4,385,5
2024-11-19 10:00:00,2,349,8
2024-11-19 11:00:00,0,363,4
2024-11-19 12:00:00,1,383,7
2024-11-19 13:00:00,3,377,7
2024-11-19 14:00:00,2,386,7
2024-11-19 15:00:00,1,439,6
2024-11-19 16:00:00,1,540,15
2024-11-19 17:00:00,1,574,24
2024-11-19 18:00:00,1,466,24
2024-11-19 19:00:00,0,357,13
2024-11-19 20:00:00,0,255,7
2024-11-19 21:00:00,0,185,2
2024-11-19 22:00:00,0,147,3
2024-11-19 23:00:00,0,55,6
2024-11-20 00:00:00,0,37,1
2024-11-20 01:00:00,0,15,1
2024-11-20 02:00:00,0,13,0
2024-11-20 03:00:00,0,12,0
2024-11-20 04:00:00,0,16,1
2024-11-20 05:00:00,0,43,1
2024-11-20 06:00:00,1,121,8
2024-11-20 07:00:00,0,302,16
2024-11-20 08:00:00,2,487,36
2024-11-20 09:00:00,1,405,13
2024-11-20 10:00:00,1,354,14
2024-11-20 11:00:00,1,402,10
2024-11-20 12:00:00,0,477,21
2024-11-20 13:00:00,1,411,18
2024-11-20 14:00:00,4,485,11
2024-11-20 15:00:00,3,494,16
2024-11-20 16:00:00,0,564,21
2024-11-20 17:00:00,2,586,27
2024-11-20 18:00:00,2,517,19
2024-11-20 19:00:00,3,400,20
2024-11-20 20:00:00,0,294,6
2024-11-20 21:00:00,0,192,7
2024-11-20 22:00:00,0,154,3
2024-11-20 23:00:00,0,68,7
2024-11-21 00:00:00,0,38,1
2024-11-21 01:00:00,0,27,0
2024-11-21 02:00:00,0,6,1
2024-11-21 03:00:00,0,15,0
2024-11-21 04:00:00,0,18,0
2024-11-21 05:00:00,0,53,1
2024-11-21 06:00:00,0,111,9
2024-11-21 07:00:00,1,294,23
2024-11-21 08:00:00,6,452,27
2024-11-21 09:00:00,2,438,15
2024-11-21 10:00:00,4,353,12
2024-11-21 11:00:00,1,447,11
2024-11-21 12:00:00,0,458,15
2024-11-21 13:00:00,0,422,10
2024-11-21 14:00:00,2,404,11
2024-11-21 15:00:00,4,508,18
2024-11-21 16:00:00,1,550,18
2024-11-21 17:00:00,1,583,19
2024-11-21 18:00:00,0,475,17
2024-11-21 19:00:00,3,392,9
2024-11-21 20:00:00,0,231,11
2024-11-21 21:00:00,0,173,5
2024-11-21 22:00:00,0,152,3
2024-11-21 23:00:00,0,103,2
2024-11-22 00:00:00,0,38,2
2024-11-22 01:00:00,0,30,2
2024-11-22 02:00:00,0,15,0
2024-11-22 03:00:00,0,19,0
2024-11-22 04:00:00,0,15,2
2024-11-22 05:00:00,0,39,0
2024-11-22 06:00:00,2,109,10
2024-11-22 07:00:00,1,288,22
2024-11-22 08:00:00,3,445,20
2024-11-22 09:00:00,2,398,10
2024-11-22 10:00:00,4,389,14
2024-11-22 11:00:00,2,479,13
2024-11-22 12:00:00,1,503,10
2024-11-22 13:00:00,2,476,22
2024-11-22 14:00:00,4,504,19
2024-11-22 15:00:00,1,542,7
2024-11-22 16:00:00,2,571,15
2024-11-22 17:00:00,1,584,12
2024-11-22 18:00:00,1,433,25
2024-11-22 19:00:00,0,360,12
2024-11-22 20:00:00,0,252,3
2024-11-22 21:00:00,2,133,8
2024-11-22 22:00:00,0,182,7
2024-11-22 23:00:00,0,108,2
2024-11-23 00:00:00,0,76,1
2024-11-23 01:00:00,0,38,4
2024-11-23 02:00:00,0,27,0
2024-11-23 03:00:00,0,16,1
2024-11-23 04:00:00,0,28,2
2024-11-23 05:00:00,0,22,0
2024-11-23 06:00:00,0,60,2
2024-11-23 07:00:00,0,145,2
2024-11-23 08:00:00,0,267,4
2024-11-23 09:00:00,2,417,9
2024-11-23 10:00:00,1,522,9
2024-11-23 11:00:00,3,534,12
2024-11-23 12:00:00,3,581,6
2024-11-23 13:00:00,0,590,7
2024-11-23 14:00:00,0,525,7
2024-11-23 15:00:00,0,511,3
2024-11-23 16:00:00,0,512,11
2024-11-23 17:00:00,0,439,9
2024-11-23 18:00:00,2,395,9
2024-11-23 19:00:00,0,339,3
2024-11-23 20:00:00,0,200,5
2024-11-23 21:00:00,0,144,4
2024-11-23 22:00:00,0,157,5
2024-11-23 23:00:00,0,107,4
2024-11-24 00:00:00,0,68,1
2024-11-24 01:00:00,0,48,0
2024-11-24 02:00:00,0,43,0
2024-11-24 03:00:00,0,31,1
2024-11-24 04:00:00,0,25,1
2024-11-24 05:00:00,0,34,0
2024-11-24 06:00:00,0,53,1
2024-11-24 07:00:00,0,71,2
2024-11-24 08:00:00,0,98,2
2024-11-24 09:00:00,1,230,4
2024-11-24 10:00:00,2,424,1
2024-11-24 11:00:00,1,479,2
2024-11-24 12:00:00,1,525,1
2024-11-24 13:00:00,0,532,4
2024-11-24 14:00:00,1,493,5
2024-11-24 15:00:00,0,437,6
2024-11-24 16:00:00,1,403,8
2024-11-24 17:00:00,0,302,5
2024-11-24 18:00:00,0,276,3
2024-11-24 19:00:00,0,227,5
2024-11-24 20:00:00,0,193,5
2024-11-24 21:00:00,0,129,1
2024-11-24 22:00:00,0,103,1
2024-11-24 23:00:00,0,48,0
2024-11-25 00:00:00,0,39,1
2024-11-25 01:00:00,0,12,0
2024-11-25 02:00:00,0,7,0
2024-11-25 03:00:00,0,11,0
2024-11-25 04:00:00,0,22,0
2024-11-25 05:00:00,0,46,1
2024-11-25 06:00:00,0,117,9
2024-11-25 07:00:00,3,272,18
2024-11-25 08:00:00,1,482,24
2024-11-25 09:00:00,1,396,12
2024-11-25 10:00:00,4,340,13
2024-11-25 11:00:00,1,362,12
2024-11-25 12:00:00,0,448,9
2024-11-25 13:00:00,1,429,7
2024-11-25 14:00:00,3,421,12
2024-11-25 15:00:00,0,490,12
2024-11-25 16:00:00,2,526,25
2024-11-25 17:00:00,0,575,22
2024-11-25 18:00:00,0,459,24
2024-11-25 19:00:00,0,356,22
2024-11-25 20:00:00,1,261,7
2024-11-25 21:00:00,0,161,8
2024-11-25 22:00:00,0,136,2
2024-11-25 23:00:00,0,62,2
2024-11-26 00:00:00,0,54,0
2024-11-26 01:00:00,0,16,0
2024-11-26 02:00:00,0,14,0
2024-11-26 03:00:00,0,6,1
2024-11-26 04:00:00,0,13,0
2024-11-26 05:00:00,0,54,4
2024-11-26 06:00:00,0,114,9
2024-11-26 07:00:00,1,330,22
2024-11-26 08:00:00,3,485,35
2024-11-26 09:00:00,3,391,20
2024-11-26 10:00:00,2,341,13
2024-11-26 11:00:00,1,329,10
2024-11-26 12:00:00,1,418,16
2024-11-26 13:00:00,2,417,16
2024-11-26 14:00:00,2,433,17
2024-11-26 15:00:00,6,503,13
2024-11-26 16:00:00,2,579,23
2024-11-26 17:00:00,0,605,27
2024-11-26 18:00:00,0,535,32
2024-11-26 19:00:00,0,363,25
2024-11-26 20:00:00,0,244,6
2024-11-26 21:00:00,2,200,6
2024-11-26 22:00:00,0,155,4
2024-11-26 23:00:00,0,80,3
2024-11-27 00:00:00,0,47,1
2024-11-27 01:00:00,0,17,0
2024-11-27 02:00:00,0,15,0
2024-11-27 03:00:00,0,11,1
2024-11-27 04:00:00,0,19,0
2024-11-27 05:00:00,0,50,4
2024-11-27 06:00:00,0,103,12
2024-11-27 07:00:00,0,300,23
2024-11-27 08:00:00,1,508,41
2024-11-27 09:00:00,2,404,9
2024-11-27 10:00:00,0,382,13
2024-11-27 11:00:00,0,367,12
2024-11-27 12:00:00,3,424,16
2024-11-27 13:00:00,0,448,13
2024-11-27 14:00:00,0,423,14
2024-11-27 15:00:00,1,513,13
2024-11-27 16:00:00,1,565,21
2024-11-27 17:00:00,2,611,24
2024-11-27 18:00:00,3,480,20
2024-11-27 19:00:00,0,418,14
2024-11-27 20:00:00,1,290,21
2024-11-27 21:00:00,0,184,6
2024-11-27 22:00:00,1,176,4
2024-11-27 23:00:00,0,70,2
2024-11-28 00:00:00,0,45,0
2024-11-28 01:00:00,0,20,1
2024-11-28 02:00:00,0,20,1
2024-11-28 03:00:00,0,13,0
2024-11-28 04:00:00,0,20,0
2024-11-28 05:00:00,0,45,1
2024-11-28 06:00:00,0,106,8
2024-11-28 07:00:00,1,287,18
2024-11-28 08:00:00,5,465,23
2024-11-28 09:00:00,2,395,20
2024-11-28 10:00:00,1,371,9
2024-11-28 11:00:00,0,383,9
2024-11-28 12:00:00,2,448,10
2024-11-28 13:00:00,2,459,9
2024-11-28 14:00:00,6,451,17
2024-11-28 15:00:00,0,552,14
2024-11-28 16:00:00,2,534,18
2024-11-28 17:00:00,0,617,32
2024-11-28 18:00:00,2,511,23
2024-11-28 19:00:00,1,447,8
2024-11-28 20:00:00,0,241,12
2024-11-28 21:00:00,0,201,8
2024-11-28 22:00:00,0,184,6
2024-11-28 23:00:00,0,75,2
2024-11-29 00:00:00,0,59,1
2024-11-29 01:00:00,0,25,1
2024-11-29 02:00:00,0,17,0
2024-11-29 03:00:00,0,19,0
2024-11-29 04:00:00,0,23,2
2024-11-29 05:00:00,0,55,1
2024-11-29 06:00:00,0,113,7
2024-11-29 07:00:00,2,268,22
2024-11-29 08:00:00,6,499,27
2024-11-29 09:00:00,2,413,14
2024-11-29 10:00:00,2,439,13
2024-11-29 11:00:00,5,417,11
2024-11-29 12:00:00,2,486,13
2024-11-29 13:00:00,2,470,9
2024-11-29 14:00:00,1,474,23
2024-11-29 15:00:00,4,564,19
2024-11-29 16:00:00,3,594,20
2024-11-29 17:00:00,0,596,18
2024-11-29 18:00:00,0,482,27
2024-11-29 19:00:00,0,414,9
2024-11-29 20:00:00,0,227,8
2024-11-29 21:00:00,0,186,2
2024-11-29 22:00:00,2,197,4
2024-11-29 23:00:00,0,107,4
2024-11-30 00:00:00,0,86,3
2024-11-30 01:00:00,0,45,0
2024-11-30 02:00:00,0,36,0
2024-11-30 03:00:00,0,23,0
2024-11-30 04:00:00,0,23,0
2024-11-30 05:00:00,0,33,0
2024-11-30 06:00:00,0,61,3
2024-11-30 07:00:00,2,139,5
2024-11-30 08:00:00,5,285,11
2024-11-30 09:00:00,2,440,9
2024-11-30 10:00:00,2,500,13
2024-11-30 11:00:00,4,537,11
2024-11-30 12:00:00,3,561,17
2024-11-30 13:00:00,2,511,17
2024-11-30 14:00:00,1,521,11
2024-11-30 15:00:00,0,494,6
2024-11-30 16:00:00,0,499,10
2024-11-30 17:00:00,1,480,11
2024-11-30 18:00:00,0,380,10
2024-11-30 19:00:00,1,342,9
2024-11-30 20:00:00,0,204,7
2024-11-30 21:00:00,1,157,6
2024-11-30 22:00:00,1,153,5
2024-11-30 23:00:00,0,119,1
2024-12-01 00:00:00,0,77,0
2024-12-01 01:00:00,2,71,2
2024-12-01 02:00:00,0,38,1
2024-12-01 03:00:00,0,32,0
2024-12-01 04:00:00,0,31,0
2024-12-01 05:00:00,0,28,2
2024-12-01 06:00:00,0,50,2
2024-12-01 07:00:00,0,88,3
2024-12-01 08:00:00,1,110,7
2024-12-01 09:00:00,2,258,8
2024-12-01 10:00:00,3,453,25
2024-12-01 11:00:00,0,482,7
2024-12-01 12:00:00,2,543,14
2024-12-01 13:00:00,3,555,18
2024-12-01 14:00:00,1,505,10
2024-12-01 15:00:00,1,516,14
2024-12-01 16:00:00,1,408,7
2024-12-01 17:00:00,1,309,4
2024-12-01 18:00:00,0,268,4
2024-12-01 19:00:00,0,201,9
2024-12-01 20:00:00,0,171,4
2024-12-01 21:00:00,1,137,1
2024-12-01 22:00:00,0,91,2
2024-12-01 23:00:00,2,37,0
2024-12-02 00:00:00,0,25,0
2024-12-02 01:00:00,1,15,1
2024-12-02 02:00:00,0,13,0
2024-12-02 03:00:00,0,14,0
2024-12-02 04:00:00,0,15,0
2024-12-02 05:00:00,0,53,2
2024-12-02 06:00:00,0,99,9
2024-12-02 07:00:00,3,289,27
2024-12-02 08:00:00,6,471,27
2024-12-02 09:00:00,3,364,18
2024-12-02 10:00:00,2,374,9
2024-12-02 11:00:00,1,378,19
2024-12-02 12:00:00,1,434,11
2024-12-02 13:00:00,1,388,11
2024-12-02 14:00:00,0,411,14
2024-12-02 15:00:00,0,516,16
2024-12-02 16:00:00,1,549,20
2024-12-02 17:00:00,1,586,27
2024-12-02 18:00:00,1,465,33
2024-12-02 19:00:00,0,384,24
2024-12-02 20:00:00,0,238,7
2024-12-02 21:00:00,1,178,6
2024-12-02 22:00:00,0,152,6
2024-12-02 23:00:00,0,57,2
2024-12-03 00:00:00,0,33,0
2024-12-03 01:00:00,0,14,0
2024-12-03 02:00:00,0,16,0
2024-12-03 03:00:00,0,10,0
2024-12-03 04:00:00,0,17,0
2024-12-03 05:00:00,0,49,3
2024-12-03 06:00:00,0,116,9
2024-12-03 07:00:00,1,335,27
2024-12-03 08:00:00,6,445,36
2024-12-03 09:00:00,6,423,12
2024-12-03 10:00:00,0,380,16
2024-12-03 11:00:00,3,421,14
2024-12-03 12:00:00,3,388,16
2024-12-03 13:00:00,0,431,11
2024-12-03 14:00:00,3,436,10
2024-12-03 15:00:00,4,537,15
2024-12-03 16:00:00,0,542,28
2024-12-03 17:00:00,0,600,30
2024-12-03 18:00:00,1,496,29
2024-12-03 19:00:00,1,435,27
2024-12-03 20:00:00,1,235,13
2024-12-03 21:00:00,0,185,7
2024-12-03 22:00:00,3,175,5
2024-12-03 23:00:00,0,60,1
2024-12-04 00:00:00,0,37,0
2024-12-04 01:00:00,0,18,1
2024-12-04 02:00:00,0,22,0
2024-12-04 03:00:00,0,14,0
2024-12-04 04:00:00,0,16,1
2024-12-04 05:00:00,0,50,2
2024-12-04 06:00:00,0,126,10
2024-12-04 07:00:00,2,301,27
2024-12-04 08:00:00,5,477,41
2024-12-04 09:00:00,1,426,17
2024-12-04 10:00:00,2,330,15
2024-12-04 11:00:00,0,406,13
2024-12-04 12:00:00,1,460,10
2024-12-04 13:00:00,0,412,17
2024-12-04 14:00:00,1,470,18
2024-12-04 15:00:00,3,529,18
2024-12-04 16:00:00,5,544,23
2024-12-04 17:00:00,1,562,35
2024-12-04 18:00:00,1,481,20
2024-12-04 19:00:00,0,386,16
2024-12-04 20:00:00,3,242,7
2024-12-04 21:00:00,0,213,5
2024-12-04 22:00:00,1,157,6
2024-12-04 23:00:00,0,61,2
2024-12-05 00:00:00,0,42,0
2024-12-05 01:00:00,0,30,0
2024-12-05 02:00:00,0,18,1
2024-12-05 03:00:00,0,11,1
2024-12-05 04:00:00,0,11,3
2024-12-05 05:00:00,0,39,3
2024-12-05 06:00:00,1,119,7
2024-12-05 07:00:00,2,296,22
2024-12-05 08:00:00,2,464,30
2024-12-05 09:00:00,1,442,18
2024-12-05 10:00:00,0,379,10
2024-12-05 11:00:00,1,398,10
2024-12-05 12:00:00,0,440,17
2024-12-05 13:00:00,1,420,14
2024-12-05 14:00:00,1,432,11
2024-12-05 15:00:00,0,507,9
2024-12-05 16:00:00,1,538,13
2024-12-05 17:00:00,0,540,25
2024-12-05 18:00:00,0,520,22
2024-12-05 19:00:00,0,405,9
2024-12-05 20:00:00,0,251,8
2024-12-05 21:00:00,1,191,7
2024-12-05 22:00:00,2,164,3
2024-12-05 23:00:00,0,91,8
2024-12-06 00:00:00,2,55,1
2024-12-06 01:00:00,0,25,0
2024-12-06 02:00:00,0,14,2
2024-12-06 03:00:00,0,12,1
2024-12-06 04:00:00,0,15,1
2024-12-06 05:00:00,0,34,1
2024-12-06 06:00:00,1,116,5
2024-12-06 07:00:00,2,263,20
2024-12-06 08:00:00,3,497,21
2024-12-06 09:00:00,6,466,15
2024-12-06 10:00:00,1,410,9
2024-12-06 11:00:00,0,456,11
2024-12-06 12:00:00,4,485,16
2024-12-06 13:00:00,1,462,12
2024-12-06 14:00:00,3,485,12
2024-12-06 15:00:00,1,575,12
2024-12-06 16:00:00,1,544,20
2024-12-06 17:00:00,0,512,24
2024-12-06 18:00:00,0,476,17
2024-12-06 19:00:00,1,420,12
2024-12-06 20:00:00,0,250,5
2024-12-06 21:00:00,1,180,11
2024-12-06 22:00:00,0,214,7
2024-12-06 23:00:00,0,138,9
2024-12-07 00:00:00,1,71,3
2024-12-07 01:00:00,0,62,1
2024-12-07 02:00:00,0,34,1
2024-12-07 03:00:00,0,15,0
2024-12-07 04:00:00,0,17,1
2024-12-07 05:00:00,0,28,0
2024-12-07 06:00:00,0,57,1
2024-12-07 07:00:00,0,104,0
2024-12-07 08:00:00,0,169,1
2024-12-07 09:00:00,3,254,6
2024-12-07 10:00:00,0,359,0
2024-12-07 11:00:00,2,418,4
2024-12-07 12:00:00,1,494,3
2024-12-07 13:00:00,0,471,5
2024-12-07 14:00:00,0,512,6
2024-12-07 15:00:00,2,504,3
2024-12-07 16:00:00,0,459,7
2024-12-07 17:00:00,4,411,8
2024-12-07 18:00:00,1,335,3
2024-12-07 19:00:00,1,301,2
2024-12-07 20:00:00,0,159,1
2024-12-07 21:00:00,0,135,3
2024-12-07 22:00:00,1,159,3
2024-12-07 23:00:00,1,108,5
2024-12-08 00:00:00,0,89,0
2024-12-08 01:00:00,0,68,0
2024-12-08 02:00:00,0,47,0
2024-12-08 03:00:00,0,36,0
2024-12-08 04:00:00,0,20,0
2024-12-08 05:00:00,0,34,1
2024-12-08 06:00:00,0,48,2
2024-12-08 07:00:00,0,76,0
2024-12-08 08:00:00,0,99,2
2024-12-08 09:00:00,1,256,4
2024-12-08 10:00:00,0,450,9
2024-12-08 11:00:00,0,506,7
2024-12-08 12:00:00,3,568,7
2024-12-08 13:00:00,2,518,5
2024-12-08 14:00:00,4,500,14
2024-12-08 15:00:00,1,466,8
2024-12-08 16:00:00,0,346,6
2024-12-08 17:00:00,0,338,2
2024-12-08 18:00:00,0,268,5
2024-12-08 19:00:00,0,220,2
2024-12-08 20:00:00,0,174,2
2024-12-08 21:00:00,0,117,0
2024-12-08 22:00:00,0,85,4
2024-12-08 23:00:00,0,33,1
2024-12-09 00:00:00,0,38,1
2024-12-09 01:00:00,0,14,0
2024-12-09 02:00:00,0,10,0
2024-12-09 03:00:00,0,14,0
2024-12-09 04:00:00,0,20,0
2024-12-09 05:00:00,0,49,2
2024-12-09 06:00:00,1,95,10
2024-12-09 07:00:00,2,286,21
2024-12-09 08:00:00,3,475,24
2024-12-09 09:00:00,2,427,14
2024-12-09 10:00:00,3,388,12
2024-12-09 11:00:00,0,387,15
2024-12-09 12:00:00,2,474,10
2024-12-09 13:00:00,1,430,21
2024-12-09 14:00:00,0,414,8
2024-12-09 15:00:00,2,508,14
2024-12-09 16:00:00,1,529,17
2024-12-09 17:00:00,1,611,24
2024-12-09 18:00:00,1,463,16
2024-12-09 19:00:00,1,383,15
2024-12-09 20:00:00,0,222,9
2024-12-09 21:00:00,0,171,6
2024-12-09 22:00:00,1,128,5
2024-12-09 23:00:00,0,55,1
2024-12-10 00:00:00,0,38,0
2024-12-10 01:00:00,0,14,0
2024-12-10 02:00:00,0,19,1
2024-12-10 03:00:00,0,10,0
2024-12-10 04:00:00,0,17,1
2024-12-10 05:00:00,0,44,3
2024-12-10 06:00:00,0,101,9
2024-12-10 07:00:00,1,313,20
2024-12-10 08:00:00,4,480,26
2024-12-10 09:00:00,4,421,15
2024-12-10 10:00:00,0,433,11
2024-12-10 11:00:00,1,395,8
2024-12-10 12:00:00,2,444,5
2024-12-10 13:00:00,0,426,7
2024-12-10 14:00:00,4,408,9
2024-12-10 15:00:00,1,517,9
2024-12-10 16:00:00,0,574,15
2024-12-10 17:00:00,1,601,38
2024-12-10 18:00:00,1,467,38
2024-12-10 19:00:00,0,407,14
2024-12-10 20:00:00,1,230,8
2024-12-10 21:00:00,1,182,5
2024-12-10 22:00:00,1,161,8
2024-12-10 23:00:00,0,59,3
2024-12-11 00:00:00,0,44,2
2024-12-11 01:00:00,0,19,1
2024-12-11 02:00:00,0,17,0
2024-12-11 03:00:00,1,22,0
2024-12-11 04:00:00,0,18,0
2024-12-11 05:00:00,0,42,2
2024-12-11 06:00:00,0,112,8
2024-12-11 07:00:00,2,307,31
2024-12-11 08:00:00,3,509,29
2024-12-11 09:00:00,1,425,15
2024-12-11 10:00:00,2,410,10
2024-12-11 11:00:00,2,421,12
2024-12-11 12:00:00,4,433,17
2024-12-11 13:00:00,1,463,22
2024-12-11 14:00:00,1,467,18
2024-12-11 15:00:00,2,515,9
2024-12-11 16:00:00,2,552,34
2024-12-11 17:00:00,1,551,20
2024-12-11 18:00:00,2,543,21
2024-12-11 19:00:00,1,432,11
2024-12-11 20:00:00,2,247,9
2024-12-11 21:00:00,0,186,10
2024-12-11 22:00:00,0,157,7
2024-12-11 23:00:00,3,65,6
2024-12-12 00:00:00,0,32,0
2024-12-12 01:00:00,0,16,0
2024-12-12 02:00:00,0,13,0
2024-12-12 03:00:00,0,11,0
2024-12-12 04:00:00,0,20,0
2024-12-12 05:00:00,0,49,2
2024-12-12 06:00:00,1,120,11
2024-12-12 07:00:00,2,316,21
2024-12-12 08:00:00,3,499,29
2024-12-12 09:00:00,2,414,22
2024-12-12 10:00:00,1,421,12
2024-12-12 11:00:00,0,452,12
2024-12-12 12:00:00,1,471,18
2024-12-12 13:00:00,3,441,10
2024-12-12 14:00:00,3,469,12
2024-12-12 15:00:00,1,523,13
2024-12-12 16:00:00,0,556,20
2024-12-12 17:00:00,1,583,29
2024-12-12 18:00:00,2,461,17
2024-12-12 19:00:00,0,377,15
2024-12-12 20:00:00,1,290,8
2024-12-12 21:00:00,0,184,6
2024-12-12 22:00:00,1,171,11
2024-12-12 23:00:00,0,102,4
2024-12-13 00:00:00,0,70,3
2024-12-13 01:00:00,0,32,1
2024-12-13 02:00:00,1,32,1
2024-12-13 03:00:00,0,16,1
2024-12-13 04:00:00,0,16,2
2024-12-13 05:00:00,0,38,2
2024-12-13 06:00:00,0,109,7
2024-12-13 07:00:00,1,293,24
2024-12-13 08:00:00,3,457,18
2024-12-13 09:00:00,2,426,11
2024-12-13 10:00:00,1,463,9
2024-12-13 11:00:00,1,490,7
2024-12-13 12:00:00,2,532,13
2024-12-13 13:00:00,1,524,14
2024-12-13 14:00:00,2,485,9
2024-12-13 15:00:00,2,554,15
2024-12-13 16:00:00,3,578,13
2024-12-13 17:00:00,2,538,21
2024-12-13 18:00:00,3,465,20
2024-12-13 19:00:00,1,374,23
2024-12-13 20:00:00,0,258,4
2024-12-13 21:00:00,0,161,6
2024-12-13 22:00:00,0,189,7
2024-12-13 23:00:00,0,113,5
2024-12-14 00:00:00,0,82,2
2024-12-14 01:00:00,0,56,1
2024-12-14 02:00:00,0,43,0
2024-12-14 03:00:00,0,35,0
2024-12-14 04:00:00,0,20,1
2024-12-14 05:00:00,0,31,0
2024-12-14 06:00:00,0,60,2
2024-12-14 07:00:00,0,123,4
2024-12-14 08:00:00,3,282,10
2024-12-14 09:00:00,1,421,12
2024-12-14 10:00:00,3,497,16
2024-12-14 11:00:00,4,537,14
2024-12-14 12:00:00,2,535,16
2024-12-14 13:00:00,2,534,11
2024-12-14 14:00:00,0,522,11
2024-12-14 15:00:00,1,527,19
2024-12-14 16:00:00,1,551,12
2024-12-14 17:00:00,1,457,9
2024-12-14 18:00:00,0,390,6
2024-12-14 19:00:00,1,313,9
2024-12-14 20:00:00,0,178,2
2024-12-14 21:00:00,0,142,4
2024-12-14 22:00:00,0,151,2
2024-12-14 23:00:00,0,102,9
2024-12-15 00:00:00,1,87,1
2024-12-15 01:00:00,0,55,0
2024-12-15 02:00:00,0,41,0
2024-12-15 03:00:00,0,33,0
2024-12-15 04:00:00,2,21,0
2024-12-15 05:00:00,0,31,0
2024-12-15 06:00:00,0,51,4
2024-12-15 07:00:00,1,66,1
2024-12-15 08:00:00,0,93,5
2024-12-15 09:00:00,3,253,6
2024-12-15 10:00:00,0,436,10
2024-12-15 11:00:00,1,503,20
2024-12-15 12:00:00,2,550,16
2024-12-15 13:00:00,1,536,14
2024-12-15 14:00:00,1,464,18
2024-12-15 15:00:00,1,460,17
2024-12-15 16:00:00,5,349,13
2024-12-15 17:00:00,1,327,6
2024-12-15 18:00:00,0,240,6
2024-12-15 19:00:00,0,190,4
2024-12-15 20:00:00,0,163,4
2024-12-15 21:00:00,0,111,4
2024-12-15 22:00:00,0,107,2
2024-12-15 23:00:00,0,35,0
2024-12-16 00:00:00,0,23,1
2024-12-16 01:00:00,0,20,1
2024-12-16 02:00:00,0,11,0
2024-12-16 03:00:00,0,11,0
2024-12-16 04:00:00,0,16,0
2024-12-16 05:00:00,0,48,1
2024-12-16 06:00:00,0,115,4
2024-12-16 07:00:00,2,264,22
2024-12-16 08:00:00,2,407,20
2024-12-16 09:00:00,2,382,12
2024-12-16 10:00:00,0,383,10
2024-12-16 11:00:00,0,423,6
2024-12-16 12:00:00,0,477,19
2024-12-16 13:00:00,1,451,18
2024-12-16 14:00:00,0,470,14
2024-12-16 15:00:00,1,557,19
2024-12-16 16:00:00,1,512,16
2024-12-16 17:00:00,0,526,31
2024-12-16 18:00:00,1,428,26
2024-12-16 19:00:00,0,366,15
2024-12-16 20:00:00,0,233,14
2024-12-16 21:00:00,2,171,3
2024-12-16 22:00:00,0,134,9
2024-12-16 23:00:00,0,59,1
2024-12-17 00:00:00,0,39,0
2024-12-17 01:00:00,0,18,0
2024-12-17 02:00:00,0,12,0
2024-12-17 03:00:00,0,11,0
2024-12-17 04:00:00,0,19,0
2024-12-17 05:00:00,0,41,2
2024-12-17 06:00:00,0,115,5
2024-12-17 07:00:00,3,281,15
2024-12-17 08:00:00,2,441,27
2024-12-17 09:00:00,3,390,9
2024-12-17 10:00:00,1,418,6
2024-12-17 11:00:00,0,435,15
2024-12-17 12:00:00,0,466,14
2024-12-17 13:00:00,0,485,8
2024-12-17 14:00:00,3,465,24
2024-12-17 15:00:00,2,570,15
2024-12-17 16:00:00,0,563,23
2024-12-17 17:00:00,0,602,32
2024-12-17 18:00:00,0,504,25
2024-12-17 19:00:00,0,375,19
2024-12-17 20:00:00,0,240,3
2024-12-17 21:00:00,0,213,3
2024-12-17 22:00:00,0,165,8
2024-12-17 23:00:00,0,79,3
2024-12-18 00:00:00,0,37,0
2024-12-18 01:00:00,0,20,1
2024-12-18 02:00:00,0,16,0
2024-12-18 03:00:00,0,14,1
2024-12-18 04:00:00,0,16,0
2024-12-18 05:00:00,0,38,1
2024-12-18 06:00:00,0,117,4
2024-12-18 07:00:00,1,280,22
2024-12-18 08:00:00,3,445,27
2024-12-18 09:00:00,5,432,15
2024-12-18 10:00:00,1,418,7
2024-12-18 11:00:00,0,460,13
2024-12-18 12:00:00,1,444,20
2024-12-18 13:00:00,0,485,14
2024-12-18 14:00:00,3,507,15
2024-12-18 15:00:00,1,549,14
2024-12-18 16:00:00,1,546,20
2024-12-18 17:00:00,0,522,15
2024-12-18 18:00:00,1,467,22
2024-12-18 19:00:00,0,356,12
2024-12-18 20:00:00,1,237,9
2024-12-18 21:00:00,0,170,8
2024-12-18 22:00:00,0,156,3
2024-12-18 23:00:00,0,63,4
2024-12-19 00:00:00,0,45,3
2024-12-19 01:00:00,0,31,1
2024-12-19 02:00:00,0,26,0
2024-12-19 03:00:00,0,13,0
2024-12-19 04:00:00,0,20,0
2024-12-19 05:00:00,0,46,2
2024-12-19 06:00:00,0,120,6
2024-12-19 07:00:00,2,287,20
2024-12-19 08:00:00,2,417,25
2024-12-19 09:00:00,1,426,17
2024-12-19 10:00:00,4,439,8
2024-12-19 11:00:00,1,551,6
2024-12-19 12:00:00,3,475,15
2024-12-19 13:00:00,1,498,5
2024-12-19 14:00:00,1,545,15
2024-12-19 15:00:00,0,561,10
2024-12-19 16:00:00,4,607,19
2024-12-19 17:00:00,2,533,22
2024-12-19 18:00:00,1,486,31
2024-12-19 19:00:00,0,408,13
2024-12-19 20:00:00,1,234,5
2024-12-19 21:00:00,0,199,6
2024-12-19 22:00:00,1,171,6
2024-12-19 23:00:00,0,128,6
2024-12-20 00:00:00,0,67,6
2024-12-20 01:00:00,0,31,0
2024-12-20 02:00:00,0,23,0
2024-12-20 03:00:00,0,11,0
2024-12-20 04:00:00,0,19,1
2024-12-20 05:00:00,1,38,1
2024-12-20 06:00:00,0,110,4
2024-12-20 07:00:00,1,258,12
2024-12-20 08:00:00,3,428,16
2024-12-20 09:00:00,3,486,9
2024-12-20 10:00:00,1,492,18
2024-12-20 11:00:00,3,549,12
2024-12-20 12:00:00,0,581,12
2024-12-20 13:00:00,0,523,13
2024-12-20 14:00:00,2,595,13
2024-12-20 15:00:00,3,561,8
2024-12-20 16:00:00,1,582,16
2024-12-20 17:00:00,1,554,18
2024-12-20 18:00:00,0,470,18
2024-12-20 19:00:00,0,409,7
2024-12-20 20:00:00,0,262,9
2024-12-20 21:00:00,0,172,0
2024-12-20 22:00:00,0,169,2
2024-12-20 23:00:00,0,106,2
2024-12-21 00:00:00,0,70,2
2024-12-21 01:00:00,0,51,1
2024-12-21 02:00:00,0,33,0
2024-12-21 03:00:00,0,25,0
2024-12-21 04:00:00,0,24,0
2024-12-21 05:00:00,0,33,1
2024-12-21 06:00:00,0,81,1
2024-12-21 07:00:00,0,169,4
2024-12-21 08:00:00,1,294,7
2024-12-21 09:00:00,1,412,6
2024-12-21 10:00:00,6,408,10
2024-12-21 11:00:00,0,571,13
2024-12-21 12:00:00,1,564,11
2024-12-21 13:00:00,1,514,7
2024-12-21 14:00:00,0,531,2
2024-12-21 15:00:00,0,478,13
2024-12-21 16:00:00,3,509,4
2024-12-21 17:00:00,1,460,13
2024-12-21 18:00:00,1,362,5
2024-12-21 19:00:00,0,317,9
2024-12-21 20:00:00,1,230,2
2024-12-21 21:00:00,0,152,0
2024-12-21 22:00:00,0,139,2
2024-12-21 23:00:00,3,112,2
2024-12-22 00:00:00,0,104,1
2024-12-22 01:00:00,0,52,0
2024-12-22 02:00:00,0,33,0
2024-12-22 03:00:00,0,36,0
2024-12-22 04:00:00,0,30,0
2024-12-22 05:00:00,0,32,0
2024-12-22 06:00:00,0,50,3
2024-12-22 07:00:00,0,80,7
2024-12-22 08:00:00,1,96,3
2024-12-22 09:00:00,2,273,4
2024-12-22 10:00:00,1,476,7
2024-12-22 11:00:00,3,460,14
2024-12-22 12:00:00,2,515,17
2024-12-22 13:00:00,0,546,5
2024-12-22 14:00:00,0,495,7
2024-12-22 15:00:00,2,483,6
2024-12-22 16:00:00,1,383,6
2024-12-22 17:00:00,0,281,2
2024-12-22 18:00:00,1,237,2
2024-12-22 19:00:00,0,212,2
2024-12-22 20:00:00,1,195,8
2024-12-22 21:00:00,0,143,2
2024-12-22 22:00:00,2,107,1
2024-12-22 23:00:00,1,55,7
2024-12-23 00:00:00,1,41,0
2024-12-23 01:00:00,0,30,0
2024-12-23 02:00:00,0,27,0
2024-12-23 03:00:00,1,14,0
2024-12-23 04:00:00,0,15,1
2024-12-23 05:00:00,0,43,0
2024-12-23 06:00:00,0,93,1
2024-12-23 07:00:00,0,281,10
2024-12-23 08:00:00,1,415,15
2024-12-23 09:00:00,0,453,9
2024-12-23 10:00:00,2,529,8
2024-12-23 11:00:00,2,525,18
2024-12-23 12:00:00,0,557,6
2024-12-23 13:00:00,1,550,12
2024-12-23 14:00:00,0,541,8
2024-12-23 15:00:00,0,608,13
2024-12-23 16:00:00,0,529,12
2024-12-23 17:00:00,0,519,15
2024-12-23 18:00:00,3,406,5
2024-12-23 19:00:00,1,358,6
2024-12-23 20:00:00,1,231,4
2024-12-23 21:00:00,0,182,3
2024-12-23 22:00:00,0,126,2
2024-12-23 23:00:00,0,82,2
2024-12-24 00:00:00,0,45,0
2024-12-24 01:00:00,0,27,0
2024-12-24 02:00:00,0,12,0
2024-12-24 03:00:00,0,8,0
2024-12-24 04:00:00,0,18,0
2024-12-24 05:00:00,0,44,2
2024-12-24 06:00:00,0,61,3
2024-12-24 07:00:00,0,204,14
2024-12-24 08:00:00,2,338,15
2024-12-24 09:00:00,4,411,8
2024-12-24 10:00:00,1,556,14
2024-12-24 11:00:00,0,492,14
2024-12-24 12:00:00,0,508,8
2024-12-24 13:00:00,1,510,9
2024-12-24 14:00:00,3,493,15
2024-12-24 15:00:00,2,458,14
2024-12-24 16:00:00,0,418,10
2024-12-24 17:00:00,1,303,10
2024-12-24 18:00:00,0,204,1
2024-12-24 19:00:00,0,181,6
2024-12-24 20:00:00,0,144,5
2024-12-24 21:00:00,0,112,2
2024-12-24 22:00:00,0,92,3
2024-12-24 23:00:00,0,61,4
2024-12-25 00:00:00,0,63,0
2024-12-25 01:00:00,0,26,0
2024-12-25 02:00:00,0,15,0
2024-12-25 03:00:00,0,4,0
2024-12-25 04:00:00,0,10,0
2024-12-25 05:00:00,0,15,0
2024-12-25 06:00:00,0,23,0
2024-12-25 07:00:00,1,58,4
2024-12-25 08:00:00,1,43,4
2024-12-25 09:00:00,0,111,8
2024-12-25 10:00:00,1,174,5
2024-12-25 11:00:00,0,239,4
2024-12-25 12:00:00,3,258,11
2024-12-25 13:00:00,1,185,4
2024-12-25 14:00:00,4,147,4
2024-12-25 15:00:00,0,118,2
2024-12-25 16:00:00,1,136,2
2024-12-25 17:00:00,3,127,4
2024-12-25 18:00:00,0,142,4
2024-12-25 19:00:00,0,127,4
2024-12-25 20:00:00,0,126,0
2024-12-25 21:00:00,0,110,0
2024-12-25 22:00:00,0,77,2
2024-12-25 23:00:00,0,56,1
2024-12-26 00:00:00,0,38,1
2024-12-26 01:00:00,1,21,1
2024-12-26 02:00:00,0,11,0
2024-12-26 03:00:00,0,7,0
2024-12-26 04:00:00,0,7,0
2024-12-26 05:00:00,0,9,1
2024-12-26 06:00:00,0,30,0
2024-12-26 07:00:00,0,60,3
2024-12-26 08:00:00,2,47,5
2024-12-26 09:00:00,0,113,1
2024-12-26 10:00:00,0,171,2
2024-12-26 11:00:00,0,236,4
2024-12-26 12:00:00,1,255,6
2024-12-26 13:00:00,1,281,5
2024-12-26 14:00:00,0,228,6
2024-12-26 15:00:00,2,215,9
2024-12-26 16:00:00,3,216,6
2024-12-26 17:00:00,0,232,7
2024-12-26 18:00:00,0,185,3
2024-12-26 19:00:00,2,145,5
2024-12-26 20:00:00,0,132,2
2024-12-26 21:00:00,1,102,0
2024-12-26 22:00:00,0,97,1
2024-12-26 23:00:00,0,43,2
2024-12-27 00:00:00,0,41,1
2024-12-27 01:00:00,0,20,0
2024-12-27 02:00:00,0,15,0
2024-12-27 03:00:00,0,14,0
2024-12-27 04:00:00,0,17,1
2024-12-27 05:00:00,0,25,0
2024-12-27 06:00:00,0,60,5
2024-12-27 07:00:00,0,110,8
2024-12-27 08:00:00,1,142,4
2024-12-27 09:00:00,0,235,1
2024-12-27 10:00:00,0,336,9
2024-12-27 11:00:00,0,418,11
2024-12-27 12:00:00,2,395,9
2024-12-27 13:00:00,0,414,5
2024-12-27 14:00:00,2,421,9
2024-12-27 15:00:00,0,399,8
2024-12-27 16:00:00,1,412,11
2024-12-27 17:00:00,1,307,9
2024-12-27 18:00:00,1,251,5
2024-12-27 19:00:00,0,212,2
2024-12-27 20:00:00,0,127,3
2024-12-27 21:00:00,2,116,5
2024-12-27 22:00:00,0,131,4
2024-12-27 23:00:00,1,74,3
2024-12-28 00:00:00,0,42,1
2024-12-28 01:00:00,0,29,0
2024-12-28 02:00:00,0,14,0
2024-12-28 03:00:00,0,20,0
2024-12-28 04:00:00,0,15,0
2024-12-28 05:00:00,0,36,1
2024-12-28 06:00:00,0,37,1
2024-12-28 07:00:00,0,88,7
2024-12-28 08:00:00,0,156,6
2024-12-28 09:00:00,1,244,3
2024-12-28 10:00:00,2,329,8
2024-12-28 11:00:00,0,407,13
2024-12-28 12:00:00,1,460,10
2024-12-28 13:00:00,0,413,12
2024-12-28 14:00:00,4,416,5
2024-12-28 15:00:00,1,382,8
2024-12-28 16:00:00,0,408,8
2024-12-28 17:00:00,0,329,8
2024-12-28 18:00:00,0,264,7
2024-12-28 19:00:00,0,215,2
2024-12-28 20:00:00,0,147,7
2024-12-28 21:00:00,0,130,0
2024-12-28 22:00:00,0,100,4
2024-12-28 23:00:00,1,75,1
2024-12-29 00:00:00,0,47,1
2024-12-29 01:00:00,0,47,1
2024-12-29 02:00:00,0,25,0
2024-12-29 03:00:00,0,16,0
2024-12-29 04:00:00,0,14,0
2024-12-29 05:00:00,0,27,1
2024-12-29 06:00:00,0,33,3
2024-12-29 07:00:00,0,53,6
2024-12-29 08:00:00,0,79,6
2024-12-29 09:00:00,2,143,10
2024-12-29 10:00:00,6,307,14
2024-12-29 11:00:00,3,405,9
2024-12-29 12:00:00,3,442,6
2024-12-29 13:00:00,2,451,11
2024-12-29 14:00:00,3,452,11
2024-12-29 15:00:00,0,394,12
2024-12-29 16:00:00,0,317,6
2024-12-29 17:00:00,1,258,7
2024-12-29 18:00:00,1,210,8
2024-12-29 19:00:00,0,172,7
2024-12-29 20:00:00,0,128,5
2024-12-29 21:00:00,1,115,2
2024-12-29 22:00:00,0,98,3
2024-12-29 23:00:00,0,63,3
2024-12-30 00:00:00,0,37,0
2024-12-30 01:00:00,0,28,0
2024-12-30 02:00:00,0,16,1
2024-12-30 03:00:00,0,9,0
2024-12-30 04:00:00,0,12,0
2024-12-30 05:00:00,0,34,1
2024-12-30 06:00:00,1,67,2
2024-12-30 07:00:00,1,124,12
2024-12-30 08:00:00,1,174,9
2024-12-30 09:00:00,1,260,7
2024-12-30 10:00:00,0,418,3
2024-12-30 11:00:00,0,470,8
2024-12-30 12:00:00,0,505,11
2024-12-30 13:00:00,0,496,11
2024-12-30 14:00:00,0,499,9
2024-12-30 15:00:00,0,508,13
2024-12-30 16:00:00,3,451,18
2024-12-30 17:00:00,0,408,5
2024-12-30 18:00:00,0,330,20
2024-12-30 19:00:00,1,278,8
2024-12-30 20:00:00,0,163,2
2024-12-30 21:00:00,0,126,5
2024-12-30 22:00:00,3,101,1
2024-12-30 23:00:00,0,54,3
2024-12-31 00:00:00,0,30,1
2024-12-31 01:00:00,0,22,1
2024-12-31 02:00:00,0,19,0
2024-12-31 03:00:00,0,6,0
2024-12-31 04:00:00,0,16,0
2024-12-31 05:00:00,0,33,1
2024-12-31 06:00:00,0,76,3
2024-12-31 07:00:00,0,116,14
2024-12-31 08:00:00,0,196,5
2024-12-31 09:00:00,2,285,2
2024-12-31 10:00:00,0,415,14
2024-12-31 11:00:00,1,526,12
2024-12-31 12:00:00,2,515,13
2024-12-31 13:00:00,1,524,5
2024-12-31 14:00:00,0,544,15
2024-12-31 15:00:00,2,517,9
2024-12-31 16:00:00,1,461,16
2024-12-31 17:00:00,0,394,13
2024-12-31 18:00:00,1,279,5
2024-12-31 19:00:00,0,251,2
2024-12-31 20:00:00,1,195,4
2024-12-31 21:00:00,0,145,4
2024-12-31 22:00:00,1,108,3
2024-12-31 23:00:00,0,101,2
