cluster_geo,beta_dark_commute,pct_change_dark_commute
0,-0.12355831180797822,-11.622989449116726
1,0.16021231477053344,17.376005113447967
2,-0.24557179374245344,-21.77428793877978
