cluster_geo,beta_dark,pct_change_dark
0,0.13098212507331766,13.994740465359534
1,0.17323455561682383,18.91449930127176
2,-0.7981299440624648,-54.98299794193133
