cluster_geo,beta_dark,pct_change_dark
0,-0.4979158615784053,-39.220392824669815
1,-0.7270181797822572,-51.665189942195155
2,-0.6444289641381291,-47.503777120870524
