date,ped,car,cyc
2024-01-01 00:00:00,34,519,5
2024-01-01 01:00:00,35,412,2
2024-01-01 02:00:00,22,279,1
2024-01-01 03:00:00,10,288,0
2024-01-01 04:00:00,15,202,0
2024-01-01 05:00:00,5,126,2
2024-01-01 06:00:00,42,184,5
2024-01-01 07:00:00,62,164,5
2024-01-01 08:00:00,50,167,7
2024-01-01 09:00:00,65,161,4
2024-01-01 10:00:00,72,225,0
2024-01-01 11:00:00,108,301,5
2024-01-01 12:00:00,133,454,14
2024-01-01 13:00:00,141,503,15
2024-01-01 14:00:00,149,539,17
2024-01-01 15:00:00,112,493,13
2024-01-01 16:00:00,46,482,7
2024-01-01 17:00:00,0,481,4
2024-01-01 18:00:00,0,376,5
2024-01-01 19:00:00,0,360,5
2024-01-01 20:00:00,0,334,4
2024-01-01 21:00:00,0,214,6
2024-01-01 22:00:00,0,210,13
2024-01-01 23:00:00,1,110,3
2024-01-02 00:00:00,0,80,0
2024-01-02 01:00:00,0,59,0
2024-01-02 02:00:00,0,33,0
2024-01-02 03:00:00,0,16,0
2024-01-02 04:00:00,2,20,1
2024-01-02 05:00:00,1,51,0
2024-01-02 06:00:00,2,194,10
2024-01-02 07:00:00,6,484,34
2024-01-02 08:00:00,183,520,59
2024-01-02 09:00:00,173,407,21
2024-01-02 10:00:00,192,474,17
2024-01-02 11:00:00,246,487,9
2024-01-02 12:00:00,222,517,18
2024-01-02 13:00:00,261,583,24
2024-01-02 14:00:00,270,552,17
2024-01-02 15:00:00,296,632,25
2024-01-02 16:00:00,239,615,33
2024-01-02 17:00:00,91,645,59
2024-01-02 18:00:00,142,514,39
2024-01-02 19:00:00,62,436,16
2024-01-02 20:00:00,26,296,9
2024-01-02 21:00:00,15,269,15
2024-01-02 22:00:00,18,179,7
2024-01-02 23:00:00,1,108,2
2024-01-03 00:00:00,0,77,0
2024-01-03 01:00:00,0,53,0
2024-01-03 02:00:00,0,40,0
2024-01-03 03:00:00,0,31,0
2024-01-03 04:00:00,0,33,1
2024-01-03 05:00:00,0,55,0
2024-01-03 06:00:00,2,215,7
2024-01-03 07:00:00,15,508,45
2024-01-03 08:00:00,283,642,80
2024-01-03 09:00:00,256,538,26
2024-01-03 10:00:00,254,510,11
2024-01-03 11:00:00,234,498,15
2024-01-03 12:00:00,210,484,25
2024-01-03 13:00:00,313,545,29
2024-01-03 14:00:00,335,632,43
2024-01-03 15:00:00,389,674,33
2024-01-03 16:00:00,336,690,80
2024-01-03 17:00:00,215,718,103
2024-01-03 18:00:00,147,553,59
2024-01-03 19:00:00,126,453,28
2024-01-03 20:00:00,76,370,14
2024-01-03 21:00:00,39,287,15
2024-01-03 22:00:00,46,375,9
2024-01-03 23:00:00,27,163,11
2024-01-04 00:00:00,11,107,2
2024-01-04 01:00:00,8,53,0
2024-01-04 02:00:00,5,39,0
2024-01-04 03:00:00,0,31,0
2024-01-04 04:00:00,0,32,0
2024-01-04 05:00:00,1,57,0
2024-01-04 06:00:00,21,201,14
2024-01-04 07:00:00,142,526,52
2024-01-04 08:00:00,399,691,59
2024-01-04 09:00:00,302,481,18
2024-01-04 10:00:00,333,473,16
2024-01-04 11:00:00,345,466,25
2024-01-04 12:00:00,337,526,35
2024-01-04 13:00:00,361,557,20
2024-01-04 14:00:00,350,606,38
2024-01-04 15:00:00,345,667,55
2024-01-04 16:00:00,51,710,69
2024-01-04 17:00:00,0,710,44
2024-01-04 18:00:00,0,599,20
2024-01-04 19:00:00,0,493,13
2024-01-04 20:00:00,1,359,5
2024-01-04 21:00:00,0,332,5
2024-01-04 22:00:00,10,369,6
2024-01-04 23:00:00,11,165,9
2024-01-05 00:00:00,2,98,1
2024-01-05 01:00:00,5,51,1
2024-01-05 02:00:00,3,37,0
2024-01-05 03:00:00,2,38,0
2024-01-05 04:00:00,1,29,0
2024-01-05 05:00:00,0,57,1
2024-01-05 06:00:00,43,207,12
2024-01-05 07:00:00,148,452,50
2024-01-05 08:00:00,370,664,52
2024-01-05 09:00:00,242,475,27
2024-01-05 10:00:00,336,506,17
2024-01-05 11:00:00,310,520,18
2024-01-05 12:00:00,225,513,28
2024-01-05 13:00:00,316,571,46
2024-01-05 14:00:00,278,620,41
2024-01-05 15:00:00,452,687,37
2024-01-05 16:00:00,291,739,67
2024-01-05 17:00:00,170,714,74
2024-01-05 18:00:00,129,543,58
2024-01-05 19:00:00,107,543,30
2024-01-05 20:00:00,59,365,24
2024-01-05 21:00:00,38,432,8
2024-01-05 22:00:00,36,324,14
2024-01-05 23:00:00,18,227,9
2024-01-06 00:00:00,14,182,4
2024-01-06 01:00:00,8,117,2
2024-01-06 02:00:00,2,74,2
2024-01-06 03:00:00,7,75,1
2024-01-06 04:00:00,1,43,1
2024-01-06 05:00:00,3,59,1
2024-01-06 06:00:00,29,132,4
2024-01-06 07:00:00,43,189,13
2024-01-06 08:00:00,66,275,9
2024-01-06 09:00:00,100,327,12
2024-01-06 10:00:00,118,444,12
2024-01-06 11:00:00,157,540,18
2024-01-06 12:00:00,230,579,26
2024-01-06 13:00:00,253,601,14
2024-01-06 14:00:00,247,680,17
2024-01-06 15:00:00,273,678,25
2024-01-06 16:00:00,213,618,33
2024-01-06 17:00:00,121,643,31
2024-01-06 18:00:00,100,472,26
2024-01-06 19:00:00,76,463,24
2024-01-06 20:00:00,59,409,11
2024-01-06 21:00:00,50,338,7
2024-01-06 22:00:00,48,462,12
2024-01-06 23:00:00,17,271,10
2024-01-07 00:00:00,14,187,3
2024-01-07 01:00:00,8,135,2
2024-01-07 02:00:00,8,103,2
2024-01-07 03:00:00,1,85,0
2024-01-07 04:00:00,2,64,0
2024-01-07 05:00:00,5,63,0
2024-01-07 06:00:00,30,127,4
2024-01-07 07:00:00,45,181,9
2024-01-07 08:00:00,62,197,6
2024-01-07 09:00:00,58,261,8
2024-01-07 10:00:00,116,384,14
2024-01-07 11:00:00,68,450,17
2024-01-07 12:00:00,140,590,16
2024-01-07 13:00:00,223,588,23
2024-01-07 14:00:00,172,595,23
2024-01-07 15:00:00,217,558,25
2024-01-07 16:00:00,188,602,43
2024-01-07 17:00:00,83,535,25
2024-01-07 18:00:00,87,434,19
2024-01-07 19:00:00,53,426,22
2024-01-07 20:00:00,44,342,15
2024-01-07 21:00:00,20,221,10
2024-01-07 22:00:00,27,358,4
2024-01-07 23:00:00,7,115,5
2024-01-08 00:00:00,12,88,4
2024-01-08 01:00:00,3,46,0
2024-01-08 02:00:00,0,39,0
2024-01-08 03:00:00,1,38,0
2024-01-08 04:00:00,1,27,0
2024-01-08 05:00:00,6,60,0
2024-01-08 06:00:00,51,233,11
2024-01-08 07:00:00,149,557,75
2024-01-08 08:00:00,484,682,65
2024-01-08 09:00:00,358,535,22
2024-01-08 10:00:00,315,417,20
2024-01-08 11:00:00,324,497,21
2024-01-08 12:00:00,353,537,27
2024-01-08 13:00:00,403,497,23
2024-01-08 14:00:00,355,598,26
2024-01-08 15:00:00,399,587,32
2024-01-08 16:00:00,303,682,74
2024-01-08 17:00:00,245,722,104
2024-01-08 18:00:00,133,580,64
2024-01-08 19:00:00,72,465,42
2024-01-08 20:00:00,54,352,13
2024-01-08 21:00:00,32,313,11
2024-01-08 22:00:00,40,192,9
2024-01-08 23:00:00,3,122,2
2024-01-09 00:00:00,4,91,2
2024-01-09 01:00:00,3,45,1
2024-01-09 02:00:00,0,37,1
2024-01-09 03:00:00,1,30,1
2024-01-09 04:00:00,1,39,0
2024-01-09 05:00:00,4,76,0
2024-01-09 06:00:00,40,250,15
2024-01-09 07:00:00,176,590,67
2024-01-09 08:00:00,489,688,68
2024-01-09 09:00:00,331,589,30
2024-01-09 10:00:00,318,533,16
2024-01-09 11:00:00,370,479,16
2024-01-09 12:00:00,348,553,24
2024-01-09 13:00:00,327,556,31
2024-01-09 14:00:00,235,587,42
2024-01-09 15:00:00,434,679,60
2024-01-09 16:00:00,351,765,91
2024-01-09 17:00:00,191,719,99
2024-01-09 18:00:00,188,688,67
2024-01-09 19:00:00,122,524,34
2024-01-09 20:00:00,99,406,22
2024-01-09 21:00:00,58,364,16
2024-01-09 22:00:00,27,314,14
2024-01-09 23:00:00,15,139,4
2024-01-10 00:00:00,8,91,0
2024-01-10 01:00:00,1,48,0
2024-01-10 02:00:00,0,17,0
2024-01-10 03:00:00,2,21,0
2024-01-10 04:00:00,2,29,1
2024-01-10 05:00:00,0,58,0
2024-01-10 06:00:00,36,234,16
2024-01-10 07:00:00,124,571,68
2024-01-10 08:00:00,462,738,77
2024-01-10 09:00:00,330,596,33
2024-01-10 10:00:00,354,515,13
2024-01-10 11:00:00,266,524,30
2024-01-10 12:00:00,256,536,43
2024-01-10 13:00:00,306,608,34
2024-01-10 14:00:00,241,613,49
2024-01-10 15:00:00,382,677,46
2024-01-10 16:00:00,375,710,104
2024-01-10 17:00:00,98,710,122
2024-01-10 18:00:00,103,601,53
2024-01-10 19:00:00,63,568,30
2024-01-10 20:00:00,32,394,30
2024-01-10 21:00:00,22,376,12
2024-01-10 22:00:00,19,368,13
2024-01-10 23:00:00,3,126,5
2024-01-11 00:00:00,2,81,1
2024-01-11 01:00:00,0,60,1
2024-01-11 02:00:00,0,43,0
2024-01-11 03:00:00,0,42,0
2024-01-11 04:00:00,0,25,0
2024-01-11 05:00:00,0,53,1
2024-01-11 06:00:00,22,217,7
2024-01-11 07:00:00,122,587,56
2024-01-11 08:00:00,427,735,69
2024-01-11 09:00:00,334,567,34
2024-01-11 10:00:00,290,504,22
2024-01-11 11:00:00,173,507,27
2024-01-11 12:00:00,242,544,53
2024-01-11 13:00:00,322,541,40
2024-01-11 14:00:00,369,608,40
2024-01-11 15:00:00,435,696,40
2024-01-11 16:00:00,361,702,83
2024-01-11 17:00:00,167,735,125
2024-01-11 18:00:00,88,668,83
2024-01-11 19:00:00,46,482,39
2024-01-11 20:00:00,15,382,22
2024-01-11 21:00:00,20,366,19
2024-01-11 22:00:00,18,440,11
2024-01-11 23:00:00,11,161,3
2024-01-12 00:00:00,3,98,1
2024-01-12 01:00:00,2,52,0
2024-01-12 02:00:00,2,33,0
2024-01-12 03:00:00,1,32,0
2024-01-12 04:00:00,0,33,0
2024-01-12 05:00:00,1,57,0
2024-01-12 06:00:00,31,198,14
2024-01-12 07:00:00,133,555,46
2024-01-12 08:00:00,459,666,52
2024-01-12 09:00:00,316,504,28
2024-01-12 10:00:00,318,522,25
2024-01-12 11:00:00,358,559,21
2024-01-12 12:00:00,367,584,28
2024-01-12 13:00:00,382,605,31
2024-01-12 14:00:00,356,598,39
2024-01-12 15:00:00,494,655,50
2024-01-12 16:00:00,414,719,67
2024-01-12 17:00:00,184,789,78
2024-01-12 18:00:00,120,664,61
2024-01-12 19:00:00,93,587,29
2024-01-12 20:00:00,70,461,16
2024-01-12 21:00:00,47,365,17
2024-01-12 22:00:00,43,470,15
2024-01-12 23:00:00,23,281,9
2024-01-13 00:00:00,16,199,3
2024-01-13 01:00:00,10,137,1
2024-01-13 02:00:00,0,132,1
2024-01-13 03:00:00,1,84,1
2024-01-13 04:00:00,2,57,0
2024-01-13 05:00:00,2,53,0
2024-01-13 06:00:00,17,158,6
2024-01-13 07:00:00,50,228,15
2024-01-13 08:00:00,84,285,11
2024-01-13 09:00:00,123,354,17
2024-01-13 10:00:00,174,504,20
2024-01-13 11:00:00,239,540,27
2024-01-13 12:00:00,255,629,25
2024-01-13 13:00:00,309,688,21
2024-01-13 14:00:00,235,708,28
2024-01-13 15:00:00,213,665,25
2024-01-13 16:00:00,233,628,38
2024-01-13 17:00:00,74,769,36
2024-01-13 18:00:00,40,580,23
2024-01-13 19:00:00,34,560,17
2024-01-13 20:00:00,23,414,19
2024-01-13 21:00:00,15,372,13
2024-01-13 22:00:00,17,598,10
2024-01-13 23:00:00,9,337,14
2024-01-14 00:00:00,6,238,2
2024-01-14 01:00:00,2,154,0
2024-01-14 02:00:00,1,107,1
2024-01-14 03:00:00,0,87,0
2024-01-14 04:00:00,1,65,1
2024-01-14 05:00:00,2,63,0
2024-01-14 06:00:00,8,127,6
2024-01-14 07:00:00,22,156,20
2024-01-14 08:00:00,68,147,9
2024-01-14 09:00:00,70,283,8
2024-01-14 10:00:00,110,381,16
2024-01-14 11:00:00,182,443,15
2024-01-14 12:00:00,150,605,25
2024-01-14 13:00:00,201,600,31
2024-01-14 14:00:00,155,643,23
2024-01-14 15:00:00,224,604,33
2024-01-14 16:00:00,221,655,34
2024-01-14 17:00:00,92,540,26
2024-01-14 18:00:00,56,458,23
2024-01-14 19:00:00,57,455,26
2024-01-14 20:00:00,50,358,7
2024-01-14 21:00:00,27,236,25
2024-01-14 22:00:00,20,207,13
2024-01-14 23:00:00,13,108,4
2024-01-15 00:00:00,7,67,4
2024-01-15 01:00:00,2,59,1
2024-01-15 02:00:00,1,31,0
2024-01-15 03:00:00,0,29,0
2024-01-15 04:00:00,0,16,0
2024-01-15 05:00:00,2,64,1
2024-01-15 06:00:00,44,250,16
2024-01-15 07:00:00,170,563,54
2024-01-15 08:00:00,469,665,55
2024-01-15 09:00:00,249,589,35
2024-01-15 10:00:00,239,502,30
2024-01-15 11:00:00,197,527,32
2024-01-15 12:00:00,253,565,47
2024-01-15 13:00:00,354,524,35
2024-01-15 14:00:00,285,619,38
2024-01-15 15:00:00,400,651,48
2024-01-15 16:00:00,424,736,96
2024-01-15 17:00:00,275,751,113
2024-01-15 18:00:00,163,602,53
2024-01-15 19:00:00,158,536,40
2024-01-15 20:00:00,70,391,17
2024-01-15 21:00:00,52,348,24
2024-01-15 22:00:00,43,378,12
2024-01-15 23:00:00,20,141,11
2024-01-16 00:00:00,7,73,3
2024-01-16 01:00:00,2,50,0
2024-01-16 02:00:00,2,36,0
2024-01-16 03:00:00,4,22,0
2024-01-16 04:00:00,2,37,0
2024-01-16 05:00:00,7,80,2
2024-01-16 06:00:00,49,267,13
2024-01-16 07:00:00,160,605,64
2024-01-16 08:00:00,423,712,72
2024-01-16 09:00:00,253,602,37
2024-01-16 10:00:00,294,510,29
2024-01-16 11:00:00,346,530,32
2024-01-16 12:00:00,369,553,33
2024-01-16 13:00:00,400,552,30
2024-01-16 14:00:00,398,611,27
2024-01-16 15:00:00,491,678,46
2024-01-16 16:00:00,445,758,90
2024-01-16 17:00:00,227,784,123
2024-01-16 18:00:00,196,693,62
2024-01-16 19:00:00,144,587,32
2024-01-16 20:00:00,95,411,24
2024-01-16 21:00:00,68,417,18
2024-01-16 22:00:00,48,623,15
2024-01-16 23:00:00,18,151,7
2024-01-17 00:00:00,7,101,1
2024-01-17 01:00:00,4,66,0
2024-01-17 02:00:00,1,47,0
2024-01-17 03:00:00,0,30,1
2024-01-17 04:00:00,0,34,1
2024-01-17 05:00:00,6,53,1
2024-01-17 06:00:00,48,274,15
2024-01-17 07:00:00,158,599,58
2024-01-17 08:00:00,494,682,73
2024-01-17 09:00:00,333,612,39
2024-01-17 10:00:00,366,492,23
2024-01-17 11:00:00,347,565,23
2024-01-17 12:00:00,352,512,34
2024-01-17 13:00:00,337,632,31
2024-01-17 14:00:00,348,624,40
2024-01-17 15:00:00,354,714,35
2024-01-17 16:00:00,412,739,92
2024-01-17 17:00:00,192,744,125
2024-01-17 18:00:00,136,641,66
2024-01-17 19:00:00,122,553,36
2024-01-17 20:00:00,81,399,26
2024-01-17 21:00:00,31,401,16
2024-01-17 22:00:00,27,413,11
2024-01-17 23:00:00,14,153,4
2024-01-18 00:00:00,10,111,5
2024-01-18 01:00:00,3,94,1
2024-01-18 02:00:00,0,65,0
2024-01-18 03:00:00,1,51,0
2024-01-18 04:00:00,2,36,0
2024-01-18 05:00:00,1,56,3
2024-01-18 06:00:00,36,205,8
2024-01-18 07:00:00,124,583,66
2024-01-18 08:00:00,404,710,48
2024-01-18 09:00:00,293,587,38
2024-01-18 10:00:00,192,505,20
2024-01-18 11:00:00,110,533,68
2024-01-18 12:00:00,224,520,87
2024-01-18 13:00:00,366,591,24
2024-01-18 14:00:00,306,667,54
2024-01-18 15:00:00,402,665,53
2024-01-18 16:00:00,387,732,73
2024-01-18 17:00:00,212,788,119
2024-01-18 18:00:00,179,703,72
2024-01-18 19:00:00,104,601,46
2024-01-18 20:00:00,53,458,33
2024-01-18 21:00:00,31,404,20
2024-01-18 22:00:00,15,450,16
2024-01-18 23:00:00,10,184,11
2024-01-19 00:00:00,4,119,2
2024-01-19 01:00:00,0,77,0
2024-01-19 02:00:00,1,52,0
2024-01-19 03:00:00,1,48,0
2024-01-19 04:00:00,0,43,0
2024-01-19 05:00:00,0,60,0
2024-01-19 06:00:00,12,202,11
2024-01-19 07:00:00,66,529,70
2024-01-19 08:00:00,308,685,63
2024-01-19 09:00:00,214,531,26
2024-01-19 10:00:00,147,491,28
2024-01-19 11:00:00,82,555,77
2024-01-19 12:00:00,165,591,118
2024-01-19 13:00:00,304,620,43
2024-01-19 14:00:00,225,603,53
2024-01-19 15:00:00,396,711,47
2024-01-19 16:00:00,329,689,74
2024-01-19 17:00:00,128,744,100
2024-01-19 18:00:00,130,705,52
2024-01-19 19:00:00,98,594,34
2024-01-19 20:00:00,63,524,12
2024-01-19 21:00:00,28,436,14
2024-01-19 22:00:00,19,535,11
2024-01-19 23:00:00,12,479,15
2024-01-20 00:00:00,4,235,3
2024-01-20 01:00:00,1,170,1
2024-01-20 02:00:00,3,128,1
2024-01-20 03:00:00,1,108,0
2024-01-20 04:00:00,0,67,0
2024-01-20 05:00:00,2,66,0
2024-01-20 06:00:00,13,168,5
2024-01-20 07:00:00,54,239,16
2024-01-20 08:00:00,108,311,18
2024-01-20 09:00:00,138,405,14
2024-01-20 10:00:00,174,530,21
2024-01-20 11:00:00,177,597,25
2024-01-20 12:00:00,193,661,21
2024-01-20 13:00:00,303,672,27
2024-01-20 14:00:00,297,688,21
2024-01-20 15:00:00,284,669,29
2024-01-20 16:00:00,212,697,35
2024-01-20 17:00:00,50,768,30
2024-01-20 18:00:00,43,654,38
2024-01-20 19:00:00,40,558,21
2024-01-20 20:00:00,31,503,17
2024-01-20 21:00:00,4,353,8
2024-01-20 22:00:00,0,526,6
2024-01-20 23:00:00,0,347,3
2024-01-21 00:00:00,0,281,1
2024-01-21 01:00:00,0,167,2
2024-01-21 02:00:00,1,126,0
2024-01-21 03:00:00,0,117,1
2024-01-21 04:00:00,0,82,1
2024-01-21 05:00:00,2,67,0
2024-01-21 06:00:00,11,139,6
2024-01-21 07:00:00,50,177,14
2024-01-21 08:00:00,79,204,7
2024-01-21 09:00:00,75,321,3
2024-01-21 10:00:00,142,431,19
2024-01-21 11:00:00,192,519,13
2024-01-21 12:00:00,201,577,15
2024-01-21 13:00:00,237,647,19
2024-01-21 14:00:00,249,702,14
2024-01-21 15:00:00,213,696,22
2024-01-21 16:00:00,129,690,32
2024-01-21 17:00:00,3,608,8
2024-01-21 18:00:00,7,485,9
2024-01-21 19:00:00,20,445,12
2024-01-21 20:00:00,8,451,11
2024-01-21 21:00:00,0,252,2
2024-01-21 22:00:00,1,239,3
2024-01-21 23:00:00,0,133,0
2024-01-22 00:00:00,0,92,0
2024-01-22 01:00:00,0,59,0
2024-01-22 02:00:00,0,37,0
2024-01-22 03:00:00,0,40,0
2024-01-22 04:00:00,0,23,0
2024-01-22 05:00:00,1,59,1
2024-01-22 06:00:00,58,237,12
2024-01-22 07:00:00,155,604,58
2024-01-22 08:00:00,486,694,60
2024-01-22 09:00:00,387,592,30
2024-01-22 10:00:00,308,543,12
2024-01-22 11:00:00,259,510,55
2024-01-22 12:00:00,440,524,39
2024-01-22 13:00:00,480,597,31
2024-01-22 14:00:00,337,635,39
2024-01-22 15:00:00,520,660,54
2024-01-22 16:00:00,502,709,77
2024-01-22 17:00:00,220,753,124
2024-01-22 18:00:00,115,633,56
2024-01-22 19:00:00,127,512,46
2024-01-22 20:00:00,83,399,18
2024-01-22 21:00:00,62,314,21
2024-01-22 22:00:00,38,259,15
2024-01-22 23:00:00,21,176,6
2024-01-23 00:00:00,5,78,2
2024-01-23 01:00:00,3,67,0
2024-01-23 02:00:00,5,59,1
2024-01-23 03:00:00,2,48,0
2024-01-23 04:00:00,1,31,1
2024-01-23 05:00:00,2,53,1
2024-01-23 06:00:00,7,247,22
2024-01-23 07:00:00,43,604,59
2024-01-23 08:00:00,437,686,103
2024-01-23 09:00:00,317,652,40
2024-01-23 10:00:00,348,515,19
2024-01-23 11:00:00,305,555,10
2024-01-23 12:00:00,286,546,24
2024-01-23 13:00:00,346,582,29
2024-01-23 14:00:00,352,619,32
2024-01-23 15:00:00,561,687,57
2024-01-23 16:00:00,478,688,93
2024-01-23 17:00:00,41,751,82
2024-01-23 18:00:00,116,677,56
2024-01-23 19:00:00,98,565,45
2024-01-23 20:00:00,65,442,28
2024-01-23 21:00:00,7,395,14
2024-01-23 22:00:00,36,393,8
2024-01-23 23:00:00,4,149,2
2024-01-24 00:00:00,4,86,0
2024-01-24 01:00:00,0,76,0
2024-01-24 02:00:00,0,59,0
2024-01-24 03:00:00,0,45,0
2024-01-24 04:00:00,0,35,0
2024-01-24 05:00:00,0,75,3
2024-01-24 06:00:00,26,232,17
2024-01-24 07:00:00,170,560,61
2024-01-24 08:00:00,588,725,62
2024-01-24 09:00:00,455,605,41
2024-01-24 10:00:00,429,564,21
2024-01-24 11:00:00,454,566,25
2024-01-24 12:00:00,500,549,28
2024-01-24 13:00:00,519,649,36
2024-01-24 14:00:00,447,593,33
2024-01-24 15:00:00,453,665,42
2024-01-24 16:00:00,507,704,85
2024-01-24 17:00:00,254,767,138
2024-01-24 18:00:00,157,724,62
2024-01-24 19:00:00,96,556,44
2024-01-24 20:00:00,109,460,33
2024-01-24 21:00:00,71,397,27
2024-01-24 22:00:00,39,455,15
2024-01-24 23:00:00,13,177,5
2024-01-25 00:00:00,8,115,1
2024-01-25 01:00:00,1,86,0
2024-01-25 02:00:00,0,80,0
2024-01-25 03:00:00,2,79,1
2024-01-25 04:00:00,1,44,0
2024-01-25 05:00:00,1,71,0
2024-01-25 06:00:00,34,232,22
2024-01-25 07:00:00,158,630,61
2024-01-25 08:00:00,536,707,68
2024-01-25 09:00:00,405,589,28
2024-01-25 10:00:00,446,559,23
2024-01-25 11:00:00,422,547,24
2024-01-25 12:00:00,562,568,27
2024-01-25 13:00:00,548,583,40
2024-01-25 14:00:00,528,617,26
2024-01-25 15:00:00,588,666,39
2024-01-25 16:00:00,588,688,74
2024-01-25 17:00:00,213,768,137
2024-01-25 18:00:00,178,678,96
2024-01-25 19:00:00,151,567,79
2024-01-25 20:00:00,87,518,47
2024-01-25 21:00:00,70,482,28
2024-01-25 22:00:00,50,484,14
2024-01-25 23:00:00,0,260,2
2024-01-26 00:00:00,0,126,0
2024-01-26 01:00:00,2,113,2
2024-01-26 02:00:00,0,87,0
2024-01-26 03:00:00,0,56,0
2024-01-26 04:00:00,0,47,0
2024-01-26 05:00:00,1,63,0
2024-01-26 06:00:00,56,217,9
2024-01-26 07:00:00,153,520,49
2024-01-26 08:00:00,506,673,52
2024-01-26 09:00:00,446,522,25
2024-01-26 10:00:00,425,548,16
2024-01-26 11:00:00,274,620,43
2024-01-26 12:00:00,441,586,36
2024-01-26 13:00:00,488,641,36
2024-01-26 14:00:00,358,616,44
2024-01-26 15:00:00,510,666,59
2024-01-26 16:00:00,500,752,69
2024-01-26 17:00:00,324,721,106
2024-01-26 18:00:00,150,662,61
2024-01-26 19:00:00,116,643,40
2024-01-26 20:00:00,102,544,32
2024-01-26 21:00:00,73,468,23
2024-01-26 22:00:00,70,676,21
2024-01-26 23:00:00,17,406,11
2024-01-27 00:00:00,5,281,3
2024-01-27 01:00:00,7,201,1
2024-01-27 02:00:00,1,191,1
2024-01-27 03:00:00,2,222,1
2024-01-27 04:00:00,1,109,0
2024-01-27 05:00:00,1,96,0
2024-01-27 06:00:00,39,149,3
2024-01-27 07:00:00,48,216,14
2024-01-27 08:00:00,102,283,5
2024-01-27 09:00:00,153,409,14
2024-01-27 10:00:00,169,565,16
2024-01-27 11:00:00,214,585,19
2024-01-27 12:00:00,273,660,19
2024-01-27 13:00:00,300,712,28
2024-01-27 14:00:00,275,739,27
2024-01-27 15:00:00,293,633,18
2024-01-27 16:00:00,319,604,36
2024-01-27 17:00:00,180,746,52
2024-01-27 18:00:00,137,666,25
2024-01-27 19:00:00,131,587,26
2024-01-27 20:00:00,110,499,18
2024-01-27 21:00:00,65,386,17
2024-01-27 22:00:00,51,528,17
2024-01-27 23:00:00,20,407,9
2024-01-28 00:00:00,18,332,2
2024-01-28 01:00:00,7,226,1
2024-01-28 02:00:00,1,168,2
2024-01-28 03:00:00,0,151,0
2024-01-28 04:00:00,0,105,0
2024-01-28 05:00:00,0,82,0
2024-01-28 06:00:00,22,131,6
2024-01-28 07:00:00,59,193,10
2024-01-28 08:00:00,74,238,8
2024-01-28 09:00:00,90,280,9
2024-01-28 10:00:00,104,455,17
2024-01-28 11:00:00,173,505,19
2024-01-28 12:00:00,228,651,25
2024-01-28 13:00:00,223,660,22
2024-01-28 14:00:00,219,681,22
2024-01-28 15:00:00,275,669,16
2024-01-28 16:00:00,232,727,34
2024-01-28 17:00:00,174,697,27
2024-01-28 18:00:00,117,615,33
2024-01-28 19:00:00,90,484,30
2024-01-28 20:00:00,84,427,21
2024-01-28 21:00:00,31,261,13
2024-01-28 22:00:00,24,265,10
2024-01-28 23:00:00,9,174,5
2024-01-29 00:00:00,2,99,0
2024-01-29 01:00:00,0,64,0
2024-01-29 02:00:00,0,54,0
2024-01-29 03:00:00,0,37,2
2024-01-29 04:00:00,0,35,0
2024-01-29 05:00:00,0,71,0
2024-01-29 06:00:00,33,236,19
2024-01-29 07:00:00,116,572,57
2024-01-29 08:00:00,552,649,74
2024-01-29 09:00:00,459,613,37
2024-01-29 10:00:00,510,529,23
2024-01-29 11:00:00,530,570,25
2024-01-29 12:00:00,511,551,30
2024-01-29 13:00:00,541,556,28
2024-01-29 14:00:00,546,614,33
2024-01-29 15:00:00,668,664,55
2024-01-29 16:00:00,549,721,86
2024-01-29 17:00:00,273,773,111
2024-01-29 18:00:00,181,666,73
2024-01-29 19:00:00,108,447,44
2024-01-29 20:00:00,84,422,19
2024-01-29 21:00:00,40,323,11
2024-01-29 22:00:00,29,271,21
2024-01-29 23:00:00,1,154,3
2024-01-30 00:00:00,0,102,2
2024-01-30 01:00:00,0,72,0
2024-01-30 02:00:00,0,56,0
2024-01-30 03:00:00,0,41,0
2024-01-30 04:00:00,0,33,0
2024-01-30 05:00:00,2,70,3
2024-01-30 06:00:00,35,239,23
2024-01-30 07:00:00,187,639,69
2024-01-30 08:00:00,538,704,68
2024-01-30 09:00:00,439,600,38
2024-01-30 10:00:00,539,514,19
2024-01-30 11:00:00,518,541,28
2024-01-30 12:00:00,490,572,14
2024-01-30 13:00:00,588,594,30
2024-01-30 14:00:00,573,663,29
2024-01-30 15:00:00,619,687,47
2024-01-30 16:00:00,589,722,61
2024-01-30 17:00:00,324,726,147
2024-01-30 18:00:00,223,708,90
2024-01-30 19:00:00,140,569,48
2024-01-30 20:00:00,74,399,41
2024-01-30 21:00:00,68,357,32
2024-01-30 22:00:00,46,403,11
2024-01-30 23:00:00,5,186,6
2024-01-31 00:00:00,6,98,2
2024-01-31 01:00:00,1,96,0
2024-01-31 02:00:00,0,64,0
2024-01-31 03:00:00,0,59,0
2024-01-31 04:00:00,0,27,0
2024-01-31 05:00:00,0,59,0
2024-01-31 06:00:00,40,236,19
2024-01-31 07:00:00,195,627,67
2024-01-31 08:00:00,580,707,61
2024-01-31 09:00:00,532,590,36
2024-01-31 10:00:00,473,559,16
2024-01-31 11:00:00,511,551,15
2024-01-31 12:00:00,533,565,36
2024-01-31 13:00:00,610,611,32
2024-01-31 14:00:00,415,631,32
2024-01-31 15:00:00,512,637,52
2024-01-31 16:00:00,512,712,94
2024-01-31 17:00:00,299,701,163
2024-01-31 18:00:00,145,698,90
2024-01-31 19:00:00,23,632,27
2024-01-31 20:00:00,1,486,26
2024-01-31 21:00:00,0,421,9
2024-01-31 22:00:00,0,511,20
2024-01-31 23:00:00,3,217,16
2024-02-01 00:00:00,2,147,0
2024-02-01 01:00:00,0,112,1
2024-02-01 02:00:00,2,96,0
2024-02-01 03:00:00,0,62,0
2024-02-01 04:00:00,1,44,0
2024-02-01 05:00:00,0,59,1
2024-02-01 06:00:00,45,261,14
2024-02-01 07:00:00,183,594,69
2024-02-01 08:00:00,571,727,72
2024-02-01 09:00:00,432,605,24
2024-02-01 10:00:00,424,538,14
2024-02-01 11:00:00,427,516,31
2024-02-01 12:00:00,621,593,28
2024-02-01 13:00:00,533,622,56
2024-02-01 14:00:00,352,635,34
2024-02-01 15:00:00,622,665,54
2024-02-01 16:00:00,586,751,75
2024-02-01 17:00:00,485,690,172
2024-02-01 18:00:00,265,698,101
2024-02-01 19:00:00,176,609,50
2024-02-01 20:00:00,105,478,35
2024-02-01 21:00:00,67,396,23
2024-02-01 22:00:00,54,507,23
2024-02-01 23:00:00,16,362,12
2024-02-02 00:00:00,3,140,4
2024-02-02 01:00:00,0,86,1
2024-02-02 02:00:00,1,66,1
2024-02-02 03:00:00,0,48,1
2024-02-02 04:00:00,0,44,0
2024-02-02 05:00:00,0,52,0
2024-02-02 06:00:00,7,217,18
2024-02-02 07:00:00,142,519,46
2024-02-02 08:00:00,475,653,50
2024-02-02 09:00:00,402,580,28
2024-02-02 10:00:00,423,555,25
2024-02-02 11:00:00,462,582,27
2024-02-02 12:00:00,508,563,40
2024-02-02 13:00:00,500,617,43
2024-02-02 14:00:00,524,636,37
2024-02-02 15:00:00,610,591,46
2024-02-02 16:00:00,480,689,74
2024-02-02 17:00:00,241,750,94
2024-02-02 18:00:00,40,708,54
2024-02-02 19:00:00,29,608,25
2024-02-02 20:00:00,24,552,25
2024-02-02 21:00:00,34,432,12
2024-02-02 22:00:00,12,789,24
2024-02-02 23:00:00,3,408,9
2024-02-03 00:00:00,1,304,4
2024-02-03 01:00:00,0,200,2
2024-02-03 02:00:00,3,173,0
2024-02-03 03:00:00,3,118,2
2024-02-03 04:00:00,0,90,0
2024-02-03 05:00:00,0,84,0
2024-02-03 06:00:00,24,183,10
2024-02-03 07:00:00,68,224,23
2024-02-03 08:00:00,86,305,8
2024-02-03 09:00:00,122,333,9
2024-02-03 10:00:00,156,566,19
2024-02-03 11:00:00,212,609,26
2024-02-03 12:00:00,263,656,44
2024-02-03 13:00:00,289,668,21
2024-02-03 14:00:00,318,688,23
2024-02-03 15:00:00,271,598,25
2024-02-03 16:00:00,285,640,29
2024-02-03 17:00:00,137,675,47
2024-02-03 18:00:00,63,588,19
2024-02-03 19:00:00,37,620,25
2024-02-03 20:00:00,10,524,13
2024-02-03 21:00:00,15,423,21
2024-02-03 22:00:00,20,571,19
2024-02-03 23:00:00,11,503,20
2024-02-04 00:00:00,2,345,1
2024-02-04 01:00:00,1,190,2
2024-02-04 02:00:00,0,156,0
2024-02-04 03:00:00,1,160,0
2024-02-04 04:00:00,0,111,0
2024-02-04 05:00:00,0,104,1
2024-02-04 06:00:00,0,163,2
2024-02-04 07:00:00,24,193,13
2024-02-04 08:00:00,47,192,13
2024-02-04 09:00:00,83,329,13
2024-02-04 10:00:00,115,434,17
2024-02-04 11:00:00,209,531,16
2024-02-04 12:00:00,203,605,23
2024-02-04 13:00:00,263,658,23
2024-02-04 14:00:00,278,681,16
2024-02-04 15:00:00,258,621,16
2024-02-04 16:00:00,248,628,25
2024-02-04 17:00:00,161,606,23
2024-02-04 18:00:00,95,541,29
2024-02-04 19:00:00,80,496,25
2024-02-04 20:00:00,56,436,24
2024-02-04 21:00:00,39,298,12
2024-02-04 22:00:00,31,305,9
2024-02-04 23:00:00,8,151,4
2024-02-05 00:00:00,6,112,1
2024-02-05 01:00:00,3,54,1
2024-02-05 02:00:00,0,44,0
2024-02-05 03:00:00,0,35,0
2024-02-05 04:00:00,0,31,0
2024-02-05 05:00:00,0,82,1
2024-02-05 06:00:00,61,257,20
2024-02-05 07:00:00,195,618,59
2024-02-05 08:00:00,602,694,58
2024-02-05 09:00:00,483,542,28
2024-02-05 10:00:00,485,559,22
2024-02-05 11:00:00,510,575,13
2024-02-05 12:00:00,463,544,19
2024-02-05 13:00:00,508,551,43
2024-02-05 14:00:00,530,606,24
2024-02-05 15:00:00,656,656,53
2024-02-05 16:00:00,523,694,69
2024-02-05 17:00:00,442,769,137
2024-02-05 18:00:00,213,667,98
2024-02-05 19:00:00,189,480,46
2024-02-05 20:00:00,94,398,17
2024-02-05 21:00:00,50,343,13
2024-02-05 22:00:00,27,360,20
2024-02-05 23:00:00,12,204,5
2024-02-06 00:00:00,2,98,1
2024-02-06 01:00:00,1,67,0
2024-02-06 02:00:00,0,56,0
2024-02-06 03:00:00,0,35,0
2024-02-06 04:00:00,0,41,0
2024-02-06 05:00:00,0,71,0
2024-02-06 06:00:00,16,239,9
2024-02-06 07:00:00,195,615,75
2024-02-06 08:00:00,664,697,63
2024-02-06 09:00:00,489,601,46
2024-02-06 10:00:00,520,522,25
2024-02-06 11:00:00,464,554,17
2024-02-06 12:00:00,575,579,32
2024-02-06 13:00:00,576,567,33
2024-02-06 14:00:00,585,660,36
2024-02-06 15:00:00,693,658,43
2024-02-06 16:00:00,524,709,99
2024-02-06 17:00:00,141,770,97
2024-02-06 18:00:00,0,656,46
2024-02-06 19:00:00,0,594,20
2024-02-06 20:00:00,0,481,12
2024-02-06 21:00:00,0,402,6
2024-02-06 22:00:00,0,460,2
2024-02-06 23:00:00,0,302,6
2024-02-07 00:00:00,0,76,3
2024-02-07 01:00:00,0,64,0
2024-02-07 02:00:00,0,65,0
2024-02-07 03:00:00,0,48,0
2024-02-07 04:00:00,0,40,0
2024-02-07 05:00:00,0,76,0
2024-02-07 06:00:00,11,248,14
2024-02-07 07:00:00,164,566,52
2024-02-07 08:00:00,614,745,71
2024-02-07 09:00:00,491,620,35
2024-02-07 10:00:00,490,528,20
2024-02-07 11:00:00,520,541,35
2024-02-07 12:00:00,507,550,33
2024-02-07 13:00:00,560,618,35
2024-02-07 14:00:00,447,576,32
2024-02-07 15:00:00,525,650,43
2024-02-07 16:00:00,554,675,57
2024-02-07 17:00:00,397,751,139
2024-02-07 18:00:00,182,707,77
2024-02-07 19:00:00,137,604,48
2024-02-07 20:00:00,94,461,31
2024-02-07 21:00:00,64,457,26
2024-02-07 22:00:00,67,663,18
2024-02-07 23:00:00,21,243,10
2024-02-08 00:00:00,4,131,2
2024-02-08 01:00:00,5,129,1
2024-02-08 02:00:00,2,118,0
2024-02-08 03:00:00,0,80,0
2024-02-08 04:00:00,0,38,0
2024-02-08 05:00:00,0,71,0
2024-02-08 06:00:00,0,268,3
2024-02-08 07:00:00,3,594,30
2024-02-08 08:00:00,11,604,62
2024-02-08 09:00:00,206,548,41
2024-02-08 10:00:00,404,555,13
2024-02-08 11:00:00,367,578,27
2024-02-08 12:00:00,479,548,31
2024-02-08 13:00:00,502,589,26
2024-02-08 14:00:00,470,617,28
2024-02-08 15:00:00,548,683,48
2024-02-08 16:00:00,510,732,101
2024-02-08 17:00:00,108,612,102
2024-02-08 18:00:00,7,612,44
2024-02-08 19:00:00,0,581,23
2024-02-08 20:00:00,0,512,14
2024-02-08 21:00:00,0,424,11
2024-02-08 22:00:00,1,568,4
2024-02-08 23:00:00,1,274,10
2024-02-09 00:00:00,3,121,3
2024-02-09 01:00:00,1,90,0
2024-02-09 02:00:00,1,68,0
2024-02-09 03:00:00,0,56,0
2024-02-09 04:00:00,0,41,0
2024-02-09 05:00:00,0,73,0
2024-02-09 06:00:00,24,221,17
2024-02-09 07:00:00,161,502,39
2024-02-09 08:00:00,454,590,57
2024-02-09 09:00:00,417,538,27
2024-02-09 10:00:00,446,551,20
2024-02-09 11:00:00,471,495,25
2024-02-09 12:00:00,542,602,36
2024-02-09 13:00:00,527,594,39
2024-02-09 14:00:00,437,632,34
2024-02-09 15:00:00,471,716,54
2024-02-09 16:00:00,497,718,71
2024-02-09 17:00:00,421,723,85
2024-02-09 18:00:00,148,665,53
2024-02-09 19:00:00,86,615,26
2024-02-09 20:00:00,11,499,18
2024-02-09 21:00:00,37,421,11
2024-02-09 22:00:00,67,671,18
2024-02-09 23:00:00,37,400,13
2024-02-10 00:00:00,19,263,4
2024-02-10 01:00:00,11,191,1
2024-02-10 02:00:00,7,169,4
2024-02-10 03:00:00,4,120,1
2024-02-10 04:00:00,2,77,0
2024-02-10 05:00:00,3,97,2
2024-02-10 06:00:00,33,158,5
2024-02-10 07:00:00,65,237,10
2024-02-10 08:00:00,94,267,7
2024-02-10 09:00:00,112,388,5
2024-02-10 10:00:00,179,560,12
2024-02-10 11:00:00,221,583,21
2024-02-10 12:00:00,277,611,34
2024-02-10 13:00:00,280,671,22
2024-02-10 14:00:00,264,694,27
2024-02-10 15:00:00,302,625,29
2024-02-10 16:00:00,316,629,29
2024-02-10 17:00:00,246,675,38
2024-02-10 18:00:00,114,593,27
2024-02-10 19:00:00,145,698,43
2024-02-10 20:00:00,83,509,24
2024-02-10 21:00:00,61,477,7
2024-02-10 22:00:00,39,696,19
2024-02-10 23:00:00,9,378,5
2024-02-11 00:00:00,7,310,4
2024-02-11 01:00:00,3,215,2
2024-02-11 02:00:00,2,186,2
2024-02-11 03:00:00,1,163,2
2024-02-11 04:00:00,0,107,0
2024-02-11 05:00:00,0,81,1
2024-02-11 06:00:00,11,145,11
2024-02-11 07:00:00,48,177,11
2024-02-11 08:00:00,64,177,4
2024-02-11 09:00:00,80,288,5
2024-02-11 10:00:00,102,393,9
2024-02-11 11:00:00,198,562,12
2024-02-11 12:00:00,260,640,21
2024-02-11 13:00:00,262,662,28
2024-02-11 14:00:00,237,637,25
2024-02-11 15:00:00,243,610,26
2024-02-11 16:00:00,256,645,31
2024-02-11 17:00:00,228,630,37
2024-02-11 18:00:00,98,550,17
2024-02-11 19:00:00,121,534,32
2024-02-11 20:00:00,77,419,16
2024-02-11 21:00:00,32,321,5
2024-02-11 22:00:00,30,389,8
2024-02-11 23:00:00,7,368,6
2024-02-12 00:00:00,1,104,3
2024-02-12 01:00:00,0,81,0
2024-02-12 02:00:00,1,49,0
2024-02-12 03:00:00,1,46,0
2024-02-12 04:00:00,0,39,0
2024-02-12 05:00:00,0,81,0
2024-02-12 06:00:00,43,236,16
2024-02-12 07:00:00,196,518,63
2024-02-12 08:00:00,386,467,63
2024-02-12 09:00:00,398,453,31
2024-02-12 10:00:00,241,521,32
2024-02-12 11:00:00,287,512,54
2024-02-12 12:00:00,493,531,28
2024-02-12 13:00:00,484,509,33
2024-02-12 14:00:00,409,626,31
2024-02-12 15:00:00,421,632,57
2024-02-12 16:00:00,470,681,76
2024-02-12 17:00:00,465,754,115
2024-02-12 18:00:00,189,646,71
2024-02-12 19:00:00,156,517,43
2024-02-12 20:00:00,106,406,28
2024-02-12 21:00:00,62,359,20
2024-02-12 22:00:00,59,378,20
2024-02-12 23:00:00,12,246,10
2024-02-13 00:00:00,3,116,1
2024-02-13 01:00:00,1,70,1
2024-02-13 02:00:00,0,45,0
2024-02-13 03:00:00,1,32,1
2024-02-13 04:00:00,2,34,1
2024-02-13 05:00:00,2,72,0
2024-02-13 06:00:00,44,228,26
2024-02-13 07:00:00,203,536,62
2024-02-13 08:00:00,464,529,72
2024-02-13 09:00:00,374,502,35
2024-02-13 10:00:00,334,528,20
2024-02-13 11:00:00,372,571,26
2024-02-13 12:00:00,451,562,33
2024-02-13 13:00:00,435,607,38
2024-02-13 14:00:00,434,626,19
2024-02-13 15:00:00,507,649,34
2024-02-13 16:00:00,494,696,76
2024-02-13 17:00:00,237,736,134
2024-02-13 18:00:00,4,687,46
2024-02-13 19:00:00,16,594,30
2024-02-13 20:00:00,11,428,18
2024-02-13 21:00:00,32,363,17
2024-02-13 22:00:00,24,657,29
2024-02-13 23:00:00,2,275,7
2024-02-14 00:00:00,1,107,0
2024-02-14 01:00:00,0,82,1
2024-02-14 02:00:00,1,53,0
2024-02-14 03:00:00,2,36,1
2024-02-14 04:00:00,0,49,1
2024-02-14 05:00:00,1,59,0
2024-02-14 06:00:00,4,225,24
2024-02-14 07:00:00,183,500,43
2024-02-14 08:00:00,498,484,60
2024-02-14 09:00:00,446,498,25
2024-02-14 10:00:00,472,530,19
2024-02-14 11:00:00,481,551,19
2024-02-14 12:00:00,476,528,27
2024-02-14 13:00:00,495,560,37
2024-02-14 14:00:00,432,608,28
2024-02-14 15:00:00,437,642,42
2024-02-14 16:00:00,462,664,73
2024-02-14 17:00:00,417,773,148
2024-02-14 18:00:00,187,675,89
2024-02-14 19:00:00,186,623,47
2024-02-14 20:00:00,128,524,29
2024-02-14 21:00:00,60,426,22
2024-02-14 22:00:00,42,574,21
2024-02-14 23:00:00,1,353,8
2024-02-15 00:00:00,0,167,5
2024-02-15 01:00:00,0,132,1
2024-02-15 02:00:00,1,106,0
2024-02-15 03:00:00,0,84,2
2024-02-15 04:00:00,1,65,0
2024-02-15 05:00:00,1,76,0
2024-02-15 06:00:00,43,242,23
2024-02-15 07:00:00,216,475,46
2024-02-15 08:00:00,496,543,42
2024-02-15 09:00:00,424,480,33
2024-02-15 10:00:00,356,513,30
2024-02-15 11:00:00,426,561,22
2024-02-15 12:00:00,534,577,23
2024-02-15 13:00:00,504,602,34
2024-02-15 14:00:00,526,619,37
2024-02-15 15:00:00,525,648,44
2024-02-15 16:00:00,468,701,74
2024-02-15 17:00:00,414,725,110
2024-02-15 18:00:00,32,712,58
2024-02-15 19:00:00,26,677,24
2024-02-15 20:00:00,3,563,21
2024-02-15 21:00:00,6,477,15
2024-02-15 22:00:00,3,557,17
2024-02-15 23:00:00,1,292,7
2024-02-16 00:00:00,0,142,0
2024-02-16 01:00:00,0,100,0
2024-02-16 02:00:00,8,72,0
2024-02-16 03:00:00,1,43,1
2024-02-16 04:00:00,1,40,0
2024-02-16 05:00:00,1,66,2
2024-02-16 06:00:00,54,216,10
2024-02-16 07:00:00,218,444,44
2024-02-16 08:00:00,419,490,36
2024-02-16 09:00:00,358,484,22
2024-02-16 10:00:00,437,530,19
2024-02-16 11:00:00,404,556,20
2024-02-16 12:00:00,476,620,31
2024-02-16 13:00:00,537,652,46
2024-02-16 14:00:00,537,623,26
2024-02-16 15:00:00,505,714,50
2024-02-16 16:00:00,549,795,51
2024-02-16 17:00:00,421,728,69
2024-02-16 18:00:00,101,701,55
2024-02-16 19:00:00,134,641,39
2024-02-16 20:00:00,111,515,23
2024-02-16 21:00:00,65,444,12
2024-02-16 22:00:00,60,617,23
2024-02-16 23:00:00,31,429,10
2024-02-17 00:00:00,12,263,5
2024-02-17 01:00:00,5,188,0
2024-02-17 02:00:00,3,145,0
2024-02-17 03:00:00,3,133,0
2024-02-17 04:00:00,1,92,0
2024-02-17 05:00:00,1,73,0
2024-02-17 06:00:00,17,148,4
2024-02-17 07:00:00,79,211,5
2024-02-17 08:00:00,96,268,7
2024-02-17 09:00:00,123,359,14
2024-02-17 10:00:00,212,503,20
2024-02-17 11:00:00,240,564,12
2024-02-17 12:00:00,278,621,26
2024-02-17 13:00:00,327,607,24
2024-02-17 14:00:00,303,692,21
2024-02-17 15:00:00,282,656,17
2024-02-17 16:00:00,301,638,27
2024-02-17 17:00:00,107,661,26
2024-02-17 18:00:00,5,603,20
2024-02-17 19:00:00,1,558,23
2024-02-17 20:00:00,3,482,11
2024-02-17 21:00:00,4,361,16
2024-02-17 22:00:00,2,589,9
2024-02-17 23:00:00,0,509,9
2024-02-18 00:00:00,7,317,1
2024-02-18 01:00:00,1,200,1
2024-02-18 02:00:00,0,156,1
2024-02-18 03:00:00,0,152,0
2024-02-18 04:00:00,0,124,0
2024-02-18 05:00:00,0,78,0
2024-02-18 06:00:00,5,138,4
2024-02-18 07:00:00,67,167,14
2024-02-18 08:00:00,77,197,9
2024-02-18 09:00:00,100,314,7
2024-02-18 10:00:00,151,407,10
2024-02-18 11:00:00,224,478,17
2024-02-18 12:00:00,295,542,23
2024-02-18 13:00:00,286,583,23
2024-02-18 14:00:00,247,601,21
2024-02-18 15:00:00,216,614,36
2024-02-18 16:00:00,278,619,15
2024-02-18 17:00:00,232,618,32
2024-02-18 18:00:00,125,594,40
2024-02-18 19:00:00,112,451,25
2024-02-18 20:00:00,51,426,14
2024-02-18 21:00:00,36,425,13
2024-02-18 22:00:00,22,283,10
2024-02-18 23:00:00,7,128,6
2024-02-19 00:00:00,7,83,0
2024-02-19 01:00:00,1,70,1
2024-02-19 02:00:00,0,51,0
2024-02-19 03:00:00,0,41,0
2024-02-19 04:00:00,0,45,1
2024-02-19 05:00:00,0,72,0
2024-02-19 06:00:00,36,248,18
2024-02-19 07:00:00,227,540,54
2024-02-19 08:00:00,495,587,67
2024-02-19 09:00:00,395,529,36
2024-02-19 10:00:00,436,496,17
2024-02-19 11:00:00,413,515,19
2024-02-19 12:00:00,477,552,27
2024-02-19 13:00:00,504,570,32
2024-02-19 14:00:00,497,576,36
2024-02-19 15:00:00,549,673,54
2024-02-19 16:00:00,521,664,71
2024-02-19 17:00:00,546,791,107
2024-02-19 18:00:00,225,620,84
2024-02-19 19:00:00,150,501,43
2024-02-19 20:00:00,94,358,20
2024-02-19 21:00:00,55,266,14
2024-02-19 22:00:00,44,254,10
2024-02-19 23:00:00,10,129,6
2024-02-20 00:00:00,1,82,2
2024-02-20 01:00:00,0,65,0
2024-02-20 02:00:00,0,52,0
2024-02-20 03:00:00,0,37,0
2024-02-20 04:00:00,0,32,1
2024-02-20 05:00:00,1,82,1
2024-02-20 06:00:00,60,241,17
2024-02-20 07:00:00,227,556,69
2024-02-20 08:00:00,600,596,59
2024-02-20 09:00:00,450,552,27
2024-02-20 10:00:00,487,522,30
2024-02-20 11:00:00,431,539,25
2024-02-20 12:00:00,497,605,35
2024-02-20 13:00:00,534,572,34
2024-02-20 14:00:00,497,589,38
2024-02-20 15:00:00,592,722,53
2024-02-20 16:00:00,601,718,87
2024-02-20 17:00:00,579,755,132
2024-02-20 18:00:00,285,715,82
2024-02-20 19:00:00,199,590,49
2024-02-20 20:00:00,123,476,28
2024-02-20 21:00:00,56,444,27
2024-02-20 22:00:00,38,475,12
2024-02-20 23:00:00,8,170,10
2024-02-21 00:00:00,3,114,1
2024-02-21 01:00:00,0,61,0
2024-02-21 02:00:00,0,52,0
2024-02-21 03:00:00,0,32,0
2024-02-21 04:00:00,0,45,0
2024-02-21 05:00:00,0,70,0
2024-02-21 06:00:00,0,277,10
2024-02-21 07:00:00,160,566,53
2024-02-21 08:00:00,364,595,77
2024-02-21 09:00:00,292,575,42
2024-02-21 10:00:00,285,533,13
2024-02-21 11:00:00,359,561,23
2024-02-21 12:00:00,440,614,35
2024-02-21 13:00:00,446,618,48
2024-02-21 14:00:00,394,592,33
2024-02-21 15:00:00,524,653,46
2024-02-21 16:00:00,546,720,81
2024-02-21 17:00:00,456,751,108
2024-02-21 18:00:00,155,714,79
2024-02-21 19:00:00,108,589,38
2024-02-21 20:00:00,88,453,37
2024-02-21 21:00:00,51,506,26
2024-02-21 22:00:00,46,578,14
2024-02-21 23:00:00,14,298,5
2024-02-22 00:00:00,4,129,0
2024-02-22 01:00:00,3,118,0
2024-02-22 02:00:00,6,113,2
2024-02-22 03:00:00,2,80,0
2024-02-22 04:00:00,0,54,0
2024-02-22 05:00:00,0,76,0
2024-02-22 06:00:00,45,245,17
2024-02-22 07:00:00,213,583,55
2024-02-22 08:00:00,469,571,57
2024-02-22 09:00:00,420,564,30
2024-02-22 10:00:00,473,529,19
2024-02-22 11:00:00,471,569,13
2024-02-22 12:00:00,457,590,39
2024-02-22 13:00:00,280,358,16
2024-02-22 14:00:00,409,609,30
2024-02-22 15:00:00,607,666,34
2024-02-22 16:00:00,537,665,60
2024-02-22 17:00:00,484,808,120
2024-02-22 18:00:00,236,729,70
2024-02-22 19:00:00,160,643,33
2024-02-22 20:00:00,87,483,32
2024-02-22 21:00:00,57,466,20
2024-02-22 22:00:00,44,455,20
2024-02-22 23:00:00,12,362,6
2024-02-23 00:00:00,0,135,2
2024-02-23 01:00:00,0,93,0
2024-02-23 02:00:00,0,71,0
2024-02-23 03:00:00,2,40,0
2024-02-23 04:00:00,0,47,0
2024-02-23 05:00:00,1,58,0
2024-02-23 06:00:00,53,201,22
2024-02-23 07:00:00,213,558,47
2024-02-23 08:00:00,478,593,47
2024-02-23 09:00:00,337,538,25
2024-02-23 10:00:00,389,566,18
2024-02-23 11:00:00,370,599,26
2024-02-23 12:00:00,449,611,28
2024-02-23 13:00:00,458,583,32
2024-02-23 14:00:00,438,645,50
2024-02-23 15:00:00,532,691,61
2024-02-23 16:00:00,481,723,52
2024-02-23 17:00:00,446,777,93
2024-02-23 18:00:00,69,702,71
2024-02-23 19:00:00,55,650,33
2024-02-23 20:00:00,83,534,30
2024-02-23 21:00:00,66,448,29
2024-02-23 22:00:00,61,553,24
2024-02-23 23:00:00,26,308,8
2024-02-24 00:00:00,12,232,1
2024-02-24 01:00:00,1,178,0
2024-02-24 02:00:00,2,115,3
2024-02-24 03:00:00,2,119,2
2024-02-24 04:00:00,1,90,0
2024-02-24 05:00:00,0,62,1
2024-02-24 06:00:00,32,172,10
2024-02-24 07:00:00,75,227,13
2024-02-24 08:00:00,112,285,11
2024-02-24 09:00:00,136,400,10
2024-02-24 10:00:00,171,540,25
2024-02-24 11:00:00,238,572,23
2024-02-24 12:00:00,231,599,28
2024-02-24 13:00:00,290,674,27
2024-02-24 14:00:00,346,677,17
2024-02-24 15:00:00,235,602,21
2024-02-24 16:00:00,242,672,27
2024-02-24 17:00:00,219,693,37
2024-02-24 18:00:00,116,514,30
2024-02-24 19:00:00,70,550,20
2024-02-24 20:00:00,47,438,27
2024-02-24 21:00:00,58,433,19
2024-02-24 22:00:00,59,539,25
2024-02-24 23:00:00,21,376,19
2024-02-25 00:00:00,19,295,10
2024-02-25 01:00:00,7,222,3
2024-02-25 02:00:00,3,192,1
2024-02-25 03:00:00,3,135,3
2024-02-25 04:00:00,2,92,1
2024-02-25 05:00:00,1,99,0
2024-02-25 06:00:00,33,128,9
2024-02-25 07:00:00,67,176,5
2024-02-25 08:00:00,72,212,11
2024-02-25 09:00:00,91,298,9
2024-02-25 10:00:00,180,395,12
2024-02-25 11:00:00,208,498,14
2024-02-25 12:00:00,176,610,15
2024-02-25 13:00:00,142,610,17
2024-02-25 14:00:00,125,646,16
2024-02-25 15:00:00,79,622,18
2024-02-25 16:00:00,26,591,32
2024-02-25 17:00:00,25,615,21
2024-02-25 18:00:00,0,517,10
2024-02-25 19:00:00,0,461,5
2024-02-25 20:00:00,0,402,5
2024-02-25 21:00:00,0,274,5
2024-02-25 22:00:00,2,234,5
2024-02-25 23:00:00,1,233,1
2024-02-26 00:00:00,0,93,1
2024-02-26 01:00:00,0,65,0
2024-02-26 02:00:00,0,39,1
2024-02-26 03:00:00,0,39,0
2024-02-26 04:00:00,0,19,1
2024-02-26 05:00:00,1,71,2
2024-02-26 06:00:00,68,234,15
2024-02-26 07:00:00,215,592,54
2024-02-26 08:00:00,490,705,54
2024-02-26 09:00:00,378,535,31
2024-02-26 10:00:00,381,456,15
2024-02-26 11:00:00,391,521,14
2024-02-26 12:00:00,412,526,20
2024-02-26 13:00:00,409,524,25
2024-02-26 14:00:00,441,583,24
2024-02-26 15:00:00,515,661,37
2024-02-26 16:00:00,477,698,67
2024-02-26 17:00:00,478,749,93
2024-02-26 18:00:00,225,632,90
2024-02-26 19:00:00,171,516,39
2024-02-26 20:00:00,112,535,31
2024-02-26 21:00:00,54,427,16
2024-02-26 22:00:00,43,347,16
2024-02-26 23:00:00,8,195,2
2024-02-27 00:00:00,5,113,3
2024-02-27 01:00:00,0,82,0
2024-02-27 02:00:00,1,48,0
2024-02-27 03:00:00,0,48,0
2024-02-27 04:00:00,0,57,0
2024-02-27 05:00:00,3,84,0
2024-02-27 06:00:00,63,225,18
2024-02-27 07:00:00,233,561,49
2024-02-27 08:00:00,513,604,56
2024-02-27 09:00:00,444,568,22
2024-02-27 10:00:00,398,535,19
2024-02-27 11:00:00,386,516,13
2024-02-27 12:00:00,475,550,21
2024-02-27 13:00:00,519,569,34
2024-02-27 14:00:00,460,588,37
2024-02-27 15:00:00,587,679,41
2024-02-27 16:00:00,511,717,75
2024-02-27 17:00:00,467,731,145
2024-02-27 18:00:00,43,685,62
2024-02-27 19:00:00,13,588,39
2024-02-27 20:00:00,49,582,23
2024-02-27 21:00:00,79,562,27
2024-02-27 22:00:00,62,540,15
2024-02-27 23:00:00,25,192,10
2024-02-28 00:00:00,8,117,2
2024-02-28 01:00:00,1,95,1
2024-02-28 02:00:00,2,75,1
2024-02-28 03:00:00,2,56,2
2024-02-28 04:00:00,1,53,0
2024-02-28 05:00:00,3,79,1
2024-02-28 06:00:00,65,247,21
2024-02-28 07:00:00,207,578,42
2024-02-28 08:00:00,530,701,66
2024-02-28 09:00:00,476,590,35
2024-02-28 10:00:00,393,541,20
2024-02-28 11:00:00,354,527,30
2024-02-28 12:00:00,468,570,24
2024-02-28 13:00:00,416,579,36
2024-02-28 14:00:00,305,639,34
2024-02-28 15:00:00,438,671,42
2024-02-28 16:00:00,473,696,82
2024-02-28 17:00:00,450,739,128
2024-02-28 18:00:00,127,645,89
2024-02-28 19:00:00,79,591,54
2024-02-28 20:00:00,81,480,29
2024-02-28 21:00:00,47,499,25
2024-02-28 22:00:00,56,710,24
2024-02-28 23:00:00,15,260,4
2024-02-29 00:00:00,4,163,0
2024-02-29 01:00:00,0,117,1
2024-02-29 02:00:00,1,109,0
2024-02-29 03:00:00,0,79,0
2024-02-29 04:00:00,0,55,0
2024-02-29 05:00:00,0,61,0
2024-02-29 06:00:00,57,245,21
2024-02-29 07:00:00,227,553,51
2024-02-29 08:00:00,482,588,60
2024-02-29 09:00:00,395,551,29
2024-02-29 10:00:00,401,540,20
2024-02-29 11:00:00,431,566,16
2024-02-29 12:00:00,468,540,22
2024-02-29 13:00:00,577,586,28
2024-02-29 14:00:00,528,605,26
2024-02-29 15:00:00,600,680,37
2024-02-29 16:00:00,596,702,62
2024-02-29 17:00:00,540,790,102
2024-02-29 18:00:00,214,754,71
2024-02-29 19:00:00,172,619,57
2024-02-29 20:00:00,100,476,28
2024-02-29 21:00:00,82,534,22
2024-02-29 22:00:00,44,547,25
2024-02-29 23:00:00,13,226,9
2024-03-01 00:00:00,3,140,1
2024-03-01 01:00:00,2,96,0
2024-03-01 02:00:00,1,95,1
2024-03-01 03:00:00,0,76,1
2024-03-01 04:00:00,0,39,0
2024-03-01 05:00:00,0,77,0
2024-03-01 06:00:00,54,200,14
2024-03-01 07:00:00,189,547,43
2024-03-01 08:00:00,409,563,42
2024-03-01 09:00:00,329,538,26
2024-03-01 10:00:00,309,559,31
2024-03-01 11:00:00,399,594,24
2024-03-01 12:00:00,418,626,20
2024-03-01 13:00:00,436,588,44
2024-03-01 14:00:00,390,574,40
2024-03-01 15:00:00,389,614,57
2024-03-01 16:00:00,426,685,65
2024-03-01 17:00:00,422,682,73
2024-03-01 18:00:00,105,679,54
2024-03-01 19:00:00,33,690,35
2024-03-01 20:00:00,71,518,23
2024-03-01 21:00:00,48,463,25
2024-03-01 22:00:00,25,697,12
2024-03-01 23:00:00,2,329,6
2024-03-02 00:00:00,0,281,2
2024-03-02 01:00:00,0,181,0
2024-03-02 02:00:00,1,180,0
2024-03-02 03:00:00,0,124,1
2024-03-02 04:00:00,0,83,0
2024-03-02 05:00:00,0,76,0
2024-03-02 06:00:00,30,172,10
2024-03-02 07:00:00,70,232,10
2024-03-02 08:00:00,86,261,7
2024-03-02 09:00:00,76,349,12
2024-03-02 10:00:00,101,512,7
2024-03-02 11:00:00,198,583,15
2024-03-02 12:00:00,178,622,23
2024-03-02 13:00:00,164,654,16
2024-03-02 14:00:00,204,671,13
2024-03-02 15:00:00,223,675,12
2024-03-02 16:00:00,239,664,16
2024-03-02 17:00:00,231,605,19
2024-03-02 18:00:00,145,559,35
2024-03-02 19:00:00,69,562,26
2024-03-02 20:00:00,39,477,20
2024-03-02 21:00:00,36,529,13
2024-03-02 22:00:00,50,517,27
2024-03-02 23:00:00,20,408,19
2024-03-03 00:00:00,11,308,3
2024-03-03 01:00:00,0,200,0
2024-03-03 02:00:00,0,207,0
2024-03-03 03:00:00,1,172,0
2024-03-03 04:00:00,0,139,0
2024-03-03 05:00:00,0,96,0
2024-03-03 06:00:00,24,156,9
2024-03-03 07:00:00,67,182,10
2024-03-03 08:00:00,53,212,5
2024-03-03 09:00:00,88,305,7
2024-03-03 10:00:00,120,454,16
2024-03-03 11:00:00,270,521,16
2024-03-03 12:00:00,226,554,17
2024-03-03 13:00:00,264,594,26
2024-03-03 14:00:00,258,642,19
2024-03-03 15:00:00,255,626,31
2024-03-03 16:00:00,257,630,21
2024-03-03 17:00:00,243,600,40
2024-03-03 18:00:00,138,578,46
2024-03-03 19:00:00,78,463,21
2024-03-03 20:00:00,46,409,17
2024-03-03 21:00:00,41,249,12
2024-03-03 22:00:00,27,250,8
2024-03-03 23:00:00,5,145,2
2024-03-04 00:00:00,3,106,2
2024-03-04 01:00:00,0,56,0
2024-03-04 02:00:00,0,36,0
2024-03-04 03:00:00,0,27,0
2024-03-04 04:00:00,0,32,0
2024-03-04 05:00:00,0,72,0
2024-03-04 06:00:00,81,260,11
2024-03-04 07:00:00,227,567,64
2024-03-04 08:00:00,551,598,52
2024-03-04 09:00:00,480,553,25
2024-03-04 10:00:00,454,521,25
2024-03-04 11:00:00,504,525,28
2024-03-04 12:00:00,546,545,22
2024-03-04 13:00:00,547,555,31
2024-03-04 14:00:00,459,594,29
2024-03-04 15:00:00,473,668,54
2024-03-04 16:00:00,440,637,71
2024-03-04 17:00:00,556,764,116
2024-03-04 18:00:00,50,663,47
2024-03-04 19:00:00,3,512,23
2024-03-04 20:00:00,13,427,11
2024-03-04 21:00:00,44,404,26
2024-03-04 22:00:00,34,312,9
2024-03-04 23:00:00,13,154,4
2024-03-05 00:00:00,3,101,1
2024-03-05 01:00:00,2,62,0
2024-03-05 02:00:00,1,45,0
2024-03-05 03:00:00,0,53,0
2024-03-05 04:00:00,0,37,0
2024-03-05 05:00:00,0,74,2
2024-03-05 06:00:00,99,243,21
2024-03-05 07:00:00,220,622,56
2024-03-05 08:00:00,579,693,66
2024-03-05 09:00:00,422,583,34
2024-03-05 10:00:00,396,540,38
2024-03-05 11:00:00,511,532,18
2024-03-05 12:00:00,565,534,28
2024-03-05 13:00:00,512,581,40
2024-03-05 14:00:00,555,626,37
2024-03-05 15:00:00,654,686,62
2024-03-05 16:00:00,533,727,77
2024-03-05 17:00:00,576,713,137
2024-03-05 18:00:00,273,738,98
2024-03-05 19:00:00,144,598,50
2024-03-05 20:00:00,110,563,35
2024-03-05 21:00:00,68,370,25
2024-03-05 22:00:00,43,410,15
2024-03-05 23:00:00,13,307,4
2024-03-06 00:00:00,2,137,2
2024-03-06 01:00:00,0,92,1
2024-03-06 02:00:00,1,75,0
2024-03-06 03:00:00,0,64,0
2024-03-06 04:00:00,0,49,0
2024-03-06 05:00:00,1,78,0
2024-03-06 06:00:00,67,221,19
2024-03-06 07:00:00,168,604,65
2024-03-06 08:00:00,421,716,67
2024-03-06 09:00:00,282,677,51
2024-03-06 10:00:00,332,522,84
2024-03-06 11:00:00,560,557,23
2024-03-06 12:00:00,566,598,36
2024-03-06 13:00:00,463,594,41
2024-03-06 14:00:00,507,618,29
2024-03-06 15:00:00,543,703,45
2024-03-06 16:00:00,492,674,68
2024-03-06 17:00:00,480,802,122
2024-03-06 18:00:00,298,705,91
2024-03-06 19:00:00,131,613,49
2024-03-06 20:00:00,117,578,36
2024-03-06 21:00:00,60,353,30
2024-03-06 22:00:00,50,371,19
2024-03-06 23:00:00,15,435,8
2024-03-07 00:00:00,1,149,0
2024-03-07 01:00:00,3,115,1
2024-03-07 02:00:00,1,134,0
2024-03-07 03:00:00,1,96,0
2024-03-07 04:00:00,0,62,0
2024-03-07 05:00:00,0,75,0
2024-03-07 06:00:00,55,245,17
2024-03-07 07:00:00,258,590,41
2024-03-07 08:00:00,579,703,59
2024-03-07 09:00:00,452,635,29
2024-03-07 10:00:00,462,526,23
2024-03-07 11:00:00,493,565,23
2024-03-07 12:00:00,526,608,33
2024-03-07 13:00:00,520,628,35
2024-03-07 14:00:00,486,633,31
2024-03-07 15:00:00,650,657,43
2024-03-07 16:00:00,634,689,66
2024-03-07 17:00:00,536,737,121
2024-03-07 18:00:00,318,668,91
2024-03-07 19:00:00,138,636,48
2024-03-07 20:00:00,88,561,31
2024-03-07 21:00:00,57,386,34
2024-03-07 22:00:00,53,555,25
2024-03-07 23:00:00,19,341,16
2024-03-08 00:00:00,1,154,2
2024-03-08 01:00:00,0,122,0
2024-03-08 02:00:00,2,90,0
2024-03-08 03:00:00,0,49,0
2024-03-08 04:00:00,0,48,0
2024-03-08 05:00:00,0,62,0
2024-03-08 06:00:00,68,194,11
2024-03-08 07:00:00,215,523,43
2024-03-08 08:00:00,486,678,40
2024-03-08 09:00:00,420,593,26
2024-03-08 10:00:00,455,559,28
2024-03-08 11:00:00,471,633,30
2024-03-08 12:00:00,458,626,33
2024-03-08 13:00:00,471,619,43
2024-03-08 14:00:00,487,707,39
2024-03-08 15:00:00,521,694,51
2024-03-08 16:00:00,536,758,60
2024-03-08 17:00:00,494,736,87
2024-03-08 18:00:00,247,711,71
2024-03-08 19:00:00,154,720,35
2024-03-08 20:00:00,107,606,33
2024-03-08 21:00:00,81,595,19
2024-03-08 22:00:00,64,685,32
2024-03-08 23:00:00,24,530,18
2024-03-09 00:00:00,16,353,4
2024-03-09 01:00:00,3,275,3
2024-03-09 02:00:00,4,208,0
2024-03-09 03:00:00,1,196,1
2024-03-09 04:00:00,2,106,0
2024-03-09 05:00:00,1,102,0
2024-03-09 06:00:00,42,174,10
2024-03-09 07:00:00,62,244,13
2024-03-09 08:00:00,74,315,2
2024-03-09 09:00:00,152,426,13
2024-03-09 10:00:00,152,579,16
2024-03-09 11:00:00,223,556,18
2024-03-09 12:00:00,285,649,25
2024-03-09 13:00:00,299,659,27
2024-03-09 14:00:00,274,679,23
2024-03-09 15:00:00,286,611,16
2024-03-09 16:00:00,282,682,26
2024-03-09 17:00:00,253,616,35
2024-03-09 18:00:00,177,546,38
2024-03-09 19:00:00,113,615,25
2024-03-09 20:00:00,69,448,20
2024-03-09 21:00:00,16,494,6
2024-03-09 22:00:00,10,598,8
2024-03-09 23:00:00,14,406,16
2024-03-10 00:00:00,0,312,2
2024-03-10 01:00:00,0,246,1
2024-03-10 02:00:00,0,180,0
2024-03-10 03:00:00,0,133,0
2024-03-10 04:00:00,0,104,2
2024-03-10 05:00:00,1,78,0
2024-03-10 06:00:00,40,143,11
2024-03-10 07:00:00,57,197,9
2024-03-10 08:00:00,82,227,5
2024-03-10 09:00:00,92,350,11
2024-03-10 10:00:00,169,490,16
2024-03-10 11:00:00,203,548,14
2024-03-10 12:00:00,260,614,14
2024-03-10 13:00:00,229,616,30
2024-03-10 14:00:00,239,651,24
2024-03-10 15:00:00,253,682,18
2024-03-10 16:00:00,250,631,28
2024-03-10 17:00:00,230,606,30
2024-03-10 18:00:00,151,579,32
2024-03-10 19:00:00,90,529,27
2024-03-10 20:00:00,50,458,16
2024-03-10 21:00:00,44,293,10
2024-03-10 22:00:00,30,416,9
2024-03-10 23:00:00,5,151,3
2024-03-11 00:00:00,3,108,1
2024-03-11 01:00:00,0,62,0
2024-03-11 02:00:00,0,46,1
2024-03-11 03:00:00,0,33,0
2024-03-11 04:00:00,0,29,0
2024-03-11 05:00:00,0,74,1
2024-03-11 06:00:00,65,233,12
2024-03-11 07:00:00,207,568,72
2024-03-11 08:00:00,546,624,59
2024-03-11 09:00:00,441,513,29
2024-03-11 10:00:00,431,508,17
2024-03-11 11:00:00,446,528,15
2024-03-11 12:00:00,489,539,16
2024-03-11 13:00:00,517,577,29
2024-03-11 14:00:00,484,594,23
2024-03-11 15:00:00,604,683,40
2024-03-11 16:00:00,531,689,70
2024-03-11 17:00:00,538,786,114
2024-03-11 18:00:00,252,623,58
2024-03-11 19:00:00,142,556,36
2024-03-11 20:00:00,83,439,34
2024-03-11 21:00:00,53,467,18
2024-03-11 22:00:00,40,364,22
2024-03-11 23:00:00,4,170,1
2024-03-12 00:00:00,3,72,2
2024-03-12 01:00:00,0,63,0
2024-03-12 02:00:00,0,60,0
2024-03-12 03:00:00,0,34,0
2024-03-12 04:00:00,0,29,1
2024-03-12 05:00:00,0,68,0
2024-03-12 06:00:00,81,258,18
2024-03-12 07:00:00,183,609,63
2024-03-12 08:00:00,442,587,76
2024-03-12 09:00:00,357,553,22
2024-03-12 10:00:00,317,554,28
2024-03-12 11:00:00,377,513,29
2024-03-12 12:00:00,392,583,34
2024-03-12 13:00:00,497,614,27
2024-03-12 14:00:00,466,615,35
2024-03-12 15:00:00,493,629,37
2024-03-12 16:00:00,545,752,57
2024-03-12 17:00:00,546,747,104
2024-03-12 18:00:00,265,679,70
2024-03-12 19:00:00,6,543,29
2024-03-12 20:00:00,46,464,23
2024-03-12 21:00:00,64,511,25
2024-03-12 22:00:00,69,438,22
2024-03-12 23:00:00,10,209,7
2024-03-13 00:00:00,6,124,4
2024-03-13 01:00:00,1,70,0
2024-03-13 02:00:00,1,48,0
2024-03-13 03:00:00,1,54,0
2024-03-13 04:00:00,0,43,0
2024-03-13 05:00:00,1,89,0
2024-03-13 06:00:00,87,235,16
2024-03-13 07:00:00,248,566,68
2024-03-13 08:00:00,556,596,82
2024-03-13 09:00:00,445,588,37
2024-03-13 10:00:00,483,512,11
2024-03-13 11:00:00,497,597,20
2024-03-13 12:00:00,509,559,31
2024-03-13 13:00:00,504,606,33
2024-03-13 14:00:00,470,632,37
2024-03-13 15:00:00,518,658,40
2024-03-13 16:00:00,475,680,81
2024-03-13 17:00:00,495,736,145
2024-03-13 18:00:00,295,648,86
2024-03-13 19:00:00,124,573,43
2024-03-13 20:00:00,80,421,46
2024-03-13 21:00:00,51,482,13
2024-03-13 22:00:00,51,589,9
2024-03-13 23:00:00,13,247,7
2024-03-14 00:00:00,4,135,3
2024-03-14 01:00:00,0,102,0
2024-03-14 02:00:00,0,114,0
2024-03-14 03:00:00,1,66,0
2024-03-14 04:00:00,0,46,1
2024-03-14 05:00:00,0,53,0
2024-03-14 06:00:00,85,252,13
2024-03-14 07:00:00,220,536,54
2024-03-14 08:00:00,424,591,57
2024-03-14 09:00:00,333,539,33
2024-03-14 10:00:00,411,556,32
2024-03-14 11:00:00,413,559,19
2024-03-14 12:00:00,506,603,24
2024-03-14 13:00:00,493,553,18
2024-03-14 14:00:00,466,612,45
2024-03-14 15:00:00,526,648,65
2024-03-14 16:00:00,501,683,90
2024-03-14 17:00:00,468,756,107
2024-03-14 18:00:00,274,702,85
2024-03-14 19:00:00,119,644,43
2024-03-14 20:00:00,80,489,41
2024-03-14 21:00:00,23,470,16
2024-03-14 22:00:00,6,536,22
2024-03-14 23:00:00,2,285,3
2024-03-15 00:00:00,2,115,2
2024-03-15 01:00:00,2,88,0
2024-03-15 02:00:00,0,68,1
2024-03-15 03:00:00,0,44,0
2024-03-15 04:00:00,0,50,0
2024-03-15 05:00:00,0,54,0
2024-03-15 06:00:00,59,205,17
2024-03-15 07:00:00,203,523,45
2024-03-15 08:00:00,447,592,47
2024-03-15 09:00:00,384,541,23
2024-03-15 10:00:00,430,542,36
2024-03-15 11:00:00,440,571,28
2024-03-15 12:00:00,450,594,28
2024-03-15 13:00:00,555,614,30
2024-03-15 14:00:00,534,657,40
2024-03-15 15:00:00,537,721,67
2024-03-15 16:00:00,513,741,62
2024-03-15 17:00:00,516,710,98
2024-03-15 18:00:00,277,665,58
2024-03-15 19:00:00,151,604,37
2024-03-15 20:00:00,102,505,27
2024-03-15 21:00:00,53,485,17
2024-03-15 22:00:00,84,657,32
2024-03-15 23:00:00,22,395,8
2024-03-16 00:00:00,10,272,4
2024-03-16 01:00:00,4,144,2
2024-03-16 02:00:00,6,146,1
2024-03-16 03:00:00,2,117,2
2024-03-16 04:00:00,8,84,0
2024-03-16 05:00:00,2,88,0
2024-03-16 06:00:00,44,150,7
2024-03-16 07:00:00,98,226,11
2024-03-16 08:00:00,88,332,11
2024-03-16 09:00:00,133,413,12
2024-03-16 10:00:00,211,543,16
2024-03-16 11:00:00,275,560,23
2024-03-16 12:00:00,272,637,30
2024-03-16 13:00:00,342,658,35
2024-03-16 14:00:00,298,687,27
2024-03-16 15:00:00,263,579,22
2024-03-16 16:00:00,261,633,28
2024-03-16 17:00:00,221,624,28
2024-03-16 18:00:00,145,524,27
2024-03-16 19:00:00,46,549,21
2024-03-16 20:00:00,82,474,16
2024-03-16 21:00:00,48,454,24
2024-03-16 22:00:00,54,576,26
2024-03-16 23:00:00,31,370,16
2024-03-17 00:00:00,2,279,1
2024-03-17 01:00:00,0,215,0
2024-03-17 02:00:00,0,195,0
2024-03-17 03:00:00,0,181,0
2024-03-17 04:00:00,0,123,0
2024-03-17 05:00:00,0,87,0
2024-03-17 06:00:00,37,177,14
2024-03-17 07:00:00,56,165,10
2024-03-17 08:00:00,69,245,4
2024-03-17 09:00:00,87,316,10
2024-03-17 10:00:00,187,432,11
2024-03-17 11:00:00,218,508,12
2024-03-17 12:00:00,266,593,28
2024-03-17 13:00:00,306,629,23
2024-03-17 14:00:00,306,623,21
2024-03-17 15:00:00,220,640,32
2024-03-17 16:00:00,263,610,33
2024-03-17 17:00:00,225,573,30
2024-03-17 18:00:00,184,522,40
2024-03-17 19:00:00,105,509,34
2024-03-17 20:00:00,65,398,19
2024-03-17 21:00:00,54,317,11
2024-03-17 22:00:00,25,318,13
2024-03-17 23:00:00,10,178,3
2024-03-18 00:00:00,2,112,1
2024-03-18 01:00:00,1,68,1
2024-03-18 02:00:00,1,49,0
2024-03-18 03:00:00,0,40,0
2024-03-18 04:00:00,0,24,0
2024-03-18 05:00:00,3,87,0
2024-03-18 06:00:00,94,241,14
2024-03-18 07:00:00,172,573,62
2024-03-18 08:00:00,483,622,53
2024-03-18 09:00:00,407,547,28
2024-03-18 10:00:00,421,514,19
2024-03-18 11:00:00,463,515,18
2024-03-18 12:00:00,425,510,37
2024-03-18 13:00:00,480,521,35
2024-03-18 14:00:00,486,615,32
2024-03-18 15:00:00,541,640,46
2024-03-18 16:00:00,545,695,84
2024-03-18 17:00:00,503,779,128
2024-03-18 18:00:00,336,651,85
2024-03-18 19:00:00,120,521,37
2024-03-18 20:00:00,71,389,23
2024-03-18 21:00:00,45,360,11
2024-03-18 22:00:00,38,263,11
2024-03-18 23:00:00,8,169,1
2024-03-19 00:00:00,3,105,3
2024-03-19 01:00:00,1,61,0
2024-03-19 02:00:00,3,64,0
2024-03-19 03:00:00,0,39,0
2024-03-19 04:00:00,2,43,0
2024-03-19 05:00:00,5,73,2
2024-03-19 06:00:00,112,261,20
2024-03-19 07:00:00,256,576,63
2024-03-19 08:00:00,494,606,66
2024-03-19 09:00:00,408,580,28
2024-03-19 10:00:00,434,526,23
2024-03-19 11:00:00,455,533,16
2024-03-19 12:00:00,431,557,32
2024-03-19 13:00:00,528,542,34
2024-03-19 14:00:00,557,615,29
2024-03-19 15:00:00,650,677,56
2024-03-19 16:00:00,582,696,75
2024-03-19 17:00:00,569,766,148
2024-03-19 18:00:00,325,679,88
2024-03-19 19:00:00,92,601,40
2024-03-19 20:00:00,84,484,36
2024-03-19 21:00:00,38,478,18
2024-03-19 22:00:00,1,479,14
2024-03-19 23:00:00,7,299,9
2024-03-20 00:00:00,0,109,1
2024-03-20 01:00:00,1,93,0
2024-03-20 02:00:00,0,78,0
2024-03-20 03:00:00,0,47,0
2024-03-20 04:00:00,0,41,0
2024-03-20 05:00:00,2,75,1
2024-03-20 06:00:00,96,274,23
2024-03-20 07:00:00,248,578,65
2024-03-20 08:00:00,567,606,64
2024-03-20 09:00:00,452,530,33
2024-03-20 10:00:00,462,513,12
2024-03-20 11:00:00,510,582,23
2024-03-20 12:00:00,490,585,30
2024-03-20 13:00:00,518,599,30
2024-03-20 14:00:00,469,583,48
2024-03-20 15:00:00,484,664,48
2024-03-20 16:00:00,484,710,72
2024-03-20 17:00:00,475,736,133
2024-03-20 18:00:00,294,660,78
2024-03-20 19:00:00,114,566,36
2024-03-20 20:00:00,65,504,38
2024-03-20 21:00:00,53,453,17
2024-03-20 22:00:00,28,549,21
2024-03-20 23:00:00,11,329,9
2024-03-21 00:00:00,6,143,1
2024-03-21 01:00:00,0,116,0
2024-03-21 02:00:00,0,104,0
2024-03-21 03:00:00,0,78,0
2024-03-21 04:00:00,0,56,0
2024-03-21 05:00:00,7,79,0
2024-03-21 06:00:00,97,269,27
2024-03-21 07:00:00,227,560,49
2024-03-21 08:00:00,562,612,60
2024-03-21 09:00:00,393,515,29
2024-03-21 10:00:00,367,471,19
2024-03-21 11:00:00,408,548,16
2024-03-21 12:00:00,504,547,26
2024-03-21 13:00:00,501,608,36
2024-03-21 14:00:00,494,672,37
2024-03-21 15:00:00,586,619,48
2024-03-21 16:00:00,574,691,75
2024-03-21 17:00:00,490,723,126
2024-03-21 18:00:00,322,677,105
2024-03-21 19:00:00,129,637,51
2024-03-21 20:00:00,84,468,28
2024-03-21 21:00:00,68,487,29
2024-03-21 22:00:00,46,555,14
2024-03-21 23:00:00,15,224,6
2024-03-22 00:00:00,2,130,2
2024-03-22 01:00:00,0,111,1
2024-03-22 02:00:00,0,58,0
2024-03-22 03:00:00,0,58,1
2024-03-22 04:00:00,0,43,0
2024-03-22 05:00:00,2,62,0
2024-03-22 06:00:00,81,195,17
2024-03-22 07:00:00,221,511,42
2024-03-22 08:00:00,460,578,47
2024-03-22 09:00:00,382,534,32
2024-03-22 10:00:00,395,534,23
2024-03-22 11:00:00,515,591,28
2024-03-22 12:00:00,489,639,41
2024-03-22 13:00:00,508,684,28
2024-03-22 14:00:00,427,623,57
2024-03-22 15:00:00,527,703,61
2024-03-22 16:00:00,443,739,73
2024-03-22 17:00:00,414,755,80
2024-03-22 18:00:00,318,708,81
2024-03-22 19:00:00,99,615,59
2024-03-22 20:00:00,42,544,20
2024-03-22 21:00:00,44,459,23
2024-03-22 22:00:00,44,583,18
2024-03-22 23:00:00,19,427,16
2024-03-23 00:00:00,5,259,1
2024-03-23 01:00:00,3,194,1
2024-03-23 02:00:00,3,172,1
2024-03-23 03:00:00,1,138,1
2024-03-23 04:00:00,1,99,0
2024-03-23 05:00:00,1,93,0
2024-03-23 06:00:00,50,170,6
2024-03-23 07:00:00,84,241,11
2024-03-23 08:00:00,51,290,10
2024-03-23 09:00:00,162,487,9
2024-03-23 10:00:00,233,587,15
2024-03-23 11:00:00,286,674,21
2024-03-23 12:00:00,344,700,22
2024-03-23 13:00:00,309,679,21
2024-03-23 14:00:00,314,701,17
2024-03-23 15:00:00,310,693,30
2024-03-23 16:00:00,326,718,27
2024-03-23 17:00:00,255,726,30
2024-03-23 18:00:00,195,629,33
2024-03-23 19:00:00,84,577,26
2024-03-23 20:00:00,83,450,15
2024-03-23 21:00:00,32,522,15
2024-03-23 22:00:00,34,633,11
2024-03-23 23:00:00,14,364,6
2024-03-24 00:00:00,16,232,1
2024-03-24 01:00:00,4,173,0
2024-03-24 02:00:00,4,146,0
2024-03-24 03:00:00,5,124,1
2024-03-24 04:00:00,0,80,0
2024-03-24 05:00:00,2,78,0
2024-03-24 06:00:00,58,170,10
2024-03-24 07:00:00,72,200,14
2024-03-24 08:00:00,68,235,7
2024-03-24 09:00:00,122,308,13
2024-03-24 10:00:00,182,501,14
2024-03-24 11:00:00,212,583,15
2024-03-24 12:00:00,199,603,19
2024-03-24 13:00:00,261,669,26
2024-03-24 14:00:00,242,653,14
2024-03-24 15:00:00,211,600,26
2024-03-24 16:00:00,222,656,31
2024-03-24 17:00:00,218,617,28
2024-03-24 18:00:00,185,491,26
2024-03-24 19:00:00,77,494,14
2024-03-24 20:00:00,64,408,13
2024-03-24 21:00:00,26,299,15
2024-03-24 22:00:00,17,382,7
2024-03-24 23:00:00,10,245,6
2024-03-25 00:00:00,0,104,0
2024-03-25 01:00:00,0,70,1
2024-03-25 02:00:00,0,52,0
2024-03-25 03:00:00,1,32,0
2024-03-25 04:00:00,0,23,0
2024-03-25 05:00:00,6,78,4
2024-03-25 06:00:00,85,225,21
2024-03-25 07:00:00,221,548,53
2024-03-25 08:00:00,403,608,47
2024-03-25 09:00:00,331,494,22
2024-03-25 10:00:00,299,518,21
2024-03-25 11:00:00,283,474,15
2024-03-25 12:00:00,376,556,29
2024-03-25 13:00:00,341,573,28
2024-03-25 14:00:00,362,627,32
2024-03-25 15:00:00,451,657,32
2024-03-25 16:00:00,407,666,57
2024-03-25 17:00:00,387,765,112
2024-03-25 18:00:00,271,590,67
2024-03-25 19:00:00,121,506,30
2024-03-25 20:00:00,69,383,25
2024-03-25 21:00:00,33,343,21
2024-03-25 22:00:00,22,411,3
2024-03-25 23:00:00,3,155,8
2024-03-26 00:00:00,1,91,2
2024-03-26 01:00:00,0,77,1
2024-03-26 02:00:00,0,31,0
2024-03-26 03:00:00,0,26,0
2024-03-26 04:00:00,0,48,0
2024-03-26 05:00:00,3,69,3
2024-03-26 06:00:00,86,267,20
2024-03-26 07:00:00,214,517,54
2024-03-26 08:00:00,419,603,63
2024-03-26 09:00:00,322,562,32
2024-03-26 10:00:00,294,494,12
2024-03-26 11:00:00,336,551,15
2024-03-26 12:00:00,336,526,32
2024-03-26 13:00:00,387,509,33
2024-03-26 14:00:00,427,657,34
2024-03-26 15:00:00,431,697,40
2024-03-26 16:00:00,403,733,71
2024-03-26 17:00:00,408,748,129
2024-03-26 18:00:00,270,662,74
2024-03-26 19:00:00,112,522,43
2024-03-26 20:00:00,85,382,31
2024-03-26 21:00:00,50,502,19
2024-03-26 22:00:00,34,418,15
2024-03-26 23:00:00,8,166,7
2024-03-27 00:00:00,4,123,4
2024-03-27 01:00:00,0,99,0
2024-03-27 02:00:00,0,46,0
2024-03-27 03:00:00,0,41,0
2024-03-27 04:00:00,0,32,0
2024-03-27 05:00:00,13,77,3
2024-03-27 06:00:00,81,237,23
2024-03-27 07:00:00,231,501,55
2024-03-27 08:00:00,385,556,64
2024-03-27 09:00:00,285,514,38
2024-03-27 10:00:00,322,542,13
2024-03-27 11:00:00,345,570,11
2024-03-27 12:00:00,372,561,23
2024-03-27 13:00:00,342,635,22
2024-03-27 14:00:00,283,638,32
2024-03-27 15:00:00,377,645,51
2024-03-27 16:00:00,343,671,67
2024-03-27 17:00:00,344,733,112
2024-03-27 18:00:00,231,674,80
2024-03-27 19:00:00,19,580,34
2024-03-27 20:00:00,4,528,16
2024-03-27 21:00:00,0,422,12
2024-03-27 22:00:00,0,542,3
2024-03-27 23:00:00,0,282,4
2024-03-28 00:00:00,0,148,1
2024-03-28 01:00:00,0,106,0
2024-03-28 02:00:00,0,90,0
2024-03-28 03:00:00,0,76,0
2024-03-28 04:00:00,0,38,0
2024-03-28 05:00:00,6,65,0
2024-03-28 06:00:00,79,206,19
2024-03-28 07:00:00,218,511,40
2024-03-28 08:00:00,330,602,38
2024-03-28 09:00:00,319,515,29
2024-03-28 10:00:00,246,561,24
2024-03-28 11:00:00,235,626,9
2024-03-28 12:00:00,303,619,22
2024-03-28 13:00:00,305,620,27
2024-03-28 14:00:00,206,664,31
2024-03-28 15:00:00,316,669,43
2024-03-28 16:00:00,253,709,42
2024-03-28 17:00:00,337,757,62
2024-03-28 18:00:00,213,732,84
2024-03-28 19:00:00,6,607,23
2024-03-28 20:00:00,8,496,20
2024-03-28 21:00:00,28,443,11
2024-03-28 22:00:00,37,586,10
2024-03-28 23:00:00,6,331,7
2024-03-29 00:00:00,2,167,2
2024-03-29 01:00:00,0,110,1
2024-03-29 02:00:00,0,94,0
2024-03-29 03:00:00,2,65,1
2024-03-29 04:00:00,0,51,0
2024-03-29 05:00:00,5,56,2
2024-03-29 06:00:00,37,158,9
2024-03-29 07:00:00,67,201,12
2024-03-29 08:00:00,13,250,5
2024-03-29 09:00:00,68,334,18
2024-03-29 10:00:00,138,436,16
2024-03-29 11:00:00,188,512,10
2024-03-29 12:00:00,231,612,11
2024-03-29 13:00:00,249,545,17
2024-03-29 14:00:00,218,614,29
2024-03-29 15:00:00,221,720,18
2024-03-29 16:00:00,254,621,21
2024-03-29 17:00:00,186,524,23
2024-03-29 18:00:00,203,495,20
2024-03-29 19:00:00,73,510,27
2024-03-29 20:00:00,27,377,17
2024-03-29 21:00:00,20,306,10
2024-03-29 22:00:00,22,623,6
2024-03-29 23:00:00,4,376,3
2024-03-30 00:00:00,7,297,3
2024-03-30 01:00:00,0,170,0
2024-03-30 02:00:00,1,145,1
2024-03-30 03:00:00,2,142,1
2024-03-30 04:00:00,1,83,0
2024-03-30 05:00:00,5,67,0
2024-03-30 06:00:00,50,132,10
2024-03-30 07:00:00,55,163,15
2024-03-30 08:00:00,20,248,7
2024-03-30 09:00:00,85,326,12
2024-03-30 10:00:00,136,429,15
2024-03-30 11:00:00,202,538,4
2024-03-30 12:00:00,192,551,28
2024-03-30 13:00:00,237,571,27
2024-03-30 14:00:00,214,585,22
2024-03-30 15:00:00,219,583,20
2024-03-30 16:00:00,220,575,30
2024-03-30 17:00:00,213,634,17
2024-03-30 18:00:00,203,521,36
2024-03-30 19:00:00,71,507,22
2024-03-30 20:00:00,60,462,14
2024-03-30 21:00:00,26,377,17
2024-03-30 22:00:00,16,562,10
2024-03-30 23:00:00,13,407,15
2024-03-31 00:00:00,4,249,3
2024-03-31 01:00:00,2,211,0
2024-03-31 02:00:00,1,162,0
2024-03-31 03:00:00,0,148,1
2024-03-31 04:00:00,0,115,1
2024-03-31 05:00:00,38,143,11
2024-03-31 06:00:00,45,163,12
2024-03-31 07:00:00,47,163,11
2024-03-31 08:00:00,48,216,1
2024-03-31 09:00:00,90,359,8
2024-03-31 10:00:00,123,458,16
2024-03-31 11:00:00,157,584,11
2024-03-31 12:00:00,173,436,17
2024-03-31 13:00:00,171,457,11
2024-03-31 14:00:00,153,482,35
2024-03-31 15:00:00,171,558,20
2024-03-31 16:00:00,131,574,21
2024-03-31 17:00:00,119,535,40
2024-03-31 18:00:00,106,468,23
2024-03-31 19:00:00,25,384,22
2024-03-31 20:00:00,8,270,11
2024-03-31 21:00:00,8,363,6
2024-03-31 22:00:00,0,218,4
2024-03-31 23:00:00,0,146,3
2024-04-01 00:00:00,0,124,1
2024-04-01 01:00:00,0,82,1
2024-04-01 02:00:00,1,52,0
2024-04-01 03:00:00,0,45,0
2024-04-01 04:00:00,0,54,0
2024-04-01 05:00:00,24,121,9
2024-04-01 06:00:00,34,174,19
2024-04-01 07:00:00,8,187,9
2024-04-01 08:00:00,19,236,3
2024-04-01 09:00:00,112,358,5
2024-04-01 10:00:00,161,427,14
2024-04-01 11:00:00,154,475,17
2024-04-01 12:00:00,130,534,19
2024-04-01 13:00:00,121,562,19
2024-04-01 14:00:00,150,548,22
2024-04-01 15:00:00,201,546,21
2024-04-01 16:00:00,155,453,29
2024-04-01 17:00:00,149,488,22
2024-04-01 18:00:00,151,453,19
2024-04-01 19:00:00,41,314,19
2024-04-01 20:00:00,15,252,10
2024-04-01 21:00:00,4,227,5
2024-04-01 22:00:00,0,142,3
2024-04-01 23:00:00,0,97,1
2024-04-02 00:00:00,0,88,0
2024-04-02 01:00:00,0,53,1
2024-04-02 02:00:00,1,32,0
2024-04-02 03:00:00,0,37,0
2024-04-02 04:00:00,0,73,2
2024-04-02 05:00:00,41,217,21
2024-04-02 06:00:00,224,495,60
2024-04-02 07:00:00,133,468,47
2024-04-02 08:00:00,153,434,14
2024-04-02 09:00:00,261,452,19
2024-04-02 10:00:00,329,508,17
2024-04-02 11:00:00,317,525,26
2024-04-02 12:00:00,293,579,27
2024-04-02 13:00:00,346,590,24
2024-04-02 14:00:00,313,594,35
2024-04-02 15:00:00,280,642,47
2024-04-02 16:00:00,168,694,65
2024-04-02 17:00:00,25,665,57
2024-04-02 18:00:00,70,523,48
2024-04-02 19:00:00,0,486,10
2024-04-02 20:00:00,0,353,6
2024-04-02 21:00:00,2,513,7
2024-04-02 22:00:00,1,217,4
2024-04-02 23:00:00,0,101,2
2024-04-03 00:00:00,0,71,0
2024-04-03 01:00:00,0,48,0
2024-04-03 02:00:00,0,32,0
2024-04-03 03:00:00,1,32,0
2024-04-03 04:00:00,1,69,0
2024-04-03 05:00:00,61,233,32
2024-04-03 06:00:00,220,493,65
2024-04-03 07:00:00,298,490,62
2024-04-03 08:00:00,190,449,29
2024-04-03 09:00:00,261,469,16
2024-04-03 10:00:00,304,360,25
2024-04-03 11:00:00,329,361,26
2024-04-03 12:00:00,368,380,25
2024-04-03 13:00:00,352,352,22
2024-04-03 14:00:00,350,492,39
2024-04-03 15:00:00,344,629,47
2024-04-03 16:00:00,299,672,115
2024-04-03 17:00:00,301,577,73
2024-04-03 18:00:00,216,478,38
2024-04-03 19:00:00,59,419,36
2024-04-03 20:00:00,3,424,13
2024-04-03 21:00:00,1,435,9
2024-04-03 22:00:00,0,191,2
2024-04-03 23:00:00,0,117,1
2024-04-04 00:00:00,0,86,1
2024-04-04 01:00:00,0,51,0
2024-04-04 02:00:00,0,47,0
2024-04-04 03:00:00,0,49,1
2024-04-04 04:00:00,1,70,1
2024-04-04 05:00:00,51,230,20
2024-04-04 06:00:00,172,467,50
2024-04-04 07:00:00,226,493,60
2024-04-04 08:00:00,187,378,38
2024-04-04 09:00:00,278,346,17
2024-04-04 10:00:00,367,348,22
2024-04-04 11:00:00,325,367,20
2024-04-04 12:00:00,324,380,31
2024-04-04 13:00:00,305,516,24
2024-04-04 14:00:00,337,577,37
2024-04-04 15:00:00,399,675,45
2024-04-04 16:00:00,324,691,98
2024-04-04 17:00:00,158,624,55
2024-04-04 18:00:00,148,560,78
2024-04-04 19:00:00,24,367,14
2024-04-04 20:00:00,14,424,16
2024-04-04 21:00:00,13,587,15
2024-04-04 22:00:00,2,261,5
2024-04-04 23:00:00,2,122,1
2024-04-05 00:00:00,0,94,0
2024-04-05 01:00:00,0,60,0
2024-04-05 02:00:00,0,46,1
2024-04-05 03:00:00,0,38,0
2024-04-05 04:00:00,1,72,0
2024-04-05 05:00:00,53,188,14
2024-04-05 06:00:00,194,435,43
2024-04-05 07:00:00,207,446,34
2024-04-05 08:00:00,231,426,23
2024-04-05 09:00:00,327,453,15
2024-04-05 10:00:00,281,523,15
2024-04-05 11:00:00,296,483,30
2024-04-05 12:00:00,297,582,30
2024-04-05 13:00:00,308,565,20
2024-04-05 14:00:00,282,674,45
2024-04-05 15:00:00,306,718,47
2024-04-05 16:00:00,315,708,79
2024-04-05 17:00:00,254,635,45
2024-04-05 18:00:00,160,585,55
2024-04-05 19:00:00,10,408,8
2024-04-05 20:00:00,19,412,11
2024-04-05 21:00:00,7,577,12
2024-04-05 22:00:00,6,383,11
2024-04-05 23:00:00,4,234,1
2024-04-06 00:00:00,1,162,0
2024-04-06 01:00:00,0,127,0
2024-04-06 02:00:00,0,106,1
2024-04-06 03:00:00,0,53,1
2024-04-06 04:00:00,0,79,0
2024-04-06 05:00:00,21,155,8
2024-04-06 06:00:00,52,214,11
2024-04-06 07:00:00,99,293,8
2024-04-06 08:00:00,97,364,12
2024-04-06 09:00:00,141,482,18
2024-04-06 10:00:00,190,537,17
2024-04-06 11:00:00,200,566,22
2024-04-06 12:00:00,219,611,29
2024-04-06 13:00:00,211,640,29
2024-04-06 14:00:00,233,600,32
2024-04-06 15:00:00,227,659,21
2024-04-06 16:00:00,171,644,19
2024-04-06 17:00:00,207,516,31
2024-04-06 18:00:00,175,543,31
2024-04-06 19:00:00,41,390,21
2024-04-06 20:00:00,14,437,11
2024-04-06 21:00:00,17,635,5
2024-04-06 22:00:00,7,353,4
2024-04-06 23:00:00,3,222,4
2024-04-07 00:00:00,0,193,2
2024-04-07 01:00:00,0,80,0
2024-04-07 02:00:00,2,112,0
2024-04-07 03:00:00,0,106,1
2024-04-07 04:00:00,0,85,0
2024-04-07 05:00:00,52,148,13
2024-04-07 06:00:00,60,156,8
2024-04-07 07:00:00,23,187,2
2024-04-07 08:00:00,90,258,10
2024-04-07 09:00:00,131,457,12
2024-04-07 10:00:00,138,496,7
2024-04-07 11:00:00,201,559,19
2024-04-07 12:00:00,249,615,26
2024-04-07 13:00:00,197,594,15
2024-04-07 14:00:00,183,588,21
2024-04-07 15:00:00,215,575,25
2024-04-07 16:00:00,172,593,24
2024-04-07 17:00:00,148,512,28
2024-04-07 18:00:00,132,452,21
2024-04-07 19:00:00,47,377,22
2024-04-07 20:00:00,4,268,4
2024-04-07 21:00:00,5,239,3
2024-04-07 22:00:00,2,142,1
2024-04-07 23:00:00,0,97,3
2024-04-08 00:00:00,0,52,0
2024-04-08 01:00:00,1,39,0
2024-04-08 02:00:00,0,33,0
2024-04-08 03:00:00,0,34,1
2024-04-08 04:00:00,0,71,1
2024-04-08 05:00:00,79,220,17
2024-04-08 06:00:00,257,513,70
2024-04-08 07:00:00,350,473,49
2024-04-08 08:00:00,242,420,25
2024-04-08 09:00:00,304,463,17
2024-04-08 10:00:00,264,466,12
2024-04-08 11:00:00,361,512,27
2024-04-08 12:00:00,318,554,38
2024-04-08 13:00:00,340,546,25
2024-04-08 14:00:00,369,583,34
2024-04-08 15:00:00,354,737,52
2024-04-08 16:00:00,365,734,95
2024-04-08 17:00:00,226,597,85
2024-04-08 18:00:00,187,466,63
2024-04-08 19:00:00,40,382,26
2024-04-08 20:00:00,11,313,16
2024-04-08 21:00:00,5,313,6
2024-04-08 22:00:00,0,142,1
2024-04-08 23:00:00,0,81,0
2024-04-09 00:00:00,0,74,0
2024-04-09 01:00:00,0,50,0
2024-04-09 02:00:00,0,36,1
2024-04-09 03:00:00,0,37,0
2024-04-09 04:00:00,0,62,1
2024-04-09 05:00:00,69,232,22
2024-04-09 06:00:00,228,551,49
2024-04-09 07:00:00,390,488,54
2024-04-09 08:00:00,286,502,19
2024-04-09 09:00:00,325,465,16
2024-04-09 10:00:00,279,449,15
2024-04-09 11:00:00,325,517,25
2024-04-09 12:00:00,337,594,26
2024-04-09 13:00:00,351,582,27
2024-04-09 14:00:00,271,641,40
2024-04-09 15:00:00,333,695,68
2024-04-09 16:00:00,320,796,111
2024-04-09 17:00:00,221,630,56
2024-04-09 18:00:00,247,525,65
2024-04-09 19:00:00,60,419,28
2024-04-09 20:00:00,11,352,13
2024-04-09 21:00:00,19,549,15
2024-04-09 22:00:00,2,244,8
2024-04-09 23:00:00,2,125,1
2024-04-10 00:00:00,0,71,0
2024-04-10 01:00:00,0,50,0
2024-04-10 02:00:00,0,23,0
2024-04-10 03:00:00,0,30,0
2024-04-10 04:00:00,0,71,0
2024-04-10 05:00:00,78,194,26
2024-04-10 06:00:00,221,520,60
2024-04-10 07:00:00,289,595,62
2024-04-10 08:00:00,241,447,29
2024-04-10 09:00:00,263,494,20
2024-04-10 10:00:00,240,503,19
2024-04-10 11:00:00,173,553,23
2024-04-10 12:00:00,250,561,28
2024-04-10 13:00:00,318,594,31
2024-04-10 14:00:00,299,605,27
2024-04-10 15:00:00,379,673,49
2024-04-10 16:00:00,327,761,118
2024-04-10 17:00:00,203,674,84
2024-04-10 18:00:00,202,535,55
2024-04-10 19:00:00,35,401,33
2024-04-10 20:00:00,5,396,18
2024-04-10 21:00:00,3,608,10
2024-04-10 22:00:00,1,279,3
2024-04-10 23:00:00,2,91,3
2024-04-11 00:00:00,0,67,0
2024-04-11 01:00:00,0,54,0
2024-04-11 02:00:00,0,41,0
2024-04-11 03:00:00,1,28,0
2024-04-11 04:00:00,0,85,1
2024-04-11 05:00:00,82,203,25
2024-04-11 06:00:00,164,506,53
2024-04-11 07:00:00,284,507,59
2024-04-11 08:00:00,147,474,30
2024-04-11 09:00:00,240,478,17
2024-04-11 10:00:00,332,502,29
2024-04-11 11:00:00,373,508,24
2024-04-11 12:00:00,363,583,23
2024-04-11 13:00:00,367,605,27
2024-04-11 14:00:00,345,654,32
2024-04-11 15:00:00,328,699,64
2024-04-11 16:00:00,398,738,92
2024-04-11 17:00:00,303,686,73
2024-04-11 18:00:00,251,587,66
2024-04-11 19:00:00,81,435,34
2024-04-11 20:00:00,21,408,19
2024-04-11 21:00:00,13,524,14
2024-04-11 22:00:00,1,195,6
2024-04-11 23:00:00,0,123,1
2024-04-12 00:00:00,0,78,3
2024-04-12 01:00:00,0,52,0
2024-04-12 02:00:00,0,43,0
2024-04-12 03:00:00,0,43,0
2024-04-12 04:00:00,0,72,0
2024-04-12 05:00:00,55,183,18
2024-04-12 06:00:00,128,443,45
2024-04-12 07:00:00,61,496,28
2024-04-12 08:00:00,211,481,33
2024-04-12 09:00:00,352,514,18
2024-04-12 10:00:00,380,530,30
2024-04-12 11:00:00,344,612,35
2024-04-12 12:00:00,371,642,41
2024-04-12 13:00:00,352,663,32
2024-04-12 14:00:00,317,713,41
2024-04-12 15:00:00,332,741,50
2024-04-12 16:00:00,304,787,88
2024-04-12 17:00:00,271,744,60
2024-04-12 18:00:00,232,614,35
2024-04-12 19:00:00,90,490,32
2024-04-12 20:00:00,29,547,21
2024-04-12 21:00:00,17,509,20
2024-04-12 22:00:00,7,331,15
2024-04-12 23:00:00,2,230,3
2024-04-13 00:00:00,1,146,2
2024-04-13 01:00:00,1,112,1
2024-04-13 02:00:00,0,95,0
2024-04-13 03:00:00,0,82,0
2024-04-13 04:00:00,1,66,1
2024-04-13 05:00:00,41,162,6
2024-04-13 06:00:00,52,210,14
2024-04-13 07:00:00,31,241,9
2024-04-13 08:00:00,87,355,21
2024-04-13 09:00:00,158,431,21
2024-04-13 10:00:00,207,530,22
2024-04-13 11:00:00,192,576,30
2024-04-13 12:00:00,248,619,27
2024-04-13 13:00:00,254,548,29
2024-04-13 14:00:00,284,590,19
2024-04-13 15:00:00,246,573,31
2024-04-13 16:00:00,195,634,46
2024-04-13 17:00:00,199,586,29
2024-04-13 18:00:00,157,505,29
2024-04-13 19:00:00,79,460,22
2024-04-13 20:00:00,9,391,10
2024-04-13 21:00:00,19,536,9
2024-04-13 22:00:00,9,326,5
2024-04-13 23:00:00,3,240,6
2024-04-14 00:00:00,1,195,1
2024-04-14 01:00:00,0,145,1
2024-04-14 02:00:00,1,88,0
2024-04-14 03:00:00,1,90,1
2024-04-14 04:00:00,0,69,2
2024-04-14 05:00:00,35,135,12
2024-04-14 06:00:00,38,194,9
2024-04-14 07:00:00,21,183,7
2024-04-14 08:00:00,75,299,10
2024-04-14 09:00:00,183,466,17
2024-04-14 10:00:00,203,537,16
2024-04-14 11:00:00,228,595,23
2024-04-14 12:00:00,238,604,28
2024-04-14 13:00:00,210,603,25
2024-04-14 14:00:00,198,614,27
2024-04-14 15:00:00,160,620,27
2024-04-14 16:00:00,157,588,41
2024-04-14 17:00:00,143,616,37
2024-04-14 18:00:00,164,527,31
2024-04-14 19:00:00,73,447,25
2024-04-14 20:00:00,5,327,11
2024-04-14 21:00:00,6,455,7
2024-04-14 22:00:00,0,191,1
2024-04-14 23:00:00,0,117,0
2024-04-15 00:00:00,0,69,0
2024-04-15 01:00:00,0,41,1
2024-04-15 02:00:00,0,49,1
2024-04-15 03:00:00,0,32,0
2024-04-15 04:00:00,0,70,0
2024-04-15 05:00:00,89,236,21
2024-04-15 06:00:00,185,561,65
2024-04-15 07:00:00,354,585,53
2024-04-15 08:00:00,320,474,37
2024-04-15 09:00:00,439,514,28
2024-04-15 10:00:00,451,584,20
2024-04-15 11:00:00,457,513,20
2024-04-15 12:00:00,492,548,28
2024-04-15 13:00:00,425,605,25
2024-04-15 14:00:00,463,662,78
2024-04-15 15:00:00,408,683,89
2024-04-15 16:00:00,372,796,114
2024-04-15 17:00:00,280,693,80
2024-04-15 18:00:00,249,565,46
2024-04-15 19:00:00,111,435,37
2024-04-15 20:00:00,9,328,16
2024-04-15 21:00:00,15,573,9
2024-04-15 22:00:00,1,174,3
2024-04-15 23:00:00,2,114,1
2024-04-16 00:00:00,1,68,1
2024-04-16 01:00:00,0,50,2
2024-04-16 02:00:00,0,42,0
2024-04-16 03:00:00,0,39,0
2024-04-16 04:00:00,0,73,1
2024-04-16 05:00:00,45,252,28
2024-04-16 06:00:00,230,575,78
2024-04-16 07:00:00,399,601,53
2024-04-16 08:00:00,338,554,31
2024-04-16 09:00:00,465,514,19
2024-04-16 10:00:00,398,524,25
2024-04-16 11:00:00,486,552,36
2024-04-16 12:00:00,474,620,36
2024-04-16 13:00:00,470,581,29
2024-04-16 14:00:00,509,678,81
2024-04-16 15:00:00,522,698,93
2024-04-16 16:00:00,328,776,142
2024-04-16 17:00:00,252,702,100
2024-04-16 18:00:00,244,563,50
2024-04-16 19:00:00,93,510,40
2024-04-16 20:00:00,22,386,12
2024-04-16 21:00:00,13,335,18
2024-04-16 22:00:00,4,172,6
2024-04-16 23:00:00,0,93,2
2024-04-17 00:00:00,0,69,0
2024-04-17 01:00:00,2,51,0
2024-04-17 02:00:00,0,42,0
2024-04-17 03:00:00,0,32,0
2024-04-17 04:00:00,3,65,2
2024-04-17 05:00:00,39,231,26
2024-04-17 06:00:00,90,506,46
2024-04-17 07:00:00,354,636,63
2024-04-17 08:00:00,430,544,46
2024-04-17 09:00:00,443,518,24
2024-04-17 10:00:00,414,567,20
2024-04-17 11:00:00,446,550,32
2024-04-17 12:00:00,447,547,39
2024-04-17 13:00:00,365,620,46
2024-04-17 14:00:00,402,668,78
2024-04-17 15:00:00,430,728,77
2024-04-17 16:00:00,362,804,140
2024-04-17 17:00:00,275,649,91
2024-04-17 18:00:00,260,540,63
2024-04-17 19:00:00,94,451,47
2024-04-17 20:00:00,15,442,16
2024-04-17 21:00:00,20,510,23
2024-04-17 22:00:00,4,204,10
2024-04-17 23:00:00,3,131,3
2024-04-18 00:00:00,0,95,0
2024-04-18 01:00:00,0,96,0
2024-04-18 02:00:00,0,66,1
2024-04-18 03:00:00,0,45,0
2024-04-18 04:00:00,1,59,1
2024-04-18 05:00:00,44,229,24
2024-04-18 06:00:00,46,529,32
2024-04-18 07:00:00,7,586,10
2024-04-18 08:00:00,210,580,45
2024-04-18 09:00:00,485,511,19
2024-04-18 10:00:00,441,563,21
2024-04-18 11:00:00,499,498,18
2024-04-18 12:00:00,531,573,36
2024-04-18 13:00:00,477,640,46
2024-04-18 14:00:00,552,695,67
2024-04-18 15:00:00,543,767,102
2024-04-18 16:00:00,428,784,129
2024-04-18 17:00:00,328,771,91
2024-04-18 18:00:00,271,625,59
2024-04-18 19:00:00,103,476,58
2024-04-18 20:00:00,14,465,21
2024-04-18 21:00:00,7,558,13
2024-04-18 22:00:00,3,209,3
2024-04-18 23:00:00,0,130,1
2024-04-19 00:00:00,0,94,3
2024-04-19 01:00:00,1,64,0
2024-04-19 02:00:00,0,40,0
2024-04-19 03:00:00,0,49,0
2024-04-19 04:00:00,10,69,2
2024-04-19 05:00:00,49,189,19
2024-04-19 06:00:00,49,438,21
2024-04-19 07:00:00,408,592,42
2024-04-19 08:00:00,336,521,32
2024-04-19 09:00:00,481,553,29
2024-04-19 10:00:00,422,584,28
2024-04-19 11:00:00,427,600,40
2024-04-19 12:00:00,415,619,43
2024-04-19 13:00:00,410,645,36
2024-04-19 14:00:00,340,754,95
2024-04-19 15:00:00,344,782,125
2024-04-19 16:00:00,309,774,101
2024-04-19 17:00:00,247,693,73
2024-04-19 18:00:00,255,612,54
2024-04-19 19:00:00,119,544,37
2024-04-19 20:00:00,17,415,14
2024-04-19 21:00:00,8,610,11
2024-04-19 22:00:00,5,574,12
2024-04-19 23:00:00,0,259,6
2024-04-20 00:00:00,1,193,2
2024-04-20 01:00:00,3,166,1
2024-04-20 02:00:00,3,138,3
2024-04-20 03:00:00,0,98,0
2024-04-20 04:00:00,0,81,0
2024-04-20 05:00:00,15,169,7
2024-04-20 06:00:00,25,178,7
2024-04-20 07:00:00,0,286,3
2024-04-20 08:00:00,69,413,16
2024-04-20 09:00:00,168,474,26
2024-04-20 10:00:00,228,555,17
2024-04-20 11:00:00,306,623,41
2024-04-20 12:00:00,306,634,38
2024-04-20 13:00:00,285,622,31
2024-04-20 14:00:00,273,598,55
2024-04-20 15:00:00,248,602,50
2024-04-20 16:00:00,202,654,48
2024-04-20 17:00:00,226,520,34
2024-04-20 18:00:00,225,540,31
2024-04-20 19:00:00,111,433,36
2024-04-20 20:00:00,11,388,20
2024-04-20 21:00:00,22,531,11
2024-04-20 22:00:00,6,399,4
2024-04-20 23:00:00,2,278,3
2024-04-21 00:00:00,1,193,0
2024-04-21 01:00:00,0,180,0
2024-04-21 02:00:00,0,88,0
2024-04-21 03:00:00,0,102,0
2024-04-21 04:00:00,2,77,1
2024-04-21 05:00:00,30,166,12
2024-04-21 06:00:00,39,168,12
2024-04-21 07:00:00,61,205,8
2024-04-21 08:00:00,99,306,13
2024-04-21 09:00:00,175,396,20
2024-04-21 10:00:00,186,490,19
2024-04-21 11:00:00,251,578,19
2024-04-21 12:00:00,288,568,24
2024-04-21 13:00:00,245,599,28
2024-04-21 14:00:00,154,549,56
2024-04-21 15:00:00,181,575,71
2024-04-21 16:00:00,145,594,40
2024-04-21 17:00:00,127,502,31
2024-04-21 18:00:00,125,465,35
2024-04-21 19:00:00,97,492,51
2024-04-21 20:00:00,10,351,27
2024-04-21 21:00:00,10,348,6
2024-04-21 22:00:00,4,145,8
2024-04-21 23:00:00,0,119,0
2024-04-22 00:00:00,2,69,0
2024-04-22 01:00:00,0,34,0
2024-04-22 02:00:00,0,35,0
2024-04-22 03:00:00,0,26,0
2024-04-22 04:00:00,10,35,0
2024-04-22 05:00:00,96,217,22
2024-04-22 06:00:00,240,528,74
2024-04-22 07:00:00,454,634,64
2024-04-22 08:00:00,379,531,42
2024-04-22 09:00:00,386,505,29
2024-04-22 10:00:00,279,539,29
2024-04-22 11:00:00,280,545,40
2024-04-22 12:00:00,289,574,24
2024-04-22 13:00:00,398,562,39
2024-04-22 14:00:00,407,670,45
2024-04-22 15:00:00,421,695,81
2024-04-22 16:00:00,344,760,134
2024-04-22 17:00:00,235,656,85
2024-04-22 18:00:00,238,505,38
2024-04-22 19:00:00,86,368,38
2024-04-22 20:00:00,8,434,8
2024-04-22 21:00:00,4,256,5
2024-04-22 22:00:00,1,136,6
2024-04-22 23:00:00,0,101,2
2024-04-23 00:00:00,0,66,0
2024-04-23 01:00:00,0,46,0
2024-04-23 02:00:00,0,34,0
2024-04-23 03:00:00,1,25,0
2024-04-23 04:00:00,13,68,2
2024-04-23 05:00:00,76,235,31
2024-04-23 06:00:00,134,561,80
2024-04-23 07:00:00,477,627,75
2024-04-23 08:00:00,461,556,28
2024-04-23 09:00:00,424,543,22
2024-04-23 10:00:00,462,573,16
2024-04-23 11:00:00,472,571,24
2024-04-23 12:00:00,473,623,37
2024-04-23 13:00:00,496,611,48
2024-04-23 14:00:00,553,691,71
2024-04-23 15:00:00,414,769,108
2024-04-23 16:00:00,410,805,172
2024-04-23 17:00:00,307,712,87
2024-04-23 18:00:00,269,578,46
2024-04-23 19:00:00,147,475,36
2024-04-23 20:00:00,29,384,19
2024-04-23 21:00:00,19,318,14
2024-04-23 22:00:00,4,189,2
2024-04-23 23:00:00,3,98,1
2024-04-24 00:00:00,0,68,0
2024-04-24 01:00:00,0,55,1
2024-04-24 02:00:00,1,41,0
2024-04-24 03:00:00,0,47,0
2024-04-24 04:00:00,19,52,2
2024-04-24 05:00:00,89,226,24
2024-04-24 06:00:00,200,519,62
2024-04-24 07:00:00,475,626,74
2024-04-24 08:00:00,442,523,29
2024-04-24 09:00:00,418,552,27
2024-04-24 10:00:00,411,590,26
2024-04-24 11:00:00,408,583,36
2024-04-24 12:00:00,430,571,46
2024-04-24 13:00:00,392,663,44
2024-04-24 14:00:00,461,687,61
2024-04-24 15:00:00,462,739,85
2024-04-24 16:00:00,446,815,155
2024-04-24 17:00:00,308,679,73
2024-04-24 18:00:00,238,566,58
2024-04-24 19:00:00,124,444,49
2024-04-24 20:00:00,18,436,25
2024-04-24 21:00:00,12,446,25
2024-04-24 22:00:00,5,268,7
2024-04-24 23:00:00,4,142,0
2024-04-25 00:00:00,0,109,0
2024-04-25 01:00:00,1,105,0
2024-04-25 02:00:00,0,54,1
2024-04-25 03:00:00,1,38,0
2024-04-25 04:00:00,3,67,0
2024-04-25 05:00:00,22,214,28
2024-04-25 06:00:00,148,555,55
2024-04-25 07:00:00,535,631,69
2024-04-25 08:00:00,364,577,21
2024-04-25 09:00:00,430,552,18
2024-04-25 10:00:00,383,564,28
2024-04-25 11:00:00,413,577,32
2024-04-25 12:00:00,383,585,31
2024-04-25 13:00:00,435,671,41
2024-04-25 14:00:00,520,674,49
2024-04-25 15:00:00,470,760,92
2024-04-25 16:00:00,466,819,109
2024-04-25 17:00:00,300,700,79
2024-04-25 18:00:00,256,611,44
2024-04-25 19:00:00,166,497,56
2024-04-25 20:00:00,20,553,25
2024-04-25 21:00:00,12,543,25
2024-04-25 22:00:00,3,259,9
2024-04-25 23:00:00,1,120,1
2024-04-26 00:00:00,0,94,0
2024-04-26 01:00:00,0,64,0
2024-04-26 02:00:00,0,54,0
2024-04-26 03:00:00,0,34,0
2024-04-26 04:00:00,7,65,1
2024-04-26 05:00:00,68,214,18
2024-04-26 06:00:00,191,486,51
2024-04-26 07:00:00,445,588,53
2024-04-26 08:00:00,347,489,25
2024-04-26 09:00:00,370,399,26
2024-04-26 10:00:00,412,448,19
2024-04-26 11:00:00,440,604,34
2024-04-26 12:00:00,343,664,40
2024-04-26 13:00:00,394,662,28
2024-04-26 14:00:00,446,720,48
2024-04-26 15:00:00,410,760,72
2024-04-26 16:00:00,343,765,83
2024-04-26 17:00:00,305,686,61
2024-04-26 18:00:00,254,647,63
2024-04-26 19:00:00,154,519,42
2024-04-26 20:00:00,29,423,14
2024-04-26 21:00:00,13,490,16
2024-04-26 22:00:00,4,360,9
2024-04-26 23:00:00,2,256,3
2024-04-27 00:00:00,1,191,0
2024-04-27 01:00:00,2,153,2
2024-04-27 02:00:00,0,118,0
2024-04-27 03:00:00,0,80,1
2024-04-27 04:00:00,3,87,2
2024-04-27 05:00:00,26,167,13
2024-04-27 06:00:00,3,227,14
2024-04-27 07:00:00,12,304,7
2024-04-27 08:00:00,26,438,17
2024-04-27 09:00:00,96,537,30
2024-04-27 10:00:00,170,606,14
2024-04-27 11:00:00,241,594,27
2024-04-27 12:00:00,315,605,20
2024-04-27 13:00:00,342,668,15
2024-04-27 14:00:00,248,666,16
2024-04-27 15:00:00,263,654,24
2024-04-27 16:00:00,255,686,21
2024-04-27 17:00:00,219,589,26
2024-04-27 18:00:00,183,526,23
2024-04-27 19:00:00,113,431,24
2024-04-27 20:00:00,22,426,15
2024-04-27 21:00:00,21,520,8
2024-04-27 22:00:00,9,558,6
2024-04-27 23:00:00,0,281,2
2024-04-28 00:00:00,0,193,0
2024-04-28 01:00:00,0,193,0
2024-04-28 02:00:00,0,126,1
2024-04-28 03:00:00,0,102,0
2024-04-28 04:00:00,2,91,1
2024-04-28 05:00:00,23,139,11
2024-04-28 06:00:00,40,175,13
2024-04-28 07:00:00,43,187,2
2024-04-28 08:00:00,70,306,8
2024-04-28 09:00:00,189,427,9
2024-04-28 10:00:00,210,506,11
2024-04-28 11:00:00,224,632,18
2024-04-28 12:00:00,235,595,23
2024-04-28 13:00:00,238,606,19
2024-04-28 14:00:00,170,585,16
2024-04-28 15:00:00,204,652,33
2024-04-28 16:00:00,168,570,28
2024-04-28 17:00:00,165,563,37
2024-04-28 18:00:00,124,483,27
2024-04-28 19:00:00,123,435,29
2024-04-28 20:00:00,20,310,13
2024-04-28 21:00:00,11,245,5
2024-04-28 22:00:00,3,143,2
2024-04-28 23:00:00,1,104,0
2024-04-29 00:00:00,0,72,0
2024-04-29 01:00:00,0,46,0
2024-04-29 02:00:00,0,29,2
2024-04-29 03:00:00,1,39,1
2024-04-29 04:00:00,16,60,3
2024-04-29 05:00:00,48,218,19
2024-04-29 06:00:00,127,523,50
2024-04-29 07:00:00,311,588,61
2024-04-29 08:00:00,376,487,30
2024-04-29 09:00:00,340,508,18
2024-04-29 10:00:00,334,495,24
2024-04-29 11:00:00,383,546,29
2024-04-29 12:00:00,468,514,41
2024-04-29 13:00:00,389,585,32
2024-04-29 14:00:00,445,675,33
2024-04-29 15:00:00,463,733,75
2024-04-29 16:00:00,417,761,110
2024-04-29 17:00:00,295,633,67
2024-04-29 18:00:00,214,505,47
2024-04-29 19:00:00,162,399,39
2024-04-29 20:00:00,17,347,12
2024-04-29 21:00:00,16,368,7
2024-04-29 22:00:00,2,205,4
2024-04-29 23:00:00,0,103,0
2024-04-30 00:00:00,0,81,2
2024-04-30 01:00:00,0,56,1
2024-04-30 02:00:00,0,36,0
2024-04-30 03:00:00,0,36,0
2024-04-30 04:00:00,7,68,3
2024-04-30 05:00:00,79,262,27
2024-04-30 06:00:00,257,633,60
2024-04-30 07:00:00,480,706,58
2024-04-30 08:00:00,366,524,32
2024-04-30 09:00:00,378,451,22
2024-04-30 10:00:00,428,432,22
2024-04-30 11:00:00,518,442,33
2024-04-30 12:00:00,473,479,31
2024-04-30 13:00:00,513,480,34
2024-04-30 14:00:00,554,509,55
2024-04-30 15:00:00,543,550,75
2024-04-30 16:00:00,512,603,111
2024-04-30 17:00:00,401,542,96
2024-04-30 18:00:00,210,532,67
2024-04-30 19:00:00,102,453,39
2024-04-30 20:00:00,7,384,51
2024-04-30 21:00:00,6,541,60
2024-04-30 22:00:00,20,257,43
2024-04-30 23:00:00,3,128,23
2024-05-01 00:00:00,0,86,19
2024-05-01 01:00:00,1,49,2
2024-05-01 02:00:00,0,54,1
2024-05-01 03:00:00,0,32,6
2024-05-01 04:00:00,7,51,3
2024-05-01 05:00:00,93,222,24
2024-05-01 06:00:00,251,451,54
2024-05-01 07:00:00,512,530,68
2024-05-01 08:00:00,390,469,43
2024-05-01 09:00:00,401,439,23
2024-05-01 10:00:00,487,409,23
2024-05-01 11:00:00,509,439,21
2024-05-01 12:00:00,517,451,27
2024-05-01 13:00:00,488,515,37
2024-05-01 14:00:00,568,586,55
2024-05-01 15:00:00,543,614,82
2024-05-01 16:00:00,515,601,120
2024-05-01 17:00:00,359,606,84
2024-05-01 18:00:00,260,602,42
2024-05-01 19:00:00,134,465,38
2024-05-01 20:00:00,2,435,30
2024-05-01 21:00:00,3,613,32
2024-05-01 22:00:00,3,335,10
2024-05-01 23:00:00,0,137,8
2024-05-02 00:00:00,6,113,5
2024-05-02 01:00:00,0,99,6
2024-05-02 02:00:00,1,64,0
2024-05-02 03:00:00,1,56,0
2024-05-02 04:00:00,8,77,4
2024-05-02 05:00:00,79,227,21
2024-05-02 06:00:00,230,528,51
2024-05-02 07:00:00,518,569,62
2024-05-02 08:00:00,392,450,39
2024-05-02 09:00:00,439,477,27
2024-05-02 10:00:00,439,463,19
2024-05-02 11:00:00,422,480,50
2024-05-02 12:00:00,469,507,39
2024-05-02 13:00:00,422,561,38
2024-05-02 14:00:00,485,514,49
2024-05-02 15:00:00,483,570,66
2024-05-02 16:00:00,450,646,109
2024-05-02 17:00:00,338,629,74
2024-05-02 18:00:00,273,594,47
2024-05-02 19:00:00,185,461,48
2024-05-02 20:00:00,33,386,26
2024-05-02 21:00:00,34,521,16
2024-05-02 22:00:00,8,405,15
2024-05-02 23:00:00,0,162,0
2024-05-03 00:00:00,1,112,3
2024-05-03 01:00:00,1,74,1
2024-05-03 02:00:00,0,49,0
2024-05-03 03:00:00,2,35,0
2024-05-03 04:00:00,10,64,0
2024-05-03 05:00:00,81,189,18
2024-05-03 06:00:00,181,477,56
2024-05-03 07:00:00,399,549,52
2024-05-03 08:00:00,349,512,27
2024-05-03 09:00:00,395,490,31
2024-05-03 10:00:00,398,492,28
2024-05-03 11:00:00,371,522,29
2024-05-03 12:00:00,476,464,34
2024-05-03 13:00:00,500,386,36
2024-05-03 14:00:00,261,4,11
2024-05-03 15:00:00,238,0,4
2024-05-03 16:00:00,100,0,4
2024-05-03 17:00:00,156,1,5
2024-05-03 18:00:00,142,0,3
2024-05-03 19:00:00,73,1,7
2024-05-03 20:00:00,18,277,17
2024-05-03 21:00:00,14,545,14
2024-05-03 22:00:00,3,335,8
2024-05-03 23:00:00,3,241,7
2024-05-04 00:00:00,0,197,1
2024-05-04 01:00:00,2,145,1
2024-05-04 02:00:00,0,130,0
2024-05-04 03:00:00,0,67,0
2024-05-04 04:00:00,2,76,5
2024-05-04 05:00:00,6,122,7
2024-05-04 06:00:00,7,174,1
2024-05-04 07:00:00,5,280,8
2024-05-04 08:00:00,108,339,16
2024-05-04 09:00:00,191,494,19
2024-05-04 10:00:00,189,503,22
2024-05-04 11:00:00,259,515,35
2024-05-04 12:00:00,269,546,32
2024-05-04 13:00:00,239,596,14
2024-05-04 14:00:00,196,547,32
2024-05-04 15:00:00,222,606,31
2024-05-04 16:00:00,194,628,37
2024-05-04 17:00:00,213,524,33
2024-05-04 18:00:00,193,556,20
2024-05-04 19:00:00,153,434,41
2024-05-04 20:00:00,39,359,18
2024-05-04 21:00:00,30,519,15
2024-05-04 22:00:00,13,409,13
2024-05-04 23:00:00,8,300,1
2024-05-05 00:00:00,0,193,2
2024-05-05 01:00:00,1,175,1
2024-05-05 02:00:00,3,129,1
2024-05-05 03:00:00,1,85,1
2024-05-05 04:00:00,4,62,0
2024-05-05 05:00:00,17,121,7
2024-05-05 06:00:00,29,156,8
2024-05-05 07:00:00,32,198,6
2024-05-05 08:00:00,108,271,10
2024-05-05 09:00:00,172,391,13
2024-05-05 10:00:00,175,460,12
2024-05-05 11:00:00,205,519,17
2024-05-05 12:00:00,228,536,27
2024-05-05 13:00:00,167,604,23
2024-05-05 14:00:00,136,563,26
2024-05-05 15:00:00,166,517,33
2024-05-05 16:00:00,187,487,19
2024-05-05 17:00:00,169,520,24
2024-05-05 18:00:00,146,483,40
2024-05-05 19:00:00,65,444,36
2024-05-05 20:00:00,0,329,21
2024-05-05 21:00:00,4,386,18
2024-05-05 22:00:00,9,320,5
2024-05-05 23:00:00,2,185,1
2024-05-06 00:00:00,0,123,0
2024-05-06 01:00:00,0,81,0
2024-05-06 02:00:00,0,72,1
2024-05-06 03:00:00,3,57,0
2024-05-06 04:00:00,5,40,0
2024-05-06 05:00:00,58,138,6
2024-05-06 06:00:00,78,204,12
2024-05-06 07:00:00,98,203,9
2024-05-06 08:00:00,150,246,4
2024-05-06 09:00:00,204,385,10
2024-05-06 10:00:00,195,451,19
2024-05-06 11:00:00,265,497,25
2024-05-06 12:00:00,204,547,18
2024-05-06 13:00:00,257,523,23
2024-05-06 14:00:00,183,602,18
2024-05-06 15:00:00,223,566,34
2024-05-06 16:00:00,118,578,28
2024-05-06 17:00:00,131,531,39
2024-05-06 18:00:00,141,412,24
2024-05-06 19:00:00,66,375,27
2024-05-06 20:00:00,2,344,7
2024-05-06 21:00:00,2,333,7
2024-05-06 22:00:00,1,221,6
2024-05-06 23:00:00,0,78,1
2024-05-07 00:00:00,0,65,0
2024-05-07 01:00:00,0,44,0
2024-05-07 02:00:00,0,31,0
2024-05-07 03:00:00,0,36,0
2024-05-07 04:00:00,14,62,2
2024-05-07 05:00:00,104,272,20
2024-05-07 06:00:00,248,568,63
2024-05-07 07:00:00,455,644,59
2024-05-07 08:00:00,394,517,28
2024-05-07 09:00:00,404,431,22
2024-05-07 10:00:00,392,485,22
2024-05-07 11:00:00,466,471,28
2024-05-07 12:00:00,438,510,36
2024-05-07 13:00:00,447,534,58
2024-05-07 14:00:00,445,551,72
2024-05-07 15:00:00,456,621,87
2024-05-07 16:00:00,404,619,127
2024-05-07 17:00:00,368,599,100
2024-05-07 18:00:00,262,512,53
2024-05-07 19:00:00,178,411,41
2024-05-07 20:00:00,27,373,27
2024-05-07 21:00:00,17,527,20
2024-05-07 22:00:00,3,180,4
2024-05-07 23:00:00,1,95,4
2024-05-08 00:00:00,1,76,0
2024-05-08 01:00:00,1,56,1
2024-05-08 02:00:00,0,35,2
2024-05-08 03:00:00,0,34,0
2024-05-08 04:00:00,14,59,3
2024-05-08 05:00:00,63,220,15
2024-05-08 06:00:00,215,561,57
2024-05-08 07:00:00,326,628,56
2024-05-08 08:00:00,421,485,24
2024-05-08 09:00:00,420,448,21
2024-05-08 10:00:00,405,473,25
2024-05-08 11:00:00,423,476,31
2024-05-08 12:00:00,460,513,37
2024-05-08 13:00:00,470,550,38
2024-05-08 14:00:00,482,575,60
2024-05-08 15:00:00,394,580,93
2024-05-08 16:00:00,449,617,142
2024-05-08 17:00:00,323,614,82
2024-05-08 18:00:00,286,551,53
2024-05-08 19:00:00,184,368,41
2024-05-08 20:00:00,37,419,35
2024-05-08 21:00:00,40,516,28
2024-05-08 22:00:00,2,173,4
2024-05-08 23:00:00,4,111,4
2024-05-09 00:00:00,0,97,0
2024-05-09 01:00:00,1,117,1
2024-05-09 02:00:00,1,58,3
2024-05-09 03:00:00,0,41,0
2024-05-09 04:00:00,9,59,1
2024-05-09 05:00:00,19,239,26
2024-05-09 06:00:00,18,528,9
2024-05-09 07:00:00,171,587,48
2024-05-09 08:00:00,386,511,32
2024-05-09 09:00:00,433,480,24
2024-05-09 10:00:00,413,478,30
2024-05-09 11:00:00,448,496,26
2024-05-09 12:00:00,415,507,30
2024-05-09 13:00:00,415,554,48
2024-05-09 14:00:00,396,558,116
2024-05-09 15:00:00,379,580,172
2024-05-09 16:00:00,373,609,152
2024-05-09 17:00:00,273,605,104
2024-05-09 18:00:00,264,558,69
2024-05-09 19:00:00,196,503,42
2024-05-09 20:00:00,42,437,38
2024-05-09 21:00:00,42,560,45
2024-05-09 22:00:00,10,300,5
2024-05-09 23:00:00,1,133,4
2024-05-10 00:00:00,2,90,1
2024-05-10 01:00:00,1,79,1
2024-05-10 02:00:00,2,54,1
2024-05-10 03:00:00,0,37,0
2024-05-10 04:00:00,6,52,0
2024-05-10 05:00:00,24,207,19
2024-05-10 06:00:00,49,471,44
2024-05-10 07:00:00,272,571,31
2024-05-10 08:00:00,432,529,27
2024-05-10 09:00:00,441,509,26
2024-05-10 10:00:00,427,495,19
2024-05-10 11:00:00,400,509,48
2024-05-10 12:00:00,338,547,33
2024-05-10 13:00:00,396,520,50
2024-05-10 14:00:00,420,595,77
2024-05-10 15:00:00,406,610,144
2024-05-10 16:00:00,364,622,107
2024-05-10 17:00:00,282,571,57
2024-05-10 18:00:00,243,559,46
2024-05-10 19:00:00,190,435,37
2024-05-10 20:00:00,38,467,52
2024-05-10 21:00:00,47,600,36
2024-05-10 22:00:00,15,366,15
2024-05-10 23:00:00,12,283,2
2024-05-11 00:00:00,5,183,0
2024-05-11 01:00:00,1,131,1
2024-05-11 02:00:00,2,87,1
2024-05-11 03:00:00,3,71,0
2024-05-11 04:00:00,7,61,2
2024-05-11 05:00:00,16,132,13
2024-05-11 06:00:00,4,265,4
2024-05-11 07:00:00,40,283,8
2024-05-11 08:00:00,161,390,13
2024-05-11 09:00:00,207,538,19
2024-05-11 10:00:00,235,528,28
2024-05-11 11:00:00,255,544,36
2024-05-11 12:00:00,245,588,27
2024-05-11 13:00:00,226,585,25
2024-05-11 14:00:00,185,522,23
2024-05-11 15:00:00,228,524,31
2024-05-11 16:00:00,165,598,42
2024-05-11 17:00:00,167,542,33
2024-05-11 18:00:00,175,507,25
2024-05-11 19:00:00,143,416,33
2024-05-11 20:00:00,38,352,39
2024-05-11 21:00:00,27,538,37
2024-05-11 22:00:00,17,446,17
2024-05-11 23:00:00,12,366,5
2024-05-12 00:00:00,8,225,1
2024-05-12 01:00:00,1,165,3
2024-05-12 02:00:00,0,95,0
2024-05-12 03:00:00,1,83,0
2024-05-12 04:00:00,5,48,0
2024-05-12 05:00:00,22,119,7
2024-05-12 06:00:00,10,162,9
2024-05-12 07:00:00,55,196,11
2024-05-12 08:00:00,129,328,16
2024-05-12 09:00:00,186,440,18
2024-05-12 10:00:00,240,487,11
2024-05-12 11:00:00,212,495,32
2024-05-12 12:00:00,255,569,26
2024-05-12 13:00:00,230,600,34
2024-05-12 14:00:00,197,549,26
2024-05-12 15:00:00,204,596,49
2024-05-12 16:00:00,137,445,44
2024-05-12 17:00:00,152,486,45
2024-05-12 18:00:00,145,444,42
2024-05-12 19:00:00,111,446,32
2024-05-12 20:00:00,35,320,19
2024-05-12 21:00:00,12,279,10
2024-05-12 22:00:00,1,135,1
2024-05-12 23:00:00,1,100,6
2024-05-13 00:00:00,0,77,3
2024-05-13 01:00:00,1,41,0
2024-05-13 02:00:00,0,37,1
2024-05-13 03:00:00,1,33,0
2024-05-13 04:00:00,15,77,1
2024-05-13 05:00:00,82,218,17
2024-05-13 06:00:00,286,559,70
2024-05-13 07:00:00,488,579,57
2024-05-13 08:00:00,330,487,34
2024-05-13 09:00:00,355,438,25
2024-05-13 10:00:00,291,447,20
2024-05-13 11:00:00,377,480,32
2024-05-13 12:00:00,428,446,41
2024-05-13 13:00:00,387,510,39
2024-05-13 14:00:00,391,488,53
2024-05-13 15:00:00,294,575,72
2024-05-13 16:00:00,248,573,126
2024-05-13 17:00:00,218,622,75
2024-05-13 18:00:00,182,516,55
2024-05-13 19:00:00,83,360,50
2024-05-13 20:00:00,1,341,14
2024-05-13 21:00:00,0,372,11
2024-05-13 22:00:00,0,157,4
2024-05-13 23:00:00,1,97,2
2024-05-14 00:00:00,0,70,1
2024-05-14 01:00:00,0,55,2
2024-05-14 02:00:00,0,35,0
2024-05-14 03:00:00,0,29,0
2024-05-14 04:00:00,21,85,3
2024-05-14 05:00:00,53,231,20
2024-05-14 06:00:00,240,523,60
2024-05-14 07:00:00,362,603,44
2024-05-14 08:00:00,372,503,28
2024-05-14 09:00:00,392,446,24
2024-05-14 10:00:00,304,477,21
2024-05-14 11:00:00,412,481,34
2024-05-14 12:00:00,448,477,30
2024-05-14 13:00:00,463,519,46
2024-05-14 14:00:00,499,517,57
2024-05-14 15:00:00,481,580,76
2024-05-14 16:00:00,450,583,117
2024-05-14 17:00:00,340,629,93
2024-05-14 18:00:00,253,498,44
2024-05-14 19:00:00,172,400,54
2024-05-14 20:00:00,37,353,31
2024-05-14 21:00:00,19,412,15
2024-05-14 22:00:00,0,169,4
2024-05-14 23:00:00,0,99,0
2024-05-15 00:00:00,0,83,3
2024-05-15 01:00:00,0,53,1
2024-05-15 02:00:00,0,52,0
2024-05-15 03:00:00,0,27,1
2024-05-15 04:00:00,10,66,0
2024-05-15 05:00:00,64,204,22
2024-05-15 06:00:00,169,468,40
2024-05-15 07:00:00,409,594,65
2024-05-15 08:00:00,335,487,39
2024-05-15 09:00:00,304,459,17
2024-05-15 10:00:00,386,487,30
2024-05-15 11:00:00,415,491,39
2024-05-15 12:00:00,413,524,31
2024-05-15 13:00:00,403,514,42
2024-05-15 14:00:00,355,561,64
2024-05-15 15:00:00,390,570,96
2024-05-15 16:00:00,437,624,134
2024-05-15 17:00:00,317,664,87
2024-05-15 18:00:00,244,607,62
2024-05-15 19:00:00,193,442,41
2024-05-15 20:00:00,35,395,34
2024-05-15 21:00:00,12,435,17
2024-05-15 22:00:00,2,211,8
2024-05-15 23:00:00,1,134,1
2024-05-16 00:00:00,0,84,1
2024-05-16 01:00:00,1,86,0
2024-05-16 02:00:00,0,73,3
2024-05-16 03:00:00,0,44,0
2024-05-16 04:00:00,9,62,1
2024-05-16 05:00:00,47,191,25
2024-05-16 06:00:00,8,536,22
2024-05-16 07:00:00,185,615,58
2024-05-16 08:00:00,335,516,29
2024-05-16 09:00:00,341,503,28
2024-05-16 10:00:00,296,508,26
2024-05-16 11:00:00,391,504,32
2024-05-16 12:00:00,436,499,34
2024-05-16 13:00:00,272,519,37
2024-05-16 14:00:00,489,550,46
2024-05-16 15:00:00,350,585,93
2024-05-16 16:00:00,439,646,137
2024-05-16 17:00:00,335,649,74
2024-05-16 18:00:00,306,535,45
2024-05-16 19:00:00,193,463,38
2024-05-16 20:00:00,35,383,22
2024-05-16 21:00:00,21,510,14
2024-05-16 22:00:00,3,347,3
2024-05-16 23:00:00,1,145,2
2024-05-17 00:00:00,0,72,0
2024-05-17 01:00:00,0,77,0
2024-05-17 02:00:00,0,53,0
2024-05-17 03:00:00,0,33,0
2024-05-17 04:00:00,5,64,1
2024-05-17 05:00:00,5,218,17
2024-05-17 06:00:00,4,505,4
2024-05-17 07:00:00,196,625,26
2024-05-17 08:00:00,379,532,28
2024-05-17 09:00:00,350,239,28
2024-05-17 10:00:00,428,404,24
2024-05-17 11:00:00,390,548,32
2024-05-17 12:00:00,343,570,35
2024-05-17 13:00:00,350,556,34
2024-05-17 14:00:00,363,587,50
2024-05-17 15:00:00,285,619,62
2024-05-17 16:00:00,279,640,78
2024-05-17 17:00:00,302,643,42
2024-05-17 18:00:00,194,520,42
2024-05-17 19:00:00,190,479,44
2024-05-17 20:00:00,36,432,37
2024-05-17 21:00:00,2,495,13
2024-05-17 22:00:00,1,332,5
2024-05-17 23:00:00,1,255,3
2024-05-18 00:00:00,3,144,2
2024-05-18 01:00:00,0,119,1
2024-05-18 02:00:00,1,116,1
2024-05-18 03:00:00,0,66,1
2024-05-18 04:00:00,6,75,1
2024-05-18 05:00:00,35,147,8
2024-05-18 06:00:00,61,220,22
2024-05-18 07:00:00,91,290,11
2024-05-18 08:00:00,123,393,20
2024-05-18 09:00:00,151,494,16
2024-05-18 10:00:00,162,515,38
2024-05-18 11:00:00,242,521,21
2024-05-18 12:00:00,246,587,22
2024-05-18 13:00:00,280,644,18
2024-05-18 14:00:00,292,614,30
2024-05-18 15:00:00,240,570,38
2024-05-18 16:00:00,192,628,27
2024-05-18 17:00:00,142,574,31
2024-05-18 18:00:00,169,488,25
2024-05-18 19:00:00,132,448,27
2024-05-18 20:00:00,45,383,34
2024-05-18 21:00:00,11,521,16
2024-05-18 22:00:00,2,396,9
2024-05-18 23:00:00,3,238,2
2024-05-19 00:00:00,1,186,0
2024-05-19 01:00:00,1,170,2
2024-05-19 02:00:00,1,130,3
2024-05-19 03:00:00,1,119,1
2024-05-19 04:00:00,1,96,0
2024-05-19 05:00:00,9,167,7
2024-05-19 06:00:00,6,327,6
2024-05-19 07:00:00,28,414,20
2024-05-19 08:00:00,118,519,24
2024-05-19 09:00:00,230,523,18
2024-05-19 10:00:00,222,578,33
2024-05-19 11:00:00,297,586,34
2024-05-19 12:00:00,283,548,32
2024-05-19 13:00:00,214,583,38
2024-05-19 14:00:00,179,605,60
2024-05-19 15:00:00,170,601,55
2024-05-19 16:00:00,165,643,17
2024-05-19 17:00:00,170,579,23
2024-05-19 18:00:00,144,473,20
2024-05-19 19:00:00,99,454,38
2024-05-19 20:00:00,25,328,31
2024-05-19 21:00:00,3,504,4
2024-05-19 22:00:00,3,282,11
2024-05-19 23:00:00,0,98,2
2024-05-20 00:00:00,0,65,1
2024-05-20 01:00:00,2,52,0
2024-05-20 02:00:00,0,30,1
2024-05-20 03:00:00,0,39,0
2024-05-20 04:00:00,0,63,1
2024-05-20 05:00:00,36,207,17
2024-05-20 06:00:00,135,508,56
2024-05-20 07:00:00,210,577,75
2024-05-20 08:00:00,279,477,21
2024-05-20 09:00:00,319,471,18
2024-05-20 10:00:00,324,481,22
2024-05-20 11:00:00,351,441,33
2024-05-20 12:00:00,392,504,33
2024-05-20 13:00:00,350,526,41
2024-05-20 14:00:00,416,562,75
2024-05-20 15:00:00,221,606,126
2024-05-20 16:00:00,332,585,104
2024-05-20 17:00:00,224,559,33
2024-05-20 18:00:00,119,498,40
2024-05-20 19:00:00,120,381,49
2024-05-20 20:00:00,23,353,31
2024-05-20 21:00:00,3,401,13
2024-05-20 22:00:00,3,191,2
2024-05-20 23:00:00,0,102,1
2024-05-21 00:00:00,0,58,1
2024-05-21 01:00:00,0,46,0
2024-05-21 02:00:00,2,39,1
2024-05-21 03:00:00,0,39,1
2024-05-21 04:00:00,3,67,2
2024-05-21 05:00:00,13,243,17
2024-05-21 06:00:00,6,467,0
2024-05-21 07:00:00,77,583,36
2024-05-21 08:00:00,255,505,20
2024-05-21 09:00:00,271,456,20
2024-05-21 10:00:00,356,505,29
2024-05-21 11:00:00,331,487,36
2024-05-21 12:00:00,352,525,40
2024-05-21 13:00:00,346,545,44
2024-05-21 14:00:00,419,546,41
2024-05-21 15:00:00,378,591,80
2024-05-21 16:00:00,368,650,90
2024-05-21 17:00:00,300,608,90
2024-05-21 18:00:00,153,589,47
2024-05-21 19:00:00,87,486,61
2024-05-21 20:00:00,10,380,13
2024-05-21 21:00:00,3,399,7
2024-05-21 22:00:00,2,209,3
2024-05-21 23:00:00,1,107,2
2024-05-22 00:00:00,0,78,0
2024-05-22 01:00:00,0,61,1
2024-05-22 02:00:00,0,56,0
2024-05-22 03:00:00,0,62,0
2024-05-22 04:00:00,9,56,2
2024-05-22 05:00:00,82,243,20
2024-05-22 06:00:00,136,539,56
2024-05-22 07:00:00,249,616,58
2024-05-22 08:00:00,198,493,27
2024-05-22 09:00:00,185,492,26
2024-05-22 10:00:00,300,517,26
2024-05-22 11:00:00,343,504,33
2024-05-22 12:00:00,354,539,30
2024-05-22 13:00:00,229,546,48
2024-05-22 14:00:00,279,555,31
2024-05-22 15:00:00,344,614,57
2024-05-22 16:00:00,385,652,102
2024-05-22 17:00:00,279,656,60
2024-05-22 18:00:00,218,580,40
2024-05-22 19:00:00,160,404,24
2024-05-22 20:00:00,41,457,21
2024-05-22 21:00:00,12,447,13
2024-05-22 22:00:00,0,178,5
2024-05-22 23:00:00,2,124,1
2024-05-23 00:00:00,0,75,0
2024-05-23 01:00:00,0,78,1
2024-05-23 02:00:00,0,53,0
2024-05-23 03:00:00,1,35,2
2024-05-23 04:00:00,18,62,2
2024-05-23 05:00:00,111,231,24
2024-05-23 06:00:00,156,557,63
2024-05-23 07:00:00,398,607,50
2024-05-23 08:00:00,267,504,43
2024-05-23 09:00:00,269,472,16
2024-05-23 10:00:00,312,470,21
2024-05-23 11:00:00,361,523,23
2024-05-23 12:00:00,399,483,24
2024-05-23 13:00:00,380,527,36
2024-05-23 14:00:00,419,571,39
2024-05-23 15:00:00,398,615,72
2024-05-23 16:00:00,378,628,114
2024-05-23 17:00:00,313,657,80
2024-05-23 18:00:00,253,584,53
2024-05-23 19:00:00,152,442,35
2024-05-23 20:00:00,48,382,26
2024-05-23 21:00:00,8,480,23
2024-05-23 22:00:00,6,234,5
2024-05-23 23:00:00,2,138,0
2024-05-24 00:00:00,0,78,0
2024-05-24 01:00:00,1,63,1
2024-05-24 02:00:00,1,59,0
2024-05-24 03:00:00,4,40,0
2024-05-24 04:00:00,24,60,2
2024-05-24 05:00:00,87,186,12
2024-05-24 06:00:00,174,462,57
2024-05-24 07:00:00,396,545,48
2024-05-24 08:00:00,282,483,21
2024-05-24 09:00:00,351,521,20
2024-05-24 10:00:00,371,525,25
2024-05-24 11:00:00,445,507,31
2024-05-24 12:00:00,388,538,36
2024-05-24 13:00:00,355,584,56
2024-05-24 14:00:00,369,599,51
2024-05-24 15:00:00,383,604,54
2024-05-24 16:00:00,267,659,72
2024-05-24 17:00:00,185,608,37
2024-05-24 18:00:00,219,550,44
2024-05-24 19:00:00,175,422,35
2024-05-24 20:00:00,57,416,30
2024-05-24 21:00:00,4,518,10
2024-05-24 22:00:00,1,399,12
2024-05-24 23:00:00,1,208,6
2024-05-25 00:00:00,5,155,4
2024-05-25 01:00:00,0,123,1
2024-05-25 02:00:00,0,104,0
2024-05-25 03:00:00,2,52,0
2024-05-25 04:00:00,11,75,1
2024-05-25 05:00:00,32,118,12
2024-05-25 06:00:00,17,207,7
2024-05-25 07:00:00,41,277,12
2024-05-25 08:00:00,91,385,5
2024-05-25 09:00:00,132,462,26
2024-05-25 10:00:00,166,514,18
2024-05-25 11:00:00,211,551,23
2024-05-25 12:00:00,207,610,21
2024-05-25 13:00:00,248,612,30
2024-05-25 14:00:00,166,584,23
2024-05-25 15:00:00,164,597,32
2024-05-25 16:00:00,170,595,21
2024-05-25 17:00:00,172,450,23
2024-05-25 18:00:00,134,438,20
2024-05-25 19:00:00,109,385,31
2024-05-25 20:00:00,26,393,18
2024-05-25 21:00:00,5,527,8
2024-05-25 22:00:00,1,472,11
2024-05-25 23:00:00,0,339,1
2024-05-26 00:00:00,1,224,0
2024-05-26 01:00:00,0,192,1
2024-05-26 02:00:00,0,127,0
2024-05-26 03:00:00,0,71,1
2024-05-26 04:00:00,7,55,3
2024-05-26 05:00:00,32,106,6
2024-05-26 06:00:00,47,168,6
2024-05-26 07:00:00,91,167,8
2024-05-26 08:00:00,66,264,6
2024-05-26 09:00:00,101,381,12
2024-05-26 10:00:00,121,446,18
2024-05-26 11:00:00,159,589,16
2024-05-26 12:00:00,97,647,16
2024-05-26 13:00:00,173,603,14
2024-05-26 14:00:00,145,578,17
2024-05-26 15:00:00,178,533,20
2024-05-26 16:00:00,109,494,43
2024-05-26 17:00:00,93,417,32
2024-05-26 18:00:00,129,460,40
2024-05-26 19:00:00,98,425,27
2024-05-26 20:00:00,31,303,16
2024-05-26 21:00:00,0,419,11
2024-05-26 22:00:00,0,226,3
2024-05-26 23:00:00,1,238,0
2024-05-27 00:00:00,0,179,1
2024-05-27 01:00:00,0,108,1
2024-05-27 02:00:00,1,84,1
2024-05-27 03:00:00,2,70,1
2024-05-27 04:00:00,13,33,6
2024-05-27 05:00:00,15,129,6
2024-05-27 06:00:00,18,175,12
2024-05-27 07:00:00,41,176,6
2024-05-27 08:00:00,100,254,5
2024-05-27 09:00:00,133,393,10
2024-05-27 10:00:00,184,449,16
2024-05-27 11:00:00,144,464,32
2024-05-27 12:00:00,221,534,33
2024-05-27 13:00:00,164,547,22
2024-05-27 14:00:00,153,552,37
2024-05-27 15:00:00,174,536,48
2024-05-27 16:00:00,162,495,48
2024-05-27 17:00:00,132,461,36
2024-05-27 18:00:00,139,436,44
2024-05-27 19:00:00,115,372,31
2024-05-27 20:00:00,39,277,23
2024-05-27 21:00:00,3,557,15
2024-05-27 22:00:00,0,252,2
2024-05-27 23:00:00,0,114,1
2024-05-28 00:00:00,1,78,0
2024-05-28 01:00:00,0,59,0
2024-05-28 02:00:00,2,32,1
2024-05-28 03:00:00,0,41,0
2024-05-28 04:00:00,14,61,1
2024-05-28 05:00:00,76,240,22
2024-05-28 06:00:00,167,526,49
2024-05-28 07:00:00,340,505,44
2024-05-28 08:00:00,225,457,26
2024-05-28 09:00:00,299,457,15
2024-05-28 10:00:00,347,491,21
2024-05-28 11:00:00,337,530,24
2024-05-28 12:00:00,330,508,36
2024-05-28 13:00:00,382,537,22
2024-05-28 14:00:00,352,550,26
2024-05-28 15:00:00,392,593,59
2024-05-28 16:00:00,345,617,77
2024-05-28 17:00:00,221,568,66
2024-05-28 18:00:00,149,516,36
2024-05-28 19:00:00,114,430,26
2024-05-28 20:00:00,32,301,17
2024-05-28 21:00:00,5,472,10
2024-05-28 22:00:00,1,262,5
2024-05-28 23:00:00,1,105,0
2024-05-29 00:00:00,0,98,0
2024-05-29 01:00:00,1,76,1
2024-05-29 02:00:00,0,88,0
2024-05-29 03:00:00,1,36,1
2024-05-29 04:00:00,4,57,2
2024-05-29 05:00:00,13,185,15
2024-05-29 06:00:00,6,414,0
2024-05-29 07:00:00,137,541,20
2024-05-29 08:00:00,311,449,17
2024-05-29 09:00:00,368,476,14
2024-05-29 10:00:00,330,492,11
2024-05-29 11:00:00,360,501,27
2024-05-29 12:00:00,313,540,23
2024-05-29 13:00:00,308,527,35
2024-05-29 14:00:00,355,543,36
2024-05-29 15:00:00,372,573,51
2024-05-29 16:00:00,390,648,110
2024-05-29 17:00:00,279,606,69
2024-05-29 18:00:00,206,548,54
2024-05-29 19:00:00,149,418,56
2024-05-29 20:00:00,35,301,36
2024-05-29 21:00:00,11,496,14
2024-05-29 22:00:00,4,301,5
2024-05-29 23:00:00,1,125,1
2024-05-30 00:00:00,2,87,1
2024-05-30 01:00:00,1,70,0
2024-05-30 02:00:00,1,58,0
2024-05-30 03:00:00,1,61,2
2024-05-30 04:00:00,18,53,5
2024-05-30 05:00:00,68,201,22
2024-05-30 06:00:00,199,477,38
2024-05-30 07:00:00,244,561,53
2024-05-30 08:00:00,298,470,20
2024-05-30 09:00:00,319,502,18
2024-05-30 10:00:00,296,506,11
2024-05-30 11:00:00,331,513,12
2024-05-30 12:00:00,390,529,20
2024-05-30 13:00:00,405,563,36
2024-05-30 14:00:00,384,562,40
2024-05-30 15:00:00,415,629,56
2024-05-30 16:00:00,424,630,94
2024-05-30 17:00:00,319,655,54
2024-05-30 18:00:00,182,551,43
2024-05-30 19:00:00,186,451,27
2024-05-30 20:00:00,66,388,33
2024-05-30 21:00:00,5,492,17
2024-05-30 22:00:00,23,347,11
2024-05-30 23:00:00,5,171,5
2024-05-31 00:00:00,0,92,0
2024-05-31 01:00:00,1,79,1
2024-05-31 02:00:00,3,63,0
2024-05-31 03:00:00,9,47,0
2024-05-31 04:00:00,8,52,0
2024-05-31 05:00:00,21,162,8
2024-05-31 06:00:00,59,449,27
2024-05-31 07:00:00,141,423,40
2024-05-31 08:00:00,243,464,31
2024-05-31 09:00:00,314,521,23
2024-05-31 10:00:00,333,520,26
2024-05-31 11:00:00,334,547,24
2024-05-31 12:00:00,362,557,32
2024-05-31 13:00:00,334,569,27
2024-05-31 14:00:00,323,583,33
2024-05-31 15:00:00,361,597,53
2024-05-31 16:00:00,320,647,49
2024-05-31 17:00:00,218,645,27
2024-05-31 18:00:00,182,561,32
2024-05-31 19:00:00,129,507,23
2024-05-31 20:00:00,53,421,16
2024-05-31 21:00:00,2,546,19
2024-05-31 22:00:00,3,484,9
2024-05-31 23:00:00,0,276,6
2024-06-01 00:00:00,0,178,1
2024-06-01 01:00:00,4,156,0
2024-06-01 02:00:00,0,119,1
2024-06-01 03:00:00,1,104,1
2024-06-01 04:00:00,2,62,3
2024-06-01 05:00:00,0,126,3
2024-06-01 06:00:00,0,219,0
2024-06-01 07:00:00,50,272,14
2024-06-01 08:00:00,121,380,23
2024-06-01 09:00:00,171,505,20
2024-06-01 10:00:00,212,512,14
2024-06-01 11:00:00,262,536,23
2024-06-01 12:00:00,246,569,29
2024-06-01 13:00:00,216,578,21
2024-06-01 14:00:00,241,593,20
2024-06-01 15:00:00,216,572,30
2024-06-01 16:00:00,201,584,20
2024-06-01 17:00:00,185,483,33
2024-06-01 18:00:00,158,507,35
2024-06-01 19:00:00,131,362,27
2024-06-01 20:00:00,42,346,25
2024-06-01 21:00:00,5,511,11
2024-06-01 22:00:00,2,354,5
2024-06-01 23:00:00,1,261,2
2024-06-02 00:00:00,0,226,4
2024-06-02 01:00:00,1,156,1
2024-06-02 02:00:00,0,116,1
2024-06-02 03:00:00,1,94,0
2024-06-02 04:00:00,1,75,3
2024-06-02 05:00:00,2,136,5
2024-06-02 06:00:00,3,159,0
2024-06-02 07:00:00,38,221,11
2024-06-02 08:00:00,97,299,8
2024-06-02 09:00:00,148,445,14
2024-06-02 10:00:00,189,505,23
2024-06-02 11:00:00,177,517,38
2024-06-02 12:00:00,250,590,21
2024-06-02 13:00:00,145,612,25
2024-06-02 14:00:00,130,533,49
2024-06-02 15:00:00,95,578,68
2024-06-02 16:00:00,126,514,61
2024-06-02 17:00:00,125,468,35
2024-06-02 18:00:00,128,476,27
2024-06-02 19:00:00,118,412,39
2024-06-02 20:00:00,43,320,30
2024-06-02 21:00:00,3,271,14
2024-06-02 22:00:00,1,155,8
2024-06-02 23:00:00,2,109,1
2024-06-03 00:00:00,0,70,0
2024-06-03 01:00:00,0,56,0
2024-06-03 02:00:00,0,32,0
2024-06-03 03:00:00,0,28,0
2024-06-03 04:00:00,8,56,2
2024-06-03 05:00:00,14,218,14
2024-06-03 06:00:00,4,547,27
2024-06-03 07:00:00,315,602,65
2024-06-03 08:00:00,292,481,24
2024-06-03 09:00:00,327,445,26
2024-06-03 10:00:00,300,467,24
2024-06-03 11:00:00,328,508,40
2024-06-03 12:00:00,350,502,30
2024-06-03 13:00:00,316,530,37
2024-06-03 14:00:00,389,553,46
2024-06-03 15:00:00,375,580,67
2024-06-03 16:00:00,348,648,111
2024-06-03 17:00:00,270,594,77
2024-06-03 18:00:00,231,478,38
2024-06-03 19:00:00,153,393,31
2024-06-03 20:00:00,53,338,21
2024-06-03 21:00:00,6,355,11
2024-06-03 22:00:00,5,157,3
2024-06-03 23:00:00,0,96,2
2024-06-04 00:00:00,0,73,0
2024-06-04 01:00:00,0,56,0
2024-06-04 02:00:00,0,55,0
2024-06-04 03:00:00,5,35,0
2024-06-04 04:00:00,13,64,4
2024-06-04 05:00:00,108,239,20
2024-06-04 06:00:00,212,557,76
2024-06-04 07:00:00,361,615,65
2024-06-04 08:00:00,263,492,25
2024-06-04 09:00:00,324,472,32
2024-06-04 10:00:00,338,479,23
2024-06-04 11:00:00,330,493,26
2024-06-04 12:00:00,320,495,33
2024-06-04 13:00:00,296,532,22
2024-06-04 14:00:00,431,569,47
2024-06-04 15:00:00,511,615,89
2024-06-04 16:00:00,365,689,116
2024-06-04 17:00:00,281,614,67
2024-06-04 18:00:00,207,531,50
2024-06-04 19:00:00,155,429,40
2024-06-04 20:00:00,50,343,22
2024-06-04 21:00:00,8,423,13
2024-06-04 22:00:00,3,161,4
2024-06-04 23:00:00,1,82,2
2024-06-05 00:00:00,0,69,0
2024-06-05 01:00:00,0,64,0
2024-06-05 02:00:00,0,39,0
2024-06-05 03:00:00,0,33,2
2024-06-05 04:00:00,4,53,1
2024-06-05 05:00:00,13,241,16
2024-06-05 06:00:00,17,561,34
2024-06-05 07:00:00,232,632,45
2024-06-05 08:00:00,375,526,25
2024-06-05 09:00:00,398,486,18
2024-06-05 10:00:00,382,474,18
2024-06-05 11:00:00,390,512,39
2024-06-05 12:00:00,482,549,33
2024-06-05 13:00:00,425,535,52
2024-06-05 14:00:00,327,564,86
2024-06-05 15:00:00,304,644,107
2024-06-05 16:00:00,384,661,131
2024-06-05 17:00:00,275,633,86
2024-06-05 18:00:00,190,527,53
2024-06-05 19:00:00,169,410,34
2024-06-05 20:00:00,72,386,42
2024-06-05 21:00:00,3,391,20
2024-06-05 22:00:00,2,189,4
2024-06-05 23:00:00,0,107,2
2024-06-06 00:00:00,3,89,0
2024-06-06 01:00:00,0,70,0
2024-06-06 02:00:00,0,65,0
2024-06-06 03:00:00,8,40,0
2024-06-06 04:00:00,15,58,1
2024-06-06 05:00:00,86,252,20
2024-06-06 06:00:00,148,538,50
2024-06-06 07:00:00,359,610,42
2024-06-06 08:00:00,391,492,27
2024-06-06 09:00:00,299,470,23
2024-06-06 10:00:00,354,493,26
2024-06-06 11:00:00,318,507,23
2024-06-06 12:00:00,364,536,27
2024-06-06 13:00:00,335,561,43
2024-06-06 14:00:00,423,565,70
2024-06-06 15:00:00,271,637,102
2024-06-06 16:00:00,344,682,135
2024-06-06 17:00:00,219,608,79
2024-06-06 18:00:00,187,528,61
2024-06-06 19:00:00,137,462,45
2024-06-06 20:00:00,79,389,49
2024-06-06 21:00:00,13,542,22
2024-06-06 22:00:00,8,370,6
2024-06-06 23:00:00,0,139,3
2024-06-07 00:00:00,0,95,0
2024-06-07 01:00:00,0,65,0
2024-06-07 02:00:00,0,60,1
2024-06-07 03:00:00,0,34,1
2024-06-07 04:00:00,4,65,0
2024-06-07 05:00:00,6,201,11
2024-06-07 06:00:00,3,473,14
2024-06-07 07:00:00,210,544,27
2024-06-07 08:00:00,267,465,10
2024-06-07 09:00:00,327,433,12
2024-06-07 10:00:00,309,513,11
2024-06-07 11:00:00,343,551,28
2024-06-07 12:00:00,375,589,29
2024-06-07 13:00:00,306,562,38
2024-06-07 14:00:00,336,603,63
2024-06-07 15:00:00,353,640,54
2024-06-07 16:00:00,280,705,87
2024-06-07 17:00:00,202,607,50
2024-06-07 18:00:00,209,552,37
2024-06-07 19:00:00,177,460,32
2024-06-07 20:00:00,75,432,37
2024-06-07 21:00:00,32,498,22
2024-06-07 22:00:00,11,304,15
2024-06-07 23:00:00,0,224,4
2024-06-08 00:00:00,0,140,3
2024-06-08 01:00:00,0,125,3
2024-06-08 02:00:00,0,99,1
2024-06-08 03:00:00,5,66,1
2024-06-08 04:00:00,6,57,4
2024-06-08 05:00:00,34,125,8
2024-06-08 06:00:00,57,181,12
2024-06-08 07:00:00,69,287,6
2024-06-08 08:00:00,91,417,12
2024-06-08 09:00:00,157,542,17
2024-06-08 10:00:00,184,513,20
2024-06-08 11:00:00,190,529,23
2024-06-08 12:00:00,247,588,22
2024-06-08 13:00:00,248,555,30
2024-06-08 14:00:00,152,513,57
2024-06-08 15:00:00,241,516,37
2024-06-08 16:00:00,230,591,46
2024-06-08 17:00:00,154,439,37
2024-06-08 18:00:00,140,490,35
2024-06-08 19:00:00,67,411,34
2024-06-08 20:00:00,78,361,34
2024-06-08 21:00:00,3,524,17
2024-06-08 22:00:00,0,548,2
2024-06-08 23:00:00,6,337,8
2024-06-09 00:00:00,1,175,1
2024-06-09 01:00:00,1,153,1
2024-06-09 02:00:00,1,107,1
2024-06-09 03:00:00,1,77,1
2024-06-09 04:00:00,2,53,1
2024-06-09 05:00:00,3,101,2
2024-06-09 06:00:00,1,155,0
2024-06-09 07:00:00,22,210,4
2024-06-09 08:00:00,87,307,18
2024-06-09 09:00:00,119,449,21
2024-06-09 10:00:00,145,476,18
2024-06-09 11:00:00,168,504,23
2024-06-09 12:00:00,188,591,25
2024-06-09 13:00:00,186,561,21
2024-06-09 14:00:00,206,600,14
2024-06-09 15:00:00,184,568,18
2024-06-09 16:00:00,186,557,43
2024-06-09 17:00:00,156,451,30
2024-06-09 18:00:00,158,413,33
2024-06-09 19:00:00,128,368,26
2024-06-09 20:00:00,44,254,22
2024-06-09 21:00:00,6,298,8
2024-06-09 22:00:00,7,246,6
2024-06-09 23:00:00,0,147,1
2024-06-10 00:00:00,0,65,0
2024-06-10 01:00:00,0,48,2
2024-06-10 02:00:00,0,51,0
2024-06-10 03:00:00,1,40,2
2024-06-10 04:00:00,11,49,2
2024-06-10 05:00:00,38,189,16
2024-06-10 06:00:00,6,521,19
2024-06-10 07:00:00,200,475,31
2024-06-10 08:00:00,266,537,21
2024-06-10 09:00:00,306,493,22
2024-06-10 10:00:00,317,487,17
2024-06-10 11:00:00,321,497,32
2024-06-10 12:00:00,382,489,32
2024-06-10 13:00:00,338,578,30
2024-06-10 14:00:00,397,586,51
2024-06-10 15:00:00,371,588,60
2024-06-10 16:00:00,356,640,106
2024-06-10 17:00:00,199,587,78
2024-06-10 18:00:00,179,489,41
2024-06-10 19:00:00,122,372,19
2024-06-10 20:00:00,45,294,15
2024-06-10 21:00:00,2,305,7
2024-06-10 22:00:00,3,153,4
2024-06-10 23:00:00,0,92,1
2024-06-11 00:00:00,0,56,2
2024-06-11 01:00:00,0,54,0
2024-06-11 02:00:00,0,45,0
2024-06-11 03:00:00,1,44,0
2024-06-11 04:00:00,1,79,4
2024-06-11 05:00:00,5,203,14
2024-06-11 06:00:00,3,555,1
2024-06-11 07:00:00,201,619,40
2024-06-11 08:00:00,280,509,19
2024-06-11 09:00:00,284,458,23
2024-06-11 10:00:00,257,492,28
2024-06-11 11:00:00,314,494,37
2024-06-11 12:00:00,342,533,32
2024-06-11 13:00:00,387,568,24
2024-06-11 14:00:00,397,592,45
2024-06-11 15:00:00,382,589,63
2024-06-11 16:00:00,366,646,107
2024-06-11 17:00:00,282,617,68
2024-06-11 18:00:00,200,499,40
2024-06-11 19:00:00,131,443,30
2024-06-11 20:00:00,46,369,32
2024-06-11 21:00:00,3,329,14
2024-06-11 22:00:00,0,191,3
2024-06-11 23:00:00,7,101,2
2024-06-12 00:00:00,1,78,1
2024-06-12 01:00:00,0,62,0
2024-06-12 02:00:00,0,48,0
2024-06-12 03:00:00,2,38,2
2024-06-12 04:00:00,13,58,1
2024-06-12 05:00:00,55,203,17
2024-06-12 06:00:00,62,553,48
2024-06-12 07:00:00,266,585,73
2024-06-12 08:00:00,307,532,29
2024-06-12 09:00:00,355,485,18
2024-06-12 10:00:00,313,484,23
2024-06-12 11:00:00,329,556,19
2024-06-12 12:00:00,368,551,36
2024-06-12 13:00:00,409,558,29
2024-06-12 14:00:00,447,562,45
2024-06-12 15:00:00,437,611,72
2024-06-12 16:00:00,316,630,111
2024-06-12 17:00:00,165,672,85
2024-06-12 18:00:00,115,493,50
2024-06-12 19:00:00,110,433,19
2024-06-12 20:00:00,58,399,33
2024-06-12 21:00:00,1,445,13
2024-06-12 22:00:00,0,187,4
2024-06-12 23:00:00,0,108,0
2024-06-13 00:00:00,0,56,0
2024-06-13 01:00:00,1,50,0
2024-06-13 02:00:00,0,43,1
2024-06-13 03:00:00,3,34,0
2024-06-13 04:00:00,8,64,0
2024-06-13 05:00:00,71,221,19
2024-06-13 06:00:00,166,548,49
2024-06-13 07:00:00,299,619,56
2024-06-13 08:00:00,256,531,25
2024-06-13 09:00:00,277,491,24
2024-06-13 10:00:00,254,489,19
2024-06-13 11:00:00,278,520,29
2024-06-13 12:00:00,255,546,35
2024-06-13 13:00:00,344,571,31
2024-06-13 14:00:00,350,553,41
2024-06-13 15:00:00,325,633,58
2024-06-13 16:00:00,304,643,93
2024-06-13 17:00:00,280,615,52
2024-06-13 18:00:00,144,554,58
2024-06-13 19:00:00,150,477,30
2024-06-13 20:00:00,38,392,24
2024-06-13 21:00:00,5,460,10
2024-06-13 22:00:00,1,173,5
2024-06-13 23:00:00,0,119,1
2024-06-14 00:00:00,0,84,0
2024-06-14 01:00:00,0,76,1
2024-06-14 02:00:00,3,50,0
2024-06-14 03:00:00,3,33,0
2024-06-14 04:00:00,11,60,2
2024-06-14 05:00:00,11,207,13
2024-06-14 06:00:00,7,504,15
2024-06-14 07:00:00,218,609,27
2024-06-14 08:00:00,362,468,22
2024-06-14 09:00:00,530,568,23
2024-06-14 10:00:00,732,522,23
2024-06-14 11:00:00,575,531,29
2024-06-14 12:00:00,694,545,37
2024-06-14 13:00:00,754,535,26
2024-06-14 14:00:00,502,568,46
2024-06-14 15:00:00,406,591,52
2024-06-14 16:00:00,282,644,68
2024-06-14 17:00:00,220,676,47
2024-06-14 18:00:00,192,588,37
2024-06-14 19:00:00,115,483,24
2024-06-14 20:00:00,60,418,35
2024-06-14 21:00:00,2,341,5
2024-06-14 22:00:00,0,460,3
2024-06-14 23:00:00,1,222,1
2024-06-15 00:00:00,0,152,0
2024-06-15 01:00:00,1,118,0
2024-06-15 02:00:00,0,93,0
2024-06-15 03:00:00,6,43,1
2024-06-15 04:00:00,7,58,2
2024-06-15 05:00:00,45,120,6
2024-06-15 06:00:00,40,246,14
2024-06-15 07:00:00,90,310,4
2024-06-15 08:00:00,170,446,13
2024-06-15 09:00:00,358,539,10
2024-06-15 10:00:00,413,602,11
2024-06-15 11:00:00,472,572,25
2024-06-15 12:00:00,475,571,16
2024-06-15 13:00:00,330,597,21
2024-06-15 14:00:00,360,591,23
2024-06-15 15:00:00,282,584,7
2024-06-15 16:00:00,219,621,11
2024-06-15 17:00:00,235,550,18
2024-06-15 18:00:00,169,531,22
2024-06-15 19:00:00,78,419,13
2024-06-15 20:00:00,49,303,22
2024-06-15 21:00:00,7,585,14
2024-06-15 22:00:00,2,411,9
2024-06-15 23:00:00,5,227,9
2024-06-16 00:00:00,0,173,1
2024-06-16 01:00:00,0,168,3
2024-06-16 02:00:00,0,133,0
2024-06-16 03:00:00,6,54,2
2024-06-16 04:00:00,8,52,0
2024-06-16 05:00:00,3,121,3
2024-06-16 06:00:00,4,166,4
2024-06-16 07:00:00,38,196,2
2024-06-16 08:00:00,73,296,13
2024-06-16 09:00:00,127,405,13
2024-06-16 10:00:00,193,503,20
2024-06-16 11:00:00,190,580,19
2024-06-16 12:00:00,224,607,23
2024-06-16 13:00:00,138,571,20
2024-06-16 14:00:00,84,547,41
2024-06-16 15:00:00,58,610,46
2024-06-16 16:00:00,98,559,48
2024-06-16 17:00:00,113,498,31
2024-06-16 18:00:00,142,474,30
2024-06-16 19:00:00,71,394,27
2024-06-16 20:00:00,41,322,26
2024-06-16 21:00:00,5,341,3
2024-06-16 22:00:00,3,154,6
2024-06-16 23:00:00,1,93,0
2024-06-17 00:00:00,0,74,0
2024-06-17 01:00:00,0,38,0
2024-06-17 02:00:00,0,34,0
2024-06-17 03:00:00,1,34,0
2024-06-17 04:00:00,0,66,4
2024-06-17 05:00:00,4,165,7
2024-06-17 06:00:00,1,449,6
2024-06-17 07:00:00,165,546,43
2024-06-17 08:00:00,233,431,27
2024-06-17 09:00:00,241,464,23
2024-06-17 10:00:00,298,474,13
2024-06-17 11:00:00,333,474,16
2024-06-17 12:00:00,358,497,23
2024-06-17 13:00:00,278,492,31
2024-06-17 14:00:00,133,530,81
2024-06-17 15:00:00,181,589,114
2024-06-17 16:00:00,193,665,128
2024-06-17 17:00:00,225,541,77
2024-06-17 18:00:00,203,515,27
2024-06-17 19:00:00,155,384,32
2024-06-17 20:00:00,89,313,32
2024-06-17 21:00:00,3,508,10
2024-06-17 22:00:00,0,178,7
2024-06-17 23:00:00,2,94,2
2024-06-18 00:00:00,1,61,2
2024-06-18 01:00:00,0,35,0
2024-06-18 02:00:00,1,36,0
2024-06-18 03:00:00,3,30,2
2024-06-18 04:00:00,3,61,4
2024-06-18 05:00:00,10,210,11
2024-06-18 06:00:00,10,522,2
2024-06-18 07:00:00,227,615,16
2024-06-18 08:00:00,351,477,23
2024-06-18 09:00:00,350,482,24
2024-06-18 10:00:00,336,470,23
2024-06-18 11:00:00,375,466,30
2024-06-18 12:00:00,392,511,33
2024-06-18 13:00:00,375,557,43
2024-06-18 14:00:00,386,563,47
2024-06-18 15:00:00,389,596,66
2024-06-18 16:00:00,276,643,133
2024-06-18 17:00:00,178,637,71
2024-06-18 18:00:00,173,506,43
2024-06-18 19:00:00,115,423,46
2024-06-18 20:00:00,66,369,33
2024-06-18 21:00:00,4,366,10
2024-06-18 22:00:00,1,155,6
2024-06-18 23:00:00,0,107,1
2024-06-19 00:00:00,0,74,0
2024-06-19 01:00:00,0,53,0
2024-06-19 02:00:00,0,52,0
2024-06-19 03:00:00,4,28,0
2024-06-19 04:00:00,15,66,3
2024-06-19 05:00:00,86,214,21
2024-06-19 06:00:00,184,518,63
2024-06-19 07:00:00,378,599,48
2024-06-19 08:00:00,302,513,11
2024-06-19 09:00:00,287,488,5
2024-06-19 10:00:00,344,494,11
2024-06-19 11:00:00,352,517,26
2024-06-19 12:00:00,340,530,30
2024-06-19 13:00:00,318,574,29
2024-06-19 14:00:00,263,588,80
2024-06-19 15:00:00,280,621,115
2024-06-19 16:00:00,232,661,167
2024-06-19 17:00:00,207,604,69
2024-06-19 18:00:00,148,498,70
2024-06-19 19:00:00,130,414,34
2024-06-19 20:00:00,59,372,34
2024-06-19 21:00:00,3,474,16
2024-06-19 22:00:00,2,183,0
2024-06-19 23:00:00,0,104,3
2024-06-20 00:00:00,0,77,0
2024-06-20 01:00:00,3,69,1
2024-06-20 02:00:00,1,45,0
2024-06-20 03:00:00,3,37,2
2024-06-20 04:00:00,8,57,0
2024-06-20 05:00:00,30,211,19
2024-06-20 06:00:00,7,530,9
2024-06-20 07:00:00,268,602,28
2024-06-20 08:00:00,342,509,21
2024-06-20 09:00:00,305,483,21
2024-06-20 10:00:00,313,485,14
2024-06-20 11:00:00,348,517,31
2024-06-20 12:00:00,340,515,33
2024-06-20 13:00:00,334,518,39
2024-06-20 14:00:00,385,541,46
2024-06-20 15:00:00,419,597,104
2024-06-20 16:00:00,320,604,101
2024-06-20 17:00:00,168,538,65
2024-06-20 18:00:00,207,569,46
2024-06-20 19:00:00,97,453,36
2024-06-20 20:00:00,55,403,40
2024-06-20 21:00:00,3,465,18
2024-06-20 22:00:00,4,230,6
2024-06-20 23:00:00,2,127,3
2024-06-21 00:00:00,1,93,0
2024-06-21 01:00:00,2,84,0
2024-06-21 02:00:00,0,53,0
2024-06-21 03:00:00,2,38,0
2024-06-21 04:00:00,5,49,1
2024-06-21 05:00:00,1,151,11
2024-06-21 06:00:00,129,470,36
2024-06-21 07:00:00,293,552,52
2024-06-21 08:00:00,262,462,26
2024-06-21 09:00:00,248,493,20
2024-06-21 10:00:00,288,518,36
2024-06-21 11:00:00,302,572,21
2024-06-21 12:00:00,354,554,29
2024-06-21 13:00:00,238,563,25
2024-06-21 14:00:00,349,598,50
2024-06-21 15:00:00,335,640,63
2024-06-21 16:00:00,286,652,76
2024-06-21 17:00:00,202,660,41
2024-06-21 18:00:00,148,527,35
2024-06-21 19:00:00,156,435,32
2024-06-21 20:00:00,62,404,14
2024-06-21 21:00:00,0,560,14
2024-06-21 22:00:00,0,360,6
2024-06-21 23:00:00,0,281,8
2024-06-22 00:00:00,0,240,0
2024-06-22 01:00:00,0,157,1
2024-06-22 02:00:00,0,122,0
2024-06-22 03:00:00,4,83,0
2024-06-22 04:00:00,16,56,3
2024-06-22 05:00:00,7,127,2
2024-06-22 06:00:00,0,182,1
2024-06-22 07:00:00,40,259,5
2024-06-22 08:00:00,121,382,15
2024-06-22 09:00:00,153,497,15
2024-06-22 10:00:00,171,562,17
2024-06-22 11:00:00,156,584,28
2024-06-22 12:00:00,231,579,18
2024-06-22 13:00:00,226,590,30
2024-06-22 14:00:00,154,562,30
2024-06-22 15:00:00,44,575,45
2024-06-22 16:00:00,37,559,41
2024-06-22 17:00:00,83,514,48
2024-06-22 18:00:00,72,479,37
2024-06-22 19:00:00,92,412,35
2024-06-22 20:00:00,33,364,33
2024-06-22 21:00:00,0,602,12
2024-06-22 22:00:00,1,393,6
2024-06-22 23:00:00,2,345,4
2024-06-23 00:00:00,2,290,1
2024-06-23 01:00:00,0,274,0
2024-06-23 02:00:00,0,180,1
2024-06-23 03:00:00,4,108,0
2024-06-23 04:00:00,6,51,1
2024-06-23 05:00:00,35,122,8
2024-06-23 06:00:00,47,158,11
2024-06-23 07:00:00,55,164,6
2024-06-23 08:00:00,59,287,9
2024-06-23 09:00:00,116,454,25
2024-06-23 10:00:00,143,507,22
2024-06-23 11:00:00,176,641,13
2024-06-23 12:00:00,190,601,17
2024-06-23 13:00:00,190,574,23
2024-06-23 14:00:00,177,602,25
2024-06-23 15:00:00,146,647,39
2024-06-23 16:00:00,121,540,34
2024-06-23 17:00:00,127,476,39
2024-06-23 18:00:00,116,454,32
2024-06-23 19:00:00,68,398,27
2024-06-23 20:00:00,35,294,20
2024-06-23 21:00:00,0,379,8
2024-06-23 22:00:00,0,322,4
2024-06-23 23:00:00,0,195,1
2024-06-24 00:00:00,0,110,0
2024-06-24 01:00:00,1,117,0
2024-06-24 02:00:00,0,101,0
2024-06-24 03:00:00,4,48,2
2024-06-24 04:00:00,3,49,1
2024-06-24 05:00:00,80,188,25
2024-06-24 06:00:00,201,542,50
2024-06-24 07:00:00,319,576,63
2024-06-24 08:00:00,257,458,29
2024-06-24 09:00:00,255,480,18
2024-06-24 10:00:00,280,516,19
2024-06-24 11:00:00,339,527,24
2024-06-24 12:00:00,303,484,36
2024-06-24 13:00:00,337,536,30
2024-06-24 14:00:00,350,583,32
2024-06-24 15:00:00,364,583,66
2024-06-24 16:00:00,394,655,109
2024-06-24 17:00:00,213,618,77
2024-06-24 18:00:00,155,519,40
2024-06-24 19:00:00,111,393,31
2024-06-24 20:00:00,38,331,22
2024-06-24 21:00:00,0,381,6
2024-06-24 22:00:00,0,201,2
2024-06-24 23:00:00,0,123,3
2024-06-25 00:00:00,0,100,1
2024-06-25 01:00:00,0,125,0
2024-06-25 02:00:00,0,113,0
2024-06-25 03:00:00,1,77,1
2024-06-25 04:00:00,6,55,4
2024-06-25 05:00:00,5,226,11
2024-06-25 06:00:00,5,561,3
2024-06-25 07:00:00,160,631,14
2024-06-25 08:00:00,284,477,24
2024-06-25 09:00:00,312,457,23
2024-06-25 10:00:00,320,523,27
2024-06-25 11:00:00,286,543,21
2024-06-25 12:00:00,393,530,40
2024-06-25 13:00:00,323,559,45
2024-06-25 14:00:00,362,566,85
2024-06-25 15:00:00,294,629,117
2024-06-25 16:00:00,302,665,144
2024-06-25 17:00:00,242,553,73
2024-06-25 18:00:00,157,541,71
2024-06-25 19:00:00,138,369,46
2024-06-25 20:00:00,37,304,34
2024-06-25 21:00:00,0,363,9
2024-06-25 22:00:00,0,189,5
2024-06-25 23:00:00,0,100,4
2024-06-26 00:00:00,0,92,0
2024-06-26 01:00:00,0,65,1
2024-06-26 02:00:00,0,54,0
2024-06-26 03:00:00,0,28,1
2024-06-26 04:00:00,4,69,5
2024-06-26 05:00:00,4,205,7
2024-06-26 06:00:00,10,519,21
2024-06-26 07:00:00,198,590,39
2024-06-26 08:00:00,250,522,29
2024-06-26 09:00:00,279,479,21
2024-06-26 10:00:00,307,535,14
2024-06-26 11:00:00,297,486,20
2024-06-26 12:00:00,339,535,37
2024-06-26 13:00:00,314,551,38
2024-06-26 14:00:00,379,543,64
2024-06-26 15:00:00,302,589,68
2024-06-26 16:00:00,285,650,131
2024-06-26 17:00:00,177,562,66
2024-06-26 18:00:00,174,527,47
2024-06-26 19:00:00,138,426,39
2024-06-26 20:00:00,44,356,48
2024-06-26 21:00:00,7,436,22
2024-06-26 22:00:00,10,186,8
2024-06-26 23:00:00,0,120,0
2024-06-27 00:00:00,0,74,1
2024-06-27 01:00:00,0,62,0
2024-06-27 02:00:00,1,58,1
2024-06-27 03:00:00,5,33,0
2024-06-27 04:00:00,4,54,3
2024-06-27 05:00:00,66,190,22
2024-06-27 06:00:00,168,466,47
2024-06-27 07:00:00,277,547,67
2024-06-27 08:00:00,283,478,27
2024-06-27 09:00:00,299,457,21
2024-06-27 10:00:00,290,488,19
2024-06-27 11:00:00,306,477,16
2024-06-27 12:00:00,260,494,25
2024-06-27 13:00:00,254,515,39
2024-06-27 14:00:00,180,530,59
2024-06-27 15:00:00,253,593,92
2024-06-27 16:00:00,301,646,108
2024-06-27 17:00:00,178,575,82
2024-06-27 18:00:00,165,540,39
2024-06-27 19:00:00,129,433,38
2024-06-27 20:00:00,76,433,33
2024-06-27 21:00:00,2,354,19
2024-06-27 22:00:00,2,235,8
2024-06-27 23:00:00,0,95,0
2024-06-28 00:00:00,1,85,0
2024-06-28 01:00:00,2,54,0
2024-06-28 02:00:00,1,56,0
2024-06-28 03:00:00,0,43,0
2024-06-28 04:00:00,3,60,0
2024-06-28 05:00:00,7,181,6
2024-06-28 06:00:00,5,403,7
2024-06-28 07:00:00,142,559,28
2024-06-28 08:00:00,213,437,27
2024-06-28 09:00:00,250,488,21
2024-06-28 10:00:00,271,496,21
2024-06-28 11:00:00,263,492,30
2024-06-28 12:00:00,275,528,22
2024-06-28 13:00:00,285,535,29
2024-06-28 14:00:00,243,597,70
2024-06-28 15:00:00,254,603,73
2024-06-28 16:00:00,205,602,87
2024-06-28 17:00:00,141,596,55
2024-06-28 18:00:00,151,559,40
2024-06-28 19:00:00,95,482,51
2024-06-28 20:00:00,54,473,34
2024-06-28 21:00:00,3,416,16
2024-06-28 22:00:00,2,394,11
2024-06-28 23:00:00,1,201,7
2024-06-29 00:00:00,0,153,2
2024-06-29 01:00:00,1,137,1
2024-06-29 02:00:00,0,114,1
2024-06-29 03:00:00,2,70,0
2024-06-29 04:00:00,6,56,4
2024-06-29 05:00:00,2,117,4
2024-06-29 06:00:00,2,206,5
2024-06-29 07:00:00,45,261,13
2024-06-29 08:00:00,85,376,15
2024-06-29 09:00:00,126,481,15
2024-06-29 10:00:00,183,548,17
2024-06-29 11:00:00,172,611,33
2024-06-29 12:00:00,164,604,21
2024-06-29 13:00:00,219,631,21
2024-06-29 14:00:00,117,591,43
2024-06-29 15:00:00,120,606,47
2024-06-29 16:00:00,75,535,52
2024-06-29 17:00:00,64,482,39
2024-06-29 18:00:00,86,465,17
2024-06-29 19:00:00,105,417,21
2024-06-29 20:00:00,65,409,22
2024-06-29 21:00:00,7,375,10
2024-06-29 22:00:00,1,290,5
2024-06-29 23:00:00,0,213,1
2024-06-30 00:00:00,5,164,4
2024-06-30 01:00:00,0,138,1
2024-06-30 02:00:00,1,94,0
2024-06-30 03:00:00,0,61,0
2024-06-30 04:00:00,6,61,1
2024-06-30 05:00:00,32,118,4
2024-06-30 06:00:00,27,70,3
2024-06-30 07:00:00,18,44,3
2024-06-30 08:00:00,54,260,7
2024-06-30 09:00:00,86,430,14
2024-06-30 10:00:00,141,502,19
2024-06-30 11:00:00,165,587,24
2024-06-30 12:00:00,193,556,27
2024-06-30 13:00:00,168,622,22
2024-06-30 14:00:00,192,633,13
2024-06-30 15:00:00,157,607,29
2024-06-30 16:00:00,119,435,24
2024-06-30 17:00:00,99,341,32
2024-06-30 18:00:00,134,404,26
2024-06-30 19:00:00,105,416,14
2024-06-30 20:00:00,49,308,11
2024-06-30 21:00:00,2,286,5
2024-06-30 22:00:00,0,144,2
2024-06-30 23:00:00,3,96,0
2024-07-01 00:00:00,0,67,0
2024-07-01 01:00:00,0,36,0
2024-07-01 02:00:00,3,31,0
2024-07-01 03:00:00,0,34,0
2024-07-01 04:00:00,1,60,1
2024-07-01 05:00:00,63,216,18
2024-07-01 06:00:00,173,446,49
2024-07-01 07:00:00,330,551,57
2024-07-01 08:00:00,220,468,24
2024-07-01 09:00:00,306,447,11
2024-07-01 10:00:00,275,451,27
2024-07-01 11:00:00,295,503,21
2024-07-01 12:00:00,241,495,34
2024-07-01 13:00:00,249,483,33
2024-07-01 14:00:00,372,546,37
2024-07-01 15:00:00,281,594,89
2024-07-01 16:00:00,230,638,109
2024-07-01 17:00:00,202,599,61
2024-07-01 18:00:00,155,479,29
2024-07-01 19:00:00,95,353,28
2024-07-01 20:00:00,72,290,23
2024-07-01 21:00:00,1,413,3
2024-07-01 22:00:00,1,165,1
2024-07-01 23:00:00,0,78,1
2024-07-02 00:00:00,0,62,0
2024-07-02 01:00:00,0,54,0
2024-07-02 02:00:00,0,36,0
2024-07-02 03:00:00,0,29,0
2024-07-02 04:00:00,16,81,2
2024-07-02 05:00:00,72,227,19
2024-07-02 06:00:00,1,519,10
2024-07-02 07:00:00,110,594,34
2024-07-02 08:00:00,237,474,17
2024-07-02 09:00:00,252,491,15
2024-07-02 10:00:00,262,505,13
2024-07-02 11:00:00,326,489,33
2024-07-02 12:00:00,322,526,29
2024-07-02 13:00:00,317,479,24
2024-07-02 14:00:00,413,528,34
2024-07-02 15:00:00,353,577,101
2024-07-02 16:00:00,325,623,113
2024-07-02 17:00:00,169,597,59
2024-07-02 18:00:00,165,511,33
2024-07-02 19:00:00,125,400,51
2024-07-02 20:00:00,69,340,39
2024-07-02 21:00:00,7,274,7
2024-07-02 22:00:00,0,165,3
2024-07-02 23:00:00,0,109,1
2024-07-03 00:00:00,2,88,0
2024-07-03 01:00:00,0,49,1
2024-07-03 02:00:00,0,42,0
2024-07-03 03:00:00,1,33,1
2024-07-03 04:00:00,15,64,4
2024-07-03 05:00:00,97,189,20
2024-07-03 06:00:00,212,504,56
2024-07-03 07:00:00,308,572,66
2024-07-03 08:00:00,243,499,27
2024-07-03 09:00:00,267,449,18
2024-07-03 10:00:00,241,493,16
2024-07-03 11:00:00,283,520,27
2024-07-03 12:00:00,274,480,28
2024-07-03 13:00:00,342,525,30
2024-07-03 14:00:00,350,547,41
2024-07-03 15:00:00,365,546,69
2024-07-03 16:00:00,342,592,107
2024-07-03 17:00:00,239,651,69
2024-07-03 18:00:00,178,547,39
2024-07-03 19:00:00,155,453,33
2024-07-03 20:00:00,61,401,50
2024-07-03 21:00:00,0,498,10
2024-07-03 22:00:00,1,206,1
2024-07-03 23:00:00,0,105,1
2024-07-04 00:00:00,0,69,0
2024-07-04 01:00:00,0,62,0
2024-07-04 02:00:00,0,47,0
2024-07-04 03:00:00,1,36,3
2024-07-04 04:00:00,1,55,1
2024-07-04 05:00:00,1,209,9
2024-07-04 06:00:00,3,502,2
2024-07-04 07:00:00,177,588,28
2024-07-04 08:00:00,305,520,21
2024-07-04 09:00:00,324,498,19
2024-07-04 10:00:00,267,476,27
2024-07-04 11:00:00,313,514,26
2024-07-04 12:00:00,255,492,37
2024-07-04 13:00:00,361,480,28
2024-07-04 14:00:00,353,539,67
2024-07-04 15:00:00,222,589,66
2024-07-04 16:00:00,244,588,126
2024-07-04 17:00:00,182,625,70
2024-07-04 18:00:00,193,529,33
2024-07-04 19:00:00,124,456,38
2024-07-04 20:00:00,38,390,18
2024-07-04 21:00:00,0,497,5
2024-07-04 22:00:00,0,193,2
2024-07-04 23:00:00,0,92,0
2024-07-05 00:00:00,0,88,1
2024-07-05 01:00:00,0,63,1
2024-07-05 02:00:00,0,44,1
2024-07-05 03:00:00,0,41,2
2024-07-05 04:00:00,7,53,2
2024-07-05 05:00:00,58,194,12
2024-07-05 06:00:00,159,401,48
2024-07-05 07:00:00,192,479,37
2024-07-05 08:00:00,189,503,18
2024-07-05 09:00:00,267,445,23
2024-07-05 10:00:00,197,476,21
2024-07-05 11:00:00,300,514,28
2024-07-05 12:00:00,327,529,33
2024-07-05 13:00:00,314,570,16
2024-07-05 14:00:00,324,557,27
2024-07-05 15:00:00,257,568,40
2024-07-05 16:00:00,200,569,45
2024-07-05 17:00:00,140,630,33
2024-07-05 18:00:00,122,548,31
2024-07-05 19:00:00,89,437,18
2024-07-05 20:00:00,39,369,20
2024-07-05 21:00:00,4,491,13
2024-07-05 22:00:00,1,350,7
2024-07-05 23:00:00,0,209,1
2024-07-06 00:00:00,0,167,2
2024-07-06 01:00:00,1,110,0
2024-07-06 02:00:00,0,74,1
2024-07-06 03:00:00,0,59,1
2024-07-06 04:00:00,5,52,3
2024-07-06 05:00:00,37,146,6
2024-07-06 06:00:00,29,227,3
2024-07-06 07:00:00,83,276,6
2024-07-06 08:00:00,92,355,7
2024-07-06 09:00:00,146,525,14
2024-07-06 10:00:00,199,603,8
2024-07-06 11:00:00,223,659,14
2024-07-06 12:00:00,214,636,19
2024-07-06 13:00:00,227,636,15
2024-07-06 14:00:00,147,602,28
2024-07-06 15:00:00,170,635,32
2024-07-06 16:00:00,97,532,28
2024-07-06 17:00:00,89,364,23
2024-07-06 18:00:00,153,425,24
2024-07-06 19:00:00,121,422,20
2024-07-06 20:00:00,68,447,28
2024-07-06 21:00:00,1,366,8
2024-07-06 22:00:00,3,316,6
2024-07-06 23:00:00,3,274,4
2024-07-07 00:00:00,0,240,2
2024-07-07 01:00:00,2,175,0
2024-07-07 02:00:00,0,133,0
2024-07-07 03:00:00,5,113,4
2024-07-07 04:00:00,13,81,2
2024-07-07 05:00:00,50,121,6
2024-07-07 06:00:00,61,204,6
2024-07-07 07:00:00,67,179,6
2024-07-07 08:00:00,68,264,11
2024-07-07 09:00:00,76,381,7
2024-07-07 10:00:00,154,434,12
2024-07-07 11:00:00,205,591,14
2024-07-07 12:00:00,199,520,13
2024-07-07 13:00:00,170,589,29
2024-07-07 14:00:00,67,565,24
2024-07-07 15:00:00,65,585,53
2024-07-07 16:00:00,89,526,22
2024-07-07 17:00:00,103,500,33
2024-07-07 18:00:00,131,449,28
2024-07-07 19:00:00,128,435,33
2024-07-07 20:00:00,41,330,28
2024-07-07 21:00:00,1,213,6
2024-07-07 22:00:00,2,135,6
2024-07-07 23:00:00,0,72,2
2024-07-08 00:00:00,0,76,0
2024-07-08 01:00:00,0,41,0
2024-07-08 02:00:00,0,32,0
2024-07-08 03:00:00,0,31,1
2024-07-08 04:00:00,2,48,1
2024-07-08 05:00:00,14,205,17
2024-07-08 06:00:00,109,538,40
2024-07-08 07:00:00,231,553,42
2024-07-08 08:00:00,287,396,31
2024-07-08 09:00:00,265,448,23
2024-07-08 10:00:00,264,429,27
2024-07-08 11:00:00,263,483,17
2024-07-08 12:00:00,314,460,22
2024-07-08 13:00:00,336,510,19
2024-07-08 14:00:00,346,524,27
2024-07-08 15:00:00,334,587,32
2024-07-08 16:00:00,353,615,70
2024-07-08 17:00:00,245,559,48
2024-07-08 18:00:00,148,480,38
2024-07-08 19:00:00,104,374,16
2024-07-08 20:00:00,13,393,10
2024-07-08 21:00:00,0,270,11
2024-07-08 22:00:00,0,117,2
2024-07-08 23:00:00,0,71,0
2024-07-09 00:00:00,0,65,0
2024-07-09 01:00:00,0,53,0
2024-07-09 02:00:00,0,36,0
2024-07-09 03:00:00,0,37,2
2024-07-09 04:00:00,4,62,3
2024-07-09 05:00:00,86,231,23
2024-07-09 06:00:00,208,520,51
2024-07-09 07:00:00,361,536,54
2024-07-09 08:00:00,292,519,30
2024-07-09 09:00:00,308,458,20
2024-07-09 10:00:00,321,450,25
2024-07-09 11:00:00,325,512,21
2024-07-09 12:00:00,285,467,39
2024-07-09 13:00:00,257,504,22
2024-07-09 14:00:00,340,523,26
2024-07-09 15:00:00,385,580,61
2024-07-09 16:00:00,394,648,90
2024-07-09 17:00:00,274,595,67
2024-07-09 18:00:00,205,467,31
2024-07-09 19:00:00,146,390,40
2024-07-09 20:00:00,53,280,18
2024-07-09 21:00:00,2,283,8
2024-07-09 22:00:00,1,142,3
2024-07-09 23:00:00,0,91,1
2024-07-10 00:00:00,1,70,0
2024-07-10 01:00:00,0,46,2
2024-07-10 02:00:00,0,41,0
2024-07-10 03:00:00,2,34,2
2024-07-10 04:00:00,13,60,1
2024-07-10 05:00:00,110,193,21
2024-07-10 06:00:00,150,484,47
2024-07-10 07:00:00,285,535,46
2024-07-10 08:00:00,207,520,22
2024-07-10 09:00:00,285,469,9
2024-07-10 10:00:00,297,442,16
2024-07-10 11:00:00,305,490,18
2024-07-10 12:00:00,297,500,29
2024-07-10 13:00:00,283,487,24
2024-07-10 14:00:00,360,549,33
2024-07-10 15:00:00,310,547,66
2024-07-10 16:00:00,326,633,119
2024-07-10 17:00:00,217,611,63
2024-07-10 18:00:00,162,541,40
2024-07-10 19:00:00,108,289,29
2024-07-10 20:00:00,49,280,14
2024-07-10 21:00:00,18,472,27
2024-07-10 22:00:00,10,176,5
2024-07-10 23:00:00,29,134,8
2024-07-11 00:00:00,1,85,0
2024-07-11 01:00:00,0,50,0
2024-07-11 02:00:00,1,43,1
2024-07-11 03:00:00,1,48,3
2024-07-11 04:00:00,3,63,1
2024-07-11 05:00:00,11,196,15
2024-07-11 06:00:00,1,396,1
2024-07-11 07:00:00,89,523,48
2024-07-11 08:00:00,264,450,28
2024-07-11 09:00:00,345,436,21
2024-07-11 10:00:00,285,466,23
2024-07-11 11:00:00,306,482,26
2024-07-11 12:00:00,337,497,37
2024-07-11 13:00:00,286,499,26
2024-07-11 14:00:00,360,555,57
2024-07-11 15:00:00,301,557,67
2024-07-11 16:00:00,277,621,137
2024-07-11 17:00:00,125,516,55
2024-07-11 18:00:00,160,508,43
2024-07-11 19:00:00,129,417,36
2024-07-11 20:00:00,66,349,25
2024-07-11 21:00:00,1,397,20
2024-07-11 22:00:00,1,186,10
2024-07-11 23:00:00,0,117,1
2024-07-12 00:00:00,1,75,1
2024-07-12 01:00:00,0,47,2
2024-07-12 02:00:00,0,38,0
2024-07-12 03:00:00,0,42,2
2024-07-12 04:00:00,15,48,1
2024-07-12 05:00:00,94,160,18
2024-07-12 06:00:00,193,426,47
2024-07-12 07:00:00,284,455,34
2024-07-12 08:00:00,240,440,33
2024-07-12 09:00:00,289,471,21
2024-07-12 10:00:00,299,482,17
2024-07-12 11:00:00,316,518,24
2024-07-12 12:00:00,333,518,35
2024-07-12 13:00:00,299,529,33
2024-07-12 14:00:00,334,580,36
2024-07-12 15:00:00,275,596,48
2024-07-12 16:00:00,301,610,59
2024-07-12 17:00:00,227,537,48
2024-07-12 18:00:00,136,569,24
2024-07-12 19:00:00,98,482,27
2024-07-12 20:00:00,69,368,23
2024-07-12 21:00:00,0,571,15
2024-07-12 22:00:00,0,298,8
2024-07-12 23:00:00,0,195,1
2024-07-13 00:00:00,0,139,0
2024-07-13 01:00:00,0,91,1
2024-07-13 02:00:00,3,65,1
2024-07-13 03:00:00,0,53,0
2024-07-13 04:00:00,5,54,2
2024-07-13 05:00:00,5,110,4
2024-07-13 06:00:00,0,207,4
2024-07-13 07:00:00,11,258,11
2024-07-13 08:00:00,116,370,15
2024-07-13 09:00:00,184,462,19
2024-07-13 10:00:00,184,464,15
2024-07-13 11:00:00,247,543,22
2024-07-13 12:00:00,221,505,13
2024-07-13 13:00:00,207,552,32
2024-07-13 14:00:00,158,550,28
2024-07-13 15:00:00,166,517,34
2024-07-13 16:00:00,121,532,38
2024-07-13 17:00:00,137,471,33
2024-07-13 18:00:00,141,477,24
2024-07-13 19:00:00,111,394,21
2024-07-13 20:00:00,59,433,28
2024-07-13 21:00:00,7,572,27
2024-07-13 22:00:00,11,355,9
2024-07-13 23:00:00,4,233,2
2024-07-14 00:00:00,1,179,3
2024-07-14 01:00:00,0,154,2
2024-07-14 02:00:00,2,112,1
2024-07-14 03:00:00,0,76,1
2024-07-14 04:00:00,5,60,1
2024-07-14 05:00:00,5,95,7
2024-07-14 06:00:00,0,129,0
2024-07-14 07:00:00,10,176,3
2024-07-14 08:00:00,87,275,8
2024-07-14 09:00:00,152,403,10
2024-07-14 10:00:00,157,435,11
2024-07-14 11:00:00,182,555,19
2024-07-14 12:00:00,181,563,15
2024-07-14 13:00:00,166,554,15
2024-07-14 14:00:00,181,481,25
2024-07-14 15:00:00,97,556,36
2024-07-14 16:00:00,100,553,51
2024-07-14 17:00:00,117,485,31
2024-07-14 18:00:00,111,454,30
2024-07-14 19:00:00,58,325,17
2024-07-14 20:00:00,20,174,21
2024-07-14 21:00:00,21,404,33
2024-07-14 22:00:00,1,212,5
2024-07-14 23:00:00,1,140,1
2024-07-15 00:00:00,0,78,1
2024-07-15 01:00:00,0,105,1
2024-07-15 02:00:00,0,168,0
2024-07-15 03:00:00,0,62,1
2024-07-15 04:00:00,11,60,4
2024-07-15 05:00:00,69,208,15
2024-07-15 06:00:00,204,457,58
2024-07-15 07:00:00,360,499,47
2024-07-15 08:00:00,288,443,14
2024-07-15 09:00:00,266,470,22
2024-07-15 10:00:00,249,468,25
2024-07-15 11:00:00,289,500,23
2024-07-15 12:00:00,119,461,26
2024-07-15 13:00:00,89,507,31
2024-07-15 14:00:00,117,488,43
2024-07-15 15:00:00,124,562,49
2024-07-15 16:00:00,197,590,82
2024-07-15 17:00:00,181,556,58
2024-07-15 18:00:00,140,456,24
2024-07-15 19:00:00,104,432,14
2024-07-15 20:00:00,40,278,18
2024-07-15 21:00:00,0,227,4
2024-07-15 22:00:00,0,132,4
2024-07-15 23:00:00,0,72,0
2024-07-16 00:00:00,1,47,0
2024-07-16 01:00:00,0,36,0
2024-07-16 02:00:00,0,39,0
2024-07-16 03:00:00,1,31,1
2024-07-16 04:00:00,14,54,2
2024-07-16 05:00:00,101,199,15
2024-07-16 06:00:00,210,485,47
2024-07-16 07:00:00,380,503,62
2024-07-16 08:00:00,254,440,28
2024-07-16 09:00:00,256,435,17
2024-07-16 10:00:00,276,451,19
2024-07-16 11:00:00,268,459,19
2024-07-16 12:00:00,290,522,28
2024-07-16 13:00:00,328,505,33
2024-07-16 14:00:00,392,555,34
2024-07-16 15:00:00,363,569,75
2024-07-16 16:00:00,258,624,114
2024-07-16 17:00:00,166,559,74
2024-07-16 18:00:00,136,519,42
2024-07-16 19:00:00,102,402,36
2024-07-16 20:00:00,53,338,37
2024-07-16 21:00:00,6,280,16
2024-07-16 22:00:00,3,160,3
2024-07-16 23:00:00,0,83,1
2024-07-17 00:00:00,0,49,1
2024-07-17 01:00:00,0,52,0
2024-07-17 02:00:00,2,36,0
2024-07-17 03:00:00,1,22,3
2024-07-17 04:00:00,4,51,3
2024-07-17 05:00:00,5,196,18
2024-07-17 06:00:00,2,489,4
2024-07-17 07:00:00,269,537,41
2024-07-17 08:00:00,408,496,17
2024-07-17 09:00:00,416,464,23
2024-07-17 10:00:00,404,469,17
2024-07-17 11:00:00,427,481,28
2024-07-17 12:00:00,426,514,34
2024-07-17 13:00:00,403,479,29
2024-07-17 14:00:00,472,518,33
2024-07-17 15:00:00,451,548,67
2024-07-17 16:00:00,494,617,103
2024-07-17 17:00:00,374,590,57
2024-07-17 18:00:00,200,512,70
2024-07-17 19:00:00,155,421,36
2024-07-17 20:00:00,44,361,37
2024-07-17 21:00:00,3,430,11
2024-07-17 22:00:00,0,181,7
2024-07-17 23:00:00,1,92,0
2024-07-18 00:00:00,0,50,0
2024-07-18 01:00:00,0,55,1
2024-07-18 02:00:00,0,38,0
2024-07-18 03:00:00,1,35,0
2024-07-18 04:00:00,5,53,1
2024-07-18 05:00:00,59,206,22
2024-07-18 06:00:00,49,474,27
2024-07-18 07:00:00,326,536,48
2024-07-18 08:00:00,419,477,23
2024-07-18 09:00:00,469,456,17
2024-07-18 10:00:00,446,472,21
2024-07-18 11:00:00,478,485,28
2024-07-18 12:00:00,491,504,33
2024-07-18 13:00:00,408,507,37
2024-07-18 14:00:00,519,528,58
2024-07-18 15:00:00,487,559,72
2024-07-18 16:00:00,427,610,114
2024-07-18 17:00:00,277,652,65
2024-07-18 18:00:00,230,590,49
2024-07-18 19:00:00,194,459,46
2024-07-18 20:00:00,72,383,39
2024-07-18 21:00:00,1,423,17
2024-07-18 22:00:00,4,228,5
2024-07-18 23:00:00,1,101,1
2024-07-19 00:00:00,3,81,0
2024-07-19 01:00:00,0,51,0
2024-07-19 02:00:00,5,47,0
2024-07-19 03:00:00,0,39,1
2024-07-19 04:00:00,1,67,1
2024-07-19 05:00:00,12,163,18
2024-07-19 06:00:00,3,420,2
2024-07-19 07:00:00,98,481,48
2024-07-19 08:00:00,348,465,23
2024-07-19 09:00:00,476,457,26
2024-07-19 10:00:00,407,493,24
2024-07-19 11:00:00,456,479,28
2024-07-19 12:00:00,441,540,34
2024-07-19 13:00:00,393,569,47
2024-07-19 14:00:00,425,543,55
2024-07-19 15:00:00,285,581,92
2024-07-19 16:00:00,257,640,107
2024-07-19 17:00:00,216,570,51
2024-07-19 18:00:00,266,547,32
2024-07-19 19:00:00,189,445,29
2024-07-19 20:00:00,55,412,37
2024-07-19 21:00:00,9,523,33
2024-07-19 22:00:00,2,334,8
2024-07-19 23:00:00,3,234,3
2024-07-20 00:00:00,2,156,2
2024-07-20 01:00:00,2,89,3
2024-07-20 02:00:00,2,87,2
2024-07-20 03:00:00,1,74,7
2024-07-20 04:00:00,21,61,0
2024-07-20 05:00:00,67,116,7
2024-07-20 06:00:00,66,207,13
2024-07-20 07:00:00,109,285,8
2024-07-20 08:00:00,158,336,14
2024-07-20 09:00:00,245,429,13
2024-07-20 10:00:00,247,534,13
2024-07-20 11:00:00,292,554,17
2024-07-20 12:00:00,287,606,25
2024-07-20 13:00:00,249,624,19
2024-07-20 14:00:00,225,584,17
2024-07-20 15:00:00,231,541,19
2024-07-20 16:00:00,253,597,26
2024-07-20 17:00:00,177,486,30
2024-07-20 18:00:00,186,469,18
2024-07-20 19:00:00,157,381,14
2024-07-20 20:00:00,69,316,14
2024-07-20 21:00:00,9,480,14
2024-07-20 22:00:00,7,391,9
2024-07-20 23:00:00,0,232,3
2024-07-21 00:00:00,2,226,1
2024-07-21 01:00:00,1,139,0
2024-07-21 02:00:00,0,113,0
2024-07-21 03:00:00,0,78,2
2024-07-21 04:00:00,9,50,1
2024-07-21 05:00:00,54,105,7
2024-07-21 06:00:00,63,161,9
2024-07-21 07:00:00,55,173,9
2024-07-21 08:00:00,118,271,6
2024-07-21 09:00:00,160,403,10
2024-07-21 10:00:00,176,426,14
2024-07-21 11:00:00,212,495,15
2024-07-21 12:00:00,332,588,22
2024-07-21 13:00:00,273,565,27
2024-07-21 14:00:00,146,545,58
2024-07-21 15:00:00,192,597,90
2024-07-21 16:00:00,167,510,49
2024-07-21 17:00:00,177,524,36
2024-07-21 18:00:00,181,480,21
2024-07-21 19:00:00,123,480,17
2024-07-21 20:00:00,44,298,24
2024-07-21 21:00:00,17,316,3
2024-07-21 22:00:00,5,206,6
2024-07-21 23:00:00,0,97,0
2024-07-22 00:00:00,1,55,0
2024-07-22 01:00:00,0,35,0
2024-07-22 02:00:00,2,35,1
2024-07-22 03:00:00,0,34,1
2024-07-22 04:00:00,11,47,8
2024-07-22 05:00:00,98,192,12
2024-07-22 06:00:00,226,472,43
2024-07-22 07:00:00,419,484,61
2024-07-22 08:00:00,313,427,23
2024-07-22 09:00:00,346,430,25
2024-07-22 10:00:00,120,160,8
2024-07-22 11:00:00,410,463,30
2024-07-22 12:00:00,430,485,43
2024-07-22 13:00:00,404,493,39
2024-07-22 14:00:00,360,530,73
2024-07-22 15:00:00,278,549,127
2024-07-22 16:00:00,471,613,109
2024-07-22 17:00:00,280,591,71
2024-07-22 18:00:00,215,494,42
2024-07-22 19:00:00,160,388,27
2024-07-22 20:00:00,50,312,30
2024-07-22 21:00:00,4,367,8
2024-07-22 22:00:00,0,161,2
2024-07-22 23:00:00,6,100,2
2024-07-23 00:00:00,1,62,0
2024-07-23 01:00:00,0,44,0
2024-07-23 02:00:00,0,29,0
2024-07-23 03:00:00,1,32,0
2024-07-23 04:00:00,11,72,2
2024-07-23 05:00:00,127,209,17
2024-07-23 06:00:00,264,482,61
2024-07-23 07:00:00,331,517,68
2024-07-23 08:00:00,336,453,23
2024-07-23 09:00:00,372,459,18
2024-07-23 10:00:00,445,464,19
2024-07-23 11:00:00,412,510,36
2024-07-23 12:00:00,408,508,29
2024-07-23 13:00:00,477,491,24
2024-07-23 14:00:00,548,517,53
2024-07-23 15:00:00,413,540,106
2024-07-23 16:00:00,447,616,134
2024-07-23 17:00:00,286,610,81
2024-07-23 18:00:00,228,622,49
2024-07-23 19:00:00,197,416,38
2024-07-23 20:00:00,63,322,26
2024-07-23 21:00:00,10,295,15
2024-07-23 22:00:00,2,154,3
2024-07-23 23:00:00,3,82,4
2024-07-24 00:00:00,1,84,0
2024-07-24 01:00:00,0,71,0
2024-07-24 02:00:00,2,48,7
2024-07-24 03:00:00,0,35,1
2024-07-24 04:00:00,14,53,6
2024-07-24 05:00:00,26,191,14
2024-07-24 06:00:00,119,473,33
2024-07-24 07:00:00,442,529,61
2024-07-24 08:00:00,401,424,42
2024-07-24 09:00:00,421,454,16
2024-07-24 10:00:00,496,457,34
2024-07-24 11:00:00,449,479,28
2024-07-24 12:00:00,453,485,20
2024-07-24 13:00:00,412,529,27
2024-07-24 14:00:00,449,525,45
2024-07-24 15:00:00,418,569,61
2024-07-24 16:00:00,485,608,97
2024-07-24 17:00:00,330,637,48
2024-07-24 18:00:00,287,645,40
2024-07-24 19:00:00,160,429,38
2024-07-24 20:00:00,26,340,25
2024-07-24 21:00:00,3,536,13
2024-07-24 22:00:00,1,164,4
2024-07-24 23:00:00,7,103,0
2024-07-25 00:00:00,3,56,2
2024-07-25 01:00:00,0,68,0
2024-07-25 02:00:00,1,29,1
2024-07-25 03:00:00,0,43,3
2024-07-25 04:00:00,10,57,0
2024-07-25 05:00:00,77,204,15
2024-07-25 06:00:00,250,424,42
2024-07-25 07:00:00,382,469,44
2024-07-25 08:00:00,364,439,28
2024-07-25 09:00:00,439,446,15
2024-07-25 10:00:00,382,458,18
2024-07-25 11:00:00,411,490,33
2024-07-25 12:00:00,446,513,38
2024-07-25 13:00:00,444,510,37
2024-07-25 14:00:00,382,481,41
2024-07-25 15:00:00,377,554,59
2024-07-25 16:00:00,436,599,82
2024-07-25 17:00:00,323,617,62
2024-07-25 18:00:00,230,510,37
2024-07-25 19:00:00,191,446,27
2024-07-25 20:00:00,63,366,41
2024-07-25 21:00:00,16,413,21
2024-07-25 22:00:00,0,189,3
2024-07-25 23:00:00,2,125,2
2024-07-26 00:00:00,1,76,0
2024-07-26 01:00:00,0,50,0
2024-07-26 02:00:00,1,44,0
2024-07-26 03:00:00,0,38,0
2024-07-26 04:00:00,5,55,0
2024-07-26 05:00:00,32,155,8
2024-07-26 06:00:00,115,374,44
2024-07-26 07:00:00,52,409,63
2024-07-26 08:00:00,301,411,27
2024-07-26 09:00:00,413,520,34
2024-07-26 10:00:00,424,487,22
2024-07-26 11:00:00,416,489,28
2024-07-26 12:00:00,497,525,42
2024-07-26 13:00:00,401,553,41
2024-07-26 14:00:00,212,543,93
2024-07-26 15:00:00,182,568,124
2024-07-26 16:00:00,179,629,116
2024-07-26 17:00:00,145,571,63
2024-07-26 18:00:00,154,550,41
2024-07-26 19:00:00,118,479,26
2024-07-26 20:00:00,60,386,30
2024-07-26 21:00:00,24,467,20
2024-07-26 22:00:00,17,359,13
2024-07-26 23:00:00,0,208,3
2024-07-27 00:00:00,4,140,1
2024-07-27 01:00:00,2,136,0
2024-07-27 02:00:00,3,88,0
2024-07-27 03:00:00,0,68,0
2024-07-27 04:00:00,6,69,0
2024-07-27 05:00:00,4,109,9
2024-07-27 06:00:00,36,186,11
2024-07-27 07:00:00,30,249,16
2024-07-27 08:00:00,98,364,15
2024-07-27 09:00:00,132,432,16
2024-07-27 10:00:00,206,542,11
2024-07-27 11:00:00,151,464,28
2024-07-27 12:00:00,219,571,28
2024-07-27 13:00:00,235,584,26
2024-07-27 14:00:00,158,543,51
2024-07-27 15:00:00,118,582,53
2024-07-27 16:00:00,139,550,27
2024-07-27 17:00:00,125,419,26
2024-07-27 18:00:00,99,438,21
2024-07-27 19:00:00,123,409,35
2024-07-27 20:00:00,38,371,29
2024-07-27 21:00:00,22,440,18
2024-07-27 22:00:00,7,290,9
2024-07-27 23:00:00,5,242,3
2024-07-28 00:00:00,2,143,2
2024-07-28 01:00:00,1,120,0
2024-07-28 02:00:00,0,79,0
2024-07-28 03:00:00,1,78,0
2024-07-28 04:00:00,0,46,0
2024-07-28 05:00:00,6,76,7
2024-07-28 06:00:00,14,138,1
2024-07-28 07:00:00,6,178,9
2024-07-28 08:00:00,74,266,5
2024-07-28 09:00:00,109,356,10
2024-07-28 10:00:00,144,460,8
2024-07-28 11:00:00,155,513,15
2024-07-28 12:00:00,158,545,13
2024-07-28 13:00:00,193,533,8
2024-07-28 14:00:00,162,595,21
2024-07-28 15:00:00,156,695,33
2024-07-28 16:00:00,140,560,29
2024-07-28 17:00:00,90,477,25
2024-07-28 18:00:00,94,426,30
2024-07-28 19:00:00,83,453,24
2024-07-28 20:00:00,29,313,15
2024-07-28 21:00:00,10,394,15
2024-07-28 22:00:00,10,137,2
2024-07-28 23:00:00,7,105,2
2024-07-29 00:00:00,0,73,1
2024-07-29 01:00:00,1,30,0
2024-07-29 02:00:00,0,26,0
2024-07-29 03:00:00,0,26,1
2024-07-29 04:00:00,3,55,1
2024-07-29 05:00:00,16,177,21
2024-07-29 06:00:00,13,408,10
2024-07-29 07:00:00,31,416,47
2024-07-29 08:00:00,298,416,32
2024-07-29 09:00:00,294,464,11
2024-07-29 10:00:00,345,433,16
2024-07-29 11:00:00,389,451,20
2024-07-29 12:00:00,350,474,16
2024-07-29 13:00:00,343,527,31
2024-07-29 14:00:00,283,562,62
2024-07-29 15:00:00,278,598,142
2024-07-29 16:00:00,275,614,141
2024-07-29 17:00:00,223,591,51
2024-07-29 18:00:00,190,520,40
2024-07-29 19:00:00,128,403,44
2024-07-29 20:00:00,39,351,25
2024-07-29 21:00:00,10,270,8
2024-07-29 22:00:00,4,152,6
2024-07-29 23:00:00,1,90,1
2024-07-30 00:00:00,0,78,0
2024-07-30 01:00:00,0,56,1
2024-07-30 02:00:00,1,26,0
2024-07-30 03:00:00,0,34,1
2024-07-30 04:00:00,7,59,2
2024-07-30 05:00:00,77,184,13
2024-07-30 06:00:00,101,486,46
2024-07-30 07:00:00,72,480,62
2024-07-30 08:00:00,288,462,41
2024-07-30 09:00:00,340,455,17
2024-07-30 10:00:00,320,483,28
2024-07-30 11:00:00,337,477,34
2024-07-30 12:00:00,388,495,22
2024-07-30 13:00:00,300,543,32
2024-07-30 14:00:00,309,564,66
2024-07-30 15:00:00,338,586,115
2024-07-30 16:00:00,341,621,191
2024-07-30 17:00:00,208,650,81
2024-07-30 18:00:00,174,526,49
2024-07-30 19:00:00,144,414,45
2024-07-30 20:00:00,31,334,37
2024-07-30 21:00:00,11,354,18
2024-07-30 22:00:00,2,219,3
2024-07-30 23:00:00,1,112,2
2024-07-31 00:00:00,2,75,0
2024-07-31 01:00:00,0,99,0
2024-07-31 02:00:00,0,53,0
2024-07-31 03:00:00,1,38,1
2024-07-31 04:00:00,10,52,4
2024-07-31 05:00:00,34,180,15
2024-07-31 06:00:00,12,434,12
2024-07-31 07:00:00,33,510,77
2024-07-31 08:00:00,292,441,51
2024-07-31 09:00:00,352,515,11
2024-07-31 10:00:00,351,488,17
2024-07-31 11:00:00,351,506,27
2024-07-31 12:00:00,370,533,34
2024-07-31 13:00:00,343,517,45
2024-07-31 14:00:00,289,561,67
2024-07-31 15:00:00,359,562,87
2024-07-31 16:00:00,350,629,113
2024-07-31 17:00:00,243,642,75
2024-07-31 18:00:00,228,526,43
2024-07-31 19:00:00,171,403,48
2024-07-31 20:00:00,19,384,17
2024-07-31 21:00:00,5,355,13
2024-07-31 22:00:00,6,173,5
2024-07-31 23:00:00,1,86,1
2024-08-01 00:00:00,0,139,0
2024-08-01 01:00:00,1,93,0
2024-08-01 02:00:00,0,36,0
2024-08-01 03:00:00,0,46,0
2024-08-01 04:00:00,4,53,2
2024-08-01 05:00:00,87,178,20
2024-08-01 06:00:00,33,454,43
2024-08-01 07:00:00,132,511,48
2024-08-01 08:00:00,275,438,39
2024-08-01 09:00:00,329,472,25
2024-08-01 10:00:00,341,485,20
2024-08-01 11:00:00,390,501,24
2024-08-01 12:00:00,394,503,30
2024-08-01 13:00:00,404,556,31
2024-08-01 14:00:00,379,563,68
2024-08-01 15:00:00,331,606,74
2024-08-01 16:00:00,301,621,147
2024-08-01 17:00:00,220,648,82
2024-08-01 18:00:00,217,554,39
2024-08-01 19:00:00,161,404,43
2024-08-01 20:00:00,23,372,24
2024-08-01 21:00:00,7,354,13
2024-08-01 22:00:00,0,240,0
2024-08-01 23:00:00,0,95,2
2024-08-02 00:00:00,4,94,1
2024-08-02 01:00:00,0,80,0
2024-08-02 02:00:00,0,48,1
2024-08-02 03:00:00,0,38,1
2024-08-02 04:00:00,3,48,2
2024-08-02 05:00:00,16,153,17
2024-08-02 06:00:00,27,386,35
2024-08-02 07:00:00,289,389,45
2024-08-02 08:00:00,239,409,20
2024-08-02 09:00:00,339,485,23
2024-08-02 10:00:00,312,497,24
2024-08-02 11:00:00,310,535,18
2024-08-02 12:00:00,367,559,32
2024-08-02 13:00:00,418,493,43
2024-08-02 14:00:00,344,539,34
2024-08-02 15:00:00,366,609,56
2024-08-02 16:00:00,394,619,68
2024-08-02 17:00:00,266,630,46
2024-08-02 18:00:00,185,504,42
2024-08-02 19:00:00,144,443,22
2024-08-02 20:00:00,6,305,9
2024-08-02 21:00:00,1,459,6
2024-08-02 22:00:00,2,288,4
2024-08-02 23:00:00,1,180,2
2024-08-03 00:00:00,1,142,2
2024-08-03 01:00:00,0,105,1
2024-08-03 02:00:00,0,80,0
2024-08-03 03:00:00,2,53,1
2024-08-03 04:00:00,5,57,3
2024-08-03 05:00:00,50,110,9
2024-08-03 06:00:00,88,201,15
2024-08-03 07:00:00,60,259,8
2024-08-03 08:00:00,119,325,17
2024-08-03 09:00:00,180,388,21
2024-08-03 10:00:00,224,500,14
2024-08-03 11:00:00,193,494,21
2024-08-03 12:00:00,252,521,31
2024-08-03 13:00:00,217,498,18
2024-08-03 14:00:00,206,533,35
2024-08-03 15:00:00,162,522,48
2024-08-03 16:00:00,142,616,49
2024-08-03 17:00:00,197,399,33
2024-08-03 18:00:00,173,435,19
2024-08-03 19:00:00,137,394,34
2024-08-03 20:00:00,14,338,17
2024-08-03 21:00:00,7,437,13
2024-08-03 22:00:00,4,295,13
2024-08-03 23:00:00,3,177,0
2024-08-04 00:00:00,2,160,0
2024-08-04 01:00:00,0,110,2
2024-08-04 02:00:00,0,95,0
2024-08-04 03:00:00,1,81,0
2024-08-04 04:00:00,5,63,7
2024-08-04 05:00:00,36,116,11
2024-08-04 06:00:00,40,161,16
2024-08-04 07:00:00,41,171,5
2024-08-04 08:00:00,88,241,8
2024-08-04 09:00:00,130,352,12
2024-08-04 10:00:00,191,389,13
2024-08-04 11:00:00,204,470,15
2024-08-04 12:00:00,224,515,28
2024-08-04 13:00:00,222,525,22
2024-08-04 14:00:00,192,533,24
2024-08-04 15:00:00,165,585,20
2024-08-04 16:00:00,157,512,26
2024-08-04 17:00:00,154,420,33
2024-08-04 18:00:00,132,360,33
2024-08-04 19:00:00,120,464,20
2024-08-04 20:00:00,7,252,12
2024-08-04 21:00:00,3,228,5
2024-08-04 22:00:00,0,151,0
2024-08-04 23:00:00,0,83,1
2024-08-05 00:00:00,0,61,0
2024-08-05 01:00:00,0,34,0
2024-08-05 02:00:00,0,40,0
2024-08-05 03:00:00,0,27,1
2024-08-05 04:00:00,1,27,1
2024-08-05 05:00:00,73,178,21
2024-08-05 06:00:00,252,437,61
2024-08-05 07:00:00,326,417,60
2024-08-05 08:00:00,332,396,32
2024-08-05 09:00:00,280,434,18
2024-08-05 10:00:00,329,445,19
2024-08-05 11:00:00,339,469,15
2024-08-05 12:00:00,330,460,21
2024-08-05 13:00:00,401,510,25
2024-08-05 14:00:00,363,527,24
2024-08-05 15:00:00,352,552,59
2024-08-05 16:00:00,372,621,91
2024-08-05 17:00:00,286,578,78
2024-08-05 18:00:00,197,447,33
2024-08-05 19:00:00,145,386,31
2024-08-05 20:00:00,6,284,11
2024-08-05 21:00:00,2,210,10
2024-08-05 22:00:00,0,137,5
2024-08-05 23:00:00,0,63,0
2024-08-06 00:00:00,0,71,0
2024-08-06 01:00:00,1,33,3
2024-08-06 02:00:00,0,36,0
2024-08-06 03:00:00,0,25,1
2024-08-06 04:00:00,8,110,2
2024-08-06 05:00:00,102,229,16
2024-08-06 06:00:00,255,476,55
2024-08-06 07:00:00,76,487,53
2024-08-06 08:00:00,263,459,42
2024-08-06 09:00:00,296,422,23
2024-08-06 10:00:00,324,464,26
2024-08-06 11:00:00,375,457,44
2024-08-06 12:00:00,406,499,33
2024-08-06 13:00:00,384,546,34
2024-08-06 14:00:00,357,523,89
2024-08-06 15:00:00,304,592,112
2024-08-06 16:00:00,311,626,134
2024-08-06 17:00:00,245,623,83
2024-08-06 18:00:00,164,444,56
2024-08-06 19:00:00,128,380,42
2024-08-06 20:00:00,13,363,17
2024-08-06 21:00:00,1,316,26
2024-08-06 22:00:00,0,179,6
2024-08-06 23:00:00,0,100,1
2024-08-07 00:00:00,0,58,1
2024-08-07 01:00:00,1,40,0
2024-08-07 02:00:00,0,37,0
2024-08-07 03:00:00,1,29,2
2024-08-07 04:00:00,4,54,2
2024-08-07 05:00:00,66,192,20
2024-08-07 06:00:00,190,443,61
2024-08-07 07:00:00,235,502,65
2024-08-07 08:00:00,319,463,24
2024-08-07 09:00:00,357,433,22
2024-08-07 10:00:00,360,506,17
2024-08-07 11:00:00,356,475,30
2024-08-07 12:00:00,332,490,37
2024-08-07 13:00:00,355,499,33
2024-08-07 14:00:00,362,570,45
2024-08-07 15:00:00,376,569,73
2024-08-07 16:00:00,358,595,81
2024-08-07 17:00:00,192,535,52
2024-08-07 18:00:00,147,393,33
2024-08-07 19:00:00,104,315,25
2024-08-07 20:00:00,6,293,14
2024-08-07 21:00:00,0,310,15
2024-08-07 22:00:00,0,134,9
2024-08-07 23:00:00,1,80,2
2024-08-08 00:00:00,2,50,0
2024-08-08 01:00:00,1,31,0
2024-08-08 02:00:00,0,36,0
2024-08-08 03:00:00,0,38,2
2024-08-08 04:00:00,5,56,1
2024-08-08 05:00:00,91,179,22
2024-08-08 06:00:00,246,462,51
2024-08-08 07:00:00,399,455,65
2024-08-08 08:00:00,259,383,32
2024-08-08 09:00:00,280,383,21
2024-08-08 10:00:00,297,365,31
2024-08-08 11:00:00,353,401,29
2024-08-08 12:00:00,391,378,29
2024-08-08 13:00:00,402,480,35
2024-08-08 14:00:00,373,445,26
2024-08-08 15:00:00,299,499,48
2024-08-08 16:00:00,249,519,94
2024-08-08 17:00:00,157,505,65
2024-08-08 18:00:00,113,440,41
2024-08-08 19:00:00,80,322,17
2024-08-08 20:00:00,1,314,15
2024-08-08 21:00:00,1,250,5
2024-08-08 22:00:00,0,198,2
2024-08-08 23:00:00,0,144,1
2024-08-09 00:00:00,0,160,0
2024-08-09 01:00:00,0,176,0
2024-08-09 02:00:00,0,53,0
2024-08-09 03:00:00,0,26,1
2024-08-09 04:00:00,9,42,2
2024-08-09 05:00:00,88,179,19
2024-08-09 06:00:00,169,296,62
2024-08-09 07:00:00,194,362,42
2024-08-09 08:00:00,316,327,21
2024-08-09 09:00:00,362,336,18
2024-08-09 10:00:00,317,355,21
2024-08-09 11:00:00,338,432,22
2024-08-09 12:00:00,394,456,26
2024-08-09 13:00:00,376,454,34
2024-08-09 14:00:00,138,507,88
2024-08-09 15:00:00,202,526,116
2024-08-09 16:00:00,222,592,91
2024-08-09 17:00:00,169,553,55
2024-08-09 18:00:00,207,405,48
2024-08-09 19:00:00,111,336,29
2024-08-09 20:00:00,2,341,17
2024-08-09 21:00:00,2,428,12
2024-08-09 22:00:00,1,236,7
2024-08-09 23:00:00,0,138,4
2024-08-10 00:00:00,1,101,1
2024-08-10 01:00:00,0,82,0
2024-08-10 02:00:00,0,56,0
2024-08-10 03:00:00,0,35,0
2024-08-10 04:00:00,11,47,5
2024-08-10 05:00:00,44,97,11
2024-08-10 06:00:00,100,225,19
2024-08-10 07:00:00,97,208,7
2024-08-10 08:00:00,147,303,21
2024-08-10 09:00:00,184,412,16
2024-08-10 10:00:00,212,400,19
2024-08-10 11:00:00,216,474,19
2024-08-10 12:00:00,290,486,17
2024-08-10 13:00:00,274,441,32
2024-08-10 14:00:00,248,476,28
2024-08-10 15:00:00,213,511,30
2024-08-10 16:00:00,170,646,49
2024-08-10 17:00:00,126,425,23
2024-08-10 18:00:00,157,588,34
2024-08-10 19:00:00,144,411,18
2024-08-10 20:00:00,5,312,21
2024-08-10 21:00:00,7,391,15
2024-08-10 22:00:00,0,259,8
2024-08-10 23:00:00,1,198,0
2024-08-11 00:00:00,1,142,0
2024-08-11 01:00:00,0,134,1
2024-08-11 02:00:00,0,94,0
2024-08-11 03:00:00,0,60,0
2024-08-11 04:00:00,5,65,1
2024-08-11 05:00:00,58,101,7
2024-08-11 06:00:00,74,212,15
2024-08-11 07:00:00,79,203,8
2024-08-11 08:00:00,75,260,8
2024-08-11 09:00:00,114,350,19
2024-08-11 10:00:00,181,373,18
2024-08-11 11:00:00,178,411,12
2024-08-11 12:00:00,233,440,19
2024-08-11 13:00:00,156,441,13
2024-08-11 14:00:00,198,399,26
2024-08-11 15:00:00,146,566,33
2024-08-11 16:00:00,141,434,38
2024-08-11 17:00:00,130,483,35
2024-08-11 18:00:00,152,545,34
2024-08-11 19:00:00,90,407,45
2024-08-11 20:00:00,7,298,16
2024-08-11 21:00:00,6,231,5
2024-08-11 22:00:00,1,96,3
2024-08-11 23:00:00,0,71,2
2024-08-12 00:00:00,0,55,1
2024-08-12 01:00:00,1,42,0
2024-08-12 02:00:00,0,25,0
2024-08-12 03:00:00,0,36,1
2024-08-12 04:00:00,9,48,2
2024-08-12 05:00:00,27,142,22
2024-08-12 06:00:00,36,382,35
2024-08-12 07:00:00,117,365,42
2024-08-12 08:00:00,294,350,37
2024-08-12 09:00:00,308,394,24
2024-08-12 10:00:00,327,384,27
2024-08-12 11:00:00,338,391,20
2024-08-12 12:00:00,380,372,18
2024-08-12 13:00:00,394,409,33
2024-08-12 14:00:00,94,467,70
2024-08-12 15:00:00,94,493,83
2024-08-12 16:00:00,227,572,147
2024-08-12 17:00:00,247,451,71
2024-08-12 18:00:00,187,378,44
2024-08-12 19:00:00,111,311,33
2024-08-12 20:00:00,4,230,10
2024-08-12 21:00:00,2,182,4
2024-08-12 22:00:00,2,96,4
2024-08-12 23:00:00,2,69,0
2024-08-13 00:00:00,0,59,0
2024-08-13 01:00:00,1,45,0
2024-08-13 02:00:00,2,29,0
2024-08-13 03:00:00,0,21,0
2024-08-13 04:00:00,2,41,2
2024-08-13 05:00:00,32,183,21
2024-08-13 06:00:00,72,396,46
2024-08-13 07:00:00,198,424,63
2024-08-13 08:00:00,322,372,32
2024-08-13 09:00:00,331,349,22
2024-08-13 10:00:00,306,376,10
2024-08-13 11:00:00,406,380,17
2024-08-13 12:00:00,508,413,31
2024-08-13 13:00:00,410,445,30
2024-08-13 14:00:00,443,401,53
2024-08-13 15:00:00,470,504,66
2024-08-13 16:00:00,417,588,102
2024-08-13 17:00:00,303,480,77
2024-08-13 18:00:00,185,379,49
2024-08-13 19:00:00,97,314,30
2024-08-13 20:00:00,6,282,23
2024-08-13 21:00:00,4,312,14
2024-08-13 22:00:00,0,112,1
2024-08-13 23:00:00,0,76,1
2024-08-14 00:00:00,2,46,0
2024-08-14 01:00:00,0,55,0
2024-08-14 02:00:00,1,38,0
2024-08-14 03:00:00,0,26,2
2024-08-14 04:00:00,2,52,3
2024-08-14 05:00:00,97,138,19
2024-08-14 06:00:00,240,384,53
2024-08-14 07:00:00,361,410,74
2024-08-14 08:00:00,299,375,33
2024-08-14 09:00:00,273,348,25
2024-08-14 10:00:00,339,354,20
2024-08-14 11:00:00,423,376,22
2024-08-14 12:00:00,438,466,32
2024-08-14 13:00:00,368,417,26
2024-08-14 14:00:00,406,475,39
2024-08-14 15:00:00,456,493,55
2024-08-14 16:00:00,419,567,103
2024-08-14 17:00:00,213,487,77
2024-08-14 18:00:00,165,417,44
2024-08-14 19:00:00,100,328,44
2024-08-14 20:00:00,1,307,15
2024-08-14 21:00:00,6,220,7
2024-08-14 22:00:00,2,120,7
2024-08-14 23:00:00,2,61,1
2024-08-15 00:00:00,0,47,1
2024-08-15 01:00:00,1,47,0
2024-08-15 02:00:00,0,32,0
2024-08-15 03:00:00,2,36,0
2024-08-15 04:00:00,3,51,1
2024-08-15 05:00:00,43,142,27
2024-08-15 06:00:00,238,369,56
2024-08-15 07:00:00,420,394,57
2024-08-15 08:00:00,323,355,20
2024-08-15 09:00:00,360,411,18
2024-08-15 10:00:00,357,421,15
2024-08-15 11:00:00,394,436,31
2024-08-15 12:00:00,479,428,28
2024-08-15 13:00:00,404,451,26
2024-08-15 14:00:00,458,498,34
2024-08-15 15:00:00,420,538,59
2024-08-15 16:00:00,378,572,83
2024-08-15 17:00:00,178,545,52
2024-08-15 18:00:00,175,474,37
2024-08-15 19:00:00,118,400,23
2024-08-15 20:00:00,4,304,14
2024-08-15 21:00:00,2,285,8
2024-08-15 22:00:00,10,155,4
2024-08-15 23:00:00,2,91,0
2024-08-16 00:00:00,0,83,0
2024-08-16 01:00:00,0,64,0
2024-08-16 02:00:00,0,60,0
2024-08-16 03:00:00,0,42,1
2024-08-16 04:00:00,4,58,0
2024-08-16 05:00:00,12,138,16
2024-08-16 06:00:00,30,308,22
2024-08-16 07:00:00,7,364,16
2024-08-16 08:00:00,164,366,40
2024-08-16 09:00:00,330,416,15
2024-08-16 10:00:00,384,488,19
2024-08-16 11:00:00,364,473,27
2024-08-16 12:00:00,411,479,17
2024-08-16 13:00:00,399,469,26
2024-08-16 14:00:00,238,529,62
2024-08-16 15:00:00,299,583,70
2024-08-16 16:00:00,321,587,74
2024-08-16 17:00:00,229,595,55
2024-08-16 18:00:00,202,453,49
2024-08-16 19:00:00,123,374,35
2024-08-16 20:00:00,2,338,8
2024-08-16 21:00:00,5,327,6
2024-08-16 22:00:00,4,239,8
2024-08-16 23:00:00,2,173,4
2024-08-17 00:00:00,1,111,0
2024-08-17 01:00:00,0,87,1
2024-08-17 02:00:00,0,68,0
2024-08-17 03:00:00,0,62,0
2024-08-17 04:00:00,3,66,1
2024-08-17 05:00:00,23,103,5
2024-08-17 06:00:00,36,172,12
2024-08-17 07:00:00,20,222,10
2024-08-17 08:00:00,123,314,21
2024-08-17 09:00:00,185,362,14
2024-08-17 10:00:00,221,478,21
2024-08-17 11:00:00,236,471,19
2024-08-17 12:00:00,231,445,23
2024-08-17 13:00:00,262,502,26
2024-08-17 14:00:00,301,477,26
2024-08-17 15:00:00,216,427,20
2024-08-17 16:00:00,233,599,25
2024-08-17 17:00:00,170,448,29
2024-08-17 18:00:00,207,403,23
2024-08-17 19:00:00,95,342,14
2024-08-17 20:00:00,0,288,8
2024-08-17 21:00:00,3,313,4
2024-08-17 22:00:00,0,265,0
2024-08-17 23:00:00,9,211,3
2024-08-18 00:00:00,1,152,0
2024-08-18 01:00:00,2,128,2
2024-08-18 02:00:00,0,112,0
2024-08-18 03:00:00,0,84,0
2024-08-18 04:00:00,4,52,2
2024-08-18 05:00:00,33,96,7
2024-08-18 06:00:00,56,147,7
2024-08-18 07:00:00,1,76,9
2024-08-18 08:00:00,60,223,15
2024-08-18 09:00:00,119,355,14
2024-08-18 10:00:00,171,428,14
2024-08-18 11:00:00,217,512,19
2024-08-18 12:00:00,245,483,9
2024-08-18 13:00:00,233,529,19
2024-08-18 14:00:00,245,476,26
2024-08-18 15:00:00,212,457,27
2024-08-18 16:00:00,189,444,33
2024-08-18 17:00:00,144,414,31
2024-08-18 18:00:00,124,410,22
2024-08-18 19:00:00,79,317,24
2024-08-18 20:00:00,4,212,12
2024-08-18 21:00:00,9,171,6
2024-08-18 22:00:00,2,113,3
2024-08-18 23:00:00,0,70,0
2024-08-19 00:00:00,2,45,1
2024-08-19 01:00:00,0,41,0
2024-08-19 02:00:00,0,27,0
2024-08-19 03:00:00,0,21,1
2024-08-19 04:00:00,8,54,2
2024-08-19 05:00:00,78,156,16
2024-08-19 06:00:00,229,378,49
2024-08-19 07:00:00,328,401,69
2024-08-19 08:00:00,283,380,26
2024-08-19 09:00:00,305,380,31
2024-08-19 10:00:00,291,442,14
2024-08-19 11:00:00,325,413,17
2024-08-19 12:00:00,278,445,25
2024-08-19 13:00:00,301,454,20
2024-08-19 14:00:00,288,486,28
2024-08-19 15:00:00,277,532,49
2024-08-19 16:00:00,336,590,89
2024-08-19 17:00:00,189,524,51
2024-08-19 18:00:00,148,434,35
2024-08-19 19:00:00,76,372,31
2024-08-19 20:00:00,3,275,10
2024-08-19 21:00:00,1,201,5
2024-08-19 22:00:00,1,112,1
2024-08-19 23:00:00,1,74,0
2024-08-20 00:00:00,0,55,0
2024-08-20 01:00:00,1,34,0
2024-08-20 02:00:00,0,35,0
2024-08-20 03:00:00,0,27,1
2024-08-20 04:00:00,3,42,3
2024-08-20 05:00:00,83,180,15
2024-08-20 06:00:00,75,425,39
2024-08-20 07:00:00,299,496,55
2024-08-20 08:00:00,254,371,30
2024-08-20 09:00:00,289,407,25
2024-08-20 10:00:00,354,424,10
2024-08-20 11:00:00,432,462,16
2024-08-20 12:00:00,450,460,23
2024-08-20 13:00:00,413,493,24
2024-08-20 14:00:00,311,487,51
2024-08-20 15:00:00,245,540,77
2024-08-20 16:00:00,495,605,119
2024-08-20 17:00:00,312,540,60
2024-08-20 18:00:00,237,468,42
2024-08-20 19:00:00,94,356,37
2024-08-20 20:00:00,11,393,12
2024-08-20 21:00:00,12,234,9
2024-08-20 22:00:00,4,142,7
2024-08-20 23:00:00,4,87,2
2024-08-21 00:00:00,0,66,0
2024-08-21 01:00:00,1,43,0
2024-08-21 02:00:00,2,40,0
2024-08-21 03:00:00,0,100,0
2024-08-21 04:00:00,4,78,0
2024-08-21 05:00:00,121,198,23
2024-08-21 06:00:00,221,422,65
2024-08-21 07:00:00,110,457,48
2024-08-21 08:00:00,279,388,31
2024-08-21 09:00:00,370,394,11
2024-08-21 10:00:00,359,412,28
2024-08-21 11:00:00,425,465,22
2024-08-21 12:00:00,413,474,16
2024-08-21 13:00:00,425,474,31
2024-08-21 14:00:00,429,535,22
2024-08-21 15:00:00,493,560,45
2024-08-21 16:00:00,502,580,89
2024-08-21 17:00:00,327,582,55
2024-08-21 18:00:00,248,480,28
2024-08-21 19:00:00,86,369,20
2024-08-21 20:00:00,33,399,20
2024-08-21 21:00:00,16,244,11
2024-08-21 22:00:00,3,150,4
2024-08-21 23:00:00,2,101,0
2024-08-22 00:00:00,0,56,0
2024-08-22 01:00:00,1,36,0
2024-08-22 02:00:00,6,20,0
2024-08-22 03:00:00,1,26,1
2024-08-22 04:00:00,3,50,0
2024-08-22 05:00:00,85,90,12
2024-08-22 06:00:00,211,396,41
2024-08-22 07:00:00,293,448,40
2024-08-22 08:00:00,296,434,17
2024-08-22 09:00:00,283,436,15
2024-08-22 10:00:00,309,440,11
2024-08-22 11:00:00,299,452,19
2024-08-22 12:00:00,319,486,16
2024-08-22 13:00:00,300,513,20
2024-08-22 14:00:00,346,538,23
2024-08-22 15:00:00,311,526,40
2024-08-22 16:00:00,388,575,72
2024-08-22 17:00:00,252,555,54
2024-08-22 18:00:00,230,454,39
2024-08-22 19:00:00,62,402,26
2024-08-22 20:00:00,5,379,14
2024-08-22 21:00:00,5,244,7
2024-08-22 22:00:00,9,154,6
2024-08-22 23:00:00,0,86,1
2024-08-23 00:00:00,1,66,2
2024-08-23 01:00:00,0,68,0
2024-08-23 02:00:00,0,37,0
2024-08-23 03:00:00,0,50,1
2024-08-23 04:00:00,3,71,1
2024-08-23 05:00:00,75,184,17
2024-08-23 06:00:00,93,348,19
2024-08-23 07:00:00,43,373,16
2024-08-23 08:00:00,190,351,23
2024-08-23 09:00:00,318,420,19
2024-08-23 10:00:00,298,466,15
2024-08-23 11:00:00,279,470,19
2024-08-23 12:00:00,334,466,23
2024-08-23 13:00:00,334,526,20
2024-08-23 14:00:00,300,531,33
2024-08-23 15:00:00,266,557,54
2024-08-23 16:00:00,267,582,50
2024-08-23 17:00:00,235,496,42
2024-08-23 18:00:00,143,422,24
2024-08-23 19:00:00,44,373,15
2024-08-23 20:00:00,6,376,10
2024-08-23 21:00:00,6,288,8
2024-08-23 22:00:00,3,210,11
2024-08-23 23:00:00,1,166,2
2024-08-24 00:00:00,1,106,0
2024-08-24 01:00:00,0,83,1
2024-08-24 02:00:00,0,60,1
2024-08-24 03:00:00,0,50,0
2024-08-24 04:00:00,1,59,0
2024-08-24 05:00:00,36,115,12
2024-08-24 06:00:00,60,161,6
2024-08-24 07:00:00,75,197,7
2024-08-24 08:00:00,88,290,3
2024-08-24 09:00:00,116,357,4
2024-08-24 10:00:00,153,429,9
2024-08-24 11:00:00,205,484,9
2024-08-24 12:00:00,206,440,14
2024-08-24 13:00:00,229,467,10
2024-08-24 14:00:00,147,586,29
2024-08-24 15:00:00,143,501,24
2024-08-24 16:00:00,171,473,16
2024-08-24 17:00:00,150,366,19
2024-08-24 18:00:00,162,436,22
2024-08-24 19:00:00,52,348,11
2024-08-24 20:00:00,15,337,24
2024-08-24 21:00:00,31,383,15
2024-08-24 22:00:00,4,259,11
2024-08-24 23:00:00,4,176,2
2024-08-25 00:00:00,1,155,1
2024-08-25 01:00:00,2,109,0
2024-08-25 02:00:00,1,83,0
2024-08-25 03:00:00,0,60,0
2024-08-25 04:00:00,3,48,1
2024-08-25 05:00:00,42,101,10
2024-08-25 06:00:00,49,139,3
2024-08-25 07:00:00,1,152,1
2024-08-25 08:00:00,57,201,10
2024-08-25 09:00:00,138,377,4
2024-08-25 10:00:00,183,391,13
2024-08-25 11:00:00,188,472,11
2024-08-25 12:00:00,236,450,17
2024-08-25 13:00:00,214,460,11
2024-08-25 14:00:00,220,441,18
2024-08-25 15:00:00,176,507,14
2024-08-25 16:00:00,144,442,17
2024-08-25 17:00:00,124,407,14
2024-08-25 18:00:00,127,388,13
2024-08-25 19:00:00,42,353,10
2024-08-25 20:00:00,1,317,6
2024-08-25 21:00:00,8,390,17
2024-08-25 22:00:00,5,479,15
2024-08-25 23:00:00,0,243,3
2024-08-26 00:00:00,1,121,0
2024-08-26 01:00:00,1,92,0
2024-08-26 02:00:00,3,25,0
2024-08-26 03:00:00,1,32,0
2024-08-26 04:00:00,0,38,0
2024-08-26 05:00:00,57,112,7
2024-08-26 06:00:00,48,145,13
2024-08-26 07:00:00,39,154,5
2024-08-26 08:00:00,86,262,10
2024-08-26 09:00:00,133,379,16
2024-08-26 10:00:00,163,420,18
2024-08-26 11:00:00,183,434,18
2024-08-26 12:00:00,210,452,12
2024-08-26 13:00:00,211,439,18
2024-08-26 14:00:00,189,501,22
2024-08-26 15:00:00,173,485,25
2024-08-26 16:00:00,172,489,28
2024-08-26 17:00:00,160,402,26
2024-08-26 18:00:00,129,367,16
2024-08-26 19:00:00,45,313,12
2024-08-26 20:00:00,25,318,16
2024-08-26 21:00:00,3,186,9
2024-08-26 22:00:00,1,86,1
2024-08-26 23:00:00,1,53,2
2024-08-27 00:00:00,2,72,0
2024-08-27 01:00:00,0,30,0
2024-08-27 02:00:00,2,29,0
2024-08-27 03:00:00,0,31,1
2024-08-27 04:00:00,0,66,1
2024-08-27 05:00:00,75,175,13
2024-08-27 06:00:00,197,443,56
2024-08-27 07:00:00,299,434,66
2024-08-27 08:00:00,311,356,29
2024-08-27 09:00:00,289,392,19
2024-08-27 10:00:00,324,425,11
2024-08-27 11:00:00,302,471,16
2024-08-27 12:00:00,384,478,26
2024-08-27 13:00:00,380,471,26
2024-08-27 14:00:00,374,529,27
2024-08-27 15:00:00,382,518,40
2024-08-27 16:00:00,338,592,63
2024-08-27 17:00:00,238,556,50
2024-08-27 18:00:00,193,423,35
2024-08-27 19:00:00,33,330,17
2024-08-27 20:00:00,2,348,13
2024-08-27 21:00:00,3,210,6
2024-08-27 22:00:00,2,132,2
2024-08-27 23:00:00,2,73,0
2024-08-28 00:00:00,1,62,0
2024-08-28 01:00:00,2,44,0
2024-08-28 02:00:00,0,22,1
2024-08-28 03:00:00,0,32,0
2024-08-28 04:00:00,1,67,0
2024-08-28 05:00:00,93,178,18
2024-08-28 06:00:00,245,417,62
2024-08-28 07:00:00,294,462,62
2024-08-28 08:00:00,276,376,29
2024-08-28 09:00:00,325,413,21
2024-08-28 10:00:00,365,410,24
2024-08-28 11:00:00,319,430,25
2024-08-28 12:00:00,342,456,16
2024-08-28 13:00:00,332,507,17
2024-08-28 14:00:00,363,525,36
2024-08-28 15:00:00,403,533,53
2024-08-28 16:00:00,377,585,94
2024-08-28 17:00:00,254,542,56
2024-08-28 18:00:00,189,453,31
2024-08-28 19:00:00,44,374,28
2024-08-28 20:00:00,4,382,19
2024-08-28 21:00:00,4,226,13
2024-08-28 22:00:00,5,136,4
2024-08-28 23:00:00,2,80,0
2024-08-29 00:00:00,0,72,0
2024-08-29 01:00:00,0,52,0
2024-08-29 02:00:00,0,31,1
2024-08-29 03:00:00,0,26,1
2024-08-29 04:00:00,0,58,0
2024-08-29 05:00:00,80,187,20
2024-08-29 06:00:00,197,403,49
2024-08-29 07:00:00,194,448,43
2024-08-29 08:00:00,279,384,17
2024-08-29 09:00:00,317,448,22
2024-08-29 10:00:00,310,433,15
2024-08-29 11:00:00,323,450,24
2024-08-29 12:00:00,382,485,18
2024-08-29 13:00:00,399,506,19
2024-08-29 14:00:00,377,520,29
2024-08-29 15:00:00,337,551,52
2024-08-29 16:00:00,416,579,91
2024-08-29 17:00:00,292,598,76
2024-08-29 18:00:00,204,522,62
2024-08-29 19:00:00,42,552,20
2024-08-29 20:00:00,7,439,13
2024-08-29 21:00:00,13,357,14
2024-08-29 22:00:00,4,181,6
2024-08-29 23:00:00,4,103,0
2024-08-30 00:00:00,0,72,1
2024-08-30 01:00:00,1,48,0
2024-08-30 02:00:00,2,37,0
2024-08-30 03:00:00,0,43,1
2024-08-30 04:00:00,0,38,0
2024-08-30 05:00:00,89,140,9
2024-08-30 06:00:00,152,367,40
2024-08-30 07:00:00,12,396,14
2024-08-30 08:00:00,231,389,21
2024-08-30 09:00:00,353,439,17
2024-08-30 10:00:00,372,460,14
2024-08-30 11:00:00,389,462,29
2024-08-30 12:00:00,374,517,26
2024-08-30 13:00:00,306,491,31
2024-08-30 14:00:00,347,562,30
2024-08-30 15:00:00,384,576,66
2024-08-30 16:00:00,302,615,75
2024-08-30 17:00:00,237,614,47
2024-08-30 18:00:00,200,525,25
2024-08-30 19:00:00,29,439,16
2024-08-30 20:00:00,4,426,13
2024-08-30 21:00:00,0,382,17
2024-08-30 22:00:00,4,289,12
2024-08-30 23:00:00,1,189,2
2024-08-31 00:00:00,0,110,0
2024-08-31 01:00:00,1,117,0
2024-08-31 02:00:00,1,80,0
2024-08-31 03:00:00,0,68,0
2024-08-31 04:00:00,0,62,1
2024-08-31 05:00:00,44,111,9
2024-08-31 06:00:00,54,190,10
2024-08-31 07:00:00,70,204,4
2024-08-31 08:00:00,88,280,11
2024-08-31 09:00:00,180,364,12
2024-08-31 10:00:00,198,456,20
2024-08-31 11:00:00,202,479,17
2024-08-31 12:00:00,202,588,14
2024-08-31 13:00:00,257,581,17
2024-08-31 14:00:00,257,625,14
2024-08-31 15:00:00,198,630,20
2024-08-31 16:00:00,184,571,28
2024-08-31 17:00:00,182,402,21
2024-08-31 18:00:00,123,417,19
2024-08-31 19:00:00,24,344,12
2024-08-31 20:00:00,2,388,15
2024-08-31 21:00:00,6,366,17
2024-08-31 22:00:00,1,496,23
2024-08-31 23:00:00,0,386,8
2024-09-01 00:00:00,0,208,2
2024-09-01 01:00:00,0,134,2
2024-09-01 02:00:00,1,110,0
2024-09-01 03:00:00,0,103,0
2024-09-01 04:00:00,0,77,1
2024-09-01 05:00:00,40,109,7
2024-09-01 06:00:00,81,157,6
2024-09-01 07:00:00,69,165,13
2024-09-01 08:00:00,75,214,16
2024-09-01 09:00:00,132,337,20
2024-09-01 10:00:00,154,448,22
2024-09-01 11:00:00,207,499,16
2024-09-01 12:00:00,214,497,30
2024-09-01 13:00:00,201,553,13
2024-09-01 14:00:00,175,581,25
2024-09-01 15:00:00,30,638,22
2024-09-01 16:00:00,64,505,21
2024-09-01 17:00:00,140,449,32
2024-09-01 18:00:00,82,365,31
2024-09-01 19:00:00,5,354,8
2024-09-01 20:00:00,3,258,5
2024-09-01 21:00:00,4,258,4
2024-09-01 22:00:00,0,390,12
2024-09-01 23:00:00,0,169,0
2024-09-02 00:00:00,0,80,0
2024-09-02 01:00:00,0,42,0
2024-09-02 02:00:00,0,50,0
2024-09-02 03:00:00,6,38,0
2024-09-02 04:00:00,1,66,0
2024-09-02 05:00:00,65,172,19
2024-09-02 06:00:00,188,454,34
2024-09-02 07:00:00,318,448,50
2024-09-02 08:00:00,280,430,17
2024-09-02 09:00:00,292,471,12
2024-09-02 10:00:00,302,444,21
2024-09-02 11:00:00,362,470,12
2024-09-02 12:00:00,358,448,19
2024-09-02 13:00:00,277,466,22
2024-09-02 14:00:00,334,491,32
2024-09-02 15:00:00,353,532,33
2024-09-02 16:00:00,364,604,60
2024-09-02 17:00:00,230,593,53
2024-09-02 18:00:00,131,478,41
2024-09-02 19:00:00,9,314,13
2024-09-02 20:00:00,2,294,7
2024-09-02 21:00:00,2,320,7
2024-09-02 22:00:00,0,128,0
2024-09-02 23:00:00,0,122,1
2024-09-03 00:00:00,0,49,0
2024-09-03 01:00:00,0,47,0
2024-09-03 02:00:00,0,26,0
2024-09-03 03:00:00,1,32,0
2024-09-03 04:00:00,0,74,0
2024-09-03 05:00:00,67,202,18
2024-09-03 06:00:00,210,455,57
2024-09-03 07:00:00,328,531,59
2024-09-03 08:00:00,307,434,22
2024-09-03 09:00:00,302,402,20
2024-09-03 10:00:00,325,435,18
2024-09-03 11:00:00,322,459,10
2024-09-03 12:00:00,395,459,20
2024-09-03 13:00:00,384,480,24
2024-09-03 14:00:00,345,544,40
2024-09-03 15:00:00,196,553,68
2024-09-03 16:00:00,377,571,96
2024-09-03 17:00:00,315,565,44
2024-09-03 18:00:00,186,476,40
2024-09-03 19:00:00,16,372,17
2024-09-03 20:00:00,14,309,21
2024-09-03 21:00:00,9,364,9
2024-09-03 22:00:00,2,120,3
2024-09-03 23:00:00,0,75,1
2024-09-04 00:00:00,0,53,0
2024-09-04 01:00:00,2,26,0
2024-09-04 02:00:00,0,20,0
2024-09-04 03:00:00,0,32,0
2024-09-04 04:00:00,0,57,0
2024-09-04 05:00:00,99,184,14
2024-09-04 06:00:00,217,465,52
2024-09-04 07:00:00,212,518,49
2024-09-04 08:00:00,167,452,31
2024-09-04 09:00:00,305,443,23
2024-09-04 10:00:00,295,428,20
2024-09-04 11:00:00,389,470,22
2024-09-04 12:00:00,365,457,19
2024-09-04 13:00:00,400,495,30
2024-09-04 14:00:00,399,519,38
2024-09-04 15:00:00,377,547,39
2024-09-04 16:00:00,376,593,100
2024-09-04 17:00:00,280,595,56
2024-09-04 18:00:00,218,462,39
2024-09-04 19:00:00,25,358,20
2024-09-04 20:00:00,14,295,12
2024-09-04 21:00:00,9,355,9
2024-09-04 22:00:00,2,168,5
2024-09-04 23:00:00,1,70,1
2024-09-05 00:00:00,0,56,0
2024-09-05 01:00:00,1,34,0
2024-09-05 02:00:00,0,25,0
2024-09-05 03:00:00,2,31,0
2024-09-05 04:00:00,0,62,1
2024-09-05 05:00:00,19,189,25
2024-09-05 06:00:00,165,296,40
2024-09-05 07:00:00,310,542,53
2024-09-05 08:00:00,245,464,30
2024-09-05 09:00:00,224,422,21
2024-09-05 10:00:00,135,449,31
2024-09-05 11:00:00,191,474,33
2024-09-05 12:00:00,164,458,29
2024-09-05 13:00:00,5,498,11
2024-09-05 14:00:00,36,544,12
2024-09-05 15:00:00,103,570,43
2024-09-05 16:00:00,371,530,84
2024-09-05 17:00:00,243,591,66
2024-09-05 18:00:00,167,501,36
2024-09-05 19:00:00,2,398,13
2024-09-05 20:00:00,2,369,10
2024-09-05 21:00:00,0,435,5
2024-09-05 22:00:00,0,185,2
2024-09-05 23:00:00,0,69,2
2024-09-06 00:00:00,0,63,1
2024-09-06 01:00:00,0,38,0
2024-09-06 02:00:00,0,38,0
2024-09-06 03:00:00,0,40,0
2024-09-06 04:00:00,0,67,0
2024-09-06 05:00:00,86,172,21
2024-09-06 06:00:00,213,430,48
2024-09-06 07:00:00,291,539,40
2024-09-06 08:00:00,292,455,31
2024-09-06 09:00:00,284,479,15
2024-09-06 10:00:00,309,439,8
2024-09-06 11:00:00,306,501,16
2024-09-06 12:00:00,339,481,17
2024-09-06 13:00:00,322,500,21
2024-09-06 14:00:00,331,510,37
2024-09-06 15:00:00,393,551,32
2024-09-06 16:00:00,373,610,32
2024-09-06 17:00:00,257,576,43
2024-09-06 18:00:00,174,539,25
2024-09-06 19:00:00,2,449,6
2024-09-06 20:00:00,4,394,4
2024-09-06 21:00:00,4,506,12
2024-09-06 22:00:00,14,285,8
2024-09-06 23:00:00,1,147,0
2024-09-07 00:00:00,0,117,0
2024-09-07 01:00:00,1,99,0
2024-09-07 02:00:00,0,67,0
2024-09-07 03:00:00,0,53,1
2024-09-07 04:00:00,1,61,1
2024-09-07 05:00:00,43,126,8
2024-09-07 06:00:00,72,193,12
2024-09-07 07:00:00,86,262,5
2024-09-07 08:00:00,132,342,10
2024-09-07 09:00:00,180,427,11
2024-09-07 10:00:00,254,565,9
2024-09-07 11:00:00,233,603,19
2024-09-07 12:00:00,299,605,23
2024-09-07 13:00:00,287,619,16
2024-09-07 14:00:00,337,660,23
2024-09-07 15:00:00,309,559,26
2024-09-07 16:00:00,272,640,26
2024-09-07 17:00:00,198,625,25
2024-09-07 18:00:00,133,534,20
2024-09-07 19:00:00,11,445,16
2024-09-07 20:00:00,4,383,13
2024-09-07 21:00:00,10,518,13
2024-09-07 22:00:00,5,320,6
2024-09-07 23:00:00,2,232,2
2024-09-08 00:00:00,0,145,1
2024-09-08 01:00:00,0,123,1
2024-09-08 02:00:00,0,106,0
2024-09-08 03:00:00,0,84,0
2024-09-08 04:00:00,0,72,0
2024-09-08 05:00:00,32,121,8
2024-09-08 06:00:00,74,130,9
2024-09-08 07:00:00,86,166,5
2024-09-08 08:00:00,102,247,3
2024-09-08 09:00:00,158,379,8
2024-09-08 10:00:00,223,510,17
2024-09-08 11:00:00,276,581,15
2024-09-08 12:00:00,259,589,14
2024-09-08 13:00:00,354,631,16
2024-09-08 14:00:00,319,641,15
2024-09-08 15:00:00,276,675,31
2024-09-08 16:00:00,252,636,24
2024-09-08 17:00:00,233,547,33
2024-09-08 18:00:00,94,465,10
2024-09-08 19:00:00,4,387,10
2024-09-08 20:00:00,1,275,15
2024-09-08 21:00:00,2,319,3
2024-09-08 22:00:00,2,311,4
2024-09-08 23:00:00,0,161,4
2024-09-09 00:00:00,4,82,0
2024-09-09 01:00:00,3,39,1
2024-09-09 02:00:00,0,29,0
2024-09-09 03:00:00,0,26,1
2024-09-09 04:00:00,0,49,10
2024-09-09 05:00:00,67,185,17
2024-09-09 06:00:00,233,484,39
2024-09-09 07:00:00,449,553,51
2024-09-09 08:00:00,425,473,19
2024-09-09 09:00:00,437,436,23
2024-09-09 10:00:00,427,488,22
2024-09-09 11:00:00,417,450,22
2024-09-09 12:00:00,471,448,18
2024-09-09 13:00:00,476,541,26
2024-09-09 14:00:00,445,569,38
2024-09-09 15:00:00,522,573,42
2024-09-09 16:00:00,428,615,72
2024-09-09 17:00:00,301,583,60
2024-09-09 18:00:00,188,471,32
2024-09-09 19:00:00,10,351,11
2024-09-09 20:00:00,3,368,17
2024-09-09 21:00:00,10,242,13
2024-09-09 22:00:00,0,112,1
2024-09-09 23:00:00,1,69,1
2024-09-10 00:00:00,0,64,1
2024-09-10 01:00:00,0,34,0
2024-09-10 02:00:00,1,30,0
2024-09-10 03:00:00,0,32,0
2024-09-10 04:00:00,1,59,0
2024-09-10 05:00:00,63,203,20
2024-09-10 06:00:00,257,511,43
2024-09-10 07:00:00,510,563,47
2024-09-10 08:00:00,515,496,21
2024-09-10 09:00:00,511,458,14
2024-09-10 10:00:00,496,429,16
2024-09-10 11:00:00,603,469,19
2024-09-10 12:00:00,598,471,15
2024-09-10 13:00:00,610,469,27
2024-09-10 14:00:00,605,529,31
2024-09-10 15:00:00,479,542,64
2024-09-10 16:00:00,408,556,73
2024-09-10 17:00:00,347,561,47
2024-09-10 18:00:00,194,518,29
2024-09-10 19:00:00,4,407,2
2024-09-10 20:00:00,2,468,11
2024-09-10 21:00:00,2,256,11
2024-09-10 22:00:00,4,138,3
2024-09-10 23:00:00,0,88,1
2024-09-11 00:00:00,1,80,0
2024-09-11 01:00:00,0,57,0
2024-09-11 02:00:00,2,46,0
2024-09-11 03:00:00,0,27,1
2024-09-11 04:00:00,0,52,1
2024-09-11 05:00:00,48,213,11
2024-09-11 06:00:00,210,487,55
2024-09-11 07:00:00,285,590,52
2024-09-11 08:00:00,112,469,28
2024-09-11 09:00:00,514,444,20
2024-09-11 10:00:00,546,433,15
2024-09-11 11:00:00,523,465,32
2024-09-11 12:00:00,586,484,26
2024-09-11 13:00:00,542,453,23
2024-09-11 14:00:00,526,524,27
2024-09-11 15:00:00,401,543,65
2024-09-11 16:00:00,441,582,86
2024-09-11 17:00:00,300,562,66
2024-09-11 18:00:00,174,609,43
2024-09-11 19:00:00,13,439,24
2024-09-11 20:00:00,3,373,10
2024-09-11 21:00:00,1,459,18
2024-09-11 22:00:00,1,129,1
2024-09-11 23:00:00,5,114,3
2024-09-12 00:00:00,0,71,0
2024-09-12 01:00:00,0,65,1
2024-09-12 02:00:00,0,57,0
2024-09-12 03:00:00,0,35,0
2024-09-12 04:00:00,0,65,0
2024-09-12 05:00:00,47,190,14
2024-09-12 06:00:00,194,487,41
2024-09-12 07:00:00,282,578,50
2024-09-12 08:00:00,175,489,22
2024-09-12 09:00:00,524,438,17
2024-09-12 10:00:00,499,426,22
2024-09-12 11:00:00,504,436,31
2024-09-12 12:00:00,554,462,23
2024-09-12 13:00:00,550,510,17
2024-09-12 14:00:00,554,510,38
2024-09-12 15:00:00,425,539,56
2024-09-12 16:00:00,522,617,92
2024-09-12 17:00:00,333,574,59
2024-09-12 18:00:00,208,511,36
2024-09-12 19:00:00,20,404,17
2024-09-12 20:00:00,8,444,16
2024-09-12 21:00:00,3,411,20
2024-09-12 22:00:00,1,175,4
2024-09-12 23:00:00,2,115,1
2024-09-13 00:00:00,1,73,0
2024-09-13 01:00:00,1,52,0
2024-09-13 02:00:00,0,59,0
2024-09-13 03:00:00,0,41,0
2024-09-13 04:00:00,1,51,1
2024-09-13 05:00:00,46,164,13
2024-09-13 06:00:00,182,433,43
2024-09-13 07:00:00,210,544,37
2024-09-13 08:00:00,134,412,25
2024-09-13 09:00:00,384,422,32
2024-09-13 10:00:00,431,475,16
2024-09-13 11:00:00,471,455,24
2024-09-13 12:00:00,476,508,29
2024-09-13 13:00:00,458,529,24
2024-09-13 14:00:00,326,556,36
2024-09-13 15:00:00,407,552,53
2024-09-13 16:00:00,439,630,53
2024-09-13 17:00:00,316,644,34
2024-09-13 18:00:00,163,593,30
2024-09-13 19:00:00,7,509,19
2024-09-13 20:00:00,2,444,9
2024-09-13 21:00:00,4,509,5
2024-09-13 22:00:00,5,331,6
2024-09-13 23:00:00,2,211,1
2024-09-14 00:00:00,3,140,0
2024-09-14 01:00:00,2,115,0
2024-09-14 02:00:00,3,111,1
2024-09-14 03:00:00,1,70,0
2024-09-14 04:00:00,2,47,0
2024-09-14 05:00:00,39,123,11
2024-09-14 06:00:00,81,185,9
2024-09-14 07:00:00,70,264,11
2024-09-14 08:00:00,68,296,7
2024-09-14 09:00:00,190,457,32
2024-09-14 10:00:00,310,497,17
2024-09-14 11:00:00,298,566,21
2024-09-14 12:00:00,339,530,22
2024-09-14 13:00:00,331,599,18
2024-09-14 14:00:00,258,559,42
2024-09-14 15:00:00,227,563,26
2024-09-14 16:00:00,249,532,23
2024-09-14 17:00:00,239,512,31
2024-09-14 18:00:00,116,506,30
2024-09-14 19:00:00,13,456,11
2024-09-14 20:00:00,6,455,9
2024-09-14 21:00:00,3,421,13
2024-09-14 22:00:00,6,339,4
2024-09-14 23:00:00,4,224,1
2024-09-15 00:00:00,1,195,5
2024-09-15 01:00:00,2,144,0
2024-09-15 02:00:00,1,111,0
2024-09-15 03:00:00,2,91,0
2024-09-15 04:00:00,0,72,0
2024-09-15 05:00:00,33,114,5
2024-09-15 06:00:00,58,169,9
2024-09-15 07:00:00,72,182,8
2024-09-15 08:00:00,48,277,11
2024-09-15 09:00:00,194,408,14
2024-09-15 10:00:00,256,449,17
2024-09-15 11:00:00,281,571,17
2024-09-15 12:00:00,309,631,23
2024-09-15 13:00:00,314,574,17
2024-09-15 14:00:00,280,583,21
2024-09-15 15:00:00,311,637,16
2024-09-15 16:00:00,276,594,13
2024-09-15 17:00:00,207,480,19
2024-09-15 18:00:00,100,454,16
2024-09-15 19:00:00,9,389,17
2024-09-15 20:00:00,3,283,6
2024-09-15 21:00:00,5,292,5
2024-09-15 22:00:00,3,202,1
2024-09-15 23:00:00,0,93,0
2024-09-16 00:00:00,2,60,0
2024-09-16 01:00:00,0,41,0
2024-09-16 02:00:00,1,33,0
2024-09-16 03:00:00,0,31,1
2024-09-16 04:00:00,0,45,1
2024-09-16 05:00:00,72,183,19
2024-09-16 06:00:00,215,500,55
2024-09-16 07:00:00,396,577,55
2024-09-16 08:00:00,103,478,32
2024-09-16 09:00:00,421,494,98
2024-09-16 10:00:00,554,431,24
2024-09-16 11:00:00,619,478,25
2024-09-16 12:00:00,686,446,24
2024-09-16 13:00:00,671,455,16
2024-09-16 14:00:00,591,537,38
2024-09-16 15:00:00,568,530,38
2024-09-16 16:00:00,568,633,61
2024-09-16 17:00:00,476,549,36
2024-09-16 18:00:00,163,468,38
2024-09-16 19:00:00,6,394,18
2024-09-16 20:00:00,7,308,7
2024-09-16 21:00:00,12,544,8
2024-09-16 22:00:00,4,135,3
2024-09-16 23:00:00,0,102,3
2024-09-17 00:00:00,0,80,0
2024-09-17 01:00:00,0,93,0
2024-09-17 02:00:00,0,31,1
2024-09-17 03:00:00,0,35,1
2024-09-17 04:00:00,1,66,0
2024-09-17 05:00:00,57,195,16
2024-09-17 06:00:00,219,527,53
2024-09-17 07:00:00,470,566,40
2024-09-17 08:00:00,58,508,21
2024-09-17 09:00:00,357,441,53
2024-09-17 10:00:00,484,485,19
2024-09-17 11:00:00,653,462,15
2024-09-17 12:00:00,720,466,24
2024-09-17 13:00:00,681,510,24
2024-09-17 14:00:00,257,521,42
2024-09-17 15:00:00,374,528,68
2024-09-17 16:00:00,661,576,115
2024-09-17 17:00:00,451,611,59
2024-09-17 18:00:00,165,536,32
2024-09-17 19:00:00,1,469,17
2024-09-17 20:00:00,9,382,24
2024-09-17 21:00:00,4,499,24
2024-09-17 22:00:00,0,286,5
2024-09-17 23:00:00,1,121,2
2024-09-18 00:00:00,2,70,0
2024-09-18 01:00:00,0,51,0
2024-09-18 02:00:00,0,56,1
2024-09-18 03:00:00,0,30,0
2024-09-18 04:00:00,0,67,0
2024-09-18 05:00:00,75,214,17
2024-09-18 06:00:00,257,510,64
2024-09-18 07:00:00,660,536,53
2024-09-18 08:00:00,494,494,22
2024-09-18 09:00:00,600,435,18
2024-09-18 10:00:00,593,467,26
2024-09-18 11:00:00,566,431,26
2024-09-18 12:00:00,585,475,33
2024-09-18 13:00:00,495,458,24
2024-09-18 14:00:00,566,529,36
2024-09-18 15:00:00,442,523,63
2024-09-18 16:00:00,458,558,101
2024-09-18 17:00:00,424,512,79
2024-09-18 18:00:00,160,548,36
2024-09-18 19:00:00,0,430,20
2024-09-18 20:00:00,6,402,25
2024-09-18 21:00:00,4,457,26
2024-09-18 22:00:00,2,191,3
2024-09-18 23:00:00,1,147,1
2024-09-19 00:00:00,1,99,0
2024-09-19 01:00:00,1,95,0
2024-09-19 02:00:00,0,78,0
2024-09-19 03:00:00,0,39,2
2024-09-19 04:00:00,4,66,1
2024-09-19 05:00:00,58,171,23
2024-09-19 06:00:00,267,452,53
2024-09-19 07:00:00,657,545,57
2024-09-19 08:00:00,585,502,29
2024-09-19 09:00:00,596,431,15
2024-09-19 10:00:00,591,512,18
2024-09-19 11:00:00,640,461,27
2024-09-19 12:00:00,687,471,27
2024-09-19 13:00:00,618,530,29
2024-09-19 14:00:00,670,517,50
2024-09-19 15:00:00,624,540,75
2024-09-19 16:00:00,598,583,69
2024-09-19 17:00:00,470,598,61
2024-09-19 18:00:00,146,535,27
2024-09-19 19:00:00,3,403,14
2024-09-19 20:00:00,2,353,14
2024-09-19 21:00:00,2,457,11
2024-09-19 22:00:00,5,235,11
2024-09-19 23:00:00,3,140,0
2024-09-20 00:00:00,1,94,0
2024-09-20 01:00:00,3,94,1
2024-09-20 02:00:00,1,70,0
2024-09-20 03:00:00,2,44,1
2024-09-20 04:00:00,2,55,0
2024-09-20 05:00:00,50,138,12
2024-09-20 06:00:00,227,452,40
2024-09-20 07:00:00,562,539,38
2024-09-20 08:00:00,556,439,18
2024-09-20 09:00:00,509,437,19
2024-09-20 10:00:00,501,462,21
2024-09-20 11:00:00,559,474,17
2024-09-20 12:00:00,608,490,31
2024-09-20 13:00:00,516,494,30
2024-09-20 14:00:00,430,540,38
2024-09-20 15:00:00,512,548,55
2024-09-20 16:00:00,430,596,51
2024-09-20 17:00:00,338,612,49
2024-09-20 18:00:00,71,499,17
2024-09-20 19:00:00,1,481,12
2024-09-20 20:00:00,1,403,5
2024-09-20 21:00:00,1,515,2
2024-09-20 22:00:00,4,449,2
2024-09-20 23:00:00,5,223,4
2024-09-21 00:00:00,1,156,2
2024-09-21 01:00:00,0,114,1
2024-09-21 02:00:00,0,121,2
2024-09-21 03:00:00,0,79,2
2024-09-21 04:00:00,0,65,0
2024-09-21 05:00:00,7,103,6
2024-09-21 06:00:00,62,219,11
2024-09-21 07:00:00,78,265,3
2024-09-21 08:00:00,107,377,12
2024-09-21 09:00:00,176,496,11
2024-09-21 10:00:00,236,549,13
2024-09-21 11:00:00,281,566,24
2024-09-21 12:00:00,331,644,21
2024-09-21 13:00:00,337,609,22
2024-09-21 14:00:00,285,610,20
2024-09-21 15:00:00,231,633,24
2024-09-21 16:00:00,260,660,36
2024-09-21 17:00:00,262,629,20
2024-09-21 18:00:00,70,480,23
2024-09-21 19:00:00,14,500,22
2024-09-21 20:00:00,2,389,11
2024-09-21 21:00:00,3,545,12
2024-09-21 22:00:00,2,446,11
2024-09-21 23:00:00,0,244,3
2024-09-22 00:00:00,0,160,0
2024-09-22 01:00:00,2,160,3
2024-09-22 02:00:00,2,153,0
2024-09-22 03:00:00,1,92,0
2024-09-22 04:00:00,0,60,0
2024-09-22 05:00:00,0,113,4
2024-09-22 06:00:00,10,150,10
2024-09-22 07:00:00,65,170,7
2024-09-22 08:00:00,3,270,2
2024-09-22 09:00:00,102,404,7
2024-09-22 10:00:00,21,490,8
2024-09-22 11:00:00,134,582,10
2024-09-22 12:00:00,245,542,13
2024-09-22 13:00:00,205,542,11
2024-09-22 14:00:00,261,563,12
2024-09-22 15:00:00,196,595,21
2024-09-22 16:00:00,196,456,16
2024-09-22 17:00:00,213,466,22
2024-09-22 18:00:00,37,402,11
2024-09-22 19:00:00,11,389,11
2024-09-22 20:00:00,4,338,6
2024-09-22 21:00:00,2,375,6
2024-09-22 22:00:00,3,158,0
2024-09-22 23:00:00,2,75,0
2024-09-23 00:00:00,0,55,0
2024-09-23 01:00:00,1,48,1
2024-09-23 02:00:00,0,33,0
2024-09-23 03:00:00,1,29,1
2024-09-23 04:00:00,0,64,0
2024-09-23 05:00:00,4,200,8
2024-09-23 06:00:00,190,513,50
2024-09-23 07:00:00,430,539,49
2024-09-23 08:00:00,435,513,21
2024-09-23 09:00:00,434,490,17
2024-09-23 10:00:00,379,444,9
2024-09-23 11:00:00,419,444,16
2024-09-23 12:00:00,428,465,19
2024-09-23 13:00:00,428,451,21
2024-09-23 14:00:00,554,557,40
2024-09-23 15:00:00,562,530,41
2024-09-23 16:00:00,488,585,55
2024-09-23 17:00:00,277,566,37
2024-09-23 18:00:00,32,468,20
2024-09-23 19:00:00,4,361,5
2024-09-23 20:00:00,5,288,4
2024-09-23 21:00:00,9,244,4
2024-09-23 22:00:00,2,115,3
2024-09-23 23:00:00,0,92,0
2024-09-24 00:00:00,0,78,0
2024-09-24 01:00:00,1,60,0
2024-09-24 02:00:00,0,52,1
2024-09-24 03:00:00,0,38,1
2024-09-24 04:00:00,0,66,2
2024-09-24 05:00:00,20,197,15
2024-09-24 06:00:00,246,513,58
2024-09-24 07:00:00,633,559,48
2024-09-24 08:00:00,525,479,24
2024-09-24 09:00:00,596,450,11
2024-09-24 10:00:00,503,422,18
2024-09-24 11:00:00,653,445,27
2024-09-24 12:00:00,651,441,20
2024-09-24 13:00:00,623,526,39
2024-09-24 14:00:00,773,515,27
2024-09-24 15:00:00,672,537,60
2024-09-24 16:00:00,710,599,100
2024-09-24 17:00:00,481,612,61
2024-09-24 18:00:00,62,481,46
2024-09-24 19:00:00,9,426,25
2024-09-24 20:00:00,16,374,20
2024-09-24 21:00:00,9,354,20
2024-09-24 22:00:00,4,181,5
2024-09-24 23:00:00,0,116,2
2024-09-25 00:00:00,0,81,0
2024-09-25 01:00:00,0,70,1
2024-09-25 02:00:00,0,61,0
2024-09-25 03:00:00,0,44,2
2024-09-25 04:00:00,0,66,1
2024-09-25 05:00:00,33,207,15
2024-09-25 06:00:00,255,504,52
2024-09-25 07:00:00,720,595,58
2024-09-25 08:00:00,489,471,21
2024-09-25 09:00:00,605,424,17
2024-09-25 10:00:00,608,433,15
2024-09-25 11:00:00,566,437,33
2024-09-25 12:00:00,531,459,36
2024-09-25 13:00:00,463,470,36
2024-09-25 14:00:00,418,499,30
2024-09-25 15:00:00,403,510,56
2024-09-25 16:00:00,486,572,91
2024-09-25 17:00:00,348,573,65
2024-09-25 18:00:00,32,505,30
2024-09-25 19:00:00,6,422,17
2024-09-25 20:00:00,2,264,8
2024-09-25 21:00:00,3,380,17
2024-09-25 22:00:00,2,276,5
2024-09-25 23:00:00,3,55,1
2024-09-26 00:00:00,1,46,1
2024-09-26 01:00:00,1,57,0
2024-09-26 02:00:00,0,30,0
2024-09-26 03:00:00,0,24,1
2024-09-26 04:00:00,0,51,0
2024-09-26 05:00:00,20,176,12
2024-09-26 06:00:00,85,471,43
2024-09-26 07:00:00,279,573,55
2024-09-26 08:00:00,89,542,24
2024-09-26 09:00:00,516,418,16
2024-09-26 10:00:00,499,448,32
2024-09-26 11:00:00,562,500,21
2024-09-26 12:00:00,649,469,23
2024-09-26 13:00:00,579,497,19
2024-09-26 14:00:00,616,561,45
2024-09-26 15:00:00,599,551,62
2024-09-26 16:00:00,522,588,75
2024-09-26 17:00:00,368,568,64
2024-09-26 18:00:00,18,560,19
2024-09-26 19:00:00,2,456,18
2024-09-26 20:00:00,11,449,11
2024-09-26 21:00:00,4,515,10
2024-09-26 22:00:00,2,166,2
2024-09-26 23:00:00,1,107,0
2024-09-27 00:00:00,0,76,1
2024-09-27 01:00:00,1,89,1
2024-09-27 02:00:00,0,52,0
2024-09-27 03:00:00,0,39,0
2024-09-27 04:00:00,1,67,0
2024-09-27 05:00:00,8,194,10
2024-09-27 06:00:00,222,440,37
2024-09-27 07:00:00,530,541,42
2024-09-27 08:00:00,549,505,17
2024-09-27 09:00:00,521,463,19
2024-09-27 10:00:00,488,500,16
2024-09-27 11:00:00,575,468,23
2024-09-27 12:00:00,568,495,33
2024-09-27 13:00:00,570,506,25
2024-09-27 14:00:00,411,562,40
2024-09-27 15:00:00,527,577,73
2024-09-27 16:00:00,471,586,57
2024-09-27 17:00:00,359,576,48
2024-09-27 18:00:00,31,609,27
2024-09-27 19:00:00,2,480,18
2024-09-27 20:00:00,6,452,19
2024-09-27 21:00:00,2,589,28
2024-09-27 22:00:00,4,341,7
2024-09-27 23:00:00,0,212,5
2024-09-28 00:00:00,1,145,1
2024-09-28 01:00:00,0,145,0
2024-09-28 02:00:00,1,111,1
2024-09-28 03:00:00,1,89,0
2024-09-28 04:00:00,0,78,0
2024-09-28 05:00:00,1,135,6
2024-09-28 06:00:00,92,196,18
2024-09-28 07:00:00,92,276,10
2024-09-28 08:00:00,78,338,12
2024-09-28 09:00:00,96,453,23
2024-09-28 10:00:00,258,534,28
2024-09-28 11:00:00,291,562,24
2024-09-28 12:00:00,353,601,30
2024-09-28 13:00:00,371,598,24
2024-09-28 14:00:00,349,611,27
2024-09-28 15:00:00,288,635,33
2024-09-28 16:00:00,341,632,39
2024-09-28 17:00:00,237,529,38
2024-09-28 18:00:00,21,439,28
2024-09-28 19:00:00,6,414,14
2024-09-28 20:00:00,19,390,11
2024-09-28 21:00:00,19,496,17
2024-09-28 22:00:00,19,447,13
2024-09-28 23:00:00,6,293,7
2024-09-29 00:00:00,2,189,0
2024-09-29 01:00:00,1,160,1
2024-09-29 02:00:00,1,131,0
2024-09-29 03:00:00,1,93,0
2024-09-29 04:00:00,0,58,1
2024-09-29 05:00:00,11,133,7
2024-09-29 06:00:00,81,149,11
2024-09-29 07:00:00,78,179,7
2024-09-29 08:00:00,129,259,3
2024-09-29 09:00:00,171,420,9
2024-09-29 10:00:00,293,470,8
2024-09-29 11:00:00,261,536,16
2024-09-29 12:00:00,282,561,28
2024-09-29 13:00:00,264,586,12
2024-09-29 14:00:00,332,532,20
2024-09-29 15:00:00,264,566,20
2024-09-29 16:00:00,237,527,29
2024-09-29 17:00:00,103,474,20
2024-09-29 18:00:00,5,448,8
2024-09-29 19:00:00,2,383,8
2024-09-29 20:00:00,2,263,4
2024-09-29 21:00:00,1,269,4
2024-09-29 22:00:00,1,109,2
2024-09-29 23:00:00,0,80,1
2024-09-30 00:00:00,0,49,0
2024-09-30 01:00:00,0,46,0
2024-09-30 02:00:00,0,38,0
2024-09-30 03:00:00,0,27,0
2024-09-30 04:00:00,0,61,0
2024-09-30 05:00:00,4,210,9
2024-09-30 06:00:00,235,496,48
2024-09-30 07:00:00,480,554,59
2024-09-30 08:00:00,458,510,24
2024-09-30 09:00:00,559,399,12
2024-09-30 10:00:00,494,411,24
2024-09-30 11:00:00,597,396,7
2024-09-30 12:00:00,562,413,22
2024-09-30 13:00:00,522,401,18
2024-09-30 14:00:00,664,457,32
2024-09-30 15:00:00,615,443,41
2024-09-30 16:00:00,611,497,89
2024-09-30 17:00:00,411,472,71
2024-09-30 18:00:00,22,425,26
2024-09-30 19:00:00,9,290,12
2024-09-30 20:00:00,11,212,13
2024-09-30 21:00:00,8,308,8
2024-09-30 22:00:00,2,92,2
2024-09-30 23:00:00,1,56,0
2024-10-01 00:00:00,0,39,0
2024-10-01 01:00:00,0,28,0
2024-10-01 02:00:00,0,27,3
2024-10-01 03:00:00,1,16,0
2024-10-01 04:00:00,0,51,0
2024-10-01 05:00:00,7,190,13
2024-10-01 06:00:00,234,462,56
2024-10-01 07:00:00,645,401,49
2024-10-01 08:00:00,494,396,18
2024-10-01 09:00:00,543,396,14
2024-10-01 10:00:00,528,398,14
2024-10-01 11:00:00,622,396,19
2024-10-01 12:00:00,601,427,19
2024-10-01 13:00:00,589,421,23
2024-10-01 14:00:00,641,436,30
2024-10-01 15:00:00,710,513,61
2024-10-01 16:00:00,671,501,97
2024-10-01 17:00:00,458,491,52
2024-10-01 18:00:00,8,474,17
2024-10-01 19:00:00,9,382,28
2024-10-01 20:00:00,7,258,18
2024-10-01 21:00:00,7,315,17
2024-10-01 22:00:00,4,97,1
2024-10-01 23:00:00,0,45,1
2024-10-02 00:00:00,0,46,0
2024-10-02 01:00:00,0,29,0
2024-10-02 02:00:00,0,15,0
2024-10-02 03:00:00,0,19,1
2024-10-02 04:00:00,0,63,1
2024-10-02 05:00:00,5,213,10
2024-10-02 06:00:00,235,439,62
2024-10-02 07:00:00,659,413,51
2024-10-02 08:00:00,510,402,18
2024-10-02 09:00:00,557,391,14
2024-10-02 10:00:00,554,412,14
2024-10-02 11:00:00,597,416,20
2024-10-02 12:00:00,612,420,19
2024-10-02 13:00:00,491,428,32
2024-10-02 14:00:00,510,462,33
2024-10-02 15:00:00,500,469,67
2024-10-02 16:00:00,489,534,85
2024-10-02 17:00:00,342,532,54
2024-10-02 18:00:00,5,457,34
2024-10-02 19:00:00,11,394,27
2024-10-02 20:00:00,0,292,20
2024-10-02 21:00:00,4,316,23
2024-10-02 22:00:00,0,61,0
2024-10-02 23:00:00,0,37,0
2024-10-03 00:00:00,0,13,0
2024-10-03 01:00:00,0,20,0
2024-10-03 02:00:00,0,22,0
2024-10-03 03:00:00,1,10,0
2024-10-03 04:00:00,0,50,0
2024-10-03 05:00:00,3,209,10
2024-10-03 06:00:00,159,451,43
2024-10-03 07:00:00,391,445,57
2024-10-03 08:00:00,139,432,19
2024-10-03 09:00:00,73,399,29
2024-10-03 10:00:00,339,429,68
2024-10-03 11:00:00,528,408,26
2024-10-03 12:00:00,611,422,35
2024-10-03 13:00:00,530,436,29
2024-10-03 14:00:00,514,429,40
2024-10-03 15:00:00,532,464,74
2024-10-03 16:00:00,634,472,94
2024-10-03 17:00:00,360,454,72
2024-10-03 18:00:00,8,458,23
2024-10-03 19:00:00,27,407,32
2024-10-03 20:00:00,9,242,13
2024-10-03 21:00:00,5,442,25
2024-10-03 22:00:00,5,154,13
2024-10-03 23:00:00,1,69,1
2024-10-04 00:00:00,0,37,0
2024-10-04 01:00:00,1,40,0
2024-10-04 02:00:00,0,21,0
2024-10-04 03:00:00,1,44,2
2024-10-04 04:00:00,0,59,0
2024-10-04 05:00:00,5,177,6
2024-10-04 06:00:00,177,388,53
2024-10-04 07:00:00,478,431,43
2024-10-04 08:00:00,157,396,38
2024-10-04 09:00:00,102,371,38
2024-10-04 10:00:00,429,422,42
2024-10-04 11:00:00,585,439,29
2024-10-04 12:00:00,697,400,37
2024-10-04 13:00:00,558,408,22
2024-10-04 14:00:00,678,476,45
2024-10-04 15:00:00,602,479,54
2024-10-04 16:00:00,534,513,69
2024-10-04 17:00:00,225,485,46
2024-10-04 18:00:00,5,445,29
2024-10-04 19:00:00,12,482,21
2024-10-04 20:00:00,9,297,23
2024-10-04 21:00:00,1,325,12
2024-10-04 22:00:00,2,264,7
2024-10-04 23:00:00,3,141,4
2024-10-05 00:00:00,0,74,3
2024-10-05 01:00:00,0,94,0
2024-10-05 02:00:00,1,56,1
2024-10-05 03:00:00,0,48,0
2024-10-05 04:00:00,1,73,0
2024-10-05 05:00:00,2,126,7
2024-10-05 06:00:00,74,209,14
2024-10-05 07:00:00,94,239,8
2024-10-05 08:00:00,78,350,12
2024-10-05 09:00:00,77,478,26
2024-10-05 10:00:00,169,529,22
2024-10-05 11:00:00,257,510,24
2024-10-05 12:00:00,342,497,19
2024-10-05 13:00:00,365,519,27
2024-10-05 14:00:00,272,526,47
2024-10-05 15:00:00,356,543,29
2024-10-05 16:00:00,348,483,22
2024-10-05 17:00:00,223,468,29
2024-10-05 18:00:00,2,468,13
2024-10-05 19:00:00,10,398,13
2024-10-05 20:00:00,2,349,11
2024-10-05 21:00:00,2,497,10
2024-10-05 22:00:00,0,433,8
2024-10-05 23:00:00,2,263,4
2024-10-06 00:00:00,5,172,2
2024-10-06 01:00:00,0,155,0
2024-10-06 02:00:00,0,158,1
2024-10-06 03:00:00,1,138,0
2024-10-06 04:00:00,0,74,0
2024-10-06 05:00:00,3,118,5
2024-10-06 06:00:00,61,157,11
2024-10-06 07:00:00,78,178,10
2024-10-06 08:00:00,109,263,8
2024-10-06 09:00:00,198,406,17
2024-10-06 10:00:00,261,426,13
2024-10-06 11:00:00,344,442,20
2024-10-06 12:00:00,404,477,20
2024-10-06 13:00:00,349,504,22
2024-10-06 14:00:00,294,476,18
2024-10-06 15:00:00,178,526,23
2024-10-06 16:00:00,233,501,30
2024-10-06 17:00:00,137,479,27
2024-10-06 18:00:00,4,415,6
2024-10-06 19:00:00,6,389,8
2024-10-06 20:00:00,1,265,6
2024-10-06 21:00:00,1,344,0
2024-10-06 22:00:00,1,102,2
2024-10-06 23:00:00,0,84,1
2024-10-07 00:00:00,0,44,1
2024-10-07 01:00:00,1,41,0
2024-10-07 02:00:00,0,31,1
2024-10-07 03:00:00,0,25,3
2024-10-07 04:00:00,0,66,0
2024-10-07 05:00:00,13,172,14
2024-10-07 06:00:00,201,466,34
2024-10-07 07:00:00,546,398,18
2024-10-07 08:00:00,134,378,17
2024-10-07 09:00:00,80,382,24
2024-10-07 10:00:00,258,416,74
2024-10-07 11:00:00,559,416,19
2024-10-07 12:00:00,611,446,28
2024-10-07 13:00:00,561,420,29
2024-10-07 14:00:00,625,420,45
2024-10-07 15:00:00,653,461,54
2024-10-07 16:00:00,615,523,59
2024-10-07 17:00:00,302,534,46
2024-10-07 18:00:00,6,446,9
2024-10-07 19:00:00,1,375,10
2024-10-07 20:00:00,0,305,4
2024-10-07 21:00:00,2,324,11
2024-10-07 22:00:00,1,129,3
2024-10-07 23:00:00,1,58,3
2024-10-08 00:00:00,3,61,1
2024-10-08 01:00:00,1,45,0
2024-10-08 02:00:00,7,29,0
2024-10-08 03:00:00,0,35,0
2024-10-08 04:00:00,0,83,0
2024-10-08 05:00:00,3,184,5
2024-10-08 06:00:00,200,445,47
2024-10-08 07:00:00,457,400,60
2024-10-08 08:00:00,381,401,19
2024-10-08 09:00:00,512,354,8
2024-10-08 10:00:00,468,369,40
2024-10-08 11:00:00,562,392,13
2024-10-08 12:00:00,339,409,19
2024-10-08 13:00:00,473,400,24
2024-10-08 14:00:00,510,430,43
2024-10-08 15:00:00,632,480,49
2024-10-08 16:00:00,480,457,93
2024-10-08 17:00:00,220,439,46
2024-10-08 18:00:00,5,449,23
2024-10-08 19:00:00,2,412,22
2024-10-08 20:00:00,1,532,7
2024-10-08 21:00:00,0,372,6
2024-10-08 22:00:00,3,239,2
2024-10-08 23:00:00,0,102,1
2024-10-09 00:00:00,2,86,0
2024-10-09 01:00:00,3,50,0
2024-10-09 02:00:00,0,62,0
2024-10-09 03:00:00,0,36,1
2024-10-09 04:00:00,0,68,1
2024-10-09 05:00:00,2,197,6
2024-10-09 06:00:00,181,439,59
2024-10-09 07:00:00,560,411,53
2024-10-09 08:00:00,497,423,28
2024-10-09 09:00:00,551,386,16
2024-10-09 10:00:00,547,394,19
2024-10-09 11:00:00,599,401,30
2024-10-09 12:00:00,565,414,31
2024-10-09 13:00:00,456,394,23
2024-10-09 14:00:00,514,413,35
2024-10-09 15:00:00,501,426,61
2024-10-09 16:00:00,467,469,79
2024-10-09 17:00:00,235,455,60
2024-10-09 18:00:00,6,506,25
2024-10-09 19:00:00,5,430,20
2024-10-09 20:00:00,6,491,17
2024-10-09 21:00:00,2,484,19
2024-10-09 22:00:00,2,196,6
2024-10-09 23:00:00,2,98,2
2024-10-10 00:00:00,0,107,0
2024-10-10 01:00:00,0,70,1
2024-10-10 02:00:00,1,67,0
2024-10-10 03:00:00,0,59,0
2024-10-10 04:00:00,0,67,0
2024-10-10 05:00:00,2,244,7
2024-10-10 06:00:00,165,458,42
2024-10-10 07:00:00,521,398,40
2024-10-10 08:00:00,470,409,31
2024-10-10 09:00:00,454,384,14
2024-10-10 10:00:00,405,409,30
2024-10-10 11:00:00,462,405,26
2024-10-10 12:00:00,592,409,28
2024-10-10 13:00:00,540,439,22
2024-10-10 14:00:00,634,430,28
2024-10-10 15:00:00,700,462,40
2024-10-10 16:00:00,587,467,83
2024-10-10 17:00:00,257,519,60
2024-10-10 18:00:00,3,500,33
2024-10-10 19:00:00,6,428,12
2024-10-10 20:00:00,5,475,14
2024-10-10 21:00:00,8,380,19
2024-10-10 22:00:00,3,186,10
2024-10-10 23:00:00,1,111,2
2024-10-11 00:00:00,1,69,0
2024-10-11 01:00:00,0,80,1
2024-10-11 02:00:00,0,45,0
2024-10-11 03:00:00,0,43,2
2024-10-11 04:00:00,1,79,1
2024-10-11 05:00:00,7,176,9
2024-10-11 06:00:00,124,399,42
2024-10-11 07:00:00,378,390,40
2024-10-11 08:00:00,260,401,20
2024-10-11 09:00:00,120,421,39
2024-10-11 10:00:00,236,402,54
2024-10-11 11:00:00,566,415,33
2024-10-11 12:00:00,548,461,30
2024-10-11 13:00:00,536,443,29
2024-10-11 14:00:00,599,488,46
2024-10-11 15:00:00,574,489,47
2024-10-11 16:00:00,454,485,64
2024-10-11 17:00:00,182,538,48
2024-10-11 18:00:00,11,528,22
2024-10-11 19:00:00,8,419,17
2024-10-11 20:00:00,23,479,23
2024-10-11 21:00:00,23,452,19
2024-10-11 22:00:00,2,341,11
2024-10-11 23:00:00,2,213,1
2024-10-12 00:00:00,0,160,0
2024-10-12 01:00:00,0,140,0
2024-10-12 02:00:00,0,90,2
2024-10-12 03:00:00,0,81,0
2024-10-12 04:00:00,0,60,0
2024-10-12 05:00:00,1,117,3
2024-10-12 06:00:00,43,193,22
2024-10-12 07:00:00,111,275,9
2024-10-12 08:00:00,157,310,16
2024-10-12 09:00:00,159,470,15
2024-10-12 10:00:00,277,496,18
2024-10-12 11:00:00,276,504,14
2024-10-12 12:00:00,366,503,16
2024-10-12 13:00:00,341,531,20
2024-10-12 14:00:00,149,527,44
2024-10-12 15:00:00,292,519,41
2024-10-12 16:00:00,301,495,23
2024-10-12 17:00:00,103,467,31
2024-10-12 18:00:00,1,458,15
2024-10-12 19:00:00,2,414,12
2024-10-12 20:00:00,12,455,11
2024-10-12 21:00:00,3,447,13
2024-10-12 22:00:00,1,321,7
2024-10-12 23:00:00,1,265,2
2024-10-13 00:00:00,0,191,2
2024-10-13 01:00:00,2,153,0
2024-10-13 02:00:00,1,48,0
2024-10-13 03:00:00,1,81,0
2024-10-13 04:00:00,0,71,0
2024-10-13 05:00:00,1,100,1
2024-10-13 06:00:00,29,157,14
2024-10-13 07:00:00,90,167,6
2024-10-13 08:00:00,116,244,5
2024-10-13 09:00:00,171,371,16
2024-10-13 10:00:00,220,469,15
2024-10-13 11:00:00,228,530,15
2024-10-13 12:00:00,311,509,17
2024-10-13 13:00:00,294,516,19
2024-10-13 14:00:00,251,527,29
2024-10-13 15:00:00,269,514,14
2024-10-13 16:00:00,250,475,21
2024-10-13 17:00:00,71,514,20
2024-10-13 18:00:00,1,450,11
2024-10-13 19:00:00,1,348,13
2024-10-13 20:00:00,6,232,14
2024-10-13 21:00:00,5,206,3
2024-10-13 22:00:00,0,132,2
2024-10-13 23:00:00,4,89,0
2024-10-14 00:00:00,0,52,0
2024-10-14 01:00:00,0,50,0
2024-10-14 02:00:00,0,31,0
2024-10-14 03:00:00,0,35,0
2024-10-14 04:00:00,0,74,0
2024-10-14 05:00:00,0,210,2
2024-10-14 06:00:00,74,438,29
2024-10-14 07:00:00,331,405,36
2024-10-14 08:00:00,498,409,16
2024-10-14 09:00:00,488,410,16
2024-10-14 10:00:00,503,413,7
2024-10-14 11:00:00,491,402,13
2024-10-14 12:00:00,543,411,16
2024-10-14 13:00:00,530,476,9
2024-10-14 14:00:00,591,443,16
2024-10-14 15:00:00,620,507,30
2024-10-14 16:00:00,551,494,40
2024-10-14 17:00:00,95,515,30
2024-10-14 18:00:00,1,428,6
2024-10-14 19:00:00,3,393,4
2024-10-14 20:00:00,3,286,1
2024-10-14 21:00:00,2,392,6
2024-10-14 22:00:00,0,121,3
2024-10-14 23:00:00,1,82,0
2024-10-15 00:00:00,0,68,0
2024-10-15 01:00:00,1,50,0
2024-10-15 02:00:00,0,35,0
2024-10-15 03:00:00,1,19,0
2024-10-15 04:00:00,0,73,0
2024-10-15 05:00:00,0,217,3
2024-10-15 06:00:00,76,466,23
2024-10-15 07:00:00,530,446,31
2024-10-15 08:00:00,482,390,11
2024-10-15 09:00:00,517,375,16
2024-10-15 10:00:00,544,410,8
2024-10-15 11:00:00,603,395,11
2024-10-15 12:00:00,621,445,11
2024-10-15 13:00:00,506,444,15
2024-10-15 14:00:00,600,442,31
2024-10-15 15:00:00,638,498,38
2024-10-15 16:00:00,599,501,92
2024-10-15 17:00:00,239,486,66
2024-10-15 18:00:00,8,491,32
2024-10-15 19:00:00,3,400,22
2024-10-15 20:00:00,0,359,14
2024-10-15 21:00:00,0,339,5
2024-10-15 22:00:00,2,172,3
2024-10-15 23:00:00,0,127,0
2024-10-16 00:00:00,0,77,1
2024-10-16 01:00:00,0,86,0
2024-10-16 02:00:00,1,63,1
2024-10-16 03:00:00,1,33,0
2024-10-16 04:00:00,0,50,1
2024-10-16 05:00:00,1,216,11
2024-10-16 06:00:00,60,466,45
2024-10-16 07:00:00,248,435,55
2024-10-16 08:00:00,447,417,23
2024-10-16 09:00:00,478,397,15
2024-10-16 10:00:00,296,415,22
2024-10-16 11:00:00,433,379,24
2024-10-16 12:00:00,534,429,17
2024-10-16 13:00:00,452,388,23
2024-10-16 14:00:00,499,450,39
2024-10-16 15:00:00,447,484,46
2024-10-16 16:00:00,370,490,114
2024-10-16 17:00:00,61,498,56
2024-10-16 18:00:00,2,497,25
2024-10-16 19:00:00,1,410,15
2024-10-16 20:00:00,25,449,17
2024-10-16 21:00:00,8,270,11
2024-10-16 22:00:00,3,148,4
2024-10-16 23:00:00,1,128,1
2024-10-17 00:00:00,1,88,0
2024-10-17 01:00:00,1,75,0
2024-10-17 02:00:00,0,32,0
2024-10-17 03:00:00,0,39,0
2024-10-17 04:00:00,0,72,0
2024-10-17 05:00:00,0,220,12
2024-10-17 06:00:00,100,439,40
2024-10-17 07:00:00,321,434,44
2024-10-17 08:00:00,432,404,28
2024-10-17 09:00:00,237,388,28
2024-10-17 10:00:00,177,386,82
2024-10-17 11:00:00,495,425,33
2024-10-17 12:00:00,611,412,27
2024-10-17 13:00:00,514,457,25
2024-10-17 14:00:00,414,456,61
2024-10-17 15:00:00,582,476,48
2024-10-17 16:00:00,534,468,83
2024-10-17 17:00:00,197,507,71
2024-10-17 18:00:00,1,516,18
2024-10-17 19:00:00,20,432,34
2024-10-17 20:00:00,7,427,20
2024-10-17 21:00:00,5,317,22
2024-10-17 22:00:00,6,180,8
2024-10-17 23:00:00,0,108,5
2024-10-18 00:00:00,1,77,2
2024-10-18 01:00:00,1,68,0
2024-10-18 02:00:00,0,41,0
2024-10-18 03:00:00,1,48,0
2024-10-18 04:00:00,1,66,1
2024-10-18 05:00:00,7,178,5
2024-10-18 06:00:00,84,413,51
2024-10-18 07:00:00,400,403,59
2024-10-18 08:00:00,393,414,20
2024-10-18 09:00:00,162,389,30
2024-10-18 10:00:00,326,414,47
2024-10-18 11:00:00,503,446,39
2024-10-18 12:00:00,549,452,24
2024-10-18 13:00:00,530,421,30
2024-10-18 14:00:00,609,416,43
2024-10-18 15:00:00,588,506,49
2024-10-18 16:00:00,472,585,65
2024-10-18 17:00:00,9,588,35
2024-10-18 18:00:00,7,540,24
2024-10-18 19:00:00,5,437,21
2024-10-18 20:00:00,4,419,14
2024-10-18 21:00:00,6,453,10
2024-10-18 22:00:00,3,342,5
2024-10-18 23:00:00,2,201,6
2024-10-19 00:00:00,0,152,1
2024-10-19 01:00:00,0,132,0
2024-10-19 02:00:00,0,95,0
2024-10-19 03:00:00,0,71,2
2024-10-19 04:00:00,1,72,0
2024-10-19 05:00:00,1,149,3
2024-10-19 06:00:00,58,191,10
2024-10-19 07:00:00,117,254,6
2024-10-19 08:00:00,87,316,17
2024-10-19 09:00:00,23,470,12
2024-10-19 10:00:00,71,500,38
2024-10-19 11:00:00,231,595,26
2024-10-19 12:00:00,311,584,21
2024-10-19 13:00:00,312,619,23
2024-10-19 14:00:00,187,558,38
2024-10-19 15:00:00,221,588,20
2024-10-19 16:00:00,211,613,27
2024-10-19 17:00:00,41,490,7
2024-10-19 18:00:00,10,479,4
2024-10-19 19:00:00,40,393,9
2024-10-19 20:00:00,6,429,10
2024-10-19 21:00:00,4,409,16
2024-10-19 22:00:00,3,285,8
2024-10-19 23:00:00,5,250,2
2024-10-20 00:00:00,1,178,0
2024-10-20 01:00:00,0,132,1
2024-10-20 02:00:00,4,116,1
2024-10-20 03:00:00,1,139,0
2024-10-20 04:00:00,0,59,1
2024-10-20 05:00:00,0,124,0
2024-10-20 06:00:00,25,157,8
2024-10-20 07:00:00,56,178,6
2024-10-20 08:00:00,85,265,6
2024-10-20 09:00:00,140,398,9
2024-10-20 10:00:00,159,460,14
2024-10-20 11:00:00,158,573,9
2024-10-20 12:00:00,221,491,14
2024-10-20 13:00:00,227,515,13
2024-10-20 14:00:00,279,529,12
2024-10-20 15:00:00,264,544,37
2024-10-20 16:00:00,217,525,25
2024-10-20 17:00:00,45,520,22
2024-10-20 18:00:00,7,404,14
2024-10-20 19:00:00,10,402,18
2024-10-20 20:00:00,11,224,5
2024-10-20 21:00:00,3,261,2
2024-10-20 22:00:00,5,141,6
2024-10-20 23:00:00,1,86,0
2024-10-21 00:00:00,1,57,0
2024-10-21 01:00:00,0,47,0
2024-10-21 02:00:00,0,34,0
2024-10-21 03:00:00,0,27,1
2024-10-21 04:00:00,0,92,0
2024-10-21 05:00:00,8,229,7
2024-10-21 06:00:00,113,505,46
2024-10-21 07:00:00,400,527,62
2024-10-21 08:00:00,404,416,21
2024-10-21 09:00:00,354,407,14
2024-10-21 10:00:00,348,436,18
2024-10-21 11:00:00,410,432,17
2024-10-21 12:00:00,435,434,17
2024-10-21 13:00:00,422,463,22
2024-10-21 14:00:00,495,510,23
2024-10-21 15:00:00,454,534,26
2024-10-21 16:00:00,369,579,78
2024-10-21 17:00:00,69,521,47
2024-10-21 18:00:00,4,482,16
2024-10-21 19:00:00,1,358,24
2024-10-21 20:00:00,2,281,10
2024-10-21 21:00:00,4,227,5
2024-10-21 22:00:00,1,110,0
2024-10-21 23:00:00,3,81,0
2024-10-22 00:00:00,1,51,0
2024-10-22 01:00:00,0,44,0
2024-10-22 02:00:00,0,26,0
2024-10-22 03:00:00,1,32,0
2024-10-22 04:00:00,0,75,0
2024-10-22 05:00:00,1,228,13
2024-10-22 06:00:00,140,522,58
2024-10-22 07:00:00,359,525,63
2024-10-22 08:00:00,421,407,25
2024-10-22 09:00:00,389,453,15
2024-10-22 10:00:00,418,440,13
2024-10-22 11:00:00,482,445,30
2024-10-22 12:00:00,481,434,25
2024-10-22 13:00:00,384,478,26
2024-10-22 14:00:00,355,514,58
2024-10-22 15:00:00,427,543,70
2024-10-22 16:00:00,392,567,67
2024-10-22 17:00:00,60,538,48
2024-10-22 18:00:00,3,479,26
2024-10-22 19:00:00,6,379,15
2024-10-22 20:00:00,11,362,23
2024-10-22 21:00:00,6,301,15
2024-10-22 22:00:00,2,136,3
2024-10-22 23:00:00,0,96,2
2024-10-23 00:00:00,0,63,1
2024-10-23 01:00:00,0,56,0
2024-10-23 02:00:00,1,38,0
2024-10-23 03:00:00,0,36,0
2024-10-23 04:00:00,0,71,1
2024-10-23 05:00:00,3,216,6
2024-10-23 06:00:00,57,512,55
2024-10-23 07:00:00,326,527,64
2024-10-23 08:00:00,348,438,27
2024-10-23 09:00:00,333,429,23
2024-10-23 10:00:00,394,432,12
2024-10-23 11:00:00,448,456,25
2024-10-23 12:00:00,429,470,28
2024-10-23 13:00:00,372,472,31
2024-10-23 14:00:00,338,492,44
2024-10-23 15:00:00,361,540,50
2024-10-23 16:00:00,406,525,82
2024-10-23 17:00:00,36,596,34
2024-10-23 18:00:00,4,486,28
2024-10-23 19:00:00,3,442,20
2024-10-23 20:00:00,0,376,12
2024-10-23 21:00:00,5,374,13
2024-10-23 22:00:00,1,176,4
2024-10-23 23:00:00,1,86,1
2024-10-24 00:00:00,0,94,0
2024-10-24 01:00:00,0,64,0
2024-10-24 02:00:00,0,32,0
2024-10-24 03:00:00,0,30,1
2024-10-24 04:00:00,0,64,0
2024-10-24 05:00:00,3,236,8
2024-10-24 06:00:00,39,463,40
2024-10-24 07:00:00,357,512,53
2024-10-24 08:00:00,384,441,21
2024-10-24 09:00:00,342,392,13
2024-10-24 10:00:00,394,425,13
2024-10-24 11:00:00,443,443,21
2024-10-24 12:00:00,509,472,18
2024-10-24 13:00:00,487,478,28
2024-10-24 14:00:00,494,541,36
2024-10-24 15:00:00,468,504,57
2024-10-24 16:00:00,424,572,78
2024-10-24 17:00:00,14,571,42
2024-10-24 18:00:00,4,485,31
2024-10-24 19:00:00,9,476,27
2024-10-24 20:00:00,24,368,26
2024-10-24 21:00:00,32,426,23
2024-10-24 22:00:00,1,186,9
2024-10-24 23:00:00,1,99,4
2024-10-25 00:00:00,2,89,0
2024-10-25 01:00:00,0,66,0
2024-10-25 02:00:00,2,43,1
2024-10-25 03:00:00,0,38,1
2024-10-25 04:00:00,0,73,1
2024-10-25 05:00:00,1,206,9
2024-10-25 06:00:00,15,403,40
2024-10-25 07:00:00,369,482,53
2024-10-25 08:00:00,362,389,26
2024-10-25 09:00:00,393,442,25
2024-10-25 10:00:00,417,448,17
2024-10-25 11:00:00,438,500,19
2024-10-25 12:00:00,425,518,26
2024-10-25 13:00:00,402,526,23
2024-10-25 14:00:00,345,526,54
2024-10-25 15:00:00,355,536,43
2024-10-25 16:00:00,321,563,54
2024-10-25 17:00:00,37,581,27
2024-10-25 18:00:00,24,534,28
2024-10-25 19:00:00,3,420,20
2024-10-25 20:00:00,5,380,13
2024-10-25 21:00:00,2,513,18
2024-10-25 22:00:00,2,303,10
2024-10-25 23:00:00,1,203,3
2024-10-26 00:00:00,0,173,2
2024-10-26 01:00:00,0,137,2
2024-10-26 02:00:00,1,113,1
2024-10-26 03:00:00,0,95,1
2024-10-26 04:00:00,0,66,0
2024-10-26 05:00:00,1,121,3
2024-10-26 06:00:00,43,211,9
2024-10-26 07:00:00,152,258,7
2024-10-26 08:00:00,271,389,15
2024-10-26 09:00:00,381,482,22
2024-10-26 10:00:00,128,539,31
2024-10-26 11:00:00,693,568,19
2024-10-26 12:00:00,684,626,31
2024-10-26 13:00:00,709,622,26
2024-10-26 14:00:00,392,603,40
2024-10-26 15:00:00,411,595,26
2024-10-26 16:00:00,287,611,38
2024-10-26 17:00:00,22,524,29
2024-10-26 18:00:00,6,464,18
2024-10-26 19:00:00,7,449,13
2024-10-26 20:00:00,1,383,13
2024-10-26 21:00:00,4,435,12
2024-10-26 22:00:00,3,540,9
2024-10-26 23:00:00,0,253,6
2024-10-27 00:00:00,2,204,1
2024-10-27 01:00:00,0,167,4
2024-10-27 02:00:00,0,158,0
2024-10-27 03:00:00,0,123,1
2024-10-27 04:00:00,2,82,0
2024-10-27 05:00:00,0,83,0
2024-10-27 06:00:00,18,112,2
2024-10-27 07:00:00,68,183,8
2024-10-27 08:00:00,84,178,10
2024-10-27 09:00:00,137,312,9
2024-10-27 10:00:00,84,461,17
2024-10-27 11:00:00,187,481,23
2024-10-27 12:00:00,305,563,16
2024-10-27 13:00:00,281,545,27
2024-10-27 14:00:00,167,570,31
2024-10-27 15:00:00,279,588,21
2024-10-27 16:00:00,232,593,28
2024-10-27 17:00:00,12,570,11
2024-10-27 18:00:00,2,451,12
2024-10-27 19:00:00,12,472,12
2024-10-27 20:00:00,5,402,7
2024-10-27 21:00:00,2,230,5
2024-10-27 22:00:00,4,251,4
2024-10-27 23:00:00,0,340,3
2024-10-28 00:00:00,0,93,1
2024-10-28 01:00:00,0,58,0
2024-10-28 02:00:00,0,46,0
2024-10-28 03:00:00,0,32,0
2024-10-28 04:00:00,0,23,1
2024-10-28 05:00:00,0,63,0
2024-10-28 06:00:00,34,190,13
2024-10-28 07:00:00,262,415,45
2024-10-28 08:00:00,523,403,56
2024-10-28 09:00:00,457,381,13
2024-10-28 10:00:00,440,468,22
2024-10-28 11:00:00,518,477,14
2024-10-28 12:00:00,529,435,33
2024-10-28 13:00:00,574,449,35
2024-10-28 14:00:00,459,466,22
2024-10-28 15:00:00,525,506,24
2024-10-28 16:00:00,535,532,35
2024-10-28 17:00:00,33,586,56
2024-10-28 18:00:00,6,532,31
2024-10-28 19:00:00,9,415,18
2024-10-28 20:00:00,3,396,15
2024-10-28 21:00:00,4,265,6
2024-10-28 22:00:00,4,324,7
2024-10-28 23:00:00,4,324,7
2024-10-29 00:00:00,1,84,0
2024-10-29 01:00:00,1,60,0
2024-10-29 02:00:00,1,56,2
2024-10-29 03:00:00,0,62,0
2024-10-29 04:00:00,0,29,1
2024-10-29 05:00:00,0,67,1
2024-10-29 06:00:00,10,189,12
2024-10-29 07:00:00,169,466,53
2024-10-29 08:00:00,320,437,55
2024-10-29 09:00:00,324,365,17
2024-10-29 10:00:00,431,433,21
2024-10-29 11:00:00,546,435,19
2024-10-29 12:00:00,587,475,18
2024-10-29 13:00:00,595,464,21
2024-10-29 14:00:00,546,496,28
2024-10-29 15:00:00,657,523,26
2024-10-29 16:00:00,517,568,57
2024-10-29 17:00:00,9,550,78
2024-10-29 18:00:00,8,530,41
2024-10-29 19:00:00,5,467,24
2024-10-29 20:00:00,4,380,13
2024-10-29 21:00:00,5,309,12
2024-10-29 22:00:00,2,430,9
2024-10-29 23:00:00,0,175,6
2024-10-30 00:00:00,0,89,1
2024-10-30 01:00:00,0,61,0
2024-10-30 02:00:00,0,62,1
2024-10-30 03:00:00,0,62,0
2024-10-30 04:00:00,1,40,0
2024-10-30 05:00:00,0,77,0
2024-10-30 06:00:00,35,197,14
2024-10-30 07:00:00,277,442,59
2024-10-30 08:00:00,582,439,55
2024-10-30 09:00:00,482,387,27
2024-10-30 10:00:00,565,449,16
2024-10-30 11:00:00,585,471,11
2024-10-30 12:00:00,586,453,24
2024-10-30 13:00:00,560,487,29
2024-10-30 14:00:00,535,517,24
2024-10-30 15:00:00,518,504,32
2024-10-30 16:00:00,434,543,70
2024-10-30 17:00:00,132,621,85
2024-10-30 18:00:00,33,528,45
2024-10-30 19:00:00,57,513,28
2024-10-30 20:00:00,21,388,24
2024-10-30 21:00:00,2,370,13
2024-10-30 22:00:00,1,504,9
2024-10-30 23:00:00,2,269,11
2024-10-31 00:00:00,1,130,5
2024-10-31 01:00:00,0,111,1
2024-10-31 02:00:00,1,120,2
2024-10-31 03:00:00,0,70,0
2024-10-31 04:00:00,0,47,2
2024-10-31 05:00:00,0,74,1
2024-10-31 06:00:00,9,163,13
2024-10-31 07:00:00,175,445,47
2024-10-31 08:00:00,486,439,59
2024-10-31 09:00:00,399,414,27
2024-10-31 10:00:00,145,407,19
2024-10-31 11:00:00,282,464,38
2024-10-31 12:00:00,492,476,32
2024-10-31 13:00:00,586,485,29
2024-10-31 14:00:00,562,503,41
2024-10-31 15:00:00,621,515,42
2024-10-31 16:00:00,527,570,55
2024-10-31 17:00:00,15,604,72
2024-10-31 18:00:00,8,536,47
2024-10-31 19:00:00,2,488,21
2024-10-31 20:00:00,6,449,16
2024-10-31 21:00:00,4,356,9
2024-10-31 22:00:00,5,516,12
2024-10-31 23:00:00,1,324,3
2024-11-01 00:00:00,1,208,3
2024-11-01 01:00:00,1,179,1
2024-11-01 02:00:00,0,77,0
2024-11-01 03:00:00,1,39,1
2024-11-01 04:00:00,2,77,2
2024-11-01 05:00:00,2,90,2
2024-11-01 06:00:00,28,190,13
2024-11-01 07:00:00,224,357,34
2024-11-01 08:00:00,469,384,43
2024-11-01 09:00:00,455,399,25
2024-11-01 10:00:00,524,472,12
2024-11-01 11:00:00,523,501,17
2024-11-01 12:00:00,519,491,17
2024-11-01 13:00:00,617,478,28
2024-11-01 14:00:00,495,511,21
2024-11-01 15:00:00,544,527,32
2024-11-01 16:00:00,367,540,47
2024-11-01 17:00:00,11,598,62
2024-11-01 18:00:00,5,581,33
2024-11-01 19:00:00,4,536,23
2024-11-01 20:00:00,6,432,18
2024-11-01 21:00:00,3,359,15
2024-11-01 22:00:00,4,416,27
2024-11-01 23:00:00,5,356,8
2024-11-02 00:00:00,1,206,1
2024-11-02 01:00:00,0,155,2
2024-11-02 02:00:00,1,132,1
2024-11-02 03:00:00,3,145,0
2024-11-02 04:00:00,1,119,1
2024-11-02 05:00:00,3,97,0
2024-11-02 06:00:00,4,160,9
2024-11-02 07:00:00,77,197,14
2024-11-02 08:00:00,134,193,12
2024-11-02 09:00:00,140,347,17
2024-11-02 10:00:00,214,465,15
2024-11-02 11:00:00,255,481,16
2024-11-02 12:00:00,252,568,26
2024-11-02 13:00:00,334,571,27
2024-11-02 14:00:00,346,602,21
2024-11-02 15:00:00,327,597,30
2024-11-02 16:00:00,196,548,31
2024-11-02 17:00:00,3,558,17
2024-11-02 18:00:00,3,436,16
2024-11-02 19:00:00,18,456,22
2024-11-02 20:00:00,18,413,20
2024-11-02 21:00:00,6,339,18
2024-11-02 22:00:00,11,397,18
2024-11-02 23:00:00,2,289,11
2024-11-03 00:00:00,6,219,4
2024-11-03 01:00:00,1,167,2
2024-11-03 02:00:00,0,152,0
2024-11-03 03:00:00,0,164,0
2024-11-03 04:00:00,0,96,2
2024-11-03 05:00:00,1,77,0
2024-11-03 06:00:00,10,114,9
2024-11-03 07:00:00,73,169,13
2024-11-03 08:00:00,88,150,12
2024-11-03 09:00:00,102,275,4
2024-11-03 10:00:00,180,380,9
2024-11-03 11:00:00,230,459,10
2024-11-03 12:00:00,283,591,14
2024-11-03 13:00:00,328,540,22
2024-11-03 14:00:00,278,566,27
2024-11-03 15:00:00,332,534,18
2024-11-03 16:00:00,178,601,29
2024-11-03 17:00:00,9,502,21
2024-11-03 18:00:00,1,460,32
2024-11-03 19:00:00,11,405,13
2024-11-03 20:00:00,29,375,13
2024-11-03 21:00:00,5,219,7
2024-11-03 22:00:00,6,220,8
2024-11-03 23:00:00,0,124,0
2024-11-04 00:00:00,0,82,0
2024-11-04 01:00:00,2,51,0
2024-11-04 02:00:00,0,42,0
2024-11-04 03:00:00,3,27,0
2024-11-04 04:00:00,0,28,0
2024-11-04 05:00:00,2,80,2
2024-11-04 06:00:00,3,201,12
2024-11-04 07:00:00,253,500,58
2024-11-04 08:00:00,527,529,53
2024-11-04 09:00:00,537,398,28
2024-11-04 10:00:00,564,390,9
2024-11-04 11:00:00,519,377,15
2024-11-04 12:00:00,562,388,18
2024-11-04 13:00:00,646,426,27
2024-11-04 14:00:00,576,454,18
2024-11-04 15:00:00,581,494,31
2024-11-04 16:00:00,414,569,56
2024-11-04 17:00:00,6,550,48
2024-11-04 18:00:00,2,547,25
2024-11-04 19:00:00,8,460,19
2024-11-04 20:00:00,7,373,22
2024-11-04 21:00:00,8,266,6
2024-11-04 22:00:00,2,311,11
2024-11-04 23:00:00,1,140,4
2024-11-05 00:00:00,0,83,1
2024-11-05 01:00:00,0,71,0
2024-11-05 02:00:00,1,36,0
2024-11-05 03:00:00,1,54,1
2024-11-05 04:00:00,1,44,2
2024-11-05 05:00:00,1,59,0
2024-11-05 06:00:00,3,210,13
2024-11-05 07:00:00,244,480,45
2024-11-05 08:00:00,617,550,57
2024-11-05 09:00:00,558,423,23
2024-11-05 10:00:00,560,442,14
2024-11-05 11:00:00,540,377,13
2024-11-05 12:00:00,571,429,26
2024-11-05 13:00:00,603,438,29
2024-11-05 14:00:00,580,464,35
2024-11-05 15:00:00,659,470,45
2024-11-05 16:00:00,353,514,74
2024-11-05 17:00:00,6,546,52
2024-11-05 18:00:00,5,438,35
2024-11-05 19:00:00,8,455,18
2024-11-05 20:00:00,1,409,10
2024-11-05 21:00:00,3,388,28
2024-11-05 22:00:00,2,452,15
2024-11-05 23:00:00,1,180,7
2024-11-06 00:00:00,0,92,0
2024-11-06 01:00:00,0,80,0
2024-11-06 02:00:00,1,44,0
2024-11-06 03:00:00,1,48,1
2024-11-06 04:00:00,1,65,1
2024-11-06 05:00:00,1,81,0
2024-11-06 06:00:00,1,230,11
2024-11-06 07:00:00,220,439,63
2024-11-06 08:00:00,571,532,71
2024-11-06 09:00:00,493,456,28
2024-11-06 10:00:00,531,422,12
2024-11-06 11:00:00,509,396,23
2024-11-06 12:00:00,572,403,25
2024-11-06 13:00:00,585,439,34
2024-11-06 14:00:00,524,422,30
2024-11-06 15:00:00,555,478,30
2024-11-06 16:00:00,354,485,74
2024-11-06 17:00:00,16,556,75
2024-11-06 18:00:00,2,562,37
2024-11-06 19:00:00,3,497,29
2024-11-06 20:00:00,4,384,18
2024-11-06 21:00:00,3,362,23
2024-11-06 22:00:00,4,538,29
2024-11-06 23:00:00,0,201,1
2024-11-07 00:00:00,0,131,1
2024-11-07 01:00:00,3,93,0
2024-11-07 02:00:00,2,93,1
2024-11-07 03:00:00,0,63,0
2024-11-07 04:00:00,1,39,0
2024-11-07 05:00:00,1,79,1
2024-11-07 06:00:00,2,220,14
2024-11-07 07:00:00,157,470,64
2024-11-07 08:00:00,516,546,63
2024-11-07 09:00:00,503,431,30
2024-11-07 10:00:00,527,441,18
2024-11-07 11:00:00,483,443,22
2024-11-07 12:00:00,557,416,25
2024-11-07 13:00:00,620,451,25
2024-11-07 14:00:00,549,442,34
2024-11-07 15:00:00,574,484,45
2024-11-07 16:00:00,134,516,52
2024-11-07 17:00:00,8,549,72
2024-11-07 18:00:00,3,532,57
2024-11-07 19:00:00,0,521,31
2024-11-07 20:00:00,0,425,25
2024-11-07 21:00:00,2,351,27
2024-11-07 22:00:00,2,474,24
2024-11-07 23:00:00,3,315,7
2024-11-08 00:00:00,3,107,0
2024-11-08 01:00:00,1,82,1
2024-11-08 02:00:00,0,56,0
2024-11-08 03:00:00,1,53,1
2024-11-08 04:00:00,7,56,0
2024-11-08 05:00:00,2,77,3
2024-11-08 06:00:00,0,191,7
2024-11-08 07:00:00,137,440,48
2024-11-08 08:00:00,501,518,49
2024-11-08 09:00:00,479,434,20
2024-11-08 10:00:00,529,465,17
2024-11-08 11:00:00,512,453,16
2024-11-08 12:00:00,530,491,24
2024-11-08 13:00:00,572,457,39
2024-11-08 14:00:00,502,477,29
2024-11-08 15:00:00,600,487,43
2024-11-08 16:00:00,181,535,53
2024-11-08 17:00:00,6,565,41
2024-11-08 18:00:00,7,544,28
2024-11-08 19:00:00,8,542,15
2024-11-08 20:00:00,3,378,20
2024-11-08 21:00:00,4,350,15
2024-11-08 22:00:00,0,552,11
2024-11-08 23:00:00,5,389,12
2024-11-09 00:00:00,3,223,5
2024-11-09 01:00:00,2,150,0
2024-11-09 02:00:00,6,131,2
2024-11-09 03:00:00,1,112,1
2024-11-09 04:00:00,5,89,1
2024-11-09 05:00:00,0,76,0
2024-11-09 06:00:00,3,140,6
2024-11-09 07:00:00,73,188,15
2024-11-09 08:00:00,115,288,13
2024-11-09 09:00:00,136,321,11
2024-11-09 10:00:00,207,455,8
2024-11-09 11:00:00,249,460,11
2024-11-09 12:00:00,280,515,12
2024-11-09 13:00:00,342,555,19
2024-11-09 14:00:00,324,581,26
2024-11-09 15:00:00,309,538,22
2024-11-09 16:00:00,250,550,29
2024-11-09 17:00:00,8,536,23
2024-11-09 18:00:00,10,517,18
2024-11-09 19:00:00,7,486,18
2024-11-09 20:00:00,2,408,11
2024-11-09 21:00:00,4,311,11
2024-11-09 22:00:00,15,475,14
2024-11-09 23:00:00,4,309,8
2024-11-10 00:00:00,3,227,3
2024-11-10 01:00:00,1,176,0
2024-11-10 02:00:00,2,145,0
2024-11-10 03:00:00,3,102,0
2024-11-10 04:00:00,4,85,0
2024-11-10 05:00:00,1,102,0
2024-11-10 06:00:00,0,246,4
2024-11-10 07:00:00,66,247,14
2024-11-10 08:00:00,88,299,11
2024-11-10 09:00:00,142,402,10
2024-11-10 10:00:00,167,533,18
2024-11-10 11:00:00,293,525,22
2024-11-10 12:00:00,298,538,16
2024-11-10 13:00:00,327,528,15
2024-11-10 14:00:00,350,562,26
2024-11-10 15:00:00,311,569,25
2024-11-10 16:00:00,212,566,34
2024-11-10 17:00:00,5,535,15
2024-11-10 18:00:00,5,493,23
2024-11-10 19:00:00,2,426,16
2024-11-10 20:00:00,6,356,11
2024-11-10 21:00:00,9,243,10
2024-11-10 22:00:00,1,326,8
2024-11-10 23:00:00,4,152,1
2024-11-11 00:00:00,1,84,2
2024-11-11 01:00:00,5,70,0
2024-11-11 02:00:00,0,64,1
2024-11-11 03:00:00,0,29,0
2024-11-11 04:00:00,0,18,1
2024-11-11 05:00:00,0,62,0
2024-11-11 06:00:00,2,220,10
2024-11-11 07:00:00,209,438,48
2024-11-11 08:00:00,549,509,59
2024-11-11 09:00:00,479,440,19
2024-11-11 10:00:00,484,405,17
2024-11-11 11:00:00,475,414,11
2024-11-11 12:00:00,404,416,23
2024-11-11 13:00:00,421,399,39
2024-11-11 14:00:00,297,460,22
2024-11-11 15:00:00,490,476,41
2024-11-11 16:00:00,282,539,73
2024-11-11 17:00:00,15,556,79
2024-11-11 18:00:00,28,538,47
2024-11-11 19:00:00,54,441,37
2024-11-11 20:00:00,12,355,17
2024-11-11 21:00:00,2,281,5
2024-11-11 22:00:00,6,436,11
2024-11-11 23:00:00,1,152,5
2024-11-12 00:00:00,4,75,3
2024-11-12 01:00:00,1,52,1
2024-11-12 02:00:00,0,49,0
2024-11-12 03:00:00,3,55,0
2024-11-12 04:00:00,1,23,3
2024-11-12 05:00:00,0,70,3
2024-11-12 06:00:00,4,220,9
2024-11-12 07:00:00,212,473,53
2024-11-12 08:00:00,605,549,67
2024-11-12 09:00:00,523,434,20
2024-11-12 10:00:00,582,384,11
2024-11-12 11:00:00,534,420,11
2024-11-12 12:00:00,570,434,9
2024-11-12 13:00:00,526,423,37
2024-11-12 14:00:00,576,464,25
2024-11-12 15:00:00,670,490,36
2024-11-12 16:00:00,360,486,74
2024-11-12 17:00:00,18,555,71
2024-11-12 18:00:00,18,550,55
2024-11-12 19:00:00,0,455,39
2024-11-12 20:00:00,3,375,16
2024-11-12 21:00:00,2,348,13
2024-11-12 22:00:00,1,385,16
2024-11-12 23:00:00,2,272,4
2024-11-13 00:00:00,2,71,4
2024-11-13 01:00:00,1,83,0
2024-11-13 02:00:00,2,47,0
2024-11-13 03:00:00,3,37,0
2024-11-13 04:00:00,0,30,2
2024-11-13 05:00:00,3,74,1
2024-11-13 06:00:00,1,208,12
2024-11-13 07:00:00,191,473,57
2024-11-13 08:00:00,574,540,65
2024-11-13 09:00:00,490,455,32
2024-11-13 10:00:00,219,391,24
2024-11-13 11:00:00,288,409,40
2024-11-13 12:00:00,433,436,36
2024-11-13 13:00:00,483,450,34
2024-11-13 14:00:00,392,451,39
2024-11-13 15:00:00,517,465,41
2024-11-13 16:00:00,283,509,71
2024-11-13 17:00:00,10,573,73
2024-11-13 18:00:00,3,565,58
2024-11-13 19:00:00,6,504,46
2024-11-13 20:00:00,3,531,25
2024-11-13 21:00:00,2,502,16
2024-11-13 22:00:00,0,485,22
2024-11-13 23:00:00,1,332,10
2024-11-14 00:00:00,1,133,0
2024-11-14 01:00:00,1,108,1
2024-11-14 02:00:00,0,96,0
2024-11-14 03:00:00,0,84,0
2024-11-14 04:00:00,2,66,1
2024-11-14 05:00:00,1,70,1
2024-11-14 06:00:00,1,241,8
2024-11-14 07:00:00,179,510,47
2024-11-14 08:00:00,571,518,47
2024-11-14 09:00:00,516,453,24
2024-11-14 10:00:00,525,421,13
2024-11-14 11:00:00,286,459,30
2024-11-14 12:00:00,503,429,35
2024-11-14 13:00:00,633,472,25
2024-11-14 14:00:00,630,469,24
2024-11-14 15:00:00,601,496,38
2024-11-14 16:00:00,246,510,82
2024-11-14 17:00:00,5,560,87
2024-11-14 18:00:00,5,596,58
2024-11-14 19:00:00,14,597,31
2024-11-14 20:00:00,4,532,26
2024-11-14 21:00:00,5,454,14
2024-11-14 22:00:00,4,492,30
2024-11-14 23:00:00,5,450,12
2024-11-15 00:00:00,3,137,3
2024-11-15 01:00:00,0,113,2
2024-11-15 02:00:00,7,99,0
2024-11-15 03:00:00,0,71,0
2024-11-15 04:00:00,2,62,2
2024-11-15 05:00:00,0,80,0
2024-11-15 06:00:00,4,190,8
2024-11-15 07:00:00,190,449,52
2024-11-15 08:00:00,544,509,45
2024-11-15 09:00:00,459,488,17
2024-11-15 10:00:00,529,483,14
2024-11-15 11:00:00,458,470,27
2024-11-15 12:00:00,463,510,42
2024-11-15 13:00:00,555,476,29
2024-11-15 14:00:00,512,520,31
2024-11-15 15:00:00,559,496,47
2024-11-15 16:00:00,337,570,64
2024-11-15 17:00:00,11,650,33
2024-11-15 18:00:00,3,655,24
2024-11-15 19:00:00,8,640,20
2024-11-15 20:00:00,3,493,13
2024-11-15 21:00:00,3,442,17
2024-11-15 22:00:00,5,488,17
2024-11-15 23:00:00,4,519,8
2024-11-16 00:00:00,1,281,1
2024-11-16 01:00:00,4,191,0
2024-11-16 02:00:00,4,176,0
2024-11-16 03:00:00,1,146,1
2024-11-16 04:00:00,0,103,1
2024-11-16 05:00:00,0,76,0
2024-11-16 06:00:00,1,137,5
2024-11-16 07:00:00,71,217,13
2024-11-16 08:00:00,113,270,7
2024-11-16 09:00:00,173,345,13
2024-11-16 10:00:00,228,456,13
2024-11-16 11:00:00,271,481,13
2024-11-16 12:00:00,295,585,21
2024-11-16 13:00:00,368,557,30
2024-11-16 14:00:00,324,588,19
2024-11-16 15:00:00,371,547,18
2024-11-16 16:00:00,165,549,32
2024-11-16 17:00:00,17,567,25
2024-11-16 18:00:00,0,516,14
2024-11-16 19:00:00,2,504,12
2024-11-16 20:00:00,2,404,16
2024-11-16 21:00:00,2,397,11
2024-11-16 22:00:00,2,560,18
2024-11-16 23:00:00,0,432,7
2024-11-17 00:00:00,2,259,2
2024-11-17 01:00:00,5,168,2
2024-11-17 02:00:00,3,141,0
2024-11-17 03:00:00,1,108,1
2024-11-17 04:00:00,1,105,1
2024-11-17 05:00:00,1,80,0
2024-11-17 06:00:00,1,121,4
2024-11-17 07:00:00,54,146,8
2024-11-17 08:00:00,97,176,5
2024-11-17 09:00:00,116,238,12
2024-11-17 10:00:00,192,414,18
2024-11-17 11:00:00,243,434,14
2024-11-17 12:00:00,339,550,27
2024-11-17 13:00:00,364,559,13
2024-11-17 14:00:00,353,564,15
2024-11-17 15:00:00,306,570,14
2024-11-17 16:00:00,172,567,20
2024-11-17 17:00:00,2,598,5
2024-11-17 18:00:00,3,447,13
2024-11-17 19:00:00,2,417,12
2024-11-17 20:00:00,4,372,21
2024-11-17 21:00:00,1,247,3
2024-11-17 22:00:00,1,241,7
2024-11-17 23:00:00,0,140,3
2024-11-18 00:00:00,0,63,0
2024-11-18 01:00:00,0,56,0
2024-11-18 02:00:00,0,50,0
2024-11-18 03:00:00,0,35,0
2024-11-18 04:00:00,2,27,1
2024-11-18 05:00:00,1,58,1
2024-11-18 06:00:00,2,208,7
2024-11-18 07:00:00,105,507,53
2024-11-18 08:00:00,415,540,71
2024-11-18 09:00:00,520,436,25
2024-11-18 10:00:00,567,459,20
2024-11-18 11:00:00,526,425,15
2024-11-18 12:00:00,553,453,20
2024-11-18 13:00:00,560,431,14
2024-11-18 14:00:00,532,452,27
2024-11-18 15:00:00,477,459,35
2024-11-18 16:00:00,36,515,38
2024-11-18 17:00:00,4,576,66
2024-11-18 18:00:00,6,564,28
2024-11-18 19:00:00,4,481,16
2024-11-18 20:00:00,1,383,13
2024-11-18 21:00:00,1,367,8
2024-11-18 22:00:00,2,288,5
2024-11-18 23:00:00,1,156,0
2024-11-19 00:00:00,0,90,0
2024-11-19 01:00:00,0,59,1
2024-11-19 02:00:00,1,44,1
2024-11-19 03:00:00,0,33,0
2024-11-19 04:00:00,0,25,1
2024-11-19 05:00:00,0,73,0
2024-11-19 06:00:00,1,248,5
2024-11-19 07:00:00,30,477,41
2024-11-19 08:00:00,506,512,62
2024-11-19 09:00:00,410,460,28
2024-11-19 10:00:00,484,403,13
2024-11-19 11:00:00,481,416,13
2024-11-19 12:00:00,495,407,13
2024-11-19 13:00:00,519,469,12
2024-11-19 14:00:00,540,456,13
2024-11-19 15:00:00,544,504,29
2024-11-19 16:00:00,212,530,43
2024-11-19 17:00:00,9,563,62
2024-11-19 18:00:00,7,561,38
2024-11-19 19:00:00,2,471,25
2024-11-19 20:00:00,2,399,15
2024-11-19 21:00:00,3,326,8
2024-11-19 22:00:00,0,376,5
2024-11-19 23:00:00,1,142,2
2024-11-20 00:00:00,0,78,0
2024-11-20 01:00:00,2,64,0
2024-11-20 02:00:00,0,41,0
2024-11-20 03:00:00,2,41,1
2024-11-20 04:00:00,0,26,1
2024-11-20 05:00:00,0,38,0
2024-11-20 06:00:00,1,177,7
2024-11-20 07:00:00,105,485,50
2024-11-20 08:00:00,590,490,55
2024-11-20 09:00:00,447,453,14
2024-11-20 10:00:00,440,410,13
2024-11-20 11:00:00,430,439,15
2024-11-20 12:00:00,389,495,30
2024-11-20 13:00:00,444,503,27
2024-11-20 14:00:00,380,491,22
2024-11-20 15:00:00,513,473,34
2024-11-20 16:00:00,133,556,36
2024-11-20 17:00:00,9,603,69
2024-11-20 18:00:00,4,569,35
2024-11-20 19:00:00,11,516,26
2024-11-20 20:00:00,5,441,19
2024-11-20 21:00:00,3,424,16
2024-11-20 22:00:00,4,542,16
2024-11-20 23:00:00,0,241,5
2024-11-21 00:00:00,0,117,2
2024-11-21 01:00:00,1,93,0
2024-11-21 02:00:00,1,80,0
2024-11-21 03:00:00,0,67,0
2024-11-21 04:00:00,1,39,1
2024-11-21 05:00:00,0,62,1
2024-11-21 06:00:00,0,192,11
2024-11-21 07:00:00,114,475,38
2024-11-21 08:00:00,512,532,53
2024-11-21 09:00:00,522,435,28
2024-11-21 10:00:00,548,435,11
2024-11-21 11:00:00,505,463,21
2024-11-21 12:00:00,521,460,13
2024-11-21 13:00:00,454,460,46
2024-11-21 14:00:00,335,466,47
2024-11-21 15:00:00,506,495,46
2024-11-21 16:00:00,231,523,67
2024-11-21 17:00:00,9,578,32
2024-11-21 18:00:00,2,591,24
2024-11-21 19:00:00,5,571,35
2024-11-21 20:00:00,2,463,21
2024-11-21 21:00:00,7,400,20
2024-11-21 22:00:00,2,471,19
2024-11-21 23:00:00,3,265,8
2024-11-22 00:00:00,2,111,1
2024-11-22 01:00:00,0,84,0
2024-11-22 02:00:00,0,61,0
2024-11-22 03:00:00,0,29,0
2024-11-22 04:00:00,0,27,1
2024-11-22 05:00:00,0,60,1
2024-11-22 06:00:00,1,176,9
2024-11-22 07:00:00,107,425,62
2024-11-22 08:00:00,469,557,59
2024-11-22 09:00:00,480,447,29
2024-11-22 10:00:00,268,455,31
2024-11-22 11:00:00,149,477,121
2024-11-22 12:00:00,378,517,63
2024-11-22 13:00:00,548,465,41
2024-11-22 14:00:00,530,485,43
2024-11-22 15:00:00,624,513,41
2024-11-22 16:00:00,243,561,87
2024-11-22 17:00:00,18,565,51
2024-11-22 18:00:00,11,580,23
2024-11-22 19:00:00,4,495,22
2024-11-22 20:00:00,9,469,15
2024-11-22 21:00:00,5,352,14
2024-11-22 22:00:00,1,512,21
2024-11-22 23:00:00,6,480,3
2024-11-23 00:00:00,8,214,4
2024-11-23 01:00:00,2,149,1
2024-11-23 02:00:00,1,130,0
2024-11-23 03:00:00,1,88,0
2024-11-23 04:00:00,0,67,2
2024-11-23 05:00:00,0,68,0
2024-11-23 06:00:00,1,122,1
2024-11-23 07:00:00,21,208,7
2024-11-23 08:00:00,118,254,7
2024-11-23 09:00:00,155,331,8
2024-11-23 10:00:00,193,481,11
2024-11-23 11:00:00,256,519,11
2024-11-23 12:00:00,239,570,14
2024-11-23 13:00:00,250,553,13
2024-11-23 14:00:00,209,576,13
2024-11-23 15:00:00,222,569,14
2024-11-23 16:00:00,4,580,5
2024-11-23 17:00:00,1,564,7
2024-11-23 18:00:00,11,458,16
2024-11-23 19:00:00,3,477,17
2024-11-23 20:00:00,4,369,2
2024-11-23 21:00:00,2,358,4
2024-11-23 22:00:00,6,438,8
2024-11-23 23:00:00,14,368,3
2024-11-24 00:00:00,4,213,1
2024-11-24 01:00:00,0,160,2
2024-11-24 02:00:00,0,148,0
2024-11-24 03:00:00,0,129,0
2024-11-24 04:00:00,1,117,0
2024-11-24 05:00:00,0,71,0
2024-11-24 06:00:00,0,122,1
2024-11-24 07:00:00,3,135,4
2024-11-24 08:00:00,56,151,10
2024-11-24 09:00:00,89,255,5
2024-11-24 10:00:00,113,441,3
2024-11-24 11:00:00,178,491,5
2024-11-24 12:00:00,168,555,8
2024-11-24 13:00:00,217,540,5
2024-11-24 14:00:00,205,591,15
2024-11-24 15:00:00,164,522,26
2024-11-24 16:00:00,2,524,8
2024-11-24 17:00:00,0,524,9
2024-11-24 18:00:00,0,388,1
2024-11-24 19:00:00,0,414,3
2024-11-24 20:00:00,0,308,1
2024-11-24 21:00:00,1,222,1
2024-11-24 22:00:00,2,257,0
2024-11-24 23:00:00,1,170,0
2024-11-25 00:00:00,1,89,0
2024-11-25 01:00:00,0,50,0
2024-11-25 02:00:00,0,30,0
2024-11-25 03:00:00,0,43,0
2024-11-25 04:00:00,0,31,0
2024-11-25 05:00:00,0,59,0
2024-11-25 06:00:00,1,221,12
2024-11-25 07:00:00,32,442,36
2024-11-25 08:00:00,221,501,58
2024-11-25 09:00:00,384,487,28
2024-11-25 10:00:00,423,397,12
2024-11-25 11:00:00,154,468,63
2024-11-25 12:00:00,312,473,74
2024-11-25 13:00:00,581,471,27
2024-11-25 14:00:00,451,440,36
2024-11-25 15:00:00,478,496,32
2024-11-25 16:00:00,174,516,34
2024-11-25 17:00:00,7,515,24
2024-11-25 18:00:00,17,556,24
2024-11-25 19:00:00,5,519,9
2024-11-25 20:00:00,14,453,5
2024-11-25 21:00:00,7,319,10
2024-11-25 22:00:00,1,289,4
2024-11-25 23:00:00,3,183,1
2024-11-26 00:00:00,0,90,2
2024-11-26 01:00:00,1,64,1
2024-11-26 02:00:00,0,52,1
2024-11-26 03:00:00,0,51,0
2024-11-26 04:00:00,0,51,3
2024-11-26 05:00:00,3,73,0
2024-11-26 06:00:00,1,229,8
2024-11-26 07:00:00,54,495,58
2024-11-26 08:00:00,255,524,81
2024-11-26 09:00:00,331,479,28
2024-11-26 10:00:00,156,411,18
2024-11-26 11:00:00,120,417,43
2024-11-26 12:00:00,182,445,85
2024-11-26 13:00:00,432,460,44
2024-11-26 14:00:00,579,497,26
2024-11-26 15:00:00,592,499,40
2024-11-26 16:00:00,171,536,46
2024-11-26 17:00:00,18,550,85
2024-11-26 18:00:00,18,540,35
2024-11-26 19:00:00,7,587,22
2024-11-26 20:00:00,2,408,15
2024-11-26 21:00:00,0,368,11
2024-11-26 22:00:00,0,366,7
2024-11-26 23:00:00,0,188,4
2024-11-27 00:00:00,0,89,1
2024-11-27 01:00:00,0,66,0
2024-11-27 02:00:00,0,67,0
2024-11-27 03:00:00,0,68,0
2024-11-27 04:00:00,0,46,1
2024-11-27 05:00:00,1,81,0
2024-11-27 06:00:00,20,216,12
2024-11-27 07:00:00,165,502,42
2024-11-27 08:00:00,536,544,52
2024-11-27 09:00:00,565,424,20
2024-11-27 10:00:00,557,456,14
2024-11-27 11:00:00,478,451,16
2024-11-27 12:00:00,549,423,20
2024-11-27 13:00:00,603,462,31
2024-11-27 14:00:00,552,442,25
2024-11-27 15:00:00,551,482,38
2024-11-27 16:00:00,353,513,58
2024-11-27 17:00:00,369,543,20
2024-11-27 18:00:00,161,571,9
2024-11-27 19:00:00,145,561,6
2024-11-27 20:00:00,214,374,3
2024-11-27 21:00:00,111,265,8
2024-11-27 22:00:00,61,384,2
2024-11-27 23:00:00,46,281,3
2024-11-28 00:00:00,14,119,1
2024-11-28 01:00:00,12,85,1
2024-11-28 02:00:00,9,102,0
2024-11-28 03:00:00,9,76,0
2024-11-28 04:00:00,3,43,0
2024-11-28 05:00:00,5,58,0
2024-11-28 06:00:00,18,197,6
2024-11-28 07:00:00,184,490,37
2024-11-28 08:00:00,541,576,57
2024-11-28 09:00:00,543,484,20
2024-11-28 10:00:00,535,434,7
2024-11-28 11:00:00,537,460,16
2024-11-28 12:00:00,571,469,19
2024-11-28 13:00:00,634,522,22
2024-11-28 14:00:00,601,460,16
2024-11-28 15:00:00,683,496,40
2024-11-28 16:00:00,486,533,54
2024-11-28 17:00:00,462,565,76
2024-11-28 18:00:00,126,568,51
2024-11-28 19:00:00,193,598,25
2024-11-28 20:00:00,139,480,27
2024-11-28 21:00:00,96,381,15
2024-11-28 22:00:00,43,535,22
2024-11-28 23:00:00,43,362,5
2024-11-29 00:00:00,33,134,0
2024-11-29 01:00:00,26,100,0
2024-11-29 02:00:00,20,76,2
2024-11-29 03:00:00,12,50,0
2024-11-29 04:00:00,10,32,0
2024-11-29 05:00:00,18,81,0
2024-11-29 06:00:00,26,207,7
2024-11-29 07:00:00,179,429,55
2024-11-29 08:00:00,480,537,51
2024-11-29 09:00:00,533,456,21
2024-11-29 10:00:00,563,460,18
2024-11-29 11:00:00,554,442,16
2024-11-29 12:00:00,565,484,30
2024-11-29 13:00:00,658,461,15
2024-11-29 14:00:00,583,477,29
2024-11-29 15:00:00,655,535,38
2024-11-29 16:00:00,475,543,46
2024-11-29 17:00:00,409,575,53
2024-11-29 18:00:00,196,599,37
2024-11-29 19:00:00,191,534,20
2024-11-29 20:00:00,57,447,12
2024-11-29 21:00:00,126,381,7
2024-11-29 22:00:00,97,454,8
2024-11-29 23:00:00,71,407,8
2024-11-30 00:00:00,47,232,2
2024-11-30 01:00:00,29,155,3
2024-11-30 02:00:00,38,128,1
2024-11-30 03:00:00,24,119,1
2024-11-30 04:00:00,8,81,1
2024-11-30 05:00:00,5,76,0
2024-11-30 06:00:00,8,123,5
2024-11-30 07:00:00,63,217,15
2024-11-30 08:00:00,111,278,9
2024-11-30 09:00:00,142,340,12
2024-11-30 10:00:00,240,478,20
2024-11-30 11:00:00,308,498,14
2024-11-30 12:00:00,304,531,14
2024-11-30 13:00:00,382,532,18
2024-11-30 14:00:00,368,591,22
2024-11-30 15:00:00,409,549,18
2024-11-30 16:00:00,265,570,38
2024-11-30 17:00:00,224,590,18
2024-11-30 18:00:00,163,538,17
2024-11-30 19:00:00,143,502,19
2024-11-30 20:00:00,152,419,20
2024-11-30 21:00:00,112,314,15
2024-11-30 22:00:00,110,586,16
2024-11-30 23:00:00,64,410,11
2024-12-01 00:00:00,78,303,3
2024-12-01 01:00:00,33,166,1
2024-12-01 02:00:00,5,157,2
2024-12-01 03:00:00,2,120,1
2024-12-01 04:00:00,0,100,0
2024-12-01 05:00:00,2,93,0
2024-12-01 06:00:00,27,110,5
2024-12-01 07:00:00,40,162,7
2024-12-01 08:00:00,91,199,9
2024-12-01 09:00:00,124,308,5
2024-12-01 10:00:00,236,427,6
2024-12-01 11:00:00,234,496,10
2024-12-01 12:00:00,300,501,17
2024-12-01 13:00:00,329,526,18
2024-12-01 14:00:00,364,528,7
2024-12-01 15:00:00,358,525,18
2024-12-01 16:00:00,244,558,38
2024-12-01 17:00:00,146,458,34
2024-12-01 18:00:00,21,444,16
2024-12-01 19:00:00,118,417,19
2024-12-01 20:00:00,114,363,16
2024-12-01 21:00:00,84,286,7
2024-12-01 22:00:00,75,212,6
2024-12-01 23:00:00,32,108,3
2024-12-02 00:00:00,7,83,0
2024-12-02 01:00:00,3,50,0
2024-12-02 02:00:00,7,46,1
2024-12-02 03:00:00,4,52,0
2024-12-02 04:00:00,7,30,0
2024-12-02 05:00:00,9,81,1
2024-12-02 06:00:00,26,190,7
2024-12-02 07:00:00,229,485,48
2024-12-02 08:00:00,470,551,47
2024-12-02 09:00:00,482,461,21
2024-12-02 10:00:00,473,445,13
2024-12-02 11:00:00,518,435,15
2024-12-02 12:00:00,493,434,8
2024-12-02 13:00:00,495,450,19
2024-12-02 14:00:00,566,479,28
2024-12-02 15:00:00,579,501,27
2024-12-02 16:00:00,408,513,54
2024-12-02 17:00:00,186,568,74
2024-12-02 18:00:00,156,536,49
2024-12-02 19:00:00,33,524,25
2024-12-02 20:00:00,60,368,12
2024-12-02 21:00:00,68,376,7
2024-12-02 22:00:00,77,271,4
2024-12-02 23:00:00,55,128,1
2024-12-03 00:00:00,26,96,2
2024-12-03 01:00:00,13,53,0
2024-12-03 02:00:00,8,44,1
2024-12-03 03:00:00,11,44,0
2024-12-03 04:00:00,11,37,1
2024-12-03 05:00:00,19,59,0
2024-12-03 06:00:00,35,210,5
2024-12-03 07:00:00,222,529,48
2024-12-03 08:00:00,542,566,78
2024-12-03 09:00:00,476,471,17
2024-12-03 10:00:00,447,396,22
2024-12-03 11:00:00,431,383,10
2024-12-03 12:00:00,497,462,21
2024-12-03 13:00:00,562,420,21
2024-12-03 14:00:00,548,411,28
2024-12-03 15:00:00,607,496,37
2024-12-03 16:00:00,358,523,49
2024-12-03 17:00:00,236,549,84
2024-12-03 18:00:00,236,526,49
2024-12-03 19:00:00,228,509,37
2024-12-03 20:00:00,89,366,20
2024-12-03 21:00:00,49,337,11
2024-12-03 22:00:00,70,397,19
2024-12-03 23:00:00,39,134,1
2024-12-04 00:00:00,8,78,1
2024-12-04 01:00:00,10,82,0
2024-12-04 02:00:00,8,65,0
2024-12-04 03:00:00,13,59,0
2024-12-04 04:00:00,6,30,1
2024-12-04 05:00:00,13,66,0
2024-12-04 06:00:00,61,195,7
2024-12-04 07:00:00,233,488,53
2024-12-04 08:00:00,512,531,65
2024-12-04 09:00:00,455,473,24
2024-12-04 10:00:00,485,472,16
2024-12-04 11:00:00,466,415,14
2024-12-04 12:00:00,474,439,28
2024-12-04 13:00:00,490,470,27
2024-12-04 14:00:00,504,436,26
2024-12-04 15:00:00,570,499,30
2024-12-04 16:00:00,299,529,40
2024-12-04 17:00:00,131,545,46
2024-12-04 18:00:00,124,572,52
2024-12-04 19:00:00,25,491,21
2024-12-04 20:00:00,1,439,13
2024-12-04 21:00:00,16,444,25
2024-12-04 22:00:00,82,399,17
2024-12-04 23:00:00,12,220,3
2024-12-05 00:00:00,6,127,1
2024-12-05 01:00:00,0,80,0
2024-12-05 02:00:00,3,106,1
2024-12-05 03:00:00,3,56,0
2024-12-05 04:00:00,1,41,0
2024-12-05 05:00:00,2,78,1
2024-12-05 06:00:00,16,213,8
2024-12-05 07:00:00,119,462,26
2024-12-05 08:00:00,484,544,55
2024-12-05 09:00:00,477,468,20
2024-12-05 10:00:00,439,457,14
2024-12-05 11:00:00,421,448,21
2024-12-05 12:00:00,439,463,16
2024-12-05 13:00:00,511,434,32
2024-12-05 14:00:00,416,467,22
2024-12-05 15:00:00,468,449,38
2024-12-05 16:00:00,261,575,48
2024-12-05 17:00:00,17,546,29
2024-12-05 18:00:00,50,577,35
2024-12-05 19:00:00,186,598,30
2024-12-05 20:00:00,132,423,17
2024-12-05 21:00:00,107,392,18
2024-12-05 22:00:00,93,457,11
2024-12-05 23:00:00,72,251,4
2024-12-06 00:00:00,46,153,2
2024-12-06 01:00:00,15,113,7
2024-12-06 02:00:00,6,89,0
2024-12-06 03:00:00,6,68,0
2024-12-06 04:00:00,2,35,2
2024-12-06 05:00:00,6,69,1
2024-12-06 06:00:00,29,191,11
2024-12-06 07:00:00,150,437,30
2024-12-06 08:00:00,461,541,46
2024-12-06 09:00:00,447,429,14
2024-12-06 10:00:00,476,460,14
2024-12-06 11:00:00,424,460,19
2024-12-06 12:00:00,487,494,24
2024-12-06 13:00:00,519,451,27
2024-12-06 14:00:00,444,505,23
2024-12-06 15:00:00,569,502,44
2024-12-06 16:00:00,102,534,42
2024-12-06 17:00:00,238,612,52
2024-12-06 18:00:00,143,593,29
2024-12-06 19:00:00,8,565,18
2024-12-06 20:00:00,6,449,9
2024-12-06 21:00:00,4,429,5
2024-12-06 22:00:00,14,489,10
2024-12-06 23:00:00,13,367,11
2024-12-07 00:00:00,13,279,2
2024-12-07 01:00:00,14,177,1
2024-12-07 02:00:00,4,124,1
2024-12-07 03:00:00,12,98,0
2024-12-07 04:00:00,11,72,0
2024-12-07 05:00:00,8,64,0
2024-12-07 06:00:00,9,90,2
2024-12-07 07:00:00,52,209,9
2024-12-07 08:00:00,84,221,3
2024-12-07 09:00:00,110,210,4
2024-12-07 10:00:00,150,319,5
2024-12-07 11:00:00,182,400,7
2024-12-07 12:00:00,232,437,9
2024-12-07 13:00:00,279,501,9
2024-12-07 14:00:00,298,488,8
2024-12-07 15:00:00,287,466,17
2024-12-07 16:00:00,232,536,19
2024-12-07 17:00:00,198,503,17
2024-12-07 18:00:00,192,474,14
2024-12-07 19:00:00,155,465,13
2024-12-07 20:00:00,97,382,17
2024-12-07 21:00:00,60,438,10
2024-12-07 22:00:00,72,572,6
2024-12-07 23:00:00,77,419,8
2024-12-08 00:00:00,52,285,2
2024-12-08 01:00:00,36,173,1
2024-12-08 02:00:00,32,163,0
2024-12-08 03:00:00,38,118,0
2024-12-08 04:00:00,12,94,1
2024-12-08 05:00:00,7,70,0
2024-12-08 06:00:00,37,129,5
2024-12-08 07:00:00,64,166,9
2024-12-08 08:00:00,83,174,4
2024-12-08 09:00:00,132,267,4
2024-12-08 10:00:00,182,408,10
2024-12-08 11:00:00,232,429,10
2024-12-08 12:00:00,270,536,10
2024-12-08 13:00:00,298,546,11
2024-12-08 14:00:00,324,550,11
2024-12-08 15:00:00,316,548,17
2024-12-08 16:00:00,174,582,22
2024-12-08 17:00:00,106,450,13
2024-12-08 18:00:00,77,430,11
2024-12-08 19:00:00,65,479,17
2024-12-08 20:00:00,63,390,10
2024-12-08 21:00:00,62,275,6
2024-12-08 22:00:00,58,385,5
2024-12-08 23:00:00,18,233,4
2024-12-09 00:00:00,9,69,1
2024-12-09 01:00:00,3,51,1
2024-12-09 02:00:00,10,52,0
2024-12-09 03:00:00,14,47,0
2024-12-09 04:00:00,2,29,1
2024-12-09 05:00:00,13,81,0
2024-12-09 06:00:00,27,239,9
2024-12-09 07:00:00,195,447,30
2024-12-09 08:00:00,464,530,56
2024-12-09 09:00:00,424,455,26
2024-12-09 10:00:00,370,385,16
2024-12-09 11:00:00,418,415,12
2024-12-09 12:00:00,454,431,15
2024-12-09 13:00:00,499,451,14
2024-12-09 14:00:00,403,419,25
2024-12-09 15:00:00,517,477,28
2024-12-09 16:00:00,281,528,39
2024-12-09 17:00:00,282,575,61
2024-12-09 18:00:00,209,527,30
2024-12-09 19:00:00,116,458,22
2024-12-09 20:00:00,63,320,14
2024-12-09 21:00:00,17,297,12
2024-12-09 22:00:00,16,255,6
2024-12-09 23:00:00,12,219,12
2024-12-10 00:00:00,9,113,0
2024-12-10 01:00:00,5,64,0
2024-12-10 02:00:00,14,53,1
2024-12-10 03:00:00,7,49,0
2024-12-10 04:00:00,4,54,2
2024-12-10 05:00:00,8,74,1
2024-12-10 06:00:00,19,214,12
2024-12-10 07:00:00,150,520,47
2024-12-10 08:00:00,457,547,55
2024-12-10 09:00:00,448,455,17
2024-12-10 10:00:00,387,445,6
2024-12-10 11:00:00,449,407,10
2024-12-10 12:00:00,448,419,18
2024-12-10 13:00:00,508,479,18
2024-12-10 14:00:00,524,477,18
2024-12-10 15:00:00,530,478,27
2024-12-10 16:00:00,276,529,43
2024-12-10 17:00:00,328,550,59
2024-12-10 18:00:00,222,579,53
2024-12-10 19:00:00,182,504,22
2024-12-10 20:00:00,133,431,18
2024-12-10 21:00:00,122,445,20
2024-12-10 22:00:00,98,281,9
2024-12-10 23:00:00,26,184,1
2024-12-11 00:00:00,19,92,1
2024-12-11 01:00:00,0,69,0
2024-12-11 02:00:00,8,57,0
2024-12-11 03:00:00,6,42,1
2024-12-11 04:00:00,6,30,1
2024-12-11 05:00:00,10,67,1
2024-12-11 06:00:00,46,203,10
2024-12-11 07:00:00,197,501,35
2024-12-11 08:00:00,473,558,69
2024-12-11 09:00:00,394,470,21
2024-12-11 10:00:00,428,431,15
2024-12-11 11:00:00,415,420,14
2024-12-11 12:00:00,419,429,16
2024-12-11 13:00:00,458,463,25
2024-12-11 14:00:00,389,494,32
2024-12-11 15:00:00,463,510,38
2024-12-11 16:00:00,379,598,58
2024-12-11 17:00:00,397,612,74
2024-12-11 18:00:00,171,602,47
2024-12-11 19:00:00,127,589,32
2024-12-11 20:00:00,99,464,24
2024-12-11 21:00:00,87,430,18
2024-12-11 22:00:00,104,460,20
2024-12-11 23:00:00,71,182,6
2024-12-12 00:00:00,18,118,1
2024-12-12 01:00:00,2,104,1
2024-12-12 02:00:00,7,92,1
2024-12-12 03:00:00,22,71,0
2024-12-12 04:00:00,13,42,2
2024-12-12 05:00:00,9,71,0
2024-12-12 06:00:00,56,209,6
2024-12-12 07:00:00,185,494,36
2024-12-12 08:00:00,507,572,47
2024-12-12 09:00:00,387,491,16
2024-12-12 10:00:00,367,432,14
2024-12-12 11:00:00,407,419,13
2024-12-12 12:00:00,419,460,19
2024-12-12 13:00:00,491,480,18
2024-12-12 14:00:00,447,467,19
2024-12-12 15:00:00,511,502,41
2024-12-12 16:00:00,292,575,39
2024-12-12 17:00:00,285,609,70
2024-12-12 18:00:00,48,646,43
2024-12-12 19:00:00,32,601,26
2024-12-12 20:00:00,42,479,23
2024-12-12 21:00:00,9,495,20
2024-12-12 22:00:00,26,542,8
2024-12-12 23:00:00,21,414,7
2024-12-13 00:00:00,4,214,2
2024-12-13 01:00:00,2,101,1
2024-12-13 02:00:00,2,99,1
2024-12-13 03:00:00,2,53,0
2024-12-13 04:00:00,2,51,0
2024-12-13 05:00:00,0,78,1
2024-12-13 06:00:00,2,200,7
2024-12-13 07:00:00,77,436,37
2024-12-13 08:00:00,480,520,50
2024-12-13 09:00:00,380,449,26
2024-12-13 10:00:00,368,447,15
2024-12-13 11:00:00,416,481,8
2024-12-13 12:00:00,438,503,21
2024-12-13 13:00:00,494,501,20
2024-12-13 14:00:00,407,492,18
2024-12-13 15:00:00,487,519,36
2024-12-13 16:00:00,223,550,49
2024-12-13 17:00:00,117,623,41
2024-12-13 18:00:00,95,609,40
2024-12-13 19:00:00,31,606,25
2024-12-13 20:00:00,48,564,17
2024-12-13 21:00:00,37,541,15
2024-12-13 22:00:00,47,459,19
2024-12-13 23:00:00,53,518,13
2024-12-14 00:00:00,25,309,3
2024-12-14 01:00:00,7,192,1
2024-12-14 02:00:00,0,142,0
2024-12-14 03:00:00,4,134,0
2024-12-14 04:00:00,3,95,0
2024-12-14 05:00:00,5,65,0
2024-12-14 06:00:00,9,130,3
2024-12-14 07:00:00,45,170,6
2024-12-14 08:00:00,126,280,10
2024-12-14 09:00:00,172,380,15
2024-12-14 10:00:00,192,510,10
2024-12-14 11:00:00,250,495,15
2024-12-14 12:00:00,261,580,21
2024-12-14 13:00:00,283,612,23
2024-12-14 14:00:00,298,599,22
2024-12-14 15:00:00,380,502,26
2024-12-14 16:00:00,249,511,14
2024-12-14 17:00:00,175,593,20
2024-12-14 18:00:00,140,524,17
2024-12-14 19:00:00,109,482,18
2024-12-14 20:00:00,103,436,15
2024-12-14 21:00:00,80,456,9
2024-12-14 22:00:00,56,445,12
2024-12-14 23:00:00,44,399,5
2024-12-15 00:00:00,40,282,2
2024-12-15 01:00:00,17,226,1
2024-12-15 02:00:00,11,164,2
2024-12-15 03:00:00,22,153,0
2024-12-15 04:00:00,18,122,0
2024-12-15 05:00:00,9,77,0
2024-12-15 06:00:00,27,117,2
2024-12-15 07:00:00,53,165,7
2024-12-15 08:00:00,86,178,8
2024-12-15 09:00:00,102,256,7
2024-12-15 10:00:00,172,401,15
2024-12-15 11:00:00,198,434,13
2024-12-15 12:00:00,254,577,13
2024-12-15 13:00:00,259,597,12
2024-12-15 14:00:00,253,556,5
2024-12-15 15:00:00,246,576,23
2024-12-15 16:00:00,146,535,24
2024-12-15 17:00:00,61,489,22
2024-12-15 18:00:00,26,516,12
2024-12-15 19:00:00,33,514,6
2024-12-15 20:00:00,70,405,10
2024-12-15 21:00:00,72,289,9
2024-12-15 22:00:00,44,272,4
2024-12-15 23:00:00,14,232,2
2024-12-16 00:00:00,11,73,0
2024-12-16 01:00:00,3,74,0
2024-12-16 02:00:00,5,53,0
2024-12-16 03:00:00,6,36,0
2024-12-16 04:00:00,1,31,0
2024-12-16 05:00:00,1,67,0
2024-12-16 06:00:00,10,190,13
2024-12-16 07:00:00,120,435,42
2024-12-16 08:00:00,399,472,54
2024-12-16 09:00:00,304,411,19
2024-12-16 10:00:00,382,429,12
2024-12-16 11:00:00,336,392,12
2024-12-16 12:00:00,358,422,12
2024-12-16 13:00:00,415,436,12
2024-12-16 14:00:00,421,442,12
2024-12-16 15:00:00,426,497,27
2024-12-16 16:00:00,235,530,26
2024-12-16 17:00:00,175,548,56
2024-12-16 18:00:00,124,480,21
2024-12-16 19:00:00,92,463,9
2024-12-16 20:00:00,115,433,7
2024-12-16 21:00:00,78,268,13
2024-12-16 22:00:00,36,299,10
2024-12-16 23:00:00,26,166,4
2024-12-17 00:00:00,20,80,0
2024-12-17 01:00:00,6,73,0
2024-12-17 02:00:00,6,44,0
2024-12-17 03:00:00,4,43,0
2024-12-17 04:00:00,10,48,0
2024-12-17 05:00:00,6,68,0
2024-12-17 06:00:00,29,224,6
2024-12-17 07:00:00,142,480,52
2024-12-17 08:00:00,453,474,53
2024-12-17 09:00:00,368,391,23
2024-12-17 10:00:00,397,364,17
2024-12-17 11:00:00,391,438,6
2024-12-17 12:00:00,374,456,17
2024-12-17 13:00:00,399,466,27
2024-12-17 14:00:00,400,470,18
2024-12-17 15:00:00,414,489,22
2024-12-17 16:00:00,117,527,30
2024-12-17 17:00:00,145,533,61
2024-12-17 18:00:00,89,516,42
2024-12-17 19:00:00,47,459,22
2024-12-17 20:00:00,41,401,10
2024-12-17 21:00:00,41,402,12
2024-12-17 22:00:00,51,270,4
2024-12-17 23:00:00,29,144,2
2024-12-18 00:00:00,15,91,2
2024-12-18 01:00:00,7,58,0
2024-12-18 02:00:00,3,45,2
2024-12-18 03:00:00,6,49,1
2024-12-18 04:00:00,12,29,0
2024-12-18 05:00:00,1,58,1
2024-12-18 06:00:00,0,200,7
2024-12-18 07:00:00,101,502,26
2024-12-18 08:00:00,432,501,54
2024-12-18 09:00:00,326,390,16
2024-12-18 10:00:00,342,469,11
2024-12-18 11:00:00,336,464,11
2024-12-18 12:00:00,310,468,27
2024-12-18 13:00:00,370,441,22
2024-12-18 14:00:00,385,437,10
2024-12-18 15:00:00,421,496,30
2024-12-18 16:00:00,127,523,38
2024-12-18 17:00:00,67,585,42
2024-12-18 18:00:00,5,544,31
2024-12-18 19:00:00,10,516,13
2024-12-18 20:00:00,43,348,14
2024-12-18 21:00:00,72,421,21
2024-12-18 22:00:00,33,468,10
2024-12-18 23:00:00,18,194,7
2024-12-19 00:00:00,10,122,2
2024-12-19 01:00:00,5,63,0
2024-12-19 02:00:00,14,56,2
2024-12-19 03:00:00,11,46,0
2024-12-19 04:00:00,8,57,1
2024-12-19 05:00:00,11,63,1
2024-12-19 06:00:00,63,202,7
2024-12-19 07:00:00,128,449,44
2024-12-19 08:00:00,457,446,57
2024-12-19 09:00:00,338,425,18
2024-12-19 10:00:00,306,435,13
2024-12-19 11:00:00,331,443,10
2024-12-19 12:00:00,365,474,19
2024-12-19 13:00:00,319,496,28
2024-12-19 14:00:00,390,513,26
2024-12-19 15:00:00,445,483,29
2024-12-19 16:00:00,221,527,46
2024-12-19 17:00:00,155,566,61
2024-12-19 18:00:00,130,571,35
2024-12-19 19:00:00,131,516,34
2024-12-19 20:00:00,123,457,22
2024-12-19 21:00:00,74,422,12
2024-12-19 22:00:00,48,389,22
2024-12-19 23:00:00,43,229,8
2024-12-20 00:00:00,35,147,0
2024-12-20 01:00:00,25,110,0
2024-12-20 02:00:00,9,66,3
2024-12-20 03:00:00,9,61,0
2024-12-20 04:00:00,4,43,0
2024-12-20 05:00:00,8,72,1
2024-12-20 06:00:00,22,156,5
2024-12-20 07:00:00,110,382,34
2024-12-20 08:00:00,374,447,44
2024-12-20 09:00:00,343,436,23
2024-12-20 10:00:00,329,449,12
2024-12-20 11:00:00,314,492,16
2024-12-20 12:00:00,368,501,26
2024-12-20 13:00:00,383,484,21
2024-12-20 14:00:00,313,491,16
2024-12-20 15:00:00,293,502,41
2024-12-20 16:00:00,155,578,30
2024-12-20 17:00:00,208,581,34
2024-12-20 18:00:00,91,512,32
2024-12-20 19:00:00,110,557,16
2024-12-20 20:00:00,91,421,10
2024-12-20 21:00:00,60,394,11
2024-12-20 22:00:00,43,410,7
2024-12-20 23:00:00,21,320,1
2024-12-21 00:00:00,19,260,3
2024-12-21 01:00:00,11,159,0
2024-12-21 02:00:00,13,137,0
2024-12-21 03:00:00,8,74,0
2024-12-21 04:00:00,10,84,0
2024-12-21 05:00:00,16,65,1
2024-12-21 06:00:00,28,131,1
2024-12-21 07:00:00,49,184,6
2024-12-21 08:00:00,71,239,5
2024-12-21 09:00:00,100,308,9
2024-12-21 10:00:00,148,403,14
2024-12-21 11:00:00,164,474,9
2024-12-21 12:00:00,214,514,8
2024-12-21 13:00:00,157,567,7
2024-12-21 14:00:00,208,498,10
2024-12-21 15:00:00,200,512,18
2024-12-21 16:00:00,127,549,18
2024-12-21 17:00:00,38,541,18
2024-12-21 18:00:00,56,458,18
2024-12-21 19:00:00,86,444,9
2024-12-21 20:00:00,60,363,14
2024-12-21 21:00:00,56,372,9
2024-12-21 22:00:00,14,335,3
2024-12-21 23:00:00,18,299,4
2024-12-22 00:00:00,26,236,2
2024-12-22 01:00:00,22,194,0
2024-12-22 02:00:00,4,153,1
2024-12-22 03:00:00,12,130,0
2024-12-22 04:00:00,11,147,1
2024-12-22 05:00:00,10,93,0
2024-12-22 06:00:00,29,119,1
2024-12-22 07:00:00,58,154,4
2024-12-22 08:00:00,90,149,7
2024-12-22 09:00:00,72,246,5
2024-12-22 10:00:00,112,372,6
2024-12-22 11:00:00,165,429,9
2024-12-22 12:00:00,157,519,12
2024-12-22 13:00:00,187,512,11
2024-12-22 14:00:00,169,520,8
2024-12-22 15:00:00,173,489,17
2024-12-22 16:00:00,110,529,7
2024-12-22 17:00:00,66,451,6
2024-12-22 18:00:00,39,349,7
2024-12-22 19:00:00,78,477,13
2024-12-22 20:00:00,73,386,8
2024-12-22 21:00:00,43,220,6
2024-12-22 22:00:00,33,197,4
2024-12-22 23:00:00,19,136,0
2024-12-23 00:00:00,17,81,2
2024-12-23 01:00:00,10,61,0
2024-12-23 02:00:00,6,46,1
2024-12-23 03:00:00,1,44,0
2024-12-23 04:00:00,2,30,1
2024-12-23 05:00:00,11,65,0
2024-12-23 06:00:00,58,145,8
2024-12-23 07:00:00,113,305,30
2024-12-23 08:00:00,255,287,31
2024-12-23 09:00:00,229,387,16
2024-12-23 10:00:00,287,474,13
2024-12-23 11:00:00,267,498,17
2024-12-23 12:00:00,297,505,24
2024-12-23 13:00:00,307,511,21
2024-12-23 14:00:00,333,539,11
2024-12-23 15:00:00,316,510,12
2024-12-23 16:00:00,132,576,25
2024-12-23 17:00:00,45,558,13
2024-12-23 18:00:00,48,426,15
2024-12-23 19:00:00,53,422,14
2024-12-23 20:00:00,77,324,5
2024-12-23 21:00:00,54,350,8
2024-12-23 22:00:00,36,208,3
2024-12-23 23:00:00,28,137,1
2024-12-24 00:00:00,22,103,0
2024-12-24 01:00:00,9,66,2
2024-12-24 02:00:00,3,43,0
2024-12-24 03:00:00,3,39,1
2024-12-24 04:00:00,1,29,1
2024-12-24 05:00:00,3,49,0
2024-12-24 06:00:00,22,157,4
2024-12-24 07:00:00,109,274,21
2024-12-24 08:00:00,209,283,19
2024-12-24 09:00:00,162,308,8
2024-12-24 10:00:00,208,389,7
2024-12-24 11:00:00,233,443,12
2024-12-24 12:00:00,227,497,17
2024-12-24 13:00:00,268,516,7
2024-12-24 14:00:00,240,487,8
2024-12-24 15:00:00,222,508,14
2024-12-24 16:00:00,124,454,21
2024-12-24 17:00:00,59,427,15
2024-12-24 18:00:00,67,341,14
2024-12-24 19:00:00,48,410,6
2024-12-24 20:00:00,54,243,2
2024-12-24 21:00:00,27,192,2
2024-12-24 22:00:00,16,167,1
2024-12-24 23:00:00,9,126,2
2024-12-25 00:00:00,3,111,1
2024-12-25 01:00:00,7,111,0
2024-12-25 02:00:00,2,36,0
2024-12-25 03:00:00,4,35,2
2024-12-25 04:00:00,0,25,0
2024-12-25 05:00:00,0,27,1
2024-12-25 06:00:00,20,127,3
2024-12-25 07:00:00,46,163,6
2024-12-25 08:00:00,53,112,2
2024-12-25 09:00:00,49,131,5
2024-12-25 10:00:00,90,242,9
2024-12-25 11:00:00,145,296,5
2024-12-25 12:00:00,115,277,5
2024-12-25 13:00:00,108,238,2
2024-12-25 14:00:00,109,216,2
2024-12-25 15:00:00,108,219,7
2024-12-25 16:00:00,76,202,2
2024-12-25 17:00:00,27,195,1
2024-12-25 18:00:00,51,237,4
2024-12-25 19:00:00,47,250,6
2024-12-25 20:00:00,38,198,3
2024-12-25 21:00:00,26,144,6
2024-12-25 22:00:00,25,111,2
2024-12-25 23:00:00,5,100,0
2024-12-26 00:00:00,7,72,0
2024-12-26 01:00:00,9,37,0
2024-12-26 02:00:00,1,39,0
2024-12-26 03:00:00,4,30,0
2024-12-26 04:00:00,5,20,0
2024-12-26 05:00:00,6,37,2
2024-12-26 06:00:00,17,113,3
2024-12-26 07:00:00,49,177,7
2024-12-26 08:00:00,52,141,5
2024-12-26 09:00:00,77,152,2
2024-12-26 10:00:00,123,279,3
2024-12-26 11:00:00,129,326,9
2024-12-26 12:00:00,143,291,4
2024-12-26 13:00:00,152,330,6
2024-12-26 14:00:00,143,333,3
2024-12-26 15:00:00,174,373,5
2024-12-26 16:00:00,80,310,7
2024-12-26 17:00:00,27,342,4
2024-12-26 18:00:00,49,297,7
2024-12-26 19:00:00,30,385,6
2024-12-26 20:00:00,20,286,6
2024-12-26 21:00:00,20,168,5
2024-12-26 22:00:00,23,134,2
2024-12-26 23:00:00,7,92,1
2024-12-27 00:00:00,3,68,0
2024-12-27 01:00:00,1,60,0
2024-12-27 02:00:00,0,54,0
2024-12-27 03:00:00,4,45,0
2024-12-27 04:00:00,1,29,0
2024-12-27 05:00:00,7,38,0
2024-12-27 06:00:00,21,165,10
2024-12-27 07:00:00,42,214,17
2024-12-27 08:00:00,176,210,29
2024-12-27 09:00:00,173,297,8
2024-12-27 10:00:00,208,367,9
2024-12-27 11:00:00,189,441,6
2024-12-27 12:00:00,225,439,7
2024-12-27 13:00:00,235,458,13
2024-12-27 14:00:00,234,487,5
2024-12-27 15:00:00,203,478,9
2024-12-27 16:00:00,100,523,9
2024-12-27 17:00:00,74,476,8
2024-12-27 18:00:00,47,366,13
2024-12-27 19:00:00,66,322,5
2024-12-27 20:00:00,71,287,6
2024-12-27 21:00:00,41,311,4
2024-12-27 22:00:00,40,227,9
2024-12-27 23:00:00,5,129,0
2024-12-28 00:00:00,7,99,1
2024-12-28 01:00:00,4,93,0
2024-12-28 02:00:00,4,71,0
2024-12-28 03:00:00,4,63,0
2024-12-28 04:00:00,4,58,0
2024-12-28 05:00:00,12,54,1
2024-12-28 06:00:00,20,100,4
2024-12-28 07:00:00,42,128,6
2024-12-28 08:00:00,63,149,2
2024-12-28 09:00:00,89,205,8
2024-12-28 10:00:00,107,292,5
2024-12-28 11:00:00,152,328,10
2024-12-28 12:00:00,186,434,11
2024-12-28 13:00:00,159,398,6
2024-12-28 14:00:00,182,442,10
2024-12-28 15:00:00,211,457,14
2024-12-28 16:00:00,133,487,14
2024-12-28 17:00:00,83,425,10
2024-12-28 18:00:00,59,377,11
2024-12-28 19:00:00,82,350,7
2024-12-28 20:00:00,51,333,9
2024-12-28 21:00:00,24,423,9
2024-12-28 22:00:00,25,260,3
2024-12-28 23:00:00,20,212,4
2024-12-29 00:00:00,13,123,4
2024-12-29 01:00:00,4,114,1
2024-12-29 02:00:00,9,89,1
2024-12-29 03:00:00,4,73,0
2024-12-29 04:00:00,6,49,1
2024-12-29 05:00:00,8,52,0
2024-12-29 06:00:00,9,97,2
2024-12-29 07:00:00,36,123,5
2024-12-29 08:00:00,64,127,4
2024-12-29 09:00:00,75,189,8
2024-12-29 10:00:00,116,283,6
2024-12-29 11:00:00,122,378,15
2024-12-29 12:00:00,161,425,9
2024-12-29 13:00:00,209,441,14
2024-12-29 14:00:00,172,437,8
2024-12-29 15:00:00,214,493,13
2024-12-29 16:00:00,119,472,13
2024-12-29 17:00:00,69,565,20
2024-12-29 18:00:00,35,329,5
2024-12-29 19:00:00,59,391,13
2024-12-29 20:00:00,54,283,10
2024-12-29 21:00:00,40,208,4
2024-12-29 22:00:00,39,155,9
2024-12-29 23:00:00,19,117,0
2024-12-30 00:00:00,15,72,1
2024-12-30 01:00:00,3,51,0
2024-12-30 02:00:00,4,40,1
2024-12-30 03:00:00,2,38,0
2024-12-30 04:00:00,2,30,1
2024-12-30 05:00:00,2,55,0
2024-12-30 06:00:00,2,126,3
2024-12-30 07:00:00,59,257,31
2024-12-30 08:00:00,224,253,29
2024-12-30 09:00:00,249,273,9
2024-12-30 10:00:00,242,398,13
2024-12-30 11:00:00,268,377,2
2024-12-30 12:00:00,290,441,0
2024-12-30 13:00:00,292,496,16
2024-12-30 14:00:00,307,495,14
2024-12-30 15:00:00,282,505,19
2024-12-30 16:00:00,151,557,16
2024-12-30 17:00:00,70,492,6
2024-12-30 18:00:00,59,399,5
2024-12-30 19:00:00,74,357,3
2024-12-30 20:00:00,53,273,8
2024-12-30 21:00:00,29,286,5
2024-12-30 22:00:00,17,178,2
2024-12-30 23:00:00,21,133,1
2024-12-31 00:00:00,7,80,0
2024-12-31 01:00:00,2,60,1
2024-12-31 02:00:00,3,37,0
2024-12-31 03:00:00,1,32,0
2024-12-31 04:00:00,0,19,0
2024-12-31 05:00:00,5,43,0
2024-12-31 06:00:00,41,110,10
2024-12-31 07:00:00,124,236,31
2024-12-31 08:00:00,194,228,26
2024-12-31 09:00:00,163,246,8
2024-12-31 10:00:00,232,358,6
2024-12-31 11:00:00,245,440,12
2024-12-31 12:00:00,239,460,10
2024-12-31 13:00:00,277,492,10
2024-12-31 14:00:00,309,519,15
2024-12-31 15:00:00,292,518,20
2024-12-31 16:00:00,209,532,22
2024-12-31 17:00:00,155,453,16
2024-12-31 18:00:00,99,416,10
2024-12-31 19:00:00,92,459,6
2024-12-31 20:00:00,109,375,6
2024-12-31 21:00:00,87,291,11
2024-12-31 22:00:00,35,300,5
2024-12-31 23:00:00,26,250,6
