date,ped,car,cyc
2024-01-01 00:00:00,50,457,12
2024-01-01 01:00:00,16,442,10
2024-01-01 02:00:00,15,417,1
2024-01-01 03:00:00,5,322,5
2024-01-01 04:00:00,1,291,0
2024-01-01 05:00:00,2,240,3
2024-01-01 06:00:00,6,137,1
2024-01-01 07:00:00,9,94,0
2024-01-01 08:00:00,18,56,9
2024-01-01 09:00:00,45,59,13
2024-01-01 10:00:00,83,73,14
2024-01-01 11:00:00,145,109,40
2024-01-01 12:00:00,211,119,40
2024-01-01 13:00:00,159,140,39
2024-01-01 14:00:00,164,185,32
2024-01-01 15:00:00,83,154,39
2024-01-01 16:00:00,10,149,10
2024-01-01 17:00:00,2,180,25
2024-01-01 18:00:00,1,192,11
2024-01-01 19:00:00,2,130,25
2024-01-01 20:00:00,0,161,26
2024-01-01 21:00:00,1,119,18
2024-01-01 22:00:00,0,122,12
2024-01-01 23:00:00,0,106,2
2024-01-02 00:00:00,0,99,7
2024-01-02 01:00:00,0,72,0
2024-01-02 02:00:00,0,26,0
2024-01-02 03:00:00,0,18,0
2024-01-02 04:00:00,0,23,0
2024-01-02 05:00:00,0,13,2
2024-01-02 06:00:00,1,28,21
2024-01-02 07:00:00,0,78,55
2024-01-02 08:00:00,131,138,178
2024-01-02 09:00:00,75,109,79
2024-01-02 10:00:00,82,105,29
2024-01-02 11:00:00,111,113,30
2024-01-02 12:00:00,266,93,40
2024-01-02 13:00:00,277,115,39
2024-01-02 14:00:00,183,94,42
2024-01-02 15:00:00,140,112,56
2024-01-02 16:00:00,76,105,93
2024-01-02 17:00:00,15,144,135
2024-01-02 18:00:00,2,130,58
2024-01-02 19:00:00,8,123,22
2024-01-02 20:00:00,2,121,26
2024-01-02 21:00:00,4,116,16
2024-01-02 22:00:00,5,102,8
2024-01-02 23:00:00,2,106,6
2024-01-03 00:00:00,0,94,2
2024-01-03 01:00:00,0,63,0
2024-01-03 02:00:00,0,35,0
2024-01-03 03:00:00,0,25,0
2024-01-03 04:00:00,0,29,1
2024-01-03 05:00:00,0,19,7
2024-01-03 06:00:00,2,34,14
2024-01-03 07:00:00,0,78,75
2024-01-03 08:00:00,187,175,268
2024-01-03 09:00:00,107,170,139
2024-01-03 10:00:00,82,118,49
2024-01-03 11:00:00,110,115,56
2024-01-03 12:00:00,309,102,62
2024-01-03 13:00:00,354,116,73
2024-01-03 14:00:00,280,106,72
2024-01-03 15:00:00,248,131,101
2024-01-03 16:00:00,202,100,116
2024-01-03 17:00:00,80,177,158
2024-01-03 18:00:00,82,157,94
2024-01-03 19:00:00,54,153,50
2024-01-03 20:00:00,33,135,40
2024-01-03 21:00:00,30,114,24
2024-01-03 22:00:00,5,143,8
2024-01-03 23:00:00,1,125,8
2024-01-04 00:00:00,0,92,0
2024-01-04 01:00:00,0,77,0
2024-01-04 02:00:00,0,47,0
2024-01-04 03:00:00,0,34,0
2024-01-04 04:00:00,0,30,2
2024-01-04 05:00:00,0,15,3
2024-01-04 06:00:00,1,37,13
2024-01-04 07:00:00,21,73,88
2024-01-04 08:00:00,494,142,327
2024-01-04 09:00:00,249,159,187
2024-01-04 10:00:00,143,91,68
2024-01-04 11:00:00,197,93,57
2024-01-04 12:00:00,375,117,89
2024-01-04 13:00:00,386,125,89
2024-01-04 14:00:00,199,114,86
2024-01-04 15:00:00,145,116,107
2024-01-04 16:00:00,36,149,106
2024-01-04 17:00:00,3,184,168
2024-01-04 18:00:00,1,164,106
2024-01-04 19:00:00,3,175,44
2024-01-04 20:00:00,0,158,28
2024-01-04 21:00:00,2,139,26
2024-01-04 22:00:00,3,143,20
2024-01-04 23:00:00,9,125,8
2024-01-05 00:00:00,0,105,3
2024-01-05 01:00:00,0,84,0
2024-01-05 02:00:00,0,52,0
2024-01-05 03:00:00,0,39,0
2024-01-05 04:00:00,0,28,2
2024-01-05 05:00:00,0,17,4
2024-01-05 06:00:00,2,26,13
2024-01-05 07:00:00,28,52,56
2024-01-05 08:00:00,351,146,177
2024-01-05 09:00:00,175,149,132
2024-01-05 10:00:00,124,99,64
2024-01-05 11:00:00,177,107,51
2024-01-05 12:00:00,324,95,63
2024-01-05 13:00:00,339,100,58
2024-01-05 14:00:00,270,133,56
2024-01-05 15:00:00,293,117,110
2024-01-05 16:00:00,246,144,119
2024-01-05 17:00:00,108,168,104
2024-01-05 18:00:00,74,193,73
2024-01-05 19:00:00,51,239,42
2024-01-05 20:00:00,77,222,45
2024-01-05 21:00:00,69,248,29
2024-01-05 22:00:00,85,269,26
2024-01-05 23:00:00,46,271,13
2024-01-06 00:00:00,22,240,6
2024-01-06 01:00:00,2,225,3
2024-01-06 02:00:00,0,185,1
2024-01-06 03:00:00,0,105,1
2024-01-06 04:00:00,0,63,0
2024-01-06 05:00:00,1,38,0
2024-01-06 06:00:00,10,25,4
2024-01-06 07:00:00,7,31,8
2024-01-06 08:00:00,58,57,27
2024-01-06 09:00:00,96,67,61
2024-01-06 10:00:00,127,105,77
2024-01-06 11:00:00,234,143,72
2024-01-06 12:00:00,342,121,132
2024-01-06 13:00:00,379,138,104
2024-01-06 14:00:00,407,173,115
2024-01-06 15:00:00,343,186,125
2024-01-06 16:00:00,302,178,75
2024-01-06 17:00:00,91,239,34
2024-01-06 18:00:00,94,249,28
2024-01-06 19:00:00,83,284,43
2024-01-06 20:00:00,62,280,31
2024-01-06 21:00:00,93,327,37
2024-01-06 22:00:00,65,383,22
2024-01-06 23:00:00,41,409,15
2024-01-07 00:00:00,23,380,6
2024-01-07 01:00:00,2,325,3
2024-01-07 02:00:00,2,267,1
2024-01-07 03:00:00,1,184,1
2024-01-07 04:00:00,1,116,1
2024-01-07 05:00:00,0,49,1
2024-01-07 06:00:00,1,20,0
2024-01-07 07:00:00,1,29,6
2024-01-07 08:00:00,41,36,35
2024-01-07 09:00:00,73,39,67
2024-01-07 10:00:00,132,73,44
2024-01-07 11:00:00,158,79,63
2024-01-07 12:00:00,225,88,100
2024-01-07 13:00:00,266,107,98
2024-01-07 14:00:00,219,97,82
2024-01-07 15:00:00,204,90,58
2024-01-07 16:00:00,200,104,80
2024-01-07 17:00:00,40,127,29
2024-01-07 18:00:00,35,140,46
2024-01-07 19:00:00,22,158,34
2024-01-07 20:00:00,27,142,19
2024-01-07 21:00:00,18,142,21
2024-01-07 22:00:00,29,111,14
2024-01-07 23:00:00,7,97,7
2024-01-08 00:00:00,3,90,7
2024-01-08 01:00:00,0,59,0
2024-01-08 02:00:00,0,37,0
2024-01-08 03:00:00,0,35,0
2024-01-08 04:00:00,0,18,0
2024-01-08 05:00:00,0,19,2
2024-01-08 06:00:00,4,45,15
2024-01-08 07:00:00,95,82,97
2024-01-08 08:00:00,547,149,347
2024-01-08 09:00:00,279,171,200
2024-01-08 10:00:00,131,96,46
2024-01-08 11:00:00,252,102,48
2024-01-08 12:00:00,348,119,58
2024-01-08 13:00:00,408,111,86
2024-01-08 14:00:00,220,114,89
2024-01-08 15:00:00,243,117,87
2024-01-08 16:00:00,277,109,141
2024-01-08 17:00:00,181,151,221
2024-01-08 18:00:00,70,150,104
2024-01-08 19:00:00,9,147,50
2024-01-08 20:00:00,29,139,20
2024-01-08 21:00:00,22,128,24
2024-01-08 22:00:00,23,108,7
2024-01-08 23:00:00,18,101,4
2024-01-09 00:00:00,2,92,1
2024-01-09 01:00:00,0,53,1
2024-01-09 02:00:00,0,54,1
2024-01-09 03:00:00,0,29,0
2024-01-09 04:00:00,0,22,2
2024-01-09 05:00:00,1,18,1
2024-01-09 06:00:00,13,37,21
2024-01-09 07:00:00,84,78,96
2024-01-09 08:00:00,631,154,380
2024-01-09 09:00:00,323,202,225
2024-01-09 10:00:00,181,130,63
2024-01-09 11:00:00,253,141,52
2024-01-09 12:00:00,417,151,64
2024-01-09 13:00:00,432,132,95
2024-01-09 14:00:00,288,106,78
2024-01-09 15:00:00,235,144,102
2024-01-09 16:00:00,311,133,168
2024-01-09 17:00:00,209,157,229
2024-01-09 18:00:00,89,163,140
2024-01-09 19:00:00,67,137,82
2024-01-09 20:00:00,34,147,44
2024-01-09 21:00:00,43,127,23
2024-01-09 22:00:00,34,134,18
2024-01-09 23:00:00,17,110,10
2024-01-10 00:00:00,2,95,0
2024-01-10 01:00:00,1,89,0
2024-01-10 02:00:00,0,46,0
2024-01-10 03:00:00,0,37,0
2024-01-10 04:00:00,0,19,0
2024-01-10 05:00:00,0,23,2
2024-01-10 06:00:00,11,25,21
2024-01-10 07:00:00,94,88,72
2024-01-10 08:00:00,635,146,351
2024-01-10 09:00:00,324,216,211
2024-01-10 10:00:00,188,123,73
2024-01-10 11:00:00,196,139,68
2024-01-10 12:00:00,435,133,87
2024-01-10 13:00:00,429,154,78
2024-01-10 14:00:00,278,138,87
2024-01-10 15:00:00,260,161,98
2024-01-10 16:00:00,329,153,166
2024-01-10 17:00:00,139,159,205
2024-01-10 18:00:00,100,202,129
2024-01-10 19:00:00,56,193,78
2024-01-10 20:00:00,43,138,42
2024-01-10 21:00:00,59,177,28
2024-01-10 22:00:00,34,168,18
2024-01-10 23:00:00,14,145,6
2024-01-11 00:00:00,0,120,4
2024-01-11 01:00:00,0,86,0
2024-01-11 02:00:00,0,45,0
2024-01-11 03:00:00,0,40,0
2024-01-11 04:00:00,0,33,0
2024-01-11 05:00:00,1,23,2
2024-01-11 06:00:00,6,35,13
2024-01-11 07:00:00,68,111,81
2024-01-11 08:00:00,596,153,324
2024-01-11 09:00:00,337,234,214
2024-01-11 10:00:00,179,148,75
2024-01-11 11:00:00,210,129,54
2024-01-11 12:00:00,494,133,89
2024-01-11 13:00:00,473,139,106
2024-01-11 14:00:00,303,129,84
2024-01-11 15:00:00,306,164,114
2024-01-11 16:00:00,312,149,189
2024-01-11 17:00:00,182,207,198
2024-01-11 18:00:00,114,199,113
2024-01-11 19:00:00,63,191,62
2024-01-11 20:00:00,65,158,44
2024-01-11 21:00:00,61,186,34
2024-01-11 22:00:00,57,165,32
2024-01-11 23:00:00,22,142,5
2024-01-12 00:00:00,4,168,3
2024-01-12 01:00:00,0,88,0
2024-01-12 02:00:00,1,82,0
2024-01-12 03:00:00,0,59,0
2024-01-12 04:00:00,0,44,1
2024-01-12 05:00:00,1,27,3
2024-01-12 06:00:00,10,35,12
2024-01-12 07:00:00,47,101,72
2024-01-12 08:00:00,449,164,267
2024-01-12 09:00:00,218,157,166
2024-01-12 10:00:00,147,142,60
2024-01-12 11:00:00,190,127,71
2024-01-12 12:00:00,366,114,80
2024-01-12 13:00:00,367,101,88
2024-01-12 14:00:00,249,134,95
2024-01-12 15:00:00,292,140,121
2024-01-12 16:00:00,335,177,193
2024-01-12 17:00:00,169,233,159
2024-01-12 18:00:00,116,250,100
2024-01-12 19:00:00,93,282,67
2024-01-12 20:00:00,55,231,44
2024-01-12 21:00:00,98,260,36
2024-01-12 22:00:00,105,312,33
2024-01-12 23:00:00,70,309,23
2024-01-13 00:00:00,20,311,10
2024-01-13 01:00:00,2,291,1
2024-01-13 02:00:00,2,179,0
2024-01-13 03:00:00,2,134,0
2024-01-13 04:00:00,1,120,2
2024-01-13 05:00:00,1,62,0
2024-01-13 06:00:00,2,22,3
2024-01-13 07:00:00,20,39,23
2024-01-13 08:00:00,58,64,39
2024-01-13 09:00:00,85,83,54
2024-01-13 10:00:00,174,104,64
2024-01-13 11:00:00,245,130,77
2024-01-13 12:00:00,331,130,72
2024-01-13 13:00:00,408,155,83
2024-01-13 14:00:00,337,182,98
2024-01-13 15:00:00,399,204,104
2024-01-13 16:00:00,326,201,86
2024-01-13 17:00:00,139,238,45
2024-01-13 18:00:00,115,303,36
2024-01-13 19:00:00,88,337,32
2024-01-13 20:00:00,96,344,31
2024-01-13 21:00:00,123,362,23
2024-01-13 22:00:00,114,384,18
2024-01-13 23:00:00,59,473,13
2024-01-14 00:00:00,24,349,10
2024-01-14 01:00:00,10,415,1
2024-01-14 02:00:00,7,298,6
2024-01-14 03:00:00,6,215,3
2024-01-14 04:00:00,0,155,1
2024-01-14 05:00:00,0,41,0
2024-01-14 06:00:00,2,23,1
2024-01-14 07:00:00,9,26,6
2024-01-14 08:00:00,37,49,20
2024-01-14 09:00:00,52,66,30
2024-01-14 10:00:00,148,74,49
2024-01-14 11:00:00,233,79,52
2024-01-14 12:00:00,254,111,71
2024-01-14 13:00:00,278,123,71
2024-01-14 14:00:00,285,122,80
2024-01-14 15:00:00,324,120,67
2024-01-14 16:00:00,269,118,85
2024-01-14 17:00:00,58,168,39
2024-01-14 18:00:00,61,116,24
2024-01-14 19:00:00,44,129,32
2024-01-14 20:00:00,44,138,24
2024-01-14 21:00:00,42,159,26
2024-01-14 22:00:00,31,102,13
2024-01-14 23:00:00,22,91,5
2024-01-15 00:00:00,7,91,4
2024-01-15 01:00:00,0,71,1
2024-01-15 02:00:00,0,38,0
2024-01-15 03:00:00,0,29,0
2024-01-15 04:00:00,0,20,0
2024-01-15 05:00:00,0,17,4
2024-01-15 06:00:00,5,37,15
2024-01-15 07:00:00,76,80,100
2024-01-15 08:00:00,578,145,353
2024-01-15 09:00:00,302,164,179
2024-01-15 10:00:00,130,106,49
2024-01-15 11:00:00,193,134,70
2024-01-15 12:00:00,412,135,83
2024-01-15 13:00:00,421,131,90
2024-01-15 14:00:00,255,133,81
2024-01-15 15:00:00,280,113,91
2024-01-15 16:00:00,351,111,170
2024-01-15 17:00:00,268,168,222
2024-01-15 18:00:00,131,150,159
2024-01-15 19:00:00,66,156,63
2024-01-15 20:00:00,53,148,46
2024-01-15 21:00:00,43,157,40
2024-01-15 22:00:00,53,128,18
2024-01-15 23:00:00,24,105,11
2024-01-16 00:00:00,6,81,3
2024-01-16 01:00:00,1,71,0
2024-01-16 02:00:00,1,57,0
2024-01-16 03:00:00,1,50,0
2024-01-16 04:00:00,0,20,0
2024-01-16 05:00:00,0,35,2
2024-01-16 06:00:00,6,42,18
2024-01-16 07:00:00,97,87,102
2024-01-16 08:00:00,624,151,416
2024-01-16 09:00:00,328,188,220
2024-01-16 10:00:00,201,146,62
2024-01-16 11:00:00,220,133,62
2024-01-16 12:00:00,496,117,100
2024-01-16 13:00:00,466,140,83
2024-01-16 14:00:00,302,130,75
2024-01-16 15:00:00,302,152,101
2024-01-16 16:00:00,448,153,177
2024-01-16 17:00:00,304,199,281
2024-01-16 18:00:00,196,177,163
2024-01-16 19:00:00,109,187,69
2024-01-16 20:00:00,80,196,85
2024-01-16 21:00:00,59,144,30
2024-01-16 22:00:00,76,166,35
2024-01-16 23:00:00,25,109,13
2024-01-17 00:00:00,6,90,4
2024-01-17 01:00:00,0,81,1
2024-01-17 02:00:00,0,58,0
2024-01-17 03:00:00,0,26,0
2024-01-17 04:00:00,2,27,1
2024-01-17 05:00:00,1,40,2
2024-01-17 06:00:00,4,56,22
2024-01-17 07:00:00,85,99,123
2024-01-17 08:00:00,656,161,410
2024-01-17 09:00:00,384,259,225
2024-01-17 10:00:00,205,154,63
2024-01-17 11:00:00,226,145,54
2024-01-17 12:00:00,437,132,83
2024-01-17 13:00:00,440,144,87
2024-01-17 14:00:00,310,128,99
2024-01-17 15:00:00,637,154,125
2024-01-17 16:00:00,438,125,188
2024-01-17 17:00:00,249,156,266
2024-01-17 18:00:00,146,165,146
2024-01-17 19:00:00,62,187,74
2024-01-17 20:00:00,29,164,44
2024-01-17 21:00:00,40,162,16
2024-01-17 22:00:00,37,170,20
2024-01-17 23:00:00,20,136,6
2024-01-18 00:00:00,1,140,0
2024-01-18 01:00:00,0,83,0
2024-01-18 02:00:00,1,45,1
2024-01-18 03:00:00,0,40,0
2024-01-18 04:00:00,0,25,0
2024-01-18 05:00:00,0,23,2
2024-01-18 06:00:00,6,42,10
2024-01-18 07:00:00,108,116,82
2024-01-18 08:00:00,551,167,294
2024-01-18 09:00:00,289,258,207
2024-01-18 10:00:00,216,173,60
2024-01-18 11:00:00,252,149,60
2024-01-18 12:00:00,418,126,83
2024-01-18 13:00:00,464,140,69
2024-01-18 14:00:00,377,157,74
2024-01-18 15:00:00,334,138,94
2024-01-18 16:00:00,388,142,163
2024-01-18 17:00:00,238,223,204
2024-01-18 18:00:00,163,251,138
2024-01-18 19:00:00,98,240,69
2024-01-18 20:00:00,75,215,51
2024-01-18 21:00:00,69,207,33
2024-01-18 22:00:00,65,184,27
2024-01-18 23:00:00,29,154,8
2024-01-19 00:00:00,3,183,5
2024-01-19 01:00:00,0,111,1
2024-01-19 02:00:00,0,106,0
2024-01-19 03:00:00,0,62,1
2024-01-19 04:00:00,0,56,1
2024-01-19 05:00:00,0,26,5
2024-01-19 06:00:00,8,29,9
2024-01-19 07:00:00,88,82,39
2024-01-19 08:00:00,464,155,158
2024-01-19 09:00:00,213,220,122
2024-01-19 10:00:00,180,135,40
2024-01-19 11:00:00,219,125,42
2024-01-19 12:00:00,349,136,53
2024-01-19 13:00:00,390,177,57
2024-01-19 14:00:00,335,172,71
2024-01-19 15:00:00,305,153,58
2024-01-19 16:00:00,355,181,123
2024-01-19 17:00:00,141,258,103
2024-01-19 18:00:00,78,282,59
2024-01-19 19:00:00,60,342,43
2024-01-19 20:00:00,41,282,9
2024-01-19 21:00:00,85,321,24
2024-01-19 22:00:00,50,368,14
2024-01-19 23:00:00,21,368,7
2024-01-20 00:00:00,18,373,3
2024-01-20 01:00:00,3,396,2
2024-01-20 02:00:00,2,246,0
2024-01-20 03:00:00,0,182,0
2024-01-20 04:00:00,0,151,0
2024-01-20 05:00:00,1,66,0
2024-01-20 06:00:00,0,29,2
2024-01-20 07:00:00,16,46,11
2024-01-20 08:00:00,62,86,31
2024-01-20 09:00:00,90,106,61
2024-01-20 10:00:00,186,133,59
2024-01-20 11:00:00,339,149,56
2024-01-20 12:00:00,533,147,100
2024-01-20 13:00:00,470,195,76
2024-01-20 14:00:00,481,183,94
2024-01-20 15:00:00,441,195,74
2024-01-20 16:00:00,359,187,57
2024-01-20 17:00:00,112,245,39
2024-01-20 18:00:00,43,325,18
2024-01-20 19:00:00,74,395,15
2024-01-20 20:00:00,11,409,29
2024-01-20 21:00:00,6,388,16
2024-01-20 22:00:00,0,417,25
2024-01-20 23:00:00,1,398,14
2024-01-21 00:00:00,2,330,7
2024-01-21 01:00:00,0,411,3
2024-01-21 02:00:00,1,310,2
2024-01-21 03:00:00,0,251,1
2024-01-21 04:00:00,0,180,4
2024-01-21 05:00:00,0,69,0
2024-01-21 06:00:00,0,27,3
2024-01-21 07:00:00,3,36,2
2024-01-21 08:00:00,43,37,18
2024-01-21 09:00:00,97,54,46
2024-01-21 10:00:00,143,70,42
2024-01-21 11:00:00,243,94,57
2024-01-21 12:00:00,237,91,80
2024-01-21 13:00:00,296,133,78
2024-01-21 14:00:00,246,129,64
2024-01-21 15:00:00,212,140,77
2024-01-21 16:00:00,38,159,27
2024-01-21 17:00:00,3,167,20
2024-01-21 18:00:00,2,177,20
2024-01-21 19:00:00,4,157,23
2024-01-21 20:00:00,3,156,16
2024-01-21 21:00:00,1,123,8
2024-01-21 22:00:00,1,104,6
2024-01-21 23:00:00,1,88,2
2024-01-22 00:00:00,0,84,2
2024-01-22 01:00:00,0,61,1
2024-01-22 02:00:00,0,52,3
2024-01-22 03:00:00,0,26,0
2024-01-22 04:00:00,0,13,1
2024-01-22 05:00:00,0,30,3
2024-01-22 06:00:00,1,42,10
2024-01-22 07:00:00,73,80,59
2024-01-22 08:00:00,493,131,266
2024-01-22 09:00:00,358,214,152
2024-01-22 10:00:00,199,130,70
2024-01-22 11:00:00,232,111,42
2024-01-22 12:00:00,433,110,58
2024-01-22 13:00:00,502,114,85
2024-01-22 14:00:00,237,136,73
2024-01-22 15:00:00,298,107,74
2024-01-22 16:00:00,351,135,130
2024-01-22 17:00:00,109,158,138
2024-01-22 18:00:00,8,191,79
2024-01-22 19:00:00,7,138,20
2024-01-22 20:00:00,8,127,23
2024-01-22 21:00:00,9,151,11
2024-01-22 22:00:00,19,120,8
2024-01-22 23:00:00,7,110,2
2024-01-23 00:00:00,1,101,0
2024-01-23 01:00:00,0,73,1
2024-01-23 02:00:00,0,47,0
2024-01-23 03:00:00,0,34,0
2024-01-23 04:00:00,1,26,2
2024-01-23 05:00:00,0,29,2
2024-01-23 06:00:00,0,55,14
2024-01-23 07:00:00,5,92,80
2024-01-23 08:00:00,334,173,347
2024-01-23 09:00:00,276,228,174
2024-01-23 10:00:00,212,204,72
2024-01-23 11:00:00,219,147,47
2024-01-23 12:00:00,332,136,78
2024-01-23 13:00:00,370,133,76
2024-01-23 14:00:00,298,151,87
2024-01-23 15:00:00,272,149,97
2024-01-23 16:00:00,285,172,132
2024-01-23 17:00:00,26,198,152
2024-01-23 18:00:00,14,188,84
2024-01-23 19:00:00,11,163,40
2024-01-23 20:00:00,4,172,27
2024-01-23 21:00:00,3,156,25
2024-01-23 22:00:00,4,158,11
2024-01-23 23:00:00,6,145,3
2024-01-24 00:00:00,3,145,0
2024-01-24 01:00:00,0,102,0
2024-01-24 02:00:00,0,49,0
2024-01-24 03:00:00,0,47,0
2024-01-24 04:00:00,0,41,0
2024-01-24 05:00:00,0,30,3
2024-01-24 06:00:00,8,56,10
2024-01-24 07:00:00,108,105,66
2024-01-24 08:00:00,653,135,331
2024-01-24 09:00:00,459,223,194
2024-01-24 10:00:00,272,157,72
2024-01-24 11:00:00,314,126,69
2024-01-24 12:00:00,493,135,93
2024-01-24 13:00:00,545,137,91
2024-01-24 14:00:00,383,127,87
2024-01-24 15:00:00,322,136,86
2024-01-24 16:00:00,468,155,157
2024-01-24 17:00:00,254,195,170
2024-01-24 18:00:00,126,236,105
2024-01-24 19:00:00,64,210,33
2024-01-24 20:00:00,45,196,27
2024-01-24 21:00:00,46,151,18
2024-01-24 22:00:00,38,216,13
2024-01-24 23:00:00,20,167,9
2024-01-25 00:00:00,1,141,2
2024-01-25 01:00:00,0,112,1
2024-01-25 02:00:00,0,70,1
2024-01-25 03:00:00,0,74,1
2024-01-25 04:00:00,0,44,0
2024-01-25 05:00:00,0,25,3
2024-01-25 06:00:00,2,45,13
2024-01-25 07:00:00,22,113,58
2024-01-25 08:00:00,587,156,388
2024-01-25 09:00:00,324,232,219
2024-01-25 10:00:00,225,151,78
2024-01-25 11:00:00,260,155,60
2024-01-25 12:00:00,521,145,105
2024-01-25 13:00:00,500,132,101
2024-01-25 14:00:00,339,148,95
2024-01-25 15:00:00,345,189,104
2024-01-25 16:00:00,422,176,166
2024-01-25 17:00:00,144,186,143
2024-01-25 18:00:00,13,191,84
2024-01-25 19:00:00,7,229,69
2024-01-25 20:00:00,4,219,34
2024-01-25 21:00:00,7,180,26
2024-01-25 22:00:00,6,191,25
2024-01-25 23:00:00,1,132,14
2024-01-26 00:00:00,0,192,3
2024-01-26 01:00:00,0,124,2
2024-01-26 02:00:00,0,107,0
2024-01-26 03:00:00,0,62,1
2024-01-26 04:00:00,0,49,3
2024-01-26 05:00:00,2,30,5
2024-01-26 06:00:00,6,38,9
2024-01-26 07:00:00,81,91,35
2024-01-26 08:00:00,409,200,127
2024-01-26 09:00:00,294,171,73
2024-01-26 10:00:00,219,125,43
2024-01-26 11:00:00,254,137,36
2024-01-26 12:00:00,415,127,34
2024-01-26 13:00:00,421,150,31
2024-01-26 14:00:00,353,171,40
2024-01-26 15:00:00,405,196,92
2024-01-26 16:00:00,474,215,128
2024-01-26 17:00:00,197,240,120
2024-01-26 18:00:00,118,282,63
2024-01-26 19:00:00,100,343,44
2024-01-26 20:00:00,64,300,41
2024-01-26 21:00:00,83,328,23
2024-01-26 22:00:00,79,338,33
2024-01-26 23:00:00,35,397,17
2024-01-27 00:00:00,13,430,8
2024-01-27 01:00:00,4,371,0
2024-01-27 02:00:00,5,241,2
2024-01-27 03:00:00,1,111,1
2024-01-27 04:00:00,0,124,1
2024-01-27 05:00:00,0,84,0
2024-01-27 06:00:00,4,54,0
2024-01-27 07:00:00,24,46,8
2024-01-27 08:00:00,46,80,44
2024-01-27 09:00:00,118,103,43
2024-01-27 10:00:00,225,118,56
2024-01-27 11:00:00,402,187,75
2024-01-27 12:00:00,495,188,101
2024-01-27 13:00:00,578,211,118
2024-01-27 14:00:00,480,208,117
2024-01-27 15:00:00,605,202,106
2024-01-27 16:00:00,543,200,95
2024-01-27 17:00:00,186,270,56
2024-01-27 18:00:00,84,306,34
2024-01-27 19:00:00,70,396,47
2024-01-27 20:00:00,49,365,32
2024-01-27 21:00:00,77,389,30
2024-01-27 22:00:00,44,470,22
2024-01-27 23:00:00,41,428,23
2024-01-28 00:00:00,9,433,8
2024-01-28 01:00:00,1,391,5
2024-01-28 02:00:00,2,343,1
2024-01-28 03:00:00,0,249,0
2024-01-28 04:00:00,1,173,0
2024-01-28 05:00:00,0,40,1
2024-01-28 06:00:00,1,28,1
2024-01-28 07:00:00,10,31,4
2024-01-28 08:00:00,43,35,30
2024-01-28 09:00:00,104,67,32
2024-01-28 10:00:00,179,96,49
2024-01-28 11:00:00,245,99,62
2024-01-28 12:00:00,350,106,102
2024-01-28 13:00:00,379,129,115
2024-01-28 14:00:00,385,113,93
2024-01-28 15:00:00,324,141,91
2024-01-28 16:00:00,307,150,133
2024-01-28 17:00:00,133,152,29
2024-01-28 18:00:00,40,162,39
2024-01-28 19:00:00,46,144,36
2024-01-28 20:00:00,41,152,24
2024-01-28 21:00:00,17,137,22
2024-01-28 22:00:00,19,123,9
2024-01-28 23:00:00,6,89,11
2024-01-29 00:00:00,0,75,1
2024-01-29 01:00:00,0,67,2
2024-01-29 02:00:00,0,38,0
2024-01-29 03:00:00,0,25,0
2024-01-29 04:00:00,0,20,0
2024-01-29 05:00:00,0,20,1
2024-01-29 06:00:00,3,52,11
2024-01-29 07:00:00,20,101,67
2024-01-29 08:00:00,443,186,313
2024-01-29 09:00:00,320,187,227
2024-01-29 10:00:00,220,113,82
2024-01-29 11:00:00,274,134,58
2024-01-29 12:00:00,430,108,95
2024-01-29 13:00:00,459,110,107
2024-01-29 14:00:00,342,129,95
2024-01-29 15:00:00,342,104,90
2024-01-29 16:00:00,423,136,148
2024-01-29 17:00:00,224,129,193
2024-01-29 18:00:00,78,187,117
2024-01-29 19:00:00,51,105,46
2024-01-29 20:00:00,49,149,35
2024-01-29 21:00:00,41,128,17
2024-01-29 22:00:00,27,118,16
2024-01-29 23:00:00,2,97,6
2024-01-30 00:00:00,0,86,1
2024-01-30 01:00:00,0,62,0
2024-01-30 02:00:00,0,40,0
2024-01-30 03:00:00,0,43,0
2024-01-30 04:00:00,0,36,1
2024-01-30 05:00:00,0,30,2
2024-01-30 06:00:00,3,42,12
2024-01-30 07:00:00,120,110,94
2024-01-30 08:00:00,714,164,411
2024-01-30 09:00:00,383,200,184
2024-01-30 10:00:00,256,94,69
2024-01-30 11:00:00,227,130,57
2024-01-30 12:00:00,493,114,68
2024-01-30 13:00:00,674,115,77
2024-01-30 14:00:00,334,147,89
2024-01-30 15:00:00,337,145,104
2024-01-30 16:00:00,508,154,246
2024-01-30 17:00:00,345,148,215
2024-01-30 18:00:00,111,205,117
2024-01-30 19:00:00,75,179,63
2024-01-30 20:00:00,58,172,30
2024-01-30 21:00:00,23,149,27
2024-01-30 22:00:00,16,162,10
2024-01-30 23:00:00,7,173,11
2024-01-31 00:00:00,0,148,1
2024-01-31 01:00:00,0,108,0
2024-01-31 02:00:00,0,68,0
2024-01-31 03:00:00,0,49,0
2024-01-31 04:00:00,0,40,0
2024-01-31 05:00:00,0,29,4
2024-01-31 06:00:00,3,39,17
2024-01-31 07:00:00,122,93,112
2024-01-31 08:00:00,674,181,415
2024-01-31 09:00:00,436,193,222
2024-01-31 10:00:00,224,133,79
2024-01-31 11:00:00,322,143,73
2024-01-31 12:00:00,535,166,95
2024-01-31 13:00:00,581,151,99
2024-01-31 14:00:00,331,134,96
2024-01-31 15:00:00,396,139,111
2024-01-31 16:00:00,499,159,218
2024-01-31 17:00:00,285,165,230
2024-01-31 18:00:00,111,209,123
2024-01-31 19:00:00,7,188,75
2024-01-31 20:00:00,6,139,48
2024-01-31 21:00:00,0,121,27
2024-01-31 22:00:00,1,119,27
2024-01-31 23:00:00,1,135,7
2024-02-01 00:00:00,0,159,1
2024-02-01 01:00:00,0,108,1
2024-02-01 02:00:00,0,67,0
2024-02-01 03:00:00,0,33,0
2024-02-01 04:00:00,0,61,1
2024-02-01 05:00:00,0,34,2
2024-02-01 06:00:00,3,52,19
2024-02-01 07:00:00,103,89,65
2024-02-01 08:00:00,691,128,250
2024-02-01 09:00:00,389,187,144
2024-02-01 10:00:00,282,137,53
2024-02-01 11:00:00,276,129,50
2024-02-01 12:00:00,535,134,51
2024-02-01 13:00:00,579,137,64
2024-02-01 14:00:00,359,133,61
2024-02-01 15:00:00,373,162,109
2024-02-01 16:00:00,430,171,207
2024-02-01 17:00:00,352,177,210
2024-02-01 18:00:00,69,266,112
2024-02-01 19:00:00,43,242,95
2024-02-01 20:00:00,31,211,42
2024-02-01 21:00:00,45,204,37
2024-02-01 22:00:00,44,192,26
2024-02-01 23:00:00,10,186,22
2024-02-02 00:00:00,0,165,5
2024-02-02 01:00:00,0,115,1
2024-02-02 02:00:00,0,75,1
2024-02-02 03:00:00,0,32,0
2024-02-02 04:00:00,0,50,1
2024-02-02 05:00:00,0,26,5
2024-02-02 06:00:00,1,37,15
2024-02-02 07:00:00,44,98,75
2024-02-02 08:00:00,438,185,277
2024-02-02 09:00:00,273,153,164
2024-02-02 10:00:00,217,163,71
2024-02-02 11:00:00,189,141,68
2024-02-02 12:00:00,401,157,88
2024-02-02 13:00:00,394,175,108
2024-02-02 14:00:00,348,174,103
2024-02-02 15:00:00,383,193,140
2024-02-02 16:00:00,411,217,206
2024-02-02 17:00:00,144,285,184
2024-02-02 18:00:00,14,338,90
2024-02-02 19:00:00,8,413,78
2024-02-02 20:00:00,3,332,58
2024-02-02 21:00:00,6,335,29
2024-02-02 22:00:00,5,302,33
2024-02-02 23:00:00,1,325,22
2024-02-03 00:00:00,2,361,8
2024-02-03 01:00:00,1,369,5
2024-02-03 02:00:00,0,266,3
2024-02-03 03:00:00,0,195,3
2024-02-03 04:00:00,0,143,0
2024-02-03 05:00:00,0,74,1
2024-02-03 06:00:00,0,54,7
2024-02-03 07:00:00,5,46,11
2024-02-03 08:00:00,69,74,37
2024-02-03 09:00:00,134,103,56
2024-02-03 10:00:00,183,134,59
2024-02-03 11:00:00,255,159,75
2024-02-03 12:00:00,428,189,94
2024-02-03 13:00:00,466,251,115
2024-02-03 14:00:00,422,268,73
2024-02-03 15:00:00,440,255,98
2024-02-03 16:00:00,537,278,114
2024-02-03 17:00:00,59,273,64
2024-02-03 18:00:00,2,368,67
2024-02-03 19:00:00,3,378,60
2024-02-03 20:00:00,4,438,39
2024-02-03 21:00:00,7,390,36
2024-02-03 22:00:00,12,356,21
2024-02-03 23:00:00,5,448,34
2024-02-04 00:00:00,4,394,9
2024-02-04 01:00:00,0,318,5
2024-02-04 02:00:00,2,310,0
2024-02-04 03:00:00,0,200,0
2024-02-04 04:00:00,0,125,1
2024-02-04 05:00:00,0,38,0
2024-02-04 06:00:00,0,24,4
2024-02-04 07:00:00,9,25,4
2024-02-04 08:00:00,46,40,36
2024-02-04 09:00:00,81,51,63
2024-02-04 10:00:00,163,103,49
2024-02-04 11:00:00,247,99,72
2024-02-04 12:00:00,314,94,67
2024-02-04 13:00:00,316,99,107
2024-02-04 14:00:00,238,107,80
2024-02-04 15:00:00,339,120,81
2024-02-04 16:00:00,290,93,120
2024-02-04 17:00:00,183,154,45
2024-02-04 18:00:00,23,153,36
2024-02-04 19:00:00,25,123,30
2024-02-04 20:00:00,21,136,33
2024-02-04 21:00:00,25,124,12
2024-02-04 22:00:00,5,117,15
2024-02-04 23:00:00,8,104,9
2024-02-05 00:00:00,0,89,2
2024-02-05 01:00:00,0,56,1
2024-02-05 02:00:00,0,39,0
2024-02-05 03:00:00,0,37,0
2024-02-05 04:00:00,0,30,2
2024-02-05 05:00:00,0,17,2
2024-02-05 06:00:00,4,26,6
2024-02-05 07:00:00,94,97,122
2024-02-05 08:00:00,585,154,353
2024-02-05 09:00:00,367,184,194
2024-02-05 10:00:00,217,118,67
2024-02-05 11:00:00,294,120,78
2024-02-05 12:00:00,403,108,91
2024-02-05 13:00:00,442,106,107
2024-02-05 14:00:00,309,121,88
2024-02-05 15:00:00,310,115,97
2024-02-05 16:00:00,419,156,208
2024-02-05 17:00:00,274,136,214
2024-02-05 18:00:00,57,168,90
2024-02-05 19:00:00,26,178,67
2024-02-05 20:00:00,28,121,54
2024-02-05 21:00:00,16,153,17
2024-02-05 22:00:00,12,131,21
2024-02-05 23:00:00,3,95,8
2024-02-06 00:00:00,1,91,0
2024-02-06 01:00:00,1,58,1
2024-02-06 02:00:00,0,51,0
2024-02-06 03:00:00,0,43,0
2024-02-06 04:00:00,0,15,2
2024-02-06 05:00:00,1,28,2
2024-02-06 06:00:00,0,46,11
2024-02-06 07:00:00,87,101,138
2024-02-06 08:00:00,672,135,422
2024-02-06 09:00:00,385,205,249
2024-02-06 10:00:00,263,143,89
2024-02-06 11:00:00,259,132,84
2024-02-06 12:00:00,429,122,100
2024-02-06 13:00:00,548,145,77
2024-02-06 14:00:00,281,139,96
2024-02-06 15:00:00,323,138,114
2024-02-06 16:00:00,286,196,228
2024-02-06 17:00:00,39,193,217
2024-02-06 18:00:00,5,280,131
2024-02-06 19:00:00,1,216,70
2024-02-06 20:00:00,1,185,40
2024-02-06 21:00:00,2,156,19
2024-02-06 22:00:00,0,184,21
2024-02-06 23:00:00,0,175,18
2024-02-07 00:00:00,0,136,4
2024-02-07 01:00:00,0,88,0
2024-02-07 02:00:00,0,61,0
2024-02-07 03:00:00,0,48,0
2024-02-07 04:00:00,0,27,0
2024-02-07 05:00:00,0,35,2
2024-02-07 06:00:00,0,61,10
2024-02-07 07:00:00,115,140,69
2024-02-07 08:00:00,659,181,316
2024-02-07 09:00:00,391,219,191
2024-02-07 10:00:00,255,137,68
2024-02-07 11:00:00,316,118,72
2024-02-07 12:00:00,362,154,78
2024-02-07 13:00:00,442,162,97
2024-02-07 14:00:00,405,170,93
2024-02-07 15:00:00,365,147,104
2024-02-07 16:00:00,488,208,187
2024-02-07 17:00:00,345,171,206
2024-02-07 18:00:00,20,223,117
2024-02-07 19:00:00,39,210,83
2024-02-07 20:00:00,27,161,48
2024-02-07 21:00:00,27,198,27
2024-02-07 22:00:00,28,205,22
2024-02-07 23:00:00,7,162,11
2024-02-08 00:00:00,0,147,0
2024-02-08 01:00:00,1,123,0
2024-02-08 02:00:00,0,85,0
2024-02-08 03:00:00,0,58,0
2024-02-08 04:00:00,0,39,0
2024-02-08 05:00:00,0,25,4
2024-02-08 06:00:00,1,35,12
2024-02-08 07:00:00,0,127,71
2024-02-08 08:00:00,23,179,284
2024-02-08 09:00:00,91,324,167
2024-02-08 10:00:00,148,224,51
2024-02-08 11:00:00,166,194,46
2024-02-08 12:00:00,303,130,55
2024-02-08 13:00:00,272,173,56
2024-02-08 14:00:00,217,168,74
2024-02-08 15:00:00,237,146,57
2024-02-08 16:00:00,218,175,166
2024-02-08 17:00:00,1,184,143
2024-02-08 18:00:00,1,297,109
2024-02-08 19:00:00,0,272,60
2024-02-08 20:00:00,0,207,41
2024-02-08 21:00:00,0,211,29
2024-02-08 22:00:00,0,198,32
2024-02-08 23:00:00,1,170,17
2024-02-09 00:00:00,0,155,3
2024-02-09 01:00:00,0,125,1
2024-02-09 02:00:00,0,81,2
2024-02-09 03:00:00,0,62,2
2024-02-09 04:00:00,0,42,1
2024-02-09 05:00:00,0,36,2
2024-02-09 06:00:00,0,31,9
2024-02-09 07:00:00,50,91,76
2024-02-09 08:00:00,356,208,260
2024-02-09 09:00:00,241,187,156
2024-02-09 10:00:00,233,158,67
2024-02-09 11:00:00,247,172,60
2024-02-09 12:00:00,411,164,88
2024-02-09 13:00:00,410,197,98
2024-02-09 14:00:00,306,228,89
2024-02-09 15:00:00,320,200,116
2024-02-09 16:00:00,450,265,195
2024-02-09 17:00:00,187,275,180
2024-02-09 18:00:00,3,310,71
2024-02-09 19:00:00,0,411,72
2024-02-09 20:00:00,2,401,63
2024-02-09 21:00:00,2,291,45
2024-02-09 22:00:00,2,380,34
2024-02-09 23:00:00,4,376,29
2024-02-10 00:00:00,1,413,6
2024-02-10 01:00:00,0,444,7
2024-02-10 02:00:00,0,310,2
2024-02-10 03:00:00,0,163,0
2024-02-10 04:00:00,0,134,0
2024-02-10 05:00:00,0,76,0
2024-02-10 06:00:00,0,37,1
2024-02-10 07:00:00,17,57,18
2024-02-10 08:00:00,55,68,36
2024-02-10 09:00:00,114,128,59
2024-02-10 10:00:00,213,160,79
2024-02-10 11:00:00,350,145,98
2024-02-10 12:00:00,504,241,152
2024-02-10 13:00:00,758,202,111
2024-02-10 14:00:00,633,258,114
2024-02-10 15:00:00,623,244,91
2024-02-10 16:00:00,732,222,116
2024-02-10 17:00:00,368,319,60
2024-02-10 18:00:00,13,440,70
2024-02-10 19:00:00,6,467,49
2024-02-10 20:00:00,3,472,44
2024-02-10 21:00:00,5,397,29
2024-02-10 22:00:00,1,364,31
2024-02-10 23:00:00,2,380,24
2024-02-11 00:00:00,1,398,12
2024-02-11 01:00:00,1,366,0
2024-02-11 02:00:00,2,295,3
2024-02-11 03:00:00,1,247,2
2024-02-11 04:00:00,0,130,0
2024-02-11 05:00:00,0,98,0
2024-02-11 06:00:00,0,38,1
2024-02-11 07:00:00,7,25,8
2024-02-11 08:00:00,50,68,28
2024-02-11 09:00:00,99,71,60
2024-02-11 10:00:00,162,75,51
2024-02-11 11:00:00,256,104,63
2024-02-11 12:00:00,354,116,72
2024-02-11 13:00:00,370,136,83
2024-02-11 14:00:00,354,135,86
2024-02-11 15:00:00,343,143,91
2024-02-11 16:00:00,375,141,96
2024-02-11 17:00:00,267,155,72
2024-02-11 18:00:00,9,197,53
2024-02-11 19:00:00,20,204,50
2024-02-11 20:00:00,7,205,35
2024-02-11 21:00:00,5,154,29
2024-02-11 22:00:00,10,139,19
2024-02-11 23:00:00,3,137,13
2024-02-12 00:00:00,0,116,1
2024-02-12 01:00:00,0,75,0
2024-02-12 02:00:00,0,52,1
2024-02-12 03:00:00,1,48,0
2024-02-12 04:00:00,0,41,0
2024-02-12 05:00:00,0,27,4
2024-02-12 06:00:00,1,31,16
2024-02-12 07:00:00,87,83,103
2024-02-12 08:00:00,532,155,332
2024-02-12 09:00:00,293,163,154
2024-02-12 10:00:00,183,140,66
2024-02-12 11:00:00,173,119,51
2024-02-12 12:00:00,205,110,65
2024-02-12 13:00:00,543,143,79
2024-02-12 14:00:00,433,142,101
2024-02-12 15:00:00,392,129,94
2024-02-12 16:00:00,461,152,142
2024-02-12 17:00:00,513,168,288
2024-02-12 18:00:00,19,195,118
2024-02-12 19:00:00,23,193,93
2024-02-12 20:00:00,10,205,39
2024-02-12 21:00:00,6,156,34
2024-02-12 22:00:00,23,181,44
2024-02-12 23:00:00,7,143,8
2024-02-13 00:00:00,0,97,2
2024-02-13 01:00:00,0,80,0
2024-02-13 02:00:00,0,48,0
2024-02-13 03:00:00,0,34,1
2024-02-13 04:00:00,0,21,1
2024-02-13 05:00:00,0,30,3
2024-02-13 06:00:00,2,49,11
2024-02-13 07:00:00,149,82,123
2024-02-13 08:00:00,460,154,391
2024-02-13 09:00:00,222,213,197
2024-02-13 10:00:00,174,193,48
2024-02-13 11:00:00,153,170,46
2024-02-13 12:00:00,302,174,58
2024-02-13 13:00:00,365,151,63
2024-02-13 14:00:00,242,153,74
2024-02-13 15:00:00,256,170,72
2024-02-13 16:00:00,211,189,191
2024-02-13 17:00:00,43,204,232
2024-02-13 18:00:00,2,260,109
2024-02-13 19:00:00,0,222,76
2024-02-13 20:00:00,0,204,43
2024-02-13 21:00:00,1,168,35
2024-02-13 22:00:00,1,197,22
2024-02-13 23:00:00,0,161,10
2024-02-14 00:00:00,1,134,3
2024-02-14 01:00:00,0,116,0
2024-02-14 02:00:00,0,84,1
2024-02-14 03:00:00,0,75,0
2024-02-14 04:00:00,0,35,0
2024-02-14 05:00:00,0,19,3
2024-02-14 06:00:00,1,54,12
2024-02-14 07:00:00,63,108,98
2024-02-14 08:00:00,539,150,357
2024-02-14 09:00:00,317,177,190
2024-02-14 10:00:00,275,139,72
2024-02-14 11:00:00,321,126,85
2024-02-14 12:00:00,565,158,72
2024-02-14 13:00:00,578,210,77
2024-02-14 14:00:00,399,168,87
2024-02-14 15:00:00,357,182,89
2024-02-14 16:00:00,461,173,178
2024-02-14 17:00:00,297,213,313
2024-02-14 18:00:00,4,299,106
2024-02-14 19:00:00,2,310,66
2024-02-14 20:00:00,6,239,51
2024-02-14 21:00:00,0,230,36
2024-02-14 22:00:00,1,257,40
2024-02-14 23:00:00,1,247,20
2024-02-15 00:00:00,0,224,5
2024-02-15 01:00:00,0,112,0
2024-02-15 02:00:00,0,74,1
2024-02-15 03:00:00,0,37,0
2024-02-15 04:00:00,0,46,2
2024-02-15 05:00:00,0,30,4
2024-02-15 06:00:00,1,34,15
2024-02-15 07:00:00,79,98,107
2024-02-15 08:00:00,532,146,304
2024-02-15 09:00:00,321,164,205
2024-02-15 10:00:00,223,134,80
2024-02-15 11:00:00,306,162,98
2024-02-15 12:00:00,540,167,97
2024-02-15 13:00:00,671,177,101
2024-02-15 14:00:00,412,183,84
2024-02-15 15:00:00,324,185,89
2024-02-15 16:00:00,221,215,179
2024-02-15 17:00:00,199,226,271
2024-02-15 18:00:00,2,311,127
2024-02-15 19:00:00,2,320,62
2024-02-15 20:00:00,1,249,51
2024-02-15 21:00:00,1,234,37
2024-02-15 22:00:00,0,246,29
2024-02-15 23:00:00,0,198,15
2024-02-16 00:00:00,1,236,2
2024-02-16 01:00:00,0,221,1
2024-02-16 02:00:00,1,135,1
2024-02-16 03:00:00,0,56,0
2024-02-16 04:00:00,0,47,2
2024-02-16 05:00:00,0,34,1
2024-02-16 06:00:00,1,37,14
2024-02-16 07:00:00,65,76,87
2024-02-16 08:00:00,340,147,241
2024-02-16 09:00:00,227,167,162
2024-02-16 10:00:00,259,139,76
2024-02-16 11:00:00,292,155,92
2024-02-16 12:00:00,425,145,79
2024-02-16 13:00:00,477,176,96
2024-02-16 14:00:00,508,176,88
2024-02-16 15:00:00,467,205,92
2024-02-16 16:00:00,524,240,176
2024-02-16 17:00:00,482,274,210
2024-02-16 18:00:00,36,328,105
2024-02-16 19:00:00,7,405,73
2024-02-16 20:00:00,22,375,56
2024-02-16 21:00:00,38,347,48
2024-02-16 22:00:00,20,336,33
2024-02-16 23:00:00,10,397,18
2024-02-17 00:00:00,3,414,12
2024-02-17 01:00:00,0,335,7
2024-02-17 02:00:00,1,252,2
2024-02-17 03:00:00,0,172,0
2024-02-17 04:00:00,0,66,0
2024-02-17 05:00:00,0,59,0
2024-02-17 06:00:00,0,42,4
2024-02-17 07:00:00,28,45,25
2024-02-17 08:00:00,90,75,47
2024-02-17 09:00:00,168,105,50
2024-02-17 10:00:00,249,175,78
2024-02-17 11:00:00,374,191,100
2024-02-17 12:00:00,491,198,90
2024-02-17 13:00:00,501,229,95
2024-02-17 14:00:00,409,258,92
2024-02-17 15:00:00,457,238,59
2024-02-17 16:00:00,416,293,114
2024-02-17 17:00:00,41,320,57
2024-02-17 18:00:00,0,420,42
2024-02-17 19:00:00,0,469,55
2024-02-17 20:00:00,1,488,41
2024-02-17 21:00:00,0,438,33
2024-02-17 22:00:00,1,464,21
2024-02-17 23:00:00,2,436,28
2024-02-18 00:00:00,6,408,15
2024-02-18 01:00:00,4,406,5
2024-02-18 02:00:00,0,338,6
2024-02-18 03:00:00,1,231,0
2024-02-18 04:00:00,0,207,3
2024-02-18 05:00:00,0,95,4
2024-02-18 06:00:00,0,41,3
2024-02-18 07:00:00,4,33,7
2024-02-18 08:00:00,47,52,26
2024-02-18 09:00:00,108,50,63
2024-02-18 10:00:00,165,79,50
2024-02-18 11:00:00,258,118,52
2024-02-18 12:00:00,296,166,89
2024-02-18 13:00:00,295,158,97
2024-02-18 14:00:00,305,135,85
2024-02-18 15:00:00,219,144,84
2024-02-18 16:00:00,290,171,98
2024-02-18 17:00:00,197,170,78
2024-02-18 18:00:00,0,183,35
2024-02-18 19:00:00,1,157,31
2024-02-18 20:00:00,0,162,24
2024-02-18 21:00:00,0,146,22
2024-02-18 22:00:00,0,136,10
2024-02-18 23:00:00,0,100,6
2024-02-19 00:00:00,0,74,1
2024-02-19 01:00:00,0,55,0
2024-02-19 02:00:00,0,47,0
2024-02-19 03:00:00,0,41,0
2024-02-19 04:00:00,0,19,1
2024-02-19 05:00:00,0,26,3
2024-02-19 06:00:00,0,45,12
2024-02-19 07:00:00,48,99,127
2024-02-19 08:00:00,364,146,371
2024-02-19 09:00:00,302,219,208
2024-02-19 10:00:00,284,159,86
2024-02-19 11:00:00,266,133,71
2024-02-19 12:00:00,537,149,83
2024-02-19 13:00:00,540,137,109
2024-02-19 14:00:00,403,165,86
2024-02-19 15:00:00,423,144,101
2024-02-19 16:00:00,439,162,180
2024-02-19 17:00:00,559,149,303
2024-02-19 18:00:00,4,156,139
2024-02-19 19:00:00,0,172,69
2024-02-19 20:00:00,0,169,48
2024-02-19 21:00:00,0,138,39
2024-02-19 22:00:00,2,126,18
2024-02-19 23:00:00,1,117,16
2024-02-20 00:00:00,0,86,9
2024-02-20 01:00:00,0,72,1
2024-02-20 02:00:00,0,56,1
2024-02-20 03:00:00,0,38,0
2024-02-20 04:00:00,0,24,2
2024-02-20 05:00:00,0,29,1
2024-02-20 06:00:00,1,67,27
2024-02-20 07:00:00,158,121,145
2024-02-20 08:00:00,711,180,446
2024-02-20 09:00:00,440,274,249
2024-02-20 10:00:00,303,230,92
2024-02-20 11:00:00,314,189,99
2024-02-20 12:00:00,560,182,111
2024-02-20 13:00:00,561,195,124
2024-02-20 14:00:00,391,199,93
2024-02-20 15:00:00,412,155,126
2024-02-20 16:00:00,540,227,222
2024-02-20 17:00:00,671,195,448
2024-02-20 18:00:00,15,226,189
2024-02-20 19:00:00,17,247,78
2024-02-20 20:00:00,3,234,71
2024-02-20 21:00:00,3,195,39
2024-02-20 22:00:00,2,206,34
2024-02-20 23:00:00,0,166,8
2024-02-21 00:00:00,0,140,4
2024-02-21 01:00:00,0,102,1
2024-02-21 02:00:00,0,61,0
2024-02-21 03:00:00,0,38,0
2024-02-21 04:00:00,0,32,1
2024-02-21 05:00:00,0,31,3
2024-02-21 06:00:00,0,74,9
2024-02-21 07:00:00,24,147,87
2024-02-21 08:00:00,177,211,295
2024-02-21 09:00:00,67,326,184
2024-02-21 10:00:00,43,363,52
2024-02-21 11:00:00,242,274,52
2024-02-21 12:00:00,492,239,94
2024-02-21 13:00:00,441,194,73
2024-02-21 14:00:00,248,255,98
2024-02-21 15:00:00,328,209,77
2024-02-21 16:00:00,415,210,178
2024-02-21 17:00:00,480,218,253
2024-02-21 18:00:00,2,267,125
2024-02-21 19:00:00,1,239,62
2024-02-21 20:00:00,1,212,36
2024-02-21 21:00:00,2,161,36
2024-02-21 22:00:00,6,200,29
2024-02-21 23:00:00,4,180,8
2024-02-22 00:00:00,0,170,3
2024-02-22 01:00:00,0,112,2
2024-02-22 02:00:00,0,77,0
2024-02-22 03:00:00,0,54,0
2024-02-22 04:00:00,0,33,1
2024-02-22 05:00:00,0,33,2
2024-02-22 06:00:00,1,50,13
2024-02-22 07:00:00,53,125,111
2024-02-22 08:00:00,369,214,309
2024-02-22 09:00:00,259,281,213
2024-02-22 10:00:00,255,262,73
2024-02-22 11:00:00,284,208,70
2024-02-22 12:00:00,301,202,79
2024-02-22 13:00:00,147,294,52
2024-02-22 14:00:00,241,260,88
2024-02-22 15:00:00,376,219,92
2024-02-22 16:00:00,459,243,155
2024-02-22 17:00:00,571,248,248
2024-02-22 18:00:00,6,272,105
2024-02-22 19:00:00,1,255,58
2024-02-22 20:00:00,2,232,37
2024-02-22 21:00:00,3,207,31
2024-02-22 22:00:00,0,221,18
2024-02-22 23:00:00,2,221,19
2024-02-23 00:00:00,0,137,1
2024-02-23 01:00:00,0,161,0
2024-02-23 02:00:00,0,103,0
2024-02-23 03:00:00,0,63,0
2024-02-23 04:00:00,0,25,0
2024-02-23 05:00:00,0,28,3
2024-02-23 06:00:00,0,45,11
2024-02-23 07:00:00,61,87,95
2024-02-23 08:00:00,346,219,286
2024-02-23 09:00:00,198,252,143
2024-02-23 10:00:00,227,200,76
2024-02-23 11:00:00,262,209,69
2024-02-23 12:00:00,436,164,94
2024-02-23 13:00:00,424,193,92
2024-02-23 14:00:00,371,228,94
2024-02-23 15:00:00,365,214,113
2024-02-23 16:00:00,502,246,172
2024-02-23 17:00:00,457,294,237
2024-02-23 18:00:00,1,334,69
2024-02-23 19:00:00,0,432,57
2024-02-23 20:00:00,4,383,37
2024-02-23 21:00:00,1,355,45
2024-02-23 22:00:00,1,369,20
2024-02-23 23:00:00,0,384,12
2024-02-24 00:00:00,3,397,5
2024-02-24 01:00:00,1,337,0
2024-02-24 02:00:00,0,293,2
2024-02-24 03:00:00,0,194,1
2024-02-24 04:00:00,0,123,0
2024-02-24 05:00:00,1,58,1
2024-02-24 06:00:00,2,48,5
2024-02-24 07:00:00,44,68,20
2024-02-24 08:00:00,75,96,44
2024-02-24 09:00:00,102,127,48
2024-02-24 10:00:00,281,166,64
2024-02-24 11:00:00,394,158,75
2024-02-24 12:00:00,484,229,106
2024-02-24 13:00:00,624,259,133
2024-02-24 14:00:00,531,318,114
2024-02-24 15:00:00,594,276,99
2024-02-24 16:00:00,643,261,102
2024-02-24 17:00:00,521,302,70
2024-02-24 18:00:00,9,413,43
2024-02-24 19:00:00,0,466,49
2024-02-24 20:00:00,0,448,38
2024-02-24 21:00:00,3,444,30
2024-02-24 22:00:00,11,460,19
2024-02-24 23:00:00,5,431,12
2024-02-25 00:00:00,10,409,5
2024-02-25 01:00:00,8,384,5
2024-02-25 02:00:00,1,387,5
2024-02-25 03:00:00,0,258,1
2024-02-25 04:00:00,0,123,0
2024-02-25 05:00:00,0,58,0
2024-02-25 06:00:00,3,34,1
2024-02-25 07:00:00,28,33,9
2024-02-25 08:00:00,56,31,19
2024-02-25 09:00:00,115,73,50
2024-02-25 10:00:00,210,96,54
2024-02-25 11:00:00,226,139,54
2024-02-25 12:00:00,245,180,67
2024-02-25 13:00:00,149,182,59
2024-02-25 14:00:00,127,160,65
2024-02-25 15:00:00,46,142,28
2024-02-25 16:00:00,24,185,33
2024-02-25 17:00:00,6,191,28
2024-02-25 18:00:00,0,204,20
2024-02-25 19:00:00,0,171,15
2024-02-25 20:00:00,0,170,13
2024-02-25 21:00:00,0,144,10
2024-02-25 22:00:00,0,131,4
2024-02-25 23:00:00,0,109,3
2024-02-26 00:00:00,0,99,0
2024-02-26 01:00:00,0,56,0
2024-02-26 02:00:00,0,53,0
2024-02-26 03:00:00,0,25,0
2024-02-26 04:00:00,0,26,0
2024-02-26 05:00:00,0,25,2
2024-02-26 06:00:00,0,61,2
2024-02-26 07:00:00,117,126,91
2024-02-26 08:00:00,502,136,329
2024-02-26 09:00:00,290,169,163
2024-02-26 10:00:00,237,159,69
2024-02-26 11:00:00,225,158,52
2024-02-26 12:00:00,391,141,72
2024-02-26 13:00:00,375,122,87
2024-02-26 14:00:00,279,145,67
2024-02-26 15:00:00,296,131,110
2024-02-26 16:00:00,398,156,189
2024-02-26 17:00:00,590,165,369
2024-02-26 18:00:00,19,208,141
2024-02-26 19:00:00,3,152,71
2024-02-26 20:00:00,1,159,40
2024-02-26 21:00:00,2,182,27
2024-02-26 22:00:00,0,157,27
2024-02-26 23:00:00,1,111,9
2024-02-27 00:00:00,0,113,4
2024-02-27 01:00:00,0,85,0
2024-02-27 02:00:00,0,69,0
2024-02-27 03:00:00,0,36,0
2024-02-27 04:00:00,0,22,0
2024-02-27 05:00:00,0,21,2
2024-02-27 06:00:00,8,53,7
2024-02-27 07:00:00,180,111,155
2024-02-27 08:00:00,665,154,429
2024-02-27 09:00:00,374,248,231
2024-02-27 10:00:00,251,168,86
2024-02-27 11:00:00,255,170,65
2024-02-27 12:00:00,464,162,119
2024-02-27 13:00:00,467,141,96
2024-02-27 14:00:00,308,130,88
2024-02-27 15:00:00,241,149,110
2024-02-27 16:00:00,392,183,217
2024-02-27 17:00:00,356,167,403
2024-02-27 18:00:00,0,237,93
2024-02-27 19:00:00,0,199,38
2024-02-27 20:00:00,0,209,21
2024-02-27 21:00:00,0,206,28
2024-02-27 22:00:00,0,182,9
2024-02-27 23:00:00,0,143,5
2024-02-28 00:00:00,0,146,2
2024-02-28 01:00:00,0,90,0
2024-02-28 02:00:00,0,62,0
2024-02-28 03:00:00,0,40,0
2024-02-28 04:00:00,0,24,1
2024-02-28 05:00:00,0,34,3
2024-02-28 06:00:00,1,64,7
2024-02-28 07:00:00,120,111,143
2024-02-28 08:00:00,568,141,375
2024-02-28 09:00:00,323,202,213
2024-02-28 10:00:00,155,166,62
2024-02-28 11:00:00,158,177,74
2024-02-28 12:00:00,349,178,84
2024-02-28 13:00:00,347,168,106
2024-02-28 14:00:00,148,176,90
2024-02-28 15:00:00,187,166,105
2024-02-28 16:00:00,377,186,188
2024-02-28 17:00:00,225,210,289
2024-02-28 18:00:00,0,236,113
2024-02-28 19:00:00,0,237,55
2024-02-28 20:00:00,0,205,41
2024-02-28 21:00:00,1,205,20
2024-02-28 22:00:00,0,198,19
2024-02-28 23:00:00,2,195,14
2024-02-29 00:00:00,0,181,5
2024-02-29 01:00:00,0,104,0
2024-02-29 02:00:00,0,48,0
2024-02-29 03:00:00,0,50,0
2024-02-29 04:00:00,0,40,0
2024-02-29 05:00:00,0,17,2
2024-02-29 06:00:00,0,57,10
2024-02-29 07:00:00,58,115,117
2024-02-29 08:00:00,302,157,318
2024-02-29 09:00:00,104,241,187
2024-02-29 10:00:00,62,203,84
2024-02-29 11:00:00,256,135,66
2024-02-29 12:00:00,388,127,99
2024-02-29 13:00:00,453,150,94
2024-02-29 14:00:00,304,159,68
2024-02-29 15:00:00,325,142,116
2024-02-29 16:00:00,392,191,182
2024-02-29 17:00:00,714,219,297
2024-02-29 18:00:00,46,274,154
2024-02-29 19:00:00,3,233,83
2024-02-29 20:00:00,3,249,59
2024-02-29 21:00:00,1,253,57
2024-02-29 22:00:00,3,205,44
2024-02-29 23:00:00,2,221,14
2024-03-01 00:00:00,0,198,9
2024-03-01 01:00:00,0,206,0
2024-03-01 02:00:00,0,114,0
2024-03-01 03:00:00,0,104,0
2024-03-01 04:00:00,0,56,1
2024-03-01 05:00:00,0,20,4
2024-03-01 06:00:00,2,72,9
2024-03-01 07:00:00,41,111,97
2024-03-01 08:00:00,189,187,202
2024-03-01 09:00:00,105,188,115
2024-03-01 10:00:00,68,209,44
2024-03-01 11:00:00,114,187,49
2024-03-01 12:00:00,292,163,86
2024-03-01 13:00:00,140,201,81
2024-03-01 14:00:00,187,210,65
2024-03-01 15:00:00,180,215,102
2024-03-01 16:00:00,123,249,154
2024-03-01 17:00:00,303,278,231
2024-03-01 18:00:00,3,345,74
2024-03-01 19:00:00,0,407,44
2024-03-01 20:00:00,1,382,35
2024-03-01 21:00:00,0,404,31
2024-03-01 22:00:00,0,374,11
2024-03-01 23:00:00,0,416,14
2024-03-02 00:00:00,1,362,2
2024-03-02 01:00:00,0,462,2
2024-03-02 02:00:00,0,262,2
2024-03-02 03:00:00,0,185,1
2024-03-02 04:00:00,0,96,1
2024-03-02 05:00:00,0,73,1
2024-03-02 06:00:00,0,46,6
2024-03-02 07:00:00,14,46,12
2024-03-02 08:00:00,31,73,19
2024-03-02 09:00:00,64,135,35
2024-03-02 10:00:00,113,186,37
2024-03-02 11:00:00,96,212,34
2024-03-02 12:00:00,75,271,37
2024-03-02 13:00:00,106,319,65
2024-03-02 14:00:00,166,298,54
2024-03-02 15:00:00,183,271,82
2024-03-02 16:00:00,220,326,73
2024-03-02 17:00:00,240,360,84
2024-03-02 18:00:00,6,362,41
2024-03-02 19:00:00,9,455,45
2024-03-02 20:00:00,3,460,33
2024-03-02 21:00:00,3,466,25
2024-03-02 22:00:00,5,451,18
2024-03-02 23:00:00,5,460,19
2024-03-03 00:00:00,3,458,14
2024-03-03 01:00:00,2,458,5
2024-03-03 02:00:00,1,382,4
2024-03-03 03:00:00,1,275,3
2024-03-03 04:00:00,0,229,0
2024-03-03 05:00:00,0,101,0
2024-03-03 06:00:00,2,49,3
2024-03-03 07:00:00,18,36,1
2024-03-03 08:00:00,36,58,25
2024-03-03 09:00:00,55,76,35
2024-03-03 10:00:00,95,97,36
2024-03-03 11:00:00,231,104,67
2024-03-03 12:00:00,215,103,70
2024-03-03 13:00:00,272,152,80
2024-03-03 14:00:00,292,127,51
2024-03-03 15:00:00,300,120,60
2024-03-03 16:00:00,290,127,79
2024-03-03 17:00:00,341,159,97
2024-03-03 18:00:00,42,163,41
2024-03-03 19:00:00,1,152,41
2024-03-03 20:00:00,2,175,28
2024-03-03 21:00:00,2,166,25
2024-03-03 22:00:00,0,126,10
2024-03-03 23:00:00,0,123,4
2024-03-04 00:00:00,0,102,2
2024-03-04 01:00:00,2,77,2
2024-03-04 02:00:00,0,33,0
2024-03-04 03:00:00,0,43,0
2024-03-04 04:00:00,0,15,0
2024-03-04 05:00:00,0,21,2
2024-03-04 06:00:00,19,48,9
2024-03-04 07:00:00,119,99,115
2024-03-04 08:00:00,509,142,332
2024-03-04 09:00:00,277,213,180
2024-03-04 10:00:00,194,138,64
2024-03-04 11:00:00,216,134,71
2024-03-04 12:00:00,412,87,84
2024-03-04 13:00:00,403,92,88
2024-03-04 14:00:00,187,160,54
2024-03-04 15:00:00,221,138,78
2024-03-04 16:00:00,280,167,155
2024-03-04 17:00:00,371,162,304
2024-03-04 18:00:00,2,178,95
2024-03-04 19:00:00,1,173,39
2024-03-04 20:00:00,0,154,29
2024-03-04 21:00:00,0,173,29
2024-03-04 22:00:00,1,171,19
2024-03-04 23:00:00,0,108,9
2024-03-05 00:00:00,0,106,3
2024-03-05 01:00:00,0,72,0
2024-03-05 02:00:00,0,33,0
2024-03-05 03:00:00,0,30,0
2024-03-05 04:00:00,0,24,1
2024-03-05 05:00:00,0,22,2
2024-03-05 06:00:00,5,68,22
2024-03-05 07:00:00,110,115,160
2024-03-05 08:00:00,523,153,395
2024-03-05 09:00:00,265,220,211
2024-03-05 10:00:00,191,146,93
2024-03-05 11:00:00,207,116,60
2024-03-05 12:00:00,377,112,79
2024-03-05 13:00:00,533,95,65
2024-03-05 14:00:00,259,144,80
2024-03-05 15:00:00,327,141,105
2024-03-05 16:00:00,446,196,187
2024-03-05 17:00:00,758,170,390
2024-03-05 18:00:00,115,203,146
2024-03-05 19:00:00,2,242,70
2024-03-05 20:00:00,0,182,56
2024-03-05 21:00:00,0,183,35
2024-03-05 22:00:00,2,231,19
2024-03-05 23:00:00,0,180,11
2024-03-06 00:00:00,0,136,1
2024-03-06 01:00:00,0,120,0
2024-03-06 02:00:00,0,82,0
2024-03-06 03:00:00,0,37,0
2024-03-06 04:00:00,0,20,0
2024-03-06 05:00:00,0,33,3
2024-03-06 06:00:00,8,76,19
2024-03-06 07:00:00,145,145,115
2024-03-06 08:00:00,510,168,234
2024-03-06 09:00:00,245,173,140
2024-03-06 10:00:00,137,153,74
2024-03-06 11:00:00,273,142,68
2024-03-06 12:00:00,473,146,67
2024-03-06 13:00:00,428,169,88
2024-03-06 14:00:00,356,189,108
2024-03-06 15:00:00,325,174,113
2024-03-06 16:00:00,456,211,197
2024-03-06 17:00:00,674,194,429
2024-03-06 18:00:00,146,218,216
2024-03-06 19:00:00,4,233,90
2024-03-06 20:00:00,3,223,81
2024-03-06 21:00:00,0,247,50
2024-03-06 22:00:00,1,247,19
2024-03-06 23:00:00,0,191,8
2024-03-07 00:00:00,1,176,4
2024-03-07 01:00:00,0,120,0
2024-03-07 02:00:00,0,81,0
2024-03-07 03:00:00,0,59,1
2024-03-07 04:00:00,0,33,0
2024-03-07 05:00:00,0,23,1
2024-03-07 06:00:00,14,70,20
2024-03-07 07:00:00,165,94,143
2024-03-07 08:00:00,635,154,366
2024-03-07 09:00:00,305,201,217
2024-03-07 10:00:00,228,168,91
2024-03-07 11:00:00,291,156,70
2024-03-07 12:00:00,456,176,106
2024-03-07 13:00:00,531,182,96
2024-03-07 14:00:00,354,202,98
2024-03-07 15:00:00,345,185,120
2024-03-07 16:00:00,501,188,180
2024-03-07 17:00:00,707,234,411
2024-03-07 18:00:00,133,243,185
2024-03-07 19:00:00,1,270,95
2024-03-07 20:00:00,2,246,70
2024-03-07 21:00:00,0,245,40
2024-03-07 22:00:00,0,196,32
2024-03-07 23:00:00,1,214,7
2024-03-08 00:00:00,0,208,3
2024-03-08 01:00:00,0,173,3
2024-03-08 02:00:00,0,104,1
2024-03-08 03:00:00,0,56,0
2024-03-08 04:00:00,0,45,2
2024-03-08 05:00:00,0,34,1
2024-03-08 06:00:00,21,54,23
2024-03-08 07:00:00,123,102,83
2024-03-08 08:00:00,399,165,224
2024-03-08 09:00:00,277,146,151
2024-03-08 10:00:00,188,155,75
2024-03-08 11:00:00,199,166,95
2024-03-08 12:00:00,375,163,111
2024-03-08 13:00:00,356,181,131
2024-03-08 14:00:00,325,205,81
2024-03-08 15:00:00,311,230,126
2024-03-08 16:00:00,425,252,202
2024-03-08 17:00:00,552,309,285
2024-03-08 18:00:00,138,328,144
2024-03-08 19:00:00,4,398,69
2024-03-08 20:00:00,1,358,58
2024-03-08 21:00:00,4,406,49
2024-03-08 22:00:00,7,406,35
2024-03-08 23:00:00,12,433,29
2024-03-09 00:00:00,6,457,6
2024-03-09 01:00:00,0,352,0
2024-03-09 02:00:00,1,358,1
2024-03-09 03:00:00,1,219,0
2024-03-09 04:00:00,1,132,2
2024-03-09 05:00:00,0,75,1
2024-03-09 06:00:00,4,45,8
2024-03-09 07:00:00,17,69,19
2024-03-09 08:00:00,47,85,39
2024-03-09 09:00:00,72,110,56
2024-03-09 10:00:00,120,179,61
2024-03-09 11:00:00,196,170,81
2024-03-09 12:00:00,224,144,90
2024-03-09 13:00:00,244,181,93
2024-03-09 14:00:00,339,208,87
2024-03-09 15:00:00,385,234,67
2024-03-09 16:00:00,483,242,97
2024-03-09 17:00:00,438,328,79
2024-03-09 18:00:00,111,301,73
2024-03-09 19:00:00,8,400,62
2024-03-09 20:00:00,4,398,54
2024-03-09 21:00:00,1,372,20
2024-03-09 22:00:00,1,406,10
2024-03-09 23:00:00,1,476,12
2024-03-10 00:00:00,0,413,7
2024-03-10 01:00:00,0,352,5
2024-03-10 02:00:00,0,367,1
2024-03-10 03:00:00,0,247,0
2024-03-10 04:00:00,0,171,1
2024-03-10 05:00:00,0,51,1
2024-03-10 06:00:00,1,38,4
2024-03-10 07:00:00,15,45,7
2024-03-10 08:00:00,35,62,23
2024-03-10 09:00:00,92,95,21
2024-03-10 10:00:00,164,182,46
2024-03-10 11:00:00,189,163,57
2024-03-10 12:00:00,210,174,75
2024-03-10 13:00:00,214,147,73
2024-03-10 14:00:00,261,145,60
2024-03-10 15:00:00,254,159,78
2024-03-10 16:00:00,250,144,56
2024-03-10 17:00:00,234,164,107
2024-03-10 18:00:00,47,184,65
2024-03-10 19:00:00,1,168,41
2024-03-10 20:00:00,0,164,23
2024-03-10 21:00:00,0,139,17
2024-03-10 22:00:00,0,138,14
2024-03-10 23:00:00,0,98,5
2024-03-11 00:00:00,0,82,1
2024-03-11 01:00:00,0,66,1
2024-03-11 02:00:00,0,44,0
2024-03-11 03:00:00,0,32,0
2024-03-11 04:00:00,0,16,0
2024-03-11 05:00:00,0,50,2
2024-03-11 06:00:00,30,59,22
2024-03-11 07:00:00,118,92,149
2024-03-11 08:00:00,538,157,368
2024-03-11 09:00:00,224,174,195
2024-03-11 10:00:00,141,134,69
2024-03-11 11:00:00,218,120,50
2024-03-11 12:00:00,366,115,72
2024-03-11 13:00:00,377,149,95
2024-03-11 14:00:00,238,151,73
2024-03-11 15:00:00,269,146,105
2024-03-11 16:00:00,366,165,151
2024-03-11 17:00:00,630,172,370
2024-03-11 18:00:00,109,157,186
2024-03-11 19:00:00,7,190,85
2024-03-11 20:00:00,4,144,48
2024-03-11 21:00:00,0,185,31
2024-03-11 22:00:00,1,148,15
2024-03-11 23:00:00,1,121,8
2024-03-12 00:00:00,2,122,2
2024-03-12 01:00:00,0,97,0
2024-03-12 02:00:00,0,50,0
2024-03-12 03:00:00,0,33,0
2024-03-12 04:00:00,0,24,1
2024-03-12 05:00:00,0,25,1
2024-03-12 06:00:00,10,68,24
2024-03-12 07:00:00,47,104,121
2024-03-12 08:00:00,231,175,307
2024-03-12 09:00:00,133,262,158
2024-03-12 10:00:00,52,264,45
2024-03-12 11:00:00,81,177,40
2024-03-12 12:00:00,230,164,60
2024-03-12 13:00:00,291,168,77
2024-03-12 14:00:00,157,193,79
2024-03-12 15:00:00,135,196,61
2024-03-12 16:00:00,296,205,148
2024-03-12 17:00:00,462,213,311
2024-03-12 18:00:00,55,188,122
2024-03-12 19:00:00,0,179,52
2024-03-12 20:00:00,1,147,35
2024-03-12 21:00:00,1,208,22
2024-03-12 22:00:00,1,140,11
2024-03-12 23:00:00,1,152,17
2024-03-13 00:00:00,0,185,2
2024-03-13 01:00:00,1,115,0
2024-03-13 02:00:00,0,74,1
2024-03-13 03:00:00,0,29,0
2024-03-13 04:00:00,0,26,1
2024-03-13 05:00:00,0,41,2
2024-03-13 06:00:00,30,63,23
2024-03-13 07:00:00,141,110,146
2024-03-13 08:00:00,594,170,384
2024-03-13 09:00:00,311,205,184
2024-03-13 10:00:00,215,173,82
2024-03-13 11:00:00,235,156,66
2024-03-13 12:00:00,411,157,105
2024-03-13 13:00:00,443,182,124
2024-03-13 14:00:00,355,203,86
2024-03-13 15:00:00,329,162,112
2024-03-13 16:00:00,485,224,187
2024-03-13 17:00:00,761,191,423
2024-03-13 18:00:00,213,160,188
2024-03-13 19:00:00,1,220,50
2024-03-13 20:00:00,0,159,58
2024-03-13 21:00:00,3,222,43
2024-03-13 22:00:00,1,175,33
2024-03-13 23:00:00,1,192,12
2024-03-14 00:00:00,1,180,4
2024-03-14 01:00:00,0,138,0
2024-03-14 02:00:00,0,106,0
2024-03-14 03:00:00,0,52,0
2024-03-14 04:00:00,0,35,1
2024-03-14 05:00:00,0,24,1
2024-03-14 06:00:00,41,75,36
2024-03-14 07:00:00,112,107,139
2024-03-14 08:00:00,572,148,365
2024-03-14 09:00:00,318,246,227
2024-03-14 10:00:00,224,216,85
2024-03-14 11:00:00,297,158,52
2024-03-14 12:00:00,438,141,95
2024-03-14 13:00:00,453,162,107
2024-03-14 14:00:00,276,198,87
2024-03-14 15:00:00,235,207,104
2024-03-14 16:00:00,277,225,187
2024-03-14 17:00:00,370,277,364
2024-03-14 18:00:00,51,231,112
2024-03-14 19:00:00,2,237,49
2024-03-14 20:00:00,0,191,35
2024-03-14 21:00:00,0,216,21
2024-03-14 22:00:00,2,226,27
2024-03-14 23:00:00,0,233,8
2024-03-15 00:00:00,2,200,2
2024-03-15 01:00:00,1,164,1
2024-03-15 02:00:00,0,102,0
2024-03-15 03:00:00,0,45,0
2024-03-15 04:00:00,0,32,0
2024-03-15 05:00:00,0,28,0
2024-03-15 06:00:00,5,53,22
2024-03-15 07:00:00,89,133,99
2024-03-15 08:00:00,291,173,195
2024-03-15 09:00:00,244,171,153
2024-03-15 10:00:00,164,176,48
2024-03-15 11:00:00,170,167,81
2024-03-15 12:00:00,290,148,83
2024-03-15 13:00:00,346,200,74
2024-03-15 14:00:00,364,228,78
2024-03-15 15:00:00,301,233,85
2024-03-15 16:00:00,479,210,175
2024-03-15 17:00:00,540,266,235
2024-03-15 18:00:00,220,217,92
2024-03-15 19:00:00,3,302,60
2024-03-15 20:00:00,0,338,43
2024-03-15 21:00:00,11,351,42
2024-03-15 22:00:00,4,315,31
2024-03-15 23:00:00,5,365,23
2024-03-16 00:00:00,4,358,5
2024-03-16 01:00:00,3,371,7
2024-03-16 02:00:00,0,310,4
2024-03-16 03:00:00,0,153,1
2024-03-16 04:00:00,0,89,0
2024-03-16 05:00:00,0,71,1
2024-03-16 06:00:00,29,63,6
2024-03-16 07:00:00,35,42,17
2024-03-16 08:00:00,65,67,43
2024-03-16 09:00:00,185,114,55
2024-03-16 10:00:00,240,179,57
2024-03-16 11:00:00,345,179,93
2024-03-16 12:00:00,456,231,103
2024-03-16 13:00:00,763,225,118
2024-03-16 14:00:00,539,287,114
2024-03-16 15:00:00,457,258,90
2024-03-16 16:00:00,286,338,85
2024-03-16 17:00:00,264,339,92
2024-03-16 18:00:00,14,232,38
2024-03-16 19:00:00,4,369,28
2024-03-16 20:00:00,0,407,27
2024-03-16 21:00:00,4,428,35
2024-03-16 22:00:00,5,434,28
2024-03-16 23:00:00,3,484,9
2024-03-17 00:00:00,0,446,12
2024-03-17 01:00:00,0,364,1
2024-03-17 02:00:00,0,343,2
2024-03-17 03:00:00,0,195,2
2024-03-17 04:00:00,0,107,1
2024-03-17 05:00:00,0,91,1
2024-03-17 06:00:00,3,35,5
2024-03-17 07:00:00,11,35,8
2024-03-17 08:00:00,45,84,28
2024-03-17 09:00:00,95,97,47
2024-03-17 10:00:00,183,104,48
2024-03-17 11:00:00,237,123,51
2024-03-17 12:00:00,378,126,54
2024-03-17 13:00:00,346,166,66
2024-03-17 14:00:00,345,206,64
2024-03-17 15:00:00,367,195,62
2024-03-17 16:00:00,365,210,64
2024-03-17 17:00:00,415,170,92
2024-03-17 18:00:00,198,133,73
2024-03-17 19:00:00,3,191,40
2024-03-17 20:00:00,3,176,40
2024-03-17 21:00:00,2,193,24
2024-03-17 22:00:00,0,184,16
2024-03-17 23:00:00,1,185,10
2024-03-18 00:00:00,0,182,6
2024-03-18 01:00:00,0,142,0
2024-03-18 02:00:00,0,113,0
2024-03-18 03:00:00,0,73,0
2024-03-18 04:00:00,0,34,0
2024-03-18 05:00:00,0,24,2
2024-03-18 06:00:00,30,48,9
2024-03-18 07:00:00,149,86,90
2024-03-18 08:00:00,482,115,298
2024-03-18 09:00:00,293,141,188
2024-03-18 10:00:00,213,138,66
2024-03-18 11:00:00,245,130,57
2024-03-18 12:00:00,400,98,88
2024-03-18 13:00:00,476,150,126
2024-03-18 14:00:00,280,126,95
2024-03-18 15:00:00,317,160,119
2024-03-18 16:00:00,397,161,188
2024-03-18 17:00:00,667,158,381
2024-03-18 18:00:00,281,141,209
2024-03-18 19:00:00,2,181,63
2024-03-18 20:00:00,0,189,41
2024-03-18 21:00:00,4,153,43
2024-03-18 22:00:00,1,180,16
2024-03-18 23:00:00,0,121,16
2024-03-19 00:00:00,0,111,5
2024-03-19 01:00:00,0,60,1
2024-03-19 02:00:00,0,53,0
2024-03-19 03:00:00,0,38,0
2024-03-19 04:00:00,0,19,0
2024-03-19 05:00:00,0,30,2
2024-03-19 06:00:00,52,72,40
2024-03-19 07:00:00,198,109,173
2024-03-19 08:00:00,617,125,391
2024-03-19 09:00:00,339,230,213
2024-03-19 10:00:00,235,186,84
2024-03-19 11:00:00,247,157,66
2024-03-19 12:00:00,416,163,85
2024-03-19 13:00:00,499,125,91
2024-03-19 14:00:00,346,188,99
2024-03-19 15:00:00,322,171,123
2024-03-19 16:00:00,449,198,213
2024-03-19 17:00:00,741,184,451
2024-03-19 18:00:00,301,171,227
2024-03-19 19:00:00,2,230,65
2024-03-19 20:00:00,1,148,38
2024-03-19 21:00:00,1,175,24
2024-03-19 22:00:00,0,183,15
2024-03-19 23:00:00,0,181,5
2024-03-20 00:00:00,0,148,2
2024-03-20 01:00:00,0,101,0
2024-03-20 02:00:00,0,73,0
2024-03-20 03:00:00,0,32,0
2024-03-20 04:00:00,0,26,1
2024-03-20 05:00:00,0,48,3
2024-03-20 06:00:00,39,65,35
2024-03-20 07:00:00,154,89,164
2024-03-20 08:00:00,583,122,390
2024-03-20 09:00:00,338,216,233
2024-03-20 10:00:00,212,174,99
2024-03-20 11:00:00,260,130,82
2024-03-20 12:00:00,417,156,102
2024-03-20 13:00:00,482,154,99
2024-03-20 14:00:00,295,183,88
2024-03-20 15:00:00,281,181,113
2024-03-20 16:00:00,401,200,206
2024-03-20 17:00:00,768,193,346
2024-03-20 18:00:00,297,173,213
2024-03-20 19:00:00,2,189,95
2024-03-20 20:00:00,4,193,75
2024-03-20 21:00:00,0,231,40
2024-03-20 22:00:00,0,245,32
2024-03-20 23:00:00,0,231,22
2024-03-21 00:00:00,0,182,3
2024-03-21 01:00:00,0,128,1
2024-03-21 02:00:00,0,89,0
2024-03-21 03:00:00,0,52,0
2024-03-21 04:00:00,0,33,1
2024-03-21 05:00:00,0,37,4
2024-03-21 06:00:00,38,48,36
2024-03-21 07:00:00,169,78,137
2024-03-21 08:00:00,657,142,383
2024-03-21 09:00:00,358,236,198
2024-03-21 10:00:00,219,147,80
2024-03-21 11:00:00,278,121,60
2024-03-21 12:00:00,441,111,101
2024-03-21 13:00:00,512,150,118
2024-03-21 14:00:00,358,191,83
2024-03-21 15:00:00,341,184,98
2024-03-21 16:00:00,445,234,219
2024-03-21 17:00:00,783,214,387
2024-03-21 18:00:00,416,213,199
2024-03-21 19:00:00,2,199,76
2024-03-21 20:00:00,1,196,66
2024-03-21 21:00:00,5,241,60
2024-03-21 22:00:00,5,245,32
2024-03-21 23:00:00,11,225,20
2024-03-22 00:00:00,3,250,8
2024-03-22 01:00:00,0,208,3
2024-03-22 02:00:00,1,135,0
2024-03-22 03:00:00,0,59,0
2024-03-22 04:00:00,0,37,1
2024-03-22 05:00:00,0,35,1
2024-03-22 06:00:00,10,58,24
2024-03-22 07:00:00,112,113,106
2024-03-22 08:00:00,319,177,257
2024-03-22 09:00:00,140,218,147
2024-03-22 10:00:00,223,175,75
2024-03-22 11:00:00,304,153,72
2024-03-22 12:00:00,383,156,89
2024-03-22 13:00:00,434,148,93
2024-03-22 14:00:00,303,241,72
2024-03-22 15:00:00,379,258,112
2024-03-22 16:00:00,474,266,163
2024-03-22 17:00:00,679,299,248
2024-03-22 18:00:00,427,230,170
2024-03-22 19:00:00,2,295,49
2024-03-22 20:00:00,0,334,30
2024-03-22 21:00:00,5,330,31
2024-03-22 22:00:00,5,310,27
2024-03-22 23:00:00,1,318,21
2024-03-23 00:00:00,5,439,13
2024-03-23 01:00:00,0,398,5
2024-03-23 02:00:00,0,389,3
2024-03-23 03:00:00,0,156,0
2024-03-23 04:00:00,0,78,0
2024-03-23 05:00:00,1,106,0
2024-03-23 06:00:00,17,37,6
2024-03-23 07:00:00,23,47,10
2024-03-23 08:00:00,69,99,31
2024-03-23 09:00:00,176,165,51
2024-03-23 10:00:00,210,172,57
2024-03-23 11:00:00,251,250,82
2024-03-23 12:00:00,367,260,71
2024-03-23 13:00:00,367,285,60
2024-03-23 14:00:00,351,325,64
2024-03-23 15:00:00,395,296,54
2024-03-23 16:00:00,460,303,65
2024-03-23 17:00:00,551,355,104
2024-03-23 18:00:00,382,284,93
2024-03-23 19:00:00,1,407,58
2024-03-23 20:00:00,2,373,49
2024-03-23 21:00:00,4,453,48
2024-03-23 22:00:00,4,457,33
2024-03-23 23:00:00,5,441,20
2024-03-24 00:00:00,12,426,12
2024-03-24 01:00:00,9,450,5
2024-03-24 02:00:00,2,419,2
2024-03-24 03:00:00,1,286,0
2024-03-24 04:00:00,0,105,1
2024-03-24 05:00:00,0,89,0
2024-03-24 06:00:00,11,37,7
2024-03-24 07:00:00,18,25,14
2024-03-24 08:00:00,44,47,39
2024-03-24 09:00:00,95,101,71
2024-03-24 10:00:00,178,130,45
2024-03-24 11:00:00,261,122,75
2024-03-24 12:00:00,296,122,97
2024-03-24 13:00:00,248,126,83
2024-03-24 14:00:00,306,175,78
2024-03-24 15:00:00,229,159,89
2024-03-24 16:00:00,307,184,74
2024-03-24 17:00:00,322,167,106
2024-03-24 18:00:00,181,118,97
2024-03-24 19:00:00,1,137,37
2024-03-24 20:00:00,1,117,26
2024-03-24 21:00:00,1,151,23
2024-03-24 22:00:00,0,168,20
2024-03-24 23:00:00,0,136,10
2024-03-25 00:00:00,0,118,1
2024-03-25 01:00:00,1,91,0
2024-03-25 02:00:00,0,47,0
2024-03-25 03:00:00,0,29,0
2024-03-25 04:00:00,0,20,0
2024-03-25 05:00:00,0,38,2
2024-03-25 06:00:00,22,59,29
2024-03-25 07:00:00,132,79,133
2024-03-25 08:00:00,451,135,328
2024-03-25 09:00:00,277,184,173
2024-03-25 10:00:00,166,142,67
2024-03-25 11:00:00,209,119,60
2024-03-25 12:00:00,393,136,104
2024-03-25 13:00:00,346,134,73
2024-03-25 14:00:00,264,148,53
2024-03-25 15:00:00,283,138,99
2024-03-25 16:00:00,371,173,172
2024-03-25 17:00:00,584,183,363
2024-03-25 18:00:00,348,168,177
2024-03-25 19:00:00,1,158,61
2024-03-25 20:00:00,1,149,55
2024-03-25 21:00:00,3,174,19
2024-03-25 22:00:00,2,172,20
2024-03-25 23:00:00,1,141,9
2024-03-26 00:00:00,0,99,2
2024-03-26 01:00:00,0,70,0
2024-03-26 02:00:00,0,65,0
2024-03-26 03:00:00,0,37,0
2024-03-26 04:00:00,0,30,0
2024-03-26 05:00:00,1,45,2
2024-03-26 06:00:00,49,57,42
2024-03-26 07:00:00,192,102,145
2024-03-26 08:00:00,627,117,431
2024-03-26 09:00:00,292,198,194
2024-03-26 10:00:00,210,174,71
2024-03-26 11:00:00,210,137,64
2024-03-26 12:00:00,403,100,99
2024-03-26 13:00:00,366,151,91
2024-03-26 14:00:00,298,149,77
2024-03-26 15:00:00,254,171,108
2024-03-26 16:00:00,373,172,239
2024-03-26 17:00:00,588,201,407
2024-03-26 18:00:00,326,164,208
2024-03-26 19:00:00,5,165,79
2024-03-26 20:00:00,1,163,51
2024-03-26 21:00:00,1,185,36
2024-03-26 22:00:00,2,213,33
2024-03-26 23:00:00,3,178,13
2024-03-27 00:00:00,1,182,4
2024-03-27 01:00:00,0,101,0
2024-03-27 02:00:00,0,51,0
2024-03-27 03:00:00,0,39,1
2024-03-27 04:00:00,0,29,0
2024-03-27 05:00:00,1,29,5
2024-03-27 06:00:00,46,61,32
2024-03-27 07:00:00,160,112,145
2024-03-27 08:00:00,362,133,296
2024-03-27 09:00:00,225,192,167
2024-03-27 10:00:00,149,151,67
2024-03-27 11:00:00,220,145,48
2024-03-27 12:00:00,425,132,72
2024-03-27 13:00:00,462,144,84
2024-03-27 14:00:00,179,183,69
2024-03-27 15:00:00,226,145,78
2024-03-27 16:00:00,308,213,115
2024-03-27 17:00:00,645,222,297
2024-03-27 18:00:00,227,197,145
2024-03-27 19:00:00,0,226,55
2024-03-27 20:00:00,0,153,31
2024-03-27 21:00:00,0,163,17
2024-03-27 22:00:00,0,225,16
2024-03-27 23:00:00,0,179,11
2024-03-28 00:00:00,0,211,2
2024-03-28 01:00:00,0,122,0
2024-03-28 02:00:00,0,80,0
2024-03-28 03:00:00,0,46,0
2024-03-28 04:00:00,0,33,0
2024-03-28 05:00:00,1,28,1
2024-03-28 06:00:00,24,39,18
2024-03-28 07:00:00,153,88,112
2024-03-28 08:00:00,434,120,279
2024-03-28 09:00:00,264,164,184
2024-03-28 10:00:00,77,187,44
2024-03-28 11:00:00,155,160,56
2024-03-28 12:00:00,286,166,80
2024-03-28 13:00:00,274,177,79
2024-03-28 14:00:00,134,205,65
2024-03-28 15:00:00,102,211,68
2024-03-28 16:00:00,244,229,141
2024-03-28 17:00:00,548,269,266
2024-03-28 18:00:00,329,254,175
2024-03-28 19:00:00,3,306,72
2024-03-28 20:00:00,1,267,46
2024-03-28 21:00:00,3,224,28
2024-03-28 22:00:00,6,270,28
2024-03-28 23:00:00,2,274,25
2024-03-29 00:00:00,1,266,3
2024-03-29 01:00:00,0,246,1
2024-03-29 02:00:00,0,181,0
2024-03-29 03:00:00,1,92,1
2024-03-29 04:00:00,0,91,0
2024-03-29 05:00:00,2,70,5
2024-03-29 06:00:00,14,39,16
2024-03-29 07:00:00,28,58,18
2024-03-29 08:00:00,87,58,35
2024-03-29 09:00:00,137,116,54
2024-03-29 10:00:00,118,116,50
2024-03-29 11:00:00,237,124,54
2024-03-29 12:00:00,306,112,50
2024-03-29 13:00:00,355,164,72
2024-03-29 14:00:00,272,248,53
2024-03-29 15:00:00,338,273,67
2024-03-29 16:00:00,361,333,69
2024-03-29 17:00:00,394,284,82
2024-03-29 18:00:00,394,222,88
2024-03-29 19:00:00,37,279,52
2024-03-29 20:00:00,32,299,45
2024-03-29 21:00:00,37,301,33
2024-03-29 22:00:00,39,394,31
2024-03-29 23:00:00,12,470,17
2024-03-30 00:00:00,6,430,9
2024-03-30 01:00:00,7,510,2
2024-03-30 02:00:00,0,381,2
2024-03-30 03:00:00,0,165,1
2024-03-30 04:00:00,0,87,1
2024-03-30 05:00:00,3,107,1
2024-03-30 06:00:00,20,34,5
2024-03-30 07:00:00,35,24,30
2024-03-30 08:00:00,70,69,43
2024-03-30 09:00:00,127,102,65
2024-03-30 10:00:00,155,114,71
2024-03-30 11:00:00,372,133,84
2024-03-30 12:00:00,369,153,104
2024-03-30 13:00:00,512,226,82
2024-03-30 14:00:00,466,311,124
2024-03-30 15:00:00,472,285,120
2024-03-30 16:00:00,448,291,112
2024-03-30 17:00:00,520,295,119
2024-03-30 18:00:00,481,288,94
2024-03-30 19:00:00,155,306,72
2024-03-30 20:00:00,96,357,57
2024-03-30 21:00:00,112,363,54
2024-03-30 22:00:00,94,494,46
2024-03-30 23:00:00,72,533,23
2024-03-31 00:00:00,27,493,12
2024-03-31 01:00:00,18,392,5
2024-03-31 02:00:00,4,256,2
2024-03-31 03:00:00,0,166,0
2024-03-31 04:00:00,0,108,0
2024-03-31 05:00:00,13,63,3
2024-03-31 06:00:00,17,38,15
2024-03-31 07:00:00,40,35,18
2024-03-31 08:00:00,61,45,67
2024-03-31 09:00:00,119,84,35
2024-03-31 10:00:00,206,111,51
2024-03-31 11:00:00,275,113,82
2024-03-31 12:00:00,357,112,202
2024-03-31 13:00:00,380,163,171
2024-03-31 14:00:00,302,168,130
2024-03-31 15:00:00,384,222,153
2024-03-31 16:00:00,370,204,121
2024-03-31 17:00:00,349,189,107
2024-03-31 18:00:00,302,156,83
2024-03-31 19:00:00,47,201,45
2024-03-31 20:00:00,20,189,25
2024-03-31 21:00:00,49,200,29
2024-03-31 22:00:00,6,270,8
2024-03-31 23:00:00,0,231,1
2024-04-01 00:00:00,0,228,0
2024-04-01 01:00:00,0,167,0
2024-04-01 02:00:00,0,96,0
2024-04-01 03:00:00,0,47,1
2024-04-01 04:00:00,0,23,0
2024-04-01 05:00:00,11,46,8
2024-04-01 06:00:00,27,32,14
2024-04-01 07:00:00,38,41,30
2024-04-01 08:00:00,100,53,35
2024-04-01 09:00:00,127,92,45
2024-04-01 10:00:00,227,70,56
2024-04-01 11:00:00,267,74,55
2024-04-01 12:00:00,229,82,36
2024-04-01 13:00:00,180,108,57
2024-04-01 14:00:00,215,128,54
2024-04-01 15:00:00,211,131,67
2024-04-01 16:00:00,216,157,50
2024-04-01 17:00:00,232,140,100
2024-04-01 18:00:00,216,111,65
2024-04-01 19:00:00,25,96,36
2024-04-01 20:00:00,6,114,27
2024-04-01 21:00:00,2,124,24
2024-04-01 22:00:00,1,142,8
2024-04-01 23:00:00,0,134,2
2024-04-02 00:00:00,0,96,1
2024-04-02 01:00:00,0,38,0
2024-04-02 02:00:00,0,22,0
2024-04-02 03:00:00,0,24,1
2024-04-02 04:00:00,0,33,1
2024-04-02 05:00:00,21,37,23
2024-04-02 06:00:00,122,79,101
2024-04-02 07:00:00,401,138,316
2024-04-02 08:00:00,255,120,144
2024-04-02 09:00:00,182,119,75
2024-04-02 10:00:00,201,129,54
2024-04-02 11:00:00,404,115,100
2024-04-02 12:00:00,378,127,70
2024-04-02 13:00:00,283,153,67
2024-04-02 14:00:00,249,145,83
2024-04-02 15:00:00,326,179,151
2024-04-02 16:00:00,459,204,292
2024-04-02 17:00:00,276,214,182
2024-04-02 18:00:00,156,150,89
2024-04-02 19:00:00,1,115,24
2024-04-02 20:00:00,1,120,17
2024-04-02 21:00:00,0,136,18
2024-04-02 22:00:00,0,165,9
2024-04-02 23:00:00,0,113,5
2024-04-03 00:00:00,0,95,0
2024-04-03 01:00:00,1,63,0
2024-04-03 02:00:00,0,29,0
2024-04-03 03:00:00,0,15,2
2024-04-03 04:00:00,0,25,1
2024-04-03 05:00:00,26,50,29
2024-04-03 06:00:00,136,63,137
2024-04-03 07:00:00,452,134,341
2024-04-03 08:00:00,196,131,143
2024-04-03 09:00:00,173,169,61
2024-04-03 10:00:00,203,126,74
2024-04-03 11:00:00,378,142,80
2024-04-03 12:00:00,409,142,68
2024-04-03 13:00:00,278,148,74
2024-04-03 14:00:00,263,209,92
2024-04-03 15:00:00,341,176,156
2024-04-03 16:00:00,585,181,353
2024-04-03 17:00:00,401,204,223
2024-04-03 18:00:00,304,134,126
2024-04-03 19:00:00,34,118,45
2024-04-03 20:00:00,2,139,24
2024-04-03 21:00:00,0,171,17
2024-04-03 22:00:00,0,164,4
2024-04-03 23:00:00,0,124,1
2024-04-04 00:00:00,0,90,1
2024-04-04 01:00:00,1,73,0
2024-04-04 02:00:00,0,47,0
2024-04-04 03:00:00,0,28,1
2024-04-04 04:00:00,0,43,3
2024-04-04 05:00:00,25,33,25
2024-04-04 06:00:00,138,96,112
2024-04-04 07:00:00,369,156,292
2024-04-04 08:00:00,223,178,179
2024-04-04 09:00:00,173,133,66
2024-04-04 10:00:00,232,136,78
2024-04-04 11:00:00,312,163,72
2024-04-04 12:00:00,335,175,81
2024-04-04 13:00:00,240,187,81
2024-04-04 14:00:00,277,191,93
2024-04-04 15:00:00,363,197,164
2024-04-04 16:00:00,594,209,344
2024-04-04 17:00:00,320,289,200
2024-04-04 18:00:00,164,180,121
2024-04-04 19:00:00,1,113,39
2024-04-04 20:00:00,1,138,29
2024-04-04 21:00:00,3,151,30
2024-04-04 22:00:00,1,262,11
2024-04-04 23:00:00,0,230,4
2024-04-05 00:00:00,0,177,1
2024-04-05 01:00:00,0,115,0
2024-04-05 02:00:00,0,55,1
2024-04-05 03:00:00,0,24,0
2024-04-05 04:00:00,0,30,6
2024-04-05 05:00:00,24,34,16
2024-04-05 06:00:00,104,78,82
2024-04-05 07:00:00,289,121,238
2024-04-05 08:00:00,146,123,114
2024-04-05 09:00:00,143,111,64
2024-04-05 10:00:00,205,150,64
2024-04-05 11:00:00,287,150,75
2024-04-05 12:00:00,354,140,91
2024-04-05 13:00:00,321,167,92
2024-04-05 14:00:00,292,217,81
2024-04-05 15:00:00,423,246,158
2024-04-05 16:00:00,520,265,219
2024-04-05 17:00:00,498,331,159
2024-04-05 18:00:00,243,310,107
2024-04-05 19:00:00,4,228,26
2024-04-05 20:00:00,9,244,30
2024-04-05 21:00:00,1,281,20
2024-04-05 22:00:00,5,336,24
2024-04-05 23:00:00,2,407,4
2024-04-06 00:00:00,3,400,1
2024-04-06 01:00:00,8,287,4
2024-04-06 02:00:00,1,161,0
2024-04-06 03:00:00,0,91,0
2024-04-06 04:00:00,0,69,2
2024-04-06 05:00:00,24,38,8
2024-04-06 06:00:00,37,42,25
2024-04-06 07:00:00,112,65,47
2024-04-06 08:00:00,97,58,68
2024-04-06 09:00:00,199,98,87
2024-04-06 10:00:00,310,113,68
2024-04-06 11:00:00,351,165,80
2024-04-06 12:00:00,428,193,80
2024-04-06 13:00:00,450,206,107
2024-04-06 14:00:00,525,251,77
2024-04-06 15:00:00,480,236,82
2024-04-06 16:00:00,527,274,92
2024-04-06 17:00:00,503,287,108
2024-04-06 18:00:00,568,358,92
2024-04-06 19:00:00,98,248,42
2024-04-06 20:00:00,41,329,46
2024-04-06 21:00:00,83,345,53
2024-04-06 22:00:00,47,419,34
2024-04-06 23:00:00,9,350,8
2024-04-07 00:00:00,5,409,2
2024-04-07 01:00:00,0,444,9
2024-04-07 02:00:00,0,247,1
2024-04-07 03:00:00,0,131,0
2024-04-07 04:00:00,1,106,0
2024-04-07 05:00:00,14,43,3
2024-04-07 06:00:00,16,32,15
2024-04-07 07:00:00,47,39,35
2024-04-07 08:00:00,97,68,45
2024-04-07 09:00:00,158,112,50
2024-04-07 10:00:00,226,142,51
2024-04-07 11:00:00,276,161,79
2024-04-07 12:00:00,256,148,65
2024-04-07 13:00:00,298,135,76
2024-04-07 14:00:00,318,156,79
2024-04-07 15:00:00,297,174,113
2024-04-07 16:00:00,272,130,80
2024-04-07 17:00:00,227,140,82
2024-04-07 18:00:00,219,91,82
2024-04-07 19:00:00,60,84,41
2024-04-07 20:00:00,10,129,30
2024-04-07 21:00:00,13,126,18
2024-04-07 22:00:00,0,168,10
2024-04-07 23:00:00,0,111,3
2024-04-08 00:00:00,0,86,0
2024-04-08 01:00:00,0,46,0
2024-04-08 02:00:00,0,28,0
2024-04-08 03:00:00,0,14,0
2024-04-08 04:00:00,0,20,3
2024-04-08 05:00:00,38,41,31
2024-04-08 06:00:00,124,59,131
2024-04-08 07:00:00,381,132,347
2024-04-08 08:00:00,234,116,172
2024-04-08 09:00:00,149,89,56
2024-04-08 10:00:00,187,95,60
2024-04-08 11:00:00,346,119,65
2024-04-08 12:00:00,357,75,60
2024-04-08 13:00:00,255,111,64
2024-04-08 14:00:00,272,147,72
2024-04-08 15:00:00,329,158,153
2024-04-08 16:00:00,522,147,370
2024-04-08 17:00:00,342,155,221
2024-04-08 18:00:00,225,142,115
2024-04-08 19:00:00,53,101,41
2024-04-08 20:00:00,19,120,28
2024-04-08 21:00:00,20,142,23
2024-04-08 22:00:00,9,146,18
2024-04-08 23:00:00,1,129,4
2024-04-09 00:00:00,0,74,0
2024-04-09 01:00:00,0,49,0
2024-04-09 02:00:00,0,36,0
2024-04-09 03:00:00,0,16,0
2024-04-09 04:00:00,0,20,4
2024-04-09 05:00:00,31,35,24
2024-04-09 06:00:00,139,74,130
2024-04-09 07:00:00,517,137,347
2024-04-09 08:00:00,268,180,184
2024-04-09 09:00:00,179,157,82
2024-04-09 10:00:00,193,158,55
2024-04-09 11:00:00,429,128,94
2024-04-09 12:00:00,445,127,85
2024-04-09 13:00:00,257,126,69
2024-04-09 14:00:00,252,170,95
2024-04-09 15:00:00,405,205,173
2024-04-09 16:00:00,708,165,405
2024-04-09 17:00:00,456,214,246
2024-04-09 18:00:00,380,154,154
2024-04-09 19:00:00,84,84,46
2024-04-09 20:00:00,10,101,42
2024-04-09 21:00:00,18,147,34
2024-04-09 22:00:00,5,112,8
2024-04-09 23:00:00,2,81,3
2024-04-10 00:00:00,0,64,1
2024-04-10 01:00:00,0,36,0
2024-04-10 02:00:00,0,32,0
2024-04-10 03:00:00,0,25,0
2024-04-10 04:00:00,0,16,1
2024-04-10 05:00:00,41,40,33
2024-04-10 06:00:00,157,56,181
2024-04-10 07:00:00,466,139,373
2024-04-10 08:00:00,238,165,173
2024-04-10 09:00:00,139,155,66
2024-04-10 10:00:00,174,145,51
2024-04-10 11:00:00,304,134,72
2024-04-10 12:00:00,368,130,81
2024-04-10 13:00:00,255,142,74
2024-04-10 14:00:00,246,129,90
2024-04-10 15:00:00,364,138,188
2024-04-10 16:00:00,678,112,394
2024-04-10 17:00:00,406,190,223
2024-04-10 18:00:00,297,168,130
2024-04-10 19:00:00,17,109,52
2024-04-10 20:00:00,1,135,33
2024-04-10 21:00:00,2,141,20
2024-04-10 22:00:00,0,108,8
2024-04-10 23:00:00,0,90,2
2024-04-11 00:00:00,0,65,1
2024-04-11 01:00:00,0,37,0
2024-04-11 02:00:00,0,37,0
2024-04-11 03:00:00,0,15,0
2024-04-11 04:00:00,0,29,1
2024-04-11 05:00:00,30,33,29
2024-04-11 06:00:00,129,73,141
2024-04-11 07:00:00,487,133,373
2024-04-11 08:00:00,227,177,182
2024-04-11 09:00:00,185,142,75
2024-04-11 10:00:00,199,101,76
2024-04-11 11:00:00,386,100,106
2024-04-11 12:00:00,491,140,82
2024-04-11 13:00:00,279,112,85
2024-04-11 14:00:00,277,138,98
2024-04-11 15:00:00,370,171,166
2024-04-11 16:00:00,658,156,356
2024-04-11 17:00:00,438,187,227
2024-04-11 18:00:00,342,174,164
2024-04-11 19:00:00,109,128,87
2024-04-11 20:00:00,6,159,31
2024-04-11 21:00:00,12,158,49
2024-04-11 22:00:00,5,151,20
2024-04-11 23:00:00,0,142,5
2024-04-12 00:00:00,0,116,0
2024-04-12 01:00:00,0,78,1
2024-04-12 02:00:00,0,59,0
2024-04-12 03:00:00,0,37,0
2024-04-12 04:00:00,0,27,4
2024-04-12 05:00:00,35,23,28
2024-04-12 06:00:00,114,69,91
2024-04-12 07:00:00,298,137,214
2024-04-12 08:00:00,189,133,133
2024-04-12 09:00:00,147,121,77
2024-04-12 10:00:00,257,124,98
2024-04-12 11:00:00,341,146,96
2024-04-12 12:00:00,413,152,120
2024-04-12 13:00:00,326,157,120
2024-04-12 14:00:00,373,208,123
2024-04-12 15:00:00,510,225,187
2024-04-12 16:00:00,566,239,246
2024-04-12 17:00:00,567,266,182
2024-04-12 18:00:00,449,296,115
2024-04-12 19:00:00,241,298,105
2024-04-12 20:00:00,62,325,78
2024-04-12 21:00:00,97,397,70
2024-04-12 22:00:00,57,393,42
2024-04-12 23:00:00,24,431,20
2024-04-13 00:00:00,18,405,1
2024-04-13 01:00:00,4,337,2
2024-04-13 02:00:00,3,244,2
2024-04-13 03:00:00,3,111,0
2024-04-13 04:00:00,2,68,3
2024-04-13 05:00:00,31,48,16
2024-04-13 06:00:00,22,37,15
2024-04-13 07:00:00,67,58,60
2024-04-13 08:00:00,111,90,64
2024-04-13 09:00:00,196,104,85
2024-04-13 10:00:00,277,137,102
2024-04-13 11:00:00,495,197,111
2024-04-13 12:00:00,526,194,108
2024-04-13 13:00:00,541,249,105
2024-04-13 14:00:00,525,207,103
2024-04-13 15:00:00,537,225,106
2024-04-13 16:00:00,591,264,120
2024-04-13 17:00:00,563,398,80
2024-04-13 18:00:00,532,457,101
2024-04-13 19:00:00,217,374,84
2024-04-13 20:00:00,60,450,59
2024-04-13 21:00:00,108,396,67
2024-04-13 22:00:00,82,464,19
2024-04-13 23:00:00,30,365,19
2024-04-14 00:00:00,15,391,6
2024-04-14 01:00:00,10,360,2
2024-04-14 02:00:00,3,363,1
2024-04-14 03:00:00,2,203,3
2024-04-14 04:00:00,2,56,2
2024-04-14 05:00:00,18,43,9
2024-04-14 06:00:00,27,24,20
2024-04-14 07:00:00,70,36,47
2024-04-14 08:00:00,103,55,70
2024-04-14 09:00:00,185,86,58
2024-04-14 10:00:00,238,135,87
2024-04-14 11:00:00,271,131,96
2024-04-14 12:00:00,294,106,136
2024-04-14 13:00:00,312,124,86
2024-04-14 14:00:00,261,176,80
2024-04-14 15:00:00,336,164,93
2024-04-14 16:00:00,331,168,78
2024-04-14 17:00:00,329,200,111
2024-04-14 18:00:00,287,196,95
2024-04-14 19:00:00,143,155,70
2024-04-14 20:00:00,55,188,46
2024-04-14 21:00:00,15,177,29
2024-04-14 22:00:00,4,143,7
2024-04-14 23:00:00,0,94,3
2024-04-15 00:00:00,0,68,1
2024-04-15 01:00:00,0,47,0
2024-04-15 02:00:00,0,31,0
2024-04-15 03:00:00,0,23,0
2024-04-15 04:00:00,0,30,3
2024-04-15 05:00:00,26,57,29
2024-04-15 06:00:00,130,87,131
2024-04-15 07:00:00,378,189,250
2024-04-15 08:00:00,315,178,189
2024-04-15 09:00:00,145,132,56
2024-04-15 10:00:00,233,113,61
2024-04-15 11:00:00,389,148,76
2024-04-15 12:00:00,393,164,87
2024-04-15 13:00:00,280,135,57
2024-04-15 14:00:00,302,143,86
2024-04-15 15:00:00,372,151,156
2024-04-15 16:00:00,618,164,289
2024-04-15 17:00:00,416,203,216
2024-04-15 18:00:00,286,168,131
2024-04-15 19:00:00,130,142,98
2024-04-15 20:00:00,13,174,42
2024-04-15 21:00:00,8,183,32
2024-04-15 22:00:00,5,148,13
2024-04-15 23:00:00,1,106,1
2024-04-16 00:00:00,0,81,0
2024-04-16 01:00:00,0,49,0
2024-04-16 02:00:00,0,36,1
2024-04-16 03:00:00,0,29,1
2024-04-16 04:00:00,2,36,4
2024-04-16 05:00:00,20,35,11
2024-04-16 06:00:00,160,73,164
2024-04-16 07:00:00,604,150,465
2024-04-16 08:00:00,408,196,222
2024-04-16 09:00:00,248,138,75
2024-04-16 10:00:00,269,154,66
2024-04-16 11:00:00,455,147,84
2024-04-16 12:00:00,560,142,104
2024-04-16 13:00:00,343,171,90
2024-04-16 14:00:00,374,150,112
2024-04-16 15:00:00,448,183,219
2024-04-16 16:00:00,680,211,457
2024-04-16 17:00:00,363,190,225
2024-04-16 18:00:00,319,147,163
2024-04-16 19:00:00,193,119,79
2024-04-16 20:00:00,18,133,37
2024-04-16 21:00:00,8,166,26
2024-04-16 22:00:00,2,152,11
2024-04-16 23:00:00,0,130,2
2024-04-17 00:00:00,0,109,0
2024-04-17 01:00:00,0,78,2
2024-04-17 02:00:00,0,37,0
2024-04-17 03:00:00,0,25,0
2024-04-17 04:00:00,1,30,5
2024-04-17 05:00:00,24,40,11
2024-04-17 06:00:00,118,72,95
2024-04-17 07:00:00,660,134,446
2024-04-17 08:00:00,376,193,196
2024-04-17 09:00:00,268,175,97
2024-04-17 10:00:00,320,134,82
2024-04-17 11:00:00,483,152,123
2024-04-17 12:00:00,496,113,113
2024-04-17 13:00:00,237,139,96
2024-04-17 14:00:00,318,173,102
2024-04-17 15:00:00,399,183,187
2024-04-17 16:00:00,723,184,417
2024-04-17 17:00:00,490,247,249
2024-04-17 18:00:00,427,204,156
2024-04-17 19:00:00,213,129,76
2024-04-17 20:00:00,24,148,45
2024-04-17 21:00:00,24,157,50
2024-04-17 22:00:00,19,177,13
2024-04-17 23:00:00,4,153,8
2024-04-18 00:00:00,2,108,0
2024-04-18 01:00:00,0,75,0
2024-04-18 02:00:00,0,54,2
2024-04-18 03:00:00,0,26,0
2024-04-18 04:00:00,2,29,3
2024-04-18 05:00:00,27,35,18
2024-04-18 06:00:00,68,48,48
2024-04-18 07:00:00,617,133,389
2024-04-18 08:00:00,331,182,196
2024-04-18 09:00:00,223,141,92
2024-04-18 10:00:00,240,133,75
2024-04-18 11:00:00,436,145,126
2024-04-18 12:00:00,455,148,113
2024-04-18 13:00:00,307,151,91
2024-04-18 14:00:00,317,153,98
2024-04-18 15:00:00,519,213,200
2024-04-18 16:00:00,766,187,371
2024-04-18 17:00:00,570,229,229
2024-04-18 18:00:00,418,247,160
2024-04-18 19:00:00,203,184,100
2024-04-18 20:00:00,8,227,52
2024-04-18 21:00:00,4,222,26
2024-04-18 22:00:00,3,178,10
2024-04-18 23:00:00,0,171,0
2024-04-19 00:00:00,0,147,0
2024-04-19 01:00:00,0,112,2
2024-04-19 02:00:00,0,53,0
2024-04-19 03:00:00,0,29,0
2024-04-19 04:00:00,2,24,3
2024-04-19 05:00:00,26,46,27
2024-04-19 06:00:00,56,38,35
2024-04-19 07:00:00,435,135,268
2024-04-19 08:00:00,252,162,176
2024-04-19 09:00:00,254,177,92
2024-04-19 10:00:00,230,146,86
2024-04-19 11:00:00,396,154,104
2024-04-19 12:00:00,389,133,105
2024-04-19 13:00:00,311,156,71
2024-04-19 14:00:00,336,187,112
2024-04-19 15:00:00,433,206,158
2024-04-19 16:00:00,566,288,171
2024-04-19 17:00:00,457,300,188
2024-04-19 18:00:00,446,411,138
2024-04-19 19:00:00,309,272,102
2024-04-19 20:00:00,131,326,103
2024-04-19 21:00:00,116,315,76
2024-04-19 22:00:00,73,460,38
2024-04-19 23:00:00,17,462,29
2024-04-20 00:00:00,9,475,10
2024-04-20 01:00:00,22,398,3
2024-04-20 02:00:00,1,234,1
2024-04-20 03:00:00,0,131,1
2024-04-20 04:00:00,5,52,2
2024-04-20 05:00:00,16,27,6
2024-04-20 06:00:00,10,21,4
2024-04-20 07:00:00,62,41,59
2024-04-20 08:00:00,129,68,68
2024-04-20 09:00:00,226,124,100
2024-04-20 10:00:00,293,156,118
2024-04-20 11:00:00,543,216,165
2024-04-20 12:00:00,597,230,164
2024-04-20 13:00:00,758,272,153
2024-04-20 14:00:00,1090,298,157
2024-04-20 15:00:00,898,332,149
2024-04-20 16:00:00,1027,319,142
2024-04-20 17:00:00,960,378,119
2024-04-20 18:00:00,749,416,165
2024-04-20 19:00:00,616,335,93
2024-04-20 20:00:00,191,367,64
2024-04-20 21:00:00,181,404,76
2024-04-20 22:00:00,113,476,45
2024-04-20 23:00:00,68,439,20
2024-04-21 00:00:00,25,380,12
2024-04-21 01:00:00,14,448,9
2024-04-21 02:00:00,4,241,1
2024-04-21 03:00:00,0,155,0
2024-04-21 04:00:00,5,53,3
2024-04-21 05:00:00,23,23,6
2024-04-21 06:00:00,11,20,8
2024-04-21 07:00:00,54,50,37
2024-04-21 08:00:00,96,75,50
2024-04-21 09:00:00,178,102,53
2024-04-21 10:00:00,227,114,93
2024-04-21 11:00:00,242,120,94
2024-04-21 12:00:00,295,109,108
2024-04-21 13:00:00,340,129,107
2024-04-21 14:00:00,273,142,73
2024-04-21 15:00:00,287,120,131
2024-04-21 16:00:00,314,167,70
2024-04-21 17:00:00,297,189,104
2024-04-21 18:00:00,316,164,112
2024-04-21 19:00:00,195,131,57
2024-04-21 20:00:00,89,160,67
2024-04-21 21:00:00,75,149,41
2024-04-21 22:00:00,30,163,12
2024-04-21 23:00:00,7,119,4
2024-04-22 00:00:00,3,104,2
2024-04-22 01:00:00,0,46,0
2024-04-22 02:00:00,0,34,0
2024-04-22 03:00:00,0,39,1
2024-04-22 04:00:00,4,23,6
2024-04-22 05:00:00,38,44,30
2024-04-22 06:00:00,124,102,150
2024-04-22 07:00:00,531,157,374
2024-04-22 08:00:00,275,217,211
2024-04-22 09:00:00,195,157,78
2024-04-22 10:00:00,203,167,58
2024-04-22 11:00:00,334,108,80
2024-04-22 12:00:00,352,134,69
2024-04-22 13:00:00,273,114,68
2024-04-22 14:00:00,252,133,103
2024-04-22 15:00:00,400,162,173
2024-04-22 16:00:00,551,181,371
2024-04-22 17:00:00,400,191,206
2024-04-22 18:00:00,296,181,119
2024-04-22 19:00:00,82,125,68
2024-04-22 20:00:00,0,165,26
2024-04-22 21:00:00,3,141,18
2024-04-22 22:00:00,0,115,9
2024-04-22 23:00:00,1,87,1
2024-04-23 00:00:00,0,82,0
2024-04-23 01:00:00,0,49,1
2024-04-23 02:00:00,0,40,0
2024-04-23 03:00:00,0,29,2
2024-04-23 04:00:00,11,39,6
2024-04-23 05:00:00,54,79,45
2024-04-23 06:00:00,158,92,173
2024-04-23 07:00:00,618,164,456
2024-04-23 08:00:00,359,210,240
2024-04-23 09:00:00,233,148,81
2024-04-23 10:00:00,261,156,65
2024-04-23 11:00:00,416,163,112
2024-04-23 12:00:00,502,122,95
2024-04-23 13:00:00,353,142,104
2024-04-23 14:00:00,371,154,111
2024-04-23 15:00:00,523,205,220
2024-04-23 16:00:00,714,162,409
2024-04-23 17:00:00,461,196,254
2024-04-23 18:00:00,379,162,156
2024-04-23 19:00:00,277,132,113
2024-04-23 20:00:00,96,163,58
2024-04-23 21:00:00,67,174,56
2024-04-23 22:00:00,17,198,18
2024-04-23 23:00:00,3,156,4
2024-04-24 00:00:00,0,89,0
2024-04-24 01:00:00,0,68,0
2024-04-24 02:00:00,0,39,0
2024-04-24 03:00:00,1,16,1
2024-04-24 04:00:00,5,28,13
2024-04-24 05:00:00,49,83,44
2024-04-24 06:00:00,185,97,166
2024-04-24 07:00:00,611,151,469
2024-04-24 08:00:00,377,204,231
2024-04-24 09:00:00,278,217,105
2024-04-24 10:00:00,365,173,93
2024-04-24 11:00:00,542,166,130
2024-04-24 12:00:00,519,163,114
2024-04-24 13:00:00,362,161,116
2024-04-24 14:00:00,411,146,118
2024-04-24 15:00:00,507,194,239
2024-04-24 16:00:00,717,186,464
2024-04-24 17:00:00,571,184,280
2024-04-24 18:00:00,361,210,156
2024-04-24 19:00:00,276,143,113
2024-04-24 20:00:00,101,200,69
2024-04-24 21:00:00,123,212,48
2024-04-24 22:00:00,64,204,26
2024-04-24 23:00:00,7,164,6
2024-04-25 00:00:00,3,142,0
2024-04-25 01:00:00,1,104,1
2024-04-25 02:00:00,1,60,0
2024-04-25 03:00:00,0,33,0
2024-04-25 04:00:00,7,37,5
2024-04-25 05:00:00,32,43,11
2024-04-25 06:00:00,159,93,107
2024-04-25 07:00:00,616,177,416
2024-04-25 08:00:00,311,206,214
2024-04-25 09:00:00,170,149,104
2024-04-25 10:00:00,244,158,69
2024-04-25 11:00:00,453,164,74
2024-04-25 12:00:00,432,168,97
2024-04-25 13:00:00,245,171,88
2024-04-25 14:00:00,326,177,133
2024-04-25 15:00:00,438,223,211
2024-04-25 16:00:00,754,194,376
2024-04-25 17:00:00,494,255,252
2024-04-25 18:00:00,448,247,124
2024-04-25 19:00:00,270,168,100
2024-04-25 20:00:00,58,191,73
2024-04-25 21:00:00,46,239,45
2024-04-25 22:00:00,20,248,36
2024-04-25 23:00:00,1,251,10
2024-04-26 00:00:00,2,181,1
2024-04-26 01:00:00,2,157,0
2024-04-26 02:00:00,0,68,0
2024-04-26 03:00:00,0,34,2
2024-04-26 04:00:00,4,44,5
2024-04-26 05:00:00,38,36,38
2024-04-26 06:00:00,105,102,126
2024-04-26 07:00:00,385,157,246
2024-04-26 08:00:00,294,176,197
2024-04-26 09:00:00,263,139,75
2024-04-26 10:00:00,291,152,61
2024-04-26 11:00:00,399,156,99
2024-04-26 12:00:00,421,127,79
2024-04-26 13:00:00,320,184,116
2024-04-26 14:00:00,377,220,122
2024-04-26 15:00:00,459,264,196
2024-04-26 16:00:00,591,267,274
2024-04-26 17:00:00,525,337,157
2024-04-26 18:00:00,481,357,161
2024-04-26 19:00:00,366,296,97
2024-04-26 20:00:00,124,370,94
2024-04-26 21:00:00,84,352,78
2024-04-26 22:00:00,44,438,41
2024-04-26 23:00:00,23,511,23
2024-04-27 00:00:00,8,418,5
2024-04-27 01:00:00,4,353,5
2024-04-27 02:00:00,0,230,0
2024-04-27 03:00:00,0,120,0
2024-04-27 04:00:00,2,78,5
2024-04-27 05:00:00,18,50,9
2024-04-27 06:00:00,21,45,16
2024-04-27 07:00:00,61,94,33
2024-04-27 08:00:00,78,121,20
2024-04-27 09:00:00,228,132,51
2024-04-27 10:00:00,319,152,50
2024-04-27 11:00:00,468,288,71
2024-04-27 12:00:00,457,235,84
2024-04-27 13:00:00,470,272,97
2024-04-27 14:00:00,463,279,72
2024-04-27 15:00:00,520,323,71
2024-04-27 16:00:00,543,319,95
2024-04-27 17:00:00,629,417,83
2024-04-27 18:00:00,579,458,91
2024-04-27 19:00:00,380,380,94
2024-04-27 20:00:00,34,399,48
2024-04-27 21:00:00,43,368,50
2024-04-27 22:00:00,8,441,19
2024-04-27 23:00:00,3,448,9
2024-04-28 00:00:00,1,379,8
2024-04-28 01:00:00,0,406,3
2024-04-28 02:00:00,0,338,2
2024-04-28 03:00:00,0,171,0
2024-04-28 04:00:00,4,78,2
2024-04-28 05:00:00,14,34,11
2024-04-28 06:00:00,12,31,14
2024-04-28 07:00:00,37,50,38
2024-04-28 08:00:00,82,94,35
2024-04-28 09:00:00,166,98,45
2024-04-28 10:00:00,236,121,52
2024-04-28 11:00:00,303,129,67
2024-04-28 12:00:00,347,134,87
2024-04-28 13:00:00,305,136,90
2024-04-28 14:00:00,292,143,68
2024-04-28 15:00:00,342,161,79
2024-04-28 16:00:00,286,189,77
2024-04-28 17:00:00,249,145,95
2024-04-28 18:00:00,221,132,104
2024-04-28 19:00:00,194,102,60
2024-04-28 20:00:00,39,151,31
2024-04-28 21:00:00,16,125,23
2024-04-28 22:00:00,13,112,9
2024-04-28 23:00:00,0,82,1
2024-04-29 00:00:00,0,74,0
2024-04-29 01:00:00,0,57,1
2024-04-29 02:00:00,0,33,1
2024-04-29 03:00:00,0,23,0
2024-04-29 04:00:00,8,18,4
2024-04-29 05:00:00,41,48,25
2024-04-29 06:00:00,127,108,125
2024-04-29 07:00:00,457,145,310
2024-04-29 08:00:00,287,239,180
2024-04-29 09:00:00,214,142,57
2024-04-29 10:00:00,242,122,63
2024-04-29 11:00:00,421,132,71
2024-04-29 12:00:00,419,138,78
2024-04-29 13:00:00,325,156,75
2024-04-29 14:00:00,298,141,78
2024-04-29 15:00:00,393,170,165
2024-04-29 16:00:00,650,190,342
2024-04-29 17:00:00,404,204,233
2024-04-29 18:00:00,313,164,133
2024-04-29 19:00:00,155,155,79
2024-04-29 20:00:00,10,176,31
2024-04-29 21:00:00,10,207,38
2024-04-29 22:00:00,4,136,10
2024-04-29 23:00:00,0,117,1
2024-04-30 00:00:00,0,91,0
2024-04-30 01:00:00,0,53,0
2024-04-30 02:00:00,0,42,0
2024-04-30 03:00:00,0,28,0
2024-04-30 04:00:00,9,41,6
2024-04-30 05:00:00,52,62,36
2024-04-30 06:00:00,178,107,169
2024-04-30 07:00:00,541,138,406
2024-04-30 08:00:00,327,224,209
2024-04-30 09:00:00,247,158,80
2024-04-30 10:00:00,259,150,74
2024-04-30 11:00:00,461,145,85
2024-04-30 12:00:00,505,138,90
2024-04-30 13:00:00,320,164,83
2024-04-30 14:00:00,316,134,85
2024-04-30 15:00:00,463,191,198
2024-04-30 16:00:00,704,169,401
2024-04-30 17:00:00,519,226,273
2024-04-30 18:00:00,357,291,181
2024-04-30 19:00:00,91,162,75
2024-04-30 20:00:00,0,187,14
2024-04-30 21:00:00,0,221,27
2024-04-30 22:00:00,3,234,14
2024-04-30 23:00:00,0,169,4
2024-05-01 00:00:00,0,152,1
2024-05-01 01:00:00,0,87,2
2024-05-01 02:00:00,0,54,0
2024-05-01 03:00:00,0,18,0
2024-05-01 04:00:00,4,12,7
2024-05-01 05:00:00,52,78,43
2024-05-01 06:00:00,170,121,182
2024-05-01 07:00:00,566,133,381
2024-05-01 08:00:00,299,221,241
2024-05-01 09:00:00,224,198,81
2024-05-01 10:00:00,232,173,85
2024-05-01 11:00:00,481,178,105
2024-05-01 12:00:00,497,132,107
2024-05-01 13:00:00,355,163,111
2024-05-01 14:00:00,322,166,91
2024-05-01 15:00:00,453,171,200
2024-05-01 16:00:00,739,177,407
2024-05-01 17:00:00,423,204,242
2024-05-01 18:00:00,308,302,158
2024-05-01 19:00:00,140,159,79
2024-05-01 20:00:00,0,186,31
2024-05-01 21:00:00,6,185,20
2024-05-01 22:00:00,1,175,6
2024-05-01 23:00:00,0,167,1
2024-05-02 00:00:00,0,106,1
2024-05-02 01:00:00,0,72,0
2024-05-02 02:00:00,0,61,0
2024-05-02 03:00:00,0,20,1
2024-05-02 04:00:00,1,23,6
2024-05-02 05:00:00,35,56,29
2024-05-02 06:00:00,161,97,119
2024-05-02 07:00:00,492,156,314
2024-05-02 08:00:00,327,261,213
2024-05-02 09:00:00,234,169,82
2024-05-02 10:00:00,237,147,66
2024-05-02 11:00:00,430,173,77
2024-05-02 12:00:00,422,160,91
2024-05-02 13:00:00,288,183,85
2024-05-02 14:00:00,320,157,100
2024-05-02 15:00:00,438,182,168
2024-05-02 16:00:00,716,225,357
2024-05-02 17:00:00,539,336,239
2024-05-02 18:00:00,411,273,176
2024-05-02 19:00:00,265,134,113
2024-05-02 20:00:00,40,211,47
2024-05-02 21:00:00,29,243,47
2024-05-02 22:00:00,12,229,24
2024-05-02 23:00:00,2,234,2
2024-05-03 00:00:00,3,193,2
2024-05-03 01:00:00,0,137,1
2024-05-03 02:00:00,0,68,1
2024-05-03 03:00:00,0,24,0
2024-05-03 04:00:00,6,34,4
2024-05-03 05:00:00,26,46,37
2024-05-03 06:00:00,87,93,93
2024-05-03 07:00:00,337,170,208
2024-05-03 08:00:00,248,207,162
2024-05-03 09:00:00,198,170,85
2024-05-03 10:00:00,249,155,66
2024-05-03 11:00:00,316,180,86
2024-05-03 12:00:00,305,157,85
2024-05-03 13:00:00,252,153,85
2024-05-03 14:00:00,342,161,97
2024-05-03 15:00:00,397,160,164
2024-05-03 16:00:00,550,205,237
2024-05-03 17:00:00,476,269,155
2024-05-03 18:00:00,511,396,150
2024-05-03 19:00:00,373,292,114
2024-05-03 20:00:00,55,328,66
2024-05-03 21:00:00,68,410,56
2024-05-03 22:00:00,48,421,35
2024-05-03 23:00:00,18,464,21
2024-05-04 00:00:00,16,469,6
2024-05-04 01:00:00,12,361,6
2024-05-04 02:00:00,1,211,2
2024-05-04 03:00:00,1,84,1
2024-05-04 04:00:00,25,61,3
2024-05-04 05:00:00,20,32,3
2024-05-04 06:00:00,23,32,5
2024-05-04 07:00:00,35,99,31
2024-05-04 08:00:00,77,106,45
2024-05-04 09:00:00,176,136,81
2024-05-04 10:00:00,334,142,114
2024-05-04 11:00:00,510,240,125
2024-05-04 12:00:00,623,212,100
2024-05-04 13:00:00,587,247,114
2024-05-04 14:00:00,553,256,120
2024-05-04 15:00:00,553,305,132
2024-05-04 16:00:00,333,198,48
2024-05-04 17:00:00,551,371,146
2024-05-04 18:00:00,608,435,98
2024-05-04 19:00:00,515,336,90
2024-05-04 20:00:00,135,405,63
2024-05-04 21:00:00,117,380,49
2024-05-04 22:00:00,84,406,44
2024-05-04 23:00:00,37,452,22
2024-05-05 00:00:00,15,430,5
2024-05-05 01:00:00,8,506,6
2024-05-05 02:00:00,5,283,2
2024-05-05 03:00:00,1,104,1
2024-05-05 04:00:00,17,93,2
2024-05-05 05:00:00,17,37,3
2024-05-05 06:00:00,17,15,15
2024-05-05 07:00:00,47,54,38
2024-05-05 08:00:00,133,70,49
2024-05-05 09:00:00,163,79,47
2024-05-05 10:00:00,274,126,87
2024-05-05 11:00:00,324,139,92
2024-05-05 12:00:00,333,141,92
2024-05-05 13:00:00,286,186,60
2024-05-05 14:00:00,325,224,64
2024-05-05 15:00:00,300,250,69
2024-05-05 16:00:00,339,198,82
2024-05-05 17:00:00,421,249,93
2024-05-05 18:00:00,219,262,92
2024-05-05 19:00:00,87,275,69
2024-05-05 20:00:00,4,225,21
2024-05-05 21:00:00,14,248,20
2024-05-05 22:00:00,3,248,11
2024-05-05 23:00:00,2,254,5
2024-05-06 00:00:00,0,272,5
2024-05-06 01:00:00,0,147,0
2024-05-06 02:00:00,0,61,1
2024-05-06 03:00:00,0,61,1
2024-05-06 04:00:00,8,59,3
2024-05-06 05:00:00,21,40,11
2024-05-06 06:00:00,33,30,22
2024-05-06 07:00:00,60,59,31
2024-05-06 08:00:00,109,80,40
2024-05-06 09:00:00,164,105,54
2024-05-06 10:00:00,244,105,75
2024-05-06 11:00:00,284,148,92
2024-05-06 12:00:00,345,120,88
2024-05-06 13:00:00,324,125,80
2024-05-06 14:00:00,231,157,82
2024-05-06 15:00:00,234,137,86
2024-05-06 16:00:00,205,158,89
2024-05-06 17:00:00,259,163,102
2024-05-06 18:00:00,206,166,95
2024-05-06 19:00:00,92,123,60
2024-05-06 20:00:00,2,142,11
2024-05-06 21:00:00,1,136,8
2024-05-06 22:00:00,1,119,6
2024-05-06 23:00:00,0,88,2
2024-05-07 00:00:00,0,62,1
2024-05-07 01:00:00,0,56,2
2024-05-07 02:00:00,0,23,0
2024-05-07 03:00:00,0,13,0
2024-05-07 04:00:00,8,30,7
2024-05-07 05:00:00,36,48,42
2024-05-07 06:00:00,132,78,167
2024-05-07 07:00:00,525,128,385
2024-05-07 08:00:00,318,176,239
2024-05-07 09:00:00,226,126,97
2024-05-07 10:00:00,194,135,58
2024-05-07 11:00:00,354,114,85
2024-05-07 12:00:00,440,135,98
2024-05-07 13:00:00,301,155,92
2024-05-07 14:00:00,307,150,128
2024-05-07 15:00:00,436,127,226
2024-05-07 16:00:00,689,131,437
2024-05-07 17:00:00,553,165,269
2024-05-07 18:00:00,405,199,179
2024-05-07 19:00:00,370,136,152
2024-05-07 20:00:00,58,153,56
2024-05-07 21:00:00,18,197,33
2024-05-07 22:00:00,17,160,19
2024-05-07 23:00:00,1,132,9
2024-05-08 00:00:00,2,105,2
2024-05-08 01:00:00,0,81,0
2024-05-08 02:00:00,0,54,0
2024-05-08 03:00:00,0,28,1
2024-05-08 04:00:00,11,21,19
2024-05-08 05:00:00,39,25,38
2024-05-08 06:00:00,183,72,172
2024-05-08 07:00:00,533,124,379
2024-05-08 08:00:00,275,178,231
2024-05-08 09:00:00,193,105,86
2024-05-08 10:00:00,220,106,62
2024-05-08 11:00:00,274,101,88
2024-05-08 12:00:00,460,125,125
2024-05-08 13:00:00,408,126,112
2024-05-08 14:00:00,336,129,111
2024-05-08 15:00:00,414,129,257
2024-05-08 16:00:00,697,144,444
2024-05-08 17:00:00,510,190,297
2024-05-08 18:00:00,413,177,149
2024-05-08 19:00:00,290,124,146
2024-05-08 20:00:00,72,129,47
2024-05-08 21:00:00,50,181,49
2024-05-08 22:00:00,25,212,17
2024-05-08 23:00:00,2,159,7
2024-05-09 00:00:00,0,137,1
2024-05-09 01:00:00,0,93,1
2024-05-09 02:00:00,0,49,4
2024-05-09 03:00:00,0,44,0
2024-05-09 04:00:00,14,33,14
2024-05-09 05:00:00,15,21,11
2024-05-09 06:00:00,161,64,76
2024-05-09 07:00:00,518,150,328
2024-05-09 08:00:00,318,186,240
2024-05-09 09:00:00,206,162,94
2024-05-09 10:00:00,254,129,100
2024-05-09 11:00:00,460,150,125
2024-05-09 12:00:00,532,152,134
2024-05-09 13:00:00,359,160,118
2024-05-09 14:00:00,401,187,123
2024-05-09 15:00:00,427,206,182
2024-05-09 16:00:00,643,222,413
2024-05-09 17:00:00,640,237,291
2024-05-09 18:00:00,478,250,238
2024-05-09 19:00:00,373,184,170
2024-05-09 20:00:00,143,225,99
2024-05-09 21:00:00,82,229,83
2024-05-09 22:00:00,40,243,32
2024-05-09 23:00:00,7,243,13
2024-05-10 00:00:00,4,187,2
2024-05-10 01:00:00,1,141,1
2024-05-10 02:00:00,0,69,1
2024-05-10 03:00:00,0,31,1
2024-05-10 04:00:00,18,39,14
2024-05-10 05:00:00,37,32,23
2024-05-10 06:00:00,132,113,103
2024-05-10 07:00:00,399,209,253
2024-05-10 08:00:00,262,171,185
2024-05-10 09:00:00,211,145,86
2024-05-10 10:00:00,261,124,88
2024-05-10 11:00:00,399,145,127
2024-05-10 12:00:00,419,145,129
2024-05-10 13:00:00,420,182,110
2024-05-10 14:00:00,437,224,160
2024-05-10 15:00:00,497,252,216
2024-05-10 16:00:00,648,264,314
2024-05-10 17:00:00,679,309,213
2024-05-10 18:00:00,613,368,147
2024-05-10 19:00:00,516,257,126
2024-05-10 20:00:00,219,259,76
2024-05-10 21:00:00,136,361,91
2024-05-10 22:00:00,79,412,52
2024-05-10 23:00:00,24,449,16
2024-05-11 00:00:00,7,452,9
2024-05-11 01:00:00,16,387,5
2024-05-11 02:00:00,2,244,1
2024-05-11 03:00:00,1,119,1
2024-05-11 04:00:00,18,82,3
2024-05-11 05:00:00,18,24,4
2024-05-11 06:00:00,34,32,9
2024-05-11 07:00:00,47,76,41
2024-05-11 08:00:00,98,134,68
2024-05-11 09:00:00,299,150,104
2024-05-11 10:00:00,356,134,137
2024-05-11 11:00:00,496,169,180
2024-05-11 12:00:00,604,226,148
2024-05-11 13:00:00,776,186,187
2024-05-11 14:00:00,533,231,131
2024-05-11 15:00:00,552,226,126
2024-05-11 16:00:00,539,235,133
2024-05-11 17:00:00,575,314,144
2024-05-11 18:00:00,599,347,115
2024-05-11 19:00:00,592,303,111
2024-05-11 20:00:00,283,272,94
2024-05-11 21:00:00,216,335,74
2024-05-11 22:00:00,69,385,42
2024-05-11 23:00:00,41,400,17
2024-05-12 00:00:00,25,434,8
2024-05-12 01:00:00,9,450,7
2024-05-12 02:00:00,8,348,2
2024-05-12 03:00:00,0,157,0
2024-05-12 04:00:00,9,82,2
2024-05-12 05:00:00,34,25,10
2024-05-12 06:00:00,31,39,21
2024-05-12 07:00:00,59,50,40
2024-05-12 08:00:00,114,66,65
2024-05-12 09:00:00,191,89,104
2024-05-12 10:00:00,270,86,100
2024-05-12 11:00:00,321,108,100
2024-05-12 12:00:00,315,112,128
2024-05-12 13:00:00,294,125,107
2024-05-12 14:00:00,340,136,92
2024-05-12 15:00:00,340,128,81
2024-05-12 16:00:00,295,141,88
2024-05-12 17:00:00,385,140,135
2024-05-12 18:00:00,377,149,93
2024-05-12 19:00:00,258,110,82
2024-05-12 20:00:00,122,123,46
2024-05-12 21:00:00,49,148,33
2024-05-12 22:00:00,11,111,12
2024-05-12 23:00:00,3,93,11
2024-05-13 00:00:00,0,101,7
2024-05-13 01:00:00,0,49,2
2024-05-13 02:00:00,0,34,0
2024-05-13 03:00:00,0,27,1
2024-05-13 04:00:00,14,45,9
2024-05-13 05:00:00,46,62,35
2024-05-13 06:00:00,128,102,150
2024-05-13 07:00:00,500,125,336
2024-05-13 08:00:00,263,205,185
2024-05-13 09:00:00,162,158,66
2024-05-13 10:00:00,181,134,77
2024-05-13 11:00:00,327,165,54
2024-05-13 12:00:00,305,152,96
2024-05-13 13:00:00,217,138,70
2024-05-13 14:00:00,262,139,81
2024-05-13 15:00:00,315,175,164
2024-05-13 16:00:00,532,208,334
2024-05-13 17:00:00,272,213,189
2024-05-13 18:00:00,221,176,126
2024-05-13 19:00:00,86,127,78
2024-05-13 20:00:00,1,133,20
2024-05-13 21:00:00,0,138,17
2024-05-13 22:00:00,0,115,7
2024-05-13 23:00:00,0,91,5
2024-05-14 00:00:00,0,55,0
2024-05-14 01:00:00,0,27,0
2024-05-14 02:00:00,0,25,0
2024-05-14 03:00:00,0,17,0
2024-05-14 04:00:00,18,34,7
2024-05-14 05:00:00,39,63,39
2024-05-14 06:00:00,148,84,183
2024-05-14 07:00:00,627,150,464
2024-05-14 08:00:00,294,189,233
2024-05-14 09:00:00,213,146,81
2024-05-14 10:00:00,220,141,68
2024-05-14 11:00:00,280,146,107
2024-05-14 12:00:00,275,152,71
2024-05-14 13:00:00,206,156,77
2024-05-14 14:00:00,255,165,95
2024-05-14 15:00:00,380,202,211
2024-05-14 16:00:00,663,222,444
2024-05-14 17:00:00,379,221,288
2024-05-14 18:00:00,389,198,155
2024-05-14 19:00:00,273,166,130
2024-05-14 20:00:00,172,143,74
2024-05-14 21:00:00,122,187,45
2024-05-14 22:00:00,55,184,16
2024-05-14 23:00:00,8,133,1
2024-05-15 00:00:00,1,86,3
2024-05-15 01:00:00,0,62,1
2024-05-15 02:00:00,2,43,3
2024-05-15 03:00:00,2,19,1
2024-05-15 04:00:00,13,38,12
2024-05-15 05:00:00,36,67,22
2024-05-15 06:00:00,92,116,181
2024-05-15 07:00:00,297,191,405
2024-05-15 08:00:00,154,222,182
2024-05-15 09:00:00,131,140,72
2024-05-15 10:00:00,205,153,95
2024-05-15 11:00:00,317,157,109
2024-05-15 12:00:00,458,189,94
2024-05-15 13:00:00,246,168,79
2024-05-15 14:00:00,265,180,124
2024-05-15 15:00:00,344,195,240
2024-05-15 16:00:00,646,219,438
2024-05-15 17:00:00,514,233,277
2024-05-15 18:00:00,435,197,197
2024-05-15 19:00:00,312,168,140
2024-05-15 20:00:00,163,175,96
2024-05-15 21:00:00,84,186,69
2024-05-15 22:00:00,36,233,21
2024-05-15 23:00:00,16,176,3
2024-05-16 00:00:00,2,107,2
2024-05-16 01:00:00,1,82,1
2024-05-16 02:00:00,0,57,0
2024-05-16 03:00:00,3,41,1
2024-05-16 04:00:00,7,33,4
2024-05-16 05:00:00,18,54,22
2024-05-16 06:00:00,86,84,104
2024-05-16 07:00:00,362,183,350
2024-05-16 08:00:00,245,202,183
2024-05-16 09:00:00,147,151,92
2024-05-16 10:00:00,232,152,92
2024-05-16 11:00:00,458,161,91
2024-05-16 12:00:00,433,163,99
2024-05-16 13:00:00,225,134,91
2024-05-16 14:00:00,317,189,149
2024-05-16 15:00:00,395,199,225
2024-05-16 16:00:00,677,189,369
2024-05-16 17:00:00,492,281,270
2024-05-16 18:00:00,424,315,162
2024-05-16 19:00:00,364,197,121
2024-05-16 20:00:00,124,183,93
2024-05-16 21:00:00,39,246,75
2024-05-16 22:00:00,23,253,22
2024-05-16 23:00:00,8,201,3
2024-05-17 00:00:00,0,163,3
2024-05-17 01:00:00,0,110,2
2024-05-17 02:00:00,0,66,1
2024-05-17 03:00:00,2,41,0
2024-05-17 04:00:00,27,41,6
2024-05-17 05:00:00,32,26,12
2024-05-17 06:00:00,133,96,80
2024-05-17 07:00:00,351,179,164
2024-05-17 08:00:00,245,186,173
2024-05-17 09:00:00,174,141,91
2024-05-17 10:00:00,246,154,84
2024-05-17 11:00:00,400,193,126
2024-05-17 12:00:00,467,140,118
2024-05-17 13:00:00,364,176,113
2024-05-17 14:00:00,388,180,152
2024-05-17 15:00:00,507,198,176
2024-05-17 16:00:00,548,224,267
2024-05-17 17:00:00,548,299,186
2024-05-17 18:00:00,520,304,143
2024-05-17 19:00:00,461,274,127
2024-05-17 20:00:00,290,211,103
2024-05-17 21:00:00,193,260,70
2024-05-17 22:00:00,105,322,68
2024-05-17 23:00:00,38,425,17
2024-05-18 00:00:00,20,367,9
2024-05-18 01:00:00,7,304,3
2024-05-18 02:00:00,8,223,0
2024-05-18 03:00:00,7,88,1
2024-05-18 04:00:00,25,51,5
2024-05-18 05:00:00,26,43,12
2024-05-18 06:00:00,45,47,31
2024-05-18 07:00:00,94,72,53
2024-05-18 08:00:00,134,133,67
2024-05-18 09:00:00,220,155,106
2024-05-18 10:00:00,389,188,108
2024-05-18 11:00:00,554,207,135
2024-05-18 12:00:00,553,209,113
2024-05-18 13:00:00,515,279,112
2024-05-18 14:00:00,535,277,113
2024-05-18 15:00:00,515,260,106
2024-05-18 16:00:00,608,233,125
2024-05-18 17:00:00,583,299,89
2024-05-18 18:00:00,575,364,139
2024-05-18 19:00:00,658,352,104
2024-05-18 20:00:00,356,269,75
2024-05-18 21:00:00,103,336,65
2024-05-18 22:00:00,73,420,44
2024-05-18 23:00:00,23,425,11
2024-05-19 00:00:00,7,407,8
2024-05-19 01:00:00,4,487,9
2024-05-19 02:00:00,6,338,0
2024-05-19 03:00:00,7,128,1
2024-05-19 04:00:00,29,71,5
2024-05-19 05:00:00,24,23,6
2024-05-19 06:00:00,62,4,21
2024-05-19 07:00:00,351,2,87
2024-05-19 08:00:00,553,1,114
2024-05-19 09:00:00,5155,0,112
2024-05-19 10:00:00,1881,1,72
2024-05-19 11:00:00,4769,0,114
2024-05-19 12:00:00,4695,0,78
2024-05-19 13:00:00,874,0,107
2024-05-19 14:00:00,573,29,92
2024-05-19 15:00:00,483,77,103
2024-05-19 16:00:00,465,164,148
2024-05-19 17:00:00,475,173,133
2024-05-19 18:00:00,365,204,119
2024-05-19 19:00:00,339,144,93
2024-05-19 20:00:00,183,141,76
2024-05-19 21:00:00,73,155,49
2024-05-19 22:00:00,26,186,21
2024-05-19 23:00:00,2,151,5
2024-05-20 00:00:00,1,86,1
2024-05-20 01:00:00,0,55,1
2024-05-20 02:00:00,0,25,1
2024-05-20 03:00:00,2,27,1
2024-05-20 04:00:00,13,23,5
2024-05-20 05:00:00,47,53,34
2024-05-20 06:00:00,156,95,164
2024-05-20 07:00:00,476,170,352
2024-05-20 08:00:00,288,222,182
2024-05-20 09:00:00,185,156,85
2024-05-20 10:00:00,210,134,85
2024-05-20 11:00:00,395,133,116
2024-05-20 12:00:00,455,150,109
2024-05-20 13:00:00,354,157,104
2024-05-20 14:00:00,353,154,95
2024-05-20 15:00:00,411,153,151
2024-05-20 16:00:00,641,178,415
2024-05-20 17:00:00,479,177,245
2024-05-20 18:00:00,336,171,149
2024-05-20 19:00:00,257,172,114
2024-05-20 20:00:00,209,124,82
2024-05-20 21:00:00,80,158,42
2024-05-20 22:00:00,30,149,29
2024-05-20 23:00:00,6,111,6
2024-05-21 00:00:00,0,84,0
2024-05-21 01:00:00,2,83,0
2024-05-21 02:00:00,1,31,0
2024-05-21 03:00:00,3,21,2
2024-05-21 04:00:00,16,43,6
2024-05-21 05:00:00,20,20,17
2024-05-21 06:00:00,187,70,102
2024-05-21 07:00:00,446,200,213
2024-05-21 08:00:00,270,259,230
2024-05-21 09:00:00,167,125,86
2024-05-21 10:00:00,222,157,97
2024-05-21 11:00:00,460,166,92
2024-05-21 12:00:00,484,142,116
2024-05-21 13:00:00,321,136,111
2024-05-21 14:00:00,314,162,85
2024-05-21 15:00:00,406,208,245
2024-05-21 16:00:00,696,234,441
2024-05-21 17:00:00,508,221,260
2024-05-21 18:00:00,239,330,175
2024-05-21 19:00:00,139,192,114
2024-05-21 20:00:00,7,180,29
2024-05-21 21:00:00,1,181,20
2024-05-21 22:00:00,0,143,9
2024-05-21 23:00:00,0,128,2
2024-05-22 00:00:00,0,74,1
2024-05-22 01:00:00,0,85,0
2024-05-22 02:00:00,0,35,1
2024-05-22 03:00:00,1,15,1
2024-05-22 04:00:00,10,42,12
2024-05-22 05:00:00,54,75,26
2024-05-22 06:00:00,160,117,138
2024-05-22 07:00:00,496,150,337
2024-05-22 08:00:00,248,267,185
2024-05-22 09:00:00,162,239,56
2024-05-22 10:00:00,183,156,39
2024-05-22 11:00:00,462,163,90
2024-05-22 12:00:00,477,137,80
2024-05-22 13:00:00,227,201,81
2024-05-22 14:00:00,266,199,97
2024-05-22 15:00:00,369,177,149
2024-05-22 16:00:00,746,194,295
2024-05-22 17:00:00,516,264,200
2024-05-22 18:00:00,358,230,134
2024-05-22 19:00:00,285,192,114
2024-05-22 20:00:00,123,159,43
2024-05-22 21:00:00,19,165,25
2024-05-22 22:00:00,1,164,5
2024-05-22 23:00:00,0,132,4
2024-05-23 00:00:00,0,85,0
2024-05-23 01:00:00,2,72,0
2024-05-23 02:00:00,0,35,0
2024-05-23 03:00:00,0,33,2
2024-05-23 04:00:00,20,42,8
2024-05-23 05:00:00,42,50,43
2024-05-23 06:00:00,170,114,162
2024-05-23 07:00:00,575,154,385
2024-05-23 08:00:00,306,218,181
2024-05-23 09:00:00,203,159,80
2024-05-23 10:00:00,252,163,78
2024-05-23 11:00:00,496,185,103
2024-05-23 12:00:00,484,162,112
2024-05-23 13:00:00,370,172,76
2024-05-23 14:00:00,328,178,114
2024-05-23 15:00:00,397,225,194
2024-05-23 16:00:00,692,252,366
2024-05-23 17:00:00,539,282,236
2024-05-23 18:00:00,417,279,177
2024-05-23 19:00:00,313,204,145
2024-05-23 20:00:00,219,173,80
2024-05-23 21:00:00,83,223,49
2024-05-23 22:00:00,40,236,19
2024-05-23 23:00:00,4,234,11
2024-05-24 00:00:00,0,187,0
2024-05-24 01:00:00,0,131,2
2024-05-24 02:00:00,0,82,0
2024-05-24 03:00:00,4,50,4
2024-05-24 04:00:00,9,41,13
2024-05-24 05:00:00,38,44,48
2024-05-24 06:00:00,110,82,118
2024-05-24 07:00:00,393,171,226
2024-05-24 08:00:00,240,173,151
2024-05-24 09:00:00,152,145,74
2024-05-24 10:00:00,257,171,68
2024-05-24 11:00:00,396,178,105
2024-05-24 12:00:00,462,157,129
2024-05-24 13:00:00,361,200,78
2024-05-24 14:00:00,372,181,102
2024-05-24 15:00:00,443,271,159
2024-05-24 16:00:00,530,278,225
2024-05-24 17:00:00,602,333,175
2024-05-24 18:00:00,407,400,167
2024-05-24 19:00:00,503,357,120
2024-05-24 20:00:00,350,314,105
2024-05-24 21:00:00,150,361,67
2024-05-24 22:00:00,104,392,45
2024-05-24 23:00:00,29,490,25
2024-05-25 00:00:00,9,473,6
2024-05-25 01:00:00,5,313,6
2024-05-25 02:00:00,2,167,3
2024-05-25 03:00:00,5,103,2
2024-05-25 04:00:00,15,46,6
2024-05-25 05:00:00,34,33,10
2024-05-25 06:00:00,37,55,23
2024-05-25 07:00:00,92,84,64
2024-05-25 08:00:00,127,128,73
2024-05-25 09:00:00,233,156,89
2024-05-25 10:00:00,326,188,126
2024-05-25 11:00:00,520,282,105
2024-05-25 12:00:00,675,322,119
2024-05-25 13:00:00,622,299,123
2024-05-25 14:00:00,473,319,99
2024-05-25 15:00:00,512,372,118
2024-05-25 16:00:00,694,300,143
2024-05-25 17:00:00,582,336,117
2024-05-25 18:00:00,591,408,120
2024-05-25 19:00:00,541,360,104
2024-05-25 20:00:00,94,401,35
2024-05-25 21:00:00,22,405,30
2024-05-25 22:00:00,14,435,46
2024-05-25 23:00:00,8,402,19
2024-05-26 00:00:00,1,532,7
2024-05-26 01:00:00,1,465,10
2024-05-26 02:00:00,0,237,3
2024-05-26 03:00:00,5,115,1
2024-05-26 04:00:00,29,51,2
2024-05-26 05:00:00,31,9,5
2024-05-26 06:00:00,22,27,17
2024-05-26 07:00:00,76,49,27
2024-05-26 08:00:00,98,91,66
2024-05-26 09:00:00,172,118,54
2024-05-26 10:00:00,272,149,63
2024-05-26 11:00:00,307,213,63
2024-05-26 12:00:00,182,287,46
2024-05-26 13:00:00,378,287,71
2024-05-26 14:00:00,418,278,56
2024-05-26 15:00:00,372,296,71
2024-05-26 16:00:00,380,258,77
2024-05-26 17:00:00,359,228,78
2024-05-26 18:00:00,373,210,92
2024-05-26 19:00:00,376,232,91
2024-05-26 20:00:00,101,207,48
2024-05-26 21:00:00,20,329,29
2024-05-26 22:00:00,15,336,26
2024-05-26 23:00:00,16,325,13
2024-05-27 00:00:00,0,392,4
2024-05-27 01:00:00,2,212,3
2024-05-27 02:00:00,1,93,1
2024-05-27 03:00:00,0,68,0
2024-05-27 04:00:00,12,36,3
2024-05-27 05:00:00,21,22,3
2024-05-27 06:00:00,33,33,12
2024-05-27 07:00:00,59,69,43
2024-05-27 08:00:00,103,92,29
2024-05-27 09:00:00,193,151,55
2024-05-27 10:00:00,304,126,72
2024-05-27 11:00:00,349,140,78
2024-05-27 12:00:00,378,126,88
2024-05-27 13:00:00,367,144,56
2024-05-27 14:00:00,327,133,82
2024-05-27 15:00:00,466,142,102
2024-05-27 16:00:00,307,141,135
2024-05-27 17:00:00,487,177,97
2024-05-27 18:00:00,231,155,95
2024-05-27 19:00:00,289,131,84
2024-05-27 20:00:00,177,111,70
2024-05-27 21:00:00,37,173,38
2024-05-27 22:00:00,9,149,13
2024-05-27 23:00:00,2,115,3
2024-05-28 00:00:00,0,88,1
2024-05-28 01:00:00,0,71,1
2024-05-28 02:00:00,0,29,1
2024-05-28 03:00:00,4,30,2
2024-05-28 04:00:00,14,30,9
2024-05-28 05:00:00,27,59,34
2024-05-28 06:00:00,114,82,114
2024-05-28 07:00:00,461,177,283
2024-05-28 08:00:00,287,184,158
2024-05-28 09:00:00,213,118,54
2024-05-28 10:00:00,257,127,42
2024-05-28 11:00:00,381,153,74
2024-05-28 12:00:00,433,163,82
2024-05-28 13:00:00,342,165,80
2024-05-28 14:00:00,316,143,79
2024-05-28 15:00:00,455,189,166
2024-05-28 16:00:00,599,197,298
2024-05-28 17:00:00,493,251,215
2024-05-28 18:00:00,310,230,137
2024-05-28 19:00:00,214,162,105
2024-05-28 20:00:00,123,141,44
2024-05-28 21:00:00,4,198,14
2024-05-28 22:00:00,5,196,8
2024-05-28 23:00:00,0,115,2
2024-05-29 00:00:00,0,99,3
2024-05-29 01:00:00,0,75,1
2024-05-29 02:00:00,0,40,2
2024-05-29 03:00:00,5,29,3
2024-05-29 04:00:00,21,35,11
2024-05-29 05:00:00,23,25,7
2024-05-29 06:00:00,161,78,87
2024-05-29 07:00:00,372,167,189
2024-05-29 08:00:00,278,164,166
2024-05-29 09:00:00,212,123,45
2024-05-29 10:00:00,291,156,59
2024-05-29 11:00:00,516,166,85
2024-05-29 12:00:00,614,156,104
2024-05-29 13:00:00,419,158,84
2024-05-29 14:00:00,340,180,88
2024-05-29 15:00:00,472,198,203
2024-05-29 16:00:00,765,165,371
2024-05-29 17:00:00,568,200,219
2024-05-29 18:00:00,254,225,137
2024-05-29 19:00:00,329,134,156
2024-05-29 20:00:00,252,123,70
2024-05-29 21:00:00,27,227,37
2024-05-29 22:00:00,22,183,15
2024-05-29 23:00:00,3,192,5
2024-05-30 00:00:00,0,134,0
2024-05-30 01:00:00,0,86,0
2024-05-30 02:00:00,0,46,1
2024-05-30 03:00:00,2,37,1
2024-05-30 04:00:00,10,26,11
2024-05-30 05:00:00,39,53,30
2024-05-30 06:00:00,134,98,114
2024-05-30 07:00:00,406,189,227
2024-05-30 08:00:00,285,160,185
2024-05-30 09:00:00,201,149,88
2024-05-30 10:00:00,268,144,72
2024-05-30 11:00:00,461,178,110
2024-05-30 12:00:00,517,187,89
2024-05-30 13:00:00,369,198,79
2024-05-30 14:00:00,377,166,88
2024-05-30 15:00:00,464,209,148
2024-05-30 16:00:00,834,221,322
2024-05-30 17:00:00,665,214,227
2024-05-30 18:00:00,531,268,164
2024-05-30 19:00:00,380,214,128
2024-05-30 20:00:00,301,197,97
2024-05-30 21:00:00,96,249,44
2024-05-30 22:00:00,65,233,23
2024-05-30 23:00:00,5,276,7
2024-05-31 00:00:00,2,176,1
2024-05-31 01:00:00,0,124,1
2024-05-31 02:00:00,0,65,0
2024-05-31 03:00:00,8,40,1
2024-05-31 04:00:00,8,28,10
2024-05-31 05:00:00,24,18,5
2024-05-31 06:00:00,133,54,73
2024-05-31 07:00:00,399,158,205
2024-05-31 08:00:00,177,154,111
2024-05-31 09:00:00,215,157,55
2024-05-31 10:00:00,255,169,58
2024-05-31 11:00:00,391,169,106
2024-05-31 12:00:00,398,162,100
2024-05-31 13:00:00,395,179,110
2024-05-31 14:00:00,372,223,100
2024-05-31 15:00:00,496,259,172
2024-05-31 16:00:00,641,266,266
2024-05-31 17:00:00,600,351,177
2024-05-31 18:00:00,567,384,120
2024-05-31 19:00:00,505,286,107
2024-05-31 20:00:00,382,277,77
2024-05-31 21:00:00,94,396,84
2024-05-31 22:00:00,49,481,51
2024-05-31 23:00:00,10,518,20
2024-06-01 00:00:00,10,516,6
2024-06-01 01:00:00,2,386,6
2024-06-01 02:00:00,2,166,2
2024-06-01 03:00:00,29,107,1
2024-06-01 04:00:00,24,87,8
2024-06-01 05:00:00,9,16,2
2024-06-01 06:00:00,41,40,15
2024-06-01 07:00:00,55,62,18
2024-06-01 08:00:00,133,92,58
2024-06-01 09:00:00,232,133,81
2024-06-01 10:00:00,401,206,126
2024-06-01 11:00:00,546,237,158
2024-06-01 12:00:00,652,276,133
2024-06-01 13:00:00,789,255,133
2024-06-01 14:00:00,642,297,103
2024-06-01 15:00:00,626,283,105
2024-06-01 16:00:00,585,315,116
2024-06-01 17:00:00,562,349,103
2024-06-01 18:00:00,590,387,113
2024-06-01 19:00:00,616,338,105
2024-06-01 20:00:00,392,223,67
2024-06-01 21:00:00,199,391,50
2024-06-01 22:00:00,89,479,42
2024-06-01 23:00:00,35,568,26
2024-06-02 00:00:00,33,487,9
2024-06-02 01:00:00,11,488,4
2024-06-02 02:00:00,3,302,4
2024-06-02 03:00:00,27,172,2
2024-06-02 04:00:00,21,89,2
2024-06-02 05:00:00,8,11,2
2024-06-02 06:00:00,24,21,9
2024-06-02 07:00:00,38,40,23
2024-06-02 08:00:00,80,87,31
2024-06-02 09:00:00,176,125,47
2024-06-02 10:00:00,270,136,46
2024-06-02 11:00:00,276,131,53
2024-06-02 12:00:00,334,131,58
2024-06-02 13:00:00,327,166,50
2024-06-02 14:00:00,360,165,67
2024-06-02 15:00:00,297,168,83
2024-06-02 16:00:00,365,159,131
2024-06-02 17:00:00,302,158,122
2024-06-02 18:00:00,216,184,104
2024-06-02 19:00:00,293,148,92
2024-06-02 20:00:00,181,110,67
2024-06-02 21:00:00,102,151,37
2024-06-02 22:00:00,37,133,16
2024-06-02 23:00:00,2,102,6
2024-06-03 00:00:00,0,80,1
2024-06-03 01:00:00,1,46,0
2024-06-03 02:00:00,0,25,1
2024-06-03 03:00:00,10,24,2
2024-06-03 04:00:00,11,31,9
2024-06-03 05:00:00,31,31,7
2024-06-03 06:00:00,126,78,126
2024-06-03 07:00:00,479,136,342
2024-06-03 08:00:00,300,180,194
2024-06-03 09:00:00,660,143,81
2024-06-03 10:00:00,189,122,63
2024-06-03 11:00:00,351,133,91
2024-06-03 12:00:00,417,130,109
2024-06-03 13:00:00,295,167,82
2024-06-03 14:00:00,235,167,94
2024-06-03 15:00:00,348,182,192
2024-06-03 16:00:00,593,182,413
2024-06-03 17:00:00,378,203,215
2024-06-03 18:00:00,277,161,137
2024-06-03 19:00:00,261,153,101
2024-06-03 20:00:00,185,116,75
2024-06-03 21:00:00,34,158,32
2024-06-03 22:00:00,13,146,16
2024-06-03 23:00:00,1,127,3
2024-06-04 00:00:00,0,74,0
2024-06-04 01:00:00,0,53,0
2024-06-04 02:00:00,0,38,0
2024-06-04 03:00:00,5,22,1
2024-06-04 04:00:00,16,35,15
2024-06-04 05:00:00,39,73,40
2024-06-04 06:00:00,176,88,179
2024-06-04 07:00:00,611,167,430
2024-06-04 08:00:00,300,176,237
2024-06-04 09:00:00,201,140,78
2024-06-04 10:00:00,175,145,70
2024-06-04 11:00:00,240,157,60
2024-06-04 12:00:00,441,158,124
2024-06-04 13:00:00,325,154,100
2024-06-04 14:00:00,319,138,89
2024-06-04 15:00:00,562,186,219
2024-06-04 16:00:00,735,215,459
2024-06-04 17:00:00,451,224,243
2024-06-04 18:00:00,321,235,136
2024-06-04 19:00:00,226,195,110
2024-06-04 20:00:00,152,131,77
2024-06-04 21:00:00,22,184,18
2024-06-04 22:00:00,17,185,10
2024-06-04 23:00:00,2,150,3
2024-06-05 00:00:00,1,86,0
2024-06-05 01:00:00,1,68,1
2024-06-05 02:00:00,0,57,1
2024-06-05 03:00:00,7,26,2
2024-06-05 04:00:00,15,26,14
2024-06-05 05:00:00,31,49,9
2024-06-05 06:00:00,212,103,152
2024-06-05 07:00:00,403,176,229
2024-06-05 08:00:00,324,201,99
2024-06-05 09:00:00,162,159,60
2024-06-05 10:00:00,210,115,83
2024-06-05 11:00:00,484,152,105
2024-06-05 12:00:00,489,123,95
2024-06-05 13:00:00,362,155,103
2024-06-05 14:00:00,311,190,59
2024-06-05 15:00:00,413,225,204
2024-06-05 16:00:00,744,214,471
2024-06-05 17:00:00,562,211,266
2024-06-05 18:00:00,345,262,147
2024-06-05 19:00:00,253,146,143
2024-06-05 20:00:00,247,151,111
2024-06-05 21:00:00,57,217,28
2024-06-05 22:00:00,32,199,19
2024-06-05 23:00:00,2,156,7
2024-06-06 00:00:00,0,150,1
2024-06-06 01:00:00,0,89,2
2024-06-06 02:00:00,0,67,1
2024-06-06 03:00:00,4,43,1
2024-06-06 04:00:00,14,21,10
2024-06-06 05:00:00,44,53,38
2024-06-06 06:00:00,181,90,173
2024-06-06 07:00:00,540,197,382
2024-06-06 08:00:00,275,252,171
2024-06-06 09:00:00,184,169,60
2024-06-06 10:00:00,234,191,65
2024-06-06 11:00:00,414,135,111
2024-06-06 12:00:00,384,135,99
2024-06-06 13:00:00,301,178,86
2024-06-06 14:00:00,350,204,99
2024-06-06 15:00:00,385,232,156
2024-06-06 16:00:00,585,255,405
2024-06-06 17:00:00,547,256,249
2024-06-06 18:00:00,324,220,144
2024-06-06 19:00:00,342,198,118
2024-06-06 20:00:00,273,162,95
2024-06-06 21:00:00,61,254,58
2024-06-06 22:00:00,35,217,33
2024-06-06 23:00:00,2,228,9
2024-06-07 00:00:00,0,182,1
2024-06-07 01:00:00,0,128,1
2024-06-07 02:00:00,0,51,0
2024-06-07 03:00:00,7,32,2
2024-06-07 04:00:00,21,33,13
2024-06-07 05:00:00,30,35,21
2024-06-07 06:00:00,146,80,95
2024-06-07 07:00:00,337,172,213
2024-06-07 08:00:00,214,179,133
2024-06-07 09:00:00,244,147,82
2024-06-07 10:00:00,224,141,69
2024-06-07 11:00:00,370,159,108
2024-06-07 12:00:00,370,146,94
2024-06-07 13:00:00,304,186,115
2024-06-07 14:00:00,378,213,116
2024-06-07 15:00:00,443,271,207
2024-06-07 16:00:00,574,271,293
2024-06-07 17:00:00,516,350,176
2024-06-07 18:00:00,407,363,141
2024-06-07 19:00:00,336,282,91
2024-06-07 20:00:00,335,252,85
2024-06-07 21:00:00,106,306,48
2024-06-07 22:00:00,63,398,54
2024-06-07 23:00:00,25,449,25
2024-06-08 00:00:00,9,450,5
2024-06-08 01:00:00,3,310,2
2024-06-08 02:00:00,2,164,4
2024-06-08 03:00:00,11,88,2
2024-06-08 04:00:00,24,59,6
2024-06-08 05:00:00,24,30,9
2024-06-08 06:00:00,32,70,24
2024-06-08 07:00:00,70,84,56
2024-06-08 08:00:00,125,151,70
2024-06-08 09:00:00,227,169,86
2024-06-08 10:00:00,369,224,80
2024-06-08 11:00:00,434,223,94
2024-06-08 12:00:00,530,260,91
2024-06-08 13:00:00,540,280,94
2024-06-08 14:00:00,429,289,37
2024-06-08 15:00:00,584,298,97
2024-06-08 16:00:00,653,328,98
2024-06-08 17:00:00,569,376,96
2024-06-08 18:00:00,381,417,118
2024-06-08 19:00:00,472,301,102
2024-06-08 20:00:00,550,268,95
2024-06-08 21:00:00,191,444,52
2024-06-08 22:00:00,96,420,45
2024-06-08 23:00:00,43,383,20
2024-06-09 00:00:00,24,504,8
2024-06-09 01:00:00,8,470,5
2024-06-09 02:00:00,4,227,1
2024-06-09 03:00:00,30,154,0
2024-06-09 04:00:00,17,69,3
2024-06-09 05:00:00,11,21,1
2024-06-09 06:00:00,16,19,10
2024-06-09 07:00:00,48,48,36
2024-06-09 08:00:00,106,73,58
2024-06-09 09:00:00,219,150,92
2024-06-09 10:00:00,252,153,80
2024-06-09 11:00:00,332,151,92
2024-06-09 12:00:00,376,133,104
2024-06-09 13:00:00,411,133,101
2024-06-09 14:00:00,317,228,80
2024-06-09 15:00:00,351,227,92
2024-06-09 16:00:00,402,188,105
2024-06-09 17:00:00,280,203,68
2024-06-09 18:00:00,239,206,86
2024-06-09 19:00:00,206,180,79
2024-06-09 20:00:00,127,174,33
2024-06-09 21:00:00,45,233,29
2024-06-09 22:00:00,23,190,11
2024-06-09 23:00:00,0,163,3
2024-06-10 00:00:00,0,70,1
2024-06-10 01:00:00,0,49,0
2024-06-10 02:00:00,0,31,0
2024-06-10 03:00:00,2,26,1
2024-06-10 04:00:00,13,20,3
2024-06-10 05:00:00,29,31,19
2024-06-10 06:00:00,122,73,116
2024-06-10 07:00:00,315,125,245
2024-06-10 08:00:00,277,207,168
2024-06-10 09:00:00,201,149,76
2024-06-10 10:00:00,229,133,45
2024-06-10 11:00:00,349,141,77
2024-06-10 12:00:00,403,120,93
2024-06-10 13:00:00,317,124,45
2024-06-10 14:00:00,298,150,111
2024-06-10 15:00:00,415,142,205
2024-06-10 16:00:00,576,199,367
2024-06-10 17:00:00,388,179,261
2024-06-10 18:00:00,326,161,112
2024-06-10 19:00:00,204,134,98
2024-06-10 20:00:00,172,103,73
2024-06-10 21:00:00,35,176,31
2024-06-10 22:00:00,14,123,10
2024-06-10 23:00:00,0,91,6
2024-06-11 00:00:00,0,81,1
2024-06-11 01:00:00,0,48,0
2024-06-11 02:00:00,0,42,0
2024-06-11 03:00:00,1,26,3
2024-06-11 04:00:00,6,30,3
2024-06-11 05:00:00,16,31,6
2024-06-11 06:00:00,196,69,122
2024-06-11 07:00:00,515,166,224
2024-06-11 08:00:00,267,230,100
2024-06-11 09:00:00,194,116,70
2024-06-11 10:00:00,221,132,61
2024-06-11 11:00:00,438,163,96
2024-06-11 12:00:00,444,151,98
2024-06-11 13:00:00,262,142,96
2024-06-11 14:00:00,349,141,106
2024-06-11 15:00:00,494,170,220
2024-06-11 16:00:00,669,216,489
2024-06-11 17:00:00,486,246,270
2024-06-11 18:00:00,312,203,120
2024-06-11 19:00:00,276,138,133
2024-06-11 20:00:00,229,110,81
2024-06-11 21:00:00,52,188,32
2024-06-11 22:00:00,10,114,17
2024-06-11 23:00:00,2,120,7
2024-06-12 00:00:00,0,114,0
2024-06-12 01:00:00,0,55,0
2024-06-12 02:00:00,0,36,0
2024-06-12 03:00:00,3,36,1
2024-06-12 04:00:00,12,42,12
2024-06-12 05:00:00,49,78,42
2024-06-12 06:00:00,172,128,147
2024-06-12 07:00:00,610,183,408
2024-06-12 08:00:00,273,270,219
2024-06-12 09:00:00,200,190,78
2024-06-12 10:00:00,241,155,86
2024-06-12 11:00:00,514,189,130
2024-06-12 12:00:00,437,178,105
2024-06-12 13:00:00,334,182,86
2024-06-12 14:00:00,346,184,126
2024-06-12 15:00:00,421,197,210
2024-06-12 16:00:00,710,220,419
2024-06-12 17:00:00,519,223,283
2024-06-12 18:00:00,236,251,147
2024-06-12 19:00:00,294,158,156
2024-06-12 20:00:00,255,126,70
2024-06-12 21:00:00,50,207,45
2024-06-12 22:00:00,14,188,15
2024-06-12 23:00:00,1,149,4
2024-06-13 00:00:00,0,92,0
2024-06-13 01:00:00,0,64,0
2024-06-13 02:00:00,0,45,0
2024-06-13 03:00:00,1,30,0
2024-06-13 04:00:00,8,33,13
2024-06-13 05:00:00,40,67,35
2024-06-13 06:00:00,185,108,139
2024-06-13 07:00:00,537,176,356
2024-06-13 08:00:00,260,238,211
2024-06-13 09:00:00,212,149,80
2024-06-13 10:00:00,198,175,59
2024-06-13 11:00:00,429,173,97
2024-06-13 12:00:00,335,174,106
2024-06-13 13:00:00,235,188,83
2024-06-13 14:00:00,302,164,128
2024-06-13 15:00:00,385,265,172
2024-06-13 16:00:00,686,249,377
2024-06-13 17:00:00,425,292,226
2024-06-13 18:00:00,290,331,152
2024-06-13 19:00:00,234,248,117
2024-06-13 20:00:00,115,180,31
2024-06-13 21:00:00,1,198,27
2024-06-13 22:00:00,1,179,6
2024-06-13 23:00:00,0,138,3
2024-06-14 00:00:00,0,159,0
2024-06-14 01:00:00,0,99,1
2024-06-14 02:00:00,0,42,0
2024-06-14 03:00:00,5,32,4
2024-06-14 04:00:00,12,29,11
2024-06-14 05:00:00,35,28,22
2024-06-14 06:00:00,149,92,101
2024-06-14 07:00:00,318,184,135
2024-06-14 08:00:00,223,233,152
2024-06-14 09:00:00,195,221,71
2024-06-14 10:00:00,255,186,80
2024-06-14 11:00:00,318,162,75
2024-06-14 12:00:00,316,185,96
2024-06-14 13:00:00,313,206,109
2024-06-14 14:00:00,324,185,139
2024-06-14 15:00:00,428,221,189
2024-06-14 16:00:00,543,322,227
2024-06-14 17:00:00,526,374,158
2024-06-14 18:00:00,550,360,107
2024-06-14 19:00:00,320,292,82
2024-06-14 20:00:00,202,235,70
2024-06-14 21:00:00,0,283,17
2024-06-14 22:00:00,1,341,16
2024-06-14 23:00:00,0,415,6
2024-06-15 00:00:00,1,365,6
2024-06-15 01:00:00,1,220,1
2024-06-15 02:00:00,0,126,0
2024-06-15 03:00:00,4,77,1
2024-06-15 04:00:00,21,51,7
2024-06-15 05:00:00,37,54,13
2024-06-15 06:00:00,23,55,23
2024-06-15 07:00:00,74,99,38
2024-06-15 08:00:00,118,192,51
2024-06-15 09:00:00,199,199,43
2024-06-15 10:00:00,283,226,68
2024-06-15 11:00:00,416,274,82
2024-06-15 12:00:00,321,250,17
2024-06-15 13:00:00,386,304,26
2024-06-15 14:00:00,575,314,75
2024-06-15 15:00:00,531,296,78
2024-06-15 16:00:00,567,361,92
2024-06-15 17:00:00,590,374,103
2024-06-15 18:00:00,480,401,79
2024-06-15 19:00:00,316,399,68
2024-06-15 20:00:00,220,215,33
2024-06-15 21:00:00,14,305,20
2024-06-15 22:00:00,4,362,10
2024-06-15 23:00:00,4,362,2
2024-06-16 00:00:00,5,409,5
2024-06-16 01:00:00,1,294,2
2024-06-16 02:00:00,0,156,3
2024-06-16 03:00:00,9,144,3
2024-06-16 04:00:00,23,73,6
2024-06-16 05:00:00,12,25,1
2024-06-16 06:00:00,28,36,11
2024-06-16 07:00:00,48,64,62
2024-06-16 08:00:00,75,91,23
2024-06-16 09:00:00,135,113,16
2024-06-16 10:00:00,148,139,8
2024-06-16 11:00:00,239,133,22
2024-06-16 12:00:00,175,119,9
2024-06-16 13:00:00,169,136,16
2024-06-16 14:00:00,220,147,16
2024-06-16 15:00:00,207,169,87
2024-06-16 16:00:00,248,138,114
2024-06-16 17:00:00,426,138,105
2024-06-16 18:00:00,204,155,72
2024-06-16 19:00:00,227,103,78
2024-06-16 20:00:00,198,107,58
2024-06-16 21:00:00,40,171,29
2024-06-16 22:00:00,14,120,11
2024-06-16 23:00:00,0,94,2
2024-06-17 00:00:00,0,54,0
2024-06-17 01:00:00,0,47,0
2024-06-17 02:00:00,0,33,0
2024-06-17 03:00:00,8,25,2
2024-06-17 04:00:00,11,28,4
2024-06-17 05:00:00,10,9,5
2024-06-17 06:00:00,148,56,100
2024-06-17 07:00:00,451,103,302
2024-06-17 08:00:00,263,152,180
2024-06-17 09:00:00,167,130,73
2024-06-17 10:00:00,223,114,64
2024-06-17 11:00:00,376,131,73
2024-06-17 12:00:00,405,115,21
2024-06-17 13:00:00,228,135,25
2024-06-17 14:00:00,227,143,15
2024-06-17 15:00:00,203,177,149
2024-06-17 16:00:00,444,147,363
2024-06-17 17:00:00,460,151,279
2024-06-17 18:00:00,349,162,145
2024-06-17 19:00:00,276,150,101
2024-06-17 20:00:00,281,105,101
2024-06-17 21:00:00,29,178,14
2024-06-17 22:00:00,12,106,11
2024-06-17 23:00:00,1,80,5
2024-06-18 00:00:00,0,58,0
2024-06-18 01:00:00,0,39,1
2024-06-18 02:00:00,0,28,0
2024-06-18 03:00:00,4,20,3
2024-06-18 04:00:00,7,26,7
2024-06-18 05:00:00,19,23,9
2024-06-18 06:00:00,205,79,90
2024-06-18 07:00:00,431,162,183
2024-06-18 08:00:00,287,242,118
2024-06-18 09:00:00,194,171,77
2024-06-18 10:00:00,245,143,86
2024-06-18 11:00:00,424,164,101
2024-06-18 12:00:00,457,146,82
2024-06-18 13:00:00,308,173,90
2024-06-18 14:00:00,325,171,121
2024-06-18 15:00:00,441,196,237
2024-06-18 16:00:00,679,201,448
2024-06-18 17:00:00,498,219,284
2024-06-18 18:00:00,365,176,151
2024-06-18 19:00:00,265,146,133
2024-06-18 20:00:00,222,115,98
2024-06-18 21:00:00,37,179,31
2024-06-18 22:00:00,8,108,10
2024-06-18 23:00:00,2,157,4
2024-06-19 00:00:00,0,97,0
2024-06-19 01:00:00,0,71,1
2024-06-19 02:00:00,0,36,0
2024-06-19 03:00:00,9,32,2
2024-06-19 04:00:00,15,31,15
2024-06-19 05:00:00,42,64,40
2024-06-19 06:00:00,202,97,160
2024-06-19 07:00:00,520,154,398
2024-06-19 08:00:00,261,218,214
2024-06-19 09:00:00,195,151,85
2024-06-19 10:00:00,236,123,72
2024-06-19 11:00:00,487,158,98
2024-06-19 12:00:00,481,176,90
2024-06-19 13:00:00,312,192,49
2024-06-19 14:00:00,317,177,59
2024-06-19 15:00:00,455,228,207
2024-06-19 16:00:00,546,189,439
2024-06-19 17:00:00,443,214,287
2024-06-19 18:00:00,337,222,188
2024-06-19 19:00:00,285,171,128
2024-06-19 20:00:00,256,145,101
2024-06-19 21:00:00,81,168,47
2024-06-19 22:00:00,26,178,20
2024-06-19 23:00:00,5,158,8
2024-06-20 00:00:00,0,126,1
2024-06-20 01:00:00,0,69,1
2024-06-20 02:00:00,0,36,0
2024-06-20 03:00:00,4,34,1
2024-06-20 04:00:00,18,28,12
2024-06-20 05:00:00,44,38,22
2024-06-20 06:00:00,208,95,96
2024-06-20 07:00:00,314,185,181
2024-06-20 08:00:00,236,236,56
2024-06-20 09:00:00,193,127,74
2024-06-20 10:00:00,189,176,56
2024-06-20 11:00:00,430,144,106
2024-06-20 12:00:00,453,215,120
2024-06-20 13:00:00,289,204,100
2024-06-20 14:00:00,363,198,136
2024-06-20 15:00:00,634,238,313
2024-06-20 16:00:00,585,269,332
2024-06-20 17:00:00,498,266,224
2024-06-20 18:00:00,492,321,196
2024-06-20 19:00:00,301,201,124
2024-06-20 20:00:00,347,166,112
2024-06-20 21:00:00,132,266,40
2024-06-20 22:00:00,36,217,20
2024-06-20 23:00:00,5,194,3
2024-06-21 00:00:00,3,147,0
2024-06-21 01:00:00,0,108,0
2024-06-21 02:00:00,0,46,0
2024-06-21 03:00:00,5,48,2
2024-06-21 04:00:00,14,32,7
2024-06-21 05:00:00,17,11,10
2024-06-21 06:00:00,108,85,98
2024-06-21 07:00:00,400,163,212
2024-06-21 08:00:00,250,161,171
2024-06-21 09:00:00,190,145,72
2024-06-21 10:00:00,211,150,91
2024-06-21 11:00:00,358,158,78
2024-06-21 12:00:00,371,147,91
2024-06-21 13:00:00,287,190,79
2024-06-21 14:00:00,387,221,143
2024-06-21 15:00:00,393,202,199
2024-06-21 16:00:00,561,240,302
2024-06-21 17:00:00,471,290,178
2024-06-21 18:00:00,424,403,168
2024-06-21 19:00:00,394,313,92
2024-06-21 20:00:00,277,248,63
2024-06-21 21:00:00,47,418,30
2024-06-21 22:00:00,25,438,16
2024-06-21 23:00:00,8,379,4
2024-06-22 00:00:00,7,355,1
2024-06-22 01:00:00,3,235,2
2024-06-22 02:00:00,1,120,0
2024-06-22 03:00:00,5,120,1
2024-06-22 04:00:00,18,68,7
2024-06-22 05:00:00,25,27,3
2024-06-22 06:00:00,37,42,12
2024-06-22 07:00:00,40,89,13
2024-06-22 08:00:00,71,125,17
2024-06-22 09:00:00,186,142,74
2024-06-22 10:00:00,270,169,97
2024-06-22 11:00:00,462,242,122
2024-06-22 12:00:00,499,252,122
2024-06-22 13:00:00,526,253,100
2024-06-22 14:00:00,455,283,50
2024-06-22 15:00:00,217,291,76
2024-06-22 16:00:00,362,289,145
2024-06-22 17:00:00,621,343,150
2024-06-22 18:00:00,367,406,100
2024-06-22 19:00:00,486,344,95
2024-06-22 20:00:00,397,275,104
2024-06-22 21:00:00,74,343,43
2024-06-22 22:00:00,52,311,31
2024-06-22 23:00:00,3,359,4
2024-06-23 00:00:00,7,518,10
2024-06-23 01:00:00,8,381,1
2024-06-23 02:00:00,0,226,0
2024-06-23 03:00:00,15,170,5
2024-06-23 04:00:00,13,72,5
2024-06-23 05:00:00,29,25,10
2024-06-23 06:00:00,23,29,13
2024-06-23 07:00:00,52,57,38
2024-06-23 08:00:00,100,85,53
2024-06-23 09:00:00,172,92,67
2024-06-23 10:00:00,248,129,83
2024-06-23 11:00:00,293,140,105
2024-06-23 12:00:00,337,163,108
2024-06-23 13:00:00,311,167,88
2024-06-23 14:00:00,313,196,92
2024-06-23 15:00:00,336,201,104
2024-06-23 16:00:00,348,164,128
2024-06-23 17:00:00,336,190,129
2024-06-23 18:00:00,304,169,108
2024-06-23 19:00:00,236,180,95
2024-06-23 20:00:00,209,135,70
2024-06-23 21:00:00,46,191,43
2024-06-23 22:00:00,13,139,19
2024-06-23 23:00:00,2,186,4
2024-06-24 00:00:00,0,105,2
2024-06-24 01:00:00,0,47,0
2024-06-24 02:00:00,0,22,0
2024-06-24 03:00:00,6,18,2
2024-06-24 04:00:00,13,19,6
2024-06-24 05:00:00,53,49,39
2024-06-24 06:00:00,148,68,162
2024-06-24 07:00:00,456,137,299
2024-06-24 08:00:00,262,151,170
2024-06-24 09:00:00,185,137,61
2024-06-24 10:00:00,205,140,68
2024-06-24 11:00:00,439,137,111
2024-06-24 12:00:00,422,115,96
2024-06-24 13:00:00,329,121,84
2024-06-24 14:00:00,292,154,127
2024-06-24 15:00:00,388,165,208
2024-06-24 16:00:00,613,178,405
2024-06-24 17:00:00,421,186,277
2024-06-24 18:00:00,305,174,133
2024-06-24 19:00:00,280,119,116
2024-06-24 20:00:00,186,104,93
2024-06-24 21:00:00,59,152,36
2024-06-24 22:00:00,16,113,17
2024-06-24 23:00:00,0,88,1
2024-06-25 00:00:00,0,53,3
2024-06-25 01:00:00,0,39,0
2024-06-25 02:00:00,0,36,0
2024-06-25 03:00:00,9,23,4
2024-06-25 04:00:00,13,30,11
2024-06-25 05:00:00,20,32,5
2024-06-25 06:00:00,209,90,99
2024-06-25 07:00:00,361,188,234
2024-06-25 08:00:00,273,204,142
2024-06-25 09:00:00,213,133,108
2024-06-25 10:00:00,244,160,75
2024-06-25 11:00:00,405,167,96
2024-06-25 12:00:00,469,165,113
2024-06-25 13:00:00,307,165,113
2024-06-25 14:00:00,319,174,89
2024-06-25 15:00:00,453,208,244
2024-06-25 16:00:00,623,185,448
2024-06-25 17:00:00,446,215,289
2024-06-25 18:00:00,304,201,193
2024-06-25 19:00:00,270,135,111
2024-06-25 20:00:00,205,131,84
2024-06-25 21:00:00,96,230,44
2024-06-25 22:00:00,30,189,13
2024-06-25 23:00:00,7,131,4
2024-06-26 00:00:00,0,116,0
2024-06-26 01:00:00,0,63,0
2024-06-26 02:00:00,0,31,0
2024-06-26 03:00:00,9,35,1
2024-06-26 04:00:00,17,54,10
2024-06-26 05:00:00,42,35,6
2024-06-26 06:00:00,179,120,102
2024-06-26 07:00:00,461,195,205
2024-06-26 08:00:00,319,242,159
2024-06-26 09:00:00,204,149,95
2024-06-26 10:00:00,209,163,88
2024-06-26 11:00:00,462,160,123
2024-06-26 12:00:00,526,176,112
2024-06-26 13:00:00,370,164,83
2024-06-26 14:00:00,308,189,115
2024-06-26 15:00:00,456,234,221
2024-06-26 16:00:00,631,231,409
2024-06-26 17:00:00,449,290,278
2024-06-26 18:00:00,332,221,191
2024-06-26 19:00:00,316,166,148
2024-06-26 20:00:00,234,115,105
2024-06-26 21:00:00,45,260,40
2024-06-26 22:00:00,9,192,7
2024-06-26 23:00:00,0,173,3
2024-06-27 00:00:00,0,81,2
2024-06-27 01:00:00,0,87,1
2024-06-27 02:00:00,0,39,0
2024-06-27 03:00:00,2,24,1
2024-06-27 04:00:00,26,29,7
2024-06-27 05:00:00,50,80,53
2024-06-27 06:00:00,156,141,136
2024-06-27 07:00:00,446,216,330
2024-06-27 08:00:00,276,268,190
2024-06-27 09:00:00,196,189,75
2024-06-27 10:00:00,194,160,80
2024-06-27 11:00:00,369,176,87
2024-06-27 12:00:00,433,161,102
2024-06-27 13:00:00,287,204,44
2024-06-27 14:00:00,277,219,55
2024-06-27 15:00:00,439,214,188
2024-06-27 16:00:00,682,222,361
2024-06-27 17:00:00,524,286,228
2024-06-27 18:00:00,358,242,145
2024-06-27 19:00:00,281,191,126
2024-06-27 20:00:00,227,189,91
2024-06-27 21:00:00,44,303,39
2024-06-27 22:00:00,10,217,20
2024-06-27 23:00:00,2,200,3
2024-06-28 00:00:00,1,144,1
2024-06-28 01:00:00,0,83,1
2024-06-28 02:00:00,0,48,0
2024-06-28 03:00:00,2,27,2
2024-06-28 04:00:00,9,24,7
2024-06-28 05:00:00,21,19,2
2024-06-28 06:00:00,121,73,75
2024-06-28 07:00:00,199,185,162
2024-06-28 08:00:00,226,198,165
2024-06-28 09:00:00,158,138,64
2024-06-28 10:00:00,204,141,67
2024-06-28 11:00:00,385,153,107
2024-06-28 12:00:00,373,159,90
2024-06-28 13:00:00,317,187,93
2024-06-28 14:00:00,292,237,49
2024-06-28 15:00:00,392,282,151
2024-06-28 16:00:00,505,303,260
2024-06-28 17:00:00,546,335,170
2024-06-28 18:00:00,295,375,129
2024-06-28 19:00:00,457,269,134
2024-06-28 20:00:00,426,236,94
2024-06-28 21:00:00,87,359,52
2024-06-28 22:00:00,45,343,32
2024-06-28 23:00:00,7,427,15
2024-06-29 00:00:00,3,375,7
2024-06-29 01:00:00,4,301,3
2024-06-29 02:00:00,0,154,2
2024-06-29 03:00:00,8,108,2
2024-06-29 04:00:00,12,70,3
2024-06-29 05:00:00,14,15,2
2024-06-29 06:00:00,34,41,19
2024-06-29 07:00:00,72,83,49
2024-06-29 08:00:00,114,115,40
2024-06-29 09:00:00,203,139,83
2024-06-29 10:00:00,252,155,84
2024-06-29 11:00:00,355,185,98
2024-06-29 12:00:00,383,227,68
2024-06-29 13:00:00,478,276,46
2024-06-29 14:00:00,537,319,116
2024-06-29 15:00:00,336,325,116
2024-06-29 16:00:00,263,353,136
2024-06-29 17:00:00,537,345,108
2024-06-29 18:00:00,394,357,113
2024-06-29 19:00:00,573,330,101
2024-06-29 20:00:00,402,312,95
2024-06-29 21:00:00,74,403,37
2024-06-29 22:00:00,46,435,27
2024-06-29 23:00:00,14,518,17
2024-06-30 00:00:00,3,520,6
2024-06-30 01:00:00,11,392,9
2024-06-30 02:00:00,4,197,4
2024-06-30 03:00:00,9,139,3
2024-06-30 04:00:00,18,81,4
2024-06-30 05:00:00,21,27,7
2024-06-30 06:00:00,24,29,19
2024-06-30 07:00:00,52,61,43
2024-06-30 08:00:00,104,102,54
2024-06-30 09:00:00,188,152,71
2024-06-30 10:00:00,218,129,78
2024-06-30 11:00:00,274,144,93
2024-06-30 12:00:00,314,134,109
2024-06-30 13:00:00,255,153,86
2024-06-30 14:00:00,337,169,94
2024-06-30 15:00:00,355,163,134
2024-06-30 16:00:00,262,124,88
2024-06-30 17:00:00,238,122,81
2024-06-30 18:00:00,261,153,91
2024-06-30 19:00:00,231,161,83
2024-06-30 20:00:00,167,124,47
2024-06-30 21:00:00,39,200,23
2024-06-30 22:00:00,9,152,7
2024-06-30 23:00:00,1,125,3
2024-07-01 00:00:00,0,81,0
2024-07-01 01:00:00,0,42,0
2024-07-01 02:00:00,0,24,1
2024-07-01 03:00:00,4,31,1
2024-07-01 04:00:00,5,24,7
2024-07-01 05:00:00,33,50,23
2024-07-01 06:00:00,135,110,166
2024-07-01 07:00:00,458,169,332
2024-07-01 08:00:00,279,191,166
2024-07-01 09:00:00,165,124,80
2024-07-01 10:00:00,235,137,51
2024-07-01 11:00:00,401,150,79
2024-07-01 12:00:00,406,118,81
2024-07-01 13:00:00,279,147,80
2024-07-01 14:00:00,287,135,97
2024-07-01 15:00:00,423,206,163
2024-07-01 16:00:00,585,189,349
2024-07-01 17:00:00,398,153,232
2024-07-01 18:00:00,334,154,149
2024-07-01 19:00:00,254,120,92
2024-07-01 20:00:00,183,100,68
2024-07-01 21:00:00,17,150,34
2024-07-01 22:00:00,1,130,6
2024-07-01 23:00:00,0,85,1
2024-07-02 00:00:00,0,60,0
2024-07-02 01:00:00,0,37,0
2024-07-02 02:00:00,0,22,0
2024-07-02 03:00:00,3,32,2
2024-07-02 04:00:00,12,24,8
2024-07-02 05:00:00,54,57,40
2024-07-02 06:00:00,169,68,104
2024-07-02 07:00:00,488,184,245
2024-07-02 08:00:00,264,223,159
2024-07-02 09:00:00,207,152,78
2024-07-02 10:00:00,234,136,89
2024-07-02 11:00:00,434,153,107
2024-07-02 12:00:00,479,149,120
2024-07-02 13:00:00,287,170,80
2024-07-02 14:00:00,323,169,93
2024-07-02 15:00:00,457,168,221
2024-07-02 16:00:00,678,176,436
2024-07-02 17:00:00,466,176,262
2024-07-02 18:00:00,332,168,167
2024-07-02 19:00:00,302,147,126
2024-07-02 20:00:00,193,132,78
2024-07-02 21:00:00,33,172,32
2024-07-02 22:00:00,5,125,9
2024-07-02 23:00:00,0,119,1
2024-07-03 00:00:00,0,102,1
2024-07-03 01:00:00,0,51,0
2024-07-03 02:00:00,0,32,0
2024-07-03 03:00:00,4,30,2
2024-07-03 04:00:00,14,26,11
2024-07-03 05:00:00,58,55,45
2024-07-03 06:00:00,152,94,173
2024-07-03 07:00:00,467,182,424
2024-07-03 08:00:00,259,261,206
2024-07-03 09:00:00,149,184,64
2024-07-03 10:00:00,178,180,64
2024-07-03 11:00:00,327,166,110
2024-07-03 12:00:00,319,186,114
2024-07-03 13:00:00,317,172,92
2024-07-03 14:00:00,273,177,79
2024-07-03 15:00:00,441,199,172
2024-07-03 16:00:00,628,200,362
2024-07-03 17:00:00,474,276,266
2024-07-03 18:00:00,293,208,153
2024-07-03 19:00:00,295,185,128
2024-07-03 20:00:00,225,149,93
2024-07-03 21:00:00,20,179,26
2024-07-03 22:00:00,8,162,11
2024-07-03 23:00:00,0,147,6
2024-07-04 00:00:00,0,83,0
2024-07-04 01:00:00,0,61,0
2024-07-04 02:00:00,1,35,0
2024-07-04 03:00:00,8,33,2
2024-07-04 04:00:00,12,36,7
2024-07-04 05:00:00,21,24,0
2024-07-04 06:00:00,185,70,85
2024-07-04 07:00:00,337,220,220
2024-07-04 08:00:00,253,219,119
2024-07-04 09:00:00,166,148,59
2024-07-04 10:00:00,175,116,32
2024-07-04 11:00:00,358,192,62
2024-07-04 12:00:00,513,164,102
2024-07-04 13:00:00,281,201,92
2024-07-04 14:00:00,310,229,109
2024-07-04 15:00:00,427,224,168
2024-07-04 16:00:00,647,212,393
2024-07-04 17:00:00,509,273,274
2024-07-04 18:00:00,377,260,164
2024-07-04 19:00:00,248,207,105
2024-07-04 20:00:00,66,163,43
2024-07-04 21:00:00,1,238,21
2024-07-04 22:00:00,5,179,8
2024-07-04 23:00:00,0,177,3
2024-07-05 00:00:00,0,115,0
2024-07-05 01:00:00,0,105,0
2024-07-05 02:00:00,0,43,0
2024-07-05 03:00:00,1,13,1
2024-07-05 04:00:00,3,28,4
2024-07-05 05:00:00,42,38,19
2024-07-05 06:00:00,109,110,103
2024-07-05 07:00:00,268,217,177
2024-07-05 08:00:00,155,255,119
2024-07-05 09:00:00,157,184,61
2024-07-05 10:00:00,180,166,62
2024-07-05 11:00:00,329,201,84
2024-07-05 12:00:00,343,166,74
2024-07-05 13:00:00,329,203,91
2024-07-05 14:00:00,288,200,96
2024-07-05 15:00:00,377,263,150
2024-07-05 16:00:00,415,293,206
2024-07-05 17:00:00,330,342,125
2024-07-05 18:00:00,287,370,107
2024-07-05 19:00:00,177,335,91
2024-07-05 20:00:00,44,236,37
2024-07-05 21:00:00,1,254,9
2024-07-05 22:00:00,4,388,2
2024-07-05 23:00:00,0,391,7
2024-07-06 00:00:00,0,278,1
2024-07-06 01:00:00,0,231,2
2024-07-06 02:00:00,0,108,0
2024-07-06 03:00:00,0,56,0
2024-07-06 04:00:00,1,62,2
2024-07-06 05:00:00,15,48,8
2024-07-06 06:00:00,36,62,10
2024-07-06 07:00:00,48,96,31
2024-07-06 08:00:00,92,105,35
2024-07-06 09:00:00,178,129,48
2024-07-06 10:00:00,291,173,68
2024-07-06 11:00:00,434,235,75
2024-07-06 12:00:00,406,221,53
2024-07-06 13:00:00,361,300,60
2024-07-06 14:00:00,351,346,39
2024-07-06 15:00:00,486,325,55
2024-07-06 16:00:00,199,269,79
2024-07-06 17:00:00,418,267,76
2024-07-06 18:00:00,191,281,72
2024-07-06 19:00:00,640,433,107
2024-07-06 20:00:00,446,281,81
2024-07-06 21:00:00,98,375,38
2024-07-06 22:00:00,40,369,19
2024-07-06 23:00:00,2,435,5
2024-07-07 00:00:00,0,375,4
2024-07-07 01:00:00,3,396,2
2024-07-07 02:00:00,2,256,1
2024-07-07 03:00:00,5,158,0
2024-07-07 04:00:00,25,88,5
2024-07-07 05:00:00,14,33,10
2024-07-07 06:00:00,28,31,14
2024-07-07 07:00:00,55,43,37
2024-07-07 08:00:00,93,65,40
2024-07-07 09:00:00,114,111,41
2024-07-07 10:00:00,163,133,75
2024-07-07 11:00:00,236,134,46
2024-07-07 12:00:00,258,131,69
2024-07-07 13:00:00,262,157,32
2024-07-07 14:00:00,229,166,22
2024-07-07 15:00:00,160,158,57
2024-07-07 16:00:00,189,152,105
2024-07-07 17:00:00,302,153,132
2024-07-07 18:00:00,168,127,65
2024-07-07 19:00:00,206,135,92
2024-07-07 20:00:00,192,98,70
2024-07-07 21:00:00,27,152,28
2024-07-07 22:00:00,4,115,8
2024-07-07 23:00:00,0,90,4
2024-07-08 00:00:00,0,51,0
2024-07-08 01:00:00,0,68,0
2024-07-08 02:00:00,0,33,2
2024-07-08 03:00:00,5,31,1
2024-07-08 04:00:00,12,39,7
2024-07-08 05:00:00,24,31,6
2024-07-08 06:00:00,142,84,99
2024-07-08 07:00:00,468,193,265
2024-07-08 08:00:00,233,163,162
2024-07-08 09:00:00,176,144,62
2024-07-08 10:00:00,203,111,66
2024-07-08 11:00:00,343,143,80
2024-07-08 12:00:00,403,123,96
2024-07-08 13:00:00,287,103,79
2024-07-08 14:00:00,281,143,88
2024-07-08 15:00:00,358,138,170
2024-07-08 16:00:00,500,179,343
2024-07-08 17:00:00,335,154,191
2024-07-08 18:00:00,174,163,89
2024-07-08 19:00:00,143,155,99
2024-07-08 20:00:00,22,83,24
2024-07-08 21:00:00,1,95,10
2024-07-08 22:00:00,0,79,3
2024-07-08 23:00:00,0,81,4
2024-07-09 00:00:00,0,38,0
2024-07-09 01:00:00,0,32,0
2024-07-09 02:00:00,0,26,1
2024-07-09 03:00:00,0,29,0
2024-07-09 04:00:00,4,25,5
2024-07-09 05:00:00,39,66,27
2024-07-09 06:00:00,149,82,154
2024-07-09 07:00:00,546,177,288
2024-07-09 08:00:00,283,200,174
2024-07-09 09:00:00,187,170,89
2024-07-09 10:00:00,245,162,75
2024-07-09 11:00:00,343,145,86
2024-07-09 12:00:00,419,159,90
2024-07-09 13:00:00,233,146,92
2024-07-09 14:00:00,292,173,110
2024-07-09 15:00:00,397,206,163
2024-07-09 16:00:00,657,181,369
2024-07-09 17:00:00,477,201,229
2024-07-09 18:00:00,354,214,125
2024-07-09 19:00:00,250,166,98
2024-07-09 20:00:00,101,109,52
2024-07-09 21:00:00,21,194,26
2024-07-09 22:00:00,6,162,14
2024-07-09 23:00:00,1,127,5
2024-07-10 00:00:00,0,77,0
2024-07-10 01:00:00,0,54,0
2024-07-10 02:00:00,0,23,0
2024-07-10 03:00:00,0,24,1
2024-07-10 04:00:00,7,48,11
2024-07-10 05:00:00,50,67,35
2024-07-10 06:00:00,126,87,147
2024-07-10 07:00:00,415,182,342
2024-07-10 08:00:00,235,223,219
2024-07-10 09:00:00,172,165,82
2024-07-10 10:00:00,222,132,45
2024-07-10 11:00:00,437,129,91
2024-07-10 12:00:00,503,140,103
2024-07-10 13:00:00,350,146,77
2024-07-10 14:00:00,354,185,108
2024-07-10 15:00:00,466,229,175
2024-07-10 16:00:00,707,250,359
2024-07-10 17:00:00,536,249,230
2024-07-10 18:00:00,434,252,158
2024-07-10 19:00:00,223,138,95
2024-07-10 20:00:00,148,123,79
2024-07-10 21:00:00,60,210,55
2024-07-10 22:00:00,15,198,22
2024-07-10 23:00:00,3,179,4
2024-07-11 00:00:00,0,127,2
2024-07-11 01:00:00,0,97,1
2024-07-11 02:00:00,0,45,0
2024-07-11 03:00:00,1,42,0
2024-07-11 04:00:00,17,34,6
2024-07-11 05:00:00,17,22,2
2024-07-11 06:00:00,164,69,52
2024-07-11 07:00:00,429,179,196
2024-07-11 08:00:00,323,197,143
2024-07-11 09:00:00,199,138,86
2024-07-11 10:00:00,228,140,79
2024-07-11 11:00:00,430,150,89
2024-07-11 12:00:00,483,171,82
2024-07-11 13:00:00,387,168,58
2024-07-11 14:00:00,329,170,88
2024-07-11 15:00:00,442,217,178
2024-07-11 16:00:00,604,208,362
2024-07-11 17:00:00,492,233,238
2024-07-11 18:00:00,275,201,115
2024-07-11 19:00:00,349,147,162
2024-07-11 20:00:00,274,135,94
2024-07-11 21:00:00,37,201,37
2024-07-11 22:00:00,16,164,18
2024-07-11 23:00:00,2,157,3
2024-07-12 00:00:00,0,135,2
2024-07-12 01:00:00,0,89,0
2024-07-12 02:00:00,0,43,0
2024-07-12 03:00:00,0,33,2
2024-07-12 04:00:00,13,26,13
2024-07-12 05:00:00,48,43,41
2024-07-12 06:00:00,103,105,116
2024-07-12 07:00:00,304,171,239
2024-07-12 08:00:00,199,197,160
2024-07-12 09:00:00,221,118,87
2024-07-12 10:00:00,186,117,49
2024-07-12 11:00:00,370,153,111
2024-07-12 12:00:00,383,126,98
2024-07-12 13:00:00,333,151,82
2024-07-12 14:00:00,336,189,111
2024-07-12 15:00:00,342,220,169
2024-07-12 16:00:00,548,263,266
2024-07-12 17:00:00,480,305,159
2024-07-12 18:00:00,333,394,117
2024-07-12 19:00:00,264,349,93
2024-07-12 20:00:00,153,238,47
2024-07-12 21:00:00,27,323,31
2024-07-12 22:00:00,17,377,16
2024-07-12 23:00:00,6,434,10
2024-07-13 00:00:00,2,366,6
2024-07-13 01:00:00,1,241,1
2024-07-13 02:00:00,0,112,0
2024-07-13 03:00:00,5,90,1
2024-07-13 04:00:00,16,63,5
2024-07-13 05:00:00,8,13,1
2024-07-13 06:00:00,40,35,13
2024-07-13 07:00:00,66,80,27
2024-07-13 08:00:00,183,97,56
2024-07-13 09:00:00,439,46,86
2024-07-13 10:00:00,1801,2,87
2024-07-13 11:00:00,2195,52,119
2024-07-13 12:00:00,849,165,102
2024-07-13 13:00:00,676,309,99
2024-07-13 14:00:00,657,324,118
2024-07-13 15:00:00,608,330,105
2024-07-13 16:00:00,504,329,114
2024-07-13 17:00:00,602,340,112
2024-07-13 18:00:00,610,341,100
2024-07-13 19:00:00,608,402,91
2024-07-13 20:00:00,495,384,85
2024-07-13 21:00:00,121,468,46
2024-07-13 22:00:00,51,471,26
2024-07-13 23:00:00,17,492,13
2024-07-14 00:00:00,11,414,9
2024-07-14 01:00:00,1,373,3
2024-07-14 02:00:00,3,212,4
2024-07-14 03:00:00,3,148,0
2024-07-14 04:00:00,30,83,4
2024-07-14 05:00:00,10,25,5
2024-07-14 06:00:00,14,29,18
2024-07-14 07:00:00,40,51,70
2024-07-14 08:00:00,87,78,19
2024-07-14 09:00:00,183,97,72
2024-07-14 10:00:00,224,143,88
2024-07-14 11:00:00,295,154,89
2024-07-14 12:00:00,267,127,79
2024-07-14 13:00:00,385,147,80
2024-07-14 14:00:00,379,186,93
2024-07-14 15:00:00,322,263,82
2024-07-14 16:00:00,265,272,134
2024-07-14 17:00:00,421,273,140
2024-07-14 18:00:00,336,249,134
2024-07-14 19:00:00,258,156,87
2024-07-14 20:00:00,170,103,60
2024-07-14 21:00:00,274,232,112
2024-07-14 22:00:00,62,306,33
2024-07-14 23:00:00,17,286,3
2024-07-15 00:00:00,2,154,1
2024-07-15 01:00:00,0,119,1
2024-07-15 02:00:00,0,76,0
2024-07-15 03:00:00,2,75,1
2024-07-15 04:00:00,16,36,10
2024-07-15 05:00:00,54,48,31
2024-07-15 06:00:00,103,53,119
2024-07-15 07:00:00,381,130,259
2024-07-15 08:00:00,263,158,183
2024-07-15 09:00:00,181,152,64
2024-07-15 10:00:00,187,140,49
2024-07-15 11:00:00,327,133,54
2024-07-15 12:00:00,269,157,65
2024-07-15 13:00:00,172,177,61
2024-07-15 14:00:00,220,148,81
2024-07-15 15:00:00,290,207,142
2024-07-15 16:00:00,475,190,244
2024-07-15 17:00:00,293,172,182
2024-07-15 18:00:00,190,149,102
2024-07-15 19:00:00,162,144,73
2024-07-15 20:00:00,123,108,30
2024-07-15 21:00:00,4,127,11
2024-07-15 22:00:00,1,115,7
2024-07-15 23:00:00,0,74,1
2024-07-16 00:00:00,0,56,1
2024-07-16 01:00:00,0,39,0
2024-07-16 02:00:00,0,24,0
2024-07-16 03:00:00,0,18,1
2024-07-16 04:00:00,11,21,9
2024-07-16 05:00:00,64,67,35
2024-07-16 06:00:00,157,73,125
2024-07-16 07:00:00,516,161,333
2024-07-16 08:00:00,283,229,220
2024-07-16 09:00:00,204,146,75
2024-07-16 10:00:00,203,161,72
2024-07-16 11:00:00,433,162,95
2024-07-16 12:00:00,495,139,84
2024-07-16 13:00:00,305,153,89
2024-07-16 14:00:00,351,169,95
2024-07-16 15:00:00,495,208,172
2024-07-16 16:00:00,554,210,413
2024-07-16 17:00:00,471,203,262
2024-07-16 18:00:00,304,178,156
2024-07-16 19:00:00,363,148,114
2024-07-16 20:00:00,241,109,63
2024-07-16 21:00:00,17,159,22
2024-07-16 22:00:00,9,145,8
2024-07-16 23:00:00,0,100,1
2024-07-17 00:00:00,0,99,1
2024-07-17 01:00:00,0,51,0
2024-07-17 02:00:00,0,41,0
2024-07-17 03:00:00,2,36,0
2024-07-17 04:00:00,9,30,7
2024-07-17 05:00:00,18,46,6
2024-07-17 06:00:00,159,58,74
2024-07-17 07:00:00,516,134,239
2024-07-17 08:00:00,345,183,214
2024-07-17 09:00:00,240,169,86
2024-07-17 10:00:00,245,156,79
2024-07-17 11:00:00,497,144,101
2024-07-17 12:00:00,419,160,107
2024-07-17 13:00:00,370,157,78
2024-07-17 14:00:00,343,162,115
2024-07-17 15:00:00,421,181,218
2024-07-17 16:00:00,721,193,441
2024-07-17 17:00:00,511,242,284
2024-07-17 18:00:00,336,265,185
2024-07-17 19:00:00,306,155,145
2024-07-17 20:00:00,230,166,84
2024-07-17 21:00:00,58,175,32
2024-07-17 22:00:00,8,155,10
2024-07-17 23:00:00,3,147,3
2024-07-18 00:00:00,0,111,0
2024-07-18 01:00:00,0,84,0
2024-07-18 02:00:00,0,39,1
2024-07-18 03:00:00,2,37,0
2024-07-18 04:00:00,16,27,2
2024-07-18 05:00:00,51,57,43
2024-07-18 06:00:00,177,52,77
2024-07-18 07:00:00,520,165,319
2024-07-18 08:00:00,315,188,192
2024-07-18 09:00:00,203,156,89
2024-07-18 10:00:00,250,188,75
2024-07-18 11:00:00,454,148,100
2024-07-18 12:00:00,491,169,100
2024-07-18 13:00:00,348,156,97
2024-07-18 14:00:00,359,185,113
2024-07-18 15:00:00,434,191,189
2024-07-18 16:00:00,712,232,396
2024-07-18 17:00:00,527,274,271
2024-07-18 18:00:00,352,222,197
2024-07-18 19:00:00,345,148,135
2024-07-18 20:00:00,296,190,108
2024-07-18 21:00:00,68,229,35
2024-07-18 22:00:00,19,225,14
2024-07-18 23:00:00,7,206,3
2024-07-19 00:00:00,2,158,1
2024-07-19 01:00:00,2,104,1
2024-07-19 02:00:00,0,58,0
2024-07-19 03:00:00,0,25,0
2024-07-19 04:00:00,11,33,3
2024-07-19 05:00:00,23,21,6
2024-07-19 06:00:00,119,59,61
2024-07-19 07:00:00,240,181,124
2024-07-19 08:00:00,184,180,50
2024-07-19 09:00:00,164,149,57
2024-07-19 10:00:00,292,185,68
2024-07-19 11:00:00,410,201,65
2024-07-19 12:00:00,494,190,62
2024-07-19 13:00:00,397,247,88
2024-07-19 14:00:00,392,252,104
2024-07-19 15:00:00,487,287,104
2024-07-19 16:00:00,437,351,295
2024-07-19 17:00:00,633,414,230
2024-07-19 18:00:00,501,478,169
2024-07-19 19:00:00,589,405,160
2024-07-19 20:00:00,334,310,129
2024-07-19 21:00:00,62,406,61
2024-07-19 22:00:00,27,429,31
2024-07-19 23:00:00,5,398,16
2024-07-20 00:00:00,5,399,2
2024-07-20 01:00:00,1,297,1
2024-07-20 02:00:00,0,184,2
2024-07-20 03:00:00,2,130,0
2024-07-20 04:00:00,20,90,7
2024-07-20 05:00:00,31,55,11
2024-07-20 06:00:00,38,59,27
2024-07-20 07:00:00,79,79,52
2024-07-20 08:00:00,152,121,58
2024-07-20 09:00:00,256,173,90
2024-07-20 10:00:00,395,224,108
2024-07-20 11:00:00,601,280,126
2024-07-20 12:00:00,605,334,121
2024-07-20 13:00:00,597,406,127
2024-07-20 14:00:00,730,372,124
2024-07-20 15:00:00,592,403,96
2024-07-20 16:00:00,661,405,113
2024-07-20 17:00:00,602,424,99
2024-07-20 18:00:00,486,559,135
2024-07-20 19:00:00,550,486,99
2024-07-20 20:00:00,316,385,49
2024-07-20 21:00:00,11,452,20
2024-07-20 22:00:00,8,608,16
2024-07-20 23:00:00,4,492,10
2024-07-21 00:00:00,1,507,3
2024-07-21 01:00:00,1,387,2
2024-07-21 02:00:00,0,247,5
2024-07-21 03:00:00,3,140,0
2024-07-21 04:00:00,30,81,4
2024-07-21 05:00:00,20,49,10
2024-07-21 06:00:00,37,37,29
2024-07-21 07:00:00,43,57,81
2024-07-21 08:00:00,110,118,94
2024-07-21 09:00:00,196,141,78
2024-07-21 10:00:00,414,196,107
2024-07-21 11:00:00,511,199,116
2024-07-21 12:00:00,576,209,134
2024-07-21 13:00:00,525,237,97
2024-07-21 14:00:00,594,222,47
2024-07-21 15:00:00,578,244,65
2024-07-21 16:00:00,313,263,175
2024-07-21 17:00:00,613,223,198
2024-07-21 18:00:00,337,254,108
2024-07-21 19:00:00,422,199,111
2024-07-21 20:00:00,196,229,50
2024-07-21 21:00:00,38,222,17
2024-07-21 22:00:00,14,196,10
2024-07-21 23:00:00,1,103,5
2024-07-22 00:00:00,0,83,0
2024-07-22 01:00:00,0,74,1
2024-07-22 02:00:00,0,24,0
2024-07-22 03:00:00,0,25,0
2024-07-22 04:00:00,9,22,6
2024-07-22 05:00:00,48,60,32
2024-07-22 06:00:00,153,113,138
2024-07-22 07:00:00,401,136,311
2024-07-22 08:00:00,247,166,196
2024-07-22 09:00:00,187,147,70
2024-07-22 10:00:00,232,173,62
2024-07-22 11:00:00,409,136,89
2024-07-22 12:00:00,434,131,109
2024-07-22 13:00:00,279,112,75
2024-07-22 14:00:00,260,163,52
2024-07-22 15:00:00,417,175,69
2024-07-22 16:00:00,609,203,375
2024-07-22 17:00:00,392,175,228
2024-07-22 18:00:00,339,140,122
2024-07-22 19:00:00,286,141,112
2024-07-22 20:00:00,153,138,50
2024-07-22 21:00:00,25,145,26
2024-07-22 22:00:00,4,125,7
2024-07-22 23:00:00,2,85,2
2024-07-23 00:00:00,0,73,3
2024-07-23 01:00:00,0,58,0
2024-07-23 02:00:00,0,27,0
2024-07-23 03:00:00,0,26,1
2024-07-23 04:00:00,8,37,5
2024-07-23 05:00:00,55,53,33
2024-07-23 06:00:00,164,75,155
2024-07-23 07:00:00,527,147,346
2024-07-23 08:00:00,278,235,196
2024-07-23 09:00:00,196,173,86
2024-07-23 10:00:00,240,124,76
2024-07-23 11:00:00,491,200,100
2024-07-23 12:00:00,486,168,98
2024-07-23 13:00:00,422,166,86
2024-07-23 14:00:00,324,164,91
2024-07-23 15:00:00,475,209,129
2024-07-23 16:00:00,639,185,402
2024-07-23 17:00:00,509,218,290
2024-07-23 18:00:00,415,215,174
2024-07-23 19:00:00,409,181,131
2024-07-23 20:00:00,195,159,64
2024-07-23 21:00:00,13,213,24
2024-07-23 22:00:00,3,159,12
2024-07-23 23:00:00,0,120,7
2024-07-24 00:00:00,0,110,1
2024-07-24 01:00:00,0,67,0
2024-07-24 02:00:00,0,41,0
2024-07-24 03:00:00,0,27,1
2024-07-24 04:00:00,10,27,8
2024-07-24 05:00:00,32,41,8
2024-07-24 06:00:00,157,89,154
2024-07-24 07:00:00,498,193,407
2024-07-24 08:00:00,268,227,213
2024-07-24 09:00:00,239,149,89
2024-07-24 10:00:00,257,186,86
2024-07-24 11:00:00,496,210,101
2024-07-24 12:00:00,555,218,110
2024-07-24 13:00:00,344,208,84
2024-07-24 14:00:00,383,204,90
2024-07-24 15:00:00,489,206,216
2024-07-24 16:00:00,724,190,375
2024-07-24 17:00:00,548,222,253
2024-07-24 18:00:00,438,238,158
2024-07-24 19:00:00,252,226,122
2024-07-24 20:00:00,57,153,32
2024-07-24 21:00:00,8,198,11
2024-07-24 22:00:00,8,202,12
2024-07-24 23:00:00,0,158,6
2024-07-25 00:00:00,0,96,0
2024-07-25 01:00:00,0,94,1
2024-07-25 02:00:00,0,45,2
2024-07-25 03:00:00,0,26,0
2024-07-25 04:00:00,8,34,3
2024-07-25 05:00:00,37,44,37
2024-07-25 06:00:00,149,79,119
2024-07-25 07:00:00,472,160,355
2024-07-25 08:00:00,299,208,211
2024-07-25 09:00:00,193,165,76
2024-07-25 10:00:00,236,169,82
2024-07-25 11:00:00,475,231,110
2024-07-25 12:00:00,505,197,102
2024-07-25 13:00:00,327,212,91
2024-07-25 14:00:00,277,245,104
2024-07-25 15:00:00,455,225,185
2024-07-25 16:00:00,688,242,314
2024-07-25 17:00:00,549,245,215
2024-07-25 18:00:00,461,238,171
2024-07-25 19:00:00,341,193,153
2024-07-25 20:00:00,139,218,41
2024-07-25 21:00:00,15,299,29
2024-07-25 22:00:00,0,219,10
2024-07-25 23:00:00,0,182,3
2024-07-26 00:00:00,1,147,2
2024-07-26 01:00:00,2,87,1
2024-07-26 02:00:00,0,55,1
2024-07-26 03:00:00,0,47,2
2024-07-26 04:00:00,29,27,7
2024-07-26 05:00:00,31,30,7
2024-07-26 06:00:00,129,60,65
2024-07-26 07:00:00,240,153,109
2024-07-26 08:00:00,148,198,73
2024-07-26 09:00:00,222,169,87
2024-07-26 10:00:00,301,164,84
2024-07-26 11:00:00,395,191,112
2024-07-26 12:00:00,460,164,102
2024-07-26 13:00:00,366,231,91
2024-07-26 14:00:00,336,286,65
2024-07-26 15:00:00,396,246,51
2024-07-26 16:00:00,397,311,254
2024-07-26 17:00:00,495,310,196
2024-07-26 18:00:00,389,318,176
2024-07-26 19:00:00,471,304,147
2024-07-26 20:00:00,254,272,77
2024-07-26 21:00:00,68,366,41
2024-07-26 22:00:00,22,366,45
2024-07-26 23:00:00,10,409,11
2024-07-27 00:00:00,2,339,1
2024-07-27 01:00:00,3,239,2
2024-07-27 02:00:00,1,180,4
2024-07-27 03:00:00,0,98,3
2024-07-27 04:00:00,22,71,0
2024-07-27 05:00:00,29,43,3
2024-07-27 06:00:00,33,47,18
2024-07-27 07:00:00,69,90,41
2024-07-27 08:00:00,137,95,73
2024-07-27 09:00:00,219,127,85
2024-07-27 10:00:00,338,170,85
2024-07-27 11:00:00,423,225,106
2024-07-27 12:00:00,476,227,102
2024-07-27 13:00:00,483,264,88
2024-07-27 14:00:00,571,260,68
2024-07-27 15:00:00,472,311,69
2024-07-27 16:00:00,389,319,149
2024-07-27 17:00:00,549,304,119
2024-07-27 18:00:00,436,442,134
2024-07-27 19:00:00,599,358,108
2024-07-27 20:00:00,317,318,79
2024-07-27 21:00:00,83,404,40
2024-07-27 22:00:00,41,427,24
2024-07-27 23:00:00,12,426,10
2024-07-28 00:00:00,3,433,5
2024-07-28 01:00:00,2,346,2
2024-07-28 02:00:00,2,235,1
2024-07-28 03:00:00,0,149,0
2024-07-28 04:00:00,19,71,3
2024-07-28 05:00:00,14,27,3
2024-07-28 06:00:00,28,18,4
2024-07-28 07:00:00,46,52,26
2024-07-28 08:00:00,88,63,34
2024-07-28 09:00:00,195,95,79
2024-07-28 10:00:00,251,117,71
2024-07-28 11:00:00,317,139,69
2024-07-28 12:00:00,380,119,61
2024-07-28 13:00:00,284,143,107
2024-07-28 14:00:00,377,154,81
2024-07-28 15:00:00,357,171,93
2024-07-28 16:00:00,386,181,119
2024-07-28 17:00:00,364,161,96
2024-07-28 18:00:00,227,167,95
2024-07-28 19:00:00,341,125,102
2024-07-28 20:00:00,156,137,47
2024-07-28 21:00:00,13,170,27
2024-07-28 22:00:00,12,133,11
2024-07-28 23:00:00,3,106,3
2024-07-29 00:00:00,0,71,1
2024-07-29 01:00:00,0,51,0
2024-07-29 02:00:00,0,34,0
2024-07-29 03:00:00,0,17,0
2024-07-29 04:00:00,16,27,2
2024-07-29 05:00:00,28,36,8
2024-07-29 06:00:00,131,39,53
2024-07-29 07:00:00,337,171,145
2024-07-29 08:00:00,243,164,112
2024-07-29 09:00:00,197,139,63
2024-07-29 10:00:00,236,154,65
2024-07-29 11:00:00,389,151,87
2024-07-29 12:00:00,407,142,65
2024-07-29 13:00:00,354,151,85
2024-07-29 14:00:00,310,184,86
2024-07-29 15:00:00,425,199,117
2024-07-29 16:00:00,560,216,359
2024-07-29 17:00:00,430,205,255
2024-07-29 18:00:00,350,140,148
2024-07-29 19:00:00,300,87,108
2024-07-29 20:00:00,169,90,73
2024-07-29 21:00:00,37,94,14
2024-07-29 22:00:00,27,93,11
2024-07-29 23:00:00,4,106,2
2024-07-30 00:00:00,0,41,0
2024-07-30 01:00:00,0,38,1
2024-07-30 02:00:00,0,39,0
2024-07-30 03:00:00,0,22,1
2024-07-30 04:00:00,13,30,5
2024-07-30 05:00:00,56,60,46
2024-07-30 06:00:00,155,63,123
2024-07-30 07:00:00,492,152,320
2024-07-30 08:00:00,278,205,172
2024-07-30 09:00:00,211,135,83
2024-07-30 10:00:00,243,182,86
2024-07-30 11:00:00,480,182,91
2024-07-30 12:00:00,464,133,82
2024-07-30 13:00:00,330,168,86
2024-07-30 14:00:00,355,138,92
2024-07-30 15:00:00,465,183,125
2024-07-30 16:00:00,585,198,382
2024-07-30 17:00:00,447,201,272
2024-07-30 18:00:00,413,149,195
2024-07-30 19:00:00,376,97,151
2024-07-30 20:00:00,155,81,71
2024-07-30 21:00:00,46,107,33
2024-07-30 22:00:00,16,105,11
2024-07-30 23:00:00,2,90,1
2024-07-31 00:00:00,0,82,0
2024-07-31 01:00:00,0,43,2
2024-07-31 02:00:00,0,30,0
2024-07-31 03:00:00,0,13,0
2024-07-31 04:00:00,17,22,6
2024-07-31 05:00:00,41,25,10
2024-07-31 06:00:00,155,49,56
2024-07-31 07:00:00,508,170,206
2024-07-31 08:00:00,260,216,214
2024-07-31 09:00:00,212,153,90
2024-07-31 10:00:00,259,181,75
2024-07-31 11:00:00,480,169,110
2024-07-31 12:00:00,543,133,107
2024-07-31 13:00:00,314,182,97
2024-07-31 14:00:00,301,225,124
2024-07-31 15:00:00,421,217,229
2024-07-31 16:00:00,660,204,421
2024-07-31 17:00:00,458,231,281
2024-07-31 18:00:00,356,201,176
2024-07-31 19:00:00,325,96,138
2024-07-31 20:00:00,148,97,66
2024-07-31 21:00:00,60,125,44
2024-07-31 22:00:00,38,123,11
2024-07-31 23:00:00,2,118,2
2024-08-01 00:00:00,1,51,1
2024-08-01 01:00:00,0,71,1
2024-08-01 02:00:00,0,42,0
2024-08-01 03:00:00,0,29,1
2024-08-01 04:00:00,0,27,3
2024-08-01 05:00:00,56,55,34
2024-08-01 06:00:00,143,98,81
2024-08-01 07:00:00,440,170,293
2024-08-01 08:00:00,270,182,190
2024-08-01 09:00:00,210,173,99
2024-08-01 10:00:00,260,180,83
2024-08-01 11:00:00,477,192,129
2024-08-01 12:00:00,430,166,101
2024-08-01 13:00:00,344,168,88
2024-08-01 14:00:00,330,247,100
2024-08-01 15:00:00,457,242,182
2024-08-01 16:00:00,600,251,330
2024-08-01 17:00:00,509,288,255
2024-08-01 18:00:00,412,199,180
2024-08-01 19:00:00,426,130,149
2024-08-01 20:00:00,105,108,67
2024-08-01 21:00:00,21,119,36
2024-08-01 22:00:00,2,149,10
2024-08-01 23:00:00,0,156,5
2024-08-02 00:00:00,0,111,0
2024-08-02 01:00:00,0,62,1
2024-08-02 02:00:00,0,34,0
2024-08-02 03:00:00,0,12,1
2024-08-02 04:00:00,26,16,3
2024-08-02 05:00:00,35,45,15
2024-08-02 06:00:00,103,41,44
2024-08-02 07:00:00,288,125,236
2024-08-02 08:00:00,211,131,151
2024-08-02 09:00:00,191,157,90
2024-08-02 10:00:00,216,168,86
2024-08-02 11:00:00,360,153,118
2024-08-02 12:00:00,351,157,71
2024-08-02 13:00:00,355,205,111
2024-08-02 14:00:00,309,236,134
2024-08-02 15:00:00,436,279,205
2024-08-02 16:00:00,594,321,259
2024-08-02 17:00:00,627,358,186
2024-08-02 18:00:00,446,361,131
2024-08-02 19:00:00,429,272,123
2024-08-02 20:00:00,25,273,31
2024-08-02 21:00:00,28,378,30
2024-08-02 22:00:00,36,373,19
2024-08-02 23:00:00,10,339,10
2024-08-03 00:00:00,3,303,6
2024-08-03 01:00:00,1,266,1
2024-08-03 02:00:00,0,144,1
2024-08-03 03:00:00,1,100,4
2024-08-03 04:00:00,5,56,1
2024-08-03 05:00:00,29,39,12
2024-08-03 06:00:00,46,51,27
2024-08-03 07:00:00,82,58,40
2024-08-03 08:00:00,127,78,54
2024-08-03 09:00:00,235,133,69
2024-08-03 10:00:00,325,169,86
2024-08-03 11:00:00,463,206,112
2024-08-03 12:00:00,565,244,106
2024-08-03 13:00:00,447,292,97
2024-08-03 14:00:00,539,261,91
2024-08-03 15:00:00,484,268,91
2024-08-03 16:00:00,501,210,88
2024-08-03 17:00:00,633,264,121
2024-08-03 18:00:00,596,255,106
2024-08-03 19:00:00,642,140,106
2024-08-03 20:00:00,224,185,55
2024-08-03 21:00:00,67,337,48
2024-08-03 22:00:00,33,294,25
2024-08-03 23:00:00,23,334,8
2024-08-04 00:00:00,14,262,4
2024-08-04 01:00:00,2,305,2
2024-08-04 02:00:00,0,205,2
2024-08-04 03:00:00,0,130,1
2024-08-04 04:00:00,26,100,2
2024-08-04 05:00:00,28,36,3
2024-08-04 06:00:00,19,27,14
2024-08-04 07:00:00,52,50,39
2024-08-04 08:00:00,103,72,49
2024-08-04 09:00:00,182,98,75
2024-08-04 10:00:00,248,111,94
2024-08-04 11:00:00,265,124,108
2024-08-04 12:00:00,306,150,91
2024-08-04 13:00:00,321,132,104
2024-08-04 14:00:00,314,124,96
2024-08-04 15:00:00,319,163,117
2024-08-04 16:00:00,341,169,89
2024-08-04 17:00:00,256,183,101
2024-08-04 18:00:00,233,168,115
2024-08-04 19:00:00,308,141,97
2024-08-04 20:00:00,75,125,31
2024-08-04 21:00:00,18,143,27
2024-08-04 22:00:00,9,103,8
2024-08-04 23:00:00,0,101,4
2024-08-05 00:00:00,0,76,0
2024-08-05 01:00:00,0,37,0
2024-08-05 02:00:00,0,28,0
2024-08-05 03:00:00,0,19,0
2024-08-05 04:00:00,10,22,8
2024-08-05 05:00:00,43,45,40
2024-08-05 06:00:00,132,83,156
2024-08-05 07:00:00,403,123,321
2024-08-05 08:00:00,227,156,176
2024-08-05 09:00:00,208,124,81
2024-08-05 10:00:00,229,118,68
2024-08-05 11:00:00,372,134,104
2024-08-05 12:00:00,388,126,98
2024-08-05 13:00:00,301,139,77
2024-08-05 14:00:00,266,135,103
2024-08-05 15:00:00,349,158,175
2024-08-05 16:00:00,533,155,371
2024-08-05 17:00:00,391,156,244
2024-08-05 18:00:00,333,160,157
2024-08-05 19:00:00,264,140,152
2024-08-05 20:00:00,59,135,25
2024-08-05 21:00:00,12,121,15
2024-08-05 22:00:00,4,117,11
2024-08-05 23:00:00,0,93,3
2024-08-06 00:00:00,0,70,1
2024-08-06 01:00:00,0,31,0
2024-08-06 02:00:00,0,17,0
2024-08-06 03:00:00,0,8,1
2024-08-06 04:00:00,7,37,5
2024-08-06 05:00:00,46,39,28
2024-08-06 06:00:00,157,124,162
2024-08-06 07:00:00,496,176,224
2024-08-06 08:00:00,249,130,166
2024-08-06 09:00:00,209,116,96
2024-08-06 10:00:00,241,138,77
2024-08-06 11:00:00,389,112,82
2024-08-06 12:00:00,459,118,61
2024-08-06 13:00:00,325,150,73
2024-08-06 14:00:00,299,156,76
2024-08-06 15:00:00,390,189,158
2024-08-06 16:00:00,605,192,306
2024-08-06 17:00:00,441,160,273
2024-08-06 18:00:00,316,160,174
2024-08-06 19:00:00,318,149,155
2024-08-06 20:00:00,85,165,35
2024-08-06 21:00:00,36,182,20
2024-08-06 22:00:00,10,148,10
2024-08-06 23:00:00,1,139,3
2024-08-07 00:00:00,0,80,0
2024-08-07 01:00:00,0,45,0
2024-08-07 02:00:00,0,44,1
2024-08-07 03:00:00,0,28,0
2024-08-07 04:00:00,9,24,3
2024-08-07 05:00:00,64,53,17
2024-08-07 06:00:00,148,90,139
2024-08-07 07:00:00,406,155,321
2024-08-07 08:00:00,233,155,175
2024-08-07 09:00:00,191,108,65
2024-08-07 10:00:00,263,141,69
2024-08-07 11:00:00,433,130,100
2024-08-07 12:00:00,355,151,103
2024-08-07 13:00:00,327,147,76
2024-08-07 14:00:00,288,142,128
2024-08-07 15:00:00,398,156,261
2024-08-07 16:00:00,463,139,278
2024-08-07 17:00:00,379,136,182
2024-08-07 18:00:00,221,85,127
2024-08-07 19:00:00,312,92,152
2024-08-07 20:00:00,126,71,36
2024-08-07 21:00:00,22,113,6
2024-08-07 22:00:00,5,110,3
2024-08-07 23:00:00,0,94,0
2024-08-08 00:00:00,0,62,1
2024-08-08 01:00:00,0,21,0
2024-08-08 02:00:00,0,25,0
2024-08-08 03:00:00,0,13,0
2024-08-08 04:00:00,9,24,2
2024-08-08 05:00:00,40,45,30
2024-08-08 06:00:00,162,106,159
2024-08-08 07:00:00,426,148,361
2024-08-08 08:00:00,231,215,154
2024-08-08 09:00:00,173,176,74
2024-08-08 10:00:00,244,177,63
2024-08-08 11:00:00,418,184,83
2024-08-08 12:00:00,410,156,75
2024-08-08 13:00:00,257,199,60
2024-08-08 14:00:00,223,204,79
2024-08-08 15:00:00,301,242,160
2024-08-08 16:00:00,406,269,285
2024-08-08 17:00:00,179,306,165
2024-08-08 18:00:00,142,239,138
2024-08-08 19:00:00,91,164,64
2024-08-08 20:00:00,0,167,13
2024-08-08 21:00:00,0,184,16
2024-08-08 22:00:00,0,157,8
2024-08-08 23:00:00,0,141,3
2024-08-09 00:00:00,0,72,3
2024-08-09 01:00:00,0,63,0
2024-08-09 02:00:00,0,19,0
2024-08-09 03:00:00,0,26,0
2024-08-09 04:00:00,6,26,4
2024-08-09 05:00:00,34,44,22
2024-08-09 06:00:00,109,84,82
2024-08-09 07:00:00,315,140,132
2024-08-09 08:00:00,212,146,145
2024-08-09 09:00:00,210,165,72
2024-08-09 10:00:00,253,159,55
2024-08-09 11:00:00,437,96,113
2024-08-09 12:00:00,376,59,67
2024-08-09 13:00:00,331,4,64
2024-08-09 14:00:00,299,35,55
2024-08-09 15:00:00,474,124,59
2024-08-09 16:00:00,382,223,136
2024-08-09 17:00:00,378,317,158
2024-08-09 18:00:00,395,281,160
2024-08-09 19:00:00,358,276,148
2024-08-09 20:00:00,38,272,25
2024-08-09 21:00:00,16,358,40
2024-08-09 22:00:00,16,423,21
2024-08-09 23:00:00,2,372,16
2024-08-10 00:00:00,0,321,2
2024-08-10 01:00:00,1,217,2
2024-08-10 02:00:00,0,133,0
2024-08-10 03:00:00,0,67,0
2024-08-10 04:00:00,12,72,11
2024-08-10 05:00:00,26,63,18
2024-08-10 06:00:00,35,58,32
2024-08-10 07:00:00,67,62,70
2024-08-10 08:00:00,118,113,81
2024-08-10 09:00:00,162,141,77
2024-08-10 10:00:00,296,160,104
2024-08-10 11:00:00,444,208,88
2024-08-10 12:00:00,527,214,151
2024-08-10 13:00:00,444,308,86
2024-08-10 14:00:00,530,320,121
2024-08-10 15:00:00,461,282,88
2024-08-10 16:00:00,392,293,122
2024-08-10 17:00:00,409,397,134
2024-08-10 18:00:00,461,372,139
2024-08-10 19:00:00,516,282,165
2024-08-10 20:00:00,54,362,58
2024-08-10 21:00:00,47,388,33
2024-08-10 22:00:00,28,411,27
2024-08-10 23:00:00,15,376,9
2024-08-11 00:00:00,2,477,7
2024-08-11 01:00:00,2,295,2
2024-08-11 02:00:00,0,254,1
2024-08-11 03:00:00,0,113,0
2024-08-11 04:00:00,8,69,8
2024-08-11 05:00:00,27,38,16
2024-08-11 06:00:00,34,34,19
2024-08-11 07:00:00,59,48,51
2024-08-11 08:00:00,114,88,68
2024-08-11 09:00:00,182,93,88
2024-08-11 10:00:00,273,121,66
2024-08-11 11:00:00,404,130,89
2024-08-11 12:00:00,371,137,91
2024-08-11 13:00:00,290,149,86
2024-08-11 14:00:00,314,160,109
2024-08-11 15:00:00,364,178,127
2024-08-11 16:00:00,301,151,85
2024-08-11 17:00:00,302,183,111
2024-08-11 18:00:00,293,177,130
2024-08-11 19:00:00,281,151,132
2024-08-11 20:00:00,58,196,33
2024-08-11 21:00:00,39,186,17
2024-08-11 22:00:00,9,130,4
2024-08-11 23:00:00,3,97,2
2024-08-12 00:00:00,0,78,0
2024-08-12 01:00:00,0,48,0
2024-08-12 02:00:00,0,26,0
2024-08-12 03:00:00,0,17,0
2024-08-12 04:00:00,7,26,6
2024-08-12 05:00:00,33,38,7
2024-08-12 06:00:00,74,53,31
2024-08-12 07:00:00,372,142,276
2024-08-12 08:00:00,237,189,168
2024-08-12 09:00:00,186,130,78
2024-08-12 10:00:00,216,147,69
2024-08-12 11:00:00,488,144,66
2024-08-12 12:00:00,483,123,87
2024-08-12 13:00:00,294,115,63
2024-08-12 14:00:00,347,146,44
2024-08-12 15:00:00,377,147,104
2024-08-12 16:00:00,422,147,182
2024-08-12 17:00:00,335,150,221
2024-08-12 18:00:00,291,155,164
2024-08-12 19:00:00,247,124,112
2024-08-12 20:00:00,41,135,38
2024-08-12 21:00:00,17,142,17
2024-08-12 22:00:00,3,95,11
2024-08-12 23:00:00,2,93,4
2024-08-13 00:00:00,0,58,0
2024-08-13 01:00:00,0,51,0
2024-08-13 02:00:00,0,29,1
2024-08-13 03:00:00,0,11,0
2024-08-13 04:00:00,3,41,1
2024-08-13 05:00:00,37,42,6
2024-08-13 06:00:00,97,35,32
2024-08-13 07:00:00,444,135,353
2024-08-13 08:00:00,277,144,210
2024-08-13 09:00:00,194,151,77
2024-08-13 10:00:00,207,132,85
2024-08-13 11:00:00,414,127,134
2024-08-13 12:00:00,506,168,113
2024-08-13 13:00:00,341,157,97
2024-08-13 14:00:00,315,181,106
2024-08-13 15:00:00,481,182,210
2024-08-13 16:00:00,724,201,425
2024-08-13 17:00:00,530,184,283
2024-08-13 18:00:00,309,244,124
2024-08-13 19:00:00,142,129,73
2024-08-13 20:00:00,1,152,12
2024-08-13 21:00:00,6,160,12
2024-08-13 22:00:00,4,118,4
2024-08-13 23:00:00,0,95,3
2024-08-14 00:00:00,0,64,0
2024-08-14 01:00:00,0,47,0
2024-08-14 02:00:00,0,34,0
2024-08-14 03:00:00,0,19,0
2024-08-14 04:00:00,2,23,1
2024-08-14 05:00:00,46,59,24
2024-08-14 06:00:00,137,102,101
2024-08-14 07:00:00,440,146,250
2024-08-14 08:00:00,241,196,133
2024-08-14 09:00:00,165,138,78
2024-08-14 10:00:00,245,156,41
2024-08-14 11:00:00,442,167,78
2024-08-14 12:00:00,382,173,99
2024-08-14 13:00:00,329,179,88
2024-08-14 14:00:00,323,198,113
2024-08-14 15:00:00,386,192,162
2024-08-14 16:00:00,689,199,370
2024-08-14 17:00:00,472,218,234
2024-08-14 18:00:00,283,211,141
2024-08-14 19:00:00,254,117,133
2024-08-14 20:00:00,34,122,28
2024-08-14 21:00:00,10,162,18
2024-08-14 22:00:00,3,115,12
2024-08-14 23:00:00,0,97,1
2024-08-15 00:00:00,0,59,0
2024-08-15 01:00:00,0,58,1
2024-08-15 02:00:00,0,33,0
2024-08-15 03:00:00,0,20,1
2024-08-15 04:00:00,4,38,3
2024-08-15 05:00:00,46,48,11
2024-08-15 06:00:00,118,84,124
2024-08-15 07:00:00,460,161,302
2024-08-15 08:00:00,290,175,178
2024-08-15 09:00:00,239,160,97
2024-08-15 10:00:00,294,166,72
2024-08-15 11:00:00,435,167,89
2024-08-15 12:00:00,495,181,80
2024-08-15 13:00:00,319,202,98
2024-08-15 14:00:00,280,226,106
2024-08-15 15:00:00,448,209,195
2024-08-15 16:00:00,576,206,351
2024-08-15 17:00:00,152,301,162
2024-08-15 18:00:00,188,289,111
2024-08-15 19:00:00,76,174,60
2024-08-15 20:00:00,0,221,16
2024-08-15 21:00:00,0,182,12
2024-08-15 22:00:00,0,159,10
2024-08-15 23:00:00,0,157,3
2024-08-16 00:00:00,0,85,1
2024-08-16 01:00:00,1,59,0
2024-08-16 02:00:00,0,35,0
2024-08-16 03:00:00,0,38,0
2024-08-16 04:00:00,13,34,2
2024-08-16 05:00:00,44,39,14
2024-08-16 06:00:00,34,19,5
2024-08-16 07:00:00,264,153,68
2024-08-16 08:00:00,243,178,77
2024-08-16 09:00:00,198,140,68
2024-08-16 10:00:00,255,157,105
2024-08-16 11:00:00,371,163,92
2024-08-16 12:00:00,452,120,101
2024-08-16 13:00:00,389,235,63
2024-08-16 14:00:00,342,214,90
2024-08-16 15:00:00,395,277,161
2024-08-16 16:00:00,581,271,186
2024-08-16 17:00:00,439,266,186
2024-08-16 18:00:00,394,310,183
2024-08-16 19:00:00,341,240,117
2024-08-16 20:00:00,24,320,41
2024-08-16 21:00:00,36,364,33
2024-08-16 22:00:00,18,392,22
2024-08-16 23:00:00,11,322,6
2024-08-17 00:00:00,2,303,2
2024-08-17 01:00:00,0,212,2
2024-08-17 02:00:00,0,173,0
2024-08-17 03:00:00,0,96,0
2024-08-17 04:00:00,3,58,3
2024-08-17 05:00:00,27,58,7
2024-08-17 06:00:00,35,71,6
2024-08-17 07:00:00,68,111,63
2024-08-17 08:00:00,206,131,82
2024-08-17 09:00:00,238,164,98
2024-08-17 10:00:00,378,175,97
2024-08-17 11:00:00,462,191,116
2024-08-17 12:00:00,450,221,134
2024-08-17 13:00:00,480,239,106
2024-08-17 14:00:00,591,280,106
2024-08-17 15:00:00,442,266,89
2024-08-17 16:00:00,464,268,97
2024-08-17 17:00:00,534,332,111
2024-08-17 18:00:00,600,355,135
2024-08-17 19:00:00,365,295,89
2024-08-17 20:00:00,54,345,27
2024-08-17 21:00:00,43,364,19
2024-08-17 22:00:00,23,423,10
2024-08-17 23:00:00,17,393,7
2024-08-18 00:00:00,0,335,0
2024-08-18 01:00:00,1,313,1
2024-08-18 02:00:00,0,202,1
2024-08-18 03:00:00,0,124,0
2024-08-18 04:00:00,4,75,0
2024-08-18 05:00:00,24,43,9
2024-08-18 06:00:00,26,37,11
2024-08-18 07:00:00,57,51,42
2024-08-18 08:00:00,149,85,56
2024-08-18 09:00:00,224,115,102
2024-08-18 10:00:00,275,133,114
2024-08-18 11:00:00,325,138,120
2024-08-18 12:00:00,297,137,91
2024-08-18 13:00:00,360,139,87
2024-08-18 14:00:00,292,174,104
2024-08-18 15:00:00,343,207,137
2024-08-18 16:00:00,265,151,83
2024-08-18 17:00:00,335,162,117
2024-08-18 18:00:00,311,155,89
2024-08-18 19:00:00,167,121,61
2024-08-18 20:00:00,43,132,18
2024-08-18 21:00:00,14,118,14
2024-08-18 22:00:00,16,111,7
2024-08-18 23:00:00,0,87,4
2024-08-19 00:00:00,0,55,1
2024-08-19 01:00:00,0,50,0
2024-08-19 02:00:00,0,32,0
2024-08-19 03:00:00,0,13,0
2024-08-19 04:00:00,3,17,3
2024-08-19 05:00:00,40,50,35
2024-08-19 06:00:00,143,64,133
2024-08-19 07:00:00,391,168,307
2024-08-19 08:00:00,190,152,104
2024-08-19 09:00:00,200,136,65
2024-08-19 10:00:00,227,159,61
2024-08-19 11:00:00,393,125,73
2024-08-19 12:00:00,366,103,85
2024-08-19 13:00:00,263,141,68
2024-08-19 14:00:00,293,138,94
2024-08-19 15:00:00,371,136,180
2024-08-19 16:00:00,589,165,319
2024-08-19 17:00:00,344,168,207
2024-08-19 18:00:00,228,186,129
2024-08-19 19:00:00,76,95,35
2024-08-19 20:00:00,3,124,13
2024-08-19 21:00:00,0,116,12
2024-08-19 22:00:00,0,91,4
2024-08-19 23:00:00,0,61,2
2024-08-20 00:00:00,0,46,1
2024-08-20 01:00:00,0,27,0
2024-08-20 02:00:00,0,20,0
2024-08-20 03:00:00,0,11,1
2024-08-20 04:00:00,3,28,2
2024-08-20 05:00:00,43,56,26
2024-08-20 06:00:00,85,77,45
2024-08-20 07:00:00,525,178,348
2024-08-20 08:00:00,222,198,168
2024-08-20 09:00:00,219,178,87
2024-08-20 10:00:00,258,152,53
2024-08-20 11:00:00,437,148,77
2024-08-20 12:00:00,434,127,77
2024-08-20 13:00:00,345,165,37
2024-08-20 14:00:00,288,185,37
2024-08-20 15:00:00,390,169,158
2024-08-20 16:00:00,713,195,256
2024-08-20 17:00:00,510,209,262
2024-08-20 18:00:00,326,180,172
2024-08-20 19:00:00,195,123,104
2024-08-20 20:00:00,19,147,19
2024-08-20 21:00:00,20,171,14
2024-08-20 22:00:00,7,126,5
2024-08-20 23:00:00,2,115,2
2024-08-21 00:00:00,0,62,0
2024-08-21 01:00:00,0,51,0
2024-08-21 02:00:00,0,28,0
2024-08-21 03:00:00,0,26,0
2024-08-21 04:00:00,5,31,0
2024-08-21 05:00:00,56,48,26
2024-08-21 06:00:00,166,102,76
2024-08-21 07:00:00,495,183,342
2024-08-21 08:00:00,265,187,197
2024-08-21 09:00:00,203,145,71
2024-08-21 10:00:00,259,160,69
2024-08-21 11:00:00,446,164,95
2024-08-21 12:00:00,519,146,96
2024-08-21 13:00:00,360,160,87
2024-08-21 14:00:00,319,154,91
2024-08-21 15:00:00,440,183,202
2024-08-21 16:00:00,710,187,456
2024-08-21 17:00:00,426,237,235
2024-08-21 18:00:00,398,226,148
2024-08-21 19:00:00,190,167,82
2024-08-21 20:00:00,54,178,26
2024-08-21 21:00:00,54,183,30
2024-08-21 22:00:00,27,127,12
2024-08-21 23:00:00,0,112,3
2024-08-22 00:00:00,0,65,1
2024-08-22 01:00:00,0,55,1
2024-08-22 02:00:00,0,40,1
2024-08-22 03:00:00,0,22,0
2024-08-22 04:00:00,3,20,1
2024-08-22 05:00:00,46,42,38
2024-08-22 06:00:00,135,84,117
2024-08-22 07:00:00,419,209,315
2024-08-22 08:00:00,244,176,152
2024-08-22 09:00:00,213,183,59
2024-08-22 10:00:00,220,146,43
2024-08-22 11:00:00,346,185,77
2024-08-22 12:00:00,372,156,84
2024-08-22 13:00:00,281,164,83
2024-08-22 14:00:00,285,209,63
2024-08-22 15:00:00,419,223,142
2024-08-22 16:00:00,678,219,303
2024-08-22 17:00:00,488,223,242
2024-08-22 18:00:00,475,271,166
2024-08-22 19:00:00,200,187,79
2024-08-22 20:00:00,14,209,34
2024-08-22 21:00:00,18,197,21
2024-08-22 22:00:00,8,173,8
2024-08-22 23:00:00,0,144,3
2024-08-23 00:00:00,0,108,2
2024-08-23 01:00:00,0,62,0
2024-08-23 02:00:00,0,37,0
2024-08-23 03:00:00,0,25,0
2024-08-23 04:00:00,0,16,2
2024-08-23 05:00:00,41,50,14
2024-08-23 06:00:00,29,45,9
2024-08-23 07:00:00,255,118,128
2024-08-23 08:00:00,184,146,105
2024-08-23 09:00:00,200,149,67
2024-08-23 10:00:00,205,162,92
2024-08-23 11:00:00,280,164,82
2024-08-23 12:00:00,350,130,108
2024-08-23 13:00:00,359,190,71
2024-08-23 14:00:00,331,201,67
2024-08-23 15:00:00,380,242,139
2024-08-23 16:00:00,526,267,222
2024-08-23 17:00:00,446,293,194
2024-08-23 18:00:00,459,346,143
2024-08-23 19:00:00,218,244,73
2024-08-23 20:00:00,25,339,25
2024-08-23 21:00:00,33,330,19
2024-08-23 22:00:00,24,320,14
2024-08-23 23:00:00,5,334,8
2024-08-24 00:00:00,0,194,2
2024-08-24 01:00:00,0,185,0
2024-08-24 02:00:00,0,107,0
2024-08-24 03:00:00,0,60,0
2024-08-24 04:00:00,0,65,1
2024-08-24 05:00:00,9,41,8
2024-08-24 06:00:00,21,47,30
2024-08-24 07:00:00,49,92,34
2024-08-24 08:00:00,77,129,38
2024-08-24 09:00:00,143,146,51
2024-08-24 10:00:00,240,186,49
2024-08-24 11:00:00,369,230,68
2024-08-24 12:00:00,434,278,58
2024-08-24 13:00:00,405,234,35
2024-08-24 14:00:00,566,310,59
2024-08-24 15:00:00,503,290,91
2024-08-24 16:00:00,517,325,85
2024-08-24 17:00:00,456,317,86
2024-08-24 18:00:00,554,365,128
2024-08-24 19:00:00,267,302,74
2024-08-24 20:00:00,26,320,16
2024-08-24 21:00:00,30,423,22
2024-08-24 22:00:00,55,245,19
2024-08-24 23:00:00,9,385,6
2024-08-25 00:00:00,5,353,4
2024-08-25 01:00:00,1,338,4
2024-08-25 02:00:00,1,174,0
2024-08-25 03:00:00,0,111,0
2024-08-25 04:00:00,0,58,0
2024-08-25 05:00:00,18,16,5
2024-08-25 06:00:00,19,31,11
2024-08-25 07:00:00,45,41,30
2024-08-25 08:00:00,98,68,35
2024-08-25 09:00:00,160,88,76
2024-08-25 10:00:00,222,130,69
2024-08-25 11:00:00,301,178,89
2024-08-25 12:00:00,382,185,77
2024-08-25 13:00:00,450,248,94
2024-08-25 14:00:00,436,298,82
2024-08-25 15:00:00,427,329,110
2024-08-25 16:00:00,314,418,94
2024-08-25 17:00:00,323,330,69
2024-08-25 18:00:00,402,250,96
2024-08-25 19:00:00,124,195,39
2024-08-25 20:00:00,1,318,9
2024-08-25 21:00:00,2,383,21
2024-08-25 22:00:00,0,490,9
2024-08-25 23:00:00,11,307,4
2024-08-26 00:00:00,0,219,2
2024-08-26 01:00:00,0,164,0
2024-08-26 02:00:00,0,73,1
2024-08-26 03:00:00,0,33,0
2024-08-26 04:00:00,2,28,0
2024-08-26 05:00:00,15,30,4
2024-08-26 06:00:00,10,38,11
2024-08-26 07:00:00,77,61,26
2024-08-26 08:00:00,100,68,36
2024-08-26 09:00:00,187,111,60
2024-08-26 10:00:00,286,147,79
2024-08-26 11:00:00,326,118,93
2024-08-26 12:00:00,331,100,102
2024-08-26 13:00:00,321,135,91
2024-08-26 14:00:00,406,178,104
2024-08-26 15:00:00,327,202,133
2024-08-26 16:00:00,313,174,155
2024-08-26 17:00:00,348,153,112
2024-08-26 18:00:00,287,138,119
2024-08-26 19:00:00,116,117,57
2024-08-26 20:00:00,30,122,18
2024-08-26 21:00:00,13,148,13
2024-08-26 22:00:00,3,79,1
2024-08-26 23:00:00,0,72,1
2024-08-27 00:00:00,0,44,0
2024-08-27 01:00:00,0,36,0
2024-08-27 02:00:00,0,24,0
2024-08-27 03:00:00,0,18,0
2024-08-27 04:00:00,0,17,1
2024-08-27 05:00:00,46,45,23
2024-08-27 06:00:00,122,75,122
2024-08-27 07:00:00,399,142,334
2024-08-27 08:00:00,201,149,161
2024-08-27 09:00:00,181,129,87
2024-08-27 10:00:00,237,136,87
2024-08-27 11:00:00,406,159,102
2024-08-27 12:00:00,414,138,122
2024-08-27 13:00:00,373,124,106
2024-08-27 14:00:00,372,148,126
2024-08-27 15:00:00,378,152,149
2024-08-27 16:00:00,624,153,379
2024-08-27 17:00:00,411,205,265
2024-08-27 18:00:00,349,184,173
2024-08-27 19:00:00,81,149,53
2024-08-27 20:00:00,6,149,38
2024-08-27 21:00:00,2,152,15
2024-08-27 22:00:00,1,110,2
2024-08-27 23:00:00,0,100,0
2024-08-28 00:00:00,0,57,0
2024-08-28 01:00:00,0,31,0
2024-08-28 02:00:00,0,33,0
2024-08-28 03:00:00,0,16,0
2024-08-28 04:00:00,0,17,0
2024-08-28 05:00:00,43,46,34
2024-08-28 06:00:00,153,84,127
2024-08-28 07:00:00,430,146,383
2024-08-28 08:00:00,280,177,205
2024-08-28 09:00:00,234,132,107
2024-08-28 10:00:00,274,122,88
2024-08-28 11:00:00,492,140,120
2024-08-28 12:00:00,473,152,105
2024-08-28 13:00:00,385,170,110
2024-08-28 14:00:00,269,188,117
2024-08-28 15:00:00,433,151,194
2024-08-28 16:00:00,726,178,431
2024-08-28 17:00:00,451,229,244
2024-08-28 18:00:00,376,215,169
2024-08-28 19:00:00,93,163,80
2024-08-28 20:00:00,23,181,47
2024-08-28 21:00:00,9,187,13
2024-08-28 22:00:00,2,154,2
2024-08-28 23:00:00,0,107,1
2024-08-29 00:00:00,0,56,1
2024-08-29 01:00:00,0,48,0
2024-08-29 02:00:00,0,33,0
2024-08-29 03:00:00,0,34,0
2024-08-29 04:00:00,3,40,2
2024-08-29 05:00:00,54,46,23
2024-08-29 06:00:00,98,70,61
2024-08-29 07:00:00,469,163,362
2024-08-29 08:00:00,270,161,196
2024-08-29 09:00:00,166,161,84
2024-08-29 10:00:00,240,153,90
2024-08-29 11:00:00,455,187,132
2024-08-29 12:00:00,439,153,114
2024-08-29 13:00:00,350,192,106
2024-08-29 14:00:00,304,231,97
2024-08-29 15:00:00,419,204,202
2024-08-29 16:00:00,677,198,444
2024-08-29 17:00:00,526,286,249
2024-08-29 18:00:00,377,239,197
2024-08-29 19:00:00,143,197,108
2024-08-29 20:00:00,24,237,47
2024-08-29 21:00:00,25,209,21
2024-08-29 22:00:00,11,173,11
2024-08-29 23:00:00,0,166,5
2024-08-30 00:00:00,1,98,0
2024-08-30 01:00:00,1,72,0
2024-08-30 02:00:00,0,37,0
2024-08-30 03:00:00,0,27,0
2024-08-30 04:00:00,1,24,2
2024-08-30 05:00:00,39,32,15
2024-08-30 06:00:00,99,68,53
2024-08-30 07:00:00,274,148,178
2024-08-30 08:00:00,220,174,118
2024-08-30 09:00:00,201,181,81
2024-08-30 10:00:00,241,190,94
2024-08-30 11:00:00,365,161,107
2024-08-30 12:00:00,340,153,116
2024-08-30 13:00:00,402,144,108
2024-08-30 14:00:00,329,237,107
2024-08-30 15:00:00,483,251,203
2024-08-30 16:00:00,523,237,263
2024-08-30 17:00:00,502,344,183
2024-08-30 18:00:00,457,315,175
2024-08-30 19:00:00,209,276,91
2024-08-30 20:00:00,37,359,46
2024-08-30 21:00:00,29,430,40
2024-08-30 22:00:00,41,338,22
2024-08-30 23:00:00,5,313,7
2024-08-31 00:00:00,0,332,1
2024-08-31 01:00:00,0,193,2
2024-08-31 02:00:00,0,147,0
2024-08-31 03:00:00,0,109,0
2024-08-31 04:00:00,0,80,0
2024-08-31 05:00:00,29,53,9
2024-08-31 06:00:00,36,60,36
2024-08-31 07:00:00,74,91,38
2024-08-31 08:00:00,111,111,54
2024-08-31 09:00:00,176,161,77
2024-08-31 10:00:00,330,207,104
2024-08-31 11:00:00,450,288,107
2024-08-31 12:00:00,431,302,99
2024-08-31 13:00:00,461,401,132
2024-08-31 14:00:00,528,408,130
2024-08-31 15:00:00,537,409,93
2024-08-31 16:00:00,464,375,107
2024-08-31 17:00:00,536,382,108
2024-08-31 18:00:00,489,405,153
2024-08-31 19:00:00,84,283,35
2024-08-31 20:00:00,35,364,23
2024-08-31 21:00:00,20,533,33
2024-08-31 22:00:00,29,444,29
2024-08-31 23:00:00,11,530,14
2024-09-01 00:00:00,2,388,10
2024-09-01 01:00:00,5,319,3
2024-09-01 02:00:00,1,255,0
2024-09-01 03:00:00,0,147,0
2024-09-01 04:00:00,0,76,0
2024-09-01 05:00:00,15,58,8
2024-09-01 06:00:00,28,50,25
2024-09-01 07:00:00,48,74,34
2024-09-01 08:00:00,94,105,44
2024-09-01 09:00:00,181,155,71
2024-09-01 10:00:00,224,163,67
2024-09-01 11:00:00,283,162,74
2024-09-01 12:00:00,298,173,100
2024-09-01 13:00:00,296,253,71
2024-09-01 14:00:00,294,290,108
2024-09-01 15:00:00,85,279,69
2024-09-01 16:00:00,186,305,77
2024-09-01 17:00:00,201,222,77
2024-09-01 18:00:00,218,181,73
2024-09-01 19:00:00,8,148,19
2024-09-01 20:00:00,2,156,13
2024-09-01 21:00:00,1,237,13
2024-09-01 22:00:00,1,262,6
2024-09-01 23:00:00,0,156,2
2024-09-02 00:00:00,0,70,0
2024-09-02 01:00:00,0,49,0
2024-09-02 02:00:00,0,16,0
2024-09-02 03:00:00,0,18,0
2024-09-02 04:00:00,0,16,0
2024-09-02 05:00:00,28,48,31
2024-09-02 06:00:00,140,95,144
2024-09-02 07:00:00,380,178,317
2024-09-02 08:00:00,225,197,176
2024-09-02 09:00:00,211,155,60
2024-09-02 10:00:00,229,151,60
2024-09-02 11:00:00,353,173,73
2024-09-02 12:00:00,367,162,67
2024-09-02 13:00:00,218,148,73
2024-09-02 14:00:00,229,180,78
2024-09-02 15:00:00,349,177,169
2024-09-02 16:00:00,590,153,308
2024-09-02 17:00:00,337,227,230
2024-09-02 18:00:00,115,152,127
2024-09-02 19:00:00,2,120,22
2024-09-02 20:00:00,1,148,11
2024-09-02 21:00:00,0,104,5
2024-09-02 22:00:00,0,91,3
2024-09-02 23:00:00,0,67,1
2024-09-03 00:00:00,0,50,0
2024-09-03 01:00:00,0,30,0
2024-09-03 02:00:00,0,23,0
2024-09-03 03:00:00,0,15,0
2024-09-03 04:00:00,0,17,0
2024-09-03 05:00:00,33,50,21
2024-09-03 06:00:00,137,131,171
2024-09-03 07:00:00,460,161,390
2024-09-03 08:00:00,234,218,212
2024-09-03 09:00:00,185,172,79
2024-09-03 10:00:00,193,142,62
2024-09-03 11:00:00,397,150,93
2024-09-03 12:00:00,456,138,108
2024-09-03 13:00:00,292,165,67
2024-09-03 14:00:00,267,161,74
2024-09-03 15:00:00,387,157,124
2024-09-03 16:00:00,698,194,258
2024-09-03 17:00:00,478,174,207
2024-09-03 18:00:00,345,172,208
2024-09-03 19:00:00,68,161,42
2024-09-03 20:00:00,10,153,18
2024-09-03 21:00:00,4,146,12
2024-09-03 22:00:00,1,138,8
2024-09-03 23:00:00,0,87,1
2024-09-04 00:00:00,0,67,2
2024-09-04 01:00:00,0,34,0
2024-09-04 02:00:00,0,31,0
2024-09-04 03:00:00,0,19,0
2024-09-04 04:00:00,0,17,0
2024-09-04 05:00:00,37,68,41
2024-09-04 06:00:00,176,116,114
2024-09-04 07:00:00,467,144,352
2024-09-04 08:00:00,306,236,205
2024-09-04 09:00:00,213,175,89
2024-09-04 10:00:00,210,171,67
2024-09-04 11:00:00,419,187,113
2024-09-04 12:00:00,448,163,119
2024-09-04 13:00:00,315,158,104
2024-09-04 14:00:00,298,190,102
2024-09-04 15:00:00,421,189,210
2024-09-04 16:00:00,697,179,407
2024-09-04 17:00:00,550,245,255
2024-09-04 18:00:00,346,180,140
2024-09-04 19:00:00,44,199,30
2024-09-04 20:00:00,11,154,24
2024-09-04 21:00:00,10,162,8
2024-09-04 22:00:00,7,162,1
2024-09-04 23:00:00,0,95,1
2024-09-05 00:00:00,0,70,0
2024-09-05 01:00:00,1,49,1
2024-09-05 02:00:00,0,31,0
2024-09-05 03:00:00,0,24,1
2024-09-05 04:00:00,0,18,2
2024-09-05 05:00:00,9,59,7
2024-09-05 06:00:00,135,94,85
2024-09-05 07:00:00,390,168,286
2024-09-05 08:00:00,230,264,197
2024-09-05 09:00:00,122,220,61
2024-09-05 10:00:00,121,217,64
2024-09-05 11:00:00,215,255,82
2024-09-05 12:00:00,247,202,74
2024-09-05 13:00:00,113,220,41
2024-09-05 14:00:00,122,183,44
2024-09-05 15:00:00,215,265,90
2024-09-05 16:00:00,531,268,243
2024-09-05 17:00:00,278,268,140
2024-09-05 18:00:00,174,237,57
2024-09-05 19:00:00,0,181,15
2024-09-05 20:00:00,0,165,14
2024-09-05 21:00:00,0,193,12
2024-09-05 22:00:00,0,140,3
2024-09-05 23:00:00,0,122,3
2024-09-06 00:00:00,0,65,1
2024-09-06 01:00:00,0,47,0
2024-09-06 02:00:00,0,40,0
2024-09-06 03:00:00,0,38,1
2024-09-06 04:00:00,0,21,2
2024-09-06 05:00:00,26,47,15
2024-09-06 06:00:00,86,86,83
2024-09-06 07:00:00,240,161,183
2024-09-06 08:00:00,150,257,107
2024-09-06 09:00:00,83,235,47
2024-09-06 10:00:00,117,205,51
2024-09-06 11:00:00,316,184,58
2024-09-06 12:00:00,373,186,70
2024-09-06 13:00:00,265,221,69
2024-09-06 14:00:00,258,206,114
2024-09-06 15:00:00,360,258,172
2024-09-06 16:00:00,557,229,180
2024-09-06 17:00:00,420,337,114
2024-09-06 18:00:00,277,363,61
2024-09-06 19:00:00,2,322,23
2024-09-06 20:00:00,1,306,19
2024-09-06 21:00:00,0,360,20
2024-09-06 22:00:00,0,363,5
2024-09-06 23:00:00,0,278,0
2024-09-07 00:00:00,0,214,1
2024-09-07 01:00:00,0,160,0
2024-09-07 02:00:00,0,126,0
2024-09-07 03:00:00,0,70,0
2024-09-07 04:00:00,0,77,0
2024-09-07 05:00:00,20,40,7
2024-09-07 06:00:00,23,54,17
2024-09-07 07:00:00,89,85,28
2024-09-07 08:00:00,139,125,29
2024-09-07 09:00:00,222,186,47
2024-09-07 10:00:00,331,279,60
2024-09-07 11:00:00,563,281,69
2024-09-07 12:00:00,497,274,79
2024-09-07 13:00:00,474,280,76
2024-09-07 14:00:00,549,307,100
2024-09-07 15:00:00,622,339,119
2024-09-07 16:00:00,656,319,105
2024-09-07 17:00:00,565,433,125
2024-09-07 18:00:00,436,415,92
2024-09-07 19:00:00,7,418,20
2024-09-07 20:00:00,5,421,36
2024-09-07 21:00:00,2,373,8
2024-09-07 22:00:00,10,431,8
2024-09-07 23:00:00,2,372,3
2024-09-08 00:00:00,2,382,1
2024-09-08 01:00:00,2,285,0
2024-09-08 02:00:00,0,216,0
2024-09-08 03:00:00,0,138,1
2024-09-08 04:00:00,0,65,2
2024-09-08 05:00:00,7,51,8
2024-09-08 06:00:00,18,47,13
2024-09-08 07:00:00,81,44,18
2024-09-08 08:00:00,123,95,37
2024-09-08 09:00:00,201,111,45
2024-09-08 10:00:00,307,139,51
2024-09-08 11:00:00,453,180,62
2024-09-08 12:00:00,438,186,65
2024-09-08 13:00:00,468,178,82
2024-09-08 14:00:00,417,197,78
2024-09-08 15:00:00,384,229,73
2024-09-08 16:00:00,403,226,75
2024-09-08 17:00:00,495,227,119
2024-09-08 18:00:00,210,183,56
2024-09-08 19:00:00,0,171,15
2024-09-08 20:00:00,0,167,11
2024-09-08 21:00:00,1,151,6
2024-09-08 22:00:00,0,116,3
2024-09-08 23:00:00,0,78,1
2024-09-09 00:00:00,0,46,1
2024-09-09 01:00:00,0,47,0
2024-09-09 02:00:00,0,24,0
2024-09-09 03:00:00,0,16,0
2024-09-09 04:00:00,0,19,0
2024-09-09 05:00:00,23,38,23
2024-09-09 06:00:00,144,92,136
2024-09-09 07:00:00,503,137,361
2024-09-09 08:00:00,317,281,214
2024-09-09 09:00:00,282,170,74
2024-09-09 10:00:00,335,198,84
2024-09-09 11:00:00,450,148,63
2024-09-09 12:00:00,552,168,83
2024-09-09 13:00:00,394,176,61
2024-09-09 14:00:00,406,187,78
2024-09-09 15:00:00,505,200,196
2024-09-09 16:00:00,707,224,396
2024-09-09 17:00:00,534,199,263
2024-09-09 18:00:00,363,171,143
2024-09-09 19:00:00,44,182,27
2024-09-09 20:00:00,18,180,19
2024-09-09 21:00:00,15,171,8
2024-09-09 22:00:00,4,110,1
2024-09-09 23:00:00,0,94,1
2024-09-10 00:00:00,0,63,0
2024-09-10 01:00:00,0,42,0
2024-09-10 02:00:00,0,52,0
2024-09-10 03:00:00,0,40,0
2024-09-10 04:00:00,0,22,1
2024-09-10 05:00:00,17,56,13
2024-09-10 06:00:00,162,113,131
2024-09-10 07:00:00,577,150,360
2024-09-10 08:00:00,447,249,175
2024-09-10 09:00:00,339,265,83
2024-09-10 10:00:00,327,196,59
2024-09-10 11:00:00,475,193,77
2024-09-10 12:00:00,532,205,93
2024-09-10 13:00:00,438,193,87
2024-09-10 14:00:00,319,244,121
2024-09-10 15:00:00,386,219,176
2024-09-10 16:00:00,601,294,296
2024-09-10 17:00:00,435,292,255
2024-09-10 18:00:00,316,253,128
2024-09-10 19:00:00,7,172,23
2024-09-10 20:00:00,1,187,20
2024-09-10 21:00:00,2,185,14
2024-09-10 22:00:00,0,128,4
2024-09-10 23:00:00,0,105,0
2024-09-11 00:00:00,0,94,1
2024-09-11 01:00:00,0,59,0
2024-09-11 02:00:00,0,59,1
2024-09-11 03:00:00,0,27,0
2024-09-11 04:00:00,0,30,1
2024-09-11 05:00:00,30,65,6
2024-09-11 06:00:00,164,125,28
2024-09-11 07:00:00,623,163,92
2024-09-11 08:00:00,419,256,118
2024-09-11 09:00:00,301,204,83
2024-09-11 10:00:00,360,190,57
2024-09-11 11:00:00,545,156,93
2024-09-11 12:00:00,577,169,46
2024-09-11 13:00:00,445,192,71
2024-09-11 14:00:00,433,202,89
2024-09-11 15:00:00,575,192,83
2024-09-11 16:00:00,866,218,345
2024-09-11 17:00:00,650,298,289
2024-09-11 18:00:00,451,227,158
2024-09-11 19:00:00,28,192,23
2024-09-11 20:00:00,21,193,20
2024-09-11 21:00:00,12,189,18
2024-09-11 22:00:00,4,162,3
2024-09-11 23:00:00,0,118,2
2024-09-12 00:00:00,0,93,0
2024-09-12 01:00:00,0,62,0
2024-09-12 02:00:00,0,52,0
2024-09-12 03:00:00,0,31,0
2024-09-12 04:00:00,0,29,2
2024-09-12 05:00:00,42,70,8
2024-09-12 06:00:00,155,131,29
2024-09-12 07:00:00,606,186,202
2024-09-12 08:00:00,392,282,133
2024-09-12 09:00:00,382,222,59
2024-09-12 10:00:00,358,204,85
2024-09-12 11:00:00,493,188,90
2024-09-12 12:00:00,551,207,102
2024-09-12 13:00:00,444,201,38
2024-09-12 14:00:00,471,213,85
2024-09-12 15:00:00,524,233,114
2024-09-12 16:00:00,757,204,159
2024-09-12 17:00:00,637,325,167
2024-09-12 18:00:00,456,247,143
2024-09-12 19:00:00,24,239,29
2024-09-12 20:00:00,18,242,26
2024-09-12 21:00:00,14,286,13
2024-09-12 22:00:00,10,229,5
2024-09-12 23:00:00,0,212,0
2024-09-13 00:00:00,0,188,1
2024-09-13 01:00:00,0,123,0
2024-09-13 02:00:00,0,107,0
2024-09-13 03:00:00,0,55,1
2024-09-13 04:00:00,0,25,1
2024-09-13 05:00:00,32,43,3
2024-09-13 06:00:00,155,132,13
2024-09-13 07:00:00,434,183,101
2024-09-13 08:00:00,240,200,53
2024-09-13 09:00:00,300,152,53
2024-09-13 10:00:00,338,178,61
2024-09-13 11:00:00,464,152,73
2024-09-13 12:00:00,548,157,45
2024-09-13 13:00:00,444,243,36
2024-09-13 14:00:00,377,231,66
2024-09-13 15:00:00,490,279,171
2024-09-13 16:00:00,721,330,229
2024-09-13 17:00:00,624,338,158
2024-09-13 18:00:00,443,328,124
2024-09-13 19:00:00,41,358,45
2024-09-13 20:00:00,20,365,16
2024-09-13 21:00:00,9,419,18
2024-09-13 22:00:00,2,387,13
2024-09-13 23:00:00,2,314,9
2024-09-14 00:00:00,0,264,2
2024-09-14 01:00:00,0,199,0
2024-09-14 02:00:00,0,149,0
2024-09-14 03:00:00,0,71,0
2024-09-14 04:00:00,0,58,0
2024-09-14 05:00:00,16,56,0
2024-09-14 06:00:00,29,62,7
2024-09-14 07:00:00,76,97,11
2024-09-14 08:00:00,157,117,41
2024-09-14 09:00:00,264,168,79
2024-09-14 10:00:00,398,219,83
2024-09-14 11:00:00,570,262,73
2024-09-14 12:00:00,525,245,52
2024-09-14 13:00:00,622,276,49
2024-09-14 14:00:00,617,233,62
2024-09-14 15:00:00,588,255,71
2024-09-14 16:00:00,645,335,72
2024-09-14 17:00:00,685,426,117
2024-09-14 18:00:00,512,420,113
2024-09-14 19:00:00,16,368,29
2024-09-14 20:00:00,10,398,21
2024-09-14 21:00:00,4,534,18
2024-09-14 22:00:00,7,479,10
2024-09-14 23:00:00,0,322,6
2024-09-15 00:00:00,1,298,2
2024-09-15 01:00:00,2,279,1
2024-09-15 02:00:00,0,191,2
2024-09-15 03:00:00,0,120,0
2024-09-15 04:00:00,0,88,0
2024-09-15 05:00:00,5,31,1
2024-09-15 06:00:00,27,35,3
2024-09-15 07:00:00,69,58,28
2024-09-15 08:00:00,105,89,59
2024-09-15 09:00:00,243,116,89
2024-09-15 10:00:00,285,174,88
2024-09-15 11:00:00,399,166,79
2024-09-15 12:00:00,473,168,115
2024-09-15 13:00:00,413,200,92
2024-09-15 14:00:00,365,187,79
2024-09-15 15:00:00,441,171,87
2024-09-15 16:00:00,492,248,134
2024-09-15 17:00:00,491,251,110
2024-09-15 18:00:00,269,182,64
2024-09-15 19:00:00,12,159,15
2024-09-15 20:00:00,5,193,11
2024-09-15 21:00:00,4,165,8
2024-09-15 22:00:00,2,156,2
2024-09-15 23:00:00,1,96,1
2024-09-16 00:00:00,0,65,0
2024-09-16 01:00:00,0,50,0
2024-09-16 02:00:00,1,39,0
2024-09-16 03:00:00,0,30,1
2024-09-16 04:00:00,0,16,2
2024-09-16 05:00:00,29,68,25
2024-09-16 06:00:00,140,111,31
2024-09-16 07:00:00,603,174,215
2024-09-16 08:00:00,391,249,124
2024-09-16 09:00:00,423,208,64
2024-09-16 10:00:00,324,175,50
2024-09-16 11:00:00,574,170,63
2024-09-16 12:00:00,532,134,38
2024-09-16 13:00:00,408,145,30
2024-09-16 14:00:00,448,186,92
2024-09-16 15:00:00,576,220,151
2024-09-16 16:00:00,777,217,298
2024-09-16 17:00:00,683,216,270
2024-09-16 18:00:00,430,191,114
2024-09-16 19:00:00,14,151,22
2024-09-16 20:00:00,13,200,17
2024-09-16 21:00:00,6,232,6
2024-09-16 22:00:00,4,157,5
2024-09-16 23:00:00,1,120,1
2024-09-17 00:00:00,1,59,0
2024-09-17 01:00:00,0,37,0
2024-09-17 02:00:00,0,37,0
2024-09-17 03:00:00,0,23,0
2024-09-17 04:00:00,0,29,1
2024-09-17 05:00:00,34,68,11
2024-09-17 06:00:00,171,125,52
2024-09-17 07:00:00,759,169,108
2024-09-17 08:00:00,408,279,105
2024-09-17 09:00:00,339,214,103
2024-09-17 10:00:00,357,170,68
2024-09-17 11:00:00,614,172,89
2024-09-17 12:00:00,609,144,40
2024-09-17 13:00:00,468,172,45
2024-09-17 14:00:00,468,186,56
2024-09-17 15:00:00,526,239,180
2024-09-17 16:00:00,964,203,370
2024-09-17 17:00:00,874,264,295
2024-09-17 18:00:00,401,252,156
2024-09-17 19:00:00,24,205,38
2024-09-17 20:00:00,12,223,34
2024-09-17 21:00:00,16,201,8
2024-09-17 22:00:00,5,192,5
2024-09-17 23:00:00,0,150,0
2024-09-18 00:00:00,0,86,1
2024-09-18 01:00:00,0,56,0
2024-09-18 02:00:00,0,45,0
2024-09-18 03:00:00,0,27,0
2024-09-18 04:00:00,0,18,1
2024-09-18 05:00:00,35,84,24
2024-09-18 06:00:00,182,131,175
2024-09-18 07:00:00,683,194,437
2024-09-18 08:00:00,410,224,236
2024-09-18 09:00:00,294,219,85
2024-09-18 10:00:00,316,178,77
2024-09-18 11:00:00,561,183,112
2024-09-18 12:00:00,587,196,83
2024-09-18 13:00:00,448,168,67
2024-09-18 14:00:00,460,183,71
2024-09-18 15:00:00,542,166,247
2024-09-18 16:00:00,865,226,487
2024-09-18 17:00:00,642,262,293
2024-09-18 18:00:00,388,207,156
2024-09-18 19:00:00,35,178,27
2024-09-18 20:00:00,30,191,37
2024-09-18 21:00:00,9,221,14
2024-09-18 22:00:00,5,253,3
2024-09-18 23:00:00,0,137,7
2024-09-19 00:00:00,0,93,0
2024-09-19 01:00:00,0,59,0
2024-09-19 02:00:00,0,60,0
2024-09-19 03:00:00,0,37,0
2024-09-19 04:00:00,0,21,1
2024-09-19 05:00:00,28,57,14
2024-09-19 06:00:00,178,118,163
2024-09-19 07:00:00,714,193,368
2024-09-19 08:00:00,436,246,263
2024-09-19 09:00:00,314,254,102
2024-09-19 10:00:00,357,206,96
2024-09-19 11:00:00,562,181,106
2024-09-19 12:00:00,578,181,99
2024-09-19 13:00:00,457,192,108
2024-09-19 14:00:00,496,212,128
2024-09-19 15:00:00,589,207,238
2024-09-19 16:00:00,847,244,413
2024-09-19 17:00:00,708,268,301
2024-09-19 18:00:00,323,228,153
2024-09-19 19:00:00,17,207,55
2024-09-19 20:00:00,1,260,34
2024-09-19 21:00:00,11,272,37
2024-09-19 22:00:00,1,211,7
2024-09-19 23:00:00,0,184,3
2024-09-20 00:00:00,0,83,4
2024-09-20 01:00:00,0,75,0
2024-09-20 02:00:00,0,61,1
2024-09-20 03:00:00,0,55,0
2024-09-20 04:00:00,0,24,1
2024-09-20 05:00:00,25,45,11
2024-09-20 06:00:00,132,106,115
2024-09-20 07:00:00,457,193,289
2024-09-20 08:00:00,351,240,230
2024-09-20 09:00:00,274,227,75
2024-09-20 10:00:00,351,189,66
2024-09-20 11:00:00,459,224,99
2024-09-20 12:00:00,524,191,90
2024-09-20 13:00:00,397,240,97
2024-09-20 14:00:00,311,233,113
2024-09-20 15:00:00,526,263,131
2024-09-20 16:00:00,697,322,175
2024-09-20 17:00:00,635,404,166
2024-09-20 18:00:00,278,367,69
2024-09-20 19:00:00,3,341,23
2024-09-20 20:00:00,6,346,24
2024-09-20 21:00:00,2,404,13
2024-09-20 22:00:00,1,336,7
2024-09-20 23:00:00,0,263,6
2024-09-21 00:00:00,0,221,1
2024-09-21 01:00:00,0,166,3
2024-09-21 02:00:00,0,121,1
2024-09-21 03:00:00,0,118,0
2024-09-21 04:00:00,0,58,0
2024-09-21 05:00:00,8,51,1
2024-09-21 06:00:00,31,52,14
2024-09-21 07:00:00,55,97,31
2024-09-21 08:00:00,100,166,39
2024-09-21 09:00:00,210,184,51
2024-09-21 10:00:00,320,242,62
2024-09-21 11:00:00,485,307,69
2024-09-21 12:00:00,500,262,95
2024-09-21 13:00:00,528,286,70
2024-09-21 14:00:00,545,335,87
2024-09-21 15:00:00,489,334,65
2024-09-21 16:00:00,639,292,68
2024-09-21 17:00:00,662,410,112
2024-09-21 18:00:00,258,368,67
2024-09-21 19:00:00,5,432,31
2024-09-21 20:00:00,9,467,28
2024-09-21 21:00:00,11,417,28
2024-09-21 22:00:00,6,464,19
2024-09-21 23:00:00,3,402,9
2024-09-22 00:00:00,0,280,3
2024-09-22 01:00:00,0,231,2
2024-09-22 02:00:00,0,192,4
2024-09-22 03:00:00,0,144,0
2024-09-22 04:00:00,0,59,1
2024-09-22 05:00:00,0,39,1
2024-09-22 06:00:00,8,47,4
2024-09-22 07:00:00,27,48,22
2024-09-22 08:00:00,19,115,16
2024-09-22 09:00:00,78,138,30
2024-09-22 10:00:00,55,154,15
2024-09-22 11:00:00,169,197,44
2024-09-22 12:00:00,264,160,51
2024-09-22 13:00:00,257,152,53
2024-09-22 14:00:00,320,182,69
2024-09-22 15:00:00,168,213,66
2024-09-22 16:00:00,208,220,88
2024-09-22 17:00:00,307,202,103
2024-09-22 18:00:00,87,193,24
2024-09-22 19:00:00,0,164,8
2024-09-22 20:00:00,0,198,13
2024-09-22 21:00:00,0,151,4
2024-09-22 22:00:00,0,111,4
2024-09-22 23:00:00,0,78,1
2024-09-23 00:00:00,0,53,0
2024-09-23 01:00:00,0,35,1
2024-09-23 02:00:00,0,32,1
2024-09-23 03:00:00,0,27,0
2024-09-23 04:00:00,0,31,0
2024-09-23 05:00:00,1,47,5
2024-09-23 06:00:00,45,101,88
2024-09-23 07:00:00,248,172,280
2024-09-23 08:00:00,242,320,151
2024-09-23 09:00:00,174,289,63
2024-09-23 10:00:00,137,219,45
2024-09-23 11:00:00,243,195,53
2024-09-23 12:00:00,287,201,70
2024-09-23 13:00:00,192,163,72
2024-09-23 14:00:00,189,198,75
2024-09-23 15:00:00,348,210,133
2024-09-23 16:00:00,465,214,291
2024-09-23 17:00:00,107,223,156
2024-09-23 18:00:00,6,170,35
2024-09-23 19:00:00,0,149,21
2024-09-23 20:00:00,0,139,16
2024-09-23 21:00:00,0,157,3
2024-09-23 22:00:00,0,115,3
2024-09-23 23:00:00,0,73,1
2024-09-24 00:00:00,0,52,0
2024-09-24 01:00:00,0,32,0
2024-09-24 02:00:00,0,28,0
2024-09-24 03:00:00,0,26,0
2024-09-24 04:00:00,0,30,1
2024-09-24 05:00:00,10,78,11
2024-09-24 06:00:00,168,122,89
2024-09-24 07:00:00,739,191,396
2024-09-24 08:00:00,400,268,187
2024-09-24 09:00:00,324,178,80
2024-09-24 10:00:00,267,175,51
2024-09-24 11:00:00,504,137,107
2024-09-24 12:00:00,628,164,110
2024-09-24 13:00:00,392,202,87
2024-09-24 14:00:00,439,176,101
2024-09-24 15:00:00,583,190,243
2024-09-24 16:00:00,924,227,474
2024-09-24 17:00:00,618,219,284
2024-09-24 18:00:00,152,190,49
2024-09-24 19:00:00,14,176,33
2024-09-24 20:00:00,19,193,18
2024-09-24 21:00:00,12,210,15
2024-09-24 22:00:00,5,170,3
2024-09-24 23:00:00,0,131,0
2024-09-25 00:00:00,0,96,0
2024-09-25 01:00:00,0,67,0
2024-09-25 02:00:00,0,44,0
2024-09-25 03:00:00,0,26,0
2024-09-25 04:00:00,0,26,1
2024-09-25 05:00:00,13,52,21
2024-09-25 06:00:00,183,116,142
2024-09-25 07:00:00,694,190,399
2024-09-25 08:00:00,413,264,244
2024-09-25 09:00:00,310,198,80
2024-09-25 10:00:00,353,176,56
2024-09-25 11:00:00,510,192,97
2024-09-25 12:00:00,452,183,116
2024-09-25 13:00:00,366,248,93
2024-09-25 14:00:00,232,223,112
2024-09-25 15:00:00,259,280,135
2024-09-25 16:00:00,668,270,366
2024-09-25 17:00:00,603,269,231
2024-09-25 18:00:00,93,251,38
2024-09-25 19:00:00,2,232,36
2024-09-25 20:00:00,0,210,22
2024-09-25 21:00:00,3,178,10
2024-09-25 22:00:00,1,175,2
2024-09-25 23:00:00,0,124,0
2024-09-26 00:00:00,0,73,0
2024-09-26 01:00:00,0,58,0
2024-09-26 02:00:00,0,43,0
2024-09-26 03:00:00,0,31,0
2024-09-26 04:00:00,0,30,1
2024-09-26 05:00:00,11,73,8
2024-09-26 06:00:00,159,124,89
2024-09-26 07:00:00,533,196,145
2024-09-26 08:00:00,374,300,66
2024-09-26 09:00:00,286,235,70
2024-09-26 10:00:00,283,206,43
2024-09-26 11:00:00,575,239,91
2024-09-26 12:00:00,559,170,108
2024-09-26 13:00:00,386,207,50
2024-09-26 14:00:00,441,195,66
2024-09-26 15:00:00,515,254,159
2024-09-26 16:00:00,652,274,330
2024-09-26 17:00:00,398,377,222
2024-09-26 18:00:00,2,333,42
2024-09-26 19:00:00,0,269,17
2024-09-26 20:00:00,2,215,22
2024-09-26 21:00:00,0,284,11
2024-09-26 22:00:00,0,216,8
2024-09-26 23:00:00,0,204,1
2024-09-27 00:00:00,0,137,1
2024-09-27 01:00:00,0,118,0
2024-09-27 02:00:00,0,59,0
2024-09-27 03:00:00,0,32,0
2024-09-27 04:00:00,0,28,0
2024-09-27 05:00:00,6,57,4
2024-09-27 06:00:00,121,119,54
2024-09-27 07:00:00,461,180,192
2024-09-27 08:00:00,297,220,135
2024-09-27 09:00:00,279,184,50
2024-09-27 10:00:00,291,190,66
2024-09-27 11:00:00,504,182,83
2024-09-27 12:00:00,488,187,89
2024-09-27 13:00:00,394,287,67
2024-09-27 14:00:00,438,242,79
2024-09-27 15:00:00,582,334,141
2024-09-27 16:00:00,723,334,214
2024-09-27 17:00:00,645,381,214
2024-09-27 18:00:00,165,365,44
2024-09-27 19:00:00,25,369,15
2024-09-27 20:00:00,12,419,27
2024-09-27 21:00:00,9,330,23
2024-09-27 22:00:00,7,382,11
2024-09-27 23:00:00,0,344,3
2024-09-28 00:00:00,0,301,2
2024-09-28 01:00:00,0,246,1
2024-09-28 02:00:00,0,209,0
2024-09-28 03:00:00,0,118,0
2024-09-28 04:00:00,0,57,1
2024-09-28 05:00:00,8,42,2
2024-09-28 06:00:00,32,60,4
2024-09-28 07:00:00,94,94,7
2024-09-28 08:00:00,161,100,40
2024-09-28 09:00:00,244,184,75
2024-09-28 10:00:00,396,227,84
2024-09-28 11:00:00,591,278,114
2024-09-28 12:00:00,613,288,157
2024-09-28 13:00:00,617,262,104
2024-09-28 14:00:00,601,322,96
2024-09-28 15:00:00,593,355,88
2024-09-28 16:00:00,742,372,116
2024-09-28 17:00:00,766,467,139
2024-09-28 18:00:00,138,435,49
2024-09-28 19:00:00,4,475,28
2024-09-28 20:00:00,8,477,21
2024-09-28 21:00:00,7,427,25
2024-09-28 22:00:00,3,467,10
2024-09-28 23:00:00,0,451,4
2024-09-29 00:00:00,0,369,2
2024-09-29 01:00:00,2,354,0
2024-09-29 02:00:00,0,252,0
2024-09-29 03:00:00,0,147,0
2024-09-29 04:00:00,0,69,0
2024-09-29 05:00:00,4,66,5
2024-09-29 06:00:00,22,45,14
2024-09-29 07:00:00,60,67,22
2024-09-29 08:00:00,121,95,53
2024-09-29 09:00:00,200,98,61
2024-09-29 10:00:00,266,128,58
2024-09-29 11:00:00,324,184,89
2024-09-29 12:00:00,353,143,71
2024-09-29 13:00:00,347,172,72
2024-09-29 14:00:00,395,180,47
2024-09-29 15:00:00,364,198,106
2024-09-29 16:00:00,293,253,122
2024-09-29 17:00:00,110,207,74
2024-09-29 18:00:00,0,197,13
2024-09-29 19:00:00,0,157,15
2024-09-29 20:00:00,0,119,24
2024-09-29 21:00:00,0,134,13
2024-09-29 22:00:00,0,106,1
2024-09-29 23:00:00,0,68,1
2024-09-30 00:00:00,0,35,1
2024-09-30 01:00:00,0,29,0
2024-09-30 02:00:00,0,21,0
2024-09-30 03:00:00,0,21,1
2024-09-30 04:00:00,0,15,1
2024-09-30 05:00:00,0,53,3
2024-09-30 06:00:00,108,103,106
2024-09-30 07:00:00,516,184,240
2024-09-30 08:00:00,373,237,185
2024-09-30 09:00:00,292,190,59
2024-09-30 10:00:00,284,182,54
2024-09-30 11:00:00,425,129,57
2024-09-30 12:00:00,486,157,57
2024-09-30 13:00:00,387,170,51
2024-09-30 14:00:00,343,164,70
2024-09-30 15:00:00,470,156,154
2024-09-30 16:00:00,635,164,360
2024-09-30 17:00:00,540,189,266
2024-09-30 18:00:00,31,175,54
2024-09-30 19:00:00,6,170,27
2024-09-30 20:00:00,1,164,24
2024-09-30 21:00:00,1,111,8
2024-09-30 22:00:00,1,90,4
2024-09-30 23:00:00,0,81,1
2024-10-01 00:00:00,0,77,0
2024-10-01 01:00:00,0,51,0
2024-10-01 02:00:00,0,36,0
2024-10-01 03:00:00,0,21,0
2024-10-01 04:00:00,0,19,0
2024-10-01 05:00:00,4,52,8
2024-10-01 06:00:00,164,106,135
2024-10-01 07:00:00,696,206,472
2024-10-01 08:00:00,440,246,241
2024-10-01 09:00:00,294,167,93
2024-10-01 10:00:00,285,168,64
2024-10-01 11:00:00,511,179,95
2024-10-01 12:00:00,560,181,88
2024-10-01 13:00:00,356,179,78
2024-10-01 14:00:00,433,182,118
2024-10-01 15:00:00,513,193,254
2024-10-01 16:00:00,856,209,463
2024-10-01 17:00:00,640,232,285
2024-10-01 18:00:00,3,189,27
2024-10-01 19:00:00,2,160,27
2024-10-01 20:00:00,2,207,28
2024-10-01 21:00:00,1,161,11
2024-10-01 22:00:00,0,154,3
2024-10-01 23:00:00,0,106,0
2024-10-02 00:00:00,0,107,0
2024-10-02 01:00:00,0,87,0
2024-10-02 02:00:00,0,35,0
2024-10-02 03:00:00,0,29,0
2024-10-02 04:00:00,0,28,2
2024-10-02 05:00:00,6,63,10
2024-10-02 06:00:00,146,148,137
2024-10-02 07:00:00,664,190,427
2024-10-02 08:00:00,411,243,232
2024-10-02 09:00:00,278,196,82
2024-10-02 10:00:00,300,181,55
2024-10-02 11:00:00,497,201,62
2024-10-02 12:00:00,590,193,97
2024-10-02 13:00:00,426,232,106
2024-10-02 14:00:00,361,173,126
2024-10-02 15:00:00,541,207,232
2024-10-02 16:00:00,861,226,467
2024-10-02 17:00:00,506,258,300
2024-10-02 18:00:00,11,218,52
2024-10-02 19:00:00,1,192,28
2024-10-02 20:00:00,1,229,23
2024-10-02 21:00:00,0,178,12
2024-10-02 22:00:00,0,176,9
2024-10-02 23:00:00,0,109,1
2024-10-03 00:00:00,0,104,1
2024-10-03 01:00:00,0,49,1
2024-10-03 02:00:00,0,34,0
2024-10-03 03:00:00,0,27,0
2024-10-03 04:00:00,0,27,0
2024-10-03 05:00:00,5,62,1
2024-10-03 06:00:00,140,126,82
2024-10-03 07:00:00,576,158,239
2024-10-03 08:00:00,393,206,125
2024-10-03 09:00:00,245,189,84
2024-10-03 10:00:00,273,190,59
2024-10-03 11:00:00,575,156,76
2024-10-03 12:00:00,570,183,109
2024-10-03 13:00:00,373,193,75
2024-10-03 14:00:00,417,194,133
2024-10-03 15:00:00,633,186,189
2024-10-03 16:00:00,815,218,365
2024-10-03 17:00:00,684,271,337
2024-10-03 18:00:00,27,286,48
2024-10-03 19:00:00,7,217,42
2024-10-03 20:00:00,3,257,28
2024-10-03 21:00:00,9,223,19
2024-10-03 22:00:00,0,174,5
2024-10-03 23:00:00,1,155,1
2024-10-04 00:00:00,0,125,0
2024-10-04 01:00:00,0,89,0
2024-10-04 02:00:00,0,60,0
2024-10-04 03:00:00,0,30,0
2024-10-04 04:00:00,0,26,0
2024-10-04 05:00:00,8,57,3
2024-10-04 06:00:00,112,117,69
2024-10-04 07:00:00,482,195,230
2024-10-04 08:00:00,291,207,119
2024-10-04 09:00:00,231,192,104
2024-10-04 10:00:00,286,170,99
2024-10-04 11:00:00,451,194,96
2024-10-04 12:00:00,501,176,92
2024-10-04 13:00:00,432,233,112
2024-10-04 14:00:00,472,234,141
2024-10-04 15:00:00,506,250,207
2024-10-04 16:00:00,673,283,330
2024-10-04 17:00:00,542,273,175
2024-10-04 18:00:00,9,317,32
2024-10-04 19:00:00,12,338,27
2024-10-04 20:00:00,8,369,35
2024-10-04 21:00:00,7,434,13
2024-10-04 22:00:00,2,427,9
2024-10-04 23:00:00,2,484,7
2024-10-05 00:00:00,0,278,1
2024-10-05 01:00:00,0,166,2
2024-10-05 02:00:00,0,169,3
2024-10-05 03:00:00,0,115,0
2024-10-05 04:00:00,0,85,0
2024-10-05 05:00:00,1,56,2
2024-10-05 06:00:00,54,53,15
2024-10-05 07:00:00,85,112,48
2024-10-05 08:00:00,130,118,78
2024-10-05 09:00:00,230,151,85
2024-10-05 10:00:00,350,197,118
2024-10-05 11:00:00,471,226,140
2024-10-05 12:00:00,575,222,121
2024-10-05 13:00:00,522,269,89
2024-10-05 14:00:00,631,277,99
2024-10-05 15:00:00,668,271,132
2024-10-05 16:00:00,678,375,146
2024-10-05 17:00:00,540,421,142
2024-10-05 18:00:00,32,483,34
2024-10-05 19:00:00,22,478,31
2024-10-05 20:00:00,23,434,42
2024-10-05 21:00:00,6,461,20
2024-10-05 22:00:00,2,422,13
2024-10-05 23:00:00,2,423,6
2024-10-06 00:00:00,1,346,3
2024-10-06 01:00:00,0,260,2
2024-10-06 02:00:00,0,211,0
2024-10-06 03:00:00,0,185,0
2024-10-06 04:00:00,1,72,1
2024-10-06 05:00:00,2,43,1
2024-10-06 06:00:00,28,32,7
2024-10-06 07:00:00,53,56,31
2024-10-06 08:00:00,122,103,33
2024-10-06 09:00:00,211,97,36
2024-10-06 10:00:00,268,141,58
2024-10-06 11:00:00,390,162,69
2024-10-06 12:00:00,363,161,93
2024-10-06 13:00:00,321,178,80
2024-10-06 14:00:00,229,212,87
2024-10-06 15:00:00,137,287,67
2024-10-06 16:00:00,290,235,85
2024-10-06 17:00:00,195,227,81
2024-10-06 18:00:00,0,210,12
2024-10-06 19:00:00,0,204,11
2024-10-06 20:00:00,0,224,4
2024-10-06 21:00:00,0,168,8
2024-10-06 22:00:00,0,106,2
2024-10-06 23:00:00,0,87,0
2024-10-07 00:00:00,0,52,0
2024-10-07 01:00:00,0,43,0
2024-10-07 02:00:00,0,23,0
2024-10-07 03:00:00,0,27,0
2024-10-07 04:00:00,0,26,0
2024-10-07 05:00:00,0,54,8
2024-10-07 06:00:00,116,105,113
2024-10-07 07:00:00,524,153,392
2024-10-07 08:00:00,298,241,166
2024-10-07 09:00:00,205,200,66
2024-10-07 10:00:00,248,130,34
2024-10-07 11:00:00,461,142,56
2024-10-07 12:00:00,559,184,56
2024-10-07 13:00:00,364,186,64
2024-10-07 14:00:00,315,195,121
2024-10-07 15:00:00,447,197,148
2024-10-07 16:00:00,803,214,391
2024-10-07 17:00:00,354,180,169
2024-10-07 18:00:00,2,181,33
2024-10-07 19:00:00,1,171,25
2024-10-07 20:00:00,0,159,14
2024-10-07 21:00:00,0,143,15
2024-10-07 22:00:00,0,137,2
2024-10-07 23:00:00,0,73,0
2024-10-08 00:00:00,0,49,0
2024-10-08 01:00:00,0,27,0
2024-10-08 02:00:00,0,30,0
2024-10-08 03:00:00,0,23,0
2024-10-08 04:00:00,0,27,1
2024-10-08 05:00:00,0,53,5
2024-10-08 06:00:00,137,130,91
2024-10-08 07:00:00,518,139,399
2024-10-08 08:00:00,391,210,269
2024-10-08 09:00:00,192,206,94
2024-10-08 10:00:00,247,187,47
2024-10-08 11:00:00,428,196,85
2024-10-08 12:00:00,230,213,85
2024-10-08 13:00:00,290,235,92
2024-10-08 14:00:00,305,229,86
2024-10-08 15:00:00,499,215,209
2024-10-08 16:00:00,550,263,418
2024-10-08 17:00:00,331,289,180
2024-10-08 18:00:00,0,281,25
2024-10-08 19:00:00,0,204,18
2024-10-08 20:00:00,0,228,10
2024-10-08 21:00:00,0,196,6
2024-10-08 22:00:00,0,167,3
2024-10-08 23:00:00,0,117,1
2024-10-09 00:00:00,0,94,0
2024-10-09 01:00:00,0,43,0
2024-10-09 02:00:00,0,33,0
2024-10-09 03:00:00,0,29,1
2024-10-09 04:00:00,0,25,0
2024-10-09 05:00:00,0,48,2
2024-10-09 06:00:00,144,132,98
2024-10-09 07:00:00,680,163,402
2024-10-09 08:00:00,410,274,234
2024-10-09 09:00:00,305,194,78
2024-10-09 10:00:00,366,212,58
2024-10-09 11:00:00,620,194,93
2024-10-09 12:00:00,567,163,123
2024-10-09 13:00:00,396,206,73
2024-10-09 14:00:00,392,205,135
2024-10-09 15:00:00,520,209,232
2024-10-09 16:00:00,663,206,460
2024-10-09 17:00:00,377,200,204
2024-10-09 18:00:00,4,261,31
2024-10-09 19:00:00,3,212,21
2024-10-09 20:00:00,1,231,16
2024-10-09 21:00:00,3,236,10
2024-10-09 22:00:00,0,169,4
2024-10-09 23:00:00,0,140,1
2024-10-10 00:00:00,0,91,0
2024-10-10 01:00:00,0,70,0
2024-10-10 02:00:00,0,72,0
2024-10-10 03:00:00,0,54,1
2024-10-10 04:00:00,0,25,0
2024-10-10 05:00:00,0,54,2
2024-10-10 06:00:00,113,134,124
2024-10-10 07:00:00,581,173,401
2024-10-10 08:00:00,372,279,267
2024-10-10 09:00:00,298,222,84
2024-10-10 10:00:00,276,226,56
2024-10-10 11:00:00,538,216,55
2024-10-10 12:00:00,633,205,58
2024-10-10 13:00:00,448,227,66
2024-10-10 14:00:00,464,197,121
2024-10-10 15:00:00,619,236,186
2024-10-10 16:00:00,821,233,435
2024-10-10 17:00:00,568,266,210
2024-10-10 18:00:00,19,280,43
2024-10-10 19:00:00,15,223,33
2024-10-10 20:00:00,8,268,16
2024-10-10 21:00:00,5,260,12
2024-10-10 22:00:00,3,182,4
2024-10-10 23:00:00,2,182,2
2024-10-11 00:00:00,0,141,0
2024-10-11 01:00:00,0,95,0
2024-10-11 02:00:00,0,86,0
2024-10-11 03:00:00,0,56,0
2024-10-11 04:00:00,0,38,1
2024-10-11 05:00:00,0,51,4
2024-10-11 06:00:00,100,104,34
2024-10-11 07:00:00,437,204,139
2024-10-11 08:00:00,301,242,94
2024-10-11 09:00:00,232,189,60
2024-10-11 10:00:00,275,198,56
2024-10-11 11:00:00,461,166,112
2024-10-11 12:00:00,514,169,100
2024-10-11 13:00:00,440,245,109
2024-10-11 14:00:00,434,302,117
2024-10-11 15:00:00,585,275,212
2024-10-11 16:00:00,722,292,305
2024-10-11 17:00:00,360,329,156
2024-10-11 18:00:00,7,361,28
2024-10-11 19:00:00,1,375,16
2024-10-11 20:00:00,8,408,28
2024-10-11 21:00:00,2,456,15
2024-10-11 22:00:00,2,439,10
2024-10-11 23:00:00,3,433,10
2024-10-12 00:00:00,0,309,1
2024-10-12 01:00:00,0,232,0
2024-10-12 02:00:00,0,138,0
2024-10-12 03:00:00,0,101,0
2024-10-12 04:00:00,0,78,0
2024-10-12 05:00:00,0,43,0
2024-10-12 06:00:00,12,47,14
2024-10-12 07:00:00,69,100,40
2024-10-12 08:00:00,146,129,58
2024-10-12 09:00:00,223,147,64
2024-10-12 10:00:00,364,192,75
2024-10-12 11:00:00,513,227,83
2024-10-12 12:00:00,605,264,92
2024-10-12 13:00:00,589,280,49
2024-10-12 14:00:00,629,296,49
2024-10-12 15:00:00,614,306,120
2024-10-12 16:00:00,617,373,120
2024-10-12 17:00:00,410,389,93
2024-10-12 18:00:00,1,444,22
2024-10-12 19:00:00,2,432,18
2024-10-12 20:00:00,5,489,18
2024-10-12 21:00:00,9,430,21
2024-10-12 22:00:00,10,454,9
2024-10-12 23:00:00,6,473,7
2024-10-13 00:00:00,0,452,6
2024-10-13 01:00:00,1,401,4
2024-10-13 02:00:00,0,211,0
2024-10-13 03:00:00,0,114,0
2024-10-13 04:00:00,0,80,0
2024-10-13 05:00:00,0,46,3
2024-10-13 06:00:00,29,41,11
2024-10-13 07:00:00,61,61,43
2024-10-13 08:00:00,116,107,63
2024-10-13 09:00:00,216,143,51
2024-10-13 10:00:00,242,109,54
2024-10-13 11:00:00,376,201,91
2024-10-13 12:00:00,409,162,93
2024-10-13 13:00:00,362,168,112
2024-10-13 14:00:00,343,210,91
2024-10-13 15:00:00,401,177,83
2024-10-13 16:00:00,429,219,126
2024-10-13 17:00:00,197,219,69
2024-10-13 18:00:00,7,184,20
2024-10-13 19:00:00,4,177,14
2024-10-13 20:00:00,3,161,8
2024-10-13 21:00:00,4,149,10
2024-10-13 22:00:00,0,101,4
2024-10-13 23:00:00,0,69,0
2024-10-14 00:00:00,0,52,0
2024-10-14 01:00:00,0,49,1
2024-10-14 02:00:00,0,30,0
2024-10-14 03:00:00,0,28,0
2024-10-14 04:00:00,0,28,2
2024-10-14 05:00:00,0,32,12
2024-10-14 06:00:00,25,125,80
2024-10-14 07:00:00,353,173,398
2024-10-14 08:00:00,360,255,225
2024-10-14 09:00:00,238,175,87
2024-10-14 10:00:00,269,168,75
2024-10-14 11:00:00,405,182,99
2024-10-14 12:00:00,464,134,96
2024-10-14 13:00:00,346,166,82
2024-10-14 14:00:00,362,198,94
2024-10-14 15:00:00,486,154,131
2024-10-14 16:00:00,759,227,298
2024-10-14 17:00:00,169,192,70
2024-10-14 18:00:00,0,195,36
2024-10-14 19:00:00,0,165,22
2024-10-14 20:00:00,0,161,11
2024-10-14 21:00:00,1,137,8
2024-10-14 22:00:00,1,75,8
2024-10-14 23:00:00,2,71,0
2024-10-15 00:00:00,0,52,0
2024-10-15 01:00:00,0,34,0
2024-10-15 02:00:00,0,26,0
2024-10-15 03:00:00,0,20,0
2024-10-15 04:00:00,0,28,0
2024-10-15 05:00:00,0,48,4
2024-10-15 06:00:00,89,141,74
2024-10-15 07:00:00,662,191,465
2024-10-15 08:00:00,371,280,255
2024-10-15 09:00:00,293,206,98
2024-10-15 10:00:00,276,192,75
2024-10-15 11:00:00,551,189,119
2024-10-15 12:00:00,564,162,110
2024-10-15 13:00:00,368,204,99
2024-10-15 14:00:00,415,197,106
2024-10-15 15:00:00,574,196,184
2024-10-15 16:00:00,856,225,410
2024-10-15 17:00:00,257,221,120
2024-10-15 18:00:00,0,237,21
2024-10-15 19:00:00,2,240,15
2024-10-15 20:00:00,0,229,16
2024-10-15 21:00:00,0,210,14
2024-10-15 22:00:00,0,154,4
2024-10-15 23:00:00,0,122,0
2024-10-16 00:00:00,0,94,1
2024-10-16 01:00:00,0,61,0
2024-10-16 02:00:00,0,47,0
2024-10-16 03:00:00,0,24,0
2024-10-16 04:00:00,0,31,0
2024-10-16 05:00:00,0,50,3
2024-10-16 06:00:00,40,134,72
2024-10-16 07:00:00,359,203,376
2024-10-16 08:00:00,364,224,222
2024-10-16 09:00:00,255,238,78
2024-10-16 10:00:00,109,228,63
2024-10-16 11:00:00,394,234,90
2024-10-16 12:00:00,446,181,106
2024-10-16 13:00:00,355,197,106
2024-10-16 14:00:00,314,180,119
2024-10-16 15:00:00,404,177,185
2024-10-16 16:00:00,370,232,370
2024-10-16 17:00:00,17,263,70
2024-10-16 18:00:00,0,286,20
2024-10-16 19:00:00,0,223,19
2024-10-16 20:00:00,0,192,10
2024-10-16 21:00:00,1,188,10
2024-10-16 22:00:00,0,189,1
2024-10-16 23:00:00,0,135,5
2024-10-17 00:00:00,0,108,1
2024-10-17 01:00:00,0,81,0
2024-10-17 02:00:00,0,49,0
2024-10-17 03:00:00,0,38,1
2024-10-17 04:00:00,1,33,0
2024-10-17 05:00:00,0,44,2
2024-10-17 06:00:00,106,114,73
2024-10-17 07:00:00,622,190,151
2024-10-17 08:00:00,417,260,131
2024-10-17 09:00:00,245,213,48
2024-10-17 10:00:00,239,180,34
2024-10-17 11:00:00,468,169,36
2024-10-17 12:00:00,611,149,17
2024-10-17 13:00:00,352,169,19
2024-10-17 14:00:00,372,202,57
2024-10-17 15:00:00,563,191,164
2024-10-17 16:00:00,866,239,308
2024-10-17 17:00:00,361,230,171
2024-10-17 18:00:00,7,265,32
2024-10-17 19:00:00,3,228,24
2024-10-17 20:00:00,0,309,12
2024-10-17 21:00:00,2,206,9
2024-10-17 22:00:00,0,170,4
2024-10-17 23:00:00,0,145,2
2024-10-18 00:00:00,0,139,1
2024-10-18 01:00:00,0,115,0
2024-10-18 02:00:00,0,55,0
2024-10-18 03:00:00,0,35,0
2024-10-18 04:00:00,0,34,2
2024-10-18 05:00:00,0,40,4
2024-10-18 06:00:00,82,128,34
2024-10-18 07:00:00,401,180,82
2024-10-18 08:00:00,335,229,57
2024-10-18 09:00:00,226,232,38
2024-10-18 10:00:00,286,208,49
2024-10-18 11:00:00,428,195,87
2024-10-18 12:00:00,506,189,91
2024-10-18 13:00:00,438,264,107
2024-10-18 14:00:00,419,256,159
2024-10-18 15:00:00,606,265,209
2024-10-18 16:00:00,652,297,307
2024-10-18 17:00:00,17,334,30
2024-10-18 18:00:00,0,411,24
2024-10-18 19:00:00,1,312,28
2024-10-18 20:00:00,0,305,17
2024-10-18 21:00:00,2,352,11
2024-10-18 22:00:00,0,342,11
2024-10-18 23:00:00,0,264,3
2024-10-19 00:00:00,0,275,2
2024-10-19 01:00:00,0,261,0
2024-10-19 02:00:00,0,168,2
2024-10-19 03:00:00,0,88,3
2024-10-19 04:00:00,0,73,1
2024-10-19 05:00:00,0,26,0
2024-10-19 06:00:00,17,48,15
2024-10-19 07:00:00,68,138,24
2024-10-19 08:00:00,130,170,24
2024-10-19 09:00:00,171,160,33
2024-10-19 10:00:00,292,207,34
2024-10-19 11:00:00,483,230,39
2024-10-19 12:00:00,566,222,31
2024-10-19 13:00:00,539,273,32
2024-10-19 14:00:00,581,301,61
2024-10-19 15:00:00,598,282,80
2024-10-19 16:00:00,621,334,119
2024-10-19 17:00:00,232,349,49
2024-10-19 18:00:00,3,416,15
2024-10-19 19:00:00,2,400,15
2024-10-19 20:00:00,3,405,10
2024-10-19 21:00:00,4,374,6
2024-10-19 22:00:00,3,412,7
2024-10-19 23:00:00,0,399,9
2024-10-20 00:00:00,3,388,1
2024-10-20 01:00:00,1,257,0
2024-10-20 02:00:00,0,190,0
2024-10-20 03:00:00,0,124,0
2024-10-20 04:00:00,0,77,0
2024-10-20 05:00:00,0,47,0
2024-10-20 06:00:00,3,29,6
2024-10-20 07:00:00,25,66,13
2024-10-20 08:00:00,71,115,25
2024-10-20 09:00:00,149,145,35
2024-10-20 10:00:00,163,165,57
2024-10-20 11:00:00,223,215,60
2024-10-20 12:00:00,259,176,61
2024-10-20 13:00:00,307,163,43
2024-10-20 14:00:00,395,179,59
2024-10-20 15:00:00,324,147,65
2024-10-20 16:00:00,375,149,105
2024-10-20 17:00:00,103,131,35
2024-10-20 18:00:00,12,174,23
2024-10-20 19:00:00,5,152,10
2024-10-20 20:00:00,3,169,10
2024-10-20 21:00:00,1,140,6
2024-10-20 22:00:00,2,91,1
2024-10-20 23:00:00,1,75,0
2024-10-21 00:00:00,1,38,0
2024-10-21 01:00:00,0,33,0
2024-10-21 02:00:00,0,21,0
2024-10-21 03:00:00,0,28,0
2024-10-21 04:00:00,0,25,0
2024-10-21 05:00:00,0,58,2
2024-10-21 06:00:00,96,111,92
2024-10-21 07:00:00,554,177,378
2024-10-21 08:00:00,333,176,203
2024-10-21 09:00:00,208,164,77
2024-10-21 10:00:00,264,140,57
2024-10-21 11:00:00,443,173,71
2024-10-21 12:00:00,464,149,99
2024-10-21 13:00:00,317,157,84
2024-10-21 14:00:00,316,146,79
2024-10-21 15:00:00,456,187,227
2024-10-21 16:00:00,716,202,400
2024-10-21 17:00:00,155,143,136
2024-10-21 18:00:00,0,158,29
2024-10-21 19:00:00,1,158,14
2024-10-21 20:00:00,3,125,11
2024-10-21 21:00:00,0,113,7
2024-10-21 22:00:00,0,99,4
2024-10-21 23:00:00,0,69,1
2024-10-22 00:00:00,0,63,0
2024-10-22 01:00:00,0,31,0
2024-10-22 02:00:00,0,22,0
2024-10-22 03:00:00,0,24,0
2024-10-22 04:00:00,0,25,0
2024-10-22 05:00:00,0,47,3
2024-10-22 06:00:00,111,135,99
2024-10-22 07:00:00,555,189,260
2024-10-22 08:00:00,344,239,218
2024-10-22 09:00:00,221,195,90
2024-10-22 10:00:00,287,178,62
2024-10-22 11:00:00,479,160,95
2024-10-22 12:00:00,526,183,108
2024-10-22 13:00:00,273,174,76
2024-10-22 14:00:00,332,190,81
2024-10-22 15:00:00,455,208,213
2024-10-22 16:00:00,780,232,420
2024-10-22 17:00:00,187,202,169
2024-10-22 18:00:00,0,196,44
2024-10-22 19:00:00,2,167,34
2024-10-22 20:00:00,0,158,11
2024-10-22 21:00:00,1,138,12
2024-10-22 22:00:00,0,129,3
2024-10-22 23:00:00,0,118,3
2024-10-23 00:00:00,0,71,0
2024-10-23 01:00:00,0,47,1
2024-10-23 02:00:00,0,37,0
2024-10-23 03:00:00,0,15,0
2024-10-23 04:00:00,0,36,4
2024-10-23 05:00:00,0,51,2
2024-10-23 06:00:00,119,106,52
2024-10-23 07:00:00,589,196,335
2024-10-23 08:00:00,309,244,172
2024-10-23 09:00:00,218,183,79
2024-10-23 10:00:00,290,184,67
2024-10-23 11:00:00,479,167,102
2024-10-23 12:00:00,565,170,109
2024-10-23 13:00:00,356,210,79
2024-10-23 14:00:00,316,210,120
2024-10-23 15:00:00,520,205,229
2024-10-23 16:00:00,826,263,533
2024-10-23 17:00:00,167,236,135
2024-10-23 18:00:00,2,269,52
2024-10-23 19:00:00,0,214,29
2024-10-23 20:00:00,0,204,16
2024-10-23 21:00:00,4,191,22
2024-10-23 22:00:00,0,146,1
2024-10-23 23:00:00,0,132,1
2024-10-24 00:00:00,0,101,3
2024-10-24 01:00:00,0,43,0
2024-10-24 02:00:00,0,43,0
2024-10-24 03:00:00,0,33,0
2024-10-24 04:00:00,0,20,2
2024-10-24 05:00:00,0,40,4
2024-10-24 06:00:00,109,102,62
2024-10-24 07:00:00,535,181,319
2024-10-24 08:00:00,330,270,208
2024-10-24 09:00:00,236,159,76
2024-10-24 10:00:00,252,160,78
2024-10-24 11:00:00,508,186,123
2024-10-24 12:00:00,550,166,103
2024-10-24 13:00:00,326,197,105
2024-10-24 14:00:00,337,188,136
2024-10-24 15:00:00,506,249,199
2024-10-24 16:00:00,729,240,447
2024-10-24 17:00:00,80,234,74
2024-10-24 18:00:00,5,275,46
2024-10-24 19:00:00,6,231,40
2024-10-24 20:00:00,2,240,17
2024-10-24 21:00:00,5,205,22
2024-10-24 22:00:00,5,186,10
2024-10-24 23:00:00,0,144,3
2024-10-25 00:00:00,0,117,1
2024-10-25 01:00:00,0,103,0
2024-10-25 02:00:00,0,48,0
2024-10-25 03:00:00,0,33,1
2024-10-25 04:00:00,0,31,0
2024-10-25 05:00:00,0,34,0
2024-10-25 06:00:00,40,116,38
2024-10-25 07:00:00,326,200,211
2024-10-25 08:00:00,209,223,154
2024-10-25 09:00:00,197,200,76
2024-10-25 10:00:00,249,145,75
2024-10-25 11:00:00,375,170,78
2024-10-25 12:00:00,494,169,92
2024-10-25 13:00:00,342,229,49
2024-10-25 14:00:00,382,235,56
2024-10-25 15:00:00,465,307,114
2024-10-25 16:00:00,632,295,222
2024-10-25 17:00:00,166,334,88
2024-10-25 18:00:00,22,394,51
2024-10-25 19:00:00,15,355,35
2024-10-25 20:00:00,14,339,44
2024-10-25 21:00:00,4,436,19
2024-10-25 22:00:00,1,345,13
2024-10-25 23:00:00,2,322,2
2024-10-26 00:00:00,1,295,4
2024-10-26 01:00:00,0,206,0
2024-10-26 02:00:00,0,156,0
2024-10-26 03:00:00,0,94,1
2024-10-26 04:00:00,0,107,1
2024-10-26 05:00:00,0,53,0
2024-10-26 06:00:00,18,75,11
2024-10-26 07:00:00,90,90,55
2024-10-26 08:00:00,174,146,47
2024-10-26 09:00:00,246,195,75
2024-10-26 10:00:00,338,225,67
2024-10-26 11:00:00,538,291,129
2024-10-26 12:00:00,521,186,103
2024-10-26 13:00:00,686,217,60
2024-10-26 14:00:00,730,232,109
2024-10-26 15:00:00,743,320,144
2024-10-26 16:00:00,797,387,153
2024-10-26 17:00:00,129,349,41
2024-10-26 18:00:00,5,408,17
2024-10-26 19:00:00,4,378,11
2024-10-26 20:00:00,7,378,17
2024-10-26 21:00:00,13,437,14
2024-10-26 22:00:00,2,474,13
2024-10-26 23:00:00,5,442,7
2024-10-27 00:00:00,0,418,4
2024-10-27 01:00:00,0,341,1
2024-10-27 02:00:00,0,281,0
2024-10-27 03:00:00,0,203,0
2024-10-27 04:00:00,0,142,0
2024-10-27 05:00:00,0,73,0
2024-10-27 06:00:00,8,44,1
2024-10-27 07:00:00,48,43,12
2024-10-27 08:00:00,77,71,24
2024-10-27 09:00:00,136,86,68
2024-10-27 10:00:00,228,166,50
2024-10-27 11:00:00,264,144,58
2024-10-27 12:00:00,391,180,94
2024-10-27 13:00:00,437,167,104
2024-10-27 14:00:00,393,201,102
2024-10-27 15:00:00,403,223,106
2024-10-27 16:00:00,458,185,139
2024-10-27 17:00:00,63,214,28
2024-10-27 18:00:00,13,229,23
2024-10-27 19:00:00,18,237,12
2024-10-27 20:00:00,2,192,8
2024-10-27 21:00:00,4,193,8
2024-10-27 22:00:00,8,147,7
2024-10-27 23:00:00,6,171,2
2024-10-28 00:00:00,0,96,1
2024-10-28 01:00:00,0,82,0
2024-10-28 02:00:00,0,54,0
2024-10-28 03:00:00,0,38,0
2024-10-28 04:00:00,0,21,1
2024-10-28 05:00:00,0,13,1
2024-10-28 06:00:00,21,52,15
2024-10-28 07:00:00,132,112,138
2024-10-28 08:00:00,548,152,351
2024-10-28 09:00:00,373,177,157
2024-10-28 10:00:00,285,176,81
2024-10-28 11:00:00,380,153,54
2024-10-28 12:00:00,446,165,73
2024-10-28 13:00:00,489,162,96
2024-10-28 14:00:00,344,199,74
2024-10-28 15:00:00,320,160,109
2024-10-28 16:00:00,370,205,190
2024-10-28 17:00:00,15,192,107
2024-10-28 18:00:00,0,216,61
2024-10-28 19:00:00,0,202,34
2024-10-28 20:00:00,1,185,14
2024-10-28 21:00:00,0,162,8
2024-10-28 22:00:00,1,125,17
2024-10-28 23:00:00,0,120,5
2024-10-29 00:00:00,1,104,0
2024-10-29 01:00:00,0,71,0
2024-10-29 02:00:00,0,64,0
2024-10-29 03:00:00,0,38,0
2024-10-29 04:00:00,0,25,1
2024-10-29 05:00:00,0,16,0
2024-10-29 06:00:00,16,59,13
2024-10-29 07:00:00,152,111,152
2024-10-29 08:00:00,653,160,404
2024-10-29 09:00:00,346,190,187
2024-10-29 10:00:00,307,189,95
2024-10-29 11:00:00,361,153,87
2024-10-29 12:00:00,598,144,107
2024-10-29 13:00:00,649,164,98
2024-10-29 14:00:00,451,190,95
2024-10-29 15:00:00,416,195,102
2024-10-29 16:00:00,554,190,221
2024-10-29 17:00:00,95,197,121
2024-10-29 18:00:00,25,210,71
2024-10-29 19:00:00,9,219,26
2024-10-29 20:00:00,5,170,32
2024-10-29 21:00:00,2,162,11
2024-10-29 22:00:00,8,168,9
2024-10-29 23:00:00,0,141,1
2024-10-30 00:00:00,0,132,1
2024-10-30 01:00:00,0,98,0
2024-10-30 02:00:00,0,67,1
2024-10-30 03:00:00,0,50,1
2024-10-30 04:00:00,0,34,0
2024-10-30 05:00:00,0,28,0
2024-10-30 06:00:00,16,54,14
2024-10-30 07:00:00,163,106,136
2024-10-30 08:00:00,621,200,366
2024-10-30 09:00:00,343,200,206
2024-10-30 10:00:00,305,169,75
2024-10-30 11:00:00,401,180,65
2024-10-30 12:00:00,603,163,93
2024-10-30 13:00:00,574,174,120
2024-10-30 14:00:00,477,212,97
2024-10-30 15:00:00,416,215,129
2024-10-30 16:00:00,501,184,240
2024-10-30 17:00:00,34,200,125
2024-10-30 18:00:00,7,258,62
2024-10-30 19:00:00,1,226,37
2024-10-30 20:00:00,4,181,25
2024-10-30 21:00:00,0,200,17
2024-10-30 22:00:00,2,180,10
2024-10-30 23:00:00,2,169,3
2024-10-31 00:00:00,0,133,1
2024-10-31 01:00:00,0,107,1
2024-10-31 02:00:00,0,71,0
2024-10-31 03:00:00,0,53,2
2024-10-31 04:00:00,0,49,0
2024-10-31 05:00:00,0,17,1
2024-10-31 06:00:00,18,36,2
2024-10-31 07:00:00,188,88,87
2024-10-31 08:00:00,523,164,303
2024-10-31 09:00:00,263,168,158
2024-10-31 10:00:00,279,138,77
2024-10-31 11:00:00,322,132,57
2024-10-31 12:00:00,598,179,94
2024-10-31 13:00:00,510,142,86
2024-10-31 14:00:00,447,180,126
2024-10-31 15:00:00,444,183,134
2024-10-31 16:00:00,492,192,261
2024-10-31 17:00:00,50,220,93
2024-10-31 18:00:00,15,251,59
2024-10-31 19:00:00,11,275,32
2024-10-31 20:00:00,3,295,33
2024-10-31 21:00:00,7,362,18
2024-10-31 22:00:00,7,360,13
2024-10-31 23:00:00,12,498,14
2024-11-01 00:00:00,3,427,6
2024-11-01 01:00:00,8,268,0
2024-11-01 02:00:00,2,254,0
2024-11-01 03:00:00,0,201,3
2024-11-01 04:00:00,3,167,1
2024-11-01 05:00:00,0,89,3
2024-11-01 06:00:00,22,68,8
2024-11-01 07:00:00,138,96,90
2024-11-01 08:00:00,353,113,221
2024-11-01 09:00:00,262,172,145
2024-11-01 10:00:00,285,145,71
2024-11-01 11:00:00,353,167,91
2024-11-01 12:00:00,521,177,87
2024-11-01 13:00:00,532,192,106
2024-11-01 14:00:00,481,229,125
2024-11-01 15:00:00,435,219,148
2024-11-01 16:00:00,544,257,189
2024-11-01 17:00:00,30,295,62
2024-11-01 18:00:00,12,367,47
2024-11-01 19:00:00,5,469,32
2024-11-01 20:00:00,6,339,29
2024-11-01 21:00:00,6,379,17
2024-11-01 22:00:00,5,489,26
2024-11-01 23:00:00,7,449,9
2024-11-02 00:00:00,2,338,7
2024-11-02 01:00:00,0,316,3
2024-11-02 02:00:00,0,267,2
2024-11-02 03:00:00,1,202,2
2024-11-02 04:00:00,1,256,0
2024-11-02 05:00:00,0,94,0
2024-11-02 06:00:00,3,60,0
2024-11-02 07:00:00,41,63,21
2024-11-02 08:00:00,64,115,54
2024-11-02 09:00:00,124,155,77
2024-11-02 10:00:00,262,193,84
2024-11-02 11:00:00,355,225,107
2024-11-02 12:00:00,514,218,115
2024-11-02 13:00:00,582,239,119
2024-11-02 14:00:00,604,232,127
2024-11-02 15:00:00,600,287,120
2024-11-02 16:00:00,391,274,128
2024-11-02 17:00:00,8,348,31
2024-11-02 18:00:00,6,430,26
2024-11-02 19:00:00,1,501,43
2024-11-02 20:00:00,6,420,19
2024-11-02 21:00:00,2,426,12
2024-11-02 22:00:00,7,464,12
2024-11-02 23:00:00,13,442,12
2024-11-03 00:00:00,2,362,8
2024-11-03 01:00:00,2,371,1
2024-11-03 02:00:00,6,322,1
2024-11-03 03:00:00,0,264,2
2024-11-03 04:00:00,0,200,0
2024-11-03 05:00:00,0,98,0
2024-11-03 06:00:00,3,51,2
2024-11-03 07:00:00,26,40,10
2024-11-03 08:00:00,51,45,45
2024-11-03 09:00:00,120,77,61
2024-11-03 10:00:00,201,108,68
2024-11-03 11:00:00,301,138,92
2024-11-03 12:00:00,358,176,73
2024-11-03 13:00:00,375,141,92
2024-11-03 14:00:00,315,148,90
2024-11-03 15:00:00,341,159,92
2024-11-03 16:00:00,214,161,65
2024-11-03 17:00:00,3,197,22
2024-11-03 18:00:00,2,179,20
2024-11-03 19:00:00,4,181,10
2024-11-03 20:00:00,2,155,11
2024-11-03 21:00:00,2,147,6
2024-11-03 22:00:00,2,119,4
2024-11-03 23:00:00,0,116,3
2024-11-04 00:00:00,0,80,0
2024-11-04 01:00:00,0,48,2
2024-11-04 02:00:00,0,55,0
2024-11-04 03:00:00,0,30,0
2024-11-04 04:00:00,0,23,0
2024-11-04 05:00:00,0,26,1
2024-11-04 06:00:00,5,56,4
2024-11-04 07:00:00,158,115,139
2024-11-04 08:00:00,488,148,338
2024-11-04 09:00:00,358,208,229
2024-11-04 10:00:00,256,180,77
2024-11-04 11:00:00,291,145,61
2024-11-04 12:00:00,489,147,92
2024-11-04 13:00:00,493,178,118
2024-11-04 14:00:00,379,151,82
2024-11-04 15:00:00,291,169,125
2024-11-04 16:00:00,366,179,194
2024-11-04 17:00:00,5,219,143
2024-11-04 18:00:00,0,190,69
2024-11-04 19:00:00,0,180,34
2024-11-04 20:00:00,0,161,30
2024-11-04 21:00:00,1,133,19
2024-11-04 22:00:00,2,113,15
2024-11-04 23:00:00,0,117,10
2024-11-05 00:00:00,0,89,2
2024-11-05 01:00:00,0,81,1
2024-11-05 02:00:00,0,69,2
2024-11-05 03:00:00,0,39,0
2024-11-05 04:00:00,0,30,0
2024-11-05 05:00:00,0,23,2
2024-11-05 06:00:00,1,62,6
2024-11-05 07:00:00,172,116,144
2024-11-05 08:00:00,679,162,470
2024-11-05 09:00:00,374,268,260
2024-11-05 10:00:00,305,200,102
2024-11-05 11:00:00,313,184,87
2024-11-05 12:00:00,518,172,104
2024-11-05 13:00:00,547,173,126
2024-11-05 14:00:00,374,156,119
2024-11-05 15:00:00,427,203,144
2024-11-05 16:00:00,401,180,223
2024-11-05 17:00:00,25,233,196
2024-11-05 18:00:00,6,222,98
2024-11-05 19:00:00,3,192,52
2024-11-05 20:00:00,0,182,33
2024-11-05 21:00:00,0,213,28
2024-11-05 22:00:00,1,162,15
2024-11-05 23:00:00,0,148,2
2024-11-06 00:00:00,0,123,1
2024-11-06 01:00:00,0,94,0
2024-11-06 02:00:00,0,71,0
2024-11-06 03:00:00,0,43,0
2024-11-06 04:00:00,0,29,0
2024-11-06 05:00:00,0,27,3
2024-11-06 06:00:00,0,53,5
2024-11-06 07:00:00,153,132,158
2024-11-06 08:00:00,648,150,460
2024-11-06 09:00:00,380,313,283
2024-11-06 10:00:00,236,207,112
2024-11-06 11:00:00,328,176,78
2024-11-06 12:00:00,611,185,96
2024-11-06 13:00:00,585,145,111
2024-11-06 14:00:00,406,191,96
2024-11-06 15:00:00,414,211,132
2024-11-06 16:00:00,369,219,160
2024-11-06 17:00:00,5,217,144
2024-11-06 18:00:00,5,287,86
2024-11-06 19:00:00,4,229,51
2024-11-06 20:00:00,2,183,25
2024-11-06 21:00:00,0,200,18
2024-11-06 22:00:00,1,203,18
2024-11-06 23:00:00,1,168,4
2024-11-07 00:00:00,0,144,1
2024-11-07 01:00:00,0,121,0
2024-11-07 02:00:00,0,93,0
2024-11-07 03:00:00,0,35,0
2024-11-07 04:00:00,0,24,1
2024-11-07 05:00:00,0,24,1
2024-11-07 06:00:00,0,55,3
2024-11-07 07:00:00,162,94,138
2024-11-07 08:00:00,574,192,436
2024-11-07 09:00:00,438,264,285
2024-11-07 10:00:00,256,221,93
2024-11-07 11:00:00,313,212,82
2024-11-07 12:00:00,537,177,101
2024-11-07 13:00:00,545,205,101
2024-11-07 14:00:00,421,194,114
2024-11-07 15:00:00,380,221,176
2024-11-07 16:00:00,291,233,143
2024-11-07 17:00:00,3,265,136
2024-11-07 18:00:00,4,311,76
2024-11-07 19:00:00,0,299,36
2024-11-07 20:00:00,2,231,32
2024-11-07 21:00:00,0,222,19
2024-11-07 22:00:00,0,211,19
2024-11-07 23:00:00,0,145,4
2024-11-08 00:00:00,0,180,2
2024-11-08 01:00:00,1,143,3
2024-11-08 02:00:00,0,105,2
2024-11-08 03:00:00,0,62,2
2024-11-08 04:00:00,0,37,0
2024-11-08 05:00:00,0,20,2
2024-11-08 06:00:00,0,49,1
2024-11-08 07:00:00,103,91,56
2024-11-08 08:00:00,454,195,186
2024-11-08 09:00:00,337,281,153
2024-11-08 10:00:00,280,252,67
2024-11-08 11:00:00,292,170,67
2024-11-08 12:00:00,420,197,98
2024-11-08 13:00:00,420,215,102
2024-11-08 14:00:00,374,255,99
2024-11-08 15:00:00,407,247,150
2024-11-08 16:00:00,286,261,123
2024-11-08 17:00:00,2,294,69
2024-11-08 18:00:00,5,355,49
2024-11-08 19:00:00,0,370,28
2024-11-08 20:00:00,2,301,22
2024-11-08 21:00:00,1,334,25
2024-11-08 22:00:00,4,278,17
2024-11-08 23:00:00,3,363,13
2024-11-09 00:00:00,2,372,4
2024-11-09 01:00:00,0,375,4
2024-11-09 02:00:00,1,273,0
2024-11-09 03:00:00,0,285,1
2024-11-09 04:00:00,0,112,0
2024-11-09 05:00:00,0,73,0
2024-11-09 06:00:00,0,37,1
2024-11-09 07:00:00,31,64,14
2024-11-09 08:00:00,82,93,37
2024-11-09 09:00:00,155,136,66
2024-11-09 10:00:00,233,198,62
2024-11-09 11:00:00,364,194,90
2024-11-09 12:00:00,531,273,106
2024-11-09 13:00:00,623,297,100
2024-11-09 14:00:00,594,327,116
2024-11-09 15:00:00,597,307,126
2024-11-09 16:00:00,357,259,92
2024-11-09 17:00:00,0,309,18
2024-11-09 18:00:00,3,353,15
2024-11-09 19:00:00,0,462,22
2024-11-09 20:00:00,3,341,12
2024-11-09 21:00:00,2,404,12
2024-11-09 22:00:00,1,368,15
2024-11-09 23:00:00,0,450,6
2024-11-10 00:00:00,0,366,5
2024-11-10 01:00:00,0,383,5
2024-11-10 02:00:00,0,356,4
2024-11-10 03:00:00,0,389,1
2024-11-10 04:00:00,0,299,0
2024-11-10 05:00:00,0,70,0
2024-11-10 06:00:00,0,44,0
2024-11-10 07:00:00,31,19,8
2024-11-10 08:00:00,77,12,34
2024-11-10 09:00:00,197,42,69
2024-11-10 10:00:00,297,52,83
2024-11-10 11:00:00,312,65,83
2024-11-10 12:00:00,403,58,103
2024-11-10 13:00:00,379,128,105
2024-11-10 14:00:00,416,150,121
2024-11-10 15:00:00,369,175,106
2024-11-10 16:00:00,276,166,125
2024-11-10 17:00:00,2,205,11
2024-11-10 18:00:00,0,179,12
2024-11-10 19:00:00,0,183,9
2024-11-10 20:00:00,1,216,7
2024-11-10 21:00:00,3,164,6
2024-11-10 22:00:00,2,162,9
2024-11-10 23:00:00,0,97,0
2024-11-11 00:00:00,0,88,0
2024-11-11 01:00:00,0,72,0
2024-11-11 02:00:00,0,52,0
2024-11-11 03:00:00,0,27,0
2024-11-11 04:00:00,0,21,0
2024-11-11 05:00:00,0,26,1
2024-11-11 06:00:00,0,52,4
2024-11-11 07:00:00,137,111,125
2024-11-11 08:00:00,563,157,381
2024-11-11 09:00:00,334,196,206
2024-11-11 10:00:00,286,181,92
2024-11-11 11:00:00,269,179,63
2024-11-11 12:00:00,412,152,99
2024-11-11 13:00:00,463,168,68
2024-11-11 14:00:00,394,210,97
2024-11-11 15:00:00,349,131,133
2024-11-11 16:00:00,332,162,183
2024-11-11 17:00:00,10,209,158
2024-11-11 18:00:00,3,246,68
2024-11-11 19:00:00,3,182,28
2024-11-11 20:00:00,3,147,31
2024-11-11 21:00:00,0,155,16
2024-11-11 22:00:00,0,136,8
2024-11-11 23:00:00,0,106,3
2024-11-12 00:00:00,0,98,2
2024-11-12 01:00:00,0,39,1
2024-11-12 02:00:00,0,54,0
2024-11-12 03:00:00,0,40,0
2024-11-12 04:00:00,0,18,0
2024-11-12 05:00:00,0,24,0
2024-11-12 06:00:00,0,61,3
2024-11-12 07:00:00,157,144,73
2024-11-12 08:00:00,651,191,276
2024-11-12 09:00:00,413,273,234
2024-11-12 10:00:00,283,214,100
2024-11-12 11:00:00,295,172,62
2024-11-12 12:00:00,530,155,112
2024-11-12 13:00:00,542,213,112
2024-11-12 14:00:00,335,224,107
2024-11-12 15:00:00,427,162,144
2024-11-12 16:00:00,397,188,212
2024-11-12 17:00:00,9,246,165
2024-11-12 18:00:00,3,236,74
2024-11-12 19:00:00,5,190,33
2024-11-12 20:00:00,2,158,32
2024-11-12 21:00:00,4,194,16
2024-11-12 22:00:00,6,161,22
2024-11-12 23:00:00,0,156,5
2024-11-13 00:00:00,0,133,2
2024-11-13 01:00:00,0,96,1
2024-11-13 02:00:00,0,73,0
2024-11-13 03:00:00,0,57,0
2024-11-13 04:00:00,0,35,0
2024-11-13 05:00:00,0,20,1
2024-11-13 06:00:00,0,64,2
2024-11-13 07:00:00,159,138,98
2024-11-13 08:00:00,662,178,404
2024-11-13 09:00:00,316,288,222
2024-11-13 10:00:00,268,253,78
2024-11-13 11:00:00,341,200,63
2024-11-13 12:00:00,507,219,104
2024-11-13 13:00:00,620,215,118
2024-11-13 14:00:00,358,199,118
2024-11-13 15:00:00,389,205,122
2024-11-13 16:00:00,319,210,236
2024-11-13 17:00:00,29,250,160
2024-11-13 18:00:00,11,266,87
2024-11-13 19:00:00,3,301,40
2024-11-13 20:00:00,3,304,29
2024-11-13 21:00:00,3,330,15
2024-11-13 22:00:00,2,319,12
2024-11-13 23:00:00,0,253,4
2024-11-14 00:00:00,0,200,1
2024-11-14 01:00:00,0,142,0
2024-11-14 02:00:00,0,92,0
2024-11-14 03:00:00,0,58,0
2024-11-14 04:00:00,0,30,0
2024-11-14 05:00:00,1,30,2
2024-11-14 06:00:00,0,64,6
2024-11-14 07:00:00,101,128,112
2024-11-14 08:00:00,550,202,392
2024-11-14 09:00:00,416,423,278
2024-11-14 10:00:00,298,467,85
2024-11-14 11:00:00,230,401,63
2024-11-14 12:00:00,473,380,68
2024-11-14 13:00:00,615,363,99
2024-11-14 14:00:00,458,335,97
2024-11-14 15:00:00,412,383,137
2024-11-14 16:00:00,317,396,207
2024-11-14 17:00:00,4,406,93
2024-11-14 18:00:00,0,506,77
2024-11-14 19:00:00,1,413,42
2024-11-14 20:00:00,0,350,24
2024-11-14 21:00:00,0,384,19
2024-11-14 22:00:00,3,387,11
2024-11-14 23:00:00,1,292,10
2024-11-15 00:00:00,0,232,2
2024-11-15 01:00:00,0,181,0
2024-11-15 02:00:00,3,141,1
2024-11-15 03:00:00,0,68,1
2024-11-15 04:00:00,0,41,0
2024-11-15 05:00:00,0,30,1
2024-11-15 06:00:00,0,69,3
2024-11-15 07:00:00,119,214,116
2024-11-15 08:00:00,456,357,288
2024-11-15 09:00:00,396,340,193
2024-11-15 10:00:00,256,424,58
2024-11-15 11:00:00,331,299,80
2024-11-15 12:00:00,437,346,84
2024-11-15 13:00:00,501,419,88
2024-11-15 14:00:00,425,438,143
2024-11-15 15:00:00,465,380,171
2024-11-15 16:00:00,355,504,172
2024-11-15 17:00:00,3,427,85
2024-11-15 18:00:00,8,578,64
2024-11-15 19:00:00,3,699,40
2024-11-15 20:00:00,3,616,30
2024-11-15 21:00:00,2,544,17
2024-11-15 22:00:00,2,443,16
2024-11-15 23:00:00,1,403,10
2024-11-16 00:00:00,2,412,4
2024-11-16 01:00:00,2,367,4
2024-11-16 02:00:00,0,322,4
2024-11-16 03:00:00,0,182,0
2024-11-16 04:00:00,0,148,0
2024-11-16 05:00:00,0,72,0
2024-11-16 06:00:00,0,51,1
2024-11-16 07:00:00,24,67,12
2024-11-16 08:00:00,87,70,46
2024-11-16 09:00:00,138,124,63
2024-11-16 10:00:00,244,168,77
2024-11-16 11:00:00,424,191,89
2024-11-16 12:00:00,513,217,85
2024-11-16 13:00:00,593,229,125
2024-11-16 14:00:00,555,310,107
2024-11-16 15:00:00,591,230,128
2024-11-16 16:00:00,265,256,52
2024-11-16 17:00:00,2,348,23
2024-11-16 18:00:00,1,401,24
2024-11-16 19:00:00,2,460,24
2024-11-16 20:00:00,3,416,21
2024-11-16 21:00:00,3,359,17
2024-11-16 22:00:00,3,360,17
2024-11-16 23:00:00,3,385,5
2024-11-17 00:00:00,1,362,5
2024-11-17 01:00:00,0,339,3
2024-11-17 02:00:00,0,306,3
2024-11-17 03:00:00,0,283,1
2024-11-17 04:00:00,0,224,1
2024-11-17 05:00:00,0,71,0
2024-11-17 06:00:00,0,36,1
2024-11-17 07:00:00,29,49,6
2024-11-17 08:00:00,45,44,23
2024-11-17 09:00:00,104,102,76
2024-11-17 10:00:00,209,141,65
2024-11-17 11:00:00,269,169,88
2024-11-17 12:00:00,358,171,105
2024-11-17 13:00:00,362,160,109
2024-11-17 14:00:00,339,173,97
2024-11-17 15:00:00,362,175,127
2024-11-17 16:00:00,187,164,58
2024-11-17 17:00:00,0,197,22
2024-11-17 18:00:00,0,201,11
2024-11-17 19:00:00,0,161,11
2024-11-17 20:00:00,0,184,11
2024-11-17 21:00:00,0,147,9
2024-11-17 22:00:00,0,135,7
2024-11-17 23:00:00,0,84,0
2024-11-18 00:00:00,0,99,3
2024-11-18 01:00:00,0,68,1
2024-11-18 02:00:00,0,46,0
2024-11-18 03:00:00,0,25,1
2024-11-18 04:00:00,0,14,0
2024-11-18 05:00:00,0,20,0
2024-11-18 06:00:00,0,53,0
2024-11-18 07:00:00,107,86,91
2024-11-18 08:00:00,508,175,295
2024-11-18 09:00:00,377,233,214
2024-11-18 10:00:00,248,204,72
2024-11-18 11:00:00,313,154,73
2024-11-18 12:00:00,394,185,92
2024-11-18 13:00:00,408,162,86
2024-11-18 14:00:00,276,155,79
2024-11-18 15:00:00,212,188,119
2024-11-18 16:00:00,30,212,74
2024-11-18 17:00:00,0,203,86
2024-11-18 18:00:00,0,195,73
2024-11-18 19:00:00,0,188,27
2024-11-18 20:00:00,0,120,25
2024-11-18 21:00:00,0,143,18
2024-11-18 22:00:00,0,137,6
2024-11-18 23:00:00,0,110,6
2024-11-19 00:00:00,0,81,1
2024-11-19 01:00:00,0,56,0
2024-11-19 02:00:00,0,32,0
2024-11-19 03:00:00,0,24,0
2024-11-19 04:00:00,0,15,0
2024-11-19 05:00:00,0,21,4
2024-11-19 06:00:00,0,62,2
2024-11-19 07:00:00,26,127,59
2024-11-19 08:00:00,475,197,411
2024-11-19 09:00:00,256,268,250
2024-11-19 10:00:00,156,233,71
2024-11-19 11:00:00,180,201,54
2024-11-19 12:00:00,361,176,84
2024-11-19 13:00:00,302,202,72
2024-11-19 14:00:00,323,195,84
2024-11-19 15:00:00,440,189,144
2024-11-19 16:00:00,114,216,103
2024-11-19 17:00:00,0,246,86
2024-11-19 18:00:00,0,310,66
2024-11-19 19:00:00,3,174,25
2024-11-19 20:00:00,0,183,20
2024-11-19 21:00:00,0,179,16
2024-11-19 22:00:00,0,186,11
2024-11-19 23:00:00,0,159,4
2024-11-20 00:00:00,0,114,0
2024-11-20 01:00:00,0,80,0
2024-11-20 02:00:00,0,64,0
2024-11-20 03:00:00,0,39,0
2024-11-20 04:00:00,0,20,0
2024-11-20 05:00:00,0,16,1
2024-11-20 06:00:00,0,57,0
2024-11-20 07:00:00,97,121,24
2024-11-20 08:00:00,598,188,169
2024-11-20 09:00:00,351,268,85
2024-11-20 10:00:00,257,215,47
2024-11-20 11:00:00,299,209,43
2024-11-20 12:00:00,475,197,28
2024-11-20 13:00:00,491,176,18
2024-11-20 14:00:00,385,193,40
2024-11-20 15:00:00,361,209,51
2024-11-20 16:00:00,202,196,77
2024-11-20 17:00:00,2,263,71
2024-11-20 18:00:00,1,247,46
2024-11-20 19:00:00,1,247,24
2024-11-20 20:00:00,4,203,16
2024-11-20 21:00:00,1,204,16
2024-11-20 22:00:00,0,166,8
2024-11-20 23:00:00,0,131,0
2024-11-21 00:00:00,0,120,1
2024-11-21 01:00:00,0,112,0
2024-11-21 02:00:00,0,70,1
2024-11-21 03:00:00,0,37,0
2024-11-21 04:00:00,0,23,0
2024-11-21 05:00:00,0,21,0
2024-11-21 06:00:00,0,53,3
2024-11-21 07:00:00,81,96,49
2024-11-21 08:00:00,664,175,343
2024-11-21 09:00:00,403,321,208
2024-11-21 10:00:00,289,229,108
2024-11-21 11:00:00,288,221,69
2024-11-21 12:00:00,461,207,91
2024-11-21 13:00:00,495,196,50
2024-11-21 14:00:00,344,197,73
2024-11-21 15:00:00,376,217,114
2024-11-21 16:00:00,210,217,123
2024-11-21 17:00:00,1,274,68
2024-11-21 18:00:00,3,250,60
2024-11-21 19:00:00,4,358,35
2024-11-21 20:00:00,0,239,16
2024-11-21 21:00:00,1,196,10
2024-11-21 22:00:00,1,201,8
2024-11-21 23:00:00,0,189,2
2024-11-22 00:00:00,0,167,1
2024-11-22 01:00:00,0,117,0
2024-11-22 02:00:00,0,89,0
2024-11-22 03:00:00,0,52,0
2024-11-22 04:00:00,0,25,0
2024-11-22 05:00:00,0,29,2
2024-11-22 06:00:00,0,43,2
2024-11-22 07:00:00,71,115,37
2024-11-22 08:00:00,410,173,187
2024-11-22 09:00:00,284,211,124
2024-11-22 10:00:00,215,195,65
2024-11-22 11:00:00,260,177,55
2024-11-22 12:00:00,416,184,80
2024-11-22 13:00:00,138,217,25
2024-11-22 14:00:00,409,257,116
2024-11-22 15:00:00,406,256,124
2024-11-22 16:00:00,217,254,103
2024-11-22 17:00:00,7,293,71
2024-11-22 18:00:00,1,325,31
2024-11-22 19:00:00,6,368,35
2024-11-22 20:00:00,5,343,22
2024-11-22 21:00:00,1,337,8
2024-11-22 22:00:00,0,325,9
2024-11-22 23:00:00,1,331,7
2024-11-23 00:00:00,1,281,4
2024-11-23 01:00:00,0,294,2
2024-11-23 02:00:00,0,236,1
2024-11-23 03:00:00,0,208,0
2024-11-23 04:00:00,0,106,1
2024-11-23 05:00:00,0,51,0
2024-11-23 06:00:00,0,30,0
2024-11-23 07:00:00,3,67,8
2024-11-23 08:00:00,53,82,20
2024-11-23 09:00:00,103,163,37
2024-11-23 10:00:00,214,205,47
2024-11-23 11:00:00,257,248,46
2024-11-23 12:00:00,281,357,59
2024-11-23 13:00:00,187,432,50
2024-11-23 14:00:00,197,402,51
2024-11-23 15:00:00,263,397,62
2024-11-23 16:00:00,2,335,14
2024-11-23 17:00:00,0,503,30
2024-11-23 18:00:00,0,448,28
2024-11-23 19:00:00,0,474,22
2024-11-23 20:00:00,0,458,21
2024-11-23 21:00:00,0,305,15
2024-11-23 22:00:00,0,372,9
2024-11-23 23:00:00,0,415,15
2024-11-24 00:00:00,0,367,8
2024-11-24 01:00:00,1,332,2
2024-11-24 02:00:00,0,388,5
2024-11-24 03:00:00,0,291,2
2024-11-24 04:00:00,0,212,0
2024-11-24 05:00:00,0,77,0
2024-11-24 06:00:00,0,47,0
2024-11-24 07:00:00,0,32,1
2024-11-24 08:00:00,8,47,12
2024-11-24 09:00:00,35,95,15
2024-11-24 10:00:00,67,173,28
2024-11-24 11:00:00,92,160,34
2024-11-24 12:00:00,95,239,42
2024-11-24 13:00:00,122,203,38
2024-11-24 14:00:00,74,201,36
2024-11-24 15:00:00,62,262,35
2024-11-24 16:00:00,6,205,13
2024-11-24 17:00:00,0,218,11
2024-11-24 18:00:00,0,202,5
2024-11-24 19:00:00,0,256,6
2024-11-24 20:00:00,1,198,12
2024-11-24 21:00:00,1,159,5
2024-11-24 22:00:00,0,111,8
2024-11-24 23:00:00,1,124,1
2024-11-25 00:00:00,1,91,1
2024-11-25 01:00:00,0,58,0
2024-11-25 02:00:00,0,44,1
2024-11-25 03:00:00,0,17,0
2024-11-25 04:00:00,0,21,0
2024-11-25 05:00:00,0,21,1
2024-11-25 06:00:00,0,35,1
2024-11-25 07:00:00,58,106,61
2024-11-25 08:00:00,443,151,224
2024-11-25 09:00:00,341,190,111
2024-11-25 10:00:00,211,159,47
2024-11-25 11:00:00,128,153,41
2024-11-25 12:00:00,394,164,45
2024-11-25 13:00:00,455,190,73
2024-11-25 14:00:00,291,155,44
2024-11-25 15:00:00,277,179,92
2024-11-25 16:00:00,108,203,113
2024-11-25 17:00:00,0,199,94
2024-11-25 18:00:00,0,205,59
2024-11-25 19:00:00,0,206,22
2024-11-25 20:00:00,1,166,14
2024-11-25 21:00:00,0,139,10
2024-11-25 22:00:00,0,151,7
2024-11-25 23:00:00,0,118,1
2024-11-26 00:00:00,0,88,0
2024-11-26 01:00:00,0,66,0
2024-11-26 02:00:00,0,63,0
2024-11-26 03:00:00,0,40,0
2024-11-26 04:00:00,0,23,0
2024-11-26 05:00:00,0,22,0
2024-11-26 06:00:00,0,47,4
2024-11-26 07:00:00,59,112,63
2024-11-26 08:00:00,570,167,322
2024-11-26 09:00:00,337,273,117
2024-11-26 10:00:00,223,196,36
2024-11-26 11:00:00,212,193,33
2024-11-26 12:00:00,449,180,27
2024-11-26 13:00:00,533,172,64
2024-11-26 14:00:00,377,189,78
2024-11-26 15:00:00,366,184,136
2024-11-26 16:00:00,187,185,93
2024-11-26 17:00:00,3,267,127
2024-11-26 18:00:00,1,230,58
2024-11-26 19:00:00,0,217,22
2024-11-26 20:00:00,0,178,18
2024-11-26 21:00:00,0,183,13
2024-11-26 22:00:00,1,201,7
2024-11-26 23:00:00,0,159,3
2024-11-27 00:00:00,0,101,1
2024-11-27 01:00:00,0,73,3
2024-11-27 02:00:00,0,70,0
2024-11-27 03:00:00,0,38,0
2024-11-27 04:00:00,0,17,0
2024-11-27 05:00:00,0,27,1
2024-11-27 06:00:00,0,47,8
2024-11-27 07:00:00,30,123,38
2024-11-27 08:00:00,476,199,267
2024-11-27 09:00:00,366,304,142
2024-11-27 10:00:00,254,226,63
2024-11-27 11:00:00,283,192,63
2024-11-27 12:00:00,476,231,77
2024-11-27 13:00:00,564,185,88
2024-11-27 14:00:00,401,194,48
2024-11-27 15:00:00,376,191,51
2024-11-27 16:00:00,163,175,52
2024-11-27 17:00:00,2,232,65
2024-11-27 18:00:00,1,264,34
2024-11-27 19:00:00,0,290,15
2024-11-27 20:00:00,0,165,13
2024-11-27 21:00:00,0,188,6
2024-11-27 22:00:00,0,157,4
2024-11-27 23:00:00,0,159,0
2024-11-28 00:00:00,0,121,1
2024-11-28 01:00:00,0,79,0
2024-11-28 02:00:00,0,66,0
2024-11-28 03:00:00,0,72,0
2024-11-28 04:00:00,0,31,0
2024-11-28 05:00:00,0,28,1
2024-11-28 06:00:00,0,44,0
2024-11-28 07:00:00,77,99,23
2024-11-28 08:00:00,586,180,151
2024-11-28 09:00:00,365,294,63
2024-11-28 10:00:00,261,273,34
2024-11-28 11:00:00,258,194,31
2024-11-28 12:00:00,498,260,62
2024-11-28 13:00:00,621,222,99
2024-11-28 14:00:00,403,226,70
2024-11-28 15:00:00,426,223,98
2024-11-28 16:00:00,134,206,34
2024-11-28 17:00:00,2,282,58
2024-11-28 18:00:00,0,299,23
2024-11-28 19:00:00,2,310,16
2024-11-28 20:00:00,0,202,17
2024-11-28 21:00:00,0,197,5
2024-11-28 22:00:00,1,216,10
2024-11-28 23:00:00,2,168,4
2024-11-29 00:00:00,0,151,1
2024-11-29 01:00:00,0,171,0
2024-11-29 02:00:00,0,91,1
2024-11-29 03:00:00,0,83,0
2024-11-29 04:00:00,0,42,0
2024-11-29 05:00:00,0,29,1
2024-11-29 06:00:00,0,34,2
2024-11-29 07:00:00,51,108,25
2024-11-29 08:00:00,371,190,127
2024-11-29 09:00:00,302,232,145
2024-11-29 10:00:00,324,193,66
2024-11-29 11:00:00,289,172,43
2024-11-29 12:00:00,421,216,96
2024-11-29 13:00:00,412,206,83
2024-11-29 14:00:00,344,225,73
2024-11-29 15:00:00,412,221,106
2024-11-29 16:00:00,60,258,22
2024-11-29 17:00:00,0,300,32
2024-11-29 18:00:00,1,389,28
2024-11-29 19:00:00,0,482,10
2024-11-29 20:00:00,1,377,5
2024-11-29 21:00:00,1,333,20
2024-11-29 22:00:00,0,379,9
2024-11-29 23:00:00,1,345,5
2024-11-30 00:00:00,0,334,2
2024-11-30 01:00:00,0,299,1
2024-11-30 02:00:00,0,289,0
2024-11-30 03:00:00,1,165,1
2024-11-30 04:00:00,0,101,0
2024-11-30 05:00:00,0,70,0
2024-11-30 06:00:00,0,37,0
2024-11-30 07:00:00,13,57,9
2024-11-30 08:00:00,54,103,36
2024-11-30 09:00:00,157,134,58
2024-11-30 10:00:00,247,206,53
2024-11-30 11:00:00,391,208,67
2024-11-30 12:00:00,505,267,90
2024-11-30 13:00:00,509,303,105
2024-11-30 14:00:00,627,319,113
2024-11-30 15:00:00,573,326,87
2024-11-30 16:00:00,116,252,22
2024-11-30 17:00:00,0,359,14
2024-11-30 18:00:00,0,427,17
2024-11-30 19:00:00,1,534,22
2024-11-30 20:00:00,1,469,18
2024-11-30 21:00:00,1,445,21
2024-11-30 22:00:00,0,403,12
2024-11-30 23:00:00,0,385,8
2024-12-01 00:00:00,2,403,10
2024-12-01 01:00:00,0,358,4
2024-12-01 02:00:00,0,378,1
2024-12-01 03:00:00,0,249,0
2024-12-01 04:00:00,0,185,0
2024-12-01 05:00:00,0,77,0
2024-12-01 06:00:00,0,33,0
2024-12-01 07:00:00,2,29,4
2024-12-01 08:00:00,13,54,23
2024-12-01 09:00:00,76,106,35
2024-12-01 10:00:00,137,111,43
2024-12-01 11:00:00,192,148,53
2024-12-01 12:00:00,191,154,37
2024-12-01 13:00:00,289,182,78
2024-12-01 14:00:00,256,142,77
2024-12-01 15:00:00,318,183,54
2024-12-01 16:00:00,86,137,14
2024-12-01 17:00:00,0,205,6
2024-12-01 18:00:00,2,197,8
2024-12-01 19:00:00,1,187,9
2024-12-01 20:00:00,0,146,11
2024-12-01 21:00:00,1,134,8
2024-12-01 22:00:00,0,121,2
2024-12-01 23:00:00,0,123,3
2024-12-02 00:00:00,0,75,0
2024-12-02 01:00:00,0,80,0
2024-12-02 02:00:00,0,48,0
2024-12-02 03:00:00,0,36,0
2024-12-02 04:00:00,0,18,0
2024-12-02 05:00:00,0,26,4
2024-12-02 06:00:00,0,43,1
2024-12-02 07:00:00,65,117,31
2024-12-02 08:00:00,478,164,209
2024-12-02 09:00:00,282,212,109
2024-12-02 10:00:00,203,148,41
2024-12-02 11:00:00,200,176,57
2024-12-02 12:00:00,348,134,54
2024-12-02 13:00:00,463,134,23
2024-12-02 14:00:00,329,166,49
2024-12-02 15:00:00,328,166,76
2024-12-02 16:00:00,79,145,40
2024-12-02 17:00:00,1,204,58
2024-12-02 18:00:00,2,190,38
2024-12-02 19:00:00,1,181,21
2024-12-02 20:00:00,2,150,11
2024-12-02 21:00:00,0,127,7
2024-12-02 22:00:00,1,102,4
2024-12-02 23:00:00,0,106,1
2024-12-03 00:00:00,0,80,0
2024-12-03 01:00:00,0,66,0
2024-12-03 02:00:00,0,45,0
2024-12-03 03:00:00,0,35,0
2024-12-03 04:00:00,0,20,0
2024-12-03 05:00:00,0,25,1
2024-12-03 06:00:00,0,48,1
2024-12-03 07:00:00,73,107,31
2024-12-03 08:00:00,593,165,219
2024-12-03 09:00:00,361,242,148
2024-12-03 10:00:00,226,174,54
2024-12-03 11:00:00,252,181,59
2024-12-03 12:00:00,470,210,80
2024-12-03 13:00:00,480,184,80
2024-12-03 14:00:00,296,198,52
2024-12-03 15:00:00,346,181,63
2024-12-03 16:00:00,139,164,46
2024-12-03 17:00:00,7,260,112
2024-12-03 18:00:00,1,246,45
2024-12-03 19:00:00,0,220,38
2024-12-03 20:00:00,1,205,18
2024-12-03 21:00:00,0,178,6
2024-12-03 22:00:00,1,170,4
2024-12-03 23:00:00,0,148,0
2024-12-04 00:00:00,0,107,0
2024-12-04 01:00:00,0,88,0
2024-12-04 02:00:00,0,50,0
2024-12-04 03:00:00,0,31,0
2024-12-04 04:00:00,0,26,0
2024-12-04 05:00:00,0,25,1
2024-12-04 06:00:00,0,57,5
2024-12-04 07:00:00,85,141,54
2024-12-04 08:00:00,593,167,295
2024-12-04 09:00:00,371,255,187
2024-12-04 10:00:00,197,172,75
2024-12-04 11:00:00,237,176,59
2024-12-04 12:00:00,541,166,88
2024-12-04 13:00:00,512,192,99
2024-12-04 14:00:00,397,189,82
2024-12-04 15:00:00,335,215,120
2024-12-04 16:00:00,121,217,53
2024-12-04 17:00:00,0,278,49
2024-12-04 18:00:00,3,277,35
2024-12-04 19:00:00,0,253,14
2024-12-04 20:00:00,1,203,21
2024-12-04 21:00:00,0,174,9
2024-12-04 22:00:00,0,197,7
2024-12-04 23:00:00,0,181,2
2024-12-05 00:00:00,0,132,1
2024-12-05 01:00:00,0,109,0
2024-12-05 02:00:00,0,87,1
2024-12-05 03:00:00,0,55,0
2024-12-05 04:00:00,0,43,0
2024-12-05 05:00:00,0,17,0
2024-12-05 06:00:00,0,46,2
2024-12-05 07:00:00,13,121,39
2024-12-05 08:00:00,372,207,245
2024-12-05 09:00:00,313,264,202
2024-12-05 10:00:00,185,263,74
2024-12-05 11:00:00,231,189,63
2024-12-05 12:00:00,460,232,89
2024-12-05 13:00:00,501,212,88
2024-12-05 14:00:00,263,200,86
2024-12-05 15:00:00,164,229,90
2024-12-05 16:00:00,23,262,34
2024-12-05 17:00:00,1,339,62
2024-12-05 18:00:00,0,528,37
2024-12-05 19:00:00,1,477,32
2024-12-05 20:00:00,0,251,13
2024-12-05 21:00:00,2,260,5
2024-12-05 22:00:00,1,254,7
2024-12-05 23:00:00,3,268,2
2024-12-06 00:00:00,1,257,1
2024-12-06 01:00:00,0,223,1
2024-12-06 02:00:00,0,157,1
2024-12-06 03:00:00,0,94,1
2024-12-06 04:00:00,0,57,0
2024-12-06 05:00:00,0,36,1
2024-12-06 06:00:00,0,34,1
2024-12-06 07:00:00,34,98,8
2024-12-06 08:00:00,167,167,41
2024-12-06 09:00:00,228,226,60
2024-12-06 10:00:00,184,193,48
2024-12-06 11:00:00,268,225,63
2024-12-06 12:00:00,390,218,85
2024-12-06 13:00:00,396,243,87
2024-12-06 14:00:00,381,241,86
2024-12-06 15:00:00,292,232,99
2024-12-06 16:00:00,5,294,24
2024-12-06 17:00:00,0,402,35
2024-12-06 18:00:00,1,477,26
2024-12-06 19:00:00,0,496,18
2024-12-06 20:00:00,0,379,10
2024-12-06 21:00:00,0,345,20
2024-12-06 22:00:00,0,349,3
2024-12-06 23:00:00,0,387,6
2024-12-07 00:00:00,1,428,6
2024-12-07 01:00:00,0,379,2
2024-12-07 02:00:00,0,349,3
2024-12-07 03:00:00,1,255,0
2024-12-07 04:00:00,0,96,0
2024-12-07 05:00:00,0,54,0
2024-12-07 06:00:00,0,36,0
2024-12-07 07:00:00,2,71,4
2024-12-07 08:00:00,19,125,10
2024-12-07 09:00:00,67,177,16
2024-12-07 10:00:00,150,176,21
2024-12-07 11:00:00,191,189,33
2024-12-07 12:00:00,298,244,31
2024-12-07 13:00:00,388,267,40
2024-12-07 14:00:00,364,260,54
2024-12-07 15:00:00,420,264,46
2024-12-07 16:00:00,79,279,5
2024-12-07 17:00:00,4,422,21
2024-12-07 18:00:00,1,400,13
2024-12-07 19:00:00,7,365,4
2024-12-07 20:00:00,4,406,12
2024-12-07 21:00:00,7,388,9
2024-12-07 22:00:00,3,376,8
2024-12-07 23:00:00,2,454,8
2024-12-08 00:00:00,1,433,3
2024-12-08 01:00:00,3,445,4
2024-12-08 02:00:00,1,413,2
2024-12-08 03:00:00,1,278,2
2024-12-08 04:00:00,1,178,0
2024-12-08 05:00:00,0,74,0
2024-12-08 06:00:00,0,37,0
2024-12-08 07:00:00,7,39,3
2024-12-08 08:00:00,39,56,17
2024-12-08 09:00:00,76,91,33
2024-12-08 10:00:00,185,108,45
2024-12-08 11:00:00,212,146,35
2024-12-08 12:00:00,274,145,60
2024-12-08 13:00:00,240,184,54
2024-12-08 14:00:00,318,179,78
2024-12-08 15:00:00,308,183,65
2024-12-08 16:00:00,112,222,15
2024-12-08 17:00:00,1,254,3
2024-12-08 18:00:00,0,207,9
2024-12-08 19:00:00,3,148,4
2024-12-08 20:00:00,1,202,7
2024-12-08 21:00:00,0,154,4
2024-12-08 22:00:00,0,134,7
2024-12-08 23:00:00,1,139,3
2024-12-09 00:00:00,0,105,0
2024-12-09 01:00:00,0,55,0
2024-12-09 02:00:00,0,62,0
2024-12-09 03:00:00,0,30,0
2024-12-09 04:00:00,0,19,0
2024-12-09 05:00:00,0,25,0
2024-12-09 06:00:00,0,39,1
2024-12-09 07:00:00,64,102,44
2024-12-09 08:00:00,462,146,281
2024-12-09 09:00:00,293,191,125
2024-12-09 10:00:00,174,172,58
2024-12-09 11:00:00,241,183,49
2024-12-09 12:00:00,431,189,58
2024-12-09 13:00:00,458,139,70
2024-12-09 14:00:00,338,173,79
2024-12-09 15:00:00,300,172,83
2024-12-09 16:00:00,73,197,63
2024-12-09 17:00:00,0,205,69
2024-12-09 18:00:00,3,207,64
2024-12-09 19:00:00,2,210,35
2024-12-09 20:00:00,0,165,17
2024-12-09 21:00:00,0,117,7
2024-12-09 22:00:00,0,146,10
2024-12-09 23:00:00,0,118,3
2024-12-10 00:00:00,0,84,1
2024-12-10 01:00:00,0,66,0
2024-12-10 02:00:00,0,39,0
2024-12-10 03:00:00,0,27,0
2024-12-10 04:00:00,0,16,0
2024-12-10 05:00:00,0,17,0
2024-12-10 06:00:00,0,42,3
2024-12-10 07:00:00,16,114,34
2024-12-10 08:00:00,456,234,289
2024-12-10 09:00:00,301,261,221
2024-12-10 10:00:00,161,212,87
2024-12-10 11:00:00,266,196,53
2024-12-10 12:00:00,441,187,61
2024-12-10 13:00:00,532,190,66
2024-12-10 14:00:00,288,173,83
2024-12-10 15:00:00,306,147,104
2024-12-10 16:00:00,95,189,58
2024-12-10 17:00:00,1,266,106
2024-12-10 18:00:00,1,217,61
2024-12-10 19:00:00,2,247,40
2024-12-10 20:00:00,0,207,33
2024-12-10 21:00:00,0,185,22
2024-12-10 22:00:00,0,161,9
2024-12-10 23:00:00,0,154,3
2024-12-11 00:00:00,0,125,1
2024-12-11 01:00:00,0,89,0
2024-12-11 02:00:00,0,55,0
2024-12-11 03:00:00,0,49,0
2024-12-11 04:00:00,0,24,0
2024-12-11 05:00:00,0,29,0
2024-12-11 06:00:00,0,59,1
2024-12-11 07:00:00,31,118,42
2024-12-11 08:00:00,574,223,300
2024-12-11 09:00:00,332,320,200
2024-12-11 10:00:00,174,187,69
2024-12-11 11:00:00,241,191,52
2024-12-11 12:00:00,504,249,75
2024-12-11 13:00:00,512,198,110
2024-12-11 14:00:00,402,222,107
2024-12-11 15:00:00,366,161,108
2024-12-11 16:00:00,76,220,42
2024-12-11 17:00:00,1,253,65
2024-12-11 18:00:00,0,284,32
2024-12-11 19:00:00,0,270,16
2024-12-11 20:00:00,0,172,12
2024-12-11 21:00:00,0,205,7
2024-12-11 22:00:00,0,216,7
2024-12-11 23:00:00,0,189,2
2024-12-12 00:00:00,0,157,2
2024-12-12 01:00:00,0,114,0
2024-12-12 02:00:00,0,81,0
2024-12-12 03:00:00,0,75,0
2024-12-12 04:00:00,0,52,0
2024-12-12 05:00:00,0,24,1
2024-12-12 06:00:00,0,50,4
2024-12-12 07:00:00,36,126,39
2024-12-12 08:00:00,586,188,277
2024-12-12 09:00:00,354,306,167
2024-12-12 10:00:00,230,230,93
2024-12-12 11:00:00,374,249,73
2024-12-12 12:00:00,616,243,82
2024-12-12 13:00:00,681,296,96
2024-12-12 14:00:00,472,245,95
2024-12-12 15:00:00,391,229,113
2024-12-12 16:00:00,117,246,48
2024-12-12 17:00:00,3,319,68
2024-12-12 18:00:00,1,389,44
2024-12-12 19:00:00,0,454,36
2024-12-12 20:00:00,1,294,16
2024-12-12 21:00:00,1,278,17
2024-12-12 22:00:00,2,331,10
2024-12-12 23:00:00,0,318,7
2024-12-13 00:00:00,0,288,4
2024-12-13 01:00:00,0,292,1
2024-12-13 02:00:00,0,272,3
2024-12-13 03:00:00,0,132,1
2024-12-13 04:00:00,0,61,0
2024-12-13 05:00:00,0,39,0
2024-12-13 06:00:00,0,46,6
2024-12-13 07:00:00,2,119,18
2024-12-13 08:00:00,191,189,147
2024-12-13 09:00:00,248,268,166
2024-12-13 10:00:00,188,195,72
2024-12-13 11:00:00,242,230,56
2024-12-13 12:00:00,467,232,99
2024-12-13 13:00:00,478,221,81
2024-12-13 14:00:00,372,224,78
2024-12-13 15:00:00,345,210,89
2024-12-13 16:00:00,57,304,27
2024-12-13 17:00:00,0,343,35
2024-12-13 18:00:00,1,426,26
2024-12-13 19:00:00,0,484,16
2024-12-13 20:00:00,0,329,10
2024-12-13 21:00:00,2,315,9
2024-12-13 22:00:00,0,367,9
2024-12-13 23:00:00,0,374,6
2024-12-14 00:00:00,1,421,1
2024-12-14 01:00:00,0,471,2
2024-12-14 02:00:00,1,386,3
2024-12-14 03:00:00,0,271,0
2024-12-14 04:00:00,0,155,0
2024-12-14 05:00:00,0,88,0
2024-12-14 06:00:00,0,47,2
2024-12-14 07:00:00,3,56,11
2024-12-14 08:00:00,73,90,44
2024-12-14 09:00:00,108,124,20
2024-12-14 10:00:00,213,169,35
2024-12-14 11:00:00,200,218,34
2024-12-14 12:00:00,425,209,43
2024-12-14 13:00:00,478,227,44
2024-12-14 14:00:00,528,251,77
2024-12-14 15:00:00,601,312,79
2024-12-14 16:00:00,137,293,29
2024-12-14 17:00:00,0,343,20
2024-12-14 18:00:00,3,342,10
2024-12-14 19:00:00,4,450,14
2024-12-14 20:00:00,3,392,11
2024-12-14 21:00:00,3,370,7
2024-12-14 22:00:00,1,380,9
2024-12-14 23:00:00,3,451,6
2024-12-15 00:00:00,1,443,7
2024-12-15 01:00:00,0,435,6
2024-12-15 02:00:00,1,414,6
2024-12-15 03:00:00,0,299,1
2024-12-15 04:00:00,0,156,1
2024-12-15 05:00:00,0,76,0
2024-12-15 06:00:00,0,54,0
2024-12-15 07:00:00,5,45,1
2024-12-15 08:00:00,43,70,18
2024-12-15 09:00:00,74,75,38
2024-12-15 10:00:00,131,135,60
2024-12-15 11:00:00,267,163,51
2024-12-15 12:00:00,310,179,58
2024-12-15 13:00:00,275,179,73
2024-12-15 14:00:00,295,146,88
2024-12-15 15:00:00,347,170,71
2024-12-15 16:00:00,90,184,28
2024-12-15 17:00:00,1,177,21
2024-12-15 18:00:00,1,128,8
2024-12-15 19:00:00,0,206,15
2024-12-15 20:00:00,2,136,3
2024-12-15 21:00:00,0,142,2
2024-12-15 22:00:00,0,120,4
2024-12-15 23:00:00,1,116,0
2024-12-16 00:00:00,0,61,0
2024-12-16 01:00:00,0,56,0
2024-12-16 02:00:00,0,38,0
2024-12-16 03:00:00,0,28,0
2024-12-16 04:00:00,0,27,0
2024-12-16 05:00:00,0,36,0
2024-12-16 06:00:00,0,49,2
2024-12-16 07:00:00,11,98,33
2024-12-16 08:00:00,326,156,246
2024-12-16 09:00:00,205,171,166
2024-12-16 10:00:00,167,138,66
2024-12-16 11:00:00,208,148,45
2024-12-16 12:00:00,401,133,72
2024-12-16 13:00:00,392,137,90
2024-12-16 14:00:00,325,132,77
2024-12-16 15:00:00,236,176,81
2024-12-16 16:00:00,43,162,28
2024-12-16 17:00:00,0,191,55
2024-12-16 18:00:00,0,190,46
2024-12-16 19:00:00,0,152,22
2024-12-16 20:00:00,0,137,7
2024-12-16 21:00:00,0,125,6
2024-12-16 22:00:00,2,128,3
2024-12-16 23:00:00,0,106,1
2024-12-17 00:00:00,0,77,0
2024-12-17 01:00:00,0,68,0
2024-12-17 02:00:00,0,30,0
2024-12-17 03:00:00,0,23,0
2024-12-17 04:00:00,0,13,0
2024-12-17 05:00:00,0,16,0
2024-12-17 06:00:00,0,42,2
2024-12-17 07:00:00,2,93,17
2024-12-17 08:00:00,442,175,224
2024-12-17 09:00:00,252,238,156
2024-12-17 10:00:00,175,197,79
2024-12-17 11:00:00,284,149,47
2024-12-17 12:00:00,436,184,92
2024-12-17 13:00:00,437,170,90
2024-12-17 14:00:00,276,141,63
2024-12-17 15:00:00,242,173,77
2024-12-17 16:00:00,10,177,46
2024-12-17 17:00:00,3,235,73
2024-12-17 18:00:00,0,232,48
2024-12-17 19:00:00,1,199,33
2024-12-17 20:00:00,0,171,11
2024-12-17 21:00:00,0,185,9
2024-12-17 22:00:00,0,179,10
2024-12-17 23:00:00,0,119,2
2024-12-18 00:00:00,0,102,1
2024-12-18 01:00:00,0,95,0
2024-12-18 02:00:00,0,57,0
2024-12-18 03:00:00,0,31,0
2024-12-18 04:00:00,0,28,1
2024-12-18 05:00:00,0,21,0
2024-12-18 06:00:00,0,51,4
2024-12-18 07:00:00,4,110,23
2024-12-18 08:00:00,394,171,227
2024-12-18 09:00:00,289,250,145
2024-12-18 10:00:00,148,191,75
2024-12-18 11:00:00,212,178,62
2024-12-18 12:00:00,437,198,89
2024-12-18 13:00:00,394,150,106
2024-12-18 14:00:00,269,210,91
2024-12-18 15:00:00,241,184,87
2024-12-18 16:00:00,7,219,36
2024-12-18 17:00:00,1,240,60
2024-12-18 18:00:00,0,280,44
2024-12-18 19:00:00,0,292,23
2024-12-18 20:00:00,1,199,10
2024-12-18 21:00:00,0,219,12
2024-12-18 22:00:00,0,210,7
2024-12-18 23:00:00,2,196,5
2024-12-19 00:00:00,0,167,2
2024-12-19 01:00:00,0,119,0
2024-12-19 02:00:00,0,76,0
2024-12-19 03:00:00,0,52,0
2024-12-19 04:00:00,0,27,0
2024-12-19 05:00:00,0,28,0
2024-12-19 06:00:00,0,36,2
2024-12-19 07:00:00,8,118,18
2024-12-19 08:00:00,347,168,84
2024-12-19 09:00:00,249,223,101
2024-12-19 10:00:00,139,170,66
2024-12-19 11:00:00,199,196,74
2024-12-19 12:00:00,419,198,75
2024-12-19 13:00:00,366,220,30
2024-12-19 14:00:00,309,203,42
2024-12-19 15:00:00,230,216,48
2024-12-19 16:00:00,82,220,48
2024-12-19 17:00:00,0,300,49
2024-12-19 18:00:00,0,375,26
2024-12-19 19:00:00,2,335,19
2024-12-19 20:00:00,1,245,14
2024-12-19 21:00:00,0,260,12
2024-12-19 22:00:00,0,267,9
2024-12-19 23:00:00,1,262,2
2024-12-20 00:00:00,0,227,4
2024-12-20 01:00:00,2,244,1
2024-12-20 02:00:00,0,174,2
2024-12-20 03:00:00,0,127,1
2024-12-20 04:00:00,0,90,3
2024-12-20 05:00:00,0,40,2
2024-12-20 06:00:00,0,53,0
2024-12-20 07:00:00,5,92,15
2024-12-20 08:00:00,145,132,119
2024-12-20 09:00:00,172,156,91
2024-12-20 10:00:00,131,164,59
2024-12-20 11:00:00,229,131,59
2024-12-20 12:00:00,349,173,93
2024-12-20 13:00:00,344,225,93
2024-12-20 14:00:00,237,211,73
2024-12-20 15:00:00,154,241,92
2024-12-20 16:00:00,33,286,55
2024-12-20 17:00:00,0,335,31
2024-12-20 18:00:00,0,352,16
2024-12-20 19:00:00,0,348,16
2024-12-20 20:00:00,0,277,7
2024-12-20 21:00:00,0,289,9
2024-12-20 22:00:00,1,349,5
2024-12-20 23:00:00,1,335,7
2024-12-21 00:00:00,8,363,4
2024-12-21 01:00:00,2,342,3
2024-12-21 02:00:00,0,313,2
2024-12-21 03:00:00,0,236,0
2024-12-21 04:00:00,0,160,0
2024-12-21 05:00:00,0,75,0
2024-12-21 06:00:00,0,35,1
2024-12-21 07:00:00,0,49,5
2024-12-21 08:00:00,17,80,21
2024-12-21 09:00:00,48,137,46
2024-12-21 10:00:00,118,147,51
2024-12-21 11:00:00,176,178,45
2024-12-21 12:00:00,214,178,84
2024-12-21 13:00:00,207,221,68
2024-12-21 14:00:00,321,244,65
2024-12-21 15:00:00,289,222,70
2024-12-21 16:00:00,118,234,26
2024-12-21 17:00:00,0,296,18
2024-12-21 18:00:00,2,363,17
2024-12-21 19:00:00,0,397,10
2024-12-21 20:00:00,4,367,12
2024-12-21 21:00:00,0,384,7
2024-12-21 22:00:00,0,389,3
2024-12-21 23:00:00,1,409,3
2024-12-22 00:00:00,0,359,2
2024-12-22 01:00:00,2,368,0
2024-12-22 02:00:00,0,331,1
2024-12-22 03:00:00,0,237,2
2024-12-22 04:00:00,0,163,0
2024-12-22 05:00:00,0,93,0
2024-12-22 06:00:00,0,54,1
2024-12-22 07:00:00,2,39,1
2024-12-22 08:00:00,38,55,17
2024-12-22 09:00:00,87,100,20
2024-12-22 10:00:00,106,99,28
2024-12-22 11:00:00,168,114,20
2024-12-22 12:00:00,186,118,39
2024-12-22 13:00:00,177,138,41
2024-12-22 14:00:00,204,160,39
2024-12-22 15:00:00,226,180,26
2024-12-22 16:00:00,57,138,25
2024-12-22 17:00:00,1,172,5
2024-12-22 18:00:00,2,165,5
2024-12-22 19:00:00,0,159,5
2024-12-22 20:00:00,0,144,5
2024-12-22 21:00:00,0,132,6
2024-12-22 22:00:00,2,147,2
2024-12-22 23:00:00,0,88,2
2024-12-23 00:00:00,0,76,0
2024-12-23 01:00:00,0,67,0
2024-12-23 02:00:00,0,50,0
2024-12-23 03:00:00,0,28,0
2024-12-23 04:00:00,0,14,0
2024-12-23 05:00:00,0,30,0
2024-12-23 06:00:00,0,34,1
2024-12-23 07:00:00,7,59,10
2024-12-23 08:00:00,138,79,53
2024-12-23 09:00:00,110,106,35
2024-12-23 10:00:00,111,98,46
2024-12-23 11:00:00,175,121,51
2024-12-23 12:00:00,272,128,60
2024-12-23 13:00:00,276,152,93
2024-12-23 14:00:00,251,130,73
2024-12-23 15:00:00,233,137,76
2024-12-23 16:00:00,32,162,18
2024-12-23 17:00:00,0,166,12
2024-12-23 18:00:00,0,178,8
2024-12-23 19:00:00,1,170,8
2024-12-23 20:00:00,1,134,10
2024-12-23 21:00:00,0,153,3
2024-12-23 22:00:00,0,147,1
2024-12-23 23:00:00,0,107,2
2024-12-24 00:00:00,0,92,1
2024-12-24 01:00:00,0,63,1
2024-12-24 02:00:00,0,63,1
2024-12-24 03:00:00,0,39,0
2024-12-24 04:00:00,0,17,0
2024-12-24 05:00:00,0,17,0
2024-12-24 06:00:00,0,18,0
2024-12-24 07:00:00,1,52,8
2024-12-24 08:00:00,73,86,40
2024-12-24 09:00:00,64,66,40
2024-12-24 10:00:00,80,89,39
2024-12-24 11:00:00,124,121,46
2024-12-24 12:00:00,201,139,43
2024-12-24 13:00:00,168,144,64
2024-12-24 14:00:00,151,124,52
2024-12-24 15:00:00,156,150,62
2024-12-24 16:00:00,41,132,13
2024-12-24 17:00:00,0,125,5
2024-12-24 18:00:00,0,129,3
2024-12-24 19:00:00,0,122,7
2024-12-24 20:00:00,0,123,3
2024-12-24 21:00:00,0,115,3
2024-12-24 22:00:00,0,119,5
2024-12-24 23:00:00,0,97,1
2024-12-25 00:00:00,0,78,1
2024-12-25 01:00:00,0,68,0
2024-12-25 02:00:00,0,35,0
2024-12-25 03:00:00,0,21,0
2024-12-25 04:00:00,0,14,0
2024-12-25 05:00:00,0,11,0
2024-12-25 06:00:00,0,7,0
2024-12-25 07:00:00,1,7,0
2024-12-25 08:00:00,13,15,10
2024-12-25 09:00:00,37,29,12
2024-12-25 10:00:00,66,44,16
2024-12-25 11:00:00,59,51,23
2024-12-25 12:00:00,54,45,20
2024-12-25 13:00:00,79,57,18
2024-12-25 14:00:00,61,74,26
2024-12-25 15:00:00,126,90,21
2024-12-25 16:00:00,24,56,5
2024-12-25 17:00:00,0,62,0
2024-12-25 18:00:00,0,60,1
2024-12-25 19:00:00,1,50,2
2024-12-25 20:00:00,0,44,1
2024-12-25 21:00:00,0,66,1
2024-12-25 22:00:00,0,57,0
2024-12-25 23:00:00,0,43,1
2024-12-26 00:00:00,0,31,1
2024-12-26 01:00:00,0,23,0
2024-12-26 02:00:00,0,11,0
2024-12-26 03:00:00,0,10,0
2024-12-26 04:00:00,0,9,0
2024-12-26 05:00:00,0,11,0
2024-12-26 06:00:00,0,13,0
2024-12-26 07:00:00,0,19,2
2024-12-26 08:00:00,15,48,10
2024-12-26 09:00:00,36,50,9
2024-12-26 10:00:00,47,51,19
2024-12-26 11:00:00,91,77,22
2024-12-26 12:00:00,95,94,29
2024-12-26 13:00:00,118,93,40
2024-12-26 14:00:00,133,103,31
2024-12-26 15:00:00,123,119,32
2024-12-26 16:00:00,29,99,7
2024-12-26 17:00:00,0,114,2
2024-12-26 18:00:00,0,90,1
2024-12-26 19:00:00,0,125,6
2024-12-26 20:00:00,0,98,3
2024-12-26 21:00:00,0,120,1
2024-12-26 22:00:00,1,168,2
2024-12-26 23:00:00,0,102,0
2024-12-27 00:00:00,0,78,1
2024-12-27 01:00:00,0,64,0
2024-12-27 02:00:00,0,41,0
2024-12-27 03:00:00,0,26,0
2024-12-27 04:00:00,0,20,0
2024-12-27 05:00:00,0,22,0
2024-12-27 06:00:00,0,15,0
2024-12-27 07:00:00,0,45,3
2024-12-27 08:00:00,63,47,26
2024-12-27 09:00:00,43,57,22
2024-12-27 10:00:00,102,83,23
2024-12-27 11:00:00,152,110,34
2024-12-27 12:00:00,204,112,33
2024-12-27 13:00:00,247,120,47
2024-12-27 14:00:00,171,142,66
2024-12-27 15:00:00,242,143,61
2024-12-27 16:00:00,61,156,13
2024-12-27 17:00:00,0,199,7
2024-12-27 18:00:00,0,186,4
2024-12-27 19:00:00,0,181,4
2024-12-27 20:00:00,0,195,4
2024-12-27 21:00:00,0,205,7
2024-12-27 22:00:00,1,206,1
2024-12-27 23:00:00,0,209,1
2024-12-28 00:00:00,0,224,1
2024-12-28 01:00:00,0,169,0
2024-12-28 02:00:00,0,146,1
2024-12-28 03:00:00,0,82,0
2024-12-28 04:00:00,0,45,0
2024-12-28 05:00:00,0,35,0
2024-12-28 06:00:00,0,18,0
2024-12-28 07:00:00,0,31,3
2024-12-28 08:00:00,39,59,26
2024-12-28 09:00:00,67,62,30
2024-12-28 10:00:00,119,96,46
2024-12-28 11:00:00,170,116,56
2024-12-28 12:00:00,241,143,45
2024-12-28 13:00:00,260,158,52
2024-12-28 14:00:00,344,141,55
2024-12-28 15:00:00,282,154,47
2024-12-28 16:00:00,105,163,7
2024-12-28 17:00:00,0,214,5
2024-12-28 18:00:00,0,252,10
2024-12-28 19:00:00,0,253,17
2024-12-28 20:00:00,0,270,8
2024-12-28 21:00:00,1,256,7
2024-12-28 22:00:00,1,294,3
2024-12-28 23:00:00,0,279,3
2024-12-29 00:00:00,0,288,3
2024-12-29 01:00:00,1,215,0
2024-12-29 02:00:00,0,165,0
2024-12-29 03:00:00,0,110,0
2024-12-29 04:00:00,0,75,0
2024-12-29 05:00:00,0,34,0
2024-12-29 06:00:00,0,12,0
2024-12-29 07:00:00,0,21,1
2024-12-29 08:00:00,31,32,10
2024-12-29 09:00:00,74,66,21
2024-12-29 10:00:00,143,79,38
2024-12-29 11:00:00,194,110,46
2024-12-29 12:00:00,218,136,55
2024-12-29 13:00:00,258,149,50
2024-12-29 14:00:00,199,121,37
2024-12-29 15:00:00,231,129,54
2024-12-29 16:00:00,114,115,13
2024-12-29 17:00:00,2,165,4
2024-12-29 18:00:00,0,144,7
2024-12-29 19:00:00,1,163,6
2024-12-29 20:00:00,0,126,3
2024-12-29 21:00:00,0,128,1
2024-12-29 22:00:00,1,126,1
2024-12-29 23:00:00,0,100,2
2024-12-30 00:00:00,0,75,0
2024-12-30 01:00:00,0,58,0
2024-12-30 02:00:00,0,44,0
2024-12-30 03:00:00,0,29,0
2024-12-30 04:00:00,0,19,0
2024-12-30 05:00:00,0,27,0
2024-12-30 06:00:00,0,30,0
2024-12-30 07:00:00,1,56,9
2024-12-30 08:00:00,79,61,53
2024-12-30 09:00:00,105,80,41
2024-12-30 10:00:00,126,95,53
2024-12-30 11:00:00,160,116,45
2024-12-30 12:00:00,264,112,61
2024-12-30 13:00:00,280,158,68
2024-12-30 14:00:00,251,145,72
2024-12-30 15:00:00,277,155,74
2024-12-30 16:00:00,105,145,21
2024-12-30 17:00:00,0,171,17
2024-12-30 18:00:00,0,156,4
2024-12-30 19:00:00,0,157,6
2024-12-30 20:00:00,0,123,2
2024-12-30 21:00:00,0,140,4
2024-12-30 22:00:00,0,138,4
2024-12-30 23:00:00,1,95,2
2024-12-31 00:00:00,0,70,1
2024-12-31 01:00:00,0,64,0
2024-12-31 02:00:00,0,38,0
2024-12-31 03:00:00,0,31,0
2024-12-31 04:00:00,0,10,0
2024-12-31 05:00:00,0,17,0
2024-12-31 06:00:00,0,19,3
2024-12-31 07:00:00,2,44,7
2024-12-31 08:00:00,106,54,30
2024-12-31 09:00:00,89,61,51
2024-12-31 10:00:00,144,99,42
2024-12-31 11:00:00,185,128,44
2024-12-31 12:00:00,282,124,75
2024-12-31 13:00:00,317,128,65
2024-12-31 14:00:00,284,185,58
2024-12-31 15:00:00,334,167,79
2024-12-31 16:00:00,125,187,20
2024-12-31 17:00:00,0,230,9
2024-12-31 18:00:00,0,259,11
2024-12-31 19:00:00,1,352,17
2024-12-31 20:00:00,1,395,10
2024-12-31 21:00:00,0,453,3
2024-12-31 22:00:00,1,433,10
2024-12-31 23:00:00,0,565,6
