date,ped,car,cyc
2024-01-01 00:00:00,141,200,5
2024-01-01 01:00:00,109,244,8
2024-01-01 02:00:00,106,213,2
2024-01-01 03:00:00,143,224,3
2024-01-01 04:00:00,104,182,4
2024-01-01 05:00:00,45,143,3
2024-01-01 06:00:00,30,84,4
2024-01-01 07:00:00,21,55,4
2024-01-01 08:00:00,21,43,3
2024-01-01 09:00:00,70,42,3
2024-01-01 10:00:00,117,51,7
2024-01-01 11:00:00,181,71,9
2024-01-01 12:00:00,186,82,16
2024-01-01 13:00:00,228,75,21
2024-01-01 14:00:00,171,93,8
2024-01-01 15:00:00,147,91,10
2024-01-01 16:00:00,104,102,9
2024-01-01 17:00:00,87,125,13
2024-01-01 18:00:00,60,123,11
2024-01-01 19:00:00,53,92,7
2024-01-01 20:00:00,45,79,9
2024-01-01 21:00:00,60,57,4
2024-01-01 22:00:00,35,58,12
2024-01-01 23:00:00,32,45,3
2024-01-02 00:00:00,7,38,3
2024-01-02 01:00:00,8,31,2
2024-01-02 02:00:00,8,12,0
2024-01-02 03:00:00,3,8,1
2024-01-02 04:00:00,2,10,1
2024-01-02 05:00:00,13,10,2
2024-01-02 06:00:00,29,34,15
2024-01-02 07:00:00,102,56,27
2024-01-02 08:00:00,281,98,74
2024-01-02 09:00:00,173,66,22
2024-01-02 10:00:00,90,78,4
2024-01-02 11:00:00,145,68,10
2024-01-02 12:00:00,400,57,23
2024-01-02 13:00:00,372,73,15
2024-01-02 14:00:00,251,54,15
2024-01-02 15:00:00,228,68,24
2024-01-02 16:00:00,291,82,33
2024-01-02 17:00:00,422,116,93
2024-01-02 18:00:00,212,74,34
2024-01-02 19:00:00,146,73,34
2024-01-02 20:00:00,69,70,16
2024-01-02 21:00:00,76,66,7
2024-01-02 22:00:00,48,49,6
2024-01-02 23:00:00,27,63,3
2024-01-03 00:00:00,6,37,5
2024-01-03 01:00:00,5,28,0
2024-01-03 02:00:00,5,15,2
2024-01-03 03:00:00,2,7,2
2024-01-03 04:00:00,1,18,0
2024-01-03 05:00:00,7,18,2
2024-01-03 06:00:00,32,27,7
2024-01-03 07:00:00,153,68,39
2024-01-03 08:00:00,353,115,72
2024-01-03 09:00:00,200,129,49
2024-01-03 10:00:00,122,93,16
2024-01-03 11:00:00,188,60,11
2024-01-03 12:00:00,535,56,16
2024-01-03 13:00:00,514,77,16
2024-01-03 14:00:00,265,54,21
2024-01-03 15:00:00,287,72,24
2024-01-03 16:00:00,378,80,49
2024-01-03 17:00:00,482,166,76
2024-01-03 18:00:00,250,119,44
2024-01-03 19:00:00,177,93,29
2024-01-03 20:00:00,119,82,23
2024-01-03 21:00:00,76,68,18
2024-01-03 22:00:00,76,75,12
2024-01-03 23:00:00,27,74,11
2024-01-04 00:00:00,14,41,5
2024-01-04 01:00:00,11,32,3
2024-01-04 02:00:00,9,19,0
2024-01-04 03:00:00,4,16,1
2024-01-04 04:00:00,5,15,2
2024-01-04 05:00:00,6,7,2
2024-01-04 06:00:00,36,30,12
2024-01-04 07:00:00,164,60,37
2024-01-04 08:00:00,455,96,102
2024-01-04 09:00:00,263,116,60
2024-01-04 10:00:00,168,65,26
2024-01-04 11:00:00,193,60,16
2024-01-04 12:00:00,542,76,23
2024-01-04 13:00:00,589,83,27
2024-01-04 14:00:00,226,69,22
2024-01-04 15:00:00,185,98,22
2024-01-04 16:00:00,346,134,64
2024-01-04 17:00:00,553,188,98
2024-01-04 18:00:00,268,160,66
2024-01-04 19:00:00,139,149,43
2024-01-04 20:00:00,97,93,18
2024-01-04 21:00:00,114,80,15
2024-01-04 22:00:00,77,65,13
2024-01-04 23:00:00,52,57,5
2024-01-05 00:00:00,21,32,4
2024-01-05 01:00:00,9,25,1
2024-01-05 02:00:00,7,27,0
2024-01-05 03:00:00,8,23,0
2024-01-05 04:00:00,4,23,3
2024-01-05 05:00:00,14,18,3
2024-01-05 06:00:00,28,20,15
2024-01-05 07:00:00,116,46,26
2024-01-05 08:00:00,296,95,74
2024-01-05 09:00:00,222,82,43
2024-01-05 10:00:00,181,64,22
2024-01-05 11:00:00,198,64,29
2024-01-05 12:00:00,543,63,22
2024-01-05 13:00:00,471,63,21
2024-01-05 14:00:00,301,68,23
2024-01-05 15:00:00,265,73,38
2024-01-05 16:00:00,380,121,42
2024-01-05 17:00:00,513,136,87
2024-01-05 18:00:00,307,141,61
2024-01-05 19:00:00,211,129,34
2024-01-05 20:00:00,160,114,21
2024-01-05 21:00:00,151,91,16
2024-01-05 22:00:00,126,127,19
2024-01-05 23:00:00,109,121,9
2024-01-06 00:00:00,42,96,8
2024-01-06 01:00:00,20,96,9
2024-01-06 02:00:00,19,79,3
2024-01-06 03:00:00,25,63,3
2024-01-06 04:00:00,17,29,1
2024-01-06 05:00:00,9,20,2
2024-01-06 06:00:00,17,16,4
2024-01-06 07:00:00,33,26,11
2024-01-06 08:00:00,62,32,5
2024-01-06 09:00:00,99,49,17
2024-01-06 10:00:00,161,69,23
2024-01-06 11:00:00,258,66,20
2024-01-06 12:00:00,270,93,38
2024-01-06 13:00:00,308,86,27
2024-01-06 14:00:00,300,96,30
2024-01-06 15:00:00,345,108,32
2024-01-06 16:00:00,271,98,37
2024-01-06 17:00:00,294,135,34
2024-01-06 18:00:00,200,157,39
2024-01-06 19:00:00,199,140,33
2024-01-06 20:00:00,140,146,24
2024-01-06 21:00:00,136,127,17
2024-01-06 22:00:00,141,148,20
2024-01-06 23:00:00,95,134,11
2024-01-07 00:00:00,59,148,4
2024-01-07 01:00:00,23,106,11
2024-01-07 02:00:00,35,90,1
2024-01-07 03:00:00,16,81,2
2024-01-07 04:00:00,4,53,1
2024-01-07 05:00:00,7,38,1
2024-01-07 06:00:00,19,25,2
2024-01-07 07:00:00,23,28,5
2024-01-07 08:00:00,35,34,25
2024-01-07 09:00:00,100,46,6
2024-01-07 10:00:00,136,61,17
2024-01-07 11:00:00,200,62,16
2024-01-07 12:00:00,214,73,27
2024-01-07 13:00:00,218,68,18
2024-01-07 14:00:00,233,72,20
2024-01-07 15:00:00,249,52,36
2024-01-07 16:00:00,197,80,19
2024-01-07 17:00:00,216,94,21
2024-01-07 18:00:00,116,104,30
2024-01-07 19:00:00,119,97,29
2024-01-07 20:00:00,64,101,19
2024-01-07 21:00:00,63,87,10
2024-01-07 22:00:00,71,86,10
2024-01-07 23:00:00,22,51,4
2024-01-08 00:00:00,6,47,3
2024-01-08 01:00:00,5,28,2
2024-01-08 02:00:00,4,14,0
2024-01-08 03:00:00,0,19,0
2024-01-08 04:00:00,3,13,1
2024-01-08 05:00:00,14,16,3
2024-01-08 06:00:00,41,37,13
2024-01-08 07:00:00,172,59,33
2024-01-08 08:00:00,502,75,125
2024-01-08 09:00:00,272,124,71
2024-01-08 10:00:00,140,60,15
2024-01-08 11:00:00,183,85,16
2024-01-08 12:00:00,467,66,29
2024-01-08 13:00:00,582,68,32
2024-01-08 14:00:00,209,63,20
2024-01-08 15:00:00,240,70,24
2024-01-08 16:00:00,371,103,50
2024-01-08 17:00:00,605,158,133
2024-01-08 18:00:00,333,114,69
2024-01-08 19:00:00,151,102,30
2024-01-08 20:00:00,119,82,17
2024-01-08 21:00:00,111,83,22
2024-01-08 22:00:00,83,60,9
2024-01-08 23:00:00,46,43,7
2024-01-09 00:00:00,19,37,4
2024-01-09 01:00:00,5,33,2
2024-01-09 02:00:00,5,23,0
2024-01-09 03:00:00,9,13,1
2024-01-09 04:00:00,10,18,1
2024-01-09 05:00:00,11,18,2
2024-01-09 06:00:00,50,31,18
2024-01-09 07:00:00,189,70,42
2024-01-09 08:00:00,505,70,151
2024-01-09 09:00:00,357,130,84
2024-01-09 10:00:00,166,74,26
2024-01-09 11:00:00,232,65,26
2024-01-09 12:00:00,632,84,26
2024-01-09 13:00:00,705,82,25
2024-01-09 14:00:00,300,51,20
2024-01-09 15:00:00,229,81,38
2024-01-09 16:00:00,428,121,58
2024-01-09 17:00:00,652,170,130
2024-01-09 18:00:00,367,131,77
2024-01-09 19:00:00,233,112,35
2024-01-09 20:00:00,159,78,24
2024-01-09 21:00:00,107,84,19
2024-01-09 22:00:00,90,73,10
2024-01-09 23:00:00,35,64,4
2024-01-10 00:00:00,13,46,4
2024-01-10 01:00:00,12,27,3
2024-01-10 02:00:00,6,21,0
2024-01-10 03:00:00,3,15,0
2024-01-10 04:00:00,11,16,0
2024-01-10 05:00:00,12,13,1
2024-01-10 06:00:00,46,33,7
2024-01-10 07:00:00,191,83,52
2024-01-10 08:00:00,550,94,137
2024-01-10 09:00:00,286,148,84
2024-01-10 10:00:00,159,78,20
2024-01-10 11:00:00,197,84,18
2024-01-10 12:00:00,619,72,32
2024-01-10 13:00:00,689,102,30
2024-01-10 14:00:00,305,76,26
2024-01-10 15:00:00,262,94,32
2024-01-10 16:00:00,432,128,61
2024-01-10 17:00:00,616,161,155
2024-01-10 18:00:00,426,151,88
2024-01-10 19:00:00,240,116,50
2024-01-10 20:00:00,151,94,30
2024-01-10 21:00:00,123,99,23
2024-01-10 22:00:00,103,96,15
2024-01-10 23:00:00,52,68,7
2024-01-11 00:00:00,10,51,6
2024-01-11 01:00:00,19,35,0
2024-01-11 02:00:00,5,28,1
2024-01-11 03:00:00,7,23,1
2024-01-11 04:00:00,5,11,0
2024-01-11 05:00:00,15,15,1
2024-01-11 06:00:00,47,30,9
2024-01-11 07:00:00,190,93,48
2024-01-11 08:00:00,518,89,126
2024-01-11 09:00:00,312,139,77
2024-01-11 10:00:00,169,91,23
2024-01-11 11:00:00,209,77,25
2024-01-11 12:00:00,657,81,33
2024-01-11 13:00:00,684,88,30
2024-01-11 14:00:00,328,77,29
2024-01-11 15:00:00,292,80,43
2024-01-11 16:00:00,424,134,51
2024-01-11 17:00:00,620,172,125
2024-01-11 18:00:00,352,163,77
2024-01-11 19:00:00,232,144,43
2024-01-11 20:00:00,159,106,23
2024-01-11 21:00:00,151,99,20
2024-01-11 22:00:00,102,90,20
2024-01-11 23:00:00,49,69,12
2024-01-12 00:00:00,27,57,2
2024-01-12 01:00:00,18,28,0
2024-01-12 02:00:00,8,35,0
2024-01-12 03:00:00,5,28,1
2024-01-12 04:00:00,4,19,1
2024-01-12 05:00:00,11,16,0
2024-01-12 06:00:00,40,25,5
2024-01-12 07:00:00,143,75,44
2024-01-12 08:00:00,382,74,86
2024-01-12 09:00:00,232,109,54
2024-01-12 10:00:00,198,87,19
2024-01-12 11:00:00,184,72,22
2024-01-12 12:00:00,388,76,24
2024-01-12 13:00:00,461,66,33
2024-01-12 14:00:00,303,79,31
2024-01-12 15:00:00,308,67,34
2024-01-12 16:00:00,393,142,66
2024-01-12 17:00:00,526,166,86
2024-01-12 18:00:00,296,145,58
2024-01-12 19:00:00,221,159,30
2024-01-12 20:00:00,202,123,38
2024-01-12 21:00:00,144,114,21
2024-01-12 22:00:00,128,147,25
2024-01-12 23:00:00,97,129,9
2024-01-13 00:00:00,82,125,9
2024-01-13 01:00:00,39,96,5
2024-01-13 02:00:00,29,86,1
2024-01-13 03:00:00,16,68,0
2024-01-13 04:00:00,9,40,1
2024-01-13 05:00:00,5,30,3
2024-01-13 06:00:00,17,21,5
2024-01-13 07:00:00,39,27,9
2024-01-13 08:00:00,57,59,8
2024-01-13 09:00:00,98,53,19
2024-01-13 10:00:00,191,80,17
2024-01-13 11:00:00,261,80,21
2024-01-13 12:00:00,245,85,24
2024-01-13 13:00:00,307,104,26
2024-01-13 14:00:00,285,87,24
2024-01-13 15:00:00,343,127,22
2024-01-13 16:00:00,381,112,23
2024-01-13 17:00:00,302,142,34
2024-01-13 18:00:00,351,149,23
2024-01-13 19:00:00,266,168,28
2024-01-13 20:00:00,202,183,25
2024-01-13 21:00:00,173,165,30
2024-01-13 22:00:00,224,203,15
2024-01-13 23:00:00,145,166,21
2024-01-14 00:00:00,84,178,9
2024-01-14 01:00:00,43,154,5
2024-01-14 02:00:00,43,122,4
2024-01-14 03:00:00,32,102,2
2024-01-14 04:00:00,12,69,0
2024-01-14 05:00:00,7,40,1
2024-01-14 06:00:00,16,20,1
2024-01-14 07:00:00,20,17,2
2024-01-14 08:00:00,29,39,7
2024-01-14 09:00:00,75,32,8
2024-01-14 10:00:00,148,59,12
2024-01-14 11:00:00,216,73,14
2024-01-14 12:00:00,236,71,32
2024-01-14 13:00:00,224,68,30
2024-01-14 14:00:00,251,67,18
2024-01-14 15:00:00,243,76,19
2024-01-14 16:00:00,226,74,24
2024-01-14 17:00:00,209,110,39
2024-01-14 18:00:00,119,97,28
2024-01-14 19:00:00,110,93,24
2024-01-14 20:00:00,82,111,23
2024-01-14 21:00:00,77,83,7
2024-01-14 22:00:00,47,65,11
2024-01-14 23:00:00,28,50,2
2024-01-15 00:00:00,15,40,3
2024-01-15 01:00:00,13,39,1
2024-01-15 02:00:00,4,14,3
2024-01-15 03:00:00,3,13,1
2024-01-15 04:00:00,2,5,0
2024-01-15 05:00:00,10,16,2
2024-01-15 06:00:00,40,34,11
2024-01-15 07:00:00,178,66,42
2024-01-15 08:00:00,473,69,135
2024-01-15 09:00:00,315,124,70
2024-01-15 10:00:00,141,82,23
2024-01-15 11:00:00,229,82,20
2024-01-15 12:00:00,578,75,22
2024-01-15 13:00:00,613,75,31
2024-01-15 14:00:00,292,70,30
2024-01-15 15:00:00,422,81,32
2024-01-15 16:00:00,366,107,60
2024-01-15 17:00:00,661,152,131
2024-01-15 18:00:00,441,122,69
2024-01-15 19:00:00,190,94,42
2024-01-15 20:00:00,103,88,26
2024-01-15 21:00:00,134,75,15
2024-01-15 22:00:00,90,70,11
2024-01-15 23:00:00,39,41,5
2024-01-16 00:00:00,24,38,3
2024-01-16 01:00:00,7,28,3
2024-01-16 02:00:00,5,18,0
2024-01-16 03:00:00,3,16,2
2024-01-16 04:00:00,6,12,1
2024-01-16 05:00:00,9,19,3
2024-01-16 06:00:00,54,44,17
2024-01-16 07:00:00,214,62,43
2024-01-16 08:00:00,566,92,170
2024-01-16 09:00:00,363,137,66
2024-01-16 10:00:00,180,98,26
2024-01-16 11:00:00,210,66,11
2024-01-16 12:00:00,621,67,39
2024-01-16 13:00:00,697,81,33
2024-01-16 14:00:00,302,74,25
2024-01-16 15:00:00,300,76,39
2024-01-16 16:00:00,463,118,64
2024-01-16 17:00:00,746,172,120
2024-01-16 18:00:00,396,148,100
2024-01-16 19:00:00,245,120,45
2024-01-16 20:00:00,148,102,30
2024-01-16 21:00:00,136,81,19
2024-01-16 22:00:00,132,107,14
2024-01-16 23:00:00,83,38,11
2024-01-17 00:00:00,77,16,2
2024-01-17 01:00:00,15,32,1
2024-01-17 02:00:00,14,22,1
2024-01-17 03:00:00,5,18,2
2024-01-17 04:00:00,2,12,0
2024-01-17 05:00:00,17,20,6
2024-01-17 06:00:00,53,51,13
2024-01-17 07:00:00,212,86,65
2024-01-17 08:00:00,585,73,133
2024-01-17 09:00:00,331,157,84
2024-01-17 10:00:00,195,97,17
2024-01-17 11:00:00,254,73,25
2024-01-17 12:00:00,653,81,20
2024-01-17 13:00:00,687,85,43
2024-01-17 14:00:00,326,103,28
2024-01-17 15:00:00,605,91,31
2024-01-17 16:00:00,440,108,50
2024-01-17 17:00:00,773,173,119
2024-01-17 18:00:00,447,143,86
2024-01-17 19:00:00,269,130,32
2024-01-17 20:00:00,185,93,33
2024-01-17 21:00:00,128,85,16
2024-01-17 22:00:00,121,92,12
2024-01-17 23:00:00,63,64,8
2024-01-18 00:00:00,16,54,5
2024-01-18 01:00:00,6,33,1
2024-01-18 02:00:00,2,21,0
2024-01-18 03:00:00,7,24,0
2024-01-18 04:00:00,5,15,0
2024-01-18 05:00:00,8,20,0
2024-01-18 06:00:00,45,40,14
2024-01-18 07:00:00,192,78,37
2024-01-18 08:00:00,528,86,143
2024-01-18 09:00:00,367,187,83
2024-01-18 10:00:00,196,113,18
2024-01-18 11:00:00,314,75,19
2024-01-18 12:00:00,733,84,24
2024-01-18 13:00:00,674,96,45
2024-01-18 14:00:00,370,93,30
2024-01-18 15:00:00,282,89,38
2024-01-18 16:00:00,449,139,53
2024-01-18 17:00:00,727,201,109
2024-01-18 18:00:00,405,153,83
2024-01-18 19:00:00,290,153,36
2024-01-18 20:00:00,168,112,28
2024-01-18 21:00:00,151,102,26
2024-01-18 22:00:00,121,111,23
2024-01-18 23:00:00,59,108,7
2024-01-19 00:00:00,9,61,2
2024-01-19 01:00:00,12,47,2
2024-01-19 02:00:00,11,31,1
2024-01-19 03:00:00,6,34,0
2024-01-19 04:00:00,6,20,3
2024-01-19 05:00:00,6,22,0
2024-01-19 06:00:00,39,30,15
2024-01-19 07:00:00,147,59,31
2024-01-19 08:00:00,376,68,79
2024-01-19 09:00:00,283,132,52
2024-01-19 10:00:00,156,70,32
2024-01-19 11:00:00,284,86,14
2024-01-19 12:00:00,527,82,24
2024-01-19 13:00:00,599,89,32
2024-01-19 14:00:00,353,108,30
2024-01-19 15:00:00,321,116,35
2024-01-19 16:00:00,408,115,43
2024-01-19 17:00:00,520,208,86
2024-01-19 18:00:00,389,174,47
2024-01-19 19:00:00,239,196,33
2024-01-19 20:00:00,200,152,38
2024-01-19 21:00:00,181,144,30
2024-01-19 22:00:00,189,158,18
2024-01-19 23:00:00,132,164,10
2024-01-20 00:00:00,88,144,8
2024-01-20 01:00:00,62,125,4
2024-01-20 02:00:00,36,95,5
2024-01-20 03:00:00,26,77,3
2024-01-20 04:00:00,25,51,0
2024-01-20 05:00:00,9,39,1
2024-01-20 06:00:00,19,25,5
2024-01-20 07:00:00,26,24,5
2024-01-20 08:00:00,59,49,6
2024-01-20 09:00:00,105,72,10
2024-01-20 10:00:00,210,100,13
2024-01-20 11:00:00,315,99,14
2024-01-20 12:00:00,321,89,30
2024-01-20 13:00:00,342,109,25
2024-01-20 14:00:00,391,110,27
2024-01-20 15:00:00,352,139,29
2024-01-20 16:00:00,374,114,25
2024-01-20 17:00:00,383,167,39
2024-01-20 18:00:00,343,191,25
2024-01-20 19:00:00,299,201,36
2024-01-20 20:00:00,227,193,20
2024-01-20 21:00:00,162,162,15
2024-01-20 22:00:00,169,201,16
2024-01-20 23:00:00,136,230,13
2024-01-21 00:00:00,55,183,2
2024-01-21 01:00:00,64,191,3
2024-01-21 02:00:00,37,149,3
2024-01-21 03:00:00,31,133,2
2024-01-21 04:00:00,18,80,1
2024-01-21 05:00:00,7,37,5
2024-01-21 06:00:00,22,24,3
2024-01-21 07:00:00,29,20,5
2024-01-21 08:00:00,42,34,4
2024-01-21 09:00:00,89,48,13
2024-01-21 10:00:00,183,63,21
2024-01-21 11:00:00,232,79,14
2024-01-21 12:00:00,250,77,14
2024-01-21 13:00:00,244,101,19
2024-01-21 14:00:00,260,110,14
2024-01-21 15:00:00,254,79,21
2024-01-21 16:00:00,171,98,12
2024-01-21 17:00:00,149,118,21
2024-01-21 18:00:00,94,132,23
2024-01-21 19:00:00,90,92,22
2024-01-21 20:00:00,83,104,23
2024-01-21 21:00:00,70,95,6
2024-01-21 22:00:00,60,82,8
2024-01-21 23:00:00,36,56,3
2024-01-22 00:00:00,13,49,4
2024-01-22 01:00:00,10,34,3
2024-01-22 02:00:00,2,23,0
2024-01-22 03:00:00,0,14,2
2024-01-22 04:00:00,4,13,0
2024-01-22 05:00:00,12,20,2
2024-01-22 06:00:00,51,48,17
2024-01-22 07:00:00,167,63,29
2024-01-22 08:00:00,495,94,102
2024-01-22 09:00:00,304,123,70
2024-01-22 10:00:00,332,88,25
2024-01-22 11:00:00,230,65,16
2024-01-22 12:00:00,534,72,24
2024-01-22 13:00:00,656,70,34
2024-01-22 14:00:00,311,87,24
2024-01-22 15:00:00,275,75,35
2024-01-22 16:00:00,456,100,56
2024-01-22 17:00:00,616,154,95
2024-01-22 18:00:00,428,135,67
2024-01-22 19:00:00,215,88,47
2024-01-22 20:00:00,163,75,28
2024-01-22 21:00:00,131,77,17
2024-01-22 22:00:00,77,71,10
2024-01-22 23:00:00,35,48,8
2024-01-23 00:00:00,15,42,7
2024-01-23 01:00:00,29,32,3
2024-01-23 02:00:00,17,18,0
2024-01-23 03:00:00,7,24,1
2024-01-23 04:00:00,6,12,1
2024-01-23 05:00:00,17,18,4
2024-01-23 06:00:00,60,51,26
2024-01-23 07:00:00,198,95,47
2024-01-23 08:00:00,535,121,115
2024-01-23 09:00:00,380,175,55
2024-01-23 10:00:00,193,122,20
2024-01-23 11:00:00,229,76,12
2024-01-23 12:00:00,457,85,36
2024-01-23 13:00:00,566,83,33
2024-01-23 14:00:00,273,96,30
2024-01-23 15:00:00,299,88,23
2024-01-23 16:00:00,472,145,64
2024-01-23 17:00:00,741,200,117
2024-01-23 18:00:00,418,173,83
2024-01-23 19:00:00,303,134,47
2024-01-23 20:00:00,184,103,27
2024-01-23 21:00:00,137,103,22
2024-01-23 22:00:00,110,84,19
2024-01-23 23:00:00,55,61,9
2024-01-24 00:00:00,25,49,1
2024-01-24 01:00:00,10,38,3
2024-01-24 02:00:00,1,25,0
2024-01-24 03:00:00,4,16,2
2024-01-24 04:00:00,3,18,2
2024-01-24 05:00:00,17,18,2
2024-01-24 06:00:00,50,57,22
2024-01-24 07:00:00,221,93,40
2024-01-24 08:00:00,543,113,117
2024-01-24 09:00:00,340,154,87
2024-01-24 10:00:00,218,76,21
2024-01-24 11:00:00,336,79,20
2024-01-24 12:00:00,707,70,31
2024-01-24 13:00:00,820,80,42
2024-01-24 14:00:00,362,98,33
2024-01-24 15:00:00,332,90,39
2024-01-24 16:00:00,487,147,72
2024-01-24 17:00:00,783,180,140
2024-01-24 18:00:00,489,187,89
2024-01-24 19:00:00,276,143,42
2024-01-24 20:00:00,201,118,37
2024-01-24 21:00:00,155,102,29
2024-01-24 22:00:00,145,124,21
2024-01-24 23:00:00,77,81,13
2024-01-25 00:00:00,47,63,5
2024-01-25 01:00:00,14,47,3
2024-01-25 02:00:00,7,25,1
2024-01-25 03:00:00,7,24,3
2024-01-25 04:00:00,8,28,2
2024-01-25 05:00:00,17,20,4
2024-01-25 06:00:00,57,37,26
2024-01-25 07:00:00,195,95,47
2024-01-25 08:00:00,571,122,131
2024-01-25 09:00:00,371,183,69
2024-01-25 10:00:00,236,96,31
2024-01-25 11:00:00,280,91,22
2024-01-25 12:00:00,773,85,24
2024-01-25 13:00:00,782,82,40
2024-01-25 14:00:00,411,96,26
2024-01-25 15:00:00,352,107,31
2024-01-25 16:00:00,507,140,58
2024-01-25 17:00:00,749,188,121
2024-01-25 18:00:00,486,162,81
2024-01-25 19:00:00,304,150,43
2024-01-25 20:00:00,198,157,37
2024-01-25 21:00:00,166,101,22
2024-01-25 22:00:00,181,122,19
2024-01-25 23:00:00,76,94,7
2024-01-26 00:00:00,25,85,9
2024-01-26 01:00:00,29,55,1
2024-01-26 02:00:00,16,47,1
2024-01-26 03:00:00,10,41,4
2024-01-26 04:00:00,5,26,1
2024-01-26 05:00:00,8,23,1
2024-01-26 06:00:00,36,26,14
2024-01-26 07:00:00,170,63,28
2024-01-26 08:00:00,435,114,86
2024-01-26 09:00:00,287,111,58
2024-01-26 10:00:00,195,93,22
2024-01-26 11:00:00,307,86,32
2024-01-26 12:00:00,558,90,26
2024-01-26 13:00:00,632,102,43
2024-01-26 14:00:00,337,112,31
2024-01-26 15:00:00,416,129,30
2024-01-26 16:00:00,526,163,72
2024-01-26 17:00:00,633,187,92
2024-01-26 18:00:00,442,230,55
2024-01-26 19:00:00,289,192,33
2024-01-26 20:00:00,297,165,20
2024-01-26 21:00:00,270,167,22
2024-01-26 22:00:00,263,189,35
2024-01-26 23:00:00,154,144,15
2024-01-27 00:00:00,114,169,11
2024-01-27 01:00:00,59,160,2
2024-01-27 02:00:00,51,152,4
2024-01-27 03:00:00,65,107,1
2024-01-27 04:00:00,33,88,3
2024-01-27 05:00:00,18,55,3
2024-01-27 06:00:00,34,35,1
2024-01-27 07:00:00,44,36,6
2024-01-27 08:00:00,64,58,13
2024-01-27 09:00:00,139,60,9
2024-01-27 10:00:00,241,71,15
2024-01-27 11:00:00,348,96,30
2024-01-27 12:00:00,342,103,27
2024-01-27 13:00:00,385,108,21
2024-01-27 14:00:00,381,125,23
2024-01-27 15:00:00,400,137,25
2024-01-27 16:00:00,460,123,39
2024-01-27 17:00:00,516,152,36
2024-01-27 18:00:00,404,173,31
2024-01-27 19:00:00,369,212,29
2024-01-27 20:00:00,317,196,21
2024-01-27 21:00:00,308,166,16
2024-01-27 22:00:00,295,222,19
2024-01-27 23:00:00,185,220,10
2024-01-28 00:00:00,90,198,4
2024-01-28 01:00:00,94,160,8
2024-01-28 02:00:00,53,187,2
2024-01-28 03:00:00,52,115,1
2024-01-28 04:00:00,29,115,1
2024-01-28 05:00:00,13,50,2
2024-01-28 06:00:00,34,28,1
2024-01-28 07:00:00,43,32,5
2024-01-28 08:00:00,53,36,18
2024-01-28 09:00:00,75,57,11
2024-01-28 10:00:00,178,83,15
2024-01-28 11:00:00,223,83,22
2024-01-28 12:00:00,271,83,25
2024-01-28 13:00:00,274,94,38
2024-01-28 14:00:00,271,107,25
2024-01-28 15:00:00,306,87,24
2024-01-28 16:00:00,293,107,40
2024-01-28 17:00:00,268,130,24
2024-01-28 18:00:00,187,122,31
2024-01-28 19:00:00,140,115,29
2024-01-28 20:00:00,147,136,19
2024-01-28 21:00:00,106,91,16
2024-01-28 22:00:00,62,78,12
2024-01-28 23:00:00,37,66,5
2024-01-29 00:00:00,26,51,5
2024-01-29 01:00:00,8,51,3
2024-01-29 02:00:00,4,24,0
2024-01-29 03:00:00,6,19,1
2024-01-29 04:00:00,3,17,1
2024-01-29 05:00:00,7,15,2
2024-01-29 06:00:00,50,39,22
2024-01-29 07:00:00,182,91,46
2024-01-29 08:00:00,511,112,133
2024-01-29 09:00:00,301,133,49
2024-01-29 10:00:00,191,74,19
2024-01-29 11:00:00,219,74,18
2024-01-29 12:00:00,496,71,19
2024-01-29 13:00:00,581,60,28
2024-01-29 14:00:00,307,68,29
2024-01-29 15:00:00,297,80,35
2024-01-29 16:00:00,418,109,56
2024-01-29 17:00:00,651,139,119
2024-01-29 18:00:00,453,149,84
2024-01-29 19:00:00,234,88,43
2024-01-29 20:00:00,167,87,28
2024-01-29 21:00:00,126,82,22
2024-01-29 22:00:00,112,67,9
2024-01-29 23:00:00,56,46,7
2024-01-30 00:00:00,24,48,5
2024-01-30 01:00:00,9,33,0
2024-01-30 02:00:00,4,15,0
2024-01-30 03:00:00,5,22,5
2024-01-30 04:00:00,2,18,1
2024-01-30 05:00:00,10,24,3
2024-01-30 06:00:00,60,42,28
2024-01-30 07:00:00,209,86,48
2024-01-30 08:00:00,624,112,150
2024-01-30 09:00:00,428,137,71
2024-01-30 10:00:00,232,67,12
2024-01-30 11:00:00,261,71,23
2024-01-30 12:00:00,719,86,32
2024-01-30 13:00:00,849,83,37
2024-01-30 14:00:00,317,90,39
2024-01-30 15:00:00,326,88,32
2024-01-30 16:00:00,536,128,73
2024-01-30 17:00:00,784,158,119
2024-01-30 18:00:00,451,145,91
2024-01-30 19:00:00,309,132,63
2024-01-30 20:00:00,186,85,46
2024-01-30 21:00:00,149,93,27
2024-01-30 22:00:00,142,102,11
2024-01-30 23:00:00,73,71,6
2024-01-31 00:00:00,16,52,1
2024-01-31 01:00:00,10,23,1
2024-01-31 02:00:00,6,25,0
2024-01-31 03:00:00,7,30,1
2024-01-31 04:00:00,3,17,3
2024-01-31 05:00:00,14,21,0
2024-01-31 06:00:00,51,31,15
2024-01-31 07:00:00,215,77,62
2024-01-31 08:00:00,576,106,151
2024-01-31 09:00:00,362,138,78
2024-01-31 10:00:00,196,97,33
2024-01-31 11:00:00,249,84,18
2024-01-31 12:00:00,585,88,27
2024-01-31 13:00:00,814,92,43
2024-01-31 14:00:00,326,91,36
2024-01-31 15:00:00,352,90,48
2024-01-31 16:00:00,462,118,71
2024-01-31 17:00:00,776,149,159
2024-01-31 18:00:00,465,152,87
2024-01-31 19:00:00,215,130,45
2024-01-31 20:00:00,148,122,38
2024-01-31 21:00:00,138,90,23
2024-01-31 22:00:00,171,82,34
2024-01-31 23:00:00,75,57,9
2024-02-01 00:00:00,22,79,13
2024-02-01 01:00:00,15,48,3
2024-02-01 02:00:00,15,30,0
2024-02-01 03:00:00,9,23,2
2024-02-01 04:00:00,3,24,1
2024-02-01 05:00:00,13,25,2
2024-02-01 06:00:00,62,35,19
2024-02-01 07:00:00,215,78,48
2024-02-01 08:00:00,589,86,157
2024-02-01 09:00:00,360,131,77
2024-02-01 10:00:00,199,72,14
2024-02-01 11:00:00,263,67,20
2024-02-01 12:00:00,720,79,31
2024-02-01 13:00:00,797,74,32
2024-02-01 14:00:00,345,95,34
2024-02-01 15:00:00,350,103,40
2024-02-01 16:00:00,492,150,55
2024-02-01 17:00:00,782,166,125
2024-02-01 18:00:00,496,157,111
2024-02-01 19:00:00,287,145,45
2024-02-01 20:00:00,223,138,55
2024-02-01 21:00:00,186,121,37
2024-02-01 22:00:00,196,120,27
2024-02-01 23:00:00,148,96,24
2024-02-02 00:00:00,32,95,8
2024-02-02 01:00:00,61,51,3
2024-02-02 02:00:00,3,33,3
2024-02-02 03:00:00,4,23,1
2024-02-02 04:00:00,10,21,1
2024-02-02 05:00:00,13,23,2
2024-02-02 06:00:00,46,34,10
2024-02-02 07:00:00,156,77,35
2024-02-02 08:00:00,382,102,100
2024-02-02 09:00:00,267,119,53
2024-02-02 10:00:00,214,109,20
2024-02-02 11:00:00,279,79,20
2024-02-02 12:00:00,465,110,25
2024-02-02 13:00:00,517,115,29
2024-02-02 14:00:00,356,104,36
2024-02-02 15:00:00,366,122,42
2024-02-02 16:00:00,465,165,55
2024-02-02 17:00:00,689,198,101
2024-02-02 18:00:00,570,229,81
2024-02-02 19:00:00,441,241,42
2024-02-02 20:00:00,424,171,46
2024-02-02 21:00:00,302,148,22
2024-02-02 22:00:00,284,186,44
2024-02-02 23:00:00,215,192,18
2024-02-03 00:00:00,143,202,8
2024-02-03 01:00:00,72,166,8
2024-02-03 02:00:00,52,128,4
2024-02-03 03:00:00,37,116,2
2024-02-03 04:00:00,15,86,3
2024-02-03 05:00:00,10,49,1
2024-02-03 06:00:00,22,46,4
2024-02-03 07:00:00,31,37,9
2024-02-03 08:00:00,67,55,11
2024-02-03 09:00:00,150,68,7
2024-02-03 10:00:00,249,88,19
2024-02-03 11:00:00,319,103,20
2024-02-03 12:00:00,365,115,19
2024-02-03 13:00:00,384,124,27
2024-02-03 14:00:00,368,140,25
2024-02-03 15:00:00,357,145,28
2024-02-03 16:00:00,441,170,40
2024-02-03 17:00:00,518,180,43
2024-02-03 18:00:00,824,226,51
2024-02-03 19:00:00,864,221,39
2024-02-03 20:00:00,696,245,39
2024-02-03 21:00:00,507,199,26
2024-02-03 22:00:00,386,207,34
2024-02-03 23:00:00,250,216,31
2024-02-04 00:00:00,116,235,13
2024-02-04 01:00:00,76,164,8
2024-02-04 02:00:00,55,163,6
2024-02-04 03:00:00,50,105,3
2024-02-04 04:00:00,30,94,2
2024-02-04 05:00:00,21,38,0
2024-02-04 06:00:00,18,20,5
2024-02-04 07:00:00,24,19,3
2024-02-04 08:00:00,43,36,11
2024-02-04 09:00:00,113,49,9
2024-02-04 10:00:00,161,98,19
2024-02-04 11:00:00,241,86,32
2024-02-04 12:00:00,278,90,22
2024-02-04 13:00:00,254,71,20
2024-02-04 14:00:00,270,84,14
2024-02-04 15:00:00,262,76,18
2024-02-04 16:00:00,277,80,29
2024-02-04 17:00:00,377,103,36
2024-02-04 18:00:00,580,92,33
2024-02-04 19:00:00,550,90,41
2024-02-04 20:00:00,330,91,28
2024-02-04 21:00:00,172,79,17
2024-02-04 22:00:00,123,72,17
2024-02-04 23:00:00,39,65,8
2024-02-05 00:00:00,32,52,3
2024-02-05 01:00:00,14,28,2
2024-02-05 02:00:00,5,20,2
2024-02-05 03:00:00,2,17,0
2024-02-05 04:00:00,5,11,0
2024-02-05 05:00:00,19,15,1
2024-02-05 06:00:00,45,26,11
2024-02-05 07:00:00,149,72,43
2024-02-05 08:00:00,473,85,123
2024-02-05 09:00:00,285,143,70
2024-02-05 10:00:00,179,67,25
2024-02-05 11:00:00,214,75,21
2024-02-05 12:00:00,402,67,26
2024-02-05 13:00:00,522,66,33
2024-02-05 14:00:00,283,79,22
2024-02-05 15:00:00,228,84,28
2024-02-05 16:00:00,405,134,58
2024-02-05 17:00:00,671,127,119
2024-02-05 18:00:00,552,135,93
2024-02-05 19:00:00,461,105,63
2024-02-05 20:00:00,368,65,39
2024-02-05 21:00:00,213,80,23
2024-02-05 22:00:00,115,70,23
2024-02-05 23:00:00,42,63,11
2024-02-06 00:00:00,17,39,6
2024-02-06 01:00:00,8,33,4
2024-02-06 02:00:00,8,27,0
2024-02-06 03:00:00,5,25,0
2024-02-06 04:00:00,7,17,0
2024-02-06 05:00:00,14,25,3
2024-02-06 06:00:00,58,37,16
2024-02-06 07:00:00,213,79,52
2024-02-06 08:00:00,555,83,158
2024-02-06 09:00:00,363,148,82
2024-02-06 10:00:00,206,81,25
2024-02-06 11:00:00,268,80,26
2024-02-06 12:00:00,616,87,34
2024-02-06 13:00:00,680,95,27
2024-02-06 14:00:00,312,84,28
2024-02-06 15:00:00,304,94,27
2024-02-06 16:00:00,431,159,71
2024-02-06 17:00:00,625,209,134
2024-02-06 18:00:00,380,233,91
2024-02-06 19:00:00,253,181,44
2024-02-06 20:00:00,134,117,24
2024-02-06 21:00:00,112,120,24
2024-02-06 22:00:00,87,107,16
2024-02-06 23:00:00,58,95,16
2024-02-07 00:00:00,25,66,3
2024-02-07 01:00:00,13,48,1
2024-02-07 02:00:00,3,40,0
2024-02-07 03:00:00,3,15,0
2024-02-07 04:00:00,3,15,1
2024-02-07 05:00:00,13,34,4
2024-02-07 06:00:00,59,39,17
2024-02-07 07:00:00,239,83,57
2024-02-07 08:00:00,570,123,134
2024-02-07 09:00:00,365,158,73
2024-02-07 10:00:00,200,93,31
2024-02-07 11:00:00,279,70,19
2024-02-07 12:00:00,547,86,33
2024-02-07 13:00:00,743,90,32
2024-02-07 14:00:00,363,114,39
2024-02-07 15:00:00,317,91,43
2024-02-07 16:00:00,568,140,86
2024-02-07 17:00:00,816,185,129
2024-02-07 18:00:00,783,159,99
2024-02-07 19:00:00,634,150,65
2024-02-07 20:00:00,467,108,45
2024-02-07 21:00:00,337,100,37
2024-02-07 22:00:00,186,130,23
2024-02-07 23:00:00,106,85,13
2024-02-08 00:00:00,41,66,5
2024-02-08 01:00:00,28,51,1
2024-02-08 02:00:00,12,34,2
2024-02-08 03:00:00,6,19,1
2024-02-08 04:00:00,6,24,0
2024-02-08 05:00:00,9,24,5
2024-02-08 06:00:00,44,43,13
2024-02-08 07:00:00,183,116,42
2024-02-08 08:00:00,473,103,81
2024-02-08 09:00:00,321,189,59
2024-02-08 10:00:00,227,121,15
2024-02-08 11:00:00,199,87,27
2024-02-08 12:00:00,574,99,28
2024-02-08 13:00:00,600,112,24
2024-02-08 14:00:00,302,80,23
2024-02-08 15:00:00,367,97,24
2024-02-08 16:00:00,416,171,63
2024-02-08 17:00:00,728,188,119
2024-02-08 18:00:00,510,229,79
2024-02-08 19:00:00,324,183,37
2024-02-08 20:00:00,227,130,35
2024-02-08 21:00:00,190,147,26
2024-02-08 22:00:00,143,118,24
2024-02-08 23:00:00,70,95,14
2024-02-09 00:00:00,32,82,7
2024-02-09 01:00:00,29,57,2
2024-02-09 02:00:00,17,43,1
2024-02-09 03:00:00,11,39,0
2024-02-09 04:00:00,8,31,1
2024-02-09 05:00:00,17,14,3
2024-02-09 06:00:00,49,31,11
2024-02-09 07:00:00,127,59,27
2024-02-09 08:00:00,384,113,86
2024-02-09 09:00:00,283,127,44
2024-02-09 10:00:00,203,80,14
2024-02-09 11:00:00,259,104,29
2024-02-09 12:00:00,538,119,37
2024-02-09 13:00:00,528,125,40
2024-02-09 14:00:00,351,155,32
2024-02-09 15:00:00,377,136,30
2024-02-09 16:00:00,493,174,48
2024-02-09 17:00:00,692,203,76
2024-02-09 18:00:00,802,214,63
2024-02-09 19:00:00,693,228,43
2024-02-09 20:00:00,648,209,41
2024-02-09 21:00:00,451,170,18
2024-02-09 22:00:00,406,214,31
2024-02-09 23:00:00,177,172,23
2024-02-10 00:00:00,127,184,8
2024-02-10 01:00:00,111,189,6
2024-02-10 02:00:00,64,126,4
2024-02-10 03:00:00,41,113,2
2024-02-10 04:00:00,18,90,0
2024-02-10 05:00:00,15,32,0
2024-02-10 06:00:00,42,29,3
2024-02-10 07:00:00,30,47,12
2024-02-10 08:00:00,81,68,11
2024-02-10 09:00:00,136,94,17
2024-02-10 10:00:00,285,121,53
2024-02-10 11:00:00,331,119,19
2024-02-10 12:00:00,343,133,23
2024-02-10 13:00:00,417,123,27
2024-02-10 14:00:00,495,150,59
2024-02-10 15:00:00,464,152,34
2024-02-10 16:00:00,559,149,36
2024-02-10 17:00:00,693,193,43
2024-02-10 18:00:00,1137,229,46
2024-02-10 19:00:00,1148,216,47
2024-02-10 20:00:00,929,235,39
2024-02-10 21:00:00,604,228,41
2024-02-10 22:00:00,384,205,28
2024-02-10 23:00:00,192,197,32
2024-02-11 00:00:00,83,205,8
2024-02-11 01:00:00,87,188,5
2024-02-11 02:00:00,55,150,1
2024-02-11 03:00:00,50,154,1
2024-02-11 04:00:00,16,111,0
2024-02-11 05:00:00,8,47,2
2024-02-11 06:00:00,25,33,4
2024-02-11 07:00:00,33,23,2
2024-02-11 08:00:00,43,51,7
2024-02-11 09:00:00,108,61,14
2024-02-11 10:00:00,223,76,16
2024-02-11 11:00:00,290,83,11
2024-02-11 12:00:00,308,124,22
2024-02-11 13:00:00,318,98,32
2024-02-11 14:00:00,264,102,26
2024-02-11 15:00:00,350,86,21
2024-02-11 16:00:00,302,104,29
2024-02-11 17:00:00,530,147,31
2024-02-11 18:00:00,905,135,37
2024-02-11 19:00:00,950,136,31
2024-02-11 20:00:00,525,132,40
2024-02-11 21:00:00,355,99,18
2024-02-11 22:00:00,140,110,20
2024-02-11 23:00:00,94,75,19
2024-02-12 00:00:00,18,60,6
2024-02-12 01:00:00,10,39,3
2024-02-12 02:00:00,4,22,1
2024-02-12 03:00:00,5,25,1
2024-02-12 04:00:00,16,15,3
2024-02-12 05:00:00,21,27,4
2024-02-12 06:00:00,44,33,13
2024-02-12 07:00:00,182,72,29
2024-02-12 08:00:00,455,88,108
2024-02-12 09:00:00,296,114,46
2024-02-12 10:00:00,338,87,15
2024-02-12 11:00:00,340,73,12
2024-02-12 12:00:00,712,56,35
2024-02-12 13:00:00,751,72,27
2024-02-12 14:00:00,480,78,26
2024-02-12 15:00:00,440,64,30
2024-02-12 16:00:00,554,114,61
2024-02-12 17:00:00,705,145,123
2024-02-12 18:00:00,520,142,68
2024-02-12 19:00:00,273,97,63
2024-02-12 20:00:00,185,102,23
2024-02-12 21:00:00,142,87,30
2024-02-12 22:00:00,126,98,26
2024-02-12 23:00:00,69,68,15
2024-02-13 00:00:00,18,52,3
2024-02-13 01:00:00,14,31,4
2024-02-13 02:00:00,8,24,3
2024-02-13 03:00:00,5,22,0
2024-02-13 04:00:00,3,14,0
2024-02-13 05:00:00,13,14,3
2024-02-13 06:00:00,47,53,20
2024-02-13 07:00:00,220,83,50
2024-02-13 08:00:00,617,116,129
2024-02-13 09:00:00,358,119,55
2024-02-13 10:00:00,227,100,12
2024-02-13 11:00:00,340,105,21
2024-02-13 12:00:00,682,111,17
2024-02-13 13:00:00,743,91,27
2024-02-13 14:00:00,404,92,28
2024-02-13 15:00:00,385,114,29
2024-02-13 16:00:00,510,153,58
2024-02-13 17:00:00,699,179,156
2024-02-13 18:00:00,402,206,84
2024-02-13 19:00:00,278,172,43
2024-02-13 20:00:00,161,115,28
2024-02-13 21:00:00,185,104,28
2024-02-13 22:00:00,148,131,25
2024-02-13 23:00:00,110,95,12
2024-02-14 00:00:00,43,80,3
2024-02-14 01:00:00,29,45,2
2024-02-14 02:00:00,9,29,1
2024-02-14 03:00:00,11,28,0
2024-02-14 04:00:00,5,16,1
2024-02-14 05:00:00,9,22,3
2024-02-14 06:00:00,46,45,15
2024-02-14 07:00:00,216,76,41
2024-02-14 08:00:00,559,93,106
2024-02-14 09:00:00,358,120,61
2024-02-14 10:00:00,248,71,16
2024-02-14 11:00:00,334,82,35
2024-02-14 12:00:00,731,97,41
2024-02-14 13:00:00,819,109,34
2024-02-14 14:00:00,446,82,27
2024-02-14 15:00:00,417,121,32
2024-02-14 16:00:00,544,148,74
2024-02-14 17:00:00,891,171,117
2024-02-14 18:00:00,533,161,90
2024-02-14 19:00:00,340,177,48
2024-02-14 20:00:00,250,145,32
2024-02-14 21:00:00,193,122,24
2024-02-14 22:00:00,183,127,35
2024-02-14 23:00:00,111,134,14
2024-02-15 00:00:00,37,104,8
2024-02-15 01:00:00,38,57,1
2024-02-15 02:00:00,26,51,1
2024-02-15 03:00:00,12,48,0
2024-02-15 04:00:00,5,24,4
2024-02-15 05:00:00,16,23,3
2024-02-15 06:00:00,54,32,21
2024-02-15 07:00:00,187,79,39
2024-02-15 08:00:00,535,114,107
2024-02-15 09:00:00,384,114,67
2024-02-15 10:00:00,302,84,18
2024-02-15 11:00:00,408,95,28
2024-02-15 12:00:00,807,95,20
2024-02-15 13:00:00,841,91,32
2024-02-15 14:00:00,468,96,28
2024-02-15 15:00:00,402,140,30
2024-02-15 16:00:00,473,159,67
2024-02-15 17:00:00,740,173,94
2024-02-15 18:00:00,507,199,105
2024-02-15 19:00:00,316,208,44
2024-02-15 20:00:00,236,174,38
2024-02-15 21:00:00,165,140,33
2024-02-15 22:00:00,207,148,27
2024-02-15 23:00:00,104,137,14
2024-02-16 00:00:00,26,107,8
2024-02-16 01:00:00,23,68,1
2024-02-16 02:00:00,13,57,1
2024-02-16 03:00:00,8,42,2
2024-02-16 04:00:00,15,27,1
2024-02-16 05:00:00,13,26,0
2024-02-16 06:00:00,34,30,12
2024-02-16 07:00:00,155,49,30
2024-02-16 08:00:00,409,94,58
2024-02-16 09:00:00,309,115,32
2024-02-16 10:00:00,300,85,24
2024-02-16 11:00:00,353,96,25
2024-02-16 12:00:00,641,108,29
2024-02-16 13:00:00,631,136,32
2024-02-16 14:00:00,393,109,35
2024-02-16 15:00:00,423,151,41
2024-02-16 16:00:00,585,182,62
2024-02-16 17:00:00,655,185,76
2024-02-16 18:00:00,494,236,80
2024-02-16 19:00:00,312,221,50
2024-02-16 20:00:00,323,191,36
2024-02-16 21:00:00,218,155,26
2024-02-16 22:00:00,279,171,23
2024-02-16 23:00:00,157,174,15
2024-02-17 00:00:00,111,148,7
2024-02-17 01:00:00,68,156,11
2024-02-17 02:00:00,46,146,3
2024-02-17 03:00:00,33,87,2
2024-02-17 04:00:00,14,55,1
2024-02-17 05:00:00,13,33,2
2024-02-17 06:00:00,29,31,3
2024-02-17 07:00:00,40,33,9
2024-02-17 08:00:00,88,45,14
2024-02-17 09:00:00,170,99,11
2024-02-17 10:00:00,247,108,16
2024-02-17 11:00:00,383,110,33
2024-02-17 12:00:00,402,112,35
2024-02-17 13:00:00,423,133,31
2024-02-17 14:00:00,405,120,34
2024-02-17 15:00:00,473,143,20
2024-02-17 16:00:00,412,166,27
2024-02-17 17:00:00,320,226,31
2024-02-17 18:00:00,273,253,35
2024-02-17 19:00:00,270,285,23
2024-02-17 20:00:00,260,275,23
2024-02-17 21:00:00,175,217,19
2024-02-17 22:00:00,170,223,13
2024-02-17 23:00:00,165,217,15
2024-02-18 00:00:00,95,165,10
2024-02-18 01:00:00,66,165,5
2024-02-18 02:00:00,67,174,4
2024-02-18 03:00:00,22,149,2
2024-02-18 04:00:00,8,108,4
2024-02-18 05:00:00,10,60,0
2024-02-18 06:00:00,23,23,2
2024-02-18 07:00:00,27,24,3
2024-02-18 08:00:00,61,40,7
2024-02-18 09:00:00,109,39,19
2024-02-18 10:00:00,217,75,12
2024-02-18 11:00:00,246,86,22
2024-02-18 12:00:00,235,104,26
2024-02-18 13:00:00,239,95,29
2024-02-18 14:00:00,225,104,27
2024-02-18 15:00:00,267,101,27
2024-02-18 16:00:00,285,104,31
2024-02-18 17:00:00,291,108,33
2024-02-18 18:00:00,197,117,32
2024-02-18 19:00:00,185,116,24
2024-02-18 20:00:00,127,108,23
2024-02-18 21:00:00,100,89,18
2024-02-18 22:00:00,118,80,20
2024-02-18 23:00:00,56,64,9
2024-02-19 00:00:00,25,47,5
2024-02-19 01:00:00,14,21,3
2024-02-19 02:00:00,4,24,3
2024-02-19 03:00:00,3,14,0
2024-02-19 04:00:00,7,18,1
2024-02-19 05:00:00,18,21,0
2024-02-19 06:00:00,56,32,15
2024-02-19 07:00:00,165,60,60
2024-02-19 08:00:00,527,94,130
2024-02-19 09:00:00,316,157,60
2024-02-19 10:00:00,240,99,22
2024-02-19 11:00:00,289,102,22
2024-02-19 12:00:00,610,144,46
2024-02-19 13:00:00,635,117,44
2024-02-19 14:00:00,413,106,33
2024-02-19 15:00:00,538,118,39
2024-02-19 16:00:00,504,124,61
2024-02-19 17:00:00,726,143,132
2024-02-19 18:00:00,543,123,91
2024-02-19 19:00:00,281,114,58
2024-02-19 20:00:00,223,101,24
2024-02-19 21:00:00,165,80,17
2024-02-19 22:00:00,92,74,20
2024-02-19 23:00:00,80,63,10
2024-02-20 00:00:00,31,38,6
2024-02-20 01:00:00,8,28,0
2024-02-20 02:00:00,9,15,0
2024-02-20 03:00:00,5,21,3
2024-02-20 04:00:00,7,13,4
2024-02-20 05:00:00,19,10,4
2024-02-20 06:00:00,58,47,19
2024-02-20 07:00:00,247,85,59
2024-02-20 08:00:00,664,116,161
2024-02-20 09:00:00,437,178,91
2024-02-20 10:00:00,235,146,35
2024-02-20 11:00:00,283,132,26
2024-02-20 12:00:00,727,130,45
2024-02-20 13:00:00,657,145,45
2024-02-20 14:00:00,411,121,43
2024-02-20 15:00:00,389,126,47
2024-02-20 16:00:00,576,169,60
2024-02-20 17:00:00,818,159,155
2024-02-20 18:00:00,575,152,110
2024-02-20 19:00:00,315,159,40
2024-02-20 20:00:00,190,119,38
2024-02-20 21:00:00,208,93,34
2024-02-20 22:00:00,139,110,29
2024-02-20 23:00:00,66,75,11
2024-02-21 00:00:00,32,60,6
2024-02-21 01:00:00,5,45,2
2024-02-21 02:00:00,4,17,1
2024-02-21 03:00:00,5,16,3
2024-02-21 04:00:00,2,8,1
2024-02-21 05:00:00,12,24,8
2024-02-21 06:00:00,38,53,18
2024-02-21 07:00:00,188,114,39
2024-02-21 08:00:00,499,120,98
2024-02-21 09:00:00,313,204,70
2024-02-21 10:00:00,193,230,13
2024-02-21 11:00:00,254,163,20
2024-02-21 12:00:00,517,165,31
2024-02-21 13:00:00,618,154,29
2024-02-21 14:00:00,331,165,39
2024-02-21 15:00:00,358,153,42
2024-02-21 16:00:00,464,185,57
2024-02-21 17:00:00,799,215,92
2024-02-21 18:00:00,559,183,71
2024-02-21 19:00:00,325,165,48
2024-02-21 20:00:00,257,116,43
2024-02-21 21:00:00,153,91,24
2024-02-21 22:00:00,188,133,30
2024-02-21 23:00:00,104,102,13
2024-02-22 00:00:00,31,85,10
2024-02-22 01:00:00,20,42,2
2024-02-22 02:00:00,6,36,1
2024-02-22 03:00:00,10,20,3
2024-02-22 04:00:00,4,24,1
2024-02-22 05:00:00,11,28,0
2024-02-22 06:00:00,56,35,9
2024-02-22 07:00:00,180,91,46
2024-02-22 08:00:00,543,126,93
2024-02-22 09:00:00,361,212,70
2024-02-22 10:00:00,277,196,31
2024-02-22 11:00:00,266,169,32
2024-02-22 12:00:00,536,153,25
2024-02-22 13:00:00,426,189,28
2024-02-22 14:00:00,298,182,34
2024-02-22 15:00:00,355,160,31
2024-02-22 16:00:00,508,182,52
2024-02-22 17:00:00,754,189,102
2024-02-22 18:00:00,500,191,103
2024-02-22 19:00:00,303,176,53
2024-02-22 20:00:00,278,128,33
2024-02-22 21:00:00,226,128,23
2024-02-22 22:00:00,168,115,21
2024-02-22 23:00:00,106,125,15
2024-02-23 00:00:00,16,80,10
2024-02-23 01:00:00,9,75,0
2024-02-23 02:00:00,17,43,1
2024-02-23 03:00:00,14,37,1
2024-02-23 04:00:00,6,26,2
2024-02-23 05:00:00,10,15,1
2024-02-23 06:00:00,39,34,12
2024-02-23 07:00:00,159,69,38
2024-02-23 08:00:00,421,110,106
2024-02-23 09:00:00,299,174,46
2024-02-23 10:00:00,269,157,26
2024-02-23 11:00:00,266,179,32
2024-02-23 12:00:00,508,177,45
2024-02-23 13:00:00,589,163,40
2024-02-23 14:00:00,377,178,45
2024-02-23 15:00:00,392,183,36
2024-02-23 16:00:00,578,233,69
2024-02-23 17:00:00,705,192,92
2024-02-23 18:00:00,552,198,76
2024-02-23 19:00:00,410,259,37
2024-02-23 20:00:00,293,226,38
2024-02-23 21:00:00,205,183,27
2024-02-23 22:00:00,297,197,24
2024-02-23 23:00:00,208,201,10
2024-02-24 00:00:00,82,180,12
2024-02-24 01:00:00,46,143,6
2024-02-24 02:00:00,46,105,2
2024-02-24 03:00:00,33,101,4
2024-02-24 04:00:00,13,67,1
2024-02-24 05:00:00,12,41,0
2024-02-24 06:00:00,27,31,5
2024-02-24 07:00:00,46,41,7
2024-02-24 08:00:00,66,79,15
2024-02-24 09:00:00,161,98,16
2024-02-24 10:00:00,340,104,21
2024-02-24 11:00:00,432,114,20
2024-02-24 12:00:00,409,148,36
2024-02-24 13:00:00,444,157,27
2024-02-24 14:00:00,427,183,24
2024-02-24 15:00:00,455,161,39
2024-02-24 16:00:00,526,154,38
2024-02-24 17:00:00,483,199,40
2024-02-24 18:00:00,417,232,39
2024-02-24 19:00:00,360,231,41
2024-02-24 20:00:00,318,202,33
2024-02-24 21:00:00,249,209,26
2024-02-24 22:00:00,240,208,23
2024-02-24 23:00:00,201,207,25
2024-02-25 00:00:00,137,208,9
2024-02-25 01:00:00,76,208,8
2024-02-25 02:00:00,67,171,8
2024-02-25 03:00:00,56,153,0
2024-02-25 04:00:00,38,92,2
2024-02-25 05:00:00,22,45,2
2024-02-25 06:00:00,35,34,4
2024-02-25 07:00:00,22,26,2
2024-02-25 08:00:00,70,36,15
2024-02-25 09:00:00,136,62,15
2024-02-25 10:00:00,232,95,13
2024-02-25 11:00:00,277,104,14
2024-02-25 12:00:00,231,144,22
2024-02-25 13:00:00,212,115,16
2024-02-25 14:00:00,232,151,17
2024-02-25 15:00:00,176,150,24
2024-02-25 16:00:00,203,121,17
2024-02-25 17:00:00,185,140,21
2024-02-25 18:00:00,172,182,34
2024-02-25 19:00:00,132,133,28
2024-02-25 20:00:00,86,133,15
2024-02-25 21:00:00,68,108,15
2024-02-25 22:00:00,69,98,13
2024-02-25 23:00:00,37,64,5
2024-02-26 00:00:00,23,55,4
2024-02-26 01:00:00,5,32,0
2024-02-26 02:00:00,8,19,1
2024-02-26 03:00:00,2,10,0
2024-02-26 04:00:00,8,14,1
2024-02-26 05:00:00,8,9,3
2024-02-26 06:00:00,36,41,9
2024-02-26 07:00:00,173,81,34
2024-02-26 08:00:00,570,104,120
2024-02-26 09:00:00,514,131,71
2024-02-26 10:00:00,228,77,18
2024-02-26 11:00:00,270,85,20
2024-02-26 12:00:00,522,101,21
2024-02-26 13:00:00,605,74,38
2024-02-26 14:00:00,348,81,30
2024-02-26 15:00:00,365,84,45
2024-02-26 16:00:00,448,120,48
2024-02-26 17:00:00,712,136,118
2024-02-26 18:00:00,504,163,74
2024-02-26 19:00:00,258,102,50
2024-02-26 20:00:00,201,115,32
2024-02-26 21:00:00,160,113,31
2024-02-26 22:00:00,136,100,13
2024-02-26 23:00:00,58,48,10
2024-02-27 00:00:00,29,62,4
2024-02-27 01:00:00,9,36,4
2024-02-27 02:00:00,7,20,3
2024-02-27 03:00:00,2,20,0
2024-02-27 04:00:00,9,7,2
2024-02-27 05:00:00,13,20,5
2024-02-27 06:00:00,59,49,12
2024-02-27 07:00:00,261,92,58
2024-02-27 08:00:00,624,98,158
2024-02-27 09:00:00,409,148,89
2024-02-27 10:00:00,265,99,28
2024-02-27 11:00:00,301,80,30
2024-02-27 12:00:00,834,95,41
2024-02-27 13:00:00,784,82,28
2024-02-27 14:00:00,359,112,45
2024-02-27 15:00:00,338,120,39
2024-02-27 16:00:00,513,149,70
2024-02-27 17:00:00,798,176,124
2024-02-27 18:00:00,462,195,91
2024-02-27 19:00:00,321,162,41
2024-02-27 20:00:00,219,134,46
2024-02-27 21:00:00,136,107,34
2024-02-27 22:00:00,170,92,26
2024-02-27 23:00:00,79,76,12
2024-02-28 00:00:00,27,64,6
2024-02-28 01:00:00,27,38,2
2024-02-28 02:00:00,9,25,1
2024-02-28 03:00:00,5,19,1
2024-02-28 04:00:00,9,19,1
2024-02-28 05:00:00,15,22,3
2024-02-28 06:00:00,64,45,17
2024-02-28 07:00:00,251,88,55
2024-02-28 08:00:00,618,92,135
2024-02-28 09:00:00,379,176,88
2024-02-28 10:00:00,262,103,20
2024-02-28 11:00:00,277,101,16
2024-02-28 12:00:00,715,91,31
2024-02-28 13:00:00,715,111,46
2024-02-28 14:00:00,342,117,31
2024-02-28 15:00:00,331,104,33
2024-02-28 16:00:00,530,150,57
2024-02-28 17:00:00,807,185,119
2024-02-28 18:00:00,450,185,78
2024-02-28 19:00:00,325,137,48
2024-02-28 20:00:00,218,121,37
2024-02-28 21:00:00,180,119,34
2024-02-28 22:00:00,203,102,24
2024-02-28 23:00:00,94,96,18
2024-02-29 00:00:00,36,63,4
2024-02-29 01:00:00,22,42,4
2024-02-29 02:00:00,8,28,0
2024-02-29 03:00:00,7,26,0
2024-02-29 04:00:00,2,16,2
2024-02-29 05:00:00,7,17,1
2024-02-29 06:00:00,49,43,9
2024-02-29 07:00:00,226,83,44
2024-02-29 08:00:00,603,106,116
2024-02-29 09:00:00,430,165,65
2024-02-29 10:00:00,242,119,28
2024-02-29 11:00:00,261,91,25
2024-02-29 12:00:00,653,97,28
2024-02-29 13:00:00,743,99,45
2024-02-29 14:00:00,444,111,39
2024-02-29 15:00:00,418,113,30
2024-02-29 16:00:00,588,159,71
2024-02-29 17:00:00,863,164,108
2024-02-29 18:00:00,546,179,94
2024-02-29 19:00:00,325,155,52
2024-02-29 20:00:00,245,136,42
2024-02-29 21:00:00,155,106,23
2024-02-29 22:00:00,194,116,34
2024-02-29 23:00:00,101,117,9
2024-03-01 00:00:00,53,118,8
2024-03-01 01:00:00,25,72,7
2024-03-01 02:00:00,29,67,1
2024-03-01 03:00:00,18,49,3
2024-03-01 04:00:00,3,32,1
2024-03-01 05:00:00,6,12,5
2024-03-01 06:00:00,34,52,10
2024-03-01 07:00:00,148,74,33
2024-03-01 08:00:00,408,116,75
2024-03-01 09:00:00,275,148,38
2024-03-01 10:00:00,204,131,14
2024-03-01 11:00:00,256,108,18
2024-03-01 12:00:00,604,97,19
2024-03-01 13:00:00,498,124,25
2024-03-01 14:00:00,415,139,29
2024-03-01 15:00:00,353,123,36
2024-03-01 16:00:00,476,149,51
2024-03-01 17:00:00,673,173,80
2024-03-01 18:00:00,466,209,63
2024-03-01 19:00:00,320,237,52
2024-03-01 20:00:00,208,202,40
2024-03-01 21:00:00,224,172,25
2024-03-01 22:00:00,262,203,28
2024-03-01 23:00:00,192,209,16
2024-03-02 00:00:00,68,173,9
2024-03-02 01:00:00,49,167,3
2024-03-02 02:00:00,77,117,2
2024-03-02 03:00:00,41,133,3
2024-03-02 04:00:00,23,73,0
2024-03-02 05:00:00,18,58,1
2024-03-02 06:00:00,22,31,0
2024-03-02 07:00:00,39,44,12
2024-03-02 08:00:00,60,47,12
2024-03-02 09:00:00,330,65,8
2024-03-02 10:00:00,322,95,6
2024-03-02 11:00:00,344,112,12
2024-03-02 12:00:00,346,149,19
2024-03-02 13:00:00,330,181,19
2024-03-02 14:00:00,406,151,9
2024-03-02 15:00:00,406,197,21
2024-03-02 16:00:00,501,217,29
2024-03-02 17:00:00,560,167,32
2024-03-02 18:00:00,500,202,34
2024-03-02 19:00:00,369,233,26
2024-03-02 20:00:00,287,230,19
2024-03-02 21:00:00,281,217,26
2024-03-02 22:00:00,301,196,24
2024-03-02 23:00:00,187,216,19
2024-03-03 00:00:00,98,197,7
2024-03-03 01:00:00,64,221,6
2024-03-03 02:00:00,74,206,6
2024-03-03 03:00:00,42,167,3
2024-03-03 04:00:00,21,117,2
2024-03-03 05:00:00,10,57,0
2024-03-03 06:00:00,33,20,4
2024-03-03 07:00:00,22,23,5
2024-03-03 08:00:00,69,45,10
2024-03-03 09:00:00,168,64,24
2024-03-03 10:00:00,261,84,19
2024-03-03 11:00:00,310,86,21
2024-03-03 12:00:00,365,98,25
2024-03-03 13:00:00,298,94,28
2024-03-03 14:00:00,367,109,25
2024-03-03 15:00:00,387,88,28
2024-03-03 16:00:00,297,93,33
2024-03-03 17:00:00,339,116,22
2024-03-03 18:00:00,277,106,31
2024-03-03 19:00:00,242,125,25
2024-03-03 20:00:00,126,112,34
2024-03-03 21:00:00,109,95,19
2024-03-03 22:00:00,73,80,15
2024-03-03 23:00:00,53,64,7
2024-03-04 00:00:00,21,44,2
2024-03-04 01:00:00,12,31,3
2024-03-04 02:00:00,3,23,0
2024-03-04 03:00:00,9,26,1
2024-03-04 04:00:00,4,15,1
2024-03-04 05:00:00,18,12,4
2024-03-04 06:00:00,47,38,11
2024-03-04 07:00:00,205,72,36
2024-03-04 08:00:00,565,101,119
2024-03-04 09:00:00,357,145,59
2024-03-04 10:00:00,258,82,15
2024-03-04 11:00:00,260,87,21
2024-03-04 12:00:00,579,68,21
2024-03-04 13:00:00,612,73,28
2024-03-04 14:00:00,303,96,15
2024-03-04 15:00:00,274,93,26
2024-03-04 16:00:00,408,137,64
2024-03-04 17:00:00,616,153,125
2024-03-04 18:00:00,451,135,81
2024-03-04 19:00:00,237,117,39
2024-03-04 20:00:00,185,91,32
2024-03-04 21:00:00,140,83,24
2024-03-04 22:00:00,124,86,17
2024-03-04 23:00:00,38,60,9
2024-03-05 00:00:00,32,39,7
2024-03-05 01:00:00,18,31,1
2024-03-05 02:00:00,1,15,1
2024-03-05 03:00:00,9,14,2
2024-03-05 04:00:00,7,13,2
2024-03-05 05:00:00,19,20,4
2024-03-05 06:00:00,72,41,14
2024-03-05 07:00:00,266,80,59
2024-03-05 08:00:00,591,96,137
2024-03-05 09:00:00,385,139,75
2024-03-05 10:00:00,255,92,30
2024-03-05 11:00:00,277,74,26
2024-03-05 12:00:00,765,74,33
2024-03-05 13:00:00,856,65,34
2024-03-05 14:00:00,385,88,21
2024-03-05 15:00:00,413,99,37
2024-03-05 16:00:00,588,125,68
2024-03-05 17:00:00,906,145,151
2024-03-05 18:00:00,551,133,80
2024-03-05 19:00:00,348,149,65
2024-03-05 20:00:00,237,121,44
2024-03-05 21:00:00,149,106,24
2024-03-05 22:00:00,139,123,22
2024-03-05 23:00:00,72,87,12
2024-03-06 00:00:00,29,54,7
2024-03-06 01:00:00,6,49,4
2024-03-06 02:00:00,9,38,1
2024-03-06 03:00:00,4,18,1
2024-03-06 04:00:00,5,21,2
2024-03-06 05:00:00,17,23,2
2024-03-06 06:00:00,62,60,16
2024-03-06 07:00:00,310,93,59
2024-03-06 08:00:00,688,103,126
2024-03-06 09:00:00,435,155,78
2024-03-06 10:00:00,308,89,21
2024-03-06 11:00:00,332,86,33
2024-03-06 12:00:00,754,106,23
2024-03-06 13:00:00,853,78,43
2024-03-06 14:00:00,525,107,43
2024-03-06 15:00:00,447,120,43
2024-03-06 16:00:00,545,143,57
2024-03-06 17:00:00,842,168,137
2024-03-06 18:00:00,607,135,97
2024-03-06 19:00:00,323,159,42
2024-03-06 20:00:00,230,144,76
2024-03-06 21:00:00,174,129,27
2024-03-06 22:00:00,174,140,22
2024-03-06 23:00:00,142,115,7
2024-03-07 00:00:00,41,79,10
2024-03-07 01:00:00,12,62,4
2024-03-07 02:00:00,8,36,3
2024-03-07 03:00:00,11,25,2
2024-03-07 04:00:00,3,23,2
2024-03-07 05:00:00,16,16,2
2024-03-07 06:00:00,69,48,21
2024-03-07 07:00:00,260,79,63
2024-03-07 08:00:00,588,116,113
2024-03-07 09:00:00,382,150,72
2024-03-07 10:00:00,234,90,36
2024-03-07 11:00:00,295,95,18
2024-03-07 12:00:00,733,103,37
2024-03-07 13:00:00,776,92,31
2024-03-07 14:00:00,387,131,39
2024-03-07 15:00:00,361,111,39
2024-03-07 16:00:00,640,128,67
2024-03-07 17:00:00,835,172,139
2024-03-07 18:00:00,514,178,86
2024-03-07 19:00:00,347,153,65
2024-03-07 20:00:00,231,132,43
2024-03-07 21:00:00,258,136,34
2024-03-07 22:00:00,220,148,26
2024-03-07 23:00:00,90,124,19
2024-03-08 00:00:00,42,95,9
2024-03-08 01:00:00,19,79,8
2024-03-08 02:00:00,29,50,1
2024-03-08 03:00:00,12,37,0
2024-03-08 04:00:00,2,26,1
2024-03-08 05:00:00,13,25,1
2024-03-08 06:00:00,63,40,8
2024-03-08 07:00:00,158,70,38
2024-03-08 08:00:00,404,106,91
2024-03-08 09:00:00,287,118,48
2024-03-08 10:00:00,264,108,22
2024-03-08 11:00:00,369,113,24
2024-03-08 12:00:00,621,109,24
2024-03-08 13:00:00,607,109,47
2024-03-08 14:00:00,484,157,34
2024-03-08 15:00:00,369,146,33
2024-03-08 16:00:00,514,165,52
2024-03-08 17:00:00,622,186,89
2024-03-08 18:00:00,444,187,71
2024-03-08 19:00:00,358,194,50
2024-03-08 20:00:00,253,203,40
2024-03-08 21:00:00,279,205,25
2024-03-08 22:00:00,309,254,28
2024-03-08 23:00:00,194,250,19
2024-03-09 00:00:00,97,228,9
2024-03-09 01:00:00,98,151,9
2024-03-09 02:00:00,42,142,5
2024-03-09 03:00:00,42,141,1
2024-03-09 04:00:00,43,78,3
2024-03-09 05:00:00,11,43,2
2024-03-09 06:00:00,25,34,3
2024-03-09 07:00:00,57,41,7
2024-03-09 08:00:00,118,60,7
2024-03-09 09:00:00,191,72,25
2024-03-09 10:00:00,268,110,17
2024-03-09 11:00:00,373,118,32
2024-03-09 12:00:00,400,124,32
2024-03-09 13:00:00,467,124,35
2024-03-09 14:00:00,362,145,27
2024-03-09 15:00:00,446,168,27
2024-03-09 16:00:00,427,166,30
2024-03-09 17:00:00,406,178,27
2024-03-09 18:00:00,402,153,14
2024-03-09 19:00:00,356,225,37
2024-03-09 20:00:00,271,213,18
2024-03-09 21:00:00,241,205,26
2024-03-09 22:00:00,248,228,23
2024-03-09 23:00:00,140,249,17
2024-03-10 00:00:00,76,202,6
2024-03-10 01:00:00,32,217,7
2024-03-10 02:00:00,45,182,3
2024-03-10 03:00:00,41,161,1
2024-03-10 04:00:00,19,96,2
2024-03-10 05:00:00,8,45,0
2024-03-10 06:00:00,20,30,1
2024-03-10 07:00:00,25,27,10
2024-03-10 08:00:00,62,59,8
2024-03-10 09:00:00,144,74,14
2024-03-10 10:00:00,212,113,11
2024-03-10 11:00:00,257,113,26
2024-03-10 12:00:00,269,96,22
2024-03-10 13:00:00,294,91,20
2024-03-10 14:00:00,226,92,13
2024-03-10 15:00:00,291,125,27
2024-03-10 16:00:00,200,78,13
2024-03-10 17:00:00,196,76,25
2024-03-10 18:00:00,203,125,28
2024-03-10 19:00:00,185,118,26
2024-03-10 20:00:00,159,120,25
2024-03-10 21:00:00,120,86,21
2024-03-10 22:00:00,114,93,16
2024-03-10 23:00:00,50,79,11
2024-03-11 00:00:00,24,58,7
2024-03-11 01:00:00,10,37,1
2024-03-11 02:00:00,5,25,1
2024-03-11 03:00:00,4,13,1
2024-03-11 04:00:00,5,10,2
2024-03-11 05:00:00,6,28,4
2024-03-11 06:00:00,50,36,11
2024-03-11 07:00:00,188,59,43
2024-03-11 08:00:00,600,99,130
2024-03-11 09:00:00,392,128,48
2024-03-11 10:00:00,234,85,13
2024-03-11 11:00:00,276,81,15
2024-03-11 12:00:00,560,80,25
2024-03-11 13:00:00,622,78,30
2024-03-11 14:00:00,377,99,33
2024-03-11 15:00:00,363,101,50
2024-03-11 16:00:00,527,138,54
2024-03-11 17:00:00,736,142,143
2024-03-11 18:00:00,460,114,77
2024-03-11 19:00:00,342,126,52
2024-03-11 20:00:00,182,97,30
2024-03-11 21:00:00,161,106,20
2024-03-11 22:00:00,130,81,28
2024-03-11 23:00:00,73,79,11
2024-03-12 00:00:00,16,53,3
2024-03-12 01:00:00,14,36,1
2024-03-12 02:00:00,2,31,3
2024-03-12 03:00:00,6,20,0
2024-03-12 04:00:00,10,12,2
2024-03-12 05:00:00,19,15,2
2024-03-12 06:00:00,53,56,10
2024-03-12 07:00:00,242,94,45
2024-03-12 08:00:00,560,127,132
2024-03-12 09:00:00,299,180,48
2024-03-12 10:00:00,177,147,18
2024-03-12 11:00:00,223,109,11
2024-03-12 12:00:00,609,94,15
2024-03-12 13:00:00,536,83,24
2024-03-12 14:00:00,304,120,23
2024-03-12 15:00:00,315,136,31
2024-03-12 16:00:00,466,159,52
2024-03-12 17:00:00,755,182,109
2024-03-12 18:00:00,470,135,77
2024-03-12 19:00:00,326,137,44
2024-03-12 20:00:00,197,143,31
2024-03-12 21:00:00,179,134,23
2024-03-12 22:00:00,169,108,26
2024-03-12 23:00:00,105,81,13
2024-03-13 00:00:00,34,78,12
2024-03-13 01:00:00,16,49,3
2024-03-13 02:00:00,7,28,3
2024-03-13 03:00:00,6,20,1
2024-03-13 04:00:00,5,16,3
2024-03-13 05:00:00,12,23,1
2024-03-13 06:00:00,67,55,16
2024-03-13 07:00:00,267,76,73
2024-03-13 08:00:00,617,119,126
2024-03-13 09:00:00,401,154,77
2024-03-13 10:00:00,244,113,23
2024-03-13 11:00:00,347,92,30
2024-03-13 12:00:00,744,84,30
2024-03-13 13:00:00,705,106,36
2024-03-13 14:00:00,343,94,42
2024-03-13 15:00:00,361,121,49
2024-03-13 16:00:00,483,166,57
2024-03-13 17:00:00,845,180,154
2024-03-13 18:00:00,485,128,86
2024-03-13 19:00:00,303,157,56
2024-03-13 20:00:00,189,127,55
2024-03-13 21:00:00,250,108,22
2024-03-13 22:00:00,227,93,17
2024-03-13 23:00:00,122,103,12
2024-03-14 00:00:00,30,83,7
2024-03-14 01:00:00,25,67,3
2024-03-14 02:00:00,15,34,0
2024-03-14 03:00:00,11,21,2
2024-03-14 04:00:00,6,19,5
2024-03-14 05:00:00,13,21,3
2024-03-14 06:00:00,65,52,15
2024-03-14 07:00:00,264,75,58
2024-03-14 08:00:00,613,106,141
2024-03-14 09:00:00,414,160,81
2024-03-14 10:00:00,268,133,29
2024-03-14 11:00:00,329,89,27
2024-03-14 12:00:00,643,87,34
2024-03-14 13:00:00,695,98,34
2024-03-14 14:00:00,348,126,22
2024-03-14 15:00:00,334,142,38
2024-03-14 16:00:00,454,153,53
2024-03-14 17:00:00,760,183,116
2024-03-14 18:00:00,518,162,81
2024-03-14 19:00:00,321,155,44
2024-03-14 20:00:00,280,126,52
2024-03-14 21:00:00,254,137,37
2024-03-14 22:00:00,223,135,36
2024-03-14 23:00:00,128,132,7
2024-03-15 00:00:00,50,89,4
2024-03-15 01:00:00,23,86,3
2024-03-15 02:00:00,41,41,1
2024-03-15 03:00:00,14,35,1
2024-03-15 04:00:00,8,22,1
2024-03-15 05:00:00,17,25,1
2024-03-15 06:00:00,45,43,13
2024-03-15 07:00:00,169,78,39
2024-03-15 08:00:00,440,128,70
2024-03-15 09:00:00,326,132,48
2024-03-15 10:00:00,281,113,24
2024-03-15 11:00:00,348,79,23
2024-03-15 12:00:00,564,104,20
2024-03-15 13:00:00,532,87,37
2024-03-15 14:00:00,433,126,33
2024-03-15 15:00:00,430,125,47
2024-03-15 16:00:00,495,134,63
2024-03-15 17:00:00,622,171,103
2024-03-15 18:00:00,550,128,61
2024-03-15 19:00:00,371,169,53
2024-03-15 20:00:00,333,173,54
2024-03-15 21:00:00,314,154,29
2024-03-15 22:00:00,320,183,32
2024-03-15 23:00:00,200,161,21
2024-03-16 00:00:00,111,153,13
2024-03-16 01:00:00,95,166,7
2024-03-16 02:00:00,59,150,3
2024-03-16 03:00:00,40,96,1
2024-03-16 04:00:00,21,57,0
2024-03-16 05:00:00,34,47,2
2024-03-16 06:00:00,36,36,10
2024-03-16 07:00:00,51,40,10
2024-03-16 08:00:00,121,42,17
2024-03-16 09:00:00,238,70,20
2024-03-16 10:00:00,315,102,19
2024-03-16 11:00:00,401,96,37
2024-03-16 12:00:00,447,118,29
2024-03-16 13:00:00,453,121,21
2024-03-16 14:00:00,431,139,36
2024-03-16 15:00:00,345,151,25
2024-03-16 16:00:00,400,163,30
2024-03-16 17:00:00,313,176,24
2024-03-16 18:00:00,394,138,29
2024-03-16 19:00:00,370,184,35
2024-03-16 20:00:00,320,196,25
2024-03-16 21:00:00,265,188,30
2024-03-16 22:00:00,268,189,37
2024-03-16 23:00:00,229,204,22
2024-03-17 00:00:00,101,205,10
2024-03-17 01:00:00,84,177,6
2024-03-17 02:00:00,64,161,5
2024-03-17 03:00:00,69,141,4
2024-03-17 04:00:00,27,82,1
2024-03-17 05:00:00,17,52,0
2024-03-17 06:00:00,24,25,4
2024-03-17 07:00:00,26,27,3
2024-03-17 08:00:00,85,76,17
2024-03-17 09:00:00,96,78,10
2024-03-17 10:00:00,256,66,24
2024-03-17 11:00:00,237,89,16
2024-03-17 12:00:00,301,98,30
2024-03-17 13:00:00,291,108,37
2024-03-17 14:00:00,362,113,33
2024-03-17 15:00:00,422,113,30
2024-03-17 16:00:00,381,115,34
2024-03-17 17:00:00,326,105,33
2024-03-17 18:00:00,326,96,36
2024-03-17 19:00:00,257,122,42
2024-03-17 20:00:00,196,101,24
2024-03-17 21:00:00,125,77,22
2024-03-17 22:00:00,163,79,22
2024-03-17 23:00:00,83,92,13
2024-03-18 00:00:00,53,69,8
2024-03-18 01:00:00,19,58,7
2024-03-18 02:00:00,19,44,1
2024-03-18 03:00:00,7,22,0
2024-03-18 04:00:00,7,13,2
2024-03-18 05:00:00,14,13,7
2024-03-18 06:00:00,61,30,15
2024-03-18 07:00:00,220,62,60
2024-03-18 08:00:00,568,90,122
2024-03-18 09:00:00,368,92,64
2024-03-18 10:00:00,289,96,24
2024-03-18 11:00:00,302,75,27
2024-03-18 12:00:00,705,80,34
2024-03-18 13:00:00,712,90,38
2024-03-18 14:00:00,405,69,25
2024-03-18 15:00:00,357,74,43
2024-03-18 16:00:00,479,94,72
2024-03-18 17:00:00,747,111,116
2024-03-18 18:00:00,495,81,91
2024-03-18 19:00:00,290,110,41
2024-03-18 20:00:00,194,98,25
2024-03-18 21:00:00,181,89,19
2024-03-18 22:00:00,204,98,20
2024-03-18 23:00:00,67,62,11
2024-03-19 00:00:00,29,50,8
2024-03-19 01:00:00,12,43,4
2024-03-19 02:00:00,8,21,1
2024-03-19 03:00:00,14,19,0
2024-03-19 04:00:00,8,14,1
2024-03-19 05:00:00,22,27,4
2024-03-19 06:00:00,72,51,14
2024-03-19 07:00:00,283,75,70
2024-03-19 08:00:00,593,86,155
2024-03-19 09:00:00,431,116,84
2024-03-19 10:00:00,253,78,39
2024-03-19 11:00:00,324,81,24
2024-03-19 12:00:00,842,74,36
2024-03-19 13:00:00,840,78,26
2024-03-19 14:00:00,442,130,32
2024-03-19 15:00:00,390,103,37
2024-03-19 16:00:00,497,129,78
2024-03-19 17:00:00,805,175,148
2024-03-19 18:00:00,577,127,115
2024-03-19 19:00:00,355,136,70
2024-03-19 20:00:00,211,99,55
2024-03-19 21:00:00,210,101,40
2024-03-19 22:00:00,143,104,24
2024-03-19 23:00:00,73,85,16
2024-03-20 00:00:00,35,64,9
2024-03-20 01:00:00,22,46,5
2024-03-20 02:00:00,15,24,1
2024-03-20 03:00:00,21,37,0
2024-03-20 04:00:00,8,13,3
2024-03-20 05:00:00,25,22,3
2024-03-20 06:00:00,77,40,22
2024-03-20 07:00:00,274,84,55
2024-03-20 08:00:00,609,73,134
2024-03-20 09:00:00,392,134,80
2024-03-20 10:00:00,257,80,21
2024-03-20 11:00:00,248,71,23
2024-03-20 12:00:00,685,76,33
2024-03-20 13:00:00,779,83,41
2024-03-20 14:00:00,356,94,34
2024-03-20 15:00:00,359,86,48
2024-03-20 16:00:00,492,152,70
2024-03-20 17:00:00,889,166,158
2024-03-20 18:00:00,564,86,84
2024-03-20 19:00:00,354,130,62
2024-03-20 20:00:00,220,111,56
2024-03-20 21:00:00,203,108,28
2024-03-20 22:00:00,206,118,34
2024-03-20 23:00:00,91,91,20
2024-03-21 00:00:00,66,63,5
2024-03-21 01:00:00,18,46,6
2024-03-21 02:00:00,15,30,1
2024-03-21 03:00:00,16,21,1
2024-03-21 04:00:00,8,17,2
2024-03-21 05:00:00,17,21,3
2024-03-21 06:00:00,75,37,15
2024-03-21 07:00:00,286,73,59
2024-03-21 08:00:00,592,103,125
2024-03-21 09:00:00,400,117,72
2024-03-21 10:00:00,317,97,22
2024-03-21 11:00:00,290,77,30
2024-03-21 12:00:00,711,85,30
2024-03-21 13:00:00,746,105,35
2024-03-21 14:00:00,426,105,25
2024-03-21 15:00:00,345,121,26
2024-03-21 16:00:00,532,169,76
2024-03-21 17:00:00,817,143,120
2024-03-21 18:00:00,602,130,78
2024-03-21 19:00:00,393,143,58
2024-03-21 20:00:00,261,128,53
2024-03-21 21:00:00,231,108,46
2024-03-21 22:00:00,277,126,28
2024-03-21 23:00:00,194,105,12
2024-03-22 00:00:00,64,115,5
2024-03-22 01:00:00,26,78,4
2024-03-22 02:00:00,45,56,3
2024-03-22 03:00:00,8,36,2
2024-03-22 04:00:00,12,18,2
2024-03-22 05:00:00,15,24,1
2024-03-22 06:00:00,70,42,18
2024-03-22 07:00:00,179,75,44
2024-03-22 08:00:00,394,103,79
2024-03-22 09:00:00,281,140,41
2024-03-22 10:00:00,253,90,21
2024-03-22 11:00:00,280,91,25
2024-03-22 12:00:00,535,92,38
2024-03-22 13:00:00,535,122,31
2024-03-22 14:00:00,365,155,28
2024-03-22 15:00:00,410,133,43
2024-03-22 16:00:00,518,155,71
2024-03-22 17:00:00,614,175,107
2024-03-22 18:00:00,483,149,78
2024-03-22 19:00:00,342,161,52
2024-03-22 20:00:00,283,159,43
2024-03-22 21:00:00,239,129,30
2024-03-22 22:00:00,280,146,37
2024-03-22 23:00:00,206,152,29
2024-03-23 00:00:00,85,182,9
2024-03-23 01:00:00,47,154,4
2024-03-23 02:00:00,54,124,0
2024-03-23 03:00:00,21,106,2
2024-03-23 04:00:00,25,59,2
2024-03-23 05:00:00,13,41,3
2024-03-23 06:00:00,30,28,2
2024-03-23 07:00:00,37,30,8
2024-03-23 08:00:00,98,57,22
2024-03-23 09:00:00,215,83,13
2024-03-23 10:00:00,274,92,24
2024-03-23 11:00:00,326,117,22
2024-03-23 12:00:00,368,156,17
2024-03-23 13:00:00,337,155,21
2024-03-23 14:00:00,407,160,29
2024-03-23 15:00:00,405,144,30
2024-03-23 16:00:00,452,148,30
2024-03-23 17:00:00,429,175,41
2024-03-23 18:00:00,401,166,37
2024-03-23 19:00:00,352,210,23
2024-03-23 20:00:00,324,195,33
2024-03-23 21:00:00,296,183,30
2024-03-23 22:00:00,298,217,23
2024-03-23 23:00:00,162,227,19
2024-03-24 00:00:00,109,203,5
2024-03-24 01:00:00,61,189,10
2024-03-24 02:00:00,60,172,0
2024-03-24 03:00:00,56,114,3
2024-03-24 04:00:00,12,58,0
2024-03-24 05:00:00,15,46,1
2024-03-24 06:00:00,14,23,3
2024-03-24 07:00:00,36,26,11
2024-03-24 08:00:00,58,41,15
2024-03-24 09:00:00,107,69,17
2024-03-24 10:00:00,207,108,13
2024-03-24 11:00:00,229,85,23
2024-03-24 12:00:00,333,116,15
2024-03-24 13:00:00,241,88,30
2024-03-24 14:00:00,304,116,29
2024-03-24 15:00:00,327,89,19
2024-03-24 16:00:00,262,120,20
2024-03-24 17:00:00,305,91,24
2024-03-24 18:00:00,251,78,35
2024-03-24 19:00:00,213,88,28
2024-03-24 20:00:00,115,105,15
2024-03-24 21:00:00,106,81,17
2024-03-24 22:00:00,143,83,17
2024-03-24 23:00:00,55,66,7
2024-03-25 00:00:00,24,69,5
2024-03-25 01:00:00,14,46,1
2024-03-25 02:00:00,3,25,1
2024-03-25 03:00:00,5,14,0
2024-03-25 04:00:00,4,15,0
2024-03-25 05:00:00,11,17,2
2024-03-25 06:00:00,41,44,20
2024-03-25 07:00:00,161,52,41
2024-03-25 08:00:00,509,100,119
2024-03-25 09:00:00,293,131,53
2024-03-25 10:00:00,395,91,29
2024-03-25 11:00:00,260,84,27
2024-03-25 12:00:00,526,92,24
2024-03-25 13:00:00,494,83,29
2024-03-25 14:00:00,289,79,39
2024-03-25 15:00:00,284,109,38
2024-03-25 16:00:00,415,131,63
2024-03-25 17:00:00,612,148,106
2024-03-25 18:00:00,421,124,72
2024-03-25 19:00:00,230,104,41
2024-03-25 20:00:00,168,109,45
2024-03-25 21:00:00,141,125,23
2024-03-25 22:00:00,130,101,8
2024-03-25 23:00:00,31,84,8
2024-03-26 00:00:00,24,57,7
2024-03-26 01:00:00,7,41,3
2024-03-26 02:00:00,13,30,1
2024-03-26 03:00:00,1,14,4
2024-03-26 04:00:00,8,17,3
2024-03-26 05:00:00,10,29,2
2024-03-26 06:00:00,59,43,16
2024-03-26 07:00:00,253,78,61
2024-03-26 08:00:00,528,105,137
2024-03-26 09:00:00,337,122,75
2024-03-26 10:00:00,217,91,22
2024-03-26 11:00:00,233,90,22
2024-03-26 12:00:00,556,62,30
2024-03-26 13:00:00,686,94,39
2024-03-26 14:00:00,322,87,27
2024-03-26 15:00:00,286,101,30
2024-03-26 16:00:00,461,157,79
2024-03-26 17:00:00,743,166,147
2024-03-26 18:00:00,483,129,80
2024-03-26 19:00:00,263,121,46
2024-03-26 20:00:00,181,135,38
2024-03-26 21:00:00,142,119,19
2024-03-26 22:00:00,146,125,24
2024-03-26 23:00:00,54,86,12
2024-03-27 00:00:00,30,78,8
2024-03-27 01:00:00,22,52,3
2024-03-27 02:00:00,4,29,0
2024-03-27 03:00:00,7,13,3
2024-03-27 04:00:00,3,16,2
2024-03-27 05:00:00,12,18,5
2024-03-27 06:00:00,57,43,20
2024-03-27 07:00:00,250,83,59
2024-03-27 08:00:00,437,94,115
2024-03-27 09:00:00,265,180,55
2024-03-27 10:00:00,214,106,23
2024-03-27 11:00:00,308,94,23
2024-03-27 12:00:00,696,86,32
2024-03-27 13:00:00,725,87,35
2024-03-27 14:00:00,280,116,29
2024-03-27 15:00:00,329,106,24
2024-03-27 16:00:00,424,161,48
2024-03-27 17:00:00,712,171,121
2024-03-27 18:00:00,422,140,93
2024-03-27 19:00:00,264,163,40
2024-03-27 20:00:00,178,118,36
2024-03-27 21:00:00,151,135,31
2024-03-27 22:00:00,109,162,19
2024-03-27 23:00:00,59,134,7
2024-03-28 00:00:00,22,90,5
2024-03-28 01:00:00,15,62,1
2024-03-28 02:00:00,12,33,1
2024-03-28 03:00:00,10,25,3
2024-03-28 04:00:00,6,17,1
2024-03-28 05:00:00,9,22,2
2024-03-28 06:00:00,62,25,14
2024-03-28 07:00:00,243,63,49
2024-03-28 08:00:00,424,117,119
2024-03-28 09:00:00,267,125,51
2024-03-28 10:00:00,189,122,14
2024-03-28 11:00:00,206,119,22
2024-03-28 12:00:00,501,115,33
2024-03-28 13:00:00,443,125,28
2024-03-28 14:00:00,286,130,20
2024-03-28 15:00:00,291,125,28
2024-03-28 16:00:00,375,209,42
2024-03-28 17:00:00,568,237,84
2024-03-28 18:00:00,449,221,63
2024-03-28 19:00:00,236,209,46
2024-03-28 20:00:00,268,171,35
2024-03-28 21:00:00,194,154,38
2024-03-28 22:00:00,223,164,17
2024-03-28 23:00:00,170,176,19
2024-03-29 00:00:00,77,158,5
2024-03-29 01:00:00,58,116,6
2024-03-29 02:00:00,33,110,4
2024-03-29 03:00:00,26,73,2
2024-03-29 04:00:00,22,60,3
2024-03-29 05:00:00,11,40,4
2024-03-29 06:00:00,25,30,2
2024-03-29 07:00:00,57,42,14
2024-03-29 08:00:00,78,49,6
2024-03-29 09:00:00,105,79,16
2024-03-29 10:00:00,167,88,13
2024-03-29 11:00:00,298,93,26
2024-03-29 12:00:00,281,81,21
2024-03-29 13:00:00,331,107,23
2024-03-29 14:00:00,306,158,24
2024-03-29 15:00:00,396,175,24
2024-03-29 16:00:00,345,169,22
2024-03-29 17:00:00,399,161,18
2024-03-29 18:00:00,314,135,32
2024-03-29 19:00:00,320,149,19
2024-03-29 20:00:00,231,177,17
2024-03-29 21:00:00,231,157,19
2024-03-29 22:00:00,200,158,15
2024-03-29 23:00:00,178,189,16
2024-03-30 00:00:00,65,163,9
2024-03-30 01:00:00,45,176,10
2024-03-30 02:00:00,45,154,2
2024-03-30 03:00:00,40,111,1
2024-03-30 04:00:00,22,72,4
2024-03-30 05:00:00,8,37,1
2024-03-30 06:00:00,32,19,3
2024-03-30 07:00:00,44,27,18
2024-03-30 08:00:00,80,50,7
2024-03-30 09:00:00,174,78,9
2024-03-30 10:00:00,345,89,22
2024-03-30 11:00:00,393,103,28
2024-03-30 12:00:00,396,93,26
2024-03-30 13:00:00,384,115,30
2024-03-30 14:00:00,417,159,37
2024-03-30 15:00:00,444,159,26
2024-03-30 16:00:00,416,163,30
2024-03-30 17:00:00,387,165,29
2024-03-30 18:00:00,395,169,24
2024-03-30 19:00:00,336,173,29
2024-03-30 20:00:00,247,188,22
2024-03-30 21:00:00,267,168,13
2024-03-30 22:00:00,262,179,21
2024-03-30 23:00:00,135,208,14
2024-03-31 00:00:00,82,202,11
2024-03-31 01:00:00,57,193,7
2024-03-31 02:00:00,28,123,2
2024-03-31 03:00:00,47,122,3
2024-03-31 04:00:00,9,75,1
2024-03-31 05:00:00,16,39,3
2024-03-31 06:00:00,23,22,5
2024-03-31 07:00:00,51,47,10
2024-03-31 08:00:00,95,42,9
2024-03-31 09:00:00,174,66,18
2024-03-31 10:00:00,191,70,19
2024-03-31 11:00:00,199,85,21
2024-03-31 12:00:00,226,94,24
2024-03-31 13:00:00,227,94,15
2024-03-31 14:00:00,299,101,30
2024-03-31 15:00:00,248,114,45
2024-03-31 16:00:00,272,100,39
2024-03-31 17:00:00,208,125,34
2024-03-31 18:00:00,226,96,35
2024-03-31 19:00:00,165,108,24
2024-03-31 20:00:00,118,111,28
2024-03-31 21:00:00,160,112,14
2024-03-31 22:00:00,73,154,9
2024-03-31 23:00:00,33,126,6
2024-04-01 00:00:00,25,124,3
2024-04-01 01:00:00,19,71,0
2024-04-01 02:00:00,26,66,1
2024-04-01 03:00:00,4,33,1
2024-04-01 04:00:00,13,19,0
2024-04-01 05:00:00,23,34,7
2024-04-01 06:00:00,36,35,10
2024-04-01 07:00:00,47,33,12
2024-04-01 08:00:00,103,46,11
2024-04-01 09:00:00,190,58,16
2024-04-01 10:00:00,222,38,14
2024-04-01 11:00:00,228,60,15
2024-04-01 12:00:00,229,72,19
2024-04-01 13:00:00,220,77,17
2024-04-01 14:00:00,222,84,22
2024-04-01 15:00:00,235,91,24
2024-04-01 16:00:00,207,85,14
2024-04-01 17:00:00,237,105,12
2024-04-01 18:00:00,194,85,18
2024-04-01 19:00:00,168,87,17
2024-04-01 20:00:00,107,73,13
2024-04-01 21:00:00,62,76,11
2024-04-01 22:00:00,26,65,5
2024-04-01 23:00:00,30,57,3
2024-04-02 00:00:00,8,45,1
2024-04-02 01:00:00,5,19,1
2024-04-02 02:00:00,2,21,0
2024-04-02 03:00:00,1,14,4
2024-04-02 04:00:00,8,18,1
2024-04-02 05:00:00,45,41,8
2024-04-02 06:00:00,170,58,36
2024-04-02 07:00:00,420,96,120
2024-04-02 08:00:00,314,87,48
2024-04-02 09:00:00,206,75,25
2024-04-02 10:00:00,291,54,22
2024-04-02 11:00:00,591,84,27
2024-04-02 12:00:00,661,85,28
2024-04-02 13:00:00,352,89,28
2024-04-02 14:00:00,326,98,36
2024-04-02 15:00:00,440,123,48
2024-04-02 16:00:00,656,174,104
2024-04-02 17:00:00,342,157,73
2024-04-02 18:00:00,207,87,31
2024-04-02 19:00:00,232,83,34
2024-04-02 20:00:00,140,84,25
2024-04-02 21:00:00,135,74,15
2024-04-02 22:00:00,60,78,4
2024-04-02 23:00:00,19,65,5
2024-04-03 00:00:00,15,47,1
2024-04-03 01:00:00,9,39,1
2024-04-03 02:00:00,3,19,1
2024-04-03 03:00:00,4,11,2
2024-04-03 04:00:00,7,21,4
2024-04-03 05:00:00,59,33,15
2024-04-03 06:00:00,208,54,49
2024-04-03 07:00:00,434,90,120
2024-04-03 08:00:00,268,93,57
2024-04-03 09:00:00,194,102,18
2024-04-03 10:00:00,263,74,19
2024-04-03 11:00:00,540,87,36
2024-04-03 12:00:00,622,74,29
2024-04-03 13:00:00,336,97,28
2024-04-03 14:00:00,244,129,21
2024-04-03 15:00:00,432,164,54
2024-04-03 16:00:00,669,178,101
2024-04-03 17:00:00,463,143,84
2024-04-03 18:00:00,289,102,40
2024-04-03 19:00:00,190,68,55
2024-04-03 20:00:00,138,95,27
2024-04-03 21:00:00,104,123,16
2024-04-03 22:00:00,49,92,11
2024-04-03 23:00:00,33,74,7
2024-04-04 00:00:00,16,48,2
2024-04-04 01:00:00,6,43,1
2024-04-04 02:00:00,6,27,4
2024-04-04 03:00:00,5,20,0
2024-04-04 04:00:00,8,25,1
2024-04-04 05:00:00,63,33,8
2024-04-04 06:00:00,185,61,41
2024-04-04 07:00:00,419,110,102
2024-04-04 08:00:00,277,125,66
2024-04-04 09:00:00,192,76,21
2024-04-04 10:00:00,254,77,18
2024-04-04 11:00:00,578,73,26
2024-04-04 12:00:00,668,93,29
2024-04-04 13:00:00,269,123,31
2024-04-04 14:00:00,274,134,34
2024-04-04 15:00:00,435,178,57
2024-04-04 16:00:00,686,187,105
2024-04-04 17:00:00,416,188,74
2024-04-04 18:00:00,261,136,37
2024-04-04 19:00:00,213,84,32
2024-04-04 20:00:00,172,110,32
2024-04-04 21:00:00,175,107,22
2024-04-04 22:00:00,78,118,19
2024-04-04 23:00:00,35,101,6
2024-04-05 00:00:00,12,73,5
2024-04-05 01:00:00,13,44,3
2024-04-05 02:00:00,10,23,3
2024-04-05 03:00:00,7,12,0
2024-04-05 04:00:00,14,18,1
2024-04-05 05:00:00,64,26,6
2024-04-05 06:00:00,157,60,34
2024-04-05 07:00:00,320,106,71
2024-04-05 08:00:00,215,77,29
2024-04-05 09:00:00,206,58,15
2024-04-05 10:00:00,294,96,23
2024-04-05 11:00:00,494,101,27
2024-04-05 12:00:00,606,91,37
2024-04-05 13:00:00,376,112,20
2024-04-05 14:00:00,314,120,36
2024-04-05 15:00:00,398,152,58
2024-04-05 16:00:00,525,178,80
2024-04-05 17:00:00,431,192,50
2024-04-05 18:00:00,280,185,38
2024-04-05 19:00:00,211,141,34
2024-04-05 20:00:00,194,158,18
2024-04-05 21:00:00,223,150,26
2024-04-05 22:00:00,139,177,18
2024-04-05 23:00:00,100,176,4
2024-04-06 00:00:00,59,146,8
2024-04-06 01:00:00,52,138,2
2024-04-06 02:00:00,20,94,2
2024-04-06 03:00:00,14,61,1
2024-04-06 04:00:00,11,42,0
2024-04-06 05:00:00,20,35,3
2024-04-06 06:00:00,34,30,9
2024-04-06 07:00:00,73,44,12
2024-04-06 08:00:00,117,39,16
2024-04-06 09:00:00,207,53,12
2024-04-06 10:00:00,257,71,22
2024-04-06 11:00:00,292,97,23
2024-04-06 12:00:00,309,98,25
2024-04-06 13:00:00,329,122,25
2024-04-06 14:00:00,317,131,25
2024-04-06 15:00:00,339,124,30
2024-04-06 16:00:00,394,179,25
2024-04-06 17:00:00,370,134,27
2024-04-06 18:00:00,342,177,26
2024-04-06 19:00:00,276,120,18
2024-04-06 20:00:00,211,139,22
2024-04-06 21:00:00,229,170,20
2024-04-06 22:00:00,160,175,16
2024-04-06 23:00:00,112,193,3
2024-04-07 00:00:00,59,193,9
2024-04-07 01:00:00,51,155,4
2024-04-07 02:00:00,34,117,4
2024-04-07 03:00:00,18,85,3
2024-04-07 04:00:00,12,53,2
2024-04-07 05:00:00,17,33,2
2024-04-07 06:00:00,41,33,3
2024-04-07 07:00:00,50,32,14
2024-04-07 08:00:00,97,48,8
2024-04-07 09:00:00,186,67,10
2024-04-07 10:00:00,262,101,22
2024-04-07 11:00:00,238,130,21
2024-04-07 12:00:00,239,97,21
2024-04-07 13:00:00,268,109,8
2024-04-07 14:00:00,256,122,24
2024-04-07 15:00:00,224,137,37
2024-04-07 16:00:00,213,98,23
2024-04-07 17:00:00,160,109,25
2024-04-07 18:00:00,174,98,46
2024-04-07 19:00:00,101,67,21
2024-04-07 20:00:00,90,87,17
2024-04-07 21:00:00,82,74,17
2024-04-07 22:00:00,40,61,3
2024-04-07 23:00:00,28,63,4
2024-04-08 00:00:00,7,49,1
2024-04-08 01:00:00,9,27,2
2024-04-08 02:00:00,3,12,3
2024-04-08 03:00:00,8,12,3
2024-04-08 04:00:00,13,16,4
2024-04-08 05:00:00,53,24,9
2024-04-08 06:00:00,173,60,31
2024-04-08 07:00:00,430,96,128
2024-04-08 08:00:00,274,108,55
2024-04-08 09:00:00,188,81,17
2024-04-08 10:00:00,223,64,18
2024-04-08 11:00:00,507,75,26
2024-04-08 12:00:00,571,76,27
2024-04-08 13:00:00,254,61,30
2024-04-08 14:00:00,306,101,24
2024-04-08 15:00:00,392,124,55
2024-04-08 16:00:00,610,139,102
2024-04-08 17:00:00,363,127,88
2024-04-08 18:00:00,225,101,41
2024-04-08 19:00:00,160,69,35
2024-04-08 20:00:00,136,91,16
2024-04-08 21:00:00,123,76,17
2024-04-08 22:00:00,53,62,10
2024-04-08 23:00:00,20,63,10
2024-04-09 00:00:00,15,41,1
2024-04-09 01:00:00,5,29,4
2024-04-09 02:00:00,4,10,0
2024-04-09 03:00:00,7,15,1
2024-04-09 04:00:00,14,22,3
2024-04-09 05:00:00,75,45,5
2024-04-09 06:00:00,219,61,47
2024-04-09 07:00:00,528,114,131
2024-04-09 08:00:00,378,99,72
2024-04-09 09:00:00,261,93,18
2024-04-09 10:00:00,310,77,27
2024-04-09 11:00:00,756,78,24
2024-04-09 12:00:00,740,79,25
2024-04-09 13:00:00,373,81,37
2024-04-09 14:00:00,341,120,43
2024-04-09 15:00:00,475,145,64
2024-04-09 16:00:00,736,146,127
2024-04-09 17:00:00,475,139,81
2024-04-09 18:00:00,334,95,55
2024-04-09 19:00:00,212,66,44
2024-04-09 20:00:00,143,72,22
2024-04-09 21:00:00,164,100,24
2024-04-09 22:00:00,72,66,11
2024-04-09 23:00:00,33,52,6
2024-04-10 00:00:00,8,56,1
2024-04-10 01:00:00,13,24,3
2024-04-10 02:00:00,11,20,0
2024-04-10 03:00:00,5,12,2
2024-04-10 04:00:00,13,20,1
2024-04-10 05:00:00,59,35,11
2024-04-10 06:00:00,235,62,37
2024-04-10 07:00:00,461,106,123
2024-04-10 08:00:00,269,129,80
2024-04-10 09:00:00,208,70,21
2024-04-10 10:00:00,200,76,21
2024-04-10 11:00:00,523,84,26
2024-04-10 12:00:00,604,79,14
2024-04-10 13:00:00,343,81,24
2024-04-10 14:00:00,295,85,29
2024-04-10 15:00:00,448,118,62
2024-04-10 16:00:00,784,137,129
2024-04-10 17:00:00,452,122,50
2024-04-10 18:00:00,279,120,38
2024-04-10 19:00:00,197,92,45
2024-04-10 20:00:00,147,84,27
2024-04-10 21:00:00,140,107,22
2024-04-10 22:00:00,86,74,16
2024-04-10 23:00:00,23,47,8
2024-04-11 00:00:00,4,38,3
2024-04-11 01:00:00,9,17,1
2024-04-11 02:00:00,10,13,2
2024-04-11 03:00:00,9,12,3
2024-04-11 04:00:00,16,27,3
2024-04-11 05:00:00,52,40,14
2024-04-11 06:00:00,199,80,40
2024-04-11 07:00:00,514,89,126
2024-04-11 08:00:00,300,151,62
2024-04-11 09:00:00,196,87,15
2024-04-11 10:00:00,270,67,24
2024-04-11 11:00:00,682,79,38
2024-04-11 12:00:00,782,78,35
2024-04-11 13:00:00,396,83,35
2024-04-11 14:00:00,382,89,38
2024-04-11 15:00:00,474,138,61
2024-04-11 16:00:00,823,144,100
2024-04-11 17:00:00,445,124,84
2024-04-11 18:00:00,320,99,43
2024-04-11 19:00:00,200,106,38
2024-04-11 20:00:00,181,103,26
2024-04-11 21:00:00,153,100,34
2024-04-11 22:00:00,104,88,15
2024-04-11 23:00:00,66,68,7
2024-04-12 00:00:00,21,48,5
2024-04-12 01:00:00,19,37,1
2024-04-12 02:00:00,23,21,2
2024-04-12 03:00:00,7,22,1
2024-04-12 04:00:00,14,19,0
2024-04-12 05:00:00,47,27,11
2024-04-12 06:00:00,166,53,41
2024-04-12 07:00:00,349,84,72
2024-04-12 08:00:00,259,96,50
2024-04-12 09:00:00,220,83,26
2024-04-12 10:00:00,294,78,31
2024-04-12 11:00:00,528,95,29
2024-04-12 12:00:00,542,99,45
2024-04-12 13:00:00,376,96,41
2024-04-12 14:00:00,366,117,32
2024-04-12 15:00:00,424,145,73
2024-04-12 16:00:00,647,158,90
2024-04-12 17:00:00,438,161,39
2024-04-12 18:00:00,294,173,51
2024-04-12 19:00:00,334,152,30
2024-04-12 20:00:00,255,155,44
2024-04-12 21:00:00,251,158,44
2024-04-12 22:00:00,151,157,26
2024-04-12 23:00:00,108,155,11
2024-04-13 00:00:00,77,132,8
2024-04-13 01:00:00,59,160,5
2024-04-13 02:00:00,29,110,4
2024-04-13 03:00:00,21,66,0
2024-04-13 04:00:00,14,47,1
2024-04-13 05:00:00,25,26,4
2024-04-13 06:00:00,45,25,8
2024-04-13 07:00:00,74,54,10
2024-04-13 08:00:00,149,69,16
2024-04-13 09:00:00,205,79,26
2024-04-13 10:00:00,377,99,28
2024-04-13 11:00:00,382,126,30
2024-04-13 12:00:00,327,115,33
2024-04-13 13:00:00,385,119,24
2024-04-13 14:00:00,365,125,22
2024-04-13 15:00:00,379,121,39
2024-04-13 16:00:00,377,131,29
2024-04-13 17:00:00,436,167,27
2024-04-13 18:00:00,374,194,33
2024-04-13 19:00:00,335,225,17
2024-04-13 20:00:00,263,182,31
2024-04-13 21:00:00,252,191,23
2024-04-13 22:00:00,159,185,25
2024-04-13 23:00:00,94,199,13
2024-04-14 00:00:00,64,191,4
2024-04-14 01:00:00,56,185,2
2024-04-14 02:00:00,55,162,1
2024-04-14 03:00:00,20,94,3
2024-04-14 04:00:00,8,40,2
2024-04-14 05:00:00,21,23,2
2024-04-14 06:00:00,28,31,3
2024-04-14 07:00:00,55,34,13
2024-04-14 08:00:00,127,42,18
2024-04-14 09:00:00,200,51,16
2024-04-14 10:00:00,240,93,20
2024-04-14 11:00:00,265,100,29
2024-04-14 12:00:00,263,85,25
2024-04-14 13:00:00,225,94,24
2024-04-14 14:00:00,288,104,19
2024-04-14 15:00:00,256,92,32
2024-04-14 16:00:00,315,94,28
2024-04-14 17:00:00,256,100,27
2024-04-14 18:00:00,189,122,18
2024-04-14 19:00:00,149,90,31
2024-04-14 20:00:00,105,124,19
2024-04-14 21:00:00,92,104,29
2024-04-14 22:00:00,68,78,8
2024-04-14 23:00:00,18,64,5
2024-04-15 00:00:00,9,40,2
2024-04-15 01:00:00,6,28,1
2024-04-15 02:00:00,2,26,2
2024-04-15 03:00:00,10,15,1
2024-04-15 04:00:00,11,20,5
2024-04-15 05:00:00,52,32,13
2024-04-15 06:00:00,170,74,43
2024-04-15 07:00:00,394,130,85
2024-04-15 08:00:00,305,129,49
2024-04-15 09:00:00,182,96,20
2024-04-15 10:00:00,210,74,23
2024-04-15 11:00:00,535,88,21
2024-04-15 12:00:00,608,74,28
2024-04-15 13:00:00,310,81,13
2024-04-15 14:00:00,435,103,34
2024-04-15 15:00:00,400,111,70
2024-04-15 16:00:00,673,149,97
2024-04-15 17:00:00,477,127,60
2024-04-15 18:00:00,249,119,32
2024-04-15 19:00:00,188,71,42
2024-04-15 20:00:00,124,101,21
2024-04-15 21:00:00,118,95,23
2024-04-15 22:00:00,58,49,4
2024-04-15 23:00:00,21,49,7
2024-04-16 00:00:00,8,28,2
2024-04-16 01:00:00,8,23,4
2024-04-16 02:00:00,4,24,0
2024-04-16 03:00:00,4,12,0
2024-04-16 04:00:00,15,18,3
2024-04-16 05:00:00,58,46,17
2024-04-16 06:00:00,250,83,68
2024-04-16 07:00:00,585,100,152
2024-04-16 08:00:00,390,131,85
2024-04-16 09:00:00,205,89,30
2024-04-16 10:00:00,269,97,29
2024-04-16 11:00:00,618,73,37
2024-04-16 12:00:00,768,83,43
2024-04-16 13:00:00,362,90,36
2024-04-16 14:00:00,330,101,41
2024-04-16 15:00:00,466,150,71
2024-04-16 16:00:00,805,174,142
2024-04-16 17:00:00,470,133,97
2024-04-16 18:00:00,322,110,42
2024-04-16 19:00:00,239,79,46
2024-04-16 20:00:00,167,89,31
2024-04-16 21:00:00,171,100,36
2024-04-16 22:00:00,79,72,14
2024-04-16 23:00:00,21,45,3
2024-04-17 00:00:00,11,33,2
2024-04-17 01:00:00,5,18,1
2024-04-17 02:00:00,3,18,0
2024-04-17 03:00:00,4,13,1
2024-04-17 04:00:00,15,19,2
2024-04-17 05:00:00,69,47,17
2024-04-17 06:00:00,261,80,50
2024-04-17 07:00:00,596,101,160
2024-04-17 08:00:00,337,138,89
2024-04-17 09:00:00,204,93,37
2024-04-17 10:00:00,294,88,24
2024-04-17 11:00:00,655,85,53
2024-04-17 12:00:00,744,83,26
2024-04-17 13:00:00,334,100,43
2024-04-17 14:00:00,371,107,42
2024-04-17 15:00:00,476,147,70
2024-04-17 16:00:00,795,182,141
2024-04-17 17:00:00,545,178,78
2024-04-17 18:00:00,343,113,47
2024-04-17 19:00:00,202,70,45
2024-04-17 20:00:00,195,91,32
2024-04-17 21:00:00,174,87,26
2024-04-17 22:00:00,70,87,16
2024-04-17 23:00:00,35,63,7
2024-04-18 00:00:00,19,43,2
2024-04-18 01:00:00,10,27,1
2024-04-18 02:00:00,3,22,2
2024-04-18 03:00:00,4,16,0
2024-04-18 04:00:00,16,28,3
2024-04-18 05:00:00,71,44,15
2024-04-18 06:00:00,240,89,50
2024-04-18 07:00:00,590,114,145
2024-04-18 08:00:00,388,134,74
2024-04-18 09:00:00,231,108,18
2024-04-18 10:00:00,273,99,27
2024-04-18 11:00:00,771,95,40
2024-04-18 12:00:00,833,97,44
2024-04-18 13:00:00,396,88,46
2024-04-18 14:00:00,339,123,55
2024-04-18 15:00:00,543,145,77
2024-04-18 16:00:00,752,184,145
2024-04-18 17:00:00,567,151,83
2024-04-18 18:00:00,321,157,43
2024-04-18 19:00:00,266,121,46
2024-04-18 20:00:00,202,126,36
2024-04-18 21:00:00,179,143,28
2024-04-18 22:00:00,98,115,23
2024-04-18 23:00:00,46,89,13
2024-04-19 00:00:00,17,69,2
2024-04-19 01:00:00,17,49,2
2024-04-19 02:00:00,4,29,3
2024-04-19 03:00:00,3,20,1
2024-04-19 04:00:00,11,21,3
2024-04-19 05:00:00,54,32,14
2024-04-19 06:00:00,188,69,46
2024-04-19 07:00:00,393,90,100
2024-04-19 08:00:00,247,114,42
2024-04-19 09:00:00,211,114,29
2024-04-19 10:00:00,285,85,30
2024-04-19 11:00:00,463,106,35
2024-04-19 12:00:00,546,104,57
2024-04-19 13:00:00,359,114,31
2024-04-19 14:00:00,347,134,36
2024-04-19 15:00:00,452,130,57
2024-04-19 16:00:00,589,174,89
2024-04-19 17:00:00,499,164,80
2024-04-19 18:00:00,383,198,38
2024-04-19 19:00:00,274,131,44
2024-04-19 20:00:00,281,138,41
2024-04-19 21:00:00,273,172,30
2024-04-19 22:00:00,173,150,11
2024-04-19 23:00:00,101,174,13
2024-04-20 00:00:00,61,151,4
2024-04-20 01:00:00,53,125,2
2024-04-20 02:00:00,28,102,6
2024-04-20 03:00:00,14,71,3
2024-04-20 04:00:00,20,33,0
2024-04-20 05:00:00,19,27,4
2024-04-20 06:00:00,63,38,15
2024-04-20 07:00:00,104,51,12
2024-04-20 08:00:00,195,79,22
2024-04-20 09:00:00,232,87,27
2024-04-20 10:00:00,369,97,28
2024-04-20 11:00:00,532,127,43
2024-04-20 12:00:00,649,167,31
2024-04-20 13:00:00,633,172,40
2024-04-20 14:00:00,846,184,41
2024-04-20 15:00:00,788,185,75
2024-04-20 16:00:00,746,168,51
2024-04-20 17:00:00,746,207,52
2024-04-20 18:00:00,709,218,58
2024-04-20 19:00:00,512,191,35
2024-04-20 20:00:00,464,174,47
2024-04-20 21:00:00,364,191,39
2024-04-20 22:00:00,236,225,25
2024-04-20 23:00:00,130,190,19
2024-04-21 00:00:00,84,170,6
2024-04-21 01:00:00,61,171,6
2024-04-21 02:00:00,32,155,3
2024-04-21 03:00:00,17,102,2
2024-04-21 04:00:00,31,38,1
2024-04-21 05:00:00,18,19,5
2024-04-21 06:00:00,26,24,5
2024-04-21 07:00:00,49,52,13
2024-04-21 08:00:00,127,48,8
2024-04-21 09:00:00,205,79,14
2024-04-21 10:00:00,260,85,27
2024-04-21 11:00:00,243,110,28
2024-04-21 12:00:00,245,95,22
2024-04-21 13:00:00,265,85,30
2024-04-21 14:00:00,310,90,21
2024-04-21 15:00:00,299,82,41
2024-04-21 16:00:00,261,87,33
2024-04-21 17:00:00,265,94,48
2024-04-21 18:00:00,188,81,31
2024-04-21 19:00:00,159,73,40
2024-04-21 20:00:00,137,90,29
2024-04-21 21:00:00,102,77,15
2024-04-21 22:00:00,53,86,11
2024-04-21 23:00:00,19,51,13
2024-04-22 00:00:00,14,43,2
2024-04-22 01:00:00,4,24,0
2024-04-22 02:00:00,10,22,2
2024-04-22 03:00:00,1,22,1
2024-04-22 04:00:00,10,23,3
2024-04-22 05:00:00,53,34,10
2024-04-22 06:00:00,193,81,44
2024-04-22 07:00:00,567,97,121
2024-04-22 08:00:00,479,148,73
2024-04-22 09:00:00,215,92,22
2024-04-22 10:00:00,225,80,21
2024-04-22 11:00:00,439,76,27
2024-04-22 12:00:00,450,67,24
2024-04-22 13:00:00,299,75,31
2024-04-22 14:00:00,258,92,29
2024-04-22 15:00:00,404,109,63
2024-04-22 16:00:00,651,162,112
2024-04-22 17:00:00,418,134,68
2024-04-22 18:00:00,264,120,66
2024-04-22 19:00:00,181,103,47
2024-04-22 20:00:00,144,167,38
2024-04-22 21:00:00,104,153,24
2024-04-22 22:00:00,80,44,4
2024-04-22 23:00:00,32,49,4
2024-04-23 00:00:00,21,37,3
2024-04-23 01:00:00,6,21,2
2024-04-23 02:00:00,6,14,3
2024-04-23 03:00:00,6,13,2
2024-04-23 04:00:00,8,22,6
2024-04-23 05:00:00,61,63,17
2024-04-23 06:00:00,245,84,67
2024-04-23 07:00:00,557,102,156
2024-04-23 08:00:00,348,170,76
2024-04-23 09:00:00,210,97,26
2024-04-23 10:00:00,234,78,28
2024-04-23 11:00:00,626,118,46
2024-04-23 12:00:00,677,92,40
2024-04-23 13:00:00,350,87,38
2024-04-23 14:00:00,335,103,38
2024-04-23 15:00:00,536,152,76
2024-04-23 16:00:00,811,146,134
2024-04-23 17:00:00,523,149,80
2024-04-23 18:00:00,328,108,37
2024-04-23 19:00:00,191,76,52
2024-04-23 20:00:00,222,95,26
2024-04-23 21:00:00,163,87,31
2024-04-23 22:00:00,89,81,12
2024-04-23 23:00:00,32,73,6
2024-04-24 00:00:00,23,45,1
2024-04-24 01:00:00,15,20,1
2024-04-24 02:00:00,1,25,1
2024-04-24 03:00:00,3,14,2
2024-04-24 04:00:00,16,22,4
2024-04-24 05:00:00,52,45,11
2024-04-24 06:00:00,239,82,49
2024-04-24 07:00:00,541,87,157
2024-04-24 08:00:00,335,149,91
2024-04-24 09:00:00,238,85,37
2024-04-24 10:00:00,355,81,33
2024-04-24 11:00:00,607,90,35
2024-04-24 12:00:00,741,100,35
2024-04-24 13:00:00,348,91,41
2024-04-24 14:00:00,335,108,40
2024-04-24 15:00:00,506,159,71
2024-04-24 16:00:00,768,175,128
2024-04-24 17:00:00,565,125,99
2024-04-24 18:00:00,316,107,31
2024-04-24 19:00:00,225,88,47
2024-04-24 20:00:00,190,98,37
2024-04-24 21:00:00,196,111,20
2024-04-24 22:00:00,90,99,13
2024-04-24 23:00:00,34,74,6
2024-04-25 00:00:00,13,50,4
2024-04-25 01:00:00,17,29,4
2024-04-25 02:00:00,3,19,6
2024-04-25 03:00:00,4,17,1
2024-04-25 04:00:00,9,16,2
2024-04-25 05:00:00,62,51,14
2024-04-25 06:00:00,232,85,44
2024-04-25 07:00:00,548,109,149
2024-04-25 08:00:00,357,142,90
2024-04-25 09:00:00,233,107,25
2024-04-25 10:00:00,269,102,27
2024-04-25 11:00:00,633,87,31
2024-04-25 12:00:00,640,85,45
2024-04-25 13:00:00,342,101,35
2024-04-25 14:00:00,297,115,38
2024-04-25 15:00:00,473,156,68
2024-04-25 16:00:00,755,166,120
2024-04-25 17:00:00,503,175,89
2024-04-25 18:00:00,344,140,65
2024-04-25 19:00:00,281,113,53
2024-04-25 20:00:00,202,111,40
2024-04-25 21:00:00,169,124,31
2024-04-25 22:00:00,94,125,17
2024-04-25 23:00:00,51,96,6
2024-04-26 00:00:00,29,76,4
2024-04-26 01:00:00,23,56,2
2024-04-26 02:00:00,17,42,1
2024-04-26 03:00:00,2,27,3
2024-04-26 04:00:00,13,29,1
2024-04-26 05:00:00,57,35,11
2024-04-26 06:00:00,168,70,36
2024-04-26 07:00:00,377,108,79
2024-04-26 08:00:00,289,122,66
2024-04-26 09:00:00,215,99,22
2024-04-26 10:00:00,242,89,37
2024-04-26 11:00:00,470,100,43
2024-04-26 12:00:00,507,77,41
2024-04-26 13:00:00,371,113,47
2024-04-26 14:00:00,382,141,37
2024-04-26 15:00:00,413,188,72
2024-04-26 16:00:00,607,198,102
2024-04-26 17:00:00,460,176,60
2024-04-26 18:00:00,329,180,50
2024-04-26 19:00:00,259,151,40
2024-04-26 20:00:00,227,172,30
2024-04-26 21:00:00,248,175,34
2024-04-26 22:00:00,171,195,31
2024-04-26 23:00:00,87,184,17
2024-04-27 00:00:00,49,170,10
2024-04-27 01:00:00,63,148,4
2024-04-27 02:00:00,22,133,0
2024-04-27 03:00:00,12,73,1
2024-04-27 04:00:00,8,49,1
2024-04-27 05:00:00,18,32,6
2024-04-27 06:00:00,27,39,7
2024-04-27 07:00:00,74,79,4
2024-04-27 08:00:00,115,93,11
2024-04-27 09:00:00,228,86,13
2024-04-27 10:00:00,308,108,17
2024-04-27 11:00:00,323,151,25
2024-04-27 12:00:00,424,152,27
2024-04-27 13:00:00,384,152,20
2024-04-27 14:00:00,341,154,23
2024-04-27 15:00:00,420,157,19
2024-04-27 16:00:00,423,174,39
2024-04-27 17:00:00,430,197,33
2024-04-27 18:00:00,433,230,39
2024-04-27 19:00:00,321,186,27
2024-04-27 20:00:00,280,232,27
2024-04-27 21:00:00,263,195,24
2024-04-27 22:00:00,184,235,18
2024-04-27 23:00:00,99,228,10
2024-04-28 00:00:00,47,230,4
2024-04-28 01:00:00,61,213,9
2024-04-28 02:00:00,44,192,4
2024-04-28 03:00:00,17,106,2
2024-04-28 04:00:00,5,51,1
2024-04-28 05:00:00,19,30,0
2024-04-28 06:00:00,25,24,3
2024-04-28 07:00:00,54,47,10
2024-04-28 08:00:00,107,69,11
2024-04-28 09:00:00,217,87,14
2024-04-28 10:00:00,279,102,23
2024-04-28 11:00:00,238,80,21
2024-04-28 12:00:00,284,100,20
2024-04-28 13:00:00,256,83,37
2024-04-28 14:00:00,235,104,15
2024-04-28 15:00:00,275,106,22
2024-04-28 16:00:00,277,102,20
2024-04-28 17:00:00,220,82,24
2024-04-28 18:00:00,204,92,29
2024-04-28 19:00:00,133,78,29
2024-04-28 20:00:00,127,92,21
2024-04-28 21:00:00,71,57,9
2024-04-28 22:00:00,0,0,0
2024-04-28 23:00:00,0,0,0
2024-04-29 00:00:00,0,0,0
2024-04-29 01:00:00,0,0,0
2024-04-29 02:00:00,0,0,0
2024-04-29 03:00:00,0,0,0
2024-04-29 04:00:00,9,19,5
2024-04-29 05:00:00,58,50,10
2024-04-29 06:00:00,177,68,52
2024-04-29 07:00:00,476,92,120
2024-04-29 08:00:00,366,158,70
2024-04-29 09:00:00,205,82,19
2024-04-29 10:00:00,315,88,21
2024-04-29 11:00:00,629,81,41
2024-04-29 12:00:00,641,79,32
2024-04-29 13:00:00,348,94,28
2024-04-29 14:00:00,276,99,47
2024-04-29 15:00:00,412,119,61
2024-04-29 16:00:00,703,148,126
2024-04-29 17:00:00,465,134,97
2024-04-29 18:00:00,227,114,46
2024-04-29 19:00:00,173,87,31
2024-04-29 20:00:00,136,101,18
2024-04-29 21:00:00,135,85,23
2024-04-29 22:00:00,35,61,11
2024-04-29 23:00:00,33,46,5
2024-04-30 00:00:00,16,41,2
2024-04-30 01:00:00,19,15,1
2024-04-30 02:00:00,1,20,0
2024-04-30 03:00:00,5,13,0
2024-04-30 04:00:00,11,25,4
2024-04-30 05:00:00,43,47,12
2024-04-30 06:00:00,257,91,66
2024-04-30 07:00:00,529,110,129
2024-04-30 08:00:00,346,137,84
2024-04-30 09:00:00,223,107,23
2024-04-30 10:00:00,264,92,19
2024-04-30 11:00:00,652,86,26
2024-04-30 12:00:00,716,92,34
2024-04-30 13:00:00,373,106,31
2024-04-30 14:00:00,294,110,43
2024-04-30 15:00:00,513,146,73
2024-04-30 16:00:00,770,179,136
2024-04-30 17:00:00,460,159,83
2024-04-30 18:00:00,275,157,61
2024-04-30 19:00:00,185,105,38
2024-04-30 20:00:00,122,116,24
2024-04-30 21:00:00,145,137,26
2024-04-30 22:00:00,72,98,12
2024-04-30 23:00:00,35,77,6
2024-05-01 00:00:00,5,42,2
2024-05-01 01:00:00,4,36,1
2024-05-01 02:00:00,1,20,2
2024-05-01 03:00:00,11,11,0
2024-05-01 04:00:00,8,18,4
2024-05-01 05:00:00,62,41,20
2024-05-01 06:00:00,232,83,54
2024-05-01 07:00:00,547,88,130
2024-05-01 08:00:00,354,130,83
2024-05-01 09:00:00,242,126,33
2024-05-01 10:00:00,244,106,21
2024-05-01 11:00:00,628,102,30
2024-05-01 12:00:00,734,88,37
2024-05-01 13:00:00,362,98,40
2024-05-01 14:00:00,311,103,37
2024-05-01 15:00:00,500,131,82
2024-05-01 16:00:00,735,171,133
2024-05-01 17:00:00,457,147,77
2024-05-01 18:00:00,280,176,49
2024-05-01 19:00:00,187,118,38
2024-05-01 20:00:00,136,114,29
2024-05-01 21:00:00,170,136,44
2024-05-01 22:00:00,73,87,13
2024-05-01 23:00:00,33,63,16
2024-05-02 00:00:00,17,53,2
2024-05-02 01:00:00,10,36,1
2024-05-02 02:00:00,12,21,0
2024-05-02 03:00:00,5,19,2
2024-05-02 04:00:00,11,26,7
2024-05-02 05:00:00,52,38,12
2024-05-02 06:00:00,224,85,36
2024-05-02 07:00:00,502,111,124
2024-05-02 08:00:00,338,173,74
2024-05-02 09:00:00,214,110,20
2024-05-02 10:00:00,209,87,24
2024-05-02 11:00:00,503,118,22
2024-05-02 12:00:00,626,103,38
2024-05-02 13:00:00,329,114,38
2024-05-02 14:00:00,359,103,33
2024-05-02 15:00:00,486,147,56
2024-05-02 16:00:00,724,145,122
2024-05-02 17:00:00,466,200,88
2024-05-02 18:00:00,363,165,55
2024-05-02 19:00:00,263,99,33
2024-05-02 20:00:00,190,125,30
2024-05-02 21:00:00,237,138,49
2024-05-02 22:00:00,126,127,16
2024-05-02 23:00:00,44,94,7
2024-05-03 00:00:00,27,78,5
2024-05-03 01:00:00,17,59,2
2024-05-03 02:00:00,14,39,1
2024-05-03 03:00:00,3,19,0
2024-05-03 04:00:00,13,34,3
2024-05-03 05:00:00,38,39,13
2024-05-03 06:00:00,164,74,29
2024-05-03 07:00:00,327,106,67
2024-05-03 08:00:00,264,142,38
2024-05-03 09:00:00,216,114,19
2024-05-03 10:00:00,261,104,32
2024-05-03 11:00:00,369,115,38
2024-05-03 12:00:00,474,114,27
2024-05-03 13:00:00,362,125,36
2024-05-03 14:00:00,357,106,36
2024-05-03 15:00:00,420,147,59
2024-05-03 16:00:00,538,169,87
2024-05-03 17:00:00,397,195,48
2024-05-03 18:00:00,320,240,36
2024-05-03 19:00:00,236,130,38
2024-05-03 20:00:00,255,152,26
2024-05-03 21:00:00,267,184,26
2024-05-03 22:00:00,161,180,21
2024-05-03 23:00:00,69,187,12
2024-05-04 00:00:00,64,158,6
2024-05-04 01:00:00,40,133,5
2024-05-04 02:00:00,34,130,7
2024-05-04 03:00:00,49,60,0
2024-05-04 04:00:00,16,45,3
2024-05-04 05:00:00,33,35,4
2024-05-04 06:00:00,60,43,6
2024-05-04 07:00:00,100,65,16
2024-05-04 08:00:00,152,88,15
2024-05-04 09:00:00,249,99,32
2024-05-04 10:00:00,437,99,33
2024-05-04 11:00:00,486,141,22
2024-05-04 12:00:00,474,127,21
2024-05-04 13:00:00,379,148,30
2024-05-04 14:00:00,445,136,37
2024-05-04 15:00:00,397,167,44
2024-05-04 16:00:00,507,162,30
2024-05-04 17:00:00,467,171,30
2024-05-04 18:00:00,380,192,34
2024-05-04 19:00:00,317,177,21
2024-05-04 20:00:00,336,195,37
2024-05-04 21:00:00,195,133,20
2024-05-04 22:00:00,229,251,17
2024-05-04 23:00:00,112,258,9
2024-05-05 00:00:00,56,221,3
2024-05-05 01:00:00,52,189,4
2024-05-05 02:00:00,32,188,0
2024-05-05 03:00:00,23,71,2
2024-05-05 04:00:00,21,61,0
2024-05-05 05:00:00,20,26,2
2024-05-05 06:00:00,38,30,2
2024-05-05 07:00:00,68,47,15
2024-05-05 08:00:00,115,73,12
2024-05-05 09:00:00,210,83,17
2024-05-05 10:00:00,288,74,21
2024-05-05 11:00:00,227,97,15
2024-05-05 12:00:00,265,102,24
2024-05-05 13:00:00,260,137,16
2024-05-05 14:00:00,313,132,31
2024-05-05 15:00:00,300,148,30
2024-05-05 16:00:00,262,121,28
2024-05-05 17:00:00,280,135,29
2024-05-05 18:00:00,180,145,25
2024-05-05 19:00:00,150,156,31
2024-05-05 20:00:00,140,119,27
2024-05-05 21:00:00,182,176,16
2024-05-05 22:00:00,113,170,12
2024-05-05 23:00:00,70,147,10
2024-05-06 00:00:00,41,115,2
2024-05-06 01:00:00,22,85,6
2024-05-06 02:00:00,29,68,3
2024-05-06 03:00:00,46,51,0
2024-05-06 04:00:00,18,34,1
2024-05-06 05:00:00,18,23,8
2024-05-06 06:00:00,42,28,7
2024-05-06 07:00:00,68,44,15
2024-05-06 08:00:00,124,55,10
2024-05-06 09:00:00,189,72,20
2024-05-06 10:00:00,273,75,23
2024-05-06 11:00:00,256,102,18
2024-05-06 12:00:00,259,69,27
2024-05-06 13:00:00,248,95,27
2024-05-06 14:00:00,257,101,23
2024-05-06 15:00:00,253,90,27
2024-05-06 16:00:00,206,91,38
2024-05-06 17:00:00,181,100,31
2024-05-06 18:00:00,210,109,28
2024-05-06 19:00:00,124,70,21
2024-05-06 20:00:00,115,90,19
2024-05-06 21:00:00,78,75,19
2024-05-06 22:00:00,60,76,12
2024-05-06 23:00:00,16,44,7
2024-05-07 00:00:00,11,22,2
2024-05-07 01:00:00,5,25,3
2024-05-07 02:00:00,5,15,0
2024-05-07 03:00:00,5,12,1
2024-05-07 04:00:00,12,19,2
2024-05-07 05:00:00,48,39,13
2024-05-07 06:00:00,211,85,56
2024-05-07 07:00:00,529,108,149
2024-05-07 08:00:00,405,128,77
2024-05-07 09:00:00,214,91,19
2024-05-07 10:00:00,293,74,15
2024-05-07 11:00:00,622,86,30
2024-05-07 12:00:00,740,74,39
2024-05-07 13:00:00,427,88,37
2024-05-07 14:00:00,323,92,38
2024-05-07 15:00:00,488,98,87
2024-05-07 16:00:00,726,133,142
2024-05-07 17:00:00,508,125,96
2024-05-07 18:00:00,336,96,62
2024-05-07 19:00:00,231,86,40
2024-05-07 20:00:00,174,102,32
2024-05-07 21:00:00,136,104,30
2024-05-07 22:00:00,65,74,13
2024-05-07 23:00:00,34,52,9
2024-05-08 00:00:00,25,36,2
2024-05-08 01:00:00,10,25,2
2024-05-08 02:00:00,6,17,1
2024-05-08 03:00:00,6,17,3
2024-05-08 04:00:00,10,14,2
2024-05-08 05:00:00,63,23,10
2024-05-08 06:00:00,245,67,51
2024-05-08 07:00:00,520,106,119
2024-05-08 08:00:00,346,123,84
2024-05-08 09:00:00,195,79,16
2024-05-08 10:00:00,269,57,36
2024-05-08 11:00:00,600,73,36
2024-05-08 12:00:00,709,87,46
2024-05-08 13:00:00,350,62,31
2024-05-08 14:00:00,261,87,40
2024-05-08 15:00:00,438,106,69
2024-05-08 16:00:00,655,130,131
2024-05-08 17:00:00,458,143,87
2024-05-08 18:00:00,308,129,42
2024-05-08 19:00:00,208,64,57
2024-05-08 20:00:00,189,59,29
2024-05-08 21:00:00,168,92,28
2024-05-08 22:00:00,63,81,12
2024-05-08 23:00:00,42,62,12
2024-05-09 00:00:00,15,39,3
2024-05-09 01:00:00,23,31,1
2024-05-09 02:00:00,3,23,1
2024-05-09 03:00:00,7,16,3
2024-05-09 04:00:00,7,20,6
2024-05-09 05:00:00,51,35,14
2024-05-09 06:00:00,234,68,60
2024-05-09 07:00:00,544,116,144
2024-05-09 08:00:00,370,159,73
2024-05-09 09:00:00,236,93,33
2024-05-09 10:00:00,344,83,30
2024-05-09 11:00:00,769,89,34
2024-05-09 12:00:00,888,98,37
2024-05-09 13:00:00,393,98,36
2024-05-09 14:00:00,330,114,51
2024-05-09 15:00:00,542,152,68
2024-05-09 16:00:00,873,162,142
2024-05-09 17:00:00,533,159,73
2024-05-09 18:00:00,393,145,56
2024-05-09 19:00:00,302,121,37
2024-05-09 20:00:00,246,100,30
2024-05-09 21:00:00,228,133,50
2024-05-09 22:00:00,97,121,15
2024-05-09 23:00:00,47,106,11
2024-05-10 00:00:00,34,59,5
2024-05-10 01:00:00,9,35,0
2024-05-10 02:00:00,10,43,0
2024-05-10 03:00:00,5,29,3
2024-05-10 04:00:00,12,25,3
2024-05-10 05:00:00,49,35,10
2024-05-10 06:00:00,197,73,59
2024-05-10 07:00:00,385,117,95
2024-05-10 08:00:00,268,130,55
2024-05-10 09:00:00,285,98,38
2024-05-10 10:00:00,285,90,29
2024-05-10 11:00:00,549,95,35
2024-05-10 12:00:00,657,87,46
2024-05-10 13:00:00,406,101,38
2024-05-10 14:00:00,436,118,50
2024-05-10 15:00:00,517,151,70
2024-05-10 16:00:00,631,195,103
2024-05-10 17:00:00,555,185,57
2024-05-10 18:00:00,434,201,46
2024-05-10 19:00:00,318,125,35
2024-05-10 20:00:00,318,116,34
2024-05-10 21:00:00,350,165,47
2024-05-10 22:00:00,211,172,26
2024-05-10 23:00:00,184,164,14
2024-05-11 00:00:00,71,155,13
2024-05-11 01:00:00,40,148,4
2024-05-11 02:00:00,41,108,0
2024-05-11 03:00:00,17,54,1
2024-05-11 04:00:00,12,42,3
2024-05-11 05:00:00,33,42,7
2024-05-11 06:00:00,47,37,8
2024-05-11 07:00:00,83,65,15
2024-05-11 08:00:00,140,80,28
2024-05-11 09:00:00,257,86,32
2024-05-11 10:00:00,317,84,41
2024-05-11 11:00:00,361,106,34
2024-05-11 12:00:00,430,106,28
2024-05-11 13:00:00,401,103,28
2024-05-11 14:00:00,321,146,21
2024-05-11 15:00:00,443,136,37
2024-05-11 16:00:00,421,129,42
2024-05-11 17:00:00,384,142,45
2024-05-11 18:00:00,394,161,33
2024-05-11 19:00:00,343,160,21
2024-05-11 20:00:00,250,126,24
2024-05-11 21:00:00,302,168,27
2024-05-11 22:00:00,191,189,21
2024-05-11 23:00:00,171,166,14
2024-05-12 00:00:00,77,174,10
2024-05-12 01:00:00,61,159,4
2024-05-12 02:00:00,70,156,6
2024-05-12 03:00:00,10,91,1
2024-05-12 04:00:00,12,52,2
2024-05-12 05:00:00,34,19,3
2024-05-12 06:00:00,31,39,5
2024-05-12 07:00:00,72,45,17
2024-05-12 08:00:00,139,56,15
2024-05-12 09:00:00,191,85,29
2024-05-12 10:00:00,246,78,25
2024-05-12 11:00:00,300,102,25
2024-05-12 12:00:00,250,83,37
2024-05-12 13:00:00,261,94,30
2024-05-12 14:00:00,296,92,25
2024-05-12 15:00:00,262,88,19
2024-05-12 16:00:00,260,77,41
2024-05-12 17:00:00,242,96,43
2024-05-12 18:00:00,233,95,33
2024-05-12 19:00:00,170,67,33
2024-05-12 20:00:00,121,67,19
2024-05-12 21:00:00,124,79,20
2024-05-12 22:00:00,45,56,9
2024-05-12 23:00:00,37,51,6
2024-05-13 00:00:00,11,46,5
2024-05-13 01:00:00,6,16,5
2024-05-13 02:00:00,7,24,0
2024-05-13 03:00:00,6,11,1
2024-05-13 04:00:00,9,27,3
2024-05-13 05:00:00,64,42,10
2024-05-13 06:00:00,164,69,38
2024-05-13 07:00:00,480,100,115
2024-05-13 08:00:00,260,122,57
2024-05-13 09:00:00,199,95,14
2024-05-13 10:00:00,220,85,24
2024-05-13 11:00:00,494,78,25
2024-05-13 12:00:00,501,90,34
2024-05-13 13:00:00,263,92,40
2024-05-13 14:00:00,274,88,33
2024-05-13 15:00:00,327,135,66
2024-05-13 16:00:00,577,157,96
2024-05-13 17:00:00,314,148,55
2024-05-13 18:00:00,189,112,42
2024-05-13 19:00:00,133,108,27
2024-05-13 20:00:00,94,90,27
2024-05-13 21:00:00,100,91,19
2024-05-13 22:00:00,48,66,7
2024-05-13 23:00:00,27,49,6
2024-05-14 00:00:00,10,42,2
2024-05-14 01:00:00,8,24,0
2024-05-14 02:00:00,10,21,0
2024-05-14 03:00:00,6,12,1
2024-05-14 04:00:00,24,21,7
2024-05-14 05:00:00,48,43,14
2024-05-14 06:00:00,242,86,64
2024-05-14 07:00:00,589,112,139
2024-05-14 08:00:00,373,145,81
2024-05-14 09:00:00,234,90,27
2024-05-14 10:00:00,234,59,27
2024-05-14 11:00:00,523,84,31
2024-05-14 12:00:00,604,104,34
2024-05-14 13:00:00,346,86,31
2024-05-14 14:00:00,342,101,51
2024-05-14 15:00:00,470,148,85
2024-05-14 16:00:00,814,165,124
2024-05-14 17:00:00,546,148,72
2024-05-14 18:00:00,370,105,49
2024-05-14 19:00:00,221,102,44
2024-05-14 20:00:00,162,99,40
2024-05-14 21:00:00,162,121,23
2024-05-14 22:00:00,65,109,11
2024-05-14 23:00:00,24,72,4
2024-05-15 00:00:00,16,55,4
2024-05-15 01:00:00,6,36,1
2024-05-15 02:00:00,5,22,1
2024-05-15 03:00:00,7,15,1
2024-05-15 04:00:00,11,22,7
2024-05-15 05:00:00,54,53,17
2024-05-15 06:00:00,253,74,67
2024-05-15 07:00:00,545,114,142
2024-05-15 08:00:00,278,165,75
2024-05-15 09:00:00,209,112,44
2024-05-15 10:00:00,242,75,26
2024-05-15 11:00:00,685,88,40
2024-05-15 12:00:00,768,105,48
2024-05-15 13:00:00,383,90,23
2024-05-15 14:00:00,315,126,43
2024-05-15 15:00:00,476,133,80
2024-05-15 16:00:00,763,156,135
2024-05-15 17:00:00,564,133,88
2024-05-15 18:00:00,315,137,50
2024-05-15 19:00:00,267,107,62
2024-05-15 20:00:00,197,89,27
2024-05-15 21:00:00,198,113,29
2024-05-15 22:00:00,67,104,7
2024-05-15 23:00:00,37,72,10
2024-05-16 00:00:00,20,54,3
2024-05-16 01:00:00,17,39,1
2024-05-16 02:00:00,5,33,4
2024-05-16 03:00:00,5,22,3
2024-05-16 04:00:00,13,17,3
2024-05-16 05:00:00,59,43,18
2024-05-16 06:00:00,241,82,57
2024-05-16 07:00:00,537,130,155
2024-05-16 08:00:00,381,154,63
2024-05-16 09:00:00,181,85,26
2024-05-16 10:00:00,274,76,39
2024-05-16 11:00:00,692,93,35
2024-05-16 12:00:00,654,100,39
2024-05-16 13:00:00,358,107,32
2024-05-16 14:00:00,324,132,49
2024-05-16 15:00:00,518,133,69
2024-05-16 16:00:00,796,167,124
2024-05-16 17:00:00,488,167,80
2024-05-16 18:00:00,342,176,47
2024-05-16 19:00:00,292,152,49
2024-05-16 20:00:00,217,140,29
2024-05-16 21:00:00,200,180,34
2024-05-16 22:00:00,100,154,26
2024-05-16 23:00:00,74,111,7
2024-05-17 00:00:00,23,98,5
2024-05-17 01:00:00,18,63,2
2024-05-17 02:00:00,12,40,3
2024-05-17 03:00:00,3,42,3
2024-05-17 04:00:00,14,21,3
2024-05-17 05:00:00,67,23,18
2024-05-17 06:00:00,177,71,37
2024-05-17 07:00:00,388,99,80
2024-05-17 08:00:00,281,139,73
2024-05-17 09:00:00,252,96,33
2024-05-17 10:00:00,308,100,22
2024-05-17 11:00:00,642,99,39
2024-05-17 12:00:00,599,88,42
2024-05-17 13:00:00,360,111,24
2024-05-17 14:00:00,372,128,40
2024-05-17 15:00:00,463,145,72
2024-05-17 16:00:00,561,172,97
2024-05-17 17:00:00,412,194,61
2024-05-17 18:00:00,446,174,55
2024-05-17 19:00:00,320,152,27
2024-05-17 20:00:00,271,135,35
2024-05-17 21:00:00,317,160,26
2024-05-17 22:00:00,205,173,19
2024-05-17 23:00:00,110,189,10
2024-05-18 00:00:00,109,170,6
2024-05-18 01:00:00,54,142,6
2024-05-18 02:00:00,37,113,3
2024-05-18 03:00:00,17,55,1
2024-05-18 04:00:00,14,34,0
2024-05-18 05:00:00,27,31,6
2024-05-18 06:00:00,35,39,11
2024-05-18 07:00:00,88,49,13
2024-05-18 08:00:00,141,63,15
2024-05-18 09:00:00,236,88,26
2024-05-18 10:00:00,290,107,36
2024-05-18 11:00:00,388,103,39
2024-05-18 12:00:00,399,133,31
2024-05-18 13:00:00,439,154,27
2024-05-18 14:00:00,369,145,35
2024-05-18 15:00:00,406,151,28
2024-05-18 16:00:00,464,149,23
2024-05-18 17:00:00,444,169,15
2024-05-18 18:00:00,423,185,27
2024-05-18 19:00:00,363,162,29
2024-05-18 20:00:00,308,131,23
2024-05-18 21:00:00,236,139,21
2024-05-18 22:00:00,100,159,15
2024-05-18 23:00:00,134,173,14
2024-05-19 00:00:00,90,178,9
2024-05-19 01:00:00,63,165,4
2024-05-19 02:00:00,37,114,2
2024-05-19 03:00:00,23,69,5
2024-05-19 04:00:00,19,24,1
2024-05-19 05:00:00,35,9,7
2024-05-19 06:00:00,54,2,14
2024-05-19 07:00:00,158,0,19
2024-05-19 08:00:00,303,0,37
2024-05-19 09:00:00,687,0,45
2024-05-19 10:00:00,593,0,53
2024-05-19 11:00:00,689,0,61
2024-05-19 12:00:00,702,0,49
2024-05-19 13:00:00,538,0,38
2024-05-19 14:00:00,520,14,47
2024-05-19 15:00:00,435,83,45
2024-05-19 16:00:00,353,104,42
2024-05-19 17:00:00,319,116,51
2024-05-19 18:00:00,254,121,37
2024-05-19 19:00:00,200,85,29
2024-05-19 20:00:00,196,85,30
2024-05-19 21:00:00,135,86,19
2024-05-19 22:00:00,78,76,16
2024-05-19 23:00:00,28,68,4
2024-05-20 00:00:00,16,50,4
2024-05-20 01:00:00,17,36,1
2024-05-20 02:00:00,6,18,0
2024-05-20 03:00:00,10,8,2
2024-05-20 04:00:00,12,16,3
2024-05-20 05:00:00,52,41,17
2024-05-20 06:00:00,199,67,46
2024-05-20 07:00:00,426,86,130
2024-05-20 08:00:00,315,170,70
2024-05-20 09:00:00,204,85,37
2024-05-20 10:00:00,250,61,24
2024-05-20 11:00:00,599,78,30
2024-05-20 12:00:00,766,74,34
2024-05-20 13:00:00,347,86,30
2024-05-20 14:00:00,452,90,32
2024-05-20 15:00:00,458,95,61
2024-05-20 16:00:00,666,149,145
2024-05-20 17:00:00,515,125,73
2024-05-20 18:00:00,296,100,50
2024-05-20 19:00:00,193,78,35
2024-05-20 20:00:00,176,74,33
2024-05-20 21:00:00,133,91,26
2024-05-20 22:00:00,47,55,12
2024-05-20 23:00:00,29,44,7
2024-05-21 00:00:00,15,38,3
2024-05-21 01:00:00,17,23,3
2024-05-21 02:00:00,10,15,2
2024-05-21 03:00:00,6,13,3
2024-05-21 04:00:00,20,24,5
2024-05-21 05:00:00,78,51,15
2024-05-21 06:00:00,250,96,73
2024-05-21 07:00:00,566,114,158
2024-05-21 08:00:00,355,154,81
2024-05-21 09:00:00,193,96,26
2024-05-21 10:00:00,264,77,27
2024-05-21 11:00:00,694,94,42
2024-05-21 12:00:00,788,108,34
2024-05-21 13:00:00,362,71,44
2024-05-21 14:00:00,306,98,41
2024-05-21 15:00:00,445,135,83
2024-05-21 16:00:00,714,170,147
2024-05-21 17:00:00,446,120,77
2024-05-21 18:00:00,239,144,53
2024-05-21 19:00:00,138,126,38
2024-05-21 20:00:00,144,131,27
2024-05-21 21:00:00,135,118,25
2024-05-21 22:00:00,65,67,10
2024-05-21 23:00:00,19,58,7
2024-05-22 00:00:00,14,37,3
2024-05-22 01:00:00,16,30,0
2024-05-22 02:00:00,8,21,1
2024-05-22 03:00:00,2,15,1
2024-05-22 04:00:00,14,25,3
2024-05-22 05:00:00,49,43,19
2024-05-22 06:00:00,241,75,50
2024-05-22 07:00:00,478,109,121
2024-05-22 08:00:00,288,164,68
2024-05-22 09:00:00,196,136,20
2024-05-22 10:00:00,207,101,27
2024-05-22 11:00:00,558,96,30
2024-05-22 12:00:00,630,78,33
2024-05-22 13:00:00,311,118,26
2024-05-22 14:00:00,277,129,33
2024-05-22 15:00:00,414,134,60
2024-05-22 16:00:00,680,156,116
2024-05-22 17:00:00,471,160,70
2024-05-22 18:00:00,301,133,47
2024-05-22 19:00:00,203,108,40
2024-05-22 20:00:00,211,76,25
2024-05-22 21:00:00,179,109,33
2024-05-22 22:00:00,86,86,7
2024-05-22 23:00:00,19,64,9
2024-05-23 00:00:00,5,51,3
2024-05-23 01:00:00,8,22,2
2024-05-23 02:00:00,11,22,0
2024-05-23 03:00:00,18,20,1
2024-05-23 04:00:00,15,27,3
2024-05-23 05:00:00,55,47,19
2024-05-23 06:00:00,223,74,63
2024-05-23 07:00:00,551,94,136
2024-05-23 08:00:00,325,141,71
2024-05-23 09:00:00,186,94,22
2024-05-23 10:00:00,264,89,39
2024-05-23 11:00:00,673,105,40
2024-05-23 12:00:00,630,96,59
2024-05-23 13:00:00,372,102,46
2024-05-23 14:00:00,356,110,41
2024-05-23 15:00:00,478,150,53
2024-05-23 16:00:00,767,177,117
2024-05-23 17:00:00,481,146,90
2024-05-23 18:00:00,307,146,78
2024-05-23 19:00:00,282,112,38
2024-05-23 20:00:00,162,96,27
2024-05-23 21:00:00,185,123,25
2024-05-23 22:00:00,125,127,22
2024-05-23 23:00:00,65,87,11
2024-05-24 00:00:00,31,73,5
2024-05-24 01:00:00,17,46,3
2024-05-24 02:00:00,21,38,3
2024-05-24 03:00:00,2,26,0
2024-05-24 04:00:00,13,25,4
2024-05-24 05:00:00,52,23,10
2024-05-24 06:00:00,131,69,37
2024-05-24 07:00:00,358,92,82
2024-05-24 08:00:00,191,102,48
2024-05-24 09:00:00,200,100,27
2024-05-24 10:00:00,276,105,23
2024-05-24 11:00:00,410,104,30
2024-05-24 12:00:00,445,96,45
2024-05-24 13:00:00,340,119,36
2024-05-24 14:00:00,371,121,32
2024-05-24 15:00:00,402,141,50
2024-05-24 16:00:00,511,170,78
2024-05-24 17:00:00,377,159,55
2024-05-24 18:00:00,350,192,40
2024-05-24 19:00:00,273,180,29
2024-05-24 20:00:00,259,122,35
2024-05-24 21:00:00,321,181,20
2024-05-24 22:00:00,168,169,16
2024-05-24 23:00:00,86,187,9
2024-05-25 00:00:00,72,136,12
2024-05-25 01:00:00,36,106,5
2024-05-25 02:00:00,18,76,3
2024-05-25 03:00:00,16,44,3
2024-05-25 04:00:00,15,27,6
2024-05-25 05:00:00,24,26,4
2024-05-25 06:00:00,59,38,7
2024-05-25 07:00:00,80,64,13
2024-05-25 08:00:00,139,95,27
2024-05-25 09:00:00,246,98,26
2024-05-25 10:00:00,337,89,38
2024-05-25 11:00:00,430,141,35
2024-05-25 12:00:00,406,165,31
2024-05-25 13:00:00,460,147,34
2024-05-25 14:00:00,376,151,28
2024-05-25 15:00:00,383,228,25
2024-05-25 16:00:00,405,138,31
2024-05-25 17:00:00,339,152,36
2024-05-25 18:00:00,269,167,29
2024-05-25 19:00:00,273,153,32
2024-05-25 20:00:00,240,192,15
2024-05-25 21:00:00,117,122,18
2024-05-25 22:00:00,211,197,23
2024-05-25 23:00:00,153,172,12
2024-05-26 00:00:00,94,237,9
2024-05-26 01:00:00,38,190,3
2024-05-26 02:00:00,24,147,5
2024-05-26 03:00:00,21,77,0
2024-05-26 04:00:00,13,20,1
2024-05-26 05:00:00,24,9,5
2024-05-26 06:00:00,26,29,5
2024-05-26 07:00:00,58,47,9
2024-05-26 08:00:00,104,50,12
2024-05-26 09:00:00,185,75,14
2024-05-26 10:00:00,257,103,22
2024-05-26 11:00:00,222,141,22
2024-05-26 12:00:00,147,166,23
2024-05-26 13:00:00,310,144,27
2024-05-26 14:00:00,258,140,12
2024-05-26 15:00:00,323,158,22
2024-05-26 16:00:00,291,142,22
2024-05-26 17:00:00,275,120,24
2024-05-26 18:00:00,249,107,32
2024-05-26 19:00:00,226,116,31
2024-05-26 20:00:00,163,110,21
2024-05-26 21:00:00,191,141,20
2024-05-26 22:00:00,122,126,17
2024-05-26 23:00:00,99,138,11
2024-05-27 00:00:00,34,159,6
2024-05-27 01:00:00,13,85,2
2024-05-27 02:00:00,41,55,2
2024-05-27 03:00:00,15,52,0
2024-05-27 04:00:00,5,24,2
2024-05-27 05:00:00,25,28,4
2024-05-27 06:00:00,45,31,10
2024-05-27 07:00:00,78,39,18
2024-05-27 08:00:00,137,45,15
2024-05-27 09:00:00,177,88,24
2024-05-27 10:00:00,201,79,32
2024-05-27 11:00:00,221,102,27
2024-05-27 12:00:00,316,70,23
2024-05-27 13:00:00,308,91,29
2024-05-27 14:00:00,311,73,18
2024-05-27 15:00:00,308,88,36
2024-05-27 16:00:00,321,80,37
2024-05-27 17:00:00,300,97,34
2024-05-27 18:00:00,240,104,20
2024-05-27 19:00:00,170,62,27
2024-05-27 20:00:00,146,56,23
2024-05-27 21:00:00,179,80,27
2024-05-27 22:00:00,60,67,10
2024-05-27 23:00:00,26,47,6
2024-05-28 00:00:00,8,34,3
2024-05-28 01:00:00,3,29,4
2024-05-28 02:00:00,9,19,2
2024-05-28 03:00:00,2,14,1
2024-05-28 04:00:00,15,25,2
2024-05-28 05:00:00,50,37,11
2024-05-28 06:00:00,179,69,38
2024-05-28 07:00:00,456,128,95
2024-05-28 08:00:00,238,126,61
2024-05-28 09:00:00,184,78,10
2024-05-28 10:00:00,265,72,17
2024-05-28 11:00:00,507,87,31
2024-05-28 12:00:00,550,99,31
2024-05-28 13:00:00,270,95,24
2024-05-28 14:00:00,305,105,29
2024-05-28 15:00:00,395,114,55
2024-05-28 16:00:00,596,148,105
2024-05-28 17:00:00,393,165,71
2024-05-28 18:00:00,264,113,52
2024-05-28 19:00:00,169,95,32
2024-05-28 20:00:00,160,74,19
2024-05-28 21:00:00,126,107,12
2024-05-28 22:00:00,39,95,8
2024-05-28 23:00:00,27,53,8
2024-05-29 00:00:00,15,37,3
2024-05-29 01:00:00,21,23,5
2024-05-29 02:00:00,5,18,3
2024-05-29 03:00:00,6,18,3
2024-05-29 04:00:00,16,19,4
2024-05-29 05:00:00,80,37,10
2024-05-29 06:00:00,238,66,52
2024-05-29 07:00:00,485,98,115
2024-05-29 08:00:00,298,111,78
2024-05-29 09:00:00,242,90,19
2024-05-29 10:00:00,321,88,27
2024-05-29 11:00:00,658,93,37
2024-05-29 12:00:00,726,98,39
2024-05-29 13:00:00,335,81,39
2024-05-29 14:00:00,395,107,34
2024-05-29 15:00:00,458,132,74
2024-05-29 16:00:00,738,177,132
2024-05-29 17:00:00,451,136,79
2024-05-29 18:00:00,348,116,59
2024-05-29 19:00:00,254,81,48
2024-05-29 20:00:00,195,66,31
2024-05-29 21:00:00,172,104,25
2024-05-29 22:00:00,113,79,22
2024-05-29 23:00:00,36,74,4
2024-05-30 00:00:00,15,51,4
2024-05-30 01:00:00,10,37,0
2024-05-30 02:00:00,11,23,2
2024-05-30 03:00:00,10,21,1
2024-05-30 04:00:00,20,25,5
2024-05-30 05:00:00,47,43,11
2024-05-30 06:00:00,186,65,33
2024-05-30 07:00:00,489,108,106
2024-05-30 08:00:00,314,133,68
2024-05-30 09:00:00,225,97,31
2024-05-30 10:00:00,320,77,18
2024-05-30 11:00:00,701,104,29
2024-05-30 12:00:00,706,116,38
2024-05-30 13:00:00,360,100,29
2024-05-30 14:00:00,353,115,38
2024-05-30 15:00:00,485,138,56
2024-05-30 16:00:00,745,192,125
2024-05-30 17:00:00,565,155,79
2024-05-30 18:00:00,338,134,51
2024-05-30 19:00:00,252,114,47
2024-05-30 20:00:00,231,92,37
2024-05-30 21:00:00,189,132,38
2024-05-30 22:00:00,137,107,30
2024-05-30 23:00:00,67,106,17
2024-05-31 00:00:00,20,75,1
2024-05-31 01:00:00,12,43,3
2024-05-31 02:00:00,14,35,5
2024-05-31 03:00:00,8,22,1
2024-05-31 04:00:00,11,13,3
2024-05-31 05:00:00,61,28,16
2024-05-31 06:00:00,150,52,31
2024-05-31 07:00:00,348,109,80
2024-05-31 08:00:00,218,113,42
2024-05-31 09:00:00,235,99,22
2024-05-31 10:00:00,283,99,18
2024-05-31 11:00:00,523,110,30
2024-05-31 12:00:00,532,86,37
2024-05-31 13:00:00,337,113,31
2024-05-31 14:00:00,344,131,42
2024-05-31 15:00:00,471,144,66
2024-05-31 16:00:00,581,186,98
2024-05-31 17:00:00,487,189,55
2024-05-31 18:00:00,342,194,53
2024-05-31 19:00:00,263,151,28
2024-05-31 20:00:00,217,121,30
2024-05-31 21:00:00,318,159,34
2024-05-31 22:00:00,201,201,21
2024-05-31 23:00:00,119,210,14
2024-06-01 00:00:00,69,149,5
2024-06-01 01:00:00,48,153,3
2024-06-01 02:00:00,51,123,6
2024-06-01 03:00:00,27,70,0
2024-06-01 04:00:00,19,41,2
2024-06-01 05:00:00,31,31,8
2024-06-01 06:00:00,54,35,10
2024-06-01 07:00:00,80,60,17
2024-06-01 08:00:00,182,67,29
2024-06-01 09:00:00,304,99,18
2024-06-01 10:00:00,300,114,29
2024-06-01 11:00:00,396,145,37
2024-06-01 12:00:00,389,152,29
2024-06-01 13:00:00,398,155,33
2024-06-01 14:00:00,378,139,33
2024-06-01 15:00:00,440,132,35
2024-06-01 16:00:00,431,154,36
2024-06-01 17:00:00,388,175,40
2024-06-01 18:00:00,372,186,24
2024-06-01 19:00:00,282,164,30
2024-06-01 20:00:00,264,112,13
2024-06-01 21:00:00,277,183,31
2024-06-01 22:00:00,164,197,20
2024-06-01 23:00:00,91,216,10
2024-06-02 00:00:00,68,183,8
2024-06-02 01:00:00,53,177,3
2024-06-02 02:00:00,55,121,3
2024-06-02 03:00:00,20,102,4
2024-06-02 04:00:00,15,39,1
2024-06-02 05:00:00,14,30,5
2024-06-02 06:00:00,28,23,8
2024-06-02 07:00:00,63,46,27
2024-06-02 08:00:00,133,57,11
2024-06-02 09:00:00,199,78,21
2024-06-02 10:00:00,242,97,24
2024-06-02 11:00:00,243,109,37
2024-06-02 12:00:00,297,86,34
2024-06-02 13:00:00,269,106,34
2024-06-02 14:00:00,290,88,43
2024-06-02 15:00:00,258,100,29
2024-06-02 16:00:00,276,107,30
2024-06-02 17:00:00,247,96,28
2024-06-02 18:00:00,196,102,32
2024-06-02 19:00:00,188,97,30
2024-06-02 20:00:00,154,81,27
2024-06-02 21:00:00,112,76,23
2024-06-02 22:00:00,52,66,10
2024-06-02 23:00:00,27,47,9
2024-06-03 00:00:00,16,37,2
2024-06-03 01:00:00,11,41,0
2024-06-03 02:00:00,7,12,1
2024-06-03 03:00:00,4,12,2
2024-06-03 04:00:00,9,21,5
2024-06-03 05:00:00,51,29,6
2024-06-03 06:00:00,183,71,51
2024-06-03 07:00:00,457,98,132
2024-06-03 08:00:00,291,97,67
2024-06-03 09:00:00,376,85,33
2024-06-03 10:00:00,265,75,28
2024-06-03 11:00:00,503,75,36
2024-06-03 12:00:00,564,78,37
2024-06-03 13:00:00,304,98,31
2024-06-03 14:00:00,287,80,35
2024-06-03 15:00:00,428,120,70
2024-06-03 16:00:00,583,134,124
2024-06-03 17:00:00,393,114,82
2024-06-03 18:00:00,306,80,40
2024-06-03 19:00:00,174,76,45
2024-06-03 20:00:00,181,66,31
2024-06-03 21:00:00,145,74,24
2024-06-03 22:00:00,61,75,12
2024-06-03 23:00:00,23,64,7
2024-06-04 00:00:00,2,41,1
2024-06-04 01:00:00,1,28,1
2024-06-04 02:00:00,6,23,1
2024-06-04 03:00:00,6,15,2
2024-06-04 04:00:00,15,21,4
2024-06-04 05:00:00,58,51,10
2024-06-04 06:00:00,236,69,82
2024-06-04 07:00:00,544,116,140
2024-06-04 08:00:00,322,137,94
2024-06-04 09:00:00,241,101,29
2024-06-04 10:00:00,235,104,32
2024-06-04 11:00:00,618,95,24
2024-06-04 12:00:00,604,84,37
2024-06-04 13:00:00,306,82,31
2024-06-04 14:00:00,275,95,58
2024-06-04 15:00:00,515,133,74
2024-06-04 16:00:00,752,167,167
2024-06-04 17:00:00,380,92,92
2024-06-04 18:00:00,24,14,6
2024-06-04 19:00:00,176,89,36
2024-06-04 20:00:00,176,66,22
2024-06-04 21:00:00,139,84,29
2024-06-04 22:00:00,54,75,15
2024-06-04 23:00:00,27,67,9
2024-06-05 00:00:00,17,54,3
2024-06-05 01:00:00,12,30,3
2024-06-05 02:00:00,9,23,2
2024-06-05 03:00:00,8,20,0
2024-06-05 04:00:00,12,22,7
2024-06-05 05:00:00,60,49,12
2024-06-05 06:00:00,243,95,63
2024-06-05 07:00:00,525,112,142
2024-06-05 08:00:00,355,153,83
2024-06-05 09:00:00,273,131,27
2024-06-05 10:00:00,294,75,22
2024-06-05 11:00:00,639,89,37
2024-06-05 12:00:00,705,86,35
2024-06-05 13:00:00,384,88,50
2024-06-05 14:00:00,333,112,58
2024-06-05 15:00:00,503,129,57
2024-06-05 16:00:00,806,165,143
2024-06-05 17:00:00,448,142,89
2024-06-05 18:00:00,339,147,48
2024-06-05 19:00:00,212,91,70
2024-06-05 20:00:00,254,82,35
2024-06-05 21:00:00,177,117,23
2024-06-05 22:00:00,66,82,12
2024-06-05 23:00:00,46,65,5
2024-06-06 00:00:00,15,64,4
2024-06-06 01:00:00,8,43,1
2024-06-06 02:00:00,8,29,0
2024-06-06 03:00:00,5,22,5
2024-06-06 04:00:00,13,15,2
2024-06-06 05:00:00,61,42,13
2024-06-06 06:00:00,200,92,60
2024-06-06 07:00:00,516,111,130
2024-06-06 08:00:00,315,161,83
2024-06-06 09:00:00,182,117,30
2024-06-06 10:00:00,237,98,38
2024-06-06 11:00:00,608,84,34
2024-06-06 12:00:00,678,102,25
2024-06-06 13:00:00,357,102,36
2024-06-06 14:00:00,345,122,42
2024-06-06 15:00:00,495,166,89
2024-06-06 16:00:00,876,150,123
2024-06-06 17:00:00,507,161,93
2024-06-06 18:00:00,386,143,33
2024-06-06 19:00:00,208,84,48
2024-06-06 20:00:00,209,84,38
2024-06-06 21:00:00,242,118,35
2024-06-06 22:00:00,129,111,22
2024-06-06 23:00:00,46,94,5
2024-06-07 00:00:00,36,67,0
2024-06-07 01:00:00,16,53,1
2024-06-07 02:00:00,13,21,1
2024-06-07 03:00:00,11,20,1
2024-06-07 04:00:00,18,18,3
2024-06-07 05:00:00,46,32,16
2024-06-07 06:00:00,170,70,45
2024-06-07 07:00:00,347,112,85
2024-06-07 08:00:00,221,115,68
2024-06-07 09:00:00,184,99,28
2024-06-07 10:00:00,264,96,21
2024-06-07 11:00:00,402,90,28
2024-06-07 12:00:00,489,118,28
2024-06-07 13:00:00,318,105,47
2024-06-07 14:00:00,333,125,40
2024-06-07 15:00:00,429,155,69
2024-06-07 16:00:00,598,176,86
2024-06-07 17:00:00,416,171,50
2024-06-07 18:00:00,293,192,43
2024-06-07 19:00:00,213,140,28
2024-06-07 20:00:00,221,112,25
2024-06-07 21:00:00,273,143,22
2024-06-07 22:00:00,152,165,31
2024-06-07 23:00:00,105,152,18
2024-06-08 00:00:00,66,175,2
2024-06-08 01:00:00,42,136,4
2024-06-08 02:00:00,38,96,3
2024-06-08 03:00:00,29,72,2
2024-06-08 04:00:00,13,30,3
2024-06-08 05:00:00,34,21,6
2024-06-08 06:00:00,37,43,10
2024-06-08 07:00:00,104,51,9
2024-06-08 08:00:00,163,85,21
2024-06-08 09:00:00,231,88,33
2024-06-08 10:00:00,357,135,29
2024-06-08 11:00:00,321,144,23
2024-06-08 12:00:00,386,166,39
2024-06-08 13:00:00,417,163,23
2024-06-08 14:00:00,363,160,29
2024-06-08 15:00:00,454,147,34
2024-06-08 16:00:00,450,151,30
2024-06-08 17:00:00,420,205,37
2024-06-08 18:00:00,311,187,25
2024-06-08 19:00:00,281,166,20
2024-06-08 20:00:00,305,118,31
2024-06-08 21:00:00,287,204,21
2024-06-08 22:00:00,224,208,19
2024-06-08 23:00:00,130,192,5
2024-06-09 00:00:00,54,184,11
2024-06-09 01:00:00,35,185,8
2024-06-09 02:00:00,43,133,2
2024-06-09 03:00:00,20,73,2
2024-06-09 04:00:00,8,31,2
2024-06-09 05:00:00,24,25,6
2024-06-09 06:00:00,33,24,6
2024-06-09 07:00:00,62,40,21
2024-06-09 08:00:00,119,68,25
2024-06-09 09:00:00,202,103,33
2024-06-09 10:00:00,287,101,23
2024-06-09 11:00:00,312,102,37
2024-06-09 12:00:00,307,94,37
2024-06-09 13:00:00,354,93,28
2024-06-09 14:00:00,300,128,21
2024-06-09 15:00:00,331,115,36
2024-06-09 16:00:00,299,92,35
2024-06-09 17:00:00,189,92,35
2024-06-09 18:00:00,172,106,30
2024-06-09 19:00:00,126,86,22
2024-06-09 20:00:00,116,75,20
2024-06-09 21:00:00,121,130,20
2024-06-09 22:00:00,127,93,6
2024-06-09 23:00:00,24,85,1
2024-06-10 00:00:00,10,44,3
2024-06-10 01:00:00,7,25,2
2024-06-10 02:00:00,4,16,1
2024-06-10 03:00:00,5,15,1
2024-06-10 04:00:00,9,16,3
2024-06-10 05:00:00,54,38,8
2024-06-10 06:00:00,176,71,47
2024-06-10 07:00:00,476,101,141
2024-06-10 08:00:00,287,155,75
2024-06-10 09:00:00,204,117,26
2024-06-10 10:00:00,256,79,29
2024-06-10 11:00:00,529,83,39
2024-06-10 12:00:00,648,87,43
2024-06-10 13:00:00,299,66,30
2024-06-10 14:00:00,296,93,38
2024-06-10 15:00:00,410,127,73
2024-06-10 16:00:00,659,156,145
2024-06-10 17:00:00,411,119,76
2024-06-10 18:00:00,208,90,42
2024-06-10 19:00:00,198,77,39
2024-06-10 20:00:00,143,55,30
2024-06-10 21:00:00,143,97,24
2024-06-10 22:00:00,43,66,8
2024-06-10 23:00:00,15,49,3
2024-06-11 00:00:00,13,40,5
2024-06-11 01:00:00,8,24,2
2024-06-11 02:00:00,6,14,0
2024-06-11 03:00:00,8,12,1
2024-06-11 04:00:00,12,24,4
2024-06-11 05:00:00,66,54,8
2024-06-11 06:00:00,235,84,69
2024-06-11 07:00:00,532,106,166
2024-06-11 08:00:00,343,142,95
2024-06-11 09:00:00,221,77,26
2024-06-11 10:00:00,276,88,29
2024-06-11 11:00:00,565,86,46
2024-06-11 12:00:00,746,85,44
2024-06-11 13:00:00,319,69,42
2024-06-11 14:00:00,288,100,44
2024-06-11 15:00:00,466,152,69
2024-06-11 16:00:00,696,170,167
2024-06-11 17:00:00,460,135,103
2024-06-11 18:00:00,289,129,69
2024-06-11 19:00:00,233,83,54
2024-06-11 20:00:00,182,64,40
2024-06-11 21:00:00,138,91,14
2024-06-11 22:00:00,97,94,9
2024-06-11 23:00:00,32,76,7
2024-06-12 00:00:00,8,56,0
2024-06-12 01:00:00,6,34,1
2024-06-12 02:00:00,4,22,1
2024-06-12 03:00:00,5,14,2
2024-06-12 04:00:00,14,24,5
2024-06-12 05:00:00,75,45,15
2024-06-12 06:00:00,228,90,55
2024-06-12 07:00:00,531,113,157
2024-06-12 08:00:00,333,162,91
2024-06-12 09:00:00,191,108,28
2024-06-12 10:00:00,216,68,26
2024-06-12 11:00:00,621,102,27
2024-06-12 12:00:00,720,109,50
2024-06-12 13:00:00,326,107,32
2024-06-12 14:00:00,365,108,56
2024-06-12 15:00:00,478,166,92
2024-06-12 16:00:00,743,170,139
2024-06-12 17:00:00,511,147,72
2024-06-12 18:00:00,324,141,36
2024-06-12 19:00:00,194,81,48
2024-06-12 20:00:00,205,77,24
2024-06-12 21:00:00,207,124,32
2024-06-12 22:00:00,79,87,16
2024-06-12 23:00:00,58,74,7
2024-06-13 00:00:00,29,72,1
2024-06-13 01:00:00,9,40,3
2024-06-13 02:00:00,8,25,0
2024-06-13 03:00:00,2,17,3
2024-06-13 04:00:00,10,20,5
2024-06-13 05:00:00,58,50,10
2024-06-13 06:00:00,235,87,49
2024-06-13 07:00:00,488,121,124
2024-06-13 08:00:00,302,139,75
2024-06-13 09:00:00,211,95,22
2024-06-13 10:00:00,215,87,26
2024-06-13 11:00:00,575,88,35
2024-06-13 12:00:00,503,86,42
2024-06-13 13:00:00,315,117,35
2024-06-13 14:00:00,280,117,38
2024-06-13 15:00:00,416,182,67
2024-06-13 16:00:00,667,185,120
2024-06-13 17:00:00,506,180,94
2024-06-13 18:00:00,273,176,42
2024-06-13 19:00:00,191,122,42
2024-06-13 20:00:00,157,86,24
2024-06-13 21:00:00,230,132,23
2024-06-13 22:00:00,99,110,19
2024-06-13 23:00:00,26,76,10
2024-06-14 00:00:00,20,67,1
2024-06-14 01:00:00,16,59,2
2024-06-14 02:00:00,3,22,2
2024-06-14 03:00:00,7,19,2
2024-06-14 04:00:00,14,16,1
2024-06-14 05:00:00,49,41,13
2024-06-14 06:00:00,165,75,41
2024-06-14 07:00:00,452,119,89
2024-06-14 08:00:00,292,142,42
2024-06-14 09:00:00,238,111,26
2024-06-14 10:00:00,333,103,17
2024-06-14 11:00:00,461,106,30
2024-06-14 12:00:00,404,107,36
2024-06-14 13:00:00,359,128,33
2024-06-14 14:00:00,392,117,26
2024-06-14 15:00:00,483,160,58
2024-06-14 16:00:00,539,221,66
2024-06-14 17:00:00,471,223,64
2024-06-14 18:00:00,319,180,44
2024-06-14 19:00:00,236,162,35
2024-06-14 20:00:00,209,111,21
2024-06-14 21:00:00,249,182,23
2024-06-14 22:00:00,125,170,10
2024-06-14 23:00:00,64,176,10
2024-06-15 00:00:00,71,142,6
2024-06-15 01:00:00,29,111,6
2024-06-15 02:00:00,26,105,5
2024-06-15 03:00:00,18,57,0
2024-06-15 04:00:00,20,28,1
2024-06-15 05:00:00,21,34,9
2024-06-15 06:00:00,42,54,9
2024-06-15 07:00:00,86,76,10
2024-06-15 08:00:00,170,95,14
2024-06-15 09:00:00,236,102,16
2024-06-15 10:00:00,277,108,29
2024-06-15 11:00:00,436,133,27
2024-06-15 12:00:00,395,125,25
2024-06-15 13:00:00,405,132,29
2024-06-15 14:00:00,473,174,26
2024-06-15 15:00:00,421,182,42
2024-06-15 16:00:00,409,161,27
2024-06-15 17:00:00,376,156,27
2024-06-15 18:00:00,352,191,31
2024-06-15 19:00:00,195,189,20
2024-06-15 20:00:00,256,101,19
2024-06-15 21:00:00,310,169,22
2024-06-15 22:00:00,161,159,16
2024-06-15 23:00:00,115,210,5
2024-06-16 00:00:00,35,171,7
2024-06-16 01:00:00,39,126,3
2024-06-16 02:00:00,27,104,0
2024-06-16 03:00:00,21,91,0
2024-06-16 04:00:00,4,34,0
2024-06-16 05:00:00,22,19,4
2024-06-16 06:00:00,35,29,6
2024-06-16 07:00:00,63,38,18
2024-06-16 08:00:00,117,56,24
2024-06-16 09:00:00,154,76,17
2024-06-16 10:00:00,221,91,30
2024-06-16 11:00:00,250,86,30
2024-06-16 12:00:00,205,78,36
2024-06-16 13:00:00,272,71,27
2024-06-16 14:00:00,306,96,17
2024-06-16 15:00:00,326,73,30
2024-06-16 16:00:00,291,79,44
2024-06-16 17:00:00,240,94,26
2024-06-16 18:00:00,224,88,27
2024-06-16 19:00:00,200,65,39
2024-06-16 20:00:00,100,56,31
2024-06-16 21:00:00,150,99,38
2024-06-16 22:00:00,78,75,9
2024-06-16 23:00:00,30,61,5
2024-06-17 00:00:00,13,44,2
2024-06-17 01:00:00,13,32,0
2024-06-17 02:00:00,10,23,0
2024-06-17 03:00:00,6,14,1
2024-06-17 04:00:00,9,17,7
2024-06-17 05:00:00,68,41,11
2024-06-17 06:00:00,194,55,41
2024-06-17 07:00:00,433,88,125
2024-06-17 08:00:00,285,101,89
2024-06-17 09:00:00,182,76,23
2024-06-17 10:00:00,199,67,19
2024-06-17 11:00:00,566,67,38
2024-06-17 12:00:00,621,69,43
2024-06-17 13:00:00,321,66,35
2024-06-17 14:00:00,425,87,40
2024-06-17 15:00:00,417,99,60
2024-06-17 16:00:00,674,114,120
2024-06-17 17:00:00,403,93,67
2024-06-17 18:00:00,303,107,43
2024-06-17 19:00:00,238,58,30
2024-06-17 20:00:00,163,68,23
2024-06-17 21:00:00,165,88,20
2024-06-17 22:00:00,50,47,14
2024-06-17 23:00:00,27,37,5
2024-06-18 00:00:00,9,27,2
2024-06-18 01:00:00,4,23,1
2024-06-18 02:00:00,4,23,1
2024-06-18 03:00:00,4,16,0
2024-06-18 04:00:00,5,20,3
2024-06-18 05:00:00,66,49,17
2024-06-18 06:00:00,246,79,72
2024-06-18 07:00:00,537,113,160
2024-06-18 08:00:00,342,157,83
2024-06-18 09:00:00,220,116,25
2024-06-18 10:00:00,254,72,41
2024-06-18 11:00:00,584,88,32
2024-06-18 12:00:00,631,74,34
2024-06-18 13:00:00,346,102,34
2024-06-18 14:00:00,307,105,55
2024-06-18 15:00:00,493,122,88
2024-06-18 16:00:00,731,173,130
2024-06-18 17:00:00,470,126,80
2024-06-18 18:00:00,332,113,49
2024-06-18 19:00:00,220,79,43
2024-06-18 20:00:00,166,70,34
2024-06-18 21:00:00,185,96,18
2024-06-18 22:00:00,52,91,8
2024-06-18 23:00:00,37,113,6
2024-06-19 00:00:00,18,50,6
2024-06-19 01:00:00,8,38,3
2024-06-19 02:00:00,9,27,2
2024-06-19 03:00:00,4,14,1
2024-06-19 04:00:00,16,16,6
2024-06-19 05:00:00,56,49,9
2024-06-19 06:00:00,252,73,56
2024-06-19 07:00:00,532,107,153
2024-06-19 08:00:00,297,138,92
2024-06-19 09:00:00,171,109,20
2024-06-19 10:00:00,224,72,29
2024-06-19 11:00:00,621,79,42
2024-06-19 12:00:00,717,85,33
2024-06-19 13:00:00,372,102,45
2024-06-19 14:00:00,333,108,42
2024-06-19 15:00:00,462,129,77
2024-06-19 16:00:00,761,130,148
2024-06-19 17:00:00,443,149,64
2024-06-19 18:00:00,317,125,49
2024-06-19 19:00:00,213,103,50
2024-06-19 20:00:00,203,69,30
2024-06-19 21:00:00,158,92,34
2024-06-19 22:00:00,79,88,18
2024-06-19 23:00:00,42,81,8
2024-06-20 00:00:00,7,55,2
2024-06-20 01:00:00,20,24,0
2024-06-20 02:00:00,2,24,3
2024-06-20 03:00:00,6,18,0
2024-06-20 04:00:00,16,18,5
2024-06-20 05:00:00,77,35,12
2024-06-20 06:00:00,249,97,68
2024-06-20 07:00:00,469,122,150
2024-06-20 08:00:00,317,150,76
2024-06-20 09:00:00,230,84,24
2024-06-20 10:00:00,220,93,30
2024-06-20 11:00:00,582,82,45
2024-06-20 12:00:00,682,109,46
2024-06-20 13:00:00,346,99,35
2024-06-20 14:00:00,327,107,46
2024-06-20 15:00:00,670,139,86
2024-06-20 16:00:00,620,139,110
2024-06-20 17:00:00,373,142,62
2024-06-20 18:00:00,404,165,69
2024-06-20 19:00:00,325,121,42
2024-06-20 20:00:00,209,88,38
2024-06-20 21:00:00,275,133,29
2024-06-20 22:00:00,154,133,15
2024-06-20 23:00:00,42,109,8
2024-06-21 00:00:00,29,79,4
2024-06-21 01:00:00,22,60,2
2024-06-21 02:00:00,15,35,3
2024-06-21 03:00:00,7,24,6
2024-06-21 04:00:00,9,20,0
2024-06-21 05:00:00,55,36,18
2024-06-21 06:00:00,143,58,40
2024-06-21 07:00:00,337,115,97
2024-06-21 08:00:00,248,107,61
2024-06-21 09:00:00,213,85,29
2024-06-21 10:00:00,251,107,40
2024-06-21 11:00:00,467,101,42
2024-06-21 12:00:00,540,105,35
2024-06-21 13:00:00,337,106,47
2024-06-21 14:00:00,347,121,31
2024-06-21 15:00:00,475,124,71
2024-06-21 16:00:00,530,152,108
2024-06-21 17:00:00,394,149,56
2024-06-21 18:00:00,275,197,49
2024-06-21 19:00:00,246,145,24
2024-06-21 20:00:00,188,89,31
2024-06-21 21:00:00,250,160,40
2024-06-21 22:00:00,169,178,24
2024-06-21 23:00:00,68,141,4
2024-06-22 00:00:00,42,145,7
2024-06-22 01:00:00,55,115,4
2024-06-22 02:00:00,26,86,3
2024-06-22 03:00:00,16,53,1
2024-06-22 04:00:00,18,31,4
2024-06-22 05:00:00,27,33,10
2024-06-22 06:00:00,45,47,10
2024-06-22 07:00:00,104,65,12
2024-06-22 08:00:00,164,102,22
2024-06-22 09:00:00,272,88,32
2024-06-22 10:00:00,308,135,35
2024-06-22 11:00:00,370,118,39
2024-06-22 12:00:00,336,149,39
2024-06-22 13:00:00,302,153,33
2024-06-22 14:00:00,390,148,36
2024-06-22 15:00:00,431,145,40
2024-06-22 16:00:00,404,166,39
2024-06-22 17:00:00,380,190,27
2024-06-22 18:00:00,351,182,23
2024-06-22 19:00:00,308,156,22
2024-06-22 20:00:00,246,112,20
2024-06-22 21:00:00,253,185,30
2024-06-22 22:00:00,161,177,18
2024-06-22 23:00:00,163,196,12
2024-06-23 00:00:00,64,215,8
2024-06-23 01:00:00,67,160,6
2024-06-23 02:00:00,39,157,2
2024-06-23 03:00:00,11,88,2
2024-06-23 04:00:00,15,39,3
2024-06-23 05:00:00,10,21,6
2024-06-23 06:00:00,25,28,8
2024-06-23 07:00:00,43,46,21
2024-06-23 08:00:00,76,56,23
2024-06-23 09:00:00,187,91,15
2024-06-23 10:00:00,235,91,19
2024-06-23 11:00:00,296,86,29
2024-06-23 12:00:00,299,109,31
2024-06-23 13:00:00,276,107,25
2024-06-23 14:00:00,240,121,24
2024-06-23 15:00:00,301,99,46
2024-06-23 16:00:00,263,112,26
2024-06-23 17:00:00,247,105,37
2024-06-23 18:00:00,230,93,30
2024-06-23 19:00:00,174,86,22
2024-06-23 20:00:00,119,59,24
2024-06-23 21:00:00,148,94,29
2024-06-23 22:00:00,97,102,8
2024-06-23 23:00:00,43,97,6
2024-06-24 00:00:00,8,43,4
2024-06-24 01:00:00,16,29,4
2024-06-24 02:00:00,5,14,0
2024-06-24 03:00:00,2,14,2
2024-06-24 04:00:00,10,11,6
2024-06-24 05:00:00,48,45,13
2024-06-24 06:00:00,212,57,37
2024-06-24 07:00:00,519,109,124
2024-06-24 08:00:00,288,113,80
2024-06-24 09:00:00,381,105,27
2024-06-24 10:00:00,229,74,24
2024-06-24 11:00:00,534,84,25
2024-06-24 12:00:00,587,85,42
2024-06-24 13:00:00,283,74,33
2024-06-24 14:00:00,284,88,42
2024-06-24 15:00:00,403,108,52
2024-06-24 16:00:00,575,134,138
2024-06-24 17:00:00,422,105,76
2024-06-24 18:00:00,252,92,49
2024-06-24 19:00:00,192,63,20
2024-06-24 20:00:00,156,49,27
2024-06-24 21:00:00,109,70,34
2024-06-24 22:00:00,62,63,10
2024-06-24 23:00:00,22,42,5
2024-06-25 00:00:00,17,26,5
2024-06-25 01:00:00,9,20,1
2024-06-25 02:00:00,2,21,0
2024-06-25 03:00:00,5,17,3
2024-06-25 04:00:00,13,17,3
2024-06-25 05:00:00,66,53,19
2024-06-25 06:00:00,236,73,54
2024-06-25 07:00:00,542,123,178
2024-06-25 08:00:00,318,118,73
2024-06-25 09:00:00,193,88,22
2024-06-25 10:00:00,255,89,25
2024-06-25 11:00:00,724,89,41
2024-06-25 12:00:00,769,102,36
2024-06-25 13:00:00,364,75,45
2024-06-25 14:00:00,307,106,43
2024-06-25 15:00:00,474,149,96
2024-06-25 16:00:00,707,144,129
2024-06-25 17:00:00,450,134,81
2024-06-25 18:00:00,338,110,49
2024-06-25 19:00:00,225,73,39
2024-06-25 20:00:00,150,66,28
2024-06-25 21:00:00,194,112,26
2024-06-25 22:00:00,93,103,12
2024-06-25 23:00:00,47,81,12
2024-06-26 00:00:00,12,50,4
2024-06-26 01:00:00,14,28,3
2024-06-26 02:00:00,2,21,4
2024-06-26 03:00:00,2,18,2
2024-06-26 04:00:00,18,35,9
2024-06-26 05:00:00,73,55,14
2024-06-26 06:00:00,249,97,44
2024-06-26 07:00:00,508,93,138
2024-06-26 08:00:00,314,166,90
2024-06-26 09:00:00,190,93,24
2024-06-26 10:00:00,233,93,20
2024-06-26 11:00:00,667,93,36
2024-06-26 12:00:00,746,93,43
2024-06-26 13:00:00,350,70,37
2024-06-26 14:00:00,319,106,35
2024-06-26 15:00:00,475,159,84
2024-06-26 16:00:00,733,153,114
2024-06-26 17:00:00,478,142,76
2024-06-26 18:00:00,299,118,58
2024-06-26 19:00:00,235,109,47
2024-06-26 20:00:00,179,73,37
2024-06-26 21:00:00,191,125,37
2024-06-26 22:00:00,75,108,15
2024-06-26 23:00:00,39,70,8
2024-06-27 00:00:00,23,56,4
2024-06-27 01:00:00,8,32,8
2024-06-27 02:00:00,4,28,5
2024-06-27 03:00:00,7,14,3
2024-06-27 04:00:00,10,23,5
2024-06-27 05:00:00,71,60,16
2024-06-27 06:00:00,195,98,47
2024-06-27 07:00:00,488,119,125
2024-06-27 08:00:00,306,162,89
2024-06-27 09:00:00,200,121,23
2024-06-27 10:00:00,198,93,25
2024-06-27 11:00:00,527,92,36
2024-06-27 12:00:00,610,87,31
2024-06-27 13:00:00,338,102,34
2024-06-27 14:00:00,312,113,45
2024-06-27 15:00:00,446,138,63
2024-06-27 16:00:00,672,166,109
2024-06-27 17:00:00,410,180,56
2024-06-27 18:00:00,323,138,44
2024-06-27 19:00:00,239,94,32
2024-06-27 20:00:00,202,77,38
2024-06-27 21:00:00,142,123,23
2024-06-27 22:00:00,79,125,19
2024-06-27 23:00:00,33,94,5
2024-06-28 00:00:00,22,67,3
2024-06-28 01:00:00,25,60,5
2024-06-28 02:00:00,16,23,3
2024-06-28 03:00:00,4,18,1
2024-06-28 04:00:00,13,23,2
2024-06-28 05:00:00,53,44,15
2024-06-28 06:00:00,166,72,40
2024-06-28 07:00:00,316,104,87
2024-06-28 08:00:00,210,113,55
2024-06-28 09:00:00,185,93,32
2024-06-28 10:00:00,229,78,28
2024-06-28 11:00:00,450,87,32
2024-06-28 12:00:00,491,100,25
2024-06-28 13:00:00,305,127,32
2024-06-28 14:00:00,347,119,41
2024-06-28 15:00:00,431,159,52
2024-06-28 16:00:00,557,162,94
2024-06-28 17:00:00,400,203,46
2024-06-28 18:00:00,371,229,40
2024-06-28 19:00:00,321,138,38
2024-06-28 20:00:00,259,129,30
2024-06-28 21:00:00,269,184,27
2024-06-28 22:00:00,187,165,22
2024-06-28 23:00:00,89,148,13
2024-06-29 00:00:00,63,140,14
2024-06-29 01:00:00,46,147,3
2024-06-29 02:00:00,35,104,2
2024-06-29 03:00:00,20,72,0
2024-06-29 04:00:00,16,33,3
2024-06-29 05:00:00,23,26,4
2024-06-29 06:00:00,40,36,15
2024-06-29 07:00:00,94,46,16
2024-06-29 08:00:00,122,91,16
2024-06-29 09:00:00,266,113,28
2024-06-29 10:00:00,326,104,30
2024-06-29 11:00:00,373,108,30
2024-06-29 12:00:00,344,108,43
2024-06-29 13:00:00,384,143,36
2024-06-29 14:00:00,432,138,34
2024-06-29 15:00:00,441,152,26
2024-06-29 16:00:00,376,153,38
2024-06-29 17:00:00,348,159,32
2024-06-29 18:00:00,421,161,34
2024-06-29 19:00:00,286,174,34
2024-06-29 20:00:00,259,161,25
2024-06-29 21:00:00,286,188,33
2024-06-29 22:00:00,180,210,21
2024-06-29 23:00:00,88,186,13
2024-06-30 00:00:00,56,210,4
2024-06-30 01:00:00,61,164,4
2024-06-30 02:00:00,35,122,3
2024-06-30 03:00:00,7,95,4
2024-06-30 04:00:00,10,50,1
2024-06-30 05:00:00,14,28,3
2024-06-30 06:00:00,22,21,7
2024-06-30 07:00:00,64,37,15
2024-06-30 08:00:00,104,61,14
2024-06-30 09:00:00,215,81,19
2024-06-30 10:00:00,253,88,41
2024-06-30 11:00:00,287,106,47
2024-06-30 12:00:00,239,91,32
2024-06-30 13:00:00,266,100,27
2024-06-30 14:00:00,256,104,31
2024-06-30 15:00:00,268,91,52
2024-06-30 16:00:00,219,84,34
2024-06-30 17:00:00,155,69,25
2024-06-30 18:00:00,182,84,31
2024-06-30 19:00:00,177,103,36
2024-06-30 20:00:00,118,75,12
2024-06-30 21:00:00,126,98,18
2024-06-30 22:00:00,61,94,11
2024-06-30 23:00:00,32,74,9
2024-07-01 00:00:00,10,44,3
2024-07-01 01:00:00,3,32,2
2024-07-01 02:00:00,2,16,0
2024-07-01 03:00:00,7,26,2
2024-07-01 04:00:00,16,20,2
2024-07-01 05:00:00,54,49,7
2024-07-01 06:00:00,169,68,50
2024-07-01 07:00:00,422,111,125
2024-07-01 08:00:00,302,124,80
2024-07-01 09:00:00,174,85,29
2024-07-01 10:00:00,255,69,22
2024-07-01 11:00:00,462,91,28
2024-07-01 12:00:00,505,86,36
2024-07-01 13:00:00,270,94,25
2024-07-01 14:00:00,267,90,40
2024-07-01 15:00:00,407,155,61
2024-07-01 16:00:00,584,158,105
2024-07-01 17:00:00,352,106,63
2024-07-01 18:00:00,242,96,58
2024-07-01 19:00:00,180,74,28
2024-07-01 20:00:00,152,54,21
2024-07-01 21:00:00,112,82,30
2024-07-01 22:00:00,42,62,20
2024-07-01 23:00:00,14,66,6
2024-07-02 00:00:00,7,30,2
2024-07-02 01:00:00,10,30,0
2024-07-02 02:00:00,5,13,1
2024-07-02 03:00:00,2,20,0
2024-07-02 04:00:00,16,18,3
2024-07-02 05:00:00,76,42,15
2024-07-02 06:00:00,241,67,56
2024-07-02 07:00:00,499,109,150
2024-07-02 08:00:00,282,150,85
2024-07-02 09:00:00,207,91,18
2024-07-02 10:00:00,236,74,30
2024-07-02 11:00:00,597,92,34
2024-07-02 12:00:00,656,85,44
2024-07-02 13:00:00,338,81,26
2024-07-02 14:00:00,309,105,35
2024-07-02 15:00:00,518,138,66
2024-07-02 16:00:00,704,152,163
2024-07-02 17:00:00,449,125,95
2024-07-02 18:00:00,319,102,46
2024-07-02 19:00:00,208,77,41
2024-07-02 20:00:00,134,69,39
2024-07-02 21:00:00,171,91,18
2024-07-02 22:00:00,68,85,16
2024-07-02 23:00:00,34,64,7
2024-07-03 00:00:00,13,34,1
2024-07-03 01:00:00,9,45,3
2024-07-03 02:00:00,5,19,1
2024-07-03 03:00:00,8,16,3
2024-07-03 04:00:00,16,12,3
2024-07-03 05:00:00,72,48,9
2024-07-03 06:00:00,232,78,47
2024-07-03 07:00:00,449,117,129
2024-07-03 08:00:00,278,174,74
2024-07-03 09:00:00,174,107,23
2024-07-03 10:00:00,207,111,20
2024-07-03 11:00:00,457,91,36
2024-07-03 12:00:00,559,103,30
2024-07-03 13:00:00,317,109,27
2024-07-03 14:00:00,304,99,32
2024-07-03 15:00:00,464,148,75
2024-07-03 16:00:00,667,167,111
2024-07-03 17:00:00,473,162,78
2024-07-03 18:00:00,290,123,53
2024-07-03 19:00:00,253,88,68
2024-07-03 20:00:00,189,78,34
2024-07-03 21:00:00,186,98,43
2024-07-03 22:00:00,115,96,16
2024-07-03 23:00:00,38,76,8
2024-07-04 00:00:00,26,49,3
2024-07-04 01:00:00,11,41,1
2024-07-04 02:00:00,5,30,1
2024-07-04 03:00:00,7,18,1
2024-07-04 04:00:00,13,21,8
2024-07-04 05:00:00,72,36,9
2024-07-04 06:00:00,199,80,44
2024-07-04 07:00:00,447,114,138
2024-07-04 08:00:00,272,140,60
2024-07-04 09:00:00,179,102,25
2024-07-04 10:00:00,185,87,24
2024-07-04 11:00:00,612,105,30
2024-07-04 12:00:00,669,86,38
2024-07-04 13:00:00,336,95,33
2024-07-04 14:00:00,300,135,44
2024-07-04 15:00:00,482,141,75
2024-07-04 16:00:00,767,145,131
2024-07-04 17:00:00,442,143,91
2024-07-04 18:00:00,298,132,57
2024-07-04 19:00:00,204,103,37
2024-07-04 20:00:00,180,91,26
2024-07-04 21:00:00,153,145,30
2024-07-04 22:00:00,96,133,10
2024-07-04 23:00:00,58,95,11
2024-07-05 00:00:00,20,69,3
2024-07-05 01:00:00,16,48,4
2024-07-05 02:00:00,14,24,3
2024-07-05 03:00:00,6,20,1
2024-07-05 04:00:00,12,25,3
2024-07-05 05:00:00,46,31,13
2024-07-05 06:00:00,141,64,38
2024-07-05 07:00:00,261,133,58
2024-07-05 08:00:00,204,162,31
2024-07-05 09:00:00,159,107,21
2024-07-05 10:00:00,224,110,18
2024-07-05 11:00:00,414,112,36
2024-07-05 12:00:00,412,115,32
2024-07-05 13:00:00,291,127,28
2024-07-05 14:00:00,295,124,34
2024-07-05 15:00:00,372,158,56
2024-07-05 16:00:00,468,192,76
2024-07-05 17:00:00,286,182,44
2024-07-05 18:00:00,233,161,33
2024-07-05 19:00:00,183,152,30
2024-07-05 20:00:00,171,115,24
2024-07-05 21:00:00,188,162,24
2024-07-05 22:00:00,214,173,13
2024-07-05 23:00:00,87,172,5
2024-07-06 00:00:00,53,170,5
2024-07-06 01:00:00,41,94,2
2024-07-06 02:00:00,13,87,5
2024-07-06 03:00:00,7,42,4
2024-07-06 04:00:00,10,38,1
2024-07-06 05:00:00,28,25,5
2024-07-06 06:00:00,32,45,4
2024-07-06 07:00:00,59,72,8
2024-07-06 08:00:00,105,81,17
2024-07-06 09:00:00,189,78,17
2024-07-06 10:00:00,299,139,22
2024-07-06 11:00:00,321,124,30
2024-07-06 12:00:00,330,117,27
2024-07-06 13:00:00,334,166,34
2024-07-06 14:00:00,296,175,29
2024-07-06 15:00:00,379,163,37
2024-07-06 16:00:00,276,146,29
2024-07-06 17:00:00,252,130,24
2024-07-06 18:00:00,270,118,29
2024-07-06 19:00:00,334,194,25
2024-07-06 20:00:00,283,141,21
2024-07-06 21:00:00,213,185,27
2024-07-06 22:00:00,181,203,22
2024-07-06 23:00:00,97,215,14
2024-07-07 00:00:00,54,212,5
2024-07-07 01:00:00,56,185,3
2024-07-07 02:00:00,41,115,2
2024-07-07 03:00:00,22,92,3
2024-07-07 04:00:00,12,45,0
2024-07-07 05:00:00,15,22,3
2024-07-07 06:00:00,34,21,6
2024-07-07 07:00:00,56,35,8
2024-07-07 08:00:00,82,44,8
2024-07-07 09:00:00,132,73,12
2024-07-07 10:00:00,196,84,21
2024-07-07 11:00:00,256,87,18
2024-07-07 12:00:00,254,98,16
2024-07-07 13:00:00,268,91,18
2024-07-07 14:00:00,276,86,30
2024-07-07 15:00:00,277,103,36
2024-07-07 16:00:00,312,96,34
2024-07-07 17:00:00,200,80,30
2024-07-07 18:00:00,239,90,24
2024-07-07 19:00:00,184,72,25
2024-07-07 20:00:00,141,43,17
2024-07-07 21:00:00,107,70,15
2024-07-07 22:00:00,53,59,7
2024-07-07 23:00:00,18,48,5
2024-07-08 00:00:00,7,48,1
2024-07-08 01:00:00,4,26,2
2024-07-08 02:00:00,4,28,1
2024-07-08 03:00:00,5,16,1
2024-07-08 04:00:00,14,22,4
2024-07-08 05:00:00,45,38,10
2024-07-08 06:00:00,170,69,36
2024-07-08 07:00:00,432,106,118
2024-07-08 08:00:00,266,115,71
2024-07-08 09:00:00,190,104,28
2024-07-08 10:00:00,237,78,19
2024-07-08 11:00:00,457,81,32
2024-07-08 12:00:00,501,80,35
2024-07-08 13:00:00,266,75,30
2024-07-08 14:00:00,290,101,38
2024-07-08 15:00:00,355,123,66
2024-07-08 16:00:00,520,137,100
2024-07-08 17:00:00,324,89,75
2024-07-08 18:00:00,185,93,43
2024-07-08 19:00:00,151,77,30
2024-07-08 20:00:00,120,53,23
2024-07-08 21:00:00,60,85,14
2024-07-08 22:00:00,25,67,6
2024-07-08 23:00:00,14,64,7
2024-07-09 00:00:00,9,42,2
2024-07-09 01:00:00,7,25,0
2024-07-09 02:00:00,3,19,1
2024-07-09 03:00:00,3,27,0
2024-07-09 04:00:00,18,17,3
2024-07-09 05:00:00,60,51,13
2024-07-09 06:00:00,215,81,48
2024-07-09 07:00:00,513,108,139
2024-07-09 08:00:00,296,131,76
2024-07-09 09:00:00,192,110,25
2024-07-09 10:00:00,213,90,31
2024-07-09 11:00:00,541,78,34
2024-07-09 12:00:00,567,96,35
2024-07-09 13:00:00,317,103,33
2024-07-09 14:00:00,286,110,39
2024-07-09 15:00:00,387,141,53
2024-07-09 16:00:00,677,168,128
2024-07-09 17:00:00,429,125,81
2024-07-09 18:00:00,272,110,40
2024-07-09 19:00:00,219,76,41
2024-07-09 20:00:00,150,64,36
2024-07-09 21:00:00,150,96,37
2024-07-09 22:00:00,69,86,14
2024-07-09 23:00:00,30,62,5
2024-07-10 00:00:00,9,35,2
2024-07-10 01:00:00,9,21,0
2024-07-10 02:00:00,6,19,1
2024-07-10 03:00:00,7,14,1
2024-07-10 04:00:00,19,28,5
2024-07-10 05:00:00,71,44,15
2024-07-10 06:00:00,198,93,47
2024-07-10 07:00:00,457,134,120
2024-07-10 08:00:00,301,152,70
2024-07-10 09:00:00,181,104,33
2024-07-10 10:00:00,256,92,18
2024-07-10 11:00:00,628,75,33
2024-07-10 12:00:00,644,91,42
2024-07-10 13:00:00,356,82,43
2024-07-10 14:00:00,277,104,38
2024-07-10 15:00:00,399,176,63
2024-07-10 16:00:00,722,206,102
2024-07-10 17:00:00,465,142,102
2024-07-10 18:00:00,261,146,72
2024-07-10 19:00:00,129,75,37
2024-07-10 20:00:00,109,54,30
2024-07-10 21:00:00,269,136,42
2024-07-10 22:00:00,156,118,21
2024-07-10 23:00:00,58,90,7
2024-07-11 00:00:00,23,82,3
2024-07-11 01:00:00,16,57,2
2024-07-11 02:00:00,9,34,3
2024-07-11 03:00:00,3,39,2
2024-07-11 04:00:00,18,25,7
2024-07-11 05:00:00,57,49,14
2024-07-11 06:00:00,209,67,49
2024-07-11 07:00:00,505,121,128
2024-07-11 08:00:00,263,145,88
2024-07-11 09:00:00,194,101,28
2024-07-11 10:00:00,262,81,21
2024-07-11 11:00:00,617,98,37
2024-07-11 12:00:00,643,103,48
2024-07-11 13:00:00,310,83,40
2024-07-11 14:00:00,321,108,44
2024-07-11 15:00:00,421,141,61
2024-07-11 16:00:00,713,166,107
2024-07-11 17:00:00,472,141,88
2024-07-11 18:00:00,324,137,46
2024-07-11 19:00:00,265,131,41
2024-07-11 20:00:00,210,116,36
2024-07-11 21:00:00,186,149,31
2024-07-11 22:00:00,83,111,14
2024-07-11 23:00:00,48,108,7
2024-07-12 00:00:00,33,85,5
2024-07-12 01:00:00,32,79,5
2024-07-12 02:00:00,7,42,1
2024-07-12 03:00:00,0,40,3
2024-07-12 04:00:00,24,23,3
2024-07-12 05:00:00,57,28,9
2024-07-12 06:00:00,133,62,50
2024-07-12 07:00:00,303,114,75
2024-07-12 08:00:00,222,125,52
2024-07-12 09:00:00,197,95,35
2024-07-12 10:00:00,221,82,25
2024-07-12 11:00:00,369,93,37
2024-07-12 12:00:00,468,85,36
2024-07-12 13:00:00,332,106,37
2024-07-12 14:00:00,323,107,31
2024-07-12 15:00:00,394,130,57
2024-07-12 16:00:00,495,175,89
2024-07-12 17:00:00,387,169,55
2024-07-12 18:00:00,264,210,46
2024-07-12 19:00:00,219,158,37
2024-07-12 20:00:00,214,149,22
2024-07-12 21:00:00,218,148,24
2024-07-12 22:00:00,159,163,23
2024-07-12 23:00:00,61,159,5
2024-07-13 00:00:00,74,147,7
2024-07-13 01:00:00,30,110,6
2024-07-13 02:00:00,36,82,4
2024-07-13 03:00:00,16,56,2
2024-07-13 04:00:00,13,29,2
2024-07-13 05:00:00,27,25,5
2024-07-13 06:00:00,51,32,9
2024-07-13 07:00:00,73,53,12
2024-07-13 08:00:00,240,76,17
2024-07-13 09:00:00,556,124,29
2024-07-13 10:00:00,518,82,35
2024-07-13 11:00:00,577,76,30
2024-07-13 12:00:00,483,88,43
2024-07-13 13:00:00,512,139,28
2024-07-13 14:00:00,375,155,26
2024-07-13 15:00:00,395,155,34
2024-07-13 16:00:00,399,160,48
2024-07-13 17:00:00,325,157,36
2024-07-13 18:00:00,300,162,35
2024-07-13 19:00:00,244,159,31
2024-07-13 20:00:00,220,190,34
2024-07-13 21:00:00,277,218,37
2024-07-13 22:00:00,155,228,21
2024-07-13 23:00:00,109,207,5
2024-07-14 00:00:00,77,206,5
2024-07-14 01:00:00,60,176,5
2024-07-14 02:00:00,31,137,3
2024-07-14 03:00:00,13,79,3
2024-07-14 04:00:00,11,43,2
2024-07-14 05:00:00,13,30,7
2024-07-14 06:00:00,31,26,9
2024-07-14 07:00:00,51,39,9
2024-07-14 08:00:00,112,68,13
2024-07-14 09:00:00,212,72,25
2024-07-14 10:00:00,226,88,24
2024-07-14 11:00:00,269,126,24
2024-07-14 12:00:00,251,99,24
2024-07-14 13:00:00,263,95,26
2024-07-14 14:00:00,273,109,32
2024-07-14 15:00:00,265,126,30
2024-07-14 16:00:00,317,125,31
2024-07-14 17:00:00,282,156,38
2024-07-14 18:00:00,207,154,36
2024-07-14 19:00:00,138,78,18
2024-07-14 20:00:00,105,45,33
2024-07-14 21:00:00,492,106,58
2024-07-14 22:00:00,155,130,16
2024-07-14 23:00:00,83,112,10
2024-07-15 00:00:00,51,97,8
2024-07-15 01:00:00,28,83,6
2024-07-15 02:00:00,9,51,2
2024-07-15 03:00:00,6,46,7
2024-07-15 04:00:00,19,24,4
2024-07-15 05:00:00,53,33,9
2024-07-15 06:00:00,148,57,37
2024-07-15 07:00:00,401,98,85
2024-07-15 08:00:00,260,93,55
2024-07-15 09:00:00,179,91,28
2024-07-15 10:00:00,140,79,21
2024-07-15 11:00:00,475,97,27
2024-07-15 12:00:00,432,90,22
2024-07-15 13:00:00,236,103,21
2024-07-15 14:00:00,240,96,28
2024-07-15 15:00:00,307,134,47
2024-07-15 16:00:00,545,158,103
2024-07-15 17:00:00,344,114,60
2024-07-15 18:00:00,224,101,41
2024-07-15 19:00:00,186,67,26
2024-07-15 20:00:00,157,59,18
2024-07-15 21:00:00,98,76,19
2024-07-15 22:00:00,60,58,7
2024-07-15 23:00:00,16,40,6
2024-07-16 00:00:00,11,32,1
2024-07-16 01:00:00,10,20,5
2024-07-16 02:00:00,9,19,0
2024-07-16 03:00:00,7,21,0
2024-07-16 04:00:00,18,17,4
2024-07-16 05:00:00,60,57,14
2024-07-16 06:00:00,214,68,45
2024-07-16 07:00:00,548,115,118
2024-07-16 08:00:00,277,139,76
2024-07-16 09:00:00,236,87,20
2024-07-16 10:00:00,279,98,24
2024-07-16 11:00:00,654,96,40
2024-07-16 12:00:00,704,83,47
2024-07-16 13:00:00,330,93,34
2024-07-16 14:00:00,304,114,38
2024-07-16 15:00:00,485,146,52
2024-07-16 16:00:00,730,155,134
2024-07-16 17:00:00,441,133,96
2024-07-16 18:00:00,324,132,44
2024-07-16 19:00:00,237,88,31
2024-07-16 20:00:00,186,80,29
2024-07-16 21:00:00,164,109,24
2024-07-16 22:00:00,62,78,16
2024-07-16 23:00:00,25,53,2
2024-07-17 00:00:00,15,42,7
2024-07-17 01:00:00,9,22,1
2024-07-17 02:00:00,8,22,1
2024-07-17 03:00:00,2,17,1
2024-07-17 04:00:00,17,22,6
2024-07-17 05:00:00,68,64,19
2024-07-17 06:00:00,227,73,70
2024-07-17 07:00:00,534,99,133
2024-07-17 08:00:00,325,146,81
2024-07-17 09:00:00,194,100,32
2024-07-17 10:00:00,280,76,20
2024-07-17 11:00:00,703,98,43
2024-07-17 12:00:00,787,110,46
2024-07-17 13:00:00,349,80,40
2024-07-17 14:00:00,324,80,37
2024-07-17 15:00:00,447,138,77
2024-07-17 16:00:00,721,165,150
2024-07-17 17:00:00,483,160,96
2024-07-17 18:00:00,318,154,62
2024-07-17 19:00:00,263,93,65
2024-07-17 20:00:00,214,73,28
2024-07-17 21:00:00,182,101,38
2024-07-17 22:00:00,77,100,6
2024-07-17 23:00:00,56,87,7
2024-07-18 00:00:00,11,42,2
2024-07-18 01:00:00,8,40,4
2024-07-18 02:00:00,9,19,4
2024-07-18 03:00:00,3,24,1
2024-07-18 04:00:00,16,22,4
2024-07-18 05:00:00,64,45,18
2024-07-18 06:00:00,217,61,51
2024-07-18 07:00:00,515,100,148
2024-07-18 08:00:00,346,125,96
2024-07-18 09:00:00,200,101,19
2024-07-18 10:00:00,254,88,25
2024-07-18 11:00:00,759,105,47
2024-07-18 12:00:00,788,88,35
2024-07-18 13:00:00,392,99,40
2024-07-18 14:00:00,301,110,47
2024-07-18 15:00:00,463,153,66
2024-07-18 16:00:00,777,160,126
2024-07-18 17:00:00,434,158,86
2024-07-18 18:00:00,329,126,45
2024-07-18 19:00:00,246,144,42
2024-07-18 20:00:00,209,147,31
2024-07-18 21:00:00,197,142,30
2024-07-18 22:00:00,133,131,21
2024-07-18 23:00:00,51,91,8
2024-07-19 00:00:00,34,73,2
2024-07-19 01:00:00,19,54,4
2024-07-19 02:00:00,8,19,3
2024-07-19 03:00:00,6,20,8
2024-07-19 04:00:00,9,20,4
2024-07-19 05:00:00,61,28,11
2024-07-19 06:00:00,151,68,37
2024-07-19 07:00:00,308,103,87
2024-07-19 08:00:00,288,115,60
2024-07-19 09:00:00,237,91,36
2024-07-19 10:00:00,221,108,24
2024-07-19 11:00:00,408,104,43
2024-07-19 12:00:00,536,112,39
2024-07-19 13:00:00,346,132,29
2024-07-19 14:00:00,321,127,41
2024-07-19 15:00:00,397,153,57
2024-07-19 16:00:00,503,178,80
2024-07-19 17:00:00,471,185,63
2024-07-19 18:00:00,347,211,54
2024-07-19 19:00:00,389,178,35
2024-07-19 20:00:00,336,124,34
2024-07-19 21:00:00,354,159,33
2024-07-19 22:00:00,176,176,29
2024-07-19 23:00:00,121,169,16
2024-07-20 00:00:00,48,169,6
2024-07-20 01:00:00,56,130,6
2024-07-20 02:00:00,28,104,5
2024-07-20 03:00:00,61,52,2
2024-07-20 04:00:00,15,31,5
2024-07-20 05:00:00,31,28,8
2024-07-20 06:00:00,43,37,12
2024-07-20 07:00:00,64,63,10
2024-07-20 08:00:00,161,66,16
2024-07-20 09:00:00,247,90,31
2024-07-20 10:00:00,303,115,34
2024-07-20 11:00:00,448,158,36
2024-07-20 12:00:00,360,151,24
2024-07-20 13:00:00,365,196,34
2024-07-20 14:00:00,350,232,28
2024-07-20 15:00:00,424,190,22
2024-07-20 16:00:00,455,176,27
2024-07-20 17:00:00,370,192,30
2024-07-20 18:00:00,357,232,33
2024-07-20 19:00:00,313,214,28
2024-07-20 20:00:00,310,191,26
2024-07-20 21:00:00,298,197,23
2024-07-20 22:00:00,198,259,24
2024-07-20 23:00:00,100,236,10
2024-07-21 00:00:00,67,209,7
2024-07-21 01:00:00,56,162,4
2024-07-21 02:00:00,48,138,5
2024-07-21 03:00:00,11,82,1
2024-07-21 04:00:00,8,40,3
2024-07-21 05:00:00,15,32,7
2024-07-21 06:00:00,22,26,2
2024-07-21 07:00:00,48,41,14
2024-07-21 08:00:00,101,70,19
2024-07-21 09:00:00,162,93,13
2024-07-21 10:00:00,272,118,26
2024-07-21 11:00:00,270,102,21
2024-07-21 12:00:00,282,119,31
2024-07-21 13:00:00,358,119,27
2024-07-21 14:00:00,335,111,28
2024-07-21 15:00:00,387,146,43
2024-07-21 16:00:00,395,147,37
2024-07-21 17:00:00,393,132,45
2024-07-21 18:00:00,302,120,51
2024-07-21 19:00:00,213,118,32
2024-07-21 20:00:00,208,96,26
2024-07-21 21:00:00,138,104,17
2024-07-21 22:00:00,75,82,8
2024-07-21 23:00:00,25,47,5
2024-07-22 00:00:00,14,39,3
2024-07-22 01:00:00,21,33,2
2024-07-22 02:00:00,8,19,2
2024-07-22 03:00:00,7,13,2
2024-07-22 04:00:00,13,17,3
2024-07-22 05:00:00,63,44,11
2024-07-22 06:00:00,178,81,38
2024-07-22 07:00:00,471,96,112
2024-07-22 08:00:00,258,115,56
2024-07-22 09:00:00,381,89,26
2024-07-22 10:00:00,254,101,30
2024-07-22 11:00:00,532,72,39
2024-07-22 12:00:00,567,91,33
2024-07-22 13:00:00,317,96,27
2024-07-22 14:00:00,283,89,43
2024-07-22 15:00:00,404,122,57
2024-07-22 16:00:00,569,140,141
2024-07-22 17:00:00,464,138,66
2024-07-22 18:00:00,281,107,34
2024-07-22 19:00:00,227,89,32
2024-07-22 20:00:00,166,86,18
2024-07-22 21:00:00,119,79,32
2024-07-22 22:00:00,63,73,11
2024-07-22 23:00:00,33,54,6
2024-07-23 00:00:00,5,39,3
2024-07-23 01:00:00,7,25,2
2024-07-23 02:00:00,8,11,6
2024-07-23 03:00:00,7,21,0
2024-07-23 04:00:00,19,25,5
2024-07-23 05:00:00,70,47,11
2024-07-23 06:00:00,243,82,67
2024-07-23 07:00:00,493,128,137
2024-07-23 08:00:00,270,134,91
2024-07-23 09:00:00,243,83,30
2024-07-23 10:00:00,256,75,33
2024-07-23 11:00:00,591,101,48
2024-07-23 12:00:00,720,96,40
2024-07-23 13:00:00,413,97,31
2024-07-23 14:00:00,305,112,33
2024-07-23 15:00:00,500,146,68
2024-07-23 16:00:00,703,193,120
2024-07-23 17:00:00,584,139,92
2024-07-23 18:00:00,308,130,50
2024-07-23 19:00:00,288,121,47
2024-07-23 20:00:00,207,79,28
2024-07-23 21:00:00,142,121,28
2024-07-23 22:00:00,83,82,11
2024-07-23 23:00:00,37,66,2
2024-07-24 00:00:00,17,66,1
2024-07-24 01:00:00,13,42,2
2024-07-24 02:00:00,6,25,1
2024-07-24 03:00:00,6,10,2
2024-07-24 04:00:00,28,23,5
2024-07-24 05:00:00,62,46,19
2024-07-24 06:00:00,235,73,55
2024-07-24 07:00:00,474,118,133
2024-07-24 08:00:00,268,134,72
2024-07-24 09:00:00,197,86,30
2024-07-24 10:00:00,285,97,30
2024-07-24 11:00:00,607,121,34
2024-07-24 12:00:00,690,118,31
2024-07-24 13:00:00,331,89,31
2024-07-24 14:00:00,309,124,27
2024-07-24 15:00:00,485,171,70
2024-07-24 16:00:00,690,205,144
2024-07-24 17:00:00,461,154,68
2024-07-24 18:00:00,306,136,50
2024-07-24 19:00:00,218,125,53
2024-07-24 20:00:00,168,99,23
2024-07-24 21:00:00,117,118,26
2024-07-24 22:00:00,75,99,19
2024-07-24 23:00:00,27,63,5
2024-07-25 00:00:00,32,58,4
2024-07-25 01:00:00,21,47,6
2024-07-25 02:00:00,13,21,3
2024-07-25 03:00:00,2,12,1
2024-07-25 04:00:00,15,27,1
2024-07-25 05:00:00,63,34,11
2024-07-25 06:00:00,203,87,51
2024-07-25 07:00:00,453,137,122
2024-07-25 08:00:00,295,133,67
2024-07-25 09:00:00,191,87,29
2024-07-25 10:00:00,224,110,32
2024-07-25 11:00:00,657,118,54
2024-07-25 12:00:00,646,137,42
2024-07-25 13:00:00,363,142,25
2024-07-25 14:00:00,249,161,42
2024-07-25 15:00:00,417,185,64
2024-07-25 16:00:00,731,193,122
2024-07-25 17:00:00,484,166,77
2024-07-25 18:00:00,335,145,52
2024-07-25 19:00:00,303,115,39
2024-07-25 20:00:00,225,136,37
2024-07-25 21:00:00,208,156,30
2024-07-25 22:00:00,111,124,18
2024-07-25 23:00:00,46,91,9
2024-07-26 00:00:00,28,79,5
2024-07-26 01:00:00,7,42,3
2024-07-26 02:00:00,13,27,4
2024-07-26 03:00:00,5,22,1
2024-07-26 04:00:00,14,18,4
2024-07-26 05:00:00,57,35,9
2024-07-26 06:00:00,168,58,25
2024-07-26 07:00:00,319,94,88
2024-07-26 08:00:00,239,129,57
2024-07-26 09:00:00,263,94,26
2024-07-26 10:00:00,294,104,25
2024-07-26 11:00:00,511,118,32
2024-07-26 12:00:00,594,90,36
2024-07-26 13:00:00,352,131,31
2024-07-26 14:00:00,361,153,39
2024-07-26 15:00:00,407,176,70
2024-07-26 16:00:00,599,221,82
2024-07-26 17:00:00,435,172,54
2024-07-26 18:00:00,430,189,37
2024-07-26 19:00:00,276,163,63
2024-07-26 20:00:00,208,144,27
2024-07-26 21:00:00,255,189,33
2024-07-26 22:00:00,153,165,30
2024-07-26 23:00:00,79,172,9
2024-07-27 00:00:00,67,141,11
2024-07-27 01:00:00,27,122,2
2024-07-27 02:00:00,22,99,5
2024-07-27 03:00:00,15,62,2
2024-07-27 04:00:00,11,36,2
2024-07-27 05:00:00,24,38,6
2024-07-27 06:00:00,43,44,12
2024-07-27 07:00:00,67,69,9
2024-07-27 08:00:00,151,67,20
2024-07-27 09:00:00,215,98,24
2024-07-27 10:00:00,311,115,29
2024-07-27 11:00:00,362,167,37
2024-07-27 12:00:00,437,130,28
2024-07-27 13:00:00,347,143,25
2024-07-27 14:00:00,373,161,35
2024-07-27 15:00:00,340,127,33
2024-07-27 16:00:00,419,153,33
2024-07-27 17:00:00,329,166,45
2024-07-27 18:00:00,345,236,37
2024-07-27 19:00:00,291,202,37
2024-07-27 20:00:00,264,134,39
2024-07-27 21:00:00,219,189,19
2024-07-27 22:00:00,152,185,16
2024-07-27 23:00:00,132,198,16
2024-07-28 00:00:00,52,158,7
2024-07-28 01:00:00,67,159,5
2024-07-28 02:00:00,46,109,8
2024-07-28 03:00:00,19,88,5
2024-07-28 04:00:00,19,47,0
2024-07-28 05:00:00,16,23,8
2024-07-28 06:00:00,43,33,9
2024-07-28 07:00:00,98,35,17
2024-07-28 08:00:00,103,46,11
2024-07-28 09:00:00,201,81,18
2024-07-28 10:00:00,209,89,19
2024-07-28 11:00:00,248,99,16
2024-07-28 12:00:00,233,88,19
2024-07-28 13:00:00,241,85,31
2024-07-28 14:00:00,228,98,26
2024-07-28 15:00:00,287,89,28
2024-07-28 16:00:00,307,103,28
2024-07-28 17:00:00,252,106,37
2024-07-28 18:00:00,221,97,30
2024-07-28 19:00:00,247,85,30
2024-07-28 20:00:00,186,60,24
2024-07-28 21:00:00,133,76,38
2024-07-28 22:00:00,48,64,16
2024-07-28 23:00:00,53,72,6
2024-07-29 00:00:00,10,42,3
2024-07-29 01:00:00,10,16,2
2024-07-29 02:00:00,9,21,0
2024-07-29 03:00:00,2,14,0
2024-07-29 04:00:00,14,19,4
2024-07-29 05:00:00,53,52,14
2024-07-29 06:00:00,176,60,46
2024-07-29 07:00:00,397,112,118
2024-07-29 08:00:00,304,105,55
2024-07-29 09:00:00,245,79,18
2024-07-29 10:00:00,245,79,19
2024-07-29 11:00:00,633,90,37
2024-07-29 12:00:00,653,83,46
2024-07-29 13:00:00,317,84,31
2024-07-29 14:00:00,276,96,31
2024-07-29 15:00:00,424,127,69
2024-07-29 16:00:00,621,155,147
2024-07-29 17:00:00,394,116,64
2024-07-29 18:00:00,311,78,42
2024-07-29 19:00:00,255,26,43
2024-07-29 20:00:00,259,26,29
2024-07-29 21:00:00,161,21,20
2024-07-29 22:00:00,88,18,6
2024-07-29 23:00:00,37,9,3
2024-07-30 00:00:00,13,6,6
2024-07-30 01:00:00,9,9,3
2024-07-30 02:00:00,3,17,3
2024-07-30 03:00:00,5,17,2
2024-07-30 04:00:00,14,18,4
2024-07-30 05:00:00,59,57,12
2024-07-30 06:00:00,206,76,65
2024-07-30 07:00:00,494,115,162
2024-07-30 08:00:00,285,135,61
2024-07-30 09:00:00,263,102,28
2024-07-30 10:00:00,250,104,21
2024-07-30 11:00:00,742,40,41
2024-07-30 12:00:00,769,41,35
2024-07-30 13:00:00,330,49,27
2024-07-30 14:00:00,282,76,35
2024-07-30 15:00:00,481,153,62
2024-07-30 16:00:00,719,158,147
2024-07-30 17:00:00,468,136,92
2024-07-30 18:00:00,305,84,50
2024-07-30 19:00:00,314,42,58
2024-07-30 20:00:00,264,25,32
2024-07-30 21:00:00,203,25,30
2024-07-30 22:00:00,71,11,14
2024-07-30 23:00:00,45,24,4
2024-07-31 00:00:00,21,28,3
2024-07-31 01:00:00,5,18,2
2024-07-31 02:00:00,5,15,3
2024-07-31 03:00:00,6,13,2
2024-07-31 04:00:00,21,26,6
2024-07-31 05:00:00,57,27,10
2024-07-31 06:00:00,213,88,63
2024-07-31 07:00:00,482,101,128
2024-07-31 08:00:00,279,144,67
2024-07-31 09:00:00,190,102,30
2024-07-31 10:00:00,281,107,33
2024-07-31 11:00:00,745,93,41
2024-07-31 12:00:00,739,84,42
2024-07-31 13:00:00,359,111,34
2024-07-31 14:00:00,300,130,32
2024-07-31 15:00:00,480,156,65
2024-07-31 16:00:00,709,167,126
2024-07-31 17:00:00,487,130,75
2024-07-31 18:00:00,384,95,56
2024-07-31 19:00:00,303,31,55
2024-07-31 20:00:00,286,24,44
2024-07-31 21:00:00,189,34,34
2024-07-31 22:00:00,116,24,12
2024-07-31 23:00:00,64,10,9
2024-08-01 00:00:00,23,12,5
2024-08-01 01:00:00,7,12,3
2024-08-01 02:00:00,7,20,5
2024-08-01 03:00:00,11,19,1
2024-08-01 04:00:00,14,27,1
2024-08-01 05:00:00,54,38,9
2024-08-01 06:00:00,181,85,56
2024-08-01 07:00:00,474,122,127
2024-08-01 08:00:00,289,133,70
2024-08-01 09:00:00,213,85,21
2024-08-01 10:00:00,258,97,29
2024-08-01 11:00:00,661,86,33
2024-08-01 12:00:00,719,108,39
2024-08-01 13:00:00,339,104,44
2024-08-01 14:00:00,323,134,44
2024-08-01 15:00:00,507,173,61
2024-08-01 16:00:00,744,183,126
2024-08-01 17:00:00,496,188,67
2024-08-01 18:00:00,328,110,48
2024-08-01 19:00:00,344,45,47
2024-08-01 20:00:00,274,45,34
2024-08-01 21:00:00,215,33,25
2024-08-01 22:00:00,124,28,34
2024-08-01 23:00:00,36,12,8
2024-08-02 00:00:00,25,13,7
2024-08-02 01:00:00,19,7,1
2024-08-02 02:00:00,10,13,2
2024-08-02 03:00:00,12,7,0
2024-08-02 04:00:00,21,7,2
2024-08-02 05:00:00,57,47,9
2024-08-02 06:00:00,166,43,29
2024-08-02 07:00:00,313,91,79
2024-08-02 08:00:00,268,111,51
2024-08-02 09:00:00,237,76,30
2024-08-02 10:00:00,290,95,24
2024-08-02 11:00:00,492,102,30
2024-08-02 12:00:00,582,90,30
2024-08-02 13:00:00,353,107,42
2024-08-02 14:00:00,348,138,46
2024-08-02 15:00:00,463,173,70
2024-08-02 16:00:00,548,223,95
2024-08-02 17:00:00,380,162,60
2024-08-02 18:00:00,311,196,41
2024-08-02 19:00:00,308,132,42
2024-08-02 20:00:00,227,148,31
2024-08-02 21:00:00,255,177,35
2024-08-02 22:00:00,163,182,23
2024-08-02 23:00:00,106,170,6
2024-08-03 00:00:00,67,136,17
2024-08-03 01:00:00,55,136,7
2024-08-03 02:00:00,25,84,2
2024-08-03 03:00:00,19,63,1
2024-08-03 04:00:00,5,34,3
2024-08-03 05:00:00,19,28,7
2024-08-03 06:00:00,49,42,7
2024-08-03 07:00:00,101,62,14
2024-08-03 08:00:00,182,72,19
2024-08-03 09:00:00,277,87,16
2024-08-03 10:00:00,343,86,40
2024-08-03 11:00:00,380,106,31
2024-08-03 12:00:00,400,114,36
2024-08-03 13:00:00,387,138,28
2024-08-03 14:00:00,363,134,27
2024-08-03 15:00:00,416,131,52
2024-08-03 16:00:00,496,124,30
2024-08-03 17:00:00,470,144,40
2024-08-03 18:00:00,653,95,58
2024-08-03 19:00:00,526,34,33
2024-08-03 20:00:00,403,130,30
2024-08-03 21:00:00,289,178,21
2024-08-03 22:00:00,163,170,22
2024-08-03 23:00:00,117,159,8
2024-08-04 00:00:00,63,145,10
2024-08-04 01:00:00,52,153,3
2024-08-04 02:00:00,18,117,4
2024-08-04 03:00:00,24,89,3
2024-08-04 04:00:00,18,51,1
2024-08-04 05:00:00,21,23,7
2024-08-04 06:00:00,32,27,10
2024-08-04 07:00:00,63,37,16
2024-08-04 08:00:00,115,63,19
2024-08-04 09:00:00,162,64,24
2024-08-04 10:00:00,241,91,25
2024-08-04 11:00:00,268,96,27
2024-08-04 12:00:00,213,92,19
2024-08-04 13:00:00,273,72,20
2024-08-04 14:00:00,244,94,33
2024-08-04 15:00:00,281,80,40
2024-08-04 16:00:00,234,91,24
2024-08-04 17:00:00,169,93,31
2024-08-04 18:00:00,224,90,52
2024-08-04 19:00:00,172,83,29
2024-08-04 20:00:00,150,65,13
2024-08-04 21:00:00,96,86,15
2024-08-04 22:00:00,41,62,11
2024-08-04 23:00:00,18,52,3
2024-08-05 00:00:00,8,47,2
2024-08-05 01:00:00,11,22,2
2024-08-05 02:00:00,4,18,1
2024-08-05 03:00:00,4,10,1
2024-08-05 04:00:00,11,21,5
2024-08-05 05:00:00,49,36,10
2024-08-05 06:00:00,157,66,45
2024-08-05 07:00:00,358,81,103
2024-08-05 08:00:00,213,116,72
2024-08-05 09:00:00,213,71,26
2024-08-05 10:00:00,223,80,23
2024-08-05 11:00:00,527,62,28
2024-08-05 12:00:00,608,87,34
2024-08-05 13:00:00,319,98,44
2024-08-05 14:00:00,327,90,47
2024-08-05 15:00:00,400,126,60
2024-08-05 16:00:00,592,140,116
2024-08-05 17:00:00,345,95,75
2024-08-05 18:00:00,269,94,43
2024-08-05 19:00:00,230,76,33
2024-08-05 20:00:00,167,73,26
2024-08-05 21:00:00,78,60,17
2024-08-05 22:00:00,84,57,13
2024-08-05 23:00:00,20,48,6
2024-08-06 00:00:00,11,26,4
2024-08-06 01:00:00,7,28,2
2024-08-06 02:00:00,6,16,2
2024-08-06 03:00:00,4,14,1
2024-08-06 04:00:00,13,34,5
2024-08-06 05:00:00,56,46,19
2024-08-06 06:00:00,218,71,58
2024-08-06 07:00:00,459,123,155
2024-08-06 08:00:00,266,132,90
2024-08-06 09:00:00,243,86,18
2024-08-06 10:00:00,247,90,27
2024-08-06 11:00:00,675,90,32
2024-08-06 12:00:00,731,83,41
2024-08-06 13:00:00,371,83,40
2024-08-06 14:00:00,313,102,36
2024-08-06 15:00:00,459,161,88
2024-08-06 16:00:00,735,197,157
2024-08-06 17:00:00,493,128,80
2024-08-06 18:00:00,301,108,56
2024-08-06 19:00:00,248,85,47
2024-08-06 20:00:00,206,97,31
2024-08-06 21:00:00,108,88,18
2024-08-06 22:00:00,66,76,19
2024-08-06 23:00:00,27,64,5
2024-08-07 00:00:00,7,27,4
2024-08-07 01:00:00,7,23,1
2024-08-07 02:00:00,5,28,0
2024-08-07 03:00:00,4,19,2
2024-08-07 04:00:00,15,23,7
2024-08-07 05:00:00,69,48,12
2024-08-07 06:00:00,219,80,53
2024-08-07 07:00:00,337,99,107
2024-08-07 08:00:00,242,118,69
2024-08-07 09:00:00,176,62,22
2024-08-07 10:00:00,316,68,21
2024-08-07 11:00:00,459,93,35
2024-08-07 12:00:00,401,86,40
2024-08-07 13:00:00,271,100,31
2024-08-07 14:00:00,280,79,41
2024-08-07 15:00:00,397,135,86
2024-08-07 16:00:00,408,111,112
2024-08-07 17:00:00,288,70,70
2024-08-07 18:00:00,203,63,45
2024-08-07 19:00:00,136,49,55
2024-08-07 20:00:00,146,63,18
2024-08-07 21:00:00,88,80,21
2024-08-07 22:00:00,33,59,17
2024-08-07 23:00:00,24,49,4
2024-08-08 00:00:00,6,26,3
2024-08-08 01:00:00,7,18,1
2024-08-08 02:00:00,4,20,1
2024-08-08 03:00:00,4,11,1
2024-08-08 04:00:00,17,21,3
2024-08-08 05:00:00,55,36,12
2024-08-08 06:00:00,191,83,61
2024-08-08 07:00:00,442,107,140
2024-08-08 08:00:00,243,148,70
2024-08-08 09:00:00,203,84,25
2024-08-08 10:00:00,273,80,25
2024-08-08 11:00:00,529,91,39
2024-08-08 12:00:00,597,93,25
2024-08-08 13:00:00,325,92,37
2024-08-08 14:00:00,291,137,27
2024-08-08 15:00:00,325,191,63
2024-08-08 16:00:00,580,240,101
2024-08-08 17:00:00,305,222,64
2024-08-08 18:00:00,210,161,53
2024-08-08 19:00:00,217,112,33
2024-08-08 20:00:00,170,109,23
2024-08-08 21:00:00,113,122,21
2024-08-08 22:00:00,61,87,9
2024-08-08 23:00:00,31,60,3
2024-08-09 00:00:00,20,47,5
2024-08-09 01:00:00,10,40,0
2024-08-09 02:00:00,9,20,1
2024-08-09 03:00:00,6,27,1
2024-08-09 04:00:00,8,22,3
2024-08-09 05:00:00,44,36,12
2024-08-09 06:00:00,141,54,33
2024-08-09 07:00:00,324,94,64
2024-08-09 08:00:00,226,86,50
2024-08-09 09:00:00,257,95,31
2024-08-09 10:00:00,287,104,23
2024-08-09 11:00:00,509,119,39
2024-08-09 12:00:00,515,108,30
2024-08-09 13:00:00,327,122,39
2024-08-09 14:00:00,354,170,30
2024-08-09 15:00:00,461,212,54
2024-08-09 16:00:00,554,194,89
2024-08-09 17:00:00,338,196,51
2024-08-09 18:00:00,270,151,56
2024-08-09 19:00:00,267,133,52
2024-08-09 20:00:00,242,133,29
2024-08-09 21:00:00,225,162,29
2024-08-09 22:00:00,139,187,28
2024-08-09 23:00:00,123,193,21
2024-08-10 00:00:00,61,138,7
2024-08-10 01:00:00,51,98,5
2024-08-10 02:00:00,26,76,3
2024-08-10 03:00:00,14,41,2
2024-08-10 04:00:00,9,32,3
2024-08-10 05:00:00,23,23,7
2024-08-10 06:00:00,36,44,10
2024-08-10 07:00:00,74,57,13
2024-08-10 08:00:00,141,78,16
2024-08-10 09:00:00,217,89,24
2024-08-10 10:00:00,332,108,32
2024-08-10 11:00:00,386,149,24
2024-08-10 12:00:00,360,110,30
2024-08-10 13:00:00,378,156,33
2024-08-10 14:00:00,318,150,46
2024-08-10 15:00:00,407,144,35
2024-08-10 16:00:00,338,131,27
2024-08-10 17:00:00,315,222,28
2024-08-10 18:00:00,286,165,45
2024-08-10 19:00:00,252,141,27
2024-08-10 20:00:00,255,173,30
2024-08-10 21:00:00,255,189,34
2024-08-10 22:00:00,250,200,29
2024-08-10 23:00:00,105,180,13
2024-08-11 00:00:00,56,167,6
2024-08-11 01:00:00,60,176,10
2024-08-11 02:00:00,28,123,5
2024-08-11 03:00:00,11,65,2
2024-08-11 04:00:00,9,30,4
2024-08-11 05:00:00,18,22,6
2024-08-11 06:00:00,33,28,5
2024-08-11 07:00:00,60,45,18
2024-08-11 08:00:00,87,67,17
2024-08-11 09:00:00,210,79,30
2024-08-11 10:00:00,269,101,28
2024-08-11 11:00:00,278,119,37
2024-08-11 12:00:00,269,89,27
2024-08-11 13:00:00,286,81,28
2024-08-11 14:00:00,257,96,24
2024-08-11 15:00:00,337,112,31
2024-08-11 16:00:00,251,87,21
2024-08-11 17:00:00,238,94,37
2024-08-11 18:00:00,214,114,36
2024-08-11 19:00:00,133,87,41
2024-08-11 20:00:00,121,96,25
2024-08-11 21:00:00,95,99,15
2024-08-11 22:00:00,60,91,21
2024-08-11 23:00:00,13,57,6
2024-08-12 00:00:00,22,35,6
2024-08-12 01:00:00,3,24,1
2024-08-12 02:00:00,6,22,2
2024-08-12 03:00:00,7,11,4
2024-08-12 04:00:00,13,29,1
2024-08-12 05:00:00,58,44,14
2024-08-12 06:00:00,164,63,47
2024-08-12 07:00:00,399,115,116
2024-08-12 08:00:00,268,126,59
2024-08-12 09:00:00,186,82,25
2024-08-12 10:00:00,235,78,26
2024-08-12 11:00:00,478,86,21
2024-08-12 12:00:00,577,87,36
2024-08-12 13:00:00,268,69,32
2024-08-12 14:00:00,309,90,27
2024-08-12 15:00:00,422,116,68
2024-08-12 16:00:00,579,160,129
2024-08-12 17:00:00,352,98,64
2024-08-12 18:00:00,286,108,26
2024-08-12 19:00:00,219,69,36
2024-08-12 20:00:00,140,88,39
2024-08-12 21:00:00,95,77,15
2024-08-12 22:00:00,64,48,8
2024-08-12 23:00:00,22,61,2
2024-08-13 00:00:00,15,33,1
2024-08-13 01:00:00,7,21,1
2024-08-13 02:00:00,2,19,4
2024-08-13 03:00:00,4,10,2
2024-08-13 04:00:00,11,18,3
2024-08-13 05:00:00,63,50,12
2024-08-13 06:00:00,221,86,60
2024-08-13 07:00:00,471,138,154
2024-08-13 08:00:00,289,107,88
2024-08-13 09:00:00,212,95,32
2024-08-13 10:00:00,264,72,25
2024-08-13 11:00:00,640,80,36
2024-08-13 12:00:00,674,104,51
2024-08-13 13:00:00,363,98,30
2024-08-13 14:00:00,286,122,33
2024-08-13 15:00:00,471,154,79
2024-08-13 16:00:00,710,198,143
2024-08-13 17:00:00,483,145,98
2024-08-13 18:00:00,272,124,40
2024-08-13 19:00:00,235,85,31
2024-08-13 20:00:00,156,86,33
2024-08-13 21:00:00,137,98,27
2024-08-13 22:00:00,72,71,13
2024-08-13 23:00:00,24,49,9
2024-08-14 00:00:00,9,35,2
2024-08-14 01:00:00,3,24,5
2024-08-14 02:00:00,4,17,0
2024-08-14 03:00:00,5,11,3
2024-08-14 04:00:00,21,28,3
2024-08-14 05:00:00,55,38,11
2024-08-14 06:00:00,205,87,56
2024-08-14 07:00:00,449,113,132
2024-08-14 08:00:00,247,144,71
2024-08-14 09:00:00,174,101,32
2024-08-14 10:00:00,238,94,23
2024-08-14 11:00:00,550,90,39
2024-08-14 12:00:00,579,104,25
2024-08-14 13:00:00,316,94,23
2024-08-14 14:00:00,335,111,35
2024-08-14 15:00:00,440,169,89
2024-08-14 16:00:00,701,204,126
2024-08-14 17:00:00,438,151,89
2024-08-14 18:00:00,341,117,45
2024-08-14 19:00:00,247,80,51
2024-08-14 20:00:00,211,90,37
2024-08-14 21:00:00,182,95,14
2024-08-14 22:00:00,81,81,10
2024-08-14 23:00:00,44,52,8
2024-08-15 00:00:00,29,53,2
2024-08-15 01:00:00,15,19,3
2024-08-15 02:00:00,1,27,1
2024-08-15 03:00:00,7,15,1
2024-08-15 04:00:00,10,12,0
2024-08-15 05:00:00,61,42,16
2024-08-15 06:00:00,177,91,60
2024-08-15 07:00:00,471,134,125
2024-08-15 08:00:00,293,127,62
2024-08-15 09:00:00,218,93,29
2024-08-15 10:00:00,273,93,25
2024-08-15 11:00:00,628,104,35
2024-08-15 12:00:00,726,95,31
2024-08-15 13:00:00,391,108,32
2024-08-15 14:00:00,169,77,29
2024-08-15 15:00:00,389,144,78
2024-08-15 16:00:00,690,203,138
2024-08-15 17:00:00,299,195,58
2024-08-15 18:00:00,203,162,43
2024-08-15 19:00:00,214,104,37
2024-08-15 20:00:00,203,124,36
2024-08-15 21:00:00,118,128,19
2024-08-15 22:00:00,68,86,14
2024-08-15 23:00:00,35,70,9
2024-08-16 00:00:00,10,63,2
2024-08-16 01:00:00,20,49,2
2024-08-16 02:00:00,13,36,1
2024-08-16 03:00:00,4,20,3
2024-08-16 04:00:00,15,22,3
2024-08-16 05:00:00,54,31,10
2024-08-16 06:00:00,142,48,37
2024-08-16 07:00:00,289,120,74
2024-08-16 08:00:00,234,126,46
2024-08-16 09:00:00,209,100,29
2024-08-16 10:00:00,223,103,32
2024-08-16 11:00:00,492,103,31
2024-08-16 12:00:00,534,87,40
2024-08-16 13:00:00,357,113,36
2024-08-16 14:00:00,346,128,33
2024-08-16 15:00:00,410,157,69
2024-08-16 16:00:00,464,173,98
2024-08-16 17:00:00,434,164,69
2024-08-16 18:00:00,345,170,44
2024-08-16 19:00:00,283,122,46
2024-08-16 20:00:00,240,151,38
2024-08-16 21:00:00,202,172,41
2024-08-16 22:00:00,179,154,29
2024-08-16 23:00:00,60,148,7
2024-08-17 00:00:00,49,121,13
2024-08-17 01:00:00,32,113,4
2024-08-17 02:00:00,24,87,4
2024-08-17 03:00:00,14,61,2
2024-08-17 04:00:00,11,37,3
2024-08-17 05:00:00,27,24,7
2024-08-17 06:00:00,41,37,16
2024-08-17 07:00:00,81,67,10
2024-08-17 08:00:00,179,78,24
2024-08-17 09:00:00,209,89,25
2024-08-17 10:00:00,296,92,27
2024-08-17 11:00:00,345,131,24
2024-08-17 12:00:00,338,113,31
2024-08-17 13:00:00,345,137,34
2024-08-17 14:00:00,366,162,21
2024-08-17 15:00:00,284,141,24
2024-08-17 16:00:00,302,182,42
2024-08-17 17:00:00,295,160,32
2024-08-17 18:00:00,275,167,30
2024-08-17 19:00:00,268,178,28
2024-08-17 20:00:00,240,154,22
2024-08-17 21:00:00,191,168,22
2024-08-17 22:00:00,131,177,16
2024-08-17 23:00:00,90,185,15
2024-08-18 00:00:00,47,187,6
2024-08-18 01:00:00,42,149,7
2024-08-18 02:00:00,31,99,2
2024-08-18 03:00:00,15,90,5
2024-08-18 04:00:00,14,60,0
2024-08-18 05:00:00,18,28,3
2024-08-18 06:00:00,28,32,8
2024-08-18 07:00:00,62,36,27
2024-08-18 08:00:00,86,64,15
2024-08-18 09:00:00,138,69,24
2024-08-18 10:00:00,231,83,21
2024-08-18 11:00:00,231,98,31
2024-08-18 12:00:00,235,92,26
2024-08-18 13:00:00,245,81,21
2024-08-18 14:00:00,212,100,36
2024-08-18 15:00:00,311,108,36
2024-08-18 16:00:00,244,91,36
2024-08-18 17:00:00,254,97,32
2024-08-18 18:00:00,188,78,32
2024-08-18 19:00:00,179,80,34
2024-08-18 20:00:00,116,82,31
2024-08-18 21:00:00,101,82,9
2024-08-18 22:00:00,32,75,6
2024-08-18 23:00:00,17,48,9
2024-08-19 00:00:00,6,44,7
2024-08-19 01:00:00,3,14,3
2024-08-19 02:00:00,4,17,3
2024-08-19 03:00:00,4,15,3
2024-08-19 04:00:00,14,16,1
2024-08-19 05:00:00,53,40,7
2024-08-19 06:00:00,155,63,41
2024-08-19 07:00:00,399,107,126
2024-08-19 08:00:00,242,100,65
2024-08-19 09:00:00,222,77,9
2024-08-19 10:00:00,246,96,23
2024-08-19 11:00:00,532,76,20
2024-08-19 12:00:00,518,79,42
2024-08-19 13:00:00,257,95,27
2024-08-19 14:00:00,295,98,40
2024-08-19 15:00:00,395,120,52
2024-08-19 16:00:00,586,161,134
2024-08-19 17:00:00,317,109,59
2024-08-19 18:00:00,230,111,36
2024-08-19 19:00:00,190,71,34
2024-08-19 20:00:00,121,82,34
2024-08-19 21:00:00,86,65,19
2024-08-19 22:00:00,34,46,14
2024-08-19 23:00:00,20,44,4
2024-08-20 00:00:00,8,34,1
2024-08-20 01:00:00,8,23,1
2024-08-20 02:00:00,6,15,1
2024-08-20 03:00:00,3,6,1
2024-08-20 04:00:00,13,22,4
2024-08-20 05:00:00,51,42,17
2024-08-20 06:00:00,209,84,62
2024-08-20 07:00:00,470,123,162
2024-08-20 08:00:00,238,128,58
2024-08-20 09:00:00,174,96,23
2024-08-20 10:00:00,243,79,19
2024-08-20 11:00:00,649,82,32
2024-08-20 12:00:00,763,93,28
2024-08-20 13:00:00,478,104,33
2024-08-20 14:00:00,301,105,44
2024-08-20 15:00:00,452,148,85
2024-08-20 16:00:00,743,204,139
2024-08-20 17:00:00,497,117,84
2024-08-20 18:00:00,298,84,58
2024-08-20 19:00:00,206,76,35
2024-08-20 20:00:00,187,105,29
2024-08-20 21:00:00,127,84,32
2024-08-20 22:00:00,64,65,9
2024-08-20 23:00:00,34,45,2
2024-08-21 00:00:00,20,34,2
2024-08-21 01:00:00,6,32,1
2024-08-21 02:00:00,5,13,0
2024-08-21 03:00:00,9,12,2
2024-08-21 04:00:00,20,16,5
2024-08-21 05:00:00,52,37,19
2024-08-21 06:00:00,200,102,68
2024-08-21 07:00:00,483,130,136
2024-08-21 08:00:00,285,116,92
2024-08-21 09:00:00,193,94,31
2024-08-21 10:00:00,260,85,26
2024-08-21 11:00:00,655,88,30
2024-08-21 12:00:00,676,98,38
2024-08-21 13:00:00,358,107,44
2024-08-21 14:00:00,322,92,33
2024-08-21 15:00:00,435,176,80
2024-08-21 16:00:00,736,224,133
2024-08-21 17:00:00,435,162,78
2024-08-21 18:00:00,249,123,62
2024-08-21 19:00:00,229,84,53
2024-08-21 20:00:00,217,99,29
2024-08-21 21:00:00,124,100,33
2024-08-21 22:00:00,67,73,13
2024-08-21 23:00:00,25,44,5
2024-08-22 00:00:00,12,37,2
2024-08-22 01:00:00,14,28,0
2024-08-22 02:00:00,4,19,2
2024-08-22 03:00:00,8,13,2
2024-08-22 04:00:00,10,13,4
2024-08-22 05:00:00,58,33,7
2024-08-22 06:00:00,181,91,49
2024-08-22 07:00:00,409,125,117
2024-08-22 08:00:00,260,129,74
2024-08-22 09:00:00,198,123,23
2024-08-22 10:00:00,269,92,24
2024-08-22 11:00:00,481,112,26
2024-08-22 12:00:00,554,92,32
2024-08-22 13:00:00,335,109,27
2024-08-22 14:00:00,316,138,40
2024-08-22 15:00:00,466,175,58
2024-08-22 16:00:00,712,175,118
2024-08-22 17:00:00,438,139,87
2024-08-22 18:00:00,303,152,43
2024-08-22 19:00:00,234,101,55
2024-08-22 20:00:00,208,112,24
2024-08-22 21:00:00,138,99,21
2024-08-22 22:00:00,101,83,16
2024-08-22 23:00:00,52,64,5
2024-08-23 00:00:00,16,65,5
2024-08-23 01:00:00,15,54,1
2024-08-23 02:00:00,5,27,0
2024-08-23 03:00:00,4,20,2
2024-08-23 04:00:00,12,23,1
2024-08-23 05:00:00,45,43,7
2024-08-23 06:00:00,136,72,32
2024-08-23 07:00:00,253,99,62
2024-08-23 08:00:00,206,107,37
2024-08-23 09:00:00,217,103,22
2024-08-23 10:00:00,213,102,25
2024-08-23 11:00:00,491,107,34
2024-08-23 12:00:00,470,110,41
2024-08-23 13:00:00,339,119,39
2024-08-23 14:00:00,355,127,36
2024-08-23 15:00:00,437,180,60
2024-08-23 16:00:00,537,214,78
2024-08-23 17:00:00,409,168,79
2024-08-23 18:00:00,312,197,43
2024-08-23 19:00:00,224,114,35
2024-08-23 20:00:00,258,151,36
2024-08-23 21:00:00,167,154,23
2024-08-23 22:00:00,161,138,14
2024-08-23 23:00:00,71,131,12
2024-08-24 00:00:00,41,109,2
2024-08-24 01:00:00,30,91,2
2024-08-24 02:00:00,28,89,2
2024-08-24 03:00:00,6,45,6
2024-08-24 04:00:00,10,46,1
2024-08-24 05:00:00,21,37,4
2024-08-24 06:00:00,41,39,7
2024-08-24 07:00:00,57,60,10
2024-08-24 08:00:00,105,79,9
2024-08-24 09:00:00,221,105,16
2024-08-24 10:00:00,239,117,10
2024-08-24 11:00:00,259,148,22
2024-08-24 12:00:00,306,117,21
2024-08-24 13:00:00,345,121,18
2024-08-24 14:00:00,428,167,37
2024-08-24 15:00:00,364,134,27
2024-08-24 16:00:00,439,141,39
2024-08-24 17:00:00,406,172,29
2024-08-24 18:00:00,377,149,35
2024-08-24 19:00:00,333,177,31
2024-08-24 20:00:00,261,178,22
2024-08-24 21:00:00,249,207,26
2024-08-24 22:00:00,156,138,10
2024-08-24 23:00:00,150,196,7
2024-08-25 00:00:00,95,175,5
2024-08-25 01:00:00,55,133,6
2024-08-25 02:00:00,38,110,3
2024-08-25 03:00:00,26,69,4
2024-08-25 04:00:00,13,42,1
2024-08-25 05:00:00,20,22,1
2024-08-25 06:00:00,25,35,7
2024-08-25 07:00:00,61,32,17
2024-08-25 08:00:00,85,61,19
2024-08-25 09:00:00,168,74,21
2024-08-25 10:00:00,291,108,20
2024-08-25 11:00:00,356,96,26
2024-08-25 12:00:00,310,96,37
2024-08-25 13:00:00,373,127,29
2024-08-25 14:00:00,310,149,21
2024-08-25 15:00:00,287,157,34
2024-08-25 16:00:00,260,165,27
2024-08-25 17:00:00,242,173,33
2024-08-25 18:00:00,227,124,56
2024-08-25 19:00:00,176,109,32
2024-08-25 20:00:00,121,130,28
2024-08-25 21:00:00,161,166,21
2024-08-25 22:00:00,223,237,23
2024-08-25 23:00:00,70,204,8
2024-08-26 00:00:00,35,140,5
2024-08-26 01:00:00,14,76,2
2024-08-26 02:00:00,14,67,1
2024-08-26 03:00:00,3,42,1
2024-08-26 04:00:00,8,24,2
2024-08-26 05:00:00,18,27,6
2024-08-26 06:00:00,37,34,8
2024-08-26 07:00:00,64,56,8
2024-08-26 08:00:00,118,53,16
2024-08-26 09:00:00,200,96,24
2024-08-26 10:00:00,258,85,21
2024-08-26 11:00:00,304,81,33
2024-08-26 12:00:00,299,74,33
2024-08-26 13:00:00,270,81,41
2024-08-26 14:00:00,277,81,30
2024-08-26 15:00:00,271,115,32
2024-08-26 16:00:00,251,100,43
2024-08-26 17:00:00,279,99,26
2024-08-26 18:00:00,267,91,51
2024-08-26 19:00:00,147,64,26
2024-08-26 20:00:00,160,78,22
2024-08-26 21:00:00,93,79,27
2024-08-26 22:00:00,46,68,12
2024-08-26 23:00:00,23,49,4
2024-08-27 00:00:00,4,27,4
2024-08-27 01:00:00,8,30,2
2024-08-27 02:00:00,4,17,2
2024-08-27 03:00:00,11,11,3
2024-08-27 04:00:00,11,12,6
2024-08-27 05:00:00,50,43,7
2024-08-27 06:00:00,197,73,61
2024-08-27 07:00:00,425,128,129
2024-08-27 08:00:00,278,103,76
2024-08-27 09:00:00,223,70,22
2024-08-27 10:00:00,271,88,19
2024-08-27 11:00:00,604,100,26
2024-08-27 12:00:00,653,99,34
2024-08-27 13:00:00,371,87,31
2024-08-27 14:00:00,304,105,49
2024-08-27 15:00:00,388,143,64
2024-08-27 16:00:00,625,137,126
2024-08-27 17:00:00,362,128,91
2024-08-27 18:00:00,273,128,57
2024-08-27 19:00:00,164,90,35
2024-08-27 20:00:00,144,110,33
2024-08-27 21:00:00,118,89,21
2024-08-27 22:00:00,55,64,4
2024-08-27 23:00:00,28,57,1
2024-08-28 00:00:00,10,29,5
2024-08-28 01:00:00,10,29,2
2024-08-28 02:00:00,1,13,1
2024-08-28 03:00:00,3,19,2
2024-08-28 04:00:00,16,11,3
2024-08-28 05:00:00,45,34,14
2024-08-28 06:00:00,224,96,69
2024-08-28 07:00:00,455,120,149
2024-08-28 08:00:00,252,114,79
2024-08-28 09:00:00,204,92,39
2024-08-28 10:00:00,294,88,25
2024-08-28 11:00:00,620,87,44
2024-08-28 12:00:00,677,102,43
2024-08-28 13:00:00,362,114,30
2024-08-28 14:00:00,321,111,33
2024-08-28 15:00:00,500,175,77
2024-08-28 16:00:00,732,194,146
2024-08-28 17:00:00,373,146,101
2024-08-28 18:00:00,323,134,49
2024-08-28 19:00:00,213,92,39
2024-08-28 20:00:00,192,107,37
2024-08-28 21:00:00,153,117,18
2024-08-28 22:00:00,74,77,11
2024-08-28 23:00:00,28,61,4
2024-08-29 00:00:00,12,37,3
2024-08-29 01:00:00,16,28,0
2024-08-29 02:00:00,8,20,0
2024-08-29 03:00:00,4,20,2
2024-08-29 04:00:00,13,28,3
2024-08-29 05:00:00,51,36,9
2024-08-29 06:00:00,201,81,59
2024-08-29 07:00:00,444,125,143
2024-08-29 08:00:00,251,124,82
2024-08-29 09:00:00,209,107,30
2024-08-29 10:00:00,298,90,24
2024-08-29 11:00:00,708,92,33
2024-08-29 12:00:00,680,95,35
2024-08-29 13:00:00,346,120,42
2024-08-29 14:00:00,343,134,56
2024-08-29 15:00:00,469,184,65
2024-08-29 16:00:00,727,224,153
2024-08-29 17:00:00,482,187,89
2024-08-29 18:00:00,299,155,56
2024-08-29 19:00:00,241,125,59
2024-08-29 20:00:00,185,122,40
2024-08-29 21:00:00,180,140,27
2024-08-29 22:00:00,79,95,13
2024-08-29 23:00:00,39,75,14
2024-08-30 00:00:00,21,54,2
2024-08-30 01:00:00,13,40,4
2024-08-30 02:00:00,6,23,3
2024-08-30 03:00:00,6,17,2
2024-08-30 04:00:00,15,27,3
2024-08-30 05:00:00,44,24,6
2024-08-30 06:00:00,150,71,29
2024-08-30 07:00:00,355,113,96
2024-08-30 08:00:00,232,109,53
2024-08-30 09:00:00,210,117,23
2024-08-30 10:00:00,259,121,27
2024-08-30 11:00:00,515,110,43
2024-08-30 12:00:00,582,109,41
2024-08-30 13:00:00,362,121,36
2024-08-30 14:00:00,336,159,40
2024-08-30 15:00:00,476,197,78
2024-08-30 16:00:00,533,200,107
2024-08-30 17:00:00,425,184,55
2024-08-30 18:00:00,351,204,56
2024-08-30 19:00:00,313,137,50
2024-08-30 20:00:00,284,147,32
2024-08-30 21:00:00,265,184,42
2024-08-30 22:00:00,140,191,28
2024-08-30 23:00:00,75,153,8
2024-08-31 00:00:00,45,148,11
2024-08-31 01:00:00,34,133,5
2024-08-31 02:00:00,36,105,3
2024-08-31 03:00:00,13,68,0
2024-08-31 04:00:00,17,46,2
2024-08-31 05:00:00,20,31,10
2024-08-31 06:00:00,34,47,10
2024-08-31 07:00:00,83,41,11
2024-08-31 08:00:00,122,76,13
2024-08-31 09:00:00,187,106,32
2024-08-31 10:00:00,268,115,28
2024-08-31 11:00:00,399,133,34
2024-08-31 12:00:00,310,147,31
2024-08-31 13:00:00,348,165,33
2024-08-31 14:00:00,385,183,54
2024-08-31 15:00:00,291,219,26
2024-08-31 16:00:00,266,190,50
2024-08-31 17:00:00,311,180,26
2024-08-31 18:00:00,309,205,42
2024-08-31 19:00:00,277,159,37
2024-08-31 20:00:00,253,212,33
2024-08-31 21:00:00,179,211,32
2024-08-31 22:00:00,165,182,32
2024-08-31 23:00:00,136,263,20
2024-09-01 00:00:00,81,219,5
2024-09-01 01:00:00,30,155,6
2024-09-01 02:00:00,30,159,2
2024-09-01 03:00:00,24,103,1
2024-09-01 04:00:00,10,51,0
2024-09-01 05:00:00,13,33,4
2024-09-01 06:00:00,36,34,9
2024-09-01 07:00:00,44,49,14
2024-09-01 08:00:00,114,46,15
2024-09-01 09:00:00,167,75,14
2024-09-01 10:00:00,232,97,16
2024-09-01 11:00:00,287,140,24
2024-09-01 12:00:00,256,103,19
2024-09-01 13:00:00,249,139,26
2024-09-01 14:00:00,229,127,24
2024-09-01 15:00:00,143,177,21
2024-09-01 16:00:00,174,141,33
2024-09-01 17:00:00,154,117,45
2024-09-01 18:00:00,190,105,44
2024-09-01 19:00:00,147,112,37
2024-09-01 20:00:00,86,118,28
2024-09-01 21:00:00,92,99,19
2024-09-01 22:00:00,95,137,20
2024-09-01 23:00:00,52,93,5
2024-09-02 00:00:00,18,54,3
2024-09-02 01:00:00,0,35,1
2024-09-02 02:00:00,11,18,2
2024-09-02 03:00:00,4,23,3
2024-09-02 04:00:00,15,19,2
2024-09-02 05:00:00,47,54,9
2024-09-02 06:00:00,156,98,54
2024-09-02 07:00:00,428,134,112
2024-09-02 08:00:00,274,145,80
2024-09-02 09:00:00,206,98,20
2024-09-02 10:00:00,225,84,26
2024-09-02 11:00:00,547,123,22
2024-09-02 12:00:00,548,104,31
2024-09-02 13:00:00,279,98,36
2024-09-02 14:00:00,250,122,38
2024-09-02 15:00:00,379,162,54
2024-09-02 16:00:00,651,209,109
2024-09-02 17:00:00,371,221,78
2024-09-02 18:00:00,202,108,38
2024-09-02 19:00:00,157,87,35
2024-09-02 20:00:00,95,91,29
2024-09-02 21:00:00,82,90,21
2024-09-02 22:00:00,30,55,7
2024-09-02 23:00:00,13,41,3
2024-09-03 00:00:00,17,27,2
2024-09-03 01:00:00,3,17,0
2024-09-03 02:00:00,11,23,1
2024-09-03 03:00:00,2,14,1
2024-09-03 04:00:00,14,22,2
2024-09-03 05:00:00,47,45,19
2024-09-03 06:00:00,201,123,64
2024-09-03 07:00:00,481,129,136
2024-09-03 08:00:00,281,167,76
2024-09-03 09:00:00,198,112,26
2024-09-03 10:00:00,268,77,17
2024-09-03 11:00:00,523,100,35
2024-09-03 12:00:00,636,96,34
2024-09-03 13:00:00,266,113,38
2024-09-03 14:00:00,335,127,42
2024-09-03 15:00:00,411,196,70
2024-09-03 16:00:00,660,242,135
2024-09-03 17:00:00,499,134,100
2024-09-03 18:00:00,294,98,70
2024-09-03 19:00:00,240,93,37
2024-09-03 20:00:00,136,104,38
2024-09-03 21:00:00,136,93,21
2024-09-03 22:00:00,77,95,11
2024-09-03 23:00:00,31,53,4
2024-09-04 00:00:00,15,32,0
2024-09-04 01:00:00,14,26,1
2024-09-04 02:00:00,12,19,1
2024-09-04 03:00:00,5,15,3
2024-09-04 04:00:00,12,21,3
2024-09-04 05:00:00,61,47,14
2024-09-04 06:00:00,222,105,75
2024-09-04 07:00:00,524,143,166
2024-09-04 08:00:00,293,170,86
2024-09-04 09:00:00,270,123,25
2024-09-04 10:00:00,236,81,23
2024-09-04 11:00:00,633,105,34
2024-09-04 12:00:00,605,100,44
2024-09-04 13:00:00,369,102,34
2024-09-04 14:00:00,279,140,42
2024-09-04 15:00:00,452,180,70
2024-09-04 16:00:00,718,223,126
2024-09-04 17:00:00,451,166,90
2024-09-04 18:00:00,249,113,36
2024-09-04 19:00:00,201,111,42
2024-09-04 20:00:00,158,121,23
2024-09-04 21:00:00,94,90,33
2024-09-04 22:00:00,58,102,9
2024-09-04 23:00:00,24,72,2
2024-09-05 00:00:00,21,35,4
2024-09-05 01:00:00,7,29,0
2024-09-05 02:00:00,9,28,3
2024-09-05 03:00:00,5,22,0
2024-09-05 04:00:00,12,19,4
2024-09-05 05:00:00,49,40,12
2024-09-05 06:00:00,184,111,53
2024-09-05 07:00:00,514,150,131
2024-09-05 08:00:00,298,186,74
2024-09-05 09:00:00,138,150,23
2024-09-05 10:00:00,186,123,23
2024-09-05 11:00:00,410,143,19
2024-09-05 12:00:00,386,135,18
2024-09-05 13:00:00,211,162,20
2024-09-05 14:00:00,240,165,26
2024-09-05 15:00:00,369,277,73
2024-09-05 16:00:00,687,284,90
2024-09-05 17:00:00,411,268,80
2024-09-05 18:00:00,310,135,43
2024-09-05 19:00:00,207,147,33
2024-09-05 20:00:00,181,124,22
2024-09-05 21:00:00,192,131,20
2024-09-05 22:00:00,99,97,11
2024-09-05 23:00:00,37,73,4
2024-09-06 00:00:00,29,55,3
2024-09-06 01:00:00,13,39,1
2024-09-06 02:00:00,6,28,0
2024-09-06 03:00:00,8,31,1
2024-09-06 04:00:00,16,19,3
2024-09-06 05:00:00,44,43,12
2024-09-06 06:00:00,151,86,39
2024-09-06 07:00:00,313,140,56
2024-09-06 08:00:00,184,204,44
2024-09-06 09:00:00,134,154,18
2024-09-06 10:00:00,208,135,21
2024-09-06 11:00:00,425,119,18
2024-09-06 12:00:00,410,124,18
2024-09-06 13:00:00,279,175,29
2024-09-06 14:00:00,266,187,29
2024-09-06 15:00:00,407,238,40
2024-09-06 16:00:00,505,247,72
2024-09-06 17:00:00,411,228,61
2024-09-06 18:00:00,274,208,42
2024-09-06 19:00:00,203,159,38
2024-09-06 20:00:00,128,74,57
2024-09-06 21:00:00,136,215,25
2024-09-06 22:00:00,181,158,18
2024-09-06 23:00:00,73,128,3
2024-09-07 00:00:00,43,133,5
2024-09-07 01:00:00,35,108,2
2024-09-07 02:00:00,25,87,3
2024-09-07 03:00:00,17,60,0
2024-09-07 04:00:00,24,45,2
2024-09-07 05:00:00,23,33,8
2024-09-07 06:00:00,27,45,8
2024-09-07 07:00:00,66,47,9
2024-09-07 08:00:00,146,79,16
2024-09-07 09:00:00,279,109,21
2024-09-07 10:00:00,330,131,21
2024-09-07 11:00:00,428,126,31
2024-09-07 12:00:00,390,147,28
2024-09-07 13:00:00,399,151,49
2024-09-07 14:00:00,350,158,36
2024-09-07 15:00:00,444,166,31
2024-09-07 16:00:00,498,180,32
2024-09-07 17:00:00,383,234,42
2024-09-07 18:00:00,338,253,48
2024-09-07 19:00:00,319,216,31
2024-09-07 20:00:00,251,199,14
2024-09-07 21:00:00,263,198,16
2024-09-07 22:00:00,166,201,13
2024-09-07 23:00:00,111,192,6
2024-09-08 00:00:00,94,191,6
2024-09-08 01:00:00,42,194,3
2024-09-08 02:00:00,54,151,4
2024-09-08 03:00:00,23,93,0
2024-09-08 04:00:00,18,53,0
2024-09-08 05:00:00,18,45,3
2024-09-08 06:00:00,15,33,6
2024-09-08 07:00:00,56,38,14
2024-09-08 08:00:00,110,86,10
2024-09-08 09:00:00,250,77,15
2024-09-08 10:00:00,241,124,22
2024-09-08 11:00:00,273,145,23
2024-09-08 12:00:00,274,107,32
2024-09-08 13:00:00,293,122,23
2024-09-08 14:00:00,254,118,21
2024-09-08 15:00:00,254,167,32
2024-09-08 16:00:00,285,93,31
2024-09-08 17:00:00,217,121,48
2024-09-08 18:00:00,193,90,35
2024-09-08 19:00:00,145,104,22
2024-09-08 20:00:00,95,85,20
2024-09-08 21:00:00,91,111,12
2024-09-08 22:00:00,46,66,6
2024-09-08 23:00:00,19,32,4
2024-09-09 00:00:00,16,34,4
2024-09-09 01:00:00,5,36,1
2024-09-09 02:00:00,7,15,0
2024-09-09 03:00:00,7,14,2
2024-09-09 04:00:00,15,19,2
2024-09-09 05:00:00,53,45,10
2024-09-09 06:00:00,169,96,52
2024-09-09 07:00:00,491,112,157
2024-09-09 08:00:00,279,166,78
2024-09-09 09:00:00,192,79,30
2024-09-09 10:00:00,250,96,20
2024-09-09 11:00:00,537,91,35
2024-09-09 12:00:00,653,82,35
2024-09-09 13:00:00,373,88,27
2024-09-09 14:00:00,359,134,42
2024-09-09 15:00:00,409,156,63
2024-09-09 16:00:00,721,196,138
2024-09-09 17:00:00,507,135,81
2024-09-09 18:00:00,299,122,55
2024-09-09 19:00:00,186,117,41
2024-09-09 20:00:00,153,107,27
2024-09-09 21:00:00,124,94,22
2024-09-09 22:00:00,50,51,5
2024-09-09 23:00:00,25,53,1
2024-09-10 00:00:00,8,32,1
2024-09-10 01:00:00,19,20,1
2024-09-10 02:00:00,12,23,1
2024-09-10 03:00:00,7,19,2
2024-09-10 04:00:00,17,22,3
2024-09-10 05:00:00,49,62,14
2024-09-10 06:00:00,195,138,64
2024-09-10 07:00:00,581,133,140
2024-09-10 08:00:00,338,197,87
2024-09-10 09:00:00,572,132,23
2024-09-10 10:00:00,262,96,19
2024-09-10 11:00:00,630,105,25
2024-09-10 12:00:00,738,98,29
2024-09-10 13:00:00,323,115,28
2024-09-10 14:00:00,293,142,40
2024-09-10 15:00:00,421,211,68
2024-09-10 16:00:00,665,304,134
2024-09-10 17:00:00,414,211,93
2024-09-10 18:00:00,250,149,53
2024-09-10 19:00:00,218,103,36
2024-09-10 20:00:00,168,119,20
2024-09-10 21:00:00,105,95,22
2024-09-10 22:00:00,64,68,9
2024-09-10 23:00:00,34,82,2
2024-09-11 00:00:00,20,47,2
2024-09-11 01:00:00,10,20,2
2024-09-11 02:00:00,4,33,0
2024-09-11 03:00:00,4,25,1
2024-09-11 04:00:00,17,24,4
2024-09-11 05:00:00,47,49,18
2024-09-11 06:00:00,205,129,52
2024-09-11 07:00:00,569,122,140
2024-09-11 08:00:00,343,210,85
2024-09-11 09:00:00,251,123,40
2024-09-11 10:00:00,290,102,23
2024-09-11 11:00:00,642,94,28
2024-09-11 12:00:00,731,106,38
2024-09-11 13:00:00,401,112,46
2024-09-11 14:00:00,334,141,50
2024-09-11 15:00:00,498,196,78
2024-09-11 16:00:00,703,197,141
2024-09-11 17:00:00,520,209,72
2024-09-11 18:00:00,361,126,52
2024-09-11 19:00:00,193,129,37
2024-09-11 20:00:00,193,132,20
2024-09-11 21:00:00,223,120,25
2024-09-11 22:00:00,131,90,14
2024-09-11 23:00:00,53,78,8
2024-09-12 00:00:00,17,45,3
2024-09-12 01:00:00,19,40,0
2024-09-12 02:00:00,6,39,2
2024-09-12 03:00:00,6,24,2
2024-09-12 04:00:00,14,29,2
2024-09-12 05:00:00,61,49,15
2024-09-12 06:00:00,195,105,61
2024-09-12 07:00:00,555,150,182
2024-09-12 08:00:00,384,224,72
2024-09-12 09:00:00,214,98,15
2024-09-12 10:00:00,266,93,35
2024-09-12 11:00:00,592,106,39
2024-09-12 12:00:00,659,132,43
2024-09-12 13:00:00,361,134,29
2024-09-12 14:00:00,350,124,54
2024-09-12 15:00:00,505,210,71
2024-09-12 16:00:00,755,235,135
2024-09-12 17:00:00,512,202,89
2024-09-12 18:00:00,364,152,41
2024-09-12 19:00:00,252,151,44
2024-09-12 20:00:00,186,143,32
2024-09-12 21:00:00,248,199,31
2024-09-12 22:00:00,174,193,13
2024-09-12 23:00:00,121,122,2
2024-09-13 00:00:00,48,83,2
2024-09-13 01:00:00,62,65,2
2024-09-13 02:00:00,79,67,1
2024-09-13 03:00:00,23,35,0
2024-09-13 04:00:00,18,14,3
2024-09-13 05:00:00,47,46,11
2024-09-13 06:00:00,155,104,43
2024-09-13 07:00:00,272,144,113
2024-09-13 08:00:00,278,163,48
2024-09-13 09:00:00,210,102,33
2024-09-13 10:00:00,289,107,22
2024-09-13 11:00:00,450,102,29
2024-09-13 12:00:00,558,133,30
2024-09-13 13:00:00,367,133,36
2024-09-13 14:00:00,355,165,48
2024-09-13 15:00:00,474,229,69
2024-09-13 16:00:00,644,242,103
2024-09-13 17:00:00,464,235,61
2024-09-13 18:00:00,341,214,44
2024-09-13 19:00:00,272,218,33
2024-09-13 20:00:00,238,161,41
2024-09-13 21:00:00,234,219,29
2024-09-13 22:00:00,204,185,19
2024-09-13 23:00:00,87,153,8
2024-09-14 00:00:00,59,171,7
2024-09-14 01:00:00,20,114,2
2024-09-14 02:00:00,53,87,1
2024-09-14 03:00:00,15,76,1
2024-09-14 04:00:00,9,32,3
2024-09-14 05:00:00,21,36,8
2024-09-14 06:00:00,39,48,13
2024-09-14 07:00:00,89,74,15
2024-09-14 08:00:00,174,101,13
2024-09-14 09:00:00,310,98,20
2024-09-14 10:00:00,338,130,25
2024-09-14 11:00:00,389,140,41
2024-09-14 12:00:00,380,142,40
2024-09-14 13:00:00,436,143,39
2024-09-14 14:00:00,412,146,40
2024-09-14 15:00:00,355,167,35
2024-09-14 16:00:00,403,181,44
2024-09-14 17:00:00,440,210,34
2024-09-14 18:00:00,424,197,39
2024-09-14 19:00:00,275,220,41
2024-09-14 20:00:00,287,212,28
2024-09-14 21:00:00,274,225,33
2024-09-14 22:00:00,235,197,24
2024-09-14 23:00:00,109,205,7
2024-09-15 00:00:00,71,180,1
2024-09-15 01:00:00,69,165,8
2024-09-15 02:00:00,71,148,7
2024-09-15 03:00:00,43,117,2
2024-09-15 04:00:00,23,51,3
2024-09-15 05:00:00,16,31,4
2024-09-15 06:00:00,32,32,8
2024-09-15 07:00:00,56,43,7
2024-09-15 08:00:00,154,85,17
2024-09-15 09:00:00,203,87,19
2024-09-15 10:00:00,227,125,27
2024-09-15 11:00:00,280,139,27
2024-09-15 12:00:00,325,104,25
2024-09-15 13:00:00,308,120,24
2024-09-15 14:00:00,308,125,28
2024-09-15 15:00:00,297,139,25
2024-09-15 16:00:00,297,160,24
2024-09-15 17:00:00,226,123,37
2024-09-15 18:00:00,205,113,30
2024-09-15 19:00:00,162,118,40
2024-09-15 20:00:00,92,116,30
2024-09-15 21:00:00,117,103,18
2024-09-15 22:00:00,77,106,8
2024-09-15 23:00:00,34,61,2
2024-09-16 00:00:00,39,49,10
2024-09-16 01:00:00,14,15,1
2024-09-16 02:00:00,16,30,0
2024-09-16 03:00:00,1,27,2
2024-09-16 04:00:00,9,16,5
2024-09-16 05:00:00,41,63,16
2024-09-16 06:00:00,172,112,51
2024-09-16 07:00:00,514,117,160
2024-09-16 08:00:00,362,165,81
2024-09-16 09:00:00,229,101,24
2024-09-16 10:00:00,252,91,34
2024-09-16 11:00:00,618,111,29
2024-09-16 12:00:00,672,88,45
2024-09-16 13:00:00,334,95,33
2024-09-16 14:00:00,484,106,36
2024-09-16 15:00:00,504,192,84
2024-09-16 16:00:00,679,176,169
2024-09-16 17:00:00,609,157,70
2024-09-16 18:00:00,301,109,57
2024-09-16 19:00:00,225,93,34
2024-09-16 20:00:00,184,111,28
2024-09-16 21:00:00,120,141,18
2024-09-16 22:00:00,65,99,8
2024-09-16 23:00:00,27,72,2
2024-09-17 00:00:00,25,43,1
2024-09-17 01:00:00,20,30,4
2024-09-17 02:00:00,24,36,3
2024-09-17 03:00:00,13,20,2
2024-09-17 04:00:00,12,32,2
2024-09-17 05:00:00,55,58,17
2024-09-17 06:00:00,238,137,74
2024-09-17 07:00:00,601,149,212
2024-09-17 08:00:00,433,191,75
2024-09-17 09:00:00,273,125,26
2024-09-17 10:00:00,291,103,29
2024-09-17 11:00:00,665,106,45
2024-09-17 12:00:00,828,86,34
2024-09-17 13:00:00,407,107,44
2024-09-17 14:00:00,369,114,45
2024-09-17 15:00:00,516,185,89
2024-09-17 16:00:00,848,202,156
2024-09-17 17:00:00,571,147,104
2024-09-17 18:00:00,309,140,57
2024-09-17 19:00:00,241,150,44
2024-09-17 20:00:00,193,150,30
2024-09-17 21:00:00,167,119,28
2024-09-17 22:00:00,81,114,16
2024-09-17 23:00:00,66,95,1
2024-09-18 00:00:00,39,59,4
2024-09-18 01:00:00,24,41,0
2024-09-18 02:00:00,8,34,2
2024-09-18 03:00:00,5,25,3
2024-09-18 04:00:00,14,28,6
2024-09-18 05:00:00,60,64,18
2024-09-18 06:00:00,223,127,60
2024-09-18 07:00:00,587,142,169
2024-09-18 08:00:00,324,173,85
2024-09-18 09:00:00,191,124,30
2024-09-18 10:00:00,307,100,23
2024-09-18 11:00:00,694,114,39
2024-09-18 12:00:00,778,95,56
2024-09-18 13:00:00,434,111,35
2024-09-18 14:00:00,355,115,58
2024-09-18 15:00:00,480,156,97
2024-09-18 16:00:00,812,207,169
2024-09-18 17:00:00,466,151,99
2024-09-18 18:00:00,349,115,73
2024-09-18 19:00:00,228,144,60
2024-09-18 20:00:00,185,128,24
2024-09-18 21:00:00,181,140,29
2024-09-18 22:00:00,105,110,9
2024-09-18 23:00:00,50,79,8
2024-09-19 00:00:00,31,60,3
2024-09-19 01:00:00,17,27,5
2024-09-19 02:00:00,7,40,2
2024-09-19 03:00:00,11,40,5
2024-09-19 04:00:00,13,24,4
2024-09-19 05:00:00,62,55,15
2024-09-19 06:00:00,217,110,53
2024-09-19 07:00:00,573,141,143
2024-09-19 08:00:00,172,93,39
2024-09-19 09:00:00,240,126,34
2024-09-19 10:00:00,304,105,46
2024-09-19 11:00:00,661,111,37
2024-09-19 12:00:00,731,113,50
2024-09-19 13:00:00,389,123,34
2024-09-19 14:00:00,387,148,37
2024-09-19 15:00:00,510,211,85
2024-09-19 16:00:00,789,223,143
2024-09-19 17:00:00,507,186,97
2024-09-19 18:00:00,387,146,70
2024-09-19 19:00:00,266,144,49
2024-09-19 20:00:00,109,61,19
2024-09-19 21:00:00,233,127,26
2024-09-19 22:00:00,152,129,13
2024-09-19 23:00:00,55,128,5
2024-09-20 00:00:00,54,81,5
2024-09-20 01:00:00,50,63,3
2024-09-20 02:00:00,20,55,0
2024-09-20 03:00:00,10,30,2
2024-09-20 04:00:00,8,34,1
2024-09-20 05:00:00,50,42,16
2024-09-20 06:00:00,169,96,41
2024-09-20 07:00:00,391,129,82
2024-09-20 08:00:00,207,157,52
2024-09-20 09:00:00,250,117,37
2024-09-20 10:00:00,272,129,26
2024-09-20 11:00:00,411,125,32
2024-09-20 12:00:00,508,125,42
2024-09-20 13:00:00,334,182,42
2024-09-20 14:00:00,291,198,38
2024-09-20 15:00:00,410,271,91
2024-09-20 16:00:00,600,262,99
2024-09-20 17:00:00,482,250,72
2024-09-20 18:00:00,351,220,53
2024-09-20 19:00:00,325,187,31
2024-09-20 20:00:00,269,197,21
2024-09-20 21:00:00,221,222,28
2024-09-20 22:00:00,204,167,29
2024-09-20 23:00:00,105,175,9
2024-09-21 00:00:00,76,146,3
2024-09-21 01:00:00,60,112,3
2024-09-21 02:00:00,63,112,2
2024-09-21 03:00:00,30,81,2
2024-09-21 04:00:00,29,43,1
2024-09-21 05:00:00,26,45,10
2024-09-21 06:00:00,50,57,1
2024-09-21 07:00:00,81,69,11
2024-09-21 08:00:00,138,127,8
2024-09-21 09:00:00,247,143,21
2024-09-21 10:00:00,324,169,35
2024-09-21 11:00:00,421,175,20
2024-09-21 12:00:00,337,190,17
2024-09-21 13:00:00,320,175,25
2024-09-21 14:00:00,408,176,28
2024-09-21 15:00:00,392,171,35
2024-09-21 16:00:00,438,193,37
2024-09-21 17:00:00,441,228,32
2024-09-21 18:00:00,386,214,39
2024-09-21 19:00:00,259,248,29
2024-09-21 20:00:00,235,208,33
2024-09-21 21:00:00,314,236,36
2024-09-21 22:00:00,182,221,16
2024-09-21 23:00:00,110,226,7
2024-09-22 00:00:00,103,197,4
2024-09-22 01:00:00,89,175,0
2024-09-22 02:00:00,49,149,5
2024-09-22 03:00:00,25,120,2
2024-09-22 04:00:00,13,60,4
2024-09-22 05:00:00,16,41,6
2024-09-22 06:00:00,18,33,4
2024-09-22 07:00:00,27,54,11
2024-09-22 08:00:00,48,98,4
2024-09-22 09:00:00,115,121,5
2024-09-22 10:00:00,124,145,14
2024-09-22 11:00:00,194,151,25
2024-09-22 12:00:00,210,120,16
2024-09-22 13:00:00,211,101,28
2024-09-22 14:00:00,229,115,23
2024-09-22 15:00:00,207,123,14
2024-09-22 16:00:00,229,134,25
2024-09-22 17:00:00,226,122,27
2024-09-22 18:00:00,181,118,32
2024-09-22 19:00:00,148,125,24
2024-09-22 20:00:00,120,114,30
2024-09-22 21:00:00,108,103,17
2024-09-22 22:00:00,51,74,11
2024-09-22 23:00:00,23,49,5
2024-09-23 00:00:00,7,36,5
2024-09-23 01:00:00,2,22,0
2024-09-23 02:00:00,5,23,0
2024-09-23 03:00:00,4,17,3
2024-09-23 04:00:00,16,23,2
2024-09-23 05:00:00,48,51,16
2024-09-23 06:00:00,142,117,38
2024-09-23 07:00:00,456,133,86
2024-09-23 08:00:00,265,206,50
2024-09-23 09:00:00,298,146,13
2024-09-23 10:00:00,191,125,8
2024-09-23 11:00:00,323,116,19
2024-09-23 12:00:00,392,127,21
2024-09-23 13:00:00,245,122,28
2024-09-23 14:00:00,203,156,17
2024-09-23 15:00:00,409,206,47
2024-09-23 16:00:00,563,241,99
2024-09-23 17:00:00,407,155,63
2024-09-23 18:00:00,212,143,41
2024-09-23 19:00:00,141,111,28
2024-09-23 20:00:00,109,89,20
2024-09-23 21:00:00,100,97,17
2024-09-23 22:00:00,46,76,11
2024-09-23 23:00:00,25,42,4
2024-09-24 00:00:00,21,28,1
2024-09-24 01:00:00,13,24,0
2024-09-24 02:00:00,4,16,2
2024-09-24 03:00:00,6,10,3
2024-09-24 04:00:00,23,20,1
2024-09-24 05:00:00,66,62,18
2024-09-24 06:00:00,215,115,53
2024-09-24 07:00:00,586,145,167
2024-09-24 08:00:00,310,187,88
2024-09-24 09:00:00,185,115,31
2024-09-24 10:00:00,268,91,29
2024-09-24 11:00:00,597,98,38
2024-09-24 12:00:00,730,132,35
2024-09-24 13:00:00,342,113,38
2024-09-24 14:00:00,339,142,47
2024-09-24 15:00:00,436,204,60
2024-09-24 16:00:00,769,205,161
2024-09-24 17:00:00,489,134,105
2024-09-24 18:00:00,298,132,59
2024-09-24 19:00:00,207,150,42
2024-09-24 20:00:00,219,125,38
2024-09-24 21:00:00,203,128,23
2024-09-24 22:00:00,92,97,9
2024-09-24 23:00:00,45,67,6
2024-09-25 00:00:00,27,45,1
2024-09-25 01:00:00,18,35,1
2024-09-25 02:00:00,17,20,1
2024-09-25 03:00:00,5,18,2
2024-09-25 04:00:00,16,28,4
2024-09-25 05:00:00,55,48,15
2024-09-25 06:00:00,240,133,63
2024-09-25 07:00:00,532,165,165
2024-09-25 08:00:00,295,208,74
2024-09-25 09:00:00,181,136,31
2024-09-25 10:00:00,279,94,29
2024-09-25 11:00:00,644,120,36
2024-09-25 12:00:00,550,131,38
2024-09-25 13:00:00,335,148,38
2024-09-25 14:00:00,293,138,38
2024-09-25 15:00:00,326,239,64
2024-09-25 16:00:00,785,274,126
2024-09-25 17:00:00,515,199,91
2024-09-25 18:00:00,375,162,56
2024-09-25 19:00:00,223,160,48
2024-09-25 20:00:00,221,132,33
2024-09-25 21:00:00,199,122,27
2024-09-25 22:00:00,125,112,15
2024-09-25 23:00:00,29,72,7
2024-09-26 00:00:00,16,54,1
2024-09-26 01:00:00,8,38,2
2024-09-26 02:00:00,5,33,2
2024-09-26 03:00:00,5,25,3
2024-09-26 04:00:00,18,22,6
2024-09-26 05:00:00,62,52,15
2024-09-26 06:00:00,176,117,45
2024-09-26 07:00:00,583,167,135
2024-09-26 08:00:00,403,164,73
2024-09-26 09:00:00,225,139,27
2024-09-26 10:00:00,250,116,29
2024-09-26 11:00:00,678,135,27
2024-09-26 12:00:00,726,121,34
2024-09-26 13:00:00,358,151,30
2024-09-26 14:00:00,373,154,40
2024-09-26 15:00:00,492,223,80
2024-09-26 16:00:00,731,219,118
2024-09-26 17:00:00,490,258,76
2024-09-26 18:00:00,320,227,57
2024-09-26 19:00:00,246,168,33
2024-09-26 20:00:00,216,155,40
2024-09-26 21:00:00,247,155,31
2024-09-26 22:00:00,116,129,10
2024-09-26 23:00:00,50,100,3
2024-09-27 00:00:00,21,123,3
2024-09-27 01:00:00,16,74,0
2024-09-27 02:00:00,16,56,0
2024-09-27 03:00:00,2,31,2
2024-09-27 04:00:00,12,31,5
2024-09-27 05:00:00,55,58,8
2024-09-27 06:00:00,152,112,27
2024-09-27 07:00:00,412,141,100
2024-09-27 08:00:00,237,152,61
2024-09-27 09:00:00,220,120,26
2024-09-27 10:00:00,249,141,37
2024-09-27 11:00:00,500,164,21
2024-09-27 12:00:00,543,138,43
2024-09-27 13:00:00,383,185,55
2024-09-27 14:00:00,369,190,42
2024-09-27 15:00:00,503,250,74
2024-09-27 16:00:00,652,237,99
2024-09-27 17:00:00,537,224,77
2024-09-27 18:00:00,407,241,60
2024-09-27 19:00:00,253,229,50
2024-09-27 20:00:00,311,203,35
2024-09-27 21:00:00,288,209,35
2024-09-27 22:00:00,203,215,26
2024-09-27 23:00:00,88,184,11
2024-09-28 00:00:00,89,183,11
2024-09-28 01:00:00,66,153,3
2024-09-28 02:00:00,64,139,3
2024-09-28 03:00:00,25,110,2
2024-09-28 04:00:00,13,51,4
2024-09-28 05:00:00,22,46,6
2024-09-28 06:00:00,31,42,8
2024-09-28 07:00:00,90,76,13
2024-09-28 08:00:00,162,101,25
2024-09-28 09:00:00,222,130,27
2024-09-28 10:00:00,338,184,28
2024-09-28 11:00:00,425,142,41
2024-09-28 12:00:00,426,189,42
2024-09-28 13:00:00,485,157,31
2024-09-28 14:00:00,487,194,34
2024-09-28 15:00:00,447,169,27
2024-09-28 16:00:00,526,181,41
2024-09-28 17:00:00,441,222,38
2024-09-28 18:00:00,411,249,25
2024-09-28 19:00:00,342,212,36
2024-09-28 20:00:00,323,261,26
2024-09-28 21:00:00,370,276,21
2024-09-28 22:00:00,270,259,21
2024-09-28 23:00:00,133,247,8
2024-09-29 00:00:00,84,230,5
2024-09-29 01:00:00,81,192,6
2024-09-29 02:00:00,70,173,3
2024-09-29 03:00:00,46,122,0
2024-09-29 04:00:00,38,76,2
2024-09-29 05:00:00,30,46,2
2024-09-29 06:00:00,36,47,10
2024-09-29 07:00:00,70,55,10
2024-09-29 08:00:00,149,70,19
2024-09-29 09:00:00,253,87,9
2024-09-29 10:00:00,256,118,24
2024-09-29 11:00:00,257,155,21
2024-09-29 12:00:00,237,112,29
2024-09-29 13:00:00,234,114,22
2024-09-29 14:00:00,259,109,27
2024-09-29 15:00:00,264,111,31
2024-09-29 16:00:00,209,134,48
2024-09-29 17:00:00,171,128,33
2024-09-29 18:00:00,140,157,31
2024-09-29 19:00:00,97,136,31
2024-09-29 20:00:00,81,120,18
2024-09-29 21:00:00,69,92,21
2024-09-29 22:00:00,29,91,7
2024-09-29 23:00:00,13,60,1
2024-09-30 00:00:00,7,37,2
2024-09-30 01:00:00,3,19,0
2024-09-30 02:00:00,8,21,2
2024-09-30 03:00:00,4,22,1
2024-09-30 04:00:00,9,25,7
2024-09-30 05:00:00,40,53,18
2024-09-30 06:00:00,183,107,38
2024-09-30 07:00:00,490,141,161
2024-09-30 08:00:00,289,173,73
2024-09-30 09:00:00,200,111,18
2024-09-30 10:00:00,227,90,18
2024-09-30 11:00:00,521,105,29
2024-09-30 12:00:00,586,112,34
2024-09-30 13:00:00,296,128,37
2024-09-30 14:00:00,338,115,40
2024-09-30 15:00:00,436,157,66
2024-09-30 16:00:00,642,181,133
2024-09-30 17:00:00,490,140,86
2024-09-30 18:00:00,266,124,38
2024-09-30 19:00:00,179,121,30
2024-09-30 20:00:00,157,100,31
2024-09-30 21:00:00,143,84,25
2024-09-30 22:00:00,60,62,7
2024-09-30 23:00:00,26,37,13
2024-10-01 00:00:00,14,40,11
2024-10-01 01:00:00,16,19,1
2024-10-01 02:00:00,8,21,2
2024-10-01 03:00:00,4,14,3
2024-10-01 04:00:00,16,29,9
2024-10-01 05:00:00,55,55,23
2024-10-01 06:00:00,238,116,50
2024-10-01 07:00:00,580,139,192
2024-10-01 08:00:00,333,154,66
2024-10-01 09:00:00,206,120,26
2024-10-01 10:00:00,297,102,12
2024-10-01 11:00:00,659,94,30
2024-10-01 12:00:00,701,107,41
2024-10-01 13:00:00,323,109,34
2024-10-01 14:00:00,360,134,50
2024-10-01 15:00:00,458,215,86
2024-10-01 16:00:00,733,223,140
2024-10-01 17:00:00,536,178,106
2024-10-01 18:00:00,279,145,63
2024-10-01 19:00:00,177,112,47
2024-10-01 20:00:00,147,112,32
2024-10-01 21:00:00,136,98,20
2024-10-01 22:00:00,56,87,7
2024-10-01 23:00:00,30,69,1
2024-10-02 00:00:00,11,57,2
2024-10-02 01:00:00,11,43,0
2024-10-02 02:00:00,9,33,2
2024-10-02 03:00:00,4,25,4
2024-10-02 04:00:00,18,22,7
2024-10-02 05:00:00,59,48,24
2024-10-02 06:00:00,227,111,52
2024-10-02 07:00:00,545,136,170
2024-10-02 08:00:00,306,184,86
2024-10-02 09:00:00,229,134,28
2024-10-02 10:00:00,237,128,41
2024-10-02 11:00:00,621,104,38
2024-10-02 12:00:00,696,123,33
2024-10-02 13:00:00,368,138,47
2024-10-02 14:00:00,365,128,43
2024-10-02 15:00:00,518,214,67
2024-10-02 16:00:00,790,198,164
2024-10-02 17:00:00,499,172,100
2024-10-02 18:00:00,305,171,46
2024-10-02 19:00:00,268,157,63
2024-10-02 20:00:00,191,134,27
2024-10-02 21:00:00,169,148,28
2024-10-02 22:00:00,98,114,12
2024-10-02 23:00:00,64,72,10
2024-10-03 00:00:00,23,52,2
2024-10-03 01:00:00,13,26,1
2024-10-03 02:00:00,10,33,2
2024-10-03 03:00:00,3,27,4
2024-10-03 04:00:00,26,35,5
2024-10-03 05:00:00,47,55,19
2024-10-03 06:00:00,218,112,60
2024-10-03 07:00:00,578,128,172
2024-10-03 08:00:00,439,176,79
2024-10-03 09:00:00,193,122,26
2024-10-03 10:00:00,281,134,28
2024-10-03 11:00:00,746,105,32
2024-10-03 12:00:00,842,122,38
2024-10-03 13:00:00,399,102,35
2024-10-03 14:00:00,400,149,61
2024-10-03 15:00:00,549,216,64
2024-10-03 16:00:00,879,252,127
2024-10-03 17:00:00,565,217,103
2024-10-03 18:00:00,383,187,69
2024-10-03 19:00:00,258,142,46
2024-10-03 20:00:00,237,124,30
2024-10-03 21:00:00,195,156,37
2024-10-03 22:00:00,116,139,27
2024-10-03 23:00:00,38,85,7
2024-10-04 00:00:00,29,65,2
2024-10-04 01:00:00,20,60,1
2024-10-04 02:00:00,11,36,2
2024-10-04 03:00:00,8,30,2
2024-10-04 04:00:00,17,32,2
2024-10-04 05:00:00,42,42,14
2024-10-04 06:00:00,175,91,39
2024-10-04 07:00:00,405,128,103
2024-10-04 08:00:00,332,154,60
2024-10-04 09:00:00,272,102,36
2024-10-04 10:00:00,274,124,29
2024-10-04 11:00:00,528,130,32
2024-10-04 12:00:00,574,133,41
2024-10-04 13:00:00,374,162,46
2024-10-04 14:00:00,369,157,51
2024-10-04 15:00:00,481,212,77
2024-10-04 16:00:00,628,224,114
2024-10-04 17:00:00,438,203,69
2024-10-04 18:00:00,373,196,54
2024-10-04 19:00:00,313,238,48
2024-10-04 20:00:00,246,230,36
2024-10-04 21:00:00,307,215,28
2024-10-04 22:00:00,238,207,26
2024-10-04 23:00:00,95,195,6
2024-10-05 00:00:00,60,151,7
2024-10-05 01:00:00,71,129,3
2024-10-05 02:00:00,54,118,1
2024-10-05 03:00:00,32,92,4
2024-10-05 04:00:00,26,58,2
2024-10-05 05:00:00,22,42,7
2024-10-05 06:00:00,44,51,7
2024-10-05 07:00:00,101,82,24
2024-10-05 08:00:00,185,108,21
2024-10-05 09:00:00,225,113,24
2024-10-05 10:00:00,340,134,36
2024-10-05 11:00:00,387,155,35
2024-10-05 12:00:00,426,145,40
2024-10-05 13:00:00,382,157,43
2024-10-05 14:00:00,484,157,36
2024-10-05 15:00:00,456,180,68
2024-10-05 16:00:00,440,192,46
2024-10-05 17:00:00,345,227,51
2024-10-05 18:00:00,397,264,53
2024-10-05 19:00:00,275,238,40
2024-10-05 20:00:00,215,216,31
2024-10-05 21:00:00,261,268,28
2024-10-05 22:00:00,222,241,25
2024-10-05 23:00:00,112,211,10
2024-10-06 00:00:00,112,174,6
2024-10-06 01:00:00,81,191,5
2024-10-06 02:00:00,47,146,4
2024-10-06 03:00:00,20,97,1
2024-10-06 04:00:00,13,55,2
2024-10-06 05:00:00,14,35,5
2024-10-06 06:00:00,21,27,8
2024-10-06 07:00:00,51,49,8
2024-10-06 08:00:00,91,85,8
2024-10-06 09:00:00,274,75,18
2024-10-06 10:00:00,241,119,18
2024-10-06 11:00:00,301,127,21
2024-10-06 12:00:00,287,112,30
2024-10-06 13:00:00,258,96,28
2024-10-06 14:00:00,212,119,29
2024-10-06 15:00:00,212,176,18
2024-10-06 16:00:00,229,192,25
2024-10-06 17:00:00,175,157,37
2024-10-06 18:00:00,217,131,36
2024-10-06 19:00:00,107,132,34
2024-10-06 20:00:00,68,142,14
2024-10-06 21:00:00,95,116,18
2024-10-06 22:00:00,44,71,6
2024-10-06 23:00:00,2,51,1
2024-10-07 00:00:00,15,32,4
2024-10-07 01:00:00,16,30,1
2024-10-07 02:00:00,23,23,0
2024-10-07 03:00:00,2,14,3
2024-10-07 04:00:00,13,22,4
2024-10-07 05:00:00,51,52,18
2024-10-07 06:00:00,170,110,46
2024-10-07 07:00:00,551,132,157
2024-10-07 08:00:00,357,182,79
2024-10-07 09:00:00,228,102,19
2024-10-07 10:00:00,285,99,21
2024-10-07 11:00:00,608,86,24
2024-10-07 12:00:00,680,103,33
2024-10-07 13:00:00,338,119,42
2024-10-07 14:00:00,302,133,46
2024-10-07 15:00:00,458,162,67
2024-10-07 16:00:00,746,207,156
2024-10-07 17:00:00,518,147,85
2024-10-07 18:00:00,299,146,50
2024-10-07 19:00:00,199,136,39
2024-10-07 20:00:00,128,111,24
2024-10-07 21:00:00,98,109,37
2024-10-07 22:00:00,48,89,6
2024-10-07 23:00:00,13,52,6
2024-10-08 00:00:00,14,29,1
2024-10-08 01:00:00,1,16,2
2024-10-08 02:00:00,9,18,2
2024-10-08 03:00:00,4,16,4
2024-10-08 04:00:00,13,32,3
2024-10-08 05:00:00,58,62,19
2024-10-08 06:00:00,249,135,65
2024-10-08 07:00:00,594,150,163
2024-10-08 08:00:00,325,163,77
2024-10-08 09:00:00,205,138,21
2024-10-08 10:00:00,215,137,20
2024-10-08 11:00:00,508,108,36
2024-10-08 12:00:00,349,147,28
2024-10-08 13:00:00,277,136,39
2024-10-08 14:00:00,275,155,42
2024-10-08 15:00:00,417,246,59
2024-10-08 16:00:00,701,253,124
2024-10-08 17:00:00,456,258,85
2024-10-08 18:00:00,295,179,47
2024-10-08 19:00:00,198,160,42
2024-10-08 20:00:00,170,153,25
2024-10-08 21:00:00,118,150,21
2024-10-08 22:00:00,92,103,14
2024-10-08 23:00:00,43,74,6
2024-10-09 00:00:00,26,36,1
2024-10-09 01:00:00,5,37,0
2024-10-09 02:00:00,17,20,1
2024-10-09 03:00:00,11,27,2
2024-10-09 04:00:00,15,25,3
2024-10-09 05:00:00,53,60,24
2024-10-09 06:00:00,227,146,58
2024-10-09 07:00:00,602,146,159
2024-10-09 08:00:00,390,208,89
2024-10-09 09:00:00,250,146,34
2024-10-09 10:00:00,309,96,22
2024-10-09 11:00:00,637,119,34
2024-10-09 12:00:00,668,104,51
2024-10-09 13:00:00,356,143,38
2024-10-09 14:00:00,358,155,37
2024-10-09 15:00:00,457,243,96
2024-10-09 16:00:00,664,230,147
2024-10-09 17:00:00,472,204,103
2024-10-09 18:00:00,265,181,54
2024-10-09 19:00:00,202,176,45
2024-10-09 20:00:00,183,168,32
2024-10-09 21:00:00,149,137,23
2024-10-09 22:00:00,75,118,11
2024-10-09 23:00:00,24,92,5
2024-10-10 00:00:00,18,67,2
2024-10-10 01:00:00,18,30,1
2024-10-10 02:00:00,15,41,1
2024-10-10 03:00:00,8,27,2
2024-10-10 04:00:00,13,20,2
2024-10-10 05:00:00,46,58,27
2024-10-10 06:00:00,223,128,42
2024-10-10 07:00:00,580,137,153
2024-10-10 08:00:00,322,222,86
2024-10-10 09:00:00,251,134,29
2024-10-10 10:00:00,252,122,31
2024-10-10 11:00:00,613,121,37
2024-10-10 12:00:00,759,114,39
2024-10-10 13:00:00,379,122,48
2024-10-10 14:00:00,353,136,47
2024-10-10 15:00:00,509,209,69
2024-10-10 16:00:00,779,238,143
2024-10-10 17:00:00,513,190,97
2024-10-10 18:00:00,302,186,68
2024-10-10 19:00:00,235,149,53
2024-10-10 20:00:00,189,169,43
2024-10-10 21:00:00,206,167,31
2024-10-10 22:00:00,103,136,9
2024-10-10 23:00:00,52,113,0
2024-10-11 00:00:00,27,76,4
2024-10-11 01:00:00,30,57,2
2024-10-11 02:00:00,10,46,2
2024-10-11 03:00:00,15,31,1
2024-10-11 04:00:00,12,30,1
2024-10-11 05:00:00,55,52,15
2024-10-11 06:00:00,181,99,40
2024-10-11 07:00:00,400,146,107
2024-10-11 08:00:00,354,162,51
2024-10-11 09:00:00,330,121,36
2024-10-11 10:00:00,303,126,30
2024-10-11 11:00:00,490,123,28
2024-10-11 12:00:00,526,124,40
2024-10-11 13:00:00,345,163,42
2024-10-11 14:00:00,360,218,59
2024-10-11 15:00:00,496,220,75
2024-10-11 16:00:00,624,258,112
2024-10-11 17:00:00,483,239,59
2024-10-11 18:00:00,398,243,58
2024-10-11 19:00:00,276,206,40
2024-10-11 20:00:00,266,203,29
2024-10-11 21:00:00,328,222,26
2024-10-11 22:00:00,215,239,26
2024-10-11 23:00:00,114,204,8
2024-10-12 00:00:00,51,165,3
2024-10-12 01:00:00,54,148,5
2024-10-12 02:00:00,85,105,1
2024-10-12 03:00:00,41,87,3
2024-10-12 04:00:00,15,59,2
2024-10-12 05:00:00,33,45,8
2024-10-12 06:00:00,36,45,9
2024-10-12 07:00:00,65,64,9
2024-10-12 08:00:00,143,93,20
2024-10-12 09:00:00,243,109,28
2024-10-12 10:00:00,337,130,16
2024-10-12 11:00:00,320,166,35
2024-10-12 12:00:00,377,134,38
2024-10-12 13:00:00,355,185,30
2024-10-12 14:00:00,427,188,37
2024-10-12 15:00:00,446,170,29
2024-10-12 16:00:00,448,204,39
2024-10-12 17:00:00,411,227,45
2024-10-12 18:00:00,336,244,42
2024-10-12 19:00:00,210,235,28
2024-10-12 20:00:00,230,235,35
2024-10-12 21:00:00,294,242,23
2024-10-12 22:00:00,202,211,19
2024-10-12 23:00:00,109,249,4
2024-10-13 00:00:00,86,222,4
2024-10-13 01:00:00,67,199,3
2024-10-13 02:00:00,42,131,3
2024-10-13 03:00:00,22,102,1
2024-10-13 04:00:00,16,81,1
2024-10-13 05:00:00,19,44,10
2024-10-13 06:00:00,17,32,10
2024-10-13 07:00:00,53,50,8
2024-10-13 08:00:00,94,69,10
2024-10-13 09:00:00,183,102,12
2024-10-13 10:00:00,196,104,21
2024-10-13 11:00:00,278,140,27
2024-10-13 12:00:00,254,130,19
2024-10-13 13:00:00,231,112,24
2024-10-13 14:00:00,262,126,40
2024-10-13 15:00:00,269,120,25
2024-10-13 16:00:00,294,109,37
2024-10-13 17:00:00,228,138,53
2024-10-13 18:00:00,162,161,35
2024-10-13 19:00:00,125,139,47
2024-10-13 20:00:00,112,123,18
2024-10-13 21:00:00,59,113,15
2024-10-13 22:00:00,42,57,5
2024-10-13 23:00:00,13,41,4
2024-10-14 00:00:00,10,58,2
2024-10-14 01:00:00,3,29,1
2024-10-14 02:00:00,12,15,2
2024-10-14 03:00:00,2,12,0
2024-10-14 04:00:00,11,23,5
2024-10-14 05:00:00,39,51,17
2024-10-14 06:00:00,174,162,47
2024-10-14 07:00:00,488,157,135
2024-10-14 08:00:00,292,174,75
2024-10-14 09:00:00,209,121,21
2024-10-14 10:00:00,186,102,24
2024-10-14 11:00:00,490,113,28
2024-10-14 12:00:00,584,105,27
2024-10-14 13:00:00,309,111,41
2024-10-14 14:00:00,324,109,30
2024-10-14 15:00:00,504,140,70
2024-10-14 16:00:00,687,218,141
2024-10-14 17:00:00,509,146,75
2024-10-14 18:00:00,285,160,48
2024-10-14 19:00:00,161,118,38
2024-10-14 20:00:00,127,116,28
2024-10-14 21:00:00,146,92,18
2024-10-14 22:00:00,44,74,9
2024-10-14 23:00:00,28,53,10
2024-10-15 00:00:00,11,35,2
2024-10-15 01:00:00,3,33,1
2024-10-15 02:00:00,8,19,2
2024-10-15 03:00:00,5,10,2
2024-10-15 04:00:00,14,26,6
2024-10-15 05:00:00,61,64,24
2024-10-15 06:00:00,225,149,61
2024-10-15 07:00:00,626,128,157
2024-10-15 08:00:00,365,204,93
2024-10-15 09:00:00,230,116,25
2024-10-15 10:00:00,294,110,23
2024-10-15 11:00:00,648,127,42
2024-10-15 12:00:00,697,107,40
2024-10-15 13:00:00,337,126,38
2024-10-15 14:00:00,330,151,51
2024-10-15 15:00:00,506,189,82
2024-10-15 16:00:00,764,218,150
2024-10-15 17:00:00,476,182,105
2024-10-15 18:00:00,281,184,55
2024-10-15 19:00:00,158,169,37
2024-10-15 20:00:00,135,149,32
2024-10-15 21:00:00,97,130,20
2024-10-15 22:00:00,69,106,14
2024-10-15 23:00:00,24,57,4
2024-10-16 00:00:00,17,48,2
2024-10-16 01:00:00,8,32,2
2024-10-16 02:00:00,14,24,3
2024-10-16 03:00:00,4,17,1
2024-10-16 04:00:00,12,18,5
2024-10-16 05:00:00,45,56,21
2024-10-16 06:00:00,215,144,45
2024-10-16 07:00:00,526,146,128
2024-10-16 08:00:00,351,158,73
2024-10-16 09:00:00,213,138,17
2024-10-16 10:00:00,204,153,9
2024-10-16 11:00:00,555,154,29
2024-10-16 12:00:00,667,126,32
2024-10-16 13:00:00,311,131,32
2024-10-16 14:00:00,375,156,31
2024-10-16 15:00:00,489,235,57
2024-10-16 16:00:00,726,268,120
2024-10-16 17:00:00,461,221,81
2024-10-16 18:00:00,230,235,47
2024-10-16 19:00:00,207,172,42
2024-10-16 20:00:00,213,144,22
2024-10-16 21:00:00,188,120,18
2024-10-16 22:00:00,89,109,12
2024-10-16 23:00:00,31,66,7
2024-10-17 00:00:00,14,49,3
2024-10-17 01:00:00,11,31,0
2024-10-17 02:00:00,4,29,2
2024-10-17 03:00:00,6,20,0
2024-10-17 04:00:00,14,29,3
2024-10-17 05:00:00,69,63,28
2024-10-17 06:00:00,196,134,53
2024-10-17 07:00:00,607,145,155
2024-10-17 08:00:00,404,199,75
2024-10-17 09:00:00,245,120,28
2024-10-17 10:00:00,256,109,36
2024-10-17 11:00:00,693,125,33
2024-10-17 12:00:00,733,111,41
2024-10-17 13:00:00,365,118,44
2024-10-17 14:00:00,365,160,39
2024-10-17 15:00:00,575,219,72
2024-10-17 16:00:00,884,233,136
2024-10-17 17:00:00,524,216,91
2024-10-17 18:00:00,372,191,73
2024-10-17 19:00:00,266,159,53
2024-10-17 20:00:00,203,165,42
2024-10-17 21:00:00,219,145,36
2024-10-17 22:00:00,139,121,25
2024-10-17 23:00:00,66,103,4
2024-10-18 00:00:00,23,82,1
2024-10-18 01:00:00,27,50,4
2024-10-18 02:00:00,16,50,9
2024-10-18 03:00:00,14,24,2
2024-10-18 04:00:00,14,28,2
2024-10-18 05:00:00,35,49,16
2024-10-18 06:00:00,152,137,30
2024-10-18 07:00:00,373,133,112
2024-10-18 08:00:00,329,162,65
2024-10-18 09:00:00,286,145,26
2024-10-18 10:00:00,296,145,25
2024-10-18 11:00:00,586,144,38
2024-10-18 12:00:00,573,141,47
2024-10-18 13:00:00,406,194,39
2024-10-18 14:00:00,391,181,53
2024-10-18 15:00:00,499,256,73
2024-10-18 16:00:00,599,251,92
2024-10-18 17:00:00,368,257,84
2024-10-18 18:00:00,373,291,52
2024-10-18 19:00:00,264,216,38
2024-10-18 20:00:00,229,182,25
2024-10-18 21:00:00,231,213,45
2024-10-18 22:00:00,200,178,18
2024-10-18 23:00:00,112,161,4
2024-10-19 00:00:00,53,173,3
2024-10-19 01:00:00,33,142,2
2024-10-19 02:00:00,21,125,1
2024-10-19 03:00:00,7,95,2
2024-10-19 04:00:00,11,51,1
2024-10-19 05:00:00,20,37,10
2024-10-19 06:00:00,45,39,6
2024-10-19 07:00:00,73,98,8
2024-10-19 08:00:00,188,129,32
2024-10-19 09:00:00,275,117,19
2024-10-19 10:00:00,357,130,37
2024-10-19 11:00:00,411,187,32
2024-10-19 12:00:00,517,190,36
2024-10-19 13:00:00,439,195,31
2024-10-19 14:00:00,446,200,33
2024-10-19 15:00:00,501,186,40
2024-10-19 16:00:00,503,198,57
2024-10-19 17:00:00,456,242,38
2024-10-19 18:00:00,452,236,38
2024-10-19 19:00:00,296,257,25
2024-10-19 20:00:00,261,241,24
2024-10-19 21:00:00,286,238,30
2024-10-19 22:00:00,214,249,16
2024-10-19 23:00:00,141,240,8
2024-10-20 00:00:00,85,233,5
2024-10-20 01:00:00,95,187,4
2024-10-20 02:00:00,65,153,4
2024-10-20 03:00:00,22,108,1
2024-10-20 04:00:00,14,62,0
2024-10-20 05:00:00,14,42,7
2024-10-20 06:00:00,26,38,5
2024-10-20 07:00:00,50,45,7
2024-10-20 08:00:00,91,93,10
2024-10-20 09:00:00,189,126,1
2024-10-20 10:00:00,199,135,18
2024-10-20 11:00:00,183,193,18
2024-10-20 12:00:00,228,160,22
2024-10-20 13:00:00,228,106,17
2024-10-20 14:00:00,262,139,20
2024-10-20 15:00:00,302,105,23
2024-10-20 16:00:00,310,111,48
2024-10-20 17:00:00,232,122,30
2024-10-20 18:00:00,189,132,46
2024-10-20 19:00:00,120,115,30
2024-10-20 20:00:00,149,119,18
2024-10-20 21:00:00,108,109,21
2024-10-20 22:00:00,34,59,12
2024-10-20 23:00:00,12,47,2
2024-10-21 00:00:00,14,43,4
2024-10-21 01:00:00,11,29,2
2024-10-21 02:00:00,6,17,1
2024-10-21 03:00:00,5,10,1
2024-10-21 04:00:00,8,30,3
2024-10-21 05:00:00,46,64,23
2024-10-21 06:00:00,184,134,53
2024-10-21 07:00:00,501,145,150
2024-10-21 08:00:00,280,161,85
2024-10-21 09:00:00,202,110,29
2024-10-21 10:00:00,273,97,19
2024-10-21 11:00:00,535,106,25
2024-10-21 12:00:00,622,97,38
2024-10-21 13:00:00,302,98,23
2024-10-21 14:00:00,447,107,32
2024-10-21 15:00:00,442,177,67
2024-10-21 16:00:00,671,162,141
2024-10-21 17:00:00,496,151,98
2024-10-21 18:00:00,299,127,51
2024-10-21 19:00:00,222,122,44
2024-10-21 20:00:00,148,101,32
2024-10-21 21:00:00,109,81,14
2024-10-21 22:00:00,60,69,10
2024-10-21 23:00:00,33,42,5
2024-10-22 00:00:00,24,38,5
2024-10-22 01:00:00,8,25,0
2024-10-22 02:00:00,8,21,1
2024-10-22 03:00:00,4,22,2
2024-10-22 04:00:00,19,25,4
2024-10-22 05:00:00,65,57,25
2024-10-22 06:00:00,229,151,73
2024-10-22 07:00:00,592,150,178
2024-10-22 08:00:00,363,178,97
2024-10-22 09:00:00,222,134,23
2024-10-22 10:00:00,251,99,22
2024-10-22 11:00:00,662,115,34
2024-10-22 12:00:00,722,120,43
2024-10-22 13:00:00,357,106,42
2024-10-22 14:00:00,326,114,52
2024-10-22 15:00:00,484,211,86
2024-10-22 16:00:00,750,261,152
2024-10-22 17:00:00,530,171,108
2024-10-22 18:00:00,337,153,66
2024-10-22 19:00:00,216,132,52
2024-10-22 20:00:00,147,125,41
2024-10-22 21:00:00,167,112,32
2024-10-22 22:00:00,84,80,17
2024-10-22 23:00:00,28,81,6
2024-10-23 00:00:00,34,38,7
2024-10-23 01:00:00,10,34,0
2024-10-23 02:00:00,7,19,2
2024-10-23 03:00:00,9,17,1
2024-10-23 04:00:00,11,23,6
2024-10-23 05:00:00,63,54,18
2024-10-23 06:00:00,242,132,56
2024-10-23 07:00:00,586,155,165
2024-10-23 08:00:00,369,184,97
2024-10-23 09:00:00,249,122,33
2024-10-23 10:00:00,253,115,25
2024-10-23 11:00:00,638,124,40
2024-10-23 12:00:00,671,93,38
2024-10-23 13:00:00,354,106,36
2024-10-23 14:00:00,363,138,44
2024-10-23 15:00:00,489,186,76
2024-10-23 16:00:00,777,292,163
2024-10-23 17:00:00,523,229,104
2024-10-23 18:00:00,362,158,75
2024-10-23 19:00:00,243,150,57
2024-10-23 20:00:00,182,154,37
2024-10-23 21:00:00,176,145,31
2024-10-23 22:00:00,88,94,15
2024-10-23 23:00:00,43,62,3
2024-10-24 00:00:00,15,61,7
2024-10-24 01:00:00,6,36,1
2024-10-24 02:00:00,6,33,5
2024-10-24 03:00:00,10,21,2
2024-10-24 04:00:00,13,21,5
2024-10-24 05:00:00,70,54,26
2024-10-24 06:00:00,214,120,58
2024-10-24 07:00:00,551,170,182
2024-10-24 08:00:00,352,211,103
2024-10-24 09:00:00,256,97,23
2024-10-24 10:00:00,251,101,22
2024-10-24 11:00:00,701,128,33
2024-10-24 12:00:00,730,121,27
2024-10-24 13:00:00,355,134,40
2024-10-24 14:00:00,310,176,42
2024-10-24 15:00:00,527,258,69
2024-10-24 16:00:00,777,268,129
2024-10-24 17:00:00,513,246,108
2024-10-24 18:00:00,346,192,64
2024-10-24 19:00:00,205,169,45
2024-10-24 20:00:00,222,148,43
2024-10-24 21:00:00,262,169,33
2024-10-24 22:00:00,110,110,22
2024-10-24 23:00:00,44,104,10
2024-10-25 00:00:00,27,98,2
2024-10-25 01:00:00,19,54,0
2024-10-25 02:00:00,15,25,3
2024-10-25 03:00:00,7,24,0
2024-10-25 04:00:00,14,31,6
2024-10-25 05:00:00,57,56,16
2024-10-25 06:00:00,153,109,46
2024-10-25 07:00:00,378,152,87
2024-10-25 08:00:00,198,146,53
2024-10-25 09:00:00,220,141,19
2024-10-25 10:00:00,248,118,22
2024-10-25 11:00:00,484,148,35
2024-10-25 12:00:00,500,175,35
2024-10-25 13:00:00,380,175,38
2024-10-25 14:00:00,362,228,42
2024-10-25 15:00:00,484,276,71
2024-10-25 16:00:00,671,264,115
2024-10-25 17:00:00,491,266,83
2024-10-25 18:00:00,370,267,60
2024-10-25 19:00:00,274,251,51
2024-10-25 20:00:00,329,198,29
2024-10-25 21:00:00,250,277,34
2024-10-25 22:00:00,218,216,22
2024-10-25 23:00:00,117,192,6
2024-10-26 00:00:00,69,172,12
2024-10-26 01:00:00,65,158,2
2024-10-26 02:00:00,80,131,0
2024-10-26 03:00:00,52,108,2
2024-10-26 04:00:00,46,84,1
2024-10-26 05:00:00,33,50,11
2024-10-26 06:00:00,42,50,12
2024-10-26 07:00:00,127,69,15
2024-10-26 08:00:00,218,114,15
2024-10-26 09:00:00,328,121,24
2024-10-26 10:00:00,322,164,27
2024-10-26 11:00:00,495,167,35
2024-10-26 12:00:00,427,175,35
2024-10-26 13:00:00,568,161,46
2024-10-26 14:00:00,551,238,31
2024-10-26 15:00:00,607,254,42
2024-10-26 16:00:00,508,216,38
2024-10-26 17:00:00,488,222,37
2024-10-26 18:00:00,386,254,33
2024-10-26 19:00:00,325,238,35
2024-10-26 20:00:00,313,251,30
2024-10-26 21:00:00,304,246,18
2024-10-26 22:00:00,291,279,34
2024-10-26 23:00:00,138,265,16
2024-10-27 00:00:00,72,244,8
2024-10-27 01:00:00,48,180,3
2024-10-27 02:00:00,50,182,5
2024-10-27 03:00:00,53,139,4
2024-10-27 04:00:00,24,108,0
2024-10-27 05:00:00,17,54,2
2024-10-27 06:00:00,27,42,2
2024-10-27 07:00:00,44,45,5
2024-10-27 08:00:00,90,52,11
2024-10-27 09:00:00,140,74,16
2024-10-27 10:00:00,250,139,25
2024-10-27 11:00:00,310,118,28
2024-10-27 12:00:00,315,129,39
2024-10-27 13:00:00,360,128,23
2024-10-27 14:00:00,298,95,25
2024-10-27 15:00:00,337,130,33
2024-10-27 16:00:00,365,134,30
2024-10-27 17:00:00,314,171,35
2024-10-27 18:00:00,219,150,33
2024-10-27 19:00:00,226,176,45
2024-10-27 20:00:00,162,166,34
2024-10-27 21:00:00,119,134,24
2024-10-27 22:00:00,110,94,21
2024-10-27 23:00:00,92,113,21
2024-10-28 00:00:00,23,69,4
2024-10-28 01:00:00,11,47,3
2024-10-28 02:00:00,25,32,0
2024-10-28 03:00:00,2,18,1
2024-10-28 04:00:00,6,17,4
2024-10-28 05:00:00,10,14,3
2024-10-28 06:00:00,62,63,10
2024-10-28 07:00:00,231,103,49
2024-10-28 08:00:00,540,126,128
2024-10-28 09:00:00,305,101,50
2024-10-28 10:00:00,452,120,20
2024-10-28 11:00:00,270,87,16
2024-10-28 12:00:00,533,124,25
2024-10-28 13:00:00,623,114,22
2024-10-28 14:00:00,299,157,25
2024-10-28 15:00:00,288,129,30
2024-10-28 16:00:00,466,192,57
2024-10-28 17:00:00,636,223,130
2024-10-28 18:00:00,474,204,75
2024-10-28 19:00:00,299,132,47
2024-10-28 20:00:00,149,119,36
2024-10-28 21:00:00,176,108,19
2024-10-28 22:00:00,116,79,27
2024-10-28 23:00:00,109,94,23
2024-10-29 00:00:00,26,65,8
2024-10-29 01:00:00,16,43,3
2024-10-29 02:00:00,5,28,2
2024-10-29 03:00:00,7,20,1
2024-10-29 04:00:00,5,20,4
2024-10-29 05:00:00,13,15,1
2024-10-29 06:00:00,62,58,25
2024-10-29 07:00:00,244,118,59
2024-10-29 08:00:00,557,125,157
2024-10-29 09:00:00,332,147,57
2024-10-29 10:00:00,230,130,24
2024-10-29 11:00:00,317,101,20
2024-10-29 12:00:00,675,98,33
2024-10-29 13:00:00,759,118,43
2024-10-29 14:00:00,398,159,25
2024-10-29 15:00:00,386,121,52
2024-10-29 16:00:00,506,214,83
2024-10-29 17:00:00,793,238,144
2024-10-29 18:00:00,476,186,95
2024-10-29 19:00:00,301,174,61
2024-10-29 20:00:00,192,127,34
2024-10-29 21:00:00,169,87,26
2024-10-29 22:00:00,122,112,28
2024-10-29 23:00:00,97,76,12
2024-10-30 00:00:00,26,75,3
2024-10-30 01:00:00,16,50,9
2024-10-30 02:00:00,19,35,2
2024-10-30 03:00:00,7,30,2
2024-10-30 04:00:00,7,22,1
2024-10-30 05:00:00,9,18,3
2024-10-30 06:00:00,56,53,15
2024-10-30 07:00:00,240,114,66
2024-10-30 08:00:00,522,156,133
2024-10-30 09:00:00,316,144,57
2024-10-30 10:00:00,234,126,13
2024-10-30 11:00:00,279,117,26
2024-10-30 12:00:00,694,140,33
2024-10-30 13:00:00,688,133,50
2024-10-30 14:00:00,438,156,36
2024-10-30 15:00:00,377,189,51
2024-10-30 16:00:00,489,246,73
2024-10-30 17:00:00,790,274,144
2024-10-30 18:00:00,489,227,110
2024-10-30 19:00:00,358,169,60
2024-10-30 20:00:00,230,151,38
2024-10-30 21:00:00,196,138,48
2024-10-30 22:00:00,226,143,34
2024-10-30 23:00:00,88,111,11
2024-10-31 00:00:00,63,107,5
2024-10-31 01:00:00,24,45,8
2024-10-31 02:00:00,23,48,1
2024-10-31 03:00:00,20,39,1
2024-10-31 04:00:00,3,35,0
2024-10-31 05:00:00,10,22,3
2024-10-31 06:00:00,53,40,10
2024-10-31 07:00:00,242,111,50
2024-10-31 08:00:00,567,123,145
2024-10-31 09:00:00,312,130,62
2024-10-31 10:00:00,243,81,23
2024-10-31 11:00:00,312,102,38
2024-10-31 12:00:00,705,106,42
2024-10-31 13:00:00,759,120,38
2024-10-31 14:00:00,426,135,36
2024-10-31 15:00:00,330,161,48
2024-10-31 16:00:00,472,213,73
2024-10-31 17:00:00,801,266,148
2024-10-31 18:00:00,579,212,90
2024-10-31 19:00:00,349,205,70
2024-10-31 20:00:00,316,189,36
2024-10-31 21:00:00,248,176,26
2024-10-31 22:00:00,284,191,29
2024-10-31 23:00:00,199,271,30
2024-11-01 00:00:00,134,219,8
2024-11-01 01:00:00,76,175,2
2024-11-01 02:00:00,107,142,4
2024-11-01 03:00:00,110,149,1
2024-11-01 04:00:00,54,118,2
2024-11-01 05:00:00,33,61,6
2024-11-01 06:00:00,51,52,19
2024-11-01 07:00:00,205,98,30
2024-11-01 08:00:00,167,56,34
2024-11-01 09:00:00,261,130,47
2024-11-01 10:00:00,277,104,22
2024-11-01 11:00:00,318,113,30
2024-11-01 12:00:00,315,82,13
2024-11-01 13:00:00,590,150,35
2024-11-01 14:00:00,394,188,43
2024-11-01 15:00:00,414,208,45
2024-11-01 16:00:00,188,77,31
2024-11-01 17:00:00,644,298,103
2024-11-01 18:00:00,448,310,82
2024-11-01 19:00:00,387,278,66
2024-11-01 20:00:00,253,206,47
2024-11-01 21:00:00,195,180,28
2024-11-01 22:00:00,235,222,40
2024-11-01 23:00:00,194,207,25
2024-11-02 00:00:00,63,160,18
2024-11-02 01:00:00,70,151,6
2024-11-02 02:00:00,63,144,6
2024-11-02 03:00:00,45,123,2
2024-11-02 04:00:00,13,62,3
2024-11-02 05:00:00,29,62,4
2024-11-02 06:00:00,23,51,3
2024-11-02 07:00:00,54,55,5
2024-11-02 08:00:00,72,78,10
2024-11-02 09:00:00,167,96,23
2024-11-02 10:00:00,211,130,28
2024-11-02 11:00:00,314,144,19
2024-11-02 12:00:00,460,155,30
2024-11-02 13:00:00,408,153,49
2024-11-02 14:00:00,441,183,41
2024-11-02 15:00:00,396,182,29
2024-11-02 16:00:00,431,157,48
2024-11-02 17:00:00,486,187,49
2024-11-02 18:00:00,369,236,54
2024-11-02 19:00:00,375,242,29
2024-11-02 20:00:00,300,241,34
2024-11-02 21:00:00,285,232,18
2024-11-02 22:00:00,295,235,39
2024-11-02 23:00:00,203,250,20
2024-11-03 00:00:00,104,213,5
2024-11-03 01:00:00,104,206,5
2024-11-03 02:00:00,78,219,2
2024-11-03 03:00:00,93,160,1
2024-11-03 04:00:00,72,179,0
2024-11-03 05:00:00,25,88,1
2024-11-03 06:00:00,21,38,6
2024-11-03 07:00:00,25,44,2
2024-11-03 08:00:00,66,49,18
2024-11-03 09:00:00,112,72,11
2024-11-03 10:00:00,171,91,9
2024-11-03 11:00:00,236,121,35
2024-11-03 12:00:00,251,161,35
2024-11-03 13:00:00,238,131,27
2024-11-03 14:00:00,268,131,34
2024-11-03 15:00:00,251,117,28
2024-11-03 16:00:00,202,146,28
2024-11-03 17:00:00,226,170,45
2024-11-03 18:00:00,208,185,44
2024-11-03 19:00:00,188,141,41
2024-11-03 20:00:00,129,125,36
2024-11-03 21:00:00,108,120,23
2024-11-03 22:00:00,70,96,19
2024-11-03 23:00:00,73,113,13
2024-11-04 00:00:00,32,63,2
2024-11-04 01:00:00,22,35,5
2024-11-04 02:00:00,8,47,2
2024-11-04 03:00:00,2,21,0
2024-11-04 04:00:00,2,9,3
2024-11-04 05:00:00,10,25,5
2024-11-04 06:00:00,41,65,14
2024-11-04 07:00:00,197,117,51
2024-11-04 08:00:00,501,129,143
2024-11-04 09:00:00,333,137,85
2024-11-04 10:00:00,203,126,26
2024-11-04 11:00:00,253,94,23
2024-11-04 12:00:00,586,87,20
2024-11-04 13:00:00,607,103,27
2024-11-04 14:00:00,304,101,33
2024-11-04 15:00:00,311,142,32
2024-11-04 16:00:00,464,176,93
2024-11-04 17:00:00,744,212,151
2024-11-04 18:00:00,484,168,100
2024-11-04 19:00:00,261,144,39
2024-11-04 20:00:00,212,101,45
2024-11-04 21:00:00,148,112,26
2024-11-04 22:00:00,109,87,33
2024-11-04 23:00:00,50,91,12
2024-11-05 00:00:00,26,50,6
2024-11-05 01:00:00,14,52,2
2024-11-05 02:00:00,2,23,1
2024-11-05 03:00:00,8,26,7
2024-11-05 04:00:00,3,16,2
2024-11-05 05:00:00,15,19,2
2024-11-05 06:00:00,71,64,18
2024-11-05 07:00:00,225,139,59
2024-11-05 08:00:00,603,137,207
2024-11-05 09:00:00,345,179,82
2024-11-05 10:00:00,184,96,22
2024-11-05 11:00:00,294,117,23
2024-11-05 12:00:00,663,109,39
2024-11-05 13:00:00,767,110,44
2024-11-05 14:00:00,340,92,42
2024-11-05 15:00:00,387,162,39
2024-11-05 16:00:00,519,199,86
2024-11-05 17:00:00,778,286,200
2024-11-05 18:00:00,436,207,117
2024-11-05 19:00:00,308,173,64
2024-11-05 20:00:00,182,138,41
2024-11-05 21:00:00,157,118,31
2024-11-05 22:00:00,154,110,22
2024-11-05 23:00:00,77,98,9
2024-11-06 00:00:00,41,68,5
2024-11-06 01:00:00,23,71,4
2024-11-06 02:00:00,12,39,2
2024-11-06 03:00:00,15,23,1
2024-11-06 04:00:00,5,22,4
2024-11-06 05:00:00,9,27,3
2024-11-06 06:00:00,53,67,16
2024-11-06 07:00:00,241,127,53
2024-11-06 08:00:00,599,144,182
2024-11-06 09:00:00,309,207,92
2024-11-06 10:00:00,232,160,30
2024-11-06 11:00:00,274,103,34
2024-11-06 12:00:00,590,105,36
2024-11-06 13:00:00,661,113,36
2024-11-06 14:00:00,331,131,34
2024-11-06 15:00:00,383,164,53
2024-11-06 16:00:00,544,236,100
2024-11-06 17:00:00,765,274,164
2024-11-06 18:00:00,478,261,94
2024-11-06 19:00:00,355,192,63
2024-11-06 20:00:00,213,157,79
2024-11-06 21:00:00,203,145,33
2024-11-06 22:00:00,173,131,41
2024-11-06 23:00:00,105,116,13
2024-11-07 00:00:00,33,92,7
2024-11-07 01:00:00,16,63,2
2024-11-07 02:00:00,10,42,2
2024-11-07 03:00:00,7,26,4
2024-11-07 04:00:00,6,23,4
2024-11-07 05:00:00,12,29,3
2024-11-07 06:00:00,47,59,15
2024-11-07 07:00:00,216,126,53
2024-11-07 08:00:00,580,142,171
2024-11-07 09:00:00,352,191,107
2024-11-07 10:00:00,199,135,26
2024-11-07 11:00:00,256,133,30
2024-11-07 12:00:00,638,121,28
2024-11-07 13:00:00,736,138,39
2024-11-07 14:00:00,381,148,38
2024-11-07 15:00:00,359,214,46
2024-11-07 16:00:00,494,259,79
2024-11-07 17:00:00,813,296,157
2024-11-07 18:00:00,547,270,106
2024-11-07 19:00:00,387,229,74
2024-11-07 20:00:00,254,159,55
2024-11-07 21:00:00,208,160,32
2024-11-07 22:00:00,204,144,25
2024-11-07 23:00:00,110,122,14
2024-11-08 00:00:00,70,94,6
2024-11-08 01:00:00,37,71,3
2024-11-08 02:00:00,13,76,1
2024-11-08 03:00:00,13,39,3
2024-11-08 04:00:00,13,25,3
2024-11-08 05:00:00,10,20,6
2024-11-08 06:00:00,42,45,17
2024-11-08 07:00:00,181,100,29
2024-11-08 08:00:00,395,127,99
2024-11-08 09:00:00,251,160,77
2024-11-08 10:00:00,202,141,26
2024-11-08 11:00:00,272,125,18
2024-11-08 12:00:00,439,144,24
2024-11-08 13:00:00,571,156,38
2024-11-08 14:00:00,339,170,39
2024-11-08 15:00:00,381,191,40
2024-11-08 16:00:00,489,243,58
2024-11-08 17:00:00,519,269,122
2024-11-08 18:00:00,435,279,71
2024-11-08 19:00:00,282,249,58
2024-11-08 20:00:00,271,217,41
2024-11-08 21:00:00,256,213,37
2024-11-08 22:00:00,292,209,50
2024-11-08 23:00:00,213,201,17
2024-11-09 00:00:00,117,191,10
2024-11-09 01:00:00,72,153,4
2024-11-09 02:00:00,48,156,5
2024-11-09 03:00:00,49,140,1
2024-11-09 04:00:00,49,105,1
2024-11-09 05:00:00,33,52,5
2024-11-09 06:00:00,24,64,9
2024-11-09 07:00:00,35,49,7
2024-11-09 08:00:00,69,65,4
2024-11-09 09:00:00,165,97,22
2024-11-09 10:00:00,247,130,24
2024-11-09 11:00:00,334,137,33
2024-11-09 12:00:00,407,174,41
2024-11-09 13:00:00,416,160,51
2024-11-09 14:00:00,395,168,31
2024-11-09 15:00:00,398,186,30
2024-11-09 16:00:00,415,158,48
2024-11-09 17:00:00,495,217,42
2024-11-09 18:00:00,365,238,50
2024-11-09 19:00:00,372,258,36
2024-11-09 20:00:00,254,235,30
2024-11-09 21:00:00,295,210,22
2024-11-09 22:00:00,277,223,24
2024-11-09 23:00:00,214,211,15
2024-11-10 00:00:00,90,193,7
2024-11-10 01:00:00,69,200,8
2024-11-10 02:00:00,73,172,2
2024-11-10 03:00:00,37,160,2
2024-11-10 04:00:00,18,155,1
2024-11-10 05:00:00,8,56,3
2024-11-10 06:00:00,23,25,2
2024-11-10 07:00:00,30,18,6
2024-11-10 08:00:00,64,19,11
2024-11-10 09:00:00,133,43,13
2024-11-10 10:00:00,209,66,19
2024-11-10 11:00:00,257,59,32
2024-11-10 12:00:00,239,89,37
2024-11-10 13:00:00,318,117,29
2024-11-10 14:00:00,247,119,34
2024-11-10 15:00:00,326,124,24
2024-11-10 16:00:00,276,144,35
2024-11-10 17:00:00,243,160,35
2024-11-10 18:00:00,219,152,53
2024-11-10 19:00:00,162,147,32
2024-11-10 20:00:00,152,148,21
2024-11-10 21:00:00,111,139,25
2024-11-10 22:00:00,122,96,18
2024-11-10 23:00:00,59,80,9
2024-11-11 00:00:00,18,42,4
2024-11-11 01:00:00,8,47,4
2024-11-11 02:00:00,4,23,5
2024-11-11 03:00:00,5,25,0
2024-11-11 04:00:00,4,18,0
2024-11-11 05:00:00,19,20,3
2024-11-11 06:00:00,64,49,13
2024-11-11 07:00:00,194,117,59
2024-11-11 08:00:00,523,144,158
2024-11-11 09:00:00,290,161,90
2024-11-11 10:00:00,222,99,24
2024-11-11 11:00:00,248,111,24
2024-11-11 12:00:00,555,108,31
2024-11-11 13:00:00,683,112,38
2024-11-11 14:00:00,334,110,31
2024-11-11 15:00:00,342,115,28
2024-11-11 16:00:00,424,168,78
2024-11-11 17:00:00,729,226,168
2024-11-11 18:00:00,532,183,98
2024-11-11 19:00:00,283,138,37
2024-11-11 20:00:00,157,121,38
2024-11-11 21:00:00,129,104,28
2024-11-11 22:00:00,186,93,21
2024-11-11 23:00:00,70,74,9
2024-11-12 00:00:00,17,57,4
2024-11-12 01:00:00,10,37,3
2024-11-12 02:00:00,8,29,2
2024-11-12 03:00:00,3,27,3
2024-11-12 04:00:00,3,23,1
2024-11-12 05:00:00,23,21,6
2024-11-12 06:00:00,50,73,17
2024-11-12 07:00:00,249,121,49
2024-11-12 08:00:00,631,150,201
2024-11-12 09:00:00,346,173,88
2024-11-12 10:00:00,245,128,22
2024-11-12 11:00:00,236,100,19
2024-11-12 12:00:00,652,88,36
2024-11-12 13:00:00,718,125,48
2024-11-12 14:00:00,326,164,41
2024-11-12 15:00:00,363,138,52
2024-11-12 16:00:00,529,242,65
2024-11-12 17:00:00,862,245,211
2024-11-12 18:00:00,508,208,106
2024-11-12 19:00:00,319,175,78
2024-11-12 20:00:00,182,123,54
2024-11-12 21:00:00,140,136,38
2024-11-12 22:00:00,185,118,29
2024-11-12 23:00:00,101,95,15
2024-11-13 00:00:00,44,60,4
2024-11-13 01:00:00,18,53,5
2024-11-13 02:00:00,15,31,0
2024-11-13 03:00:00,4,24,1
2024-11-13 04:00:00,6,18,3
2024-11-13 05:00:00,10,25,7
2024-11-13 06:00:00,44,56,28
2024-11-13 07:00:00,242,138,54
2024-11-13 08:00:00,582,138,180
2024-11-13 09:00:00,308,199,97
2024-11-13 10:00:00,254,140,31
2024-11-13 11:00:00,272,97,31
2024-11-13 12:00:00,717,101,38
2024-11-13 13:00:00,789,115,44
2024-11-13 14:00:00,376,117,41
2024-11-13 15:00:00,372,166,50
2024-11-13 16:00:00,512,223,102
2024-11-13 17:00:00,834,279,170
2024-11-13 18:00:00,480,231,103
2024-11-13 19:00:00,327,191,67
2024-11-13 20:00:00,195,177,79
2024-11-13 21:00:00,188,201,33
2024-11-13 22:00:00,208,186,46
2024-11-13 23:00:00,85,177,29
2024-11-14 00:00:00,28,107,9
2024-11-14 01:00:00,22,93,5
2024-11-14 02:00:00,19,48,0
2024-11-14 03:00:00,8,51,8
2024-11-14 04:00:00,2,28,4
2024-11-14 05:00:00,9,25,4
2024-11-14 06:00:00,49,58,30
2024-11-14 07:00:00,220,134,65
2024-11-14 08:00:00,566,140,163
2024-11-14 09:00:00,372,179,96
2024-11-14 10:00:00,221,181,20
2024-11-14 11:00:00,254,151,33
2024-11-14 12:00:00,713,133,38
2024-11-14 13:00:00,791,139,43
2024-11-14 14:00:00,370,162,45
2024-11-14 15:00:00,345,199,60
2024-11-14 16:00:00,536,241,87
2024-11-14 17:00:00,874,270,150
2024-11-14 18:00:00,554,228,100
2024-11-14 19:00:00,356,214,68
2024-11-14 20:00:00,263,186,43
2024-11-14 21:00:00,209,185,48
2024-11-14 22:00:00,211,210,40
2024-11-14 23:00:00,127,179,31
2024-11-15 00:00:00,54,131,10
2024-11-15 01:00:00,35,101,3
2024-11-15 02:00:00,22,69,3
2024-11-15 03:00:00,8,53,0
2024-11-15 04:00:00,7,30,2
2024-11-15 05:00:00,11,31,7
2024-11-15 06:00:00,40,57,20
2024-11-15 07:00:00,173,134,35
2024-11-15 08:00:00,386,179,98
2024-11-15 09:00:00,303,209,62
2024-11-15 10:00:00,235,186,27
2024-11-15 11:00:00,296,128,29
2024-11-15 12:00:00,497,170,51
2024-11-15 13:00:00,567,165,45
2024-11-15 14:00:00,399,183,39
2024-11-15 15:00:00,381,215,46
2024-11-15 16:00:00,552,269,79
2024-11-15 17:00:00,655,310,126
2024-11-15 18:00:00,455,240,77
2024-11-15 19:00:00,341,254,62
2024-11-15 20:00:00,299,224,49
2024-11-15 21:00:00,248,205,33
2024-11-15 22:00:00,317,230,42
2024-11-15 23:00:00,239,246,23
2024-11-16 00:00:00,104,218,11
2024-11-16 01:00:00,66,219,4
2024-11-16 02:00:00,47,183,4
2024-11-16 03:00:00,68,172,3
2024-11-16 04:00:00,44,115,0
2024-11-16 05:00:00,15,52,3
2024-11-16 06:00:00,33,41,8
2024-11-16 07:00:00,40,45,6
2024-11-16 08:00:00,78,61,14
2024-11-16 09:00:00,152,105,22
2024-11-16 10:00:00,209,122,22
2024-11-16 11:00:00,371,150,21
2024-11-16 12:00:00,442,184,34
2024-11-16 13:00:00,422,156,65
2024-11-16 14:00:00,400,178,37
2024-11-16 15:00:00,460,189,34
2024-11-16 16:00:00,482,178,28
2024-11-16 17:00:00,462,242,50
2024-11-16 18:00:00,391,262,45
2024-11-16 19:00:00,374,261,36
2024-11-16 20:00:00,272,247,38
2024-11-16 21:00:00,226,238,19
2024-11-16 22:00:00,292,242,16
2024-11-16 23:00:00,247,210,19
2024-11-17 00:00:00,146,202,7
2024-11-17 01:00:00,101,195,2
2024-11-17 02:00:00,63,164,4
2024-11-17 03:00:00,37,142,3
2024-11-17 04:00:00,22,105,3
2024-11-17 05:00:00,13,58,1
2024-11-17 06:00:00,12,46,5
2024-11-17 07:00:00,24,37,6
2024-11-17 08:00:00,59,36,9
2024-11-17 09:00:00,133,72,18
2024-11-17 10:00:00,231,108,17
2024-11-17 11:00:00,296,113,23
2024-11-17 12:00:00,301,148,31
2024-11-17 13:00:00,245,127,26
2024-11-17 14:00:00,280,118,24
2024-11-17 15:00:00,299,144,26
2024-11-17 16:00:00,286,131,43
2024-11-17 17:00:00,274,155,36
2024-11-17 18:00:00,172,138,42
2024-11-17 19:00:00,113,147,34
2024-11-17 20:00:00,116,123,19
2024-11-17 21:00:00,100,114,22
2024-11-17 22:00:00,92,85,22
2024-11-17 23:00:00,52,75,12
2024-11-18 00:00:00,11,52,3
2024-11-18 01:00:00,7,46,0
2024-11-18 02:00:00,9,29,0
2024-11-18 03:00:00,1,29,2
2024-11-18 04:00:00,3,14,3
2024-11-18 05:00:00,7,18,4
2024-11-18 06:00:00,51,55,22
2024-11-18 07:00:00,190,121,55
2024-11-18 08:00:00,485,131,151
2024-11-18 09:00:00,346,192,77
2024-11-18 10:00:00,207,124,25
2024-11-18 11:00:00,275,87,16
2024-11-18 12:00:00,494,114,37
2024-11-18 13:00:00,498,113,37
2024-11-18 14:00:00,283,108,20
2024-11-18 15:00:00,414,153,39
2024-11-18 16:00:00,436,250,67
2024-11-18 17:00:00,602,268,136
2024-11-18 18:00:00,351,219,99
2024-11-18 19:00:00,214,177,43
2024-11-18 20:00:00,129,115,37
2024-11-18 21:00:00,92,105,14
2024-11-18 22:00:00,73,95,16
2024-11-18 23:00:00,44,62,8
2024-11-19 00:00:00,20,54,9
2024-11-19 01:00:00,6,29,4
2024-11-19 02:00:00,2,22,0
2024-11-19 03:00:00,12,16,3
2024-11-19 04:00:00,2,14,3
2024-11-19 05:00:00,13,31,5
2024-11-19 06:00:00,33,78,9
2024-11-19 07:00:00,236,155,56
2024-11-19 08:00:00,630,165,164
2024-11-19 09:00:00,340,206,76
2024-11-19 10:00:00,167,140,21
2024-11-19 11:00:00,235,120,21
2024-11-19 12:00:00,460,132,17
2024-11-19 13:00:00,550,136,36
2024-11-19 14:00:00,310,135,20
2024-11-19 15:00:00,695,155,37
2024-11-19 16:00:00,433,245,76
2024-11-19 17:00:00,773,292,136
2024-11-19 18:00:00,401,208,114
2024-11-19 19:00:00,240,161,52
2024-11-19 20:00:00,154,133,54
2024-11-19 21:00:00,139,112,22
2024-11-19 22:00:00,154,104,15
2024-11-19 23:00:00,64,108,11
2024-11-20 00:00:00,22,55,8
2024-11-20 01:00:00,12,59,1
2024-11-20 02:00:00,22,30,2
2024-11-20 03:00:00,3,17,1
2024-11-20 04:00:00,5,19,3
2024-11-20 05:00:00,9,32,7
2024-11-20 06:00:00,45,72,13
2024-11-20 07:00:00,264,126,44
2024-11-20 08:00:00,620,150,139
2024-11-20 09:00:00,356,190,71
2024-11-20 10:00:00,250,134,22
2024-11-20 11:00:00,259,116,25
2024-11-20 12:00:00,678,132,33
2024-11-20 13:00:00,723,139,43
2024-11-20 14:00:00,399,132,35
2024-11-20 15:00:00,373,160,45
2024-11-20 16:00:00,528,228,77
2024-11-20 17:00:00,838,270,139
2024-11-20 18:00:00,501,247,111
2024-11-20 19:00:00,286,216,62
2024-11-20 20:00:00,249,170,56
2024-11-20 21:00:00,177,128,34
2024-11-20 22:00:00,221,150,45
2024-11-20 23:00:00,84,99,17
2024-11-21 00:00:00,30,83,7
2024-11-21 01:00:00,19,60,1
2024-11-21 02:00:00,4,44,1
2024-11-21 03:00:00,4,23,4
2024-11-21 04:00:00,6,26,1
2024-11-21 05:00:00,18,15,6
2024-11-21 06:00:00,46,70,16
2024-11-21 07:00:00,199,155,41
2024-11-21 08:00:00,554,172,131
2024-11-21 09:00:00,379,203,86
2024-11-21 10:00:00,206,127,28
2024-11-21 11:00:00,254,141,20
2024-11-21 12:00:00,589,119,30
2024-11-21 13:00:00,688,116,37
2024-11-21 14:00:00,361,153,27
2024-11-21 15:00:00,360,197,34
2024-11-21 16:00:00,484,265,68
2024-11-21 17:00:00,797,277,100
2024-11-21 18:00:00,506,240,100
2024-11-21 19:00:00,326,222,71
2024-11-21 20:00:00,225,185,45
2024-11-21 21:00:00,186,144,43
2024-11-21 22:00:00,234,162,39
2024-11-21 23:00:00,151,147,17
2024-11-22 00:00:00,76,97,6
2024-11-22 01:00:00,11,85,6
2024-11-22 02:00:00,14,48,4
2024-11-22 03:00:00,12,39,4
2024-11-22 04:00:00,5,23,2
2024-11-22 05:00:00,10,21,3
2024-11-22 06:00:00,38,44,17
2024-11-22 07:00:00,167,127,37
2024-11-22 08:00:00,384,148,92
2024-11-22 09:00:00,283,160,53
2024-11-22 10:00:00,233,126,15
2024-11-22 11:00:00,259,120,34
2024-11-22 12:00:00,498,160,28
2024-11-22 13:00:00,525,153,39
2024-11-22 14:00:00,395,192,30
2024-11-22 15:00:00,416,215,35
2024-11-22 16:00:00,460,246,71
2024-11-22 17:00:00,592,333,123
2024-11-22 18:00:00,425,277,74
2024-11-22 19:00:00,315,250,63
2024-11-22 20:00:00,274,220,39
2024-11-22 21:00:00,270,198,38
2024-11-22 22:00:00,319,211,20
2024-11-22 23:00:00,236,200,19
2024-11-23 00:00:00,95,178,13
2024-11-23 01:00:00,41,168,7
2024-11-23 02:00:00,33,131,1
2024-11-23 03:00:00,29,140,4
2024-11-23 04:00:00,14,96,1
2024-11-23 05:00:00,14,49,1
2024-11-23 06:00:00,17,50,4
2024-11-23 07:00:00,37,53,4
2024-11-23 08:00:00,76,57,7
2024-11-23 09:00:00,141,123,9
2024-11-23 10:00:00,201,128,7
2024-11-23 11:00:00,254,162,17
2024-11-23 12:00:00,349,245,20
2024-11-23 13:00:00,297,279,15
2024-11-23 14:00:00,245,284,22
2024-11-23 15:00:00,287,311,28
2024-11-23 16:00:00,376,229,32
2024-11-23 17:00:00,312,290,33
2024-11-23 18:00:00,279,292,33
2024-11-23 19:00:00,313,272,24
2024-11-23 20:00:00,249,267,37
2024-11-23 21:00:00,231,219,20
2024-11-23 22:00:00,205,275,19
2024-11-23 23:00:00,134,284,5
2024-11-24 00:00:00,94,209,12
2024-11-24 01:00:00,41,201,2
2024-11-24 02:00:00,21,185,4
2024-11-24 03:00:00,35,158,1
2024-11-24 04:00:00,21,139,2
2024-11-24 05:00:00,3,66,2
2024-11-24 06:00:00,21,35,3
2024-11-24 07:00:00,25,29,6
2024-11-24 08:00:00,34,60,5
2024-11-24 09:00:00,69,70,5
2024-11-24 10:00:00,121,133,7
2024-11-24 11:00:00,145,131,10
2024-11-24 12:00:00,136,188,11
2024-11-24 13:00:00,166,125,13
2024-11-24 14:00:00,164,197,18
2024-11-24 15:00:00,187,267,19
2024-11-24 16:00:00,161,207,22
2024-11-24 17:00:00,134,185,21
2024-11-24 18:00:00,133,197,28
2024-11-24 19:00:00,121,183,17
2024-11-24 20:00:00,124,159,16
2024-11-24 21:00:00,107,116,23
2024-11-24 22:00:00,97,81,16
2024-11-24 23:00:00,53,103,10
2024-11-25 00:00:00,50,77,4
2024-11-25 01:00:00,8,41,0
2024-11-25 02:00:00,5,24,1
2024-11-25 03:00:00,2,22,1
2024-11-25 04:00:00,5,16,2
2024-11-25 05:00:00,8,29,2
2024-11-25 06:00:00,59,59,16
2024-11-25 07:00:00,165,109,40
2024-11-25 08:00:00,505,136,141
2024-11-25 09:00:00,316,189,67
2024-11-25 10:00:00,382,140,20
2024-11-25 11:00:00,210,108,27
2024-11-25 12:00:00,570,119,27
2024-11-25 13:00:00,540,131,35
2024-11-25 14:00:00,308,110,39
2024-11-25 15:00:00,299,127,38
2024-11-25 16:00:00,414,193,74
2024-11-25 17:00:00,559,234,137
2024-11-25 18:00:00,435,186,92
2024-11-25 19:00:00,238,133,45
2024-11-25 20:00:00,186,117,40
2024-11-25 21:00:00,140,96,24
2024-11-25 22:00:00,122,105,18
2024-11-25 23:00:00,69,81,5
2024-11-26 00:00:00,20,54,1
2024-11-26 01:00:00,8,31,3
2024-11-26 02:00:00,14,25,2
2024-11-26 03:00:00,4,25,1
2024-11-26 04:00:00,3,14,3
2024-11-26 05:00:00,14,29,4
2024-11-26 06:00:00,53,72,21
2024-11-26 07:00:00,214,160,54
2024-11-26 08:00:00,567,147,176
2024-11-26 09:00:00,350,206,80
2024-11-26 10:00:00,207,156,26
2024-11-26 11:00:00,278,115,31
2024-11-26 12:00:00,603,123,39
2024-11-26 13:00:00,623,102,58
2024-11-26 14:00:00,335,126,36
2024-11-26 15:00:00,317,165,36
2024-11-26 16:00:00,502,254,98
2024-11-26 17:00:00,840,283,155
2024-11-26 18:00:00,499,230,126
2024-11-26 19:00:00,291,168,63
2024-11-26 20:00:00,176,141,47
2024-11-26 21:00:00,158,128,38
2024-11-26 22:00:00,158,139,24
2024-11-26 23:00:00,59,128,15
2024-11-27 00:00:00,25,80,6
2024-11-27 01:00:00,6,63,0
2024-11-27 02:00:00,5,38,0
2024-11-27 03:00:00,5,24,2
2024-11-27 04:00:00,2,23,2
2024-11-27 05:00:00,8,27,3
2024-11-27 06:00:00,36,65,23
2024-11-27 07:00:00,191,161,50
2024-11-27 08:00:00,545,163,180
2024-11-27 09:00:00,340,212,81
2024-11-27 10:00:00,208,140,22
2024-11-27 11:00:00,221,128,18
2024-11-27 12:00:00,620,140,35
2024-11-27 13:00:00,685,147,50
2024-11-27 14:00:00,345,130,32
2024-11-27 15:00:00,397,201,52
2024-11-27 16:00:00,488,274,73
2024-11-27 17:00:00,764,308,156
2024-11-27 18:00:00,498,280,88
2024-11-27 19:00:00,349,195,61
2024-11-27 20:00:00,225,122,36
2024-11-27 21:00:00,163,119,35
2024-11-27 22:00:00,194,152,24
2024-11-27 23:00:00,119,120,17
2024-11-28 00:00:00,35,99,5
2024-11-28 01:00:00,13,60,1
2024-11-28 02:00:00,8,42,2
2024-11-28 03:00:00,12,38,3
2024-11-28 04:00:00,6,28,1
2024-11-28 05:00:00,16,28,4
2024-11-28 06:00:00,59,52,24
2024-11-28 07:00:00,216,132,39
2024-11-28 08:00:00,571,149,133
2024-11-28 09:00:00,345,231,89
2024-11-28 10:00:00,226,165,23
2024-11-28 11:00:00,263,140,24
2024-11-28 12:00:00,662,172,40
2024-11-28 13:00:00,758,180,39
2024-11-28 14:00:00,381,186,33
2024-11-28 15:00:00,379,218,39
2024-11-28 16:00:00,501,274,69
2024-11-28 17:00:00,804,298,136
2024-11-28 18:00:00,554,326,88
2024-11-28 19:00:00,321,252,62
2024-11-28 20:00:00,263,174,48
2024-11-28 21:00:00,217,167,41
2024-11-28 22:00:00,197,177,43
2024-11-28 23:00:00,141,143,23
2024-11-29 00:00:00,67,121,6
2024-11-29 01:00:00,33,90,7
2024-11-29 02:00:00,24,66,4
2024-11-29 03:00:00,15,49,3
2024-11-29 04:00:00,5,31,2
2024-11-29 05:00:00,17,27,5
2024-11-29 06:00:00,42,42,16
2024-11-29 07:00:00,156,114,35
2024-11-29 08:00:00,393,161,95
2024-11-29 09:00:00,287,175,43
2024-11-29 10:00:00,275,143,22
2024-11-29 11:00:00,318,190,25
2024-11-29 12:00:00,533,172,30
2024-11-29 13:00:00,510,188,40
2024-11-29 14:00:00,381,245,41
2024-11-29 15:00:00,380,235,43
2024-11-29 16:00:00,475,291,89
2024-11-29 17:00:00,650,280,96
2024-11-29 18:00:00,470,304,82
2024-11-29 19:00:00,368,274,55
2024-11-29 20:00:00,297,235,44
2024-11-29 21:00:00,296,173,51
2024-11-29 22:00:00,270,210,26
2024-11-29 23:00:00,307,198,21
2024-11-30 00:00:00,138,186,8
2024-11-30 01:00:00,76,177,5
2024-11-30 02:00:00,46,167,9
2024-11-30 03:00:00,37,122,3
2024-11-30 04:00:00,13,102,6
2024-11-30 05:00:00,21,46,2
2024-11-30 06:00:00,23,31,14
2024-11-30 07:00:00,41,40,12
2024-11-30 08:00:00,75,70,11
2024-11-30 09:00:00,144,115,20
2024-11-30 10:00:00,315,139,15
2024-11-30 11:00:00,408,183,25
2024-11-30 12:00:00,482,186,30
2024-11-30 13:00:00,412,220,35
2024-11-30 14:00:00,466,208,32
2024-11-30 15:00:00,554,234,26
2024-11-30 16:00:00,515,203,38
2024-11-30 17:00:00,510,296,37
2024-11-30 18:00:00,429,255,38
2024-11-30 19:00:00,405,267,52
2024-11-30 20:00:00,317,257,42
2024-11-30 21:00:00,217,254,41
2024-11-30 22:00:00,271,211,21
2024-11-30 23:00:00,171,232,25
2024-12-01 00:00:00,133,209,6
2024-12-01 01:00:00,71,228,6
2024-12-01 02:00:00,62,215,4
2024-12-01 03:00:00,52,178,1
2024-12-01 04:00:00,18,140,0
2024-12-01 05:00:00,7,82,2
2024-12-01 06:00:00,23,30,5
2024-12-01 07:00:00,27,30,5
2024-12-01 08:00:00,49,54,6
2024-12-01 09:00:00,104,96,10
2024-12-01 10:00:00,189,107,16
2024-12-01 11:00:00,291,129,16
2024-12-01 12:00:00,258,147,16
2024-12-01 13:00:00,268,155,29
2024-12-01 14:00:00,250,125,24
2024-12-01 15:00:00,270,165,43
2024-12-01 16:00:00,250,149,30
2024-12-01 17:00:00,229,176,31
2024-12-01 18:00:00,190,158,37
2024-12-01 19:00:00,142,158,41
2024-12-01 20:00:00,124,127,31
2024-12-01 21:00:00,97,89,16
2024-12-01 22:00:00,85,95,13
2024-12-01 23:00:00,34,93,8
2024-12-02 00:00:00,10,64,3
2024-12-02 01:00:00,5,42,2
2024-12-02 02:00:00,7,38,2
2024-12-02 03:00:00,5,25,0
2024-12-02 04:00:00,1,13,1
2024-12-02 05:00:00,8,28,0
2024-12-02 06:00:00,51,43,17
2024-12-02 07:00:00,165,124,38
2024-12-02 08:00:00,522,141,137
2024-12-02 09:00:00,290,158,91
2024-12-02 10:00:00,199,93,20
2024-12-02 11:00:00,245,104,26
2024-12-02 12:00:00,507,89,27
2024-12-02 13:00:00,630,105,31
2024-12-02 14:00:00,330,126,37
2024-12-02 15:00:00,349,126,40
2024-12-02 16:00:00,421,179,65
2024-12-02 17:00:00,677,237,122
2024-12-02 18:00:00,435,162,81
2024-12-02 19:00:00,242,135,58
2024-12-02 20:00:00,141,137,36
2024-12-02 21:00:00,120,101,36
2024-12-02 22:00:00,167,89,25
2024-12-02 23:00:00,92,66,13
2024-12-03 00:00:00,49,51,4
2024-12-03 01:00:00,10,28,3
2024-12-03 02:00:00,6,29,0
2024-12-03 03:00:00,4,21,4
2024-12-03 04:00:00,5,17,1
2024-12-03 05:00:00,8,23,3
2024-12-03 06:00:00,59,71,26
2024-12-03 07:00:00,222,137,49
2024-12-03 08:00:00,553,149,178
2024-12-03 09:00:00,341,178,82
2024-12-03 10:00:00,206,117,27
2024-12-03 11:00:00,291,133,25
2024-12-03 12:00:00,605,112,40
2024-12-03 13:00:00,804,162,45
2024-12-03 14:00:00,369,149,39
2024-12-03 15:00:00,375,144,40
2024-12-03 16:00:00,526,247,86
2024-12-03 17:00:00,747,281,150
2024-12-03 18:00:00,456,188,99
2024-12-03 19:00:00,268,178,54
2024-12-03 20:00:00,210,150,38
2024-12-03 21:00:00,191,129,28
2024-12-03 22:00:00,138,119,18
2024-12-03 23:00:00,111,93,7
2024-12-04 00:00:00,44,76,7
2024-12-04 01:00:00,25,54,5
2024-12-04 02:00:00,17,45,2
2024-12-04 03:00:00,6,30,2
2024-12-04 04:00:00,3,20,1
2024-12-04 05:00:00,11,32,4
2024-12-04 06:00:00,44,77,24
2024-12-04 07:00:00,190,156,41
2024-12-04 08:00:00,539,128,162
2024-12-04 09:00:00,362,191,91
2024-12-04 10:00:00,213,145,28
2024-12-04 11:00:00,272,109,29
2024-12-04 12:00:00,727,111,33
2024-12-04 13:00:00,663,138,37
2024-12-04 14:00:00,376,136,30
2024-12-04 15:00:00,340,182,47
2024-12-04 16:00:00,501,236,81
2024-12-04 17:00:00,704,243,138
2024-12-04 18:00:00,543,269,82
2024-12-04 19:00:00,347,236,55
2024-12-04 20:00:00,213,182,37
2024-12-04 21:00:00,180,130,29
2024-12-04 22:00:00,206,159,31
2024-12-04 23:00:00,110,145,10
2024-12-05 00:00:00,40,111,4
2024-12-05 01:00:00,37,81,5
2024-12-05 02:00:00,11,47,2
2024-12-05 03:00:00,13,42,4
2024-12-05 04:00:00,6,40,1
2024-12-05 05:00:00,7,23,0
2024-12-05 06:00:00,46,63,16
2024-12-05 07:00:00,192,152,44
2024-12-05 08:00:00,536,160,143
2024-12-05 09:00:00,312,159,65
2024-12-05 10:00:00,134,112,16
2024-12-05 11:00:00,316,144,19
2024-12-05 12:00:00,734,139,31
2024-12-05 13:00:00,745,170,32
2024-12-05 14:00:00,366,164,36
2024-12-05 15:00:00,352,227,41
2024-12-05 16:00:00,522,256,64
2024-12-05 17:00:00,533,352,107
2024-12-05 18:00:00,423,433,68
2024-12-05 19:00:00,390,333,56
2024-12-05 20:00:00,213,196,19
2024-12-05 21:00:00,238,169,30
2024-12-05 22:00:00,256,182,27
2024-12-05 23:00:00,143,170,18
2024-12-06 00:00:00,99,167,17
2024-12-06 01:00:00,56,149,1
2024-12-06 02:00:00,44,131,4
2024-12-06 03:00:00,31,87,2
2024-12-06 04:00:00,15,41,2
2024-12-06 05:00:00,18,41,7
2024-12-06 06:00:00,44,51,17
2024-12-06 07:00:00,156,126,31
2024-12-06 08:00:00,358,156,82
2024-12-06 09:00:00,272,201,53
2024-12-06 10:00:00,229,164,19
2024-12-06 11:00:00,277,189,22
2024-12-06 12:00:00,521,216,28
2024-12-06 13:00:00,623,247,38
2024-12-06 14:00:00,136,58,11
2024-12-06 15:00:00,0,0,0
2024-12-06 16:00:00,0,0,0
2024-12-06 17:00:00,0,0,0
2024-12-06 18:00:00,0,0,0
2024-12-06 19:00:00,0,0,0
2024-12-06 20:00:00,0,0,0
2024-12-06 21:00:00,0,0,0
2024-12-06 22:00:00,0,0,0
2024-12-06 23:00:00,0,0,0
2024-12-07 00:00:00,0,0,0
2024-12-07 01:00:00,0,0,0
2024-12-07 02:00:00,0,0,0
2024-12-07 03:00:00,0,0,0
2024-12-07 04:00:00,0,0,0
2024-12-07 05:00:00,0,0,0
2024-12-07 06:00:00,0,0,0
2024-12-07 07:00:00,0,0,0
2024-12-07 08:00:00,0,0,0
2024-12-07 09:00:00,0,0,0
2024-12-07 10:00:00,0,0,0
2024-12-07 11:00:00,0,0,0
2024-12-07 12:00:00,0,0,0
2024-12-07 13:00:00,0,0,0
2024-12-07 14:00:00,0,0,0
2024-12-07 15:00:00,0,0,0
2024-12-07 16:00:00,0,0,0
2024-12-07 17:00:00,0,0,0
2024-12-07 18:00:00,0,0,0
2024-12-07 19:00:00,0,0,0
2024-12-07 20:00:00,0,0,0
2024-12-07 21:00:00,0,0,0
2024-12-07 22:00:00,0,0,0
2024-12-07 23:00:00,0,0,0
2024-12-08 00:00:00,0,0,0
2024-12-08 01:00:00,0,0,0
2024-12-08 02:00:00,0,0,0
2024-12-08 03:00:00,0,0,0
2024-12-08 04:00:00,0,0,0
2024-12-08 05:00:00,0,0,0
2024-12-08 06:00:00,0,0,0
2024-12-08 07:00:00,0,0,0
2024-12-08 08:00:00,0,0,0
2024-12-08 09:00:00,0,0,0
2024-12-08 10:00:00,0,0,0
2024-12-08 11:00:00,0,0,0
2024-12-08 12:00:00,0,0,0
2024-12-08 13:00:00,0,0,0
2024-12-08 14:00:00,0,0,0
2024-12-08 15:00:00,0,0,0
2024-12-08 16:00:00,0,0,0
2024-12-08 17:00:00,0,0,0
2024-12-08 18:00:00,0,0,0
2024-12-08 19:00:00,0,0,0
2024-12-08 20:00:00,0,0,0
2024-12-08 21:00:00,0,0,0
2024-12-08 22:00:00,0,0,0
2024-12-08 23:00:00,0,0,0
2024-12-09 00:00:00,0,0,0
2024-12-09 01:00:00,0,0,0
2024-12-09 02:00:00,0,0,0
2024-12-09 03:00:00,0,0,0
2024-12-09 04:00:00,0,0,0
2024-12-09 05:00:00,0,0,0
2024-12-09 06:00:00,0,0,0
2024-12-09 07:00:00,0,0,0
2024-12-09 08:00:00,0,0,0
2024-12-09 09:00:00,0,0,0
2024-12-09 10:00:00,0,0,0
2024-12-09 11:00:00,0,0,0
2024-12-09 12:00:00,0,0,0
2024-12-09 13:00:00,0,0,0
2024-12-09 14:00:00,0,0,0
2024-12-09 15:00:00,0,0,0
2024-12-09 16:00:00,0,0,0
2024-12-09 17:00:00,0,0,0
2024-12-09 18:00:00,0,0,0
2024-12-09 19:00:00,0,0,0
2024-12-09 20:00:00,0,0,0
2024-12-09 21:00:00,0,0,0
2024-12-09 22:00:00,0,0,0
2024-12-09 23:00:00,0,0,0
2024-12-10 00:00:00,0,0,0
2024-12-10 01:00:00,0,0,0
2024-12-10 02:00:00,0,0,0
2024-12-10 03:00:00,0,0,0
2024-12-10 04:00:00,0,0,0
2024-12-10 05:00:00,0,0,0
2024-12-10 06:00:00,0,0,0
2024-12-10 07:00:00,0,0,0
2024-12-10 08:00:00,0,0,0
2024-12-10 09:00:00,0,0,0
2024-12-10 10:00:00,0,0,0
2024-12-10 11:00:00,0,0,0
2024-12-10 12:00:00,0,0,0
2024-12-10 13:00:00,0,0,0
2024-12-10 14:00:00,0,0,0
2024-12-10 15:00:00,0,0,0
2024-12-10 16:00:00,0,0,0
2024-12-10 17:00:00,0,0,0
2024-12-10 18:00:00,0,0,0
2024-12-10 19:00:00,0,0,0
2024-12-10 20:00:00,0,0,0
2024-12-10 21:00:00,0,0,0
2024-12-10 22:00:00,0,0,0
2024-12-10 23:00:00,0,0,0
2024-12-11 00:00:00,0,0,0
2024-12-11 01:00:00,0,0,0
2024-12-11 02:00:00,0,0,0
2024-12-11 03:00:00,0,0,0
2024-12-11 04:00:00,0,0,0
2024-12-11 05:00:00,0,0,0
2024-12-11 06:00:00,0,0,0
2024-12-11 07:00:00,0,0,0
2024-12-11 08:00:00,0,0,0
2024-12-11 09:00:00,0,0,0
2024-12-11 10:00:00,0,0,0
2024-12-11 11:00:00,0,0,0
2024-12-11 12:00:00,0,0,0
2024-12-11 13:00:00,0,0,0
2024-12-11 14:00:00,0,0,0
2024-12-11 15:00:00,0,0,0
2024-12-11 16:00:00,0,0,0
2024-12-11 17:00:00,0,0,0
2024-12-11 18:00:00,0,0,0
2024-12-11 19:00:00,0,0,0
2024-12-11 20:00:00,0,0,0
2024-12-11 21:00:00,0,0,0
2024-12-11 22:00:00,0,0,0
2024-12-11 23:00:00,0,0,0
2024-12-12 00:00:00,0,0,0
2024-12-12 01:00:00,0,0,0
2024-12-12 02:00:00,0,0,0
2024-12-12 03:00:00,0,0,0
2024-12-12 04:00:00,0,0,0
2024-12-12 05:00:00,0,0,0
2024-12-12 06:00:00,0,0,0
2024-12-12 07:00:00,0,0,0
2024-12-12 08:00:00,0,0,0
2024-12-12 09:00:00,0,0,0
2024-12-12 10:00:00,0,0,0
2024-12-12 11:00:00,0,0,0
2024-12-12 12:00:00,0,0,0
2024-12-12 13:00:00,0,0,0
2024-12-12 14:00:00,0,0,0
2024-12-12 15:00:00,0,0,0
2024-12-12 16:00:00,0,0,0
2024-12-12 17:00:00,0,0,0
2024-12-12 18:00:00,0,0,0
2024-12-12 19:00:00,0,0,0
2024-12-12 20:00:00,0,0,0
2024-12-12 21:00:00,0,0,0
2024-12-12 22:00:00,0,0,0
2024-12-12 23:00:00,0,0,0
2024-12-13 00:00:00,0,0,0
2024-12-13 01:00:00,0,0,0
2024-12-13 02:00:00,0,0,0
2024-12-13 03:00:00,0,0,0
2024-12-13 04:00:00,0,0,0
2024-12-13 05:00:00,0,0,0
2024-12-13 06:00:00,0,0,0
2024-12-13 07:00:00,0,0,0
2024-12-13 08:00:00,0,0,0
2024-12-13 09:00:00,0,0,0
2024-12-13 10:00:00,59,37,9
2024-12-13 11:00:00,294,147,25
2024-12-13 12:00:00,547,194,29
2024-12-13 13:00:00,609,167,37
2024-12-13 14:00:00,450,190,34
2024-12-13 15:00:00,386,202,36
2024-12-13 16:00:00,501,238,72
2024-12-13 17:00:00,585,301,117
2024-12-13 18:00:00,548,361,64
2024-12-13 19:00:00,390,321,54
2024-12-13 20:00:00,308,237,46
2024-12-13 21:00:00,279,217,26
2024-12-13 22:00:00,308,259,27
2024-12-13 23:00:00,275,252,41
2024-12-14 00:00:00,148,263,11
2024-12-14 01:00:00,119,253,2
2024-12-14 02:00:00,78,199,6
2024-12-14 03:00:00,65,193,7
2024-12-14 04:00:00,30,115,0
2024-12-14 05:00:00,20,79,1
2024-12-14 06:00:00,35,55,8
2024-12-14 07:00:00,37,53,17
2024-12-14 08:00:00,74,80,7
2024-12-14 09:00:00,170,106,19
2024-12-14 10:00:00,209,146,18
2024-12-14 11:00:00,259,160,15
2024-12-14 12:00:00,387,189,30
2024-12-14 13:00:00,480,208,22
2024-12-14 14:00:00,444,177,29
2024-12-14 15:00:00,490,242,28
2024-12-14 16:00:00,471,202,32
2024-12-14 17:00:00,443,258,42
2024-12-14 18:00:00,445,273,50
2024-12-14 19:00:00,333,276,39
2024-12-14 20:00:00,268,248,38
2024-12-14 21:00:00,253,267,29
2024-12-14 22:00:00,269,243,22
2024-12-14 23:00:00,230,256,27
2024-12-15 00:00:00,132,273,14
2024-12-15 01:00:00,97,253,8
2024-12-15 02:00:00,39,235,0
2024-12-15 03:00:00,43,176,4
2024-12-15 04:00:00,25,123,0
2024-12-15 05:00:00,13,68,4
2024-12-15 06:00:00,18,42,7
2024-12-15 07:00:00,27,36,9
2024-12-15 08:00:00,54,68,11
2024-12-15 09:00:00,91,68,6
2024-12-15 10:00:00,173,94,13
2024-12-15 11:00:00,256,120,11
2024-12-15 12:00:00,262,138,28
2024-12-15 13:00:00,261,137,21
2024-12-15 14:00:00,282,103,27
2024-12-15 15:00:00,281,127,25
2024-12-15 16:00:00,249,137,35
2024-12-15 17:00:00,250,144,39
2024-12-15 18:00:00,179,131,35
2024-12-15 19:00:00,145,143,33
2024-12-15 20:00:00,134,111,18
2024-12-15 21:00:00,86,96,22
2024-12-15 22:00:00,90,84,14
2024-12-15 23:00:00,37,95,11
2024-12-16 00:00:00,17,43,3
2024-12-16 01:00:00,17,37,3
2024-12-16 02:00:00,11,23,0
2024-12-16 03:00:00,4,26,2
2024-12-16 04:00:00,3,22,2
2024-12-16 05:00:00,12,24,3
2024-12-16 06:00:00,49,63,19
2024-12-16 07:00:00,184,103,48
2024-12-16 08:00:00,433,118,117
2024-12-16 09:00:00,301,152,78
2024-12-16 10:00:00,206,114,16
2024-12-16 11:00:00,239,97,18
2024-12-16 12:00:00,604,114,29
2024-12-16 13:00:00,670,114,43
2024-12-16 14:00:00,379,101,27
2024-12-16 15:00:00,464,159,27
2024-12-16 16:00:00,409,166,75
2024-12-16 17:00:00,724,197,142
2024-12-16 18:00:00,388,177,78
2024-12-16 19:00:00,268,104,49
2024-12-16 20:00:00,160,111,39
2024-12-16 21:00:00,124,108,14
2024-12-16 22:00:00,141,113,21
2024-12-16 23:00:00,60,80,2
2024-12-17 00:00:00,26,51,13
2024-12-17 01:00:00,9,43,2
2024-12-17 02:00:00,11,22,1
2024-12-17 03:00:00,21,24,1
2024-12-17 04:00:00,4,23,1
2024-12-17 05:00:00,16,19,2
2024-12-17 06:00:00,64,55,21
2024-12-17 07:00:00,211,133,64
2024-12-17 08:00:00,537,143,128
2024-12-17 09:00:00,332,165,80
2024-12-17 10:00:00,213,123,18
2024-12-17 11:00:00,282,101,24
2024-12-17 12:00:00,719,126,35
2024-12-17 13:00:00,706,128,30
2024-12-17 14:00:00,456,120,40
2024-12-17 15:00:00,343,144,43
2024-12-17 16:00:00,430,214,64
2024-12-17 17:00:00,709,260,117
2024-12-17 18:00:00,464,164,99
2024-12-17 19:00:00,282,152,45
2024-12-17 20:00:00,187,146,39
2024-12-17 21:00:00,164,140,33
2024-12-17 22:00:00,143,101,16
2024-12-17 23:00:00,62,101,11
2024-12-18 00:00:00,38,66,8
2024-12-18 01:00:00,21,63,6
2024-12-18 02:00:00,12,37,2
2024-12-18 03:00:00,8,36,5
2024-12-18 04:00:00,4,13,0
2024-12-18 05:00:00,17,31,3
2024-12-18 06:00:00,40,48,17
2024-12-18 07:00:00,177,144,48
2024-12-18 08:00:00,471,147,113
2024-12-18 09:00:00,331,153,82
2024-12-18 10:00:00,203,133,21
2024-12-18 11:00:00,305,117,21
2024-12-18 12:00:00,772,114,26
2024-12-18 13:00:00,734,115,32
2024-12-18 14:00:00,401,149,32
2024-12-18 15:00:00,374,158,23
2024-12-18 16:00:00,427,238,64
2024-12-18 17:00:00,649,239,116
2024-12-18 18:00:00,435,249,74
2024-12-18 19:00:00,290,253,48
2024-12-18 20:00:00,203,167,34
2024-12-18 21:00:00,141,153,21
2024-12-18 22:00:00,139,151,22
2024-12-18 23:00:00,119,119,23
2024-12-19 00:00:00,45,96,5
2024-12-19 01:00:00,21,94,4
2024-12-19 02:00:00,19,44,2
2024-12-19 03:00:00,18,43,1
2024-12-19 04:00:00,6,27,0
2024-12-19 05:00:00,17,23,2
2024-12-19 06:00:00,55,47,19
2024-12-19 07:00:00,176,104,42
2024-12-19 08:00:00,456,143,98
2024-12-19 09:00:00,311,182,79
2024-12-19 10:00:00,237,118,21
2024-12-19 11:00:00,250,131,20
2024-12-19 12:00:00,711,146,38
2024-12-19 13:00:00,804,154,34
2024-12-19 14:00:00,428,141,31
2024-12-19 15:00:00,349,164,39
2024-12-19 16:00:00,558,215,71
2024-12-19 17:00:00,666,278,106
2024-12-19 18:00:00,517,283,79
2024-12-19 19:00:00,334,234,56
2024-12-19 20:00:00,243,154,32
2024-12-19 21:00:00,212,180,33
2024-12-19 22:00:00,206,195,22
2024-12-19 23:00:00,125,153,23
2024-12-20 00:00:00,92,167,7
2024-12-20 01:00:00,55,138,4
2024-12-20 02:00:00,44,108,6
2024-12-20 03:00:00,31,71,1
2024-12-20 04:00:00,6,54,1
2024-12-20 05:00:00,16,36,3
2024-12-20 06:00:00,39,48,15
2024-12-20 07:00:00,134,90,28
2024-12-20 08:00:00,274,119,59
2024-12-20 09:00:00,232,134,37
2024-12-20 10:00:00,193,100,26
2024-12-20 11:00:00,220,123,20
2024-12-20 12:00:00,437,155,28
2024-12-20 13:00:00,545,150,29
2024-12-20 14:00:00,376,158,30
2024-12-20 15:00:00,334,184,32
2024-12-20 16:00:00,430,218,63
2024-12-20 17:00:00,459,250,79
2024-12-20 18:00:00,346,277,49
2024-12-20 19:00:00,302,272,36
2024-12-20 20:00:00,192,212,28
2024-12-20 21:00:00,210,169,30
2024-12-20 22:00:00,217,214,23
2024-12-20 23:00:00,164,218,22
2024-12-21 00:00:00,140,238,6
2024-12-21 01:00:00,61,234,5
2024-12-21 02:00:00,39,191,4
2024-12-21 03:00:00,55,156,0
2024-12-21 04:00:00,19,90,3
2024-12-21 05:00:00,16,70,0
2024-12-21 06:00:00,20,46,5
2024-12-21 07:00:00,31,48,9
2024-12-21 08:00:00,43,52,4
2024-12-21 09:00:00,115,87,8
2024-12-21 10:00:00,162,86,10
2024-12-21 11:00:00,207,110,17
2024-12-21 12:00:00,242,121,19
2024-12-21 13:00:00,281,141,11
2024-12-21 14:00:00,333,165,26
2024-12-21 15:00:00,352,171,29
2024-12-21 16:00:00,353,158,27
2024-12-21 17:00:00,297,193,25
2024-12-21 18:00:00,285,244,30
2024-12-21 19:00:00,274,252,17
2024-12-21 20:00:00,204,240,25
2024-12-21 21:00:00,180,240,23
2024-12-21 22:00:00,123,221,13
2024-12-21 23:00:00,135,209,17
2024-12-22 00:00:00,94,215,5
2024-12-22 01:00:00,62,182,5
2024-12-22 02:00:00,30,232,4
2024-12-22 03:00:00,29,165,5
2024-12-22 04:00:00,16,100,6
2024-12-22 05:00:00,9,76,0
2024-12-22 06:00:00,20,51,5
2024-12-22 07:00:00,28,34,4
2024-12-22 08:00:00,41,52,7
2024-12-22 09:00:00,83,63,11
2024-12-22 10:00:00,132,73,8
2024-12-22 11:00:00,229,91,7
2024-12-22 12:00:00,197,107,18
2024-12-22 13:00:00,185,98,12
2024-12-22 14:00:00,240,96,9
2024-12-22 15:00:00,220,109,20
2024-12-22 16:00:00,199,121,21
2024-12-22 17:00:00,176,127,34
2024-12-22 18:00:00,138,108,17
2024-12-22 19:00:00,141,118,19
2024-12-22 20:00:00,92,112,22
2024-12-22 21:00:00,57,75,12
2024-12-22 22:00:00,56,118,9
2024-12-22 23:00:00,47,77,10
2024-12-23 00:00:00,19,56,2
2024-12-23 01:00:00,8,49,2
2024-12-23 02:00:00,14,46,0
2024-12-23 03:00:00,7,17,1
2024-12-23 04:00:00,7,19,1
2024-12-23 05:00:00,9,25,1
2024-12-23 06:00:00,40,35,11
2024-12-23 07:00:00,81,55,18
2024-12-23 08:00:00,172,82,33
2024-12-23 09:00:00,140,80,19
2024-12-23 10:00:00,160,83,18
2024-12-23 11:00:00,255,86,22
2024-12-23 12:00:00,429,107,24
2024-12-23 13:00:00,422,122,29
2024-12-23 14:00:00,338,105,19
2024-12-23 15:00:00,272,103,22
2024-12-23 16:00:00,367,154,31
2024-12-23 17:00:00,296,167,51
2024-12-23 18:00:00,211,136,41
2024-12-23 19:00:00,159,130,37
2024-12-23 20:00:00,115,84,17
2024-12-23 21:00:00,110,91,21
2024-12-23 22:00:00,84,94,14
2024-12-23 23:00:00,63,85,13
2024-12-24 00:00:00,21,65,2
2024-12-24 01:00:00,13,64,6
2024-12-24 02:00:00,8,47,0
2024-12-24 03:00:00,6,31,1
2024-12-24 04:00:00,2,22,1
2024-12-24 05:00:00,6,12,2
2024-12-24 06:00:00,26,23,5
2024-12-24 07:00:00,64,50,12
2024-12-24 08:00:00,96,67,14
2024-12-24 09:00:00,88,51,8
2024-12-24 10:00:00,144,78,8
2024-12-24 11:00:00,190,78,18
2024-12-24 12:00:00,200,81,14
2024-12-24 13:00:00,235,93,25
2024-12-24 14:00:00,231,84,17
2024-12-24 15:00:00,219,110,25
2024-12-24 16:00:00,206,102,20
2024-12-24 17:00:00,158,108,20
2024-12-24 18:00:00,128,100,18
2024-12-24 19:00:00,98,93,13
2024-12-24 20:00:00,78,59,8
2024-12-24 21:00:00,76,81,13
2024-12-24 22:00:00,43,71,5
2024-12-24 23:00:00,29,48,5
2024-12-25 00:00:00,16,54,3
2024-12-25 01:00:00,8,37,4
2024-12-25 02:00:00,10,29,1
2024-12-25 03:00:00,1,15,0
2024-12-25 04:00:00,1,7,1
2024-12-25 05:00:00,2,4,1
2024-12-25 06:00:00,11,16,1
2024-12-25 07:00:00,9,14,4
2024-12-25 08:00:00,13,15,4
2024-12-25 09:00:00,25,24,4
2024-12-25 10:00:00,59,27,5
2024-12-25 11:00:00,60,47,11
2024-12-25 12:00:00,65,51,7
2024-12-25 13:00:00,53,41,3
2024-12-25 14:00:00,63,49,7
2024-12-25 15:00:00,51,47,9
2024-12-25 16:00:00,52,40,4
2024-12-25 17:00:00,76,42,10
2024-12-25 18:00:00,50,48,10
2024-12-25 19:00:00,55,58,7
2024-12-25 20:00:00,26,47,10
2024-12-25 21:00:00,21,36,1
2024-12-25 22:00:00,37,37,4
2024-12-25 23:00:00,18,33,7
2024-12-26 00:00:00,12,25,0
2024-12-26 01:00:00,18,15,0
2024-12-26 02:00:00,5,14,0
2024-12-26 03:00:00,4,9,0
2024-12-26 04:00:00,0,4,0
2024-12-26 05:00:00,2,13,0
2024-12-26 06:00:00,11,24,3
2024-12-26 07:00:00,14,21,8
2024-12-26 08:00:00,24,22,2
2024-12-26 09:00:00,39,23,4
2024-12-26 10:00:00,62,57,3
2024-12-26 11:00:00,96,52,9
2024-12-26 12:00:00,110,68,10
2024-12-26 13:00:00,117,71,6
2024-12-26 14:00:00,151,75,14
2024-12-26 15:00:00,126,80,16
2024-12-26 16:00:00,110,74,7
2024-12-26 17:00:00,101,107,13
2024-12-26 18:00:00,126,93,9
2024-12-26 19:00:00,92,105,16
2024-12-26 20:00:00,35,72,14
2024-12-26 21:00:00,51,65,11
2024-12-26 22:00:00,44,70,10
2024-12-26 23:00:00,27,75,3
2024-12-27 00:00:00,10,41,4
2024-12-27 01:00:00,13,42,1
2024-12-27 02:00:00,1,33,1
2024-12-27 03:00:00,5,17,0
2024-12-27 04:00:00,3,15,2
2024-12-27 05:00:00,13,13,1
2024-12-27 06:00:00,32,26,6
2024-12-27 07:00:00,43,38,7
2024-12-27 08:00:00,73,49,13
2024-12-27 09:00:00,122,47,2
2024-12-27 10:00:00,158,50,8
2024-12-27 11:00:00,217,55,6
2024-12-27 12:00:00,221,83,5
2024-12-27 13:00:00,280,91,9
2024-12-27 14:00:00,229,102,11
2024-12-27 15:00:00,254,118,19
2024-12-27 16:00:00,279,146,24
2024-12-27 17:00:00,192,141,24
2024-12-27 18:00:00,232,130,26
2024-12-27 19:00:00,154,139,17
2024-12-27 20:00:00,134,119,18
2024-12-27 21:00:00,118,111,8
2024-12-27 22:00:00,121,102,12
2024-12-27 23:00:00,54,109,8
2024-12-28 00:00:00,19,124,0
2024-12-28 01:00:00,44,90,2
2024-12-28 02:00:00,19,76,1
2024-12-28 03:00:00,7,67,3
2024-12-28 04:00:00,9,39,1
2024-12-28 05:00:00,12,19,0
2024-12-28 06:00:00,12,25,5
2024-12-28 07:00:00,36,25,2
2024-12-28 08:00:00,41,38,6
2024-12-28 09:00:00,72,49,7
2024-12-28 10:00:00,165,69,15
2024-12-28 11:00:00,213,79,10
2024-12-28 12:00:00,241,86,7
2024-12-28 13:00:00,255,91,12
2024-12-28 14:00:00,295,95,11
2024-12-28 15:00:00,295,112,16
2024-12-28 16:00:00,311,116,23
2024-12-28 17:00:00,212,149,22
2024-12-28 18:00:00,221,183,34
2024-12-28 19:00:00,220,167,18
2024-12-28 20:00:00,181,151,17
2024-12-28 21:00:00,124,147,14
2024-12-28 22:00:00,150,136,21
2024-12-28 23:00:00,76,148,9
2024-12-29 00:00:00,38,146,3
2024-12-29 01:00:00,33,116,0
2024-12-29 02:00:00,22,98,3
2024-12-29 03:00:00,20,84,4
2024-12-29 04:00:00,11,56,3
2024-12-29 05:00:00,16,36,1
2024-12-29 06:00:00,7,35,3
2024-12-29 07:00:00,42,19,2
2024-12-29 08:00:00,37,24,8
2024-12-29 09:00:00,87,44,12
2024-12-29 10:00:00,175,53,11
2024-12-29 11:00:00,218,75,6
2024-12-29 12:00:00,200,93,23
2024-12-29 13:00:00,189,94,17
2024-12-29 14:00:00,241,90,9
2024-12-29 15:00:00,223,78,14
2024-12-29 16:00:00,247,113,22
2024-12-29 17:00:00,220,173,26
2024-12-29 18:00:00,189,115,29
2024-12-29 19:00:00,199,118,29
2024-12-29 20:00:00,125,112,18
2024-12-29 21:00:00,76,71,14
2024-12-29 22:00:00,86,86,19
2024-12-29 23:00:00,75,75,6
2024-12-30 00:00:00,28,72,1
2024-12-30 01:00:00,10,52,3
2024-12-30 02:00:00,2,28,0
2024-12-30 03:00:00,4,27,1
2024-12-30 04:00:00,4,18,1
2024-12-30 05:00:00,13,22,0
2024-12-30 06:00:00,32,27,7
2024-12-30 07:00:00,59,31,7
2024-12-30 08:00:00,121,64,18
2024-12-30 09:00:00,123,70,17
2024-12-30 10:00:00,159,49,15
2024-12-30 11:00:00,256,75,14
2024-12-30 12:00:00,345,109,22
2024-12-30 13:00:00,345,97,26
2024-12-30 14:00:00,320,95,13
2024-12-30 15:00:00,277,125,19
2024-12-30 16:00:00,358,129,36
2024-12-30 17:00:00,331,116,45
2024-12-30 18:00:00,213,123,23
2024-12-30 19:00:00,191,103,26
2024-12-30 20:00:00,162,97,27
2024-12-30 21:00:00,115,80,18
2024-12-30 22:00:00,100,90,10
2024-12-30 23:00:00,52,75,13
2024-12-31 00:00:00,29,56,5
2024-12-31 01:00:00,13,53,2
2024-12-31 02:00:00,7,27,1
2024-12-31 03:00:00,4,13,0
2024-12-31 04:00:00,5,13,1
2024-12-31 05:00:00,15,23,1
2024-12-31 06:00:00,28,22,6
2024-12-31 07:00:00,56,40,7
2024-12-31 08:00:00,110,51,13
2024-12-31 09:00:00,95,55,14
2024-12-31 10:00:00,189,65,11
2024-12-31 11:00:00,205,64,15
2024-12-31 12:00:00,259,88,23
2024-12-31 13:00:00,282,83,21
2024-12-31 14:00:00,300,103,25
2024-12-31 15:00:00,323,131,30
2024-12-31 16:00:00,296,146,30
2024-12-31 17:00:00,307,144,54
2024-12-31 18:00:00,233,198,36
2024-12-31 19:00:00,258,215,29
2024-12-31 20:00:00,277,238,23
2024-12-31 21:00:00,228,274,12
2024-12-31 22:00:00,188,244,14
2024-12-31 23:00:00,134,208,11
