date,ped,car,cyc
2024-01-01 00:00:00,0,0,0
2024-01-01 01:00:00,0,0,0
2024-01-01 02:00:00,0,0,0
2024-01-01 03:00:00,0,0,0
2024-01-01 04:00:00,0,0,0
2024-01-01 05:00:00,0,0,0
2024-01-01 06:00:00,0,0,0
2024-01-01 07:00:00,0,0,0
2024-01-01 08:00:00,0,0,0
2024-01-01 09:00:00,0,0,0
2024-01-01 10:00:00,0,0,0
2024-01-01 11:00:00,0,0,0
2024-01-01 12:00:00,0,0,0
2024-01-01 13:00:00,0,0,0
2024-01-01 14:00:00,0,0,0
2024-01-01 15:00:00,0,0,0
2024-01-01 16:00:00,0,0,0
2024-01-01 17:00:00,0,0,0
2024-01-01 18:00:00,0,0,0
2024-01-01 19:00:00,0,0,0
2024-01-01 20:00:00,0,0,0
2024-01-01 21:00:00,0,0,0
2024-01-01 22:00:00,0,0,0
2024-01-01 23:00:00,0,0,0
2024-01-02 00:00:00,0,0,0
2024-01-02 01:00:00,0,0,0
2024-01-02 02:00:00,0,0,0
2024-01-02 03:00:00,0,0,0
2024-01-02 04:00:00,0,0,0
2024-01-02 05:00:00,0,0,0
2024-01-02 06:00:00,0,0,0
2024-01-02 07:00:00,0,0,0
2024-01-02 08:00:00,0,0,0
2024-01-02 09:00:00,0,0,0
2024-01-02 10:00:00,0,0,0
2024-01-02 11:00:00,0,0,0
2024-01-02 12:00:00,0,0,0
2024-01-02 13:00:00,0,0,0
2024-01-02 14:00:00,0,0,0
2024-01-02 15:00:00,0,0,0
2024-01-02 16:00:00,0,0,0
2024-01-02 17:00:00,0,0,0
2024-01-02 18:00:00,0,0,0
2024-01-02 19:00:00,0,0,0
2024-01-02 20:00:00,0,0,0
2024-01-02 21:00:00,0,0,0
2024-01-02 22:00:00,0,0,0
2024-01-02 23:00:00,0,0,0
2024-01-03 00:00:00,0,0,0
2024-01-03 01:00:00,0,0,0
2024-01-03 02:00:00,0,0,0
2024-01-03 03:00:00,0,0,0
2024-01-03 04:00:00,0,0,0
2024-01-03 05:00:00,0,0,0
2024-01-03 06:00:00,0,0,0
2024-01-03 07:00:00,0,0,0
2024-01-03 08:00:00,0,0,0
2024-01-03 09:00:00,0,0,0
2024-01-03 10:00:00,0,0,0
2024-01-03 11:00:00,0,0,0
2024-01-03 12:00:00,0,0,0
2024-01-03 13:00:00,0,0,0
2024-01-03 14:00:00,0,0,0
2024-01-03 15:00:00,0,0,0
2024-01-03 16:00:00,0,0,0
2024-01-03 17:00:00,0,0,0
2024-01-03 18:00:00,0,0,0
2024-01-03 19:00:00,0,0,0
2024-01-03 20:00:00,0,0,0
2024-01-03 21:00:00,0,0,0
2024-01-03 22:00:00,0,0,0
2024-01-03 23:00:00,0,0,0
2024-01-04 00:00:00,0,0,0
2024-01-04 01:00:00,0,0,0
2024-01-04 02:00:00,0,0,0
2024-01-04 03:00:00,0,0,0
2024-01-04 04:00:00,0,0,0
2024-01-04 05:00:00,0,0,0
2024-01-04 06:00:00,0,0,0
2024-01-04 07:00:00,0,0,0
2024-01-04 08:00:00,0,0,0
2024-01-04 09:00:00,0,0,0
2024-01-04 10:00:00,0,0,0
2024-01-04 11:00:00,0,0,0
2024-01-04 12:00:00,0,0,0
2024-01-04 13:00:00,0,0,0
2024-01-04 14:00:00,0,0,0
2024-01-04 15:00:00,0,0,0
2024-01-04 16:00:00,0,0,0
2024-01-04 17:00:00,0,0,0
2024-01-04 18:00:00,0,0,0
2024-01-04 19:00:00,0,0,0
2024-01-04 20:00:00,0,0,0
2024-01-04 21:00:00,0,0,0
2024-01-04 22:00:00,0,0,0
2024-01-04 23:00:00,0,0,0
2024-01-05 00:00:00,0,0,0
2024-01-05 01:00:00,0,0,0
2024-01-05 02:00:00,0,0,0
2024-01-05 03:00:00,0,0,0
2024-01-05 04:00:00,0,0,0
2024-01-05 05:00:00,0,0,0
2024-01-05 06:00:00,0,0,0
2024-01-05 07:00:00,0,0,0
2024-01-05 08:00:00,0,0,0
2024-01-05 09:00:00,0,0,0
2024-01-05 10:00:00,0,0,0
2024-01-05 11:00:00,0,0,0
2024-01-05 12:00:00,0,0,0
2024-01-05 13:00:00,0,0,0
2024-01-05 14:00:00,0,0,0
2024-01-05 15:00:00,0,0,0
2024-01-05 16:00:00,0,0,0
2024-01-05 17:00:00,0,0,0
2024-01-05 18:00:00,0,0,0
2024-01-05 19:00:00,0,0,0
2024-01-05 20:00:00,0,0,0
2024-01-05 21:00:00,0,0,0
2024-01-05 22:00:00,0,0,0
2024-01-05 23:00:00,0,0,0
2024-01-06 00:00:00,0,0,0
2024-01-06 01:00:00,0,0,0
2024-01-06 02:00:00,0,0,0
2024-01-06 03:00:00,0,0,0
2024-01-06 04:00:00,0,0,0
2024-01-06 05:00:00,0,0,0
2024-01-06 06:00:00,0,0,0
2024-01-06 07:00:00,0,0,0
2024-01-06 08:00:00,0,0,0
2024-01-06 09:00:00,0,0,0
2024-01-06 10:00:00,0,0,0
2024-01-06 11:00:00,0,0,0
2024-01-06 12:00:00,0,0,0
2024-01-06 13:00:00,0,0,0
2024-01-06 14:00:00,0,0,0
2024-01-06 15:00:00,0,0,0
2024-01-06 16:00:00,0,0,0
2024-01-06 17:00:00,0,0,0
2024-01-06 18:00:00,0,0,0
2024-01-06 19:00:00,0,0,0
2024-01-06 20:00:00,0,0,0
2024-01-06 21:00:00,0,0,0
2024-01-06 22:00:00,0,0,0
2024-01-06 23:00:00,0,0,0
2024-01-07 00:00:00,0,0,0
2024-01-07 01:00:00,0,0,0
2024-01-07 02:00:00,0,0,0
2024-01-07 03:00:00,0,0,0
2024-01-07 04:00:00,0,0,0
2024-01-07 05:00:00,0,0,0
2024-01-07 06:00:00,0,0,0
2024-01-07 07:00:00,0,0,0
2024-01-07 08:00:00,0,0,0
2024-01-07 09:00:00,0,0,0
2024-01-07 10:00:00,0,0,0
2024-01-07 11:00:00,0,0,0
2024-01-07 12:00:00,0,0,0
2024-01-07 13:00:00,0,0,0
2024-01-07 14:00:00,0,0,0
2024-01-07 15:00:00,0,0,0
2024-01-07 16:00:00,0,0,0
2024-01-07 17:00:00,0,0,0
2024-01-07 18:00:00,0,0,0
2024-01-07 19:00:00,0,0,0
2024-01-07 20:00:00,0,0,0
2024-01-07 21:00:00,0,0,0
2024-01-07 22:00:00,0,0,0
2024-01-07 23:00:00,0,0,0
2024-01-08 00:00:00,0,0,0
2024-01-08 01:00:00,0,0,0
2024-01-08 02:00:00,0,0,0
2024-01-08 03:00:00,0,0,0
2024-01-08 04:00:00,0,0,0
2024-01-08 05:00:00,0,0,0
2024-01-08 06:00:00,0,0,0
2024-01-08 07:00:00,0,0,0
2024-01-08 08:00:00,0,0,0
2024-01-08 09:00:00,0,0,0
2024-01-08 10:00:00,0,0,0
2024-01-08 11:00:00,0,0,0
2024-01-08 12:00:00,0,0,0
2024-01-08 13:00:00,0,0,0
2024-01-08 14:00:00,0,0,0
2024-01-08 15:00:00,0,0,0
2024-01-08 16:00:00,0,0,0
2024-01-08 17:00:00,0,0,0
2024-01-08 18:00:00,0,0,0
2024-01-08 19:00:00,0,0,0
2024-01-08 20:00:00,0,0,0
2024-01-08 21:00:00,0,0,0
2024-01-08 22:00:00,0,0,0
2024-01-08 23:00:00,0,0,0
2024-01-09 00:00:00,0,0,0
2024-01-09 01:00:00,0,0,0
2024-01-09 02:00:00,0,0,0
2024-01-09 03:00:00,0,0,0
2024-01-09 04:00:00,0,0,0
2024-01-09 05:00:00,0,0,0
2024-01-09 06:00:00,0,0,0
2024-01-09 07:00:00,0,0,0
2024-01-09 08:00:00,0,0,0
2024-01-09 09:00:00,0,0,0
2024-01-09 10:00:00,0,0,0
2024-01-09 11:00:00,0,0,0
2024-01-09 12:00:00,0,0,0
2024-01-09 13:00:00,0,0,0
2024-01-09 14:00:00,0,0,0
2024-01-09 15:00:00,0,0,0
2024-01-09 16:00:00,0,0,0
2024-01-09 17:00:00,0,0,0
2024-01-09 18:00:00,0,0,0
2024-01-09 19:00:00,0,0,0
2024-01-09 20:00:00,0,0,0
2024-01-09 21:00:00,0,0,0
2024-01-09 22:00:00,0,0,0
2024-01-09 23:00:00,0,0,0
2024-01-10 00:00:00,0,0,0
2024-01-10 01:00:00,0,0,0
2024-01-10 02:00:00,0,0,0
2024-01-10 03:00:00,0,0,0
2024-01-10 04:00:00,0,0,0
2024-01-10 05:00:00,0,0,0
2024-01-10 06:00:00,0,0,0
2024-01-10 07:00:00,0,0,0
2024-01-10 08:00:00,0,0,0
2024-01-10 09:00:00,0,0,0
2024-01-10 10:00:00,0,0,0
2024-01-10 11:00:00,0,0,0
2024-01-10 12:00:00,0,0,0
2024-01-10 13:00:00,0,0,0
2024-01-10 14:00:00,0,0,0
2024-01-10 15:00:00,0,0,0
2024-01-10 16:00:00,0,0,0
2024-01-10 17:00:00,0,0,0
2024-01-10 18:00:00,0,0,0
2024-01-10 19:00:00,0,0,0
2024-01-10 20:00:00,0,0,0
2024-01-10 21:00:00,0,0,0
2024-01-10 22:00:00,0,0,0
2024-01-10 23:00:00,0,0,0
2024-01-11 00:00:00,0,0,0
2024-01-11 01:00:00,0,0,0
2024-01-11 02:00:00,0,0,0
2024-01-11 03:00:00,0,0,0
2024-01-11 04:00:00,0,0,0
2024-01-11 05:00:00,0,0,0
2024-01-11 06:00:00,0,0,0
2024-01-11 07:00:00,0,0,0
2024-01-11 08:00:00,0,0,0
2024-01-11 09:00:00,0,0,0
2024-01-11 10:00:00,0,0,0
2024-01-11 11:00:00,0,0,0
2024-01-11 12:00:00,0,0,0
2024-01-11 13:00:00,0,0,0
2024-01-11 14:00:00,0,0,0
2024-01-11 15:00:00,0,0,0
2024-01-11 16:00:00,0,0,0
2024-01-11 17:00:00,0,0,0
2024-01-11 18:00:00,0,0,0
2024-01-11 19:00:00,0,0,0
2024-01-11 20:00:00,0,0,0
2024-01-11 21:00:00,0,0,0
2024-01-11 22:00:00,0,0,0
2024-01-11 23:00:00,0,0,0
2024-01-12 00:00:00,0,0,0
2024-01-12 01:00:00,0,0,0
2024-01-12 02:00:00,0,0,0
2024-01-12 03:00:00,0,0,0
2024-01-12 04:00:00,0,0,0
2024-01-12 05:00:00,0,0,0
2024-01-12 06:00:00,0,0,0
2024-01-12 07:00:00,0,0,0
2024-01-12 08:00:00,0,0,0
2024-01-12 09:00:00,0,0,0
2024-01-12 10:00:00,0,0,0
2024-01-12 11:00:00,0,0,0
2024-01-12 12:00:00,0,0,0
2024-01-12 13:00:00,0,0,0
2024-01-12 14:00:00,0,0,0
2024-01-12 15:00:00,0,0,0
2024-01-12 16:00:00,0,0,0
2024-01-12 17:00:00,0,0,0
2024-01-12 18:00:00,0,0,0
2024-01-12 19:00:00,0,0,0
2024-01-12 20:00:00,0,0,0
2024-01-12 21:00:00,0,0,0
2024-01-12 22:00:00,0,0,0
2024-01-12 23:00:00,0,0,0
2024-01-13 00:00:00,0,0,0
2024-01-13 01:00:00,0,0,0
2024-01-13 02:00:00,0,0,0
2024-01-13 03:00:00,0,0,0
2024-01-13 04:00:00,0,0,0
2024-01-13 05:00:00,0,0,0
2024-01-13 06:00:00,0,0,0
2024-01-13 07:00:00,0,0,0
2024-01-13 08:00:00,0,0,0
2024-01-13 09:00:00,0,0,0
2024-01-13 10:00:00,0,0,0
2024-01-13 11:00:00,0,0,0
2024-01-13 12:00:00,0,0,0
2024-01-13 13:00:00,0,0,0
2024-01-13 14:00:00,0,0,0
2024-01-13 15:00:00,0,0,0
2024-01-13 16:00:00,0,0,0
2024-01-13 17:00:00,0,0,0
2024-01-13 18:00:00,0,0,0
2024-01-13 19:00:00,0,0,0
2024-01-13 20:00:00,0,0,0
2024-01-13 21:00:00,0,0,0
2024-01-13 22:00:00,0,0,0
2024-01-13 23:00:00,0,0,0
2024-01-14 00:00:00,0,0,0
2024-01-14 01:00:00,0,0,0
2024-01-14 02:00:00,0,0,0
2024-01-14 03:00:00,0,0,0
2024-01-14 04:00:00,0,0,0
2024-01-14 05:00:00,0,0,0
2024-01-14 06:00:00,0,0,0
2024-01-14 07:00:00,0,0,0
2024-01-14 08:00:00,0,0,0
2024-01-14 09:00:00,0,0,0
2024-01-14 10:00:00,0,0,0
2024-01-14 11:00:00,0,0,0
2024-01-14 12:00:00,0,0,0
2024-01-14 13:00:00,0,0,0
2024-01-14 14:00:00,0,0,0
2024-01-14 15:00:00,0,0,0
2024-01-14 16:00:00,0,0,0
2024-01-14 17:00:00,0,0,0
2024-01-14 18:00:00,0,0,0
2024-01-14 19:00:00,0,0,0
2024-01-14 20:00:00,0,0,0
2024-01-14 21:00:00,0,0,0
2024-01-14 22:00:00,0,0,0
2024-01-14 23:00:00,0,0,0
2024-01-15 00:00:00,0,0,0
2024-01-15 01:00:00,0,0,0
2024-01-15 02:00:00,0,0,0
2024-01-15 03:00:00,0,0,0
2024-01-15 04:00:00,0,0,0
2024-01-15 05:00:00,0,0,0
2024-01-15 06:00:00,0,0,0
2024-01-15 07:00:00,0,0,0
2024-01-15 08:00:00,0,0,0
2024-01-15 09:00:00,0,0,0
2024-01-15 10:00:00,0,0,0
2024-01-15 11:00:00,0,0,0
2024-01-15 12:00:00,0,0,0
2024-01-15 13:00:00,0,0,0
2024-01-15 14:00:00,0,0,0
2024-01-15 15:00:00,0,0,0
2024-01-15 16:00:00,0,0,0
2024-01-15 17:00:00,0,0,0
2024-01-15 18:00:00,0,0,0
2024-01-15 19:00:00,0,0,0
2024-01-15 20:00:00,0,0,0
2024-01-15 21:00:00,0,0,0
2024-01-15 22:00:00,0,0,0
2024-01-15 23:00:00,0,0,0
2024-01-16 00:00:00,0,0,0
2024-01-16 01:00:00,0,0,0
2024-01-16 02:00:00,0,0,0
2024-01-16 03:00:00,0,0,0
2024-01-16 04:00:00,0,0,0
2024-01-16 05:00:00,0,0,0
2024-01-16 06:00:00,0,0,0
2024-01-16 07:00:00,0,0,0
2024-01-16 08:00:00,0,0,0
2024-01-16 09:00:00,0,0,0
2024-01-16 10:00:00,0,0,0
2024-01-16 11:00:00,0,0,0
2024-01-16 12:00:00,0,0,0
2024-01-16 13:00:00,0,0,0
2024-01-16 14:00:00,0,0,0
2024-01-16 15:00:00,0,0,0
2024-01-16 16:00:00,0,0,0
2024-01-16 17:00:00,0,0,0
2024-01-16 18:00:00,0,0,0
2024-01-16 19:00:00,0,0,0
2024-01-16 20:00:00,0,0,0
2024-01-16 21:00:00,0,0,0
2024-01-16 22:00:00,0,0,0
2024-01-16 23:00:00,0,0,0
2024-01-17 00:00:00,0,0,0
2024-01-17 01:00:00,0,0,0
2024-01-17 02:00:00,0,0,0
2024-01-17 03:00:00,0,0,0
2024-01-17 04:00:00,0,0,0
2024-01-17 05:00:00,0,0,0
2024-01-17 06:00:00,0,0,0
2024-01-17 07:00:00,0,0,0
2024-01-17 08:00:00,0,0,0
2024-01-17 09:00:00,0,0,0
2024-01-17 10:00:00,0,0,0
2024-01-17 11:00:00,0,0,0
2024-01-17 12:00:00,0,0,0
2024-01-17 13:00:00,0,0,0
2024-01-17 14:00:00,0,0,0
2024-01-17 15:00:00,0,0,0
2024-01-17 16:00:00,0,0,0
2024-01-17 17:00:00,0,0,0
2024-01-17 18:00:00,0,0,0
2024-01-17 19:00:00,0,0,0
2024-01-17 20:00:00,0,0,0
2024-01-17 21:00:00,0,0,0
2024-01-17 22:00:00,0,0,0
2024-01-17 23:00:00,0,0,0
2024-01-18 00:00:00,0,0,0
2024-01-18 01:00:00,0,0,0
2024-01-18 02:00:00,0,0,0
2024-01-18 03:00:00,0,0,0
2024-01-18 04:00:00,0,0,0
2024-01-18 05:00:00,0,0,0
2024-01-18 06:00:00,0,0,0
2024-01-18 07:00:00,0,0,0
2024-01-18 08:00:00,0,0,0
2024-01-18 09:00:00,0,0,0
2024-01-18 10:00:00,0,0,0
2024-01-18 11:00:00,0,0,0
2024-01-18 12:00:00,0,0,0
2024-01-18 13:00:00,0,0,0
2024-01-18 14:00:00,0,0,0
2024-01-18 15:00:00,0,0,0
2024-01-18 16:00:00,0,0,0
2024-01-18 17:00:00,0,0,0
2024-01-18 18:00:00,0,0,0
2024-01-18 19:00:00,0,0,0
2024-01-18 20:00:00,0,0,0
2024-01-18 21:00:00,0,0,0
2024-01-18 22:00:00,0,0,0
2024-01-18 23:00:00,0,0,0
2024-01-19 00:00:00,0,0,0
2024-01-19 01:00:00,0,0,0
2024-01-19 02:00:00,0,0,0
2024-01-19 03:00:00,0,0,0
2024-01-19 04:00:00,0,0,0
2024-01-19 05:00:00,0,0,0
2024-01-19 06:00:00,0,0,0
2024-01-19 07:00:00,0,0,0
2024-01-19 08:00:00,0,0,0
2024-01-19 09:00:00,0,0,0
2024-01-19 10:00:00,0,0,0
2024-01-19 11:00:00,0,0,0
2024-01-19 12:00:00,0,0,0
2024-01-19 13:00:00,0,0,0
2024-01-19 14:00:00,0,0,0
2024-01-19 15:00:00,0,0,0
2024-01-19 16:00:00,0,0,0
2024-01-19 17:00:00,0,0,0
2024-01-19 18:00:00,0,0,0
2024-01-19 19:00:00,0,0,0
2024-01-19 20:00:00,0,0,0
2024-01-19 21:00:00,0,0,0
2024-01-19 22:00:00,0,0,0
2024-01-19 23:00:00,0,0,0
2024-01-20 00:00:00,0,0,0
2024-01-20 01:00:00,0,0,0
2024-01-20 02:00:00,0,0,0
2024-01-20 03:00:00,0,0,0
2024-01-20 04:00:00,0,0,0
2024-01-20 05:00:00,0,0,0
2024-01-20 06:00:00,0,0,0
2024-01-20 07:00:00,0,0,0
2024-01-20 08:00:00,0,0,0
2024-01-20 09:00:00,0,0,0
2024-01-20 10:00:00,0,0,0
2024-01-20 11:00:00,0,0,0
2024-01-20 12:00:00,0,0,0
2024-01-20 13:00:00,0,0,0
2024-01-20 14:00:00,0,0,0
2024-01-20 15:00:00,0,0,0
2024-01-20 16:00:00,0,0,0
2024-01-20 17:00:00,0,0,0
2024-01-20 18:00:00,0,0,0
2024-01-20 19:00:00,0,0,0
2024-01-20 20:00:00,0,0,0
2024-01-20 21:00:00,0,0,0
2024-01-20 22:00:00,0,0,0
2024-01-20 23:00:00,0,0,0
2024-01-21 00:00:00,0,0,0
2024-01-21 01:00:00,0,0,0
2024-01-21 02:00:00,0,0,0
2024-01-21 03:00:00,0,0,0
2024-01-21 04:00:00,0,0,0
2024-01-21 05:00:00,0,0,0
2024-01-21 06:00:00,0,0,0
2024-01-21 07:00:00,0,0,0
2024-01-21 08:00:00,0,0,0
2024-01-21 09:00:00,0,0,0
2024-01-21 10:00:00,0,0,0
2024-01-21 11:00:00,0,0,0
2024-01-21 12:00:00,0,0,0
2024-01-21 13:00:00,0,0,0
2024-01-21 14:00:00,0,0,0
2024-01-21 15:00:00,0,0,0
2024-01-21 16:00:00,0,0,0
2024-01-21 17:00:00,0,0,0
2024-01-21 18:00:00,0,0,0
2024-01-21 19:00:00,0,0,0
2024-01-21 20:00:00,0,0,0
2024-01-21 21:00:00,0,0,0
2024-01-21 22:00:00,0,0,0
2024-01-21 23:00:00,0,0,0
2024-01-22 00:00:00,0,0,0
2024-01-22 01:00:00,0,0,0
2024-01-22 02:00:00,0,0,0
2024-01-22 03:00:00,0,0,0
2024-01-22 04:00:00,0,0,0
2024-01-22 05:00:00,0,0,0
2024-01-22 06:00:00,0,0,0
2024-01-22 07:00:00,0,0,0
2024-01-22 08:00:00,0,0,0
2024-01-22 09:00:00,0,0,0
2024-01-22 10:00:00,0,0,0
2024-01-22 11:00:00,0,0,0
2024-01-22 12:00:00,0,0,0
2024-01-22 13:00:00,0,0,0
2024-01-22 14:00:00,0,0,0
2024-01-22 15:00:00,0,0,0
2024-01-22 16:00:00,0,0,0
2024-01-22 17:00:00,0,0,0
2024-01-22 18:00:00,0,0,0
2024-01-22 19:00:00,0,0,0
2024-01-22 20:00:00,0,0,0
2024-01-22 21:00:00,0,0,0
2024-01-22 22:00:00,0,0,0
2024-01-22 23:00:00,0,0,0
2024-01-23 00:00:00,0,0,0
2024-01-23 01:00:00,0,0,0
2024-01-23 02:00:00,0,0,0
2024-01-23 03:00:00,0,0,0
2024-01-23 04:00:00,0,0,0
2024-01-23 05:00:00,0,0,0
2024-01-23 06:00:00,0,0,0
2024-01-23 07:00:00,0,0,0
2024-01-23 08:00:00,0,0,0
2024-01-23 09:00:00,0,0,0
2024-01-23 10:00:00,0,0,0
2024-01-23 11:00:00,0,0,0
2024-01-23 12:00:00,0,0,0
2024-01-23 13:00:00,0,0,0
2024-01-23 14:00:00,0,0,0
2024-01-23 15:00:00,0,0,0
2024-01-23 16:00:00,0,0,0
2024-01-23 17:00:00,0,0,0
2024-01-23 18:00:00,0,0,0
2024-01-23 19:00:00,0,0,0
2024-01-23 20:00:00,0,0,0
2024-01-23 21:00:00,0,0,0
2024-01-23 22:00:00,0,0,0
2024-01-23 23:00:00,0,0,0
2024-01-24 00:00:00,0,0,0
2024-01-24 01:00:00,0,0,0
2024-01-24 02:00:00,0,0,0
2024-01-24 03:00:00,0,0,0
2024-01-24 04:00:00,0,0,0
2024-01-24 05:00:00,0,0,0
2024-01-24 06:00:00,0,0,0
2024-01-24 07:00:00,0,0,0
2024-01-24 08:00:00,0,0,0
2024-01-24 09:00:00,0,0,0
2024-01-24 10:00:00,0,0,0
2024-01-24 11:00:00,0,0,0
2024-01-24 12:00:00,0,0,0
2024-01-24 13:00:00,0,0,0
2024-01-24 14:00:00,0,0,0
2024-01-24 15:00:00,0,0,0
2024-01-24 16:00:00,0,0,0
2024-01-24 17:00:00,0,0,0
2024-01-24 18:00:00,0,0,0
2024-01-24 19:00:00,0,0,0
2024-01-24 20:00:00,0,0,0
2024-01-24 21:00:00,0,0,0
2024-01-24 22:00:00,0,0,0
2024-01-24 23:00:00,0,0,0
2024-01-25 00:00:00,0,0,0
2024-01-25 01:00:00,0,0,0
2024-01-25 02:00:00,0,0,0
2024-01-25 03:00:00,0,0,0
2024-01-25 04:00:00,0,0,0
2024-01-25 05:00:00,0,0,0
2024-01-25 06:00:00,0,0,0
2024-01-25 07:00:00,0,0,0
2024-01-25 08:00:00,0,0,0
2024-01-25 09:00:00,0,0,0
2024-01-25 10:00:00,0,0,0
2024-01-25 11:00:00,0,0,0
2024-01-25 12:00:00,0,0,0
2024-01-25 13:00:00,0,0,0
2024-01-25 14:00:00,0,0,0
2024-01-25 15:00:00,0,0,0
2024-01-25 16:00:00,0,0,0
2024-01-25 17:00:00,0,0,0
2024-01-25 18:00:00,0,0,0
2024-01-25 19:00:00,0,0,0
2024-01-25 20:00:00,0,0,0
2024-01-25 21:00:00,0,0,0
2024-01-25 22:00:00,0,0,0
2024-01-25 23:00:00,0,0,0
2024-01-26 00:00:00,0,0,0
2024-01-26 01:00:00,0,0,0
2024-01-26 02:00:00,0,0,0
2024-01-26 03:00:00,0,0,0
2024-01-26 04:00:00,0,0,0
2024-01-26 05:00:00,0,0,0
2024-01-26 06:00:00,0,0,0
2024-01-26 07:00:00,0,0,0
2024-01-26 08:00:00,0,0,0
2024-01-26 09:00:00,0,0,0
2024-01-26 10:00:00,0,0,0
2024-01-26 11:00:00,0,0,0
2024-01-26 12:00:00,0,0,0
2024-01-26 13:00:00,0,0,0
2024-01-26 14:00:00,0,0,0
2024-01-26 15:00:00,0,0,0
2024-01-26 16:00:00,0,0,0
2024-01-26 17:00:00,0,0,0
2024-01-26 18:00:00,0,0,0
2024-01-26 19:00:00,0,0,0
2024-01-26 20:00:00,0,0,0
2024-01-26 21:00:00,0,0,0
2024-01-26 22:00:00,0,0,0
2024-01-26 23:00:00,0,0,0
2024-01-27 00:00:00,0,0,0
2024-01-27 01:00:00,0,0,0
2024-01-27 02:00:00,0,0,0
2024-01-27 03:00:00,0,0,0
2024-01-27 04:00:00,0,0,0
2024-01-27 05:00:00,0,0,0
2024-01-27 06:00:00,0,0,0
2024-01-27 07:00:00,0,0,0
2024-01-27 08:00:00,0,0,0
2024-01-27 09:00:00,0,0,0
2024-01-27 10:00:00,0,0,0
2024-01-27 11:00:00,0,0,0
2024-01-27 12:00:00,0,0,0
2024-01-27 13:00:00,0,0,0
2024-01-27 14:00:00,0,0,0
2024-01-27 15:00:00,0,0,0
2024-01-27 16:00:00,0,0,0
2024-01-27 17:00:00,0,0,0
2024-01-27 18:00:00,0,0,0
2024-01-27 19:00:00,0,0,0
2024-01-27 20:00:00,0,0,0
2024-01-27 21:00:00,0,0,0
2024-01-27 22:00:00,0,0,0
2024-01-27 23:00:00,0,0,0
2024-01-28 00:00:00,0,0,0
2024-01-28 01:00:00,0,0,0
2024-01-28 02:00:00,0,0,0
2024-01-28 03:00:00,0,0,0
2024-01-28 04:00:00,0,0,0
2024-01-28 05:00:00,0,0,0
2024-01-28 06:00:00,0,0,0
2024-01-28 07:00:00,0,0,0
2024-01-28 08:00:00,0,0,0
2024-01-28 09:00:00,0,0,0
2024-01-28 10:00:00,0,0,0
2024-01-28 11:00:00,0,0,0
2024-01-28 12:00:00,0,0,0
2024-01-28 13:00:00,0,0,0
2024-01-28 14:00:00,0,0,0
2024-01-28 15:00:00,0,0,0
2024-01-28 16:00:00,0,0,0
2024-01-28 17:00:00,0,0,0
2024-01-28 18:00:00,0,0,0
2024-01-28 19:00:00,0,0,0
2024-01-28 20:00:00,0,0,0
2024-01-28 21:00:00,0,0,0
2024-01-28 22:00:00,0,0,0
2024-01-28 23:00:00,0,0,0
2024-01-29 00:00:00,0,0,0
2024-01-29 01:00:00,0,0,0
2024-01-29 02:00:00,0,0,0
2024-01-29 03:00:00,0,0,0
2024-01-29 04:00:00,0,0,0
2024-01-29 05:00:00,0,0,0
2024-01-29 06:00:00,0,0,0
2024-01-29 07:00:00,0,0,0
2024-01-29 08:00:00,0,0,0
2024-01-29 09:00:00,0,0,0
2024-01-29 10:00:00,0,0,0
2024-01-29 11:00:00,0,0,0
2024-01-29 12:00:00,0,0,0
2024-01-29 13:00:00,0,0,0
2024-01-29 14:00:00,0,0,0
2024-01-29 15:00:00,0,0,0
2024-01-29 16:00:00,0,0,0
2024-01-29 17:00:00,0,0,0
2024-01-29 18:00:00,0,0,0
2024-01-29 19:00:00,0,0,0
2024-01-29 20:00:00,0,0,0
2024-01-29 21:00:00,0,0,0
2024-01-29 22:00:00,0,0,0
2024-01-29 23:00:00,0,0,0
2024-01-30 00:00:00,0,0,0
2024-01-30 01:00:00,0,0,0
2024-01-30 02:00:00,0,0,0
2024-01-30 03:00:00,0,0,0
2024-01-30 04:00:00,0,0,0
2024-01-30 05:00:00,0,0,0
2024-01-30 06:00:00,0,0,0
2024-01-30 07:00:00,0,0,0
2024-01-30 08:00:00,0,0,0
2024-01-30 09:00:00,0,0,0
2024-01-30 10:00:00,0,0,0
2024-01-30 11:00:00,0,0,0
2024-01-30 12:00:00,0,0,0
2024-01-30 13:00:00,0,0,0
2024-01-30 14:00:00,0,0,0
2024-01-30 15:00:00,0,0,0
2024-01-30 16:00:00,0,0,0
2024-01-30 17:00:00,0,0,0
2024-01-30 18:00:00,0,0,0
2024-01-30 19:00:00,0,0,0
2024-01-30 20:00:00,0,0,0
2024-01-30 21:00:00,0,0,0
2024-01-30 22:00:00,0,0,0
2024-01-30 23:00:00,0,0,0
2024-01-31 00:00:00,0,0,0
2024-01-31 01:00:00,0,0,0
2024-01-31 02:00:00,0,0,0
2024-01-31 03:00:00,0,0,0
2024-01-31 04:00:00,0,0,0
2024-01-31 05:00:00,0,0,0
2024-01-31 06:00:00,0,0,0
2024-01-31 07:00:00,0,0,0
2024-01-31 08:00:00,0,0,0
2024-01-31 09:00:00,0,0,0
2024-01-31 10:00:00,0,0,0
2024-01-31 11:00:00,0,0,0
2024-01-31 12:00:00,0,0,0
2024-01-31 13:00:00,0,0,0
2024-01-31 14:00:00,0,0,0
2024-01-31 15:00:00,0,0,0
2024-01-31 16:00:00,0,0,0
2024-01-31 17:00:00,0,0,0
2024-01-31 18:00:00,0,0,0
2024-01-31 19:00:00,0,0,0
2024-01-31 20:00:00,0,0,0
2024-01-31 21:00:00,0,0,0
2024-01-31 22:00:00,0,0,0
2024-01-31 23:00:00,0,0,0
2024-02-01 00:00:00,0,0,0
2024-02-01 01:00:00,0,0,0
2024-02-01 02:00:00,0,0,0
2024-02-01 03:00:00,0,0,0
2024-02-01 04:00:00,0,0,0
2024-02-01 05:00:00,0,0,0
2024-02-01 06:00:00,0,0,0
2024-02-01 07:00:00,0,0,0
2024-02-01 08:00:00,0,0,0
2024-02-01 09:00:00,0,0,0
2024-02-01 10:00:00,0,0,0
2024-02-01 11:00:00,0,0,0
2024-02-01 12:00:00,0,0,0
2024-02-01 13:00:00,0,0,0
2024-02-01 14:00:00,0,0,0
2024-02-01 15:00:00,0,0,0
2024-02-01 16:00:00,0,0,0
2024-02-01 17:00:00,0,0,0
2024-02-01 18:00:00,0,0,0
2024-02-01 19:00:00,0,0,0
2024-02-01 20:00:00,0,0,0
2024-02-01 21:00:00,0,0,0
2024-02-01 22:00:00,0,0,0
2024-02-01 23:00:00,0,0,0
2024-02-02 00:00:00,0,0,0
2024-02-02 01:00:00,0,0,0
2024-02-02 02:00:00,0,0,0
2024-02-02 03:00:00,0,0,0
2024-02-02 04:00:00,0,0,0
2024-02-02 05:00:00,0,0,0
2024-02-02 06:00:00,0,0,0
2024-02-02 07:00:00,0,0,0
2024-02-02 08:00:00,0,0,0
2024-02-02 09:00:00,0,0,0
2024-02-02 10:00:00,0,0,0
2024-02-02 11:00:00,0,0,0
2024-02-02 12:00:00,0,0,0
2024-02-02 13:00:00,0,0,0
2024-02-02 14:00:00,0,0,0
2024-02-02 15:00:00,0,0,0
2024-02-02 16:00:00,0,0,0
2024-02-02 17:00:00,0,0,0
2024-02-02 18:00:00,0,0,0
2024-02-02 19:00:00,0,0,0
2024-02-02 20:00:00,0,0,0
2024-02-02 21:00:00,0,0,0
2024-02-02 22:00:00,0,0,0
2024-02-02 23:00:00,0,0,0
2024-02-03 00:00:00,0,0,0
2024-02-03 01:00:00,0,0,0
2024-02-03 02:00:00,0,0,0
2024-02-03 03:00:00,0,0,0
2024-02-03 04:00:00,0,0,0
2024-02-03 05:00:00,0,0,0
2024-02-03 06:00:00,0,0,0
2024-02-03 07:00:00,0,0,0
2024-02-03 08:00:00,0,0,0
2024-02-03 09:00:00,0,0,0
2024-02-03 10:00:00,0,0,0
2024-02-03 11:00:00,0,0,0
2024-02-03 12:00:00,0,0,0
2024-02-03 13:00:00,0,0,0
2024-02-03 14:00:00,0,0,0
2024-02-03 15:00:00,0,0,0
2024-02-03 16:00:00,0,0,0
2024-02-03 17:00:00,0,0,0
2024-02-03 18:00:00,0,0,0
2024-02-03 19:00:00,0,0,0
2024-02-03 20:00:00,0,0,0
2024-02-03 21:00:00,0,0,0
2024-02-03 22:00:00,0,0,0
2024-02-03 23:00:00,0,0,0
2024-02-04 00:00:00,0,0,0
2024-02-04 01:00:00,0,0,0
2024-02-04 02:00:00,0,0,0
2024-02-04 03:00:00,0,0,0
2024-02-04 04:00:00,0,0,0
2024-02-04 05:00:00,0,0,0
2024-02-04 06:00:00,0,0,0
2024-02-04 07:00:00,0,0,0
2024-02-04 08:00:00,0,0,0
2024-02-04 09:00:00,0,0,0
2024-02-04 10:00:00,0,0,0
2024-02-04 11:00:00,0,0,0
2024-02-04 12:00:00,0,0,0
2024-02-04 13:00:00,0,0,0
2024-02-04 14:00:00,0,0,0
2024-02-04 15:00:00,0,0,0
2024-02-04 16:00:00,0,0,0
2024-02-04 17:00:00,0,0,0
2024-02-04 18:00:00,0,0,0
2024-02-04 19:00:00,0,0,0
2024-02-04 20:00:00,0,0,0
2024-02-04 21:00:00,0,0,0
2024-02-04 22:00:00,0,0,0
2024-02-04 23:00:00,0,0,0
2024-02-05 00:00:00,0,0,0
2024-02-05 01:00:00,0,0,0
2024-02-05 02:00:00,0,0,0
2024-02-05 03:00:00,0,0,0
2024-02-05 04:00:00,0,0,0
2024-02-05 05:00:00,0,0,0
2024-02-05 06:00:00,0,0,0
2024-02-05 07:00:00,0,0,0
2024-02-05 08:00:00,0,0,0
2024-02-05 09:00:00,0,0,0
2024-02-05 10:00:00,0,0,0
2024-02-05 11:00:00,0,0,0
2024-02-05 12:00:00,0,0,0
2024-02-05 13:00:00,0,0,0
2024-02-05 14:00:00,0,0,0
2024-02-05 15:00:00,0,0,0
2024-02-05 16:00:00,0,0,0
2024-02-05 17:00:00,0,0,0
2024-02-05 18:00:00,0,0,0
2024-02-05 19:00:00,0,0,0
2024-02-05 20:00:00,0,0,0
2024-02-05 21:00:00,0,0,0
2024-02-05 22:00:00,0,0,0
2024-02-05 23:00:00,0,0,0
2024-02-06 00:00:00,0,0,0
2024-02-06 01:00:00,0,0,0
2024-02-06 02:00:00,0,0,0
2024-02-06 03:00:00,0,0,0
2024-02-06 04:00:00,0,0,0
2024-02-06 05:00:00,0,0,0
2024-02-06 06:00:00,0,0,0
2024-02-06 07:00:00,0,0,0
2024-02-06 08:00:00,0,0,0
2024-02-06 09:00:00,0,0,0
2024-02-06 10:00:00,0,0,0
2024-02-06 11:00:00,0,0,0
2024-02-06 12:00:00,0,0,0
2024-02-06 13:00:00,0,0,0
2024-02-06 14:00:00,0,0,0
2024-02-06 15:00:00,0,0,0
2024-02-06 16:00:00,0,0,0
2024-02-06 17:00:00,0,0,0
2024-02-06 18:00:00,0,0,0
2024-02-06 19:00:00,0,0,0
2024-02-06 20:00:00,0,0,0
2024-02-06 21:00:00,0,0,0
2024-02-06 22:00:00,0,0,0
2024-02-06 23:00:00,0,0,0
2024-02-07 00:00:00,0,0,0
2024-02-07 01:00:00,0,0,0
2024-02-07 02:00:00,0,0,0
2024-02-07 03:00:00,0,0,0
2024-02-07 04:00:00,0,0,0
2024-02-07 05:00:00,0,0,0
2024-02-07 06:00:00,0,0,0
2024-02-07 07:00:00,0,0,0
2024-02-07 08:00:00,0,0,0
2024-02-07 09:00:00,0,0,0
2024-02-07 10:00:00,0,0,0
2024-02-07 11:00:00,0,0,0
2024-02-07 12:00:00,0,0,0
2024-02-07 13:00:00,0,0,0
2024-02-07 14:00:00,0,0,0
2024-02-07 15:00:00,0,0,0
2024-02-07 16:00:00,0,0,0
2024-02-07 17:00:00,0,0,0
2024-02-07 18:00:00,0,0,0
2024-02-07 19:00:00,0,0,0
2024-02-07 20:00:00,0,0,0
2024-02-07 21:00:00,0,0,0
2024-02-07 22:00:00,0,0,0
2024-02-07 23:00:00,0,0,0
2024-02-08 00:00:00,0,0,0
2024-02-08 01:00:00,0,0,0
2024-02-08 02:00:00,0,0,0
2024-02-08 03:00:00,0,0,0
2024-02-08 04:00:00,0,0,0
2024-02-08 05:00:00,0,0,0
2024-02-08 06:00:00,0,0,0
2024-02-08 07:00:00,0,0,0
2024-02-08 08:00:00,0,0,0
2024-02-08 09:00:00,0,0,0
2024-02-08 10:00:00,0,0,0
2024-02-08 11:00:00,0,0,0
2024-02-08 12:00:00,0,0,0
2024-02-08 13:00:00,0,0,0
2024-02-08 14:00:00,0,0,0
2024-02-08 15:00:00,0,0,0
2024-02-08 16:00:00,0,0,0
2024-02-08 17:00:00,0,0,0
2024-02-08 18:00:00,0,0,0
2024-02-08 19:00:00,0,0,0
2024-02-08 20:00:00,0,0,0
2024-02-08 21:00:00,0,0,0
2024-02-08 22:00:00,0,0,0
2024-02-08 23:00:00,0,0,0
2024-02-09 00:00:00,0,0,0
2024-02-09 01:00:00,0,0,0
2024-02-09 02:00:00,0,0,0
2024-02-09 03:00:00,0,0,0
2024-02-09 04:00:00,0,0,0
2024-02-09 05:00:00,0,0,0
2024-02-09 06:00:00,0,0,0
2024-02-09 07:00:00,0,0,0
2024-02-09 08:00:00,0,0,0
2024-02-09 09:00:00,0,0,0
2024-02-09 10:00:00,0,0,0
2024-02-09 11:00:00,0,0,0
2024-02-09 12:00:00,0,0,0
2024-02-09 13:00:00,0,0,0
2024-02-09 14:00:00,0,0,0
2024-02-09 15:00:00,0,0,0
2024-02-09 16:00:00,0,0,0
2024-02-09 17:00:00,0,0,0
2024-02-09 18:00:00,0,0,0
2024-02-09 19:00:00,0,0,0
2024-02-09 20:00:00,0,0,0
2024-02-09 21:00:00,0,0,0
2024-02-09 22:00:00,0,0,0
2024-02-09 23:00:00,0,0,0
2024-02-10 00:00:00,0,0,0
2024-02-10 01:00:00,0,0,0
2024-02-10 02:00:00,0,0,0
2024-02-10 03:00:00,0,0,0
2024-02-10 04:00:00,0,0,0
2024-02-10 05:00:00,0,0,0
2024-02-10 06:00:00,0,0,0
2024-02-10 07:00:00,0,0,0
2024-02-10 08:00:00,0,0,0
2024-02-10 09:00:00,0,0,0
2024-02-10 10:00:00,0,0,0
2024-02-10 11:00:00,0,0,0
2024-02-10 12:00:00,0,0,0
2024-02-10 13:00:00,0,0,0
2024-02-10 14:00:00,0,0,0
2024-02-10 15:00:00,0,0,0
2024-02-10 16:00:00,0,0,0
2024-02-10 17:00:00,0,0,0
2024-02-10 18:00:00,0,0,0
2024-02-10 19:00:00,0,0,0
2024-02-10 20:00:00,0,0,0
2024-02-10 21:00:00,0,0,0
2024-02-10 22:00:00,0,0,0
2024-02-10 23:00:00,0,0,0
2024-02-11 00:00:00,0,0,0
2024-02-11 01:00:00,0,0,0
2024-02-11 02:00:00,0,0,0
2024-02-11 03:00:00,0,0,0
2024-02-11 04:00:00,0,0,0
2024-02-11 05:00:00,0,0,0
2024-02-11 06:00:00,0,0,0
2024-02-11 07:00:00,0,0,0
2024-02-11 08:00:00,0,0,0
2024-02-11 09:00:00,0,0,0
2024-02-11 10:00:00,0,0,0
2024-02-11 11:00:00,0,0,0
2024-02-11 12:00:00,0,0,0
2024-02-11 13:00:00,0,0,0
2024-02-11 14:00:00,0,0,0
2024-02-11 15:00:00,0,0,0
2024-02-11 16:00:00,0,0,0
2024-02-11 17:00:00,0,0,0
2024-02-11 18:00:00,0,0,0
2024-02-11 19:00:00,0,0,0
2024-02-11 20:00:00,0,0,0
2024-02-11 21:00:00,0,0,0
2024-02-11 22:00:00,0,0,0
2024-02-11 23:00:00,0,0,0
2024-02-12 00:00:00,0,0,0
2024-02-12 01:00:00,0,0,0
2024-02-12 02:00:00,0,0,0
2024-02-12 03:00:00,0,0,0
2024-02-12 04:00:00,0,0,0
2024-02-12 05:00:00,0,0,0
2024-02-12 06:00:00,0,0,0
2024-02-12 07:00:00,0,0,0
2024-02-12 08:00:00,0,0,0
2024-02-12 09:00:00,0,0,0
2024-02-12 10:00:00,0,0,0
2024-02-12 11:00:00,0,0,0
2024-02-12 12:00:00,0,0,0
2024-02-12 13:00:00,0,0,0
2024-02-12 14:00:00,0,0,0
2024-02-12 15:00:00,0,0,0
2024-02-12 16:00:00,0,0,0
2024-02-12 17:00:00,0,0,0
2024-02-12 18:00:00,0,0,0
2024-02-12 19:00:00,0,0,0
2024-02-12 20:00:00,0,0,0
2024-02-12 21:00:00,0,0,0
2024-02-12 22:00:00,0,0,0
2024-02-12 23:00:00,0,0,0
2024-02-13 00:00:00,0,0,0
2024-02-13 01:00:00,0,0,0
2024-02-13 02:00:00,0,0,0
2024-02-13 03:00:00,0,0,0
2024-02-13 04:00:00,0,0,0
2024-02-13 05:00:00,0,0,0
2024-02-13 06:00:00,0,0,0
2024-02-13 07:00:00,0,0,0
2024-02-13 08:00:00,0,0,0
2024-02-13 09:00:00,0,0,0
2024-02-13 10:00:00,0,0,0
2024-02-13 11:00:00,0,0,0
2024-02-13 12:00:00,0,0,0
2024-02-13 13:00:00,0,0,0
2024-02-13 14:00:00,0,0,0
2024-02-13 15:00:00,0,0,0
2024-02-13 16:00:00,0,0,0
2024-02-13 17:00:00,0,0,0
2024-02-13 18:00:00,0,0,0
2024-02-13 19:00:00,0,0,0
2024-02-13 20:00:00,0,0,0
2024-02-13 21:00:00,0,0,0
2024-02-13 22:00:00,0,0,0
2024-02-13 23:00:00,0,0,0
2024-02-14 00:00:00,0,0,0
2024-02-14 01:00:00,0,0,0
2024-02-14 02:00:00,0,0,0
2024-02-14 03:00:00,0,0,0
2024-02-14 04:00:00,0,0,0
2024-02-14 05:00:00,0,0,0
2024-02-14 06:00:00,0,0,0
2024-02-14 07:00:00,0,0,0
2024-02-14 08:00:00,0,0,0
2024-02-14 09:00:00,0,0,0
2024-02-14 10:00:00,0,0,0
2024-02-14 11:00:00,0,0,0
2024-02-14 12:00:00,0,0,0
2024-02-14 13:00:00,0,0,0
2024-02-14 14:00:00,0,0,0
2024-02-14 15:00:00,0,0,0
2024-02-14 16:00:00,0,0,0
2024-02-14 17:00:00,0,0,0
2024-02-14 18:00:00,0,0,0
2024-02-14 19:00:00,0,0,0
2024-02-14 20:00:00,0,0,0
2024-02-14 21:00:00,0,0,0
2024-02-14 22:00:00,0,0,0
2024-02-14 23:00:00,0,0,0
2024-02-15 00:00:00,0,0,0
2024-02-15 01:00:00,0,0,0
2024-02-15 02:00:00,0,0,0
2024-02-15 03:00:00,0,0,0
2024-02-15 04:00:00,0,0,0
2024-02-15 05:00:00,0,0,0
2024-02-15 06:00:00,0,0,0
2024-02-15 07:00:00,0,0,0
2024-02-15 08:00:00,0,0,0
2024-02-15 09:00:00,0,0,0
2024-02-15 10:00:00,0,0,0
2024-02-15 11:00:00,0,0,0
2024-02-15 12:00:00,0,0,0
2024-02-15 13:00:00,0,0,0
2024-02-15 14:00:00,0,0,0
2024-02-15 15:00:00,0,0,0
2024-02-15 16:00:00,0,0,0
2024-02-15 17:00:00,0,0,0
2024-02-15 18:00:00,0,0,0
2024-02-15 19:00:00,0,0,0
2024-02-15 20:00:00,0,0,0
2024-02-15 21:00:00,0,0,0
2024-02-15 22:00:00,0,0,0
2024-02-15 23:00:00,0,0,0
2024-02-16 00:00:00,0,0,0
2024-02-16 01:00:00,0,0,0
2024-02-16 02:00:00,0,0,0
2024-02-16 03:00:00,0,0,0
2024-02-16 04:00:00,0,0,0
2024-02-16 05:00:00,0,0,0
2024-02-16 06:00:00,0,0,0
2024-02-16 07:00:00,0,0,0
2024-02-16 08:00:00,0,0,0
2024-02-16 09:00:00,0,0,0
2024-02-16 10:00:00,0,0,0
2024-02-16 11:00:00,0,0,0
2024-02-16 12:00:00,0,0,0
2024-02-16 13:00:00,0,0,0
2024-02-16 14:00:00,0,0,0
2024-02-16 15:00:00,0,0,0
2024-02-16 16:00:00,0,0,0
2024-02-16 17:00:00,0,0,0
2024-02-16 18:00:00,0,0,0
2024-02-16 19:00:00,0,0,0
2024-02-16 20:00:00,0,0,0
2024-02-16 21:00:00,0,0,0
2024-02-16 22:00:00,0,0,0
2024-02-16 23:00:00,0,0,0
2024-02-17 00:00:00,0,0,0
2024-02-17 01:00:00,0,0,0
2024-02-17 02:00:00,0,0,0
2024-02-17 03:00:00,0,0,0
2024-02-17 04:00:00,0,0,0
2024-02-17 05:00:00,0,0,0
2024-02-17 06:00:00,0,0,0
2024-02-17 07:00:00,0,0,0
2024-02-17 08:00:00,0,0,0
2024-02-17 09:00:00,0,0,0
2024-02-17 10:00:00,0,0,0
2024-02-17 11:00:00,0,0,0
2024-02-17 12:00:00,0,0,0
2024-02-17 13:00:00,0,0,0
2024-02-17 14:00:00,0,0,0
2024-02-17 15:00:00,0,0,0
2024-02-17 16:00:00,0,0,0
2024-02-17 17:00:00,0,0,0
2024-02-17 18:00:00,0,0,0
2024-02-17 19:00:00,0,0,0
2024-02-17 20:00:00,0,0,0
2024-02-17 21:00:00,0,0,0
2024-02-17 22:00:00,0,0,0
2024-02-17 23:00:00,0,0,0
2024-02-18 00:00:00,0,0,0
2024-02-18 01:00:00,0,0,0
2024-02-18 02:00:00,0,0,0
2024-02-18 03:00:00,0,0,0
2024-02-18 04:00:00,0,0,0
2024-02-18 05:00:00,0,0,0
2024-02-18 06:00:00,0,0,0
2024-02-18 07:00:00,0,0,0
2024-02-18 08:00:00,0,0,0
2024-02-18 09:00:00,0,0,0
2024-02-18 10:00:00,0,0,0
2024-02-18 11:00:00,0,0,0
2024-02-18 12:00:00,0,0,0
2024-02-18 13:00:00,0,0,0
2024-02-18 14:00:00,0,0,0
2024-02-18 15:00:00,0,0,0
2024-02-18 16:00:00,0,0,0
2024-02-18 17:00:00,0,0,0
2024-02-18 18:00:00,0,0,0
2024-02-18 19:00:00,0,0,0
2024-02-18 20:00:00,0,0,0
2024-02-18 21:00:00,0,0,0
2024-02-18 22:00:00,0,0,0
2024-02-18 23:00:00,0,0,0
2024-02-19 00:00:00,0,0,0
2024-02-19 01:00:00,0,0,0
2024-02-19 02:00:00,0,0,0
2024-02-19 03:00:00,0,0,0
2024-02-19 04:00:00,0,0,0
2024-02-19 05:00:00,0,0,0
2024-02-19 06:00:00,0,0,0
2024-02-19 07:00:00,0,0,0
2024-02-19 08:00:00,0,0,0
2024-02-19 09:00:00,0,0,0
2024-02-19 10:00:00,0,0,0
2024-02-19 11:00:00,0,0,0
2024-02-19 12:00:00,0,0,0
2024-02-19 13:00:00,0,0,0
2024-02-19 14:00:00,0,0,0
2024-02-19 15:00:00,0,0,0
2024-02-19 16:00:00,0,0,0
2024-02-19 17:00:00,0,0,0
2024-02-19 18:00:00,0,0,0
2024-02-19 19:00:00,0,0,0
2024-02-19 20:00:00,0,0,0
2024-02-19 21:00:00,0,0,0
2024-02-19 22:00:00,0,0,0
2024-02-19 23:00:00,0,0,0
2024-02-20 00:00:00,0,0,0
2024-02-20 01:00:00,0,0,0
2024-02-20 02:00:00,0,0,0
2024-02-20 03:00:00,0,0,0
2024-02-20 04:00:00,0,0,0
2024-02-20 05:00:00,0,0,0
2024-02-20 06:00:00,0,0,0
2024-02-20 07:00:00,0,0,0
2024-02-20 08:00:00,0,0,0
2024-02-20 09:00:00,0,0,0
2024-02-20 10:00:00,0,0,0
2024-02-20 11:00:00,0,0,0
2024-02-20 12:00:00,0,0,0
2024-02-20 13:00:00,0,0,0
2024-02-20 14:00:00,0,0,0
2024-02-20 15:00:00,0,0,0
2024-02-20 16:00:00,0,0,0
2024-02-20 17:00:00,0,0,0
2024-02-20 18:00:00,0,0,0
2024-02-20 19:00:00,0,0,0
2024-02-20 20:00:00,0,0,0
2024-02-20 21:00:00,0,0,0
2024-02-20 22:00:00,0,0,0
2024-02-20 23:00:00,0,0,0
2024-02-21 00:00:00,0,0,0
2024-02-21 01:00:00,0,0,0
2024-02-21 02:00:00,0,0,0
2024-02-21 03:00:00,0,0,0
2024-02-21 04:00:00,0,0,0
2024-02-21 05:00:00,0,0,0
2024-02-21 06:00:00,0,0,0
2024-02-21 07:00:00,0,0,0
2024-02-21 08:00:00,0,0,0
2024-02-21 09:00:00,0,0,0
2024-02-21 10:00:00,0,0,0
2024-02-21 11:00:00,0,0,0
2024-02-21 12:00:00,0,0,0
2024-02-21 13:00:00,0,0,0
2024-02-21 14:00:00,0,0,0
2024-02-21 15:00:00,0,0,0
2024-02-21 16:00:00,0,0,0
2024-02-21 17:00:00,0,0,0
2024-02-21 18:00:00,0,0,0
2024-02-21 19:00:00,0,0,0
2024-02-21 20:00:00,0,0,0
2024-02-21 21:00:00,0,0,0
2024-02-21 22:00:00,0,0,0
2024-02-21 23:00:00,0,0,0
2024-02-22 00:00:00,0,0,0
2024-02-22 01:00:00,0,0,0
2024-02-22 02:00:00,0,0,0
2024-02-22 03:00:00,0,0,0
2024-02-22 04:00:00,0,0,0
2024-02-22 05:00:00,0,0,0
2024-02-22 06:00:00,0,0,0
2024-02-22 07:00:00,0,0,0
2024-02-22 08:00:00,0,0,0
2024-02-22 09:00:00,0,0,0
2024-02-22 10:00:00,0,0,0
2024-02-22 11:00:00,0,0,0
2024-02-22 12:00:00,0,0,0
2024-02-22 13:00:00,0,0,0
2024-02-22 14:00:00,0,0,0
2024-02-22 15:00:00,0,0,0
2024-02-22 16:00:00,0,0,0
2024-02-22 17:00:00,0,0,0
2024-02-22 18:00:00,0,0,0
2024-02-22 19:00:00,0,0,0
2024-02-22 20:00:00,0,0,0
2024-02-22 21:00:00,0,0,0
2024-02-22 22:00:00,0,0,0
2024-02-22 23:00:00,0,0,0
2024-02-23 00:00:00,0,0,0
2024-02-23 01:00:00,0,0,0
2024-02-23 02:00:00,0,0,0
2024-02-23 03:00:00,0,0,0
2024-02-23 04:00:00,0,0,0
2024-02-23 05:00:00,0,0,0
2024-02-23 06:00:00,0,0,0
2024-02-23 07:00:00,0,0,0
2024-02-23 08:00:00,0,0,0
2024-02-23 09:00:00,0,0,0
2024-02-23 10:00:00,0,0,0
2024-02-23 11:00:00,0,0,0
2024-02-23 12:00:00,0,0,0
2024-02-23 13:00:00,0,0,0
2024-02-23 14:00:00,0,0,0
2024-02-23 15:00:00,0,0,0
2024-02-23 16:00:00,0,0,0
2024-02-23 17:00:00,0,0,0
2024-02-23 18:00:00,0,0,0
2024-02-23 19:00:00,0,0,0
2024-02-23 20:00:00,0,0,0
2024-02-23 21:00:00,0,0,0
2024-02-23 22:00:00,0,0,0
2024-02-23 23:00:00,0,0,0
2024-02-24 00:00:00,0,0,0
2024-02-24 01:00:00,0,0,0
2024-02-24 02:00:00,0,0,0
2024-02-24 03:00:00,0,0,0
2024-02-24 04:00:00,0,0,0
2024-02-24 05:00:00,0,0,0
2024-02-24 06:00:00,0,0,0
2024-02-24 07:00:00,0,0,0
2024-02-24 08:00:00,0,0,0
2024-02-24 09:00:00,0,0,0
2024-02-24 10:00:00,0,0,0
2024-02-24 11:00:00,0,0,0
2024-02-24 12:00:00,0,0,0
2024-02-24 13:00:00,0,0,0
2024-02-24 14:00:00,0,0,0
2024-02-24 15:00:00,0,0,0
2024-02-24 16:00:00,0,0,0
2024-02-24 17:00:00,0,0,0
2024-02-24 18:00:00,0,0,0
2024-02-24 19:00:00,0,0,0
2024-02-24 20:00:00,0,0,0
2024-02-24 21:00:00,0,0,0
2024-02-24 22:00:00,0,0,0
2024-02-24 23:00:00,0,0,0
2024-02-25 00:00:00,0,0,0
2024-02-25 01:00:00,0,0,0
2024-02-25 02:00:00,0,0,0
2024-02-25 03:00:00,0,0,0
2024-02-25 04:00:00,0,0,0
2024-02-25 05:00:00,0,0,0
2024-02-25 06:00:00,0,0,0
2024-02-25 07:00:00,0,0,0
2024-02-25 08:00:00,0,0,0
2024-02-25 09:00:00,0,0,0
2024-02-25 10:00:00,0,0,0
2024-02-25 11:00:00,0,0,0
2024-02-25 12:00:00,0,0,0
2024-02-25 13:00:00,0,0,0
2024-02-25 14:00:00,0,0,0
2024-02-25 15:00:00,0,0,0
2024-02-25 16:00:00,0,0,0
2024-02-25 17:00:00,0,0,0
2024-02-25 18:00:00,0,0,0
2024-02-25 19:00:00,0,0,0
2024-02-25 20:00:00,0,0,0
2024-02-25 21:00:00,0,0,0
2024-02-25 22:00:00,0,0,0
2024-02-25 23:00:00,0,0,0
2024-02-26 00:00:00,0,0,0
2024-02-26 01:00:00,0,0,0
2024-02-26 02:00:00,0,0,0
2024-02-26 03:00:00,0,0,0
2024-02-26 04:00:00,0,0,0
2024-02-26 05:00:00,0,0,0
2024-02-26 06:00:00,0,0,0
2024-02-26 07:00:00,0,0,0
2024-02-26 08:00:00,0,0,0
2024-02-26 09:00:00,0,0,0
2024-02-26 10:00:00,0,0,0
2024-02-26 11:00:00,0,0,0
2024-02-26 12:00:00,0,0,0
2024-02-26 13:00:00,0,0,0
2024-02-26 14:00:00,0,0,0
2024-02-26 15:00:00,0,0,0
2024-02-26 16:00:00,0,0,0
2024-02-26 17:00:00,0,0,0
2024-02-26 18:00:00,0,0,0
2024-02-26 19:00:00,0,0,0
2024-02-26 20:00:00,0,0,0
2024-02-26 21:00:00,0,0,0
2024-02-26 22:00:00,0,0,0
2024-02-26 23:00:00,0,0,0
2024-02-27 00:00:00,0,0,0
2024-02-27 01:00:00,0,0,0
2024-02-27 02:00:00,0,0,0
2024-02-27 03:00:00,0,0,0
2024-02-27 04:00:00,0,0,0
2024-02-27 05:00:00,0,0,0
2024-02-27 06:00:00,0,0,0
2024-02-27 07:00:00,0,0,0
2024-02-27 08:00:00,0,0,0
2024-02-27 09:00:00,0,0,0
2024-02-27 10:00:00,0,0,0
2024-02-27 11:00:00,0,0,0
2024-02-27 12:00:00,0,0,0
2024-02-27 13:00:00,0,0,0
2024-02-27 14:00:00,0,0,0
2024-02-27 15:00:00,0,0,0
2024-02-27 16:00:00,0,0,0
2024-02-27 17:00:00,0,0,0
2024-02-27 18:00:00,0,0,0
2024-02-27 19:00:00,0,0,0
2024-02-27 20:00:00,0,0,0
2024-02-27 21:00:00,0,0,0
2024-02-27 22:00:00,0,0,0
2024-02-27 23:00:00,0,0,0
2024-02-28 00:00:00,0,0,0
2024-02-28 01:00:00,0,0,0
2024-02-28 02:00:00,0,0,0
2024-02-28 03:00:00,0,0,0
2024-02-28 04:00:00,0,0,0
2024-02-28 05:00:00,0,0,0
2024-02-28 06:00:00,0,0,0
2024-02-28 07:00:00,0,0,0
2024-02-28 08:00:00,0,0,0
2024-02-28 09:00:00,0,0,0
2024-02-28 10:00:00,0,0,0
2024-02-28 11:00:00,0,0,0
2024-02-28 12:00:00,0,0,0
2024-02-28 13:00:00,0,0,0
2024-02-28 14:00:00,0,0,0
2024-02-28 15:00:00,0,0,0
2024-02-28 16:00:00,0,0,0
2024-02-28 17:00:00,0,0,0
2024-02-28 18:00:00,0,0,0
2024-02-28 19:00:00,0,0,0
2024-02-28 20:00:00,0,0,0
2024-02-28 21:00:00,0,0,0
2024-02-28 22:00:00,0,0,0
2024-02-28 23:00:00,0,0,0
2024-02-29 00:00:00,0,0,0
2024-02-29 01:00:00,0,0,0
2024-02-29 02:00:00,0,0,0
2024-02-29 03:00:00,0,0,0
2024-02-29 04:00:00,0,0,0
2024-02-29 05:00:00,0,0,0
2024-02-29 06:00:00,0,0,0
2024-02-29 07:00:00,0,0,0
2024-02-29 08:00:00,0,0,0
2024-02-29 09:00:00,0,0,0
2024-02-29 10:00:00,0,0,0
2024-02-29 11:00:00,0,0,0
2024-02-29 12:00:00,0,0,0
2024-02-29 13:00:00,0,0,0
2024-02-29 14:00:00,0,0,0
2024-02-29 15:00:00,0,0,0
2024-02-29 16:00:00,0,0,0
2024-02-29 17:00:00,0,0,0
2024-02-29 18:00:00,0,0,0
2024-02-29 19:00:00,0,0,0
2024-02-29 20:00:00,0,0,0
2024-02-29 21:00:00,0,0,0
2024-02-29 22:00:00,0,0,0
2024-02-29 23:00:00,0,0,0
2024-03-01 00:00:00,0,0,0
2024-03-01 01:00:00,0,0,0
2024-03-01 02:00:00,0,0,0
2024-03-01 03:00:00,0,0,0
2024-03-01 04:00:00,0,0,0
2024-03-01 05:00:00,0,0,0
2024-03-01 06:00:00,0,0,0
2024-03-01 07:00:00,0,0,0
2024-03-01 08:00:00,0,0,0
2024-03-01 09:00:00,0,0,0
2024-03-01 10:00:00,0,0,0
2024-03-01 11:00:00,0,0,0
2024-03-01 12:00:00,0,0,0
2024-03-01 13:00:00,0,0,0
2024-03-01 14:00:00,0,0,0
2024-03-01 15:00:00,0,0,0
2024-03-01 16:00:00,0,0,0
2024-03-01 17:00:00,0,0,0
2024-03-01 18:00:00,0,0,0
2024-03-01 19:00:00,0,0,0
2024-03-01 20:00:00,0,0,0
2024-03-01 21:00:00,0,0,0
2024-03-01 22:00:00,0,0,0
2024-03-01 23:00:00,0,0,0
2024-03-02 00:00:00,0,0,0
2024-03-02 01:00:00,0,0,0
2024-03-02 02:00:00,0,0,0
2024-03-02 03:00:00,0,0,0
2024-03-02 04:00:00,0,0,0
2024-03-02 05:00:00,0,0,0
2024-03-02 06:00:00,0,0,0
2024-03-02 07:00:00,0,0,0
2024-03-02 08:00:00,0,0,0
2024-03-02 09:00:00,0,0,0
2024-03-02 10:00:00,0,0,0
2024-03-02 11:00:00,0,0,0
2024-03-02 12:00:00,0,0,0
2024-03-02 13:00:00,0,0,0
2024-03-02 14:00:00,0,0,0
2024-03-02 15:00:00,0,0,0
2024-03-02 16:00:00,0,0,0
2024-03-02 17:00:00,0,0,0
2024-03-02 18:00:00,0,0,0
2024-03-02 19:00:00,0,0,0
2024-03-02 20:00:00,0,0,0
2024-03-02 21:00:00,0,0,0
2024-03-02 22:00:00,0,0,0
2024-03-02 23:00:00,0,0,0
2024-03-03 00:00:00,0,0,0
2024-03-03 01:00:00,0,0,0
2024-03-03 02:00:00,0,0,0
2024-03-03 03:00:00,0,0,0
2024-03-03 04:00:00,0,0,0
2024-03-03 05:00:00,0,0,0
2024-03-03 06:00:00,0,0,0
2024-03-03 07:00:00,0,0,0
2024-03-03 08:00:00,0,0,0
2024-03-03 09:00:00,0,0,0
2024-03-03 10:00:00,0,0,0
2024-03-03 11:00:00,0,0,0
2024-03-03 12:00:00,0,0,0
2024-03-03 13:00:00,0,0,0
2024-03-03 14:00:00,0,0,0
2024-03-03 15:00:00,0,0,0
2024-03-03 16:00:00,0,0,0
2024-03-03 17:00:00,0,0,0
2024-03-03 18:00:00,0,0,0
2024-03-03 19:00:00,0,0,0
2024-03-03 20:00:00,0,0,0
2024-03-03 21:00:00,0,0,0
2024-03-03 22:00:00,0,0,0
2024-03-03 23:00:00,0,0,0
2024-03-04 00:00:00,0,0,0
2024-03-04 01:00:00,0,0,0
2024-03-04 02:00:00,0,0,0
2024-03-04 03:00:00,0,0,0
2024-03-04 04:00:00,0,0,0
2024-03-04 05:00:00,0,0,0
2024-03-04 06:00:00,0,0,0
2024-03-04 07:00:00,0,0,0
2024-03-04 08:00:00,0,0,0
2024-03-04 09:00:00,0,0,0
2024-03-04 10:00:00,0,0,0
2024-03-04 11:00:00,0,0,0
2024-03-04 12:00:00,0,0,0
2024-03-04 13:00:00,0,0,0
2024-03-04 14:00:00,0,0,0
2024-03-04 15:00:00,0,0,0
2024-03-04 16:00:00,0,0,0
2024-03-04 17:00:00,0,0,0
2024-03-04 18:00:00,0,0,0
2024-03-04 19:00:00,0,0,0
2024-03-04 20:00:00,0,0,0
2024-03-04 21:00:00,0,0,0
2024-03-04 22:00:00,0,0,0
2024-03-04 23:00:00,0,0,0
2024-03-05 00:00:00,0,0,0
2024-03-05 01:00:00,0,0,0
2024-03-05 02:00:00,0,0,0
2024-03-05 03:00:00,0,0,0
2024-03-05 04:00:00,0,0,0
2024-03-05 05:00:00,0,0,0
2024-03-05 06:00:00,0,0,0
2024-03-05 07:00:00,0,0,0
2024-03-05 08:00:00,0,0,0
2024-03-05 09:00:00,0,0,0
2024-03-05 10:00:00,0,0,0
2024-03-05 11:00:00,0,0,0
2024-03-05 12:00:00,0,0,0
2024-03-05 13:00:00,0,0,0
2024-03-05 14:00:00,0,0,0
2024-03-05 15:00:00,0,0,0
2024-03-05 16:00:00,0,0,0
2024-03-05 17:00:00,0,0,0
2024-03-05 18:00:00,0,0,0
2024-03-05 19:00:00,0,0,0
2024-03-05 20:00:00,0,0,0
2024-03-05 21:00:00,0,0,0
2024-03-05 22:00:00,0,0,0
2024-03-05 23:00:00,0,0,0
2024-03-06 00:00:00,0,0,0
2024-03-06 01:00:00,0,0,0
2024-03-06 02:00:00,0,0,0
2024-03-06 03:00:00,0,0,0
2024-03-06 04:00:00,0,0,0
2024-03-06 05:00:00,0,0,0
2024-03-06 06:00:00,0,0,0
2024-03-06 07:00:00,0,0,0
2024-03-06 08:00:00,0,0,0
2024-03-06 09:00:00,0,0,0
2024-03-06 10:00:00,0,0,0
2024-03-06 11:00:00,0,0,0
2024-03-06 12:00:00,0,0,0
2024-03-06 13:00:00,0,0,0
2024-03-06 14:00:00,0,0,0
2024-03-06 15:00:00,0,0,0
2024-03-06 16:00:00,0,0,0
2024-03-06 17:00:00,0,0,0
2024-03-06 18:00:00,0,0,0
2024-03-06 19:00:00,0,0,0
2024-03-06 20:00:00,0,0,0
2024-03-06 21:00:00,0,0,0
2024-03-06 22:00:00,0,0,0
2024-03-06 23:00:00,0,0,0
2024-03-07 00:00:00,0,0,0
2024-03-07 01:00:00,0,0,0
2024-03-07 02:00:00,0,0,0
2024-03-07 03:00:00,0,0,0
2024-03-07 04:00:00,0,0,0
2024-03-07 05:00:00,0,0,0
2024-03-07 06:00:00,0,0,0
2024-03-07 07:00:00,0,0,0
2024-03-07 08:00:00,0,0,0
2024-03-07 09:00:00,0,0,0
2024-03-07 10:00:00,0,0,0
2024-03-07 11:00:00,0,0,0
2024-03-07 12:00:00,0,0,0
2024-03-07 13:00:00,0,0,0
2024-03-07 14:00:00,0,0,0
2024-03-07 15:00:00,0,0,0
2024-03-07 16:00:00,0,0,0
2024-03-07 17:00:00,0,0,0
2024-03-07 18:00:00,0,0,0
2024-03-07 19:00:00,0,0,0
2024-03-07 20:00:00,0,0,0
2024-03-07 21:00:00,0,0,0
2024-03-07 22:00:00,0,0,0
2024-03-07 23:00:00,0,0,0
2024-03-08 00:00:00,0,0,0
2024-03-08 01:00:00,0,0,0
2024-03-08 02:00:00,0,0,0
2024-03-08 03:00:00,0,0,0
2024-03-08 04:00:00,0,0,0
2024-03-08 05:00:00,0,0,0
2024-03-08 06:00:00,0,0,0
2024-03-08 07:00:00,0,0,0
2024-03-08 08:00:00,0,0,0
2024-03-08 09:00:00,0,0,0
2024-03-08 10:00:00,0,0,0
2024-03-08 11:00:00,0,0,0
2024-03-08 12:00:00,0,0,0
2024-03-08 13:00:00,0,0,0
2024-03-08 14:00:00,0,0,0
2024-03-08 15:00:00,0,0,0
2024-03-08 16:00:00,0,0,0
2024-03-08 17:00:00,0,0,0
2024-03-08 18:00:00,0,0,0
2024-03-08 19:00:00,0,0,0
2024-03-08 20:00:00,0,0,0
2024-03-08 21:00:00,0,0,0
2024-03-08 22:00:00,0,0,0
2024-03-08 23:00:00,0,0,0
2024-03-09 00:00:00,0,0,0
2024-03-09 01:00:00,0,0,0
2024-03-09 02:00:00,0,0,0
2024-03-09 03:00:00,0,0,0
2024-03-09 04:00:00,0,0,0
2024-03-09 05:00:00,0,0,0
2024-03-09 06:00:00,0,0,0
2024-03-09 07:00:00,0,0,0
2024-03-09 08:00:00,0,0,0
2024-03-09 09:00:00,0,0,0
2024-03-09 10:00:00,0,0,0
2024-03-09 11:00:00,0,0,0
2024-03-09 12:00:00,0,0,0
2024-03-09 13:00:00,0,0,0
2024-03-09 14:00:00,0,0,0
2024-03-09 15:00:00,0,0,0
2024-03-09 16:00:00,0,0,0
2024-03-09 17:00:00,0,0,0
2024-03-09 18:00:00,0,0,0
2024-03-09 19:00:00,0,0,0
2024-03-09 20:00:00,0,0,0
2024-03-09 21:00:00,0,0,0
2024-03-09 22:00:00,0,0,0
2024-03-09 23:00:00,0,0,0
2024-03-10 00:00:00,0,0,0
2024-03-10 01:00:00,0,0,0
2024-03-10 02:00:00,0,0,0
2024-03-10 03:00:00,0,0,0
2024-03-10 04:00:00,0,0,0
2024-03-10 05:00:00,0,0,0
2024-03-10 06:00:00,0,0,0
2024-03-10 07:00:00,0,0,0
2024-03-10 08:00:00,0,0,0
2024-03-10 09:00:00,0,0,0
2024-03-10 10:00:00,0,0,0
2024-03-10 11:00:00,0,0,0
2024-03-10 12:00:00,0,0,0
2024-03-10 13:00:00,0,0,0
2024-03-10 14:00:00,0,0,0
2024-03-10 15:00:00,0,0,0
2024-03-10 16:00:00,0,0,0
2024-03-10 17:00:00,0,0,0
2024-03-10 18:00:00,0,0,0
2024-03-10 19:00:00,0,0,0
2024-03-10 20:00:00,0,0,0
2024-03-10 21:00:00,0,0,0
2024-03-10 22:00:00,0,0,0
2024-03-10 23:00:00,0,0,0
2024-03-11 00:00:00,0,0,0
2024-03-11 01:00:00,0,0,0
2024-03-11 02:00:00,0,0,0
2024-03-11 03:00:00,0,0,0
2024-03-11 04:00:00,0,0,0
2024-03-11 05:00:00,0,0,0
2024-03-11 06:00:00,0,0,0
2024-03-11 07:00:00,0,0,0
2024-03-11 08:00:00,0,0,0
2024-03-11 09:00:00,0,0,0
2024-03-11 10:00:00,0,0,0
2024-03-11 11:00:00,0,0,0
2024-03-11 12:00:00,0,0,0
2024-03-11 13:00:00,0,0,0
2024-03-11 14:00:00,0,0,0
2024-03-11 15:00:00,0,0,0
2024-03-11 16:00:00,0,0,0
2024-03-11 17:00:00,0,0,0
2024-03-11 18:00:00,0,0,0
2024-03-11 19:00:00,0,0,0
2024-03-11 20:00:00,0,0,0
2024-03-11 21:00:00,0,0,0
2024-03-11 22:00:00,0,0,0
2024-03-11 23:00:00,0,0,0
2024-03-12 00:00:00,0,0,0
2024-03-12 01:00:00,0,0,0
2024-03-12 02:00:00,0,0,0
2024-03-12 03:00:00,0,0,0
2024-03-12 04:00:00,0,0,0
2024-03-12 05:00:00,0,0,0
2024-03-12 06:00:00,0,0,0
2024-03-12 07:00:00,0,0,0
2024-03-12 08:00:00,0,0,0
2024-03-12 09:00:00,0,0,0
2024-03-12 10:00:00,0,0,0
2024-03-12 11:00:00,0,0,0
2024-03-12 12:00:00,0,0,0
2024-03-12 13:00:00,0,0,0
2024-03-12 14:00:00,0,0,0
2024-03-12 15:00:00,0,0,0
2024-03-12 16:00:00,0,0,0
2024-03-12 17:00:00,0,0,0
2024-03-12 18:00:00,0,0,0
2024-03-12 19:00:00,0,0,0
2024-03-12 20:00:00,0,0,0
2024-03-12 21:00:00,0,0,0
2024-03-12 22:00:00,0,0,0
2024-03-12 23:00:00,0,0,0
2024-03-13 00:00:00,0,0,0
2024-03-13 01:00:00,0,0,0
2024-03-13 02:00:00,0,0,0
2024-03-13 03:00:00,0,0,0
2024-03-13 04:00:00,0,0,0
2024-03-13 05:00:00,0,0,0
2024-03-13 06:00:00,0,0,0
2024-03-13 07:00:00,0,0,0
2024-03-13 08:00:00,0,0,0
2024-03-13 09:00:00,0,0,0
2024-03-13 10:00:00,0,0,0
2024-03-13 11:00:00,0,0,0
2024-03-13 12:00:00,0,0,0
2024-03-13 13:00:00,0,0,0
2024-03-13 14:00:00,0,0,0
2024-03-13 15:00:00,0,0,0
2024-03-13 16:00:00,0,0,0
2024-03-13 17:00:00,0,0,0
2024-03-13 18:00:00,0,0,0
2024-03-13 19:00:00,0,0,0
2024-03-13 20:00:00,0,0,0
2024-03-13 21:00:00,0,0,0
2024-03-13 22:00:00,0,0,0
2024-03-13 23:00:00,0,0,0
2024-03-14 00:00:00,0,0,0
2024-03-14 01:00:00,0,0,0
2024-03-14 02:00:00,0,0,0
2024-03-14 03:00:00,0,0,0
2024-03-14 04:00:00,0,0,0
2024-03-14 05:00:00,0,0,0
2024-03-14 06:00:00,0,0,0
2024-03-14 07:00:00,0,0,0
2024-03-14 08:00:00,0,0,0
2024-03-14 09:00:00,0,0,0
2024-03-14 10:00:00,0,0,0
2024-03-14 11:00:00,0,0,0
2024-03-14 12:00:00,0,0,0
2024-03-14 13:00:00,0,0,0
2024-03-14 14:00:00,0,0,0
2024-03-14 15:00:00,0,0,0
2024-03-14 16:00:00,0,0,0
2024-03-14 17:00:00,0,0,0
2024-03-14 18:00:00,0,0,0
2024-03-14 19:00:00,0,0,0
2024-03-14 20:00:00,0,0,0
2024-03-14 21:00:00,0,0,0
2024-03-14 22:00:00,0,0,0
2024-03-14 23:00:00,0,0,0
2024-03-15 00:00:00,0,0,0
2024-03-15 01:00:00,0,0,0
2024-03-15 02:00:00,0,0,0
2024-03-15 03:00:00,0,0,0
2024-03-15 04:00:00,0,0,0
2024-03-15 05:00:00,0,0,0
2024-03-15 06:00:00,0,0,0
2024-03-15 07:00:00,0,0,0
2024-03-15 08:00:00,0,0,0
2024-03-15 09:00:00,0,0,0
2024-03-15 10:00:00,0,0,0
2024-03-15 11:00:00,0,0,0
2024-03-15 12:00:00,0,0,0
2024-03-15 13:00:00,0,0,0
2024-03-15 14:00:00,0,0,0
2024-03-15 15:00:00,0,0,0
2024-03-15 16:00:00,0,0,0
2024-03-15 17:00:00,0,0,0
2024-03-15 18:00:00,0,0,0
2024-03-15 19:00:00,0,0,0
2024-03-15 20:00:00,0,0,0
2024-03-15 21:00:00,0,0,0
2024-03-15 22:00:00,0,0,0
2024-03-15 23:00:00,0,0,0
2024-03-16 00:00:00,0,0,0
2024-03-16 01:00:00,0,0,0
2024-03-16 02:00:00,0,0,0
2024-03-16 03:00:00,0,0,0
2024-03-16 04:00:00,0,0,0
2024-03-16 05:00:00,0,0,0
2024-03-16 06:00:00,0,0,0
2024-03-16 07:00:00,0,0,0
2024-03-16 08:00:00,0,0,0
2024-03-16 09:00:00,0,0,0
2024-03-16 10:00:00,0,0,0
2024-03-16 11:00:00,0,0,0
2024-03-16 12:00:00,0,0,0
2024-03-16 13:00:00,0,0,0
2024-03-16 14:00:00,0,0,0
2024-03-16 15:00:00,0,0,0
2024-03-16 16:00:00,0,0,0
2024-03-16 17:00:00,0,0,0
2024-03-16 18:00:00,0,0,0
2024-03-16 19:00:00,0,0,0
2024-03-16 20:00:00,0,0,0
2024-03-16 21:00:00,0,0,0
2024-03-16 22:00:00,0,0,0
2024-03-16 23:00:00,0,0,0
2024-03-17 00:00:00,0,0,0
2024-03-17 01:00:00,0,0,0
2024-03-17 02:00:00,0,0,0
2024-03-17 03:00:00,0,0,0
2024-03-17 04:00:00,0,0,0
2024-03-17 05:00:00,0,0,0
2024-03-17 06:00:00,0,0,0
2024-03-17 07:00:00,0,0,0
2024-03-17 08:00:00,0,0,0
2024-03-17 09:00:00,0,0,0
2024-03-17 10:00:00,0,0,0
2024-03-17 11:00:00,0,0,0
2024-03-17 12:00:00,0,0,0
2024-03-17 13:00:00,0,0,0
2024-03-17 14:00:00,0,0,0
2024-03-17 15:00:00,0,0,0
2024-03-17 16:00:00,0,0,0
2024-03-17 17:00:00,0,0,0
2024-03-17 18:00:00,0,0,0
2024-03-17 19:00:00,0,0,0
2024-03-17 20:00:00,0,0,0
2024-03-17 21:00:00,0,0,0
2024-03-17 22:00:00,0,0,0
2024-03-17 23:00:00,0,0,0
2024-03-18 00:00:00,0,0,0
2024-03-18 01:00:00,0,0,0
2024-03-18 02:00:00,0,0,0
2024-03-18 03:00:00,0,0,0
2024-03-18 04:00:00,0,0,0
2024-03-18 05:00:00,0,0,0
2024-03-18 06:00:00,0,0,0
2024-03-18 07:00:00,0,0,0
2024-03-18 08:00:00,0,0,0
2024-03-18 09:00:00,0,0,0
2024-03-18 10:00:00,0,0,0
2024-03-18 11:00:00,0,0,0
2024-03-18 12:00:00,0,0,0
2024-03-18 13:00:00,0,0,0
2024-03-18 14:00:00,0,0,0
2024-03-18 15:00:00,0,0,0
2024-03-18 16:00:00,0,0,0
2024-03-18 17:00:00,0,0,0
2024-03-18 18:00:00,0,0,0
2024-03-18 19:00:00,0,0,0
2024-03-18 20:00:00,0,0,0
2024-03-18 21:00:00,0,0,0
2024-03-18 22:00:00,0,0,0
2024-03-18 23:00:00,0,0,0
2024-03-19 00:00:00,0,0,0
2024-03-19 01:00:00,0,0,0
2024-03-19 02:00:00,0,0,0
2024-03-19 03:00:00,0,0,0
2024-03-19 04:00:00,0,0,0
2024-03-19 05:00:00,0,0,0
2024-03-19 06:00:00,0,0,0
2024-03-19 07:00:00,0,0,0
2024-03-19 08:00:00,0,0,0
2024-03-19 09:00:00,0,0,0
2024-03-19 10:00:00,0,0,0
2024-03-19 11:00:00,0,0,0
2024-03-19 12:00:00,0,0,0
2024-03-19 13:00:00,0,0,0
2024-03-19 14:00:00,0,0,0
2024-03-19 15:00:00,0,0,0
2024-03-19 16:00:00,0,0,0
2024-03-19 17:00:00,0,0,0
2024-03-19 18:00:00,0,0,0
2024-03-19 19:00:00,0,0,0
2024-03-19 20:00:00,0,0,0
2024-03-19 21:00:00,0,0,0
2024-03-19 22:00:00,0,0,0
2024-03-19 23:00:00,0,0,0
2024-03-20 00:00:00,0,0,0
2024-03-20 01:00:00,0,0,0
2024-03-20 02:00:00,0,0,0
2024-03-20 03:00:00,0,0,0
2024-03-20 04:00:00,0,0,0
2024-03-20 05:00:00,0,0,0
2024-03-20 06:00:00,0,0,0
2024-03-20 07:00:00,0,0,0
2024-03-20 08:00:00,0,0,0
2024-03-20 09:00:00,0,0,0
2024-03-20 10:00:00,0,0,0
2024-03-20 11:00:00,0,0,0
2024-03-20 12:00:00,0,0,0
2024-03-20 13:00:00,0,0,0
2024-03-20 14:00:00,0,0,0
2024-03-20 15:00:00,0,0,0
2024-03-20 16:00:00,0,0,0
2024-03-20 17:00:00,0,0,0
2024-03-20 18:00:00,0,0,0
2024-03-20 19:00:00,0,0,0
2024-03-20 20:00:00,0,0,0
2024-03-20 21:00:00,0,0,0
2024-03-20 22:00:00,0,0,0
2024-03-20 23:00:00,0,0,0
2024-03-21 00:00:00,0,0,0
2024-03-21 01:00:00,0,0,0
2024-03-21 02:00:00,0,0,0
2024-03-21 03:00:00,0,0,0
2024-03-21 04:00:00,0,0,0
2024-03-21 05:00:00,0,0,0
2024-03-21 06:00:00,0,0,0
2024-03-21 07:00:00,0,0,0
2024-03-21 08:00:00,0,0,0
2024-03-21 09:00:00,0,0,0
2024-03-21 10:00:00,0,0,0
2024-03-21 11:00:00,0,0,0
2024-03-21 12:00:00,0,0,0
2024-03-21 13:00:00,0,0,0
2024-03-21 14:00:00,0,0,0
2024-03-21 15:00:00,0,0,0
2024-03-21 16:00:00,0,0,0
2024-03-21 17:00:00,0,0,0
2024-03-21 18:00:00,0,0,0
2024-03-21 19:00:00,0,0,0
2024-03-21 20:00:00,0,0,0
2024-03-21 21:00:00,0,0,0
2024-03-21 22:00:00,0,0,0
2024-03-21 23:00:00,0,0,0
2024-03-22 00:00:00,0,0,0
2024-03-22 01:00:00,0,0,0
2024-03-22 02:00:00,0,0,0
2024-03-22 03:00:00,0,0,0
2024-03-22 04:00:00,0,0,0
2024-03-22 05:00:00,0,0,0
2024-03-22 06:00:00,0,0,0
2024-03-22 07:00:00,0,0,0
2024-03-22 08:00:00,0,0,0
2024-03-22 09:00:00,0,0,0
2024-03-22 10:00:00,0,0,0
2024-03-22 11:00:00,0,0,0
2024-03-22 12:00:00,0,0,0
2024-03-22 13:00:00,0,0,0
2024-03-22 14:00:00,0,0,0
2024-03-22 15:00:00,0,0,0
2024-03-22 16:00:00,0,0,0
2024-03-22 17:00:00,0,0,0
2024-03-22 18:00:00,0,0,0
2024-03-22 19:00:00,0,0,0
2024-03-22 20:00:00,0,0,0
2024-03-22 21:00:00,0,0,0
2024-03-22 22:00:00,0,0,0
2024-03-22 23:00:00,0,0,0
2024-03-23 00:00:00,0,0,0
2024-03-23 01:00:00,0,0,0
2024-03-23 02:00:00,0,0,0
2024-03-23 03:00:00,0,0,0
2024-03-23 04:00:00,0,0,0
2024-03-23 05:00:00,0,0,0
2024-03-23 06:00:00,0,0,0
2024-03-23 07:00:00,0,0,0
2024-03-23 08:00:00,0,0,0
2024-03-23 09:00:00,0,0,0
2024-03-23 10:00:00,0,0,0
2024-03-23 11:00:00,0,0,0
2024-03-23 12:00:00,0,0,0
2024-03-23 13:00:00,0,0,0
2024-03-23 14:00:00,0,0,0
2024-03-23 15:00:00,0,0,0
2024-03-23 16:00:00,0,0,0
2024-03-23 17:00:00,0,0,0
2024-03-23 18:00:00,0,0,0
2024-03-23 19:00:00,0,0,0
2024-03-23 20:00:00,0,0,0
2024-03-23 21:00:00,0,0,0
2024-03-23 22:00:00,0,0,0
2024-03-23 23:00:00,0,0,0
2024-03-24 00:00:00,0,0,0
2024-03-24 01:00:00,0,0,0
2024-03-24 02:00:00,0,0,0
2024-03-24 03:00:00,0,0,0
2024-03-24 04:00:00,0,0,0
2024-03-24 05:00:00,0,0,0
2024-03-24 06:00:00,0,0,0
2024-03-24 07:00:00,0,0,0
2024-03-24 08:00:00,0,0,0
2024-03-24 09:00:00,0,0,0
2024-03-24 10:00:00,0,0,0
2024-03-24 11:00:00,0,0,0
2024-03-24 12:00:00,0,0,0
2024-03-24 13:00:00,0,0,0
2024-03-24 14:00:00,0,0,0
2024-03-24 15:00:00,0,0,0
2024-03-24 16:00:00,0,0,0
2024-03-24 17:00:00,0,0,0
2024-03-24 18:00:00,0,0,0
2024-03-24 19:00:00,0,0,0
2024-03-24 20:00:00,0,0,0
2024-03-24 21:00:00,0,0,0
2024-03-24 22:00:00,0,0,0
2024-03-24 23:00:00,0,0,0
2024-03-25 00:00:00,0,0,0
2024-03-25 01:00:00,0,0,0
2024-03-25 02:00:00,0,0,0
2024-03-25 03:00:00,0,0,0
2024-03-25 04:00:00,0,0,0
2024-03-25 05:00:00,0,0,0
2024-03-25 06:00:00,0,0,0
2024-03-25 07:00:00,0,0,0
2024-03-25 08:00:00,0,0,0
2024-03-25 09:00:00,0,0,0
2024-03-25 10:00:00,0,0,0
2024-03-25 11:00:00,0,0,0
2024-03-25 12:00:00,0,0,0
2024-03-25 13:00:00,0,0,0
2024-03-25 14:00:00,0,0,0
2024-03-25 15:00:00,0,0,0
2024-03-25 16:00:00,0,0,0
2024-03-25 17:00:00,0,0,0
2024-03-25 18:00:00,0,0,0
2024-03-25 19:00:00,0,0,0
2024-03-25 20:00:00,0,0,0
2024-03-25 21:00:00,0,0,0
2024-03-25 22:00:00,0,0,0
2024-03-25 23:00:00,0,0,0
2024-03-26 00:00:00,0,0,0
2024-03-26 01:00:00,0,0,0
2024-03-26 02:00:00,0,0,0
2024-03-26 03:00:00,0,0,0
2024-03-26 04:00:00,0,0,0
2024-03-26 05:00:00,0,0,0
2024-03-26 06:00:00,0,0,0
2024-03-26 07:00:00,0,0,0
2024-03-26 08:00:00,0,0,0
2024-03-26 09:00:00,0,0,0
2024-03-26 10:00:00,0,0,0
2024-03-26 11:00:00,0,0,0
2024-03-26 12:00:00,0,0,0
2024-03-26 13:00:00,0,0,0
2024-03-26 14:00:00,0,0,0
2024-03-26 15:00:00,0,0,0
2024-03-26 16:00:00,0,0,0
2024-03-26 17:00:00,0,0,0
2024-03-26 18:00:00,0,0,0
2024-03-26 19:00:00,0,0,0
2024-03-26 20:00:00,0,0,0
2024-03-26 21:00:00,0,0,0
2024-03-26 22:00:00,0,0,0
2024-03-26 23:00:00,0,0,0
2024-03-27 00:00:00,0,0,0
2024-03-27 01:00:00,0,0,0
2024-03-27 02:00:00,0,0,0
2024-03-27 03:00:00,0,0,0
2024-03-27 04:00:00,0,0,0
2024-03-27 05:00:00,0,0,0
2024-03-27 06:00:00,0,0,0
2024-03-27 07:00:00,0,0,0
2024-03-27 08:00:00,0,0,0
2024-03-27 09:00:00,0,0,0
2024-03-27 10:00:00,0,0,0
2024-03-27 11:00:00,0,0,0
2024-03-27 12:00:00,0,0,0
2024-03-27 13:00:00,0,0,0
2024-03-27 14:00:00,0,0,0
2024-03-27 15:00:00,0,0,0
2024-03-27 16:00:00,0,0,0
2024-03-27 17:00:00,0,0,0
2024-03-27 18:00:00,0,0,0
2024-03-27 19:00:00,0,0,0
2024-03-27 20:00:00,0,0,0
2024-03-27 21:00:00,0,0,0
2024-03-27 22:00:00,0,0,0
2024-03-27 23:00:00,0,0,0
2024-03-28 00:00:00,0,0,0
2024-03-28 01:00:00,0,0,0
2024-03-28 02:00:00,0,0,0
2024-03-28 03:00:00,0,0,0
2024-03-28 04:00:00,0,0,0
2024-03-28 05:00:00,0,0,0
2024-03-28 06:00:00,0,0,0
2024-03-28 07:00:00,0,0,0
2024-03-28 08:00:00,0,0,0
2024-03-28 09:00:00,0,0,0
2024-03-28 10:00:00,0,0,0
2024-03-28 11:00:00,0,0,0
2024-03-28 12:00:00,0,0,0
2024-03-28 13:00:00,0,0,0
2024-03-28 14:00:00,0,0,0
2024-03-28 15:00:00,0,0,0
2024-03-28 16:00:00,0,0,0
2024-03-28 17:00:00,0,0,0
2024-03-28 18:00:00,0,0,0
2024-03-28 19:00:00,0,0,0
2024-03-28 20:00:00,0,0,0
2024-03-28 21:00:00,0,0,0
2024-03-28 22:00:00,0,0,0
2024-03-28 23:00:00,0,0,0
2024-03-29 00:00:00,0,0,0
2024-03-29 01:00:00,0,0,0
2024-03-29 02:00:00,0,0,0
2024-03-29 03:00:00,0,0,0
2024-03-29 04:00:00,0,0,0
2024-03-29 05:00:00,0,0,0
2024-03-29 06:00:00,0,0,0
2024-03-29 07:00:00,0,0,0
2024-03-29 08:00:00,0,0,0
2024-03-29 09:00:00,0,0,0
2024-03-29 10:00:00,0,0,0
2024-03-29 11:00:00,0,0,0
2024-03-29 12:00:00,0,0,0
2024-03-29 13:00:00,0,0,0
2024-03-29 14:00:00,0,0,0
2024-03-29 15:00:00,0,0,0
2024-03-29 16:00:00,0,0,0
2024-03-29 17:00:00,0,0,0
2024-03-29 18:00:00,0,0,0
2024-03-29 19:00:00,0,0,0
2024-03-29 20:00:00,0,0,0
2024-03-29 21:00:00,0,0,0
2024-03-29 22:00:00,0,0,0
2024-03-29 23:00:00,0,0,0
2024-03-30 00:00:00,0,0,0
2024-03-30 01:00:00,0,0,0
2024-03-30 02:00:00,0,0,0
2024-03-30 03:00:00,0,0,0
2024-03-30 04:00:00,0,0,0
2024-03-30 05:00:00,0,0,0
2024-03-30 06:00:00,0,0,0
2024-03-30 07:00:00,0,0,0
2024-03-30 08:00:00,0,0,0
2024-03-30 09:00:00,0,0,0
2024-03-30 10:00:00,0,0,0
2024-03-30 11:00:00,0,0,0
2024-03-30 12:00:00,0,0,0
2024-03-30 13:00:00,0,0,0
2024-03-30 14:00:00,0,0,0
2024-03-30 15:00:00,0,0,0
2024-03-30 16:00:00,0,0,0
2024-03-30 17:00:00,0,0,0
2024-03-30 18:00:00,0,0,0
2024-03-30 19:00:00,0,0,0
2024-03-30 20:00:00,0,0,0
2024-03-30 21:00:00,0,0,0
2024-03-30 22:00:00,0,0,0
2024-03-30 23:00:00,0,0,0
2024-03-31 00:00:00,0,0,0
2024-03-31 01:00:00,0,0,0
2024-03-31 02:00:00,0,0,0
2024-03-31 03:00:00,0,0,0
2024-03-31 04:00:00,0,0,0
2024-03-31 05:00:00,0,0,0
2024-03-31 06:00:00,0,0,0
2024-03-31 07:00:00,0,0,0
2024-03-31 08:00:00,0,0,0
2024-03-31 09:00:00,0,0,0
2024-03-31 10:00:00,0,0,0
2024-03-31 11:00:00,0,0,0
2024-03-31 12:00:00,0,0,0
2024-03-31 13:00:00,0,0,0
2024-03-31 14:00:00,0,0,0
2024-03-31 15:00:00,0,0,0
2024-03-31 16:00:00,0,0,0
2024-03-31 17:00:00,0,0,0
2024-03-31 18:00:00,0,0,0
2024-03-31 19:00:00,0,0,0
2024-03-31 20:00:00,0,0,0
2024-03-31 21:00:00,0,0,0
2024-03-31 22:00:00,0,0,0
2024-03-31 23:00:00,0,0,0
2024-04-01 00:00:00,0,0,0
2024-04-01 01:00:00,0,0,0
2024-04-01 02:00:00,0,0,0
2024-04-01 03:00:00,0,0,0
2024-04-01 04:00:00,0,0,0
2024-04-01 05:00:00,0,0,0
2024-04-01 06:00:00,0,0,0
2024-04-01 07:00:00,0,0,0
2024-04-01 08:00:00,0,0,0
2024-04-01 09:00:00,0,0,0
2024-04-01 10:00:00,0,0,0
2024-04-01 11:00:00,0,0,0
2024-04-01 12:00:00,0,0,0
2024-04-01 13:00:00,0,0,0
2024-04-01 14:00:00,0,0,0
2024-04-01 15:00:00,0,0,0
2024-04-01 16:00:00,0,0,0
2024-04-01 17:00:00,0,0,0
2024-04-01 18:00:00,0,0,0
2024-04-01 19:00:00,0,0,0
2024-04-01 20:00:00,0,0,0
2024-04-01 21:00:00,0,0,0
2024-04-01 22:00:00,0,0,0
2024-04-01 23:00:00,0,0,0
2024-04-02 00:00:00,0,0,0
2024-04-02 01:00:00,0,0,0
2024-04-02 02:00:00,0,0,0
2024-04-02 03:00:00,0,0,0
2024-04-02 04:00:00,0,0,0
2024-04-02 05:00:00,0,0,0
2024-04-02 06:00:00,0,0,0
2024-04-02 07:00:00,0,0,0
2024-04-02 08:00:00,0,0,0
2024-04-02 09:00:00,0,0,0
2024-04-02 10:00:00,0,0,0
2024-04-02 11:00:00,0,0,0
2024-04-02 12:00:00,0,0,0
2024-04-02 13:00:00,0,0,0
2024-04-02 14:00:00,0,0,0
2024-04-02 15:00:00,0,0,0
2024-04-02 16:00:00,0,0,0
2024-04-02 17:00:00,0,0,0
2024-04-02 18:00:00,0,0,0
2024-04-02 19:00:00,0,0,0
2024-04-02 20:00:00,0,0,0
2024-04-02 21:00:00,0,0,0
2024-04-02 22:00:00,0,0,0
2024-04-02 23:00:00,0,0,0
2024-04-03 00:00:00,0,0,0
2024-04-03 01:00:00,0,0,0
2024-04-03 02:00:00,0,0,0
2024-04-03 03:00:00,0,0,0
2024-04-03 04:00:00,0,0,0
2024-04-03 05:00:00,0,0,0
2024-04-03 06:00:00,0,0,0
2024-04-03 07:00:00,0,0,0
2024-04-03 08:00:00,0,0,0
2024-04-03 09:00:00,0,0,0
2024-04-03 10:00:00,0,0,0
2024-04-03 11:00:00,0,0,0
2024-04-03 12:00:00,0,0,0
2024-04-03 13:00:00,0,0,0
2024-04-03 14:00:00,0,0,0
2024-04-03 15:00:00,0,0,0
2024-04-03 16:00:00,0,0,0
2024-04-03 17:00:00,0,0,0
2024-04-03 18:00:00,0,0,0
2024-04-03 19:00:00,0,0,0
2024-04-03 20:00:00,0,0,0
2024-04-03 21:00:00,0,0,0
2024-04-03 22:00:00,0,0,0
2024-04-03 23:00:00,0,0,0
2024-04-04 00:00:00,0,0,0
2024-04-04 01:00:00,0,0,0
2024-04-04 02:00:00,0,0,0
2024-04-04 03:00:00,0,0,0
2024-04-04 04:00:00,0,0,0
2024-04-04 05:00:00,0,0,0
2024-04-04 06:00:00,0,0,0
2024-04-04 07:00:00,0,0,0
2024-04-04 08:00:00,0,0,0
2024-04-04 09:00:00,0,0,0
2024-04-04 10:00:00,0,0,0
2024-04-04 11:00:00,0,0,0
2024-04-04 12:00:00,0,0,0
2024-04-04 13:00:00,0,0,0
2024-04-04 14:00:00,0,0,0
2024-04-04 15:00:00,0,0,0
2024-04-04 16:00:00,0,0,0
2024-04-04 17:00:00,0,0,0
2024-04-04 18:00:00,0,0,0
2024-04-04 19:00:00,0,0,0
2024-04-04 20:00:00,0,0,0
2024-04-04 21:00:00,0,0,0
2024-04-04 22:00:00,0,0,0
2024-04-04 23:00:00,0,0,0
2024-04-05 00:00:00,0,0,0
2024-04-05 01:00:00,0,0,0
2024-04-05 02:00:00,0,0,0
2024-04-05 03:00:00,0,0,0
2024-04-05 04:00:00,0,0,0
2024-04-05 05:00:00,0,0,0
2024-04-05 06:00:00,0,0,0
2024-04-05 07:00:00,0,0,0
2024-04-05 08:00:00,0,0,0
2024-04-05 09:00:00,0,0,0
2024-04-05 10:00:00,0,0,0
2024-04-05 11:00:00,0,0,0
2024-04-05 12:00:00,0,0,0
2024-04-05 13:00:00,0,0,0
2024-04-05 14:00:00,0,0,0
2024-04-05 15:00:00,0,0,0
2024-04-05 16:00:00,0,0,0
2024-04-05 17:00:00,0,0,0
2024-04-05 18:00:00,0,0,0
2024-04-05 19:00:00,0,0,0
2024-04-05 20:00:00,0,0,0
2024-04-05 21:00:00,0,0,0
2024-04-05 22:00:00,0,0,0
2024-04-05 23:00:00,0,0,0
2024-04-06 00:00:00,0,0,0
2024-04-06 01:00:00,0,0,0
2024-04-06 02:00:00,0,0,0
2024-04-06 03:00:00,0,0,0
2024-04-06 04:00:00,0,0,0
2024-04-06 05:00:00,0,0,0
2024-04-06 06:00:00,0,0,0
2024-04-06 07:00:00,0,0,0
2024-04-06 08:00:00,0,0,0
2024-04-06 09:00:00,0,0,0
2024-04-06 10:00:00,0,0,0
2024-04-06 11:00:00,0,0,0
2024-04-06 12:00:00,0,0,0
2024-04-06 13:00:00,0,0,0
2024-04-06 14:00:00,0,0,0
2024-04-06 15:00:00,0,0,0
2024-04-06 16:00:00,0,0,0
2024-04-06 17:00:00,0,0,0
2024-04-06 18:00:00,0,0,0
2024-04-06 19:00:00,0,0,0
2024-04-06 20:00:00,0,0,0
2024-04-06 21:00:00,0,0,0
2024-04-06 22:00:00,0,0,0
2024-04-06 23:00:00,0,0,0
2024-04-07 00:00:00,0,0,0
2024-04-07 01:00:00,0,0,0
2024-04-07 02:00:00,0,0,0
2024-04-07 03:00:00,0,0,0
2024-04-07 04:00:00,0,0,0
2024-04-07 05:00:00,0,0,0
2024-04-07 06:00:00,0,0,0
2024-04-07 07:00:00,0,0,0
2024-04-07 08:00:00,0,0,0
2024-04-07 09:00:00,0,0,0
2024-04-07 10:00:00,0,0,0
2024-04-07 11:00:00,0,0,0
2024-04-07 12:00:00,0,0,0
2024-04-07 13:00:00,0,0,0
2024-04-07 14:00:00,0,0,0
2024-04-07 15:00:00,0,0,0
2024-04-07 16:00:00,0,0,0
2024-04-07 17:00:00,0,0,0
2024-04-07 18:00:00,0,0,0
2024-04-07 19:00:00,0,0,0
2024-04-07 20:00:00,0,0,0
2024-04-07 21:00:00,0,0,0
2024-04-07 22:00:00,0,0,0
2024-04-07 23:00:00,0,0,0
2024-04-08 00:00:00,0,0,0
2024-04-08 01:00:00,0,0,0
2024-04-08 02:00:00,0,0,0
2024-04-08 03:00:00,0,0,0
2024-04-08 04:00:00,0,0,0
2024-04-08 05:00:00,0,0,0
2024-04-08 06:00:00,0,0,0
2024-04-08 07:00:00,0,0,0
2024-04-08 08:00:00,0,0,0
2024-04-08 09:00:00,0,0,0
2024-04-08 10:00:00,0,0,0
2024-04-08 11:00:00,0,0,0
2024-04-08 12:00:00,0,0,0
2024-04-08 13:00:00,0,0,0
2024-04-08 14:00:00,0,0,0
2024-04-08 15:00:00,0,0,0
2024-04-08 16:00:00,0,0,0
2024-04-08 17:00:00,0,0,0
2024-04-08 18:00:00,0,0,0
2024-04-08 19:00:00,0,0,0
2024-04-08 20:00:00,0,0,0
2024-04-08 21:00:00,0,0,0
2024-04-08 22:00:00,0,0,0
2024-04-08 23:00:00,0,0,0
2024-04-09 00:00:00,0,0,0
2024-04-09 01:00:00,0,0,0
2024-04-09 02:00:00,0,0,0
2024-04-09 03:00:00,0,0,0
2024-04-09 04:00:00,0,0,0
2024-04-09 05:00:00,0,0,0
2024-04-09 06:00:00,0,0,0
2024-04-09 07:00:00,0,0,0
2024-04-09 08:00:00,0,0,0
2024-04-09 09:00:00,0,0,0
2024-04-09 10:00:00,0,0,0
2024-04-09 11:00:00,0,0,0
2024-04-09 12:00:00,0,0,0
2024-04-09 13:00:00,0,0,0
2024-04-09 14:00:00,0,0,0
2024-04-09 15:00:00,0,0,0
2024-04-09 16:00:00,0,0,0
2024-04-09 17:00:00,0,0,0
2024-04-09 18:00:00,0,0,0
2024-04-09 19:00:00,0,0,0
2024-04-09 20:00:00,0,0,0
2024-04-09 21:00:00,0,0,0
2024-04-09 22:00:00,0,0,0
2024-04-09 23:00:00,0,0,0
2024-04-10 00:00:00,0,0,0
2024-04-10 01:00:00,0,0,0
2024-04-10 02:00:00,0,0,0
2024-04-10 03:00:00,0,0,0
2024-04-10 04:00:00,0,0,0
2024-04-10 05:00:00,0,0,0
2024-04-10 06:00:00,0,0,0
2024-04-10 07:00:00,0,0,0
2024-04-10 08:00:00,0,0,0
2024-04-10 09:00:00,0,0,0
2024-04-10 10:00:00,0,0,0
2024-04-10 11:00:00,0,0,0
2024-04-10 12:00:00,0,0,0
2024-04-10 13:00:00,0,0,0
2024-04-10 14:00:00,0,0,0
2024-04-10 15:00:00,0,0,0
2024-04-10 16:00:00,0,0,0
2024-04-10 17:00:00,0,0,0
2024-04-10 18:00:00,0,0,0
2024-04-10 19:00:00,0,0,0
2024-04-10 20:00:00,0,0,0
2024-04-10 21:00:00,0,0,0
2024-04-10 22:00:00,0,0,0
2024-04-10 23:00:00,0,0,0
2024-04-11 00:00:00,0,0,0
2024-04-11 01:00:00,0,0,0
2024-04-11 02:00:00,0,0,0
2024-04-11 03:00:00,0,0,0
2024-04-11 04:00:00,0,0,0
2024-04-11 05:00:00,0,0,0
2024-04-11 06:00:00,0,0,0
2024-04-11 07:00:00,0,0,0
2024-04-11 08:00:00,0,0,0
2024-04-11 09:00:00,0,0,0
2024-04-11 10:00:00,0,0,0
2024-04-11 11:00:00,0,0,0
2024-04-11 12:00:00,0,0,0
2024-04-11 13:00:00,0,0,0
2024-04-11 14:00:00,0,0,0
2024-04-11 15:00:00,0,0,0
2024-04-11 16:00:00,0,0,0
2024-04-11 17:00:00,0,0,0
2024-04-11 18:00:00,0,0,0
2024-04-11 19:00:00,0,0,0
2024-04-11 20:00:00,0,0,0
2024-04-11 21:00:00,0,0,0
2024-04-11 22:00:00,0,0,0
2024-04-11 23:00:00,0,0,0
2024-04-12 00:00:00,0,0,0
2024-04-12 01:00:00,0,0,0
2024-04-12 02:00:00,0,0,0
2024-04-12 03:00:00,0,0,0
2024-04-12 04:00:00,0,0,0
2024-04-12 05:00:00,0,0,0
2024-04-12 06:00:00,0,0,0
2024-04-12 07:00:00,0,0,0
2024-04-12 08:00:00,0,0,0
2024-04-12 09:00:00,0,0,0
2024-04-12 10:00:00,0,0,0
2024-04-12 11:00:00,0,0,0
2024-04-12 12:00:00,0,0,0
2024-04-12 13:00:00,0,0,0
2024-04-12 14:00:00,0,0,0
2024-04-12 15:00:00,0,0,0
2024-04-12 16:00:00,0,0,0
2024-04-12 17:00:00,0,0,0
2024-04-12 18:00:00,0,0,0
2024-04-12 19:00:00,0,0,0
2024-04-12 20:00:00,0,0,0
2024-04-12 21:00:00,0,0,0
2024-04-12 22:00:00,0,0,0
2024-04-12 23:00:00,0,0,0
2024-04-13 00:00:00,0,0,0
2024-04-13 01:00:00,0,0,0
2024-04-13 02:00:00,0,0,0
2024-04-13 03:00:00,0,0,0
2024-04-13 04:00:00,0,0,0
2024-04-13 05:00:00,0,0,0
2024-04-13 06:00:00,0,0,0
2024-04-13 07:00:00,0,0,0
2024-04-13 08:00:00,0,0,0
2024-04-13 09:00:00,0,0,0
2024-04-13 10:00:00,0,0,0
2024-04-13 11:00:00,0,0,0
2024-04-13 12:00:00,0,0,0
2024-04-13 13:00:00,0,0,0
2024-04-13 14:00:00,0,0,0
2024-04-13 15:00:00,0,0,0
2024-04-13 16:00:00,0,0,0
2024-04-13 17:00:00,0,0,0
2024-04-13 18:00:00,0,0,0
2024-04-13 19:00:00,0,0,0
2024-04-13 20:00:00,0,0,0
2024-04-13 21:00:00,0,0,0
2024-04-13 22:00:00,0,0,0
2024-04-13 23:00:00,0,0,0
2024-04-14 00:00:00,0,0,0
2024-04-14 01:00:00,0,0,0
2024-04-14 02:00:00,0,0,0
2024-04-14 03:00:00,0,0,0
2024-04-14 04:00:00,0,0,0
2024-04-14 05:00:00,0,0,0
2024-04-14 06:00:00,0,0,0
2024-04-14 07:00:00,0,0,0
2024-04-14 08:00:00,0,0,0
2024-04-14 09:00:00,0,0,0
2024-04-14 10:00:00,0,0,0
2024-04-14 11:00:00,0,0,0
2024-04-14 12:00:00,0,0,0
2024-04-14 13:00:00,0,0,0
2024-04-14 14:00:00,0,0,0
2024-04-14 15:00:00,0,0,0
2024-04-14 16:00:00,0,0,0
2024-04-14 17:00:00,0,0,0
2024-04-14 18:00:00,0,0,0
2024-04-14 19:00:00,0,0,0
2024-04-14 20:00:00,0,0,0
2024-04-14 21:00:00,0,0,0
2024-04-14 22:00:00,0,0,0
2024-04-14 23:00:00,0,0,0
2024-04-15 00:00:00,0,0,0
2024-04-15 01:00:00,0,0,0
2024-04-15 02:00:00,0,0,0
2024-04-15 03:00:00,0,0,0
2024-04-15 04:00:00,0,0,0
2024-04-15 05:00:00,0,0,0
2024-04-15 06:00:00,0,0,0
2024-04-15 07:00:00,0,0,0
2024-04-15 08:00:00,0,0,0
2024-04-15 09:00:00,0,0,0
2024-04-15 10:00:00,0,0,0
2024-04-15 11:00:00,0,0,0
2024-04-15 12:00:00,0,0,0
2024-04-15 13:00:00,0,0,0
2024-04-15 14:00:00,0,0,0
2024-04-15 15:00:00,0,0,0
2024-04-15 16:00:00,0,0,0
2024-04-15 17:00:00,0,0,0
2024-04-15 18:00:00,0,0,0
2024-04-15 19:00:00,0,0,0
2024-04-15 20:00:00,0,0,0
2024-04-15 21:00:00,0,0,0
2024-04-15 22:00:00,0,0,0
2024-04-15 23:00:00,0,0,0
2024-04-16 00:00:00,0,0,0
2024-04-16 01:00:00,0,0,0
2024-04-16 02:00:00,0,0,0
2024-04-16 03:00:00,0,0,0
2024-04-16 04:00:00,0,0,0
2024-04-16 05:00:00,0,0,0
2024-04-16 06:00:00,0,0,0
2024-04-16 07:00:00,0,0,0
2024-04-16 08:00:00,0,0,0
2024-04-16 09:00:00,0,0,0
2024-04-16 10:00:00,0,0,0
2024-04-16 11:00:00,0,0,0
2024-04-16 12:00:00,0,0,0
2024-04-16 13:00:00,0,0,0
2024-04-16 14:00:00,0,0,0
2024-04-16 15:00:00,0,0,0
2024-04-16 16:00:00,0,0,0
2024-04-16 17:00:00,0,0,0
2024-04-16 18:00:00,0,0,0
2024-04-16 19:00:00,0,0,0
2024-04-16 20:00:00,0,0,0
2024-04-16 21:00:00,0,0,0
2024-04-16 22:00:00,0,0,0
2024-04-16 23:00:00,0,0,0
2024-04-17 00:00:00,0,0,0
2024-04-17 01:00:00,0,0,0
2024-04-17 02:00:00,0,0,0
2024-04-17 03:00:00,0,0,0
2024-04-17 04:00:00,0,0,0
2024-04-17 05:00:00,0,0,0
2024-04-17 06:00:00,0,0,0
2024-04-17 07:00:00,0,0,0
2024-04-17 08:00:00,0,0,0
2024-04-17 09:00:00,0,0,0
2024-04-17 10:00:00,0,0,0
2024-04-17 11:00:00,0,0,0
2024-04-17 12:00:00,0,0,0
2024-04-17 13:00:00,0,0,0
2024-04-17 14:00:00,0,0,0
2024-04-17 15:00:00,0,0,0
2024-04-17 16:00:00,0,0,0
2024-04-17 17:00:00,0,0,0
2024-04-17 18:00:00,0,0,0
2024-04-17 19:00:00,0,0,0
2024-04-17 20:00:00,0,0,0
2024-04-17 21:00:00,0,0,0
2024-04-17 22:00:00,0,0,0
2024-04-17 23:00:00,0,0,0
2024-04-18 00:00:00,0,0,0
2024-04-18 01:00:00,0,0,0
2024-04-18 02:00:00,0,0,0
2024-04-18 03:00:00,0,0,0
2024-04-18 04:00:00,0,0,0
2024-04-18 05:00:00,0,0,0
2024-04-18 06:00:00,0,0,0
2024-04-18 07:00:00,0,0,0
2024-04-18 08:00:00,0,0,0
2024-04-18 09:00:00,0,0,0
2024-04-18 10:00:00,0,0,0
2024-04-18 11:00:00,0,0,0
2024-04-18 12:00:00,0,0,0
2024-04-18 13:00:00,0,0,0
2024-04-18 14:00:00,0,0,0
2024-04-18 15:00:00,0,0,0
2024-04-18 16:00:00,0,0,0
2024-04-18 17:00:00,0,0,0
2024-04-18 18:00:00,0,0,0
2024-04-18 19:00:00,0,0,0
2024-04-18 20:00:00,0,0,0
2024-04-18 21:00:00,0,0,0
2024-04-18 22:00:00,0,0,0
2024-04-18 23:00:00,0,0,0
2024-04-19 00:00:00,0,0,0
2024-04-19 01:00:00,0,0,0
2024-04-19 02:00:00,0,0,0
2024-04-19 03:00:00,0,0,0
2024-04-19 04:00:00,0,0,0
2024-04-19 05:00:00,0,0,0
2024-04-19 06:00:00,0,0,0
2024-04-19 07:00:00,0,0,0
2024-04-19 08:00:00,0,0,0
2024-04-19 09:00:00,0,0,0
2024-04-19 10:00:00,0,0,0
2024-04-19 11:00:00,0,0,0
2024-04-19 12:00:00,0,0,0
2024-04-19 13:00:00,0,0,0
2024-04-19 14:00:00,0,0,0
2024-04-19 15:00:00,0,0,0
2024-04-19 16:00:00,0,0,0
2024-04-19 17:00:00,0,0,0
2024-04-19 18:00:00,0,0,0
2024-04-19 19:00:00,0,0,0
2024-04-19 20:00:00,0,0,0
2024-04-19 21:00:00,0,0,0
2024-04-19 22:00:00,0,0,0
2024-04-19 23:00:00,0,0,0
2024-04-20 00:00:00,0,0,0
2024-04-20 01:00:00,0,0,0
2024-04-20 02:00:00,0,0,0
2024-04-20 03:00:00,0,0,0
2024-04-20 04:00:00,0,0,0
2024-04-20 05:00:00,0,0,0
2024-04-20 06:00:00,0,0,0
2024-04-20 07:00:00,0,0,0
2024-04-20 08:00:00,0,0,0
2024-04-20 09:00:00,0,0,0
2024-04-20 10:00:00,0,0,0
2024-04-20 11:00:00,0,0,0
2024-04-20 12:00:00,0,0,0
2024-04-20 13:00:00,0,0,0
2024-04-20 14:00:00,0,0,0
2024-04-20 15:00:00,0,0,0
2024-04-20 16:00:00,0,0,0
2024-04-20 17:00:00,0,0,0
2024-04-20 18:00:00,0,0,0
2024-04-20 19:00:00,0,0,0
2024-04-20 20:00:00,0,0,0
2024-04-20 21:00:00,0,0,0
2024-04-20 22:00:00,0,0,0
2024-04-20 23:00:00,0,0,0
2024-04-21 00:00:00,0,0,0
2024-04-21 01:00:00,0,0,0
2024-04-21 02:00:00,0,0,0
2024-04-21 03:00:00,0,0,0
2024-04-21 04:00:00,0,0,0
2024-04-21 05:00:00,0,0,0
2024-04-21 06:00:00,0,0,0
2024-04-21 07:00:00,0,0,0
2024-04-21 08:00:00,0,0,0
2024-04-21 09:00:00,0,0,0
2024-04-21 10:00:00,0,0,0
2024-04-21 11:00:00,0,0,0
2024-04-21 12:00:00,0,0,0
2024-04-21 13:00:00,0,0,0
2024-04-21 14:00:00,0,0,0
2024-04-21 15:00:00,0,0,0
2024-04-21 16:00:00,0,0,0
2024-04-21 17:00:00,0,0,0
2024-04-21 18:00:00,0,0,0
2024-04-21 19:00:00,0,0,0
2024-04-21 20:00:00,0,0,0
2024-04-21 21:00:00,0,0,0
2024-04-21 22:00:00,0,0,0
2024-04-21 23:00:00,0,0,0
2024-04-22 00:00:00,0,0,0
2024-04-22 01:00:00,0,0,0
2024-04-22 02:00:00,0,0,0
2024-04-22 03:00:00,0,0,0
2024-04-22 04:00:00,0,0,0
2024-04-22 05:00:00,0,0,0
2024-04-22 06:00:00,0,0,0
2024-04-22 07:00:00,0,0,0
2024-04-22 08:00:00,0,0,0
2024-04-22 09:00:00,0,0,0
2024-04-22 10:00:00,0,0,0
2024-04-22 11:00:00,0,0,0
2024-04-22 12:00:00,0,0,0
2024-04-22 13:00:00,0,0,0
2024-04-22 14:00:00,0,0,0
2024-04-22 15:00:00,0,0,0
2024-04-22 16:00:00,0,0,0
2024-04-22 17:00:00,0,0,0
2024-04-22 18:00:00,0,0,0
2024-04-22 19:00:00,0,0,0
2024-04-22 20:00:00,0,0,0
2024-04-22 21:00:00,0,0,0
2024-04-22 22:00:00,0,0,0
2024-04-22 23:00:00,0,0,0
2024-04-23 00:00:00,0,0,0
2024-04-23 01:00:00,0,0,0
2024-04-23 02:00:00,0,0,0
2024-04-23 03:00:00,0,0,0
2024-04-23 04:00:00,0,0,0
2024-04-23 05:00:00,0,0,0
2024-04-23 06:00:00,0,0,0
2024-04-23 07:00:00,0,0,0
2024-04-23 08:00:00,0,0,0
2024-04-23 09:00:00,0,0,0
2024-04-23 10:00:00,0,0,0
2024-04-23 11:00:00,0,0,0
2024-04-23 12:00:00,0,0,0
2024-04-23 13:00:00,0,0,0
2024-04-23 14:00:00,0,0,0
2024-04-23 15:00:00,0,0,0
2024-04-23 16:00:00,0,0,0
2024-04-23 17:00:00,0,0,0
2024-04-23 18:00:00,0,0,0
2024-04-23 19:00:00,0,0,0
2024-04-23 20:00:00,0,0,0
2024-04-23 21:00:00,0,0,0
2024-04-23 22:00:00,0,0,0
2024-04-23 23:00:00,0,0,0
2024-04-24 00:00:00,0,0,0
2024-04-24 01:00:00,0,0,0
2024-04-24 02:00:00,0,0,0
2024-04-24 03:00:00,0,0,0
2024-04-24 04:00:00,0,0,0
2024-04-24 05:00:00,0,0,0
2024-04-24 06:00:00,0,0,0
2024-04-24 07:00:00,0,0,0
2024-04-24 08:00:00,0,0,0
2024-04-24 09:00:00,0,0,0
2024-04-24 10:00:00,0,0,0
2024-04-24 11:00:00,0,0,0
2024-04-24 12:00:00,0,0,0
2024-04-24 13:00:00,0,0,0
2024-04-24 14:00:00,0,0,0
2024-04-24 15:00:00,0,0,0
2024-04-24 16:00:00,0,0,0
2024-04-24 17:00:00,0,0,0
2024-04-24 18:00:00,0,0,0
2024-04-24 19:00:00,0,0,0
2024-04-24 20:00:00,0,0,0
2024-04-24 21:00:00,0,0,0
2024-04-24 22:00:00,0,0,0
2024-04-24 23:00:00,0,0,0
2024-04-25 00:00:00,0,0,0
2024-04-25 01:00:00,0,0,0
2024-04-25 02:00:00,0,0,0
2024-04-25 03:00:00,0,0,0
2024-04-25 04:00:00,0,0,0
2024-04-25 05:00:00,0,0,0
2024-04-25 06:00:00,0,0,0
2024-04-25 07:00:00,0,0,0
2024-04-25 08:00:00,0,0,0
2024-04-25 09:00:00,0,0,0
2024-04-25 10:00:00,0,0,0
2024-04-25 11:00:00,0,0,0
2024-04-25 12:00:00,0,0,0
2024-04-25 13:00:00,0,0,0
2024-04-25 14:00:00,0,0,0
2024-04-25 15:00:00,0,0,0
2024-04-25 16:00:00,0,0,0
2024-04-25 17:00:00,0,0,0
2024-04-25 18:00:00,0,0,0
2024-04-25 19:00:00,0,0,0
2024-04-25 20:00:00,0,0,0
2024-04-25 21:00:00,0,0,0
2024-04-25 22:00:00,0,0,0
2024-04-25 23:00:00,0,0,0
2024-04-26 00:00:00,0,0,0
2024-04-26 01:00:00,0,0,0
2024-04-26 02:00:00,0,0,0
2024-04-26 03:00:00,0,0,0
2024-04-26 04:00:00,0,0,0
2024-04-26 05:00:00,0,0,0
2024-04-26 06:00:00,0,0,0
2024-04-26 07:00:00,0,0,0
2024-04-26 08:00:00,0,0,0
2024-04-26 09:00:00,0,0,0
2024-04-26 10:00:00,0,0,0
2024-04-26 11:00:00,0,0,0
2024-04-26 12:00:00,0,0,0
2024-04-26 13:00:00,0,0,0
2024-04-26 14:00:00,0,0,0
2024-04-26 15:00:00,0,0,0
2024-04-26 16:00:00,0,0,0
2024-04-26 17:00:00,0,0,0
2024-04-26 18:00:00,0,0,0
2024-04-26 19:00:00,0,0,0
2024-04-26 20:00:00,0,0,0
2024-04-26 21:00:00,0,0,0
2024-04-26 22:00:00,0,0,0
2024-04-26 23:00:00,0,0,0
2024-04-27 00:00:00,0,0,0
2024-04-27 01:00:00,0,0,0
2024-04-27 02:00:00,0,0,0
2024-04-27 03:00:00,0,0,0
2024-04-27 04:00:00,0,0,0
2024-04-27 05:00:00,0,0,0
2024-04-27 06:00:00,0,0,0
2024-04-27 07:00:00,0,0,0
2024-04-27 08:00:00,0,0,0
2024-04-27 09:00:00,0,0,0
2024-04-27 10:00:00,0,0,0
2024-04-27 11:00:00,0,0,0
2024-04-27 12:00:00,0,0,0
2024-04-27 13:00:00,0,0,0
2024-04-27 14:00:00,0,0,0
2024-04-27 15:00:00,0,0,0
2024-04-27 16:00:00,0,0,0
2024-04-27 17:00:00,0,0,0
2024-04-27 18:00:00,0,0,0
2024-04-27 19:00:00,0,0,0
2024-04-27 20:00:00,0,0,0
2024-04-27 21:00:00,0,0,0
2024-04-27 22:00:00,0,0,0
2024-04-27 23:00:00,0,0,0
2024-04-28 00:00:00,0,0,0
2024-04-28 01:00:00,0,0,0
2024-04-28 02:00:00,0,0,0
2024-04-28 03:00:00,0,0,0
2024-04-28 04:00:00,0,0,0
2024-04-28 05:00:00,0,0,0
2024-04-28 06:00:00,0,0,0
2024-04-28 07:00:00,0,0,0
2024-04-28 08:00:00,0,0,0
2024-04-28 09:00:00,0,0,0
2024-04-28 10:00:00,0,0,0
2024-04-28 11:00:00,0,0,0
2024-04-28 12:00:00,0,0,0
2024-04-28 13:00:00,0,0,0
2024-04-28 14:00:00,0,0,0
2024-04-28 15:00:00,0,0,0
2024-04-28 16:00:00,0,0,0
2024-04-28 17:00:00,0,0,0
2024-04-28 18:00:00,0,0,0
2024-04-28 19:00:00,0,0,0
2024-04-28 20:00:00,0,0,0
2024-04-28 21:00:00,0,0,0
2024-04-28 22:00:00,0,0,0
2024-04-28 23:00:00,0,0,0
2024-04-29 00:00:00,0,0,0
2024-04-29 01:00:00,0,0,0
2024-04-29 02:00:00,0,0,0
2024-04-29 03:00:00,0,0,0
2024-04-29 04:00:00,0,0,0
2024-04-29 05:00:00,0,0,0
2024-04-29 06:00:00,0,0,0
2024-04-29 07:00:00,0,0,0
2024-04-29 08:00:00,0,0,0
2024-04-29 09:00:00,0,0,0
2024-04-29 10:00:00,0,0,0
2024-04-29 11:00:00,0,0,0
2024-04-29 12:00:00,0,0,0
2024-04-29 13:00:00,0,0,0
2024-04-29 14:00:00,0,0,0
2024-04-29 15:00:00,0,0,0
2024-04-29 16:00:00,0,0,0
2024-04-29 17:00:00,0,0,0
2024-04-29 18:00:00,0,0,0
2024-04-29 19:00:00,0,0,0
2024-04-29 20:00:00,0,0,0
2024-04-29 21:00:00,0,0,0
2024-04-29 22:00:00,0,0,0
2024-04-29 23:00:00,0,0,0
2024-04-30 00:00:00,0,0,0
2024-04-30 01:00:00,0,0,0
2024-04-30 02:00:00,0,0,0
2024-04-30 03:00:00,0,0,0
2024-04-30 04:00:00,0,0,0
2024-04-30 05:00:00,0,0,0
2024-04-30 06:00:00,0,0,0
2024-04-30 07:00:00,0,0,0
2024-04-30 08:00:00,0,0,0
2024-04-30 09:00:00,0,0,0
2024-04-30 10:00:00,0,0,0
2024-04-30 11:00:00,0,0,0
2024-04-30 12:00:00,0,0,0
2024-04-30 13:00:00,0,0,0
2024-04-30 14:00:00,0,0,0
2024-04-30 15:00:00,0,0,0
2024-04-30 16:00:00,0,0,0
2024-04-30 17:00:00,0,0,0
2024-04-30 18:00:00,0,0,0
2024-04-30 19:00:00,0,0,0
2024-04-30 20:00:00,0,0,0
2024-04-30 21:00:00,0,0,0
2024-04-30 22:00:00,0,0,0
2024-04-30 23:00:00,0,0,0
2024-05-01 00:00:00,0,0,0
2024-05-01 01:00:00,0,0,0
2024-05-01 02:00:00,0,0,0
2024-05-01 03:00:00,0,0,0
2024-05-01 04:00:00,0,0,0
2024-05-01 05:00:00,0,0,0
2024-05-01 06:00:00,0,0,0
2024-05-01 07:00:00,0,0,0
2024-05-01 08:00:00,0,0,0
2024-05-01 09:00:00,0,0,0
2024-05-01 10:00:00,0,0,0
2024-05-01 11:00:00,0,0,0
2024-05-01 12:00:00,0,0,0
2024-05-01 13:00:00,0,0,0
2024-05-01 14:00:00,0,0,0
2024-05-01 15:00:00,0,0,0
2024-05-01 16:00:00,0,0,0
2024-05-01 17:00:00,0,0,0
2024-05-01 18:00:00,0,0,0
2024-05-01 19:00:00,0,0,0
2024-05-01 20:00:00,0,0,0
2024-05-01 21:00:00,0,0,0
2024-05-01 22:00:00,0,0,0
2024-05-01 23:00:00,0,0,0
2024-05-02 00:00:00,0,0,0
2024-05-02 01:00:00,0,0,0
2024-05-02 02:00:00,0,0,0
2024-05-02 03:00:00,0,0,0
2024-05-02 04:00:00,0,0,0
2024-05-02 05:00:00,0,0,0
2024-05-02 06:00:00,0,0,0
2024-05-02 07:00:00,0,0,0
2024-05-02 08:00:00,0,0,0
2024-05-02 09:00:00,0,0,0
2024-05-02 10:00:00,0,0,0
2024-05-02 11:00:00,0,0,0
2024-05-02 12:00:00,0,0,0
2024-05-02 13:00:00,0,0,0
2024-05-02 14:00:00,0,0,0
2024-05-02 15:00:00,0,0,0
2024-05-02 16:00:00,0,0,0
2024-05-02 17:00:00,0,0,0
2024-05-02 18:00:00,0,0,0
2024-05-02 19:00:00,0,0,0
2024-05-02 20:00:00,0,0,0
2024-05-02 21:00:00,0,0,0
2024-05-02 22:00:00,0,0,0
2024-05-02 23:00:00,0,0,0
2024-05-03 00:00:00,0,0,0
2024-05-03 01:00:00,0,0,0
2024-05-03 02:00:00,0,0,0
2024-05-03 03:00:00,0,0,0
2024-05-03 04:00:00,0,0,0
2024-05-03 05:00:00,0,0,0
2024-05-03 06:00:00,0,0,0
2024-05-03 07:00:00,0,0,0
2024-05-03 08:00:00,0,0,0
2024-05-03 09:00:00,0,0,0
2024-05-03 10:00:00,0,0,0
2024-05-03 11:00:00,0,0,0
2024-05-03 12:00:00,0,0,0
2024-05-03 13:00:00,0,0,0
2024-05-03 14:00:00,0,0,0
2024-05-03 15:00:00,0,0,0
2024-05-03 16:00:00,0,0,0
2024-05-03 17:00:00,0,0,0
2024-05-03 18:00:00,0,0,0
2024-05-03 19:00:00,0,0,0
2024-05-03 20:00:00,0,0,0
2024-05-03 21:00:00,0,0,0
2024-05-03 22:00:00,0,0,0
2024-05-03 23:00:00,0,0,0
2024-05-04 00:00:00,0,0,0
2024-05-04 01:00:00,0,0,0
2024-05-04 02:00:00,0,0,0
2024-05-04 03:00:00,0,0,0
2024-05-04 04:00:00,0,0,0
2024-05-04 05:00:00,0,0,0
2024-05-04 06:00:00,0,0,0
2024-05-04 07:00:00,0,0,0
2024-05-04 08:00:00,0,0,0
2024-05-04 09:00:00,0,0,0
2024-05-04 10:00:00,0,0,0
2024-05-04 11:00:00,0,0,0
2024-05-04 12:00:00,0,0,0
2024-05-04 13:00:00,0,0,0
2024-05-04 14:00:00,0,0,0
2024-05-04 15:00:00,0,0,0
2024-05-04 16:00:00,0,0,0
2024-05-04 17:00:00,0,0,0
2024-05-04 18:00:00,0,0,0
2024-05-04 19:00:00,0,0,0
2024-05-04 20:00:00,0,0,0
2024-05-04 21:00:00,0,0,0
2024-05-04 22:00:00,0,0,0
2024-05-04 23:00:00,0,0,0
2024-05-05 00:00:00,0,0,0
2024-05-05 01:00:00,0,0,0
2024-05-05 02:00:00,0,0,0
2024-05-05 03:00:00,0,0,0
2024-05-05 04:00:00,0,0,0
2024-05-05 05:00:00,0,0,0
2024-05-05 06:00:00,0,0,0
2024-05-05 07:00:00,0,0,0
2024-05-05 08:00:00,0,0,0
2024-05-05 09:00:00,0,0,0
2024-05-05 10:00:00,0,0,0
2024-05-05 11:00:00,0,0,0
2024-05-05 12:00:00,0,0,0
2024-05-05 13:00:00,0,0,0
2024-05-05 14:00:00,0,0,0
2024-05-05 15:00:00,0,0,0
2024-05-05 16:00:00,0,0,0
2024-05-05 17:00:00,0,0,0
2024-05-05 18:00:00,0,0,0
2024-05-05 19:00:00,0,0,0
2024-05-05 20:00:00,0,0,0
2024-05-05 21:00:00,0,0,0
2024-05-05 22:00:00,0,0,0
2024-05-05 23:00:00,0,0,0
2024-05-06 00:00:00,0,0,0
2024-05-06 01:00:00,0,0,0
2024-05-06 02:00:00,0,0,0
2024-05-06 03:00:00,0,0,0
2024-05-06 04:00:00,0,0,0
2024-05-06 05:00:00,0,0,0
2024-05-06 06:00:00,0,0,0
2024-05-06 07:00:00,0,0,0
2024-05-06 08:00:00,0,0,0
2024-05-06 09:00:00,0,0,0
2024-05-06 10:00:00,0,0,0
2024-05-06 11:00:00,0,0,0
2024-05-06 12:00:00,0,0,0
2024-05-06 13:00:00,0,0,0
2024-05-06 14:00:00,0,0,0
2024-05-06 15:00:00,0,0,0
2024-05-06 16:00:00,0,0,0
2024-05-06 17:00:00,0,0,0
2024-05-06 18:00:00,0,0,0
2024-05-06 19:00:00,0,0,0
2024-05-06 20:00:00,0,0,0
2024-05-06 21:00:00,0,0,0
2024-05-06 22:00:00,0,0,0
2024-05-06 23:00:00,0,0,0
2024-05-07 00:00:00,0,0,0
2024-05-07 01:00:00,0,0,0
2024-05-07 02:00:00,0,0,0
2024-05-07 03:00:00,0,0,0
2024-05-07 04:00:00,0,0,0
2024-05-07 05:00:00,0,0,0
2024-05-07 06:00:00,0,0,0
2024-05-07 07:00:00,0,0,0
2024-05-07 08:00:00,0,0,0
2024-05-07 09:00:00,0,0,0
2024-05-07 10:00:00,0,0,0
2024-05-07 11:00:00,0,0,0
2024-05-07 12:00:00,0,0,0
2024-05-07 13:00:00,0,0,0
2024-05-07 14:00:00,0,0,0
2024-05-07 15:00:00,0,0,0
2024-05-07 16:00:00,0,0,0
2024-05-07 17:00:00,0,0,0
2024-05-07 18:00:00,0,0,0
2024-05-07 19:00:00,0,0,0
2024-05-07 20:00:00,0,0,0
2024-05-07 21:00:00,0,0,0
2024-05-07 22:00:00,0,0,0
2024-05-07 23:00:00,0,0,0
2024-05-08 00:00:00,0,0,0
2024-05-08 01:00:00,0,0,0
2024-05-08 02:00:00,0,0,0
2024-05-08 03:00:00,0,0,0
2024-05-08 04:00:00,0,0,0
2024-05-08 05:00:00,0,0,0
2024-05-08 06:00:00,0,0,0
2024-05-08 07:00:00,0,0,0
2024-05-08 08:00:00,0,0,0
2024-05-08 09:00:00,0,0,0
2024-05-08 10:00:00,0,0,0
2024-05-08 11:00:00,0,0,0
2024-05-08 12:00:00,0,0,0
2024-05-08 13:00:00,0,0,0
2024-05-08 14:00:00,0,0,0
2024-05-08 15:00:00,0,0,0
2024-05-08 16:00:00,0,0,0
2024-05-08 17:00:00,0,0,0
2024-05-08 18:00:00,0,0,0
2024-05-08 19:00:00,0,0,0
2024-05-08 20:00:00,0,0,0
2024-05-08 21:00:00,0,0,0
2024-05-08 22:00:00,0,0,0
2024-05-08 23:00:00,0,0,0
2024-05-09 00:00:00,0,0,0
2024-05-09 01:00:00,0,0,0
2024-05-09 02:00:00,0,0,0
2024-05-09 03:00:00,0,0,0
2024-05-09 04:00:00,0,0,0
2024-05-09 05:00:00,0,0,0
2024-05-09 06:00:00,0,0,0
2024-05-09 07:00:00,0,0,0
2024-05-09 08:00:00,0,0,0
2024-05-09 09:00:00,0,0,0
2024-05-09 10:00:00,0,0,0
2024-05-09 11:00:00,0,0,0
2024-05-09 12:00:00,0,0,0
2024-05-09 13:00:00,0,0,0
2024-05-09 14:00:00,0,0,0
2024-05-09 15:00:00,0,0,0
2024-05-09 16:00:00,0,0,0
2024-05-09 17:00:00,0,0,0
2024-05-09 18:00:00,0,0,0
2024-05-09 19:00:00,0,0,0
2024-05-09 20:00:00,0,0,0
2024-05-09 21:00:00,0,0,0
2024-05-09 22:00:00,0,0,0
2024-05-09 23:00:00,0,0,0
2024-05-10 00:00:00,0,0,0
2024-05-10 01:00:00,0,0,0
2024-05-10 02:00:00,0,0,0
2024-05-10 03:00:00,0,0,0
2024-05-10 04:00:00,0,0,0
2024-05-10 05:00:00,0,0,0
2024-05-10 06:00:00,0,0,0
2024-05-10 07:00:00,0,0,0
2024-05-10 08:00:00,0,0,0
2024-05-10 09:00:00,0,0,0
2024-05-10 10:00:00,0,0,0
2024-05-10 11:00:00,0,0,0
2024-05-10 12:00:00,0,0,0
2024-05-10 13:00:00,0,0,0
2024-05-10 14:00:00,0,0,0
2024-05-10 15:00:00,0,0,0
2024-05-10 16:00:00,0,0,0
2024-05-10 17:00:00,0,0,0
2024-05-10 18:00:00,0,0,0
2024-05-10 19:00:00,0,0,0
2024-05-10 20:00:00,0,0,0
2024-05-10 21:00:00,0,0,0
2024-05-10 22:00:00,0,0,0
2024-05-10 23:00:00,0,0,0
2024-05-11 00:00:00,0,0,0
2024-05-11 01:00:00,0,0,0
2024-05-11 02:00:00,0,0,0
2024-05-11 03:00:00,0,0,0
2024-05-11 04:00:00,0,0,0
2024-05-11 05:00:00,0,0,0
2024-05-11 06:00:00,0,0,0
2024-05-11 07:00:00,0,0,0
2024-05-11 08:00:00,0,0,0
2024-05-11 09:00:00,0,0,0
2024-05-11 10:00:00,0,0,0
2024-05-11 11:00:00,0,0,0
2024-05-11 12:00:00,0,0,0
2024-05-11 13:00:00,0,0,0
2024-05-11 14:00:00,0,0,0
2024-05-11 15:00:00,0,0,0
2024-05-11 16:00:00,0,0,0
2024-05-11 17:00:00,0,0,0
2024-05-11 18:00:00,0,0,0
2024-05-11 19:00:00,0,0,0
2024-05-11 20:00:00,0,0,0
2024-05-11 21:00:00,0,0,0
2024-05-11 22:00:00,0,0,0
2024-05-11 23:00:00,0,0,0
2024-05-12 00:00:00,0,0,0
2024-05-12 01:00:00,0,0,0
2024-05-12 02:00:00,0,0,0
2024-05-12 03:00:00,0,0,0
2024-05-12 04:00:00,0,0,0
2024-05-12 05:00:00,0,0,0
2024-05-12 06:00:00,0,0,0
2024-05-12 07:00:00,0,0,0
2024-05-12 08:00:00,0,0,0
2024-05-12 09:00:00,0,0,0
2024-05-12 10:00:00,0,0,0
2024-05-12 11:00:00,0,0,0
2024-05-12 12:00:00,0,0,0
2024-05-12 13:00:00,0,0,0
2024-05-12 14:00:00,0,0,0
2024-05-12 15:00:00,0,0,0
2024-05-12 16:00:00,0,0,0
2024-05-12 17:00:00,0,0,0
2024-05-12 18:00:00,0,0,0
2024-05-12 19:00:00,0,0,0
2024-05-12 20:00:00,0,0,0
2024-05-12 21:00:00,0,0,0
2024-05-12 22:00:00,0,0,0
2024-05-12 23:00:00,0,0,0
2024-05-13 00:00:00,0,0,0
2024-05-13 01:00:00,0,0,0
2024-05-13 02:00:00,0,0,0
2024-05-13 03:00:00,0,0,0
2024-05-13 04:00:00,0,0,0
2024-05-13 05:00:00,0,0,0
2024-05-13 06:00:00,0,0,0
2024-05-13 07:00:00,0,0,0
2024-05-13 08:00:00,0,0,0
2024-05-13 09:00:00,0,0,0
2024-05-13 10:00:00,0,0,0
2024-05-13 11:00:00,0,0,0
2024-05-13 12:00:00,0,0,0
2024-05-13 13:00:00,0,0,0
2024-05-13 14:00:00,0,0,0
2024-05-13 15:00:00,0,0,0
2024-05-13 16:00:00,0,0,0
2024-05-13 17:00:00,0,0,0
2024-05-13 18:00:00,0,0,0
2024-05-13 19:00:00,0,0,0
2024-05-13 20:00:00,0,0,0
2024-05-13 21:00:00,0,0,0
2024-05-13 22:00:00,0,0,0
2024-05-13 23:00:00,0,0,0
2024-05-14 00:00:00,0,0,0
2024-05-14 01:00:00,0,0,0
2024-05-14 02:00:00,0,0,0
2024-05-14 03:00:00,0,0,0
2024-05-14 04:00:00,0,0,0
2024-05-14 05:00:00,0,0,0
2024-05-14 06:00:00,0,0,0
2024-05-14 07:00:00,0,0,0
2024-05-14 08:00:00,0,0,0
2024-05-14 09:00:00,0,0,0
2024-05-14 10:00:00,0,0,0
2024-05-14 11:00:00,0,0,0
2024-05-14 12:00:00,0,0,0
2024-05-14 13:00:00,0,0,0
2024-05-14 14:00:00,0,0,0
2024-05-14 15:00:00,0,0,0
2024-05-14 16:00:00,0,0,0
2024-05-14 17:00:00,0,0,0
2024-05-14 18:00:00,0,0,0
2024-05-14 19:00:00,0,0,0
2024-05-14 20:00:00,0,0,0
2024-05-14 21:00:00,0,0,0
2024-05-14 22:00:00,0,0,0
2024-05-14 23:00:00,0,0,0
2024-05-15 00:00:00,0,0,0
2024-05-15 01:00:00,0,0,0
2024-05-15 02:00:00,0,0,0
2024-05-15 03:00:00,0,0,0
2024-05-15 04:00:00,0,0,0
2024-05-15 05:00:00,0,0,0
2024-05-15 06:00:00,0,0,0
2024-05-15 07:00:00,0,0,0
2024-05-15 08:00:00,0,0,0
2024-05-15 09:00:00,0,0,0
2024-05-15 10:00:00,0,0,0
2024-05-15 11:00:00,0,0,0
2024-05-15 12:00:00,0,0,0
2024-05-15 13:00:00,0,0,0
2024-05-15 14:00:00,0,0,0
2024-05-15 15:00:00,0,0,0
2024-05-15 16:00:00,0,0,0
2024-05-15 17:00:00,0,0,0
2024-05-15 18:00:00,0,0,0
2024-05-15 19:00:00,0,0,0
2024-05-15 20:00:00,0,0,0
2024-05-15 21:00:00,0,0,0
2024-05-15 22:00:00,0,0,0
2024-05-15 23:00:00,0,0,0
2024-05-16 00:00:00,0,0,0
2024-05-16 01:00:00,0,0,0
2024-05-16 02:00:00,0,0,0
2024-05-16 03:00:00,0,0,0
2024-05-16 04:00:00,0,0,0
2024-05-16 05:00:00,0,0,0
2024-05-16 06:00:00,0,0,0
2024-05-16 07:00:00,0,0,0
2024-05-16 08:00:00,0,0,0
2024-05-16 09:00:00,0,0,0
2024-05-16 10:00:00,0,0,0
2024-05-16 11:00:00,0,0,0
2024-05-16 12:00:00,0,0,0
2024-05-16 13:00:00,0,0,0
2024-05-16 14:00:00,0,0,0
2024-05-16 15:00:00,0,0,0
2024-05-16 16:00:00,0,0,0
2024-05-16 17:00:00,0,0,0
2024-05-16 18:00:00,0,0,0
2024-05-16 19:00:00,0,0,0
2024-05-16 20:00:00,0,0,0
2024-05-16 21:00:00,0,0,0
2024-05-16 22:00:00,0,0,0
2024-05-16 23:00:00,0,0,0
2024-05-17 00:00:00,0,0,0
2024-05-17 01:00:00,0,0,0
2024-05-17 02:00:00,0,0,0
2024-05-17 03:00:00,0,0,0
2024-05-17 04:00:00,0,0,0
2024-05-17 05:00:00,0,0,0
2024-05-17 06:00:00,0,0,0
2024-05-17 07:00:00,0,0,0
2024-05-17 08:00:00,0,0,0
2024-05-17 09:00:00,0,0,0
2024-05-17 10:00:00,0,0,0
2024-05-17 11:00:00,0,0,0
2024-05-17 12:00:00,0,0,0
2024-05-17 13:00:00,0,0,0
2024-05-17 14:00:00,0,0,0
2024-05-17 15:00:00,0,0,0
2024-05-17 16:00:00,0,0,0
2024-05-17 17:00:00,0,0,0
2024-05-17 18:00:00,0,0,0
2024-05-17 19:00:00,0,0,0
2024-05-17 20:00:00,0,0,0
2024-05-17 21:00:00,0,0,0
2024-05-17 22:00:00,0,0,0
2024-05-17 23:00:00,0,0,0
2024-05-18 00:00:00,0,0,0
2024-05-18 01:00:00,0,0,0
2024-05-18 02:00:00,0,0,0
2024-05-18 03:00:00,0,0,0
2024-05-18 04:00:00,0,0,0
2024-05-18 05:00:00,0,0,0
2024-05-18 06:00:00,0,0,0
2024-05-18 07:00:00,0,0,0
2024-05-18 08:00:00,0,0,0
2024-05-18 09:00:00,0,0,0
2024-05-18 10:00:00,0,0,0
2024-05-18 11:00:00,0,0,0
2024-05-18 12:00:00,0,0,0
2024-05-18 13:00:00,0,0,0
2024-05-18 14:00:00,0,0,0
2024-05-18 15:00:00,0,0,0
2024-05-18 16:00:00,0,0,0
2024-05-18 17:00:00,0,0,0
2024-05-18 18:00:00,0,0,0
2024-05-18 19:00:00,0,0,0
2024-05-18 20:00:00,0,0,0
2024-05-18 21:00:00,0,0,0
2024-05-18 22:00:00,0,0,0
2024-05-18 23:00:00,0,0,0
2024-05-19 00:00:00,0,0,0
2024-05-19 01:00:00,0,0,0
2024-05-19 02:00:00,0,0,0
2024-05-19 03:00:00,0,0,0
2024-05-19 04:00:00,0,0,0
2024-05-19 05:00:00,0,0,0
2024-05-19 06:00:00,0,0,0
2024-05-19 07:00:00,0,0,0
2024-05-19 08:00:00,0,0,0
2024-05-19 09:00:00,0,0,0
2024-05-19 10:00:00,0,0,0
2024-05-19 11:00:00,0,0,0
2024-05-19 12:00:00,0,0,0
2024-05-19 13:00:00,0,0,0
2024-05-19 14:00:00,0,0,0
2024-05-19 15:00:00,0,0,0
2024-05-19 16:00:00,0,0,0
2024-05-19 17:00:00,0,0,0
2024-05-19 18:00:00,0,0,0
2024-05-19 19:00:00,0,0,0
2024-05-19 20:00:00,0,0,0
2024-05-19 21:00:00,0,0,0
2024-05-19 22:00:00,0,0,0
2024-05-19 23:00:00,0,0,0
2024-05-20 00:00:00,0,0,0
2024-05-20 01:00:00,0,0,0
2024-05-20 02:00:00,0,0,0
2024-05-20 03:00:00,0,0,0
2024-05-20 04:00:00,0,0,0
2024-05-20 05:00:00,0,0,0
2024-05-20 06:00:00,0,0,0
2024-05-20 07:00:00,0,0,0
2024-05-20 08:00:00,0,0,0
2024-05-20 09:00:00,0,0,0
2024-05-20 10:00:00,0,0,0
2024-05-20 11:00:00,0,0,0
2024-05-20 12:00:00,0,0,0
2024-05-20 13:00:00,0,0,0
2024-05-20 14:00:00,0,0,0
2024-05-20 15:00:00,0,0,0
2024-05-20 16:00:00,0,0,0
2024-05-20 17:00:00,0,0,0
2024-05-20 18:00:00,0,0,0
2024-05-20 19:00:00,0,0,0
2024-05-20 20:00:00,0,0,0
2024-05-20 21:00:00,0,0,0
2024-05-20 22:00:00,0,0,0
2024-05-20 23:00:00,0,0,0
2024-05-21 00:00:00,0,0,0
2024-05-21 01:00:00,0,0,0
2024-05-21 02:00:00,0,0,0
2024-05-21 03:00:00,0,0,0
2024-05-21 04:00:00,0,0,0
2024-05-21 05:00:00,0,0,0
2024-05-21 06:00:00,0,0,0
2024-05-21 07:00:00,0,0,0
2024-05-21 08:00:00,0,0,0
2024-05-21 09:00:00,0,0,0
2024-05-21 10:00:00,0,0,0
2024-05-21 11:00:00,0,0,0
2024-05-21 12:00:00,0,0,0
2024-05-21 13:00:00,0,0,0
2024-05-21 14:00:00,0,0,0
2024-05-21 15:00:00,0,0,0
2024-05-21 16:00:00,0,0,0
2024-05-21 17:00:00,0,0,0
2024-05-21 18:00:00,0,0,0
2024-05-21 19:00:00,0,0,0
2024-05-21 20:00:00,0,0,0
2024-05-21 21:00:00,0,0,0
2024-05-21 22:00:00,0,0,0
2024-05-21 23:00:00,0,0,0
2024-05-22 00:00:00,0,0,0
2024-05-22 01:00:00,0,0,0
2024-05-22 02:00:00,0,0,0
2024-05-22 03:00:00,0,0,0
2024-05-22 04:00:00,0,0,0
2024-05-22 05:00:00,0,0,0
2024-05-22 06:00:00,0,0,0
2024-05-22 07:00:00,0,0,0
2024-05-22 08:00:00,0,0,0
2024-05-22 09:00:00,0,0,0
2024-05-22 10:00:00,0,0,0
2024-05-22 11:00:00,0,0,0
2024-05-22 12:00:00,0,0,0
2024-05-22 13:00:00,0,0,0
2024-05-22 14:00:00,0,0,0
2024-05-22 15:00:00,0,0,0
2024-05-22 16:00:00,0,0,0
2024-05-22 17:00:00,0,0,0
2024-05-22 18:00:00,0,0,0
2024-05-22 19:00:00,0,0,0
2024-05-22 20:00:00,0,0,0
2024-05-22 21:00:00,0,0,0
2024-05-22 22:00:00,0,0,0
2024-05-22 23:00:00,0,0,0
2024-05-23 00:00:00,0,0,0
2024-05-23 01:00:00,0,0,0
2024-05-23 02:00:00,0,0,0
2024-05-23 03:00:00,0,0,0
2024-05-23 04:00:00,0,0,0
2024-05-23 05:00:00,0,0,0
2024-05-23 06:00:00,0,0,0
2024-05-23 07:00:00,0,0,0
2024-05-23 08:00:00,0,0,0
2024-05-23 09:00:00,0,0,0
2024-05-23 10:00:00,0,0,0
2024-05-23 11:00:00,0,0,0
2024-05-23 12:00:00,0,0,0
2024-05-23 13:00:00,0,0,0
2024-05-23 14:00:00,0,0,0
2024-05-23 15:00:00,0,0,0
2024-05-23 16:00:00,0,0,0
2024-05-23 17:00:00,0,0,0
2024-05-23 18:00:00,0,0,0
2024-05-23 19:00:00,0,0,0
2024-05-23 20:00:00,0,0,0
2024-05-23 21:00:00,0,0,0
2024-05-23 22:00:00,0,0,0
2024-05-23 23:00:00,0,0,0
2024-05-24 00:00:00,0,0,0
2024-05-24 01:00:00,0,0,0
2024-05-24 02:00:00,0,0,0
2024-05-24 03:00:00,0,0,0
2024-05-24 04:00:00,0,0,0
2024-05-24 05:00:00,0,0,0
2024-05-24 06:00:00,0,0,0
2024-05-24 07:00:00,0,0,0
2024-05-24 08:00:00,0,0,0
2024-05-24 09:00:00,0,0,0
2024-05-24 10:00:00,0,0,0
2024-05-24 11:00:00,0,0,0
2024-05-24 12:00:00,0,0,0
2024-05-24 13:00:00,0,0,0
2024-05-24 14:00:00,0,0,0
2024-05-24 15:00:00,0,0,0
2024-05-24 16:00:00,0,0,0
2024-05-24 17:00:00,0,0,0
2024-05-24 18:00:00,0,0,0
2024-05-24 19:00:00,0,0,0
2024-05-24 20:00:00,0,0,0
2024-05-24 21:00:00,0,0,0
2024-05-24 22:00:00,0,0,0
2024-05-24 23:00:00,0,0,0
2024-05-25 00:00:00,0,0,0
2024-05-25 01:00:00,0,0,0
2024-05-25 02:00:00,0,0,0
2024-05-25 03:00:00,0,0,0
2024-05-25 04:00:00,0,0,0
2024-05-25 05:00:00,0,0,0
2024-05-25 06:00:00,0,0,0
2024-05-25 07:00:00,0,0,0
2024-05-25 08:00:00,0,0,0
2024-05-25 09:00:00,0,0,0
2024-05-25 10:00:00,0,0,0
2024-05-25 11:00:00,0,0,0
2024-05-25 12:00:00,0,0,0
2024-05-25 13:00:00,0,0,0
2024-05-25 14:00:00,0,0,0
2024-05-25 15:00:00,0,0,0
2024-05-25 16:00:00,0,0,0
2024-05-25 17:00:00,0,0,0
2024-05-25 18:00:00,0,0,0
2024-05-25 19:00:00,0,0,0
2024-05-25 20:00:00,0,0,0
2024-05-25 21:00:00,0,0,0
2024-05-25 22:00:00,0,0,0
2024-05-25 23:00:00,0,0,0
2024-05-26 00:00:00,0,0,0
2024-05-26 01:00:00,0,0,0
2024-05-26 02:00:00,0,0,0
2024-05-26 03:00:00,0,0,0
2024-05-26 04:00:00,0,0,0
2024-05-26 05:00:00,0,0,0
2024-05-26 06:00:00,0,0,0
2024-05-26 07:00:00,0,0,0
2024-05-26 08:00:00,0,0,0
2024-05-26 09:00:00,0,0,0
2024-05-26 10:00:00,0,0,0
2024-05-26 11:00:00,0,0,0
2024-05-26 12:00:00,0,0,0
2024-05-26 13:00:00,0,0,0
2024-05-26 14:00:00,0,0,0
2024-05-26 15:00:00,0,0,0
2024-05-26 16:00:00,0,0,0
2024-05-26 17:00:00,0,0,0
2024-05-26 18:00:00,0,0,0
2024-05-26 19:00:00,0,0,0
2024-05-26 20:00:00,0,0,0
2024-05-26 21:00:00,0,0,0
2024-05-26 22:00:00,0,0,0
2024-05-26 23:00:00,0,0,0
2024-05-27 00:00:00,0,0,0
2024-05-27 01:00:00,0,0,0
2024-05-27 02:00:00,0,0,0
2024-05-27 03:00:00,0,0,0
2024-05-27 04:00:00,0,0,0
2024-05-27 05:00:00,0,0,0
2024-05-27 06:00:00,0,0,0
2024-05-27 07:00:00,0,0,0
2024-05-27 08:00:00,0,0,0
2024-05-27 09:00:00,0,0,0
2024-05-27 10:00:00,0,0,0
2024-05-27 11:00:00,0,0,0
2024-05-27 12:00:00,0,0,0
2024-05-27 13:00:00,0,0,0
2024-05-27 14:00:00,0,0,0
2024-05-27 15:00:00,0,0,0
2024-05-27 16:00:00,0,0,0
2024-05-27 17:00:00,0,0,0
2024-05-27 18:00:00,0,0,0
2024-05-27 19:00:00,0,0,0
2024-05-27 20:00:00,0,0,0
2024-05-27 21:00:00,0,0,0
2024-05-27 22:00:00,0,0,0
2024-05-27 23:00:00,0,0,0
2024-05-28 00:00:00,0,0,0
2024-05-28 01:00:00,0,0,0
2024-05-28 02:00:00,0,0,0
2024-05-28 03:00:00,0,0,0
2024-05-28 04:00:00,0,0,0
2024-05-28 05:00:00,0,0,0
2024-05-28 06:00:00,0,0,0
2024-05-28 07:00:00,0,0,0
2024-05-28 08:00:00,0,0,0
2024-05-28 09:00:00,0,0,0
2024-05-28 10:00:00,0,0,0
2024-05-28 11:00:00,0,0,0
2024-05-28 12:00:00,0,0,0
2024-05-28 13:00:00,0,0,0
2024-05-28 14:00:00,0,0,0
2024-05-28 15:00:00,0,0,0
2024-05-28 16:00:00,0,0,0
2024-05-28 17:00:00,0,0,0
2024-05-28 18:00:00,0,0,0
2024-05-28 19:00:00,0,0,0
2024-05-28 20:00:00,0,0,0
2024-05-28 21:00:00,0,0,0
2024-05-28 22:00:00,0,0,0
2024-05-28 23:00:00,0,0,0
2024-05-29 00:00:00,0,0,0
2024-05-29 01:00:00,0,0,0
2024-05-29 02:00:00,0,0,0
2024-05-29 03:00:00,0,0,0
2024-05-29 04:00:00,0,0,0
2024-05-29 05:00:00,0,0,0
2024-05-29 06:00:00,0,0,0
2024-05-29 07:00:00,0,0,0
2024-05-29 08:00:00,0,0,0
2024-05-29 09:00:00,0,0,0
2024-05-29 10:00:00,0,0,0
2024-05-29 11:00:00,0,0,0
2024-05-29 12:00:00,0,0,0
2024-05-29 13:00:00,0,0,0
2024-05-29 14:00:00,0,0,0
2024-05-29 15:00:00,0,0,0
2024-05-29 16:00:00,0,0,0
2024-05-29 17:00:00,0,0,0
2024-05-29 18:00:00,0,0,0
2024-05-29 19:00:00,0,0,0
2024-05-29 20:00:00,0,0,0
2024-05-29 21:00:00,0,0,0
2024-05-29 22:00:00,0,0,0
2024-05-29 23:00:00,0,0,0
2024-05-30 00:00:00,0,0,0
2024-05-30 01:00:00,0,0,0
2024-05-30 02:00:00,0,0,0
2024-05-30 03:00:00,0,0,0
2024-05-30 04:00:00,0,0,0
2024-05-30 05:00:00,0,0,0
2024-05-30 06:00:00,0,0,0
2024-05-30 07:00:00,0,0,0
2024-05-30 08:00:00,0,0,0
2024-05-30 09:00:00,0,0,0
2024-05-30 10:00:00,0,0,0
2024-05-30 11:00:00,0,0,0
2024-05-30 12:00:00,0,0,0
2024-05-30 13:00:00,0,0,0
2024-05-30 14:00:00,0,0,0
2024-05-30 15:00:00,0,0,0
2024-05-30 16:00:00,0,0,0
2024-05-30 17:00:00,0,0,0
2024-05-30 18:00:00,0,0,0
2024-05-30 19:00:00,0,0,0
2024-05-30 20:00:00,0,0,0
2024-05-30 21:00:00,0,0,0
2024-05-30 22:00:00,0,0,0
2024-05-30 23:00:00,0,0,0
2024-05-31 00:00:00,0,0,0
2024-05-31 01:00:00,0,0,0
2024-05-31 02:00:00,0,0,0
2024-05-31 03:00:00,0,0,0
2024-05-31 04:00:00,0,0,0
2024-05-31 05:00:00,0,0,0
2024-05-31 06:00:00,0,0,0
2024-05-31 07:00:00,0,0,0
2024-05-31 08:00:00,0,0,0
2024-05-31 09:00:00,0,0,0
2024-05-31 10:00:00,0,0,0
2024-05-31 11:00:00,0,0,0
2024-05-31 12:00:00,0,0,0
2024-05-31 13:00:00,0,0,0
2024-05-31 14:00:00,0,0,0
2024-05-31 15:00:00,0,0,0
2024-05-31 16:00:00,0,0,0
2024-05-31 17:00:00,0,0,0
2024-05-31 18:00:00,0,0,0
2024-05-31 19:00:00,0,0,0
2024-05-31 20:00:00,0,0,0
2024-05-31 21:00:00,0,0,0
2024-05-31 22:00:00,0,0,0
2024-05-31 23:00:00,0,0,0
2024-06-01 00:00:00,0,0,0
2024-06-01 01:00:00,0,0,0
2024-06-01 02:00:00,0,0,0
2024-06-01 03:00:00,0,0,0
2024-06-01 04:00:00,0,0,0
2024-06-01 05:00:00,0,0,0
2024-06-01 06:00:00,0,0,0
2024-06-01 07:00:00,0,0,0
2024-06-01 08:00:00,0,0,0
2024-06-01 09:00:00,0,0,0
2024-06-01 10:00:00,0,0,0
2024-06-01 11:00:00,0,0,0
2024-06-01 12:00:00,0,0,0
2024-06-01 13:00:00,0,0,0
2024-06-01 14:00:00,0,0,0
2024-06-01 15:00:00,0,0,0
2024-06-01 16:00:00,0,0,0
2024-06-01 17:00:00,0,0,0
2024-06-01 18:00:00,0,0,0
2024-06-01 19:00:00,0,0,0
2024-06-01 20:00:00,0,0,0
2024-06-01 21:00:00,0,0,0
2024-06-01 22:00:00,0,0,0
2024-06-01 23:00:00,0,0,0
2024-06-02 00:00:00,0,0,0
2024-06-02 01:00:00,0,0,0
2024-06-02 02:00:00,0,0,0
2024-06-02 03:00:00,0,0,0
2024-06-02 04:00:00,0,0,0
2024-06-02 05:00:00,0,0,0
2024-06-02 06:00:00,0,0,0
2024-06-02 07:00:00,0,0,0
2024-06-02 08:00:00,0,0,0
2024-06-02 09:00:00,0,0,0
2024-06-02 10:00:00,0,0,0
2024-06-02 11:00:00,0,0,0
2024-06-02 12:00:00,0,0,0
2024-06-02 13:00:00,0,0,0
2024-06-02 14:00:00,0,0,0
2024-06-02 15:00:00,0,0,0
2024-06-02 16:00:00,0,0,0
2024-06-02 17:00:00,0,0,0
2024-06-02 18:00:00,0,0,0
2024-06-02 19:00:00,0,0,0
2024-06-02 20:00:00,0,0,0
2024-06-02 21:00:00,0,0,0
2024-06-02 22:00:00,0,0,0
2024-06-02 23:00:00,0,0,0
2024-06-03 00:00:00,0,0,0
2024-06-03 01:00:00,0,0,0
2024-06-03 02:00:00,0,0,0
2024-06-03 03:00:00,0,0,0
2024-06-03 04:00:00,0,0,0
2024-06-03 05:00:00,0,0,0
2024-06-03 06:00:00,0,0,0
2024-06-03 07:00:00,0,0,0
2024-06-03 08:00:00,0,0,0
2024-06-03 09:00:00,0,0,0
2024-06-03 10:00:00,0,0,0
2024-06-03 11:00:00,0,0,0
2024-06-03 12:00:00,0,0,0
2024-06-03 13:00:00,0,0,0
2024-06-03 14:00:00,0,0,0
2024-06-03 15:00:00,0,0,0
2024-06-03 16:00:00,0,0,0
2024-06-03 17:00:00,0,0,0
2024-06-03 18:00:00,0,0,0
2024-06-03 19:00:00,0,0,0
2024-06-03 20:00:00,0,0,0
2024-06-03 21:00:00,0,0,0
2024-06-03 22:00:00,0,0,0
2024-06-03 23:00:00,0,0,0
2024-06-04 00:00:00,0,0,0
2024-06-04 01:00:00,0,0,0
2024-06-04 02:00:00,0,0,0
2024-06-04 03:00:00,0,0,0
2024-06-04 04:00:00,0,0,0
2024-06-04 05:00:00,0,0,0
2024-06-04 06:00:00,0,0,0
2024-06-04 07:00:00,0,0,0
2024-06-04 08:00:00,0,0,0
2024-06-04 09:00:00,0,0,0
2024-06-04 10:00:00,0,0,0
2024-06-04 11:00:00,0,0,0
2024-06-04 12:00:00,0,0,0
2024-06-04 13:00:00,0,0,0
2024-06-04 14:00:00,0,0,0
2024-06-04 15:00:00,0,0,0
2024-06-04 16:00:00,0,0,0
2024-06-04 17:00:00,0,0,0
2024-06-04 18:00:00,0,0,0
2024-06-04 19:00:00,0,0,0
2024-06-04 20:00:00,0,0,0
2024-06-04 21:00:00,0,0,0
2024-06-04 22:00:00,0,0,0
2024-06-04 23:00:00,0,0,0
2024-06-05 00:00:00,0,0,0
2024-06-05 01:00:00,0,0,0
2024-06-05 02:00:00,0,0,0
2024-06-05 03:00:00,0,0,0
2024-06-05 04:00:00,0,0,0
2024-06-05 05:00:00,0,0,0
2024-06-05 06:00:00,0,0,0
2024-06-05 07:00:00,0,0,0
2024-06-05 08:00:00,0,0,0
2024-06-05 09:00:00,0,0,0
2024-06-05 10:00:00,0,0,0
2024-06-05 11:00:00,0,0,0
2024-06-05 12:00:00,0,0,0
2024-06-05 13:00:00,0,0,0
2024-06-05 14:00:00,0,0,0
2024-06-05 15:00:00,0,0,0
2024-06-05 16:00:00,0,0,0
2024-06-05 17:00:00,0,0,0
2024-06-05 18:00:00,0,0,0
2024-06-05 19:00:00,0,0,0
2024-06-05 20:00:00,0,0,0
2024-06-05 21:00:00,0,0,0
2024-06-05 22:00:00,0,0,0
2024-06-05 23:00:00,0,0,0
2024-06-06 00:00:00,0,0,0
2024-06-06 01:00:00,0,0,0
2024-06-06 02:00:00,0,0,0
2024-06-06 03:00:00,0,0,0
2024-06-06 04:00:00,0,0,0
2024-06-06 05:00:00,0,0,0
2024-06-06 06:00:00,0,0,0
2024-06-06 07:00:00,0,0,0
2024-06-06 08:00:00,0,0,0
2024-06-06 09:00:00,0,0,0
2024-06-06 10:00:00,0,0,0
2024-06-06 11:00:00,0,0,0
2024-06-06 12:00:00,0,0,0
2024-06-06 13:00:00,0,0,0
2024-06-06 14:00:00,0,0,0
2024-06-06 15:00:00,0,0,0
2024-06-06 16:00:00,0,0,0
2024-06-06 17:00:00,0,0,0
2024-06-06 18:00:00,0,0,0
2024-06-06 19:00:00,0,0,0
2024-06-06 20:00:00,0,0,0
2024-06-06 21:00:00,0,0,0
2024-06-06 22:00:00,0,0,0
2024-06-06 23:00:00,0,0,0
2024-06-07 00:00:00,0,0,0
2024-06-07 01:00:00,0,0,0
2024-06-07 02:00:00,0,0,0
2024-06-07 03:00:00,0,0,0
2024-06-07 04:00:00,0,0,0
2024-06-07 05:00:00,0,0,0
2024-06-07 06:00:00,0,0,0
2024-06-07 07:00:00,0,0,0
2024-06-07 08:00:00,0,0,0
2024-06-07 09:00:00,0,0,0
2024-06-07 10:00:00,0,0,0
2024-06-07 11:00:00,0,0,0
2024-06-07 12:00:00,0,0,0
2024-06-07 13:00:00,0,0,0
2024-06-07 14:00:00,0,0,0
2024-06-07 15:00:00,0,0,0
2024-06-07 16:00:00,0,0,0
2024-06-07 17:00:00,0,0,0
2024-06-07 18:00:00,0,0,0
2024-06-07 19:00:00,0,0,0
2024-06-07 20:00:00,0,0,0
2024-06-07 21:00:00,0,0,0
2024-06-07 22:00:00,0,0,0
2024-06-07 23:00:00,0,0,0
2024-06-08 00:00:00,0,0,0
2024-06-08 01:00:00,0,0,0
2024-06-08 02:00:00,0,0,0
2024-06-08 03:00:00,0,0,0
2024-06-08 04:00:00,0,0,0
2024-06-08 05:00:00,0,0,0
2024-06-08 06:00:00,0,0,0
2024-06-08 07:00:00,0,0,0
2024-06-08 08:00:00,0,0,0
2024-06-08 09:00:00,0,0,0
2024-06-08 10:00:00,0,0,0
2024-06-08 11:00:00,0,0,0
2024-06-08 12:00:00,0,0,0
2024-06-08 13:00:00,0,0,0
2024-06-08 14:00:00,0,0,0
2024-06-08 15:00:00,0,0,0
2024-06-08 16:00:00,0,0,0
2024-06-08 17:00:00,0,0,0
2024-06-08 18:00:00,0,0,0
2024-06-08 19:00:00,0,0,0
2024-06-08 20:00:00,0,0,0
2024-06-08 21:00:00,0,0,0
2024-06-08 22:00:00,0,0,0
2024-06-08 23:00:00,0,0,0
2024-06-09 00:00:00,0,0,0
2024-06-09 01:00:00,0,0,0
2024-06-09 02:00:00,0,0,0
2024-06-09 03:00:00,0,0,0
2024-06-09 04:00:00,0,0,0
2024-06-09 05:00:00,0,0,0
2024-06-09 06:00:00,0,0,0
2024-06-09 07:00:00,0,0,0
2024-06-09 08:00:00,0,0,0
2024-06-09 09:00:00,0,0,0
2024-06-09 10:00:00,0,0,0
2024-06-09 11:00:00,0,0,0
2024-06-09 12:00:00,0,0,0
2024-06-09 13:00:00,0,0,0
2024-06-09 14:00:00,0,0,0
2024-06-09 15:00:00,0,0,0
2024-06-09 16:00:00,0,0,0
2024-06-09 17:00:00,0,0,0
2024-06-09 18:00:00,0,0,0
2024-06-09 19:00:00,0,0,0
2024-06-09 20:00:00,0,0,0
2024-06-09 21:00:00,0,0,0
2024-06-09 22:00:00,0,0,0
2024-06-09 23:00:00,0,0,0
2024-06-10 00:00:00,0,0,0
2024-06-10 01:00:00,0,0,0
2024-06-10 02:00:00,0,0,0
2024-06-10 03:00:00,0,0,0
2024-06-10 04:00:00,0,0,0
2024-06-10 05:00:00,0,0,0
2024-06-10 06:00:00,0,0,0
2024-06-10 07:00:00,0,0,0
2024-06-10 08:00:00,0,0,0
2024-06-10 09:00:00,0,0,0
2024-06-10 10:00:00,0,0,0
2024-06-10 11:00:00,0,0,0
2024-06-10 12:00:00,0,0,0
2024-06-10 13:00:00,0,0,0
2024-06-10 14:00:00,0,0,0
2024-06-10 15:00:00,0,0,0
2024-06-10 16:00:00,0,0,0
2024-06-10 17:00:00,0,0,0
2024-06-10 18:00:00,0,0,0
2024-06-10 19:00:00,0,0,0
2024-06-10 20:00:00,0,0,0
2024-06-10 21:00:00,0,0,0
2024-06-10 22:00:00,0,0,0
2024-06-10 23:00:00,0,0,0
2024-06-11 00:00:00,0,0,0
2024-06-11 01:00:00,0,0,0
2024-06-11 02:00:00,0,0,0
2024-06-11 03:00:00,0,0,0
2024-06-11 04:00:00,0,0,0
2024-06-11 05:00:00,0,0,0
2024-06-11 06:00:00,0,0,0
2024-06-11 07:00:00,0,0,0
2024-06-11 08:00:00,0,0,0
2024-06-11 09:00:00,0,0,0
2024-06-11 10:00:00,0,0,0
2024-06-11 11:00:00,0,0,0
2024-06-11 12:00:00,0,0,0
2024-06-11 13:00:00,0,0,0
2024-06-11 14:00:00,0,0,0
2024-06-11 15:00:00,0,0,0
2024-06-11 16:00:00,0,0,0
2024-06-11 17:00:00,0,0,0
2024-06-11 18:00:00,0,0,0
2024-06-11 19:00:00,0,0,0
2024-06-11 20:00:00,0,0,0
2024-06-11 21:00:00,0,0,0
2024-06-11 22:00:00,0,0,0
2024-06-11 23:00:00,0,0,0
2024-06-12 00:00:00,0,0,0
2024-06-12 01:00:00,0,0,0
2024-06-12 02:00:00,0,0,0
2024-06-12 03:00:00,0,0,0
2024-06-12 04:00:00,0,0,0
2024-06-12 05:00:00,0,0,0
2024-06-12 06:00:00,0,0,0
2024-06-12 07:00:00,0,0,0
2024-06-12 08:00:00,0,0,0
2024-06-12 09:00:00,0,0,0
2024-06-12 10:00:00,0,0,0
2024-06-12 11:00:00,0,0,0
2024-06-12 12:00:00,0,0,0
2024-06-12 13:00:00,0,0,0
2024-06-12 14:00:00,0,0,0
2024-06-12 15:00:00,0,0,0
2024-06-12 16:00:00,0,0,0
2024-06-12 17:00:00,0,0,0
2024-06-12 18:00:00,0,0,0
2024-06-12 19:00:00,0,0,0
2024-06-12 20:00:00,0,0,0
2024-06-12 21:00:00,0,0,0
2024-06-12 22:00:00,0,0,0
2024-06-12 23:00:00,0,0,0
2024-06-13 00:00:00,0,0,0
2024-06-13 01:00:00,0,0,0
2024-06-13 02:00:00,0,0,0
2024-06-13 03:00:00,0,0,0
2024-06-13 04:00:00,0,0,0
2024-06-13 05:00:00,0,0,0
2024-06-13 06:00:00,0,0,0
2024-06-13 07:00:00,0,0,0
2024-06-13 08:00:00,0,0,0
2024-06-13 09:00:00,0,0,0
2024-06-13 10:00:00,0,0,0
2024-06-13 11:00:00,0,0,0
2024-06-13 12:00:00,0,0,0
2024-06-13 13:00:00,0,0,0
2024-06-13 14:00:00,0,0,0
2024-06-13 15:00:00,0,0,0
2024-06-13 16:00:00,0,0,0
2024-06-13 17:00:00,0,0,0
2024-06-13 18:00:00,0,0,0
2024-06-13 19:00:00,0,0,0
2024-06-13 20:00:00,0,0,0
2024-06-13 21:00:00,0,0,0
2024-06-13 22:00:00,0,0,0
2024-06-13 23:00:00,0,0,0
2024-06-14 00:00:00,0,0,0
2024-06-14 01:00:00,0,0,0
2024-06-14 02:00:00,0,0,0
2024-06-14 03:00:00,0,0,0
2024-06-14 04:00:00,0,0,0
2024-06-14 05:00:00,0,0,0
2024-06-14 06:00:00,0,0,0
2024-06-14 07:00:00,0,0,0
2024-06-14 08:00:00,0,0,0
2024-06-14 09:00:00,0,0,0
2024-06-14 10:00:00,0,0,0
2024-06-14 11:00:00,0,0,0
2024-06-14 12:00:00,0,0,0
2024-06-14 13:00:00,0,0,0
2024-06-14 14:00:00,0,0,0
2024-06-14 15:00:00,0,0,0
2024-06-14 16:00:00,0,0,0
2024-06-14 17:00:00,0,0,0
2024-06-14 18:00:00,0,0,0
2024-06-14 19:00:00,0,0,0
2024-06-14 20:00:00,0,0,0
2024-06-14 21:00:00,0,0,0
2024-06-14 22:00:00,0,0,0
2024-06-14 23:00:00,0,0,0
2024-06-15 00:00:00,0,0,0
2024-06-15 01:00:00,0,0,0
2024-06-15 02:00:00,0,0,0
2024-06-15 03:00:00,0,0,0
2024-06-15 04:00:00,0,0,0
2024-06-15 05:00:00,0,0,0
2024-06-15 06:00:00,0,0,0
2024-06-15 07:00:00,0,0,0
2024-06-15 08:00:00,0,0,0
2024-06-15 09:00:00,0,0,0
2024-06-15 10:00:00,0,0,0
2024-06-15 11:00:00,0,0,0
2024-06-15 12:00:00,0,0,0
2024-06-15 13:00:00,0,0,0
2024-06-15 14:00:00,0,0,0
2024-06-15 15:00:00,0,0,0
2024-06-15 16:00:00,0,0,0
2024-06-15 17:00:00,0,0,0
2024-06-15 18:00:00,0,0,0
2024-06-15 19:00:00,0,0,0
2024-06-15 20:00:00,0,0,0
2024-06-15 21:00:00,0,0,0
2024-06-15 22:00:00,0,0,0
2024-06-15 23:00:00,0,0,0
2024-06-16 00:00:00,0,0,0
2024-06-16 01:00:00,0,0,0
2024-06-16 02:00:00,0,0,0
2024-06-16 03:00:00,0,0,0
2024-06-16 04:00:00,0,0,0
2024-06-16 05:00:00,0,0,0
2024-06-16 06:00:00,0,0,0
2024-06-16 07:00:00,0,0,0
2024-06-16 08:00:00,0,0,0
2024-06-16 09:00:00,0,0,0
2024-06-16 10:00:00,0,0,0
2024-06-16 11:00:00,0,0,0
2024-06-16 12:00:00,0,0,0
2024-06-16 13:00:00,0,0,0
2024-06-16 14:00:00,0,0,0
2024-06-16 15:00:00,0,0,0
2024-06-16 16:00:00,0,0,0
2024-06-16 17:00:00,0,0,0
2024-06-16 18:00:00,0,0,0
2024-06-16 19:00:00,0,0,0
2024-06-16 20:00:00,0,0,0
2024-06-16 21:00:00,0,0,0
2024-06-16 22:00:00,0,0,0
2024-06-16 23:00:00,0,0,0
2024-06-17 00:00:00,0,0,0
2024-06-17 01:00:00,0,0,0
2024-06-17 02:00:00,0,0,0
2024-06-17 03:00:00,0,0,0
2024-06-17 04:00:00,0,0,0
2024-06-17 05:00:00,0,0,0
2024-06-17 06:00:00,0,0,0
2024-06-17 07:00:00,0,0,0
2024-06-17 08:00:00,0,0,0
2024-06-17 09:00:00,0,0,0
2024-06-17 10:00:00,0,0,0
2024-06-17 11:00:00,0,0,0
2024-06-17 12:00:00,0,0,0
2024-06-17 13:00:00,0,0,0
2024-06-17 14:00:00,0,0,0
2024-06-17 15:00:00,0,0,0
2024-06-17 16:00:00,0,0,0
2024-06-17 17:00:00,0,0,0
2024-06-17 18:00:00,0,0,0
2024-06-17 19:00:00,0,0,0
2024-06-17 20:00:00,0,0,0
2024-06-17 21:00:00,0,0,0
2024-06-17 22:00:00,0,0,0
2024-06-17 23:00:00,0,0,0
2024-06-18 00:00:00,0,0,0
2024-06-18 01:00:00,0,0,0
2024-06-18 02:00:00,0,0,0
2024-06-18 03:00:00,0,0,0
2024-06-18 04:00:00,0,0,0
2024-06-18 05:00:00,0,0,0
2024-06-18 06:00:00,0,0,0
2024-06-18 07:00:00,0,0,0
2024-06-18 08:00:00,0,0,0
2024-06-18 09:00:00,0,0,0
2024-06-18 10:00:00,0,0,0
2024-06-18 11:00:00,0,0,0
2024-06-18 12:00:00,0,0,0
2024-06-18 13:00:00,0,0,0
2024-06-18 14:00:00,0,0,0
2024-06-18 15:00:00,0,0,0
2024-06-18 16:00:00,0,0,0
2024-06-18 17:00:00,0,0,0
2024-06-18 18:00:00,0,0,0
2024-06-18 19:00:00,0,0,0
2024-06-18 20:00:00,0,0,0
2024-06-18 21:00:00,0,0,0
2024-06-18 22:00:00,0,0,0
2024-06-18 23:00:00,0,0,0
2024-06-19 00:00:00,0,0,0
2024-06-19 01:00:00,0,0,0
2024-06-19 02:00:00,0,0,0
2024-06-19 03:00:00,0,0,0
2024-06-19 04:00:00,0,0,0
2024-06-19 05:00:00,0,0,0
2024-06-19 06:00:00,0,0,0
2024-06-19 07:00:00,0,0,0
2024-06-19 08:00:00,0,0,0
2024-06-19 09:00:00,0,0,0
2024-06-19 10:00:00,0,0,0
2024-06-19 11:00:00,0,0,0
2024-06-19 12:00:00,0,0,0
2024-06-19 13:00:00,0,0,0
2024-06-19 14:00:00,0,0,0
2024-06-19 15:00:00,0,0,0
2024-06-19 16:00:00,0,0,0
2024-06-19 17:00:00,0,0,0
2024-06-19 18:00:00,0,0,0
2024-06-19 19:00:00,0,0,0
2024-06-19 20:00:00,0,0,0
2024-06-19 21:00:00,0,0,0
2024-06-19 22:00:00,0,0,0
2024-06-19 23:00:00,0,0,0
2024-06-20 00:00:00,0,0,0
2024-06-20 01:00:00,0,0,0
2024-06-20 02:00:00,0,0,0
2024-06-20 03:00:00,0,0,0
2024-06-20 04:00:00,0,0,0
2024-06-20 05:00:00,0,0,0
2024-06-20 06:00:00,0,0,0
2024-06-20 07:00:00,0,0,0
2024-06-20 08:00:00,0,0,0
2024-06-20 09:00:00,0,0,0
2024-06-20 10:00:00,0,0,0
2024-06-20 11:00:00,0,0,0
2024-06-20 12:00:00,0,0,0
2024-06-20 13:00:00,0,0,0
2024-06-20 14:00:00,0,0,0
2024-06-20 15:00:00,0,0,0
2024-06-20 16:00:00,0,0,0
2024-06-20 17:00:00,0,0,0
2024-06-20 18:00:00,0,0,0
2024-06-20 19:00:00,0,0,0
2024-06-20 20:00:00,0,0,0
2024-06-20 21:00:00,0,0,0
2024-06-20 22:00:00,0,0,0
2024-06-20 23:00:00,0,0,0
2024-06-21 00:00:00,0,0,0
2024-06-21 01:00:00,0,0,0
2024-06-21 02:00:00,0,0,0
2024-06-21 03:00:00,0,0,0
2024-06-21 04:00:00,0,0,0
2024-06-21 05:00:00,0,0,0
2024-06-21 06:00:00,0,0,0
2024-06-21 07:00:00,0,0,0
2024-06-21 08:00:00,0,0,0
2024-06-21 09:00:00,0,0,0
2024-06-21 10:00:00,0,0,0
2024-06-21 11:00:00,0,0,0
2024-06-21 12:00:00,0,0,0
2024-06-21 13:00:00,0,0,0
2024-06-21 14:00:00,0,0,0
2024-06-21 15:00:00,0,0,0
2024-06-21 16:00:00,0,0,0
2024-06-21 17:00:00,0,0,0
2024-06-21 18:00:00,0,0,0
2024-06-21 19:00:00,0,0,0
2024-06-21 20:00:00,0,0,0
2024-06-21 21:00:00,0,0,0
2024-06-21 22:00:00,0,0,0
2024-06-21 23:00:00,0,0,0
2024-06-22 00:00:00,0,0,0
2024-06-22 01:00:00,0,0,0
2024-06-22 02:00:00,0,0,0
2024-06-22 03:00:00,0,0,0
2024-06-22 04:00:00,0,0,0
2024-06-22 05:00:00,0,0,0
2024-06-22 06:00:00,0,0,0
2024-06-22 07:00:00,0,0,0
2024-06-22 08:00:00,0,0,0
2024-06-22 09:00:00,0,0,0
2024-06-22 10:00:00,0,0,0
2024-06-22 11:00:00,0,0,0
2024-06-22 12:00:00,0,0,0
2024-06-22 13:00:00,0,0,0
2024-06-22 14:00:00,0,0,0
2024-06-22 15:00:00,0,0,0
2024-06-22 16:00:00,0,0,0
2024-06-22 17:00:00,0,0,0
2024-06-22 18:00:00,0,0,0
2024-06-22 19:00:00,0,0,0
2024-06-22 20:00:00,0,0,0
2024-06-22 21:00:00,0,0,0
2024-06-22 22:00:00,0,0,0
2024-06-22 23:00:00,0,0,0
2024-06-23 00:00:00,0,0,0
2024-06-23 01:00:00,0,0,0
2024-06-23 02:00:00,0,0,0
2024-06-23 03:00:00,0,0,0
2024-06-23 04:00:00,0,0,0
2024-06-23 05:00:00,0,0,0
2024-06-23 06:00:00,0,0,0
2024-06-23 07:00:00,0,0,0
2024-06-23 08:00:00,0,0,0
2024-06-23 09:00:00,0,0,0
2024-06-23 10:00:00,0,0,0
2024-06-23 11:00:00,0,0,0
2024-06-23 12:00:00,0,0,0
2024-06-23 13:00:00,0,0,0
2024-06-23 14:00:00,0,0,0
2024-06-23 15:00:00,0,0,0
2024-06-23 16:00:00,0,0,0
2024-06-23 17:00:00,0,0,0
2024-06-23 18:00:00,0,0,0
2024-06-23 19:00:00,0,0,0
2024-06-23 20:00:00,0,0,0
2024-06-23 21:00:00,0,0,0
2024-06-23 22:00:00,0,0,0
2024-06-23 23:00:00,0,0,0
2024-06-24 00:00:00,0,0,0
2024-06-24 01:00:00,0,0,0
2024-06-24 02:00:00,0,0,0
2024-06-24 03:00:00,0,0,0
2024-06-24 04:00:00,0,0,0
2024-06-24 05:00:00,0,0,0
2024-06-24 06:00:00,0,0,0
2024-06-24 07:00:00,0,0,0
2024-06-24 08:00:00,0,0,0
2024-06-24 09:00:00,0,0,0
2024-06-24 10:00:00,0,0,0
2024-06-24 11:00:00,0,0,0
2024-06-24 12:00:00,0,0,0
2024-06-24 13:00:00,0,0,0
2024-06-24 14:00:00,0,0,0
2024-06-24 15:00:00,0,0,0
2024-06-24 16:00:00,0,0,0
2024-06-24 17:00:00,0,0,0
2024-06-24 18:00:00,0,0,0
2024-06-24 19:00:00,0,0,0
2024-06-24 20:00:00,0,0,0
2024-06-24 21:00:00,0,0,0
2024-06-24 22:00:00,0,0,0
2024-06-24 23:00:00,0,0,0
2024-06-25 00:00:00,0,0,0
2024-06-25 01:00:00,0,0,0
2024-06-25 02:00:00,0,0,0
2024-06-25 03:00:00,0,0,0
2024-06-25 04:00:00,0,0,0
2024-06-25 05:00:00,0,0,0
2024-06-25 06:00:00,0,0,0
2024-06-25 07:00:00,0,0,0
2024-06-25 08:00:00,0,0,0
2024-06-25 09:00:00,0,0,0
2024-06-25 10:00:00,0,0,0
2024-06-25 11:00:00,0,0,0
2024-06-25 12:00:00,0,0,0
2024-06-25 13:00:00,0,0,0
2024-06-25 14:00:00,0,0,0
2024-06-25 15:00:00,0,0,0
2024-06-25 16:00:00,0,0,0
2024-06-25 17:00:00,0,0,0
2024-06-25 18:00:00,0,0,0
2024-06-25 19:00:00,0,0,0
2024-06-25 20:00:00,0,0,0
2024-06-25 21:00:00,0,0,0
2024-06-25 22:00:00,0,0,0
2024-06-25 23:00:00,0,0,0
2024-06-26 00:00:00,0,0,0
2024-06-26 01:00:00,0,0,0
2024-06-26 02:00:00,0,0,0
2024-06-26 03:00:00,0,0,0
2024-06-26 04:00:00,0,0,0
2024-06-26 05:00:00,0,0,0
2024-06-26 06:00:00,0,0,0
2024-06-26 07:00:00,0,0,0
2024-06-26 08:00:00,0,0,0
2024-06-26 09:00:00,0,0,0
2024-06-26 10:00:00,0,0,0
2024-06-26 11:00:00,0,0,0
2024-06-26 12:00:00,0,0,0
2024-06-26 13:00:00,0,0,0
2024-06-26 14:00:00,0,0,0
2024-06-26 15:00:00,0,0,0
2024-06-26 16:00:00,0,0,0
2024-06-26 17:00:00,0,0,0
2024-06-26 18:00:00,0,0,0
2024-06-26 19:00:00,0,0,0
2024-06-26 20:00:00,0,0,0
2024-06-26 21:00:00,0,0,0
2024-06-26 22:00:00,0,0,0
2024-06-26 23:00:00,0,0,0
2024-06-27 00:00:00,0,0,0
2024-06-27 01:00:00,0,0,0
2024-06-27 02:00:00,0,0,0
2024-06-27 03:00:00,0,0,0
2024-06-27 04:00:00,0,0,0
2024-06-27 05:00:00,0,0,0
2024-06-27 06:00:00,0,0,0
2024-06-27 07:00:00,0,0,0
2024-06-27 08:00:00,0,0,0
2024-06-27 09:00:00,0,0,0
2024-06-27 10:00:00,0,0,0
2024-06-27 11:00:00,0,0,0
2024-06-27 12:00:00,0,0,0
2024-06-27 13:00:00,0,0,0
2024-06-27 14:00:00,0,0,0
2024-06-27 15:00:00,0,0,0
2024-06-27 16:00:00,0,0,0
2024-06-27 17:00:00,0,0,0
2024-06-27 18:00:00,0,0,0
2024-06-27 19:00:00,0,0,0
2024-06-27 20:00:00,0,0,0
2024-06-27 21:00:00,0,0,0
2024-06-27 22:00:00,0,0,0
2024-06-27 23:00:00,0,0,0
2024-06-28 00:00:00,0,0,0
2024-06-28 01:00:00,0,0,0
2024-06-28 02:00:00,0,0,0
2024-06-28 03:00:00,0,0,0
2024-06-28 04:00:00,0,0,0
2024-06-28 05:00:00,0,0,0
2024-06-28 06:00:00,0,0,0
2024-06-28 07:00:00,0,0,0
2024-06-28 08:00:00,0,0,0
2024-06-28 09:00:00,0,0,0
2024-06-28 10:00:00,0,0,0
2024-06-28 11:00:00,0,0,0
2024-06-28 12:00:00,0,0,0
2024-06-28 13:00:00,0,0,0
2024-06-28 14:00:00,0,0,0
2024-06-28 15:00:00,0,0,0
2024-06-28 16:00:00,0,0,0
2024-06-28 17:00:00,0,0,0
2024-06-28 18:00:00,0,0,0
2024-06-28 19:00:00,0,0,0
2024-06-28 20:00:00,0,0,0
2024-06-28 21:00:00,0,0,0
2024-06-28 22:00:00,0,0,0
2024-06-28 23:00:00,0,0,0
2024-06-29 00:00:00,0,0,0
2024-06-29 01:00:00,0,0,0
2024-06-29 02:00:00,0,0,0
2024-06-29 03:00:00,0,0,0
2024-06-29 04:00:00,0,0,0
2024-06-29 05:00:00,0,0,0
2024-06-29 06:00:00,0,0,0
2024-06-29 07:00:00,0,0,0
2024-06-29 08:00:00,0,0,0
2024-06-29 09:00:00,0,0,0
2024-06-29 10:00:00,0,0,0
2024-06-29 11:00:00,0,0,0
2024-06-29 12:00:00,0,0,0
2024-06-29 13:00:00,0,0,0
2024-06-29 14:00:00,0,0,0
2024-06-29 15:00:00,0,0,0
2024-06-29 16:00:00,0,0,0
2024-06-29 17:00:00,0,0,0
2024-06-29 18:00:00,0,0,0
2024-06-29 19:00:00,0,0,0
2024-06-29 20:00:00,0,0,0
2024-06-29 21:00:00,0,0,0
2024-06-29 22:00:00,0,0,0
2024-06-29 23:00:00,0,0,0
2024-06-30 00:00:00,0,0,0
2024-06-30 01:00:00,0,0,0
2024-06-30 02:00:00,0,0,0
2024-06-30 03:00:00,0,0,0
2024-06-30 04:00:00,0,0,0
2024-06-30 05:00:00,0,0,0
2024-06-30 06:00:00,0,0,0
2024-06-30 07:00:00,0,0,0
2024-06-30 08:00:00,0,0,0
2024-06-30 09:00:00,0,0,0
2024-06-30 10:00:00,0,0,0
2024-06-30 11:00:00,0,0,0
2024-06-30 12:00:00,0,0,0
2024-06-30 13:00:00,0,0,0
2024-06-30 14:00:00,0,0,0
2024-06-30 15:00:00,0,0,0
2024-06-30 16:00:00,0,0,0
2024-06-30 17:00:00,0,0,0
2024-06-30 18:00:00,0,0,0
2024-06-30 19:00:00,0,0,0
2024-06-30 20:00:00,0,0,0
2024-06-30 21:00:00,0,0,0
2024-06-30 22:00:00,0,0,0
2024-06-30 23:00:00,0,0,0
2024-07-01 00:00:00,0,0,0
2024-07-01 01:00:00,0,0,0
2024-07-01 02:00:00,0,0,0
2024-07-01 03:00:00,0,0,0
2024-07-01 04:00:00,0,0,0
2024-07-01 05:00:00,0,0,0
2024-07-01 06:00:00,0,0,0
2024-07-01 07:00:00,0,0,0
2024-07-01 08:00:00,0,0,0
2024-07-01 09:00:00,0,0,0
2024-07-01 10:00:00,0,0,0
2024-07-01 11:00:00,0,0,0
2024-07-01 12:00:00,0,0,0
2024-07-01 13:00:00,0,0,0
2024-07-01 14:00:00,0,0,0
2024-07-01 15:00:00,0,0,0
2024-07-01 16:00:00,0,0,0
2024-07-01 17:00:00,0,0,0
2024-07-01 18:00:00,0,0,0
2024-07-01 19:00:00,0,0,0
2024-07-01 20:00:00,0,0,0
2024-07-01 21:00:00,0,0,0
2024-07-01 22:00:00,0,0,0
2024-07-01 23:00:00,0,0,0
2024-07-02 00:00:00,0,0,0
2024-07-02 01:00:00,0,0,0
2024-07-02 02:00:00,0,0,0
2024-07-02 03:00:00,0,0,0
2024-07-02 04:00:00,0,0,0
2024-07-02 05:00:00,0,0,0
2024-07-02 06:00:00,0,0,0
2024-07-02 07:00:00,0,0,0
2024-07-02 08:00:00,0,0,0
2024-07-02 09:00:00,0,0,0
2024-07-02 10:00:00,0,0,0
2024-07-02 11:00:00,0,0,0
2024-07-02 12:00:00,0,0,0
2024-07-02 13:00:00,0,0,0
2024-07-02 14:00:00,0,0,0
2024-07-02 15:00:00,0,0,0
2024-07-02 16:00:00,0,0,0
2024-07-02 17:00:00,0,0,0
2024-07-02 18:00:00,0,0,0
2024-07-02 19:00:00,0,0,0
2024-07-02 20:00:00,0,0,0
2024-07-02 21:00:00,0,0,0
2024-07-02 22:00:00,0,0,0
2024-07-02 23:00:00,0,0,0
2024-07-03 00:00:00,0,0,0
2024-07-03 01:00:00,0,0,0
2024-07-03 02:00:00,0,0,0
2024-07-03 03:00:00,0,0,0
2024-07-03 04:00:00,0,0,0
2024-07-03 05:00:00,0,0,0
2024-07-03 06:00:00,0,0,0
2024-07-03 07:00:00,0,0,0
2024-07-03 08:00:00,0,0,0
2024-07-03 09:00:00,0,0,0
2024-07-03 10:00:00,0,0,0
2024-07-03 11:00:00,0,0,0
2024-07-03 12:00:00,0,0,0
2024-07-03 13:00:00,0,0,0
2024-07-03 14:00:00,0,0,0
2024-07-03 15:00:00,0,0,0
2024-07-03 16:00:00,0,0,0
2024-07-03 17:00:00,0,0,0
2024-07-03 18:00:00,0,0,0
2024-07-03 19:00:00,0,0,0
2024-07-03 20:00:00,0,0,0
2024-07-03 21:00:00,0,0,0
2024-07-03 22:00:00,0,0,0
2024-07-03 23:00:00,0,0,0
2024-07-04 00:00:00,0,0,0
2024-07-04 01:00:00,0,0,0
2024-07-04 02:00:00,0,0,0
2024-07-04 03:00:00,0,0,0
2024-07-04 04:00:00,0,0,0
2024-07-04 05:00:00,0,0,0
2024-07-04 06:00:00,0,0,0
2024-07-04 07:00:00,0,0,0
2024-07-04 08:00:00,0,0,0
2024-07-04 09:00:00,0,0,0
2024-07-04 10:00:00,0,0,0
2024-07-04 11:00:00,0,0,0
2024-07-04 12:00:00,0,0,0
2024-07-04 13:00:00,0,0,0
2024-07-04 14:00:00,0,0,0
2024-07-04 15:00:00,0,0,0
2024-07-04 16:00:00,0,0,0
2024-07-04 17:00:00,0,0,0
2024-07-04 18:00:00,0,0,0
2024-07-04 19:00:00,0,0,0
2024-07-04 20:00:00,0,0,0
2024-07-04 21:00:00,0,0,0
2024-07-04 22:00:00,0,0,0
2024-07-04 23:00:00,0,0,0
2024-07-05 00:00:00,0,0,0
2024-07-05 01:00:00,0,0,0
2024-07-05 02:00:00,0,0,0
2024-07-05 03:00:00,0,0,0
2024-07-05 04:00:00,0,0,0
2024-07-05 05:00:00,0,0,0
2024-07-05 06:00:00,0,0,0
2024-07-05 07:00:00,0,0,0
2024-07-05 08:00:00,0,0,0
2024-07-05 09:00:00,0,0,0
2024-07-05 10:00:00,0,0,0
2024-07-05 11:00:00,0,0,0
2024-07-05 12:00:00,0,0,0
2024-07-05 13:00:00,0,0,0
2024-07-05 14:00:00,0,0,0
2024-07-05 15:00:00,0,0,0
2024-07-05 16:00:00,0,0,0
2024-07-05 17:00:00,0,0,0
2024-07-05 18:00:00,0,0,0
2024-07-05 19:00:00,0,0,0
2024-07-05 20:00:00,0,0,0
2024-07-05 21:00:00,0,0,0
2024-07-05 22:00:00,0,0,0
2024-07-05 23:00:00,0,0,0
2024-07-06 00:00:00,0,0,0
2024-07-06 01:00:00,0,0,0
2024-07-06 02:00:00,0,0,0
2024-07-06 03:00:00,0,0,0
2024-07-06 04:00:00,0,0,0
2024-07-06 05:00:00,0,0,0
2024-07-06 06:00:00,0,0,0
2024-07-06 07:00:00,0,0,0
2024-07-06 08:00:00,0,0,0
2024-07-06 09:00:00,0,0,0
2024-07-06 10:00:00,0,0,0
2024-07-06 11:00:00,0,0,0
2024-07-06 12:00:00,0,0,0
2024-07-06 13:00:00,0,0,0
2024-07-06 14:00:00,0,0,0
2024-07-06 15:00:00,0,0,0
2024-07-06 16:00:00,0,0,0
2024-07-06 17:00:00,0,0,0
2024-07-06 18:00:00,0,0,0
2024-07-06 19:00:00,0,0,0
2024-07-06 20:00:00,0,0,0
2024-07-06 21:00:00,0,0,0
2024-07-06 22:00:00,0,0,0
2024-07-06 23:00:00,0,0,0
2024-07-07 00:00:00,0,0,0
2024-07-07 01:00:00,0,0,0
2024-07-07 02:00:00,0,0,0
2024-07-07 03:00:00,0,0,0
2024-07-07 04:00:00,0,0,0
2024-07-07 05:00:00,0,0,0
2024-07-07 06:00:00,0,0,0
2024-07-07 07:00:00,0,0,0
2024-07-07 08:00:00,0,0,0
2024-07-07 09:00:00,0,0,0
2024-07-07 10:00:00,0,0,0
2024-07-07 11:00:00,0,0,0
2024-07-07 12:00:00,0,0,0
2024-07-07 13:00:00,0,0,0
2024-07-07 14:00:00,0,0,0
2024-07-07 15:00:00,0,0,0
2024-07-07 16:00:00,0,0,0
2024-07-07 17:00:00,0,0,0
2024-07-07 18:00:00,0,0,0
2024-07-07 19:00:00,0,0,0
2024-07-07 20:00:00,0,0,0
2024-07-07 21:00:00,0,0,0
2024-07-07 22:00:00,0,0,0
2024-07-07 23:00:00,0,0,0
2024-07-08 00:00:00,0,0,0
2024-07-08 01:00:00,0,0,0
2024-07-08 02:00:00,0,0,0
2024-07-08 03:00:00,0,0,0
2024-07-08 04:00:00,0,0,0
2024-07-08 05:00:00,0,0,0
2024-07-08 06:00:00,0,0,0
2024-07-08 07:00:00,0,0,0
2024-07-08 08:00:00,0,0,0
2024-07-08 09:00:00,0,0,0
2024-07-08 10:00:00,0,0,0
2024-07-08 11:00:00,0,0,0
2024-07-08 12:00:00,0,0,0
2024-07-08 13:00:00,0,0,0
2024-07-08 14:00:00,0,0,0
2024-07-08 15:00:00,0,0,0
2024-07-08 16:00:00,0,0,0
2024-07-08 17:00:00,0,0,0
2024-07-08 18:00:00,0,0,0
2024-07-08 19:00:00,0,0,0
2024-07-08 20:00:00,0,0,0
2024-07-08 21:00:00,0,0,0
2024-07-08 22:00:00,0,0,0
2024-07-08 23:00:00,0,0,0
2024-07-09 00:00:00,0,0,0
2024-07-09 01:00:00,0,0,0
2024-07-09 02:00:00,0,0,0
2024-07-09 03:00:00,0,0,0
2024-07-09 04:00:00,0,0,0
2024-07-09 05:00:00,0,0,0
2024-07-09 06:00:00,0,0,0
2024-07-09 07:00:00,0,0,0
2024-07-09 08:00:00,0,0,0
2024-07-09 09:00:00,0,0,0
2024-07-09 10:00:00,0,0,0
2024-07-09 11:00:00,0,0,0
2024-07-09 12:00:00,0,0,0
2024-07-09 13:00:00,0,0,0
2024-07-09 14:00:00,0,0,0
2024-07-09 15:00:00,0,0,0
2024-07-09 16:00:00,0,0,0
2024-07-09 17:00:00,0,0,0
2024-07-09 18:00:00,0,0,0
2024-07-09 19:00:00,0,0,0
2024-07-09 20:00:00,0,0,0
2024-07-09 21:00:00,0,0,0
2024-07-09 22:00:00,0,0,0
2024-07-09 23:00:00,0,0,0
2024-07-10 00:00:00,0,0,0
2024-07-10 01:00:00,0,0,0
2024-07-10 02:00:00,0,0,0
2024-07-10 03:00:00,0,0,0
2024-07-10 04:00:00,0,0,0
2024-07-10 05:00:00,0,0,0
2024-07-10 06:00:00,0,0,0
2024-07-10 07:00:00,0,0,0
2024-07-10 08:00:00,0,0,0
2024-07-10 09:00:00,0,0,0
2024-07-10 10:00:00,0,0,0
2024-07-10 11:00:00,0,0,0
2024-07-10 12:00:00,0,0,0
2024-07-10 13:00:00,0,0,0
2024-07-10 14:00:00,0,0,0
2024-07-10 15:00:00,0,0,0
2024-07-10 16:00:00,0,0,0
2024-07-10 17:00:00,0,0,0
2024-07-10 18:00:00,0,0,0
2024-07-10 19:00:00,0,0,0
2024-07-10 20:00:00,0,0,0
2024-07-10 21:00:00,0,0,0
2024-07-10 22:00:00,0,0,0
2024-07-10 23:00:00,0,0,0
2024-07-11 00:00:00,0,0,0
2024-07-11 01:00:00,0,0,0
2024-07-11 02:00:00,0,0,0
2024-07-11 03:00:00,0,0,0
2024-07-11 04:00:00,0,0,0
2024-07-11 05:00:00,0,0,0
2024-07-11 06:00:00,0,0,0
2024-07-11 07:00:00,0,0,0
2024-07-11 08:00:00,0,0,0
2024-07-11 09:00:00,0,0,0
2024-07-11 10:00:00,0,0,0
2024-07-11 11:00:00,0,0,0
2024-07-11 12:00:00,0,0,0
2024-07-11 13:00:00,0,0,0
2024-07-11 14:00:00,0,0,0
2024-07-11 15:00:00,0,0,0
2024-07-11 16:00:00,0,0,0
2024-07-11 17:00:00,0,0,0
2024-07-11 18:00:00,0,0,0
2024-07-11 19:00:00,0,0,0
2024-07-11 20:00:00,0,0,0
2024-07-11 21:00:00,0,0,0
2024-07-11 22:00:00,0,0,0
2024-07-11 23:00:00,0,0,0
2024-07-12 00:00:00,0,0,0
2024-07-12 01:00:00,0,0,0
2024-07-12 02:00:00,0,0,0
2024-07-12 03:00:00,0,0,0
2024-07-12 04:00:00,0,0,0
2024-07-12 05:00:00,0,0,0
2024-07-12 06:00:00,0,0,0
2024-07-12 07:00:00,0,0,0
2024-07-12 08:00:00,0,0,0
2024-07-12 09:00:00,0,0,0
2024-07-12 10:00:00,0,0,0
2024-07-12 11:00:00,0,0,0
2024-07-12 12:00:00,0,0,0
2024-07-12 13:00:00,0,0,0
2024-07-12 14:00:00,0,0,0
2024-07-12 15:00:00,0,0,0
2024-07-12 16:00:00,0,0,0
2024-07-12 17:00:00,0,0,0
2024-07-12 18:00:00,0,0,0
2024-07-12 19:00:00,0,0,0
2024-07-12 20:00:00,0,0,0
2024-07-12 21:00:00,0,0,0
2024-07-12 22:00:00,0,0,0
2024-07-12 23:00:00,0,0,0
2024-07-13 00:00:00,0,0,0
2024-07-13 01:00:00,0,0,0
2024-07-13 02:00:00,0,0,0
2024-07-13 03:00:00,0,0,0
2024-07-13 04:00:00,0,0,0
2024-07-13 05:00:00,0,0,0
2024-07-13 06:00:00,0,0,0
2024-07-13 07:00:00,0,0,0
2024-07-13 08:00:00,0,0,0
2024-07-13 09:00:00,0,0,0
2024-07-13 10:00:00,0,0,0
2024-07-13 11:00:00,0,0,0
2024-07-13 12:00:00,0,0,0
2024-07-13 13:00:00,0,0,0
2024-07-13 14:00:00,0,0,0
2024-07-13 15:00:00,0,0,0
2024-07-13 16:00:00,0,0,0
2024-07-13 17:00:00,0,0,0
2024-07-13 18:00:00,0,0,0
2024-07-13 19:00:00,0,0,0
2024-07-13 20:00:00,0,0,0
2024-07-13 21:00:00,0,0,0
2024-07-13 22:00:00,0,0,0
2024-07-13 23:00:00,0,0,0
2024-07-14 00:00:00,0,0,0
2024-07-14 01:00:00,0,0,0
2024-07-14 02:00:00,0,0,0
2024-07-14 03:00:00,0,0,0
2024-07-14 04:00:00,0,0,0
2024-07-14 05:00:00,0,0,0
2024-07-14 06:00:00,0,0,0
2024-07-14 07:00:00,0,0,0
2024-07-14 08:00:00,0,0,0
2024-07-14 09:00:00,0,0,0
2024-07-14 10:00:00,0,0,0
2024-07-14 11:00:00,0,0,0
2024-07-14 12:00:00,0,0,0
2024-07-14 13:00:00,0,0,0
2024-07-14 14:00:00,0,0,0
2024-07-14 15:00:00,0,0,0
2024-07-14 16:00:00,0,0,0
2024-07-14 17:00:00,0,0,0
2024-07-14 18:00:00,0,0,0
2024-07-14 19:00:00,0,0,0
2024-07-14 20:00:00,0,0,0
2024-07-14 21:00:00,0,0,0
2024-07-14 22:00:00,0,0,0
2024-07-14 23:00:00,0,0,0
2024-07-15 00:00:00,0,0,0
2024-07-15 01:00:00,0,0,0
2024-07-15 02:00:00,0,0,0
2024-07-15 03:00:00,0,0,0
2024-07-15 04:00:00,0,0,0
2024-07-15 05:00:00,0,0,0
2024-07-15 06:00:00,0,0,0
2024-07-15 07:00:00,0,0,0
2024-07-15 08:00:00,0,0,0
2024-07-15 09:00:00,0,0,0
2024-07-15 10:00:00,0,0,0
2024-07-15 11:00:00,0,0,0
2024-07-15 12:00:00,0,0,0
2024-07-15 13:00:00,0,0,0
2024-07-15 14:00:00,0,0,0
2024-07-15 15:00:00,0,0,0
2024-07-15 16:00:00,0,0,0
2024-07-15 17:00:00,0,0,0
2024-07-15 18:00:00,0,0,0
2024-07-15 19:00:00,0,0,0
2024-07-15 20:00:00,0,0,0
2024-07-15 21:00:00,0,0,0
2024-07-15 22:00:00,0,0,0
2024-07-15 23:00:00,0,0,0
2024-07-16 00:00:00,0,0,0
2024-07-16 01:00:00,0,0,0
2024-07-16 02:00:00,0,0,0
2024-07-16 03:00:00,0,0,0
2024-07-16 04:00:00,0,0,0
2024-07-16 05:00:00,0,0,0
2024-07-16 06:00:00,0,0,0
2024-07-16 07:00:00,0,0,0
2024-07-16 08:00:00,0,0,0
2024-07-16 09:00:00,0,0,0
2024-07-16 10:00:00,0,0,0
2024-07-16 11:00:00,0,0,0
2024-07-16 12:00:00,0,0,0
2024-07-16 13:00:00,0,0,0
2024-07-16 14:00:00,0,0,0
2024-07-16 15:00:00,0,0,0
2024-07-16 16:00:00,0,0,0
2024-07-16 17:00:00,0,0,0
2024-07-16 18:00:00,0,0,0
2024-07-16 19:00:00,0,0,0
2024-07-16 20:00:00,0,0,0
2024-07-16 21:00:00,0,0,0
2024-07-16 22:00:00,0,0,0
2024-07-16 23:00:00,0,0,0
2024-07-17 00:00:00,0,0,0
2024-07-17 01:00:00,0,0,0
2024-07-17 02:00:00,0,0,0
2024-07-17 03:00:00,0,0,0
2024-07-17 04:00:00,0,0,0
2024-07-17 05:00:00,0,0,0
2024-07-17 06:00:00,0,0,0
2024-07-17 07:00:00,0,0,0
2024-07-17 08:00:00,0,0,0
2024-07-17 09:00:00,0,0,0
2024-07-17 10:00:00,0,0,0
2024-07-17 11:00:00,0,0,0
2024-07-17 12:00:00,0,0,0
2024-07-17 13:00:00,0,0,0
2024-07-17 14:00:00,0,0,0
2024-07-17 15:00:00,0,0,0
2024-07-17 16:00:00,0,0,0
2024-07-17 17:00:00,0,0,0
2024-07-17 18:00:00,0,0,0
2024-07-17 19:00:00,0,0,0
2024-07-17 20:00:00,0,0,0
2024-07-17 21:00:00,0,0,0
2024-07-17 22:00:00,0,0,0
2024-07-17 23:00:00,0,0,0
2024-07-18 00:00:00,0,0,0
2024-07-18 01:00:00,0,0,0
2024-07-18 02:00:00,0,0,0
2024-07-18 03:00:00,0,0,0
2024-07-18 04:00:00,0,0,0
2024-07-18 05:00:00,0,0,0
2024-07-18 06:00:00,0,0,0
2024-07-18 07:00:00,0,0,0
2024-07-18 08:00:00,0,0,0
2024-07-18 09:00:00,0,0,0
2024-07-18 10:00:00,0,0,0
2024-07-18 11:00:00,0,0,0
2024-07-18 12:00:00,0,0,0
2024-07-18 13:00:00,0,0,0
2024-07-18 14:00:00,0,0,0
2024-07-18 15:00:00,0,0,0
2024-07-18 16:00:00,0,0,0
2024-07-18 17:00:00,0,0,0
2024-07-18 18:00:00,0,0,0
2024-07-18 19:00:00,0,0,0
2024-07-18 20:00:00,0,0,0
2024-07-18 21:00:00,0,0,0
2024-07-18 22:00:00,0,0,0
2024-07-18 23:00:00,0,0,0
2024-07-19 00:00:00,0,0,0
2024-07-19 01:00:00,0,0,0
2024-07-19 02:00:00,0,0,0
2024-07-19 03:00:00,0,0,0
2024-07-19 04:00:00,0,0,0
2024-07-19 05:00:00,0,0,0
2024-07-19 06:00:00,0,0,0
2024-07-19 07:00:00,0,0,0
2024-07-19 08:00:00,0,0,0
2024-07-19 09:00:00,0,0,0
2024-07-19 10:00:00,0,0,0
2024-07-19 11:00:00,0,0,0
2024-07-19 12:00:00,0,0,0
2024-07-19 13:00:00,0,0,0
2024-07-19 14:00:00,0,0,0
2024-07-19 15:00:00,0,0,0
2024-07-19 16:00:00,0,0,0
2024-07-19 17:00:00,0,0,0
2024-07-19 18:00:00,0,0,0
2024-07-19 19:00:00,0,0,0
2024-07-19 20:00:00,0,0,0
2024-07-19 21:00:00,0,0,0
2024-07-19 22:00:00,0,0,0
2024-07-19 23:00:00,0,0,0
2024-07-20 00:00:00,0,0,0
2024-07-20 01:00:00,0,0,0
2024-07-20 02:00:00,0,0,0
2024-07-20 03:00:00,0,0,0
2024-07-20 04:00:00,0,0,0
2024-07-20 05:00:00,0,0,0
2024-07-20 06:00:00,0,0,0
2024-07-20 07:00:00,0,0,0
2024-07-20 08:00:00,0,0,0
2024-07-20 09:00:00,0,0,0
2024-07-20 10:00:00,0,0,0
2024-07-20 11:00:00,0,0,0
2024-07-20 12:00:00,0,0,0
2024-07-20 13:00:00,0,0,0
2024-07-20 14:00:00,0,0,0
2024-07-20 15:00:00,0,0,0
2024-07-20 16:00:00,0,0,0
2024-07-20 17:00:00,0,0,0
2024-07-20 18:00:00,0,0,0
2024-07-20 19:00:00,0,0,0
2024-07-20 20:00:00,0,0,0
2024-07-20 21:00:00,0,0,0
2024-07-20 22:00:00,0,0,0
2024-07-20 23:00:00,0,0,0
2024-07-21 00:00:00,0,0,0
2024-07-21 01:00:00,0,0,0
2024-07-21 02:00:00,0,0,0
2024-07-21 03:00:00,0,0,0
2024-07-21 04:00:00,0,0,0
2024-07-21 05:00:00,0,0,0
2024-07-21 06:00:00,0,0,0
2024-07-21 07:00:00,0,0,0
2024-07-21 08:00:00,0,0,0
2024-07-21 09:00:00,0,0,0
2024-07-21 10:00:00,0,0,0
2024-07-21 11:00:00,0,0,0
2024-07-21 12:00:00,0,0,0
2024-07-21 13:00:00,0,0,0
2024-07-21 14:00:00,0,0,0
2024-07-21 15:00:00,0,0,0
2024-07-21 16:00:00,0,0,0
2024-07-21 17:00:00,0,0,0
2024-07-21 18:00:00,0,0,0
2024-07-21 19:00:00,0,0,0
2024-07-21 20:00:00,0,0,0
2024-07-21 21:00:00,0,0,0
2024-07-21 22:00:00,0,0,0
2024-07-21 23:00:00,0,0,0
2024-07-22 00:00:00,0,0,0
2024-07-22 01:00:00,0,0,0
2024-07-22 02:00:00,0,0,0
2024-07-22 03:00:00,0,0,0
2024-07-22 04:00:00,0,0,0
2024-07-22 05:00:00,0,0,0
2024-07-22 06:00:00,0,0,0
2024-07-22 07:00:00,0,0,0
2024-07-22 08:00:00,0,0,0
2024-07-22 09:00:00,0,0,0
2024-07-22 10:00:00,0,0,0
2024-07-22 11:00:00,0,0,0
2024-07-22 12:00:00,0,0,0
2024-07-22 13:00:00,0,0,0
2024-07-22 14:00:00,0,0,0
2024-07-22 15:00:00,0,0,0
2024-07-22 16:00:00,0,0,0
2024-07-22 17:00:00,0,0,0
2024-07-22 18:00:00,0,0,0
2024-07-22 19:00:00,0,0,0
2024-07-22 20:00:00,0,0,0
2024-07-22 21:00:00,0,0,0
2024-07-22 22:00:00,0,0,0
2024-07-22 23:00:00,0,0,0
2024-07-23 00:00:00,0,0,0
2024-07-23 01:00:00,0,0,0
2024-07-23 02:00:00,0,0,0
2024-07-23 03:00:00,0,0,0
2024-07-23 04:00:00,0,0,0
2024-07-23 05:00:00,0,0,0
2024-07-23 06:00:00,0,0,0
2024-07-23 07:00:00,0,0,0
2024-07-23 08:00:00,0,0,0
2024-07-23 09:00:00,0,0,0
2024-07-23 10:00:00,0,0,0
2024-07-23 11:00:00,0,0,0
2024-07-23 12:00:00,0,0,0
2024-07-23 13:00:00,0,0,0
2024-07-23 14:00:00,0,0,0
2024-07-23 15:00:00,0,0,0
2024-07-23 16:00:00,0,0,0
2024-07-23 17:00:00,0,0,0
2024-07-23 18:00:00,0,0,0
2024-07-23 19:00:00,0,0,0
2024-07-23 20:00:00,0,0,0
2024-07-23 21:00:00,0,0,0
2024-07-23 22:00:00,0,0,0
2024-07-23 23:00:00,0,0,0
2024-07-24 00:00:00,0,0,0
2024-07-24 01:00:00,0,0,0
2024-07-24 02:00:00,0,0,0
2024-07-24 03:00:00,0,0,0
2024-07-24 04:00:00,0,0,0
2024-07-24 05:00:00,0,0,0
2024-07-24 06:00:00,0,0,0
2024-07-24 07:00:00,0,0,0
2024-07-24 08:00:00,0,0,0
2024-07-24 09:00:00,0,0,0
2024-07-24 10:00:00,0,0,0
2024-07-24 11:00:00,0,0,0
2024-07-24 12:00:00,0,0,0
2024-07-24 13:00:00,0,0,0
2024-07-24 14:00:00,0,0,0
2024-07-24 15:00:00,0,0,0
2024-07-24 16:00:00,0,0,0
2024-07-24 17:00:00,0,0,0
2024-07-24 18:00:00,0,0,0
2024-07-24 19:00:00,0,0,0
2024-07-24 20:00:00,0,0,0
2024-07-24 21:00:00,0,0,0
2024-07-24 22:00:00,0,0,0
2024-07-24 23:00:00,0,0,0
2024-07-25 00:00:00,0,0,0
2024-07-25 01:00:00,0,0,0
2024-07-25 02:00:00,0,0,0
2024-07-25 03:00:00,0,0,0
2024-07-25 04:00:00,0,0,0
2024-07-25 05:00:00,0,0,0
2024-07-25 06:00:00,0,0,0
2024-07-25 07:00:00,0,0,0
2024-07-25 08:00:00,0,0,0
2024-07-25 09:00:00,0,0,0
2024-07-25 10:00:00,0,0,0
2024-07-25 11:00:00,0,0,0
2024-07-25 12:00:00,0,0,0
2024-07-25 13:00:00,0,0,0
2024-07-25 14:00:00,0,0,0
2024-07-25 15:00:00,0,0,0
2024-07-25 16:00:00,0,0,0
2024-07-25 17:00:00,0,0,0
2024-07-25 18:00:00,0,0,0
2024-07-25 19:00:00,0,0,0
2024-07-25 20:00:00,0,0,0
2024-07-25 21:00:00,0,0,0
2024-07-25 22:00:00,0,0,0
2024-07-25 23:00:00,0,0,0
2024-07-26 00:00:00,0,0,0
2024-07-26 01:00:00,0,0,0
2024-07-26 02:00:00,0,0,0
2024-07-26 03:00:00,0,0,0
2024-07-26 04:00:00,0,0,0
2024-07-26 05:00:00,0,0,0
2024-07-26 06:00:00,0,0,0
2024-07-26 07:00:00,0,0,0
2024-07-26 08:00:00,0,0,0
2024-07-26 09:00:00,0,0,0
2024-07-26 10:00:00,0,0,0
2024-07-26 11:00:00,0,0,0
2024-07-26 12:00:00,0,0,0
2024-07-26 13:00:00,0,0,0
2024-07-26 14:00:00,0,0,0
2024-07-26 15:00:00,0,0,0
2024-07-26 16:00:00,0,0,0
2024-07-26 17:00:00,0,0,0
2024-07-26 18:00:00,0,0,0
2024-07-26 19:00:00,0,0,0
2024-07-26 20:00:00,0,0,0
2024-07-26 21:00:00,0,0,0
2024-07-26 22:00:00,0,0,0
2024-07-26 23:00:00,0,0,0
2024-07-27 00:00:00,0,0,0
2024-07-27 01:00:00,0,0,0
2024-07-27 02:00:00,0,0,0
2024-07-27 03:00:00,0,0,0
2024-07-27 04:00:00,0,0,0
2024-07-27 05:00:00,0,0,0
2024-07-27 06:00:00,0,0,0
2024-07-27 07:00:00,0,0,0
2024-07-27 08:00:00,0,0,0
2024-07-27 09:00:00,0,0,0
2024-07-27 10:00:00,0,0,0
2024-07-27 11:00:00,0,0,0
2024-07-27 12:00:00,0,0,0
2024-07-27 13:00:00,0,0,0
2024-07-27 14:00:00,0,0,0
2024-07-27 15:00:00,0,0,0
2024-07-27 16:00:00,0,0,0
2024-07-27 17:00:00,0,0,0
2024-07-27 18:00:00,0,0,0
2024-07-27 19:00:00,0,0,0
2024-07-27 20:00:00,0,0,0
2024-07-27 21:00:00,0,0,0
2024-07-27 22:00:00,0,0,0
2024-07-27 23:00:00,0,0,0
2024-07-28 00:00:00,0,0,0
2024-07-28 01:00:00,0,0,0
2024-07-28 02:00:00,0,0,0
2024-07-28 03:00:00,0,0,0
2024-07-28 04:00:00,0,0,0
2024-07-28 05:00:00,0,0,0
2024-07-28 06:00:00,0,0,0
2024-07-28 07:00:00,0,0,0
2024-07-28 08:00:00,0,0,0
2024-07-28 09:00:00,0,0,0
2024-07-28 10:00:00,0,0,0
2024-07-28 11:00:00,0,0,0
2024-07-28 12:00:00,0,0,0
2024-07-28 13:00:00,0,0,0
2024-07-28 14:00:00,0,0,0
2024-07-28 15:00:00,0,0,0
2024-07-28 16:00:00,0,0,0
2024-07-28 17:00:00,0,0,0
2024-07-28 18:00:00,0,0,0
2024-07-28 19:00:00,0,0,0
2024-07-28 20:00:00,0,0,0
2024-07-28 21:00:00,0,0,0
2024-07-28 22:00:00,0,0,0
2024-07-28 23:00:00,0,0,0
2024-07-29 00:00:00,0,0,0
2024-07-29 01:00:00,0,0,0
2024-07-29 02:00:00,0,0,0
2024-07-29 03:00:00,0,0,0
2024-07-29 04:00:00,0,0,0
2024-07-29 05:00:00,0,0,0
2024-07-29 06:00:00,0,0,0
2024-07-29 07:00:00,0,0,0
2024-07-29 08:00:00,0,0,0
2024-07-29 09:00:00,0,0,0
2024-07-29 10:00:00,0,0,0
2024-07-29 11:00:00,0,0,0
2024-07-29 12:00:00,0,0,0
2024-07-29 13:00:00,0,0,0
2024-07-29 14:00:00,0,0,0
2024-07-29 15:00:00,0,0,0
2024-07-29 16:00:00,0,0,0
2024-07-29 17:00:00,0,0,0
2024-07-29 18:00:00,0,0,0
2024-07-29 19:00:00,0,0,0
2024-07-29 20:00:00,0,0,0
2024-07-29 21:00:00,0,0,0
2024-07-29 22:00:00,0,0,0
2024-07-29 23:00:00,0,0,0
2024-07-30 00:00:00,0,0,0
2024-07-30 01:00:00,0,0,0
2024-07-30 02:00:00,0,0,0
2024-07-30 03:00:00,0,0,0
2024-07-30 04:00:00,0,0,0
2024-07-30 05:00:00,0,0,0
2024-07-30 06:00:00,0,0,0
2024-07-30 07:00:00,0,0,0
2024-07-30 08:00:00,0,0,0
2024-07-30 09:00:00,0,0,0
2024-07-30 10:00:00,0,0,0
2024-07-30 11:00:00,0,0,0
2024-07-30 12:00:00,0,0,0
2024-07-30 13:00:00,0,0,0
2024-07-30 14:00:00,0,0,0
2024-07-30 15:00:00,0,0,0
2024-07-30 16:00:00,0,0,0
2024-07-30 17:00:00,0,0,0
2024-07-30 18:00:00,0,0,0
2024-07-30 19:00:00,0,0,0
2024-07-30 20:00:00,0,0,0
2024-07-30 21:00:00,0,0,0
2024-07-30 22:00:00,0,0,0
2024-07-30 23:00:00,0,0,0
2024-07-31 00:00:00,0,0,0
2024-07-31 01:00:00,0,0,0
2024-07-31 02:00:00,0,0,0
2024-07-31 03:00:00,0,0,0
2024-07-31 04:00:00,0,0,0
2024-07-31 05:00:00,0,0,0
2024-07-31 06:00:00,0,0,0
2024-07-31 07:00:00,0,0,0
2024-07-31 08:00:00,0,0,0
2024-07-31 09:00:00,0,0,0
2024-07-31 10:00:00,0,0,0
2024-07-31 11:00:00,0,0,0
2024-07-31 12:00:00,0,0,0
2024-07-31 13:00:00,0,0,0
2024-07-31 14:00:00,0,0,0
2024-07-31 15:00:00,0,0,0
2024-07-31 16:00:00,0,0,0
2024-07-31 17:00:00,0,0,0
2024-07-31 18:00:00,0,0,0
2024-07-31 19:00:00,0,0,0
2024-07-31 20:00:00,0,0,0
2024-07-31 21:00:00,0,0,0
2024-07-31 22:00:00,0,0,0
2024-07-31 23:00:00,0,0,0
2024-08-01 00:00:00,0,0,0
2024-08-01 01:00:00,0,0,0
2024-08-01 02:00:00,0,0,0
2024-08-01 03:00:00,0,0,0
2024-08-01 04:00:00,0,0,0
2024-08-01 05:00:00,0,0,0
2024-08-01 06:00:00,0,0,0
2024-08-01 07:00:00,0,0,0
2024-08-01 08:00:00,0,0,0
2024-08-01 09:00:00,0,0,0
2024-08-01 10:00:00,0,0,0
2024-08-01 11:00:00,0,0,0
2024-08-01 12:00:00,0,0,0
2024-08-01 13:00:00,0,0,0
2024-08-01 14:00:00,0,0,0
2024-08-01 15:00:00,0,0,0
2024-08-01 16:00:00,0,0,0
2024-08-01 17:00:00,0,0,0
2024-08-01 18:00:00,0,0,0
2024-08-01 19:00:00,0,0,0
2024-08-01 20:00:00,0,0,0
2024-08-01 21:00:00,0,0,0
2024-08-01 22:00:00,0,0,0
2024-08-01 23:00:00,0,0,0
2024-08-02 00:00:00,0,0,0
2024-08-02 01:00:00,0,0,0
2024-08-02 02:00:00,0,0,0
2024-08-02 03:00:00,0,0,0
2024-08-02 04:00:00,0,0,0
2024-08-02 05:00:00,0,0,0
2024-08-02 06:00:00,0,0,0
2024-08-02 07:00:00,0,0,0
2024-08-02 08:00:00,0,0,0
2024-08-02 09:00:00,0,0,0
2024-08-02 10:00:00,0,0,0
2024-08-02 11:00:00,0,0,0
2024-08-02 12:00:00,0,0,0
2024-08-02 13:00:00,0,0,0
2024-08-02 14:00:00,0,0,0
2024-08-02 15:00:00,0,0,0
2024-08-02 16:00:00,0,0,0
2024-08-02 17:00:00,0,0,0
2024-08-02 18:00:00,0,0,0
2024-08-02 19:00:00,0,0,0
2024-08-02 20:00:00,0,0,0
2024-08-02 21:00:00,0,0,0
2024-08-02 22:00:00,0,0,0
2024-08-02 23:00:00,0,0,0
2024-08-03 00:00:00,0,0,0
2024-08-03 01:00:00,0,0,0
2024-08-03 02:00:00,0,0,0
2024-08-03 03:00:00,0,0,0
2024-08-03 04:00:00,0,0,0
2024-08-03 05:00:00,0,0,0
2024-08-03 06:00:00,0,0,0
2024-08-03 07:00:00,0,0,0
2024-08-03 08:00:00,0,0,0
2024-08-03 09:00:00,0,0,0
2024-08-03 10:00:00,0,0,0
2024-08-03 11:00:00,0,0,0
2024-08-03 12:00:00,0,0,0
2024-08-03 13:00:00,0,0,0
2024-08-03 14:00:00,0,0,0
2024-08-03 15:00:00,0,0,0
2024-08-03 16:00:00,0,0,0
2024-08-03 17:00:00,0,0,0
2024-08-03 18:00:00,0,0,0
2024-08-03 19:00:00,0,0,0
2024-08-03 20:00:00,0,0,0
2024-08-03 21:00:00,0,0,0
2024-08-03 22:00:00,0,0,0
2024-08-03 23:00:00,0,0,0
2024-08-04 00:00:00,0,0,0
2024-08-04 01:00:00,0,0,0
2024-08-04 02:00:00,0,0,0
2024-08-04 03:00:00,0,0,0
2024-08-04 04:00:00,0,0,0
2024-08-04 05:00:00,0,0,0
2024-08-04 06:00:00,0,0,0
2024-08-04 07:00:00,0,0,0
2024-08-04 08:00:00,0,0,0
2024-08-04 09:00:00,0,0,0
2024-08-04 10:00:00,0,0,0
2024-08-04 11:00:00,0,0,0
2024-08-04 12:00:00,0,0,0
2024-08-04 13:00:00,0,0,0
2024-08-04 14:00:00,0,0,0
2024-08-04 15:00:00,0,0,0
2024-08-04 16:00:00,0,0,0
2024-08-04 17:00:00,0,0,0
2024-08-04 18:00:00,0,0,0
2024-08-04 19:00:00,0,0,0
2024-08-04 20:00:00,0,0,0
2024-08-04 21:00:00,0,0,0
2024-08-04 22:00:00,0,0,0
2024-08-04 23:00:00,0,0,0
2024-08-05 00:00:00,0,0,0
2024-08-05 01:00:00,0,0,0
2024-08-05 02:00:00,0,0,0
2024-08-05 03:00:00,0,0,0
2024-08-05 04:00:00,0,0,0
2024-08-05 05:00:00,0,0,0
2024-08-05 06:00:00,0,0,0
2024-08-05 07:00:00,0,0,0
2024-08-05 08:00:00,0,0,0
2024-08-05 09:00:00,0,0,0
2024-08-05 10:00:00,0,0,0
2024-08-05 11:00:00,0,0,0
2024-08-05 12:00:00,0,0,0
2024-08-05 13:00:00,0,0,0
2024-08-05 14:00:00,0,0,0
2024-08-05 15:00:00,0,0,0
2024-08-05 16:00:00,0,0,0
2024-08-05 17:00:00,0,0,0
2024-08-05 18:00:00,0,0,0
2024-08-05 19:00:00,0,0,0
2024-08-05 20:00:00,0,0,0
2024-08-05 21:00:00,0,0,0
2024-08-05 22:00:00,0,0,0
2024-08-05 23:00:00,0,0,0
2024-08-06 00:00:00,0,0,0
2024-08-06 01:00:00,0,0,0
2024-08-06 02:00:00,0,0,0
2024-08-06 03:00:00,0,0,0
2024-08-06 04:00:00,0,0,0
2024-08-06 05:00:00,0,0,0
2024-08-06 06:00:00,0,0,0
2024-08-06 07:00:00,0,0,0
2024-08-06 08:00:00,0,0,0
2024-08-06 09:00:00,0,0,0
2024-08-06 10:00:00,0,0,0
2024-08-06 11:00:00,0,0,0
2024-08-06 12:00:00,0,0,0
2024-08-06 13:00:00,0,0,0
2024-08-06 14:00:00,0,0,0
2024-08-06 15:00:00,0,0,0
2024-08-06 16:00:00,0,0,0
2024-08-06 17:00:00,0,0,0
2024-08-06 18:00:00,0,0,0
2024-08-06 19:00:00,0,0,0
2024-08-06 20:00:00,0,0,0
2024-08-06 21:00:00,0,0,0
2024-08-06 22:00:00,0,0,0
2024-08-06 23:00:00,0,0,0
2024-08-07 00:00:00,0,0,0
2024-08-07 01:00:00,0,0,0
2024-08-07 02:00:00,0,0,0
2024-08-07 03:00:00,0,0,0
2024-08-07 04:00:00,0,0,0
2024-08-07 05:00:00,0,0,0
2024-08-07 06:00:00,0,0,0
2024-08-07 07:00:00,0,0,0
2024-08-07 08:00:00,0,0,0
2024-08-07 09:00:00,0,0,0
2024-08-07 10:00:00,0,0,0
2024-08-07 11:00:00,0,0,0
2024-08-07 12:00:00,0,0,0
2024-08-07 13:00:00,0,0,0
2024-08-07 14:00:00,0,0,0
2024-08-07 15:00:00,0,0,0
2024-08-07 16:00:00,0,0,0
2024-08-07 17:00:00,0,0,0
2024-08-07 18:00:00,0,0,0
2024-08-07 19:00:00,0,0,0
2024-08-07 20:00:00,0,0,0
2024-08-07 21:00:00,0,0,0
2024-08-07 22:00:00,0,0,0
2024-08-07 23:00:00,0,0,0
2024-08-08 00:00:00,0,0,0
2024-08-08 01:00:00,0,0,0
2024-08-08 02:00:00,0,0,0
2024-08-08 03:00:00,0,0,0
2024-08-08 04:00:00,0,0,0
2024-08-08 05:00:00,0,0,0
2024-08-08 06:00:00,0,0,0
2024-08-08 07:00:00,0,0,0
2024-08-08 08:00:00,0,0,0
2024-08-08 09:00:00,0,0,0
2024-08-08 10:00:00,0,0,0
2024-08-08 11:00:00,0,0,0
2024-08-08 12:00:00,0,0,0
2024-08-08 13:00:00,0,0,0
2024-08-08 14:00:00,0,0,0
2024-08-08 15:00:00,0,0,0
2024-08-08 16:00:00,0,0,0
2024-08-08 17:00:00,0,0,0
2024-08-08 18:00:00,0,0,0
2024-08-08 19:00:00,0,0,0
2024-08-08 20:00:00,0,0,0
2024-08-08 21:00:00,0,0,0
2024-08-08 22:00:00,0,0,0
2024-08-08 23:00:00,0,0,0
2024-08-09 00:00:00,0,0,0
2024-08-09 01:00:00,0,0,0
2024-08-09 02:00:00,0,0,0
2024-08-09 03:00:00,0,0,0
2024-08-09 04:00:00,0,0,0
2024-08-09 05:00:00,0,0,0
2024-08-09 06:00:00,0,0,0
2024-08-09 07:00:00,0,0,0
2024-08-09 08:00:00,0,0,0
2024-08-09 09:00:00,0,0,0
2024-08-09 10:00:00,0,0,0
2024-08-09 11:00:00,0,0,0
2024-08-09 12:00:00,0,0,0
2024-08-09 13:00:00,0,0,0
2024-08-09 14:00:00,0,0,0
2024-08-09 15:00:00,0,0,0
2024-08-09 16:00:00,0,0,0
2024-08-09 17:00:00,0,0,0
2024-08-09 18:00:00,0,0,0
2024-08-09 19:00:00,0,0,0
2024-08-09 20:00:00,0,0,0
2024-08-09 21:00:00,0,0,0
2024-08-09 22:00:00,0,0,0
2024-08-09 23:00:00,0,0,0
2024-08-10 00:00:00,0,0,0
2024-08-10 01:00:00,0,0,0
2024-08-10 02:00:00,0,0,0
2024-08-10 03:00:00,0,0,0
2024-08-10 04:00:00,0,0,0
2024-08-10 05:00:00,0,0,0
2024-08-10 06:00:00,0,0,0
2024-08-10 07:00:00,0,0,0
2024-08-10 08:00:00,0,0,0
2024-08-10 09:00:00,0,0,0
2024-08-10 10:00:00,0,0,0
2024-08-10 11:00:00,0,0,0
2024-08-10 12:00:00,0,0,0
2024-08-10 13:00:00,0,0,0
2024-08-10 14:00:00,0,0,0
2024-08-10 15:00:00,0,0,0
2024-08-10 16:00:00,0,0,0
2024-08-10 17:00:00,0,0,0
2024-08-10 18:00:00,0,0,0
2024-08-10 19:00:00,0,0,0
2024-08-10 20:00:00,0,0,0
2024-08-10 21:00:00,0,0,0
2024-08-10 22:00:00,0,0,0
2024-08-10 23:00:00,0,0,0
2024-08-11 00:00:00,0,0,0
2024-08-11 01:00:00,0,0,0
2024-08-11 02:00:00,0,0,0
2024-08-11 03:00:00,0,0,0
2024-08-11 04:00:00,0,0,0
2024-08-11 05:00:00,0,0,0
2024-08-11 06:00:00,0,0,0
2024-08-11 07:00:00,0,0,0
2024-08-11 08:00:00,0,0,0
2024-08-11 09:00:00,0,0,0
2024-08-11 10:00:00,0,0,0
2024-08-11 11:00:00,0,0,0
2024-08-11 12:00:00,0,0,0
2024-08-11 13:00:00,0,0,0
2024-08-11 14:00:00,0,0,0
2024-08-11 15:00:00,0,0,0
2024-08-11 16:00:00,0,0,0
2024-08-11 17:00:00,0,0,0
2024-08-11 18:00:00,0,0,0
2024-08-11 19:00:00,0,0,0
2024-08-11 20:00:00,0,0,0
2024-08-11 21:00:00,0,0,0
2024-08-11 22:00:00,0,0,0
2024-08-11 23:00:00,0,0,0
2024-08-12 00:00:00,0,0,0
2024-08-12 01:00:00,0,0,0
2024-08-12 02:00:00,0,0,0
2024-08-12 03:00:00,0,0,0
2024-08-12 04:00:00,0,0,0
2024-08-12 05:00:00,0,0,0
2024-08-12 06:00:00,0,0,0
2024-08-12 07:00:00,0,0,0
2024-08-12 08:00:00,0,0,0
2024-08-12 09:00:00,0,0,0
2024-08-12 10:00:00,0,0,0
2024-08-12 11:00:00,0,0,0
2024-08-12 12:00:00,0,0,0
2024-08-12 13:00:00,0,0,0
2024-08-12 14:00:00,0,0,0
2024-08-12 15:00:00,0,0,0
2024-08-12 16:00:00,0,0,0
2024-08-12 17:00:00,0,0,0
2024-08-12 18:00:00,0,0,0
2024-08-12 19:00:00,0,0,0
2024-08-12 20:00:00,0,0,0
2024-08-12 21:00:00,0,0,0
2024-08-12 22:00:00,0,0,0
2024-08-12 23:00:00,0,0,0
2024-08-13 00:00:00,0,0,0
2024-08-13 01:00:00,0,0,0
2024-08-13 02:00:00,0,0,0
2024-08-13 03:00:00,0,0,0
2024-08-13 04:00:00,0,0,0
2024-08-13 05:00:00,0,0,0
2024-08-13 06:00:00,0,0,0
2024-08-13 07:00:00,0,0,0
2024-08-13 08:00:00,0,0,0
2024-08-13 09:00:00,0,0,0
2024-08-13 10:00:00,0,0,0
2024-08-13 11:00:00,0,0,0
2024-08-13 12:00:00,0,0,0
2024-08-13 13:00:00,0,0,0
2024-08-13 14:00:00,0,0,0
2024-08-13 15:00:00,3,83,0
2024-08-13 16:00:00,43,1273,76
2024-08-13 17:00:00,57,1157,45
2024-08-13 18:00:00,36,924,38
2024-08-13 19:00:00,26,548,16
2024-08-13 20:00:00,13,524,11
2024-08-13 21:00:00,1,406,8
2024-08-13 22:00:00,5,186,3
2024-08-13 23:00:00,7,99,2
2024-08-14 00:00:00,0,71,0
2024-08-14 01:00:00,0,47,1
2024-08-14 02:00:00,1,38,0
2024-08-14 03:00:00,1,47,1
2024-08-14 04:00:00,3,120,4
2024-08-14 05:00:00,5,398,10
2024-08-14 06:00:00,21,945,48
2024-08-14 07:00:00,32,1121,65
2024-08-14 08:00:00,27,961,33
2024-08-14 09:00:00,33,928,16
2024-08-14 10:00:00,19,912,13
2024-08-14 11:00:00,20,1040,17
2024-08-14 12:00:00,29,1071,18
2024-08-14 13:00:00,20,1023,27
2024-08-14 14:00:00,35,1082,22
2024-08-14 15:00:00,32,1248,37
2024-08-14 16:00:00,41,1353,78
2024-08-14 17:00:00,71,1068,55
2024-08-14 18:00:00,60,918,30
2024-08-14 19:00:00,37,636,29
2024-08-14 20:00:00,15,505,7
2024-08-14 21:00:00,8,355,18
2024-08-14 22:00:00,1,183,3
2024-08-14 23:00:00,1,81,0
2024-08-15 00:00:00,4,61,0
2024-08-15 01:00:00,0,59,0
2024-08-15 02:00:00,1,55,0
2024-08-15 03:00:00,1,57,1
2024-08-15 04:00:00,3,134,1
2024-08-15 05:00:00,11,379,20
2024-08-15 06:00:00,34,999,55
2024-08-15 07:00:00,33,1089,58
2024-08-15 08:00:00,24,1025,23
2024-08-15 09:00:00,27,973,31
2024-08-15 10:00:00,21,948,21
2024-08-15 11:00:00,19,1010,21
2024-08-15 12:00:00,27,1062,18
2024-08-15 13:00:00,21,1017,21
2024-08-15 14:00:00,23,1144,26
2024-08-15 15:00:00,27,1251,36
2024-08-15 16:00:00,51,1355,57
2024-08-15 17:00:00,40,1186,30
2024-08-15 18:00:00,98,881,18
2024-08-15 19:00:00,17,677,9
2024-08-15 20:00:00,12,488,7
2024-08-15 21:00:00,4,377,9
2024-08-15 22:00:00,5,216,9
2024-08-15 23:00:00,4,119,1
2024-08-16 00:00:00,4,100,2
2024-08-16 01:00:00,0,67,0
2024-08-16 02:00:00,7,61,0
2024-08-16 03:00:00,4,53,0
2024-08-16 04:00:00,0,125,3
2024-08-16 05:00:00,8,324,15
2024-08-16 06:00:00,21,844,45
2024-08-16 07:00:00,37,910,55
2024-08-16 08:00:00,20,1005,24
2024-08-16 09:00:00,26,981,19
2024-08-16 10:00:00,36,1015,13
2024-08-16 11:00:00,35,1079,31
2024-08-16 12:00:00,15,1185,22
2024-08-16 13:00:00,31,1198,18
2024-08-16 14:00:00,28,1251,31
2024-08-16 15:00:00,37,1309,38
2024-08-16 16:00:00,59,1284,53
2024-08-16 17:00:00,53,1170,45
2024-08-16 18:00:00,38,871,28
2024-08-16 19:00:00,27,653,9
2024-08-16 20:00:00,11,494,9
2024-08-16 21:00:00,9,438,7
2024-08-16 22:00:00,5,292,5
2024-08-16 23:00:00,6,233,4
2024-08-17 00:00:00,2,139,3
2024-08-17 01:00:00,1,99,0
2024-08-17 02:00:00,2,91,0
2024-08-17 03:00:00,0,72,0
2024-08-17 04:00:00,2,89,0
2024-08-17 05:00:00,13,164,4
2024-08-17 06:00:00,20,345,15
2024-08-17 07:00:00,27,525,14
2024-08-17 08:00:00,50,778,22
2024-08-17 09:00:00,48,992,24
2024-08-17 10:00:00,32,1091,34
2024-08-17 11:00:00,43,1232,21
2024-08-17 12:00:00,30,1261,22
2024-08-17 13:00:00,31,1132,17
2024-08-17 14:00:00,29,1121,24
2024-08-17 15:00:00,24,1063,17
2024-08-17 16:00:00,28,1158,17
2024-08-17 17:00:00,18,957,15
2024-08-17 18:00:00,17,778,13
2024-08-17 19:00:00,13,589,10
2024-08-17 20:00:00,3,413,11
2024-08-17 21:00:00,7,450,6
2024-08-17 22:00:00,3,329,5
2024-08-17 23:00:00,1,249,4
2024-08-18 00:00:00,3,164,1
2024-08-18 01:00:00,3,149,0
2024-08-18 02:00:00,4,123,0
2024-08-18 03:00:00,2,84,1
2024-08-18 04:00:00,6,92,2
2024-08-18 05:00:00,4,144,4
2024-08-18 06:00:00,15,248,13
2024-08-18 07:00:00,25,339,22
2024-08-18 08:00:00,21,632,23
2024-08-18 09:00:00,40,943,16
2024-08-18 10:00:00,41,948,16
2024-08-18 11:00:00,41,1127,36
2024-08-18 12:00:00,29,1081,28
2024-08-18 13:00:00,31,1048,17
2024-08-18 14:00:00,26,1063,24
2024-08-18 15:00:00,33,1011,17
2024-08-18 16:00:00,34,938,28
2024-08-18 17:00:00,30,797,10
2024-08-18 18:00:00,23,684,18
2024-08-18 19:00:00,15,492,13
2024-08-18 20:00:00,12,389,10
2024-08-18 21:00:00,0,224,6
2024-08-18 22:00:00,3,144,2
2024-08-18 23:00:00,2,104,0
2024-08-19 00:00:00,1,71,1
2024-08-19 01:00:00,1,31,0
2024-08-19 02:00:00,0,44,0
2024-08-19 03:00:00,0,47,0
2024-08-19 04:00:00,2,112,4
2024-08-19 05:00:00,6,369,9
2024-08-19 06:00:00,24,924,40
2024-08-19 07:00:00,22,1067,67
2024-08-19 08:00:00,12,885,24
2024-08-19 09:00:00,15,937,17
2024-08-19 10:00:00,16,914,21
2024-08-19 11:00:00,29,1062,21
2024-08-19 12:00:00,27,993,20
2024-08-19 13:00:00,20,1084,17
2024-08-19 14:00:00,18,1177,19
2024-08-19 15:00:00,15,1242,33
2024-08-19 16:00:00,35,1365,60
2024-08-19 17:00:00,50,1100,42
2024-08-19 18:00:00,22,807,11
2024-08-19 19:00:00,12,492,6
2024-08-19 20:00:00,4,420,5
2024-08-19 21:00:00,1,298,5
2024-08-19 22:00:00,6,143,5
2024-08-19 23:00:00,2,80,3
2024-08-20 00:00:00,2,63,2
2024-08-20 01:00:00,0,28,0
2024-08-20 02:00:00,0,38,0
2024-08-20 03:00:00,0,42,2
2024-08-20 04:00:00,0,119,2
2024-08-20 05:00:00,16,427,18
2024-08-20 06:00:00,61,982,48
2024-08-20 07:00:00,38,1143,65
2024-08-20 08:00:00,16,1012,31
2024-08-20 09:00:00,19,896,17
2024-08-20 10:00:00,13,912,12
2024-08-20 11:00:00,20,991,9
2024-08-20 12:00:00,25,1006,16
2024-08-20 13:00:00,27,975,23
2024-08-20 14:00:00,23,1062,10
2024-08-20 15:00:00,33,1266,52
2024-08-20 16:00:00,49,1347,67
2024-08-20 17:00:00,61,1132,62
2024-08-20 18:00:00,40,914,34
2024-08-20 19:00:00,20,629,12
2024-08-20 20:00:00,17,552,14
2024-08-20 21:00:00,2,381,6
2024-08-20 22:00:00,4,206,8
2024-08-20 23:00:00,0,86,0
2024-08-21 00:00:00,1,74,5
2024-08-21 01:00:00,0,32,1
2024-08-21 02:00:00,1,45,1
2024-08-21 03:00:00,1,56,2
2024-08-21 04:00:00,2,112,2
2024-08-21 05:00:00,11,419,8
2024-08-21 06:00:00,31,955,53
2024-08-21 07:00:00,26,1158,59
2024-08-21 08:00:00,19,932,37
2024-08-21 09:00:00,20,913,26
2024-08-21 10:00:00,29,933,22
2024-08-21 11:00:00,21,1074,15
2024-08-21 12:00:00,18,1081,20
2024-08-21 13:00:00,17,1023,19
2024-08-21 14:00:00,17,1075,30
2024-08-21 15:00:00,28,1272,39
2024-08-21 16:00:00,52,1274,63
2024-08-21 17:00:00,42,1114,59
2024-08-21 18:00:00,27,909,36
2024-08-21 19:00:00,22,622,15
2024-08-21 20:00:00,4,513,15
2024-08-21 21:00:00,17,351,4
2024-08-21 22:00:00,3,180,8
2024-08-21 23:00:00,5,91,1
2024-08-22 00:00:00,0,52,2
2024-08-22 01:00:00,0,54,0
2024-08-22 02:00:00,1,37,0
2024-08-22 03:00:00,2,44,1
2024-08-22 04:00:00,1,116,2
2024-08-22 05:00:00,10,388,10
2024-08-22 06:00:00,18,967,36
2024-08-22 07:00:00,23,1162,66
2024-08-22 08:00:00,10,975,21
2024-08-22 09:00:00,13,972,21
2024-08-22 10:00:00,16,1055,7
2024-08-22 11:00:00,18,1126,10
2024-08-22 12:00:00,18,1081,15
2024-08-22 13:00:00,12,1010,14
2024-08-22 14:00:00,27,1135,21
2024-08-22 15:00:00,29,1261,27
2024-08-22 16:00:00,42,1417,56
2024-08-22 17:00:00,47,1342,42
2024-08-22 18:00:00,41,960,26
2024-08-22 19:00:00,33,641,13
2024-08-22 20:00:00,6,519,10
2024-08-22 21:00:00,9,356,7
2024-08-22 22:00:00,4,207,6
2024-08-22 23:00:00,13,110,2
2024-08-23 00:00:00,0,72,1
2024-08-23 01:00:00,2,53,1
2024-08-23 02:00:00,2,48,0
2024-08-23 03:00:00,1,46,5
2024-08-23 04:00:00,0,116,2
2024-08-23 05:00:00,7,365,7
2024-08-23 06:00:00,30,775,39
2024-08-23 07:00:00,38,916,37
2024-08-23 08:00:00,24,914,28
2024-08-23 09:00:00,23,961,20
2024-08-23 10:00:00,23,1068,20
2024-08-23 11:00:00,27,1151,23
2024-08-23 12:00:00,32,1167,20
2024-08-23 13:00:00,23,1236,23
2024-08-23 14:00:00,24,1212,31
2024-08-23 15:00:00,22,1365,38
2024-08-23 16:00:00,34,1294,37
2024-08-23 17:00:00,34,1160,26
2024-08-23 18:00:00,33,808,15
2024-08-23 19:00:00,31,562,10
2024-08-23 20:00:00,19,435,8
2024-08-23 21:00:00,1,383,7
2024-08-23 22:00:00,4,287,6
2024-08-23 23:00:00,7,174,1
2024-08-24 00:00:00,2,134,3
2024-08-24 01:00:00,0,81,6
2024-08-24 02:00:00,1,87,7
2024-08-24 03:00:00,2,55,1
2024-08-24 04:00:00,2,82,3
2024-08-24 05:00:00,7,181,0
2024-08-24 06:00:00,5,291,6
2024-08-24 07:00:00,27,468,10
2024-08-24 08:00:00,21,760,6
2024-08-24 09:00:00,30,1148,6
2024-08-24 10:00:00,28,1327,12
2024-08-24 11:00:00,33,1277,8
2024-08-24 12:00:00,19,1164,16
2024-08-24 13:00:00,35,1177,12
2024-08-24 14:00:00,23,1247,27
2024-08-24 15:00:00,20,1075,21
2024-08-24 16:00:00,27,969,22
2024-08-24 17:00:00,24,879,19
2024-08-24 18:00:00,21,759,8
2024-08-24 19:00:00,19,567,10
2024-08-24 20:00:00,7,444,5
2024-08-24 21:00:00,6,384,6
2024-08-24 22:00:00,7,278,4
2024-08-24 23:00:00,5,215,2
2024-08-25 00:00:00,2,166,0
2024-08-25 01:00:00,3,128,3
2024-08-25 02:00:00,7,107,2
2024-08-25 03:00:00,5,92,0
2024-08-25 04:00:00,1,94,0
2024-08-25 05:00:00,2,146,1
2024-08-25 06:00:00,9,232,10
2024-08-25 07:00:00,33,370,7
2024-08-25 08:00:00,50,713,24
2024-08-25 09:00:00,121,1024,22
2024-08-25 10:00:00,55,1137,25
2024-08-25 11:00:00,63,1330,21
2024-08-25 12:00:00,29,1278,22
2024-08-25 13:00:00,57,1228,20
2024-08-25 14:00:00,50,1288,19
2024-08-25 15:00:00,52,1212,17
2024-08-25 16:00:00,33,1052,22
2024-08-25 17:00:00,26,785,11
2024-08-25 18:00:00,28,674,9
2024-08-25 19:00:00,21,565,15
2024-08-25 20:00:00,51,535,6
2024-08-25 21:00:00,261,527,20
2024-08-25 22:00:00,89,369,4
2024-08-25 23:00:00,9,189,4
2024-08-26 00:00:00,1,129,2
2024-08-26 01:00:00,0,98,0
2024-08-26 02:00:00,3,64,2
2024-08-26 03:00:00,2,32,1
2024-08-26 04:00:00,2,57,3
2024-08-26 05:00:00,8,145,3
2024-08-26 06:00:00,15,258,10
2024-08-26 07:00:00,21,314,13
2024-08-26 08:00:00,18,569,19
2024-08-26 09:00:00,43,810,24
2024-08-26 10:00:00,38,911,22
2024-08-26 11:00:00,43,1244,18
2024-08-26 12:00:00,30,1120,24
2024-08-26 13:00:00,34,1171,30
2024-08-26 14:00:00,39,1143,32
2024-08-26 15:00:00,39,1038,25
2024-08-26 16:00:00,25,928,34
2024-08-26 17:00:00,35,777,16
2024-08-26 18:00:00,28,706,15
2024-08-26 19:00:00,26,459,6
2024-08-26 20:00:00,7,342,8
2024-08-26 21:00:00,7,255,5
2024-08-26 22:00:00,3,195,2
2024-08-26 23:00:00,2,90,2
2024-08-27 00:00:00,2,43,0
2024-08-27 01:00:00,2,29,0
2024-08-27 02:00:00,1,49,1
2024-08-27 03:00:00,1,46,2
2024-08-27 04:00:00,2,112,2
2024-08-27 05:00:00,7,352,12
2024-08-27 06:00:00,19,908,52
2024-08-27 07:00:00,18,1103,62
2024-08-27 08:00:00,18,982,20
2024-08-27 09:00:00,17,943,26
2024-08-27 10:00:00,18,1042,15
2024-08-27 11:00:00,29,1067,16
2024-08-27 12:00:00,11,1028,17
2024-08-27 13:00:00,15,1120,20
2024-08-27 14:00:00,19,1087,23
2024-08-27 15:00:00,21,1282,31
2024-08-27 16:00:00,34,1359,59
2024-08-27 17:00:00,35,1064,50
2024-08-27 18:00:00,46,877,26
2024-08-27 19:00:00,20,627,21
2024-08-27 20:00:00,7,462,11
2024-08-27 21:00:00,6,278,17
2024-08-27 22:00:00,2,157,12
2024-08-27 23:00:00,1,109,6
2024-08-28 00:00:00,1,55,3
2024-08-28 01:00:00,1,41,0
2024-08-28 02:00:00,1,37,0
2024-08-28 03:00:00,1,43,1
2024-08-28 04:00:00,2,116,2
2024-08-28 05:00:00,8,414,19
2024-08-28 06:00:00,26,950,59
2024-08-28 07:00:00,40,1138,84
2024-08-28 08:00:00,21,1003,36
2024-08-28 09:00:00,22,947,14
2024-08-28 10:00:00,19,998,12
2024-08-28 11:00:00,24,1053,25
2024-08-28 12:00:00,17,1019,16
2024-08-28 13:00:00,24,1053,16
2024-08-28 14:00:00,29,1166,32
2024-08-28 15:00:00,20,1245,42
2024-08-28 16:00:00,41,1370,59
2024-08-28 17:00:00,38,1198,44
2024-08-28 18:00:00,40,867,30
2024-08-28 19:00:00,23,646,22
2024-08-28 20:00:00,9,547,11
2024-08-28 21:00:00,7,361,12
2024-08-28 22:00:00,3,203,3
2024-08-28 23:00:00,1,107,4
2024-08-29 00:00:00,0,69,0
2024-08-29 01:00:00,2,36,0
2024-08-29 02:00:00,0,43,0
2024-08-29 03:00:00,1,47,3
2024-08-29 04:00:00,3,104,2
2024-08-29 05:00:00,14,374,11
2024-08-29 06:00:00,25,984,64
2024-08-29 07:00:00,35,1116,77
2024-08-29 08:00:00,22,977,22
2024-08-29 09:00:00,20,998,12
2024-08-29 10:00:00,24,975,11
2024-08-29 11:00:00,25,1063,19
2024-08-29 12:00:00,33,1082,19
2024-08-29 13:00:00,26,1024,22
2024-08-29 14:00:00,27,1180,23
2024-08-29 15:00:00,27,1237,38
2024-08-29 16:00:00,46,1431,72
2024-08-29 17:00:00,61,1284,49
2024-08-29 18:00:00,44,1197,34
2024-08-29 19:00:00,31,806,22
2024-08-29 20:00:00,9,584,17
2024-08-29 21:00:00,10,400,10
2024-08-29 22:00:00,5,210,6
2024-08-29 23:00:00,3,117,4
2024-08-30 00:00:00,1,82,0
2024-08-30 01:00:00,1,55,1
2024-08-30 02:00:00,2,39,0
2024-08-30 03:00:00,1,42,3
2024-08-30 04:00:00,5,112,0
2024-08-30 05:00:00,10,360,18
2024-08-30 06:00:00,33,812,50
2024-08-30 07:00:00,30,1010,58
2024-08-30 08:00:00,28,945,29
2024-08-30 09:00:00,21,1008,18
2024-08-30 10:00:00,34,1068,17
2024-08-30 11:00:00,31,1134,30
2024-08-30 12:00:00,19,1149,25
2024-08-30 13:00:00,39,1254,23
2024-08-30 14:00:00,25,1212,32
2024-08-30 15:00:00,26,1295,45
2024-08-30 16:00:00,51,1330,56
2024-08-30 17:00:00,52,1213,46
2024-08-30 18:00:00,34,992,25
2024-08-30 19:00:00,23,772,18
2024-08-30 20:00:00,13,561,18
2024-08-30 21:00:00,5,465,7
2024-08-30 22:00:00,8,348,8
2024-08-30 23:00:00,2,219,2
2024-08-31 00:00:00,0,177,1
2024-08-31 01:00:00,2,105,0
2024-08-31 02:00:00,2,95,0
2024-08-31 03:00:00,1,85,2
2024-08-31 04:00:00,1,82,1
2024-08-31 05:00:00,5,178,6
2024-08-31 06:00:00,16,299,13
2024-08-31 07:00:00,44,721,16
2024-08-31 08:00:00,53,1037,25
2024-08-31 09:00:00,70,1324,31
2024-08-31 10:00:00,59,1372,22
2024-08-31 11:00:00,47,1400,31
2024-08-31 12:00:00,38,1414,19
2024-08-31 13:00:00,41,1357,33
2024-08-31 14:00:00,67,1250,22
2024-08-31 15:00:00,57,1274,21
2024-08-31 16:00:00,38,1335,25
2024-08-31 17:00:00,24,1100,11
2024-08-31 18:00:00,29,903,9
2024-08-31 19:00:00,17,645,11
2024-08-31 20:00:00,22,582,6
2024-08-31 21:00:00,55,555,4
2024-08-31 22:00:00,201,543,13
2024-08-31 23:00:00,16,306,4
2024-09-01 00:00:00,1,205,1
2024-09-01 01:00:00,2,174,1
2024-09-01 02:00:00,8,134,0
2024-09-01 03:00:00,3,100,2
2024-09-01 04:00:00,3,95,2
2024-09-01 05:00:00,6,146,4
2024-09-01 06:00:00,21,237,11
2024-09-01 07:00:00,27,455,18
2024-09-01 08:00:00,57,837,19
2024-09-01 09:00:00,62,1180,18
2024-09-01 10:00:00,36,1322,24
2024-09-01 11:00:00,24,1510,25
2024-09-01 12:00:00,44,1453,16
2024-09-01 13:00:00,35,1344,31
2024-09-01 14:00:00,53,1311,21
2024-09-01 15:00:00,48,1244,15
2024-09-01 16:00:00,42,1152,18
2024-09-01 17:00:00,44,952,12
2024-09-01 18:00:00,18,780,7
2024-09-01 19:00:00,22,611,8
2024-09-01 20:00:00,6,422,8
2024-09-01 21:00:00,67,365,9
2024-09-01 22:00:00,58,299,6
2024-09-01 23:00:00,3,96,0
2024-09-02 00:00:00,2,66,1
2024-09-02 01:00:00,2,39,1
2024-09-02 02:00:00,1,28,1
2024-09-02 03:00:00,1,46,2
2024-09-02 04:00:00,2,100,5
2024-09-02 05:00:00,13,371,11
2024-09-02 06:00:00,27,1135,52
2024-09-02 07:00:00,23,1282,70
2024-09-02 08:00:00,19,998,31
2024-09-02 09:00:00,15,1011,15
2024-09-02 10:00:00,12,1035,14
2024-09-02 11:00:00,24,1105,31
2024-09-02 12:00:00,23,1175,15
2024-09-02 13:00:00,22,1106,14
2024-09-02 14:00:00,25,1236,17
2024-09-02 15:00:00,16,1237,32
2024-09-02 16:00:00,35,1374,53
2024-09-02 17:00:00,70,1220,46
2024-09-02 18:00:00,57,916,20
2024-09-02 19:00:00,23,515,11
2024-09-02 20:00:00,10,397,11
2024-09-02 21:00:00,8,321,27
2024-09-02 22:00:00,4,157,1
2024-09-02 23:00:00,0,90,1
2024-09-03 00:00:00,0,39,0
2024-09-03 01:00:00,1,31,2
2024-09-03 02:00:00,1,48,0
2024-09-03 03:00:00,2,52,2
2024-09-03 04:00:00,4,124,4
2024-09-03 05:00:00,26,401,17
2024-09-03 06:00:00,42,1157,71
2024-09-03 07:00:00,44,1327,108
2024-09-03 08:00:00,17,1080,23
2024-09-03 09:00:00,20,934,15
2024-09-03 10:00:00,21,973,15
2024-09-03 11:00:00,37,950,8
2024-09-03 12:00:00,21,1041,15
2024-09-03 13:00:00,34,1047,27
2024-09-03 14:00:00,29,1174,22
2024-09-03 15:00:00,28,1270,40
2024-09-03 16:00:00,70,1368,98
2024-09-03 17:00:00,67,1314,96
2024-09-03 18:00:00,52,917,48
2024-09-03 19:00:00,43,708,34
2024-09-03 20:00:00,9,449,10
2024-09-03 21:00:00,1,353,10
2024-09-03 22:00:00,3,138,4
2024-09-03 23:00:00,6,92,1
2024-09-04 00:00:00,1,65,1
2024-09-04 01:00:00,0,44,0
2024-09-04 02:00:00,0,61,0
2024-09-04 03:00:00,2,44,0
2024-09-04 04:00:00,2,116,5
2024-09-04 05:00:00,17,455,19
2024-09-04 06:00:00,34,1221,62
2024-09-04 07:00:00,42,1378,95
2024-09-04 08:00:00,25,1136,48
2024-09-04 09:00:00,24,932,24
2024-09-04 10:00:00,20,934,11
2024-09-04 11:00:00,33,1012,27
2024-09-04 12:00:00,26,1027,22
2024-09-04 13:00:00,25,1096,23
2024-09-04 14:00:00,24,1209,34
2024-09-04 15:00:00,49,1123,43
2024-09-04 16:00:00,56,1005,78
2024-09-04 17:00:00,60,1147,63
2024-09-04 18:00:00,48,909,30
2024-09-04 19:00:00,29,663,15
2024-09-04 20:00:00,9,452,10
2024-09-04 21:00:00,3,378,8
2024-09-04 22:00:00,6,190,2
2024-09-04 23:00:00,1,88,4
2024-09-05 00:00:00,0,53,2
2024-09-05 01:00:00,0,39,0
2024-09-05 02:00:00,1,36,0
2024-09-05 03:00:00,2,51,2
2024-09-05 04:00:00,1,120,2
2024-09-05 05:00:00,17,413,14
2024-09-05 06:00:00,40,1114,62
2024-09-05 07:00:00,36,1222,99
2024-09-05 08:00:00,21,1018,17
2024-09-05 09:00:00,18,902,12
2024-09-05 10:00:00,18,869,11
2024-09-05 11:00:00,13,888,11
2024-09-05 12:00:00,20,944,13
2024-09-05 13:00:00,12,991,12
2024-09-05 14:00:00,14,1164,24
2024-09-05 15:00:00,16,1159,36
2024-09-05 16:00:00,27,1225,48
2024-09-05 17:00:00,39,1219,29
2024-09-05 18:00:00,31,888,22
2024-09-05 19:00:00,15,620,20
2024-09-05 20:00:00,13,485,13
2024-09-05 21:00:00,7,389,13
2024-09-05 22:00:00,3,176,4
2024-09-05 23:00:00,2,100,2
2024-09-06 00:00:00,1,71,1
2024-09-06 01:00:00,0,62,0
2024-09-06 02:00:00,1,65,0
2024-09-06 03:00:00,2,48,2
2024-09-06 04:00:00,1,110,2
2024-09-06 05:00:00,10,339,11
2024-09-06 06:00:00,31,1095,38
2024-09-06 07:00:00,20,1198,39
2024-09-06 08:00:00,22,946,15
2024-09-06 09:00:00,18,979,7
2024-09-06 10:00:00,29,965,7
2024-09-06 11:00:00,22,1072,5
2024-09-06 12:00:00,23,1069,16
2024-09-06 13:00:00,19,1128,13
2024-09-06 14:00:00,25,1170,21
2024-09-06 15:00:00,45,942,31
2024-09-06 16:00:00,46,1236,32
2024-09-06 17:00:00,44,1158,18
2024-09-06 18:00:00,30,974,4
2024-09-06 19:00:00,11,620,11
2024-09-06 20:00:00,10,516,5
2024-09-06 21:00:00,7,498,4
2024-09-06 22:00:00,7,343,9
2024-09-06 23:00:00,1,180,3
2024-09-07 00:00:00,1,158,2
2024-09-07 01:00:00,0,122,2
2024-09-07 02:00:00,3,99,19
2024-09-07 03:00:00,1,82,23
2024-09-07 04:00:00,2,90,3
2024-09-07 05:00:00,11,175,3
2024-09-07 06:00:00,19,391,15
2024-09-07 07:00:00,47,702,18
2024-09-07 08:00:00,63,872,12
2024-09-07 09:00:00,62,1097,20
2024-09-07 10:00:00,50,1188,21
2024-09-07 11:00:00,45,1254,43
2024-09-07 12:00:00,40,1276,17
2024-09-07 13:00:00,57,1209,40
2024-09-07 14:00:00,62,1126,14
2024-09-07 15:00:00,42,1245,21
2024-09-07 16:00:00,37,1140,20
2024-09-07 17:00:00,25,1087,13
2024-09-07 18:00:00,36,863,4
2024-09-07 19:00:00,40,594,11
2024-09-07 20:00:00,12,450,5
2024-09-07 21:00:00,8,512,6
2024-09-07 22:00:00,9,392,6
2024-09-07 23:00:00,0,320,4
2024-09-08 00:00:00,10,249,4
2024-09-08 01:00:00,4,180,0
2024-09-08 02:00:00,5,133,0
2024-09-08 03:00:00,3,77,0
2024-09-08 04:00:00,0,91,0
2024-09-08 05:00:00,1,150,6
2024-09-08 06:00:00,24,256,6
2024-09-08 07:00:00,45,328,9
2024-09-08 08:00:00,67,770,9
2024-09-08 09:00:00,174,960,15
2024-09-08 10:00:00,92,1020,16
2024-09-08 11:00:00,69,1261,29
2024-09-08 12:00:00,59,1231,28
2024-09-08 13:00:00,41,1182,16
2024-09-08 14:00:00,47,1129,18
2024-09-08 15:00:00,46,1182,12
2024-09-08 16:00:00,55,1028,23
2024-09-08 17:00:00,28,865,11
2024-09-08 18:00:00,26,668,9
2024-09-08 19:00:00,18,478,8
2024-09-08 20:00:00,9,312,2
2024-09-08 21:00:00,1,243,9
2024-09-08 22:00:00,1,145,4
2024-09-08 23:00:00,3,94,1
2024-09-09 00:00:00,0,76,3
2024-09-09 01:00:00,1,63,0
2024-09-09 02:00:00,4,44,0
2024-09-09 03:00:00,1,75,2
2024-09-09 04:00:00,2,106,1
2024-09-09 05:00:00,11,396,13
2024-09-09 06:00:00,49,1167,74
2024-09-09 07:00:00,41,1262,96
2024-09-09 08:00:00,44,947,45
2024-09-09 09:00:00,26,856,23
2024-09-09 10:00:00,29,867,18
2024-09-09 11:00:00,46,924,24
2024-09-09 12:00:00,39,905,29
2024-09-09 13:00:00,28,1004,31
2024-09-09 14:00:00,33,1108,42
2024-09-09 15:00:00,40,1205,63
2024-09-09 16:00:00,87,1132,79
2024-09-09 17:00:00,68,1132,59
2024-09-09 18:00:00,54,962,32
2024-09-09 19:00:00,25,614,21
2024-09-09 20:00:00,9,528,12
2024-09-09 21:00:00,8,329,10
2024-09-09 22:00:00,3,148,3
2024-09-09 23:00:00,3,104,2
2024-09-10 00:00:00,2,81,1
2024-09-10 01:00:00,0,57,2
2024-09-10 02:00:00,0,51,2
2024-09-10 03:00:00,3,51,2
2024-09-10 04:00:00,1,132,3
2024-09-10 05:00:00,20,410,16
2024-09-10 06:00:00,31,1195,60
2024-09-10 07:00:00,34,1303,97
2024-09-10 08:00:00,28,1066,54
2024-09-10 09:00:00,36,905,13
2024-09-10 10:00:00,17,920,17
2024-09-10 11:00:00,22,1034,23
2024-09-10 12:00:00,32,945,15
2024-09-10 13:00:00,27,1057,19
2024-09-10 14:00:00,15,1186,13
2024-09-10 15:00:00,29,1254,36
2024-09-10 16:00:00,43,1352,58
2024-09-10 17:00:00,37,1386,59
2024-09-10 18:00:00,38,1011,16
2024-09-10 19:00:00,23,663,17
2024-09-10 20:00:00,18,545,8
2024-09-10 21:00:00,9,323,9
2024-09-10 22:00:00,15,168,7
2024-09-10 23:00:00,1,120,3
2024-09-11 00:00:00,0,108,1
2024-09-11 01:00:00,0,92,1
2024-09-11 02:00:00,1,62,0
2024-09-11 03:00:00,4,60,1
2024-09-11 04:00:00,2,133,3
2024-09-11 05:00:00,19,436,20
2024-09-11 06:00:00,34,1285,70
2024-09-11 07:00:00,48,1394,102
2024-09-11 08:00:00,38,1105,39
2024-09-11 09:00:00,39,894,19
2024-09-11 10:00:00,23,933,19
2024-09-11 11:00:00,33,1061,21
2024-09-11 12:00:00,25,1044,23
2024-09-11 13:00:00,29,1157,22
2024-09-11 14:00:00,29,1252,19
2024-09-11 15:00:00,44,1404,49
2024-09-11 16:00:00,62,1389,63
2024-09-11 17:00:00,60,1332,71
2024-09-11 18:00:00,45,1143,29
2024-09-11 19:00:00,19,784,19
2024-09-11 20:00:00,11,656,12
2024-09-11 21:00:00,10,505,14
2024-09-11 22:00:00,6,201,10
2024-09-11 23:00:00,2,139,2
2024-09-12 00:00:00,1,111,0
2024-09-12 01:00:00,3,91,1
2024-09-12 02:00:00,3,64,0
2024-09-12 03:00:00,2,74,2
2024-09-12 04:00:00,2,118,1
2024-09-12 05:00:00,14,465,12
2024-09-12 06:00:00,39,1221,76
2024-09-12 07:00:00,33,1406,110
2024-09-12 08:00:00,36,1090,39
2024-09-12 09:00:00,26,908,22
2024-09-12 10:00:00,25,1013,18
2024-09-12 11:00:00,18,1056,18
2024-09-12 12:00:00,38,1077,12
2024-09-12 13:00:00,26,1104,26
2024-09-12 14:00:00,31,1243,42
2024-09-12 15:00:00,42,1287,58
2024-09-12 16:00:00,59,1399,64
2024-09-12 17:00:00,71,1371,48
2024-09-12 18:00:00,34,1148,32
2024-09-12 19:00:00,20,761,15
2024-09-12 20:00:00,17,636,14
2024-09-12 21:00:00,7,539,8
2024-09-12 22:00:00,5,279,4
2024-09-12 23:00:00,4,153,5
2024-09-13 00:00:00,5,115,0
2024-09-13 01:00:00,1,99,1
2024-09-13 02:00:00,3,81,0
2024-09-13 03:00:00,5,79,2
2024-09-13 04:00:00,3,118,5
2024-09-13 05:00:00,15,386,18
2024-09-13 06:00:00,48,1167,77
2024-09-13 07:00:00,47,1349,75
2024-09-13 08:00:00,61,1068,37
2024-09-13 09:00:00,69,1058,21
2024-09-13 10:00:00,148,1057,17
2024-09-13 11:00:00,223,1064,22
2024-09-13 12:00:00,276,1040,34
2024-09-13 13:00:00,209,1081,39
2024-09-13 14:00:00,250,1184,35
2024-09-13 15:00:00,255,1153,56
2024-09-13 16:00:00,245,1161,59
2024-09-13 17:00:00,71,1237,44
2024-09-13 18:00:00,38,1190,20
2024-09-13 19:00:00,59,749,13
2024-09-13 20:00:00,21,582,24
2024-09-13 21:00:00,19,561,9
2024-09-13 22:00:00,11,383,8
2024-09-13 23:00:00,4,248,1
2024-09-14 00:00:00,3,169,2
2024-09-14 01:00:00,2,150,0
2024-09-14 02:00:00,2,126,1
2024-09-14 03:00:00,2,86,1
2024-09-14 04:00:00,1,95,5
2024-09-14 05:00:00,10,188,7
2024-09-14 06:00:00,14,429,18
2024-09-14 07:00:00,46,785,16
2024-09-14 08:00:00,53,1026,21
2024-09-14 09:00:00,56,1204,26
2024-09-14 10:00:00,78,1249,33
2024-09-14 11:00:00,63,1368,23
2024-09-14 12:00:00,41,1304,36
2024-09-14 13:00:00,48,1365,32
2024-09-14 14:00:00,39,1427,27
2024-09-14 15:00:00,46,1199,30
2024-09-14 16:00:00,45,1303,39
2024-09-14 17:00:00,41,1178,21
2024-09-14 18:00:00,31,918,22
2024-09-14 19:00:00,18,637,10
2024-09-14 20:00:00,10,543,9
2024-09-14 21:00:00,11,463,14
2024-09-14 22:00:00,2,379,7
2024-09-14 23:00:00,4,295,9
2024-09-15 00:00:00,2,238,2
2024-09-15 01:00:00,5,205,0
2024-09-15 02:00:00,8,169,0
2024-09-15 03:00:00,2,131,0
2024-09-15 04:00:00,1,94,0
2024-09-15 05:00:00,3,126,3
2024-09-15 06:00:00,19,274,13
2024-09-15 07:00:00,35,397,42
2024-09-15 08:00:00,73,792,23
2024-09-15 09:00:00,69,990,22
2024-09-15 10:00:00,77,1157,33
2024-09-15 11:00:00,56,1344,30
2024-09-15 12:00:00,57,1357,32
2024-09-15 13:00:00,53,1197,22
2024-09-15 14:00:00,34,1182,23
2024-09-15 15:00:00,49,1192,29
2024-09-15 16:00:00,48,1213,17
2024-09-15 17:00:00,37,971,12
2024-09-15 18:00:00,24,731,10
2024-09-15 19:00:00,21,581,10
2024-09-15 20:00:00,4,368,3
2024-09-15 21:00:00,11,244,7
2024-09-15 22:00:00,9,155,2
2024-09-15 23:00:00,0,95,2
2024-09-16 00:00:00,0,47,0
2024-09-16 01:00:00,1,49,0
2024-09-16 02:00:00,1,35,0
2024-09-16 03:00:00,3,57,3
2024-09-16 04:00:00,4,116,4
2024-09-16 05:00:00,11,436,14
2024-09-16 06:00:00,30,1232,76
2024-09-16 07:00:00,45,1425,114
2024-09-16 08:00:00,29,1013,42
2024-09-16 09:00:00,19,952,16
2024-09-16 10:00:00,44,952,27
2024-09-16 11:00:00,17,970,33
2024-09-16 12:00:00,37,951,28
2024-09-16 13:00:00,41,1070,23
2024-09-16 14:00:00,30,1221,31
2024-09-16 15:00:00,45,1266,45
2024-09-16 16:00:00,52,1347,84
2024-09-16 17:00:00,69,1270,62
2024-09-16 18:00:00,58,1017,30
2024-09-16 19:00:00,20,684,21
2024-09-16 20:00:00,7,528,6
2024-09-16 21:00:00,2,459,4
2024-09-16 22:00:00,8,158,4
2024-09-16 23:00:00,6,99,2
2024-09-17 00:00:00,0,73,2
2024-09-17 01:00:00,0,68,4
2024-09-17 02:00:00,1,53,0
2024-09-17 03:00:00,0,51,2
2024-09-17 04:00:00,2,111,2
2024-09-17 05:00:00,14,495,16
2024-09-17 06:00:00,46,1276,80
2024-09-17 07:00:00,48,1408,117
2024-09-17 08:00:00,24,1061,51
2024-09-17 09:00:00,20,985,28
2024-09-17 10:00:00,25,964,12
2024-09-17 11:00:00,26,1022,21
2024-09-17 12:00:00,26,1015,31
2024-09-17 13:00:00,26,1064,22
2024-09-17 14:00:00,23,1173,45
2024-09-17 15:00:00,37,1353,64
2024-09-17 16:00:00,55,1337,90
2024-09-17 17:00:00,68,1280,62
2024-09-17 18:00:00,60,1186,36
2024-09-17 19:00:00,34,742,18
2024-09-17 20:00:00,15,609,14
2024-09-17 21:00:00,4,482,10
2024-09-17 22:00:00,8,192,7
2024-09-17 23:00:00,5,130,1
2024-09-18 00:00:00,0,86,1
2024-09-18 01:00:00,2,48,1
2024-09-18 02:00:00,0,56,0
2024-09-18 03:00:00,0,68,2
2024-09-18 04:00:00,1,125,4
2024-09-18 05:00:00,14,436,19
2024-09-18 06:00:00,26,1351,73
2024-09-18 07:00:00,33,1456,123
2024-09-18 08:00:00,22,1090,53
2024-09-18 09:00:00,19,890,25
2024-09-18 10:00:00,23,987,17
2024-09-18 11:00:00,27,1052,25
2024-09-18 12:00:00,36,1085,38
2024-09-18 13:00:00,23,1130,21
2024-09-18 14:00:00,37,1288,40
2024-09-18 15:00:00,29,1320,57
2024-09-18 16:00:00,55,1352,87
2024-09-18 17:00:00,67,1321,66
2024-09-18 18:00:00,33,1113,32
2024-09-18 19:00:00,21,751,25
2024-09-18 20:00:00,13,638,16
2024-09-18 21:00:00,3,495,9
2024-09-18 22:00:00,2,214,11
2024-09-18 23:00:00,2,124,0
2024-09-19 00:00:00,0,123,1
2024-09-19 01:00:00,4,92,1
2024-09-19 02:00:00,1,79,0
2024-09-19 03:00:00,0,79,2
2024-09-19 04:00:00,2,119,3
2024-09-19 05:00:00,16,437,27
2024-09-19 06:00:00,36,1293,83
2024-09-19 07:00:00,32,1453,112
2024-09-19 08:00:00,30,1084,42
2024-09-19 09:00:00,24,913,31
2024-09-19 10:00:00,18,915,25
2024-09-19 11:00:00,21,1023,23
2024-09-19 12:00:00,15,1021,24
2024-09-19 13:00:00,16,1102,30
2024-09-19 14:00:00,28,1215,36
2024-09-19 15:00:00,38,1352,65
2024-09-19 16:00:00,49,1377,79
2024-09-19 17:00:00,61,1386,62
2024-09-19 18:00:00,45,1077,32
2024-09-19 19:00:00,22,728,19
2024-09-19 20:00:00,8,604,14
2024-09-19 21:00:00,10,527,18
2024-09-19 22:00:00,6,251,5
2024-09-19 23:00:00,4,143,3
2024-09-20 00:00:00,4,104,0
2024-09-20 01:00:00,5,66,3
2024-09-20 02:00:00,0,57,1
2024-09-20 03:00:00,1,67,2
2024-09-20 04:00:00,1,117,3
2024-09-20 05:00:00,15,423,13
2024-09-20 06:00:00,35,1236,62
2024-09-20 07:00:00,37,1377,75
2024-09-20 08:00:00,32,1054,37
2024-09-20 09:00:00,34,964,24
2024-09-20 10:00:00,28,1069,27
2024-09-20 11:00:00,23,1168,24
2024-09-20 12:00:00,21,1222,27
2024-09-20 13:00:00,17,1253,24
2024-09-20 14:00:00,26,1372,26
2024-09-20 15:00:00,37,1428,22
2024-09-20 16:00:00,40,1435,44
2024-09-20 17:00:00,42,1328,38
2024-09-20 18:00:00,32,1055,30
2024-09-20 19:00:00,33,691,16
2024-09-20 20:00:00,8,594,16
2024-09-20 21:00:00,30,558,7
2024-09-20 22:00:00,15,403,8
2024-09-20 23:00:00,5,272,6
2024-09-21 00:00:00,2,205,2
2024-09-21 01:00:00,6,127,1
2024-09-21 02:00:00,6,132,1
2024-09-21 03:00:00,0,94,3
2024-09-21 04:00:00,5,92,0
2024-09-21 05:00:00,4,179,8
2024-09-21 06:00:00,9,395,13
2024-09-21 07:00:00,23,782,9
2024-09-21 08:00:00,42,970,10
2024-09-21 09:00:00,46,1252,13
2024-09-21 10:00:00,51,1320,17
2024-09-21 11:00:00,56,1428,30
2024-09-21 12:00:00,33,1446,22
2024-09-21 13:00:00,28,1354,13
2024-09-21 14:00:00,55,1301,11
2024-09-21 15:00:00,53,1302,32
2024-09-21 16:00:00,46,1365,26
2024-09-21 17:00:00,46,1087,22
2024-09-21 18:00:00,31,923,18
2024-09-21 19:00:00,23,673,9
2024-09-21 20:00:00,6,521,12
2024-09-21 21:00:00,12,532,4
2024-09-21 22:00:00,11,464,10
2024-09-21 23:00:00,4,283,1
2024-09-22 00:00:00,4,218,4
2024-09-22 01:00:00,4,194,0
2024-09-22 02:00:00,1,161,2
2024-09-22 03:00:00,3,137,0
2024-09-22 04:00:00,1,100,0
2024-09-22 05:00:00,3,144,1
2024-09-22 06:00:00,11,243,8
2024-09-22 07:00:00,27,357,8
2024-09-22 08:00:00,33,712,4
2024-09-22 09:00:00,58,1018,8
2024-09-22 10:00:00,31,1074,8
2024-09-22 11:00:00,22,1356,5
2024-09-22 12:00:00,21,1315,12
2024-09-22 13:00:00,27,1261,11
2024-09-22 14:00:00,43,1316,11
2024-09-22 15:00:00,61,1309,10
2024-09-22 16:00:00,38,1083,12
2024-09-22 17:00:00,52,1011,9
2024-09-22 18:00:00,35,794,10
2024-09-22 19:00:00,17,527,8
2024-09-22 20:00:00,5,396,3
2024-09-22 21:00:00,7,306,9
2024-09-22 22:00:00,4,159,6
2024-09-22 23:00:00,1,90,0
2024-09-23 00:00:00,0,64,0
2024-09-23 01:00:00,0,43,1
2024-09-23 02:00:00,2,53,0
2024-09-23 03:00:00,1,52,3
2024-09-23 04:00:00,2,121,3
2024-09-23 05:00:00,5,399,8
2024-09-23 06:00:00,29,1253,50
2024-09-23 07:00:00,31,1422,60
2024-09-23 08:00:00,10,1080,20
2024-09-23 09:00:00,8,921,16
2024-09-23 10:00:00,9,945,8
2024-09-23 11:00:00,14,1031,9
2024-09-23 12:00:00,13,951,14
2024-09-23 13:00:00,9,1126,8
2024-09-23 14:00:00,19,1269,16
2024-09-23 15:00:00,22,1369,37
2024-09-23 16:00:00,39,1417,46
2024-09-23 17:00:00,46,1309,27
2024-09-23 18:00:00,27,929,20
2024-09-23 19:00:00,14,558,18
2024-09-23 20:00:00,3,481,8
2024-09-23 21:00:00,2,372,11
2024-09-23 22:00:00,3,148,2
2024-09-23 23:00:00,1,101,0
2024-09-24 00:00:00,3,69,4
2024-09-24 01:00:00,0,59,2
2024-09-24 02:00:00,0,57,0
2024-09-24 03:00:00,0,37,2
2024-09-24 04:00:00,0,127,1
2024-09-24 05:00:00,12,440,16
2024-09-24 06:00:00,47,1292,68
2024-09-24 07:00:00,55,1463,115
2024-09-24 08:00:00,29,1154,41
2024-09-24 09:00:00,30,914,12
2024-09-24 10:00:00,31,1007,18
2024-09-24 11:00:00,29,1106,22
2024-09-24 12:00:00,24,1035,20
2024-09-24 13:00:00,20,1153,21
2024-09-24 14:00:00,21,1242,34
2024-09-24 15:00:00,47,1399,55
2024-09-24 16:00:00,64,1359,82
2024-09-24 17:00:00,87,1349,66
2024-09-24 18:00:00,79,1055,38
2024-09-24 19:00:00,23,730,16
2024-09-24 20:00:00,21,565,10
2024-09-24 21:00:00,6,436,12
2024-09-24 22:00:00,8,183,6
2024-09-24 23:00:00,5,103,2
2024-09-25 00:00:00,1,62,0
2024-09-25 01:00:00,0,55,0
2024-09-25 02:00:00,1,58,0
2024-09-25 03:00:00,1,58,1
2024-09-25 04:00:00,2,148,2
2024-09-25 05:00:00,19,429,15
2024-09-25 06:00:00,32,1368,74
2024-09-25 07:00:00,53,1481,113
2024-09-25 08:00:00,36,1268,44
2024-09-25 09:00:00,24,1006,23
2024-09-25 10:00:00,24,976,20
2024-09-25 11:00:00,31,1059,15
2024-09-25 12:00:00,39,1117,26
2024-09-25 13:00:00,17,1179,7
2024-09-25 14:00:00,20,1292,23
2024-09-25 15:00:00,23,1401,37
2024-09-25 16:00:00,53,1458,66
2024-09-25 17:00:00,80,1360,47
2024-09-25 18:00:00,42,1094,22
2024-09-25 19:00:00,17,749,20
2024-09-25 20:00:00,5,582,10
2024-09-25 21:00:00,6,435,13
2024-09-25 22:00:00,6,206,6
2024-09-25 23:00:00,3,133,6
2024-09-26 00:00:00,1,113,2
2024-09-26 01:00:00,1,80,1
2024-09-26 02:00:00,0,87,0
2024-09-26 03:00:00,1,57,3
2024-09-26 04:00:00,2,143,21
2024-09-26 05:00:00,9,434,18
2024-09-26 06:00:00,39,1311,72
2024-09-26 07:00:00,56,1517,92
2024-09-26 08:00:00,41,1257,46
2024-09-26 09:00:00,29,1104,18
2024-09-26 10:00:00,34,1038,18
2024-09-26 11:00:00,40,1105,19
2024-09-26 12:00:00,22,1124,23
2024-09-26 13:00:00,27,1125,29
2024-09-26 14:00:00,35,1303,32
2024-09-26 15:00:00,32,1396,47
2024-09-26 16:00:00,48,1422,59
2024-09-26 17:00:00,33,1402,50
2024-09-26 18:00:00,21,1141,31
2024-09-26 19:00:00,14,770,14
2024-09-26 20:00:00,17,624,13
2024-09-26 21:00:00,3,551,7
2024-09-26 22:00:00,1,253,6
2024-09-26 23:00:00,1,143,3
2024-09-27 00:00:00,0,90,1
2024-09-27 01:00:00,1,76,0
2024-09-27 02:00:00,0,62,1
2024-09-27 03:00:00,1,60,10
2024-09-27 04:00:00,1,120,7
2024-09-27 05:00:00,12,351,7
2024-09-27 06:00:00,33,1149,40
2024-09-27 07:00:00,39,1366,76
2024-09-27 08:00:00,38,1082,29
2024-09-27 09:00:00,36,1062,16
2024-09-27 10:00:00,31,1097,19
2024-09-27 11:00:00,36,1150,11
2024-09-27 12:00:00,26,1142,20
2024-09-27 13:00:00,20,1206,9
2024-09-27 14:00:00,30,1323,26
2024-09-27 15:00:00,57,1456,50
2024-09-27 16:00:00,57,1406,48
2024-09-27 17:00:00,42,1429,42
2024-09-27 18:00:00,46,1148,29
2024-09-27 19:00:00,13,708,10
2024-09-27 20:00:00,8,695,13
2024-09-27 21:00:00,21,819,9
2024-09-27 22:00:00,14,411,6
2024-09-27 23:00:00,4,271,3
2024-09-28 00:00:00,1,186,2
2024-09-28 01:00:00,4,150,0
2024-09-28 02:00:00,4,117,0
2024-09-28 03:00:00,2,119,1
2024-09-28 04:00:00,1,92,1
2024-09-28 05:00:00,13,192,4
2024-09-28 06:00:00,19,380,20
2024-09-28 07:00:00,32,708,24
2024-09-28 08:00:00,77,1136,27
2024-09-28 09:00:00,63,1239,34
2024-09-28 10:00:00,77,1260,22
2024-09-28 11:00:00,47,1468,24
2024-09-28 12:00:00,39,1418,27
2024-09-28 13:00:00,49,1359,34
2024-09-28 14:00:00,41,1303,40
2024-09-28 15:00:00,59,1282,29
2024-09-28 16:00:00,53,1396,41
2024-09-28 17:00:00,38,1197,27
2024-09-28 18:00:00,32,954,18
2024-09-28 19:00:00,24,707,10
2024-09-28 20:00:00,15,521,12
2024-09-28 21:00:00,6,578,7
2024-09-28 22:00:00,12,430,8
2024-09-28 23:00:00,8,284,2
2024-09-29 00:00:00,3,232,1
2024-09-29 01:00:00,4,172,3
2024-09-29 02:00:00,1,173,0
2024-09-29 03:00:00,6,123,0
2024-09-29 04:00:00,1,85,0
2024-09-29 05:00:00,6,158,5
2024-09-29 06:00:00,14,258,9
2024-09-29 07:00:00,35,392,8
2024-09-29 08:00:00,42,827,14
2024-09-29 09:00:00,74,1125,20
2024-09-29 10:00:00,60,1159,20
2024-09-29 11:00:00,42,1466,22
2024-09-29 12:00:00,34,1356,24
2024-09-29 13:00:00,25,1380,9
2024-09-29 14:00:00,42,1226,13
2024-09-29 15:00:00,32,1273,13
2024-09-29 16:00:00,23,1075,12
2024-09-29 17:00:00,19,907,9
2024-09-29 18:00:00,15,700,10
2024-09-29 19:00:00,3,555,7
2024-09-29 20:00:00,3,349,2
2024-09-29 21:00:00,4,212,6
2024-09-29 22:00:00,2,138,9
2024-09-29 23:00:00,0,79,0
2024-09-30 00:00:00,0,51,1
2024-09-30 01:00:00,0,48,1
2024-09-30 02:00:00,0,32,2
2024-09-30 03:00:00,0,56,0
2024-09-30 04:00:00,1,123,4
2024-09-30 05:00:00,7,417,11
2024-09-30 06:00:00,32,1272,63
2024-09-30 07:00:00,44,1477,117
2024-09-30 08:00:00,41,1112,39
2024-09-30 09:00:00,31,992,16
2024-09-30 10:00:00,18,1017,11
2024-09-30 11:00:00,27,1047,25
2024-09-30 12:00:00,42,989,11
2024-09-30 13:00:00,20,1061,17
2024-09-30 14:00:00,26,1182,22
2024-09-30 15:00:00,38,1350,44
2024-09-30 16:00:00,46,1351,74
2024-09-30 17:00:00,58,1244,53
2024-09-30 18:00:00,38,946,20
2024-09-30 19:00:00,17,544,20
2024-09-30 20:00:00,12,502,10
2024-09-30 21:00:00,9,363,8
2024-09-30 22:00:00,4,149,6
2024-09-30 23:00:00,7,67,4
2024-10-01 00:00:00,0,51,1
2024-10-01 01:00:00,0,45,0
2024-10-01 02:00:00,0,48,0
2024-10-01 03:00:00,2,47,1
2024-10-01 04:00:00,3,130,3
2024-10-01 05:00:00,27,465,16
2024-10-01 06:00:00,54,1282,75
2024-10-01 07:00:00,37,1406,115
2024-10-01 08:00:00,40,1113,36
2024-10-01 09:00:00,26,947,28
2024-10-01 10:00:00,29,926,15
2024-10-01 11:00:00,36,1055,23
2024-10-01 12:00:00,31,1034,13
2024-10-01 13:00:00,23,1002,25
2024-10-01 14:00:00,31,1191,29
2024-10-01 15:00:00,24,1372,70
2024-10-01 16:00:00,52,1352,76
2024-10-01 17:00:00,84,1284,65
2024-10-01 18:00:00,33,1073,27
2024-10-01 19:00:00,25,716,9
2024-10-01 20:00:00,10,561,13
2024-10-01 21:00:00,4,460,7
2024-10-01 22:00:00,4,173,9
2024-10-01 23:00:00,5,104,3
2024-10-02 00:00:00,1,79,1
2024-10-02 01:00:00,1,34,2
2024-10-02 02:00:00,0,62,0
2024-10-02 03:00:00,1,53,3
2024-10-02 04:00:00,3,139,1
2024-10-02 05:00:00,10,439,16
2024-10-02 06:00:00,34,1300,74
2024-10-02 07:00:00,46,1419,106
2024-10-02 08:00:00,22,1074,43
2024-10-02 09:00:00,19,943,21
2024-10-02 10:00:00,20,942,17
2024-10-02 11:00:00,35,1091,23
2024-10-02 12:00:00,26,1052,26
2024-10-02 13:00:00,24,1160,23
2024-10-02 14:00:00,33,1142,18
2024-10-02 15:00:00,34,899,34
2024-10-02 16:00:00,48,1078,54
2024-10-02 17:00:00,51,1404,53
2024-10-02 18:00:00,52,1156,26
2024-10-02 19:00:00,18,726,10
2024-10-02 20:00:00,5,570,20
2024-10-02 21:00:00,9,620,14
2024-10-02 22:00:00,0,216,8
2024-10-02 23:00:00,5,114,0
2024-10-03 00:00:00,2,94,1
2024-10-03 01:00:00,0,74,0
2024-10-03 02:00:00,1,57,0
2024-10-03 03:00:00,1,67,1
2024-10-03 04:00:00,1,123,4
2024-10-03 05:00:00,10,405,17
2024-10-03 06:00:00,32,1296,71
2024-10-03 07:00:00,51,1404,111
2024-10-03 08:00:00,30,1113,26
2024-10-03 09:00:00,32,949,24
2024-10-03 10:00:00,34,969,16
2024-10-03 11:00:00,35,1000,21
2024-10-03 12:00:00,29,1051,28
2024-10-03 13:00:00,34,1074,21
2024-10-03 14:00:00,28,1233,25
2024-10-03 15:00:00,34,1367,56
2024-10-03 16:00:00,51,1349,75
2024-10-03 17:00:00,76,1291,77
2024-10-03 18:00:00,36,1169,33
2024-10-03 19:00:00,16,912,13
2024-10-03 20:00:00,9,600,9
2024-10-03 21:00:00,10,586,10
2024-10-03 22:00:00,3,245,4
2024-10-03 23:00:00,3,133,3
2024-10-04 00:00:00,0,81,1
2024-10-04 01:00:00,1,48,0
2024-10-04 02:00:00,0,55,0
2024-10-04 03:00:00,1,56,1
2024-10-04 04:00:00,0,107,4
2024-10-04 05:00:00,19,376,6
2024-10-04 06:00:00,42,1227,58
2024-10-04 07:00:00,39,1336,85
2024-10-04 08:00:00,40,986,34
2024-10-04 09:00:00,41,988,20
2024-10-04 10:00:00,31,1081,20
2024-10-04 11:00:00,38,1177,19
2024-10-04 12:00:00,32,1179,23
2024-10-04 13:00:00,34,1175,22
2024-10-04 14:00:00,48,1280,42
2024-10-04 15:00:00,62,1337,45
2024-10-04 16:00:00,40,1330,57
2024-10-04 17:00:00,44,1334,34
2024-10-04 18:00:00,32,1208,15
2024-10-04 19:00:00,29,793,12
2024-10-04 20:00:00,28,566,10
2024-10-04 21:00:00,5,538,9
2024-10-04 22:00:00,8,378,7
2024-10-04 23:00:00,7,233,2
2024-10-05 00:00:00,3,169,1
2024-10-05 01:00:00,4,127,4
2024-10-05 02:00:00,3,128,0
2024-10-05 03:00:00,1,100,2
2024-10-05 04:00:00,7,92,0
2024-10-05 05:00:00,4,175,9
2024-10-05 06:00:00,14,468,21
2024-10-05 07:00:00,31,764,19
2024-10-05 08:00:00,73,1107,36
2024-10-05 09:00:00,70,1280,36
2024-10-05 10:00:00,62,1307,40
2024-10-05 11:00:00,51,1363,36
2024-10-05 12:00:00,50,1324,29
2024-10-05 13:00:00,56,1303,34
2024-10-05 14:00:00,61,1256,35
2024-10-05 15:00:00,73,1423,36
2024-10-05 16:00:00,37,1334,36
2024-10-05 17:00:00,29,1143,14
2024-10-05 18:00:00,27,979,8
2024-10-05 19:00:00,13,618,15
2024-10-05 20:00:00,14,554,6
2024-10-05 21:00:00,12,528,4
2024-10-05 22:00:00,10,443,6
2024-10-05 23:00:00,4,312,2
2024-10-06 00:00:00,4,219,2
2024-10-06 01:00:00,0,227,0
2024-10-06 02:00:00,3,167,2
2024-10-06 03:00:00,2,105,0
2024-10-06 04:00:00,0,90,1
2024-10-06 05:00:00,1,144,5
2024-10-06 06:00:00,19,309,9
2024-10-06 07:00:00,23,382,12
2024-10-06 08:00:00,36,805,17
2024-10-06 09:00:00,59,1054,18
2024-10-06 10:00:00,68,1240,27
2024-10-06 11:00:00,47,1526,17
2024-10-06 12:00:00,53,1485,25
2024-10-06 13:00:00,27,1423,17
2024-10-06 14:00:00,28,1419,12
2024-10-06 15:00:00,23,1336,10
2024-10-06 16:00:00,27,1133,14
2024-10-06 17:00:00,39,1036,15
2024-10-06 18:00:00,31,756,13
2024-10-06 19:00:00,9,541,14
2024-10-06 20:00:00,2,344,2
2024-10-06 21:00:00,13,319,7
2024-10-06 22:00:00,0,160,76
2024-10-06 23:00:00,1,84,42
2024-10-07 00:00:00,2,59,21
2024-10-07 01:00:00,1,44,10
2024-10-07 02:00:00,0,33,9
2024-10-07 03:00:00,0,42,8
2024-10-07 04:00:00,4,108,0
2024-10-07 05:00:00,8,402,19
2024-10-07 06:00:00,31,1259,57
2024-10-07 07:00:00,50,1441,104
2024-10-07 08:00:00,32,1049,41
2024-10-07 09:00:00,24,926,12
2024-10-07 10:00:00,17,981,24
2024-10-07 11:00:00,31,1015,20
2024-10-07 12:00:00,22,935,33
2024-10-07 13:00:00,19,1028,21
2024-10-07 14:00:00,23,1170,22
2024-10-07 15:00:00,38,1391,47
2024-10-07 16:00:00,52,1424,65
2024-10-07 17:00:00,71,1274,42
2024-10-07 18:00:00,53,1027,26
2024-10-07 19:00:00,25,560,16
2024-10-07 20:00:00,6,543,9
2024-10-07 21:00:00,4,352,11
2024-10-07 22:00:00,2,187,8
2024-10-07 23:00:00,3,93,21
2024-10-08 00:00:00,1,64,66
2024-10-08 01:00:00,0,57,22
2024-10-08 02:00:00,0,60,3
2024-10-08 03:00:00,2,61,2
2024-10-08 04:00:00,0,138,3
2024-10-08 05:00:00,10,417,16
2024-10-08 06:00:00,43,1299,72
2024-10-08 07:00:00,47,1427,106
2024-10-08 08:00:00,21,1169,32
2024-10-08 09:00:00,20,1056,15
2024-10-08 10:00:00,19,1022,11
2024-10-08 11:00:00,21,1079,10
2024-10-08 12:00:00,16,1059,6
2024-10-08 13:00:00,11,1115,11
2024-10-08 14:00:00,13,1289,14
2024-10-08 15:00:00,21,1385,36
2024-10-08 16:00:00,46,1432,47
2024-10-08 17:00:00,42,1317,39
2024-10-08 18:00:00,48,1101,23
2024-10-08 19:00:00,7,683,11
2024-10-08 20:00:00,10,665,5
2024-10-08 21:00:00,9,357,10
2024-10-08 22:00:00,3,208,2
2024-10-08 23:00:00,6,122,2
2024-10-09 00:00:00,1,83,5
2024-10-09 01:00:00,0,63,24
2024-10-09 02:00:00,0,42,0
2024-10-09 03:00:00,1,55,2
2024-10-09 04:00:00,2,119,3
2024-10-09 05:00:00,21,435,15
2024-10-09 06:00:00,37,1312,63
2024-10-09 07:00:00,54,1449,126
2024-10-09 08:00:00,43,1149,45
2024-10-09 09:00:00,25,1016,18
2024-10-09 10:00:00,31,957,25
2024-10-09 11:00:00,35,1078,30
2024-10-09 12:00:00,29,1109,21
2024-10-09 13:00:00,30,1224,21
2024-10-09 14:00:00,35,1239,14
2024-10-09 15:00:00,44,1326,43
2024-10-09 16:00:00,44,1448,59
2024-10-09 17:00:00,76,1405,51
2024-10-09 18:00:00,42,1090,19
2024-10-09 19:00:00,25,716,17
2024-10-09 20:00:00,11,646,10
2024-10-09 21:00:00,7,423,5
2024-10-09 22:00:00,0,215,5
2024-10-09 23:00:00,0,114,1
2024-10-10 00:00:00,4,79,1
2024-10-10 01:00:00,0,64,2
2024-10-10 02:00:00,0,66,1
2024-10-10 03:00:00,4,66,2
2024-10-10 04:00:00,2,107,2
2024-10-10 05:00:00,12,465,12
2024-10-10 06:00:00,41,1298,60
2024-10-10 07:00:00,35,1456,110
2024-10-10 08:00:00,39,1126,25
2024-10-10 09:00:00,22,1032,23
2024-10-10 10:00:00,27,983,18
2024-10-10 11:00:00,47,1069,13
2024-10-10 12:00:00,28,1067,20
2024-10-10 13:00:00,28,1102,27
2024-10-10 14:00:00,23,1252,23
2024-10-10 15:00:00,33,1442,34
2024-10-10 16:00:00,64,1380,63
2024-10-10 17:00:00,57,1373,50
2024-10-10 18:00:00,36,1101,34
2024-10-10 19:00:00,14,736,16
2024-10-10 20:00:00,10,646,11
2024-10-10 21:00:00,9,491,13
2024-10-10 22:00:00,4,272,2
2024-10-10 23:00:00,5,160,1
2024-10-11 00:00:00,0,98,1
2024-10-11 01:00:00,2,81,0
2024-10-11 02:00:00,1,75,0
2024-10-11 03:00:00,1,56,2
2024-10-11 04:00:00,3,106,2
2024-10-11 05:00:00,11,432,15
2024-10-11 06:00:00,34,1193,56
2024-10-11 07:00:00,40,1365,72
2024-10-11 08:00:00,35,1103,33
2024-10-11 09:00:00,46,1043,18
2024-10-11 10:00:00,53,1081,18
2024-10-11 11:00:00,47,1107,24
2024-10-11 12:00:00,43,1152,34
2024-10-11 13:00:00,40,1260,22
2024-10-11 14:00:00,46,1291,25
2024-10-11 15:00:00,46,1362,51
2024-10-11 16:00:00,64,1405,48
2024-10-11 17:00:00,46,1370,45
2024-10-11 18:00:00,27,1162,21
2024-10-11 19:00:00,12,701,17
2024-10-11 20:00:00,15,669,10
2024-10-11 21:00:00,8,588,7
2024-10-11 22:00:00,7,379,8
2024-10-11 23:00:00,7,251,4
2024-10-12 00:00:00,1,156,1
2024-10-12 01:00:00,3,134,1
2024-10-12 02:00:00,2,91,5
2024-10-12 03:00:00,0,105,2
2024-10-12 04:00:00,2,76,1
2024-10-12 05:00:00,7,181,12
2024-10-12 06:00:00,12,427,16
2024-10-12 07:00:00,43,831,14
2024-10-12 08:00:00,59,1167,29
2024-10-12 09:00:00,80,1224,14
2024-10-12 10:00:00,64,1392,33
2024-10-12 11:00:00,59,1429,21
2024-10-12 12:00:00,48,1410,20
2024-10-12 13:00:00,50,1394,19
2024-10-12 14:00:00,65,1260,22
2024-10-12 15:00:00,54,1420,34
2024-10-12 16:00:00,51,1350,29
2024-10-12 17:00:00,25,1230,13
2024-10-12 18:00:00,33,1005,11
2024-10-12 19:00:00,16,608,9
2024-10-12 20:00:00,16,519,4
2024-10-12 21:00:00,3,511,5
2024-10-12 22:00:00,9,458,7
2024-10-12 23:00:00,6,301,2
2024-10-13 00:00:00,15,255,0
2024-10-13 01:00:00,3,192,1
2024-10-13 02:00:00,5,156,0
2024-10-13 03:00:00,1,121,0
2024-10-13 04:00:00,0,106,0
2024-10-13 05:00:00,8,132,4
2024-10-13 06:00:00,15,265,15
2024-10-13 07:00:00,28,404,10
2024-10-13 08:00:00,67,855,27
2024-10-13 09:00:00,129,1169,32
2024-10-13 10:00:00,99,1229,21
2024-10-13 11:00:00,54,1424,25
2024-10-13 12:00:00,42,1433,22
2024-10-13 13:00:00,36,1361,19
2024-10-13 14:00:00,37,1257,25
2024-10-13 15:00:00,43,1349,29
2024-10-13 16:00:00,32,1185,14
2024-10-13 17:00:00,31,919,19
2024-10-13 18:00:00,21,736,24
2024-10-13 19:00:00,18,493,11
2024-10-13 20:00:00,10,362,5
2024-10-13 21:00:00,12,283,5
2024-10-13 22:00:00,3,147,4
2024-10-13 23:00:00,1,104,0
2024-10-14 00:00:00,1,62,1
2024-10-14 01:00:00,0,33,1
2024-10-14 02:00:00,0,43,4
2024-10-14 03:00:00,0,51,2
2024-10-14 04:00:00,0,124,6
2024-10-14 05:00:00,5,410,16
2024-10-14 06:00:00,49,1203,51
2024-10-14 07:00:00,58,1498,104
2024-10-14 08:00:00,31,1155,30
2024-10-14 09:00:00,26,928,16
2024-10-14 10:00:00,25,908,11
2024-10-14 11:00:00,27,1074,13
2024-10-14 12:00:00,27,1024,18
2024-10-14 13:00:00,24,1077,19
2024-10-14 14:00:00,24,1192,23
2024-10-14 15:00:00,44,1338,31
2024-10-14 16:00:00,53,1473,51
2024-10-14 17:00:00,74,1274,58
2024-10-14 18:00:00,32,935,18
2024-10-14 19:00:00,10,590,16
2024-10-14 20:00:00,10,527,18
2024-10-14 21:00:00,5,406,6
2024-10-14 22:00:00,3,143,5
2024-10-14 23:00:00,0,100,3
2024-10-15 00:00:00,2,72,6
2024-10-15 01:00:00,0,43,3
2024-10-15 02:00:00,0,42,0
2024-10-15 03:00:00,0,39,2
2024-10-15 04:00:00,8,141,6
2024-10-15 05:00:00,8,464,17
2024-10-15 06:00:00,50,1343,65
2024-10-15 07:00:00,58,1445,101
2024-10-15 08:00:00,31,1169,45
2024-10-15 09:00:00,29,897,19
2024-10-15 10:00:00,31,974,11
2024-10-15 11:00:00,18,1044,13
2024-10-15 12:00:00,29,1037,24
2024-10-15 13:00:00,28,1045,20
2024-10-15 14:00:00,15,1253,27
2024-10-15 15:00:00,37,1368,44
2024-10-15 16:00:00,79,1413,67
2024-10-15 17:00:00,90,1357,53
2024-10-15 18:00:00,55,1071,28
2024-10-15 19:00:00,8,682,16
2024-10-15 20:00:00,9,702,12
2024-10-15 21:00:00,6,483,5
2024-10-15 22:00:00,3,190,14
2024-10-15 23:00:00,1,120,15
2024-10-16 00:00:00,1,66,3
2024-10-16 01:00:00,1,51,0
2024-10-16 02:00:00,0,54,1
2024-10-16 03:00:00,1,38,2
2024-10-16 04:00:00,3,128,5
2024-10-16 05:00:00,6,469,19
2024-10-16 06:00:00,26,1301,51
2024-10-16 07:00:00,44,1424,73
2024-10-16 08:00:00,27,1249,22
2024-10-16 09:00:00,25,1021,20
2024-10-16 10:00:00,20,949,12
2024-10-16 11:00:00,19,1135,12
2024-10-16 12:00:00,21,1134,11
2024-10-16 13:00:00,25,1132,22
2024-10-16 14:00:00,24,1339,19
2024-10-16 15:00:00,52,1341,34
2024-10-16 16:00:00,51,1408,50
2024-10-16 17:00:00,37,1420,42
2024-10-16 18:00:00,14,1067,20
2024-10-16 19:00:00,14,705,9
2024-10-16 20:00:00,7,629,15
2024-10-16 21:00:00,12,386,14
2024-10-16 22:00:00,6,172,7
2024-10-16 23:00:00,5,113,5
2024-10-17 00:00:00,0,87,4
2024-10-17 01:00:00,0,59,5
2024-10-17 02:00:00,1,47,0
2024-10-17 03:00:00,1,55,4
2024-10-17 04:00:00,4,109,4
2024-10-17 05:00:00,12,424,17
2024-10-17 06:00:00,31,1275,71
2024-10-17 07:00:00,61,1421,103
2024-10-17 08:00:00,33,1164,35
2024-10-17 09:00:00,29,1010,14
2024-10-17 10:00:00,29,1051,14
2024-10-17 11:00:00,50,1033,20
2024-10-17 12:00:00,43,1024,24
2024-10-17 13:00:00,21,1097,24
2024-10-17 14:00:00,52,1218,40
2024-10-17 15:00:00,62,1369,58
2024-10-17 16:00:00,80,1389,76
2024-10-17 17:00:00,77,1368,50
2024-10-17 18:00:00,45,1101,22
2024-10-17 19:00:00,18,665,22
2024-10-17 20:00:00,12,558,21
2024-10-17 21:00:00,12,444,14
2024-10-17 22:00:00,6,261,9
2024-10-17 23:00:00,1,137,3
2024-10-18 00:00:00,0,93,2
2024-10-18 01:00:00,0,60,0
2024-10-18 02:00:00,0,44,0
2024-10-18 03:00:00,1,54,2
2024-10-18 04:00:00,3,119,2
2024-10-18 05:00:00,13,398,16
2024-10-18 06:00:00,69,1195,62
2024-10-18 07:00:00,51,1411,76
2024-10-18 08:00:00,51,1061,30
2024-10-18 09:00:00,25,1039,16
2024-10-18 10:00:00,30,1140,11
2024-10-18 11:00:00,46,1201,15
2024-10-18 12:00:00,30,1155,18
2024-10-18 13:00:00,36,1206,22
2024-10-18 14:00:00,33,1379,34
2024-10-18 15:00:00,38,1368,46
2024-10-18 16:00:00,37,1447,46
2024-10-18 17:00:00,32,1216,38
2024-10-18 18:00:00,23,1097,19
2024-10-18 19:00:00,14,746,12
2024-10-18 20:00:00,12,554,7
2024-10-18 21:00:00,2,501,13
2024-10-18 22:00:00,11,396,14
2024-10-18 23:00:00,6,250,5
2024-10-19 00:00:00,1,145,0
2024-10-19 01:00:00,1,141,1
2024-10-19 02:00:00,2,111,1
2024-10-19 03:00:00,0,67,3
2024-10-19 04:00:00,1,105,1
2024-10-19 05:00:00,9,247,10
2024-10-19 06:00:00,24,451,14
2024-10-19 07:00:00,62,785,19
2024-10-19 08:00:00,78,1104,15
2024-10-19 09:00:00,110,1282,23
2024-10-19 10:00:00,100,1309,38
2024-10-19 11:00:00,78,1432,32
2024-10-19 12:00:00,59,1359,20
2024-10-19 13:00:00,61,1405,32
2024-10-19 14:00:00,56,1293,28
2024-10-19 15:00:00,50,1407,27
2024-10-19 16:00:00,57,1438,35
2024-10-19 17:00:00,39,1238,17
2024-10-19 18:00:00,22,1047,20
2024-10-19 19:00:00,10,625,15
2024-10-19 20:00:00,5,570,6
2024-10-19 21:00:00,14,508,12
2024-10-19 22:00:00,10,444,8
2024-10-19 23:00:00,7,340,4
2024-10-20 00:00:00,4,244,0
2024-10-20 01:00:00,3,171,0
2024-10-20 02:00:00,3,148,0
2024-10-20 03:00:00,2,118,6
2024-10-20 04:00:00,0,88,5
2024-10-20 05:00:00,3,148,21
2024-10-20 06:00:00,14,234,10
2024-10-20 07:00:00,22,382,5
2024-10-20 08:00:00,32,761,5
2024-10-20 09:00:00,46,1039,6
2024-10-20 10:00:00,33,1215,8
2024-10-20 11:00:00,15,1400,6
2024-10-20 12:00:00,26,1354,12
2024-10-20 13:00:00,56,1326,11
2024-10-20 14:00:00,56,1224,12
2024-10-20 15:00:00,62,1322,20
2024-10-20 16:00:00,48,1220,23
2024-10-20 17:00:00,40,962,19
2024-10-20 18:00:00,18,673,13
2024-10-20 19:00:00,15,463,9
2024-10-20 20:00:00,4,318,6
2024-10-20 21:00:00,2,273,3
2024-10-20 22:00:00,6,138,2
2024-10-20 23:00:00,2,86,2
2024-10-21 00:00:00,0,47,0
2024-10-21 01:00:00,0,26,0
2024-10-21 02:00:00,0,34,0
2024-10-21 03:00:00,0,39,2
2024-10-21 04:00:00,0,143,3
2024-10-21 05:00:00,13,433,20
2024-10-21 06:00:00,33,1221,50
2024-10-21 07:00:00,48,1481,79
2024-10-21 08:00:00,40,1087,45
2024-10-21 09:00:00,17,908,19
2024-10-21 10:00:00,18,983,20
2024-10-21 11:00:00,28,1050,19
2024-10-21 12:00:00,30,1053,22
2024-10-21 13:00:00,24,1086,25
2024-10-21 14:00:00,39,1201,28
2024-10-21 15:00:00,45,1351,52
2024-10-21 16:00:00,76,1375,68
2024-10-21 17:00:00,79,1200,48
2024-10-21 18:00:00,54,911,30
2024-10-21 19:00:00,13,539,12
2024-10-21 20:00:00,9,451,7
2024-10-21 21:00:00,9,311,8
2024-10-21 22:00:00,1,140,7
2024-10-21 23:00:00,2,80,2
2024-10-22 00:00:00,2,53,2
2024-10-22 01:00:00,0,30,0
2024-10-22 02:00:00,0,34,0
2024-10-22 03:00:00,1,45,1
2024-10-22 04:00:00,3,120,3
2024-10-22 05:00:00,12,420,15
2024-10-22 06:00:00,28,1262,64
2024-10-22 07:00:00,50,1453,100
2024-10-22 08:00:00,32,1171,27
2024-10-22 09:00:00,18,1031,18
2024-10-22 10:00:00,20,986,17
2024-10-22 11:00:00,29,1035,26
2024-10-22 12:00:00,29,1026,19
2024-10-22 13:00:00,28,1109,26
2024-10-22 14:00:00,30,1201,27
2024-10-22 15:00:00,46,1264,58
2024-10-22 16:00:00,87,1351,62
2024-10-22 17:00:00,75,1329,48
2024-10-22 18:00:00,27,1047,28
2024-10-22 19:00:00,13,608,11
2024-10-22 20:00:00,7,611,12
2024-10-22 21:00:00,11,471,16
2024-10-22 22:00:00,7,204,4
2024-10-22 23:00:00,4,109,3
2024-10-23 00:00:00,2,66,1
2024-10-23 01:00:00,0,41,0
2024-10-23 02:00:00,0,37,0
2024-10-23 03:00:00,1,53,2
2024-10-23 04:00:00,3,121,3
2024-10-23 05:00:00,22,450,16
2024-10-23 06:00:00,25,1276,65
2024-10-23 07:00:00,66,1367,97
2024-10-23 08:00:00,31,1108,43
2024-10-23 09:00:00,21,1049,22
2024-10-23 10:00:00,26,1013,13
2024-10-23 11:00:00,37,1136,30
2024-10-23 12:00:00,18,1010,25
2024-10-23 13:00:00,30,1149,22
2024-10-23 14:00:00,25,1172,28
2024-10-23 15:00:00,35,1331,55
2024-10-23 16:00:00,67,1395,64
2024-10-23 17:00:00,82,1227,60
2024-10-23 18:00:00,44,1013,31
2024-10-23 19:00:00,21,710,20
2024-10-23 20:00:00,9,569,15
2024-10-23 21:00:00,9,482,15
2024-10-23 22:00:00,4,175,5
2024-10-23 23:00:00,1,111,4
2024-10-24 00:00:00,1,66,1
2024-10-24 01:00:00,0,47,1
2024-10-24 02:00:00,0,47,0
2024-10-24 03:00:00,1,50,1
2024-10-24 04:00:00,0,94,4
2024-10-24 05:00:00,10,451,13
2024-10-24 06:00:00,29,1205,55
2024-10-24 07:00:00,63,1302,104
2024-10-24 08:00:00,36,1077,31
2024-10-24 09:00:00,24,1032,19
2024-10-24 10:00:00,25,1047,16
2024-10-24 11:00:00,23,1047,18
2024-10-24 12:00:00,21,1094,35
2024-10-24 13:00:00,23,1151,28
2024-10-24 14:00:00,33,1174,34
2024-10-24 15:00:00,32,1340,52
2024-10-24 16:00:00,60,1421,52
2024-10-24 17:00:00,51,1238,41
2024-10-24 18:00:00,33,1042,29
2024-10-24 19:00:00,20,663,15
2024-10-24 20:00:00,12,607,18
2024-10-24 21:00:00,17,467,14
2024-10-24 22:00:00,9,228,10
2024-10-24 23:00:00,4,112,1
2024-10-25 00:00:00,0,74,5
2024-10-25 01:00:00,2,57,0
2024-10-25 02:00:00,0,62,0
2024-10-25 03:00:00,1,45,1
2024-10-25 04:00:00,2,119,0
2024-10-25 05:00:00,11,382,10
2024-10-25 06:00:00,28,995,35
2024-10-25 07:00:00,42,1231,56
2024-10-25 08:00:00,35,1016,27
2024-10-25 09:00:00,19,1060,13
2024-10-25 10:00:00,32,1018,17
2024-10-25 11:00:00,44,1232,20
2024-10-25 12:00:00,30,1236,16
2024-10-25 13:00:00,23,1244,19
2024-10-25 14:00:00,40,1234,31
2024-10-25 15:00:00,37,1319,40
2024-10-25 16:00:00,55,1367,43
2024-10-25 17:00:00,42,1336,32
2024-10-25 18:00:00,23,1115,16
2024-10-25 19:00:00,16,629,12
2024-10-25 20:00:00,9,576,8
2024-10-25 21:00:00,14,724,18
2024-10-25 22:00:00,17,378,5
2024-10-25 23:00:00,8,292,3
2024-10-26 00:00:00,5,193,1
2024-10-26 01:00:00,3,127,0
2024-10-26 02:00:00,2,114,0
2024-10-26 03:00:00,0,111,1
2024-10-26 04:00:00,5,90,0
2024-10-26 05:00:00,7,177,4
2024-10-26 06:00:00,13,339,16
2024-10-26 07:00:00,39,672,17
2024-10-26 08:00:00,66,926,17
2024-10-26 09:00:00,57,1372,20
2024-10-26 10:00:00,79,1338,17
2024-10-26 11:00:00,62,1416,28
2024-10-26 12:00:00,64,1327,21
2024-10-26 13:00:00,46,1346,27
2024-10-26 14:00:00,59,1373,33
2024-10-26 15:00:00,84,1375,25
2024-10-26 16:00:00,42,1281,19
2024-10-26 17:00:00,51,1046,12
2024-10-26 18:00:00,27,911,14
2024-10-26 19:00:00,12,539,7
2024-10-26 20:00:00,14,474,6
2024-10-26 21:00:00,7,476,9
2024-10-26 22:00:00,7,413,10
2024-10-26 23:00:00,6,247,4
2024-10-27 00:00:00,2,232,0
2024-10-27 01:00:00,1,143,3
2024-10-27 02:00:00,3,118,0
2024-10-27 03:00:00,2,129,0
2024-10-27 04:00:00,8,84,1
2024-10-27 05:00:00,3,78,0
2024-10-27 06:00:00,10,156,4
2024-10-27 07:00:00,24,278,12
2024-10-27 08:00:00,48,427,14
2024-10-27 09:00:00,49,886,22
2024-10-27 10:00:00,154,1116,36
2024-10-27 11:00:00,76,1199,27
2024-10-27 12:00:00,44,1260,29
2024-10-27 13:00:00,57,1288,14
2024-10-27 14:00:00,29,1200,21
2024-10-27 15:00:00,40,1099,28
2024-10-27 16:00:00,37,1179,25
2024-10-27 17:00:00,45,998,12
2024-10-27 18:00:00,18,778,13
2024-10-27 19:00:00,10,634,10
2024-10-27 20:00:00,7,493,4
2024-10-27 21:00:00,7,330,7
2024-10-27 22:00:00,8,255,6
2024-10-27 23:00:00,2,186,3
2024-10-28 00:00:00,1,84,1
2024-10-28 01:00:00,0,47,0
2024-10-28 02:00:00,1,47,1
2024-10-28 03:00:00,0,41,0
2024-10-28 04:00:00,0,44,0
2024-10-28 05:00:00,3,116,5
2024-10-28 06:00:00,11,432,14
2024-10-28 07:00:00,37,1000,46
2024-10-28 08:00:00,50,1006,73
2024-10-28 09:00:00,21,987,32
2024-10-28 10:00:00,30,946,7
2024-10-28 11:00:00,20,970,16
2024-10-28 12:00:00,45,956,16
2024-10-28 13:00:00,27,1076,14
2024-10-28 14:00:00,15,1084,16
2024-10-28 15:00:00,21,1106,19
2024-10-28 16:00:00,36,1178,29
2024-10-28 17:00:00,51,1234,41
2024-10-28 18:00:00,38,1064,29
2024-10-28 19:00:00,32,797,16
2024-10-28 20:00:00,14,522,14
2024-10-28 21:00:00,7,386,9
2024-10-28 22:00:00,7,395,11
2024-10-28 23:00:00,1,188,6
2024-10-29 00:00:00,3,102,3
2024-10-29 01:00:00,1,68,6
2024-10-29 02:00:00,0,52,6
2024-10-29 03:00:00,1,53,3
2024-10-29 04:00:00,1,42,4
2024-10-29 05:00:00,4,129,6
2024-10-29 06:00:00,21,416,13
2024-10-29 07:00:00,33,1001,51
2024-10-29 08:00:00,56,1073,78
2024-10-29 09:00:00,34,972,29
2024-10-29 10:00:00,41,939,16
2024-10-29 11:00:00,42,948,15
2024-10-29 12:00:00,35,1036,12
2024-10-29 13:00:00,34,931,14
2024-10-29 14:00:00,30,967,18
2024-10-29 15:00:00,19,1151,12
2024-10-29 16:00:00,37,1191,30
2024-10-29 17:00:00,54,1273,61
2024-10-29 18:00:00,80,1102,46
2024-10-29 19:00:00,31,862,20
2024-10-29 20:00:00,8,602,12
2024-10-29 21:00:00,14,492,11
2024-10-29 22:00:00,8,440,6
2024-10-29 23:00:00,2,192,5
2024-10-30 00:00:00,2,105,1
2024-10-30 01:00:00,2,77,2
2024-10-30 02:00:00,0,46,1
2024-10-30 03:00:00,0,42,1
2024-10-30 04:00:00,1,50,2
2024-10-30 05:00:00,1,105,1
2024-10-30 06:00:00,13,410,13
2024-10-30 07:00:00,38,992,48
2024-10-30 08:00:00,51,1091,87
2024-10-30 09:00:00,33,960,28
2024-10-30 10:00:00,28,1064,24
2024-10-30 11:00:00,21,1028,20
2024-10-30 12:00:00,26,1006,21
2024-10-30 13:00:00,31,983,26
2024-10-30 14:00:00,29,1036,22
2024-10-30 15:00:00,28,1134,19
2024-10-30 16:00:00,40,1202,41
2024-10-30 17:00:00,68,1205,57
2024-10-30 18:00:00,47,1123,36
2024-10-30 19:00:00,30,908,23
2024-10-30 20:00:00,10,617,25
2024-10-30 21:00:00,8,494,8
2024-10-30 22:00:00,12,491,17
2024-10-30 23:00:00,2,253,9
2024-10-31 00:00:00,1,121,3
2024-10-31 01:00:00,1,121,4
2024-10-31 02:00:00,2,79,0
2024-10-31 03:00:00,0,78,0
2024-10-31 04:00:00,1,54,1
2024-10-31 05:00:00,1,114,2
2024-10-31 06:00:00,11,402,8
2024-10-31 07:00:00,26,950,56
2024-10-31 08:00:00,30,1035,43
2024-10-31 09:00:00,34,1083,31
2024-10-31 10:00:00,2,75,2
2024-10-31 11:00:00,0,0,0
2024-10-31 12:00:00,0,0,0
2024-10-31 13:00:00,0,0,0
2024-10-31 14:00:00,0,0,0
2024-10-31 15:00:00,23,956,17
2024-10-31 16:00:00,45,1324,33
2024-10-31 17:00:00,39,1345,49
2024-10-31 18:00:00,45,1177,27
2024-10-31 19:00:00,40,938,27
2024-10-31 20:00:00,20,653,13
2024-10-31 21:00:00,13,534,11
2024-10-31 22:00:00,9,514,20
2024-10-31 23:00:00,6,328,5
2024-11-01 00:00:00,4,186,3
2024-11-01 01:00:00,4,153,3
2024-11-01 02:00:00,4,147,0
2024-11-01 03:00:00,3,158,0
2024-11-01 04:00:00,2,109,1
2024-11-01 05:00:00,0,144,1
2024-11-01 06:00:00,10,353,17
2024-11-01 07:00:00,36,828,36
2024-11-01 08:00:00,35,928,59
2024-11-01 09:00:00,28,1023,28
2024-11-01 10:00:00,34,1057,13
2024-11-01 11:00:00,29,1151,15
2024-11-01 12:00:00,34,1189,24
2024-11-01 13:00:00,30,1257,24
2024-11-01 14:00:00,28,1210,24
2024-11-01 15:00:00,44,1250,24
2024-11-01 16:00:00,48,1367,26
2024-11-01 17:00:00,41,1279,43
2024-11-01 18:00:00,43,1115,29
2024-11-01 19:00:00,20,950,26
2024-11-01 20:00:00,24,654,10
2024-11-01 21:00:00,11,528,10
2024-11-01 22:00:00,16,528,9
2024-11-01 23:00:00,1,393,10
2024-11-02 00:00:00,9,215,2
2024-11-02 01:00:00,6,174,2
2024-11-02 02:00:00,4,118,1
2024-11-02 03:00:00,1,99,0
2024-11-02 04:00:00,2,71,1
2024-11-02 05:00:00,3,88,2
2024-11-02 06:00:00,9,179,6
2024-11-02 07:00:00,18,348,18
2024-11-02 08:00:00,36,619,11
2024-11-02 09:00:00,49,1009,19
2024-11-02 10:00:00,65,1176,29
2024-11-02 11:00:00,53,1268,35
2024-11-02 12:00:00,47,1428,17
2024-11-02 13:00:00,43,1365,29
2024-11-02 14:00:00,48,1398,14
2024-11-02 15:00:00,33,1282,27
2024-11-02 16:00:00,47,1275,25
2024-11-02 17:00:00,44,1251,28
2024-11-02 18:00:00,50,1155,16
2024-11-02 19:00:00,79,1022,15
2024-11-02 20:00:00,44,676,15
2024-11-02 21:00:00,22,519,8
2024-11-02 22:00:00,9,455,8
2024-11-02 23:00:00,13,366,9
2024-11-03 00:00:00,10,268,5
2024-11-03 01:00:00,11,216,3
2024-11-03 02:00:00,16,155,0
2024-11-03 03:00:00,3,130,0
2024-11-03 04:00:00,2,85,0
2024-11-03 05:00:00,1,112,0
2024-11-03 06:00:00,5,146,5
2024-11-03 07:00:00,12,316,9
2024-11-03 08:00:00,40,367,17
2024-11-03 09:00:00,48,804,41
2024-11-03 10:00:00,45,1055,21
2024-11-03 11:00:00,46,1188,28
2024-11-03 12:00:00,49,1383,32
2024-11-03 13:00:00,45,1303,19
2024-11-03 14:00:00,46,1324,24
2024-11-03 15:00:00,63,1257,12
2024-11-03 16:00:00,48,1172,27
2024-11-03 17:00:00,36,998,16
2024-11-03 18:00:00,24,829,16
2024-11-03 19:00:00,23,583,9
2024-11-03 20:00:00,24,507,10
2024-11-03 21:00:00,15,335,6
2024-11-03 22:00:00,8,250,8
2024-11-03 23:00:00,2,139,6
2024-11-04 00:00:00,3,76,0
2024-11-04 01:00:00,2,52,1
2024-11-04 02:00:00,0,45,0
2024-11-04 03:00:00,2,31,0
2024-11-04 04:00:00,1,41,0
2024-11-04 05:00:00,1,134,3
2024-11-04 06:00:00,13,397,16
2024-11-04 07:00:00,31,1170,60
2024-11-04 08:00:00,53,1274,87
2024-11-04 09:00:00,36,1050,37
2024-11-04 10:00:00,30,973,17
2024-11-04 11:00:00,17,978,16
2024-11-04 12:00:00,32,981,15
2024-11-04 13:00:00,24,1050,20
2024-11-04 14:00:00,22,1121,19
2024-11-04 15:00:00,24,1153,20
2024-11-04 16:00:00,36,1274,40
2024-11-04 17:00:00,64,1293,46
2024-11-04 18:00:00,66,1131,44
2024-11-04 19:00:00,36,892,30
2024-11-04 20:00:00,11,588,14
2024-11-04 21:00:00,10,540,7
2024-11-04 22:00:00,8,418,12
2024-11-04 23:00:00,2,163,2
2024-11-05 00:00:00,2,81,2
2024-11-05 01:00:00,2,46,0
2024-11-05 02:00:00,2,47,0
2024-11-05 03:00:00,0,32,1
2024-11-05 04:00:00,1,49,1
2024-11-05 05:00:00,4,131,4
2024-11-05 06:00:00,11,453,16
2024-11-05 07:00:00,36,1280,65
2024-11-05 08:00:00,38,1417,101
2024-11-05 09:00:00,30,1107,35
2024-11-05 10:00:00,24,1020,20
2024-11-05 11:00:00,15,980,14
2024-11-05 12:00:00,27,1008,22
2024-11-05 13:00:00,22,1024,11
2024-11-05 14:00:00,26,1111,28
2024-11-05 15:00:00,32,1220,34
2024-11-05 16:00:00,39,1316,46
2024-11-05 17:00:00,66,1339,55
2024-11-05 18:00:00,52,1359,54
2024-11-05 19:00:00,29,1162,33
2024-11-05 20:00:00,25,666,21
2024-11-05 21:00:00,19,605,16
2024-11-05 22:00:00,13,631,20
2024-11-05 23:00:00,10,189,6
2024-11-06 00:00:00,4,115,3
2024-11-06 01:00:00,1,61,1
2024-11-06 02:00:00,4,47,0
2024-11-06 03:00:00,0,35,0
2024-11-06 04:00:00,1,33,2
2024-11-06 05:00:00,0,132,3
2024-11-06 06:00:00,16,456,19
2024-11-06 07:00:00,40,1234,58
2024-11-06 08:00:00,50,1370,108
2024-11-06 09:00:00,45,1185,54
2024-11-06 10:00:00,28,966,27
2024-11-06 11:00:00,27,1007,24
2024-11-06 12:00:00,21,1102,22
2024-11-06 13:00:00,21,1063,23
2024-11-06 14:00:00,24,1144,18
2024-11-06 15:00:00,35,1238,24
2024-11-06 16:00:00,40,1361,40
2024-11-06 17:00:00,71,1320,58
2024-11-06 18:00:00,40,1364,53
2024-11-06 19:00:00,30,1011,25
2024-11-06 20:00:00,22,635,19
2024-11-06 21:00:00,12,545,24
2024-11-06 22:00:00,15,488,9
2024-11-06 23:00:00,2,225,7
2024-11-07 00:00:00,1,99,6
2024-11-07 01:00:00,3,74,1
2024-11-07 02:00:00,0,70,0
2024-11-07 03:00:00,1,41,1
2024-11-07 04:00:00,1,35,0
2024-11-07 05:00:00,2,117,3
2024-11-07 06:00:00,9,415,18
2024-11-07 07:00:00,39,1250,68
2024-11-07 08:00:00,50,1434,95
2024-11-07 09:00:00,33,1122,29
2024-11-07 10:00:00,32,1002,26
2024-11-07 11:00:00,28,1033,18
2024-11-07 12:00:00,27,1051,20
2024-11-07 13:00:00,38,1091,10
2024-11-07 14:00:00,20,1166,20
2024-11-07 15:00:00,37,1287,19
2024-11-07 16:00:00,37,1364,34
2024-11-07 17:00:00,69,1427,58
2024-11-07 18:00:00,71,1344,55
2024-11-07 19:00:00,27,1031,27
2024-11-07 20:00:00,18,652,17
2024-11-07 21:00:00,16,543,23
2024-11-07 22:00:00,5,540,14
2024-11-07 23:00:00,6,247,7
2024-11-08 00:00:00,5,115,3
2024-11-08 01:00:00,3,72,1
2024-11-08 02:00:00,0,44,0
2024-11-08 03:00:00,0,41,1
2024-11-08 04:00:00,6,33,1
2024-11-08 05:00:00,3,126,2
2024-11-08 06:00:00,11,389,19
2024-11-08 07:00:00,30,1203,53
2024-11-08 08:00:00,40,1335,71
2024-11-08 09:00:00,37,1133,36
2024-11-08 10:00:00,30,1133,17
2024-11-08 11:00:00,30,1162,16
2024-11-08 12:00:00,31,1193,13
2024-11-08 13:00:00,49,1192,19
2024-11-08 14:00:00,33,1277,35
2024-11-08 15:00:00,30,1363,32
2024-11-08 16:00:00,72,1378,44
2024-11-08 17:00:00,61,1238,51
2024-11-08 18:00:00,24,1355,42
2024-11-08 19:00:00,44,1044,20
2024-11-08 20:00:00,16,640,3
2024-11-08 21:00:00,17,576,10
2024-11-08 22:00:00,12,810,18
2024-11-08 23:00:00,6,461,9
2024-11-09 00:00:00,7,265,3
2024-11-09 01:00:00,4,152,3
2024-11-09 02:00:00,3,114,0
2024-11-09 03:00:00,0,114,1
2024-11-09 04:00:00,10,115,3
2024-11-09 05:00:00,3,92,2
2024-11-09 06:00:00,3,180,9
2024-11-09 07:00:00,15,439,7
2024-11-09 08:00:00,36,820,19
2024-11-09 09:00:00,52,1152,20
2024-11-09 10:00:00,60,1330,28
2024-11-09 11:00:00,45,1433,36
2024-11-09 12:00:00,76,1408,14
2024-11-09 13:00:00,52,1529,26
2024-11-09 14:00:00,49,1370,26
2024-11-09 15:00:00,37,1316,22
2024-11-09 16:00:00,43,1363,17
2024-11-09 17:00:00,42,1302,19
2024-11-09 18:00:00,25,1067,16
2024-11-09 19:00:00,14,886,16
2024-11-09 20:00:00,7,668,13
2024-11-09 21:00:00,13,485,9
2024-11-09 22:00:00,14,512,5
2024-11-09 23:00:00,8,385,15
2024-11-10 00:00:00,7,287,4
2024-11-10 01:00:00,3,199,1
2024-11-10 02:00:00,2,150,1
2024-11-10 03:00:00,4,131,1
2024-11-10 04:00:00,0,110,2
2024-11-10 05:00:00,1,92,0
2024-11-10 06:00:00,5,160,5
2024-11-10 07:00:00,25,291,12
2024-11-10 08:00:00,33,435,13
2024-11-10 09:00:00,59,918,23
2024-11-10 10:00:00,117,1125,37
2024-11-10 11:00:00,68,1162,37
2024-11-10 12:00:00,56,1440,25
2024-11-10 13:00:00,51,1453,25
2024-11-10 14:00:00,47,1332,20
2024-11-10 15:00:00,46,1280,22
2024-11-10 16:00:00,71,1251,20
2024-11-10 17:00:00,39,1012,25
2024-11-10 18:00:00,28,821,15
2024-11-10 19:00:00,20,676,6
2024-11-10 20:00:00,17,501,7
2024-11-10 21:00:00,7,320,3
2024-11-10 22:00:00,2,249,5
2024-11-10 23:00:00,11,125,7
2024-11-11 00:00:00,4,86,2
2024-11-11 01:00:00,0,51,1
2024-11-11 02:00:00,2,25,1
2024-11-11 03:00:00,0,27,0
2024-11-11 04:00:00,0,34,1
2024-11-11 05:00:00,0,125,5
2024-11-11 06:00:00,11,420,12
2024-11-11 07:00:00,39,1261,58
2024-11-11 08:00:00,51,1512,78
2024-11-11 09:00:00,38,1024,41
2024-11-11 10:00:00,26,942,25
2024-11-11 11:00:00,30,951,17
2024-11-11 12:00:00,42,1018,21
2024-11-11 13:00:00,41,1005,23
2024-11-11 14:00:00,29,1121,29
2024-11-11 15:00:00,40,1241,35
2024-11-11 16:00:00,47,1284,48
2024-11-11 17:00:00,75,1287,66
2024-11-11 18:00:00,64,1170,32
2024-11-11 19:00:00,45,958,25
2024-11-11 20:00:00,20,634,17
2024-11-11 21:00:00,18,475,10
2024-11-11 22:00:00,11,396,9
2024-11-11 23:00:00,8,160,2
2024-11-12 00:00:00,1,77,2
2024-11-12 01:00:00,3,37,1
2024-11-12 02:00:00,0,30,1
2024-11-12 03:00:00,0,36,0
2024-11-12 04:00:00,1,45,0
2024-11-12 05:00:00,0,113,4
2024-11-12 06:00:00,11,439,21
2024-11-12 07:00:00,60,1288,74
2024-11-12 08:00:00,38,1453,84
2024-11-12 09:00:00,35,1167,35
2024-11-12 10:00:00,25,947,23
2024-11-12 11:00:00,27,987,11
2024-11-12 12:00:00,27,1025,18
2024-11-12 13:00:00,23,975,17
2024-11-12 14:00:00,15,1099,20
2024-11-12 15:00:00,27,1202,22
2024-11-12 16:00:00,55,1325,38
2024-11-12 17:00:00,58,1318,57
2024-11-12 18:00:00,90,1308,59
2024-11-12 19:00:00,48,1031,23
2024-11-12 20:00:00,22,691,20
2024-11-12 21:00:00,12,610,11
2024-11-12 22:00:00,12,406,12
2024-11-12 23:00:00,12,210,4
2024-11-13 00:00:00,2,98,4
2024-11-13 01:00:00,1,48,2
2024-11-13 02:00:00,0,31,0
2024-11-13 03:00:00,0,38,0
2024-11-13 04:00:00,1,46,1
2024-11-13 05:00:00,3,127,3
2024-11-13 06:00:00,13,457,17
2024-11-13 07:00:00,37,1301,65
2024-11-13 08:00:00,41,1507,83
2024-11-13 09:00:00,37,1188,38
2024-11-13 10:00:00,28,994,17
2024-11-13 11:00:00,24,971,24
2024-11-13 12:00:00,32,1145,29
2024-11-13 13:00:00,39,1124,29
2024-11-13 14:00:00,37,1245,33
2024-11-13 15:00:00,45,1318,37
2024-11-13 16:00:00,41,1344,53
2024-11-13 17:00:00,74,1343,65
2024-11-13 18:00:00,36,1267,49
2024-11-13 19:00:00,40,1080,20
2024-11-13 20:00:00,24,697,18
2024-11-13 21:00:00,15,641,14
2024-11-13 22:00:00,6,498,7
2024-11-13 23:00:00,8,204,3
2024-11-14 00:00:00,1,86,4
2024-11-14 01:00:00,1,48,0
2024-11-14 02:00:00,1,47,0
2024-11-14 03:00:00,1,35,0
2024-11-14 04:00:00,1,39,2
2024-11-14 05:00:00,0,134,3
2024-11-14 06:00:00,8,407,21
2024-11-14 07:00:00,29,1293,57
2024-11-14 08:00:00,41,1445,100
2024-11-14 09:00:00,33,1143,36
2024-11-14 10:00:00,23,1024,25
2024-11-14 11:00:00,15,1011,15
2024-11-14 12:00:00,37,1138,23
2024-11-14 13:00:00,46,1084,20
2024-11-14 14:00:00,28,1171,26
2024-11-14 15:00:00,21,1321,35
2024-11-14 16:00:00,60,1366,48
2024-11-14 17:00:00,59,1339,57
2024-11-14 18:00:00,53,1305,35
2024-11-14 19:00:00,26,1049,31
2024-11-14 20:00:00,19,676,10
2024-11-14 21:00:00,14,614,10
2024-11-14 22:00:00,5,527,11
2024-11-14 23:00:00,6,262,5
2024-11-15 00:00:00,5,107,6
2024-11-15 01:00:00,1,82,1
2024-11-15 02:00:00,0,52,0
2024-11-15 03:00:00,0,44,2
2024-11-15 04:00:00,1,61,2
2024-11-15 05:00:00,3,122,1
2024-11-15 06:00:00,15,418,14
2024-11-15 07:00:00,41,1169,46
2024-11-15 08:00:00,43,1363,81
2024-11-15 09:00:00,32,1165,38
2024-11-15 10:00:00,26,1076,27
2024-11-15 11:00:00,28,1121,17
2024-11-15 12:00:00,39,1181,23
2024-11-15 13:00:00,38,1211,17
2024-11-15 14:00:00,33,1314,34
2024-11-15 15:00:00,53,1330,30
2024-11-15 16:00:00,66,1398,39
2024-11-15 17:00:00,43,1297,44
2024-11-15 18:00:00,40,1289,34
2024-11-15 19:00:00,20,1087,17
2024-11-15 20:00:00,9,721,22
2024-11-15 21:00:00,15,563,6
2024-11-15 22:00:00,11,595,9
2024-11-15 23:00:00,7,491,11
2024-11-16 00:00:00,16,245,3
2024-11-16 01:00:00,2,139,2
2024-11-16 02:00:00,1,112,1
2024-11-16 03:00:00,1,118,0
2024-11-16 04:00:00,3,63,3
2024-11-16 05:00:00,2,86,1
2024-11-16 06:00:00,8,203,2
2024-11-16 07:00:00,15,441,14
2024-11-16 08:00:00,38,796,18
2024-11-16 09:00:00,55,1094,20
2024-11-16 10:00:00,82,1266,22
2024-11-16 11:00:00,60,1349,24
2024-11-16 12:00:00,47,1476,27
2024-11-16 13:00:00,43,1395,17
2024-11-16 14:00:00,36,1369,23
2024-11-16 15:00:00,50,1306,21
2024-11-16 16:00:00,68,1347,26
2024-11-16 17:00:00,37,1299,13
2024-11-16 18:00:00,11,1065,13
2024-11-16 19:00:00,27,883,11
2024-11-16 20:00:00,9,647,7
2024-11-16 21:00:00,7,530,8
2024-11-16 22:00:00,7,596,9
2024-11-16 23:00:00,7,411,5
2024-11-17 00:00:00,7,296,9
2024-11-17 01:00:00,4,174,2
2024-11-17 02:00:00,2,125,1
2024-11-17 03:00:00,6,118,0
2024-11-17 04:00:00,4,85,1
2024-11-17 05:00:00,0,90,1
2024-11-17 06:00:00,9,132,5
2024-11-17 07:00:00,14,302,10
2024-11-17 08:00:00,31,424,22
2024-11-17 09:00:00,49,840,22
2024-11-17 10:00:00,66,1106,20
2024-11-17 11:00:00,70,1249,27
2024-11-17 12:00:00,69,1511,37
2024-11-17 13:00:00,58,1414,18
2024-11-17 14:00:00,38,1247,12
2024-11-17 15:00:00,37,1313,20
2024-11-17 16:00:00,61,1297,15
2024-11-17 17:00:00,27,1095,18
2024-11-17 18:00:00,12,842,17
2024-11-17 19:00:00,15,620,15
2024-11-17 20:00:00,4,529,16
2024-11-17 21:00:00,1,375,9
2024-11-17 22:00:00,14,245,3
2024-11-17 23:00:00,6,150,4
2024-11-18 00:00:00,0,94,3
2024-11-18 01:00:00,0,38,3
2024-11-18 02:00:00,0,30,0
2024-11-18 03:00:00,0,24,6
2024-11-18 04:00:00,0,49,20
2024-11-18 05:00:00,2,138,10
2024-11-18 06:00:00,13,427,14
2024-11-18 07:00:00,43,1251,58
2024-11-18 08:00:00,55,1421,89
2024-11-18 09:00:00,35,1110,32
2024-11-18 10:00:00,22,925,14
2024-11-18 11:00:00,21,1044,18
2024-11-18 12:00:00,26,1069,21
2024-11-18 13:00:00,21,1052,10
2024-11-18 14:00:00,12,1146,16
2024-11-18 15:00:00,22,1249,17
2024-11-18 16:00:00,21,1264,24
2024-11-18 17:00:00,25,1280,56
2024-11-18 18:00:00,31,1173,33
2024-11-18 19:00:00,17,879,34
2024-11-18 20:00:00,12,545,16
2024-11-18 21:00:00,2,479,13
2024-11-18 22:00:00,4,364,6
2024-11-18 23:00:00,1,162,3
2024-11-19 00:00:00,0,75,4
2024-11-19 01:00:00,0,51,5
2024-11-19 02:00:00,0,34,0
2024-11-19 03:00:00,0,30,1
2024-11-19 04:00:00,1,37,1
2024-11-19 05:00:00,1,115,2
2024-11-19 06:00:00,8,445,11
2024-11-19 07:00:00,23,1290,39
2024-11-19 08:00:00,49,1470,84
2024-11-19 09:00:00,28,1189,29
2024-11-19 10:00:00,8,1008,13
2024-11-19 11:00:00,19,980,7
2024-11-19 12:00:00,34,1051,7
2024-11-19 13:00:00,26,1063,12
2024-11-19 14:00:00,15,1077,15
2024-11-19 15:00:00,26,1230,15
2024-11-19 16:00:00,33,1383,32
2024-11-19 17:00:00,38,1434,37
2024-11-19 18:00:00,62,1186,41
2024-11-19 19:00:00,58,978,19
2024-11-19 20:00:00,15,607,16
2024-11-19 21:00:00,5,523,9
2024-11-19 22:00:00,4,406,9
2024-11-19 23:00:00,1,170,8
2024-11-20 00:00:00,2,125,1
2024-11-20 01:00:00,0,69,1
2024-11-20 02:00:00,0,48,0
2024-11-20 03:00:00,1,41,0
2024-11-20 04:00:00,1,37,1
2024-11-20 05:00:00,4,122,0
2024-11-20 06:00:00,8,455,8
2024-11-20 07:00:00,17,1249,45
2024-11-20 08:00:00,35,1513,86
2024-11-20 09:00:00,37,1150,21
2024-11-20 10:00:00,25,989,17
2024-11-20 11:00:00,32,956,12
2024-11-20 12:00:00,41,1090,13
2024-11-20 13:00:00,43,1092,20
2024-11-20 14:00:00,23,1217,21
2024-11-20 15:00:00,32,1304,28
2024-11-20 16:00:00,52,1285,40
2024-11-20 17:00:00,62,1360,60
2024-11-20 18:00:00,43,1363,40
2024-11-20 19:00:00,37,1025,33
2024-11-20 20:00:00,12,677,9
2024-11-20 21:00:00,11,611,13
2024-11-20 22:00:00,5,468,9
2024-11-20 23:00:00,5,211,7
2024-11-21 00:00:00,2,110,2
2024-11-21 01:00:00,1,62,0
2024-11-21 02:00:00,2,54,1
2024-11-21 03:00:00,0,52,0
2024-11-21 04:00:00,1,52,3
2024-11-21 05:00:00,4,146,1
2024-11-21 06:00:00,19,494,10
2024-11-21 07:00:00,40,1286,57
2024-11-21 08:00:00,53,1511,83
2024-11-21 09:00:00,24,1165,28
2024-11-21 10:00:00,23,1055,17
2024-11-21 11:00:00,23,1038,15
2024-11-21 12:00:00,23,1083,22
2024-11-21 13:00:00,23,1091,16
2024-11-21 14:00:00,22,1154,27
2024-11-21 15:00:00,30,1257,29
2024-11-21 16:00:00,41,1330,34
2024-11-21 17:00:00,43,1364,50
2024-11-21 18:00:00,40,1359,48
2024-11-21 19:00:00,19,1108,25
2024-11-21 20:00:00,24,696,12
2024-11-21 21:00:00,7,621,10
2024-11-21 22:00:00,4,490,18
2024-11-21 23:00:00,1,291,2
2024-11-22 00:00:00,0,133,3
2024-11-22 01:00:00,2,98,2
2024-11-22 02:00:00,0,63,1
2024-11-22 03:00:00,1,51,0
2024-11-22 04:00:00,1,51,1
2024-11-22 05:00:00,1,118,0
2024-11-22 06:00:00,14,378,10
2024-11-22 07:00:00,30,1176,33
2024-11-22 08:00:00,31,1362,59
2024-11-22 09:00:00,38,1061,23
2024-11-22 10:00:00,33,1032,15
2024-11-22 11:00:00,31,1126,9
2024-11-22 12:00:00,52,1132,28
2024-11-22 13:00:00,33,1224,33
2024-11-22 14:00:00,34,1214,26
2024-11-22 15:00:00,46,1326,33
2024-11-22 16:00:00,60,1333,37
2024-11-22 17:00:00,46,1311,39
2024-11-22 18:00:00,36,1259,29
2024-11-22 19:00:00,27,1013,17
2024-11-22 20:00:00,11,703,8
2024-11-22 21:00:00,14,516,10
2024-11-22 22:00:00,12,566,8
2024-11-22 23:00:00,8,474,4
2024-11-23 00:00:00,3,264,4
2024-11-23 01:00:00,1,151,1
2024-11-23 02:00:00,2,129,0
2024-11-23 03:00:00,0,86,0
2024-11-23 04:00:00,1,75,3
2024-11-23 05:00:00,1,83,2
2024-11-23 06:00:00,2,167,6
2024-11-23 07:00:00,6,345,3
2024-11-23 08:00:00,35,662,9
2024-11-23 09:00:00,46,1004,10
2024-11-23 10:00:00,43,1263,10
2024-11-23 11:00:00,33,1386,15
2024-11-23 12:00:00,23,1369,14
2024-11-23 13:00:00,17,1432,8
2024-11-23 14:00:00,5,1415,10
2024-11-23 15:00:00,15,1372,6
2024-11-23 16:00:00,21,1290,12
2024-11-23 17:00:00,16,1201,15
2024-11-23 18:00:00,7,1109,13
2024-11-23 19:00:00,14,886,13
2024-11-23 20:00:00,6,560,10
2024-11-23 21:00:00,2,500,6
2024-11-23 22:00:00,3,536,4
2024-11-23 23:00:00,1,375,7
2024-11-24 00:00:00,1,278,3
2024-11-24 01:00:00,0,169,3
2024-11-24 02:00:00,1,146,0
2024-11-24 03:00:00,0,118,1
2024-11-24 04:00:00,1,89,1
2024-11-24 05:00:00,0,86,0
2024-11-24 06:00:00,2,126,6
2024-11-24 07:00:00,9,272,5
2024-11-24 08:00:00,14,340,4
2024-11-24 09:00:00,41,706,2
2024-11-24 10:00:00,63,1002,5
2024-11-24 11:00:00,41,1120,7
2024-11-24 12:00:00,23,1357,1
2024-11-24 13:00:00,22,1220,1
2024-11-24 14:00:00,27,1218,5
2024-11-24 15:00:00,13,1281,4
2024-11-24 16:00:00,24,1271,11
2024-11-24 17:00:00,10,1137,9
2024-11-24 18:00:00,6,957,7
2024-11-24 19:00:00,8,809,11
2024-11-24 20:00:00,1,544,9
2024-11-24 21:00:00,1,413,2
2024-11-24 22:00:00,6,327,4
2024-11-24 23:00:00,2,209,5
2024-11-25 00:00:00,0,153,0
2024-11-25 01:00:00,1,87,0
2024-11-25 02:00:00,0,33,0
2024-11-25 03:00:00,0,35,0
2024-11-25 04:00:00,0,52,2
2024-11-25 05:00:00,1,150,3
2024-11-25 06:00:00,7,452,15
2024-11-25 07:00:00,31,1269,54
2024-11-25 08:00:00,42,1437,85
2024-11-25 09:00:00,35,1183,23
2024-11-25 10:00:00,34,968,14
2024-11-25 11:00:00,23,981,19
2024-11-25 12:00:00,42,1118,19
2024-11-25 13:00:00,25,1128,14
2024-11-25 14:00:00,28,1082,16
2024-11-25 15:00:00,38,1298,27
2024-11-25 16:00:00,31,1343,41
2024-11-25 17:00:00,41,1344,51
2024-11-25 18:00:00,47,1227,49
2024-11-25 19:00:00,36,1044,24
2024-11-25 20:00:00,24,691,17
2024-11-25 21:00:00,9,520,13
2024-11-25 22:00:00,7,408,7
2024-11-25 23:00:00,5,192,13
2024-11-26 00:00:00,4,68,2
2024-11-26 01:00:00,0,52,1
2024-11-26 02:00:00,0,29,1
2024-11-26 03:00:00,0,31,0
2024-11-26 04:00:00,1,58,5
2024-11-26 05:00:00,3,128,3
2024-11-26 06:00:00,12,451,18
2024-11-26 07:00:00,47,1301,65
2024-11-26 08:00:00,57,1420,87
2024-11-26 09:00:00,23,1151,32
2024-11-26 10:00:00,23,924,13
2024-11-26 11:00:00,32,968,11
2024-11-26 12:00:00,47,1023,19
2024-11-26 13:00:00,38,1076,20
2024-11-26 14:00:00,27,1093,24
2024-11-26 15:00:00,30,1234,27
2024-11-26 16:00:00,48,1370,34
2024-11-26 17:00:00,54,1391,66
2024-11-26 18:00:00,68,1407,58
2024-11-26 19:00:00,49,1112,30
2024-11-26 20:00:00,20,668,8
2024-11-26 21:00:00,13,610,7
2024-11-26 22:00:00,7,471,11
2024-11-26 23:00:00,0,219,10
2024-11-27 00:00:00,0,89,2
2024-11-27 01:00:00,1,55,3
2024-11-27 02:00:00,3,42,2
2024-11-27 03:00:00,0,38,0
2024-11-27 04:00:00,0,50,2
2024-11-27 05:00:00,0,122,2
2024-11-27 06:00:00,11,458,18
2024-11-27 07:00:00,18,1288,58
2024-11-27 08:00:00,47,1451,105
2024-11-27 09:00:00,37,1191,38
2024-11-27 10:00:00,21,1015,22
2024-11-27 11:00:00,24,1104,19
2024-11-27 12:00:00,27,1102,22
2024-11-27 13:00:00,23,1187,22
2024-11-27 14:00:00,21,1198,18
2024-11-27 15:00:00,32,1337,24
2024-11-27 16:00:00,58,1378,44
2024-11-27 17:00:00,51,1419,59
2024-11-27 18:00:00,59,1357,44
2024-11-27 19:00:00,24,1088,36
2024-11-27 20:00:00,18,684,16
2024-11-27 21:00:00,12,653,13
2024-11-27 22:00:00,9,508,9
2024-11-27 23:00:00,2,239,6
2024-11-28 00:00:00,4,107,1
2024-11-28 01:00:00,2,92,1
2024-11-28 02:00:00,1,93,1
2024-11-28 03:00:00,1,42,1
2024-11-28 04:00:00,0,50,1
2024-11-28 05:00:00,3,119,2
2024-11-28 06:00:00,4,420,22
2024-11-28 07:00:00,28,1212,54
2024-11-28 08:00:00,32,1430,88
2024-11-28 09:00:00,53,1182,20
2024-11-28 10:00:00,33,1029,24
2024-11-28 11:00:00,19,1059,12
2024-11-28 12:00:00,44,1066,16
2024-11-28 13:00:00,22,1151,16
2024-11-28 14:00:00,22,1163,18
2024-11-28 15:00:00,21,1271,21
2024-11-28 16:00:00,41,1355,45
2024-11-28 17:00:00,45,1404,50
2024-11-28 18:00:00,51,1546,39
2024-11-28 19:00:00,25,1223,18
2024-11-28 20:00:00,13,733,12
2024-11-28 21:00:00,9,630,12
2024-11-28 22:00:00,3,637,9
2024-11-28 23:00:00,2,315,5
2024-11-29 00:00:00,3,177,4
2024-11-29 01:00:00,2,82,0
2024-11-29 02:00:00,0,54,0
2024-11-29 03:00:00,1,52,0
2024-11-29 04:00:00,1,65,2
2024-11-29 05:00:00,0,138,2
2024-11-29 06:00:00,9,423,17
2024-11-29 07:00:00,32,1173,42
2024-11-29 08:00:00,47,1386,80
2024-11-29 09:00:00,39,1125,43
2024-11-29 10:00:00,42,1076,22
2024-11-29 11:00:00,27,1091,14
2024-11-29 12:00:00,33,1183,23
2024-11-29 13:00:00,37,1261,28
2024-11-29 14:00:00,23,1317,20
2024-11-29 15:00:00,36,1335,34
2024-11-29 16:00:00,38,1270,36
2024-11-29 17:00:00,33,1359,46
2024-11-29 18:00:00,28,1321,29
2024-11-29 19:00:00,16,1221,13
2024-11-29 20:00:00,9,793,11
2024-11-29 21:00:00,10,659,16
2024-11-29 22:00:00,15,765,6
2024-11-29 23:00:00,4,557,10
2024-11-30 00:00:00,4,332,2
2024-11-30 01:00:00,4,188,0
2024-11-30 02:00:00,2,155,4
2024-11-30 03:00:00,2,90,0
2024-11-30 04:00:00,0,89,0
2024-11-30 05:00:00,2,105,0
2024-11-30 06:00:00,2,208,10
2024-11-30 07:00:00,13,453,13
2024-11-30 08:00:00,49,813,18
2024-11-30 09:00:00,53,1101,21
2024-11-30 10:00:00,55,1228,19
2024-11-30 11:00:00,60,1374,21
2024-11-30 12:00:00,58,1461,31
2024-11-30 13:00:00,49,1547,22
2024-11-30 14:00:00,42,1470,17
2024-11-30 15:00:00,35,1407,17
2024-11-30 16:00:00,48,1412,14
2024-11-30 17:00:00,30,1386,13
2024-11-30 18:00:00,22,1243,13
2024-11-30 19:00:00,21,923,11
2024-11-30 20:00:00,18,662,11
2024-11-30 21:00:00,12,532,7
2024-11-30 22:00:00,6,590,10
2024-11-30 23:00:00,10,409,6
2024-12-01 00:00:00,5,302,2
2024-12-01 01:00:00,5,227,0
2024-12-01 02:00:00,4,180,0
2024-12-01 03:00:00,2,138,2
2024-12-01 04:00:00,1,126,1
2024-12-01 05:00:00,1,106,0
2024-12-01 06:00:00,5,135,8
2024-12-01 07:00:00,11,266,12
2024-12-01 08:00:00,38,400,10
2024-12-01 09:00:00,49,821,8
2024-12-01 10:00:00,76,1060,15
2024-12-01 11:00:00,70,1192,15
2024-12-01 12:00:00,74,1326,11
2024-12-01 13:00:00,62,1416,18
2024-12-01 14:00:00,39,1388,24
2024-12-01 15:00:00,53,1223,20
2024-12-01 16:00:00,68,1301,15
2024-12-01 17:00:00,10,1061,12
2024-12-01 18:00:00,21,831,16
2024-12-01 19:00:00,13,669,10
2024-12-01 20:00:00,19,531,13
2024-12-01 21:00:00,5,402,8
2024-12-01 22:00:00,6,267,4
2024-12-01 23:00:00,9,153,3
2024-12-02 00:00:00,3,73,2
2024-12-02 01:00:00,0,50,1
2024-12-02 02:00:00,0,28,0
2024-12-02 03:00:00,0,35,0
2024-12-02 04:00:00,2,42,2
2024-12-02 05:00:00,2,128,1
2024-12-02 06:00:00,11,456,24
2024-12-02 07:00:00,32,1218,63
2024-12-02 08:00:00,56,1444,88
2024-12-02 09:00:00,32,1007,32
2024-12-02 10:00:00,32,977,17
2024-12-02 11:00:00,32,1005,12
2024-12-02 12:00:00,36,1027,26
2024-12-02 13:00:00,31,1093,13
2024-12-02 14:00:00,22,1174,22
2024-12-02 15:00:00,46,1310,30
2024-12-02 16:00:00,32,1284,43
2024-12-02 17:00:00,44,1411,66
2024-12-02 18:00:00,54,1292,49
2024-12-02 19:00:00,23,982,40
2024-12-02 20:00:00,9,606,13
2024-12-02 21:00:00,3,672,13
2024-12-02 22:00:00,10,404,11
2024-12-02 23:00:00,2,169,2
2024-12-03 00:00:00,1,89,1
2024-12-03 01:00:00,0,39,0
2024-12-03 02:00:00,0,35,0
2024-12-03 03:00:00,0,35,0
2024-12-03 04:00:00,0,44,1
2024-12-03 05:00:00,2,119,0
2024-12-03 06:00:00,15,451,14
2024-12-03 07:00:00,39,1301,55
2024-12-03 08:00:00,51,1429,98
2024-12-03 09:00:00,38,1139,39
2024-12-03 10:00:00,27,998,23
2024-12-03 11:00:00,20,1016,12
2024-12-03 12:00:00,36,1065,17
2024-12-03 13:00:00,35,1088,21
2024-12-03 14:00:00,24,1047,22
2024-12-03 15:00:00,43,1320,28
2024-12-03 16:00:00,33,1378,43
2024-12-03 17:00:00,47,1364,71
2024-12-03 18:00:00,74,1344,42
2024-12-03 19:00:00,52,1099,28
2024-12-03 20:00:00,30,758,19
2024-12-03 21:00:00,7,604,13
2024-12-03 22:00:00,8,446,11
2024-12-03 23:00:00,2,173,6
2024-12-04 00:00:00,0,100,2
2024-12-04 01:00:00,0,53,3
2024-12-04 02:00:00,0,40,1
2024-12-04 03:00:00,2,37,0
2024-12-04 04:00:00,3,39,1
2024-12-04 05:00:00,3,134,1
2024-12-04 06:00:00,11,472,19
2024-12-04 07:00:00,33,1317,57
2024-12-04 08:00:00,42,1456,92
2024-12-04 09:00:00,37,1147,42
2024-12-04 10:00:00,25,985,17
2024-12-04 11:00:00,25,1075,21
2024-12-04 12:00:00,41,1121,22
2024-12-04 13:00:00,34,1092,22
2024-12-04 14:00:00,27,1178,24
2024-12-04 15:00:00,30,1266,19
2024-12-04 16:00:00,39,1336,50
2024-12-04 17:00:00,45,1412,55
2024-12-04 18:00:00,35,1334,42
2024-12-04 19:00:00,30,1077,19
2024-12-04 20:00:00,12,730,22
2024-12-04 21:00:00,3,611,13
2024-12-04 22:00:00,10,483,16
2024-12-04 23:00:00,1,219,2
2024-12-05 00:00:00,4,159,2
2024-12-05 01:00:00,1,84,2
2024-12-05 02:00:00,2,54,2
2024-12-05 03:00:00,0,40,1
2024-12-05 04:00:00,2,38,2
2024-12-05 05:00:00,0,126,2
2024-12-05 06:00:00,7,470,10
2024-12-05 07:00:00,34,1260,52
2024-12-05 08:00:00,41,1471,89
2024-12-05 09:00:00,30,1188,25
2024-12-05 10:00:00,22,1065,12
2024-12-05 11:00:00,23,1101,10
2024-12-05 12:00:00,31,1095,17
2024-12-05 13:00:00,28,1128,11
2024-12-05 14:00:00,10,1170,17
2024-12-05 15:00:00,8,1278,19
2024-12-05 16:00:00,27,1361,37
2024-12-05 17:00:00,13,1371,28
2024-12-05 18:00:00,13,1375,22
2024-12-05 19:00:00,11,1095,21
2024-12-05 20:00:00,11,737,7
2024-12-05 21:00:00,9,657,6
2024-12-05 22:00:00,7,557,8
2024-12-05 23:00:00,2,337,9
2024-12-06 00:00:00,1,208,1
2024-12-06 01:00:00,1,119,4
2024-12-06 02:00:00,2,71,0
2024-12-06 03:00:00,0,54,0
2024-12-06 04:00:00,2,62,1
2024-12-06 05:00:00,2,113,1
2024-12-06 06:00:00,12,427,14
2024-12-06 07:00:00,47,1178,45
2024-12-06 08:00:00,55,1421,59
2024-12-06 09:00:00,47,1129,25
2024-12-06 10:00:00,37,1220,15
2024-12-06 11:00:00,36,1186,9
2024-12-06 12:00:00,36,1279,17
2024-12-06 13:00:00,37,1218,16
2024-12-06 14:00:00,39,1242,15
2024-12-06 15:00:00,22,1296,19
2024-12-06 16:00:00,24,1295,31
2024-12-06 17:00:00,30,1398,28
2024-12-06 18:00:00,17,1381,20
2024-12-06 19:00:00,7,1169,24
2024-12-06 20:00:00,6,710,9
2024-12-06 21:00:00,7,690,8
2024-12-06 22:00:00,3,704,10
2024-12-06 23:00:00,6,470,9
2024-12-07 00:00:00,2,341,3
2024-12-07 01:00:00,5,224,6
2024-12-07 02:00:00,1,155,5
2024-12-07 03:00:00,0,108,0
2024-12-07 04:00:00,0,60,1
2024-12-07 05:00:00,1,66,0
2024-12-07 06:00:00,1,158,5
2024-12-07 07:00:00,7,295,4
2024-12-07 08:00:00,12,434,2
2024-12-07 09:00:00,13,646,4
2024-12-07 10:00:00,21,821,2
2024-12-07 11:00:00,32,1011,4
2024-12-07 12:00:00,18,1175,3
2024-12-07 13:00:00,30,1206,6
2024-12-07 14:00:00,16,1166,4
2024-12-07 15:00:00,24,1150,3
2024-12-07 16:00:00,18,1156,5
2024-12-07 17:00:00,17,1082,16
2024-12-07 18:00:00,11,1077,7
2024-12-07 19:00:00,27,928,13
2024-12-07 20:00:00,16,597,9
2024-12-07 21:00:00,6,469,0
2024-12-07 22:00:00,5,567,4
2024-12-07 23:00:00,5,481,6
2024-12-08 00:00:00,3,361,3
2024-12-08 01:00:00,1,221,2
2024-12-08 02:00:00,3,192,2
2024-12-08 03:00:00,2,125,1
2024-12-08 04:00:00,8,98,0
2024-12-08 05:00:00,2,94,0
2024-12-08 06:00:00,0,147,4
2024-12-08 07:00:00,9,266,11
2024-12-08 08:00:00,21,360,7
2024-12-08 09:00:00,54,741,8
2024-12-08 10:00:00,124,1105,17
2024-12-08 11:00:00,83,1277,18
2024-12-08 12:00:00,57,1426,13
2024-12-08 13:00:00,37,1399,6
2024-12-08 14:00:00,27,1375,11
2024-12-08 15:00:00,45,1334,7
2024-12-08 16:00:00,34,1360,4
2024-12-08 17:00:00,14,1126,12
2024-12-08 18:00:00,11,868,10
2024-12-08 19:00:00,9,876,11
2024-12-08 20:00:00,3,722,9
2024-12-08 21:00:00,10,422,3
2024-12-08 22:00:00,2,319,13
2024-12-08 23:00:00,0,173,2
2024-12-09 00:00:00,1,91,3
2024-12-09 01:00:00,1,51,0
2024-12-09 02:00:00,1,42,0
2024-12-09 03:00:00,0,32,0
2024-12-09 04:00:00,1,37,3
2024-12-09 05:00:00,1,140,4
2024-12-09 06:00:00,4,452,14
2024-12-09 07:00:00,26,1236,59
2024-12-09 08:00:00,33,1487,67
2024-12-09 09:00:00,30,1076,35
2024-12-09 10:00:00,34,971,8
2024-12-09 11:00:00,25,1042,18
2024-12-09 12:00:00,37,1147,18
2024-12-09 13:00:00,20,1157,17
2024-12-09 14:00:00,23,1198,16
2024-12-09 15:00:00,28,1258,25
2024-12-09 16:00:00,28,1408,35
2024-12-09 17:00:00,46,1348,70
2024-12-09 18:00:00,74,1315,40
2024-12-09 19:00:00,35,964,33
2024-12-09 20:00:00,30,613,6
2024-12-09 21:00:00,7,570,9
2024-12-09 22:00:00,6,370,5
2024-12-09 23:00:00,2,163,8
2024-12-10 00:00:00,4,92,1
2024-12-10 01:00:00,1,38,1
2024-12-10 02:00:00,0,33,1
2024-12-10 03:00:00,0,29,0
2024-12-10 04:00:00,0,40,2
2024-12-10 05:00:00,3,149,3
2024-12-10 06:00:00,14,428,19
2024-12-10 07:00:00,33,1272,46
2024-12-10 08:00:00,54,1460,92
2024-12-10 09:00:00,40,1159,33
2024-12-10 10:00:00,22,995,20
2024-12-10 11:00:00,24,1045,15
2024-12-10 12:00:00,44,1129,14
2024-12-10 13:00:00,26,1164,25
2024-12-10 14:00:00,32,1213,22
2024-12-10 15:00:00,16,1278,24
2024-12-10 16:00:00,45,1380,41
2024-12-10 17:00:00,58,1435,64
2024-12-10 18:00:00,43,1379,47
2024-12-10 19:00:00,21,1023,23
2024-12-10 20:00:00,9,680,20
2024-12-10 21:00:00,9,647,3
2024-12-10 22:00:00,7,421,9
2024-12-10 23:00:00,4,198,3
2024-12-11 00:00:00,1,110,2
2024-12-11 01:00:00,0,69,0
2024-12-11 02:00:00,0,45,1
2024-12-11 03:00:00,0,37,1
2024-12-11 04:00:00,2,45,2
2024-12-11 05:00:00,2,137,3
2024-12-11 06:00:00,7,454,14
2024-12-11 07:00:00,24,1278,53
2024-12-11 08:00:00,31,1526,88
2024-12-11 09:00:00,28,1147,38
2024-12-11 10:00:00,20,1039,17
2024-12-11 11:00:00,25,1026,20
2024-12-11 12:00:00,37,1195,23
2024-12-11 13:00:00,31,1312,21
2024-12-11 14:00:00,19,1196,23
2024-12-11 15:00:00,27,1228,15
2024-12-11 16:00:00,51,1348,44
2024-12-11 17:00:00,35,1299,68
2024-12-11 18:00:00,37,1212,41
2024-12-11 19:00:00,29,1217,22
2024-12-11 20:00:00,15,720,15
2024-12-11 21:00:00,6,676,8
2024-12-11 22:00:00,5,617,12
2024-12-11 23:00:00,2,273,8
2024-12-12 00:00:00,4,140,0
2024-12-12 01:00:00,2,89,2
2024-12-12 02:00:00,0,60,1
2024-12-12 03:00:00,2,47,0
2024-12-12 04:00:00,1,48,2
2024-12-12 05:00:00,1,133,3
2024-12-12 06:00:00,7,438,17
2024-12-12 07:00:00,24,1219,62
2024-12-12 08:00:00,46,1493,85
2024-12-12 09:00:00,38,1198,33
2024-12-12 10:00:00,23,1057,16
2024-12-12 11:00:00,24,1147,15
2024-12-12 12:00:00,22,1232,20
2024-12-12 13:00:00,27,1373,18
2024-12-12 14:00:00,26,1258,24
2024-12-12 15:00:00,33,1321,24
2024-12-12 16:00:00,29,1401,47
2024-12-12 17:00:00,43,1430,62
2024-12-12 18:00:00,41,1430,47
2024-12-12 19:00:00,19,1149,16
2024-12-12 20:00:00,14,788,17
2024-12-12 21:00:00,7,687,19
2024-12-12 22:00:00,11,646,8
2024-12-12 23:00:00,11,436,11
2024-12-13 00:00:00,5,254,3
2024-12-13 01:00:00,5,164,4
2024-12-13 02:00:00,1,136,2
2024-12-13 03:00:00,2,79,2
2024-12-13 04:00:00,1,90,2
2024-12-13 05:00:00,1,133,2
2024-12-13 06:00:00,11,355,21
2024-12-13 07:00:00,34,1081,49
2024-12-13 08:00:00,29,1379,66
2024-12-13 09:00:00,35,1168,40
2024-12-13 10:00:00,43,1149,24
2024-12-13 11:00:00,42,1289,15
2024-12-13 12:00:00,46,1358,14
2024-12-13 13:00:00,33,1324,21
2024-12-13 14:00:00,38,1263,12
2024-12-13 15:00:00,52,1313,19
2024-12-13 16:00:00,43,1322,29
2024-12-13 17:00:00,40,1388,33
2024-12-13 18:00:00,30,1349,41
2024-12-13 19:00:00,21,1255,23
2024-12-13 20:00:00,9,804,17
2024-12-13 21:00:00,14,622,8
2024-12-13 22:00:00,15,634,10
2024-12-13 23:00:00,5,526,10
2024-12-14 00:00:00,5,355,5
2024-12-14 01:00:00,5,236,0
2024-12-14 02:00:00,4,173,5
2024-12-14 03:00:00,0,134,1
2024-12-14 04:00:00,6,110,1
2024-12-14 05:00:00,3,103,1
2024-12-14 06:00:00,1,179,5
2024-12-14 07:00:00,9,376,20
2024-12-14 08:00:00,43,654,18
2024-12-14 09:00:00,47,996,17
2024-12-14 10:00:00,62,1306,17
2024-12-14 11:00:00,64,1331,25
2024-12-14 12:00:00,57,1478,26
2024-12-14 13:00:00,71,1456,20
2024-12-14 14:00:00,43,1412,20
2024-12-14 15:00:00,54,1443,17
2024-12-14 16:00:00,30,1448,11
2024-12-14 17:00:00,26,1242,14
2024-12-14 18:00:00,20,1185,7
2024-12-14 19:00:00,17,969,10
2024-12-14 20:00:00,15,634,5
2024-12-14 21:00:00,9,574,7
2024-12-14 22:00:00,8,543,5
2024-12-14 23:00:00,12,460,8
2024-12-15 00:00:00,7,359,4
2024-12-15 01:00:00,6,309,3
2024-12-15 02:00:00,1,200,0
2024-12-15 03:00:00,4,141,0
2024-12-15 04:00:00,4,108,3
2024-12-15 05:00:00,5,107,0
2024-12-15 06:00:00,5,144,6
2024-12-15 07:00:00,17,290,10
2024-12-15 08:00:00,24,352,10
2024-12-15 09:00:00,53,741,19
2024-12-15 10:00:00,100,1049,13
2024-12-15 11:00:00,80,1202,12
2024-12-15 12:00:00,45,1357,15
2024-12-15 13:00:00,45,1387,13
2024-12-15 14:00:00,35,1301,25
2024-12-15 15:00:00,47,1266,21
2024-12-15 16:00:00,37,1242,24
2024-12-15 17:00:00,19,1077,20
2024-12-15 18:00:00,14,856,24
2024-12-15 19:00:00,9,752,15
2024-12-15 20:00:00,6,511,16
2024-12-15 21:00:00,7,386,9
2024-12-15 22:00:00,1,248,5
2024-12-15 23:00:00,3,181,1
2024-12-16 00:00:00,1,109,2
2024-12-16 01:00:00,0,47,0
2024-12-16 02:00:00,1,30,1
2024-12-16 03:00:00,0,30,2
2024-12-16 04:00:00,0,46,2
2024-12-16 05:00:00,1,123,2
2024-12-16 06:00:00,3,342,19
2024-12-16 07:00:00,26,1102,47
2024-12-16 08:00:00,35,1164,71
2024-12-16 09:00:00,39,1076,31
2024-12-16 10:00:00,33,1051,18
2024-12-16 11:00:00,20,1125,10
2024-12-16 12:00:00,44,1149,19
2024-12-16 13:00:00,21,1080,9
2024-12-16 14:00:00,29,1198,17
2024-12-16 15:00:00,20,1162,18
2024-12-16 16:00:00,34,1247,41
2024-12-16 17:00:00,43,1317,53
2024-12-16 18:00:00,44,1176,42
2024-12-16 19:00:00,20,904,21
2024-12-16 20:00:00,16,633,11
2024-12-16 21:00:00,16,540,10
2024-12-16 22:00:00,3,393,6
2024-12-16 23:00:00,0,209,4
2024-12-17 00:00:00,1,81,3
2024-12-17 01:00:00,4,57,0
2024-12-17 02:00:00,0,22,0
2024-12-17 03:00:00,0,51,0
2024-12-17 04:00:00,0,51,2
2024-12-17 05:00:00,0,133,1
2024-12-17 06:00:00,10,424,14
2024-12-17 07:00:00,23,1173,46
2024-12-17 08:00:00,39,1261,82
2024-12-17 09:00:00,42,1170,30
2024-12-17 10:00:00,25,1046,18
2024-12-17 11:00:00,28,1092,14
2024-12-17 12:00:00,39,1229,9
2024-12-17 13:00:00,29,1182,17
2024-12-17 14:00:00,32,1168,15
2024-12-17 15:00:00,25,1198,18
2024-12-17 16:00:00,30,1310,25
2024-12-17 17:00:00,26,1419,49
2024-12-17 18:00:00,47,1301,39
2024-12-17 19:00:00,19,925,30
2024-12-17 20:00:00,9,657,13
2024-12-17 21:00:00,4,580,13
2024-12-17 22:00:00,2,412,15
2024-12-17 23:00:00,0,233,7
2024-12-18 00:00:00,1,124,5
2024-12-18 01:00:00,1,76,2
2024-12-18 02:00:00,0,34,1
2024-12-18 03:00:00,2,40,0
2024-12-18 04:00:00,0,59,2
2024-12-18 05:00:00,2,121,6
2024-12-18 06:00:00,6,386,13
2024-12-18 07:00:00,12,1169,39
2024-12-18 08:00:00,29,1246,57
2024-12-18 09:00:00,26,1098,28
2024-12-18 10:00:00,23,1038,11
2024-12-18 11:00:00,22,1189,10
2024-12-18 12:00:00,37,1288,18
2024-12-18 13:00:00,29,1227,23
2024-12-18 14:00:00,26,1268,18
2024-12-18 15:00:00,26,1221,15
2024-12-18 16:00:00,19,1256,27
2024-12-18 17:00:00,28,1475,37
2024-12-18 18:00:00,17,1350,21
2024-12-18 19:00:00,4,1004,29
2024-12-18 20:00:00,11,654,16
2024-12-18 21:00:00,8,636,13
2024-12-18 22:00:00,5,537,14
2024-12-18 23:00:00,5,265,9
2024-12-19 00:00:00,1,119,7
2024-12-19 01:00:00,0,84,6
2024-12-19 02:00:00,4,55,1
2024-12-19 03:00:00,1,54,0
2024-12-19 04:00:00,1,42,1
2024-12-19 05:00:00,0,124,1
2024-12-19 06:00:00,10,394,18
2024-12-19 07:00:00,19,1110,47
2024-12-19 08:00:00,43,1186,67
2024-12-19 09:00:00,34,1133,25
2024-12-19 10:00:00,28,1131,20
2024-12-19 11:00:00,28,1143,16
2024-12-19 12:00:00,35,1272,18
2024-12-19 13:00:00,17,1276,20
2024-12-19 14:00:00,22,1265,21
2024-12-19 15:00:00,31,1226,20
2024-12-19 16:00:00,35,1346,36
2024-12-19 17:00:00,45,1448,55
2024-12-19 18:00:00,46,1301,41
2024-12-19 19:00:00,18,1010,28
2024-12-19 20:00:00,14,693,11
2024-12-19 21:00:00,7,604,11
2024-12-19 22:00:00,9,545,16
2024-12-19 23:00:00,9,339,6
2024-12-20 00:00:00,11,174,3
2024-12-20 01:00:00,3,102,3
2024-12-20 02:00:00,0,85,1
2024-12-20 03:00:00,2,73,1
2024-12-20 04:00:00,2,72,3
2024-12-20 05:00:00,3,137,3
2024-12-20 06:00:00,11,379,9
2024-12-20 07:00:00,19,967,30
2024-12-20 08:00:00,29,1071,38
2024-12-20 09:00:00,40,1090,22
2024-12-20 10:00:00,27,1179,15
2024-12-20 11:00:00,28,1302,17
2024-12-20 12:00:00,32,1329,15
2024-12-20 13:00:00,32,1317,14
2024-12-20 14:00:00,26,1321,19
2024-12-20 15:00:00,23,1318,9
2024-12-20 16:00:00,27,1320,21
2024-12-20 17:00:00,30,1306,31
2024-12-20 18:00:00,32,1269,20
2024-12-20 19:00:00,25,1057,23
2024-12-20 20:00:00,18,666,16
2024-12-20 21:00:00,10,592,10
2024-12-20 22:00:00,5,585,10
2024-12-20 23:00:00,6,454,11
2024-12-21 00:00:00,3,315,4
2024-12-21 01:00:00,3,219,6
2024-12-21 02:00:00,4,163,3
2024-12-21 03:00:00,3,133,1
2024-12-21 04:00:00,3,100,1
2024-12-21 05:00:00,1,79,2
2024-12-21 06:00:00,3,170,6
2024-12-21 07:00:00,8,353,17
2024-12-21 08:00:00,23,614,10
2024-12-21 09:00:00,46,889,8
2024-12-21 10:00:00,37,1190,12
2024-12-21 11:00:00,30,1266,10
2024-12-21 12:00:00,25,1362,3
2024-12-21 13:00:00,29,1308,6
2024-12-21 14:00:00,24,1274,11
2024-12-21 15:00:00,36,1195,23
2024-12-21 16:00:00,40,1222,14
2024-12-21 17:00:00,12,1075,13
2024-12-21 18:00:00,5,1009,11
2024-12-21 19:00:00,6,869,12
2024-12-21 20:00:00,6,614,11
2024-12-21 21:00:00,5,518,9
2024-12-21 22:00:00,8,493,6
2024-12-21 23:00:00,3,390,5
2024-12-22 00:00:00,4,322,3
2024-12-22 01:00:00,14,245,1
2024-12-22 02:00:00,4,216,0
2024-12-22 03:00:00,5,156,0
2024-12-22 04:00:00,1,112,2
2024-12-22 05:00:00,2,102,2
2024-12-22 06:00:00,4,137,3
2024-12-22 07:00:00,9,231,5
2024-12-22 08:00:00,22,349,7
2024-12-22 09:00:00,42,687,4
2024-12-22 10:00:00,48,1110,10
2024-12-22 11:00:00,57,1089,5
2024-12-22 12:00:00,35,1288,8
2024-12-22 13:00:00,43,1380,6
2024-12-22 14:00:00,34,1184,17
2024-12-22 15:00:00,18,1209,10
2024-12-22 16:00:00,38,1147,12
2024-12-22 17:00:00,17,996,13
2024-12-22 18:00:00,18,714,7
2024-12-22 19:00:00,8,642,14
2024-12-22 20:00:00,5,494,5
2024-12-22 21:00:00,3,362,4
2024-12-22 22:00:00,6,295,10
2024-12-22 23:00:00,4,176,4
2024-12-23 00:00:00,2,109,3
2024-12-23 01:00:00,1,65,2
2024-12-23 02:00:00,0,59,1
2024-12-23 03:00:00,0,35,0
2024-12-23 04:00:00,0,47,0
2024-12-23 05:00:00,1,108,4
2024-12-23 06:00:00,6,286,7
2024-12-23 07:00:00,12,753,29
2024-12-23 08:00:00,27,918,22
2024-12-23 09:00:00,56,1090,18
2024-12-23 10:00:00,28,1228,17
2024-12-23 11:00:00,48,1285,21
2024-12-23 12:00:00,25,1403,15
2024-12-23 13:00:00,34,1391,15
2024-12-23 14:00:00,28,1379,9
2024-12-23 15:00:00,28,1308,22
2024-12-23 16:00:00,36,1297,20
2024-12-23 17:00:00,18,1254,26
2024-12-23 18:00:00,16,1037,17
2024-12-23 19:00:00,19,874,19
2024-12-23 20:00:00,3,580,19
2024-12-23 21:00:00,3,465,10
2024-12-23 22:00:00,4,332,2
2024-12-23 23:00:00,1,202,8
2024-12-24 00:00:00,4,134,6
2024-12-24 01:00:00,5,70,2
2024-12-24 02:00:00,0,51,3
2024-12-24 03:00:00,0,47,1
2024-12-24 04:00:00,0,45,1
2024-12-24 05:00:00,1,91,0
2024-12-24 06:00:00,6,229,5
2024-12-24 07:00:00,9,547,12
2024-12-24 08:00:00,31,667,16
2024-12-24 09:00:00,30,841,4
2024-12-24 10:00:00,48,1046,13
2024-12-24 11:00:00,36,1089,11
2024-12-24 12:00:00,38,1203,16
2024-12-24 13:00:00,38,1235,9
2024-12-24 14:00:00,50,1177,14
2024-12-24 15:00:00,44,1151,9
2024-12-24 16:00:00,33,950,22
2024-12-24 17:00:00,13,801,14
2024-12-24 18:00:00,10,601,15
2024-12-24 19:00:00,4,511,16
2024-12-24 20:00:00,11,349,10
2024-12-24 21:00:00,14,280,11
2024-12-24 22:00:00,2,262,12
2024-12-24 23:00:00,3,207,6
2024-12-25 00:00:00,1,154,2
2024-12-25 01:00:00,0,112,1
2024-12-25 02:00:00,0,31,0
2024-12-25 03:00:00,0,18,0
2024-12-25 04:00:00,0,12,0
2024-12-25 05:00:00,1,25,1
2024-12-25 06:00:00,2,71,1
2024-12-25 07:00:00,16,117,1
2024-12-25 08:00:00,36,232,5
2024-12-25 09:00:00,46,418,7
2024-12-25 10:00:00,40,594,6
2024-12-25 11:00:00,51,734,9
2024-12-25 12:00:00,43,758,3
2024-12-25 13:00:00,24,515,1
2024-12-25 14:00:00,24,432,6
2024-12-25 15:00:00,27,403,5
2024-12-25 16:00:00,25,381,2
2024-12-25 17:00:00,11,386,8
2024-12-25 18:00:00,10,330,6
2024-12-25 19:00:00,8,350,6
2024-12-25 20:00:00,12,320,9
2024-12-25 21:00:00,2,245,0
2024-12-25 22:00:00,2,214,1
2024-12-25 23:00:00,0,160,4
2024-12-26 00:00:00,1,68,0
2024-12-26 01:00:00,2,45,0
2024-12-26 02:00:00,0,27,0
2024-12-26 03:00:00,1,18,0
2024-12-26 04:00:00,0,16,0
2024-12-26 05:00:00,0,43,0
2024-12-26 06:00:00,1,87,3
2024-12-26 07:00:00,8,164,2
2024-12-26 08:00:00,25,180,6
2024-12-26 09:00:00,56,332,5
2024-12-26 10:00:00,59,578,4
2024-12-26 11:00:00,51,784,8
2024-12-26 12:00:00,55,882,7
2024-12-26 13:00:00,81,894,6
2024-12-26 14:00:00,35,857,5
2024-12-26 15:00:00,62,834,13
2024-12-26 16:00:00,28,730,13
2024-12-26 17:00:00,16,774,12
2024-12-26 18:00:00,14,555,24
2024-12-26 19:00:00,11,482,13
2024-12-26 20:00:00,6,381,10
2024-12-26 21:00:00,2,284,9
2024-12-26 22:00:00,3,244,9
2024-12-26 23:00:00,0,121,4
2024-12-27 00:00:00,2,79,1
2024-12-27 01:00:00,0,58,0
2024-12-27 02:00:00,0,46,0
2024-12-27 03:00:00,0,31,0
2024-12-27 04:00:00,1,39,1
2024-12-27 05:00:00,0,57,1
2024-12-27 06:00:00,4,176,4
2024-12-27 07:00:00,10,385,12
2024-12-27 08:00:00,35,454,13
2024-12-27 09:00:00,33,623,8
2024-12-27 10:00:00,48,876,8
2024-12-27 11:00:00,43,901,15
2024-12-27 12:00:00,50,1086,14
2024-12-27 13:00:00,45,1080,10
2024-12-27 14:00:00,34,1043,12
2024-12-27 15:00:00,37,1086,9
2024-12-27 16:00:00,44,1094,14
2024-12-27 17:00:00,24,937,6
2024-12-27 18:00:00,15,999,6
2024-12-27 19:00:00,15,616,12
2024-12-27 20:00:00,12,424,10
2024-12-27 21:00:00,2,512,4
2024-12-27 22:00:00,6,602,5
2024-12-27 23:00:00,0,295,8
2024-12-28 00:00:00,5,176,4
2024-12-28 01:00:00,1,140,0
2024-12-28 02:00:00,0,86,0
2024-12-28 03:00:00,0,78,0
2024-12-28 04:00:00,2,52,0
2024-12-28 05:00:00,0,63,1
2024-12-28 06:00:00,0,135,1
2024-12-28 07:00:00,3,233,8
2024-12-28 08:00:00,22,370,13
2024-12-28 09:00:00,39,575,10
2024-12-28 10:00:00,49,861,7
2024-12-28 11:00:00,56,894,12
2024-12-28 12:00:00,48,1041,13
2024-12-28 13:00:00,55,1051,15
2024-12-28 14:00:00,45,1021,15
2024-12-28 15:00:00,52,966,17
2024-12-28 16:00:00,66,976,9
2024-12-28 17:00:00,23,849,8
2024-12-28 18:00:00,14,713,11
2024-12-28 19:00:00,12,579,5
2024-12-28 20:00:00,13,460,9
2024-12-28 21:00:00,8,376,7
2024-12-28 22:00:00,1,316,10
2024-12-28 23:00:00,2,254,3
2024-12-29 00:00:00,3,173,2
2024-12-29 01:00:00,5,125,0
2024-12-29 02:00:00,1,96,2
2024-12-29 03:00:00,2,113,0
2024-12-29 04:00:00,1,71,0
2024-12-29 05:00:00,1,63,1
2024-12-29 06:00:00,5,117,4
2024-12-29 07:00:00,11,217,4
2024-12-29 08:00:00,25,273,10
2024-12-29 09:00:00,44,534,11
2024-12-29 10:00:00,52,837,21
2024-12-29 11:00:00,72,927,23
2024-12-29 12:00:00,49,1074,11
2024-12-29 13:00:00,49,1198,13
2024-12-29 14:00:00,47,1179,9
2024-12-29 15:00:00,61,1032,18
2024-12-29 16:00:00,55,1066,6
2024-12-29 17:00:00,20,1036,15
2024-12-29 18:00:00,16,598,6
2024-12-29 19:00:00,20,573,11
2024-12-29 20:00:00,9,398,9
2024-12-29 21:00:00,3,324,8
2024-12-29 22:00:00,5,274,9
2024-12-29 23:00:00,6,153,7
2024-12-30 00:00:00,0,100,1
2024-12-30 01:00:00,1,70,3
2024-12-30 02:00:00,0,42,1
2024-12-30 03:00:00,0,31,2
2024-12-30 04:00:00,0,38,1
2024-12-30 05:00:00,0,73,1
2024-12-30 06:00:00,2,197,4
2024-12-30 07:00:00,10,483,14
2024-12-30 08:00:00,35,511,17
2024-12-30 09:00:00,40,708,18
2024-12-30 10:00:00,55,921,14
2024-12-30 11:00:00,48,952,16
2024-12-30 12:00:00,37,1137,15
2024-12-30 13:00:00,42,1162,9
2024-12-30 14:00:00,28,1166,11
2024-12-30 15:00:00,34,1117,20
2024-12-30 16:00:00,35,1123,16
2024-12-30 17:00:00,28,997,17
2024-12-30 18:00:00,27,820,19
2024-12-30 19:00:00,8,669,14
2024-12-30 20:00:00,17,462,9
2024-12-30 21:00:00,8,370,6
2024-12-30 22:00:00,2,307,4
2024-12-30 23:00:00,5,191,6
2024-12-31 00:00:00,3,112,0
2024-12-31 01:00:00,1,58,0
2024-12-31 02:00:00,1,42,0
2024-12-31 03:00:00,0,24,0
2024-12-31 04:00:00,0,40,1
2024-12-31 05:00:00,1,69,0
2024-12-31 06:00:00,2,209,7
2024-12-31 07:00:00,9,426,18
2024-12-31 08:00:00,15,502,5
2024-12-31 09:00:00,32,653,16
2024-12-31 10:00:00,49,909,8
2024-12-31 11:00:00,57,1025,11
2024-12-31 12:00:00,56,1077,17
2024-12-31 13:00:00,38,1169,11
2024-12-31 14:00:00,41,1193,10
2024-12-31 15:00:00,40,1154,13
2024-12-31 16:00:00,43,1054,10
2024-12-31 17:00:00,25,874,12
2024-12-31 18:00:00,19,845,7
2024-12-31 19:00:00,6,871,17
2024-12-31 20:00:00,5,596,6
2024-12-31 21:00:00,7,449,6
2024-12-31 22:00:00,4,385,4
2024-12-31 23:00:00,9,375,6
