date,ped,car,cyc
2024-01-01 00:00:00,0,0,0
2024-01-01 01:00:00,0,0,0
2024-01-01 02:00:00,0,0,0
2024-01-01 03:00:00,0,0,0
2024-01-01 04:00:00,0,0,0
2024-01-01 05:00:00,0,0,0
2024-01-01 06:00:00,0,0,0
2024-01-01 07:00:00,0,0,0
2024-01-01 08:00:00,0,0,0
2024-01-01 09:00:00,0,0,0
2024-01-01 10:00:00,0,0,0
2024-01-01 11:00:00,0,0,0
2024-01-01 12:00:00,0,0,0
2024-01-01 13:00:00,0,0,0
2024-01-01 14:00:00,0,0,0
2024-01-01 15:00:00,0,0,0
2024-01-01 16:00:00,0,0,0
2024-01-01 17:00:00,0,0,0
2024-01-01 18:00:00,0,0,0
2024-01-01 19:00:00,0,0,0
2024-01-01 20:00:00,0,0,0
2024-01-01 21:00:00,0,0,0
2024-01-01 22:00:00,0,0,0
2024-01-01 23:00:00,0,0,0
2024-01-02 00:00:00,0,0,0
2024-01-02 01:00:00,0,0,0
2024-01-02 02:00:00,0,0,0
2024-01-02 03:00:00,0,0,0
2024-01-02 04:00:00,0,0,0
2024-01-02 05:00:00,0,0,0
2024-01-02 06:00:00,0,0,0
2024-01-02 07:00:00,0,0,0
2024-01-02 08:00:00,0,0,0
2024-01-02 09:00:00,0,0,0
2024-01-02 10:00:00,0,0,0
2024-01-02 11:00:00,0,0,0
2024-01-02 12:00:00,0,0,0
2024-01-02 13:00:00,0,0,0
2024-01-02 14:00:00,0,0,0
2024-01-02 15:00:00,0,0,0
2024-01-02 16:00:00,0,0,0
2024-01-02 17:00:00,0,0,0
2024-01-02 18:00:00,0,0,0
2024-01-02 19:00:00,0,0,0
2024-01-02 20:00:00,0,0,0
2024-01-02 21:00:00,0,0,0
2024-01-02 22:00:00,0,0,0
2024-01-02 23:00:00,0,0,0
2024-01-03 00:00:00,0,0,0
2024-01-03 01:00:00,0,0,0
2024-01-03 02:00:00,0,0,0
2024-01-03 03:00:00,0,0,0
2024-01-03 04:00:00,0,0,0
2024-01-03 05:00:00,0,0,0
2024-01-03 06:00:00,0,0,0
2024-01-03 07:00:00,0,0,0
2024-01-03 08:00:00,0,0,0
2024-01-03 09:00:00,0,0,0
2024-01-03 10:00:00,0,0,0
2024-01-03 11:00:00,0,0,0
2024-01-03 12:00:00,0,0,0
2024-01-03 13:00:00,0,0,0
2024-01-03 14:00:00,0,0,0
2024-01-03 15:00:00,0,0,0
2024-01-03 16:00:00,0,0,0
2024-01-03 17:00:00,0,0,0
2024-01-03 18:00:00,0,0,0
2024-01-03 19:00:00,0,0,0
2024-01-03 20:00:00,0,0,0
2024-01-03 21:00:00,0,0,0
2024-01-03 22:00:00,0,0,0
2024-01-03 23:00:00,0,0,0
2024-01-04 00:00:00,0,0,0
2024-01-04 01:00:00,0,0,0
2024-01-04 02:00:00,0,0,0
2024-01-04 03:00:00,0,0,0
2024-01-04 04:00:00,0,0,0
2024-01-04 05:00:00,0,0,0
2024-01-04 06:00:00,0,0,0
2024-01-04 07:00:00,0,0,0
2024-01-04 08:00:00,0,0,0
2024-01-04 09:00:00,0,0,0
2024-01-04 10:00:00,0,0,0
2024-01-04 11:00:00,0,0,0
2024-01-04 12:00:00,0,0,0
2024-01-04 13:00:00,0,0,0
2024-01-04 14:00:00,0,0,0
2024-01-04 15:00:00,0,0,0
2024-01-04 16:00:00,0,0,0
2024-01-04 17:00:00,0,0,0
2024-01-04 18:00:00,0,0,0
2024-01-04 19:00:00,0,0,0
2024-01-04 20:00:00,0,0,0
2024-01-04 21:00:00,0,0,0
2024-01-04 22:00:00,0,0,0
2024-01-04 23:00:00,0,0,0
2024-01-05 00:00:00,0,0,0
2024-01-05 01:00:00,0,0,0
2024-01-05 02:00:00,0,0,0
2024-01-05 03:00:00,0,0,0
2024-01-05 04:00:00,0,0,0
2024-01-05 05:00:00,0,0,0
2024-01-05 06:00:00,0,0,0
2024-01-05 07:00:00,0,0,0
2024-01-05 08:00:00,0,0,0
2024-01-05 09:00:00,0,0,0
2024-01-05 10:00:00,0,0,0
2024-01-05 11:00:00,0,0,0
2024-01-05 12:00:00,0,0,0
2024-01-05 13:00:00,0,0,0
2024-01-05 14:00:00,0,0,0
2024-01-05 15:00:00,0,0,0
2024-01-05 16:00:00,0,0,0
2024-01-05 17:00:00,0,0,0
2024-01-05 18:00:00,0,0,0
2024-01-05 19:00:00,0,0,0
2024-01-05 20:00:00,0,0,0
2024-01-05 21:00:00,0,0,0
2024-01-05 22:00:00,0,0,0
2024-01-05 23:00:00,0,0,0
2024-01-06 00:00:00,0,0,0
2024-01-06 01:00:00,0,0,0
2024-01-06 02:00:00,0,0,0
2024-01-06 03:00:00,0,0,0
2024-01-06 04:00:00,0,0,0
2024-01-06 05:00:00,0,0,0
2024-01-06 06:00:00,0,0,0
2024-01-06 07:00:00,0,0,0
2024-01-06 08:00:00,0,0,0
2024-01-06 09:00:00,0,0,0
2024-01-06 10:00:00,0,0,0
2024-01-06 11:00:00,0,0,0
2024-01-06 12:00:00,0,0,0
2024-01-06 13:00:00,0,0,0
2024-01-06 14:00:00,0,0,0
2024-01-06 15:00:00,0,0,0
2024-01-06 16:00:00,0,0,0
2024-01-06 17:00:00,0,0,0
2024-01-06 18:00:00,0,0,0
2024-01-06 19:00:00,0,0,0
2024-01-06 20:00:00,0,0,0
2024-01-06 21:00:00,0,0,0
2024-01-06 22:00:00,0,0,0
2024-01-06 23:00:00,0,0,0
2024-01-07 00:00:00,0,0,0
2024-01-07 01:00:00,0,0,0
2024-01-07 02:00:00,0,0,0
2024-01-07 03:00:00,0,0,0
2024-01-07 04:00:00,0,0,0
2024-01-07 05:00:00,0,0,0
2024-01-07 06:00:00,0,0,0
2024-01-07 07:00:00,0,0,0
2024-01-07 08:00:00,0,0,0
2024-01-07 09:00:00,0,0,0
2024-01-07 10:00:00,0,0,0
2024-01-07 11:00:00,0,0,0
2024-01-07 12:00:00,0,0,0
2024-01-07 13:00:00,0,0,0
2024-01-07 14:00:00,0,0,0
2024-01-07 15:00:00,0,0,0
2024-01-07 16:00:00,0,0,0
2024-01-07 17:00:00,0,0,0
2024-01-07 18:00:00,0,0,0
2024-01-07 19:00:00,0,0,0
2024-01-07 20:00:00,0,0,0
2024-01-07 21:00:00,0,0,0
2024-01-07 22:00:00,0,0,0
2024-01-07 23:00:00,0,0,0
2024-01-08 00:00:00,0,0,0
2024-01-08 01:00:00,0,0,0
2024-01-08 02:00:00,0,0,0
2024-01-08 03:00:00,0,0,0
2024-01-08 04:00:00,0,0,0
2024-01-08 05:00:00,0,0,0
2024-01-08 06:00:00,0,0,0
2024-01-08 07:00:00,0,0,0
2024-01-08 08:00:00,0,0,0
2024-01-08 09:00:00,0,0,0
2024-01-08 10:00:00,0,0,0
2024-01-08 11:00:00,0,0,0
2024-01-08 12:00:00,0,0,0
2024-01-08 13:00:00,0,0,0
2024-01-08 14:00:00,0,0,0
2024-01-08 15:00:00,0,0,0
2024-01-08 16:00:00,0,0,0
2024-01-08 17:00:00,0,0,0
2024-01-08 18:00:00,0,0,0
2024-01-08 19:00:00,0,0,0
2024-01-08 20:00:00,0,0,0
2024-01-08 21:00:00,0,0,0
2024-01-08 22:00:00,0,0,0
2024-01-08 23:00:00,0,0,0
2024-01-09 00:00:00,0,0,0
2024-01-09 01:00:00,0,0,0
2024-01-09 02:00:00,0,0,0
2024-01-09 03:00:00,0,0,0
2024-01-09 04:00:00,0,0,0
2024-01-09 05:00:00,0,0,0
2024-01-09 06:00:00,0,0,0
2024-01-09 07:00:00,0,0,0
2024-01-09 08:00:00,0,0,0
2024-01-09 09:00:00,0,0,0
2024-01-09 10:00:00,0,0,0
2024-01-09 11:00:00,0,0,0
2024-01-09 12:00:00,0,0,0
2024-01-09 13:00:00,0,0,0
2024-01-09 14:00:00,0,0,0
2024-01-09 15:00:00,0,0,0
2024-01-09 16:00:00,0,0,0
2024-01-09 17:00:00,0,0,0
2024-01-09 18:00:00,0,0,0
2024-01-09 19:00:00,0,0,0
2024-01-09 20:00:00,0,0,0
2024-01-09 21:00:00,0,0,0
2024-01-09 22:00:00,0,0,0
2024-01-09 23:00:00,0,0,0
2024-01-10 00:00:00,0,0,0
2024-01-10 01:00:00,0,0,0
2024-01-10 02:00:00,0,0,0
2024-01-10 03:00:00,0,0,0
2024-01-10 04:00:00,0,0,0
2024-01-10 05:00:00,0,0,0
2024-01-10 06:00:00,0,0,0
2024-01-10 07:00:00,0,0,0
2024-01-10 08:00:00,0,0,0
2024-01-10 09:00:00,0,0,0
2024-01-10 10:00:00,0,0,0
2024-01-10 11:00:00,0,0,0
2024-01-10 12:00:00,0,0,0
2024-01-10 13:00:00,0,0,0
2024-01-10 14:00:00,0,0,0
2024-01-10 15:00:00,0,0,0
2024-01-10 16:00:00,0,0,0
2024-01-10 17:00:00,0,0,0
2024-01-10 18:00:00,0,0,0
2024-01-10 19:00:00,0,0,0
2024-01-10 20:00:00,0,0,0
2024-01-10 21:00:00,0,0,0
2024-01-10 22:00:00,0,0,0
2024-01-10 23:00:00,0,0,0
2024-01-11 00:00:00,0,0,0
2024-01-11 01:00:00,0,0,0
2024-01-11 02:00:00,0,0,0
2024-01-11 03:00:00,0,0,0
2024-01-11 04:00:00,0,0,0
2024-01-11 05:00:00,0,0,0
2024-01-11 06:00:00,0,0,0
2024-01-11 07:00:00,0,0,0
2024-01-11 08:00:00,0,0,0
2024-01-11 09:00:00,0,0,0
2024-01-11 10:00:00,0,0,0
2024-01-11 11:00:00,0,0,0
2024-01-11 12:00:00,0,0,0
2024-01-11 13:00:00,0,0,0
2024-01-11 14:00:00,0,0,0
2024-01-11 15:00:00,0,0,0
2024-01-11 16:00:00,0,0,0
2024-01-11 17:00:00,0,0,0
2024-01-11 18:00:00,0,0,0
2024-01-11 19:00:00,0,0,0
2024-01-11 20:00:00,0,0,0
2024-01-11 21:00:00,0,0,0
2024-01-11 22:00:00,0,0,0
2024-01-11 23:00:00,0,0,0
2024-01-12 00:00:00,0,0,0
2024-01-12 01:00:00,0,0,0
2024-01-12 02:00:00,0,0,0
2024-01-12 03:00:00,0,0,0
2024-01-12 04:00:00,0,0,0
2024-01-12 05:00:00,0,0,0
2024-01-12 06:00:00,0,0,0
2024-01-12 07:00:00,0,0,0
2024-01-12 08:00:00,0,0,0
2024-01-12 09:00:00,0,0,0
2024-01-12 10:00:00,0,0,0
2024-01-12 11:00:00,0,0,0
2024-01-12 12:00:00,0,0,0
2024-01-12 13:00:00,0,0,0
2024-01-12 14:00:00,0,0,0
2024-01-12 15:00:00,0,0,0
2024-01-12 16:00:00,0,0,0
2024-01-12 17:00:00,0,0,0
2024-01-12 18:00:00,0,0,0
2024-01-12 19:00:00,0,0,0
2024-01-12 20:00:00,0,0,0
2024-01-12 21:00:00,0,0,0
2024-01-12 22:00:00,0,0,0
2024-01-12 23:00:00,0,0,0
2024-01-13 00:00:00,0,0,0
2024-01-13 01:00:00,0,0,0
2024-01-13 02:00:00,0,0,0
2024-01-13 03:00:00,0,0,0
2024-01-13 04:00:00,0,0,0
2024-01-13 05:00:00,0,0,0
2024-01-13 06:00:00,0,0,0
2024-01-13 07:00:00,0,0,0
2024-01-13 08:00:00,0,0,0
2024-01-13 09:00:00,0,0,0
2024-01-13 10:00:00,0,0,0
2024-01-13 11:00:00,0,0,0
2024-01-13 12:00:00,0,0,0
2024-01-13 13:00:00,0,0,0
2024-01-13 14:00:00,0,0,0
2024-01-13 15:00:00,0,0,0
2024-01-13 16:00:00,0,0,0
2024-01-13 17:00:00,0,0,0
2024-01-13 18:00:00,0,0,0
2024-01-13 19:00:00,0,0,0
2024-01-13 20:00:00,0,0,0
2024-01-13 21:00:00,0,0,0
2024-01-13 22:00:00,0,0,0
2024-01-13 23:00:00,0,0,0
2024-01-14 00:00:00,0,0,0
2024-01-14 01:00:00,0,0,0
2024-01-14 02:00:00,0,0,0
2024-01-14 03:00:00,0,0,0
2024-01-14 04:00:00,0,0,0
2024-01-14 05:00:00,0,0,0
2024-01-14 06:00:00,0,0,0
2024-01-14 07:00:00,0,0,0
2024-01-14 08:00:00,0,0,0
2024-01-14 09:00:00,0,0,0
2024-01-14 10:00:00,0,0,0
2024-01-14 11:00:00,0,0,0
2024-01-14 12:00:00,0,0,0
2024-01-14 13:00:00,0,0,0
2024-01-14 14:00:00,0,0,0
2024-01-14 15:00:00,0,0,0
2024-01-14 16:00:00,0,0,0
2024-01-14 17:00:00,0,0,0
2024-01-14 18:00:00,0,0,0
2024-01-14 19:00:00,0,0,0
2024-01-14 20:00:00,0,0,0
2024-01-14 21:00:00,0,0,0
2024-01-14 22:00:00,0,0,0
2024-01-14 23:00:00,0,0,0
2024-01-15 00:00:00,0,0,0
2024-01-15 01:00:00,0,0,0
2024-01-15 02:00:00,0,0,0
2024-01-15 03:00:00,0,0,0
2024-01-15 04:00:00,0,0,0
2024-01-15 05:00:00,0,0,0
2024-01-15 06:00:00,0,0,0
2024-01-15 07:00:00,0,0,0
2024-01-15 08:00:00,0,0,0
2024-01-15 09:00:00,0,0,0
2024-01-15 10:00:00,0,0,0
2024-01-15 11:00:00,0,0,0
2024-01-15 12:00:00,0,0,0
2024-01-15 13:00:00,0,0,0
2024-01-15 14:00:00,0,0,0
2024-01-15 15:00:00,0,0,0
2024-01-15 16:00:00,0,0,0
2024-01-15 17:00:00,0,0,0
2024-01-15 18:00:00,0,0,0
2024-01-15 19:00:00,0,0,0
2024-01-15 20:00:00,0,0,0
2024-01-15 21:00:00,0,0,0
2024-01-15 22:00:00,0,0,0
2024-01-15 23:00:00,0,0,0
2024-01-16 00:00:00,0,0,0
2024-01-16 01:00:00,0,0,0
2024-01-16 02:00:00,0,0,0
2024-01-16 03:00:00,0,0,0
2024-01-16 04:00:00,0,0,0
2024-01-16 05:00:00,0,0,0
2024-01-16 06:00:00,0,0,0
2024-01-16 07:00:00,0,0,0
2024-01-16 08:00:00,0,0,0
2024-01-16 09:00:00,0,0,0
2024-01-16 10:00:00,0,0,0
2024-01-16 11:00:00,0,0,0
2024-01-16 12:00:00,0,0,0
2024-01-16 13:00:00,0,0,0
2024-01-16 14:00:00,0,0,0
2024-01-16 15:00:00,0,0,0
2024-01-16 16:00:00,0,0,0
2024-01-16 17:00:00,0,0,0
2024-01-16 18:00:00,0,0,0
2024-01-16 19:00:00,0,0,0
2024-01-16 20:00:00,0,0,0
2024-01-16 21:00:00,0,0,0
2024-01-16 22:00:00,0,0,0
2024-01-16 23:00:00,0,0,0
2024-01-17 00:00:00,0,0,0
2024-01-17 01:00:00,0,0,0
2024-01-17 02:00:00,0,0,0
2024-01-17 03:00:00,0,0,0
2024-01-17 04:00:00,0,0,0
2024-01-17 05:00:00,0,0,0
2024-01-17 06:00:00,0,0,0
2024-01-17 07:00:00,0,0,0
2024-01-17 08:00:00,0,0,0
2024-01-17 09:00:00,0,0,0
2024-01-17 10:00:00,0,0,0
2024-01-17 11:00:00,0,0,0
2024-01-17 12:00:00,0,0,0
2024-01-17 13:00:00,0,0,0
2024-01-17 14:00:00,0,0,0
2024-01-17 15:00:00,0,0,0
2024-01-17 16:00:00,0,0,0
2024-01-17 17:00:00,0,0,0
2024-01-17 18:00:00,0,0,0
2024-01-17 19:00:00,0,0,0
2024-01-17 20:00:00,0,0,0
2024-01-17 21:00:00,0,0,0
2024-01-17 22:00:00,0,0,0
2024-01-17 23:00:00,0,0,0
2024-01-18 00:00:00,0,0,0
2024-01-18 01:00:00,0,0,0
2024-01-18 02:00:00,0,0,0
2024-01-18 03:00:00,0,0,0
2024-01-18 04:00:00,0,0,0
2024-01-18 05:00:00,0,0,0
2024-01-18 06:00:00,0,0,0
2024-01-18 07:00:00,0,0,0
2024-01-18 08:00:00,0,0,0
2024-01-18 09:00:00,0,0,0
2024-01-18 10:00:00,0,0,0
2024-01-18 11:00:00,0,0,0
2024-01-18 12:00:00,0,0,0
2024-01-18 13:00:00,0,0,0
2024-01-18 14:00:00,0,0,0
2024-01-18 15:00:00,0,0,0
2024-01-18 16:00:00,0,0,0
2024-01-18 17:00:00,0,0,0
2024-01-18 18:00:00,0,0,0
2024-01-18 19:00:00,0,0,0
2024-01-18 20:00:00,0,0,0
2024-01-18 21:00:00,0,0,0
2024-01-18 22:00:00,0,0,0
2024-01-18 23:00:00,0,0,0
2024-01-19 00:00:00,0,0,0
2024-01-19 01:00:00,0,0,0
2024-01-19 02:00:00,0,0,0
2024-01-19 03:00:00,0,0,0
2024-01-19 04:00:00,0,0,0
2024-01-19 05:00:00,0,0,0
2024-01-19 06:00:00,0,0,0
2024-01-19 07:00:00,0,0,0
2024-01-19 08:00:00,0,0,0
2024-01-19 09:00:00,0,0,0
2024-01-19 10:00:00,0,0,0
2024-01-19 11:00:00,0,0,0
2024-01-19 12:00:00,0,0,0
2024-01-19 13:00:00,0,0,0
2024-01-19 14:00:00,0,0,0
2024-01-19 15:00:00,0,0,0
2024-01-19 16:00:00,0,0,0
2024-01-19 17:00:00,0,0,0
2024-01-19 18:00:00,0,0,0
2024-01-19 19:00:00,0,0,0
2024-01-19 20:00:00,0,0,0
2024-01-19 21:00:00,0,0,0
2024-01-19 22:00:00,0,0,0
2024-01-19 23:00:00,0,0,0
2024-01-20 00:00:00,0,0,0
2024-01-20 01:00:00,0,0,0
2024-01-20 02:00:00,0,0,0
2024-01-20 03:00:00,0,0,0
2024-01-20 04:00:00,0,0,0
2024-01-20 05:00:00,0,0,0
2024-01-20 06:00:00,0,0,0
2024-01-20 07:00:00,0,0,0
2024-01-20 08:00:00,0,0,0
2024-01-20 09:00:00,0,0,0
2024-01-20 10:00:00,0,0,0
2024-01-20 11:00:00,0,0,0
2024-01-20 12:00:00,0,0,0
2024-01-20 13:00:00,0,0,0
2024-01-20 14:00:00,0,0,0
2024-01-20 15:00:00,0,0,0
2024-01-20 16:00:00,0,0,0
2024-01-20 17:00:00,0,0,0
2024-01-20 18:00:00,0,0,0
2024-01-20 19:00:00,0,0,0
2024-01-20 20:00:00,0,0,0
2024-01-20 21:00:00,0,0,0
2024-01-20 22:00:00,0,0,0
2024-01-20 23:00:00,0,0,0
2024-01-21 00:00:00,0,0,0
2024-01-21 01:00:00,0,0,0
2024-01-21 02:00:00,0,0,0
2024-01-21 03:00:00,0,0,0
2024-01-21 04:00:00,0,0,0
2024-01-21 05:00:00,0,0,0
2024-01-21 06:00:00,0,0,0
2024-01-21 07:00:00,0,0,0
2024-01-21 08:00:00,0,0,0
2024-01-21 09:00:00,0,0,0
2024-01-21 10:00:00,0,0,0
2024-01-21 11:00:00,0,0,0
2024-01-21 12:00:00,0,0,0
2024-01-21 13:00:00,0,0,0
2024-01-21 14:00:00,0,0,0
2024-01-21 15:00:00,0,0,0
2024-01-21 16:00:00,0,0,0
2024-01-21 17:00:00,0,0,0
2024-01-21 18:00:00,0,0,0
2024-01-21 19:00:00,0,0,0
2024-01-21 20:00:00,0,0,0
2024-01-21 21:00:00,0,0,0
2024-01-21 22:00:00,0,0,0
2024-01-21 23:00:00,0,0,0
2024-01-22 00:00:00,0,0,0
2024-01-22 01:00:00,0,0,0
2024-01-22 02:00:00,0,0,0
2024-01-22 03:00:00,0,0,0
2024-01-22 04:00:00,0,0,0
2024-01-22 05:00:00,0,0,0
2024-01-22 06:00:00,0,0,0
2024-01-22 07:00:00,0,0,0
2024-01-22 08:00:00,0,0,0
2024-01-22 09:00:00,0,0,0
2024-01-22 10:00:00,0,0,0
2024-01-22 11:00:00,0,0,0
2024-01-22 12:00:00,0,0,0
2024-01-22 13:00:00,0,0,0
2024-01-22 14:00:00,0,0,0
2024-01-22 15:00:00,0,0,0
2024-01-22 16:00:00,0,0,0
2024-01-22 17:00:00,0,0,0
2024-01-22 18:00:00,0,0,0
2024-01-22 19:00:00,0,0,0
2024-01-22 20:00:00,0,0,0
2024-01-22 21:00:00,0,0,0
2024-01-22 22:00:00,0,0,0
2024-01-22 23:00:00,0,0,0
2024-01-23 00:00:00,0,0,0
2024-01-23 01:00:00,0,0,0
2024-01-23 02:00:00,0,0,0
2024-01-23 03:00:00,0,0,0
2024-01-23 04:00:00,0,0,0
2024-01-23 05:00:00,0,0,0
2024-01-23 06:00:00,0,0,0
2024-01-23 07:00:00,0,0,0
2024-01-23 08:00:00,0,0,0
2024-01-23 09:00:00,0,0,0
2024-01-23 10:00:00,0,0,0
2024-01-23 11:00:00,0,0,0
2024-01-23 12:00:00,0,0,0
2024-01-23 13:00:00,0,0,0
2024-01-23 14:00:00,0,0,0
2024-01-23 15:00:00,0,0,0
2024-01-23 16:00:00,0,0,0
2024-01-23 17:00:00,0,0,0
2024-01-23 18:00:00,0,0,0
2024-01-23 19:00:00,0,0,0
2024-01-23 20:00:00,0,0,0
2024-01-23 21:00:00,0,0,0
2024-01-23 22:00:00,0,0,0
2024-01-23 23:00:00,0,0,0
2024-01-24 00:00:00,0,0,0
2024-01-24 01:00:00,0,0,0
2024-01-24 02:00:00,0,0,0
2024-01-24 03:00:00,0,0,0
2024-01-24 04:00:00,0,0,0
2024-01-24 05:00:00,0,0,0
2024-01-24 06:00:00,0,0,0
2024-01-24 07:00:00,0,0,0
2024-01-24 08:00:00,0,0,0
2024-01-24 09:00:00,0,0,0
2024-01-24 10:00:00,0,0,0
2024-01-24 11:00:00,0,0,0
2024-01-24 12:00:00,0,0,0
2024-01-24 13:00:00,0,0,0
2024-01-24 14:00:00,0,0,0
2024-01-24 15:00:00,0,0,0
2024-01-24 16:00:00,0,0,0
2024-01-24 17:00:00,0,0,0
2024-01-24 18:00:00,0,0,0
2024-01-24 19:00:00,0,0,0
2024-01-24 20:00:00,0,0,0
2024-01-24 21:00:00,0,0,0
2024-01-24 22:00:00,0,0,0
2024-01-24 23:00:00,0,0,0
2024-01-25 00:00:00,0,0,0
2024-01-25 01:00:00,0,0,0
2024-01-25 02:00:00,0,0,0
2024-01-25 03:00:00,0,0,0
2024-01-25 04:00:00,0,0,0
2024-01-25 05:00:00,0,0,0
2024-01-25 06:00:00,0,0,0
2024-01-25 07:00:00,0,0,0
2024-01-25 08:00:00,0,0,0
2024-01-25 09:00:00,0,0,0
2024-01-25 10:00:00,0,0,0
2024-01-25 11:00:00,0,0,0
2024-01-25 12:00:00,0,0,0
2024-01-25 13:00:00,0,0,0
2024-01-25 14:00:00,0,0,0
2024-01-25 15:00:00,0,0,0
2024-01-25 16:00:00,0,0,0
2024-01-25 17:00:00,0,0,0
2024-01-25 18:00:00,0,0,0
2024-01-25 19:00:00,0,0,0
2024-01-25 20:00:00,0,0,0
2024-01-25 21:00:00,0,0,0
2024-01-25 22:00:00,0,0,0
2024-01-25 23:00:00,0,0,0
2024-01-26 00:00:00,0,0,0
2024-01-26 01:00:00,0,0,0
2024-01-26 02:00:00,0,0,0
2024-01-26 03:00:00,0,0,0
2024-01-26 04:00:00,0,0,0
2024-01-26 05:00:00,0,0,0
2024-01-26 06:00:00,0,0,0
2024-01-26 07:00:00,0,0,0
2024-01-26 08:00:00,0,0,0
2024-01-26 09:00:00,0,0,0
2024-01-26 10:00:00,0,0,0
2024-01-26 11:00:00,0,0,0
2024-01-26 12:00:00,0,0,0
2024-01-26 13:00:00,0,0,0
2024-01-26 14:00:00,0,0,0
2024-01-26 15:00:00,0,0,0
2024-01-26 16:00:00,0,0,0
2024-01-26 17:00:00,0,0,0
2024-01-26 18:00:00,0,0,0
2024-01-26 19:00:00,0,0,0
2024-01-26 20:00:00,0,0,0
2024-01-26 21:00:00,0,0,0
2024-01-26 22:00:00,0,0,0
2024-01-26 23:00:00,0,0,0
2024-01-27 00:00:00,0,0,0
2024-01-27 01:00:00,0,0,0
2024-01-27 02:00:00,0,0,0
2024-01-27 03:00:00,0,0,0
2024-01-27 04:00:00,0,0,0
2024-01-27 05:00:00,0,0,0
2024-01-27 06:00:00,0,0,0
2024-01-27 07:00:00,0,0,0
2024-01-27 08:00:00,0,0,0
2024-01-27 09:00:00,0,0,0
2024-01-27 10:00:00,0,0,0
2024-01-27 11:00:00,0,0,0
2024-01-27 12:00:00,0,0,0
2024-01-27 13:00:00,0,0,0
2024-01-27 14:00:00,0,0,0
2024-01-27 15:00:00,0,0,0
2024-01-27 16:00:00,0,0,0
2024-01-27 17:00:00,0,0,0
2024-01-27 18:00:00,0,0,0
2024-01-27 19:00:00,0,0,0
2024-01-27 20:00:00,0,0,0
2024-01-27 21:00:00,0,0,0
2024-01-27 22:00:00,0,0,0
2024-01-27 23:00:00,0,0,0
2024-01-28 00:00:00,0,0,0
2024-01-28 01:00:00,0,0,0
2024-01-28 02:00:00,0,0,0
2024-01-28 03:00:00,0,0,0
2024-01-28 04:00:00,0,0,0
2024-01-28 05:00:00,0,0,0
2024-01-28 06:00:00,0,0,0
2024-01-28 07:00:00,0,0,0
2024-01-28 08:00:00,0,0,0
2024-01-28 09:00:00,0,0,0
2024-01-28 10:00:00,0,0,0
2024-01-28 11:00:00,0,0,0
2024-01-28 12:00:00,0,0,0
2024-01-28 13:00:00,0,0,0
2024-01-28 14:00:00,0,0,0
2024-01-28 15:00:00,0,0,0
2024-01-28 16:00:00,0,0,0
2024-01-28 17:00:00,0,0,0
2024-01-28 18:00:00,0,0,0
2024-01-28 19:00:00,0,0,0
2024-01-28 20:00:00,0,0,0
2024-01-28 21:00:00,0,0,0
2024-01-28 22:00:00,0,0,0
2024-01-28 23:00:00,0,0,0
2024-01-29 00:00:00,0,0,0
2024-01-29 01:00:00,0,0,0
2024-01-29 02:00:00,0,0,0
2024-01-29 03:00:00,0,0,0
2024-01-29 04:00:00,0,0,0
2024-01-29 05:00:00,0,0,0
2024-01-29 06:00:00,0,0,0
2024-01-29 07:00:00,0,0,0
2024-01-29 08:00:00,0,0,0
2024-01-29 09:00:00,0,0,0
2024-01-29 10:00:00,0,0,0
2024-01-29 11:00:00,0,0,0
2024-01-29 12:00:00,0,0,0
2024-01-29 13:00:00,0,0,0
2024-01-29 14:00:00,0,0,0
2024-01-29 15:00:00,0,0,0
2024-01-29 16:00:00,0,0,0
2024-01-29 17:00:00,0,0,0
2024-01-29 18:00:00,0,0,0
2024-01-29 19:00:00,0,0,0
2024-01-29 20:00:00,0,0,0
2024-01-29 21:00:00,0,0,0
2024-01-29 22:00:00,0,0,0
2024-01-29 23:00:00,0,0,0
2024-01-30 00:00:00,0,0,0
2024-01-30 01:00:00,0,0,0
2024-01-30 02:00:00,0,0,0
2024-01-30 03:00:00,0,0,0
2024-01-30 04:00:00,0,0,0
2024-01-30 05:00:00,0,0,0
2024-01-30 06:00:00,0,0,0
2024-01-30 07:00:00,0,0,0
2024-01-30 08:00:00,0,0,0
2024-01-30 09:00:00,0,0,0
2024-01-30 10:00:00,0,0,0
2024-01-30 11:00:00,0,0,0
2024-01-30 12:00:00,0,0,0
2024-01-30 13:00:00,0,0,0
2024-01-30 14:00:00,0,0,0
2024-01-30 15:00:00,0,0,0
2024-01-30 16:00:00,0,0,0
2024-01-30 17:00:00,0,0,0
2024-01-30 18:00:00,0,0,0
2024-01-30 19:00:00,0,0,0
2024-01-30 20:00:00,0,0,0
2024-01-30 21:00:00,0,0,0
2024-01-30 22:00:00,0,0,0
2024-01-30 23:00:00,0,0,0
2024-01-31 00:00:00,0,0,0
2024-01-31 01:00:00,0,0,0
2024-01-31 02:00:00,0,0,0
2024-01-31 03:00:00,0,0,0
2024-01-31 04:00:00,0,0,0
2024-01-31 05:00:00,0,0,0
2024-01-31 06:00:00,0,0,0
2024-01-31 07:00:00,0,0,0
2024-01-31 08:00:00,0,0,0
2024-01-31 09:00:00,0,0,0
2024-01-31 10:00:00,0,0,0
2024-01-31 11:00:00,0,0,0
2024-01-31 12:00:00,0,0,0
2024-01-31 13:00:00,0,0,0
2024-01-31 14:00:00,0,0,0
2024-01-31 15:00:00,0,0,0
2024-01-31 16:00:00,0,0,0
2024-01-31 17:00:00,0,0,0
2024-01-31 18:00:00,0,0,0
2024-01-31 19:00:00,0,0,0
2024-01-31 20:00:00,0,0,0
2024-01-31 21:00:00,0,0,0
2024-01-31 22:00:00,0,0,0
2024-01-31 23:00:00,0,0,0
2024-02-01 00:00:00,0,0,0
2024-02-01 01:00:00,0,0,0
2024-02-01 02:00:00,0,0,0
2024-02-01 03:00:00,0,0,0
2024-02-01 04:00:00,0,0,0
2024-02-01 05:00:00,0,0,0
2024-02-01 06:00:00,0,0,0
2024-02-01 07:00:00,0,0,0
2024-02-01 08:00:00,0,0,0
2024-02-01 09:00:00,0,0,0
2024-02-01 10:00:00,0,0,0
2024-02-01 11:00:00,0,0,0
2024-02-01 12:00:00,0,0,0
2024-02-01 13:00:00,0,0,0
2024-02-01 14:00:00,0,0,0
2024-02-01 15:00:00,0,0,0
2024-02-01 16:00:00,0,0,0
2024-02-01 17:00:00,0,0,0
2024-02-01 18:00:00,0,0,0
2024-02-01 19:00:00,0,0,0
2024-02-01 20:00:00,0,0,0
2024-02-01 21:00:00,0,0,0
2024-02-01 22:00:00,0,0,0
2024-02-01 23:00:00,0,0,0
2024-02-02 00:00:00,0,0,0
2024-02-02 01:00:00,0,0,0
2024-02-02 02:00:00,0,0,0
2024-02-02 03:00:00,0,0,0
2024-02-02 04:00:00,0,0,0
2024-02-02 05:00:00,0,0,0
2024-02-02 06:00:00,0,0,0
2024-02-02 07:00:00,0,0,0
2024-02-02 08:00:00,0,0,0
2024-02-02 09:00:00,0,0,0
2024-02-02 10:00:00,0,0,0
2024-02-02 11:00:00,0,0,0
2024-02-02 12:00:00,0,0,0
2024-02-02 13:00:00,0,0,0
2024-02-02 14:00:00,0,0,0
2024-02-02 15:00:00,0,0,0
2024-02-02 16:00:00,0,0,0
2024-02-02 17:00:00,0,0,0
2024-02-02 18:00:00,0,0,0
2024-02-02 19:00:00,0,0,0
2024-02-02 20:00:00,0,0,0
2024-02-02 21:00:00,0,0,0
2024-02-02 22:00:00,0,0,0
2024-02-02 23:00:00,0,0,0
2024-02-03 00:00:00,0,0,0
2024-02-03 01:00:00,0,0,0
2024-02-03 02:00:00,0,0,0
2024-02-03 03:00:00,0,0,0
2024-02-03 04:00:00,0,0,0
2024-02-03 05:00:00,0,0,0
2024-02-03 06:00:00,0,0,0
2024-02-03 07:00:00,0,0,0
2024-02-03 08:00:00,0,0,0
2024-02-03 09:00:00,0,0,0
2024-02-03 10:00:00,0,0,0
2024-02-03 11:00:00,0,0,0
2024-02-03 12:00:00,0,0,0
2024-02-03 13:00:00,0,0,0
2024-02-03 14:00:00,0,0,0
2024-02-03 15:00:00,0,0,0
2024-02-03 16:00:00,0,0,0
2024-02-03 17:00:00,0,0,0
2024-02-03 18:00:00,0,0,0
2024-02-03 19:00:00,0,0,0
2024-02-03 20:00:00,0,0,0
2024-02-03 21:00:00,0,0,0
2024-02-03 22:00:00,0,0,0
2024-02-03 23:00:00,0,0,0
2024-02-04 00:00:00,0,0,0
2024-02-04 01:00:00,0,0,0
2024-02-04 02:00:00,0,0,0
2024-02-04 03:00:00,0,0,0
2024-02-04 04:00:00,0,0,0
2024-02-04 05:00:00,0,0,0
2024-02-04 06:00:00,0,0,0
2024-02-04 07:00:00,0,0,0
2024-02-04 08:00:00,0,0,0
2024-02-04 09:00:00,0,0,0
2024-02-04 10:00:00,0,0,0
2024-02-04 11:00:00,0,0,0
2024-02-04 12:00:00,0,0,0
2024-02-04 13:00:00,0,0,0
2024-02-04 14:00:00,0,0,0
2024-02-04 15:00:00,0,0,0
2024-02-04 16:00:00,0,0,0
2024-02-04 17:00:00,0,0,0
2024-02-04 18:00:00,0,0,0
2024-02-04 19:00:00,0,0,0
2024-02-04 20:00:00,0,0,0
2024-02-04 21:00:00,0,0,0
2024-02-04 22:00:00,0,0,0
2024-02-04 23:00:00,0,0,0
2024-02-05 00:00:00,0,0,0
2024-02-05 01:00:00,0,0,0
2024-02-05 02:00:00,0,0,0
2024-02-05 03:00:00,0,0,0
2024-02-05 04:00:00,0,0,0
2024-02-05 05:00:00,0,0,0
2024-02-05 06:00:00,0,0,0
2024-02-05 07:00:00,0,0,0
2024-02-05 08:00:00,0,0,0
2024-02-05 09:00:00,0,0,0
2024-02-05 10:00:00,0,0,0
2024-02-05 11:00:00,0,0,0
2024-02-05 12:00:00,0,0,0
2024-02-05 13:00:00,0,0,0
2024-02-05 14:00:00,0,0,0
2024-02-05 15:00:00,0,0,0
2024-02-05 16:00:00,0,0,0
2024-02-05 17:00:00,0,0,0
2024-02-05 18:00:00,0,0,0
2024-02-05 19:00:00,0,0,0
2024-02-05 20:00:00,0,0,0
2024-02-05 21:00:00,0,0,0
2024-02-05 22:00:00,0,0,0
2024-02-05 23:00:00,0,0,0
2024-02-06 00:00:00,0,0,0
2024-02-06 01:00:00,0,0,0
2024-02-06 02:00:00,0,0,0
2024-02-06 03:00:00,0,0,0
2024-02-06 04:00:00,0,0,0
2024-02-06 05:00:00,0,0,0
2024-02-06 06:00:00,0,0,0
2024-02-06 07:00:00,0,0,0
2024-02-06 08:00:00,0,0,0
2024-02-06 09:00:00,0,0,0
2024-02-06 10:00:00,0,0,0
2024-02-06 11:00:00,0,0,0
2024-02-06 12:00:00,0,0,0
2024-02-06 13:00:00,0,0,0
2024-02-06 14:00:00,0,0,0
2024-02-06 15:00:00,0,0,0
2024-02-06 16:00:00,0,0,0
2024-02-06 17:00:00,0,0,0
2024-02-06 18:00:00,0,0,0
2024-02-06 19:00:00,0,0,0
2024-02-06 20:00:00,0,0,0
2024-02-06 21:00:00,0,0,0
2024-02-06 22:00:00,0,0,0
2024-02-06 23:00:00,0,0,0
2024-02-07 00:00:00,0,0,0
2024-02-07 01:00:00,0,0,0
2024-02-07 02:00:00,0,0,0
2024-02-07 03:00:00,0,0,0
2024-02-07 04:00:00,0,0,0
2024-02-07 05:00:00,0,0,0
2024-02-07 06:00:00,0,0,0
2024-02-07 07:00:00,0,0,0
2024-02-07 08:00:00,0,0,0
2024-02-07 09:00:00,0,0,0
2024-02-07 10:00:00,0,0,0
2024-02-07 11:00:00,0,0,0
2024-02-07 12:00:00,0,0,0
2024-02-07 13:00:00,0,0,0
2024-02-07 14:00:00,0,0,0
2024-02-07 15:00:00,0,0,0
2024-02-07 16:00:00,0,0,0
2024-02-07 17:00:00,0,0,0
2024-02-07 18:00:00,0,0,0
2024-02-07 19:00:00,0,0,0
2024-02-07 20:00:00,0,0,0
2024-02-07 21:00:00,0,0,0
2024-02-07 22:00:00,0,0,0
2024-02-07 23:00:00,0,0,0
2024-02-08 00:00:00,0,0,0
2024-02-08 01:00:00,0,0,0
2024-02-08 02:00:00,0,0,0
2024-02-08 03:00:00,0,0,0
2024-02-08 04:00:00,0,0,0
2024-02-08 05:00:00,0,0,0
2024-02-08 06:00:00,0,0,0
2024-02-08 07:00:00,0,0,0
2024-02-08 08:00:00,0,0,0
2024-02-08 09:00:00,0,0,0
2024-02-08 10:00:00,0,0,0
2024-02-08 11:00:00,0,0,0
2024-02-08 12:00:00,0,0,0
2024-02-08 13:00:00,0,0,0
2024-02-08 14:00:00,0,0,0
2024-02-08 15:00:00,0,0,0
2024-02-08 16:00:00,0,0,0
2024-02-08 17:00:00,0,0,0
2024-02-08 18:00:00,0,0,0
2024-02-08 19:00:00,0,0,0
2024-02-08 20:00:00,0,0,0
2024-02-08 21:00:00,0,0,0
2024-02-08 22:00:00,0,0,0
2024-02-08 23:00:00,0,0,0
2024-02-09 00:00:00,0,0,0
2024-02-09 01:00:00,0,0,0
2024-02-09 02:00:00,0,0,0
2024-02-09 03:00:00,0,0,0
2024-02-09 04:00:00,0,0,0
2024-02-09 05:00:00,0,0,0
2024-02-09 06:00:00,0,0,0
2024-02-09 07:00:00,0,0,0
2024-02-09 08:00:00,0,0,0
2024-02-09 09:00:00,0,0,0
2024-02-09 10:00:00,0,0,0
2024-02-09 11:00:00,0,0,0
2024-02-09 12:00:00,0,0,0
2024-02-09 13:00:00,0,0,0
2024-02-09 14:00:00,0,0,0
2024-02-09 15:00:00,0,0,0
2024-02-09 16:00:00,0,0,0
2024-02-09 17:00:00,0,0,0
2024-02-09 18:00:00,0,0,0
2024-02-09 19:00:00,0,0,0
2024-02-09 20:00:00,0,0,0
2024-02-09 21:00:00,0,0,0
2024-02-09 22:00:00,0,0,0
2024-02-09 23:00:00,0,0,0
2024-02-10 00:00:00,0,0,0
2024-02-10 01:00:00,0,0,0
2024-02-10 02:00:00,0,0,0
2024-02-10 03:00:00,0,0,0
2024-02-10 04:00:00,0,0,0
2024-02-10 05:00:00,0,0,0
2024-02-10 06:00:00,0,0,0
2024-02-10 07:00:00,0,0,0
2024-02-10 08:00:00,0,0,0
2024-02-10 09:00:00,0,0,0
2024-02-10 10:00:00,0,0,0
2024-02-10 11:00:00,0,0,0
2024-02-10 12:00:00,0,0,0
2024-02-10 13:00:00,0,0,0
2024-02-10 14:00:00,0,0,0
2024-02-10 15:00:00,0,0,0
2024-02-10 16:00:00,0,0,0
2024-02-10 17:00:00,0,0,0
2024-02-10 18:00:00,0,0,0
2024-02-10 19:00:00,0,0,0
2024-02-10 20:00:00,0,0,0
2024-02-10 21:00:00,0,0,0
2024-02-10 22:00:00,0,0,0
2024-02-10 23:00:00,0,0,0
2024-02-11 00:00:00,0,0,0
2024-02-11 01:00:00,0,0,0
2024-02-11 02:00:00,0,0,0
2024-02-11 03:00:00,0,0,0
2024-02-11 04:00:00,0,0,0
2024-02-11 05:00:00,0,0,0
2024-02-11 06:00:00,0,0,0
2024-02-11 07:00:00,0,0,0
2024-02-11 08:00:00,0,0,0
2024-02-11 09:00:00,0,0,0
2024-02-11 10:00:00,0,0,0
2024-02-11 11:00:00,0,0,0
2024-02-11 12:00:00,0,0,0
2024-02-11 13:00:00,0,0,0
2024-02-11 14:00:00,0,0,0
2024-02-11 15:00:00,0,0,0
2024-02-11 16:00:00,0,0,0
2024-02-11 17:00:00,0,0,0
2024-02-11 18:00:00,0,0,0
2024-02-11 19:00:00,0,0,0
2024-02-11 20:00:00,0,0,0
2024-02-11 21:00:00,0,0,0
2024-02-11 22:00:00,0,0,0
2024-02-11 23:00:00,0,0,0
2024-02-12 00:00:00,0,0,0
2024-02-12 01:00:00,0,0,0
2024-02-12 02:00:00,0,0,0
2024-02-12 03:00:00,0,0,0
2024-02-12 04:00:00,0,0,0
2024-02-12 05:00:00,0,0,0
2024-02-12 06:00:00,0,0,0
2024-02-12 07:00:00,0,0,0
2024-02-12 08:00:00,0,0,0
2024-02-12 09:00:00,0,0,0
2024-02-12 10:00:00,0,0,0
2024-02-12 11:00:00,0,0,0
2024-02-12 12:00:00,0,0,0
2024-02-12 13:00:00,0,0,0
2024-02-12 14:00:00,0,0,0
2024-02-12 15:00:00,0,0,0
2024-02-12 16:00:00,0,0,0
2024-02-12 17:00:00,0,0,0
2024-02-12 18:00:00,0,0,0
2024-02-12 19:00:00,0,0,0
2024-02-12 20:00:00,0,0,0
2024-02-12 21:00:00,0,0,0
2024-02-12 22:00:00,0,0,0
2024-02-12 23:00:00,0,0,0
2024-02-13 00:00:00,0,0,0
2024-02-13 01:00:00,0,0,0
2024-02-13 02:00:00,0,0,0
2024-02-13 03:00:00,0,0,0
2024-02-13 04:00:00,0,0,0
2024-02-13 05:00:00,0,0,0
2024-02-13 06:00:00,0,0,0
2024-02-13 07:00:00,0,0,0
2024-02-13 08:00:00,0,0,0
2024-02-13 09:00:00,0,0,0
2024-02-13 10:00:00,0,0,0
2024-02-13 11:00:00,0,0,0
2024-02-13 12:00:00,0,0,0
2024-02-13 13:00:00,0,0,0
2024-02-13 14:00:00,0,0,0
2024-02-13 15:00:00,0,0,0
2024-02-13 16:00:00,0,0,0
2024-02-13 17:00:00,0,0,0
2024-02-13 18:00:00,0,0,0
2024-02-13 19:00:00,0,0,0
2024-02-13 20:00:00,0,0,0
2024-02-13 21:00:00,0,0,0
2024-02-13 22:00:00,0,0,0
2024-02-13 23:00:00,0,0,0
2024-02-14 00:00:00,0,0,0
2024-02-14 01:00:00,0,0,0
2024-02-14 02:00:00,0,0,0
2024-02-14 03:00:00,0,0,0
2024-02-14 04:00:00,0,0,0
2024-02-14 05:00:00,0,0,0
2024-02-14 06:00:00,0,0,0
2024-02-14 07:00:00,0,0,0
2024-02-14 08:00:00,0,0,0
2024-02-14 09:00:00,0,0,0
2024-02-14 10:00:00,0,0,0
2024-02-14 11:00:00,0,0,0
2024-02-14 12:00:00,0,0,0
2024-02-14 13:00:00,0,0,0
2024-02-14 14:00:00,0,0,0
2024-02-14 15:00:00,0,0,0
2024-02-14 16:00:00,0,0,0
2024-02-14 17:00:00,0,0,0
2024-02-14 18:00:00,0,0,0
2024-02-14 19:00:00,0,0,0
2024-02-14 20:00:00,0,0,0
2024-02-14 21:00:00,0,0,0
2024-02-14 22:00:00,0,0,0
2024-02-14 23:00:00,0,0,0
2024-02-15 00:00:00,0,0,0
2024-02-15 01:00:00,0,0,0
2024-02-15 02:00:00,0,0,0
2024-02-15 03:00:00,0,0,0
2024-02-15 04:00:00,0,0,0
2024-02-15 05:00:00,0,0,0
2024-02-15 06:00:00,0,0,0
2024-02-15 07:00:00,0,0,0
2024-02-15 08:00:00,0,0,0
2024-02-15 09:00:00,0,0,0
2024-02-15 10:00:00,0,0,0
2024-02-15 11:00:00,0,0,0
2024-02-15 12:00:00,0,0,0
2024-02-15 13:00:00,0,0,0
2024-02-15 14:00:00,0,0,0
2024-02-15 15:00:00,0,0,0
2024-02-15 16:00:00,0,0,0
2024-02-15 17:00:00,0,0,0
2024-02-15 18:00:00,0,0,0
2024-02-15 19:00:00,0,0,0
2024-02-15 20:00:00,0,0,0
2024-02-15 21:00:00,0,0,0
2024-02-15 22:00:00,0,0,0
2024-02-15 23:00:00,0,0,0
2024-02-16 00:00:00,0,0,0
2024-02-16 01:00:00,0,0,0
2024-02-16 02:00:00,0,0,0
2024-02-16 03:00:00,0,0,0
2024-02-16 04:00:00,0,0,0
2024-02-16 05:00:00,0,0,0
2024-02-16 06:00:00,0,0,0
2024-02-16 07:00:00,0,0,0
2024-02-16 08:00:00,0,0,0
2024-02-16 09:00:00,0,0,0
2024-02-16 10:00:00,0,0,0
2024-02-16 11:00:00,0,0,0
2024-02-16 12:00:00,0,0,0
2024-02-16 13:00:00,0,0,0
2024-02-16 14:00:00,0,0,0
2024-02-16 15:00:00,0,0,0
2024-02-16 16:00:00,0,0,0
2024-02-16 17:00:00,0,0,0
2024-02-16 18:00:00,0,0,0
2024-02-16 19:00:00,0,0,0
2024-02-16 20:00:00,0,0,0
2024-02-16 21:00:00,0,0,0
2024-02-16 22:00:00,0,0,0
2024-02-16 23:00:00,0,0,0
2024-02-17 00:00:00,0,0,0
2024-02-17 01:00:00,0,0,0
2024-02-17 02:00:00,0,0,0
2024-02-17 03:00:00,0,0,0
2024-02-17 04:00:00,0,0,0
2024-02-17 05:00:00,0,0,0
2024-02-17 06:00:00,0,0,0
2024-02-17 07:00:00,0,0,0
2024-02-17 08:00:00,0,0,0
2024-02-17 09:00:00,0,0,0
2024-02-17 10:00:00,0,0,0
2024-02-17 11:00:00,0,0,0
2024-02-17 12:00:00,0,0,0
2024-02-17 13:00:00,0,0,0
2024-02-17 14:00:00,0,0,0
2024-02-17 15:00:00,0,0,0
2024-02-17 16:00:00,0,0,0
2024-02-17 17:00:00,0,0,0
2024-02-17 18:00:00,0,0,0
2024-02-17 19:00:00,0,0,0
2024-02-17 20:00:00,0,0,0
2024-02-17 21:00:00,0,0,0
2024-02-17 22:00:00,0,0,0
2024-02-17 23:00:00,0,0,0
2024-02-18 00:00:00,0,0,0
2024-02-18 01:00:00,0,0,0
2024-02-18 02:00:00,0,0,0
2024-02-18 03:00:00,0,0,0
2024-02-18 04:00:00,0,0,0
2024-02-18 05:00:00,0,0,0
2024-02-18 06:00:00,0,0,0
2024-02-18 07:00:00,0,0,0
2024-02-18 08:00:00,0,0,0
2024-02-18 09:00:00,0,0,0
2024-02-18 10:00:00,0,0,0
2024-02-18 11:00:00,0,0,0
2024-02-18 12:00:00,0,0,0
2024-02-18 13:00:00,0,0,0
2024-02-18 14:00:00,0,0,0
2024-02-18 15:00:00,0,0,0
2024-02-18 16:00:00,0,0,0
2024-02-18 17:00:00,0,0,0
2024-02-18 18:00:00,0,0,0
2024-02-18 19:00:00,0,0,0
2024-02-18 20:00:00,0,0,0
2024-02-18 21:00:00,0,0,0
2024-02-18 22:00:00,0,0,0
2024-02-18 23:00:00,0,0,0
2024-02-19 00:00:00,0,0,0
2024-02-19 01:00:00,0,0,0
2024-02-19 02:00:00,0,0,0
2024-02-19 03:00:00,0,0,0
2024-02-19 04:00:00,0,0,0
2024-02-19 05:00:00,0,0,0
2024-02-19 06:00:00,0,0,0
2024-02-19 07:00:00,0,0,0
2024-02-19 08:00:00,0,0,0
2024-02-19 09:00:00,0,0,0
2024-02-19 10:00:00,0,0,0
2024-02-19 11:00:00,0,0,0
2024-02-19 12:00:00,0,0,0
2024-02-19 13:00:00,0,0,0
2024-02-19 14:00:00,0,0,0
2024-02-19 15:00:00,0,0,0
2024-02-19 16:00:00,0,0,0
2024-02-19 17:00:00,0,0,0
2024-02-19 18:00:00,0,0,0
2024-02-19 19:00:00,0,0,0
2024-02-19 20:00:00,0,0,0
2024-02-19 21:00:00,0,0,0
2024-02-19 22:00:00,0,0,0
2024-02-19 23:00:00,0,0,0
2024-02-20 00:00:00,0,0,0
2024-02-20 01:00:00,0,0,0
2024-02-20 02:00:00,0,0,0
2024-02-20 03:00:00,0,0,0
2024-02-20 04:00:00,0,0,0
2024-02-20 05:00:00,0,0,0
2024-02-20 06:00:00,0,0,0
2024-02-20 07:00:00,0,0,0
2024-02-20 08:00:00,0,0,0
2024-02-20 09:00:00,0,0,0
2024-02-20 10:00:00,0,0,0
2024-02-20 11:00:00,0,0,0
2024-02-20 12:00:00,0,0,0
2024-02-20 13:00:00,0,0,0
2024-02-20 14:00:00,0,0,0
2024-02-20 15:00:00,0,0,0
2024-02-20 16:00:00,0,0,0
2024-02-20 17:00:00,0,0,0
2024-02-20 18:00:00,0,0,0
2024-02-20 19:00:00,0,0,0
2024-02-20 20:00:00,0,0,0
2024-02-20 21:00:00,0,0,0
2024-02-20 22:00:00,0,0,0
2024-02-20 23:00:00,0,0,0
2024-02-21 00:00:00,0,0,0
2024-02-21 01:00:00,0,0,0
2024-02-21 02:00:00,0,0,0
2024-02-21 03:00:00,0,0,0
2024-02-21 04:00:00,0,0,0
2024-02-21 05:00:00,0,0,0
2024-02-21 06:00:00,0,0,0
2024-02-21 07:00:00,0,0,0
2024-02-21 08:00:00,0,0,0
2024-02-21 09:00:00,0,0,0
2024-02-21 10:00:00,0,0,0
2024-02-21 11:00:00,0,0,0
2024-02-21 12:00:00,0,0,0
2024-02-21 13:00:00,0,0,0
2024-02-21 14:00:00,0,0,0
2024-02-21 15:00:00,0,0,0
2024-02-21 16:00:00,0,0,0
2024-02-21 17:00:00,0,0,0
2024-02-21 18:00:00,0,0,0
2024-02-21 19:00:00,0,0,0
2024-02-21 20:00:00,0,0,0
2024-02-21 21:00:00,0,0,0
2024-02-21 22:00:00,0,0,0
2024-02-21 23:00:00,0,0,0
2024-02-22 00:00:00,0,0,0
2024-02-22 01:00:00,0,0,0
2024-02-22 02:00:00,0,0,0
2024-02-22 03:00:00,0,0,0
2024-02-22 04:00:00,0,0,0
2024-02-22 05:00:00,0,0,0
2024-02-22 06:00:00,0,0,0
2024-02-22 07:00:00,0,0,0
2024-02-22 08:00:00,0,0,0
2024-02-22 09:00:00,0,0,0
2024-02-22 10:00:00,0,0,0
2024-02-22 11:00:00,0,0,0
2024-02-22 12:00:00,0,0,0
2024-02-22 13:00:00,0,0,0
2024-02-22 14:00:00,0,0,0
2024-02-22 15:00:00,0,0,0
2024-02-22 16:00:00,0,0,0
2024-02-22 17:00:00,0,0,0
2024-02-22 18:00:00,0,0,0
2024-02-22 19:00:00,0,0,0
2024-02-22 20:00:00,0,0,0
2024-02-22 21:00:00,0,0,0
2024-02-22 22:00:00,0,0,0
2024-02-22 23:00:00,0,0,0
2024-02-23 00:00:00,0,0,0
2024-02-23 01:00:00,0,0,0
2024-02-23 02:00:00,0,0,0
2024-02-23 03:00:00,0,0,0
2024-02-23 04:00:00,0,0,0
2024-02-23 05:00:00,0,0,0
2024-02-23 06:00:00,0,0,0
2024-02-23 07:00:00,0,0,0
2024-02-23 08:00:00,0,0,0
2024-02-23 09:00:00,0,0,0
2024-02-23 10:00:00,0,0,0
2024-02-23 11:00:00,0,0,0
2024-02-23 12:00:00,0,0,0
2024-02-23 13:00:00,0,0,0
2024-02-23 14:00:00,0,0,0
2024-02-23 15:00:00,0,0,0
2024-02-23 16:00:00,0,0,0
2024-02-23 17:00:00,0,0,0
2024-02-23 18:00:00,0,0,0
2024-02-23 19:00:00,0,0,0
2024-02-23 20:00:00,0,0,0
2024-02-23 21:00:00,0,0,0
2024-02-23 22:00:00,0,0,0
2024-02-23 23:00:00,0,0,0
2024-02-24 00:00:00,0,0,0
2024-02-24 01:00:00,0,0,0
2024-02-24 02:00:00,0,0,0
2024-02-24 03:00:00,0,0,0
2024-02-24 04:00:00,0,0,0
2024-02-24 05:00:00,0,0,0
2024-02-24 06:00:00,0,0,0
2024-02-24 07:00:00,0,0,0
2024-02-24 08:00:00,0,0,0
2024-02-24 09:00:00,0,0,0
2024-02-24 10:00:00,0,0,0
2024-02-24 11:00:00,0,0,0
2024-02-24 12:00:00,0,0,0
2024-02-24 13:00:00,0,0,0
2024-02-24 14:00:00,0,0,0
2024-02-24 15:00:00,0,0,0
2024-02-24 16:00:00,0,0,0
2024-02-24 17:00:00,0,0,0
2024-02-24 18:00:00,0,0,0
2024-02-24 19:00:00,0,0,0
2024-02-24 20:00:00,0,0,0
2024-02-24 21:00:00,0,0,0
2024-02-24 22:00:00,0,0,0
2024-02-24 23:00:00,0,0,0
2024-02-25 00:00:00,0,0,0
2024-02-25 01:00:00,0,0,0
2024-02-25 02:00:00,0,0,0
2024-02-25 03:00:00,0,0,0
2024-02-25 04:00:00,0,0,0
2024-02-25 05:00:00,0,0,0
2024-02-25 06:00:00,0,0,0
2024-02-25 07:00:00,0,0,0
2024-02-25 08:00:00,0,0,0
2024-02-25 09:00:00,0,0,0
2024-02-25 10:00:00,0,0,0
2024-02-25 11:00:00,0,0,0
2024-02-25 12:00:00,0,0,0
2024-02-25 13:00:00,0,0,0
2024-02-25 14:00:00,0,0,0
2024-02-25 15:00:00,0,0,0
2024-02-25 16:00:00,0,0,0
2024-02-25 17:00:00,0,0,0
2024-02-25 18:00:00,0,0,0
2024-02-25 19:00:00,0,0,0
2024-02-25 20:00:00,0,0,0
2024-02-25 21:00:00,0,0,0
2024-02-25 22:00:00,0,0,0
2024-02-25 23:00:00,0,0,0
2024-02-26 00:00:00,0,0,0
2024-02-26 01:00:00,0,0,0
2024-02-26 02:00:00,0,0,0
2024-02-26 03:00:00,0,0,0
2024-02-26 04:00:00,0,0,0
2024-02-26 05:00:00,0,0,0
2024-02-26 06:00:00,0,0,0
2024-02-26 07:00:00,0,0,0
2024-02-26 08:00:00,0,0,0
2024-02-26 09:00:00,0,0,0
2024-02-26 10:00:00,0,0,0
2024-02-26 11:00:00,0,0,0
2024-02-26 12:00:00,0,0,0
2024-02-26 13:00:00,0,0,0
2024-02-26 14:00:00,0,0,0
2024-02-26 15:00:00,0,0,0
2024-02-26 16:00:00,0,0,0
2024-02-26 17:00:00,0,0,0
2024-02-26 18:00:00,0,0,0
2024-02-26 19:00:00,0,0,0
2024-02-26 20:00:00,0,0,0
2024-02-26 21:00:00,0,0,0
2024-02-26 22:00:00,0,0,0
2024-02-26 23:00:00,0,0,0
2024-02-27 00:00:00,0,0,0
2024-02-27 01:00:00,0,0,0
2024-02-27 02:00:00,0,0,0
2024-02-27 03:00:00,0,0,0
2024-02-27 04:00:00,0,0,0
2024-02-27 05:00:00,0,0,0
2024-02-27 06:00:00,0,0,0
2024-02-27 07:00:00,0,0,0
2024-02-27 08:00:00,0,0,0
2024-02-27 09:00:00,0,0,0
2024-02-27 10:00:00,0,0,0
2024-02-27 11:00:00,0,0,0
2024-02-27 12:00:00,0,0,0
2024-02-27 13:00:00,0,0,0
2024-02-27 14:00:00,0,0,0
2024-02-27 15:00:00,0,0,0
2024-02-27 16:00:00,0,0,0
2024-02-27 17:00:00,0,0,0
2024-02-27 18:00:00,0,0,0
2024-02-27 19:00:00,0,0,0
2024-02-27 20:00:00,0,0,0
2024-02-27 21:00:00,0,0,0
2024-02-27 22:00:00,0,0,0
2024-02-27 23:00:00,0,0,0
2024-02-28 00:00:00,0,0,0
2024-02-28 01:00:00,0,0,0
2024-02-28 02:00:00,0,0,0
2024-02-28 03:00:00,0,0,0
2024-02-28 04:00:00,0,0,0
2024-02-28 05:00:00,0,0,0
2024-02-28 06:00:00,0,0,0
2024-02-28 07:00:00,0,0,0
2024-02-28 08:00:00,0,0,0
2024-02-28 09:00:00,0,0,0
2024-02-28 10:00:00,0,0,0
2024-02-28 11:00:00,0,0,0
2024-02-28 12:00:00,0,0,0
2024-02-28 13:00:00,0,0,0
2024-02-28 14:00:00,0,0,0
2024-02-28 15:00:00,0,0,0
2024-02-28 16:00:00,0,0,0
2024-02-28 17:00:00,0,0,0
2024-02-28 18:00:00,0,0,0
2024-02-28 19:00:00,0,0,0
2024-02-28 20:00:00,0,0,0
2024-02-28 21:00:00,0,0,0
2024-02-28 22:00:00,0,0,0
2024-02-28 23:00:00,0,0,0
2024-02-29 00:00:00,0,0,0
2024-02-29 01:00:00,0,0,0
2024-02-29 02:00:00,0,0,0
2024-02-29 03:00:00,0,0,0
2024-02-29 04:00:00,0,0,0
2024-02-29 05:00:00,0,0,0
2024-02-29 06:00:00,0,0,0
2024-02-29 07:00:00,0,0,0
2024-02-29 08:00:00,0,0,0
2024-02-29 09:00:00,0,0,0
2024-02-29 10:00:00,0,0,0
2024-02-29 11:00:00,0,0,0
2024-02-29 12:00:00,0,0,0
2024-02-29 13:00:00,0,0,0
2024-02-29 14:00:00,0,0,0
2024-02-29 15:00:00,0,0,0
2024-02-29 16:00:00,0,0,0
2024-02-29 17:00:00,0,0,0
2024-02-29 18:00:00,0,0,0
2024-02-29 19:00:00,0,0,0
2024-02-29 20:00:00,0,0,0
2024-02-29 21:00:00,0,0,0
2024-02-29 22:00:00,0,0,0
2024-02-29 23:00:00,0,0,0
2024-03-01 00:00:00,0,0,0
2024-03-01 01:00:00,0,0,0
2024-03-01 02:00:00,0,0,0
2024-03-01 03:00:00,0,0,0
2024-03-01 04:00:00,0,0,0
2024-03-01 05:00:00,0,0,0
2024-03-01 06:00:00,0,0,0
2024-03-01 07:00:00,0,0,0
2024-03-01 08:00:00,0,0,0
2024-03-01 09:00:00,0,0,0
2024-03-01 10:00:00,0,0,0
2024-03-01 11:00:00,0,0,0
2024-03-01 12:00:00,0,0,0
2024-03-01 13:00:00,0,0,0
2024-03-01 14:00:00,0,0,0
2024-03-01 15:00:00,0,0,0
2024-03-01 16:00:00,0,0,0
2024-03-01 17:00:00,0,0,0
2024-03-01 18:00:00,0,0,0
2024-03-01 19:00:00,0,0,0
2024-03-01 20:00:00,0,0,0
2024-03-01 21:00:00,0,0,0
2024-03-01 22:00:00,0,0,0
2024-03-01 23:00:00,0,0,0
2024-03-02 00:00:00,0,0,0
2024-03-02 01:00:00,0,0,0
2024-03-02 02:00:00,0,0,0
2024-03-02 03:00:00,0,0,0
2024-03-02 04:00:00,0,0,0
2024-03-02 05:00:00,0,0,0
2024-03-02 06:00:00,0,0,0
2024-03-02 07:00:00,0,0,0
2024-03-02 08:00:00,0,0,0
2024-03-02 09:00:00,0,0,0
2024-03-02 10:00:00,0,0,0
2024-03-02 11:00:00,0,0,0
2024-03-02 12:00:00,0,0,0
2024-03-02 13:00:00,0,0,0
2024-03-02 14:00:00,0,0,0
2024-03-02 15:00:00,0,0,0
2024-03-02 16:00:00,0,0,0
2024-03-02 17:00:00,0,0,0
2024-03-02 18:00:00,0,0,0
2024-03-02 19:00:00,0,0,0
2024-03-02 20:00:00,0,0,0
2024-03-02 21:00:00,0,0,0
2024-03-02 22:00:00,0,0,0
2024-03-02 23:00:00,0,0,0
2024-03-03 00:00:00,0,0,0
2024-03-03 01:00:00,0,0,0
2024-03-03 02:00:00,0,0,0
2024-03-03 03:00:00,0,0,0
2024-03-03 04:00:00,0,0,0
2024-03-03 05:00:00,0,0,0
2024-03-03 06:00:00,0,0,0
2024-03-03 07:00:00,0,0,0
2024-03-03 08:00:00,0,0,0
2024-03-03 09:00:00,0,0,0
2024-03-03 10:00:00,0,0,0
2024-03-03 11:00:00,0,0,0
2024-03-03 12:00:00,0,0,0
2024-03-03 13:00:00,0,0,0
2024-03-03 14:00:00,0,0,0
2024-03-03 15:00:00,0,0,0
2024-03-03 16:00:00,0,0,0
2024-03-03 17:00:00,0,0,0
2024-03-03 18:00:00,0,0,0
2024-03-03 19:00:00,0,0,0
2024-03-03 20:00:00,0,0,0
2024-03-03 21:00:00,0,0,0
2024-03-03 22:00:00,0,0,0
2024-03-03 23:00:00,0,0,0
2024-03-04 00:00:00,0,0,0
2024-03-04 01:00:00,0,0,0
2024-03-04 02:00:00,0,0,0
2024-03-04 03:00:00,0,0,0
2024-03-04 04:00:00,0,0,0
2024-03-04 05:00:00,0,0,0
2024-03-04 06:00:00,0,0,0
2024-03-04 07:00:00,0,0,0
2024-03-04 08:00:00,0,0,0
2024-03-04 09:00:00,0,0,0
2024-03-04 10:00:00,0,0,0
2024-03-04 11:00:00,0,0,0
2024-03-04 12:00:00,0,0,0
2024-03-04 13:00:00,0,0,0
2024-03-04 14:00:00,0,0,0
2024-03-04 15:00:00,0,0,0
2024-03-04 16:00:00,0,0,0
2024-03-04 17:00:00,0,0,0
2024-03-04 18:00:00,0,0,0
2024-03-04 19:00:00,0,0,0
2024-03-04 20:00:00,0,0,0
2024-03-04 21:00:00,0,0,0
2024-03-04 22:00:00,0,0,0
2024-03-04 23:00:00,0,0,0
2024-03-05 00:00:00,0,0,0
2024-03-05 01:00:00,0,0,0
2024-03-05 02:00:00,0,0,0
2024-03-05 03:00:00,0,0,0
2024-03-05 04:00:00,0,0,0
2024-03-05 05:00:00,0,0,0
2024-03-05 06:00:00,0,0,0
2024-03-05 07:00:00,0,0,0
2024-03-05 08:00:00,0,0,0
2024-03-05 09:00:00,0,0,0
2024-03-05 10:00:00,0,0,0
2024-03-05 11:00:00,0,0,0
2024-03-05 12:00:00,0,0,0
2024-03-05 13:00:00,0,0,0
2024-03-05 14:00:00,0,0,0
2024-03-05 15:00:00,0,0,0
2024-03-05 16:00:00,0,0,0
2024-03-05 17:00:00,0,0,0
2024-03-05 18:00:00,0,0,0
2024-03-05 19:00:00,0,0,0
2024-03-05 20:00:00,0,0,0
2024-03-05 21:00:00,0,0,0
2024-03-05 22:00:00,0,0,0
2024-03-05 23:00:00,0,0,0
2024-03-06 00:00:00,0,0,0
2024-03-06 01:00:00,0,0,0
2024-03-06 02:00:00,0,0,0
2024-03-06 03:00:00,0,0,0
2024-03-06 04:00:00,0,0,0
2024-03-06 05:00:00,0,0,0
2024-03-06 06:00:00,0,0,0
2024-03-06 07:00:00,0,0,0
2024-03-06 08:00:00,0,0,0
2024-03-06 09:00:00,0,0,0
2024-03-06 10:00:00,0,0,0
2024-03-06 11:00:00,0,0,0
2024-03-06 12:00:00,0,0,0
2024-03-06 13:00:00,0,0,0
2024-03-06 14:00:00,0,0,0
2024-03-06 15:00:00,0,0,0
2024-03-06 16:00:00,0,0,0
2024-03-06 17:00:00,0,0,0
2024-03-06 18:00:00,0,0,0
2024-03-06 19:00:00,0,0,0
2024-03-06 20:00:00,0,0,0
2024-03-06 21:00:00,0,0,0
2024-03-06 22:00:00,0,0,0
2024-03-06 23:00:00,0,0,0
2024-03-07 00:00:00,0,0,0
2024-03-07 01:00:00,0,0,0
2024-03-07 02:00:00,0,0,0
2024-03-07 03:00:00,0,0,0
2024-03-07 04:00:00,0,0,0
2024-03-07 05:00:00,0,0,0
2024-03-07 06:00:00,0,0,0
2024-03-07 07:00:00,0,0,0
2024-03-07 08:00:00,0,0,0
2024-03-07 09:00:00,0,0,0
2024-03-07 10:00:00,0,0,0
2024-03-07 11:00:00,0,0,0
2024-03-07 12:00:00,0,0,0
2024-03-07 13:00:00,0,0,0
2024-03-07 14:00:00,0,0,0
2024-03-07 15:00:00,0,0,0
2024-03-07 16:00:00,0,0,0
2024-03-07 17:00:00,0,0,0
2024-03-07 18:00:00,0,0,0
2024-03-07 19:00:00,0,0,0
2024-03-07 20:00:00,0,0,0
2024-03-07 21:00:00,0,0,0
2024-03-07 22:00:00,0,0,0
2024-03-07 23:00:00,0,0,0
2024-03-08 00:00:00,0,0,0
2024-03-08 01:00:00,0,0,0
2024-03-08 02:00:00,0,0,0
2024-03-08 03:00:00,0,0,0
2024-03-08 04:00:00,0,0,0
2024-03-08 05:00:00,0,0,0
2024-03-08 06:00:00,0,0,0
2024-03-08 07:00:00,0,0,0
2024-03-08 08:00:00,0,0,0
2024-03-08 09:00:00,0,0,0
2024-03-08 10:00:00,0,0,0
2024-03-08 11:00:00,0,0,0
2024-03-08 12:00:00,0,0,0
2024-03-08 13:00:00,0,0,0
2024-03-08 14:00:00,0,0,0
2024-03-08 15:00:00,0,0,0
2024-03-08 16:00:00,0,0,0
2024-03-08 17:00:00,0,0,0
2024-03-08 18:00:00,0,0,0
2024-03-08 19:00:00,0,0,0
2024-03-08 20:00:00,0,0,0
2024-03-08 21:00:00,0,0,0
2024-03-08 22:00:00,0,0,0
2024-03-08 23:00:00,0,0,0
2024-03-09 00:00:00,0,0,0
2024-03-09 01:00:00,0,0,0
2024-03-09 02:00:00,0,0,0
2024-03-09 03:00:00,0,0,0
2024-03-09 04:00:00,0,0,0
2024-03-09 05:00:00,0,0,0
2024-03-09 06:00:00,0,0,0
2024-03-09 07:00:00,0,0,0
2024-03-09 08:00:00,0,0,0
2024-03-09 09:00:00,0,0,0
2024-03-09 10:00:00,0,0,0
2024-03-09 11:00:00,0,0,0
2024-03-09 12:00:00,0,0,0
2024-03-09 13:00:00,0,0,0
2024-03-09 14:00:00,0,0,0
2024-03-09 15:00:00,0,0,0
2024-03-09 16:00:00,0,0,0
2024-03-09 17:00:00,0,0,0
2024-03-09 18:00:00,0,0,0
2024-03-09 19:00:00,0,0,0
2024-03-09 20:00:00,0,0,0
2024-03-09 21:00:00,0,0,0
2024-03-09 22:00:00,0,0,0
2024-03-09 23:00:00,0,0,0
2024-03-10 00:00:00,0,0,0
2024-03-10 01:00:00,0,0,0
2024-03-10 02:00:00,0,0,0
2024-03-10 03:00:00,0,0,0
2024-03-10 04:00:00,0,0,0
2024-03-10 05:00:00,0,0,0
2024-03-10 06:00:00,0,0,0
2024-03-10 07:00:00,0,0,0
2024-03-10 08:00:00,0,0,0
2024-03-10 09:00:00,0,0,0
2024-03-10 10:00:00,0,0,0
2024-03-10 11:00:00,0,0,0
2024-03-10 12:00:00,0,0,0
2024-03-10 13:00:00,0,0,0
2024-03-10 14:00:00,0,0,0
2024-03-10 15:00:00,0,0,0
2024-03-10 16:00:00,0,0,0
2024-03-10 17:00:00,0,0,0
2024-03-10 18:00:00,0,0,0
2024-03-10 19:00:00,0,0,0
2024-03-10 20:00:00,0,0,0
2024-03-10 21:00:00,0,0,0
2024-03-10 22:00:00,0,0,0
2024-03-10 23:00:00,0,0,0
2024-03-11 00:00:00,0,0,0
2024-03-11 01:00:00,0,0,0
2024-03-11 02:00:00,0,0,0
2024-03-11 03:00:00,0,0,0
2024-03-11 04:00:00,0,0,0
2024-03-11 05:00:00,0,0,0
2024-03-11 06:00:00,0,0,0
2024-03-11 07:00:00,0,0,0
2024-03-11 08:00:00,0,0,0
2024-03-11 09:00:00,0,0,0
2024-03-11 10:00:00,0,0,0
2024-03-11 11:00:00,0,0,0
2024-03-11 12:00:00,0,0,0
2024-03-11 13:00:00,0,0,0
2024-03-11 14:00:00,0,0,0
2024-03-11 15:00:00,0,0,0
2024-03-11 16:00:00,0,0,0
2024-03-11 17:00:00,0,0,0
2024-03-11 18:00:00,0,0,0
2024-03-11 19:00:00,0,0,0
2024-03-11 20:00:00,0,0,0
2024-03-11 21:00:00,0,0,0
2024-03-11 22:00:00,0,0,0
2024-03-11 23:00:00,0,0,0
2024-03-12 00:00:00,0,0,0
2024-03-12 01:00:00,0,0,0
2024-03-12 02:00:00,0,0,0
2024-03-12 03:00:00,0,0,0
2024-03-12 04:00:00,0,0,0
2024-03-12 05:00:00,0,0,0
2024-03-12 06:00:00,0,0,0
2024-03-12 07:00:00,0,0,0
2024-03-12 08:00:00,0,0,0
2024-03-12 09:00:00,0,0,0
2024-03-12 10:00:00,0,0,0
2024-03-12 11:00:00,0,0,0
2024-03-12 12:00:00,0,0,0
2024-03-12 13:00:00,0,0,0
2024-03-12 14:00:00,0,0,0
2024-03-12 15:00:00,0,0,0
2024-03-12 16:00:00,0,0,0
2024-03-12 17:00:00,0,0,0
2024-03-12 18:00:00,0,0,0
2024-03-12 19:00:00,0,0,0
2024-03-12 20:00:00,0,0,0
2024-03-12 21:00:00,0,0,0
2024-03-12 22:00:00,0,0,0
2024-03-12 23:00:00,0,0,0
2024-03-13 00:00:00,0,0,0
2024-03-13 01:00:00,0,0,0
2024-03-13 02:00:00,0,0,0
2024-03-13 03:00:00,0,0,0
2024-03-13 04:00:00,0,0,0
2024-03-13 05:00:00,0,0,0
2024-03-13 06:00:00,0,0,0
2024-03-13 07:00:00,0,0,0
2024-03-13 08:00:00,0,0,0
2024-03-13 09:00:00,0,0,0
2024-03-13 10:00:00,0,0,0
2024-03-13 11:00:00,0,0,0
2024-03-13 12:00:00,0,0,0
2024-03-13 13:00:00,0,0,0
2024-03-13 14:00:00,0,0,0
2024-03-13 15:00:00,0,0,0
2024-03-13 16:00:00,0,0,0
2024-03-13 17:00:00,0,0,0
2024-03-13 18:00:00,0,0,0
2024-03-13 19:00:00,0,0,0
2024-03-13 20:00:00,0,0,0
2024-03-13 21:00:00,0,0,0
2024-03-13 22:00:00,0,0,0
2024-03-13 23:00:00,0,0,0
2024-03-14 00:00:00,0,0,0
2024-03-14 01:00:00,0,0,0
2024-03-14 02:00:00,0,0,0
2024-03-14 03:00:00,0,0,0
2024-03-14 04:00:00,0,0,0
2024-03-14 05:00:00,0,0,0
2024-03-14 06:00:00,0,0,0
2024-03-14 07:00:00,0,0,0
2024-03-14 08:00:00,0,0,0
2024-03-14 09:00:00,0,0,0
2024-03-14 10:00:00,0,0,0
2024-03-14 11:00:00,0,0,0
2024-03-14 12:00:00,0,0,0
2024-03-14 13:00:00,0,0,0
2024-03-14 14:00:00,0,0,0
2024-03-14 15:00:00,0,0,0
2024-03-14 16:00:00,0,0,0
2024-03-14 17:00:00,0,0,0
2024-03-14 18:00:00,0,0,0
2024-03-14 19:00:00,0,0,0
2024-03-14 20:00:00,0,0,0
2024-03-14 21:00:00,0,0,0
2024-03-14 22:00:00,0,0,0
2024-03-14 23:00:00,0,0,0
2024-03-15 00:00:00,0,0,0
2024-03-15 01:00:00,0,0,0
2024-03-15 02:00:00,0,0,0
2024-03-15 03:00:00,0,0,0
2024-03-15 04:00:00,0,0,0
2024-03-15 05:00:00,0,0,0
2024-03-15 06:00:00,0,0,0
2024-03-15 07:00:00,0,0,0
2024-03-15 08:00:00,0,0,0
2024-03-15 09:00:00,0,0,0
2024-03-15 10:00:00,0,0,0
2024-03-15 11:00:00,0,0,0
2024-03-15 12:00:00,0,0,0
2024-03-15 13:00:00,0,0,0
2024-03-15 14:00:00,0,0,0
2024-03-15 15:00:00,0,0,0
2024-03-15 16:00:00,0,0,0
2024-03-15 17:00:00,0,0,0
2024-03-15 18:00:00,0,0,0
2024-03-15 19:00:00,0,0,0
2024-03-15 20:00:00,0,0,0
2024-03-15 21:00:00,0,0,0
2024-03-15 22:00:00,0,0,0
2024-03-15 23:00:00,0,0,0
2024-03-16 00:00:00,0,0,0
2024-03-16 01:00:00,0,0,0
2024-03-16 02:00:00,0,0,0
2024-03-16 03:00:00,0,0,0
2024-03-16 04:00:00,0,0,0
2024-03-16 05:00:00,0,0,0
2024-03-16 06:00:00,0,0,0
2024-03-16 07:00:00,0,0,0
2024-03-16 08:00:00,0,0,0
2024-03-16 09:00:00,0,0,0
2024-03-16 10:00:00,0,0,0
2024-03-16 11:00:00,0,0,0
2024-03-16 12:00:00,0,0,0
2024-03-16 13:00:00,0,0,0
2024-03-16 14:00:00,0,0,0
2024-03-16 15:00:00,0,0,0
2024-03-16 16:00:00,0,0,0
2024-03-16 17:00:00,0,0,0
2024-03-16 18:00:00,0,0,0
2024-03-16 19:00:00,0,0,0
2024-03-16 20:00:00,0,0,0
2024-03-16 21:00:00,0,0,0
2024-03-16 22:00:00,0,0,0
2024-03-16 23:00:00,0,0,0
2024-03-17 00:00:00,0,0,0
2024-03-17 01:00:00,0,0,0
2024-03-17 02:00:00,0,0,0
2024-03-17 03:00:00,0,0,0
2024-03-17 04:00:00,0,0,0
2024-03-17 05:00:00,0,0,0
2024-03-17 06:00:00,0,0,0
2024-03-17 07:00:00,0,0,0
2024-03-17 08:00:00,0,0,0
2024-03-17 09:00:00,0,0,0
2024-03-17 10:00:00,0,0,0
2024-03-17 11:00:00,0,0,0
2024-03-17 12:00:00,0,0,0
2024-03-17 13:00:00,0,0,0
2024-03-17 14:00:00,0,0,0
2024-03-17 15:00:00,0,0,0
2024-03-17 16:00:00,0,0,0
2024-03-17 17:00:00,0,0,0
2024-03-17 18:00:00,0,0,0
2024-03-17 19:00:00,0,0,0
2024-03-17 20:00:00,0,0,0
2024-03-17 21:00:00,0,0,0
2024-03-17 22:00:00,0,0,0
2024-03-17 23:00:00,0,0,0
2024-03-18 00:00:00,0,0,0
2024-03-18 01:00:00,0,0,0
2024-03-18 02:00:00,0,0,0
2024-03-18 03:00:00,0,0,0
2024-03-18 04:00:00,0,0,0
2024-03-18 05:00:00,0,0,0
2024-03-18 06:00:00,0,0,0
2024-03-18 07:00:00,0,0,0
2024-03-18 08:00:00,0,0,0
2024-03-18 09:00:00,0,0,0
2024-03-18 10:00:00,0,0,0
2024-03-18 11:00:00,0,0,0
2024-03-18 12:00:00,0,0,0
2024-03-18 13:00:00,0,0,0
2024-03-18 14:00:00,0,0,0
2024-03-18 15:00:00,0,0,0
2024-03-18 16:00:00,0,0,0
2024-03-18 17:00:00,0,0,0
2024-03-18 18:00:00,0,0,0
2024-03-18 19:00:00,0,0,0
2024-03-18 20:00:00,0,0,0
2024-03-18 21:00:00,0,0,0
2024-03-18 22:00:00,0,0,0
2024-03-18 23:00:00,0,0,0
2024-03-19 00:00:00,0,0,0
2024-03-19 01:00:00,0,0,0
2024-03-19 02:00:00,0,0,0
2024-03-19 03:00:00,0,0,0
2024-03-19 04:00:00,0,0,0
2024-03-19 05:00:00,0,0,0
2024-03-19 06:00:00,0,0,0
2024-03-19 07:00:00,0,0,0
2024-03-19 08:00:00,0,0,0
2024-03-19 09:00:00,0,0,0
2024-03-19 10:00:00,0,0,0
2024-03-19 11:00:00,0,0,0
2024-03-19 12:00:00,0,0,0
2024-03-19 13:00:00,0,0,0
2024-03-19 14:00:00,0,0,0
2024-03-19 15:00:00,0,0,0
2024-03-19 16:00:00,0,0,0
2024-03-19 17:00:00,0,0,0
2024-03-19 18:00:00,0,0,0
2024-03-19 19:00:00,0,0,0
2024-03-19 20:00:00,0,0,0
2024-03-19 21:00:00,0,0,0
2024-03-19 22:00:00,0,0,0
2024-03-19 23:00:00,0,0,0
2024-03-20 00:00:00,0,0,0
2024-03-20 01:00:00,0,0,0
2024-03-20 02:00:00,0,0,0
2024-03-20 03:00:00,0,0,0
2024-03-20 04:00:00,0,0,0
2024-03-20 05:00:00,0,0,0
2024-03-20 06:00:00,0,0,0
2024-03-20 07:00:00,0,0,0
2024-03-20 08:00:00,0,0,0
2024-03-20 09:00:00,0,0,0
2024-03-20 10:00:00,0,0,0
2024-03-20 11:00:00,0,0,0
2024-03-20 12:00:00,0,0,0
2024-03-20 13:00:00,0,0,0
2024-03-20 14:00:00,0,0,0
2024-03-20 15:00:00,0,0,0
2024-03-20 16:00:00,0,0,0
2024-03-20 17:00:00,0,0,0
2024-03-20 18:00:00,0,0,0
2024-03-20 19:00:00,0,0,0
2024-03-20 20:00:00,0,0,0
2024-03-20 21:00:00,0,0,0
2024-03-20 22:00:00,0,0,0
2024-03-20 23:00:00,0,0,0
2024-03-21 00:00:00,0,0,0
2024-03-21 01:00:00,0,0,0
2024-03-21 02:00:00,0,0,0
2024-03-21 03:00:00,0,0,0
2024-03-21 04:00:00,0,0,0
2024-03-21 05:00:00,0,0,0
2024-03-21 06:00:00,0,0,0
2024-03-21 07:00:00,0,0,0
2024-03-21 08:00:00,0,0,0
2024-03-21 09:00:00,0,0,0
2024-03-21 10:00:00,0,0,0
2024-03-21 11:00:00,0,0,0
2024-03-21 12:00:00,0,0,0
2024-03-21 13:00:00,0,0,0
2024-03-21 14:00:00,0,0,0
2024-03-21 15:00:00,0,0,0
2024-03-21 16:00:00,0,0,0
2024-03-21 17:00:00,0,0,0
2024-03-21 18:00:00,0,0,0
2024-03-21 19:00:00,0,0,0
2024-03-21 20:00:00,0,0,0
2024-03-21 21:00:00,0,0,0
2024-03-21 22:00:00,0,0,0
2024-03-21 23:00:00,0,0,0
2024-03-22 00:00:00,0,0,0
2024-03-22 01:00:00,0,0,0
2024-03-22 02:00:00,0,0,0
2024-03-22 03:00:00,0,0,0
2024-03-22 04:00:00,0,0,0
2024-03-22 05:00:00,0,0,0
2024-03-22 06:00:00,0,0,0
2024-03-22 07:00:00,0,0,0
2024-03-22 08:00:00,0,0,0
2024-03-22 09:00:00,0,0,0
2024-03-22 10:00:00,0,0,0
2024-03-22 11:00:00,0,0,0
2024-03-22 12:00:00,0,0,0
2024-03-22 13:00:00,0,0,0
2024-03-22 14:00:00,0,0,0
2024-03-22 15:00:00,0,0,0
2024-03-22 16:00:00,0,0,0
2024-03-22 17:00:00,0,0,0
2024-03-22 18:00:00,0,0,0
2024-03-22 19:00:00,0,0,0
2024-03-22 20:00:00,0,0,0
2024-03-22 21:00:00,0,0,0
2024-03-22 22:00:00,0,0,0
2024-03-22 23:00:00,0,0,0
2024-03-23 00:00:00,0,0,0
2024-03-23 01:00:00,0,0,0
2024-03-23 02:00:00,0,0,0
2024-03-23 03:00:00,0,0,0
2024-03-23 04:00:00,0,0,0
2024-03-23 05:00:00,0,0,0
2024-03-23 06:00:00,0,0,0
2024-03-23 07:00:00,0,0,0
2024-03-23 08:00:00,0,0,0
2024-03-23 09:00:00,0,0,0
2024-03-23 10:00:00,0,0,0
2024-03-23 11:00:00,0,0,0
2024-03-23 12:00:00,0,0,0
2024-03-23 13:00:00,0,0,0
2024-03-23 14:00:00,0,0,0
2024-03-23 15:00:00,0,0,0
2024-03-23 16:00:00,0,0,0
2024-03-23 17:00:00,0,0,0
2024-03-23 18:00:00,0,0,0
2024-03-23 19:00:00,0,0,0
2024-03-23 20:00:00,0,0,0
2024-03-23 21:00:00,0,0,0
2024-03-23 22:00:00,0,0,0
2024-03-23 23:00:00,0,0,0
2024-03-24 00:00:00,0,0,0
2024-03-24 01:00:00,0,0,0
2024-03-24 02:00:00,0,0,0
2024-03-24 03:00:00,0,0,0
2024-03-24 04:00:00,0,0,0
2024-03-24 05:00:00,0,0,0
2024-03-24 06:00:00,0,0,0
2024-03-24 07:00:00,0,0,0
2024-03-24 08:00:00,0,0,0
2024-03-24 09:00:00,0,0,0
2024-03-24 10:00:00,0,0,0
2024-03-24 11:00:00,0,0,0
2024-03-24 12:00:00,0,0,0
2024-03-24 13:00:00,0,0,0
2024-03-24 14:00:00,0,0,0
2024-03-24 15:00:00,0,0,0
2024-03-24 16:00:00,0,0,0
2024-03-24 17:00:00,0,0,0
2024-03-24 18:00:00,0,0,0
2024-03-24 19:00:00,0,0,0
2024-03-24 20:00:00,0,0,0
2024-03-24 21:00:00,0,0,0
2024-03-24 22:00:00,0,0,0
2024-03-24 23:00:00,0,0,0
2024-03-25 00:00:00,0,0,0
2024-03-25 01:00:00,0,0,0
2024-03-25 02:00:00,0,0,0
2024-03-25 03:00:00,0,0,0
2024-03-25 04:00:00,0,0,0
2024-03-25 05:00:00,0,0,0
2024-03-25 06:00:00,0,0,0
2024-03-25 07:00:00,0,0,0
2024-03-25 08:00:00,0,0,0
2024-03-25 09:00:00,0,0,0
2024-03-25 10:00:00,0,0,0
2024-03-25 11:00:00,0,0,0
2024-03-25 12:00:00,0,0,0
2024-03-25 13:00:00,0,0,0
2024-03-25 14:00:00,0,0,0
2024-03-25 15:00:00,0,0,0
2024-03-25 16:00:00,0,0,0
2024-03-25 17:00:00,0,0,0
2024-03-25 18:00:00,0,0,0
2024-03-25 19:00:00,0,0,0
2024-03-25 20:00:00,0,0,0
2024-03-25 21:00:00,0,0,0
2024-03-25 22:00:00,0,0,0
2024-03-25 23:00:00,0,0,0
2024-03-26 00:00:00,0,0,0
2024-03-26 01:00:00,0,0,0
2024-03-26 02:00:00,0,0,0
2024-03-26 03:00:00,0,0,0
2024-03-26 04:00:00,0,0,0
2024-03-26 05:00:00,0,0,0
2024-03-26 06:00:00,0,0,0
2024-03-26 07:00:00,0,0,0
2024-03-26 08:00:00,0,0,0
2024-03-26 09:00:00,0,0,0
2024-03-26 10:00:00,0,0,0
2024-03-26 11:00:00,0,0,0
2024-03-26 12:00:00,0,0,0
2024-03-26 13:00:00,0,0,0
2024-03-26 14:00:00,0,0,0
2024-03-26 15:00:00,0,0,0
2024-03-26 16:00:00,0,0,0
2024-03-26 17:00:00,0,0,0
2024-03-26 18:00:00,0,0,0
2024-03-26 19:00:00,0,0,0
2024-03-26 20:00:00,0,0,0
2024-03-26 21:00:00,0,0,0
2024-03-26 22:00:00,0,0,0
2024-03-26 23:00:00,0,0,0
2024-03-27 00:00:00,0,0,0
2024-03-27 01:00:00,0,0,0
2024-03-27 02:00:00,0,0,0
2024-03-27 03:00:00,0,0,0
2024-03-27 04:00:00,0,0,0
2024-03-27 05:00:00,0,0,0
2024-03-27 06:00:00,0,0,0
2024-03-27 07:00:00,0,0,0
2024-03-27 08:00:00,0,0,0
2024-03-27 09:00:00,0,0,0
2024-03-27 10:00:00,0,0,0
2024-03-27 11:00:00,0,0,0
2024-03-27 12:00:00,0,0,0
2024-03-27 13:00:00,0,0,0
2024-03-27 14:00:00,0,0,0
2024-03-27 15:00:00,0,0,0
2024-03-27 16:00:00,0,0,0
2024-03-27 17:00:00,0,0,0
2024-03-27 18:00:00,0,0,0
2024-03-27 19:00:00,0,0,0
2024-03-27 20:00:00,0,0,0
2024-03-27 21:00:00,0,0,0
2024-03-27 22:00:00,0,0,0
2024-03-27 23:00:00,0,0,0
2024-03-28 00:00:00,0,0,0
2024-03-28 01:00:00,0,0,0
2024-03-28 02:00:00,0,0,0
2024-03-28 03:00:00,0,0,0
2024-03-28 04:00:00,0,0,0
2024-03-28 05:00:00,0,0,0
2024-03-28 06:00:00,0,0,0
2024-03-28 07:00:00,0,0,0
2024-03-28 08:00:00,0,0,0
2024-03-28 09:00:00,0,0,0
2024-03-28 10:00:00,0,0,0
2024-03-28 11:00:00,0,0,0
2024-03-28 12:00:00,0,0,0
2024-03-28 13:00:00,0,0,0
2024-03-28 14:00:00,0,0,0
2024-03-28 15:00:00,0,0,0
2024-03-28 16:00:00,0,0,0
2024-03-28 17:00:00,0,0,0
2024-03-28 18:00:00,0,0,0
2024-03-28 19:00:00,0,0,0
2024-03-28 20:00:00,0,0,0
2024-03-28 21:00:00,0,0,0
2024-03-28 22:00:00,0,0,0
2024-03-28 23:00:00,0,0,0
2024-03-29 00:00:00,0,0,0
2024-03-29 01:00:00,0,0,0
2024-03-29 02:00:00,0,0,0
2024-03-29 03:00:00,0,0,0
2024-03-29 04:00:00,0,0,0
2024-03-29 05:00:00,0,0,0
2024-03-29 06:00:00,0,0,0
2024-03-29 07:00:00,0,0,0
2024-03-29 08:00:00,0,0,0
2024-03-29 09:00:00,0,0,0
2024-03-29 10:00:00,0,0,0
2024-03-29 11:00:00,0,0,0
2024-03-29 12:00:00,0,0,0
2024-03-29 13:00:00,0,0,0
2024-03-29 14:00:00,0,0,0
2024-03-29 15:00:00,0,0,0
2024-03-29 16:00:00,0,0,0
2024-03-29 17:00:00,0,0,0
2024-03-29 18:00:00,0,0,0
2024-03-29 19:00:00,0,0,0
2024-03-29 20:00:00,0,0,0
2024-03-29 21:00:00,0,0,0
2024-03-29 22:00:00,0,0,0
2024-03-29 23:00:00,0,0,0
2024-03-30 00:00:00,0,0,0
2024-03-30 01:00:00,0,0,0
2024-03-30 02:00:00,0,0,0
2024-03-30 03:00:00,0,0,0
2024-03-30 04:00:00,0,0,0
2024-03-30 05:00:00,0,0,0
2024-03-30 06:00:00,0,0,0
2024-03-30 07:00:00,0,0,0
2024-03-30 08:00:00,0,0,0
2024-03-30 09:00:00,0,0,0
2024-03-30 10:00:00,0,0,0
2024-03-30 11:00:00,0,0,0
2024-03-30 12:00:00,0,0,0
2024-03-30 13:00:00,0,0,0
2024-03-30 14:00:00,0,0,0
2024-03-30 15:00:00,0,0,0
2024-03-30 16:00:00,0,0,0
2024-03-30 17:00:00,0,0,0
2024-03-30 18:00:00,0,0,0
2024-03-30 19:00:00,0,0,0
2024-03-30 20:00:00,0,0,0
2024-03-30 21:00:00,0,0,0
2024-03-30 22:00:00,0,0,0
2024-03-30 23:00:00,0,0,0
2024-03-31 00:00:00,0,0,0
2024-03-31 01:00:00,0,0,0
2024-03-31 02:00:00,0,0,0
2024-03-31 03:00:00,0,0,0
2024-03-31 04:00:00,0,0,0
2024-03-31 05:00:00,0,0,0
2024-03-31 06:00:00,0,0,0
2024-03-31 07:00:00,0,0,0
2024-03-31 08:00:00,0,0,0
2024-03-31 09:00:00,0,0,0
2024-03-31 10:00:00,0,0,0
2024-03-31 11:00:00,0,0,0
2024-03-31 12:00:00,0,0,0
2024-03-31 13:00:00,0,0,0
2024-03-31 14:00:00,0,0,0
2024-03-31 15:00:00,0,0,0
2024-03-31 16:00:00,0,0,0
2024-03-31 17:00:00,0,0,0
2024-03-31 18:00:00,0,0,0
2024-03-31 19:00:00,0,0,0
2024-03-31 20:00:00,0,0,0
2024-03-31 21:00:00,0,0,0
2024-03-31 22:00:00,0,0,0
2024-03-31 23:00:00,0,0,0
2024-04-01 00:00:00,0,0,0
2024-04-01 01:00:00,0,0,0
2024-04-01 02:00:00,0,0,0
2024-04-01 03:00:00,0,0,0
2024-04-01 04:00:00,0,0,0
2024-04-01 05:00:00,0,0,0
2024-04-01 06:00:00,0,0,0
2024-04-01 07:00:00,0,0,0
2024-04-01 08:00:00,0,0,0
2024-04-01 09:00:00,0,0,0
2024-04-01 10:00:00,0,0,0
2024-04-01 11:00:00,0,0,0
2024-04-01 12:00:00,0,0,0
2024-04-01 13:00:00,0,0,0
2024-04-01 14:00:00,0,0,0
2024-04-01 15:00:00,0,0,0
2024-04-01 16:00:00,0,0,0
2024-04-01 17:00:00,0,0,0
2024-04-01 18:00:00,0,0,0
2024-04-01 19:00:00,0,0,0
2024-04-01 20:00:00,0,0,0
2024-04-01 21:00:00,0,0,0
2024-04-01 22:00:00,0,0,0
2024-04-01 23:00:00,0,0,0
2024-04-02 00:00:00,0,0,0
2024-04-02 01:00:00,0,0,0
2024-04-02 02:00:00,0,0,0
2024-04-02 03:00:00,0,0,0
2024-04-02 04:00:00,0,0,0
2024-04-02 05:00:00,0,0,0
2024-04-02 06:00:00,0,0,0
2024-04-02 07:00:00,0,0,0
2024-04-02 08:00:00,0,0,0
2024-04-02 09:00:00,0,0,0
2024-04-02 10:00:00,0,0,0
2024-04-02 11:00:00,0,0,0
2024-04-02 12:00:00,0,0,0
2024-04-02 13:00:00,0,0,0
2024-04-02 14:00:00,0,0,0
2024-04-02 15:00:00,0,0,0
2024-04-02 16:00:00,0,0,0
2024-04-02 17:00:00,0,0,0
2024-04-02 18:00:00,0,0,0
2024-04-02 19:00:00,0,0,0
2024-04-02 20:00:00,0,0,0
2024-04-02 21:00:00,0,0,0
2024-04-02 22:00:00,0,0,0
2024-04-02 23:00:00,0,0,0
2024-04-03 00:00:00,0,0,0
2024-04-03 01:00:00,0,0,0
2024-04-03 02:00:00,0,0,0
2024-04-03 03:00:00,0,0,0
2024-04-03 04:00:00,0,0,0
2024-04-03 05:00:00,0,0,0
2024-04-03 06:00:00,0,0,0
2024-04-03 07:00:00,0,0,0
2024-04-03 08:00:00,0,0,0
2024-04-03 09:00:00,0,0,0
2024-04-03 10:00:00,0,0,0
2024-04-03 11:00:00,0,0,0
2024-04-03 12:00:00,0,0,0
2024-04-03 13:00:00,0,0,0
2024-04-03 14:00:00,0,0,0
2024-04-03 15:00:00,0,0,0
2024-04-03 16:00:00,0,0,0
2024-04-03 17:00:00,0,0,0
2024-04-03 18:00:00,0,0,0
2024-04-03 19:00:00,0,0,0
2024-04-03 20:00:00,0,0,0
2024-04-03 21:00:00,0,0,0
2024-04-03 22:00:00,0,0,0
2024-04-03 23:00:00,0,0,0
2024-04-04 00:00:00,0,0,0
2024-04-04 01:00:00,0,0,0
2024-04-04 02:00:00,0,0,0
2024-04-04 03:00:00,0,0,0
2024-04-04 04:00:00,0,0,0
2024-04-04 05:00:00,0,0,0
2024-04-04 06:00:00,0,0,0
2024-04-04 07:00:00,0,0,0
2024-04-04 08:00:00,0,0,0
2024-04-04 09:00:00,0,0,0
2024-04-04 10:00:00,0,0,0
2024-04-04 11:00:00,0,0,0
2024-04-04 12:00:00,0,0,0
2024-04-04 13:00:00,0,0,0
2024-04-04 14:00:00,0,0,0
2024-04-04 15:00:00,0,0,0
2024-04-04 16:00:00,0,0,0
2024-04-04 17:00:00,0,0,0
2024-04-04 18:00:00,0,0,0
2024-04-04 19:00:00,0,0,0
2024-04-04 20:00:00,0,0,0
2024-04-04 21:00:00,0,0,0
2024-04-04 22:00:00,0,0,0
2024-04-04 23:00:00,0,0,0
2024-04-05 00:00:00,0,0,0
2024-04-05 01:00:00,0,0,0
2024-04-05 02:00:00,0,0,0
2024-04-05 03:00:00,0,0,0
2024-04-05 04:00:00,0,0,0
2024-04-05 05:00:00,0,0,0
2024-04-05 06:00:00,0,0,0
2024-04-05 07:00:00,0,0,0
2024-04-05 08:00:00,0,0,0
2024-04-05 09:00:00,0,0,0
2024-04-05 10:00:00,0,0,0
2024-04-05 11:00:00,0,0,0
2024-04-05 12:00:00,0,0,0
2024-04-05 13:00:00,0,0,0
2024-04-05 14:00:00,0,0,0
2024-04-05 15:00:00,0,0,0
2024-04-05 16:00:00,0,0,0
2024-04-05 17:00:00,0,0,0
2024-04-05 18:00:00,0,0,0
2024-04-05 19:00:00,0,0,0
2024-04-05 20:00:00,0,0,0
2024-04-05 21:00:00,0,0,0
2024-04-05 22:00:00,0,0,0
2024-04-05 23:00:00,0,0,0
2024-04-06 00:00:00,0,0,0
2024-04-06 01:00:00,0,0,0
2024-04-06 02:00:00,0,0,0
2024-04-06 03:00:00,0,0,0
2024-04-06 04:00:00,0,0,0
2024-04-06 05:00:00,0,0,0
2024-04-06 06:00:00,0,0,0
2024-04-06 07:00:00,0,0,0
2024-04-06 08:00:00,0,0,0
2024-04-06 09:00:00,0,0,0
2024-04-06 10:00:00,0,0,0
2024-04-06 11:00:00,0,0,0
2024-04-06 12:00:00,0,0,0
2024-04-06 13:00:00,0,0,0
2024-04-06 14:00:00,0,0,0
2024-04-06 15:00:00,0,0,0
2024-04-06 16:00:00,0,0,0
2024-04-06 17:00:00,0,0,0
2024-04-06 18:00:00,0,0,0
2024-04-06 19:00:00,0,0,0
2024-04-06 20:00:00,0,0,0
2024-04-06 21:00:00,0,0,0
2024-04-06 22:00:00,0,0,0
2024-04-06 23:00:00,0,0,0
2024-04-07 00:00:00,0,0,0
2024-04-07 01:00:00,0,0,0
2024-04-07 02:00:00,0,0,0
2024-04-07 03:00:00,0,0,0
2024-04-07 04:00:00,0,0,0
2024-04-07 05:00:00,0,0,0
2024-04-07 06:00:00,0,0,0
2024-04-07 07:00:00,0,0,0
2024-04-07 08:00:00,0,0,0
2024-04-07 09:00:00,0,0,0
2024-04-07 10:00:00,0,0,0
2024-04-07 11:00:00,0,0,0
2024-04-07 12:00:00,0,0,0
2024-04-07 13:00:00,0,0,0
2024-04-07 14:00:00,0,0,0
2024-04-07 15:00:00,0,0,0
2024-04-07 16:00:00,0,0,0
2024-04-07 17:00:00,0,0,0
2024-04-07 18:00:00,0,0,0
2024-04-07 19:00:00,0,0,0
2024-04-07 20:00:00,0,0,0
2024-04-07 21:00:00,0,0,0
2024-04-07 22:00:00,0,0,0
2024-04-07 23:00:00,0,0,0
2024-04-08 00:00:00,0,0,0
2024-04-08 01:00:00,0,0,0
2024-04-08 02:00:00,0,0,0
2024-04-08 03:00:00,0,0,0
2024-04-08 04:00:00,0,0,0
2024-04-08 05:00:00,0,0,0
2024-04-08 06:00:00,0,0,0
2024-04-08 07:00:00,0,0,0
2024-04-08 08:00:00,0,0,0
2024-04-08 09:00:00,0,0,0
2024-04-08 10:00:00,0,0,0
2024-04-08 11:00:00,0,0,0
2024-04-08 12:00:00,0,0,0
2024-04-08 13:00:00,0,0,0
2024-04-08 14:00:00,0,0,0
2024-04-08 15:00:00,0,0,0
2024-04-08 16:00:00,0,0,0
2024-04-08 17:00:00,0,0,0
2024-04-08 18:00:00,0,0,0
2024-04-08 19:00:00,0,0,0
2024-04-08 20:00:00,0,0,0
2024-04-08 21:00:00,0,0,0
2024-04-08 22:00:00,0,0,0
2024-04-08 23:00:00,0,0,0
2024-04-09 00:00:00,0,0,0
2024-04-09 01:00:00,0,0,0
2024-04-09 02:00:00,0,0,0
2024-04-09 03:00:00,0,0,0
2024-04-09 04:00:00,0,0,0
2024-04-09 05:00:00,0,0,0
2024-04-09 06:00:00,0,0,0
2024-04-09 07:00:00,0,0,0
2024-04-09 08:00:00,0,0,0
2024-04-09 09:00:00,0,0,0
2024-04-09 10:00:00,0,0,0
2024-04-09 11:00:00,0,0,0
2024-04-09 12:00:00,0,0,0
2024-04-09 13:00:00,0,0,0
2024-04-09 14:00:00,0,0,0
2024-04-09 15:00:00,0,0,0
2024-04-09 16:00:00,0,0,0
2024-04-09 17:00:00,0,0,0
2024-04-09 18:00:00,0,0,0
2024-04-09 19:00:00,0,0,0
2024-04-09 20:00:00,0,0,0
2024-04-09 21:00:00,0,0,0
2024-04-09 22:00:00,0,0,0
2024-04-09 23:00:00,0,0,0
2024-04-10 00:00:00,0,0,0
2024-04-10 01:00:00,0,0,0
2024-04-10 02:00:00,0,0,0
2024-04-10 03:00:00,0,0,0
2024-04-10 04:00:00,0,0,0
2024-04-10 05:00:00,0,0,0
2024-04-10 06:00:00,0,0,0
2024-04-10 07:00:00,0,0,0
2024-04-10 08:00:00,0,0,0
2024-04-10 09:00:00,0,0,0
2024-04-10 10:00:00,0,0,0
2024-04-10 11:00:00,0,0,0
2024-04-10 12:00:00,0,0,0
2024-04-10 13:00:00,0,0,0
2024-04-10 14:00:00,0,0,0
2024-04-10 15:00:00,0,0,0
2024-04-10 16:00:00,0,0,0
2024-04-10 17:00:00,0,0,0
2024-04-10 18:00:00,0,0,0
2024-04-10 19:00:00,0,0,0
2024-04-10 20:00:00,0,0,0
2024-04-10 21:00:00,0,0,0
2024-04-10 22:00:00,0,0,0
2024-04-10 23:00:00,0,0,0
2024-04-11 00:00:00,0,0,0
2024-04-11 01:00:00,0,0,0
2024-04-11 02:00:00,0,0,0
2024-04-11 03:00:00,0,0,0
2024-04-11 04:00:00,0,0,0
2024-04-11 05:00:00,0,0,0
2024-04-11 06:00:00,0,0,0
2024-04-11 07:00:00,0,0,0
2024-04-11 08:00:00,0,0,0
2024-04-11 09:00:00,0,0,0
2024-04-11 10:00:00,0,0,0
2024-04-11 11:00:00,0,0,0
2024-04-11 12:00:00,0,0,0
2024-04-11 13:00:00,0,0,0
2024-04-11 14:00:00,0,0,0
2024-04-11 15:00:00,0,0,0
2024-04-11 16:00:00,0,0,0
2024-04-11 17:00:00,0,0,0
2024-04-11 18:00:00,0,0,0
2024-04-11 19:00:00,0,0,0
2024-04-11 20:00:00,0,0,0
2024-04-11 21:00:00,0,0,0
2024-04-11 22:00:00,0,0,0
2024-04-11 23:00:00,0,0,0
2024-04-12 00:00:00,0,0,0
2024-04-12 01:00:00,0,0,0
2024-04-12 02:00:00,0,0,0
2024-04-12 03:00:00,0,0,0
2024-04-12 04:00:00,0,0,0
2024-04-12 05:00:00,0,0,0
2024-04-12 06:00:00,0,0,0
2024-04-12 07:00:00,0,0,0
2024-04-12 08:00:00,0,0,0
2024-04-12 09:00:00,0,0,0
2024-04-12 10:00:00,0,0,0
2024-04-12 11:00:00,0,0,0
2024-04-12 12:00:00,0,0,0
2024-04-12 13:00:00,0,0,0
2024-04-12 14:00:00,0,0,0
2024-04-12 15:00:00,0,0,0
2024-04-12 16:00:00,0,0,0
2024-04-12 17:00:00,0,0,0
2024-04-12 18:00:00,0,0,0
2024-04-12 19:00:00,0,0,0
2024-04-12 20:00:00,0,0,0
2024-04-12 21:00:00,0,0,0
2024-04-12 22:00:00,0,0,0
2024-04-12 23:00:00,0,0,0
2024-04-13 00:00:00,0,0,0
2024-04-13 01:00:00,0,0,0
2024-04-13 02:00:00,0,0,0
2024-04-13 03:00:00,0,0,0
2024-04-13 04:00:00,0,0,0
2024-04-13 05:00:00,0,0,0
2024-04-13 06:00:00,0,0,0
2024-04-13 07:00:00,0,0,0
2024-04-13 08:00:00,0,0,0
2024-04-13 09:00:00,0,0,0
2024-04-13 10:00:00,0,0,0
2024-04-13 11:00:00,0,0,0
2024-04-13 12:00:00,0,0,0
2024-04-13 13:00:00,0,0,0
2024-04-13 14:00:00,0,0,0
2024-04-13 15:00:00,0,0,0
2024-04-13 16:00:00,0,0,0
2024-04-13 17:00:00,0,0,0
2024-04-13 18:00:00,0,0,0
2024-04-13 19:00:00,0,0,0
2024-04-13 20:00:00,0,0,0
2024-04-13 21:00:00,0,0,0
2024-04-13 22:00:00,0,0,0
2024-04-13 23:00:00,0,0,0
2024-04-14 00:00:00,0,0,0
2024-04-14 01:00:00,0,0,0
2024-04-14 02:00:00,0,0,0
2024-04-14 03:00:00,0,0,0
2024-04-14 04:00:00,0,0,0
2024-04-14 05:00:00,0,0,0
2024-04-14 06:00:00,0,0,0
2024-04-14 07:00:00,0,0,0
2024-04-14 08:00:00,0,0,0
2024-04-14 09:00:00,0,0,0
2024-04-14 10:00:00,0,0,0
2024-04-14 11:00:00,0,0,0
2024-04-14 12:00:00,0,0,0
2024-04-14 13:00:00,0,0,0
2024-04-14 14:00:00,0,0,0
2024-04-14 15:00:00,0,0,0
2024-04-14 16:00:00,0,0,0
2024-04-14 17:00:00,0,0,0
2024-04-14 18:00:00,0,0,0
2024-04-14 19:00:00,0,0,0
2024-04-14 20:00:00,0,0,0
2024-04-14 21:00:00,0,0,0
2024-04-14 22:00:00,0,0,0
2024-04-14 23:00:00,0,0,0
2024-04-15 00:00:00,0,0,0
2024-04-15 01:00:00,0,0,0
2024-04-15 02:00:00,0,0,0
2024-04-15 03:00:00,0,0,0
2024-04-15 04:00:00,0,0,0
2024-04-15 05:00:00,0,0,0
2024-04-15 06:00:00,0,0,0
2024-04-15 07:00:00,0,0,0
2024-04-15 08:00:00,0,0,0
2024-04-15 09:00:00,0,0,0
2024-04-15 10:00:00,0,0,0
2024-04-15 11:00:00,0,0,0
2024-04-15 12:00:00,0,0,0
2024-04-15 13:00:00,0,0,0
2024-04-15 14:00:00,0,0,0
2024-04-15 15:00:00,0,0,0
2024-04-15 16:00:00,0,0,0
2024-04-15 17:00:00,0,0,0
2024-04-15 18:00:00,0,0,0
2024-04-15 19:00:00,0,0,0
2024-04-15 20:00:00,0,0,0
2024-04-15 21:00:00,0,0,0
2024-04-15 22:00:00,0,0,0
2024-04-15 23:00:00,0,0,0
2024-04-16 00:00:00,0,0,0
2024-04-16 01:00:00,0,0,0
2024-04-16 02:00:00,0,0,0
2024-04-16 03:00:00,0,0,0
2024-04-16 04:00:00,0,0,0
2024-04-16 05:00:00,0,0,0
2024-04-16 06:00:00,0,0,0
2024-04-16 07:00:00,0,0,0
2024-04-16 08:00:00,0,0,0
2024-04-16 09:00:00,0,0,0
2024-04-16 10:00:00,0,0,0
2024-04-16 11:00:00,0,0,0
2024-04-16 12:00:00,0,0,0
2024-04-16 13:00:00,0,0,0
2024-04-16 14:00:00,0,0,0
2024-04-16 15:00:00,0,0,0
2024-04-16 16:00:00,0,0,0
2024-04-16 17:00:00,0,0,0
2024-04-16 18:00:00,0,0,0
2024-04-16 19:00:00,0,0,0
2024-04-16 20:00:00,0,0,0
2024-04-16 21:00:00,0,0,0
2024-04-16 22:00:00,0,0,0
2024-04-16 23:00:00,0,0,0
2024-04-17 00:00:00,0,0,0
2024-04-17 01:00:00,0,0,0
2024-04-17 02:00:00,0,0,0
2024-04-17 03:00:00,0,0,0
2024-04-17 04:00:00,0,0,0
2024-04-17 05:00:00,0,0,0
2024-04-17 06:00:00,0,0,0
2024-04-17 07:00:00,0,0,0
2024-04-17 08:00:00,0,0,0
2024-04-17 09:00:00,0,0,0
2024-04-17 10:00:00,0,0,0
2024-04-17 11:00:00,0,0,0
2024-04-17 12:00:00,0,0,0
2024-04-17 13:00:00,0,0,0
2024-04-17 14:00:00,0,0,0
2024-04-17 15:00:00,0,0,0
2024-04-17 16:00:00,0,0,0
2024-04-17 17:00:00,0,0,0
2024-04-17 18:00:00,0,0,0
2024-04-17 19:00:00,0,0,0
2024-04-17 20:00:00,0,0,0
2024-04-17 21:00:00,0,0,0
2024-04-17 22:00:00,0,0,0
2024-04-17 23:00:00,0,0,0
2024-04-18 00:00:00,0,0,0
2024-04-18 01:00:00,0,0,0
2024-04-18 02:00:00,0,0,0
2024-04-18 03:00:00,0,0,0
2024-04-18 04:00:00,0,0,0
2024-04-18 05:00:00,0,0,0
2024-04-18 06:00:00,0,0,0
2024-04-18 07:00:00,0,0,0
2024-04-18 08:00:00,0,0,0
2024-04-18 09:00:00,0,0,0
2024-04-18 10:00:00,0,0,0
2024-04-18 11:00:00,0,0,0
2024-04-18 12:00:00,0,0,0
2024-04-18 13:00:00,0,0,0
2024-04-18 14:00:00,0,0,0
2024-04-18 15:00:00,0,0,0
2024-04-18 16:00:00,0,0,0
2024-04-18 17:00:00,0,0,0
2024-04-18 18:00:00,0,0,0
2024-04-18 19:00:00,0,0,0
2024-04-18 20:00:00,0,0,0
2024-04-18 21:00:00,0,0,0
2024-04-18 22:00:00,0,0,0
2024-04-18 23:00:00,0,0,0
2024-04-19 00:00:00,0,0,0
2024-04-19 01:00:00,0,0,0
2024-04-19 02:00:00,0,0,0
2024-04-19 03:00:00,0,0,0
2024-04-19 04:00:00,0,0,0
2024-04-19 05:00:00,0,0,0
2024-04-19 06:00:00,0,0,0
2024-04-19 07:00:00,0,0,0
2024-04-19 08:00:00,0,0,0
2024-04-19 09:00:00,0,0,0
2024-04-19 10:00:00,0,0,0
2024-04-19 11:00:00,0,0,0
2024-04-19 12:00:00,0,0,0
2024-04-19 13:00:00,0,0,0
2024-04-19 14:00:00,0,0,0
2024-04-19 15:00:00,0,0,0
2024-04-19 16:00:00,0,0,0
2024-04-19 17:00:00,0,0,0
2024-04-19 18:00:00,0,0,0
2024-04-19 19:00:00,0,0,0
2024-04-19 20:00:00,0,0,0
2024-04-19 21:00:00,0,0,0
2024-04-19 22:00:00,0,0,0
2024-04-19 23:00:00,0,0,0
2024-04-20 00:00:00,0,0,0
2024-04-20 01:00:00,0,0,0
2024-04-20 02:00:00,0,0,0
2024-04-20 03:00:00,0,0,0
2024-04-20 04:00:00,0,0,0
2024-04-20 05:00:00,0,0,0
2024-04-20 06:00:00,0,0,0
2024-04-20 07:00:00,0,0,0
2024-04-20 08:00:00,0,0,0
2024-04-20 09:00:00,0,0,0
2024-04-20 10:00:00,0,0,0
2024-04-20 11:00:00,0,0,0
2024-04-20 12:00:00,0,0,0
2024-04-20 13:00:00,0,0,0
2024-04-20 14:00:00,0,0,0
2024-04-20 15:00:00,0,0,0
2024-04-20 16:00:00,0,0,0
2024-04-20 17:00:00,0,0,0
2024-04-20 18:00:00,0,0,0
2024-04-20 19:00:00,0,0,0
2024-04-20 20:00:00,0,0,0
2024-04-20 21:00:00,0,0,0
2024-04-20 22:00:00,0,0,0
2024-04-20 23:00:00,0,0,0
2024-04-21 00:00:00,0,0,0
2024-04-21 01:00:00,0,0,0
2024-04-21 02:00:00,0,0,0
2024-04-21 03:00:00,0,0,0
2024-04-21 04:00:00,0,0,0
2024-04-21 05:00:00,0,0,0
2024-04-21 06:00:00,0,0,0
2024-04-21 07:00:00,0,0,0
2024-04-21 08:00:00,0,0,0
2024-04-21 09:00:00,0,0,0
2024-04-21 10:00:00,0,0,0
2024-04-21 11:00:00,0,0,0
2024-04-21 12:00:00,0,0,0
2024-04-21 13:00:00,0,0,0
2024-04-21 14:00:00,0,0,0
2024-04-21 15:00:00,0,0,0
2024-04-21 16:00:00,0,0,0
2024-04-21 17:00:00,0,0,0
2024-04-21 18:00:00,0,0,0
2024-04-21 19:00:00,0,0,0
2024-04-21 20:00:00,0,0,0
2024-04-21 21:00:00,0,0,0
2024-04-21 22:00:00,0,0,0
2024-04-21 23:00:00,0,0,0
2024-04-22 00:00:00,0,0,0
2024-04-22 01:00:00,0,0,0
2024-04-22 02:00:00,0,0,0
2024-04-22 03:00:00,0,0,0
2024-04-22 04:00:00,0,0,0
2024-04-22 05:00:00,0,0,0
2024-04-22 06:00:00,0,0,0
2024-04-22 07:00:00,0,0,0
2024-04-22 08:00:00,0,0,0
2024-04-22 09:00:00,0,0,0
2024-04-22 10:00:00,0,0,0
2024-04-22 11:00:00,0,0,0
2024-04-22 12:00:00,0,0,0
2024-04-22 13:00:00,0,0,0
2024-04-22 14:00:00,0,0,0
2024-04-22 15:00:00,0,0,0
2024-04-22 16:00:00,0,0,0
2024-04-22 17:00:00,0,0,0
2024-04-22 18:00:00,0,0,0
2024-04-22 19:00:00,0,0,0
2024-04-22 20:00:00,0,0,0
2024-04-22 21:00:00,0,0,0
2024-04-22 22:00:00,0,0,0
2024-04-22 23:00:00,0,0,0
2024-04-23 00:00:00,0,0,0
2024-04-23 01:00:00,0,0,0
2024-04-23 02:00:00,0,0,0
2024-04-23 03:00:00,0,0,0
2024-04-23 04:00:00,0,0,0
2024-04-23 05:00:00,0,0,0
2024-04-23 06:00:00,0,0,0
2024-04-23 07:00:00,0,0,0
2024-04-23 08:00:00,0,0,0
2024-04-23 09:00:00,0,0,0
2024-04-23 10:00:00,0,0,0
2024-04-23 11:00:00,0,0,0
2024-04-23 12:00:00,0,0,0
2024-04-23 13:00:00,0,0,0
2024-04-23 14:00:00,0,0,0
2024-04-23 15:00:00,0,0,0
2024-04-23 16:00:00,0,0,0
2024-04-23 17:00:00,0,0,0
2024-04-23 18:00:00,0,0,0
2024-04-23 19:00:00,0,0,0
2024-04-23 20:00:00,0,0,0
2024-04-23 21:00:00,0,0,0
2024-04-23 22:00:00,0,0,0
2024-04-23 23:00:00,0,0,0
2024-04-24 00:00:00,0,0,0
2024-04-24 01:00:00,0,0,0
2024-04-24 02:00:00,0,0,0
2024-04-24 03:00:00,0,0,0
2024-04-24 04:00:00,0,0,0
2024-04-24 05:00:00,0,0,0
2024-04-24 06:00:00,0,0,0
2024-04-24 07:00:00,0,0,0
2024-04-24 08:00:00,0,0,0
2024-04-24 09:00:00,0,0,0
2024-04-24 10:00:00,0,0,0
2024-04-24 11:00:00,0,0,0
2024-04-24 12:00:00,0,0,0
2024-04-24 13:00:00,0,0,0
2024-04-24 14:00:00,0,0,0
2024-04-24 15:00:00,0,0,0
2024-04-24 16:00:00,0,0,0
2024-04-24 17:00:00,0,0,0
2024-04-24 18:00:00,0,0,0
2024-04-24 19:00:00,0,0,0
2024-04-24 20:00:00,0,0,0
2024-04-24 21:00:00,0,0,0
2024-04-24 22:00:00,0,0,0
2024-04-24 23:00:00,0,0,0
2024-04-25 00:00:00,0,0,0
2024-04-25 01:00:00,0,0,0
2024-04-25 02:00:00,0,0,0
2024-04-25 03:00:00,0,0,0
2024-04-25 04:00:00,0,0,0
2024-04-25 05:00:00,0,0,0
2024-04-25 06:00:00,0,0,0
2024-04-25 07:00:00,0,0,0
2024-04-25 08:00:00,0,0,0
2024-04-25 09:00:00,0,0,0
2024-04-25 10:00:00,0,0,0
2024-04-25 11:00:00,0,0,0
2024-04-25 12:00:00,0,0,0
2024-04-25 13:00:00,0,0,0
2024-04-25 14:00:00,0,0,0
2024-04-25 15:00:00,0,0,0
2024-04-25 16:00:00,0,0,0
2024-04-25 17:00:00,0,0,0
2024-04-25 18:00:00,0,0,0
2024-04-25 19:00:00,0,0,0
2024-04-25 20:00:00,0,0,0
2024-04-25 21:00:00,0,0,0
2024-04-25 22:00:00,0,0,0
2024-04-25 23:00:00,0,0,0
2024-04-26 00:00:00,0,0,0
2024-04-26 01:00:00,0,0,0
2024-04-26 02:00:00,0,0,0
2024-04-26 03:00:00,0,0,0
2024-04-26 04:00:00,0,0,0
2024-04-26 05:00:00,0,0,0
2024-04-26 06:00:00,0,0,0
2024-04-26 07:00:00,0,0,0
2024-04-26 08:00:00,0,0,0
2024-04-26 09:00:00,0,0,0
2024-04-26 10:00:00,0,0,0
2024-04-26 11:00:00,0,0,0
2024-04-26 12:00:00,0,0,0
2024-04-26 13:00:00,0,0,0
2024-04-26 14:00:00,0,0,0
2024-04-26 15:00:00,0,0,0
2024-04-26 16:00:00,0,0,0
2024-04-26 17:00:00,0,0,0
2024-04-26 18:00:00,0,0,0
2024-04-26 19:00:00,0,0,0
2024-04-26 20:00:00,0,0,0
2024-04-26 21:00:00,0,0,0
2024-04-26 22:00:00,0,0,0
2024-04-26 23:00:00,0,0,0
2024-04-27 00:00:00,0,0,0
2024-04-27 01:00:00,0,0,0
2024-04-27 02:00:00,0,0,0
2024-04-27 03:00:00,0,0,0
2024-04-27 04:00:00,0,0,0
2024-04-27 05:00:00,0,0,0
2024-04-27 06:00:00,0,0,0
2024-04-27 07:00:00,0,0,0
2024-04-27 08:00:00,0,0,0
2024-04-27 09:00:00,0,0,0
2024-04-27 10:00:00,0,0,0
2024-04-27 11:00:00,0,0,0
2024-04-27 12:00:00,0,0,0
2024-04-27 13:00:00,0,0,0
2024-04-27 14:00:00,0,0,0
2024-04-27 15:00:00,0,0,0
2024-04-27 16:00:00,0,0,0
2024-04-27 17:00:00,0,0,0
2024-04-27 18:00:00,0,0,0
2024-04-27 19:00:00,0,0,0
2024-04-27 20:00:00,0,0,0
2024-04-27 21:00:00,0,0,0
2024-04-27 22:00:00,0,0,0
2024-04-27 23:00:00,0,0,0
2024-04-28 00:00:00,0,0,0
2024-04-28 01:00:00,0,0,0
2024-04-28 02:00:00,0,0,0
2024-04-28 03:00:00,0,0,0
2024-04-28 04:00:00,0,0,0
2024-04-28 05:00:00,0,0,0
2024-04-28 06:00:00,0,0,0
2024-04-28 07:00:00,0,0,0
2024-04-28 08:00:00,0,0,0
2024-04-28 09:00:00,0,0,0
2024-04-28 10:00:00,0,0,0
2024-04-28 11:00:00,0,0,0
2024-04-28 12:00:00,0,0,0
2024-04-28 13:00:00,0,0,0
2024-04-28 14:00:00,0,0,0
2024-04-28 15:00:00,0,0,0
2024-04-28 16:00:00,0,0,0
2024-04-28 17:00:00,0,0,0
2024-04-28 18:00:00,0,0,0
2024-04-28 19:00:00,0,0,0
2024-04-28 20:00:00,0,0,0
2024-04-28 21:00:00,0,0,0
2024-04-28 22:00:00,0,0,0
2024-04-28 23:00:00,0,0,0
2024-04-29 00:00:00,0,0,0
2024-04-29 01:00:00,0,0,0
2024-04-29 02:00:00,0,0,0
2024-04-29 03:00:00,0,0,0
2024-04-29 04:00:00,0,0,0
2024-04-29 05:00:00,0,0,0
2024-04-29 06:00:00,0,0,0
2024-04-29 07:00:00,0,0,0
2024-04-29 08:00:00,0,0,0
2024-04-29 09:00:00,0,0,0
2024-04-29 10:00:00,0,0,0
2024-04-29 11:00:00,0,0,0
2024-04-29 12:00:00,0,0,0
2024-04-29 13:00:00,0,0,0
2024-04-29 14:00:00,0,0,0
2024-04-29 15:00:00,0,0,0
2024-04-29 16:00:00,0,0,0
2024-04-29 17:00:00,0,0,0
2024-04-29 18:00:00,0,0,0
2024-04-29 19:00:00,0,0,0
2024-04-29 20:00:00,0,0,0
2024-04-29 21:00:00,0,0,0
2024-04-29 22:00:00,0,0,0
2024-04-29 23:00:00,0,0,0
2024-04-30 00:00:00,0,0,0
2024-04-30 01:00:00,0,0,0
2024-04-30 02:00:00,0,0,0
2024-04-30 03:00:00,0,0,0
2024-04-30 04:00:00,0,0,0
2024-04-30 05:00:00,0,0,0
2024-04-30 06:00:00,0,0,0
2024-04-30 07:00:00,0,0,0
2024-04-30 08:00:00,0,0,0
2024-04-30 09:00:00,0,0,0
2024-04-30 10:00:00,0,0,0
2024-04-30 11:00:00,0,0,0
2024-04-30 12:00:00,0,0,0
2024-04-30 13:00:00,0,0,0
2024-04-30 14:00:00,0,0,0
2024-04-30 15:00:00,0,0,0
2024-04-30 16:00:00,0,0,0
2024-04-30 17:00:00,0,0,0
2024-04-30 18:00:00,0,0,0
2024-04-30 19:00:00,0,0,0
2024-04-30 20:00:00,0,0,0
2024-04-30 21:00:00,0,0,0
2024-04-30 22:00:00,0,0,0
2024-04-30 23:00:00,0,0,0
2024-05-01 00:00:00,0,0,0
2024-05-01 01:00:00,0,0,0
2024-05-01 02:00:00,0,0,0
2024-05-01 03:00:00,0,0,0
2024-05-01 04:00:00,0,0,0
2024-05-01 05:00:00,0,0,0
2024-05-01 06:00:00,0,0,0
2024-05-01 07:00:00,0,0,0
2024-05-01 08:00:00,0,0,0
2024-05-01 09:00:00,0,0,0
2024-05-01 10:00:00,0,0,0
2024-05-01 11:00:00,0,0,0
2024-05-01 12:00:00,0,0,0
2024-05-01 13:00:00,0,0,0
2024-05-01 14:00:00,0,0,0
2024-05-01 15:00:00,0,0,0
2024-05-01 16:00:00,0,0,0
2024-05-01 17:00:00,0,0,0
2024-05-01 18:00:00,0,0,0
2024-05-01 19:00:00,0,0,0
2024-05-01 20:00:00,0,0,0
2024-05-01 21:00:00,0,0,0
2024-05-01 22:00:00,0,0,0
2024-05-01 23:00:00,0,0,0
2024-05-02 00:00:00,0,0,0
2024-05-02 01:00:00,0,0,0
2024-05-02 02:00:00,0,0,0
2024-05-02 03:00:00,0,0,0
2024-05-02 04:00:00,0,0,0
2024-05-02 05:00:00,0,0,0
2024-05-02 06:00:00,0,0,0
2024-05-02 07:00:00,0,0,0
2024-05-02 08:00:00,0,0,0
2024-05-02 09:00:00,0,0,0
2024-05-02 10:00:00,0,0,0
2024-05-02 11:00:00,0,0,0
2024-05-02 12:00:00,0,0,0
2024-05-02 13:00:00,0,0,0
2024-05-02 14:00:00,0,0,0
2024-05-02 15:00:00,0,0,0
2024-05-02 16:00:00,0,0,0
2024-05-02 17:00:00,0,0,0
2024-05-02 18:00:00,0,0,0
2024-05-02 19:00:00,0,0,0
2024-05-02 20:00:00,0,0,0
2024-05-02 21:00:00,0,0,0
2024-05-02 22:00:00,0,0,0
2024-05-02 23:00:00,0,0,0
2024-05-03 00:00:00,0,0,0
2024-05-03 01:00:00,0,0,0
2024-05-03 02:00:00,0,0,0
2024-05-03 03:00:00,0,0,0
2024-05-03 04:00:00,0,0,0
2024-05-03 05:00:00,0,0,0
2024-05-03 06:00:00,0,0,0
2024-05-03 07:00:00,0,0,0
2024-05-03 08:00:00,0,0,0
2024-05-03 09:00:00,0,0,0
2024-05-03 10:00:00,0,0,0
2024-05-03 11:00:00,0,0,0
2024-05-03 12:00:00,0,0,0
2024-05-03 13:00:00,0,0,0
2024-05-03 14:00:00,0,0,0
2024-05-03 15:00:00,0,0,0
2024-05-03 16:00:00,0,0,0
2024-05-03 17:00:00,0,0,0
2024-05-03 18:00:00,0,0,0
2024-05-03 19:00:00,0,0,0
2024-05-03 20:00:00,0,0,0
2024-05-03 21:00:00,0,0,0
2024-05-03 22:00:00,0,0,0
2024-05-03 23:00:00,0,0,0
2024-05-04 00:00:00,0,0,0
2024-05-04 01:00:00,0,0,0
2024-05-04 02:00:00,0,0,0
2024-05-04 03:00:00,0,0,0
2024-05-04 04:00:00,0,0,0
2024-05-04 05:00:00,0,0,0
2024-05-04 06:00:00,0,0,0
2024-05-04 07:00:00,0,0,0
2024-05-04 08:00:00,0,0,0
2024-05-04 09:00:00,0,0,0
2024-05-04 10:00:00,0,0,0
2024-05-04 11:00:00,0,0,0
2024-05-04 12:00:00,0,0,0
2024-05-04 13:00:00,0,0,0
2024-05-04 14:00:00,0,0,0
2024-05-04 15:00:00,0,0,0
2024-05-04 16:00:00,0,0,0
2024-05-04 17:00:00,0,0,0
2024-05-04 18:00:00,0,0,0
2024-05-04 19:00:00,0,0,0
2024-05-04 20:00:00,0,0,0
2024-05-04 21:00:00,0,0,0
2024-05-04 22:00:00,0,0,0
2024-05-04 23:00:00,0,0,0
2024-05-05 00:00:00,0,0,0
2024-05-05 01:00:00,0,0,0
2024-05-05 02:00:00,0,0,0
2024-05-05 03:00:00,0,0,0
2024-05-05 04:00:00,0,0,0
2024-05-05 05:00:00,0,0,0
2024-05-05 06:00:00,0,0,0
2024-05-05 07:00:00,0,0,0
2024-05-05 08:00:00,0,0,0
2024-05-05 09:00:00,0,0,0
2024-05-05 10:00:00,0,0,0
2024-05-05 11:00:00,0,0,0
2024-05-05 12:00:00,0,0,0
2024-05-05 13:00:00,0,0,0
2024-05-05 14:00:00,0,0,0
2024-05-05 15:00:00,0,0,0
2024-05-05 16:00:00,0,0,0
2024-05-05 17:00:00,0,0,0
2024-05-05 18:00:00,0,0,0
2024-05-05 19:00:00,0,0,0
2024-05-05 20:00:00,0,0,0
2024-05-05 21:00:00,0,0,0
2024-05-05 22:00:00,0,0,0
2024-05-05 23:00:00,0,0,0
2024-05-06 00:00:00,0,0,0
2024-05-06 01:00:00,0,0,0
2024-05-06 02:00:00,0,0,0
2024-05-06 03:00:00,0,0,0
2024-05-06 04:00:00,0,0,0
2024-05-06 05:00:00,0,0,0
2024-05-06 06:00:00,0,0,0
2024-05-06 07:00:00,0,0,0
2024-05-06 08:00:00,0,0,0
2024-05-06 09:00:00,0,0,0
2024-05-06 10:00:00,0,0,0
2024-05-06 11:00:00,0,0,0
2024-05-06 12:00:00,0,0,0
2024-05-06 13:00:00,0,0,0
2024-05-06 14:00:00,0,0,0
2024-05-06 15:00:00,0,0,0
2024-05-06 16:00:00,0,0,0
2024-05-06 17:00:00,0,0,0
2024-05-06 18:00:00,0,0,0
2024-05-06 19:00:00,0,0,0
2024-05-06 20:00:00,0,0,0
2024-05-06 21:00:00,0,0,0
2024-05-06 22:00:00,0,0,0
2024-05-06 23:00:00,0,0,0
2024-05-07 00:00:00,0,0,0
2024-05-07 01:00:00,0,0,0
2024-05-07 02:00:00,0,0,0
2024-05-07 03:00:00,0,0,0
2024-05-07 04:00:00,0,0,0
2024-05-07 05:00:00,0,0,0
2024-05-07 06:00:00,0,0,0
2024-05-07 07:00:00,0,0,0
2024-05-07 08:00:00,0,0,0
2024-05-07 09:00:00,0,0,0
2024-05-07 10:00:00,0,0,0
2024-05-07 11:00:00,0,0,0
2024-05-07 12:00:00,0,0,0
2024-05-07 13:00:00,0,0,0
2024-05-07 14:00:00,0,0,0
2024-05-07 15:00:00,0,0,0
2024-05-07 16:00:00,0,0,0
2024-05-07 17:00:00,0,0,0
2024-05-07 18:00:00,0,0,0
2024-05-07 19:00:00,0,0,0
2024-05-07 20:00:00,0,0,0
2024-05-07 21:00:00,0,0,0
2024-05-07 22:00:00,0,0,0
2024-05-07 23:00:00,0,0,0
2024-05-08 00:00:00,0,0,0
2024-05-08 01:00:00,0,0,0
2024-05-08 02:00:00,0,0,0
2024-05-08 03:00:00,0,0,0
2024-05-08 04:00:00,0,0,0
2024-05-08 05:00:00,0,0,0
2024-05-08 06:00:00,0,0,0
2024-05-08 07:00:00,0,0,0
2024-05-08 08:00:00,0,0,0
2024-05-08 09:00:00,0,0,0
2024-05-08 10:00:00,0,0,0
2024-05-08 11:00:00,0,0,0
2024-05-08 12:00:00,0,0,0
2024-05-08 13:00:00,0,0,0
2024-05-08 14:00:00,0,0,0
2024-05-08 15:00:00,0,0,0
2024-05-08 16:00:00,0,0,0
2024-05-08 17:00:00,0,0,0
2024-05-08 18:00:00,0,0,0
2024-05-08 19:00:00,0,0,0
2024-05-08 20:00:00,0,0,0
2024-05-08 21:00:00,0,0,0
2024-05-08 22:00:00,0,0,0
2024-05-08 23:00:00,0,0,0
2024-05-09 00:00:00,0,0,0
2024-05-09 01:00:00,0,0,0
2024-05-09 02:00:00,0,0,0
2024-05-09 03:00:00,0,0,0
2024-05-09 04:00:00,0,0,0
2024-05-09 05:00:00,0,0,0
2024-05-09 06:00:00,0,0,0
2024-05-09 07:00:00,0,0,0
2024-05-09 08:00:00,0,0,0
2024-05-09 09:00:00,0,0,0
2024-05-09 10:00:00,0,0,0
2024-05-09 11:00:00,0,0,0
2024-05-09 12:00:00,0,0,0
2024-05-09 13:00:00,0,0,0
2024-05-09 14:00:00,0,0,0
2024-05-09 15:00:00,0,0,0
2024-05-09 16:00:00,0,0,0
2024-05-09 17:00:00,0,0,0
2024-05-09 18:00:00,0,0,0
2024-05-09 19:00:00,0,0,0
2024-05-09 20:00:00,0,0,0
2024-05-09 21:00:00,0,0,0
2024-05-09 22:00:00,0,0,0
2024-05-09 23:00:00,0,0,0
2024-05-10 00:00:00,0,0,0
2024-05-10 01:00:00,0,0,0
2024-05-10 02:00:00,0,0,0
2024-05-10 03:00:00,0,0,0
2024-05-10 04:00:00,0,0,0
2024-05-10 05:00:00,0,0,0
2024-05-10 06:00:00,0,0,0
2024-05-10 07:00:00,0,0,0
2024-05-10 08:00:00,0,0,0
2024-05-10 09:00:00,0,0,0
2024-05-10 10:00:00,0,0,0
2024-05-10 11:00:00,0,0,0
2024-05-10 12:00:00,0,0,0
2024-05-10 13:00:00,0,0,0
2024-05-10 14:00:00,0,0,0
2024-05-10 15:00:00,0,0,0
2024-05-10 16:00:00,0,0,0
2024-05-10 17:00:00,0,0,0
2024-05-10 18:00:00,0,0,0
2024-05-10 19:00:00,0,0,0
2024-05-10 20:00:00,0,0,0
2024-05-10 21:00:00,0,0,0
2024-05-10 22:00:00,0,0,0
2024-05-10 23:00:00,0,0,0
2024-05-11 00:00:00,0,0,0
2024-05-11 01:00:00,0,0,0
2024-05-11 02:00:00,0,0,0
2024-05-11 03:00:00,0,0,0
2024-05-11 04:00:00,0,0,0
2024-05-11 05:00:00,0,0,0
2024-05-11 06:00:00,0,0,0
2024-05-11 07:00:00,0,0,0
2024-05-11 08:00:00,0,0,0
2024-05-11 09:00:00,0,0,0
2024-05-11 10:00:00,0,0,0
2024-05-11 11:00:00,0,0,0
2024-05-11 12:00:00,0,0,0
2024-05-11 13:00:00,0,0,0
2024-05-11 14:00:00,0,0,0
2024-05-11 15:00:00,0,0,0
2024-05-11 16:00:00,0,0,0
2024-05-11 17:00:00,0,0,0
2024-05-11 18:00:00,0,0,0
2024-05-11 19:00:00,0,0,0
2024-05-11 20:00:00,0,0,0
2024-05-11 21:00:00,0,0,0
2024-05-11 22:00:00,0,0,0
2024-05-11 23:00:00,0,0,0
2024-05-12 00:00:00,0,0,0
2024-05-12 01:00:00,0,0,0
2024-05-12 02:00:00,0,0,0
2024-05-12 03:00:00,0,0,0
2024-05-12 04:00:00,0,0,0
2024-05-12 05:00:00,0,0,0
2024-05-12 06:00:00,0,0,0
2024-05-12 07:00:00,0,0,0
2024-05-12 08:00:00,0,0,0
2024-05-12 09:00:00,0,0,0
2024-05-12 10:00:00,0,0,0
2024-05-12 11:00:00,0,0,0
2024-05-12 12:00:00,0,0,0
2024-05-12 13:00:00,0,0,0
2024-05-12 14:00:00,0,0,0
2024-05-12 15:00:00,0,0,0
2024-05-12 16:00:00,0,0,0
2024-05-12 17:00:00,0,0,0
2024-05-12 18:00:00,0,0,0
2024-05-12 19:00:00,0,0,0
2024-05-12 20:00:00,0,0,0
2024-05-12 21:00:00,0,0,0
2024-05-12 22:00:00,0,0,0
2024-05-12 23:00:00,0,0,0
2024-05-13 00:00:00,0,0,0
2024-05-13 01:00:00,0,0,0
2024-05-13 02:00:00,0,0,0
2024-05-13 03:00:00,0,0,0
2024-05-13 04:00:00,0,0,0
2024-05-13 05:00:00,0,0,0
2024-05-13 06:00:00,0,0,0
2024-05-13 07:00:00,0,0,0
2024-05-13 08:00:00,0,0,0
2024-05-13 09:00:00,0,0,0
2024-05-13 10:00:00,0,0,0
2024-05-13 11:00:00,0,0,0
2024-05-13 12:00:00,0,0,0
2024-05-13 13:00:00,0,0,0
2024-05-13 14:00:00,0,0,0
2024-05-13 15:00:00,0,0,0
2024-05-13 16:00:00,0,0,0
2024-05-13 17:00:00,0,0,0
2024-05-13 18:00:00,0,0,0
2024-05-13 19:00:00,0,0,0
2024-05-13 20:00:00,0,0,0
2024-05-13 21:00:00,0,0,0
2024-05-13 22:00:00,0,0,0
2024-05-13 23:00:00,0,0,0
2024-05-14 00:00:00,0,0,0
2024-05-14 01:00:00,0,0,0
2024-05-14 02:00:00,0,0,0
2024-05-14 03:00:00,0,0,0
2024-05-14 04:00:00,0,0,0
2024-05-14 05:00:00,0,0,0
2024-05-14 06:00:00,0,0,0
2024-05-14 07:00:00,0,0,0
2024-05-14 08:00:00,0,0,0
2024-05-14 09:00:00,0,0,0
2024-05-14 10:00:00,0,0,0
2024-05-14 11:00:00,0,0,0
2024-05-14 12:00:00,0,0,0
2024-05-14 13:00:00,0,0,0
2024-05-14 14:00:00,0,0,0
2024-05-14 15:00:00,0,0,0
2024-05-14 16:00:00,0,0,0
2024-05-14 17:00:00,0,0,0
2024-05-14 18:00:00,0,0,0
2024-05-14 19:00:00,0,0,0
2024-05-14 20:00:00,0,0,0
2024-05-14 21:00:00,0,0,0
2024-05-14 22:00:00,0,0,0
2024-05-14 23:00:00,0,0,0
2024-05-15 00:00:00,0,0,0
2024-05-15 01:00:00,0,0,0
2024-05-15 02:00:00,0,0,0
2024-05-15 03:00:00,0,0,0
2024-05-15 04:00:00,0,0,0
2024-05-15 05:00:00,0,0,0
2024-05-15 06:00:00,0,0,0
2024-05-15 07:00:00,0,0,0
2024-05-15 08:00:00,0,0,0
2024-05-15 09:00:00,0,0,0
2024-05-15 10:00:00,0,0,0
2024-05-15 11:00:00,0,0,0
2024-05-15 12:00:00,0,0,0
2024-05-15 13:00:00,0,0,0
2024-05-15 14:00:00,0,0,0
2024-05-15 15:00:00,0,0,0
2024-05-15 16:00:00,0,0,0
2024-05-15 17:00:00,0,0,0
2024-05-15 18:00:00,0,0,0
2024-05-15 19:00:00,0,0,0
2024-05-15 20:00:00,0,0,0
2024-05-15 21:00:00,0,0,0
2024-05-15 22:00:00,0,0,0
2024-05-15 23:00:00,0,0,0
2024-05-16 00:00:00,0,0,0
2024-05-16 01:00:00,0,0,0
2024-05-16 02:00:00,0,0,0
2024-05-16 03:00:00,0,0,0
2024-05-16 04:00:00,0,0,0
2024-05-16 05:00:00,0,0,0
2024-05-16 06:00:00,0,0,0
2024-05-16 07:00:00,0,0,0
2024-05-16 08:00:00,0,0,0
2024-05-16 09:00:00,0,0,0
2024-05-16 10:00:00,0,0,0
2024-05-16 11:00:00,0,0,0
2024-05-16 12:00:00,0,0,0
2024-05-16 13:00:00,0,0,0
2024-05-16 14:00:00,0,0,0
2024-05-16 15:00:00,0,0,0
2024-05-16 16:00:00,0,0,0
2024-05-16 17:00:00,0,0,0
2024-05-16 18:00:00,0,0,0
2024-05-16 19:00:00,0,0,0
2024-05-16 20:00:00,0,0,0
2024-05-16 21:00:00,0,0,0
2024-05-16 22:00:00,0,0,0
2024-05-16 23:00:00,0,0,0
2024-05-17 00:00:00,0,0,0
2024-05-17 01:00:00,0,0,0
2024-05-17 02:00:00,0,0,0
2024-05-17 03:00:00,0,0,0
2024-05-17 04:00:00,0,0,0
2024-05-17 05:00:00,0,0,0
2024-05-17 06:00:00,0,0,0
2024-05-17 07:00:00,0,0,0
2024-05-17 08:00:00,0,0,0
2024-05-17 09:00:00,0,0,0
2024-05-17 10:00:00,0,0,0
2024-05-17 11:00:00,0,0,0
2024-05-17 12:00:00,0,0,0
2024-05-17 13:00:00,0,0,0
2024-05-17 14:00:00,0,0,0
2024-05-17 15:00:00,0,0,0
2024-05-17 16:00:00,0,0,0
2024-05-17 17:00:00,0,0,0
2024-05-17 18:00:00,0,0,0
2024-05-17 19:00:00,0,0,0
2024-05-17 20:00:00,0,0,0
2024-05-17 21:00:00,0,0,0
2024-05-17 22:00:00,0,0,0
2024-05-17 23:00:00,0,0,0
2024-05-18 00:00:00,0,0,0
2024-05-18 01:00:00,0,0,0
2024-05-18 02:00:00,0,0,0
2024-05-18 03:00:00,0,0,0
2024-05-18 04:00:00,0,0,0
2024-05-18 05:00:00,0,0,0
2024-05-18 06:00:00,0,0,0
2024-05-18 07:00:00,0,0,0
2024-05-18 08:00:00,0,0,0
2024-05-18 09:00:00,0,0,0
2024-05-18 10:00:00,0,0,0
2024-05-18 11:00:00,0,0,0
2024-05-18 12:00:00,0,0,0
2024-05-18 13:00:00,0,0,0
2024-05-18 14:00:00,0,0,0
2024-05-18 15:00:00,0,0,0
2024-05-18 16:00:00,0,0,0
2024-05-18 17:00:00,0,0,0
2024-05-18 18:00:00,0,0,0
2024-05-18 19:00:00,0,0,0
2024-05-18 20:00:00,0,0,0
2024-05-18 21:00:00,0,0,0
2024-05-18 22:00:00,0,0,0
2024-05-18 23:00:00,0,0,0
2024-05-19 00:00:00,0,0,0
2024-05-19 01:00:00,0,0,0
2024-05-19 02:00:00,0,0,0
2024-05-19 03:00:00,0,0,0
2024-05-19 04:00:00,0,0,0
2024-05-19 05:00:00,0,0,0
2024-05-19 06:00:00,0,0,0
2024-05-19 07:00:00,0,0,0
2024-05-19 08:00:00,0,0,0
2024-05-19 09:00:00,0,0,0
2024-05-19 10:00:00,0,0,0
2024-05-19 11:00:00,0,0,0
2024-05-19 12:00:00,0,0,0
2024-05-19 13:00:00,0,0,0
2024-05-19 14:00:00,0,0,0
2024-05-19 15:00:00,0,0,0
2024-05-19 16:00:00,0,0,0
2024-05-19 17:00:00,0,0,0
2024-05-19 18:00:00,0,0,0
2024-05-19 19:00:00,0,0,0
2024-05-19 20:00:00,0,0,0
2024-05-19 21:00:00,0,0,0
2024-05-19 22:00:00,0,0,0
2024-05-19 23:00:00,0,0,0
2024-05-20 00:00:00,0,0,0
2024-05-20 01:00:00,0,0,0
2024-05-20 02:00:00,0,0,0
2024-05-20 03:00:00,0,0,0
2024-05-20 04:00:00,0,0,0
2024-05-20 05:00:00,0,0,0
2024-05-20 06:00:00,0,0,0
2024-05-20 07:00:00,0,0,0
2024-05-20 08:00:00,0,0,0
2024-05-20 09:00:00,0,0,0
2024-05-20 10:00:00,0,0,0
2024-05-20 11:00:00,0,0,0
2024-05-20 12:00:00,0,0,0
2024-05-20 13:00:00,0,0,0
2024-05-20 14:00:00,0,0,0
2024-05-20 15:00:00,0,0,0
2024-05-20 16:00:00,0,0,0
2024-05-20 17:00:00,0,0,0
2024-05-20 18:00:00,0,0,0
2024-05-20 19:00:00,0,0,0
2024-05-20 20:00:00,0,0,0
2024-05-20 21:00:00,0,0,0
2024-05-20 22:00:00,0,0,0
2024-05-20 23:00:00,0,0,0
2024-05-21 00:00:00,0,0,0
2024-05-21 01:00:00,0,0,0
2024-05-21 02:00:00,0,0,0
2024-05-21 03:00:00,0,0,0
2024-05-21 04:00:00,0,0,0
2024-05-21 05:00:00,0,0,0
2024-05-21 06:00:00,0,0,0
2024-05-21 07:00:00,0,0,0
2024-05-21 08:00:00,0,0,0
2024-05-21 09:00:00,0,0,0
2024-05-21 10:00:00,0,0,0
2024-05-21 11:00:00,0,0,0
2024-05-21 12:00:00,0,0,0
2024-05-21 13:00:00,0,0,0
2024-05-21 14:00:00,0,0,0
2024-05-21 15:00:00,0,0,0
2024-05-21 16:00:00,0,0,0
2024-05-21 17:00:00,0,0,0
2024-05-21 18:00:00,0,0,0
2024-05-21 19:00:00,0,0,0
2024-05-21 20:00:00,0,0,0
2024-05-21 21:00:00,0,0,0
2024-05-21 22:00:00,0,0,0
2024-05-21 23:00:00,0,0,0
2024-05-22 00:00:00,0,0,0
2024-05-22 01:00:00,0,0,0
2024-05-22 02:00:00,0,0,0
2024-05-22 03:00:00,0,0,0
2024-05-22 04:00:00,0,0,0
2024-05-22 05:00:00,0,0,0
2024-05-22 06:00:00,0,0,0
2024-05-22 07:00:00,0,0,0
2024-05-22 08:00:00,0,0,0
2024-05-22 09:00:00,0,0,0
2024-05-22 10:00:00,0,0,0
2024-05-22 11:00:00,0,0,0
2024-05-22 12:00:00,0,0,0
2024-05-22 13:00:00,0,0,0
2024-05-22 14:00:00,0,0,0
2024-05-22 15:00:00,0,0,0
2024-05-22 16:00:00,0,0,0
2024-05-22 17:00:00,0,0,0
2024-05-22 18:00:00,0,0,0
2024-05-22 19:00:00,0,0,0
2024-05-22 20:00:00,0,0,0
2024-05-22 21:00:00,0,0,0
2024-05-22 22:00:00,0,0,0
2024-05-22 23:00:00,0,0,0
2024-05-23 00:00:00,0,0,0
2024-05-23 01:00:00,0,0,0
2024-05-23 02:00:00,0,0,0
2024-05-23 03:00:00,0,0,0
2024-05-23 04:00:00,0,0,0
2024-05-23 05:00:00,0,0,0
2024-05-23 06:00:00,0,0,0
2024-05-23 07:00:00,0,0,0
2024-05-23 08:00:00,0,0,0
2024-05-23 09:00:00,0,0,0
2024-05-23 10:00:00,0,0,0
2024-05-23 11:00:00,0,0,0
2024-05-23 12:00:00,0,0,0
2024-05-23 13:00:00,0,0,0
2024-05-23 14:00:00,0,0,0
2024-05-23 15:00:00,0,0,0
2024-05-23 16:00:00,0,0,0
2024-05-23 17:00:00,0,0,0
2024-05-23 18:00:00,0,0,0
2024-05-23 19:00:00,0,0,0
2024-05-23 20:00:00,0,0,0
2024-05-23 21:00:00,0,0,0
2024-05-23 22:00:00,0,0,0
2024-05-23 23:00:00,0,0,0
2024-05-24 00:00:00,0,0,0
2024-05-24 01:00:00,0,0,0
2024-05-24 02:00:00,0,0,0
2024-05-24 03:00:00,0,0,0
2024-05-24 04:00:00,0,0,0
2024-05-24 05:00:00,0,0,0
2024-05-24 06:00:00,0,0,0
2024-05-24 07:00:00,0,0,0
2024-05-24 08:00:00,0,0,0
2024-05-24 09:00:00,0,0,0
2024-05-24 10:00:00,0,0,0
2024-05-24 11:00:00,0,0,0
2024-05-24 12:00:00,0,0,0
2024-05-24 13:00:00,0,0,0
2024-05-24 14:00:00,0,0,0
2024-05-24 15:00:00,0,0,0
2024-05-24 16:00:00,0,0,0
2024-05-24 17:00:00,0,0,0
2024-05-24 18:00:00,0,0,0
2024-05-24 19:00:00,0,0,0
2024-05-24 20:00:00,0,0,0
2024-05-24 21:00:00,0,0,0
2024-05-24 22:00:00,0,0,0
2024-05-24 23:00:00,0,0,0
2024-05-25 00:00:00,0,0,0
2024-05-25 01:00:00,0,0,0
2024-05-25 02:00:00,0,0,0
2024-05-25 03:00:00,0,0,0
2024-05-25 04:00:00,0,0,0
2024-05-25 05:00:00,0,0,0
2024-05-25 06:00:00,0,0,0
2024-05-25 07:00:00,0,0,0
2024-05-25 08:00:00,0,0,0
2024-05-25 09:00:00,0,0,0
2024-05-25 10:00:00,0,0,0
2024-05-25 11:00:00,0,0,0
2024-05-25 12:00:00,0,0,0
2024-05-25 13:00:00,0,0,0
2024-05-25 14:00:00,0,0,0
2024-05-25 15:00:00,0,0,0
2024-05-25 16:00:00,0,0,0
2024-05-25 17:00:00,0,0,0
2024-05-25 18:00:00,0,0,0
2024-05-25 19:00:00,0,0,0
2024-05-25 20:00:00,0,0,0
2024-05-25 21:00:00,0,0,0
2024-05-25 22:00:00,0,0,0
2024-05-25 23:00:00,0,0,0
2024-05-26 00:00:00,0,0,0
2024-05-26 01:00:00,0,0,0
2024-05-26 02:00:00,0,0,0
2024-05-26 03:00:00,0,0,0
2024-05-26 04:00:00,0,0,0
2024-05-26 05:00:00,0,0,0
2024-05-26 06:00:00,0,0,0
2024-05-26 07:00:00,0,0,0
2024-05-26 08:00:00,0,0,0
2024-05-26 09:00:00,0,0,0
2024-05-26 10:00:00,0,0,0
2024-05-26 11:00:00,0,0,0
2024-05-26 12:00:00,0,0,0
2024-05-26 13:00:00,0,0,0
2024-05-26 14:00:00,0,0,0
2024-05-26 15:00:00,0,0,0
2024-05-26 16:00:00,0,0,0
2024-05-26 17:00:00,0,0,0
2024-05-26 18:00:00,0,0,0
2024-05-26 19:00:00,0,0,0
2024-05-26 20:00:00,0,0,0
2024-05-26 21:00:00,0,0,0
2024-05-26 22:00:00,0,0,0
2024-05-26 23:00:00,0,0,0
2024-05-27 00:00:00,0,0,0
2024-05-27 01:00:00,0,0,0
2024-05-27 02:00:00,0,0,0
2024-05-27 03:00:00,0,0,0
2024-05-27 04:00:00,0,0,0
2024-05-27 05:00:00,0,0,0
2024-05-27 06:00:00,0,0,0
2024-05-27 07:00:00,0,0,0
2024-05-27 08:00:00,0,0,0
2024-05-27 09:00:00,0,0,0
2024-05-27 10:00:00,0,0,0
2024-05-27 11:00:00,0,0,0
2024-05-27 12:00:00,0,0,0
2024-05-27 13:00:00,0,0,0
2024-05-27 14:00:00,0,0,0
2024-05-27 15:00:00,0,0,0
2024-05-27 16:00:00,0,0,0
2024-05-27 17:00:00,0,0,0
2024-05-27 18:00:00,0,0,0
2024-05-27 19:00:00,0,0,0
2024-05-27 20:00:00,0,0,0
2024-05-27 21:00:00,0,0,0
2024-05-27 22:00:00,0,0,0
2024-05-27 23:00:00,0,0,0
2024-05-28 00:00:00,0,0,0
2024-05-28 01:00:00,0,0,0
2024-05-28 02:00:00,0,0,0
2024-05-28 03:00:00,0,0,0
2024-05-28 04:00:00,0,0,0
2024-05-28 05:00:00,0,0,0
2024-05-28 06:00:00,0,0,0
2024-05-28 07:00:00,0,0,0
2024-05-28 08:00:00,0,0,0
2024-05-28 09:00:00,0,0,0
2024-05-28 10:00:00,0,0,0
2024-05-28 11:00:00,0,0,0
2024-05-28 12:00:00,0,0,0
2024-05-28 13:00:00,0,0,0
2024-05-28 14:00:00,0,0,0
2024-05-28 15:00:00,0,0,0
2024-05-28 16:00:00,0,0,0
2024-05-28 17:00:00,0,0,0
2024-05-28 18:00:00,0,0,0
2024-05-28 19:00:00,0,0,0
2024-05-28 20:00:00,0,0,0
2024-05-28 21:00:00,0,0,0
2024-05-28 22:00:00,0,0,0
2024-05-28 23:00:00,0,0,0
2024-05-29 00:00:00,0,0,0
2024-05-29 01:00:00,0,0,0
2024-05-29 02:00:00,0,0,0
2024-05-29 03:00:00,0,0,0
2024-05-29 04:00:00,0,0,0
2024-05-29 05:00:00,0,0,0
2024-05-29 06:00:00,0,0,0
2024-05-29 07:00:00,0,0,0
2024-05-29 08:00:00,0,0,0
2024-05-29 09:00:00,0,0,0
2024-05-29 10:00:00,0,0,0
2024-05-29 11:00:00,0,0,0
2024-05-29 12:00:00,0,0,0
2024-05-29 13:00:00,0,0,0
2024-05-29 14:00:00,0,0,0
2024-05-29 15:00:00,0,0,0
2024-05-29 16:00:00,0,0,0
2024-05-29 17:00:00,0,0,0
2024-05-29 18:00:00,0,0,0
2024-05-29 19:00:00,0,0,0
2024-05-29 20:00:00,0,0,0
2024-05-29 21:00:00,0,0,0
2024-05-29 22:00:00,0,0,0
2024-05-29 23:00:00,0,0,0
2024-05-30 00:00:00,0,0,0
2024-05-30 01:00:00,0,0,0
2024-05-30 02:00:00,0,0,0
2024-05-30 03:00:00,0,0,0
2024-05-30 04:00:00,0,0,0
2024-05-30 05:00:00,0,0,0
2024-05-30 06:00:00,0,0,0
2024-05-30 07:00:00,0,0,0
2024-05-30 08:00:00,0,0,0
2024-05-30 09:00:00,0,0,0
2024-05-30 10:00:00,0,0,0
2024-05-30 11:00:00,0,0,0
2024-05-30 12:00:00,0,0,0
2024-05-30 13:00:00,0,0,0
2024-05-30 14:00:00,0,0,0
2024-05-30 15:00:00,0,0,0
2024-05-30 16:00:00,0,0,0
2024-05-30 17:00:00,0,0,0
2024-05-30 18:00:00,0,0,0
2024-05-30 19:00:00,0,0,0
2024-05-30 20:00:00,0,0,0
2024-05-30 21:00:00,0,0,0
2024-05-30 22:00:00,0,0,0
2024-05-30 23:00:00,0,0,0
2024-05-31 00:00:00,0,0,0
2024-05-31 01:00:00,0,0,0
2024-05-31 02:00:00,0,0,0
2024-05-31 03:00:00,0,0,0
2024-05-31 04:00:00,0,0,0
2024-05-31 05:00:00,0,0,0
2024-05-31 06:00:00,0,0,0
2024-05-31 07:00:00,0,0,0
2024-05-31 08:00:00,0,0,0
2024-05-31 09:00:00,0,0,0
2024-05-31 10:00:00,0,0,0
2024-05-31 11:00:00,0,0,0
2024-05-31 12:00:00,0,0,0
2024-05-31 13:00:00,0,0,0
2024-05-31 14:00:00,0,0,0
2024-05-31 15:00:00,0,0,0
2024-05-31 16:00:00,0,0,0
2024-05-31 17:00:00,0,0,0
2024-05-31 18:00:00,0,0,0
2024-05-31 19:00:00,0,0,0
2024-05-31 20:00:00,0,0,0
2024-05-31 21:00:00,0,0,0
2024-05-31 22:00:00,0,0,0
2024-05-31 23:00:00,0,0,0
2024-06-01 00:00:00,0,0,0
2024-06-01 01:00:00,0,0,0
2024-06-01 02:00:00,0,0,0
2024-06-01 03:00:00,0,0,0
2024-06-01 04:00:00,0,0,0
2024-06-01 05:00:00,0,0,0
2024-06-01 06:00:00,0,0,0
2024-06-01 07:00:00,0,0,0
2024-06-01 08:00:00,0,0,0
2024-06-01 09:00:00,0,0,0
2024-06-01 10:00:00,0,0,0
2024-06-01 11:00:00,0,0,0
2024-06-01 12:00:00,0,0,0
2024-06-01 13:00:00,0,0,0
2024-06-01 14:00:00,0,0,0
2024-06-01 15:00:00,0,0,0
2024-06-01 16:00:00,0,0,0
2024-06-01 17:00:00,0,0,0
2024-06-01 18:00:00,0,0,0
2024-06-01 19:00:00,0,0,0
2024-06-01 20:00:00,0,0,0
2024-06-01 21:00:00,0,0,0
2024-06-01 22:00:00,0,0,0
2024-06-01 23:00:00,0,0,0
2024-06-02 00:00:00,0,0,0
2024-06-02 01:00:00,0,0,0
2024-06-02 02:00:00,0,0,0
2024-06-02 03:00:00,0,0,0
2024-06-02 04:00:00,0,0,0
2024-06-02 05:00:00,0,0,0
2024-06-02 06:00:00,0,0,0
2024-06-02 07:00:00,0,0,0
2024-06-02 08:00:00,0,0,0
2024-06-02 09:00:00,0,0,0
2024-06-02 10:00:00,0,0,0
2024-06-02 11:00:00,0,0,0
2024-06-02 12:00:00,0,0,0
2024-06-02 13:00:00,0,0,0
2024-06-02 14:00:00,0,0,0
2024-06-02 15:00:00,0,0,0
2024-06-02 16:00:00,0,0,0
2024-06-02 17:00:00,0,0,0
2024-06-02 18:00:00,0,0,0
2024-06-02 19:00:00,0,0,0
2024-06-02 20:00:00,0,0,0
2024-06-02 21:00:00,0,0,0
2024-06-02 22:00:00,0,0,0
2024-06-02 23:00:00,0,0,0
2024-06-03 00:00:00,0,0,0
2024-06-03 01:00:00,0,0,0
2024-06-03 02:00:00,0,0,0
2024-06-03 03:00:00,0,0,0
2024-06-03 04:00:00,0,0,0
2024-06-03 05:00:00,0,0,0
2024-06-03 06:00:00,0,0,0
2024-06-03 07:00:00,0,0,0
2024-06-03 08:00:00,0,0,0
2024-06-03 09:00:00,0,0,0
2024-06-03 10:00:00,0,0,0
2024-06-03 11:00:00,0,0,0
2024-06-03 12:00:00,0,0,0
2024-06-03 13:00:00,0,0,0
2024-06-03 14:00:00,0,0,0
2024-06-03 15:00:00,0,0,0
2024-06-03 16:00:00,0,0,0
2024-06-03 17:00:00,0,0,0
2024-06-03 18:00:00,0,0,0
2024-06-03 19:00:00,0,0,0
2024-06-03 20:00:00,0,0,0
2024-06-03 21:00:00,0,0,0
2024-06-03 22:00:00,0,0,0
2024-06-03 23:00:00,0,0,0
2024-06-04 00:00:00,0,0,0
2024-06-04 01:00:00,0,0,0
2024-06-04 02:00:00,0,0,0
2024-06-04 03:00:00,0,0,0
2024-06-04 04:00:00,0,0,0
2024-06-04 05:00:00,0,0,0
2024-06-04 06:00:00,0,0,0
2024-06-04 07:00:00,0,0,0
2024-06-04 08:00:00,0,0,0
2024-06-04 09:00:00,0,0,0
2024-06-04 10:00:00,0,0,0
2024-06-04 11:00:00,0,0,0
2024-06-04 12:00:00,0,0,0
2024-06-04 13:00:00,0,0,0
2024-06-04 14:00:00,0,0,0
2024-06-04 15:00:00,0,0,0
2024-06-04 16:00:00,0,0,0
2024-06-04 17:00:00,0,0,0
2024-06-04 18:00:00,0,0,0
2024-06-04 19:00:00,0,0,0
2024-06-04 20:00:00,0,0,0
2024-06-04 21:00:00,0,0,0
2024-06-04 22:00:00,0,0,0
2024-06-04 23:00:00,0,0,0
2024-06-05 00:00:00,0,0,0
2024-06-05 01:00:00,0,0,0
2024-06-05 02:00:00,0,0,0
2024-06-05 03:00:00,0,0,0
2024-06-05 04:00:00,0,0,0
2024-06-05 05:00:00,0,0,0
2024-06-05 06:00:00,0,0,0
2024-06-05 07:00:00,0,0,0
2024-06-05 08:00:00,0,0,0
2024-06-05 09:00:00,0,0,0
2024-06-05 10:00:00,0,0,0
2024-06-05 11:00:00,0,0,0
2024-06-05 12:00:00,0,0,0
2024-06-05 13:00:00,0,0,0
2024-06-05 14:00:00,0,0,0
2024-06-05 15:00:00,0,0,0
2024-06-05 16:00:00,0,0,0
2024-06-05 17:00:00,0,0,0
2024-06-05 18:00:00,0,0,0
2024-06-05 19:00:00,0,0,0
2024-06-05 20:00:00,0,0,0
2024-06-05 21:00:00,0,0,0
2024-06-05 22:00:00,0,0,0
2024-06-05 23:00:00,0,0,0
2024-06-06 00:00:00,0,0,0
2024-06-06 01:00:00,0,0,0
2024-06-06 02:00:00,0,0,0
2024-06-06 03:00:00,0,0,0
2024-06-06 04:00:00,0,0,0
2024-06-06 05:00:00,0,0,0
2024-06-06 06:00:00,0,0,0
2024-06-06 07:00:00,0,0,0
2024-06-06 08:00:00,0,0,0
2024-06-06 09:00:00,0,0,0
2024-06-06 10:00:00,0,0,0
2024-06-06 11:00:00,0,0,0
2024-06-06 12:00:00,0,0,0
2024-06-06 13:00:00,0,0,0
2024-06-06 14:00:00,0,0,0
2024-06-06 15:00:00,0,0,0
2024-06-06 16:00:00,0,0,0
2024-06-06 17:00:00,0,0,0
2024-06-06 18:00:00,0,0,0
2024-06-06 19:00:00,0,0,0
2024-06-06 20:00:00,0,0,0
2024-06-06 21:00:00,0,0,0
2024-06-06 22:00:00,0,0,0
2024-06-06 23:00:00,0,0,0
2024-06-07 00:00:00,0,0,0
2024-06-07 01:00:00,0,0,0
2024-06-07 02:00:00,0,0,0
2024-06-07 03:00:00,0,0,0
2024-06-07 04:00:00,0,0,0
2024-06-07 05:00:00,0,0,0
2024-06-07 06:00:00,0,0,0
2024-06-07 07:00:00,0,0,0
2024-06-07 08:00:00,0,0,0
2024-06-07 09:00:00,0,0,0
2024-06-07 10:00:00,0,0,0
2024-06-07 11:00:00,0,0,0
2024-06-07 12:00:00,0,0,0
2024-06-07 13:00:00,0,0,0
2024-06-07 14:00:00,0,0,0
2024-06-07 15:00:00,0,0,0
2024-06-07 16:00:00,0,0,0
2024-06-07 17:00:00,0,0,0
2024-06-07 18:00:00,0,0,0
2024-06-07 19:00:00,0,0,0
2024-06-07 20:00:00,0,0,0
2024-06-07 21:00:00,0,0,0
2024-06-07 22:00:00,0,0,0
2024-06-07 23:00:00,0,0,0
2024-06-08 00:00:00,0,0,0
2024-06-08 01:00:00,0,0,0
2024-06-08 02:00:00,0,0,0
2024-06-08 03:00:00,0,0,0
2024-06-08 04:00:00,0,0,0
2024-06-08 05:00:00,0,0,0
2024-06-08 06:00:00,0,0,0
2024-06-08 07:00:00,0,0,0
2024-06-08 08:00:00,0,0,0
2024-06-08 09:00:00,0,0,0
2024-06-08 10:00:00,0,0,0
2024-06-08 11:00:00,0,0,0
2024-06-08 12:00:00,0,0,0
2024-06-08 13:00:00,0,0,0
2024-06-08 14:00:00,0,0,0
2024-06-08 15:00:00,0,0,0
2024-06-08 16:00:00,0,0,0
2024-06-08 17:00:00,0,0,0
2024-06-08 18:00:00,0,0,0
2024-06-08 19:00:00,0,0,0
2024-06-08 20:00:00,0,0,0
2024-06-08 21:00:00,0,0,0
2024-06-08 22:00:00,0,0,0
2024-06-08 23:00:00,0,0,0
2024-06-09 00:00:00,0,0,0
2024-06-09 01:00:00,0,0,0
2024-06-09 02:00:00,0,0,0
2024-06-09 03:00:00,0,0,0
2024-06-09 04:00:00,0,0,0
2024-06-09 05:00:00,0,0,0
2024-06-09 06:00:00,0,0,0
2024-06-09 07:00:00,0,0,0
2024-06-09 08:00:00,0,0,0
2024-06-09 09:00:00,0,0,0
2024-06-09 10:00:00,0,0,0
2024-06-09 11:00:00,0,0,0
2024-06-09 12:00:00,0,0,0
2024-06-09 13:00:00,0,0,0
2024-06-09 14:00:00,0,0,0
2024-06-09 15:00:00,0,0,0
2024-06-09 16:00:00,0,0,0
2024-06-09 17:00:00,0,0,0
2024-06-09 18:00:00,0,0,0
2024-06-09 19:00:00,0,0,0
2024-06-09 20:00:00,0,0,0
2024-06-09 21:00:00,0,0,0
2024-06-09 22:00:00,0,0,0
2024-06-09 23:00:00,0,0,0
2024-06-10 00:00:00,0,0,0
2024-06-10 01:00:00,0,0,0
2024-06-10 02:00:00,0,0,0
2024-06-10 03:00:00,0,0,0
2024-06-10 04:00:00,0,0,0
2024-06-10 05:00:00,0,0,0
2024-06-10 06:00:00,0,0,0
2024-06-10 07:00:00,0,0,0
2024-06-10 08:00:00,0,0,0
2024-06-10 09:00:00,0,0,0
2024-06-10 10:00:00,0,0,0
2024-06-10 11:00:00,0,0,0
2024-06-10 12:00:00,0,0,0
2024-06-10 13:00:00,0,0,0
2024-06-10 14:00:00,0,0,0
2024-06-10 15:00:00,0,0,0
2024-06-10 16:00:00,0,0,0
2024-06-10 17:00:00,0,0,0
2024-06-10 18:00:00,0,0,0
2024-06-10 19:00:00,0,0,0
2024-06-10 20:00:00,0,0,0
2024-06-10 21:00:00,0,0,0
2024-06-10 22:00:00,0,0,0
2024-06-10 23:00:00,0,0,0
2024-06-11 00:00:00,0,0,0
2024-06-11 01:00:00,0,0,0
2024-06-11 02:00:00,0,0,0
2024-06-11 03:00:00,0,0,0
2024-06-11 04:00:00,0,0,0
2024-06-11 05:00:00,0,0,0
2024-06-11 06:00:00,0,0,0
2024-06-11 07:00:00,0,0,0
2024-06-11 08:00:00,0,0,0
2024-06-11 09:00:00,0,0,0
2024-06-11 10:00:00,0,0,0
2024-06-11 11:00:00,0,0,0
2024-06-11 12:00:00,0,0,0
2024-06-11 13:00:00,0,0,0
2024-06-11 14:00:00,0,0,0
2024-06-11 15:00:00,0,0,0
2024-06-11 16:00:00,0,0,0
2024-06-11 17:00:00,0,0,0
2024-06-11 18:00:00,0,0,0
2024-06-11 19:00:00,0,0,0
2024-06-11 20:00:00,0,0,0
2024-06-11 21:00:00,0,0,0
2024-06-11 22:00:00,0,0,0
2024-06-11 23:00:00,0,0,0
2024-06-12 00:00:00,0,0,0
2024-06-12 01:00:00,0,0,0
2024-06-12 02:00:00,0,0,0
2024-06-12 03:00:00,0,0,0
2024-06-12 04:00:00,0,0,0
2024-06-12 05:00:00,0,0,0
2024-06-12 06:00:00,0,0,0
2024-06-12 07:00:00,0,0,0
2024-06-12 08:00:00,0,0,0
2024-06-12 09:00:00,0,0,0
2024-06-12 10:00:00,0,0,0
2024-06-12 11:00:00,0,0,0
2024-06-12 12:00:00,0,0,0
2024-06-12 13:00:00,0,0,0
2024-06-12 14:00:00,0,0,0
2024-06-12 15:00:00,0,0,0
2024-06-12 16:00:00,0,0,0
2024-06-12 17:00:00,0,0,0
2024-06-12 18:00:00,0,0,0
2024-06-12 19:00:00,0,0,0
2024-06-12 20:00:00,0,0,0
2024-06-12 21:00:00,0,0,0
2024-06-12 22:00:00,0,0,0
2024-06-12 23:00:00,0,0,0
2024-06-13 00:00:00,0,0,0
2024-06-13 01:00:00,0,0,0
2024-06-13 02:00:00,0,0,0
2024-06-13 03:00:00,0,0,0
2024-06-13 04:00:00,0,0,0
2024-06-13 05:00:00,0,0,0
2024-06-13 06:00:00,0,0,0
2024-06-13 07:00:00,0,0,0
2024-06-13 08:00:00,0,0,0
2024-06-13 09:00:00,0,0,0
2024-06-13 10:00:00,0,0,0
2024-06-13 11:00:00,0,0,0
2024-06-13 12:00:00,0,0,0
2024-06-13 13:00:00,0,0,0
2024-06-13 14:00:00,0,0,0
2024-06-13 15:00:00,0,0,0
2024-06-13 16:00:00,0,0,0
2024-06-13 17:00:00,0,0,0
2024-06-13 18:00:00,0,0,0
2024-06-13 19:00:00,0,0,0
2024-06-13 20:00:00,0,0,0
2024-06-13 21:00:00,0,0,0
2024-06-13 22:00:00,0,0,0
2024-06-13 23:00:00,0,0,0
2024-06-14 00:00:00,0,0,0
2024-06-14 01:00:00,0,0,0
2024-06-14 02:00:00,0,0,0
2024-06-14 03:00:00,0,0,0
2024-06-14 04:00:00,0,0,0
2024-06-14 05:00:00,0,0,0
2024-06-14 06:00:00,0,0,0
2024-06-14 07:00:00,0,0,0
2024-06-14 08:00:00,0,0,0
2024-06-14 09:00:00,0,0,0
2024-06-14 10:00:00,0,0,0
2024-06-14 11:00:00,0,0,0
2024-06-14 12:00:00,0,0,0
2024-06-14 13:00:00,0,0,0
2024-06-14 14:00:00,0,0,0
2024-06-14 15:00:00,0,0,0
2024-06-14 16:00:00,0,0,0
2024-06-14 17:00:00,0,0,0
2024-06-14 18:00:00,0,0,0
2024-06-14 19:00:00,0,0,0
2024-06-14 20:00:00,0,0,0
2024-06-14 21:00:00,0,0,0
2024-06-14 22:00:00,0,0,0
2024-06-14 23:00:00,0,0,0
2024-06-15 00:00:00,0,0,0
2024-06-15 01:00:00,0,0,0
2024-06-15 02:00:00,0,0,0
2024-06-15 03:00:00,0,0,0
2024-06-15 04:00:00,0,0,0
2024-06-15 05:00:00,0,0,0
2024-06-15 06:00:00,0,0,0
2024-06-15 07:00:00,0,0,0
2024-06-15 08:00:00,0,0,0
2024-06-15 09:00:00,0,0,0
2024-06-15 10:00:00,0,0,0
2024-06-15 11:00:00,0,0,0
2024-06-15 12:00:00,0,0,0
2024-06-15 13:00:00,0,0,0
2024-06-15 14:00:00,0,0,0
2024-06-15 15:00:00,0,0,0
2024-06-15 16:00:00,0,0,0
2024-06-15 17:00:00,0,0,0
2024-06-15 18:00:00,0,0,0
2024-06-15 19:00:00,0,0,0
2024-06-15 20:00:00,0,0,0
2024-06-15 21:00:00,0,0,0
2024-06-15 22:00:00,0,0,0
2024-06-15 23:00:00,0,0,0
2024-06-16 00:00:00,0,0,0
2024-06-16 01:00:00,0,0,0
2024-06-16 02:00:00,0,0,0
2024-06-16 03:00:00,0,0,0
2024-06-16 04:00:00,0,0,0
2024-06-16 05:00:00,0,0,0
2024-06-16 06:00:00,0,0,0
2024-06-16 07:00:00,0,0,0
2024-06-16 08:00:00,0,0,0
2024-06-16 09:00:00,0,0,0
2024-06-16 10:00:00,0,0,0
2024-06-16 11:00:00,0,0,0
2024-06-16 12:00:00,0,0,0
2024-06-16 13:00:00,0,0,0
2024-06-16 14:00:00,0,0,0
2024-06-16 15:00:00,0,0,0
2024-06-16 16:00:00,0,0,0
2024-06-16 17:00:00,0,0,0
2024-06-16 18:00:00,0,0,0
2024-06-16 19:00:00,0,0,0
2024-06-16 20:00:00,0,0,0
2024-06-16 21:00:00,0,0,0
2024-06-16 22:00:00,0,0,0
2024-06-16 23:00:00,0,0,0
2024-06-17 00:00:00,0,0,0
2024-06-17 01:00:00,0,0,0
2024-06-17 02:00:00,0,0,0
2024-06-17 03:00:00,0,0,0
2024-06-17 04:00:00,0,0,0
2024-06-17 05:00:00,0,0,0
2024-06-17 06:00:00,0,0,0
2024-06-17 07:00:00,0,0,0
2024-06-17 08:00:00,0,0,0
2024-06-17 09:00:00,0,0,0
2024-06-17 10:00:00,0,0,0
2024-06-17 11:00:00,0,0,0
2024-06-17 12:00:00,0,0,0
2024-06-17 13:00:00,0,0,0
2024-06-17 14:00:00,0,0,0
2024-06-17 15:00:00,0,0,0
2024-06-17 16:00:00,0,0,0
2024-06-17 17:00:00,0,0,0
2024-06-17 18:00:00,0,0,0
2024-06-17 19:00:00,0,0,0
2024-06-17 20:00:00,0,0,0
2024-06-17 21:00:00,0,0,0
2024-06-17 22:00:00,0,0,0
2024-06-17 23:00:00,0,0,0
2024-06-18 00:00:00,0,0,0
2024-06-18 01:00:00,0,0,0
2024-06-18 02:00:00,0,0,0
2024-06-18 03:00:00,0,0,0
2024-06-18 04:00:00,0,0,0
2024-06-18 05:00:00,0,0,0
2024-06-18 06:00:00,0,0,0
2024-06-18 07:00:00,0,0,0
2024-06-18 08:00:00,0,0,0
2024-06-18 09:00:00,0,0,0
2024-06-18 10:00:00,0,0,0
2024-06-18 11:00:00,0,0,0
2024-06-18 12:00:00,0,0,0
2024-06-18 13:00:00,0,0,0
2024-06-18 14:00:00,0,0,0
2024-06-18 15:00:00,0,0,0
2024-06-18 16:00:00,0,0,0
2024-06-18 17:00:00,0,0,0
2024-06-18 18:00:00,0,0,0
2024-06-18 19:00:00,0,0,0
2024-06-18 20:00:00,0,0,0
2024-06-18 21:00:00,0,0,0
2024-06-18 22:00:00,0,0,0
2024-06-18 23:00:00,0,0,0
2024-06-19 00:00:00,0,0,0
2024-06-19 01:00:00,0,0,0
2024-06-19 02:00:00,0,0,0
2024-06-19 03:00:00,0,0,0
2024-06-19 04:00:00,0,0,0
2024-06-19 05:00:00,0,0,0
2024-06-19 06:00:00,0,0,0
2024-06-19 07:00:00,0,0,0
2024-06-19 08:00:00,0,0,0
2024-06-19 09:00:00,0,0,0
2024-06-19 10:00:00,0,0,0
2024-06-19 11:00:00,0,0,0
2024-06-19 12:00:00,0,0,0
2024-06-19 13:00:00,0,0,0
2024-06-19 14:00:00,0,0,0
2024-06-19 15:00:00,0,0,0
2024-06-19 16:00:00,0,0,0
2024-06-19 17:00:00,0,0,0
2024-06-19 18:00:00,0,0,0
2024-06-19 19:00:00,0,0,0
2024-06-19 20:00:00,0,0,0
2024-06-19 21:00:00,0,0,0
2024-06-19 22:00:00,0,0,0
2024-06-19 23:00:00,0,0,0
2024-06-20 00:00:00,0,0,0
2024-06-20 01:00:00,0,0,0
2024-06-20 02:00:00,0,0,0
2024-06-20 03:00:00,0,0,0
2024-06-20 04:00:00,0,0,0
2024-06-20 05:00:00,0,0,0
2024-06-20 06:00:00,0,0,0
2024-06-20 07:00:00,0,0,0
2024-06-20 08:00:00,0,0,0
2024-06-20 09:00:00,0,0,0
2024-06-20 10:00:00,0,0,0
2024-06-20 11:00:00,0,0,0
2024-06-20 12:00:00,0,0,0
2024-06-20 13:00:00,0,0,0
2024-06-20 14:00:00,0,0,0
2024-06-20 15:00:00,0,0,0
2024-06-20 16:00:00,0,0,0
2024-06-20 17:00:00,0,0,0
2024-06-20 18:00:00,0,0,0
2024-06-20 19:00:00,0,0,0
2024-06-20 20:00:00,0,0,0
2024-06-20 21:00:00,0,0,0
2024-06-20 22:00:00,0,0,0
2024-06-20 23:00:00,0,0,0
2024-06-21 00:00:00,0,0,0
2024-06-21 01:00:00,0,0,0
2024-06-21 02:00:00,0,0,0
2024-06-21 03:00:00,0,0,0
2024-06-21 04:00:00,0,0,0
2024-06-21 05:00:00,0,0,0
2024-06-21 06:00:00,0,0,0
2024-06-21 07:00:00,0,0,0
2024-06-21 08:00:00,0,0,0
2024-06-21 09:00:00,0,0,0
2024-06-21 10:00:00,0,0,0
2024-06-21 11:00:00,0,0,0
2024-06-21 12:00:00,0,0,0
2024-06-21 13:00:00,0,0,0
2024-06-21 14:00:00,0,0,0
2024-06-21 15:00:00,0,0,0
2024-06-21 16:00:00,0,0,0
2024-06-21 17:00:00,0,0,0
2024-06-21 18:00:00,0,0,0
2024-06-21 19:00:00,0,0,0
2024-06-21 20:00:00,0,0,0
2024-06-21 21:00:00,0,0,0
2024-06-21 22:00:00,0,0,0
2024-06-21 23:00:00,0,0,0
2024-06-22 00:00:00,0,0,0
2024-06-22 01:00:00,0,0,0
2024-06-22 02:00:00,0,0,0
2024-06-22 03:00:00,0,0,0
2024-06-22 04:00:00,0,0,0
2024-06-22 05:00:00,0,0,0
2024-06-22 06:00:00,0,0,0
2024-06-22 07:00:00,0,0,0
2024-06-22 08:00:00,0,0,0
2024-06-22 09:00:00,0,0,0
2024-06-22 10:00:00,0,0,0
2024-06-22 11:00:00,0,0,0
2024-06-22 12:00:00,0,0,0
2024-06-22 13:00:00,0,0,0
2024-06-22 14:00:00,0,0,0
2024-06-22 15:00:00,0,0,0
2024-06-22 16:00:00,0,0,0
2024-06-22 17:00:00,0,0,0
2024-06-22 18:00:00,0,0,0
2024-06-22 19:00:00,0,0,0
2024-06-22 20:00:00,0,0,0
2024-06-22 21:00:00,0,0,0
2024-06-22 22:00:00,0,0,0
2024-06-22 23:00:00,0,0,0
2024-06-23 00:00:00,0,0,0
2024-06-23 01:00:00,0,0,0
2024-06-23 02:00:00,0,0,0
2024-06-23 03:00:00,0,0,0
2024-06-23 04:00:00,0,0,0
2024-06-23 05:00:00,0,0,0
2024-06-23 06:00:00,0,0,0
2024-06-23 07:00:00,0,0,0
2024-06-23 08:00:00,0,0,0
2024-06-23 09:00:00,0,0,0
2024-06-23 10:00:00,0,0,0
2024-06-23 11:00:00,0,0,0
2024-06-23 12:00:00,0,0,0
2024-06-23 13:00:00,0,0,0
2024-06-23 14:00:00,0,0,0
2024-06-23 15:00:00,0,0,0
2024-06-23 16:00:00,0,0,0
2024-06-23 17:00:00,0,0,0
2024-06-23 18:00:00,0,0,0
2024-06-23 19:00:00,0,0,0
2024-06-23 20:00:00,0,0,0
2024-06-23 21:00:00,0,0,0
2024-06-23 22:00:00,0,0,0
2024-06-23 23:00:00,0,0,0
2024-06-24 00:00:00,0,0,0
2024-06-24 01:00:00,0,0,0
2024-06-24 02:00:00,0,0,0
2024-06-24 03:00:00,0,0,0
2024-06-24 04:00:00,0,0,0
2024-06-24 05:00:00,0,0,0
2024-06-24 06:00:00,0,0,0
2024-06-24 07:00:00,0,0,0
2024-06-24 08:00:00,0,0,0
2024-06-24 09:00:00,0,0,0
2024-06-24 10:00:00,0,0,0
2024-06-24 11:00:00,0,0,0
2024-06-24 12:00:00,0,0,0
2024-06-24 13:00:00,0,0,0
2024-06-24 14:00:00,0,0,0
2024-06-24 15:00:00,0,0,0
2024-06-24 16:00:00,0,0,0
2024-06-24 17:00:00,0,0,0
2024-06-24 18:00:00,0,0,0
2024-06-24 19:00:00,0,0,0
2024-06-24 20:00:00,0,0,0
2024-06-24 21:00:00,0,0,0
2024-06-24 22:00:00,0,0,0
2024-06-24 23:00:00,0,0,0
2024-06-25 00:00:00,0,0,0
2024-06-25 01:00:00,0,0,0
2024-06-25 02:00:00,0,0,0
2024-06-25 03:00:00,0,0,0
2024-06-25 04:00:00,0,0,0
2024-06-25 05:00:00,0,0,0
2024-06-25 06:00:00,0,0,0
2024-06-25 07:00:00,0,0,0
2024-06-25 08:00:00,0,0,0
2024-06-25 09:00:00,0,0,0
2024-06-25 10:00:00,0,0,0
2024-06-25 11:00:00,0,0,0
2024-06-25 12:00:00,0,0,0
2024-06-25 13:00:00,0,0,0
2024-06-25 14:00:00,0,0,0
2024-06-25 15:00:00,0,0,0
2024-06-25 16:00:00,0,0,0
2024-06-25 17:00:00,0,0,0
2024-06-25 18:00:00,0,0,0
2024-06-25 19:00:00,0,0,0
2024-06-25 20:00:00,0,0,0
2024-06-25 21:00:00,0,0,0
2024-06-25 22:00:00,0,0,0
2024-06-25 23:00:00,0,0,0
2024-06-26 00:00:00,0,0,0
2024-06-26 01:00:00,0,0,0
2024-06-26 02:00:00,0,0,0
2024-06-26 03:00:00,0,0,0
2024-06-26 04:00:00,0,0,0
2024-06-26 05:00:00,0,0,0
2024-06-26 06:00:00,0,0,0
2024-06-26 07:00:00,0,0,0
2024-06-26 08:00:00,0,0,0
2024-06-26 09:00:00,0,0,0
2024-06-26 10:00:00,0,0,0
2024-06-26 11:00:00,0,0,0
2024-06-26 12:00:00,0,0,0
2024-06-26 13:00:00,0,0,0
2024-06-26 14:00:00,0,0,0
2024-06-26 15:00:00,0,0,0
2024-06-26 16:00:00,0,0,0
2024-06-26 17:00:00,0,0,0
2024-06-26 18:00:00,0,0,0
2024-06-26 19:00:00,0,0,0
2024-06-26 20:00:00,0,0,0
2024-06-26 21:00:00,0,0,0
2024-06-26 22:00:00,0,0,0
2024-06-26 23:00:00,0,0,0
2024-06-27 00:00:00,0,0,0
2024-06-27 01:00:00,0,0,0
2024-06-27 02:00:00,0,0,0
2024-06-27 03:00:00,0,0,0
2024-06-27 04:00:00,0,0,0
2024-06-27 05:00:00,0,0,0
2024-06-27 06:00:00,0,0,0
2024-06-27 07:00:00,0,0,0
2024-06-27 08:00:00,0,0,0
2024-06-27 09:00:00,0,0,0
2024-06-27 10:00:00,0,0,0
2024-06-27 11:00:00,0,0,0
2024-06-27 12:00:00,0,0,0
2024-06-27 13:00:00,0,0,0
2024-06-27 14:00:00,0,0,0
2024-06-27 15:00:00,0,0,0
2024-06-27 16:00:00,0,0,0
2024-06-27 17:00:00,0,0,0
2024-06-27 18:00:00,0,0,0
2024-06-27 19:00:00,0,0,0
2024-06-27 20:00:00,0,0,0
2024-06-27 21:00:00,0,0,0
2024-06-27 22:00:00,0,0,0
2024-06-27 23:00:00,0,0,0
2024-06-28 00:00:00,0,0,0
2024-06-28 01:00:00,0,0,0
2024-06-28 02:00:00,0,0,0
2024-06-28 03:00:00,0,0,0
2024-06-28 04:00:00,0,0,0
2024-06-28 05:00:00,0,0,0
2024-06-28 06:00:00,0,0,0
2024-06-28 07:00:00,0,0,0
2024-06-28 08:00:00,0,0,0
2024-06-28 09:00:00,0,0,0
2024-06-28 10:00:00,0,0,0
2024-06-28 11:00:00,0,0,0
2024-06-28 12:00:00,0,0,0
2024-06-28 13:00:00,0,0,0
2024-06-28 14:00:00,0,0,0
2024-06-28 15:00:00,0,0,0
2024-06-28 16:00:00,0,0,0
2024-06-28 17:00:00,0,0,0
2024-06-28 18:00:00,0,0,0
2024-06-28 19:00:00,0,0,0
2024-06-28 20:00:00,0,0,0
2024-06-28 21:00:00,0,0,0
2024-06-28 22:00:00,0,0,0
2024-06-28 23:00:00,0,0,0
2024-06-29 00:00:00,0,0,0
2024-06-29 01:00:00,0,0,0
2024-06-29 02:00:00,0,0,0
2024-06-29 03:00:00,0,0,0
2024-06-29 04:00:00,0,0,0
2024-06-29 05:00:00,0,0,0
2024-06-29 06:00:00,0,0,0
2024-06-29 07:00:00,0,0,0
2024-06-29 08:00:00,0,0,0
2024-06-29 09:00:00,0,0,0
2024-06-29 10:00:00,0,0,0
2024-06-29 11:00:00,0,0,0
2024-06-29 12:00:00,0,0,0
2024-06-29 13:00:00,0,0,0
2024-06-29 14:00:00,0,0,0
2024-06-29 15:00:00,0,0,0
2024-06-29 16:00:00,0,0,0
2024-06-29 17:00:00,0,0,0
2024-06-29 18:00:00,0,0,0
2024-06-29 19:00:00,0,0,0
2024-06-29 20:00:00,0,0,0
2024-06-29 21:00:00,0,0,0
2024-06-29 22:00:00,0,0,0
2024-06-29 23:00:00,0,0,0
2024-06-30 00:00:00,0,0,0
2024-06-30 01:00:00,0,0,0
2024-06-30 02:00:00,0,0,0
2024-06-30 03:00:00,0,0,0
2024-06-30 04:00:00,0,0,0
2024-06-30 05:00:00,0,0,0
2024-06-30 06:00:00,0,0,0
2024-06-30 07:00:00,0,0,0
2024-06-30 08:00:00,0,0,0
2024-06-30 09:00:00,0,0,0
2024-06-30 10:00:00,0,0,0
2024-06-30 11:00:00,0,0,0
2024-06-30 12:00:00,0,0,0
2024-06-30 13:00:00,0,0,0
2024-06-30 14:00:00,0,0,0
2024-06-30 15:00:00,0,0,0
2024-06-30 16:00:00,0,0,0
2024-06-30 17:00:00,0,0,0
2024-06-30 18:00:00,0,0,0
2024-06-30 19:00:00,0,0,0
2024-06-30 20:00:00,0,0,0
2024-06-30 21:00:00,0,0,0
2024-06-30 22:00:00,0,0,0
2024-06-30 23:00:00,0,0,0
2024-07-01 00:00:00,0,0,0
2024-07-01 01:00:00,0,0,0
2024-07-01 02:00:00,0,0,0
2024-07-01 03:00:00,0,0,0
2024-07-01 04:00:00,0,0,0
2024-07-01 05:00:00,0,0,0
2024-07-01 06:00:00,0,0,0
2024-07-01 07:00:00,0,0,0
2024-07-01 08:00:00,0,0,0
2024-07-01 09:00:00,0,0,0
2024-07-01 10:00:00,0,0,0
2024-07-01 11:00:00,0,0,0
2024-07-01 12:00:00,0,0,0
2024-07-01 13:00:00,0,0,0
2024-07-01 14:00:00,0,0,0
2024-07-01 15:00:00,0,0,0
2024-07-01 16:00:00,0,0,0
2024-07-01 17:00:00,0,0,0
2024-07-01 18:00:00,0,0,0
2024-07-01 19:00:00,0,0,0
2024-07-01 20:00:00,0,0,0
2024-07-01 21:00:00,0,0,0
2024-07-01 22:00:00,0,0,0
2024-07-01 23:00:00,0,0,0
2024-07-02 00:00:00,0,0,0
2024-07-02 01:00:00,0,0,0
2024-07-02 02:00:00,0,0,0
2024-07-02 03:00:00,0,0,0
2024-07-02 04:00:00,0,0,0
2024-07-02 05:00:00,0,0,0
2024-07-02 06:00:00,0,0,0
2024-07-02 07:00:00,0,0,0
2024-07-02 08:00:00,0,0,0
2024-07-02 09:00:00,0,0,0
2024-07-02 10:00:00,0,0,0
2024-07-02 11:00:00,0,0,0
2024-07-02 12:00:00,0,0,0
2024-07-02 13:00:00,0,0,0
2024-07-02 14:00:00,0,0,0
2024-07-02 15:00:00,0,0,0
2024-07-02 16:00:00,0,0,0
2024-07-02 17:00:00,0,0,0
2024-07-02 18:00:00,0,0,0
2024-07-02 19:00:00,0,0,0
2024-07-02 20:00:00,0,0,0
2024-07-02 21:00:00,0,0,0
2024-07-02 22:00:00,0,0,0
2024-07-02 23:00:00,0,0,0
2024-07-03 00:00:00,0,0,0
2024-07-03 01:00:00,0,0,0
2024-07-03 02:00:00,0,0,0
2024-07-03 03:00:00,0,0,0
2024-07-03 04:00:00,0,0,0
2024-07-03 05:00:00,0,0,0
2024-07-03 06:00:00,0,0,0
2024-07-03 07:00:00,0,0,0
2024-07-03 08:00:00,0,0,0
2024-07-03 09:00:00,0,0,0
2024-07-03 10:00:00,0,0,0
2024-07-03 11:00:00,0,0,0
2024-07-03 12:00:00,0,0,0
2024-07-03 13:00:00,0,0,0
2024-07-03 14:00:00,0,0,0
2024-07-03 15:00:00,0,0,0
2024-07-03 16:00:00,0,0,0
2024-07-03 17:00:00,0,0,0
2024-07-03 18:00:00,0,0,0
2024-07-03 19:00:00,0,0,0
2024-07-03 20:00:00,0,0,0
2024-07-03 21:00:00,0,0,0
2024-07-03 22:00:00,0,0,0
2024-07-03 23:00:00,0,0,0
2024-07-04 00:00:00,0,0,0
2024-07-04 01:00:00,0,0,0
2024-07-04 02:00:00,0,0,0
2024-07-04 03:00:00,0,0,0
2024-07-04 04:00:00,0,0,0
2024-07-04 05:00:00,0,0,0
2024-07-04 06:00:00,0,0,0
2024-07-04 07:00:00,0,0,0
2024-07-04 08:00:00,0,0,0
2024-07-04 09:00:00,0,0,0
2024-07-04 10:00:00,0,0,0
2024-07-04 11:00:00,0,0,0
2024-07-04 12:00:00,0,0,0
2024-07-04 13:00:00,0,0,0
2024-07-04 14:00:00,0,0,0
2024-07-04 15:00:00,0,0,0
2024-07-04 16:00:00,0,0,0
2024-07-04 17:00:00,0,0,0
2024-07-04 18:00:00,0,0,0
2024-07-04 19:00:00,0,0,0
2024-07-04 20:00:00,0,0,0
2024-07-04 21:00:00,0,0,0
2024-07-04 22:00:00,0,0,0
2024-07-04 23:00:00,0,0,0
2024-07-05 00:00:00,0,0,0
2024-07-05 01:00:00,0,0,0
2024-07-05 02:00:00,0,0,0
2024-07-05 03:00:00,0,0,0
2024-07-05 04:00:00,0,0,0
2024-07-05 05:00:00,0,0,0
2024-07-05 06:00:00,0,0,0
2024-07-05 07:00:00,0,0,0
2024-07-05 08:00:00,0,0,0
2024-07-05 09:00:00,0,0,0
2024-07-05 10:00:00,0,0,0
2024-07-05 11:00:00,0,0,0
2024-07-05 12:00:00,0,0,0
2024-07-05 13:00:00,0,0,0
2024-07-05 14:00:00,0,0,0
2024-07-05 15:00:00,0,0,0
2024-07-05 16:00:00,0,0,0
2024-07-05 17:00:00,0,0,0
2024-07-05 18:00:00,0,0,0
2024-07-05 19:00:00,0,0,0
2024-07-05 20:00:00,0,0,0
2024-07-05 21:00:00,0,0,0
2024-07-05 22:00:00,0,0,0
2024-07-05 23:00:00,0,0,0
2024-07-06 00:00:00,0,0,0
2024-07-06 01:00:00,0,0,0
2024-07-06 02:00:00,0,0,0
2024-07-06 03:00:00,0,0,0
2024-07-06 04:00:00,0,0,0
2024-07-06 05:00:00,0,0,0
2024-07-06 06:00:00,0,0,0
2024-07-06 07:00:00,0,0,0
2024-07-06 08:00:00,0,0,0
2024-07-06 09:00:00,0,0,0
2024-07-06 10:00:00,0,0,0
2024-07-06 11:00:00,0,0,0
2024-07-06 12:00:00,0,0,0
2024-07-06 13:00:00,0,0,0
2024-07-06 14:00:00,0,0,0
2024-07-06 15:00:00,0,0,0
2024-07-06 16:00:00,0,0,0
2024-07-06 17:00:00,0,0,0
2024-07-06 18:00:00,0,0,0
2024-07-06 19:00:00,0,0,0
2024-07-06 20:00:00,0,0,0
2024-07-06 21:00:00,0,0,0
2024-07-06 22:00:00,0,0,0
2024-07-06 23:00:00,0,0,0
2024-07-07 00:00:00,0,0,0
2024-07-07 01:00:00,0,0,0
2024-07-07 02:00:00,0,0,0
2024-07-07 03:00:00,0,0,0
2024-07-07 04:00:00,0,0,0
2024-07-07 05:00:00,0,0,0
2024-07-07 06:00:00,0,0,0
2024-07-07 07:00:00,0,0,0
2024-07-07 08:00:00,0,0,0
2024-07-07 09:00:00,0,0,0
2024-07-07 10:00:00,0,0,0
2024-07-07 11:00:00,0,0,0
2024-07-07 12:00:00,0,0,0
2024-07-07 13:00:00,0,0,0
2024-07-07 14:00:00,0,0,0
2024-07-07 15:00:00,0,0,0
2024-07-07 16:00:00,0,0,0
2024-07-07 17:00:00,0,0,0
2024-07-07 18:00:00,0,0,0
2024-07-07 19:00:00,0,0,0
2024-07-07 20:00:00,0,0,0
2024-07-07 21:00:00,0,0,0
2024-07-07 22:00:00,0,0,0
2024-07-07 23:00:00,0,0,0
2024-07-08 00:00:00,0,0,0
2024-07-08 01:00:00,0,0,0
2024-07-08 02:00:00,0,0,0
2024-07-08 03:00:00,0,0,0
2024-07-08 04:00:00,0,0,0
2024-07-08 05:00:00,0,0,0
2024-07-08 06:00:00,0,0,0
2024-07-08 07:00:00,0,0,0
2024-07-08 08:00:00,0,0,0
2024-07-08 09:00:00,0,0,0
2024-07-08 10:00:00,0,0,0
2024-07-08 11:00:00,0,0,0
2024-07-08 12:00:00,0,0,0
2024-07-08 13:00:00,0,0,0
2024-07-08 14:00:00,0,0,0
2024-07-08 15:00:00,0,0,0
2024-07-08 16:00:00,0,0,0
2024-07-08 17:00:00,0,0,0
2024-07-08 18:00:00,0,0,0
2024-07-08 19:00:00,0,0,0
2024-07-08 20:00:00,0,0,0
2024-07-08 21:00:00,0,0,0
2024-07-08 22:00:00,0,0,0
2024-07-08 23:00:00,0,0,0
2024-07-09 00:00:00,0,0,0
2024-07-09 01:00:00,0,0,0
2024-07-09 02:00:00,0,0,0
2024-07-09 03:00:00,0,0,0
2024-07-09 04:00:00,0,0,0
2024-07-09 05:00:00,0,0,0
2024-07-09 06:00:00,0,0,0
2024-07-09 07:00:00,0,0,0
2024-07-09 08:00:00,0,0,0
2024-07-09 09:00:00,0,0,0
2024-07-09 10:00:00,0,0,0
2024-07-09 11:00:00,0,0,0
2024-07-09 12:00:00,0,0,0
2024-07-09 13:00:00,0,0,0
2024-07-09 14:00:00,0,0,0
2024-07-09 15:00:00,0,0,0
2024-07-09 16:00:00,0,0,0
2024-07-09 17:00:00,0,0,0
2024-07-09 18:00:00,0,0,0
2024-07-09 19:00:00,0,0,0
2024-07-09 20:00:00,0,0,0
2024-07-09 21:00:00,0,0,0
2024-07-09 22:00:00,0,0,0
2024-07-09 23:00:00,0,0,0
2024-07-10 00:00:00,0,0,0
2024-07-10 01:00:00,0,0,0
2024-07-10 02:00:00,0,0,0
2024-07-10 03:00:00,0,0,0
2024-07-10 04:00:00,0,0,0
2024-07-10 05:00:00,0,0,0
2024-07-10 06:00:00,0,0,0
2024-07-10 07:00:00,0,0,0
2024-07-10 08:00:00,0,0,0
2024-07-10 09:00:00,0,0,0
2024-07-10 10:00:00,0,0,0
2024-07-10 11:00:00,0,0,0
2024-07-10 12:00:00,0,0,0
2024-07-10 13:00:00,0,0,0
2024-07-10 14:00:00,0,0,0
2024-07-10 15:00:00,0,0,0
2024-07-10 16:00:00,0,0,0
2024-07-10 17:00:00,0,0,0
2024-07-10 18:00:00,0,0,0
2024-07-10 19:00:00,0,0,0
2024-07-10 20:00:00,0,0,0
2024-07-10 21:00:00,0,0,0
2024-07-10 22:00:00,0,0,0
2024-07-10 23:00:00,0,0,0
2024-07-11 00:00:00,0,0,0
2024-07-11 01:00:00,0,0,0
2024-07-11 02:00:00,0,0,0
2024-07-11 03:00:00,0,0,0
2024-07-11 04:00:00,0,0,0
2024-07-11 05:00:00,0,0,0
2024-07-11 06:00:00,0,0,0
2024-07-11 07:00:00,0,0,0
2024-07-11 08:00:00,0,0,0
2024-07-11 09:00:00,0,0,0
2024-07-11 10:00:00,0,0,0
2024-07-11 11:00:00,0,0,0
2024-07-11 12:00:00,0,0,0
2024-07-11 13:00:00,0,0,0
2024-07-11 14:00:00,0,0,0
2024-07-11 15:00:00,0,0,0
2024-07-11 16:00:00,0,0,0
2024-07-11 17:00:00,0,0,0
2024-07-11 18:00:00,0,0,0
2024-07-11 19:00:00,0,0,0
2024-07-11 20:00:00,0,0,0
2024-07-11 21:00:00,0,0,0
2024-07-11 22:00:00,0,0,0
2024-07-11 23:00:00,0,0,0
2024-07-12 00:00:00,0,0,0
2024-07-12 01:00:00,0,0,0
2024-07-12 02:00:00,0,0,0
2024-07-12 03:00:00,0,0,0
2024-07-12 04:00:00,0,0,0
2024-07-12 05:00:00,0,0,0
2024-07-12 06:00:00,0,0,0
2024-07-12 07:00:00,0,0,0
2024-07-12 08:00:00,0,0,0
2024-07-12 09:00:00,0,0,0
2024-07-12 10:00:00,0,0,0
2024-07-12 11:00:00,0,0,0
2024-07-12 12:00:00,0,0,0
2024-07-12 13:00:00,0,0,0
2024-07-12 14:00:00,0,0,0
2024-07-12 15:00:00,0,0,0
2024-07-12 16:00:00,0,0,0
2024-07-12 17:00:00,0,0,0
2024-07-12 18:00:00,0,0,0
2024-07-12 19:00:00,0,0,0
2024-07-12 20:00:00,0,0,0
2024-07-12 21:00:00,0,0,0
2024-07-12 22:00:00,0,0,0
2024-07-12 23:00:00,0,0,0
2024-07-13 00:00:00,0,0,0
2024-07-13 01:00:00,0,0,0
2024-07-13 02:00:00,0,0,0
2024-07-13 03:00:00,0,0,0
2024-07-13 04:00:00,0,0,0
2024-07-13 05:00:00,0,0,0
2024-07-13 06:00:00,0,0,0
2024-07-13 07:00:00,0,0,0
2024-07-13 08:00:00,0,0,0
2024-07-13 09:00:00,0,0,0
2024-07-13 10:00:00,0,0,0
2024-07-13 11:00:00,0,0,0
2024-07-13 12:00:00,0,0,0
2024-07-13 13:00:00,0,0,0
2024-07-13 14:00:00,0,0,0
2024-07-13 15:00:00,0,0,0
2024-07-13 16:00:00,0,0,0
2024-07-13 17:00:00,0,0,0
2024-07-13 18:00:00,0,0,0
2024-07-13 19:00:00,0,0,0
2024-07-13 20:00:00,0,0,0
2024-07-13 21:00:00,0,0,0
2024-07-13 22:00:00,0,0,0
2024-07-13 23:00:00,0,0,0
2024-07-14 00:00:00,0,0,0
2024-07-14 01:00:00,0,0,0
2024-07-14 02:00:00,0,0,0
2024-07-14 03:00:00,0,0,0
2024-07-14 04:00:00,0,0,0
2024-07-14 05:00:00,0,0,0
2024-07-14 06:00:00,0,0,0
2024-07-14 07:00:00,0,0,0
2024-07-14 08:00:00,0,0,0
2024-07-14 09:00:00,0,0,0
2024-07-14 10:00:00,0,0,0
2024-07-14 11:00:00,0,0,0
2024-07-14 12:00:00,0,0,0
2024-07-14 13:00:00,0,0,0
2024-07-14 14:00:00,0,0,0
2024-07-14 15:00:00,0,0,0
2024-07-14 16:00:00,0,0,0
2024-07-14 17:00:00,0,0,0
2024-07-14 18:00:00,0,0,0
2024-07-14 19:00:00,0,0,0
2024-07-14 20:00:00,0,0,0
2024-07-14 21:00:00,0,0,0
2024-07-14 22:00:00,0,0,0
2024-07-14 23:00:00,0,0,0
2024-07-15 00:00:00,0,0,0
2024-07-15 01:00:00,0,0,0
2024-07-15 02:00:00,0,0,0
2024-07-15 03:00:00,0,0,0
2024-07-15 04:00:00,0,0,0
2024-07-15 05:00:00,0,0,0
2024-07-15 06:00:00,0,0,0
2024-07-15 07:00:00,0,0,0
2024-07-15 08:00:00,0,0,0
2024-07-15 09:00:00,0,0,0
2024-07-15 10:00:00,0,0,0
2024-07-15 11:00:00,0,0,0
2024-07-15 12:00:00,0,0,0
2024-07-15 13:00:00,0,0,0
2024-07-15 14:00:00,0,0,0
2024-07-15 15:00:00,0,0,0
2024-07-15 16:00:00,0,0,0
2024-07-15 17:00:00,0,0,0
2024-07-15 18:00:00,0,0,0
2024-07-15 19:00:00,0,0,0
2024-07-15 20:00:00,0,0,0
2024-07-15 21:00:00,0,0,0
2024-07-15 22:00:00,0,0,0
2024-07-15 23:00:00,0,0,0
2024-07-16 00:00:00,0,0,0
2024-07-16 01:00:00,0,0,0
2024-07-16 02:00:00,0,0,0
2024-07-16 03:00:00,0,0,0
2024-07-16 04:00:00,0,0,0
2024-07-16 05:00:00,0,0,0
2024-07-16 06:00:00,0,0,0
2024-07-16 07:00:00,0,0,0
2024-07-16 08:00:00,0,0,0
2024-07-16 09:00:00,0,0,0
2024-07-16 10:00:00,0,0,0
2024-07-16 11:00:00,0,0,0
2024-07-16 12:00:00,0,0,0
2024-07-16 13:00:00,0,0,0
2024-07-16 14:00:00,0,0,0
2024-07-16 15:00:00,0,0,0
2024-07-16 16:00:00,0,0,0
2024-07-16 17:00:00,0,0,0
2024-07-16 18:00:00,0,0,0
2024-07-16 19:00:00,0,0,0
2024-07-16 20:00:00,0,0,0
2024-07-16 21:00:00,0,0,0
2024-07-16 22:00:00,0,0,0
2024-07-16 23:00:00,0,0,0
2024-07-17 00:00:00,0,0,0
2024-07-17 01:00:00,0,0,0
2024-07-17 02:00:00,0,0,0
2024-07-17 03:00:00,0,0,0
2024-07-17 04:00:00,0,0,0
2024-07-17 05:00:00,0,0,0
2024-07-17 06:00:00,0,0,0
2024-07-17 07:00:00,0,0,0
2024-07-17 08:00:00,0,0,0
2024-07-17 09:00:00,0,0,0
2024-07-17 10:00:00,0,0,0
2024-07-17 11:00:00,0,0,0
2024-07-17 12:00:00,0,0,0
2024-07-17 13:00:00,0,0,0
2024-07-17 14:00:00,0,0,0
2024-07-17 15:00:00,0,0,0
2024-07-17 16:00:00,0,0,0
2024-07-17 17:00:00,0,0,0
2024-07-17 18:00:00,0,0,0
2024-07-17 19:00:00,0,0,0
2024-07-17 20:00:00,0,0,0
2024-07-17 21:00:00,0,0,0
2024-07-17 22:00:00,0,0,0
2024-07-17 23:00:00,0,0,0
2024-07-18 00:00:00,0,0,0
2024-07-18 01:00:00,0,0,0
2024-07-18 02:00:00,0,0,0
2024-07-18 03:00:00,0,0,0
2024-07-18 04:00:00,0,0,0
2024-07-18 05:00:00,0,0,0
2024-07-18 06:00:00,0,0,0
2024-07-18 07:00:00,0,0,0
2024-07-18 08:00:00,0,0,0
2024-07-18 09:00:00,0,0,0
2024-07-18 10:00:00,0,0,0
2024-07-18 11:00:00,0,0,0
2024-07-18 12:00:00,0,0,0
2024-07-18 13:00:00,0,0,0
2024-07-18 14:00:00,0,0,0
2024-07-18 15:00:00,0,0,0
2024-07-18 16:00:00,0,0,0
2024-07-18 17:00:00,0,0,0
2024-07-18 18:00:00,0,0,0
2024-07-18 19:00:00,0,0,0
2024-07-18 20:00:00,0,0,0
2024-07-18 21:00:00,0,0,0
2024-07-18 22:00:00,0,0,0
2024-07-18 23:00:00,0,0,0
2024-07-19 00:00:00,0,0,0
2024-07-19 01:00:00,0,0,0
2024-07-19 02:00:00,0,0,0
2024-07-19 03:00:00,0,0,0
2024-07-19 04:00:00,0,0,0
2024-07-19 05:00:00,0,0,0
2024-07-19 06:00:00,0,0,0
2024-07-19 07:00:00,0,0,0
2024-07-19 08:00:00,0,0,0
2024-07-19 09:00:00,0,0,0
2024-07-19 10:00:00,0,0,0
2024-07-19 11:00:00,0,0,0
2024-07-19 12:00:00,0,0,0
2024-07-19 13:00:00,0,0,0
2024-07-19 14:00:00,0,0,0
2024-07-19 15:00:00,0,0,0
2024-07-19 16:00:00,0,0,0
2024-07-19 17:00:00,0,0,0
2024-07-19 18:00:00,0,0,0
2024-07-19 19:00:00,0,0,0
2024-07-19 20:00:00,0,0,0
2024-07-19 21:00:00,0,0,0
2024-07-19 22:00:00,0,0,0
2024-07-19 23:00:00,0,0,0
2024-07-20 00:00:00,0,0,0
2024-07-20 01:00:00,0,0,0
2024-07-20 02:00:00,0,0,0
2024-07-20 03:00:00,0,0,0
2024-07-20 04:00:00,0,0,0
2024-07-20 05:00:00,0,0,0
2024-07-20 06:00:00,0,0,0
2024-07-20 07:00:00,0,0,0
2024-07-20 08:00:00,0,0,0
2024-07-20 09:00:00,0,0,0
2024-07-20 10:00:00,0,0,0
2024-07-20 11:00:00,0,0,0
2024-07-20 12:00:00,0,0,0
2024-07-20 13:00:00,0,0,0
2024-07-20 14:00:00,0,0,0
2024-07-20 15:00:00,0,0,0
2024-07-20 16:00:00,0,0,0
2024-07-20 17:00:00,0,0,0
2024-07-20 18:00:00,0,0,0
2024-07-20 19:00:00,0,0,0
2024-07-20 20:00:00,0,0,0
2024-07-20 21:00:00,0,0,0
2024-07-20 22:00:00,0,0,0
2024-07-20 23:00:00,0,0,0
2024-07-21 00:00:00,0,0,0
2024-07-21 01:00:00,0,0,0
2024-07-21 02:00:00,0,0,0
2024-07-21 03:00:00,0,0,0
2024-07-21 04:00:00,0,0,0
2024-07-21 05:00:00,0,0,0
2024-07-21 06:00:00,0,0,0
2024-07-21 07:00:00,0,0,0
2024-07-21 08:00:00,0,0,0
2024-07-21 09:00:00,0,0,0
2024-07-21 10:00:00,0,0,0
2024-07-21 11:00:00,0,0,0
2024-07-21 12:00:00,0,0,0
2024-07-21 13:00:00,0,0,0
2024-07-21 14:00:00,0,0,0
2024-07-21 15:00:00,0,0,0
2024-07-21 16:00:00,0,0,0
2024-07-21 17:00:00,0,0,0
2024-07-21 18:00:00,0,0,0
2024-07-21 19:00:00,0,0,0
2024-07-21 20:00:00,0,0,0
2024-07-21 21:00:00,0,0,0
2024-07-21 22:00:00,0,0,0
2024-07-21 23:00:00,0,0,0
2024-07-22 00:00:00,0,0,0
2024-07-22 01:00:00,0,0,0
2024-07-22 02:00:00,0,0,0
2024-07-22 03:00:00,0,0,0
2024-07-22 04:00:00,0,0,0
2024-07-22 05:00:00,0,0,0
2024-07-22 06:00:00,0,0,0
2024-07-22 07:00:00,0,0,0
2024-07-22 08:00:00,0,0,0
2024-07-22 09:00:00,0,0,0
2024-07-22 10:00:00,0,0,0
2024-07-22 11:00:00,0,0,0
2024-07-22 12:00:00,0,0,0
2024-07-22 13:00:00,0,0,0
2024-07-22 14:00:00,0,0,0
2024-07-22 15:00:00,0,0,0
2024-07-22 16:00:00,0,0,0
2024-07-22 17:00:00,0,0,0
2024-07-22 18:00:00,0,0,0
2024-07-22 19:00:00,0,0,0
2024-07-22 20:00:00,0,0,0
2024-07-22 21:00:00,0,0,0
2024-07-22 22:00:00,0,0,0
2024-07-22 23:00:00,0,0,0
2024-07-23 00:00:00,0,0,0
2024-07-23 01:00:00,0,0,0
2024-07-23 02:00:00,0,0,0
2024-07-23 03:00:00,0,0,0
2024-07-23 04:00:00,0,0,0
2024-07-23 05:00:00,0,0,0
2024-07-23 06:00:00,0,0,0
2024-07-23 07:00:00,0,0,0
2024-07-23 08:00:00,0,0,0
2024-07-23 09:00:00,0,0,0
2024-07-23 10:00:00,0,0,0
2024-07-23 11:00:00,0,0,0
2024-07-23 12:00:00,0,0,0
2024-07-23 13:00:00,0,0,0
2024-07-23 14:00:00,0,0,0
2024-07-23 15:00:00,0,0,0
2024-07-23 16:00:00,0,0,0
2024-07-23 17:00:00,0,0,0
2024-07-23 18:00:00,0,0,0
2024-07-23 19:00:00,0,0,0
2024-07-23 20:00:00,0,0,0
2024-07-23 21:00:00,0,0,0
2024-07-23 22:00:00,0,0,0
2024-07-23 23:00:00,0,0,0
2024-07-24 00:00:00,0,0,0
2024-07-24 01:00:00,0,0,0
2024-07-24 02:00:00,0,0,0
2024-07-24 03:00:00,0,0,0
2024-07-24 04:00:00,0,0,0
2024-07-24 05:00:00,0,0,0
2024-07-24 06:00:00,0,0,0
2024-07-24 07:00:00,0,0,0
2024-07-24 08:00:00,0,0,0
2024-07-24 09:00:00,0,0,0
2024-07-24 10:00:00,0,0,0
2024-07-24 11:00:00,0,0,0
2024-07-24 12:00:00,0,0,0
2024-07-24 13:00:00,0,0,0
2024-07-24 14:00:00,0,0,0
2024-07-24 15:00:00,0,0,0
2024-07-24 16:00:00,0,0,0
2024-07-24 17:00:00,0,0,0
2024-07-24 18:00:00,0,0,0
2024-07-24 19:00:00,0,0,0
2024-07-24 20:00:00,0,0,0
2024-07-24 21:00:00,0,0,0
2024-07-24 22:00:00,0,0,0
2024-07-24 23:00:00,0,0,0
2024-07-25 00:00:00,0,0,0
2024-07-25 01:00:00,0,0,0
2024-07-25 02:00:00,0,0,0
2024-07-25 03:00:00,0,0,0
2024-07-25 04:00:00,0,0,0
2024-07-25 05:00:00,0,0,0
2024-07-25 06:00:00,0,0,0
2024-07-25 07:00:00,0,0,0
2024-07-25 08:00:00,0,0,0
2024-07-25 09:00:00,0,0,0
2024-07-25 10:00:00,0,0,0
2024-07-25 11:00:00,0,0,0
2024-07-25 12:00:00,0,0,0
2024-07-25 13:00:00,0,0,0
2024-07-25 14:00:00,0,0,0
2024-07-25 15:00:00,0,0,0
2024-07-25 16:00:00,0,0,0
2024-07-25 17:00:00,0,0,0
2024-07-25 18:00:00,0,0,0
2024-07-25 19:00:00,0,0,0
2024-07-25 20:00:00,0,0,0
2024-07-25 21:00:00,0,0,0
2024-07-25 22:00:00,0,0,0
2024-07-25 23:00:00,0,0,0
2024-07-26 00:00:00,0,0,0
2024-07-26 01:00:00,0,0,0
2024-07-26 02:00:00,0,0,0
2024-07-26 03:00:00,0,0,0
2024-07-26 04:00:00,0,0,0
2024-07-26 05:00:00,0,0,0
2024-07-26 06:00:00,0,0,0
2024-07-26 07:00:00,0,0,0
2024-07-26 08:00:00,0,0,0
2024-07-26 09:00:00,0,0,0
2024-07-26 10:00:00,0,0,0
2024-07-26 11:00:00,0,0,0
2024-07-26 12:00:00,0,0,0
2024-07-26 13:00:00,0,0,0
2024-07-26 14:00:00,0,0,0
2024-07-26 15:00:00,0,0,0
2024-07-26 16:00:00,0,0,0
2024-07-26 17:00:00,0,0,0
2024-07-26 18:00:00,0,0,0
2024-07-26 19:00:00,0,0,0
2024-07-26 20:00:00,0,0,0
2024-07-26 21:00:00,0,0,0
2024-07-26 22:00:00,0,0,0
2024-07-26 23:00:00,0,0,0
2024-07-27 00:00:00,0,0,0
2024-07-27 01:00:00,0,0,0
2024-07-27 02:00:00,0,0,0
2024-07-27 03:00:00,0,0,0
2024-07-27 04:00:00,0,0,0
2024-07-27 05:00:00,0,0,0
2024-07-27 06:00:00,0,0,0
2024-07-27 07:00:00,0,0,0
2024-07-27 08:00:00,0,0,0
2024-07-27 09:00:00,0,0,0
2024-07-27 10:00:00,0,0,0
2024-07-27 11:00:00,0,0,0
2024-07-27 12:00:00,0,0,0
2024-07-27 13:00:00,0,0,0
2024-07-27 14:00:00,0,0,0
2024-07-27 15:00:00,0,0,0
2024-07-27 16:00:00,0,0,0
2024-07-27 17:00:00,0,0,0
2024-07-27 18:00:00,0,0,0
2024-07-27 19:00:00,0,0,0
2024-07-27 20:00:00,0,0,0
2024-07-27 21:00:00,0,0,0
2024-07-27 22:00:00,0,0,0
2024-07-27 23:00:00,0,0,0
2024-07-28 00:00:00,0,0,0
2024-07-28 01:00:00,0,0,0
2024-07-28 02:00:00,0,0,0
2024-07-28 03:00:00,0,0,0
2024-07-28 04:00:00,0,0,0
2024-07-28 05:00:00,0,0,0
2024-07-28 06:00:00,0,0,0
2024-07-28 07:00:00,0,0,0
2024-07-28 08:00:00,0,0,0
2024-07-28 09:00:00,0,0,0
2024-07-28 10:00:00,0,0,0
2024-07-28 11:00:00,0,0,0
2024-07-28 12:00:00,0,0,0
2024-07-28 13:00:00,0,0,0
2024-07-28 14:00:00,0,0,0
2024-07-28 15:00:00,0,0,0
2024-07-28 16:00:00,0,0,0
2024-07-28 17:00:00,0,0,0
2024-07-28 18:00:00,0,0,0
2024-07-28 19:00:00,0,0,0
2024-07-28 20:00:00,0,0,0
2024-07-28 21:00:00,0,0,0
2024-07-28 22:00:00,0,0,0
2024-07-28 23:00:00,0,0,0
2024-07-29 00:00:00,0,0,0
2024-07-29 01:00:00,0,0,0
2024-07-29 02:00:00,0,0,0
2024-07-29 03:00:00,0,0,0
2024-07-29 04:00:00,0,0,0
2024-07-29 05:00:00,0,0,0
2024-07-29 06:00:00,0,0,0
2024-07-29 07:00:00,0,0,0
2024-07-29 08:00:00,0,0,0
2024-07-29 09:00:00,0,0,0
2024-07-29 10:00:00,0,0,0
2024-07-29 11:00:00,0,0,0
2024-07-29 12:00:00,0,0,0
2024-07-29 13:00:00,0,0,0
2024-07-29 14:00:00,0,0,0
2024-07-29 15:00:00,0,0,0
2024-07-29 16:00:00,0,0,0
2024-07-29 17:00:00,0,0,0
2024-07-29 18:00:00,0,0,0
2024-07-29 19:00:00,0,0,0
2024-07-29 20:00:00,0,0,0
2024-07-29 21:00:00,0,0,0
2024-07-29 22:00:00,0,0,0
2024-07-29 23:00:00,0,0,0
2024-07-30 00:00:00,0,0,0
2024-07-30 01:00:00,0,0,0
2024-07-30 02:00:00,0,0,0
2024-07-30 03:00:00,0,0,0
2024-07-30 04:00:00,0,0,0
2024-07-30 05:00:00,0,0,0
2024-07-30 06:00:00,0,0,0
2024-07-30 07:00:00,0,0,0
2024-07-30 08:00:00,0,0,0
2024-07-30 09:00:00,0,0,0
2024-07-30 10:00:00,0,0,0
2024-07-30 11:00:00,0,0,0
2024-07-30 12:00:00,0,0,0
2024-07-30 13:00:00,0,0,0
2024-07-30 14:00:00,0,0,0
2024-07-30 15:00:00,0,0,0
2024-07-30 16:00:00,0,0,0
2024-07-30 17:00:00,0,0,0
2024-07-30 18:00:00,0,0,0
2024-07-30 19:00:00,0,0,0
2024-07-30 20:00:00,0,0,0
2024-07-30 21:00:00,0,0,0
2024-07-30 22:00:00,0,0,0
2024-07-30 23:00:00,0,0,0
2024-07-31 00:00:00,0,0,0
2024-07-31 01:00:00,0,0,0
2024-07-31 02:00:00,0,0,0
2024-07-31 03:00:00,0,0,0
2024-07-31 04:00:00,0,0,0
2024-07-31 05:00:00,0,0,0
2024-07-31 06:00:00,0,0,0
2024-07-31 07:00:00,0,0,0
2024-07-31 08:00:00,0,0,0
2024-07-31 09:00:00,0,0,0
2024-07-31 10:00:00,0,0,0
2024-07-31 11:00:00,0,0,0
2024-07-31 12:00:00,0,0,0
2024-07-31 13:00:00,0,0,0
2024-07-31 14:00:00,0,0,0
2024-07-31 15:00:00,0,0,0
2024-07-31 16:00:00,0,0,0
2024-07-31 17:00:00,0,0,0
2024-07-31 18:00:00,0,0,0
2024-07-31 19:00:00,0,0,0
2024-07-31 20:00:00,0,0,0
2024-07-31 21:00:00,0,0,0
2024-07-31 22:00:00,0,0,0
2024-07-31 23:00:00,0,0,0
2024-08-01 00:00:00,0,0,0
2024-08-01 01:00:00,0,0,0
2024-08-01 02:00:00,0,0,0
2024-08-01 03:00:00,0,0,0
2024-08-01 04:00:00,0,0,0
2024-08-01 05:00:00,0,0,0
2024-08-01 06:00:00,0,0,0
2024-08-01 07:00:00,0,0,0
2024-08-01 08:00:00,0,0,0
2024-08-01 09:00:00,0,0,0
2024-08-01 10:00:00,0,0,0
2024-08-01 11:00:00,0,0,0
2024-08-01 12:00:00,0,0,0
2024-08-01 13:00:00,0,0,0
2024-08-01 14:00:00,0,0,0
2024-08-01 15:00:00,0,0,0
2024-08-01 16:00:00,0,0,0
2024-08-01 17:00:00,0,0,0
2024-08-01 18:00:00,0,0,0
2024-08-01 19:00:00,0,0,0
2024-08-01 20:00:00,0,0,0
2024-08-01 21:00:00,0,0,0
2024-08-01 22:00:00,0,0,0
2024-08-01 23:00:00,0,0,0
2024-08-02 00:00:00,0,0,0
2024-08-02 01:00:00,0,0,0
2024-08-02 02:00:00,0,0,0
2024-08-02 03:00:00,0,0,0
2024-08-02 04:00:00,0,0,0
2024-08-02 05:00:00,0,0,0
2024-08-02 06:00:00,0,0,0
2024-08-02 07:00:00,0,0,0
2024-08-02 08:00:00,0,0,0
2024-08-02 09:00:00,0,0,0
2024-08-02 10:00:00,0,0,0
2024-08-02 11:00:00,0,0,0
2024-08-02 12:00:00,0,0,0
2024-08-02 13:00:00,0,0,0
2024-08-02 14:00:00,0,0,0
2024-08-02 15:00:00,0,0,0
2024-08-02 16:00:00,0,0,0
2024-08-02 17:00:00,0,0,0
2024-08-02 18:00:00,0,0,0
2024-08-02 19:00:00,0,0,0
2024-08-02 20:00:00,0,0,0
2024-08-02 21:00:00,0,0,0
2024-08-02 22:00:00,0,0,0
2024-08-02 23:00:00,0,0,0
2024-08-03 00:00:00,0,0,0
2024-08-03 01:00:00,0,0,0
2024-08-03 02:00:00,0,0,0
2024-08-03 03:00:00,0,0,0
2024-08-03 04:00:00,0,0,0
2024-08-03 05:00:00,0,0,0
2024-08-03 06:00:00,0,0,0
2024-08-03 07:00:00,0,0,0
2024-08-03 08:00:00,0,0,0
2024-08-03 09:00:00,0,0,0
2024-08-03 10:00:00,0,0,0
2024-08-03 11:00:00,0,0,0
2024-08-03 12:00:00,0,0,0
2024-08-03 13:00:00,0,0,0
2024-08-03 14:00:00,0,0,0
2024-08-03 15:00:00,0,0,0
2024-08-03 16:00:00,0,0,0
2024-08-03 17:00:00,0,0,0
2024-08-03 18:00:00,0,0,0
2024-08-03 19:00:00,0,0,0
2024-08-03 20:00:00,0,0,0
2024-08-03 21:00:00,0,0,0
2024-08-03 22:00:00,0,0,0
2024-08-03 23:00:00,0,0,0
2024-08-04 00:00:00,0,0,0
2024-08-04 01:00:00,0,0,0
2024-08-04 02:00:00,0,0,0
2024-08-04 03:00:00,0,0,0
2024-08-04 04:00:00,0,0,0
2024-08-04 05:00:00,0,0,0
2024-08-04 06:00:00,0,0,0
2024-08-04 07:00:00,0,0,0
2024-08-04 08:00:00,0,0,0
2024-08-04 09:00:00,0,0,0
2024-08-04 10:00:00,0,0,0
2024-08-04 11:00:00,0,0,0
2024-08-04 12:00:00,0,0,0
2024-08-04 13:00:00,0,0,0
2024-08-04 14:00:00,0,0,0
2024-08-04 15:00:00,0,0,0
2024-08-04 16:00:00,0,0,0
2024-08-04 17:00:00,0,0,0
2024-08-04 18:00:00,0,0,0
2024-08-04 19:00:00,0,0,0
2024-08-04 20:00:00,0,0,0
2024-08-04 21:00:00,0,0,0
2024-08-04 22:00:00,0,0,0
2024-08-04 23:00:00,0,0,0
2024-08-05 00:00:00,0,0,0
2024-08-05 01:00:00,0,0,0
2024-08-05 02:00:00,0,0,0
2024-08-05 03:00:00,0,0,0
2024-08-05 04:00:00,0,0,0
2024-08-05 05:00:00,0,0,0
2024-08-05 06:00:00,0,0,0
2024-08-05 07:00:00,0,0,0
2024-08-05 08:00:00,0,0,0
2024-08-05 09:00:00,0,0,0
2024-08-05 10:00:00,0,0,0
2024-08-05 11:00:00,0,0,0
2024-08-05 12:00:00,0,0,0
2024-08-05 13:00:00,0,0,0
2024-08-05 14:00:00,0,0,0
2024-08-05 15:00:00,18,111,7
2024-08-05 16:00:00,115,581,50
2024-08-05 17:00:00,137,506,35
2024-08-05 18:00:00,110,365,23
2024-08-05 19:00:00,41,312,18
2024-08-05 20:00:00,40,190,17
2024-08-05 21:00:00,22,133,3
2024-08-05 22:00:00,8,62,1
2024-08-05 23:00:00,1,39,1
2024-08-06 00:00:00,8,14,0
2024-08-06 01:00:00,0,11,0
2024-08-06 02:00:00,1,16,1
2024-08-06 03:00:00,2,21,2
2024-08-06 04:00:00,8,69,3
2024-08-06 05:00:00,24,134,13
2024-08-06 06:00:00,44,311,35
2024-08-06 07:00:00,88,380,55
2024-08-06 08:00:00,102,452,29
2024-08-06 09:00:00,101,434,14
2024-08-06 10:00:00,118,455,19
2024-08-06 11:00:00,89,558,26
2024-08-06 12:00:00,110,490,28
2024-08-06 13:00:00,109,546,20
2024-08-06 14:00:00,112,526,25
2024-08-06 15:00:00,116,539,46
2024-08-06 16:00:00,116,570,53
2024-08-06 17:00:00,183,483,56
2024-08-06 18:00:00,138,423,53
2024-08-06 19:00:00,84,334,27
2024-08-06 20:00:00,51,215,12
2024-08-06 21:00:00,38,156,8
2024-08-06 22:00:00,9,83,6
2024-08-06 23:00:00,3,57,3
2024-08-07 00:00:00,0,19,0
2024-08-07 01:00:00,2,14,2
2024-08-07 02:00:00,1,20,1
2024-08-07 03:00:00,2,26,1
2024-08-07 04:00:00,5,68,3
2024-08-07 05:00:00,32,135,19
2024-08-07 06:00:00,51,286,36
2024-08-07 07:00:00,92,330,42
2024-08-07 08:00:00,63,454,19
2024-08-07 09:00:00,85,481,31
2024-08-07 10:00:00,73,484,17
2024-08-07 11:00:00,104,518,27
2024-08-07 12:00:00,57,491,10
2024-08-07 13:00:00,74,505,16
2024-08-07 14:00:00,74,533,20
2024-08-07 15:00:00,94,574,30
2024-08-07 16:00:00,108,591,54
2024-08-07 17:00:00,109,505,44
2024-08-07 18:00:00,91,403,26
2024-08-07 19:00:00,43,272,29
2024-08-07 20:00:00,39,168,10
2024-08-07 21:00:00,13,167,10
2024-08-07 22:00:00,10,61,3
2024-08-07 23:00:00,3,37,0
2024-08-08 00:00:00,0,24,1
2024-08-08 01:00:00,0,11,0
2024-08-08 02:00:00,0,22,0
2024-08-08 03:00:00,0,21,0
2024-08-08 04:00:00,3,64,4
2024-08-08 05:00:00,28,129,12
2024-08-08 06:00:00,71,279,32
2024-08-08 07:00:00,89,370,34
2024-08-08 08:00:00,65,471,16
2024-08-08 09:00:00,45,500,10
2024-08-08 10:00:00,45,539,8
2024-08-08 11:00:00,61,554,10
2024-08-08 12:00:00,74,493,14
2024-08-08 13:00:00,66,557,15
2024-08-08 14:00:00,63,576,16
2024-08-08 15:00:00,62,560,14
2024-08-08 16:00:00,80,559,25
2024-08-08 17:00:00,80,546,26
2024-08-08 18:00:00,61,394,5
2024-08-08 19:00:00,30,274,9
2024-08-08 20:00:00,31,215,5
2024-08-08 21:00:00,27,158,4
2024-08-08 22:00:00,6,76,2
2024-08-08 23:00:00,4,47,1
2024-08-09 00:00:00,3,25,0
2024-08-09 01:00:00,1,12,0
2024-08-09 02:00:00,1,27,0
2024-08-09 03:00:00,1,21,1
2024-08-09 04:00:00,5,63,3
2024-08-09 05:00:00,23,127,12
2024-08-09 06:00:00,48,248,28
2024-08-09 07:00:00,85,355,38
2024-08-09 08:00:00,53,488,20
2024-08-09 09:00:00,83,492,21
2024-08-09 10:00:00,97,543,23
2024-08-09 11:00:00,114,576,28
2024-08-09 12:00:00,130,500,19
2024-08-09 13:00:00,97,570,20
2024-08-09 14:00:00,109,575,25
2024-08-09 15:00:00,136,583,39
2024-08-09 16:00:00,123,517,50
2024-08-09 17:00:00,111,523,31
2024-08-09 18:00:00,101,441,13
2024-08-09 19:00:00,59,298,34
2024-08-09 20:00:00,48,182,4
2024-08-09 21:00:00,28,205,6
2024-08-09 22:00:00,31,111,4
2024-08-09 23:00:00,8,75,2
2024-08-10 00:00:00,1,45,0
2024-08-10 01:00:00,1,38,1
2024-08-10 02:00:00,5,17,0
2024-08-10 03:00:00,0,25,0
2024-08-10 04:00:00,0,50,4
2024-08-10 05:00:00,24,92,6
2024-08-10 06:00:00,35,203,13
2024-08-10 07:00:00,53,304,16
2024-08-10 08:00:00,77,440,19
2024-08-10 09:00:00,130,528,28
2024-08-10 10:00:00,121,539,22
2024-08-10 11:00:00,110,582,20
2024-08-10 12:00:00,96,553,24
2024-08-10 13:00:00,97,516,26
2024-08-10 14:00:00,122,533,27
2024-08-10 15:00:00,109,546,31
2024-08-10 16:00:00,100,526,31
2024-08-10 17:00:00,89,429,24
2024-08-10 18:00:00,121,490,33
2024-08-10 19:00:00,95,287,9
2024-08-10 20:00:00,52,200,6
2024-08-10 21:00:00,39,191,3
2024-08-10 22:00:00,23,176,4
2024-08-10 23:00:00,9,79,1
2024-08-11 00:00:00,3,42,0
2024-08-11 01:00:00,2,30,0
2024-08-11 02:00:00,0,27,0
2024-08-11 03:00:00,1,20,0
2024-08-11 04:00:00,1,49,4
2024-08-11 05:00:00,11,75,8
2024-08-11 06:00:00,29,130,12
2024-08-11 07:00:00,63,153,19
2024-08-11 08:00:00,75,283,32
2024-08-11 09:00:00,109,538,16
2024-08-11 10:00:00,140,502,37
2024-08-11 11:00:00,114,586,40
2024-08-11 12:00:00,98,508,29
2024-08-11 13:00:00,101,530,24
2024-08-11 14:00:00,93,513,29
2024-08-11 15:00:00,85,411,23
2024-08-11 16:00:00,84,370,33
2024-08-11 17:00:00,66,410,22
2024-08-11 18:00:00,70,353,33
2024-08-11 19:00:00,61,271,12
2024-08-11 20:00:00,30,187,6
2024-08-11 21:00:00,13,135,2
2024-08-11 22:00:00,8,79,2
2024-08-11 23:00:00,1,37,3
2024-08-12 00:00:00,0,27,0
2024-08-12 01:00:00,2,26,1
2024-08-12 02:00:00,0,16,0
2024-08-12 03:00:00,0,15,0
2024-08-12 04:00:00,2,55,4
2024-08-12 05:00:00,15,118,16
2024-08-12 06:00:00,53,294,40
2024-08-12 07:00:00,65,326,41
2024-08-12 08:00:00,82,451,24
2024-08-12 09:00:00,61,432,19
2024-08-12 10:00:00,76,487,16
2024-08-12 11:00:00,73,531,23
2024-08-12 12:00:00,55,444,21
2024-08-12 13:00:00,51,518,18
2024-08-12 14:00:00,85,546,29
2024-08-12 15:00:00,100,538,33
2024-08-12 16:00:00,92,492,54
2024-08-12 17:00:00,153,508,38
2024-08-12 18:00:00,121,440,40
2024-08-12 19:00:00,71,248,22
2024-08-12 20:00:00,61,183,6
2024-08-12 21:00:00,15,162,4
2024-08-12 22:00:00,15,75,2
2024-08-12 23:00:00,6,49,0
2024-08-13 00:00:00,1,16,0
2024-08-13 01:00:00,0,5,0
2024-08-13 02:00:00,0,13,1
2024-08-13 03:00:00,0,17,0
2024-08-13 04:00:00,1,57,4
2024-08-13 05:00:00,22,132,15
2024-08-13 06:00:00,75,313,43
2024-08-13 07:00:00,89,359,40
2024-08-13 08:00:00,80,461,21
2024-08-13 09:00:00,103,480,25
2024-08-13 10:00:00,100,512,14
2024-08-13 11:00:00,87,526,15
2024-08-13 12:00:00,102,481,20
2024-08-13 13:00:00,85,497,18
2024-08-13 14:00:00,116,574,19
2024-08-13 15:00:00,83,569,34
2024-08-13 16:00:00,109,571,56
2024-08-13 17:00:00,139,557,44
2024-08-13 18:00:00,89,388,24
2024-08-13 19:00:00,44,254,25
2024-08-13 20:00:00,32,196,7
2024-08-13 21:00:00,19,181,7
2024-08-13 22:00:00,15,88,1
2024-08-13 23:00:00,4,56,3
2024-08-14 00:00:00,1,25,0
2024-08-14 01:00:00,0,18,0
2024-08-14 02:00:00,0,21,0
2024-08-14 03:00:00,0,27,1
2024-08-14 04:00:00,5,74,3
2024-08-14 05:00:00,22,137,7
2024-08-14 06:00:00,67,309,37
2024-08-14 07:00:00,84,365,27
2024-08-14 08:00:00,106,477,15
2024-08-14 09:00:00,70,486,7
2024-08-14 10:00:00,101,522,9
2024-08-14 11:00:00,72,512,23
2024-08-14 12:00:00,111,493,16
2024-08-14 13:00:00,87,525,18
2024-08-14 14:00:00,106,509,16
2024-08-14 15:00:00,112,547,20
2024-08-14 16:00:00,138,625,54
2024-08-14 17:00:00,122,531,42
2024-08-14 18:00:00,101,440,39
2024-08-14 19:00:00,57,344,21
2024-08-14 20:00:00,53,206,9
2024-08-14 21:00:00,22,179,7
2024-08-14 22:00:00,17,77,2
2024-08-14 23:00:00,1,40,0
2024-08-15 00:00:00,2,19,0
2024-08-15 01:00:00,1,12,2
2024-08-15 02:00:00,0,17,0
2024-08-15 03:00:00,0,20,0
2024-08-15 04:00:00,7,79,4
2024-08-15 05:00:00,27,131,12
2024-08-15 06:00:00,68,284,34
2024-08-15 07:00:00,82,362,29
2024-08-15 08:00:00,88,469,20
2024-08-15 09:00:00,86,494,31
2024-08-15 10:00:00,95,465,20
2024-08-15 11:00:00,105,541,21
2024-08-15 12:00:00,105,530,19
2024-08-15 13:00:00,89,551,20
2024-08-15 14:00:00,121,529,21
2024-08-15 15:00:00,105,575,27
2024-08-15 16:00:00,117,616,48
2024-08-15 17:00:00,82,595,23
2024-08-15 18:00:00,167,452,12
2024-08-15 19:00:00,55,319,9
2024-08-15 20:00:00,34,195,5
2024-08-15 21:00:00,16,159,7
2024-08-15 22:00:00,12,77,3
2024-08-15 23:00:00,2,46,0
2024-08-16 00:00:00,1,29,0
2024-08-16 01:00:00,3,16,1
2024-08-16 02:00:00,3,21,0
2024-08-16 03:00:00,2,29,0
2024-08-16 04:00:00,5,60,1
2024-08-16 05:00:00,27,129,17
2024-08-16 06:00:00,72,254,31
2024-08-16 07:00:00,93,338,34
2024-08-16 08:00:00,89,526,25
2024-08-16 09:00:00,106,568,23
2024-08-16 10:00:00,120,577,19
2024-08-16 11:00:00,105,606,36
2024-08-16 12:00:00,97,560,22
2024-08-16 13:00:00,95,539,20
2024-08-16 14:00:00,97,562,29
2024-08-16 15:00:00,113,604,35
2024-08-16 16:00:00,135,569,59
2024-08-16 17:00:00,108,532,32
2024-08-16 18:00:00,101,424,31
2024-08-16 19:00:00,90,249,26
2024-08-16 20:00:00,29,194,8
2024-08-16 21:00:00,29,164,5
2024-08-16 22:00:00,16,101,0
2024-08-16 23:00:00,6,72,5
2024-08-17 00:00:00,3,52,1
2024-08-17 01:00:00,1,35,0
2024-08-17 02:00:00,0,32,0
2024-08-17 03:00:00,1,19,0
2024-08-17 04:00:00,1,39,0
2024-08-17 05:00:00,15,72,3
2024-08-17 06:00:00,39,169,18
2024-08-17 07:00:00,90,281,23
2024-08-17 08:00:00,111,430,24
2024-08-17 09:00:00,137,560,31
2024-08-17 10:00:00,139,555,29
2024-08-17 11:00:00,113,558,23
2024-08-17 12:00:00,102,544,18
2024-08-17 13:00:00,108,592,18
2024-08-17 14:00:00,120,546,25
2024-08-17 15:00:00,116,520,15
2024-08-17 16:00:00,77,543,28
2024-08-17 17:00:00,81,438,12
2024-08-17 18:00:00,51,323,6
2024-08-17 19:00:00,32,121,3
2024-08-17 20:00:00,35,166,4
2024-08-17 21:00:00,13,156,5
2024-08-17 22:00:00,15,120,0
2024-08-17 23:00:00,4,79,1
2024-08-18 00:00:00,1,49,0
2024-08-18 01:00:00,0,37,0
2024-08-18 02:00:00,2,26,0
2024-08-18 03:00:00,1,19,0
2024-08-18 04:00:00,7,36,1
2024-08-18 05:00:00,6,60,3
2024-08-18 06:00:00,20,116,13
2024-08-18 07:00:00,64,145,12
2024-08-18 08:00:00,104,295,25
2024-08-18 09:00:00,109,504,21
2024-08-18 10:00:00,116,500,27
2024-08-18 11:00:00,121,599,44
2024-08-18 12:00:00,131,548,27
2024-08-18 13:00:00,118,546,25
2024-08-18 14:00:00,139,554,39
2024-08-18 15:00:00,108,443,30
2024-08-18 16:00:00,102,396,34
2024-08-18 17:00:00,82,295,21
2024-08-18 18:00:00,77,262,17
2024-08-18 19:00:00,42,161,12
2024-08-18 20:00:00,11,162,6
2024-08-18 21:00:00,13,115,5
2024-08-18 22:00:00,5,53,2
2024-08-18 23:00:00,3,34,2
2024-08-19 00:00:00,0,26,0
2024-08-19 01:00:00,0,11,0
2024-08-19 02:00:00,0,17,0
2024-08-19 03:00:00,0,17,2
2024-08-19 04:00:00,2,58,3
2024-08-19 05:00:00,18,121,16
2024-08-19 06:00:00,66,298,39
2024-08-19 07:00:00,77,339,34
2024-08-19 08:00:00,63,413,18
2024-08-19 09:00:00,86,479,19
2024-08-19 10:00:00,81,459,24
2024-08-19 11:00:00,114,550,19
2024-08-19 12:00:00,70,498,18
2024-08-19 13:00:00,105,517,7
2024-08-19 14:00:00,80,541,23
2024-08-19 15:00:00,84,508,21
2024-08-19 16:00:00,109,552,49
2024-08-19 17:00:00,89,507,33
2024-08-19 18:00:00,52,376,11
2024-08-19 19:00:00,31,243,19
2024-08-19 20:00:00,23,158,4
2024-08-19 21:00:00,15,135,3
2024-08-19 22:00:00,4,68,1
2024-08-19 23:00:00,2,39,0
2024-08-20 00:00:00,1,20,1
2024-08-20 01:00:00,1,10,0
2024-08-20 02:00:00,0,13,0
2024-08-20 03:00:00,0,15,1
2024-08-20 04:00:00,1,62,4
2024-08-20 05:00:00,28,141,14
2024-08-20 06:00:00,80,303,35
2024-08-20 07:00:00,94,409,37
2024-08-20 08:00:00,71,479,13
2024-08-20 09:00:00,56,477,18
2024-08-20 10:00:00,73,544,13
2024-08-20 11:00:00,103,550,22
2024-08-20 12:00:00,106,512,25
2024-08-20 13:00:00,94,511,18
2024-08-20 14:00:00,94,516,24
2024-08-20 15:00:00,129,558,44
2024-08-20 16:00:00,121,554,69
2024-08-20 17:00:00,143,553,57
2024-08-20 18:00:00,146,454,32
2024-08-20 19:00:00,57,291,17
2024-08-20 20:00:00,45,199,12
2024-08-20 21:00:00,25,162,7
2024-08-20 22:00:00,20,76,6
2024-08-20 23:00:00,1,41,0
2024-08-21 00:00:00,0,32,1
2024-08-21 01:00:00,0,17,0
2024-08-21 02:00:00,0,14,0
2024-08-21 03:00:00,0,23,2
2024-08-21 04:00:00,2,63,6
2024-08-21 05:00:00,28,139,13
2024-08-21 06:00:00,65,287,36
2024-08-21 07:00:00,99,413,43
2024-08-21 08:00:00,75,444,20
2024-08-21 09:00:00,108,448,20
2024-08-21 10:00:00,92,523,16
2024-08-21 11:00:00,85,569,25
2024-08-21 12:00:00,118,577,35
2024-08-21 13:00:00,120,545,21
2024-08-21 14:00:00,91,499,19
2024-08-21 15:00:00,80,569,37
2024-08-21 16:00:00,124,576,54
2024-08-21 17:00:00,116,540,41
2024-08-21 18:00:00,82,381,23
2024-08-21 19:00:00,64,321,17
2024-08-21 20:00:00,25,204,15
2024-08-21 21:00:00,37,152,5
2024-08-21 22:00:00,13,61,1
2024-08-21 23:00:00,5,43,4
2024-08-22 00:00:00,0,32,0
2024-08-22 01:00:00,2,13,0
2024-08-22 02:00:00,2,23,0
2024-08-22 03:00:00,0,24,1
2024-08-22 04:00:00,3,80,4
2024-08-22 05:00:00,26,147,10
2024-08-22 06:00:00,56,274,27
2024-08-22 07:00:00,69,398,32
2024-08-22 08:00:00,57,459,11
2024-08-22 09:00:00,81,478,17
2024-08-22 10:00:00,76,500,9
2024-08-22 11:00:00,66,577,11
2024-08-22 12:00:00,85,518,16
2024-08-22 13:00:00,112,533,13
2024-08-22 14:00:00,93,584,15
2024-08-22 15:00:00,104,593,31
2024-08-22 16:00:00,136,635,51
2024-08-22 17:00:00,116,561,29
2024-08-22 18:00:00,89,433,35
2024-08-22 19:00:00,61,274,15
2024-08-22 20:00:00,30,214,15
2024-08-22 21:00:00,17,152,5
2024-08-22 22:00:00,18,90,1
2024-08-22 23:00:00,2,44,2
2024-08-23 00:00:00,3,30,2
2024-08-23 01:00:00,0,20,1
2024-08-23 02:00:00,3,22,0
2024-08-23 03:00:00,0,24,2
2024-08-23 04:00:00,3,67,2
2024-08-23 05:00:00,13,122,8
2024-08-23 06:00:00,44,260,27
2024-08-23 07:00:00,65,344,26
2024-08-23 08:00:00,91,448,15
2024-08-23 09:00:00,88,505,20
2024-08-23 10:00:00,103,537,22
2024-08-23 11:00:00,125,607,33
2024-08-23 12:00:00,96,560,19
2024-08-23 13:00:00,105,575,11
2024-08-23 14:00:00,107,595,29
2024-08-23 15:00:00,104,575,31
2024-08-23 16:00:00,112,553,35
2024-08-23 17:00:00,119,499,31
2024-08-23 18:00:00,79,352,16
2024-08-23 19:00:00,9,83,5
2024-08-23 20:00:00,37,171,2
2024-08-23 21:00:00,23,158,9
2024-08-23 22:00:00,20,117,4
2024-08-23 23:00:00,8,64,3
2024-08-24 00:00:00,1,29,1
2024-08-24 01:00:00,1,15,0
2024-08-24 02:00:00,0,21,1
2024-08-24 03:00:00,1,20,1
2024-08-24 04:00:00,1,43,1
2024-08-24 05:00:00,8,76,2
2024-08-24 06:00:00,23,156,6
2024-08-24 07:00:00,53,244,9
2024-08-24 08:00:00,66,400,5
2024-08-24 09:00:00,76,580,13
2024-08-24 10:00:00,107,554,7
2024-08-24 11:00:00,118,568,13
2024-08-24 12:00:00,112,540,7
2024-08-24 13:00:00,135,563,20
2024-08-24 14:00:00,159,550,37
2024-08-24 15:00:00,138,510,17
2024-08-24 16:00:00,144,522,23
2024-08-24 17:00:00,86,337,13
2024-08-24 18:00:00,68,299,14
2024-08-24 19:00:00,45,190,8
2024-08-24 20:00:00,22,165,1
2024-08-24 21:00:00,26,132,5
2024-08-24 22:00:00,9,87,0
2024-08-24 23:00:00,4,81,2
2024-08-25 00:00:00,3,43,0
2024-08-25 01:00:00,0,38,3
2024-08-25 02:00:00,0,23,1
2024-08-25 03:00:00,1,18,0
2024-08-25 04:00:00,1,33,1
2024-08-25 05:00:00,4,61,2
2024-08-25 06:00:00,20,73,4
2024-08-25 07:00:00,46,106,6
2024-08-25 08:00:00,80,289,16
2024-08-25 09:00:00,209,462,29
2024-08-25 10:00:00,170,547,24
2024-08-25 11:00:00,133,633,30
2024-08-25 12:00:00,156,537,15
2024-08-25 13:00:00,173,553,10
2024-08-25 14:00:00,224,510,22
2024-08-25 15:00:00,370,477,29
2024-08-25 16:00:00,256,487,27
2024-08-25 17:00:00,73,273,10
2024-08-25 18:00:00,59,227,4
2024-08-25 19:00:00,82,181,12
2024-08-25 20:00:00,247,276,7
2024-08-25 21:00:00,1155,298,99
2024-08-25 22:00:00,137,213,5
2024-08-25 23:00:00,17,79,1
2024-08-26 00:00:00,1,35,1
2024-08-26 01:00:00,2,31,0
2024-08-26 02:00:00,3,15,1
2024-08-26 03:00:00,0,9,1
2024-08-26 04:00:00,0,7,0
2024-08-26 05:00:00,2,61,3
2024-08-26 06:00:00,21,95,14
2024-08-26 07:00:00,47,153,9
2024-08-26 08:00:00,74,289,23
2024-08-26 09:00:00,92,441,30
2024-08-26 10:00:00,117,489,21
2024-08-26 11:00:00,91,572,41
2024-08-26 12:00:00,102,583,24
2024-08-26 13:00:00,160,580,25
2024-08-26 14:00:00,137,579,29
2024-08-26 15:00:00,131,477,40
2024-08-26 16:00:00,162,449,42
2024-08-26 17:00:00,100,349,28
2024-08-26 18:00:00,66,298,27
2024-08-26 19:00:00,52,194,9
2024-08-26 20:00:00,21,149,8
2024-08-26 21:00:00,14,112,5
2024-08-26 22:00:00,6,67,3
2024-08-26 23:00:00,1,28,4
2024-08-27 00:00:00,3,18,0
2024-08-27 01:00:00,3,23,0
2024-08-27 02:00:00,0,18,0
2024-08-27 03:00:00,1,18,0
2024-08-27 04:00:00,4,59,3
2024-08-27 05:00:00,20,122,9
2024-08-27 06:00:00,58,286,32
2024-08-27 07:00:00,80,379,31
2024-08-27 08:00:00,73,464,21
2024-08-27 09:00:00,96,451,16
2024-08-27 10:00:00,95,517,16
2024-08-27 11:00:00,92,569,22
2024-08-27 12:00:00,104,534,14
2024-08-27 13:00:00,95,488,23
2024-08-27 14:00:00,102,561,29
2024-08-27 15:00:00,79,553,16
2024-08-27 16:00:00,126,614,46
2024-08-27 17:00:00,124,529,46
2024-08-27 18:00:00,127,411,31
2024-08-27 19:00:00,78,288,22
2024-08-27 20:00:00,47,192,3
2024-08-27 21:00:00,15,122,6
2024-08-27 22:00:00,8,55,7
2024-08-27 23:00:00,1,41,2
2024-08-28 00:00:00,2,19,2
2024-08-28 01:00:00,0,18,0
2024-08-28 02:00:00,0,18,0
2024-08-28 03:00:00,0,20,1
2024-08-28 04:00:00,5,65,2
2024-08-28 05:00:00,28,154,9
2024-08-28 06:00:00,66,301,38
2024-08-28 07:00:00,95,380,63
2024-08-28 08:00:00,82,435,19
2024-08-28 09:00:00,94,500,15
2024-08-28 10:00:00,96,520,20
2024-08-28 11:00:00,105,536,26
2024-08-28 12:00:00,82,490,20
2024-08-28 13:00:00,119,523,13
2024-08-28 14:00:00,106,553,10
2024-08-28 15:00:00,117,556,37
2024-08-28 16:00:00,136,590,66
2024-08-28 17:00:00,127,512,36
2024-08-28 18:00:00,92,406,36
2024-08-28 19:00:00,59,256,16
2024-08-28 20:00:00,37,208,4
2024-08-28 21:00:00,21,162,11
2024-08-28 22:00:00,12,76,4
2024-08-28 23:00:00,4,36,3
2024-08-29 00:00:00,0,21,0
2024-08-29 01:00:00,2,14,0
2024-08-29 02:00:00,0,13,0
2024-08-29 03:00:00,0,17,1
2024-08-29 04:00:00,9,72,5
2024-08-29 05:00:00,23,139,8
2024-08-29 06:00:00,60,293,46
2024-08-29 07:00:00,96,379,42
2024-08-29 08:00:00,117,429,30
2024-08-29 09:00:00,107,466,15
2024-08-29 10:00:00,93,495,13
2024-08-29 11:00:00,109,539,17
2024-08-29 12:00:00,105,492,13
2024-08-29 13:00:00,112,508,12
2024-08-29 14:00:00,83,556,34
2024-08-29 15:00:00,138,567,27
2024-08-29 16:00:00,108,565,54
2024-08-29 17:00:00,143,538,40
2024-08-29 18:00:00,112,424,24
2024-08-29 19:00:00,72,364,22
2024-08-29 20:00:00,27,231,14
2024-08-29 21:00:00,33,155,6
2024-08-29 22:00:00,11,96,3
2024-08-29 23:00:00,8,49,0
2024-08-30 00:00:00,3,24,3
2024-08-30 01:00:00,4,34,1
2024-08-30 02:00:00,0,13,1
2024-08-30 03:00:00,0,15,2
2024-08-30 04:00:00,3,72,4
2024-08-30 05:00:00,14,146,11
2024-08-30 06:00:00,72,256,34
2024-08-30 07:00:00,87,349,43
2024-08-30 08:00:00,69,511,21
2024-08-30 09:00:00,87,532,22
2024-08-30 10:00:00,100,592,25
2024-08-30 11:00:00,117,565,18
2024-08-30 12:00:00,103,582,19
2024-08-30 13:00:00,107,565,35
2024-08-30 14:00:00,118,594,20
2024-08-30 15:00:00,147,546,40
2024-08-30 16:00:00,112,568,38
2024-08-30 17:00:00,165,503,37
2024-08-30 18:00:00,80,391,22
2024-08-30 19:00:00,70,286,17
2024-08-30 20:00:00,38,212,8
2024-08-30 21:00:00,29,193,5
2024-08-30 22:00:00,23,103,4
2024-08-30 23:00:00,5,70,1
2024-08-31 00:00:00,2,34,1
2024-08-31 01:00:00,1,20,0
2024-08-31 02:00:00,0,30,0
2024-08-31 03:00:00,1,27,1
2024-08-31 04:00:00,4,57,2
2024-08-31 05:00:00,14,77,10
2024-08-31 06:00:00,30,161,15
2024-08-31 07:00:00,72,304,16
2024-08-31 08:00:00,114,477,31
2024-08-31 09:00:00,126,603,35
2024-08-31 10:00:00,130,624,23
2024-08-31 11:00:00,167,599,38
2024-08-31 12:00:00,142,570,34
2024-08-31 13:00:00,264,580,29
2024-08-31 14:00:00,319,648,29
2024-08-31 15:00:00,273,644,20
2024-08-31 16:00:00,173,580,27
2024-08-31 17:00:00,83,474,16
2024-08-31 18:00:00,72,310,7
2024-08-31 19:00:00,72,240,6
2024-08-31 20:00:00,77,212,9
2024-08-31 21:00:00,150,284,16
2024-08-31 22:00:00,711,345,19
2024-08-31 23:00:00,22,120,1
2024-09-01 00:00:00,6,56,0
2024-09-01 01:00:00,2,57,0
2024-09-01 02:00:00,2,26,2
2024-09-01 03:00:00,1,23,0
2024-09-01 04:00:00,3,41,0
2024-09-01 05:00:00,5,61,7
2024-09-01 06:00:00,28,97,5
2024-09-01 07:00:00,48,154,26
2024-09-01 08:00:00,82,345,26
2024-09-01 09:00:00,118,550,33
2024-09-01 10:00:00,125,657,26
2024-09-01 11:00:00,109,613,30
2024-09-01 12:00:00,119,633,23
2024-09-01 13:00:00,187,598,40
2024-09-01 14:00:00,230,619,26
2024-09-01 15:00:00,104,507,15
2024-09-01 16:00:00,107,450,14
2024-09-01 17:00:00,119,340,16
2024-09-01 18:00:00,73,316,7
2024-09-01 19:00:00,57,237,8
2024-09-01 20:00:00,72,196,4
2024-09-01 21:00:00,238,250,32
2024-09-01 22:00:00,164,206,8
2024-09-01 23:00:00,5,53,0
2024-09-02 00:00:00,4,30,1
2024-09-02 01:00:00,0,25,1
2024-09-02 02:00:00,1,5,0
2024-09-02 03:00:00,0,18,4
2024-09-02 04:00:00,6,51,3
2024-09-02 05:00:00,20,141,11
2024-09-02 06:00:00,57,345,38
2024-09-02 07:00:00,74,403,35
2024-09-02 08:00:00,70,417,22
2024-09-02 09:00:00,59,487,11
2024-09-02 10:00:00,97,497,18
2024-09-02 11:00:00,117,509,12
2024-09-02 12:00:00,89,483,20
2024-09-02 13:00:00,110,546,11
2024-09-02 14:00:00,85,542,22
2024-09-02 15:00:00,96,575,28
2024-09-02 16:00:00,103,580,33
2024-09-02 17:00:00,133,568,41
2024-09-02 18:00:00,76,443,17
2024-09-02 19:00:00,71,257,14
2024-09-02 20:00:00,49,143,6
2024-09-02 21:00:00,13,141,5
2024-09-02 22:00:00,5,56,2
2024-09-02 23:00:00,0,29,4
2024-09-03 00:00:00,0,15,1
2024-09-03 01:00:00,1,14,0
2024-09-03 02:00:00,0,11,0
2024-09-03 03:00:00,0,21,2
2024-09-03 04:00:00,5,67,3
2024-09-03 05:00:00,28,148,11
2024-09-03 06:00:00,87,337,41
2024-09-03 07:00:00,84,425,50
2024-09-03 08:00:00,80,435,21
2024-09-03 09:00:00,80,477,18
2024-09-03 10:00:00,76,474,7
2024-09-03 11:00:00,117,495,24
2024-09-03 12:00:00,81,494,24
2024-09-03 13:00:00,128,537,18
2024-09-03 14:00:00,108,560,29
2024-09-03 15:00:00,146,541,46
2024-09-03 16:00:00,141,559,55
2024-09-03 17:00:00,170,480,58
2024-09-03 18:00:00,148,428,43
2024-09-03 19:00:00,77,328,22
2024-09-03 20:00:00,30,197,8
2024-09-03 21:00:00,25,146,2
2024-09-03 22:00:00,11,73,3
2024-09-03 23:00:00,2,32,2
2024-09-04 00:00:00,1,21,1
2024-09-04 01:00:00,1,16,0
2024-09-04 02:00:00,0,13,0
2024-09-04 03:00:00,1,17,1
2024-09-04 04:00:00,7,73,3
2024-09-04 05:00:00,31,162,13
2024-09-04 06:00:00,74,367,45
2024-09-04 07:00:00,111,406,39
2024-09-04 08:00:00,101,481,23
2024-09-04 09:00:00,98,434,21
2024-09-04 10:00:00,87,496,8
2024-09-04 11:00:00,114,522,19
2024-09-04 12:00:00,113,558,20
2024-09-04 13:00:00,84,572,28
2024-09-04 14:00:00,112,549,33
2024-09-04 15:00:00,111,512,30
2024-09-04 16:00:00,144,542,35
2024-09-04 17:00:00,150,502,42
2024-09-04 18:00:00,88,408,35
2024-09-04 19:00:00,67,319,16
2024-09-04 20:00:00,37,215,15
2024-09-04 21:00:00,19,119,10
2024-09-04 22:00:00,9,76,0
2024-09-04 23:00:00,2,34,0
2024-09-05 00:00:00,0,24,1
2024-09-05 01:00:00,1,18,1
2024-09-05 02:00:00,3,18,0
2024-09-05 03:00:00,0,27,1
2024-09-05 04:00:00,8,65,1
2024-09-05 05:00:00,29,146,12
2024-09-05 06:00:00,77,338,42
2024-09-05 07:00:00,93,387,39
2024-09-05 08:00:00,73,504,12
2024-09-05 09:00:00,74,510,15
2024-09-05 10:00:00,59,501,2
2024-09-05 11:00:00,52,527,10
2024-09-05 12:00:00,62,504,8
2024-09-05 13:00:00,50,507,10
2024-09-05 14:00:00,32,499,14
2024-09-05 15:00:00,58,534,21
2024-09-05 16:00:00,91,547,30
2024-09-05 17:00:00,104,538,21
2024-09-05 18:00:00,116,407,14
2024-09-05 19:00:00,31,280,5
2024-09-05 20:00:00,37,187,4
2024-09-05 21:00:00,25,141,6
2024-09-05 22:00:00,9,69,1
2024-09-05 23:00:00,3,51,2
2024-09-06 00:00:00,1,16,1
2024-09-06 01:00:00,0,22,0
2024-09-06 02:00:00,0,16,0
2024-09-06 03:00:00,0,15,3
2024-09-06 04:00:00,3,62,4
2024-09-06 05:00:00,22,150,13
2024-09-06 06:00:00,64,332,17
2024-09-06 07:00:00,62,436,26
2024-09-06 08:00:00,70,537,10
2024-09-06 09:00:00,61,507,10
2024-09-06 10:00:00,61,557,9
2024-09-06 11:00:00,93,570,13
2024-09-06 12:00:00,76,617,16
2024-09-06 13:00:00,81,640,17
2024-09-06 14:00:00,71,539,14
2024-09-06 15:00:00,117,435,17
2024-09-06 16:00:00,109,544,24
2024-09-06 17:00:00,100,526,18
2024-09-06 18:00:00,68,469,13
2024-09-06 19:00:00,39,253,5
2024-09-06 20:00:00,34,177,8
2024-09-06 21:00:00,28,190,2
2024-09-06 22:00:00,18,99,2
2024-09-06 23:00:00,0,50,1
2024-09-07 00:00:00,2,44,0
2024-09-07 01:00:00,8,45,0
2024-09-07 02:00:00,3,21,0
2024-09-07 03:00:00,2,23,2
2024-09-07 04:00:00,0,47,0
2024-09-07 05:00:00,11,66,4
2024-09-07 06:00:00,39,173,12
2024-09-07 07:00:00,97,378,22
2024-09-07 08:00:00,114,540,19
2024-09-07 09:00:00,140,570,23
2024-09-07 10:00:00,111,665,31
2024-09-07 11:00:00,169,656,40
2024-09-07 12:00:00,156,626,23
2024-09-07 13:00:00,168,609,30
2024-09-07 14:00:00,141,629,17
2024-09-07 15:00:00,161,651,27
2024-09-07 16:00:00,122,598,16
2024-09-07 17:00:00,108,498,14
2024-09-07 18:00:00,89,381,14
2024-09-07 19:00:00,78,262,6
2024-09-07 20:00:00,54,168,5
2024-09-07 21:00:00,26,170,4
2024-09-07 22:00:00,19,124,4
2024-09-07 23:00:00,5,80,0
2024-09-08 00:00:00,2,48,1
2024-09-08 01:00:00,3,32,1
2024-09-08 02:00:00,3,28,0
2024-09-08 03:00:00,0,24,0
2024-09-08 04:00:00,1,37,0
2024-09-08 05:00:00,3,57,3
2024-09-08 06:00:00,28,80,7
2024-09-08 07:00:00,73,155,15
2024-09-08 08:00:00,75,371,16
2024-09-08 09:00:00,237,535,24
2024-09-08 10:00:00,239,625,21
2024-09-08 11:00:00,167,691,42
2024-09-08 12:00:00,171,611,32
2024-09-08 13:00:00,184,720,23
2024-09-08 14:00:00,141,668,19
2024-09-08 15:00:00,114,502,17
2024-09-08 16:00:00,88,448,10
2024-09-08 17:00:00,74,355,12
2024-09-08 18:00:00,53,257,5
2024-09-08 19:00:00,66,220,4
2024-09-08 20:00:00,26,167,6
2024-09-08 21:00:00,6,105,4
2024-09-08 22:00:00,7,66,1
2024-09-08 23:00:00,0,44,2
2024-09-09 00:00:00,2,18,3
2024-09-09 01:00:00,2,30,0
2024-09-09 02:00:00,2,22,0
2024-09-09 03:00:00,2,27,3
2024-09-09 04:00:00,3,70,1
2024-09-09 05:00:00,22,142,17
2024-09-09 06:00:00,82,311,33
2024-09-09 07:00:00,96,345,44
2024-09-09 08:00:00,95,447,22
2024-09-09 09:00:00,92,466,19
2024-09-09 10:00:00,113,469,17
2024-09-09 11:00:00,131,475,20
2024-09-09 12:00:00,113,441,36
2024-09-09 13:00:00,95,511,20
2024-09-09 14:00:00,156,550,28
2024-09-09 15:00:00,141,552,46
2024-09-09 16:00:00,123,531,59
2024-09-09 17:00:00,162,521,48
2024-09-09 18:00:00,160,408,18
2024-09-09 19:00:00,130,297,24
2024-09-09 20:00:00,18,189,14
2024-09-09 21:00:00,26,143,4
2024-09-09 22:00:00,12,61,1
2024-09-09 23:00:00,5,48,1
2024-09-10 00:00:00,5,18,0
2024-09-10 01:00:00,0,15,0
2024-09-10 02:00:00,2,19,0
2024-09-10 03:00:00,0,24,1
2024-09-10 04:00:00,4,76,2
2024-09-10 05:00:00,29,156,11
2024-09-10 06:00:00,56,331,34
2024-09-10 07:00:00,95,374,52
2024-09-10 08:00:00,100,471,24
2024-09-10 09:00:00,74,455,13
2024-09-10 10:00:00,67,479,16
2024-09-10 11:00:00,88,539,14
2024-09-10 12:00:00,97,470,14
2024-09-10 13:00:00,83,523,12
2024-09-10 14:00:00,66,545,16
2024-09-10 15:00:00,77,539,36
2024-09-10 16:00:00,99,490,37
2024-09-10 17:00:00,97,486,25
2024-09-10 18:00:00,88,364,17
2024-09-10 19:00:00,75,278,19
2024-09-10 20:00:00,38,223,6
2024-09-10 21:00:00,21,157,3
2024-09-10 22:00:00,9,72,2
2024-09-10 23:00:00,3,41,2
2024-09-11 00:00:00,2,49,0
2024-09-11 01:00:00,3,36,0
2024-09-11 02:00:00,2,32,1
2024-09-11 03:00:00,6,23,1
2024-09-11 04:00:00,6,62,3
2024-09-11 05:00:00,37,158,14
2024-09-11 06:00:00,73,330,41
2024-09-11 07:00:00,111,426,50
2024-09-11 08:00:00,120,449,37
2024-09-11 09:00:00,84,475,16
2024-09-11 10:00:00,97,465,9
2024-09-11 11:00:00,126,532,28
2024-09-11 12:00:00,110,520,17
2024-09-11 13:00:00,109,516,16
2024-09-11 14:00:00,123,500,32
2024-09-11 15:00:00,85,517,29
2024-09-11 16:00:00,158,496,41
2024-09-11 17:00:00,119,515,45
2024-09-11 18:00:00,101,422,20
2024-09-11 19:00:00,57,341,20
2024-09-11 20:00:00,41,250,11
2024-09-11 21:00:00,25,161,9
2024-09-11 22:00:00,9,71,2
2024-09-11 23:00:00,4,53,1
2024-09-12 00:00:00,1,22,2
2024-09-12 01:00:00,0,24,0
2024-09-12 02:00:00,3,17,0
2024-09-12 03:00:00,1,29,1
2024-09-12 04:00:00,6,65,3
2024-09-12 05:00:00,35,133,14
2024-09-12 06:00:00,86,329,38
2024-09-12 07:00:00,89,429,61
2024-09-12 08:00:00,109,526,26
2024-09-12 09:00:00,65,510,23
2024-09-12 10:00:00,101,509,24
2024-09-12 11:00:00,91,577,15
2024-09-12 12:00:00,75,503,19
2024-09-12 13:00:00,112,506,24
2024-09-12 14:00:00,138,570,34
2024-09-12 15:00:00,134,539,39
2024-09-12 16:00:00,144,452,24
2024-09-12 17:00:00,128,483,33
2024-09-12 18:00:00,99,443,29
2024-09-12 19:00:00,98,322,12
2024-09-12 20:00:00,34,253,8
2024-09-12 21:00:00,35,182,7
2024-09-12 22:00:00,20,99,3
2024-09-12 23:00:00,2,64,1
2024-09-13 00:00:00,2,33,1
2024-09-13 01:00:00,2,29,0
2024-09-13 02:00:00,0,30,0
2024-09-13 03:00:00,1,41,1
2024-09-13 04:00:00,6,63,2
2024-09-13 05:00:00,22,123,16
2024-09-13 06:00:00,80,329,45
2024-09-13 07:00:00,100,428,42
2024-09-13 08:00:00,170,520,29
2024-09-13 09:00:00,148,606,19
2024-09-13 10:00:00,175,568,31
2024-09-13 11:00:00,156,507,15
2024-09-13 12:00:00,169,476,24
2024-09-13 13:00:00,182,503,26
2024-09-13 14:00:00,219,428,33
2024-09-13 15:00:00,155,473,38
2024-09-13 16:00:00,230,460,39
2024-09-13 17:00:00,141,531,40
2024-09-13 18:00:00,82,408,7
2024-09-13 19:00:00,71,296,7
2024-09-13 20:00:00,39,201,7
2024-09-13 21:00:00,52,191,2
2024-09-13 22:00:00,22,96,6
2024-09-13 23:00:00,8,65,3
2024-09-14 00:00:00,4,46,0
2024-09-14 01:00:00,3,40,0
2024-09-14 02:00:00,1,19,0
2024-09-14 03:00:00,1,25,1
2024-09-14 04:00:00,3,54,0
2024-09-14 05:00:00,16,68,3
2024-09-14 06:00:00,34,165,17
2024-09-14 07:00:00,106,377,27
2024-09-14 08:00:00,122,559,35
2024-09-14 09:00:00,127,612,29
2024-09-14 10:00:00,175,598,26
2024-09-14 11:00:00,138,618,38
2024-09-14 12:00:00,106,584,24
2024-09-14 13:00:00,143,613,26
2024-09-14 14:00:00,132,587,27
2024-09-14 15:00:00,188,546,29
2024-09-14 16:00:00,144,554,25
2024-09-14 17:00:00,139,512,22
2024-09-14 18:00:00,95,356,12
2024-09-14 19:00:00,49,291,6
2024-09-14 20:00:00,39,181,5
2024-09-14 21:00:00,58,171,1
2024-09-14 22:00:00,19,117,5
2024-09-14 23:00:00,10,78,4
2024-09-15 00:00:00,2,48,0
2024-09-15 01:00:00,9,58,0
2024-09-15 02:00:00,3,37,1
2024-09-15 03:00:00,0,34,0
2024-09-15 04:00:00,0,51,0
2024-09-15 05:00:00,8,71,4
2024-09-15 06:00:00,32,96,11
2024-09-15 07:00:00,75,176,12
2024-09-15 08:00:00,105,322,17
2024-09-15 09:00:00,168,526,33
2024-09-15 10:00:00,207,599,28
2024-09-15 11:00:00,185,653,28
2024-09-15 12:00:00,142,670,19
2024-09-15 13:00:00,138,605,24
2024-09-15 14:00:00,158,615,33
2024-09-15 15:00:00,121,514,28
2024-09-15 16:00:00,124,418,19
2024-09-15 17:00:00,53,291,11
2024-09-15 18:00:00,61,238,5
2024-09-15 19:00:00,35,216,6
2024-09-15 20:00:00,22,130,3
2024-09-15 21:00:00,31,100,3
2024-09-15 22:00:00,6,35,3
2024-09-15 23:00:00,3,36,0
2024-09-16 00:00:00,1,19,0
2024-09-16 01:00:00,0,10,0
2024-09-16 02:00:00,0,12,0
2024-09-16 03:00:00,1,23,1
2024-09-16 04:00:00,7,68,2
2024-09-16 05:00:00,24,137,15
2024-09-16 06:00:00,75,316,40
2024-09-16 07:00:00,100,398,51
2024-09-16 08:00:00,93,492,30
2024-09-16 09:00:00,79,482,19
2024-09-16 10:00:00,103,458,16
2024-09-16 11:00:00,115,542,30
2024-09-16 12:00:00,147,470,26
2024-09-16 13:00:00,116,463,27
2024-09-16 14:00:00,117,534,30
2024-09-16 15:00:00,153,528,36
2024-09-16 16:00:00,151,431,57
2024-09-16 17:00:00,165,535,48
2024-09-16 18:00:00,146,407,25
2024-09-16 19:00:00,72,299,17
2024-09-16 20:00:00,26,179,10
2024-09-16 21:00:00,27,170,10
2024-09-16 22:00:00,16,62,1
2024-09-16 23:00:00,4,44,2
2024-09-17 00:00:00,0,25,0
2024-09-17 01:00:00,2,13,0
2024-09-17 02:00:00,0,18,0
2024-09-17 03:00:00,0,25,1
2024-09-17 04:00:00,5,63,4
2024-09-17 05:00:00,32,155,15
2024-09-17 06:00:00,103,302,31
2024-09-17 07:00:00,98,379,52
2024-09-17 08:00:00,111,477,39
2024-09-17 09:00:00,78,474,18
2024-09-17 10:00:00,95,514,17
2024-09-17 11:00:00,93,524,21
2024-09-17 12:00:00,105,477,26
2024-09-17 13:00:00,122,521,21
2024-09-17 14:00:00,142,488,39
2024-09-17 15:00:00,128,490,38
2024-09-17 16:00:00,144,501,48
2024-09-17 17:00:00,174,540,67
2024-09-17 18:00:00,160,480,31
2024-09-17 19:00:00,55,283,19
2024-09-17 20:00:00,22,242,0
2024-09-17 21:00:00,30,182,7
2024-09-17 22:00:00,12,70,3
2024-09-17 23:00:00,4,38,2
2024-09-18 00:00:00,1,19,1
2024-09-18 01:00:00,2,18,0
2024-09-18 02:00:00,0,14,0
2024-09-18 03:00:00,1,24,0
2024-09-18 04:00:00,3,69,3
2024-09-18 05:00:00,33,162,12
2024-09-18 06:00:00,93,345,46
2024-09-18 07:00:00,123,401,60
2024-09-18 08:00:00,118,476,34
2024-09-18 09:00:00,82,437,14
2024-09-18 10:00:00,98,468,17
2024-09-18 11:00:00,100,513,31
2024-09-18 12:00:00,126,493,24
2024-09-18 13:00:00,82,522,19
2024-09-18 14:00:00,115,549,24
2024-09-18 15:00:00,118,509,39
2024-09-18 16:00:00,148,472,42
2024-09-18 17:00:00,153,483,50
2024-09-18 18:00:00,138,503,47
2024-09-18 19:00:00,67,307,20
2024-09-18 20:00:00,32,280,15
2024-09-18 21:00:00,25,163,10
2024-09-18 22:00:00,23,62,1
2024-09-18 23:00:00,7,35,0
2024-09-19 00:00:00,1,38,0
2024-09-19 01:00:00,2,13,1
2024-09-19 02:00:00,0,22,0
2024-09-19 03:00:00,0,22,2
2024-09-19 04:00:00,4,77,2
2024-09-19 05:00:00,23,155,10
2024-09-19 06:00:00,78,327,32
2024-09-19 07:00:00,111,376,51
2024-09-19 08:00:00,97,488,30
2024-09-19 09:00:00,120,483,27
2024-09-19 10:00:00,104,460,31
2024-09-19 11:00:00,117,521,22
2024-09-19 12:00:00,117,535,19
2024-09-19 13:00:00,103,520,23
2024-09-19 14:00:00,113,541,30
2024-09-19 15:00:00,135,485,42
2024-09-19 16:00:00,121,515,66
2024-09-19 17:00:00,165,539,32
2024-09-19 18:00:00,111,471,29
2024-09-19 19:00:00,46,342,22
2024-09-19 20:00:00,38,224,8
2024-09-19 21:00:00,26,166,10
2024-09-19 22:00:00,13,79,3
2024-09-19 23:00:00,4,41,1
2024-09-20 00:00:00,6,56,0
2024-09-20 01:00:00,1,39,0
2024-09-20 02:00:00,0,29,0
2024-09-20 03:00:00,1,25,0
2024-09-20 04:00:00,8,63,2
2024-09-20 05:00:00,16,125,12
2024-09-20 06:00:00,87,327,35
2024-09-20 07:00:00,109,394,38
2024-09-20 08:00:00,130,503,22
2024-09-20 09:00:00,104,556,30
2024-09-20 10:00:00,117,544,32
2024-09-20 11:00:00,108,570,31
2024-09-20 12:00:00,127,572,21
2024-09-20 13:00:00,84,562,19
2024-09-20 14:00:00,72,503,21
2024-09-20 15:00:00,116,516,17
2024-09-20 16:00:00,137,537,27
2024-09-20 17:00:00,144,490,29
2024-09-20 18:00:00,101,456,16
2024-09-20 19:00:00,49,298,19
2024-09-20 20:00:00,39,217,6
2024-09-20 21:00:00,41,190,7
2024-09-20 22:00:00,19,127,7
2024-09-20 23:00:00,11,92,1
2024-09-21 00:00:00,3,44,0
2024-09-21 01:00:00,5,37,0
2024-09-21 02:00:00,0,25,0
2024-09-21 03:00:00,0,20,0
2024-09-21 04:00:00,2,42,1
2024-09-21 05:00:00,7,78,12
2024-09-21 06:00:00,41,129,16
2024-09-21 07:00:00,67,383,9
2024-09-21 08:00:00,56,564,15
2024-09-21 09:00:00,105,636,11
2024-09-21 10:00:00,134,668,12
2024-09-21 11:00:00,135,596,20
2024-09-21 12:00:00,101,537,15
2024-09-21 13:00:00,95,576,26
2024-09-21 14:00:00,125,607,26
2024-09-21 15:00:00,134,617,21
2024-09-21 16:00:00,132,559,23
2024-09-21 17:00:00,124,515,21
2024-09-21 18:00:00,90,377,28
2024-09-21 19:00:00,56,263,7
2024-09-21 20:00:00,31,178,5
2024-09-21 21:00:00,42,194,4
2024-09-21 22:00:00,22,136,5
2024-09-21 23:00:00,15,99,2
2024-09-22 00:00:00,8,60,1
2024-09-22 01:00:00,7,37,0
2024-09-22 02:00:00,6,35,0
2024-09-22 03:00:00,6,30,0
2024-09-22 04:00:00,5,33,1
2024-09-22 05:00:00,6,59,3
2024-09-22 06:00:00,20,63,4
2024-09-22 07:00:00,60,131,11
2024-09-22 08:00:00,46,324,3
2024-09-22 09:00:00,50,529,7
2024-09-22 10:00:00,51,560,2
2024-09-22 11:00:00,55,630,5
2024-09-22 12:00:00,85,617,6
2024-09-22 13:00:00,96,580,13
2024-09-22 14:00:00,133,604,23
2024-09-22 15:00:00,96,454,10
2024-09-22 16:00:00,82,367,9
2024-09-22 17:00:00,69,342,5
2024-09-22 18:00:00,106,267,8
2024-09-22 19:00:00,23,210,7
2024-09-22 20:00:00,30,118,4
2024-09-22 21:00:00,9,109,5
2024-09-22 22:00:00,5,45,2
2024-09-22 23:00:00,2,27,2
2024-09-23 00:00:00,0,16,0
2024-09-23 01:00:00,0,8,0
2024-09-23 02:00:00,0,11,0
2024-09-23 03:00:00,0,23,1
2024-09-23 04:00:00,6,71,2
2024-09-23 05:00:00,15,163,10
2024-09-23 06:00:00,52,298,27
2024-09-23 07:00:00,61,350,23
2024-09-23 08:00:00,52,491,11
2024-09-23 09:00:00,35,413,7
2024-09-23 10:00:00,40,428,6
2024-09-23 11:00:00,56,507,8
2024-09-23 12:00:00,56,438,6
2024-09-23 13:00:00,44,474,13
2024-09-23 14:00:00,55,534,13
2024-09-23 15:00:00,60,503,13
2024-09-23 16:00:00,67,494,20
2024-09-23 17:00:00,75,522,11
2024-09-23 18:00:00,70,442,13
2024-09-23 19:00:00,51,236,11
2024-09-23 20:00:00,16,193,3
2024-09-23 21:00:00,16,145,6
2024-09-23 22:00:00,7,65,1
2024-09-23 23:00:00,0,31,0
2024-09-24 00:00:00,1,14,0
2024-09-24 01:00:00,0,14,0
2024-09-24 02:00:00,0,16,0
2024-09-24 03:00:00,1,25,1
2024-09-24 04:00:00,1,85,2
2024-09-24 05:00:00,35,172,9
2024-09-24 06:00:00,88,313,36
2024-09-24 07:00:00,100,400,46
2024-09-24 08:00:00,106,477,24
2024-09-24 09:00:00,78,441,13
2024-09-24 10:00:00,110,485,20
2024-09-24 11:00:00,133,513,21
2024-09-24 12:00:00,107,506,14
2024-09-24 13:00:00,98,514,24
2024-09-24 14:00:00,102,505,26
2024-09-24 15:00:00,103,489,35
2024-09-24 16:00:00,141,512,54
2024-09-24 17:00:00,170,494,46
2024-09-24 18:00:00,129,471,20
2024-09-24 19:00:00,50,290,21
2024-09-24 20:00:00,33,221,10
2024-09-24 21:00:00,17,177,10
2024-09-24 22:00:00,19,70,4
2024-09-24 23:00:00,3,42,4
2024-09-25 00:00:00,4,19,0
2024-09-25 01:00:00,4,22,0
2024-09-25 02:00:00,1,12,0
2024-09-25 03:00:00,0,26,1
2024-09-25 04:00:00,5,68,3
2024-09-25 05:00:00,33,158,10
2024-09-25 06:00:00,75,297,44
2024-09-25 07:00:00,100,381,50
2024-09-25 08:00:00,125,451,19
2024-09-25 09:00:00,110,451,15
2024-09-25 10:00:00,79,539,14
2024-09-25 11:00:00,116,551,15
2024-09-25 12:00:00,96,494,10
2024-09-25 13:00:00,108,500,4
2024-09-25 14:00:00,78,567,14
2024-09-25 15:00:00,80,488,13
2024-09-25 16:00:00,102,520,33
2024-09-25 17:00:00,158,560,17
2024-09-25 18:00:00,127,488,28
2024-09-25 19:00:00,90,302,17
2024-09-25 20:00:00,21,204,3
2024-09-25 21:00:00,24,168,5
2024-09-25 22:00:00,19,63,1
2024-09-25 23:00:00,5,50,1
2024-09-26 00:00:00,1,23,1
2024-09-26 01:00:00,1,20,1
2024-09-26 02:00:00,0,13,0
2024-09-26 03:00:00,1,31,2
2024-09-26 04:00:00,4,75,3
2024-09-26 05:00:00,17,171,9
2024-09-26 06:00:00,80,341,47
2024-09-26 07:00:00,70,434,23
2024-09-26 08:00:00,71,545,14
2024-09-26 09:00:00,107,486,19
2024-09-26 10:00:00,128,527,17
2024-09-26 11:00:00,120,543,23
2024-09-26 12:00:00,84,529,26
2024-09-26 13:00:00,91,497,22
2024-09-26 14:00:00,95,521,25
2024-09-26 15:00:00,113,500,26
2024-09-26 16:00:00,93,423,36
2024-09-26 17:00:00,102,497,13
2024-09-26 18:00:00,67,479,18
2024-09-26 19:00:00,36,340,9
2024-09-26 20:00:00,31,242,8
2024-09-26 21:00:00,33,210,9
2024-09-26 22:00:00,5,98,3
2024-09-26 23:00:00,7,48,1
2024-09-27 00:00:00,2,36,1
2024-09-27 01:00:00,2,21,0
2024-09-27 02:00:00,0,17,1
2024-09-27 03:00:00,0,33,0
2024-09-27 04:00:00,6,58,5
2024-09-27 05:00:00,19,148,6
2024-09-27 06:00:00,63,309,26
2024-09-27 07:00:00,79,452,35
2024-09-27 08:00:00,88,553,24
2024-09-27 09:00:00,106,570,11
2024-09-27 10:00:00,86,575,19
2024-09-27 11:00:00,102,642,13
2024-09-27 12:00:00,100,587,23
2024-09-27 13:00:00,113,604,10
2024-09-27 14:00:00,121,600,22
2024-09-27 15:00:00,133,475,24
2024-09-27 16:00:00,153,494,30
2024-09-27 17:00:00,104,481,30
2024-09-27 18:00:00,99,503,21
2024-09-27 19:00:00,36,296,8
2024-09-27 20:00:00,37,212,8
2024-09-27 21:00:00,50,242,4
2024-09-27 22:00:00,27,135,2
2024-09-27 23:00:00,4,76,2
2024-09-28 00:00:00,2,57,2
2024-09-28 01:00:00,0,34,0
2024-09-28 02:00:00,2,35,0
2024-09-28 03:00:00,4,50,0
2024-09-28 04:00:00,2,34,1
2024-09-28 05:00:00,11,86,4
2024-09-28 06:00:00,37,166,16
2024-09-28 07:00:00,79,361,26
2024-09-28 08:00:00,119,533,30
2024-09-28 09:00:00,127,589,18
2024-09-28 10:00:00,194,661,27
2024-09-28 11:00:00,148,602,23
2024-09-28 12:00:00,121,642,22
2024-09-28 13:00:00,163,597,20
2024-09-28 14:00:00,153,603,37
2024-09-28 15:00:00,172,598,33
2024-09-28 16:00:00,156,581,27
2024-09-28 17:00:00,107,483,19
2024-09-28 18:00:00,62,405,15
2024-09-28 19:00:00,50,290,8
2024-09-28 20:00:00,41,168,10
2024-09-28 21:00:00,30,189,3
2024-09-28 22:00:00,18,156,4
2024-09-28 23:00:00,9,87,1
2024-09-29 00:00:00,11,50,1
2024-09-29 01:00:00,6,42,1
2024-09-29 02:00:00,3,49,0
2024-09-29 03:00:00,4,34,2
2024-09-29 04:00:00,0,46,1
2024-09-29 05:00:00,4,62,9
2024-09-29 06:00:00,27,113,6
2024-09-29 07:00:00,69,150,13
2024-09-29 08:00:00,83,439,22
2024-09-29 09:00:00,127,700,24
2024-09-29 10:00:00,174,636,27
2024-09-29 11:00:00,129,714,31
2024-09-29 12:00:00,128,716,27
2024-09-29 13:00:00,106,693,14
2024-09-29 14:00:00,94,542,13
2024-09-29 15:00:00,90,520,12
2024-09-29 16:00:00,50,475,12
2024-09-29 17:00:00,37,306,8
2024-09-29 18:00:00,29,274,6
2024-09-29 19:00:00,24,185,7
2024-09-29 20:00:00,9,151,6
2024-09-29 21:00:00,11,95,5
2024-09-29 22:00:00,2,47,0
2024-09-29 23:00:00,0,20,0
2024-09-30 00:00:00,0,15,1
2024-09-30 01:00:00,2,11,1
2024-09-30 02:00:00,0,12,0
2024-09-30 03:00:00,0,31,1
2024-09-30 04:00:00,3,54,0
2024-09-30 05:00:00,11,168,10
2024-09-30 06:00:00,70,298,30
2024-09-30 07:00:00,95,361,41
2024-09-30 08:00:00,104,469,25
2024-09-30 09:00:00,82,433,14
2024-09-30 10:00:00,78,540,16
2024-09-30 11:00:00,89,569,16
2024-09-30 12:00:00,85,494,19
2024-09-30 13:00:00,80,507,11
2024-09-30 14:00:00,113,562,25
2024-09-30 15:00:00,97,518,34
2024-09-30 16:00:00,107,564,47
2024-09-30 17:00:00,149,505,37
2024-09-30 18:00:00,86,443,16
2024-09-30 19:00:00,45,274,15
2024-09-30 20:00:00,20,175,7
2024-09-30 21:00:00,20,127,6
2024-09-30 22:00:00,10,50,4
2024-09-30 23:00:00,0,31,1
2024-10-01 00:00:00,1,21,1
2024-10-01 01:00:00,0,12,0
2024-10-01 02:00:00,0,11,0
2024-10-01 03:00:00,0,31,1
2024-10-01 04:00:00,2,68,2
2024-10-01 05:00:00,36,166,10
2024-10-01 06:00:00,91,301,38
2024-10-01 07:00:00,128,429,67
2024-10-01 08:00:00,114,467,26
2024-10-01 09:00:00,84,469,19
2024-10-01 10:00:00,104,482,16
2024-10-01 11:00:00,122,529,19
2024-10-01 12:00:00,90,494,19
2024-10-01 13:00:00,91,468,14
2024-10-01 14:00:00,119,556,30
2024-10-01 15:00:00,95,525,38
2024-10-01 16:00:00,131,527,33
2024-10-01 17:00:00,146,552,49
2024-10-01 18:00:00,95,447,23
2024-10-01 19:00:00,44,310,16
2024-10-01 20:00:00,18,256,10
2024-10-01 21:00:00,25,214,6
2024-10-01 22:00:00,9,67,5
2024-10-01 23:00:00,5,36,1
2024-10-02 00:00:00,3,26,0
2024-10-02 01:00:00,0,11,0
2024-10-02 02:00:00,0,15,0
2024-10-02 03:00:00,0,32,1
2024-10-02 04:00:00,5,67,3
2024-10-02 05:00:00,22,175,13
2024-10-02 06:00:00,72,342,43
2024-10-02 07:00:00,115,402,51
2024-10-02 08:00:00,98,491,26
2024-10-02 09:00:00,110,459,19
2024-10-02 10:00:00,113,464,24
2024-10-02 11:00:00,111,530,17
2024-10-02 12:00:00,99,534,19
2024-10-02 13:00:00,109,503,14
2024-10-02 14:00:00,115,557,30
2024-10-02 15:00:00,111,501,32
2024-10-02 16:00:00,123,562,53
2024-10-02 17:00:00,131,478,33
2024-10-02 18:00:00,109,487,25
2024-10-02 19:00:00,65,322,12
2024-10-02 20:00:00,42,234,9
2024-10-02 21:00:00,38,199,13
2024-10-02 22:00:00,10,77,4
2024-10-02 23:00:00,10,48,0
2024-10-03 00:00:00,4,35,1
2024-10-03 01:00:00,1,17,1
2024-10-03 02:00:00,1,18,0
2024-10-03 03:00:00,1,27,0
2024-10-03 04:00:00,1,55,2
2024-10-03 05:00:00,17,148,7
2024-10-03 06:00:00,74,350,36
2024-10-03 07:00:00,92,424,22
2024-10-03 08:00:00,60,536,14
2024-10-03 09:00:00,98,502,17
2024-10-03 10:00:00,87,543,14
2024-10-03 11:00:00,127,554,29
2024-10-03 12:00:00,140,525,22
2024-10-03 13:00:00,147,540,14
2024-10-03 14:00:00,118,527,33
2024-10-03 15:00:00,122,502,29
2024-10-03 16:00:00,163,525,39
2024-10-03 17:00:00,132,458,37
2024-10-03 18:00:00,85,504,23
2024-10-03 19:00:00,53,343,13
2024-10-03 20:00:00,31,199,7
2024-10-03 21:00:00,31,169,11
2024-10-03 22:00:00,15,96,0
2024-10-03 23:00:00,6,54,3
2024-10-04 00:00:00,0,32,0
2024-10-04 01:00:00,1,19,0
2024-10-04 02:00:00,0,15,0
2024-10-04 03:00:00,0,35,0
2024-10-04 04:00:00,6,57,3
2024-10-04 05:00:00,31,158,11
2024-10-04 06:00:00,73,300,35
2024-10-04 07:00:00,107,458,37
2024-10-04 08:00:00,98,532,19
2024-10-04 09:00:00,91,579,13
2024-10-04 10:00:00,147,581,21
2024-10-04 11:00:00,123,628,29
2024-10-04 12:00:00,117,599,26
2024-10-04 13:00:00,105,595,22
2024-10-04 14:00:00,143,592,27
2024-10-04 15:00:00,141,612,36
2024-10-04 16:00:00,150,621,32
2024-10-04 17:00:00,95,512,29
2024-10-04 18:00:00,133,497,23
2024-10-04 19:00:00,56,294,11
2024-10-04 20:00:00,32,225,9
2024-10-04 21:00:00,36,210,3
2024-10-04 22:00:00,26,135,2
2024-10-04 23:00:00,10,70,1
2024-10-05 00:00:00,10,51,0
2024-10-05 01:00:00,5,40,0
2024-10-05 02:00:00,2,31,0
2024-10-05 03:00:00,0,28,1
2024-10-05 04:00:00,1,39,0
2024-10-05 05:00:00,5,75,8
2024-10-05 06:00:00,28,182,23
2024-10-05 07:00:00,99,359,32
2024-10-05 08:00:00,139,485,28
2024-10-05 09:00:00,168,596,32
2024-10-05 10:00:00,169,674,55
2024-10-05 11:00:00,175,663,34
2024-10-05 12:00:00,124,629,21
2024-10-05 13:00:00,135,638,30
2024-10-05 14:00:00,186,592,28
2024-10-05 15:00:00,153,657,35
2024-10-05 16:00:00,149,592,30
2024-10-05 17:00:00,93,481,14
2024-10-05 18:00:00,89,432,10
2024-10-05 19:00:00,76,264,13
2024-10-05 20:00:00,42,191,6
2024-10-05 21:00:00,46,189,4
2024-10-05 22:00:00,31,158,2
2024-10-05 23:00:00,5,82,2
2024-10-06 00:00:00,1,54,1
2024-10-06 01:00:00,2,39,0
2024-10-06 02:00:00,1,37,0
2024-10-06 03:00:00,3,24,1
2024-10-06 04:00:00,0,42,1
2024-10-06 05:00:00,2,52,3
2024-10-06 06:00:00,30,89,8
2024-10-06 07:00:00,58,158,18
2024-10-06 08:00:00,86,385,17
2024-10-06 09:00:00,145,600,8
2024-10-06 10:00:00,143,696,29
2024-10-06 11:00:00,132,705,21
2024-10-06 12:00:00,134,606,12
2024-10-06 13:00:00,140,612,16
2024-10-06 14:00:00,126,633,21
2024-10-06 15:00:00,71,484,5
2024-10-06 16:00:00,67,389,10
2024-10-06 17:00:00,79,353,5
2024-10-06 18:00:00,44,286,9
2024-10-06 19:00:00,33,218,7
2024-10-06 20:00:00,11,127,6
2024-10-06 21:00:00,11,102,4
2024-10-06 22:00:00,4,34,1
2024-10-06 23:00:00,1,32,2
2024-10-07 00:00:00,0,18,0
2024-10-07 01:00:00,1,14,0
2024-10-07 02:00:00,1,10,0
2024-10-07 03:00:00,0,24,1
2024-10-07 04:00:00,3,67,1
2024-10-07 05:00:00,30,148,18
2024-10-07 06:00:00,90,295,31
2024-10-07 07:00:00,127,366,48
2024-10-07 08:00:00,63,451,17
2024-10-07 09:00:00,66,444,17
2024-10-07 10:00:00,91,447,13
2024-10-07 11:00:00,111,504,15
2024-10-07 12:00:00,109,481,26
2024-10-07 13:00:00,118,464,22
2024-10-07 14:00:00,80,512,23
2024-10-07 15:00:00,98,509,34
2024-10-07 16:00:00,124,491,42
2024-10-07 17:00:00,105,471,24
2024-10-07 18:00:00,79,439,12
2024-10-07 19:00:00,38,257,19
2024-10-07 20:00:00,26,151,10
2024-10-07 21:00:00,17,168,5
2024-10-07 22:00:00,11,68,1
2024-10-07 23:00:00,1,31,3
2024-10-08 00:00:00,1,12,2
2024-10-08 01:00:00,0,13,0
2024-10-08 02:00:00,0,13,0
2024-10-08 03:00:00,0,23,1
2024-10-08 04:00:00,4,72,3
2024-10-08 05:00:00,20,155,13
2024-10-08 06:00:00,77,317,36
2024-10-08 07:00:00,103,397,42
2024-10-08 08:00:00,76,475,25
2024-10-08 09:00:00,62,478,10
2024-10-08 10:00:00,66,436,8
2024-10-08 11:00:00,81,528,10
2024-10-08 12:00:00,52,506,8
2024-10-08 13:00:00,37,499,9
2024-10-08 14:00:00,51,490,10
2024-10-08 15:00:00,67,483,24
2024-10-08 16:00:00,89,485,28
2024-10-08 17:00:00,97,468,21
2024-10-08 18:00:00,85,478,25
2024-10-08 19:00:00,32,283,7
2024-10-08 20:00:00,24,244,9
2024-10-08 21:00:00,21,186,5
2024-10-08 22:00:00,11,66,1
2024-10-08 23:00:00,6,38,0
2024-10-09 00:00:00,4,21,0
2024-10-09 01:00:00,0,17,0
2024-10-09 02:00:00,0,17,0
2024-10-09 03:00:00,0,12,1
2024-10-09 04:00:00,4,70,2
2024-10-09 05:00:00,39,172,15
2024-10-09 06:00:00,82,333,40
2024-10-09 07:00:00,113,366,51
2024-10-09 08:00:00,109,492,31
2024-10-09 09:00:00,103,444,20
2024-10-09 10:00:00,96,504,25
2024-10-09 11:00:00,133,531,21
2024-10-09 12:00:00,107,543,21
2024-10-09 13:00:00,103,559,14
2024-10-09 14:00:00,98,506,22
2024-10-09 15:00:00,92,511,25
2024-10-09 16:00:00,50,296,16
2024-10-09 17:00:00,88,318,10
2024-10-09 18:00:00,78,420,29
2024-10-09 19:00:00,40,313,11
2024-10-09 20:00:00,21,230,4
2024-10-09 21:00:00,27,178,7
2024-10-09 22:00:00,11,73,4
2024-10-09 23:00:00,0,44,0
2024-10-10 00:00:00,0,35,0
2024-10-10 01:00:00,1,19,0
2024-10-10 02:00:00,2,21,2
2024-10-10 03:00:00,2,29,0
2024-10-10 04:00:00,3,68,3
2024-10-10 05:00:00,25,169,13
2024-10-10 06:00:00,68,330,37
2024-10-10 07:00:00,86,397,38
2024-10-10 08:00:00,82,506,21
2024-10-10 09:00:00,61,480,15
2024-10-10 10:00:00,115,534,18
2024-10-10 11:00:00,160,545,21
2024-10-10 12:00:00,122,531,21
2024-10-10 13:00:00,106,557,26
2024-10-10 14:00:00,126,594,20
2024-10-10 15:00:00,127,499,16
2024-10-10 16:00:00,125,515,30
2024-10-10 17:00:00,43,161,8
2024-10-10 18:00:00,88,483,18
2024-10-10 19:00:00,45,338,11
2024-10-10 20:00:00,50,213,3
2024-10-10 21:00:00,16,168,8
2024-10-10 22:00:00,13,98,4
2024-10-10 23:00:00,6,42,0
2024-10-11 00:00:00,0,30,1
2024-10-11 01:00:00,4,30,0
2024-10-11 02:00:00,0,33,0
2024-10-11 03:00:00,0,23,0
2024-10-11 04:00:00,6,67,3
2024-10-11 05:00:00,27,144,17
2024-10-11 06:00:00,59,290,30
2024-10-11 07:00:00,60,446,16
2024-10-11 08:00:00,84,510,17
2024-10-11 09:00:00,70,545,14
2024-10-11 10:00:00,134,531,18
2024-10-11 11:00:00,151,596,32
2024-10-11 12:00:00,155,569,28
2024-10-11 13:00:00,120,622,18
2024-10-11 14:00:00,148,570,36
2024-10-11 15:00:00,110,526,27
2024-10-11 16:00:00,151,550,51
2024-10-11 17:00:00,118,530,33
2024-10-11 18:00:00,85,477,14
2024-10-11 19:00:00,55,300,6
2024-10-11 20:00:00,50,211,6
2024-10-11 21:00:00,20,227,7
2024-10-11 22:00:00,23,117,2
2024-10-11 23:00:00,16,74,2
2024-10-12 00:00:00,3,48,0
2024-10-12 01:00:00,3,49,0
2024-10-12 02:00:00,0,21,0
2024-10-12 03:00:00,2,28,1
2024-10-12 04:00:00,3,41,0
2024-10-12 05:00:00,8,80,10
2024-10-12 06:00:00,29,171,11
2024-10-12 07:00:00,84,358,19
2024-10-12 08:00:00,108,544,14
2024-10-12 09:00:00,137,603,26
2024-10-12 10:00:00,153,661,27
2024-10-12 11:00:00,160,650,34
2024-10-12 12:00:00,140,589,29
2024-10-12 13:00:00,145,600,25
2024-10-12 14:00:00,205,621,30
2024-10-12 15:00:00,151,637,26
2024-10-12 16:00:00,140,659,25
2024-10-12 17:00:00,94,448,17
2024-10-12 18:00:00,73,396,14
2024-10-12 19:00:00,36,236,9
2024-10-12 20:00:00,44,197,9
2024-10-12 21:00:00,51,173,2
2024-10-12 22:00:00,24,140,3
2024-10-12 23:00:00,9,69,2
2024-10-13 00:00:00,11,71,0
2024-10-13 01:00:00,6,40,0
2024-10-13 02:00:00,1,43,0
2024-10-13 03:00:00,0,29,0
2024-10-13 04:00:00,0,51,0
2024-10-13 05:00:00,4,61,5
2024-10-13 06:00:00,27,101,12
2024-10-13 07:00:00,74,148,21
2024-10-13 08:00:00,143,407,16
2024-10-13 09:00:00,286,586,22
2024-10-13 10:00:00,220,667,24
2024-10-13 11:00:00,151,690,29
2024-10-13 12:00:00,158,619,18
2024-10-13 13:00:00,144,619,25
2024-10-13 14:00:00,164,576,29
2024-10-13 15:00:00,112,496,24
2024-10-13 16:00:00,109,423,13
2024-10-13 17:00:00,68,322,12
2024-10-13 18:00:00,38,257,16
2024-10-13 19:00:00,32,187,5
2024-10-13 20:00:00,14,138,7
2024-10-13 21:00:00,25,102,5
2024-10-13 22:00:00,5,45,3
2024-10-13 23:00:00,2,37,0
2024-10-14 00:00:00,0,19,1
2024-10-14 01:00:00,0,14,0
2024-10-14 02:00:00,0,8,0
2024-10-14 03:00:00,0,22,1
2024-10-14 04:00:00,3,76,5
2024-10-14 05:00:00,15,156,9
2024-10-14 06:00:00,53,338,31
2024-10-14 07:00:00,110,360,42
2024-10-14 08:00:00,85,493,19
2024-10-14 09:00:00,65,472,14
2024-10-14 10:00:00,83,459,10
2024-10-14 11:00:00,96,519,17
2024-10-14 12:00:00,91,512,8
2024-10-14 13:00:00,77,498,14
2024-10-14 14:00:00,117,556,28
2024-10-14 15:00:00,120,546,18
2024-10-14 16:00:00,96,479,38
2024-10-14 17:00:00,112,517,28
2024-10-14 18:00:00,85,405,16
2024-10-14 19:00:00,50,275,10
2024-10-14 20:00:00,22,182,3
2024-10-14 21:00:00,9,156,3
2024-10-14 22:00:00,11,74,3
2024-10-14 23:00:00,3,35,0
2024-10-15 00:00:00,2,14,0
2024-10-15 01:00:00,0,19,1
2024-10-15 02:00:00,0,17,0
2024-10-15 03:00:00,0,22,1
2024-10-15 04:00:00,6,75,3
2024-10-15 05:00:00,25,164,8
2024-10-15 06:00:00,80,300,28
2024-10-15 07:00:00,107,409,47
2024-10-15 08:00:00,86,492,22
2024-10-15 09:00:00,74,435,17
2024-10-15 10:00:00,87,457,8
2024-10-15 11:00:00,114,521,16
2024-10-15 12:00:00,87,500,17
2024-10-15 13:00:00,100,518,19
2024-10-15 14:00:00,98,558,29
2024-10-15 15:00:00,106,502,32
2024-10-15 16:00:00,113,484,38
2024-10-15 17:00:00,119,452,36
2024-10-15 18:00:00,94,400,26
2024-10-15 19:00:00,58,267,9
2024-10-15 20:00:00,23,224,4
2024-10-15 21:00:00,13,181,6
2024-10-15 22:00:00,9,77,6
2024-10-15 23:00:00,4,44,2
2024-10-16 00:00:00,2,20,0
2024-10-16 01:00:00,3,23,1
2024-10-16 02:00:00,0,12,0
2024-10-16 03:00:00,0,28,2
2024-10-16 04:00:00,4,65,2
2024-10-16 05:00:00,21,175,16
2024-10-16 06:00:00,69,326,31
2024-10-16 07:00:00,77,391,29
2024-10-16 08:00:00,67,483,18
2024-10-16 09:00:00,95,470,12
2024-10-16 10:00:00,57,441,5
2024-10-16 11:00:00,68,554,15
2024-10-16 12:00:00,74,488,8
2024-10-16 13:00:00,60,538,16
2024-10-16 14:00:00,93,515,14
2024-10-16 15:00:00,83,513,23
2024-10-16 16:00:00,88,454,23
2024-10-16 17:00:00,78,453,22
2024-10-16 18:00:00,64,434,13
2024-10-16 19:00:00,43,288,11
2024-10-16 20:00:00,27,234,9
2024-10-16 21:00:00,27,161,6
2024-10-16 22:00:00,12,74,3
2024-10-16 23:00:00,4,41,1
2024-10-17 00:00:00,1,18,0
2024-10-17 01:00:00,1,14,0
2024-10-17 02:00:00,2,12,0
2024-10-17 03:00:00,0,31,1
2024-10-17 04:00:00,6,82,4
2024-10-17 05:00:00,25,152,9
2024-10-17 06:00:00,60,352,41
2024-10-17 07:00:00,80,376,34
2024-10-17 08:00:00,69,461,27
2024-10-17 09:00:00,57,492,13
2024-10-17 10:00:00,95,525,17
2024-10-17 11:00:00,140,530,26
2024-10-17 12:00:00,126,508,23
2024-10-17 13:00:00,113,537,24
2024-10-17 14:00:00,127,573,25
2024-10-17 15:00:00,120,530,38
2024-10-17 16:00:00,150,538,51
2024-10-17 17:00:00,120,503,35
2024-10-17 18:00:00,102,501,29
2024-10-17 19:00:00,45,338,14
2024-10-17 20:00:00,18,253,8
2024-10-17 21:00:00,24,183,8
2024-10-17 22:00:00,22,87,3
2024-10-17 23:00:00,4,52,3
2024-10-18 00:00:00,0,28,0
2024-10-18 01:00:00,1,25,0
2024-10-18 02:00:00,0,22,2
2024-10-18 03:00:00,0,29,1
2024-10-18 04:00:00,5,64,4
2024-10-18 05:00:00,25,145,9
2024-10-18 06:00:00,68,308,33
2024-10-18 07:00:00,55,365,16
2024-10-18 08:00:00,67,533,10
2024-10-18 09:00:00,64,576,16
2024-10-18 10:00:00,143,593,25
2024-10-18 11:00:00,139,664,19
2024-10-18 12:00:00,136,657,11
2024-10-18 13:00:00,149,548,18
2024-10-18 14:00:00,122,579,24
2024-10-18 15:00:00,101,587,27
2024-10-18 16:00:00,119,536,31
2024-10-18 17:00:00,75,496,30
2024-10-18 18:00:00,69,438,14
2024-10-18 19:00:00,44,276,6
2024-10-18 20:00:00,29,228,3
2024-10-18 21:00:00,31,180,4
2024-10-18 22:00:00,24,120,4
2024-10-18 23:00:00,12,74,0
2024-10-19 00:00:00,3,44,1
2024-10-19 01:00:00,2,30,0
2024-10-19 02:00:00,0,25,0
2024-10-19 03:00:00,0,21,1
2024-10-19 04:00:00,3,46,0
2024-10-19 05:00:00,15,82,7
2024-10-19 06:00:00,27,158,14
2024-10-19 07:00:00,61,382,13
2024-10-19 08:00:00,55,585,10
2024-10-19 09:00:00,71,618,22
2024-10-19 10:00:00,164,675,26
2024-10-19 11:00:00,177,602,31
2024-10-19 12:00:00,186,597,23
2024-10-19 13:00:00,171,601,30
2024-10-19 14:00:00,191,663,38
2024-10-19 15:00:00,182,647,26
2024-10-19 16:00:00,163,621,25
2024-10-19 17:00:00,19,104,2
2024-10-19 18:00:00,71,400,11
2024-10-19 19:00:00,53,237,8
2024-10-19 20:00:00,21,183,0
2024-10-19 21:00:00,54,171,4
2024-10-19 22:00:00,16,144,5
2024-10-19 23:00:00,19,92,1
2024-10-20 00:00:00,5,52,0
2024-10-20 01:00:00,5,39,0
2024-10-20 02:00:00,5,17,0
2024-10-20 03:00:00,1,22,0
2024-10-20 04:00:00,1,36,1
2024-10-20 05:00:00,6,59,4
2024-10-20 06:00:00,20,71,3
2024-10-20 07:00:00,44,146,8
2024-10-20 08:00:00,95,378,4
2024-10-20 09:00:00,107,586,6
2024-10-20 10:00:00,93,621,4
2024-10-20 11:00:00,54,706,4
2024-10-20 12:00:00,135,637,14
2024-10-20 13:00:00,191,626,9
2024-10-20 14:00:00,156,584,18
2024-10-20 15:00:00,183,486,18
2024-10-20 16:00:00,100,454,19
2024-10-20 17:00:00,79,316,7
2024-10-20 18:00:00,45,257,8
2024-10-20 19:00:00,28,209,10
2024-10-20 20:00:00,20,132,2
2024-10-20 21:00:00,12,93,3
2024-10-20 22:00:00,13,44,0
2024-10-20 23:00:00,2,41,1
2024-10-21 00:00:00,0,15,0
2024-10-21 01:00:00,0,15,0
2024-10-21 02:00:00,0,14,0
2024-10-21 03:00:00,0,21,1
2024-10-21 04:00:00,3,71,1
2024-10-21 05:00:00,21,169,15
2024-10-21 06:00:00,62,334,39
2024-10-21 07:00:00,119,400,38
2024-10-21 08:00:00,85,447,29
2024-10-21 09:00:00,74,415,21
2024-10-21 10:00:00,84,457,24
2024-10-21 11:00:00,98,529,24
2024-10-21 12:00:00,86,515,14
2024-10-21 13:00:00,76,516,15
2024-10-21 14:00:00,98,564,20
2024-10-21 15:00:00,124,559,29
2024-10-21 16:00:00,119,514,46
2024-10-21 17:00:00,140,541,40
2024-10-21 18:00:00,76,430,29
2024-10-21 19:00:00,33,286,12
2024-10-21 20:00:00,26,195,5
2024-10-21 21:00:00,19,137,3
2024-10-21 22:00:00,7,65,5
2024-10-21 23:00:00,4,29,2
2024-10-22 00:00:00,0,20,1
2024-10-22 01:00:00,1,12,0
2024-10-22 02:00:00,0,14,0
2024-10-22 03:00:00,0,22,1
2024-10-22 04:00:00,2,72,4
2024-10-22 05:00:00,26,151,16
2024-10-22 06:00:00,77,322,37
2024-10-22 07:00:00,72,431,29
2024-10-22 08:00:00,78,445,11
2024-10-22 09:00:00,89,454,15
2024-10-22 10:00:00,102,471,20
2024-10-22 11:00:00,107,519,20
2024-10-22 12:00:00,98,530,23
2024-10-22 13:00:00,95,550,21
2024-10-22 14:00:00,98,487,22
2024-10-22 15:00:00,135,509,27
2024-10-22 16:00:00,153,498,49
2024-10-22 17:00:00,176,557,44
2024-10-22 18:00:00,107,437,28
2024-10-22 19:00:00,36,304,20
2024-10-22 20:00:00,21,210,12
2024-10-22 21:00:00,24,190,13
2024-10-22 22:00:00,11,90,3
2024-10-22 23:00:00,3,46,1
2024-10-23 00:00:00,3,17,0
2024-10-23 01:00:00,0,7,0
2024-10-23 02:00:00,1,17,0
2024-10-23 03:00:00,0,16,1
2024-10-23 04:00:00,6,61,3
2024-10-23 05:00:00,30,161,13
2024-10-23 06:00:00,60,324,34
2024-10-23 07:00:00,58,420,35
2024-10-23 08:00:00,51,549,18
2024-10-23 09:00:00,71,461,22
2024-10-23 10:00:00,121,502,14
2024-10-23 11:00:00,102,549,25
2024-10-23 12:00:00,95,528,24
2024-10-23 13:00:00,99,539,23
2024-10-23 14:00:00,98,589,26
2024-10-23 15:00:00,114,519,48
2024-10-23 16:00:00,142,535,42
2024-10-23 17:00:00,129,569,28
2024-10-23 18:00:00,113,472,28
2024-10-23 19:00:00,37,300,13
2024-10-23 20:00:00,22,242,10
2024-10-23 21:00:00,12,173,6
2024-10-23 22:00:00,10,78,3
2024-10-23 23:00:00,4,45,1
2024-10-24 00:00:00,1,24,0
2024-10-24 01:00:00,0,14,2
2024-10-24 02:00:00,4,20,0
2024-10-24 03:00:00,0,21,2
2024-10-24 04:00:00,4,67,3
2024-10-24 05:00:00,24,148,10
2024-10-24 06:00:00,73,346,33
2024-10-24 07:00:00,91,400,38
2024-10-24 08:00:00,116,505,16
2024-10-24 09:00:00,99,522,18
2024-10-24 10:00:00,124,542,14
2024-10-24 11:00:00,85,562,24
2024-10-24 12:00:00,107,541,19
2024-10-24 13:00:00,139,554,24
2024-10-24 14:00:00,106,587,30
2024-10-24 15:00:00,103,566,31
2024-10-24 16:00:00,134,570,39
2024-10-24 17:00:00,115,549,24
2024-10-24 18:00:00,79,412,18
2024-10-24 19:00:00,60,285,12
2024-10-24 20:00:00,25,233,13
2024-10-24 21:00:00,25,195,8
2024-10-24 22:00:00,5,91,1
2024-10-24 23:00:00,2,49,0
2024-10-25 00:00:00,0,26,1
2024-10-25 01:00:00,1,16,0
2024-10-25 02:00:00,0,18,0
2024-10-25 03:00:00,0,27,1
2024-10-25 04:00:00,5,77,2
2024-10-25 05:00:00,15,122,10
2024-10-25 06:00:00,69,303,23
2024-10-25 07:00:00,104,395,31
2024-10-25 08:00:00,106,500,10
2024-10-25 09:00:00,94,575,10
2024-10-25 10:00:00,118,563,14
2024-10-25 11:00:00,110,573,15
2024-10-25 12:00:00,109,578,9
2024-10-25 13:00:00,108,616,15
2024-10-25 14:00:00,130,582,32
2024-10-25 15:00:00,138,498,33
2024-10-25 16:00:00,148,544,42
2024-10-25 17:00:00,140,516,22
2024-10-25 18:00:00,70,425,13
2024-10-25 19:00:00,43,273,8
2024-10-25 20:00:00,26,233,11
2024-10-25 21:00:00,51,230,5
2024-10-25 22:00:00,15,139,2
2024-10-25 23:00:00,7,65,4
2024-10-26 00:00:00,2,56,1
2024-10-26 01:00:00,0,43,0
2024-10-26 02:00:00,3,25,0
2024-10-26 03:00:00,0,25,1
2024-10-26 04:00:00,1,55,1
2024-10-26 05:00:00,4,72,7
2024-10-26 06:00:00,35,151,14
2024-10-26 07:00:00,79,301,19
2024-10-26 08:00:00,52,455,13
2024-10-26 09:00:00,61,579,28
2024-10-26 10:00:00,141,527,33
2024-10-26 11:00:00,175,624,30
2024-10-26 12:00:00,133,613,20
2024-10-26 13:00:00,150,573,20
2024-10-26 14:00:00,176,624,42
2024-10-26 15:00:00,174,616,22
2024-10-26 16:00:00,142,568,31
2024-10-26 17:00:00,87,459,15
2024-10-26 18:00:00,65,343,10
2024-10-26 19:00:00,38,221,13
2024-10-26 20:00:00,24,200,4
2024-10-26 21:00:00,28,166,6
2024-10-26 22:00:00,26,118,5
2024-10-26 23:00:00,6,80,1
2024-10-27 00:00:00,4,51,0
2024-10-27 01:00:00,1,35,1
2024-10-27 02:00:00,1,29,0
2024-10-27 03:00:00,5,25,0
2024-10-27 04:00:00,4,41,0
2024-10-27 05:00:00,0,46,3
2024-10-27 06:00:00,5,69,6
2024-10-27 07:00:00,26,86,8
2024-10-27 08:00:00,23,153,2
2024-10-27 09:00:00,45,406,15
2024-10-27 10:00:00,233,624,38
2024-10-27 11:00:00,279,598,54
2024-10-27 12:00:00,185,652,36
2024-10-27 13:00:00,148,576,31
2024-10-27 14:00:00,174,546,23
2024-10-27 15:00:00,156,555,25
2024-10-27 16:00:00,120,456,18
2024-10-27 17:00:00,78,348,12
2024-10-27 18:00:00,70,258,5
2024-10-27 19:00:00,21,251,10
2024-10-27 20:00:00,25,201,8
2024-10-27 21:00:00,28,143,9
2024-10-27 22:00:00,25,122,5
2024-10-27 23:00:00,5,62,5
2024-10-28 00:00:00,0,34,1
2024-10-28 01:00:00,0,14,0
2024-10-28 02:00:00,2,15,0
2024-10-28 03:00:00,0,14,0
2024-10-28 04:00:00,0,19,1
2024-10-28 05:00:00,2,70,5
2024-10-28 06:00:00,19,137,14
2024-10-28 07:00:00,58,265,31
2024-10-28 08:00:00,118,312,44
2024-10-28 09:00:00,80,448,25
2024-10-28 10:00:00,88,485,14
2024-10-28 11:00:00,102,486,14
2024-10-28 12:00:00,124,521,7
2024-10-28 13:00:00,76,519,15
2024-10-28 14:00:00,80,574,9
2024-10-28 15:00:00,103,531,19
2024-10-28 16:00:00,95,563,23
2024-10-28 17:00:00,129,560,43
2024-10-28 18:00:00,93,457,19
2024-10-28 19:00:00,78,355,14
2024-10-28 20:00:00,55,231,19
2024-10-28 21:00:00,33,194,6
2024-10-28 22:00:00,20,155,7
2024-10-28 23:00:00,22,88,4
2024-10-29 00:00:00,4,41,0
2024-10-29 01:00:00,0,9,1
2024-10-29 02:00:00,0,19,0
2024-10-29 03:00:00,0,15,1
2024-10-29 04:00:00,0,24,1
2024-10-29 05:00:00,3,71,5
2024-10-29 06:00:00,24,137,12
2024-10-29 07:00:00,73,312,33
2024-10-29 08:00:00,94,390,32
2024-10-29 09:00:00,111,480,26
2024-10-29 10:00:00,89,461,20
2024-10-29 11:00:00,105,506,12
2024-10-29 12:00:00,109,541,12
2024-10-29 13:00:00,131,488,16
2024-10-29 14:00:00,93,544,10
2024-10-29 15:00:00,154,542,20
2024-10-29 16:00:00,107,600,31
2024-10-29 17:00:00,154,522,37
2024-10-29 18:00:00,132,447,31
2024-10-29 19:00:00,107,429,18
2024-10-29 20:00:00,63,229,11
2024-10-29 21:00:00,30,211,8
2024-10-29 22:00:00,24,160,6
2024-10-29 23:00:00,11,86,4
2024-10-30 00:00:00,4,30,3
2024-10-30 01:00:00,1,22,0
2024-10-30 02:00:00,1,14,0
2024-10-30 03:00:00,0,14,0
2024-10-30 04:00:00,0,28,1
2024-10-30 05:00:00,3,60,3
2024-10-30 06:00:00,25,136,8
2024-10-30 07:00:00,73,311,37
2024-10-30 08:00:00,101,391,44
2024-10-30 09:00:00,92,443,20
2024-10-30 10:00:00,117,509,16
2024-10-30 11:00:00,95,491,16
2024-10-30 12:00:00,124,471,23
2024-10-30 13:00:00,100,562,25
2024-10-30 14:00:00,103,553,22
2024-10-30 15:00:00,143,577,21
2024-10-30 16:00:00,129,602,29
2024-10-30 17:00:00,112,566,46
2024-10-30 18:00:00,99,485,23
2024-10-30 19:00:00,104,390,31
2024-10-30 20:00:00,45,246,11
2024-10-30 21:00:00,34,192,6
2024-10-30 22:00:00,21,217,8
2024-10-30 23:00:00,30,112,8
2024-10-31 00:00:00,13,60,2
2024-10-31 01:00:00,0,46,0
2024-10-31 02:00:00,2,25,0
2024-10-31 03:00:00,2,16,0
2024-10-31 04:00:00,2,22,1
2024-10-31 05:00:00,3,74,2
2024-10-31 06:00:00,19,152,4
2024-10-31 07:00:00,59,316,38
2024-10-31 08:00:00,51,388,16
2024-10-31 09:00:00,40,515,17
2024-10-31 10:00:00,76,522,23
2024-10-31 11:00:00,106,563,23
2024-10-31 12:00:00,155,557,22
2024-10-31 13:00:00,113,527,21
2024-10-31 14:00:00,113,595,39
2024-10-31 15:00:00,134,621,36
2024-10-31 16:00:00,146,600,32
2024-10-31 17:00:00,124,635,39
2024-10-31 18:00:00,109,505,28
2024-10-31 19:00:00,97,435,9
2024-10-31 20:00:00,57,327,5
2024-10-31 21:00:00,51,236,9
2024-10-31 22:00:00,34,248,6
2024-10-31 23:00:00,16,176,0
2024-11-01 00:00:00,8,75,0
2024-11-01 01:00:00,5,69,0
2024-11-01 02:00:00,6,94,2
2024-11-01 03:00:00,1,68,0
2024-11-01 04:00:00,0,59,0
2024-11-01 05:00:00,10,83,1
2024-11-01 06:00:00,22,135,10
2024-11-01 07:00:00,61,259,28
2024-11-01 08:00:00,107,371,35
2024-11-01 09:00:00,105,507,26
2024-11-01 10:00:00,115,593,14
2024-11-01 11:00:00,94,547,9
2024-11-01 12:00:00,115,622,14
2024-11-01 13:00:00,109,571,19
2024-11-01 14:00:00,123,638,26
2024-11-01 15:00:00,172,601,21
2024-11-01 16:00:00,143,604,23
2024-11-01 17:00:00,128,595,27
2024-11-01 18:00:00,96,495,21
2024-11-01 19:00:00,58,425,16
2024-11-01 20:00:00,44,264,4
2024-11-01 21:00:00,36,216,4
2024-11-01 22:00:00,33,200,8
2024-11-01 23:00:00,7,134,6
2024-11-02 00:00:00,14,94,0
2024-11-02 01:00:00,3,48,0
2024-11-02 02:00:00,1,42,0
2024-11-02 03:00:00,0,34,0
2024-11-02 04:00:00,1,23,1
2024-11-02 05:00:00,0,42,0
2024-11-02 06:00:00,12,78,4
2024-11-02 07:00:00,28,136,8
2024-11-02 08:00:00,75,323,24
2024-11-02 09:00:00,111,466,21
2024-11-02 10:00:00,154,580,25
2024-11-02 11:00:00,152,627,29
2024-11-02 12:00:00,173,688,16
2024-11-02 13:00:00,118,680,30
2024-11-02 14:00:00,137,673,12
2024-11-02 15:00:00,150,611,14
2024-11-02 16:00:00,147,615,17
2024-11-02 17:00:00,114,587,19
2024-11-02 18:00:00,93,552,8
2024-11-02 19:00:00,89,419,11
2024-11-02 20:00:00,50,280,14
2024-11-02 21:00:00,31,169,2
2024-11-02 22:00:00,59,207,3
2024-11-02 23:00:00,27,154,8
2024-11-03 00:00:00,18,79,1
2024-11-03 01:00:00,13,67,2
2024-11-03 02:00:00,24,60,1
2024-11-03 03:00:00,11,33,0
2024-11-03 04:00:00,1,35,0
2024-11-03 05:00:00,2,62,1
2024-11-03 06:00:00,6,52,3
2024-11-03 07:00:00,24,92,8
2024-11-03 08:00:00,84,146,21
2024-11-03 09:00:00,117,323,21
2024-11-03 10:00:00,156,586,25
2024-11-03 11:00:00,176,657,15
2024-11-03 12:00:00,145,623,35
2024-11-03 13:00:00,180,582,26
2024-11-03 14:00:00,181,598,24
2024-11-03 15:00:00,149,605,29
2024-11-03 16:00:00,141,459,16
2024-11-03 17:00:00,86,383,8
2024-11-03 18:00:00,53,296,12
2024-11-03 19:00:00,38,236,4
2024-11-03 20:00:00,55,222,6
2024-11-03 21:00:00,19,130,3
2024-11-03 22:00:00,21,98,6
2024-11-03 23:00:00,7,58,4
2024-11-04 00:00:00,2,40,0
2024-11-04 01:00:00,0,6,0
2024-11-04 02:00:00,0,11,0
2024-11-04 03:00:00,0,9,0
2024-11-04 04:00:00,0,5,0
2024-11-04 05:00:00,0,0,0
2024-11-04 06:00:00,11,72,11
2024-11-04 07:00:00,66,357,35
2024-11-04 08:00:00,105,410,46
2024-11-04 09:00:00,108,428,26
2024-11-04 10:00:00,98,455,22
2024-11-04 11:00:00,85,527,11
2024-11-04 12:00:00,124,541,23
2024-11-04 13:00:00,100,529,25
2024-11-04 14:00:00,95,534,19
2024-11-04 15:00:00,117,584,20
2024-11-04 16:00:00,142,519,29
2024-11-04 17:00:00,141,546,48
2024-11-04 18:00:00,109,476,31
2024-11-04 19:00:00,62,432,19
2024-11-04 20:00:00,54,297,17
2024-11-04 21:00:00,19,187,7
2024-11-04 22:00:00,21,175,4
2024-11-04 23:00:00,16,84,3
2024-11-05 00:00:00,5,41,1
2024-11-05 01:00:00,5,10,1
2024-11-05 02:00:00,1,20,0
2024-11-05 03:00:00,0,9,0
2024-11-05 04:00:00,0,22,1
2024-11-05 05:00:00,4,75,2
2024-11-05 06:00:00,30,169,11
2024-11-05 07:00:00,75,308,40
2024-11-05 08:00:00,114,386,45
2024-11-05 09:00:00,101,470,35
2024-11-05 10:00:00,91,487,20
2024-11-05 11:00:00,100,565,15
2024-11-05 12:00:00,94,563,20
2024-11-05 13:00:00,105,501,15
2024-11-05 14:00:00,102,560,23
2024-11-05 15:00:00,107,555,32
2024-11-05 16:00:00,119,544,28
2024-11-05 17:00:00,142,501,33
2024-11-05 18:00:00,114,469,45
2024-11-05 19:00:00,115,436,31
2024-11-05 20:00:00,49,293,19
2024-11-05 21:00:00,31,231,7
2024-11-05 22:00:00,18,208,4
2024-11-05 23:00:00,24,86,3
2024-11-06 00:00:00,2,59,2
2024-11-06 01:00:00,1,25,2
2024-11-06 02:00:00,1,12,1
2024-11-06 03:00:00,1,13,0
2024-11-06 04:00:00,0,27,1
2024-11-06 05:00:00,3,80,2
2024-11-06 06:00:00,21,180,14
2024-11-06 07:00:00,65,318,34
2024-11-06 08:00:00,89,389,48
2024-11-06 09:00:00,106,446,33
2024-11-06 10:00:00,98,460,23
2024-11-06 11:00:00,78,479,13
2024-11-06 12:00:00,125,578,25
2024-11-06 13:00:00,127,529,28
2024-11-06 14:00:00,113,536,15
2024-11-06 15:00:00,147,580,29
2024-11-06 16:00:00,106,533,35
2024-11-06 17:00:00,129,456,31
2024-11-06 18:00:00,104,471,25
2024-11-06 19:00:00,90,436,31
2024-11-06 20:00:00,71,322,18
2024-11-06 21:00:00,48,207,4
2024-11-06 22:00:00,33,167,10
2024-11-06 23:00:00,11,92,1
2024-11-07 00:00:00,2,48,2
2024-11-07 01:00:00,2,19,0
2024-11-07 02:00:00,1,25,0
2024-11-07 03:00:00,2,22,2
2024-11-07 04:00:00,0,24,0
2024-11-07 05:00:00,3,78,5
2024-11-07 06:00:00,23,158,14
2024-11-07 07:00:00,59,339,40
2024-11-07 08:00:00,102,410,33
2024-11-07 09:00:00,92,488,23
2024-11-07 10:00:00,95,483,17
2024-11-07 11:00:00,106,467,23
2024-11-07 12:00:00,110,546,24
2024-11-07 13:00:00,88,558,13
2024-11-07 14:00:00,114,517,17
2024-11-07 15:00:00,90,534,22
2024-11-07 16:00:00,119,485,28
2024-11-07 17:00:00,116,470,28
2024-11-07 18:00:00,129,463,26
2024-11-07 19:00:00,87,471,21
2024-11-07 20:00:00,64,294,17
2024-11-07 21:00:00,30,243,7
2024-11-07 22:00:00,17,175,14
2024-11-07 23:00:00,19,99,3
2024-11-08 00:00:00,8,55,2
2024-11-08 01:00:00,3,28,0
2024-11-08 02:00:00,0,14,0
2024-11-08 03:00:00,0,15,2
2024-11-08 04:00:00,1,31,1
2024-11-08 05:00:00,3,72,2
2024-11-08 06:00:00,28,151,15
2024-11-08 07:00:00,75,316,34
2024-11-08 08:00:00,94,381,43
2024-11-08 09:00:00,131,516,26
2024-11-08 10:00:00,97,554,25
2024-11-08 11:00:00,97,567,22
2024-11-08 12:00:00,136,613,16
2024-11-08 13:00:00,127,560,28
2024-11-08 14:00:00,125,612,15
2024-11-08 15:00:00,114,554,25
2024-11-08 16:00:00,137,531,31
2024-11-08 17:00:00,127,531,40
2024-11-08 18:00:00,94,470,33
2024-11-08 19:00:00,94,416,9
2024-11-08 20:00:00,47,262,12
2024-11-08 21:00:00,20,180,9
2024-11-08 22:00:00,38,254,5
2024-11-08 23:00:00,19,137,4
2024-11-09 00:00:00,18,87,1
2024-11-09 01:00:00,3,36,1
2024-11-09 02:00:00,5,34,0
2024-11-09 03:00:00,0,30,0
2024-11-09 04:00:00,2,30,2
2024-11-09 05:00:00,3,50,0
2024-11-09 06:00:00,10,66,7
2024-11-09 07:00:00,31,154,18
2024-11-09 08:00:00,99,360,16
2024-11-09 09:00:00,106,555,27
2024-11-09 10:00:00,107,585,36
2024-11-09 11:00:00,149,631,26
2024-11-09 12:00:00,153,681,25
2024-11-09 13:00:00,157,644,39
2024-11-09 14:00:00,140,661,24
2024-11-09 15:00:00,144,583,29
2024-11-09 16:00:00,164,656,14
2024-11-09 17:00:00,105,619,18
2024-11-09 18:00:00,69,432,16
2024-11-09 19:00:00,82,373,4
2024-11-09 20:00:00,38,235,10
2024-11-09 21:00:00,37,182,5
2024-11-09 22:00:00,32,171,1
2024-11-09 23:00:00,27,130,9
2024-11-10 00:00:00,10,66,0
2024-11-10 01:00:00,0,55,1
2024-11-10 02:00:00,5,37,0
2024-11-10 03:00:00,0,39,0
2024-11-10 04:00:00,1,19,1
2024-11-10 05:00:00,1,45,0
2024-11-10 06:00:00,7,50,5
2024-11-10 07:00:00,33,108,7
2024-11-10 08:00:00,53,145,19
2024-11-10 09:00:00,102,392,19
2024-11-10 10:00:00,225,583,32
2024-11-10 11:00:00,219,598,48
2024-11-10 12:00:00,145,706,24
2024-11-10 13:00:00,159,644,18
2024-11-10 14:00:00,227,629,22
2024-11-10 15:00:00,151,653,26
2024-11-10 16:00:00,151,502,16
2024-11-10 17:00:00,94,411,15
2024-11-10 18:00:00,56,283,11
2024-11-10 19:00:00,40,229,8
2024-11-10 20:00:00,40,219,7
2024-11-10 21:00:00,28,154,1
2024-11-10 22:00:00,11,94,3
2024-11-10 23:00:00,7,53,1
2024-11-11 00:00:00,0,33,3
2024-11-11 01:00:00,0,21,0
2024-11-11 02:00:00,0,13,0
2024-11-11 03:00:00,0,7,1
2024-11-11 04:00:00,0,2,0
2024-11-11 05:00:00,0,0,0
2024-11-11 06:00:00,16,82,12
2024-11-11 07:00:00,62,306,44
2024-11-11 08:00:00,96,349,43
2024-11-11 09:00:00,74,453,33
2024-11-11 10:00:00,90,445,19
2024-11-11 11:00:00,93,454,15
2024-11-11 12:00:00,137,500,26
2024-11-11 13:00:00,112,511,18
2024-11-11 14:00:00,130,525,25
2024-11-11 15:00:00,134,480,33
2024-11-11 16:00:00,152,504,29
2024-11-11 17:00:00,115,488,47
2024-11-11 18:00:00,109,493,31
2024-11-11 19:00:00,87,456,16
2024-11-11 20:00:00,51,281,11
2024-11-11 21:00:00,41,186,9
2024-11-11 22:00:00,37,129,4
2024-11-11 23:00:00,23,59,3
2024-11-12 00:00:00,6,28,1
2024-11-12 01:00:00,1,12,0
2024-11-12 02:00:00,0,12,0
2024-11-12 03:00:00,0,16,0
2024-11-12 04:00:00,0,24,1
2024-11-12 05:00:00,8,74,3
2024-11-12 06:00:00,32,168,10
2024-11-12 07:00:00,91,306,36
2024-11-12 08:00:00,92,388,53
2024-11-12 09:00:00,83,491,33
2024-11-12 10:00:00,92,484,16
2024-11-12 11:00:00,115,506,12
2024-11-12 12:00:00,113,540,13
2024-11-12 13:00:00,120,563,17
2024-11-12 14:00:00,78,532,18
2024-11-12 15:00:00,107,539,25
2024-11-12 16:00:00,134,490,20
2024-11-12 17:00:00,112,473,44
2024-11-12 18:00:00,102,499,39
2024-11-12 19:00:00,94,449,32
2024-11-12 20:00:00,58,296,21
2024-11-12 21:00:00,35,260,8
2024-11-12 22:00:00,14,152,7
2024-11-12 23:00:00,19,87,2
2024-11-13 00:00:00,7,39,2
2024-11-13 01:00:00,1,16,0
2024-11-13 02:00:00,0,11,0
2024-11-13 03:00:00,0,18,0
2024-11-13 04:00:00,0,21,1
2024-11-13 05:00:00,7,80,5
2024-11-13 06:00:00,27,182,15
2024-11-13 07:00:00,55,327,44
2024-11-13 08:00:00,87,421,47
2024-11-13 09:00:00,33,475,31
2024-11-13 10:00:00,69,446,22
2024-11-13 11:00:00,114,463,27
2024-11-13 12:00:00,135,522,25
2024-11-13 13:00:00,124,576,27
2024-11-13 14:00:00,98,535,26
2024-11-13 15:00:00,133,463,41
2024-11-13 16:00:00,103,432,31
2024-11-13 17:00:00,121,527,39
2024-11-13 18:00:00,97,496,30
2024-11-13 19:00:00,99,435,33
2024-11-13 20:00:00,64,315,17
2024-11-13 21:00:00,39,259,6
2024-11-13 22:00:00,39,184,10
2024-11-13 23:00:00,11,85,4
2024-11-14 00:00:00,1,31,1
2024-11-14 01:00:00,3,26,0
2024-11-14 02:00:00,2,14,0
2024-11-14 03:00:00,0,17,0
2024-11-14 04:00:00,0,23,1
2024-11-14 05:00:00,4,85,8
2024-11-14 06:00:00,22,153,12
2024-11-14 07:00:00,71,308,36
2024-11-14 08:00:00,101,400,46
2024-11-14 09:00:00,134,512,20
2024-11-14 10:00:00,97,488,13
2024-11-14 11:00:00,72,505,25
2024-11-14 12:00:00,106,540,24
2024-11-14 13:00:00,146,539,19
2024-11-14 14:00:00,126,508,17
2024-11-14 15:00:00,113,517,23
2024-11-14 16:00:00,135,504,34
2024-11-14 17:00:00,116,508,27
2024-11-14 18:00:00,109,527,29
2024-11-14 19:00:00,82,507,24
2024-11-14 20:00:00,53,311,16
2024-11-14 21:00:00,25,248,12
2024-11-14 22:00:00,34,183,6
2024-11-14 23:00:00,32,87,4
2024-11-15 00:00:00,3,54,2
2024-11-15 01:00:00,0,34,0
2024-11-15 02:00:00,0,16,0
2024-11-15 03:00:00,0,22,2
2024-11-15 04:00:00,0,21,1
2024-11-15 05:00:00,8,76,2
2024-11-15 06:00:00,20,146,12
2024-11-15 07:00:00,68,276,29
2024-11-15 08:00:00,117,439,47
2024-11-15 09:00:00,120,500,19
2024-11-15 10:00:00,128,544,13
2024-11-15 11:00:00,97,531,20
2024-11-15 12:00:00,144,600,22
2024-11-15 13:00:00,131,589,22
2024-11-15 14:00:00,147,613,26
2024-11-15 15:00:00,159,598,28
2024-11-15 16:00:00,149,532,33
2024-11-15 17:00:00,99,565,20
2024-11-15 18:00:00,84,476,19
2024-11-15 19:00:00,95,459,15
2024-11-15 20:00:00,44,270,10
2024-11-15 21:00:00,31,215,6
2024-11-15 22:00:00,49,239,3
2024-11-15 23:00:00,23,166,13
2024-11-16 00:00:00,10,90,5
2024-11-16 01:00:00,6,54,1
2024-11-16 02:00:00,1,32,0
2024-11-16 03:00:00,1,19,0
2024-11-16 04:00:00,0,27,2
2024-11-16 05:00:00,2,67,0
2024-11-16 06:00:00,9,73,3
2024-11-16 07:00:00,26,146,11
2024-11-16 08:00:00,79,365,14
2024-11-16 09:00:00,146,564,33
2024-11-16 10:00:00,196,622,32
2024-11-16 11:00:00,150,659,32
2024-11-16 12:00:00,130,657,25
2024-11-16 13:00:00,98,635,32
2024-11-16 14:00:00,121,644,22
2024-11-16 15:00:00,141,618,30
2024-11-16 16:00:00,151,645,18
2024-11-16 17:00:00,110,558,16
2024-11-16 18:00:00,55,414,12
2024-11-16 19:00:00,78,328,11
2024-11-16 20:00:00,37,254,11
2024-11-16 21:00:00,21,193,6
2024-11-16 22:00:00,40,195,3
2024-11-16 23:00:00,28,134,5
2024-11-17 00:00:00,8,95,0
2024-11-17 01:00:00,7,62,0
2024-11-17 02:00:00,1,36,0
2024-11-17 03:00:00,1,32,0
2024-11-17 04:00:00,3,28,1
2024-11-17 05:00:00,0,55,1
2024-11-17 06:00:00,6,59,8
2024-11-17 07:00:00,32,92,7
2024-11-17 08:00:00,70,153,25
2024-11-17 09:00:00,108,354,20
2024-11-17 10:00:00,181,572,23
2024-11-17 11:00:00,197,642,37
2024-11-17 12:00:00,192,618,24
2024-11-17 13:00:00,220,636,29
2024-11-17 14:00:00,201,660,21
2024-11-17 15:00:00,217,605,11
2024-11-17 16:00:00,134,454,24
2024-11-17 17:00:00,72,439,15
2024-11-17 18:00:00,39,308,7
2024-11-17 19:00:00,34,239,11
2024-11-17 20:00:00,18,184,7
2024-11-17 21:00:00,21,140,3
2024-11-17 22:00:00,14,105,5
2024-11-17 23:00:00,12,43,4
2024-11-18 00:00:00,1,27,2
2024-11-18 01:00:00,1,8,0
2024-11-18 02:00:00,0,17,0
2024-11-18 03:00:00,0,11,0
2024-11-18 04:00:00,0,17,0
2024-11-18 05:00:00,4,79,2
2024-11-18 06:00:00,23,153,11
2024-11-18 07:00:00,66,338,30
2024-11-18 08:00:00,124,337,43
2024-11-18 09:00:00,102,469,26
2024-11-18 10:00:00,89,458,14
2024-11-18 11:00:00,88,473,18
2024-11-18 12:00:00,110,548,12
2024-11-18 13:00:00,73,456,11
2024-11-18 14:00:00,70,485,9
2024-11-18 15:00:00,77,558,15
2024-11-18 16:00:00,84,498,19
2024-11-18 17:00:00,82,504,28
2024-11-18 18:00:00,48,484,6
2024-11-18 19:00:00,52,434,21
2024-11-18 20:00:00,43,302,9
2024-11-18 21:00:00,8,183,8
2024-11-18 22:00:00,18,156,2
2024-11-18 23:00:00,12,79,1
2024-11-19 00:00:00,1,38,2
2024-11-19 01:00:00,0,22,0
2024-11-19 02:00:00,0,14,1
2024-11-19 03:00:00,1,4,0
2024-11-19 04:00:00,0,16,0
2024-11-19 05:00:00,5,76,3
2024-11-19 06:00:00,14,160,6
2024-11-19 07:00:00,50,329,20
2024-11-19 08:00:00,118,399,34
2024-11-19 09:00:00,62,461,8
2024-11-19 10:00:00,82,475,12
2024-11-19 11:00:00,82,486,7
2024-11-19 12:00:00,79,545,8
2024-11-19 13:00:00,78,524,15
2024-11-19 14:00:00,67,523,8
2024-11-19 15:00:00,85,492,10
2024-11-19 16:00:00,97,478,15
2024-11-19 17:00:00,101,458,25
2024-11-19 18:00:00,101,478,31
2024-11-19 19:00:00,102,440,24
2024-11-19 20:00:00,33,293,9
2024-11-19 21:00:00,35,193,5
2024-11-19 22:00:00,30,192,7
2024-11-19 23:00:00,6,58,3
2024-11-20 00:00:00,8,49,2
2024-11-20 01:00:00,1,12,0
2024-11-20 02:00:00,0,18,0
2024-11-20 03:00:00,0,17,0
2024-11-20 04:00:00,1,21,1
2024-11-20 05:00:00,4,67,2
2024-11-20 06:00:00,21,170,9
2024-11-20 07:00:00,74,351,21
2024-11-20 08:00:00,116,385,41
2024-11-20 09:00:00,51,514,11
2024-11-20 10:00:00,86,446,16
2024-11-20 11:00:00,121,498,15
2024-11-20 12:00:00,125,593,17
2024-11-20 13:00:00,148,525,22
2024-11-20 14:00:00,148,574,19
2024-11-20 15:00:00,144,507,18
2024-11-20 16:00:00,104,459,25
2024-11-20 17:00:00,120,526,23
2024-11-20 18:00:00,107,497,22
2024-11-20 19:00:00,110,462,28
2024-11-20 20:00:00,54,313,10
2024-11-20 21:00:00,29,227,5
2024-11-20 22:00:00,39,179,5
2024-11-20 23:00:00,10,83,4
2024-11-21 00:00:00,3,52,0
2024-11-21 01:00:00,1,21,0
2024-11-21 02:00:00,1,14,2
2024-11-21 03:00:00,0,15,0
2024-11-21 04:00:00,1,17,1
2024-11-21 05:00:00,4,77,2
2024-11-21 06:00:00,20,165,9
2024-11-21 07:00:00,52,344,29
2024-11-21 08:00:00,142,419,24
2024-11-21 09:00:00,171,515,14
2024-11-21 10:00:00,100,510,8
2024-11-21 11:00:00,106,575,15
2024-11-21 12:00:00,111,549,12
2024-11-21 13:00:00,102,527,13
2024-11-21 14:00:00,115,550,12
2024-11-21 15:00:00,139,527,16
2024-11-21 16:00:00,114,513,18
2024-11-21 17:00:00,107,516,23
2024-11-21 18:00:00,96,495,28
2024-11-21 19:00:00,80,474,8
2024-11-21 20:00:00,46,313,10
2024-11-21 21:00:00,24,225,7
2024-11-21 22:00:00,22,204,4
2024-11-21 23:00:00,12,95,4
2024-11-22 00:00:00,2,45,1
2024-11-22 01:00:00,1,31,1
2024-11-22 02:00:00,0,19,0
2024-11-22 03:00:00,0,24,0
2024-11-22 04:00:00,1,16,1
2024-11-22 05:00:00,3,66,0
2024-11-22 06:00:00,23,160,16
2024-11-22 07:00:00,60,307,27
2024-11-22 08:00:00,102,414,35
2024-11-22 09:00:00,54,553,19
2024-11-22 10:00:00,66,583,26
2024-11-22 11:00:00,140,558,11
2024-11-22 12:00:00,146,594,25
2024-11-22 13:00:00,131,576,30
2024-11-22 14:00:00,144,578,14
2024-11-22 15:00:00,147,546,18
2024-11-22 16:00:00,133,532,14
2024-11-22 17:00:00,120,532,25
2024-11-22 18:00:00,105,470,25
2024-11-22 19:00:00,79,448,15
2024-11-22 20:00:00,54,286,9
2024-11-22 21:00:00,32,201,7
2024-11-22 22:00:00,41,241,5
2024-11-22 23:00:00,21,128,2
2024-11-23 00:00:00,13,99,2
2024-11-23 01:00:00,3,51,2
2024-11-23 02:00:00,0,38,0
2024-11-23 03:00:00,0,15,0
2024-11-23 04:00:00,0,29,2
2024-11-23 05:00:00,3,48,0
2024-11-23 06:00:00,5,70,5
2024-11-23 07:00:00,15,141,5
2024-11-23 08:00:00,70,316,8
2024-11-23 09:00:00,101,540,9
2024-11-23 10:00:00,127,631,8
2024-11-23 11:00:00,117,623,19
2024-11-23 12:00:00,70,589,5
2024-11-23 13:00:00,69,615,6
2024-11-23 14:00:00,83,626,7
2024-11-23 15:00:00,95,619,4
2024-11-23 16:00:00,114,619,12
2024-11-23 17:00:00,80,521,5
2024-11-23 18:00:00,57,456,5
2024-11-23 19:00:00,61,354,5
2024-11-23 20:00:00,28,205,4
2024-11-23 21:00:00,27,192,1
2024-11-23 22:00:00,18,198,3
2024-11-23 23:00:00,12,122,1
2024-11-24 00:00:00,11,78,0
2024-11-24 01:00:00,0,54,0
2024-11-24 02:00:00,1,38,0
2024-11-24 03:00:00,2,36,0
2024-11-24 04:00:00,2,20,0
2024-11-24 05:00:00,1,43,1
2024-11-24 06:00:00,3,64,3
2024-11-24 07:00:00,16,95,3
2024-11-24 08:00:00,42,130,3
2024-11-24 09:00:00,52,230,3
2024-11-24 10:00:00,139,520,4
2024-11-24 11:00:00,76,513,3
2024-11-24 12:00:00,47,620,5
2024-11-24 13:00:00,55,613,6
2024-11-24 14:00:00,60,614,3
2024-11-24 15:00:00,62,545,2
2024-11-24 16:00:00,60,471,3
2024-11-24 17:00:00,38,365,4
2024-11-24 18:00:00,26,350,3
2024-11-24 19:00:00,26,255,9
2024-11-24 20:00:00,50,228,2
2024-11-24 21:00:00,10,140,1
2024-11-24 22:00:00,19,117,3
2024-11-24 23:00:00,7,49,0
2024-11-25 00:00:00,2,47,0
2024-11-25 01:00:00,0,21,0
2024-11-25 02:00:00,0,12,0
2024-11-25 03:00:00,0,19,1
2024-11-25 04:00:00,0,23,1
2024-11-25 05:00:00,1,83,1
2024-11-25 06:00:00,23,166,10
2024-11-25 07:00:00,63,344,28
2024-11-25 08:00:00,102,378,30
2024-11-25 09:00:00,66,515,15
2024-11-25 10:00:00,67,452,14
2024-11-25 11:00:00,84,482,14
2024-11-25 12:00:00,99,561,9
2024-11-25 13:00:00,119,528,18
2024-11-25 14:00:00,114,543,16
2024-11-25 15:00:00,114,527,14
2024-11-25 16:00:00,83,489,20
2024-11-25 17:00:00,101,484,22
2024-11-25 18:00:00,91,479,24
2024-11-25 19:00:00,110,452,13
2024-11-25 20:00:00,64,329,7
2024-11-25 21:00:00,35,183,11
2024-11-25 22:00:00,27,186,2
2024-11-25 23:00:00,10,77,2
2024-11-26 00:00:00,4,47,1
2024-11-26 01:00:00,1,17,1
2024-11-26 02:00:00,0,14,0
2024-11-26 03:00:00,0,14,0
2024-11-26 04:00:00,0,22,1
2024-11-26 05:00:00,2,95,1
2024-11-26 06:00:00,25,181,10
2024-11-26 07:00:00,86,323,28
2024-11-26 08:00:00,113,424,40
2024-11-26 09:00:00,59,490,19
2024-11-26 10:00:00,55,469,14
2024-11-26 11:00:00,106,427,14
2024-11-26 12:00:00,127,566,29
2024-11-26 13:00:00,122,567,32
2024-11-26 14:00:00,132,528,22
2024-11-26 15:00:00,116,549,16
2024-11-26 16:00:00,141,475,27
2024-11-26 17:00:00,139,504,28
2024-11-26 18:00:00,136,518,35
2024-11-26 19:00:00,111,413,31
2024-11-26 20:00:00,48,286,10
2024-11-26 21:00:00,31,266,6
2024-11-26 22:00:00,17,191,3
2024-11-26 23:00:00,15,77,1
2024-11-27 00:00:00,4,47,3
2024-11-27 01:00:00,1,25,0
2024-11-27 02:00:00,1,15,0
2024-11-27 03:00:00,0,16,0
2024-11-27 04:00:00,0,20,1
2024-11-27 05:00:00,2,87,1
2024-11-27 06:00:00,13,169,6
2024-11-27 07:00:00,69,324,29
2024-11-27 08:00:00,99,397,34
2024-11-27 09:00:00,94,511,16
2024-11-27 10:00:00,106,508,16
2024-11-27 11:00:00,78,471,22
2024-11-27 12:00:00,92,572,18
2024-11-27 13:00:00,101,528,14
2024-11-27 14:00:00,110,569,15
2024-11-27 15:00:00,131,527,20
2024-11-27 16:00:00,142,490,19
2024-11-27 17:00:00,108,503,32
2024-11-27 18:00:00,89,463,20
2024-11-27 19:00:00,83,480,26
2024-11-27 20:00:00,68,357,18
2024-11-27 21:00:00,14,216,7
2024-11-27 22:00:00,21,216,6
2024-11-27 23:00:00,11,101,8
2024-11-28 00:00:00,5,54,1
2024-11-28 01:00:00,1,27,1
2024-11-28 02:00:00,2,25,2
2024-11-28 03:00:00,0,16,0
2024-11-28 04:00:00,0,27,1
2024-11-28 05:00:00,2,82,2
2024-11-28 06:00:00,32,154,11
2024-11-28 07:00:00,43,326,26
2024-11-28 08:00:00,122,369,36
2024-11-28 09:00:00,70,486,20
2024-11-28 10:00:00,100,498,16
2024-11-28 11:00:00,115,537,18
2024-11-28 12:00:00,130,544,17
2024-11-28 13:00:00,74,564,13
2024-11-28 14:00:00,121,543,20
2024-11-28 15:00:00,90,541,17
2024-11-28 16:00:00,94,471,21
2024-11-28 17:00:00,103,443,34
2024-11-28 18:00:00,89,470,29
2024-11-28 19:00:00,108,516,19
2024-11-28 20:00:00,42,316,9
2024-11-28 21:00:00,21,214,11
2024-11-28 22:00:00,17,192,7
2024-11-28 23:00:00,21,109,1
2024-11-29 00:00:00,5,72,2
2024-11-29 01:00:00,1,22,0
2024-11-29 02:00:00,2,18,0
2024-11-29 03:00:00,1,15,0
2024-11-29 04:00:00,0,26,1
2024-11-29 05:00:00,2,82,1
2024-11-29 06:00:00,16,172,12
2024-11-29 07:00:00,67,312,30
2024-11-29 08:00:00,123,424,38
2024-11-29 09:00:00,92,482,28
2024-11-29 10:00:00,110,588,16
2024-11-29 11:00:00,116,552,18
2024-11-29 12:00:00,103,607,21
2024-11-29 13:00:00,139,588,19
2024-11-29 14:00:00,147,565,20
2024-11-29 15:00:00,123,577,26
2024-11-29 16:00:00,103,560,35
2024-11-29 17:00:00,125,592,18
2024-11-29 18:00:00,112,475,20
2024-11-29 19:00:00,97,491,10
2024-11-29 20:00:00,48,272,10
2024-11-29 21:00:00,39,233,4
2024-11-29 22:00:00,41,229,4
2024-11-29 23:00:00,40,139,4
2024-11-30 00:00:00,7,104,2
2024-11-30 01:00:00,2,54,0
2024-11-30 02:00:00,2,33,1
2024-11-30 03:00:00,4,27,0
2024-11-30 04:00:00,1,27,1
2024-11-30 05:00:00,0,49,2
2024-11-30 06:00:00,11,83,7
2024-11-30 07:00:00,26,163,13
2024-11-30 08:00:00,96,396,13
2024-11-30 09:00:00,109,563,20
2024-11-30 10:00:00,161,623,22
2024-11-30 11:00:00,181,655,28
2024-11-30 12:00:00,139,641,20
2024-11-30 13:00:00,136,548,19
2024-11-30 14:00:00,159,626,16
2024-11-30 15:00:00,139,621,18
2024-11-30 16:00:00,180,656,20
2024-11-30 17:00:00,96,525,12
2024-11-30 18:00:00,72,448,13
2024-11-30 19:00:00,81,385,9
2024-11-30 20:00:00,53,251,11
2024-11-30 21:00:00,33,184,6
2024-11-30 22:00:00,63,205,7
2024-11-30 23:00:00,24,144,3
2024-12-01 00:00:00,11,94,2
2024-12-01 01:00:00,7,77,0
2024-12-01 02:00:00,3,44,0
2024-12-01 03:00:00,4,29,0
2024-12-01 04:00:00,2,38,1
2024-12-01 05:00:00,0,44,0
2024-12-01 06:00:00,4,65,3
2024-12-01 07:00:00,27,98,6
2024-12-01 08:00:00,50,167,11
2024-12-01 09:00:00,59,348,14
2024-12-01 10:00:00,114,592,37
2024-12-01 11:00:00,135,648,22
2024-12-01 12:00:00,141,699,23
2024-12-01 13:00:00,117,690,21
2024-12-01 14:00:00,140,577,19
2024-12-01 15:00:00,154,600,21
2024-12-01 16:00:00,131,493,18
2024-12-01 17:00:00,65,385,9
2024-12-01 18:00:00,53,321,7
2024-12-01 19:00:00,36,244,8
2024-12-01 20:00:00,42,213,6
2024-12-01 21:00:00,43,168,2
2024-12-01 22:00:00,23,111,2
2024-12-01 23:00:00,14,40,1
2024-12-02 00:00:00,4,29,0
2024-12-02 01:00:00,0,15,0
2024-12-02 02:00:00,0,16,0
2024-12-02 03:00:00,0,14,0
2024-12-02 04:00:00,1,25,2
2024-12-02 05:00:00,7,81,1
2024-12-02 06:00:00,21,168,17
2024-12-02 07:00:00,49,318,43
2024-12-02 08:00:00,118,379,39
2024-12-02 09:00:00,64,465,17
2024-12-02 10:00:00,67,479,13
2024-12-02 11:00:00,92,492,14
2024-12-02 12:00:00,104,572,21
2024-12-02 13:00:00,97,470,14
2024-12-02 14:00:00,101,515,25
2024-12-02 15:00:00,122,535,20
2024-12-02 16:00:00,113,484,19
2024-12-02 17:00:00,96,482,32
2024-12-02 18:00:00,90,487,26
2024-12-02 19:00:00,94,436,14
2024-12-02 20:00:00,37,308,12
2024-12-02 21:00:00,26,234,4
2024-12-02 22:00:00,29,182,3
2024-12-02 23:00:00,8,58,5
2024-12-03 00:00:00,2,50,0
2024-12-03 01:00:00,1,15,1
2024-12-03 02:00:00,0,19,0
2024-12-03 03:00:00,1,13,0
2024-12-03 04:00:00,1,31,1
2024-12-03 05:00:00,4,92,1
2024-12-03 06:00:00,24,167,17
2024-12-03 07:00:00,74,353,31
2024-12-03 08:00:00,107,377,46
2024-12-03 09:00:00,116,536,30
2024-12-03 10:00:00,99,506,21
2024-12-03 11:00:00,77,491,14
2024-12-03 12:00:00,96,497,20
2024-12-03 13:00:00,108,560,16
2024-12-03 14:00:00,97,566,11
2024-12-03 15:00:00,112,573,27
2024-12-03 16:00:00,99,517,26
2024-12-03 17:00:00,87,444,34
2024-12-03 18:00:00,112,532,28
2024-12-03 19:00:00,94,535,22
2024-12-03 20:00:00,33,305,9
2024-12-03 21:00:00,34,240,8
2024-12-03 22:00:00,27,193,4
2024-12-03 23:00:00,6,72,2
2024-12-04 00:00:00,2,38,0
2024-12-04 01:00:00,0,25,1
2024-12-04 02:00:00,0,24,1
2024-12-04 03:00:00,1,10,1
2024-12-04 04:00:00,0,27,1
2024-12-04 05:00:00,6,82,1
2024-12-04 06:00:00,19,205,14
2024-12-04 07:00:00,60,331,35
2024-12-04 08:00:00,109,408,40
2024-12-04 09:00:00,116,533,29
2024-12-04 10:00:00,89,492,18
2024-12-04 11:00:00,78,528,17
2024-12-04 12:00:00,109,591,19
2024-12-04 13:00:00,90,552,26
2024-12-04 14:00:00,113,592,16
2024-12-04 15:00:00,105,582,23
2024-12-04 16:00:00,125,543,34
2024-12-04 17:00:00,116,512,33
2024-12-04 18:00:00,111,532,25
2024-12-04 19:00:00,112,506,19
2024-12-04 20:00:00,54,307,12
2024-12-04 21:00:00,26,250,7
2024-12-04 22:00:00,39,210,9
2024-12-04 23:00:00,12,87,2
2024-12-05 00:00:00,5,49,0
2024-12-05 01:00:00,0,29,0
2024-12-05 02:00:00,0,17,0
2024-12-05 03:00:00,0,19,3
2024-12-05 04:00:00,1,21,2
2024-12-05 05:00:00,3,70,2
2024-12-05 06:00:00,22,178,13
2024-12-05 07:00:00,60,322,28
2024-12-05 08:00:00,128,375,39
2024-12-05 09:00:00,78,511,17
2024-12-05 10:00:00,72,498,11
2024-12-05 11:00:00,91,528,11
2024-12-05 12:00:00,139,572,18
2024-12-05 13:00:00,101,519,20
2024-12-05 14:00:00,76,508,20
2024-12-05 15:00:00,66,518,10
2024-12-05 16:00:00,58,517,16
2024-12-05 17:00:00,55,454,15
2024-12-05 18:00:00,71,525,23
2024-12-05 19:00:00,52,463,12
2024-12-05 20:00:00,35,349,12
2024-12-05 21:00:00,22,245,6
2024-12-05 22:00:00,25,201,5
2024-12-05 23:00:00,23,108,2
2024-12-06 00:00:00,6,69,1
2024-12-06 01:00:00,1,30,1
2024-12-06 02:00:00,3,21,0
2024-12-06 03:00:00,0,11,1
2024-12-06 04:00:00,0,19,1
2024-12-06 05:00:00,8,66,1
2024-12-06 06:00:00,19,162,14
2024-12-06 07:00:00,73,301,28
2024-12-06 08:00:00,97,436,32
2024-12-06 09:00:00,98,546,26
2024-12-06 10:00:00,96,567,24
2024-12-06 11:00:00,122,604,9
2024-12-06 12:00:00,119,608,20
2024-12-06 13:00:00,117,581,18
2024-12-06 14:00:00,150,600,15
2024-12-06 15:00:00,102,539,14
2024-12-06 16:00:00,83,489,27
2024-12-06 17:00:00,85,550,21
2024-12-06 18:00:00,81,536,18
2024-12-06 19:00:00,46,474,7
2024-12-06 20:00:00,47,288,7
2024-12-06 21:00:00,46,232,18
2024-12-06 22:00:00,27,251,4
2024-12-06 23:00:00,14,143,4
2024-12-07 00:00:00,3,90,1
2024-12-07 01:00:00,2,55,0
2024-12-07 02:00:00,4,40,2
2024-12-07 03:00:00,2,28,0
2024-12-07 04:00:00,1,17,1
2024-12-07 05:00:00,0,38,0
2024-12-07 06:00:00,3,73,2
2024-12-07 07:00:00,9,96,1
2024-12-07 08:00:00,17,192,1
2024-12-07 09:00:00,46,292,5
2024-12-07 10:00:00,82,403,5
2024-12-07 11:00:00,105,530,9
2024-12-07 12:00:00,113,580,8
2024-12-07 13:00:00,81,560,6
2024-12-07 14:00:00,106,602,4
2024-12-07 15:00:00,112,588,6
2024-12-07 16:00:00,117,574,7
2024-12-07 17:00:00,78,454,7
2024-12-07 18:00:00,55,390,6
2024-12-07 19:00:00,51,365,5
2024-12-07 20:00:00,44,223,4
2024-12-07 21:00:00,27,192,3
2024-12-07 22:00:00,26,228,2
2024-12-07 23:00:00,24,142,2
2024-12-08 00:00:00,8,113,0
2024-12-08 01:00:00,6,60,0
2024-12-08 02:00:00,6,54,1
2024-12-08 03:00:00,1,36,0
2024-12-08 04:00:00,2,28,0
2024-12-08 05:00:00,0,42,0
2024-12-08 06:00:00,4,66,2
2024-12-08 07:00:00,22,93,2
2024-12-08 08:00:00,54,125,8
2024-12-08 09:00:00,107,308,9
2024-12-08 10:00:00,218,605,16
2024-12-08 11:00:00,223,644,13
2024-12-08 12:00:00,155,667,14
2024-12-08 13:00:00,105,662,8
2024-12-08 14:00:00,116,645,10
2024-12-08 15:00:00,125,592,12
2024-12-08 16:00:00,92,471,3
2024-12-08 17:00:00,41,450,6
2024-12-08 18:00:00,37,306,3
2024-12-08 19:00:00,24,273,3
2024-12-08 20:00:00,23,218,4
2024-12-08 21:00:00,16,161,1
2024-12-08 22:00:00,12,113,8
2024-12-08 23:00:00,7,61,1
2024-12-09 00:00:00,4,35,2
2024-12-09 01:00:00,1,11,0
2024-12-09 02:00:00,0,11,0
2024-12-09 03:00:00,0,16,0
2024-12-09 04:00:00,0,23,0
2024-12-09 05:00:00,4,74,3
2024-12-09 06:00:00,17,168,16
2024-12-09 07:00:00,59,303,35
2024-12-09 08:00:00,106,341,32
2024-12-09 09:00:00,65,505,21
2024-12-09 10:00:00,75,512,21
2024-12-09 11:00:00,114,489,16
2024-12-09 12:00:00,100,546,22
2024-12-09 13:00:00,101,549,17
2024-12-09 14:00:00,102,527,17
2024-12-09 15:00:00,98,519,20
2024-12-09 16:00:00,93,473,26
2024-12-09 17:00:00,112,490,26
2024-12-09 18:00:00,114,519,21
2024-12-09 19:00:00,95,441,18
2024-12-09 20:00:00,52,294,12
2024-12-09 21:00:00,51,215,4
2024-12-09 22:00:00,21,177,1
2024-12-09 23:00:00,11,66,5
2024-12-10 00:00:00,7,36,0
2024-12-10 01:00:00,0,22,0
2024-12-10 02:00:00,0,16,0
2024-12-10 03:00:00,1,12,0
2024-12-10 04:00:00,0,28,1
2024-12-10 05:00:00,5,72,3
2024-12-10 06:00:00,22,158,15
2024-12-10 07:00:00,61,341,31
2024-12-10 08:00:00,117,378,30
2024-12-10 09:00:00,109,510,19
2024-12-10 10:00:00,96,528,8
2024-12-10 11:00:00,77,585,12
2024-12-10 12:00:00,103,580,5
2024-12-10 13:00:00,90,575,12
2024-12-10 14:00:00,94,578,15
2024-12-10 15:00:00,80,542,16
2024-12-10 16:00:00,104,486,25
2024-12-10 17:00:00,116,472,32
2024-12-10 18:00:00,81,514,26
2024-12-10 19:00:00,89,470,15
2024-12-10 20:00:00,30,306,11
2024-12-10 21:00:00,29,229,6
2024-12-10 22:00:00,18,199,5
2024-12-10 23:00:00,16,71,3
2024-12-11 00:00:00,6,46,2
2024-12-11 01:00:00,0,23,0
2024-12-11 02:00:00,0,17,1
2024-12-11 03:00:00,0,17,0
2024-12-11 04:00:00,0,28,1
2024-12-11 05:00:00,3,91,2
2024-12-11 06:00:00,22,171,20
2024-12-11 07:00:00,72,349,36
2024-12-11 08:00:00,96,427,34
2024-12-11 09:00:00,113,507,27
2024-12-11 10:00:00,88,523,12
2024-12-11 11:00:00,90,540,15
2024-12-11 12:00:00,111,556,30
2024-12-11 13:00:00,103,581,27
2024-12-11 14:00:00,121,583,19
2024-12-11 15:00:00,95,607,14
2024-12-11 16:00:00,100,539,26
2024-12-11 17:00:00,102,431,24
2024-12-11 18:00:00,57,469,28
2024-12-11 19:00:00,80,495,11
2024-12-11 20:00:00,31,279,11
2024-12-11 21:00:00,24,238,10
2024-12-11 22:00:00,19,191,5
2024-12-11 23:00:00,7,75,4
2024-12-12 00:00:00,14,38,0
2024-12-12 01:00:00,0,29,1
2024-12-12 02:00:00,0,13,0
2024-12-12 03:00:00,1,19,0
2024-12-12 04:00:00,0,29,1
2024-12-12 05:00:00,9,76,2
2024-12-12 06:00:00,15,175,10
2024-12-12 07:00:00,62,351,25
2024-12-12 08:00:00,107,435,39
2024-12-12 09:00:00,117,496,26
2024-12-12 10:00:00,87,536,12
2024-12-12 11:00:00,109,522,21
2024-12-12 12:00:00,97,585,23
2024-12-12 13:00:00,96,571,20
2024-12-12 14:00:00,99,566,21
2024-12-12 15:00:00,108,562,22
2024-12-12 16:00:00,94,469,29
2024-12-12 17:00:00,106,476,16
2024-12-12 18:00:00,98,493,31
2024-12-12 19:00:00,74,473,23
2024-12-12 20:00:00,49,366,3
2024-12-12 21:00:00,40,226,4
2024-12-12 22:00:00,27,211,11
2024-12-12 23:00:00,15,124,4
2024-12-13 00:00:00,12,73,3
2024-12-13 01:00:00,5,41,2
2024-12-13 02:00:00,1,35,0
2024-12-13 03:00:00,3,22,0
2024-12-13 04:00:00,4,22,2
2024-12-13 05:00:00,6,68,1
2024-12-13 06:00:00,31,154,12
2024-12-13 07:00:00,62,333,29
2024-12-13 08:00:00,89,429,34
2024-12-13 09:00:00,126,556,11
2024-12-13 10:00:00,94,587,14
2024-12-13 11:00:00,79,599,9
2024-12-13 12:00:00,130,573,24
2024-12-13 13:00:00,110,590,17
2024-12-13 14:00:00,107,634,12
2024-12-13 15:00:00,118,571,21
2024-12-13 16:00:00,121,528,15
2024-12-13 17:00:00,97,514,12
2024-12-13 18:00:00,76,517,20
2024-12-13 19:00:00,91,426,16
2024-12-13 20:00:00,39,304,7
2024-12-13 21:00:00,34,221,3
2024-12-13 22:00:00,35,231,5
2024-12-13 23:00:00,42,134,4
2024-12-14 00:00:00,17,95,3
2024-12-14 01:00:00,9,64,0
2024-12-14 02:00:00,5,44,0
2024-12-14 03:00:00,2,42,0
2024-12-14 04:00:00,1,34,1
2024-12-14 05:00:00,5,59,0
2024-12-14 06:00:00,5,80,8
2024-12-14 07:00:00,18,132,9
2024-12-14 08:00:00,76,338,23
2024-12-14 09:00:00,71,557,15
2024-12-14 10:00:00,86,584,27
2024-12-14 11:00:00,141,622,29
2024-12-14 12:00:00,162,660,20
2024-12-14 13:00:00,147,582,17
2024-12-14 14:00:00,133,618,12
2024-12-14 15:00:00,163,688,26
2024-12-14 16:00:00,125,632,13
2024-12-14 17:00:00,94,567,19
2024-12-14 18:00:00,88,439,1
2024-12-14 19:00:00,57,341,7
2024-12-14 20:00:00,46,228,3
2024-12-14 21:00:00,36,194,1
2024-12-14 22:00:00,18,225,3
2024-12-14 23:00:00,13,119,4
2024-12-15 00:00:00,8,108,0
2024-12-15 01:00:00,4,52,1
2024-12-15 02:00:00,2,35,0
2024-12-15 03:00:00,6,35,1
2024-12-15 04:00:00,5,27,0
2024-12-15 05:00:00,0,45,0
2024-12-15 06:00:00,6,61,4
2024-12-15 07:00:00,22,96,2
2024-12-15 08:00:00,50,150,17
2024-12-15 09:00:00,97,326,30
2024-12-15 10:00:00,173,580,15
2024-12-15 11:00:00,176,652,34
2024-12-15 12:00:00,130,686,25
2024-12-15 13:00:00,118,641,24
2024-12-15 14:00:00,137,571,18
2024-12-15 15:00:00,155,560,36
2024-12-15 16:00:00,122,442,18
2024-12-15 17:00:00,52,387,5
2024-12-15 18:00:00,30,298,4
2024-12-15 19:00:00,47,232,4
2024-12-15 20:00:00,29,190,9
2024-12-15 21:00:00,11,146,2
2024-12-15 22:00:00,20,123,3
2024-12-15 23:00:00,6,50,2
2024-12-16 00:00:00,0,25,1
2024-12-16 01:00:00,1,22,0
2024-12-16 02:00:00,0,11,1
2024-12-16 03:00:00,0,12,0
2024-12-16 04:00:00,0,28,0
2024-12-16 05:00:00,2,65,2
2024-12-16 06:00:00,16,166,12
2024-12-16 07:00:00,41,308,28
2024-12-16 08:00:00,94,422,32
2024-12-16 09:00:00,86,483,20
2024-12-16 10:00:00,83,521,9
2024-12-16 11:00:00,102,501,17
2024-12-16 12:00:00,111,597,18
2024-12-16 13:00:00,95,564,16
2024-12-16 14:00:00,119,526,23
2024-12-16 15:00:00,104,561,14
2024-12-16 16:00:00,92,578,24
2024-12-16 17:00:00,99,496,29
2024-12-16 18:00:00,102,506,22
2024-12-16 19:00:00,47,469,14
2024-12-16 20:00:00,44,298,15
2024-12-16 21:00:00,34,196,10
2024-12-16 22:00:00,11,188,0
2024-12-16 23:00:00,10,61,1
2024-12-17 00:00:00,2,46,0
2024-12-17 01:00:00,0,18,0
2024-12-17 02:00:00,0,9,1
2024-12-17 03:00:00,1,15,0
2024-12-17 04:00:00,1,21,1
2024-12-17 05:00:00,1,63,2
2024-12-17 06:00:00,26,167,12
2024-12-17 07:00:00,43,339,29
2024-12-17 08:00:00,81,433,48
2024-12-17 09:00:00,102,469,13
2024-12-17 10:00:00,124,495,14
2024-12-17 11:00:00,127,541,14
2024-12-17 12:00:00,114,569,14
2024-12-17 13:00:00,109,627,22
2024-12-17 14:00:00,131,565,23
2024-12-17 15:00:00,119,604,22
2024-12-17 16:00:00,84,532,28
2024-12-17 17:00:00,111,514,26
2024-12-17 18:00:00,84,503,28
2024-12-17 19:00:00,50,420,20
2024-12-17 20:00:00,30,279,9
2024-12-17 21:00:00,18,209,8
2024-12-17 22:00:00,11,191,8
2024-12-17 23:00:00,11,74,3
2024-12-18 00:00:00,2,38,3
2024-12-18 01:00:00,1,13,1
2024-12-18 02:00:00,1,14,0
2024-12-18 03:00:00,2,18,1
2024-12-18 04:00:00,0,25,1
2024-12-18 05:00:00,8,76,4
2024-12-18 06:00:00,14,154,8
2024-12-18 07:00:00,42,335,25
2024-12-18 08:00:00,110,440,35
2024-12-18 09:00:00,98,521,23
2024-12-18 10:00:00,88,529,10
2024-12-18 11:00:00,78,559,13
2024-12-18 12:00:00,101,587,22
2024-12-18 13:00:00,89,579,15
2024-12-18 14:00:00,86,622,17
2024-12-18 15:00:00,77,605,16
2024-12-18 16:00:00,76,540,18
2024-12-18 17:00:00,74,529,18
2024-12-18 18:00:00,83,478,18
2024-12-18 19:00:00,38,402,12
2024-12-18 20:00:00,72,267,16
2024-12-18 21:00:00,30,224,4
2024-12-18 22:00:00,16,169,7
2024-12-18 23:00:00,9,75,1
2024-12-19 00:00:00,1,38,1
2024-12-19 01:00:00,0,38,1
2024-12-19 02:00:00,0,26,0
2024-12-19 03:00:00,0,18,0
2024-12-19 04:00:00,0,23,1
2024-12-19 05:00:00,3,61,4
2024-12-19 06:00:00,14,152,14
2024-12-19 07:00:00,54,331,25
2024-12-19 08:00:00,78,455,40
2024-12-19 09:00:00,100,552,20
2024-12-19 10:00:00,92,579,13
2024-12-19 11:00:00,101,641,13
2024-12-19 12:00:00,97,627,15
2024-12-19 13:00:00,109,617,20
2024-12-19 14:00:00,115,636,26
2024-12-19 15:00:00,143,606,16
2024-12-19 16:00:00,113,587,31
2024-12-19 17:00:00,93,524,19
2024-12-19 18:00:00,82,533,21
2024-12-19 19:00:00,52,478,17
2024-12-19 20:00:00,37,302,7
2024-12-19 21:00:00,23,235,13
2024-12-19 22:00:00,22,235,8
2024-12-19 23:00:00,16,138,3
2024-12-20 00:00:00,10,64,5
2024-12-20 01:00:00,0,39,0
2024-12-20 02:00:00,0,23,0
2024-12-20 03:00:00,5,11,0
2024-12-20 04:00:00,2,26,1
2024-12-20 05:00:00,6,57,1
2024-12-20 06:00:00,24,155,11
2024-12-20 07:00:00,45,323,19
2024-12-20 08:00:00,88,465,31
2024-12-20 09:00:00,146,586,11
2024-12-20 10:00:00,79,615,22
2024-12-20 11:00:00,126,647,25
2024-12-20 12:00:00,129,645,14
2024-12-20 13:00:00,88,585,11
2024-12-20 14:00:00,88,593,20
2024-12-20 15:00:00,96,613,14
2024-12-20 16:00:00,87,576,19
2024-12-20 17:00:00,97,553,24
2024-12-20 18:00:00,57,501,13
2024-12-20 19:00:00,64,451,14
2024-12-20 20:00:00,37,302,5
2024-12-20 21:00:00,26,240,4
2024-12-20 22:00:00,16,231,5
2024-12-20 23:00:00,15,148,3
2024-12-21 00:00:00,16,95,1
2024-12-21 01:00:00,1,53,0
2024-12-21 02:00:00,5,29,0
2024-12-21 03:00:00,0,34,0
2024-12-21 04:00:00,0,31,1
2024-12-21 05:00:00,1,46,1
2024-12-21 06:00:00,11,88,4
2024-12-21 07:00:00,27,197,7
2024-12-21 08:00:00,55,365,14
2024-12-21 09:00:00,101,545,6
2024-12-21 10:00:00,100,676,13
2024-12-21 11:00:00,103,675,11
2024-12-21 12:00:00,112,670,5
2024-12-21 13:00:00,85,675,12
2024-12-21 14:00:00,113,635,10
2024-12-21 15:00:00,159,596,17
2024-12-21 16:00:00,145,599,10
2024-12-21 17:00:00,64,541,7
2024-12-21 18:00:00,41,413,5
2024-12-21 19:00:00,53,354,5
2024-12-21 20:00:00,30,257,10
2024-12-21 21:00:00,20,176,2
2024-12-21 22:00:00,26,168,1
2024-12-21 23:00:00,6,140,1
2024-12-22 00:00:00,15,108,1
2024-12-22 01:00:00,3,62,0
2024-12-22 02:00:00,0,46,0
2024-12-22 03:00:00,3,32,1
2024-12-22 04:00:00,1,32,0
2024-12-22 05:00:00,4,49,1
2024-12-22 06:00:00,3,69,2
2024-12-22 07:00:00,31,94,5
2024-12-22 08:00:00,46,125,11
2024-12-22 09:00:00,69,347,8
2024-12-22 10:00:00,113,653,12
2024-12-22 11:00:00,128,605,15
2024-12-22 12:00:00,151,641,17
2024-12-22 13:00:00,159,658,9
2024-12-22 14:00:00,121,625,17
2024-12-22 15:00:00,135,629,19
2024-12-22 16:00:00,106,445,7
2024-12-22 17:00:00,43,338,6
2024-12-22 18:00:00,43,260,8
2024-12-22 19:00:00,37,264,5
2024-12-22 20:00:00,26,216,6
2024-12-22 21:00:00,13,140,1
2024-12-22 22:00:00,16,136,3
2024-12-22 23:00:00,4,58,4
2024-12-23 00:00:00,2,47,1
2024-12-23 01:00:00,0,28,0
2024-12-23 02:00:00,0,21,0
2024-12-23 03:00:00,0,15,0
2024-12-23 04:00:00,0,22,3
2024-12-23 05:00:00,5,59,1
2024-12-23 06:00:00,9,124,7
2024-12-23 07:00:00,42,331,16
2024-12-23 08:00:00,81,497,20
2024-12-23 09:00:00,121,581,16
2024-12-23 10:00:00,124,672,20
2024-12-23 11:00:00,161,652,20
2024-12-23 12:00:00,138,666,12
2024-12-23 13:00:00,148,701,12
2024-12-23 14:00:00,133,686,16
2024-12-23 15:00:00,112,681,17
2024-12-23 16:00:00,117,586,15
2024-12-23 17:00:00,85,532,14
2024-12-23 18:00:00,64,479,10
2024-12-23 19:00:00,59,439,9
2024-12-23 20:00:00,30,284,7
2024-12-23 21:00:00,22,214,4
2024-12-23 22:00:00,17,142,1
2024-12-23 23:00:00,8,85,5
2024-12-24 00:00:00,5,41,2
2024-12-24 01:00:00,3,30,1
2024-12-24 02:00:00,0,20,1
2024-12-24 03:00:00,0,16,0
2024-12-24 04:00:00,0,22,1
2024-12-24 05:00:00,4,49,2
2024-12-24 06:00:00,11,84,4
2024-12-24 07:00:00,37,250,11
2024-12-24 08:00:00,103,369,21
2024-12-24 09:00:00,124,495,15
2024-12-24 10:00:00,153,642,21
2024-12-24 11:00:00,171,645,26
2024-12-24 12:00:00,150,637,20
2024-12-24 13:00:00,148,648,21
2024-12-24 14:00:00,163,565,22
2024-12-24 15:00:00,158,605,16
2024-12-24 16:00:00,139,546,19
2024-12-24 17:00:00,89,362,10
2024-12-24 18:00:00,52,291,10
2024-12-24 19:00:00,34,209,2
2024-12-24 20:00:00,20,174,3
2024-12-24 21:00:00,14,133,2
2024-12-24 22:00:00,15,119,2
2024-12-24 23:00:00,4,85,2
2024-12-25 00:00:00,3,58,0
2024-12-25 01:00:00,4,27,0
2024-12-25 02:00:00,0,20,0
2024-12-25 03:00:00,0,6,0
2024-12-25 04:00:00,1,8,0
2024-12-25 05:00:00,0,16,0
2024-12-25 06:00:00,0,19,1
2024-12-25 07:00:00,21,53,8
2024-12-25 08:00:00,58,60,10
2024-12-25 09:00:00,75,156,9
2024-12-25 10:00:00,87,250,6
2024-12-25 11:00:00,124,370,20
2024-12-25 12:00:00,114,362,9
2024-12-25 13:00:00,68,266,5
2024-12-25 14:00:00,78,186,5
2024-12-25 15:00:00,107,176,9
2024-12-25 16:00:00,114,180,7
2024-12-25 17:00:00,60,170,3
2024-12-25 18:00:00,33,185,3
2024-12-25 19:00:00,27,142,5
2024-12-25 20:00:00,25,161,2
2024-12-25 21:00:00,19,130,2
2024-12-25 22:00:00,5,70,4
2024-12-25 23:00:00,0,72,1
2024-12-26 00:00:00,2,39,1
2024-12-26 01:00:00,9,27,0
2024-12-26 02:00:00,0,9,0
2024-12-26 03:00:00,0,8,0
2024-12-26 04:00:00,1,14,0
2024-12-26 05:00:00,3,13,0
2024-12-26 06:00:00,2,31,1
2024-12-26 07:00:00,6,52,4
2024-12-26 08:00:00,29,66,10
2024-12-26 09:00:00,64,141,7
2024-12-26 10:00:00,103,236,7
2024-12-26 11:00:00,116,337,7
2024-12-26 12:00:00,137,397,12
2024-12-26 13:00:00,154,357,12
2024-12-26 14:00:00,127,336,11
2024-12-26 15:00:00,160,310,22
2024-12-26 16:00:00,81,269,10
2024-12-26 17:00:00,39,256,6
2024-12-26 18:00:00,26,231,2
2024-12-26 19:00:00,28,171,4
2024-12-26 20:00:00,11,157,1
2024-12-26 21:00:00,9,134,2
2024-12-26 22:00:00,1,117,2
2024-12-26 23:00:00,2,57,2
2024-12-27 00:00:00,0,39,0
2024-12-27 01:00:00,0,17,0
2024-12-27 02:00:00,0,14,0
2024-12-27 03:00:00,0,14,0
2024-12-27 04:00:00,0,16,1
2024-12-27 05:00:00,1,41,0
2024-12-27 06:00:00,12,71,5
2024-12-27 07:00:00,16,118,10
2024-12-27 08:00:00,56,196,8
2024-12-27 09:00:00,76,319,7
2024-12-27 10:00:00,116,474,9
2024-12-27 11:00:00,145,533,19
2024-12-27 12:00:00,121,561,12
2024-12-27 13:00:00,127,531,6
2024-12-27 14:00:00,160,537,15
2024-12-27 15:00:00,125,495,13
2024-12-27 16:00:00,125,514,16
2024-12-27 17:00:00,69,410,7
2024-12-27 18:00:00,39,325,6
2024-12-27 19:00:00,39,264,4
2024-12-27 20:00:00,39,142,3
2024-12-27 21:00:00,10,171,4
2024-12-27 22:00:00,16,196,1
2024-12-27 23:00:00,13,84,5
2024-12-28 00:00:00,2,52,1
2024-12-28 01:00:00,5,37,1
2024-12-28 02:00:00,1,15,2
2024-12-28 03:00:00,0,18,2
2024-12-28 04:00:00,0,15,1
2024-12-28 05:00:00,4,57,1
2024-12-28 06:00:00,7,55,3
2024-12-28 07:00:00,20,106,10
2024-12-28 08:00:00,50,203,12
2024-12-28 09:00:00,57,346,8
2024-12-28 10:00:00,110,459,11
2024-12-28 11:00:00,166,512,23
2024-12-28 12:00:00,128,570,15
2024-12-28 13:00:00,125,535,14
2024-12-28 14:00:00,121,544,9
2024-12-28 15:00:00,155,524,13
2024-12-28 16:00:00,178,521,6
2024-12-28 17:00:00,79,400,5
2024-12-28 18:00:00,65,320,8
2024-12-28 19:00:00,50,264,4
2024-12-28 20:00:00,23,172,6
2024-12-28 21:00:00,23,156,1
2024-12-28 22:00:00,18,146,4
2024-12-28 23:00:00,11,95,4
2024-12-29 00:00:00,2,46,2
2024-12-29 01:00:00,3,41,0
2024-12-29 02:00:00,3,24,0
2024-12-29 03:00:00,3,14,0
2024-12-29 04:00:00,4,17,1
2024-12-29 05:00:00,0,42,0
2024-12-29 06:00:00,4,48,3
2024-12-29 07:00:00,16,68,10
2024-12-29 08:00:00,49,96,13
2024-12-29 09:00:00,74,216,16
2024-12-29 10:00:00,102,388,25
2024-12-29 11:00:00,185,523,17
2024-12-29 12:00:00,196,624,13
2024-12-29 13:00:00,171,552,23
2024-12-29 14:00:00,168,583,23
2024-12-29 15:00:00,179,500,21
2024-12-29 16:00:00,130,410,6
2024-12-29 17:00:00,60,310,10
2024-12-29 18:00:00,39,242,13
2024-12-29 19:00:00,32,186,7
2024-12-29 20:00:00,27,171,7
2024-12-29 21:00:00,12,123,4
2024-12-29 22:00:00,17,114,5
2024-12-29 23:00:00,6,78,2
2024-12-30 00:00:00,1,35,0
2024-12-30 01:00:00,0,21,1
2024-12-30 02:00:00,0,23,0
2024-12-30 03:00:00,1,13,1
2024-12-30 04:00:00,0,1,0
2024-12-30 05:00:00,0,0,0
2024-12-30 06:00:00,3,51,4
2024-12-30 07:00:00,28,145,21
2024-12-30 08:00:00,58,204,10
2024-12-30 09:00:00,73,343,18
2024-12-30 10:00:00,121,546,12
2024-12-30 11:00:00,108,576,17
2024-12-30 12:00:00,118,631,22
2024-12-30 13:00:00,119,622,11
2024-12-30 14:00:00,131,606,14
2024-12-30 15:00:00,135,571,24
2024-12-30 16:00:00,140,605,23
2024-12-30 17:00:00,109,492,15
2024-12-30 18:00:00,51,380,15
2024-12-30 19:00:00,48,307,7
2024-12-30 20:00:00,22,199,2
2024-12-30 21:00:00,23,162,6
2024-12-30 22:00:00,17,131,2
2024-12-30 23:00:00,10,60,2
2024-12-31 00:00:00,6,38,1
2024-12-31 01:00:00,10,21,4
2024-12-31 02:00:00,0,21,0
2024-12-31 03:00:00,1,11,0
2024-12-31 04:00:00,0,18,1
2024-12-31 05:00:00,2,58,2
2024-12-31 06:00:00,9,89,4
2024-12-31 07:00:00,14,147,23
2024-12-31 08:00:00,48,247,9
2024-12-31 09:00:00,110,355,8
2024-12-31 10:00:00,124,536,10
2024-12-31 11:00:00,162,623,19
2024-12-31 12:00:00,139,625,16
2024-12-31 13:00:00,154,690,9
2024-12-31 14:00:00,154,680,17
2024-12-31 15:00:00,157,664,15
2024-12-31 16:00:00,107,589,20
2024-12-31 17:00:00,58,441,8
2024-12-31 18:00:00,39,357,6
2024-12-31 19:00:00,50,329,5
2024-12-31 20:00:00,31,246,7
2024-12-31 21:00:00,25,157,4
2024-12-31 22:00:00,24,132,2
2024-12-31 23:00:00,15,141,3
