date,ped,car,cyc
2024-01-01 00:00:00,0,0,0
2024-01-01 01:00:00,0,0,0
2024-01-01 02:00:00,0,0,0
2024-01-01 03:00:00,0,0,0
2024-01-01 04:00:00,0,0,0
2024-01-01 05:00:00,0,0,0
2024-01-01 06:00:00,0,0,0
2024-01-01 07:00:00,0,0,0
2024-01-01 08:00:00,0,0,0
2024-01-01 09:00:00,0,0,0
2024-01-01 10:00:00,0,0,0
2024-01-01 11:00:00,0,0,0
2024-01-01 12:00:00,0,0,0
2024-01-01 13:00:00,0,0,0
2024-01-01 14:00:00,0,0,0
2024-01-01 15:00:00,0,0,0
2024-01-01 16:00:00,0,0,0
2024-01-01 17:00:00,0,0,0
2024-01-01 18:00:00,0,0,0
2024-01-01 19:00:00,0,0,0
2024-01-01 20:00:00,0,0,0
2024-01-01 21:00:00,0,0,0
2024-01-01 22:00:00,0,0,0
2024-01-01 23:00:00,0,0,0
2024-01-02 00:00:00,0,0,0
2024-01-02 01:00:00,0,0,0
2024-01-02 02:00:00,0,0,0
2024-01-02 03:00:00,0,0,0
2024-01-02 04:00:00,0,0,0
2024-01-02 05:00:00,0,0,0
2024-01-02 06:00:00,0,0,0
2024-01-02 07:00:00,0,0,0
2024-01-02 08:00:00,0,0,0
2024-01-02 09:00:00,0,0,0
2024-01-02 10:00:00,0,0,0
2024-01-02 11:00:00,0,0,0
2024-01-02 12:00:00,0,0,0
2024-01-02 13:00:00,0,0,0
2024-01-02 14:00:00,0,0,0
2024-01-02 15:00:00,0,0,0
2024-01-02 16:00:00,0,0,0
2024-01-02 17:00:00,0,0,0
2024-01-02 18:00:00,0,0,0
2024-01-02 19:00:00,0,0,0
2024-01-02 20:00:00,0,0,0
2024-01-02 21:00:00,0,0,0
2024-01-02 22:00:00,0,0,0
2024-01-02 23:00:00,0,0,0
2024-01-03 00:00:00,0,0,0
2024-01-03 01:00:00,0,0,0
2024-01-03 02:00:00,0,0,0
2024-01-03 03:00:00,0,0,0
2024-01-03 04:00:00,0,0,0
2024-01-03 05:00:00,0,0,0
2024-01-03 06:00:00,0,0,0
2024-01-03 07:00:00,0,0,0
2024-01-03 08:00:00,0,0,0
2024-01-03 09:00:00,0,0,0
2024-01-03 10:00:00,0,0,0
2024-01-03 11:00:00,0,0,0
2024-01-03 12:00:00,0,0,0
2024-01-03 13:00:00,0,0,0
2024-01-03 14:00:00,0,0,0
2024-01-03 15:00:00,0,0,0
2024-01-03 16:00:00,0,0,0
2024-01-03 17:00:00,0,0,0
2024-01-03 18:00:00,0,0,0
2024-01-03 19:00:00,0,0,0
2024-01-03 20:00:00,0,0,0
2024-01-03 21:00:00,0,0,0
2024-01-03 22:00:00,0,0,0
2024-01-03 23:00:00,0,0,0
2024-01-04 00:00:00,0,0,0
2024-01-04 01:00:00,0,0,0
2024-01-04 02:00:00,0,0,0
2024-01-04 03:00:00,0,0,0
2024-01-04 04:00:00,0,0,0
2024-01-04 05:00:00,0,0,0
2024-01-04 06:00:00,0,0,0
2024-01-04 07:00:00,0,0,0
2024-01-04 08:00:00,0,0,0
2024-01-04 09:00:00,0,0,0
2024-01-04 10:00:00,0,0,0
2024-01-04 11:00:00,0,0,0
2024-01-04 12:00:00,0,0,0
2024-01-04 13:00:00,0,0,0
2024-01-04 14:00:00,0,0,0
2024-01-04 15:00:00,0,0,0
2024-01-04 16:00:00,0,0,0
2024-01-04 17:00:00,0,0,0
2024-01-04 18:00:00,0,0,0
2024-01-04 19:00:00,0,0,0
2024-01-04 20:00:00,0,0,0
2024-01-04 21:00:00,0,0,0
2024-01-04 22:00:00,0,0,0
2024-01-04 23:00:00,0,0,0
2024-01-05 00:00:00,0,0,0
2024-01-05 01:00:00,0,0,0
2024-01-05 02:00:00,0,0,0
2024-01-05 03:00:00,0,0,0
2024-01-05 04:00:00,0,0,0
2024-01-05 05:00:00,0,0,0
2024-01-05 06:00:00,0,0,0
2024-01-05 07:00:00,0,0,0
2024-01-05 08:00:00,0,0,0
2024-01-05 09:00:00,0,0,0
2024-01-05 10:00:00,0,0,0
2024-01-05 11:00:00,0,0,0
2024-01-05 12:00:00,0,0,0
2024-01-05 13:00:00,0,0,0
2024-01-05 14:00:00,0,0,0
2024-01-05 15:00:00,0,0,0
2024-01-05 16:00:00,0,0,0
2024-01-05 17:00:00,0,0,0
2024-01-05 18:00:00,0,0,0
2024-01-05 19:00:00,0,0,0
2024-01-05 20:00:00,0,0,0
2024-01-05 21:00:00,0,0,0
2024-01-05 22:00:00,0,0,0
2024-01-05 23:00:00,0,0,0
2024-01-06 00:00:00,0,0,0
2024-01-06 01:00:00,0,0,0
2024-01-06 02:00:00,0,0,0
2024-01-06 03:00:00,0,0,0
2024-01-06 04:00:00,0,0,0
2024-01-06 05:00:00,0,0,0
2024-01-06 06:00:00,0,0,0
2024-01-06 07:00:00,0,0,0
2024-01-06 08:00:00,0,0,0
2024-01-06 09:00:00,0,0,0
2024-01-06 10:00:00,0,0,0
2024-01-06 11:00:00,0,0,0
2024-01-06 12:00:00,0,0,0
2024-01-06 13:00:00,0,0,0
2024-01-06 14:00:00,0,0,0
2024-01-06 15:00:00,0,0,0
2024-01-06 16:00:00,0,0,0
2024-01-06 17:00:00,0,0,0
2024-01-06 18:00:00,0,0,0
2024-01-06 19:00:00,0,0,0
2024-01-06 20:00:00,0,0,0
2024-01-06 21:00:00,0,0,0
2024-01-06 22:00:00,0,0,0
2024-01-06 23:00:00,0,0,0
2024-01-07 00:00:00,0,0,0
2024-01-07 01:00:00,0,0,0
2024-01-07 02:00:00,0,0,0
2024-01-07 03:00:00,0,0,0
2024-01-07 04:00:00,0,0,0
2024-01-07 05:00:00,0,0,0
2024-01-07 06:00:00,0,0,0
2024-01-07 07:00:00,0,0,0
2024-01-07 08:00:00,0,0,0
2024-01-07 09:00:00,0,0,0
2024-01-07 10:00:00,0,0,0
2024-01-07 11:00:00,0,0,0
2024-01-07 12:00:00,0,0,0
2024-01-07 13:00:00,0,0,0
2024-01-07 14:00:00,0,0,0
2024-01-07 15:00:00,0,0,0
2024-01-07 16:00:00,0,0,0
2024-01-07 17:00:00,0,0,0
2024-01-07 18:00:00,0,0,0
2024-01-07 19:00:00,0,0,0
2024-01-07 20:00:00,0,0,0
2024-01-07 21:00:00,0,0,0
2024-01-07 22:00:00,0,0,0
2024-01-07 23:00:00,0,0,0
2024-01-08 00:00:00,0,0,0
2024-01-08 01:00:00,0,0,0
2024-01-08 02:00:00,0,0,0
2024-01-08 03:00:00,0,0,0
2024-01-08 04:00:00,0,0,0
2024-01-08 05:00:00,0,0,0
2024-01-08 06:00:00,0,0,0
2024-01-08 07:00:00,0,0,0
2024-01-08 08:00:00,0,0,0
2024-01-08 09:00:00,0,0,0
2024-01-08 10:00:00,0,0,0
2024-01-08 11:00:00,0,0,0
2024-01-08 12:00:00,0,0,0
2024-01-08 13:00:00,0,0,0
2024-01-08 14:00:00,0,0,0
2024-01-08 15:00:00,0,0,0
2024-01-08 16:00:00,0,0,0
2024-01-08 17:00:00,0,0,0
2024-01-08 18:00:00,0,0,0
2024-01-08 19:00:00,0,0,0
2024-01-08 20:00:00,0,0,0
2024-01-08 21:00:00,0,0,0
2024-01-08 22:00:00,0,0,0
2024-01-08 23:00:00,0,0,0
2024-01-09 00:00:00,0,0,0
2024-01-09 01:00:00,0,0,0
2024-01-09 02:00:00,0,0,0
2024-01-09 03:00:00,0,0,0
2024-01-09 04:00:00,0,0,0
2024-01-09 05:00:00,0,0,0
2024-01-09 06:00:00,0,0,0
2024-01-09 07:00:00,0,0,0
2024-01-09 08:00:00,0,0,0
2024-01-09 09:00:00,0,0,0
2024-01-09 10:00:00,0,0,0
2024-01-09 11:00:00,0,0,0
2024-01-09 12:00:00,0,0,0
2024-01-09 13:00:00,0,0,0
2024-01-09 14:00:00,0,0,0
2024-01-09 15:00:00,0,0,0
2024-01-09 16:00:00,0,0,0
2024-01-09 17:00:00,0,0,0
2024-01-09 18:00:00,0,0,0
2024-01-09 19:00:00,0,0,0
2024-01-09 20:00:00,0,0,0
2024-01-09 21:00:00,0,0,0
2024-01-09 22:00:00,0,0,0
2024-01-09 23:00:00,0,0,0
2024-01-10 00:00:00,0,0,0
2024-01-10 01:00:00,0,0,0
2024-01-10 02:00:00,0,0,0
2024-01-10 03:00:00,0,0,0
2024-01-10 04:00:00,0,0,0
2024-01-10 05:00:00,0,0,0
2024-01-10 06:00:00,0,0,0
2024-01-10 07:00:00,0,0,0
2024-01-10 08:00:00,0,0,0
2024-01-10 09:00:00,0,0,0
2024-01-10 10:00:00,0,0,0
2024-01-10 11:00:00,0,0,0
2024-01-10 12:00:00,0,0,0
2024-01-10 13:00:00,0,0,0
2024-01-10 14:00:00,0,0,0
2024-01-10 15:00:00,0,0,0
2024-01-10 16:00:00,0,0,0
2024-01-10 17:00:00,0,0,0
2024-01-10 18:00:00,0,0,0
2024-01-10 19:00:00,0,0,0
2024-01-10 20:00:00,0,0,0
2024-01-10 21:00:00,0,0,0
2024-01-10 22:00:00,0,0,0
2024-01-10 23:00:00,0,0,0
2024-01-11 00:00:00,0,0,0
2024-01-11 01:00:00,0,0,0
2024-01-11 02:00:00,0,0,0
2024-01-11 03:00:00,0,0,0
2024-01-11 04:00:00,0,0,0
2024-01-11 05:00:00,0,0,0
2024-01-11 06:00:00,0,0,0
2024-01-11 07:00:00,0,0,0
2024-01-11 08:00:00,0,0,0
2024-01-11 09:00:00,0,0,0
2024-01-11 10:00:00,0,0,0
2024-01-11 11:00:00,0,0,0
2024-01-11 12:00:00,0,0,0
2024-01-11 13:00:00,0,0,0
2024-01-11 14:00:00,0,0,0
2024-01-11 15:00:00,0,0,0
2024-01-11 16:00:00,0,0,0
2024-01-11 17:00:00,0,0,0
2024-01-11 18:00:00,0,0,0
2024-01-11 19:00:00,0,0,0
2024-01-11 20:00:00,0,0,0
2024-01-11 21:00:00,0,0,0
2024-01-11 22:00:00,0,0,0
2024-01-11 23:00:00,0,0,0
2024-01-12 00:00:00,0,0,0
2024-01-12 01:00:00,0,0,0
2024-01-12 02:00:00,0,0,0
2024-01-12 03:00:00,0,0,0
2024-01-12 04:00:00,0,0,0
2024-01-12 05:00:00,0,0,0
2024-01-12 06:00:00,0,0,0
2024-01-12 07:00:00,0,0,0
2024-01-12 08:00:00,0,0,0
2024-01-12 09:00:00,0,0,0
2024-01-12 10:00:00,0,0,0
2024-01-12 11:00:00,0,0,0
2024-01-12 12:00:00,0,0,0
2024-01-12 13:00:00,0,0,0
2024-01-12 14:00:00,0,0,0
2024-01-12 15:00:00,0,0,0
2024-01-12 16:00:00,0,0,0
2024-01-12 17:00:00,0,0,0
2024-01-12 18:00:00,0,0,0
2024-01-12 19:00:00,0,0,0
2024-01-12 20:00:00,0,0,0
2024-01-12 21:00:00,0,0,0
2024-01-12 22:00:00,0,0,0
2024-01-12 23:00:00,0,0,0
2024-01-13 00:00:00,0,0,0
2024-01-13 01:00:00,0,0,0
2024-01-13 02:00:00,0,0,0
2024-01-13 03:00:00,0,0,0
2024-01-13 04:00:00,0,0,0
2024-01-13 05:00:00,0,0,0
2024-01-13 06:00:00,0,0,0
2024-01-13 07:00:00,0,0,0
2024-01-13 08:00:00,0,0,0
2024-01-13 09:00:00,0,0,0
2024-01-13 10:00:00,0,0,0
2024-01-13 11:00:00,0,0,0
2024-01-13 12:00:00,0,0,0
2024-01-13 13:00:00,0,0,0
2024-01-13 14:00:00,0,0,0
2024-01-13 15:00:00,0,0,0
2024-01-13 16:00:00,0,0,0
2024-01-13 17:00:00,0,0,0
2024-01-13 18:00:00,0,0,0
2024-01-13 19:00:00,0,0,0
2024-01-13 20:00:00,0,0,0
2024-01-13 21:00:00,0,0,0
2024-01-13 22:00:00,0,0,0
2024-01-13 23:00:00,0,0,0
2024-01-14 00:00:00,0,0,0
2024-01-14 01:00:00,0,0,0
2024-01-14 02:00:00,0,0,0
2024-01-14 03:00:00,0,0,0
2024-01-14 04:00:00,0,0,0
2024-01-14 05:00:00,0,0,0
2024-01-14 06:00:00,0,0,0
2024-01-14 07:00:00,0,0,0
2024-01-14 08:00:00,0,0,0
2024-01-14 09:00:00,0,0,0
2024-01-14 10:00:00,0,0,0
2024-01-14 11:00:00,0,0,0
2024-01-14 12:00:00,0,0,0
2024-01-14 13:00:00,0,0,0
2024-01-14 14:00:00,0,0,0
2024-01-14 15:00:00,0,0,0
2024-01-14 16:00:00,0,0,0
2024-01-14 17:00:00,0,0,0
2024-01-14 18:00:00,0,0,0
2024-01-14 19:00:00,0,0,0
2024-01-14 20:00:00,0,0,0
2024-01-14 21:00:00,0,0,0
2024-01-14 22:00:00,0,0,0
2024-01-14 23:00:00,0,0,0
2024-01-15 00:00:00,0,0,0
2024-01-15 01:00:00,0,0,0
2024-01-15 02:00:00,0,0,0
2024-01-15 03:00:00,0,0,0
2024-01-15 04:00:00,0,0,0
2024-01-15 05:00:00,0,0,0
2024-01-15 06:00:00,0,0,0
2024-01-15 07:00:00,0,0,0
2024-01-15 08:00:00,0,0,0
2024-01-15 09:00:00,0,0,0
2024-01-15 10:00:00,0,0,0
2024-01-15 11:00:00,0,0,0
2024-01-15 12:00:00,0,0,0
2024-01-15 13:00:00,0,0,0
2024-01-15 14:00:00,0,0,0
2024-01-15 15:00:00,0,0,0
2024-01-15 16:00:00,0,0,0
2024-01-15 17:00:00,0,0,0
2024-01-15 18:00:00,0,0,0
2024-01-15 19:00:00,0,0,0
2024-01-15 20:00:00,0,0,0
2024-01-15 21:00:00,0,0,0
2024-01-15 22:00:00,0,0,0
2024-01-15 23:00:00,0,0,0
2024-01-16 00:00:00,0,0,0
2024-01-16 01:00:00,0,0,0
2024-01-16 02:00:00,0,0,0
2024-01-16 03:00:00,0,0,0
2024-01-16 04:00:00,0,0,0
2024-01-16 05:00:00,0,0,0
2024-01-16 06:00:00,0,0,0
2024-01-16 07:00:00,0,0,0
2024-01-16 08:00:00,0,0,0
2024-01-16 09:00:00,0,0,0
2024-01-16 10:00:00,0,0,0
2024-01-16 11:00:00,0,0,0
2024-01-16 12:00:00,0,0,0
2024-01-16 13:00:00,0,0,0
2024-01-16 14:00:00,0,0,0
2024-01-16 15:00:00,0,0,0
2024-01-16 16:00:00,0,0,0
2024-01-16 17:00:00,0,0,0
2024-01-16 18:00:00,0,0,0
2024-01-16 19:00:00,0,0,0
2024-01-16 20:00:00,0,0,0
2024-01-16 21:00:00,0,0,0
2024-01-16 22:00:00,0,0,0
2024-01-16 23:00:00,0,0,0
2024-01-17 00:00:00,0,0,0
2024-01-17 01:00:00,0,0,0
2024-01-17 02:00:00,0,0,0
2024-01-17 03:00:00,0,0,0
2024-01-17 04:00:00,0,0,0
2024-01-17 05:00:00,0,0,0
2024-01-17 06:00:00,0,0,0
2024-01-17 07:00:00,0,0,0
2024-01-17 08:00:00,0,0,0
2024-01-17 09:00:00,0,0,0
2024-01-17 10:00:00,0,0,0
2024-01-17 11:00:00,0,0,0
2024-01-17 12:00:00,0,0,0
2024-01-17 13:00:00,0,0,0
2024-01-17 14:00:00,0,0,0
2024-01-17 15:00:00,0,0,0
2024-01-17 16:00:00,0,0,0
2024-01-17 17:00:00,0,0,0
2024-01-17 18:00:00,0,0,0
2024-01-17 19:00:00,0,0,0
2024-01-17 20:00:00,0,0,0
2024-01-17 21:00:00,0,0,0
2024-01-17 22:00:00,0,0,0
2024-01-17 23:00:00,0,0,0
2024-01-18 00:00:00,0,0,0
2024-01-18 01:00:00,0,0,0
2024-01-18 02:00:00,0,0,0
2024-01-18 03:00:00,0,0,0
2024-01-18 04:00:00,0,0,0
2024-01-18 05:00:00,0,0,0
2024-01-18 06:00:00,0,0,0
2024-01-18 07:00:00,0,0,0
2024-01-18 08:00:00,0,0,0
2024-01-18 09:00:00,0,0,0
2024-01-18 10:00:00,0,0,0
2024-01-18 11:00:00,0,0,0
2024-01-18 12:00:00,0,0,0
2024-01-18 13:00:00,0,0,0
2024-01-18 14:00:00,0,0,0
2024-01-18 15:00:00,0,0,0
2024-01-18 16:00:00,0,0,0
2024-01-18 17:00:00,0,0,0
2024-01-18 18:00:00,0,0,0
2024-01-18 19:00:00,0,0,0
2024-01-18 20:00:00,0,0,0
2024-01-18 21:00:00,0,0,0
2024-01-18 22:00:00,0,0,0
2024-01-18 23:00:00,0,0,0
2024-01-19 00:00:00,0,0,0
2024-01-19 01:00:00,0,0,0
2024-01-19 02:00:00,0,0,0
2024-01-19 03:00:00,0,0,0
2024-01-19 04:00:00,0,0,0
2024-01-19 05:00:00,0,0,0
2024-01-19 06:00:00,0,0,0
2024-01-19 07:00:00,0,0,0
2024-01-19 08:00:00,0,0,0
2024-01-19 09:00:00,0,0,0
2024-01-19 10:00:00,0,0,0
2024-01-19 11:00:00,0,0,0
2024-01-19 12:00:00,0,0,0
2024-01-19 13:00:00,0,0,0
2024-01-19 14:00:00,0,0,0
2024-01-19 15:00:00,0,0,0
2024-01-19 16:00:00,0,0,0
2024-01-19 17:00:00,0,0,0
2024-01-19 18:00:00,0,0,0
2024-01-19 19:00:00,0,0,0
2024-01-19 20:00:00,0,0,0
2024-01-19 21:00:00,0,0,0
2024-01-19 22:00:00,0,0,0
2024-01-19 23:00:00,0,0,0
2024-01-20 00:00:00,0,0,0
2024-01-20 01:00:00,0,0,0
2024-01-20 02:00:00,0,0,0
2024-01-20 03:00:00,0,0,0
2024-01-20 04:00:00,0,0,0
2024-01-20 05:00:00,0,0,0
2024-01-20 06:00:00,0,0,0
2024-01-20 07:00:00,0,0,0
2024-01-20 08:00:00,0,0,0
2024-01-20 09:00:00,0,0,0
2024-01-20 10:00:00,0,0,0
2024-01-20 11:00:00,0,0,0
2024-01-20 12:00:00,0,0,0
2024-01-20 13:00:00,0,0,0
2024-01-20 14:00:00,0,0,0
2024-01-20 15:00:00,0,0,0
2024-01-20 16:00:00,0,0,0
2024-01-20 17:00:00,0,0,0
2024-01-20 18:00:00,0,0,0
2024-01-20 19:00:00,0,0,0
2024-01-20 20:00:00,0,0,0
2024-01-20 21:00:00,0,0,0
2024-01-20 22:00:00,0,0,0
2024-01-20 23:00:00,0,0,0
2024-01-21 00:00:00,0,0,0
2024-01-21 01:00:00,0,0,0
2024-01-21 02:00:00,0,0,0
2024-01-21 03:00:00,0,0,0
2024-01-21 04:00:00,0,0,0
2024-01-21 05:00:00,0,0,0
2024-01-21 06:00:00,0,0,0
2024-01-21 07:00:00,0,0,0
2024-01-21 08:00:00,0,0,0
2024-01-21 09:00:00,0,0,0
2024-01-21 10:00:00,0,0,0
2024-01-21 11:00:00,0,0,0
2024-01-21 12:00:00,0,0,0
2024-01-21 13:00:00,0,0,0
2024-01-21 14:00:00,0,0,0
2024-01-21 15:00:00,0,0,0
2024-01-21 16:00:00,0,0,0
2024-01-21 17:00:00,0,0,0
2024-01-21 18:00:00,0,0,0
2024-01-21 19:00:00,0,0,0
2024-01-21 20:00:00,0,0,0
2024-01-21 21:00:00,0,0,0
2024-01-21 22:00:00,0,0,0
2024-01-21 23:00:00,0,0,0
2024-01-22 00:00:00,0,0,0
2024-01-22 01:00:00,0,0,0
2024-01-22 02:00:00,0,0,0
2024-01-22 03:00:00,0,0,0
2024-01-22 04:00:00,0,0,0
2024-01-22 05:00:00,0,0,0
2024-01-22 06:00:00,0,0,0
2024-01-22 07:00:00,0,0,0
2024-01-22 08:00:00,0,0,0
2024-01-22 09:00:00,0,0,0
2024-01-22 10:00:00,0,0,0
2024-01-22 11:00:00,0,0,0
2024-01-22 12:00:00,0,0,0
2024-01-22 13:00:00,0,0,0
2024-01-22 14:00:00,0,0,0
2024-01-22 15:00:00,0,0,0
2024-01-22 16:00:00,0,0,0
2024-01-22 17:00:00,0,0,0
2024-01-22 18:00:00,0,0,0
2024-01-22 19:00:00,0,0,0
2024-01-22 20:00:00,0,0,0
2024-01-22 21:00:00,0,0,0
2024-01-22 22:00:00,0,0,0
2024-01-22 23:00:00,0,0,0
2024-01-23 00:00:00,0,0,0
2024-01-23 01:00:00,0,0,0
2024-01-23 02:00:00,0,0,0
2024-01-23 03:00:00,0,0,0
2024-01-23 04:00:00,0,0,0
2024-01-23 05:00:00,0,0,0
2024-01-23 06:00:00,0,0,0
2024-01-23 07:00:00,0,0,0
2024-01-23 08:00:00,0,0,0
2024-01-23 09:00:00,0,0,0
2024-01-23 10:00:00,0,0,0
2024-01-23 11:00:00,0,0,0
2024-01-23 12:00:00,0,0,0
2024-01-23 13:00:00,0,0,0
2024-01-23 14:00:00,0,0,0
2024-01-23 15:00:00,0,0,0
2024-01-23 16:00:00,0,0,0
2024-01-23 17:00:00,0,0,0
2024-01-23 18:00:00,0,0,0
2024-01-23 19:00:00,0,0,0
2024-01-23 20:00:00,0,0,0
2024-01-23 21:00:00,0,0,0
2024-01-23 22:00:00,0,0,0
2024-01-23 23:00:00,0,0,0
2024-01-24 00:00:00,0,0,0
2024-01-24 01:00:00,0,0,0
2024-01-24 02:00:00,0,0,0
2024-01-24 03:00:00,0,0,0
2024-01-24 04:00:00,0,0,0
2024-01-24 05:00:00,0,0,0
2024-01-24 06:00:00,0,0,0
2024-01-24 07:00:00,0,0,0
2024-01-24 08:00:00,0,0,0
2024-01-24 09:00:00,0,0,0
2024-01-24 10:00:00,0,0,0
2024-01-24 11:00:00,0,0,0
2024-01-24 12:00:00,0,0,0
2024-01-24 13:00:00,0,0,0
2024-01-24 14:00:00,0,0,0
2024-01-24 15:00:00,0,0,0
2024-01-24 16:00:00,0,0,0
2024-01-24 17:00:00,0,0,0
2024-01-24 18:00:00,0,0,0
2024-01-24 19:00:00,0,0,0
2024-01-24 20:00:00,0,0,0
2024-01-24 21:00:00,0,0,0
2024-01-24 22:00:00,0,0,0
2024-01-24 23:00:00,0,0,0
2024-01-25 00:00:00,0,0,0
2024-01-25 01:00:00,0,0,0
2024-01-25 02:00:00,0,0,0
2024-01-25 03:00:00,0,0,0
2024-01-25 04:00:00,0,0,0
2024-01-25 05:00:00,0,0,0
2024-01-25 06:00:00,0,0,0
2024-01-25 07:00:00,0,0,0
2024-01-25 08:00:00,0,0,0
2024-01-25 09:00:00,0,0,0
2024-01-25 10:00:00,0,0,0
2024-01-25 11:00:00,0,0,0
2024-01-25 12:00:00,0,0,0
2024-01-25 13:00:00,0,0,0
2024-01-25 14:00:00,0,0,0
2024-01-25 15:00:00,0,0,0
2024-01-25 16:00:00,0,0,0
2024-01-25 17:00:00,0,0,0
2024-01-25 18:00:00,0,0,0
2024-01-25 19:00:00,0,0,0
2024-01-25 20:00:00,0,0,0
2024-01-25 21:00:00,0,0,0
2024-01-25 22:00:00,0,0,0
2024-01-25 23:00:00,0,0,0
2024-01-26 00:00:00,0,0,0
2024-01-26 01:00:00,0,0,0
2024-01-26 02:00:00,0,0,0
2024-01-26 03:00:00,0,0,0
2024-01-26 04:00:00,0,0,0
2024-01-26 05:00:00,0,0,0
2024-01-26 06:00:00,0,0,0
2024-01-26 07:00:00,0,0,0
2024-01-26 08:00:00,0,0,0
2024-01-26 09:00:00,0,0,0
2024-01-26 10:00:00,0,0,0
2024-01-26 11:00:00,0,0,0
2024-01-26 12:00:00,0,0,0
2024-01-26 13:00:00,0,0,0
2024-01-26 14:00:00,0,0,0
2024-01-26 15:00:00,0,0,0
2024-01-26 16:00:00,0,0,0
2024-01-26 17:00:00,0,0,0
2024-01-26 18:00:00,0,0,0
2024-01-26 19:00:00,0,0,0
2024-01-26 20:00:00,0,0,0
2024-01-26 21:00:00,0,0,0
2024-01-26 22:00:00,0,0,0
2024-01-26 23:00:00,0,0,0
2024-01-27 00:00:00,0,0,0
2024-01-27 01:00:00,0,0,0
2024-01-27 02:00:00,0,0,0
2024-01-27 03:00:00,0,0,0
2024-01-27 04:00:00,0,0,0
2024-01-27 05:00:00,0,0,0
2024-01-27 06:00:00,0,0,0
2024-01-27 07:00:00,0,0,0
2024-01-27 08:00:00,0,0,0
2024-01-27 09:00:00,0,0,0
2024-01-27 10:00:00,0,0,0
2024-01-27 11:00:00,0,0,0
2024-01-27 12:00:00,0,0,0
2024-01-27 13:00:00,0,0,0
2024-01-27 14:00:00,0,0,0
2024-01-27 15:00:00,0,0,0
2024-01-27 16:00:00,0,0,0
2024-01-27 17:00:00,0,0,0
2024-01-27 18:00:00,0,0,0
2024-01-27 19:00:00,0,0,0
2024-01-27 20:00:00,0,0,0
2024-01-27 21:00:00,0,0,0
2024-01-27 22:00:00,0,0,0
2024-01-27 23:00:00,0,0,0
2024-01-28 00:00:00,0,0,0
2024-01-28 01:00:00,0,0,0
2024-01-28 02:00:00,0,0,0
2024-01-28 03:00:00,0,0,0
2024-01-28 04:00:00,0,0,0
2024-01-28 05:00:00,0,0,0
2024-01-28 06:00:00,0,0,0
2024-01-28 07:00:00,0,0,0
2024-01-28 08:00:00,0,0,0
2024-01-28 09:00:00,0,0,0
2024-01-28 10:00:00,0,0,0
2024-01-28 11:00:00,0,0,0
2024-01-28 12:00:00,0,0,0
2024-01-28 13:00:00,0,0,0
2024-01-28 14:00:00,0,0,0
2024-01-28 15:00:00,0,0,0
2024-01-28 16:00:00,0,0,0
2024-01-28 17:00:00,0,0,0
2024-01-28 18:00:00,0,0,0
2024-01-28 19:00:00,0,0,0
2024-01-28 20:00:00,0,0,0
2024-01-28 21:00:00,0,0,0
2024-01-28 22:00:00,0,0,0
2024-01-28 23:00:00,0,0,0
2024-01-29 00:00:00,0,0,0
2024-01-29 01:00:00,0,0,0
2024-01-29 02:00:00,0,0,0
2024-01-29 03:00:00,0,0,0
2024-01-29 04:00:00,0,0,0
2024-01-29 05:00:00,0,0,0
2024-01-29 06:00:00,0,0,0
2024-01-29 07:00:00,0,0,0
2024-01-29 08:00:00,0,0,0
2024-01-29 09:00:00,0,0,0
2024-01-29 10:00:00,0,0,0
2024-01-29 11:00:00,0,0,0
2024-01-29 12:00:00,0,0,0
2024-01-29 13:00:00,0,0,0
2024-01-29 14:00:00,0,0,0
2024-01-29 15:00:00,0,0,0
2024-01-29 16:00:00,0,0,0
2024-01-29 17:00:00,0,0,0
2024-01-29 18:00:00,0,0,0
2024-01-29 19:00:00,0,0,0
2024-01-29 20:00:00,0,0,0
2024-01-29 21:00:00,0,0,0
2024-01-29 22:00:00,0,0,0
2024-01-29 23:00:00,0,0,0
2024-01-30 00:00:00,0,0,0
2024-01-30 01:00:00,0,0,0
2024-01-30 02:00:00,0,0,0
2024-01-30 03:00:00,0,0,0
2024-01-30 04:00:00,0,0,0
2024-01-30 05:00:00,0,0,0
2024-01-30 06:00:00,0,0,0
2024-01-30 07:00:00,0,0,0
2024-01-30 08:00:00,0,0,0
2024-01-30 09:00:00,0,0,0
2024-01-30 10:00:00,0,0,0
2024-01-30 11:00:00,0,0,0
2024-01-30 12:00:00,0,0,0
2024-01-30 13:00:00,0,0,0
2024-01-30 14:00:00,0,0,0
2024-01-30 15:00:00,0,0,0
2024-01-30 16:00:00,0,0,0
2024-01-30 17:00:00,0,0,0
2024-01-30 18:00:00,0,0,0
2024-01-30 19:00:00,0,0,0
2024-01-30 20:00:00,0,0,0
2024-01-30 21:00:00,0,0,0
2024-01-30 22:00:00,0,0,0
2024-01-30 23:00:00,0,0,0
2024-01-31 00:00:00,0,0,0
2024-01-31 01:00:00,0,0,0
2024-01-31 02:00:00,0,0,0
2024-01-31 03:00:00,0,0,0
2024-01-31 04:00:00,0,0,0
2024-01-31 05:00:00,0,0,0
2024-01-31 06:00:00,0,0,0
2024-01-31 07:00:00,0,0,0
2024-01-31 08:00:00,0,0,0
2024-01-31 09:00:00,0,0,0
2024-01-31 10:00:00,0,0,0
2024-01-31 11:00:00,0,0,0
2024-01-31 12:00:00,0,0,0
2024-01-31 13:00:00,0,0,0
2024-01-31 14:00:00,0,0,0
2024-01-31 15:00:00,0,0,0
2024-01-31 16:00:00,0,0,0
2024-01-31 17:00:00,0,0,0
2024-01-31 18:00:00,0,0,0
2024-01-31 19:00:00,0,0,0
2024-01-31 20:00:00,0,0,0
2024-01-31 21:00:00,0,0,0
2024-01-31 22:00:00,0,0,0
2024-01-31 23:00:00,0,0,0
2024-02-01 00:00:00,0,0,0
2024-02-01 01:00:00,0,0,0
2024-02-01 02:00:00,0,0,0
2024-02-01 03:00:00,0,0,0
2024-02-01 04:00:00,0,0,0
2024-02-01 05:00:00,0,0,0
2024-02-01 06:00:00,0,0,0
2024-02-01 07:00:00,0,0,0
2024-02-01 08:00:00,0,0,0
2024-02-01 09:00:00,0,0,0
2024-02-01 10:00:00,0,0,0
2024-02-01 11:00:00,0,0,0
2024-02-01 12:00:00,0,0,0
2024-02-01 13:00:00,0,0,0
2024-02-01 14:00:00,0,0,0
2024-02-01 15:00:00,0,0,0
2024-02-01 16:00:00,0,0,0
2024-02-01 17:00:00,0,0,0
2024-02-01 18:00:00,0,0,0
2024-02-01 19:00:00,0,0,0
2024-02-01 20:00:00,0,0,0
2024-02-01 21:00:00,0,0,0
2024-02-01 22:00:00,0,0,0
2024-02-01 23:00:00,0,0,0
2024-02-02 00:00:00,0,0,0
2024-02-02 01:00:00,0,0,0
2024-02-02 02:00:00,0,0,0
2024-02-02 03:00:00,0,0,0
2024-02-02 04:00:00,0,0,0
2024-02-02 05:00:00,0,0,0
2024-02-02 06:00:00,0,0,0
2024-02-02 07:00:00,0,0,0
2024-02-02 08:00:00,0,0,0
2024-02-02 09:00:00,0,0,0
2024-02-02 10:00:00,0,0,0
2024-02-02 11:00:00,0,0,0
2024-02-02 12:00:00,0,0,0
2024-02-02 13:00:00,0,0,0
2024-02-02 14:00:00,0,0,0
2024-02-02 15:00:00,0,0,0
2024-02-02 16:00:00,0,0,0
2024-02-02 17:00:00,0,0,0
2024-02-02 18:00:00,0,0,0
2024-02-02 19:00:00,0,0,0
2024-02-02 20:00:00,0,0,0
2024-02-02 21:00:00,0,0,0
2024-02-02 22:00:00,0,0,0
2024-02-02 23:00:00,0,0,0
2024-02-03 00:00:00,0,0,0
2024-02-03 01:00:00,0,0,0
2024-02-03 02:00:00,0,0,0
2024-02-03 03:00:00,0,0,0
2024-02-03 04:00:00,0,0,0
2024-02-03 05:00:00,0,0,0
2024-02-03 06:00:00,0,0,0
2024-02-03 07:00:00,0,0,0
2024-02-03 08:00:00,0,0,0
2024-02-03 09:00:00,0,0,0
2024-02-03 10:00:00,0,0,0
2024-02-03 11:00:00,0,0,0
2024-02-03 12:00:00,0,0,0
2024-02-03 13:00:00,0,0,0
2024-02-03 14:00:00,0,0,0
2024-02-03 15:00:00,0,0,0
2024-02-03 16:00:00,0,0,0
2024-02-03 17:00:00,0,0,0
2024-02-03 18:00:00,0,0,0
2024-02-03 19:00:00,0,0,0
2024-02-03 20:00:00,0,0,0
2024-02-03 21:00:00,0,0,0
2024-02-03 22:00:00,0,0,0
2024-02-03 23:00:00,0,0,0
2024-02-04 00:00:00,0,0,0
2024-02-04 01:00:00,0,0,0
2024-02-04 02:00:00,0,0,0
2024-02-04 03:00:00,0,0,0
2024-02-04 04:00:00,0,0,0
2024-02-04 05:00:00,0,0,0
2024-02-04 06:00:00,0,0,0
2024-02-04 07:00:00,0,0,0
2024-02-04 08:00:00,0,0,0
2024-02-04 09:00:00,0,0,0
2024-02-04 10:00:00,0,0,0
2024-02-04 11:00:00,0,0,0
2024-02-04 12:00:00,0,0,0
2024-02-04 13:00:00,0,0,0
2024-02-04 14:00:00,0,0,0
2024-02-04 15:00:00,0,0,0
2024-02-04 16:00:00,0,0,0
2024-02-04 17:00:00,0,0,0
2024-02-04 18:00:00,0,0,0
2024-02-04 19:00:00,0,0,0
2024-02-04 20:00:00,0,0,0
2024-02-04 21:00:00,0,0,0
2024-02-04 22:00:00,0,0,0
2024-02-04 23:00:00,0,0,0
2024-02-05 00:00:00,0,0,0
2024-02-05 01:00:00,0,0,0
2024-02-05 02:00:00,0,0,0
2024-02-05 03:00:00,0,0,0
2024-02-05 04:00:00,0,0,0
2024-02-05 05:00:00,0,0,0
2024-02-05 06:00:00,0,0,0
2024-02-05 07:00:00,0,0,0
2024-02-05 08:00:00,0,0,0
2024-02-05 09:00:00,0,0,0
2024-02-05 10:00:00,0,0,0
2024-02-05 11:00:00,0,0,0
2024-02-05 12:00:00,0,0,0
2024-02-05 13:00:00,0,0,0
2024-02-05 14:00:00,0,0,0
2024-02-05 15:00:00,0,0,0
2024-02-05 16:00:00,0,0,0
2024-02-05 17:00:00,0,0,0
2024-02-05 18:00:00,0,0,0
2024-02-05 19:00:00,0,0,0
2024-02-05 20:00:00,0,0,0
2024-02-05 21:00:00,0,0,0
2024-02-05 22:00:00,0,0,0
2024-02-05 23:00:00,0,0,0
2024-02-06 00:00:00,0,0,0
2024-02-06 01:00:00,0,0,0
2024-02-06 02:00:00,0,0,0
2024-02-06 03:00:00,0,0,0
2024-02-06 04:00:00,0,0,0
2024-02-06 05:00:00,0,0,0
2024-02-06 06:00:00,0,0,0
2024-02-06 07:00:00,0,0,0
2024-02-06 08:00:00,0,0,0
2024-02-06 09:00:00,0,0,0
2024-02-06 10:00:00,0,0,0
2024-02-06 11:00:00,0,0,0
2024-02-06 12:00:00,0,0,0
2024-02-06 13:00:00,0,0,0
2024-02-06 14:00:00,0,0,0
2024-02-06 15:00:00,0,0,0
2024-02-06 16:00:00,0,0,0
2024-02-06 17:00:00,0,0,0
2024-02-06 18:00:00,0,0,0
2024-02-06 19:00:00,0,0,0
2024-02-06 20:00:00,0,0,0
2024-02-06 21:00:00,0,0,0
2024-02-06 22:00:00,0,0,0
2024-02-06 23:00:00,0,0,0
2024-02-07 00:00:00,0,0,0
2024-02-07 01:00:00,0,0,0
2024-02-07 02:00:00,0,0,0
2024-02-07 03:00:00,0,0,0
2024-02-07 04:00:00,0,0,0
2024-02-07 05:00:00,0,0,0
2024-02-07 06:00:00,0,0,0
2024-02-07 07:00:00,0,0,0
2024-02-07 08:00:00,0,0,0
2024-02-07 09:00:00,0,0,0
2024-02-07 10:00:00,0,0,0
2024-02-07 11:00:00,0,0,0
2024-02-07 12:00:00,0,0,0
2024-02-07 13:00:00,0,0,0
2024-02-07 14:00:00,0,0,0
2024-02-07 15:00:00,0,0,0
2024-02-07 16:00:00,0,0,0
2024-02-07 17:00:00,0,0,0
2024-02-07 18:00:00,0,0,0
2024-02-07 19:00:00,0,0,0
2024-02-07 20:00:00,0,0,0
2024-02-07 21:00:00,0,0,0
2024-02-07 22:00:00,0,0,0
2024-02-07 23:00:00,0,0,0
2024-02-08 00:00:00,0,0,0
2024-02-08 01:00:00,0,0,0
2024-02-08 02:00:00,0,0,0
2024-02-08 03:00:00,0,0,0
2024-02-08 04:00:00,0,0,0
2024-02-08 05:00:00,0,0,0
2024-02-08 06:00:00,0,0,0
2024-02-08 07:00:00,0,0,0
2024-02-08 08:00:00,0,0,0
2024-02-08 09:00:00,0,0,0
2024-02-08 10:00:00,0,0,0
2024-02-08 11:00:00,0,0,0
2024-02-08 12:00:00,0,0,0
2024-02-08 13:00:00,0,0,0
2024-02-08 14:00:00,0,0,0
2024-02-08 15:00:00,0,0,0
2024-02-08 16:00:00,0,0,0
2024-02-08 17:00:00,0,0,0
2024-02-08 18:00:00,0,0,0
2024-02-08 19:00:00,0,0,0
2024-02-08 20:00:00,0,0,0
2024-02-08 21:00:00,0,0,0
2024-02-08 22:00:00,0,0,0
2024-02-08 23:00:00,0,0,0
2024-02-09 00:00:00,0,0,0
2024-02-09 01:00:00,0,0,0
2024-02-09 02:00:00,0,0,0
2024-02-09 03:00:00,0,0,0
2024-02-09 04:00:00,0,0,0
2024-02-09 05:00:00,0,0,0
2024-02-09 06:00:00,0,0,0
2024-02-09 07:00:00,0,0,0
2024-02-09 08:00:00,0,0,0
2024-02-09 09:00:00,0,0,0
2024-02-09 10:00:00,0,0,0
2024-02-09 11:00:00,0,0,0
2024-02-09 12:00:00,0,0,0
2024-02-09 13:00:00,0,0,0
2024-02-09 14:00:00,0,0,0
2024-02-09 15:00:00,0,0,0
2024-02-09 16:00:00,0,0,0
2024-02-09 17:00:00,0,0,0
2024-02-09 18:00:00,0,0,0
2024-02-09 19:00:00,0,0,0
2024-02-09 20:00:00,0,0,0
2024-02-09 21:00:00,0,0,0
2024-02-09 22:00:00,0,0,0
2024-02-09 23:00:00,0,0,0
2024-02-10 00:00:00,0,0,0
2024-02-10 01:00:00,0,0,0
2024-02-10 02:00:00,0,0,0
2024-02-10 03:00:00,0,0,0
2024-02-10 04:00:00,0,0,0
2024-02-10 05:00:00,0,0,0
2024-02-10 06:00:00,0,0,0
2024-02-10 07:00:00,0,0,0
2024-02-10 08:00:00,0,0,0
2024-02-10 09:00:00,0,0,0
2024-02-10 10:00:00,0,0,0
2024-02-10 11:00:00,0,0,0
2024-02-10 12:00:00,0,0,0
2024-02-10 13:00:00,0,0,0
2024-02-10 14:00:00,0,0,0
2024-02-10 15:00:00,0,0,0
2024-02-10 16:00:00,0,0,0
2024-02-10 17:00:00,0,0,0
2024-02-10 18:00:00,0,0,0
2024-02-10 19:00:00,0,0,0
2024-02-10 20:00:00,0,0,0
2024-02-10 21:00:00,0,0,0
2024-02-10 22:00:00,0,0,0
2024-02-10 23:00:00,0,0,0
2024-02-11 00:00:00,0,0,0
2024-02-11 01:00:00,0,0,0
2024-02-11 02:00:00,0,0,0
2024-02-11 03:00:00,0,0,0
2024-02-11 04:00:00,0,0,0
2024-02-11 05:00:00,0,0,0
2024-02-11 06:00:00,0,0,0
2024-02-11 07:00:00,0,0,0
2024-02-11 08:00:00,0,0,0
2024-02-11 09:00:00,0,0,0
2024-02-11 10:00:00,0,0,0
2024-02-11 11:00:00,0,0,0
2024-02-11 12:00:00,0,0,0
2024-02-11 13:00:00,0,0,0
2024-02-11 14:00:00,0,0,0
2024-02-11 15:00:00,0,0,0
2024-02-11 16:00:00,0,0,0
2024-02-11 17:00:00,0,0,0
2024-02-11 18:00:00,0,0,0
2024-02-11 19:00:00,0,0,0
2024-02-11 20:00:00,0,0,0
2024-02-11 21:00:00,0,0,0
2024-02-11 22:00:00,0,0,0
2024-02-11 23:00:00,0,0,0
2024-02-12 00:00:00,0,0,0
2024-02-12 01:00:00,0,0,0
2024-02-12 02:00:00,0,0,0
2024-02-12 03:00:00,0,0,0
2024-02-12 04:00:00,0,0,0
2024-02-12 05:00:00,0,0,0
2024-02-12 06:00:00,0,0,0
2024-02-12 07:00:00,0,0,0
2024-02-12 08:00:00,0,0,0
2024-02-12 09:00:00,0,0,0
2024-02-12 10:00:00,0,0,0
2024-02-12 11:00:00,0,0,0
2024-02-12 12:00:00,0,0,0
2024-02-12 13:00:00,0,0,0
2024-02-12 14:00:00,0,0,0
2024-02-12 15:00:00,0,0,0
2024-02-12 16:00:00,0,0,0
2024-02-12 17:00:00,0,0,0
2024-02-12 18:00:00,0,0,0
2024-02-12 19:00:00,0,0,0
2024-02-12 20:00:00,0,0,0
2024-02-12 21:00:00,0,0,0
2024-02-12 22:00:00,0,0,0
2024-02-12 23:00:00,0,0,0
2024-02-13 00:00:00,0,0,0
2024-02-13 01:00:00,0,0,0
2024-02-13 02:00:00,0,0,0
2024-02-13 03:00:00,0,0,0
2024-02-13 04:00:00,0,0,0
2024-02-13 05:00:00,0,0,0
2024-02-13 06:00:00,0,0,0
2024-02-13 07:00:00,0,0,0
2024-02-13 08:00:00,0,0,0
2024-02-13 09:00:00,0,0,0
2024-02-13 10:00:00,0,0,0
2024-02-13 11:00:00,0,0,0
2024-02-13 12:00:00,0,0,0
2024-02-13 13:00:00,0,0,0
2024-02-13 14:00:00,0,0,0
2024-02-13 15:00:00,0,0,0
2024-02-13 16:00:00,0,0,0
2024-02-13 17:00:00,0,0,0
2024-02-13 18:00:00,0,0,0
2024-02-13 19:00:00,0,0,0
2024-02-13 20:00:00,0,0,0
2024-02-13 21:00:00,0,0,0
2024-02-13 22:00:00,0,0,0
2024-02-13 23:00:00,0,0,0
2024-02-14 00:00:00,0,0,0
2024-02-14 01:00:00,0,0,0
2024-02-14 02:00:00,0,0,0
2024-02-14 03:00:00,0,0,0
2024-02-14 04:00:00,0,0,0
2024-02-14 05:00:00,0,0,0
2024-02-14 06:00:00,0,0,0
2024-02-14 07:00:00,0,0,0
2024-02-14 08:00:00,0,0,0
2024-02-14 09:00:00,0,0,0
2024-02-14 10:00:00,0,0,0
2024-02-14 11:00:00,0,0,0
2024-02-14 12:00:00,0,0,0
2024-02-14 13:00:00,0,0,0
2024-02-14 14:00:00,0,0,0
2024-02-14 15:00:00,0,0,0
2024-02-14 16:00:00,0,0,0
2024-02-14 17:00:00,0,0,0
2024-02-14 18:00:00,0,0,0
2024-02-14 19:00:00,0,0,0
2024-02-14 20:00:00,0,0,0
2024-02-14 21:00:00,0,0,0
2024-02-14 22:00:00,0,0,0
2024-02-14 23:00:00,0,0,0
2024-02-15 00:00:00,0,0,0
2024-02-15 01:00:00,0,0,0
2024-02-15 02:00:00,0,0,0
2024-02-15 03:00:00,0,0,0
2024-02-15 04:00:00,0,0,0
2024-02-15 05:00:00,0,0,0
2024-02-15 06:00:00,0,0,0
2024-02-15 07:00:00,0,0,0
2024-02-15 08:00:00,0,0,0
2024-02-15 09:00:00,0,0,0
2024-02-15 10:00:00,0,0,0
2024-02-15 11:00:00,0,0,0
2024-02-15 12:00:00,0,0,0
2024-02-15 13:00:00,0,0,0
2024-02-15 14:00:00,0,0,0
2024-02-15 15:00:00,0,0,0
2024-02-15 16:00:00,0,0,0
2024-02-15 17:00:00,0,0,0
2024-02-15 18:00:00,0,0,0
2024-02-15 19:00:00,0,0,0
2024-02-15 20:00:00,0,0,0
2024-02-15 21:00:00,0,0,0
2024-02-15 22:00:00,0,0,0
2024-02-15 23:00:00,0,0,0
2024-02-16 00:00:00,0,0,0
2024-02-16 01:00:00,0,0,0
2024-02-16 02:00:00,0,0,0
2024-02-16 03:00:00,0,0,0
2024-02-16 04:00:00,0,0,0
2024-02-16 05:00:00,0,0,0
2024-02-16 06:00:00,0,0,0
2024-02-16 07:00:00,0,0,0
2024-02-16 08:00:00,0,0,0
2024-02-16 09:00:00,0,0,0
2024-02-16 10:00:00,0,0,0
2024-02-16 11:00:00,0,0,0
2024-02-16 12:00:00,0,0,0
2024-02-16 13:00:00,0,0,0
2024-02-16 14:00:00,0,0,0
2024-02-16 15:00:00,0,0,0
2024-02-16 16:00:00,0,0,0
2024-02-16 17:00:00,0,0,0
2024-02-16 18:00:00,0,0,0
2024-02-16 19:00:00,0,0,0
2024-02-16 20:00:00,0,0,0
2024-02-16 21:00:00,0,0,0
2024-02-16 22:00:00,0,0,0
2024-02-16 23:00:00,0,0,0
2024-02-17 00:00:00,0,0,0
2024-02-17 01:00:00,0,0,0
2024-02-17 02:00:00,0,0,0
2024-02-17 03:00:00,0,0,0
2024-02-17 04:00:00,0,0,0
2024-02-17 05:00:00,0,0,0
2024-02-17 06:00:00,0,0,0
2024-02-17 07:00:00,0,0,0
2024-02-17 08:00:00,0,0,0
2024-02-17 09:00:00,0,0,0
2024-02-17 10:00:00,0,0,0
2024-02-17 11:00:00,0,0,0
2024-02-17 12:00:00,0,0,0
2024-02-17 13:00:00,0,0,0
2024-02-17 14:00:00,0,0,0
2024-02-17 15:00:00,0,0,0
2024-02-17 16:00:00,0,0,0
2024-02-17 17:00:00,0,0,0
2024-02-17 18:00:00,0,0,0
2024-02-17 19:00:00,0,0,0
2024-02-17 20:00:00,0,0,0
2024-02-17 21:00:00,0,0,0
2024-02-17 22:00:00,0,0,0
2024-02-17 23:00:00,0,0,0
2024-02-18 00:00:00,0,0,0
2024-02-18 01:00:00,0,0,0
2024-02-18 02:00:00,0,0,0
2024-02-18 03:00:00,0,0,0
2024-02-18 04:00:00,0,0,0
2024-02-18 05:00:00,0,0,0
2024-02-18 06:00:00,0,0,0
2024-02-18 07:00:00,0,0,0
2024-02-18 08:00:00,0,0,0
2024-02-18 09:00:00,0,0,0
2024-02-18 10:00:00,0,0,0
2024-02-18 11:00:00,0,0,0
2024-02-18 12:00:00,0,0,0
2024-02-18 13:00:00,0,0,0
2024-02-18 14:00:00,0,0,0
2024-02-18 15:00:00,0,0,0
2024-02-18 16:00:00,0,0,0
2024-02-18 17:00:00,0,0,0
2024-02-18 18:00:00,0,0,0
2024-02-18 19:00:00,0,0,0
2024-02-18 20:00:00,0,0,0
2024-02-18 21:00:00,0,0,0
2024-02-18 22:00:00,0,0,0
2024-02-18 23:00:00,0,0,0
2024-02-19 00:00:00,0,0,0
2024-02-19 01:00:00,0,0,0
2024-02-19 02:00:00,0,0,0
2024-02-19 03:00:00,0,0,0
2024-02-19 04:00:00,0,0,0
2024-02-19 05:00:00,0,0,0
2024-02-19 06:00:00,0,0,0
2024-02-19 07:00:00,0,0,0
2024-02-19 08:00:00,0,0,0
2024-02-19 09:00:00,0,0,0
2024-02-19 10:00:00,0,0,0
2024-02-19 11:00:00,0,0,0
2024-02-19 12:00:00,0,0,0
2024-02-19 13:00:00,0,0,0
2024-02-19 14:00:00,0,0,0
2024-02-19 15:00:00,0,0,0
2024-02-19 16:00:00,0,0,0
2024-02-19 17:00:00,0,0,0
2024-02-19 18:00:00,0,0,0
2024-02-19 19:00:00,0,0,0
2024-02-19 20:00:00,0,0,0
2024-02-19 21:00:00,0,0,0
2024-02-19 22:00:00,0,0,0
2024-02-19 23:00:00,0,0,0
2024-02-20 00:00:00,0,0,0
2024-02-20 01:00:00,0,0,0
2024-02-20 02:00:00,0,0,0
2024-02-20 03:00:00,0,0,0
2024-02-20 04:00:00,0,0,0
2024-02-20 05:00:00,0,0,0
2024-02-20 06:00:00,0,0,0
2024-02-20 07:00:00,0,0,0
2024-02-20 08:00:00,0,0,0
2024-02-20 09:00:00,0,0,0
2024-02-20 10:00:00,0,0,0
2024-02-20 11:00:00,0,0,0
2024-02-20 12:00:00,0,0,0
2024-02-20 13:00:00,0,0,0
2024-02-20 14:00:00,0,0,0
2024-02-20 15:00:00,0,0,0
2024-02-20 16:00:00,0,0,0
2024-02-20 17:00:00,0,0,0
2024-02-20 18:00:00,0,0,0
2024-02-20 19:00:00,0,0,0
2024-02-20 20:00:00,0,0,0
2024-02-20 21:00:00,0,0,0
2024-02-20 22:00:00,0,0,0
2024-02-20 23:00:00,0,0,0
2024-02-21 00:00:00,0,0,0
2024-02-21 01:00:00,0,0,0
2024-02-21 02:00:00,0,0,0
2024-02-21 03:00:00,0,0,0
2024-02-21 04:00:00,0,0,0
2024-02-21 05:00:00,0,0,0
2024-02-21 06:00:00,0,0,0
2024-02-21 07:00:00,0,0,0
2024-02-21 08:00:00,0,0,0
2024-02-21 09:00:00,0,0,0
2024-02-21 10:00:00,0,0,0
2024-02-21 11:00:00,0,0,0
2024-02-21 12:00:00,0,0,0
2024-02-21 13:00:00,0,0,0
2024-02-21 14:00:00,0,0,0
2024-02-21 15:00:00,0,0,0
2024-02-21 16:00:00,0,0,0
2024-02-21 17:00:00,0,0,0
2024-02-21 18:00:00,0,0,0
2024-02-21 19:00:00,0,0,0
2024-02-21 20:00:00,0,0,0
2024-02-21 21:00:00,0,0,0
2024-02-21 22:00:00,0,0,0
2024-02-21 23:00:00,0,0,0
2024-02-22 00:00:00,0,0,0
2024-02-22 01:00:00,0,0,0
2024-02-22 02:00:00,0,0,0
2024-02-22 03:00:00,0,0,0
2024-02-22 04:00:00,0,0,0
2024-02-22 05:00:00,0,0,0
2024-02-22 06:00:00,0,0,0
2024-02-22 07:00:00,0,0,0
2024-02-22 08:00:00,0,0,0
2024-02-22 09:00:00,0,0,0
2024-02-22 10:00:00,0,0,0
2024-02-22 11:00:00,0,0,0
2024-02-22 12:00:00,0,0,0
2024-02-22 13:00:00,0,0,0
2024-02-22 14:00:00,0,0,0
2024-02-22 15:00:00,0,0,0
2024-02-22 16:00:00,0,0,0
2024-02-22 17:00:00,0,0,0
2024-02-22 18:00:00,0,0,0
2024-02-22 19:00:00,0,0,0
2024-02-22 20:00:00,0,0,0
2024-02-22 21:00:00,0,0,0
2024-02-22 22:00:00,0,0,0
2024-02-22 23:00:00,0,0,0
2024-02-23 00:00:00,0,0,0
2024-02-23 01:00:00,0,0,0
2024-02-23 02:00:00,0,0,0
2024-02-23 03:00:00,0,0,0
2024-02-23 04:00:00,0,0,0
2024-02-23 05:00:00,0,0,0
2024-02-23 06:00:00,0,0,0
2024-02-23 07:00:00,0,0,0
2024-02-23 08:00:00,0,0,0
2024-02-23 09:00:00,0,0,0
2024-02-23 10:00:00,0,0,0
2024-02-23 11:00:00,0,0,0
2024-02-23 12:00:00,0,0,0
2024-02-23 13:00:00,0,0,0
2024-02-23 14:00:00,0,0,0
2024-02-23 15:00:00,0,0,0
2024-02-23 16:00:00,0,0,0
2024-02-23 17:00:00,0,0,0
2024-02-23 18:00:00,0,0,0
2024-02-23 19:00:00,0,0,0
2024-02-23 20:00:00,0,0,0
2024-02-23 21:00:00,0,0,0
2024-02-23 22:00:00,0,0,0
2024-02-23 23:00:00,0,0,0
2024-02-24 00:00:00,0,0,0
2024-02-24 01:00:00,0,0,0
2024-02-24 02:00:00,0,0,0
2024-02-24 03:00:00,0,0,0
2024-02-24 04:00:00,0,0,0
2024-02-24 05:00:00,0,0,0
2024-02-24 06:00:00,0,0,0
2024-02-24 07:00:00,0,0,0
2024-02-24 08:00:00,0,0,0
2024-02-24 09:00:00,0,0,0
2024-02-24 10:00:00,0,0,0
2024-02-24 11:00:00,0,0,0
2024-02-24 12:00:00,0,0,0
2024-02-24 13:00:00,0,0,0
2024-02-24 14:00:00,0,0,0
2024-02-24 15:00:00,0,0,0
2024-02-24 16:00:00,0,0,0
2024-02-24 17:00:00,0,0,0
2024-02-24 18:00:00,0,0,0
2024-02-24 19:00:00,0,0,0
2024-02-24 20:00:00,0,0,0
2024-02-24 21:00:00,0,0,0
2024-02-24 22:00:00,0,0,0
2024-02-24 23:00:00,0,0,0
2024-02-25 00:00:00,0,0,0
2024-02-25 01:00:00,0,0,0
2024-02-25 02:00:00,0,0,0
2024-02-25 03:00:00,0,0,0
2024-02-25 04:00:00,0,0,0
2024-02-25 05:00:00,0,0,0
2024-02-25 06:00:00,0,0,0
2024-02-25 07:00:00,0,0,0
2024-02-25 08:00:00,0,0,0
2024-02-25 09:00:00,0,0,0
2024-02-25 10:00:00,0,0,0
2024-02-25 11:00:00,0,0,0
2024-02-25 12:00:00,0,0,0
2024-02-25 13:00:00,0,0,0
2024-02-25 14:00:00,0,0,0
2024-02-25 15:00:00,0,0,0
2024-02-25 16:00:00,0,0,0
2024-02-25 17:00:00,0,0,0
2024-02-25 18:00:00,0,0,0
2024-02-25 19:00:00,0,0,0
2024-02-25 20:00:00,0,0,0
2024-02-25 21:00:00,0,0,0
2024-02-25 22:00:00,0,0,0
2024-02-25 23:00:00,0,0,0
2024-02-26 00:00:00,0,0,0
2024-02-26 01:00:00,0,0,0
2024-02-26 02:00:00,0,0,0
2024-02-26 03:00:00,0,0,0
2024-02-26 04:00:00,0,0,0
2024-02-26 05:00:00,0,0,0
2024-02-26 06:00:00,0,0,0
2024-02-26 07:00:00,0,0,0
2024-02-26 08:00:00,0,0,0
2024-02-26 09:00:00,0,0,0
2024-02-26 10:00:00,0,0,0
2024-02-26 11:00:00,0,0,0
2024-02-26 12:00:00,0,0,0
2024-02-26 13:00:00,0,0,0
2024-02-26 14:00:00,0,0,0
2024-02-26 15:00:00,0,0,0
2024-02-26 16:00:00,0,0,0
2024-02-26 17:00:00,0,0,0
2024-02-26 18:00:00,0,0,0
2024-02-26 19:00:00,0,0,0
2024-02-26 20:00:00,0,0,0
2024-02-26 21:00:00,0,0,0
2024-02-26 22:00:00,0,0,0
2024-02-26 23:00:00,0,0,0
2024-02-27 00:00:00,0,0,0
2024-02-27 01:00:00,0,0,0
2024-02-27 02:00:00,0,0,0
2024-02-27 03:00:00,0,0,0
2024-02-27 04:00:00,0,0,0
2024-02-27 05:00:00,0,0,0
2024-02-27 06:00:00,0,0,0
2024-02-27 07:00:00,0,0,0
2024-02-27 08:00:00,0,0,0
2024-02-27 09:00:00,0,0,0
2024-02-27 10:00:00,0,0,0
2024-02-27 11:00:00,0,0,0
2024-02-27 12:00:00,0,0,0
2024-02-27 13:00:00,0,0,0
2024-02-27 14:00:00,0,0,0
2024-02-27 15:00:00,0,0,0
2024-02-27 16:00:00,0,0,0
2024-02-27 17:00:00,0,0,0
2024-02-27 18:00:00,0,0,0
2024-02-27 19:00:00,0,0,0
2024-02-27 20:00:00,0,0,0
2024-02-27 21:00:00,0,0,0
2024-02-27 22:00:00,0,0,0
2024-02-27 23:00:00,0,0,0
2024-02-28 00:00:00,0,0,0
2024-02-28 01:00:00,0,0,0
2024-02-28 02:00:00,0,0,0
2024-02-28 03:00:00,0,0,0
2024-02-28 04:00:00,0,0,0
2024-02-28 05:00:00,0,0,0
2024-02-28 06:00:00,0,0,0
2024-02-28 07:00:00,0,0,0
2024-02-28 08:00:00,0,0,0
2024-02-28 09:00:00,0,0,0
2024-02-28 10:00:00,0,0,0
2024-02-28 11:00:00,0,0,0
2024-02-28 12:00:00,0,0,0
2024-02-28 13:00:00,0,0,0
2024-02-28 14:00:00,0,0,0
2024-02-28 15:00:00,0,0,0
2024-02-28 16:00:00,0,0,0
2024-02-28 17:00:00,0,0,0
2024-02-28 18:00:00,0,0,0
2024-02-28 19:00:00,0,0,0
2024-02-28 20:00:00,0,0,0
2024-02-28 21:00:00,0,0,0
2024-02-28 22:00:00,0,0,0
2024-02-28 23:00:00,0,0,0
2024-02-29 00:00:00,0,0,0
2024-02-29 01:00:00,0,0,0
2024-02-29 02:00:00,0,0,0
2024-02-29 03:00:00,0,0,0
2024-02-29 04:00:00,0,0,0
2024-02-29 05:00:00,0,0,0
2024-02-29 06:00:00,0,0,0
2024-02-29 07:00:00,0,0,0
2024-02-29 08:00:00,0,0,0
2024-02-29 09:00:00,0,0,0
2024-02-29 10:00:00,0,0,0
2024-02-29 11:00:00,0,0,0
2024-02-29 12:00:00,0,0,0
2024-02-29 13:00:00,0,0,0
2024-02-29 14:00:00,0,0,0
2024-02-29 15:00:00,0,0,0
2024-02-29 16:00:00,0,0,0
2024-02-29 17:00:00,0,0,0
2024-02-29 18:00:00,0,0,0
2024-02-29 19:00:00,0,0,0
2024-02-29 20:00:00,0,0,0
2024-02-29 21:00:00,0,0,0
2024-02-29 22:00:00,0,0,0
2024-02-29 23:00:00,0,0,0
2024-03-01 00:00:00,0,0,0
2024-03-01 01:00:00,0,0,0
2024-03-01 02:00:00,0,0,0
2024-03-01 03:00:00,0,0,0
2024-03-01 04:00:00,0,0,0
2024-03-01 05:00:00,0,0,0
2024-03-01 06:00:00,0,0,0
2024-03-01 07:00:00,0,0,0
2024-03-01 08:00:00,0,0,0
2024-03-01 09:00:00,0,0,0
2024-03-01 10:00:00,0,0,0
2024-03-01 11:00:00,0,0,0
2024-03-01 12:00:00,0,0,0
2024-03-01 13:00:00,0,0,0
2024-03-01 14:00:00,0,0,0
2024-03-01 15:00:00,0,0,0
2024-03-01 16:00:00,0,0,0
2024-03-01 17:00:00,0,0,0
2024-03-01 18:00:00,0,0,0
2024-03-01 19:00:00,0,0,0
2024-03-01 20:00:00,0,0,0
2024-03-01 21:00:00,0,0,0
2024-03-01 22:00:00,0,0,0
2024-03-01 23:00:00,0,0,0
2024-03-02 00:00:00,0,0,0
2024-03-02 01:00:00,0,0,0
2024-03-02 02:00:00,0,0,0
2024-03-02 03:00:00,0,0,0
2024-03-02 04:00:00,0,0,0
2024-03-02 05:00:00,0,0,0
2024-03-02 06:00:00,0,0,0
2024-03-02 07:00:00,0,0,0
2024-03-02 08:00:00,0,0,0
2024-03-02 09:00:00,0,0,0
2024-03-02 10:00:00,0,0,0
2024-03-02 11:00:00,0,0,0
2024-03-02 12:00:00,0,0,0
2024-03-02 13:00:00,0,0,0
2024-03-02 14:00:00,0,0,0
2024-03-02 15:00:00,0,0,0
2024-03-02 16:00:00,0,0,0
2024-03-02 17:00:00,0,0,0
2024-03-02 18:00:00,0,0,0
2024-03-02 19:00:00,0,0,0
2024-03-02 20:00:00,0,0,0
2024-03-02 21:00:00,0,0,0
2024-03-02 22:00:00,0,0,0
2024-03-02 23:00:00,0,0,0
2024-03-03 00:00:00,0,0,0
2024-03-03 01:00:00,0,0,0
2024-03-03 02:00:00,0,0,0
2024-03-03 03:00:00,0,0,0
2024-03-03 04:00:00,0,0,0
2024-03-03 05:00:00,0,0,0
2024-03-03 06:00:00,0,0,0
2024-03-03 07:00:00,0,0,0
2024-03-03 08:00:00,0,0,0
2024-03-03 09:00:00,0,0,0
2024-03-03 10:00:00,0,0,0
2024-03-03 11:00:00,0,0,0
2024-03-03 12:00:00,0,0,0
2024-03-03 13:00:00,0,0,0
2024-03-03 14:00:00,0,0,0
2024-03-03 15:00:00,0,0,0
2024-03-03 16:00:00,0,0,0
2024-03-03 17:00:00,0,0,0
2024-03-03 18:00:00,0,0,0
2024-03-03 19:00:00,0,0,0
2024-03-03 20:00:00,0,0,0
2024-03-03 21:00:00,0,0,0
2024-03-03 22:00:00,0,0,0
2024-03-03 23:00:00,0,0,0
2024-03-04 00:00:00,0,0,0
2024-03-04 01:00:00,0,0,0
2024-03-04 02:00:00,0,0,0
2024-03-04 03:00:00,0,0,0
2024-03-04 04:00:00,0,0,0
2024-03-04 05:00:00,0,0,0
2024-03-04 06:00:00,0,0,0
2024-03-04 07:00:00,0,0,0
2024-03-04 08:00:00,0,0,0
2024-03-04 09:00:00,0,0,0
2024-03-04 10:00:00,0,0,0
2024-03-04 11:00:00,0,0,0
2024-03-04 12:00:00,0,0,0
2024-03-04 13:00:00,0,0,0
2024-03-04 14:00:00,0,0,0
2024-03-04 15:00:00,0,0,0
2024-03-04 16:00:00,0,0,0
2024-03-04 17:00:00,0,0,0
2024-03-04 18:00:00,0,0,0
2024-03-04 19:00:00,0,0,0
2024-03-04 20:00:00,0,0,0
2024-03-04 21:00:00,0,0,0
2024-03-04 22:00:00,0,0,0
2024-03-04 23:00:00,0,0,0
2024-03-05 00:00:00,0,0,0
2024-03-05 01:00:00,0,0,0
2024-03-05 02:00:00,0,0,0
2024-03-05 03:00:00,0,0,0
2024-03-05 04:00:00,0,0,0
2024-03-05 05:00:00,0,0,0
2024-03-05 06:00:00,0,0,0
2024-03-05 07:00:00,0,0,0
2024-03-05 08:00:00,0,0,0
2024-03-05 09:00:00,0,0,0
2024-03-05 10:00:00,0,0,0
2024-03-05 11:00:00,0,0,0
2024-03-05 12:00:00,0,0,0
2024-03-05 13:00:00,0,0,0
2024-03-05 14:00:00,0,0,0
2024-03-05 15:00:00,0,0,0
2024-03-05 16:00:00,0,0,0
2024-03-05 17:00:00,0,0,0
2024-03-05 18:00:00,0,0,0
2024-03-05 19:00:00,0,0,0
2024-03-05 20:00:00,0,0,0
2024-03-05 21:00:00,0,0,0
2024-03-05 22:00:00,0,0,0
2024-03-05 23:00:00,0,0,0
2024-03-06 00:00:00,0,0,0
2024-03-06 01:00:00,0,0,0
2024-03-06 02:00:00,0,0,0
2024-03-06 03:00:00,0,0,0
2024-03-06 04:00:00,0,0,0
2024-03-06 05:00:00,0,0,0
2024-03-06 06:00:00,0,0,0
2024-03-06 07:00:00,0,0,0
2024-03-06 08:00:00,0,0,0
2024-03-06 09:00:00,0,0,0
2024-03-06 10:00:00,0,0,0
2024-03-06 11:00:00,0,0,0
2024-03-06 12:00:00,0,0,0
2024-03-06 13:00:00,0,0,0
2024-03-06 14:00:00,0,0,0
2024-03-06 15:00:00,0,0,0
2024-03-06 16:00:00,0,0,0
2024-03-06 17:00:00,0,0,0
2024-03-06 18:00:00,0,0,0
2024-03-06 19:00:00,0,0,0
2024-03-06 20:00:00,0,0,0
2024-03-06 21:00:00,0,0,0
2024-03-06 22:00:00,0,0,0
2024-03-06 23:00:00,0,0,0
2024-03-07 00:00:00,0,0,0
2024-03-07 01:00:00,0,0,0
2024-03-07 02:00:00,0,0,0
2024-03-07 03:00:00,0,0,0
2024-03-07 04:00:00,0,0,0
2024-03-07 05:00:00,0,0,0
2024-03-07 06:00:00,0,0,0
2024-03-07 07:00:00,0,0,0
2024-03-07 08:00:00,0,0,0
2024-03-07 09:00:00,0,0,0
2024-03-07 10:00:00,0,0,0
2024-03-07 11:00:00,0,0,0
2024-03-07 12:00:00,0,0,0
2024-03-07 13:00:00,0,0,0
2024-03-07 14:00:00,0,0,0
2024-03-07 15:00:00,0,0,0
2024-03-07 16:00:00,0,0,0
2024-03-07 17:00:00,0,0,0
2024-03-07 18:00:00,0,0,0
2024-03-07 19:00:00,0,0,0
2024-03-07 20:00:00,0,0,0
2024-03-07 21:00:00,0,0,0
2024-03-07 22:00:00,0,0,0
2024-03-07 23:00:00,0,0,0
2024-03-08 00:00:00,0,0,0
2024-03-08 01:00:00,0,0,0
2024-03-08 02:00:00,0,0,0
2024-03-08 03:00:00,0,0,0
2024-03-08 04:00:00,0,0,0
2024-03-08 05:00:00,0,0,0
2024-03-08 06:00:00,0,0,0
2024-03-08 07:00:00,0,0,0
2024-03-08 08:00:00,0,0,0
2024-03-08 09:00:00,0,0,0
2024-03-08 10:00:00,0,0,0
2024-03-08 11:00:00,0,0,0
2024-03-08 12:00:00,0,0,0
2024-03-08 13:00:00,0,0,0
2024-03-08 14:00:00,0,0,0
2024-03-08 15:00:00,0,0,0
2024-03-08 16:00:00,0,0,0
2024-03-08 17:00:00,0,0,0
2024-03-08 18:00:00,0,0,0
2024-03-08 19:00:00,0,0,0
2024-03-08 20:00:00,0,0,0
2024-03-08 21:00:00,0,0,0
2024-03-08 22:00:00,0,0,0
2024-03-08 23:00:00,0,0,0
2024-03-09 00:00:00,0,0,0
2024-03-09 01:00:00,0,0,0
2024-03-09 02:00:00,0,0,0
2024-03-09 03:00:00,0,0,0
2024-03-09 04:00:00,0,0,0
2024-03-09 05:00:00,0,0,0
2024-03-09 06:00:00,0,0,0
2024-03-09 07:00:00,0,0,0
2024-03-09 08:00:00,0,0,0
2024-03-09 09:00:00,0,0,0
2024-03-09 10:00:00,0,0,0
2024-03-09 11:00:00,0,0,0
2024-03-09 12:00:00,0,0,0
2024-03-09 13:00:00,0,0,0
2024-03-09 14:00:00,0,0,0
2024-03-09 15:00:00,0,0,0
2024-03-09 16:00:00,0,0,0
2024-03-09 17:00:00,0,0,0
2024-03-09 18:00:00,0,0,0
2024-03-09 19:00:00,0,0,0
2024-03-09 20:00:00,0,0,0
2024-03-09 21:00:00,0,0,0
2024-03-09 22:00:00,0,0,0
2024-03-09 23:00:00,0,0,0
2024-03-10 00:00:00,0,0,0
2024-03-10 01:00:00,0,0,0
2024-03-10 02:00:00,0,0,0
2024-03-10 03:00:00,0,0,0
2024-03-10 04:00:00,0,0,0
2024-03-10 05:00:00,0,0,0
2024-03-10 06:00:00,0,0,0
2024-03-10 07:00:00,0,0,0
2024-03-10 08:00:00,0,0,0
2024-03-10 09:00:00,0,0,0
2024-03-10 10:00:00,0,0,0
2024-03-10 11:00:00,0,0,0
2024-03-10 12:00:00,0,0,0
2024-03-10 13:00:00,0,0,0
2024-03-10 14:00:00,0,0,0
2024-03-10 15:00:00,0,0,0
2024-03-10 16:00:00,0,0,0
2024-03-10 17:00:00,0,0,0
2024-03-10 18:00:00,0,0,0
2024-03-10 19:00:00,0,0,0
2024-03-10 20:00:00,0,0,0
2024-03-10 21:00:00,0,0,0
2024-03-10 22:00:00,0,0,0
2024-03-10 23:00:00,0,0,0
2024-03-11 00:00:00,0,0,0
2024-03-11 01:00:00,0,0,0
2024-03-11 02:00:00,0,0,0
2024-03-11 03:00:00,0,0,0
2024-03-11 04:00:00,0,0,0
2024-03-11 05:00:00,0,0,0
2024-03-11 06:00:00,0,0,0
2024-03-11 07:00:00,0,0,0
2024-03-11 08:00:00,0,0,0
2024-03-11 09:00:00,0,0,0
2024-03-11 10:00:00,0,0,0
2024-03-11 11:00:00,0,0,0
2024-03-11 12:00:00,0,0,0
2024-03-11 13:00:00,0,0,0
2024-03-11 14:00:00,0,0,0
2024-03-11 15:00:00,0,0,0
2024-03-11 16:00:00,0,0,0
2024-03-11 17:00:00,0,0,0
2024-03-11 18:00:00,0,0,0
2024-03-11 19:00:00,0,0,0
2024-03-11 20:00:00,0,0,0
2024-03-11 21:00:00,0,0,0
2024-03-11 22:00:00,0,0,0
2024-03-11 23:00:00,0,0,0
2024-03-12 00:00:00,0,0,0
2024-03-12 01:00:00,0,0,0
2024-03-12 02:00:00,0,0,0
2024-03-12 03:00:00,0,0,0
2024-03-12 04:00:00,0,0,0
2024-03-12 05:00:00,0,0,0
2024-03-12 06:00:00,0,0,0
2024-03-12 07:00:00,0,0,0
2024-03-12 08:00:00,0,0,0
2024-03-12 09:00:00,0,0,0
2024-03-12 10:00:00,0,0,0
2024-03-12 11:00:00,0,0,0
2024-03-12 12:00:00,0,0,0
2024-03-12 13:00:00,0,0,0
2024-03-12 14:00:00,0,0,0
2024-03-12 15:00:00,0,0,0
2024-03-12 16:00:00,0,0,0
2024-03-12 17:00:00,0,0,0
2024-03-12 18:00:00,0,0,0
2024-03-12 19:00:00,0,0,0
2024-03-12 20:00:00,0,0,0
2024-03-12 21:00:00,0,0,0
2024-03-12 22:00:00,0,0,0
2024-03-12 23:00:00,0,0,0
2024-03-13 00:00:00,0,0,0
2024-03-13 01:00:00,0,0,0
2024-03-13 02:00:00,0,0,0
2024-03-13 03:00:00,0,0,0
2024-03-13 04:00:00,0,0,0
2024-03-13 05:00:00,0,0,0
2024-03-13 06:00:00,0,0,0
2024-03-13 07:00:00,0,0,0
2024-03-13 08:00:00,0,0,0
2024-03-13 09:00:00,0,0,0
2024-03-13 10:00:00,0,0,0
2024-03-13 11:00:00,0,0,0
2024-03-13 12:00:00,0,0,0
2024-03-13 13:00:00,0,0,0
2024-03-13 14:00:00,0,0,0
2024-03-13 15:00:00,0,0,0
2024-03-13 16:00:00,0,0,0
2024-03-13 17:00:00,0,0,0
2024-03-13 18:00:00,0,0,0
2024-03-13 19:00:00,0,0,0
2024-03-13 20:00:00,0,0,0
2024-03-13 21:00:00,0,0,0
2024-03-13 22:00:00,0,0,0
2024-03-13 23:00:00,0,0,0
2024-03-14 00:00:00,0,0,0
2024-03-14 01:00:00,0,0,0
2024-03-14 02:00:00,0,0,0
2024-03-14 03:00:00,0,0,0
2024-03-14 04:00:00,0,0,0
2024-03-14 05:00:00,0,0,0
2024-03-14 06:00:00,0,0,0
2024-03-14 07:00:00,0,0,0
2024-03-14 08:00:00,0,0,0
2024-03-14 09:00:00,0,0,0
2024-03-14 10:00:00,0,0,0
2024-03-14 11:00:00,0,0,0
2024-03-14 12:00:00,0,0,0
2024-03-14 13:00:00,0,0,0
2024-03-14 14:00:00,0,0,0
2024-03-14 15:00:00,0,0,0
2024-03-14 16:00:00,0,0,0
2024-03-14 17:00:00,0,0,0
2024-03-14 18:00:00,0,0,0
2024-03-14 19:00:00,0,0,0
2024-03-14 20:00:00,0,0,0
2024-03-14 21:00:00,0,0,0
2024-03-14 22:00:00,0,0,0
2024-03-14 23:00:00,0,0,0
2024-03-15 00:00:00,0,0,0
2024-03-15 01:00:00,0,0,0
2024-03-15 02:00:00,0,0,0
2024-03-15 03:00:00,0,0,0
2024-03-15 04:00:00,0,0,0
2024-03-15 05:00:00,0,0,0
2024-03-15 06:00:00,0,0,0
2024-03-15 07:00:00,0,0,0
2024-03-15 08:00:00,0,0,0
2024-03-15 09:00:00,0,0,0
2024-03-15 10:00:00,0,0,0
2024-03-15 11:00:00,0,0,0
2024-03-15 12:00:00,0,0,0
2024-03-15 13:00:00,0,0,0
2024-03-15 14:00:00,0,0,0
2024-03-15 15:00:00,0,0,0
2024-03-15 16:00:00,0,0,0
2024-03-15 17:00:00,0,0,0
2024-03-15 18:00:00,0,0,0
2024-03-15 19:00:00,0,0,0
2024-03-15 20:00:00,0,0,0
2024-03-15 21:00:00,0,0,0
2024-03-15 22:00:00,0,0,0
2024-03-15 23:00:00,0,0,0
2024-03-16 00:00:00,0,0,0
2024-03-16 01:00:00,0,0,0
2024-03-16 02:00:00,0,0,0
2024-03-16 03:00:00,0,0,0
2024-03-16 04:00:00,0,0,0
2024-03-16 05:00:00,0,0,0
2024-03-16 06:00:00,0,0,0
2024-03-16 07:00:00,0,0,0
2024-03-16 08:00:00,0,0,0
2024-03-16 09:00:00,0,0,0
2024-03-16 10:00:00,0,0,0
2024-03-16 11:00:00,0,0,0
2024-03-16 12:00:00,0,0,0
2024-03-16 13:00:00,0,0,0
2024-03-16 14:00:00,0,0,0
2024-03-16 15:00:00,0,0,0
2024-03-16 16:00:00,0,0,0
2024-03-16 17:00:00,0,0,0
2024-03-16 18:00:00,0,0,0
2024-03-16 19:00:00,0,0,0
2024-03-16 20:00:00,0,0,0
2024-03-16 21:00:00,0,0,0
2024-03-16 22:00:00,0,0,0
2024-03-16 23:00:00,0,0,0
2024-03-17 00:00:00,0,0,0
2024-03-17 01:00:00,0,0,0
2024-03-17 02:00:00,0,0,0
2024-03-17 03:00:00,0,0,0
2024-03-17 04:00:00,0,0,0
2024-03-17 05:00:00,0,0,0
2024-03-17 06:00:00,0,0,0
2024-03-17 07:00:00,0,0,0
2024-03-17 08:00:00,0,0,0
2024-03-17 09:00:00,0,0,0
2024-03-17 10:00:00,0,0,0
2024-03-17 11:00:00,0,0,0
2024-03-17 12:00:00,0,0,0
2024-03-17 13:00:00,0,0,0
2024-03-17 14:00:00,0,0,0
2024-03-17 15:00:00,0,0,0
2024-03-17 16:00:00,0,0,0
2024-03-17 17:00:00,0,0,0
2024-03-17 18:00:00,0,0,0
2024-03-17 19:00:00,0,0,0
2024-03-17 20:00:00,0,0,0
2024-03-17 21:00:00,0,0,0
2024-03-17 22:00:00,0,0,0
2024-03-17 23:00:00,0,0,0
2024-03-18 00:00:00,0,0,0
2024-03-18 01:00:00,0,0,0
2024-03-18 02:00:00,0,0,0
2024-03-18 03:00:00,0,0,0
2024-03-18 04:00:00,0,0,0
2024-03-18 05:00:00,0,0,0
2024-03-18 06:00:00,0,0,0
2024-03-18 07:00:00,0,0,0
2024-03-18 08:00:00,0,0,0
2024-03-18 09:00:00,0,0,0
2024-03-18 10:00:00,0,0,0
2024-03-18 11:00:00,0,0,0
2024-03-18 12:00:00,0,0,0
2024-03-18 13:00:00,0,0,0
2024-03-18 14:00:00,0,0,0
2024-03-18 15:00:00,0,0,0
2024-03-18 16:00:00,0,0,0
2024-03-18 17:00:00,0,0,0
2024-03-18 18:00:00,0,0,0
2024-03-18 19:00:00,0,0,0
2024-03-18 20:00:00,0,0,0
2024-03-18 21:00:00,0,0,0
2024-03-18 22:00:00,0,0,0
2024-03-18 23:00:00,0,0,0
2024-03-19 00:00:00,0,0,0
2024-03-19 01:00:00,0,0,0
2024-03-19 02:00:00,0,0,0
2024-03-19 03:00:00,0,0,0
2024-03-19 04:00:00,0,0,0
2024-03-19 05:00:00,0,0,0
2024-03-19 06:00:00,0,0,0
2024-03-19 07:00:00,0,0,0
2024-03-19 08:00:00,0,0,0
2024-03-19 09:00:00,0,0,0
2024-03-19 10:00:00,0,0,0
2024-03-19 11:00:00,0,0,0
2024-03-19 12:00:00,0,0,0
2024-03-19 13:00:00,0,0,0
2024-03-19 14:00:00,0,0,0
2024-03-19 15:00:00,0,0,0
2024-03-19 16:00:00,0,0,0
2024-03-19 17:00:00,0,0,0
2024-03-19 18:00:00,0,0,0
2024-03-19 19:00:00,0,0,0
2024-03-19 20:00:00,0,0,0
2024-03-19 21:00:00,0,0,0
2024-03-19 22:00:00,0,0,0
2024-03-19 23:00:00,0,0,0
2024-03-20 00:00:00,0,0,0
2024-03-20 01:00:00,0,0,0
2024-03-20 02:00:00,0,0,0
2024-03-20 03:00:00,0,0,0
2024-03-20 04:00:00,0,0,0
2024-03-20 05:00:00,0,0,0
2024-03-20 06:00:00,0,0,0
2024-03-20 07:00:00,0,0,0
2024-03-20 08:00:00,0,0,0
2024-03-20 09:00:00,0,0,0
2024-03-20 10:00:00,0,0,0
2024-03-20 11:00:00,0,0,0
2024-03-20 12:00:00,0,0,0
2024-03-20 13:00:00,0,0,0
2024-03-20 14:00:00,0,0,0
2024-03-20 15:00:00,0,0,0
2024-03-20 16:00:00,0,0,0
2024-03-20 17:00:00,0,0,0
2024-03-20 18:00:00,0,0,0
2024-03-20 19:00:00,0,0,0
2024-03-20 20:00:00,0,0,0
2024-03-20 21:00:00,0,0,0
2024-03-20 22:00:00,0,0,0
2024-03-20 23:00:00,0,0,0
2024-03-21 00:00:00,0,0,0
2024-03-21 01:00:00,0,0,0
2024-03-21 02:00:00,0,0,0
2024-03-21 03:00:00,0,0,0
2024-03-21 04:00:00,0,0,0
2024-03-21 05:00:00,0,0,0
2024-03-21 06:00:00,0,0,0
2024-03-21 07:00:00,0,0,0
2024-03-21 08:00:00,0,0,0
2024-03-21 09:00:00,0,0,0
2024-03-21 10:00:00,0,0,0
2024-03-21 11:00:00,0,0,0
2024-03-21 12:00:00,0,0,0
2024-03-21 13:00:00,0,0,0
2024-03-21 14:00:00,0,0,0
2024-03-21 15:00:00,0,0,0
2024-03-21 16:00:00,0,0,0
2024-03-21 17:00:00,0,0,0
2024-03-21 18:00:00,0,0,0
2024-03-21 19:00:00,0,0,0
2024-03-21 20:00:00,0,0,0
2024-03-21 21:00:00,0,0,0
2024-03-21 22:00:00,0,0,0
2024-03-21 23:00:00,0,0,0
2024-03-22 00:00:00,0,0,0
2024-03-22 01:00:00,0,0,0
2024-03-22 02:00:00,0,0,0
2024-03-22 03:00:00,0,0,0
2024-03-22 04:00:00,0,0,0
2024-03-22 05:00:00,0,0,0
2024-03-22 06:00:00,0,0,0
2024-03-22 07:00:00,0,0,0
2024-03-22 08:00:00,0,0,0
2024-03-22 09:00:00,0,0,0
2024-03-22 10:00:00,0,0,0
2024-03-22 11:00:00,0,0,0
2024-03-22 12:00:00,0,0,0
2024-03-22 13:00:00,0,0,0
2024-03-22 14:00:00,0,0,0
2024-03-22 15:00:00,0,0,0
2024-03-22 16:00:00,0,0,0
2024-03-22 17:00:00,0,0,0
2024-03-22 18:00:00,0,0,0
2024-03-22 19:00:00,0,0,0
2024-03-22 20:00:00,0,0,0
2024-03-22 21:00:00,0,0,0
2024-03-22 22:00:00,0,0,0
2024-03-22 23:00:00,0,0,0
2024-03-23 00:00:00,0,0,0
2024-03-23 01:00:00,0,0,0
2024-03-23 02:00:00,0,0,0
2024-03-23 03:00:00,0,0,0
2024-03-23 04:00:00,0,0,0
2024-03-23 05:00:00,0,0,0
2024-03-23 06:00:00,0,0,0
2024-03-23 07:00:00,0,0,0
2024-03-23 08:00:00,0,0,0
2024-03-23 09:00:00,0,0,0
2024-03-23 10:00:00,0,0,0
2024-03-23 11:00:00,0,0,0
2024-03-23 12:00:00,0,0,0
2024-03-23 13:00:00,0,0,0
2024-03-23 14:00:00,0,0,0
2024-03-23 15:00:00,0,0,0
2024-03-23 16:00:00,0,0,0
2024-03-23 17:00:00,0,0,0
2024-03-23 18:00:00,0,0,0
2024-03-23 19:00:00,0,0,0
2024-03-23 20:00:00,0,0,0
2024-03-23 21:00:00,0,0,0
2024-03-23 22:00:00,0,0,0
2024-03-23 23:00:00,0,0,0
2024-03-24 00:00:00,0,0,0
2024-03-24 01:00:00,0,0,0
2024-03-24 02:00:00,0,0,0
2024-03-24 03:00:00,0,0,0
2024-03-24 04:00:00,0,0,0
2024-03-24 05:00:00,0,0,0
2024-03-24 06:00:00,0,0,0
2024-03-24 07:00:00,0,0,0
2024-03-24 08:00:00,0,0,0
2024-03-24 09:00:00,0,0,0
2024-03-24 10:00:00,0,0,0
2024-03-24 11:00:00,0,0,0
2024-03-24 12:00:00,0,0,0
2024-03-24 13:00:00,0,0,0
2024-03-24 14:00:00,0,0,0
2024-03-24 15:00:00,0,0,0
2024-03-24 16:00:00,0,0,0
2024-03-24 17:00:00,0,0,0
2024-03-24 18:00:00,0,0,0
2024-03-24 19:00:00,0,0,0
2024-03-24 20:00:00,0,0,0
2024-03-24 21:00:00,0,0,0
2024-03-24 22:00:00,0,0,0
2024-03-24 23:00:00,0,0,0
2024-03-25 00:00:00,0,0,0
2024-03-25 01:00:00,0,0,0
2024-03-25 02:00:00,0,0,0
2024-03-25 03:00:00,0,0,0
2024-03-25 04:00:00,0,0,0
2024-03-25 05:00:00,0,0,0
2024-03-25 06:00:00,0,0,0
2024-03-25 07:00:00,0,0,0
2024-03-25 08:00:00,0,0,0
2024-03-25 09:00:00,0,0,0
2024-03-25 10:00:00,0,0,0
2024-03-25 11:00:00,0,0,0
2024-03-25 12:00:00,0,0,0
2024-03-25 13:00:00,0,0,0
2024-03-25 14:00:00,0,0,0
2024-03-25 15:00:00,0,0,0
2024-03-25 16:00:00,0,0,0
2024-03-25 17:00:00,0,0,0
2024-03-25 18:00:00,0,0,0
2024-03-25 19:00:00,0,0,0
2024-03-25 20:00:00,0,0,0
2024-03-25 21:00:00,0,0,0
2024-03-25 22:00:00,0,0,0
2024-03-25 23:00:00,0,0,0
2024-03-26 00:00:00,0,0,0
2024-03-26 01:00:00,0,0,0
2024-03-26 02:00:00,0,0,0
2024-03-26 03:00:00,0,0,0
2024-03-26 04:00:00,0,0,0
2024-03-26 05:00:00,0,0,0
2024-03-26 06:00:00,0,0,0
2024-03-26 07:00:00,0,0,0
2024-03-26 08:00:00,0,0,0
2024-03-26 09:00:00,0,0,0
2024-03-26 10:00:00,0,0,0
2024-03-26 11:00:00,0,0,0
2024-03-26 12:00:00,0,0,0
2024-03-26 13:00:00,0,0,0
2024-03-26 14:00:00,0,0,0
2024-03-26 15:00:00,0,0,0
2024-03-26 16:00:00,0,0,0
2024-03-26 17:00:00,0,0,0
2024-03-26 18:00:00,0,0,0
2024-03-26 19:00:00,0,0,0
2024-03-26 20:00:00,0,0,0
2024-03-26 21:00:00,0,0,0
2024-03-26 22:00:00,0,0,0
2024-03-26 23:00:00,0,0,0
2024-03-27 00:00:00,0,0,0
2024-03-27 01:00:00,0,0,0
2024-03-27 02:00:00,0,0,0
2024-03-27 03:00:00,0,0,0
2024-03-27 04:00:00,0,0,0
2024-03-27 05:00:00,0,0,0
2024-03-27 06:00:00,0,0,0
2024-03-27 07:00:00,0,0,0
2024-03-27 08:00:00,0,0,0
2024-03-27 09:00:00,0,0,0
2024-03-27 10:00:00,0,0,0
2024-03-27 11:00:00,0,0,0
2024-03-27 12:00:00,0,0,0
2024-03-27 13:00:00,0,0,0
2024-03-27 14:00:00,0,0,0
2024-03-27 15:00:00,0,0,0
2024-03-27 16:00:00,0,0,0
2024-03-27 17:00:00,0,0,0
2024-03-27 18:00:00,0,0,0
2024-03-27 19:00:00,0,0,0
2024-03-27 20:00:00,0,0,0
2024-03-27 21:00:00,0,0,0
2024-03-27 22:00:00,0,0,0
2024-03-27 23:00:00,0,0,0
2024-03-28 00:00:00,0,0,0
2024-03-28 01:00:00,0,0,0
2024-03-28 02:00:00,0,0,0
2024-03-28 03:00:00,0,0,0
2024-03-28 04:00:00,0,0,0
2024-03-28 05:00:00,0,0,0
2024-03-28 06:00:00,0,0,0
2024-03-28 07:00:00,0,0,0
2024-03-28 08:00:00,0,0,0
2024-03-28 09:00:00,0,0,0
2024-03-28 10:00:00,0,0,0
2024-03-28 11:00:00,0,0,0
2024-03-28 12:00:00,0,0,0
2024-03-28 13:00:00,0,0,0
2024-03-28 14:00:00,0,0,0
2024-03-28 15:00:00,0,0,0
2024-03-28 16:00:00,0,0,0
2024-03-28 17:00:00,0,0,0
2024-03-28 18:00:00,0,0,0
2024-03-28 19:00:00,0,0,0
2024-03-28 20:00:00,0,0,0
2024-03-28 21:00:00,0,0,0
2024-03-28 22:00:00,0,0,0
2024-03-28 23:00:00,0,0,0
2024-03-29 00:00:00,0,0,0
2024-03-29 01:00:00,0,0,0
2024-03-29 02:00:00,0,0,0
2024-03-29 03:00:00,0,0,0
2024-03-29 04:00:00,0,0,0
2024-03-29 05:00:00,0,0,0
2024-03-29 06:00:00,0,0,0
2024-03-29 07:00:00,0,0,0
2024-03-29 08:00:00,0,0,0
2024-03-29 09:00:00,0,0,0
2024-03-29 10:00:00,0,0,0
2024-03-29 11:00:00,0,0,0
2024-03-29 12:00:00,0,0,0
2024-03-29 13:00:00,0,0,0
2024-03-29 14:00:00,0,0,0
2024-03-29 15:00:00,0,0,0
2024-03-29 16:00:00,0,0,0
2024-03-29 17:00:00,0,0,0
2024-03-29 18:00:00,0,0,0
2024-03-29 19:00:00,0,0,0
2024-03-29 20:00:00,0,0,0
2024-03-29 21:00:00,0,0,0
2024-03-29 22:00:00,0,0,0
2024-03-29 23:00:00,0,0,0
2024-03-30 00:00:00,0,0,0
2024-03-30 01:00:00,0,0,0
2024-03-30 02:00:00,0,0,0
2024-03-30 03:00:00,0,0,0
2024-03-30 04:00:00,0,0,0
2024-03-30 05:00:00,0,0,0
2024-03-30 06:00:00,0,0,0
2024-03-30 07:00:00,0,0,0
2024-03-30 08:00:00,0,0,0
2024-03-30 09:00:00,0,0,0
2024-03-30 10:00:00,0,0,0
2024-03-30 11:00:00,0,0,0
2024-03-30 12:00:00,0,0,0
2024-03-30 13:00:00,0,0,0
2024-03-30 14:00:00,0,0,0
2024-03-30 15:00:00,0,0,0
2024-03-30 16:00:00,0,0,0
2024-03-30 17:00:00,0,0,0
2024-03-30 18:00:00,0,0,0
2024-03-30 19:00:00,0,0,0
2024-03-30 20:00:00,0,0,0
2024-03-30 21:00:00,0,0,0
2024-03-30 22:00:00,0,0,0
2024-03-30 23:00:00,0,0,0
2024-03-31 00:00:00,0,0,0
2024-03-31 01:00:00,0,0,0
2024-03-31 02:00:00,0,0,0
2024-03-31 03:00:00,0,0,0
2024-03-31 04:00:00,0,0,0
2024-03-31 05:00:00,0,0,0
2024-03-31 06:00:00,0,0,0
2024-03-31 07:00:00,0,0,0
2024-03-31 08:00:00,0,0,0
2024-03-31 09:00:00,0,0,0
2024-03-31 10:00:00,0,0,0
2024-03-31 11:00:00,0,0,0
2024-03-31 12:00:00,0,0,0
2024-03-31 13:00:00,0,0,0
2024-03-31 14:00:00,0,0,0
2024-03-31 15:00:00,0,0,0
2024-03-31 16:00:00,0,0,0
2024-03-31 17:00:00,0,0,0
2024-03-31 18:00:00,0,0,0
2024-03-31 19:00:00,0,0,0
2024-03-31 20:00:00,0,0,0
2024-03-31 21:00:00,0,0,0
2024-03-31 22:00:00,0,0,0
2024-03-31 23:00:00,0,0,0
2024-04-01 00:00:00,0,0,0
2024-04-01 01:00:00,0,0,0
2024-04-01 02:00:00,0,0,0
2024-04-01 03:00:00,0,0,0
2024-04-01 04:00:00,0,0,0
2024-04-01 05:00:00,0,0,0
2024-04-01 06:00:00,0,0,0
2024-04-01 07:00:00,0,0,0
2024-04-01 08:00:00,0,0,0
2024-04-01 09:00:00,0,0,0
2024-04-01 10:00:00,0,0,0
2024-04-01 11:00:00,0,0,0
2024-04-01 12:00:00,0,0,0
2024-04-01 13:00:00,0,0,0
2024-04-01 14:00:00,0,0,0
2024-04-01 15:00:00,0,0,0
2024-04-01 16:00:00,0,0,0
2024-04-01 17:00:00,0,0,0
2024-04-01 18:00:00,0,0,0
2024-04-01 19:00:00,0,0,0
2024-04-01 20:00:00,0,0,0
2024-04-01 21:00:00,0,0,0
2024-04-01 22:00:00,0,0,0
2024-04-01 23:00:00,0,0,0
2024-04-02 00:00:00,0,0,0
2024-04-02 01:00:00,0,0,0
2024-04-02 02:00:00,0,0,0
2024-04-02 03:00:00,0,0,0
2024-04-02 04:00:00,0,0,0
2024-04-02 05:00:00,0,0,0
2024-04-02 06:00:00,0,0,0
2024-04-02 07:00:00,0,0,0
2024-04-02 08:00:00,0,0,0
2024-04-02 09:00:00,0,0,0
2024-04-02 10:00:00,0,0,0
2024-04-02 11:00:00,0,0,0
2024-04-02 12:00:00,0,0,0
2024-04-02 13:00:00,0,0,0
2024-04-02 14:00:00,0,0,0
2024-04-02 15:00:00,0,0,0
2024-04-02 16:00:00,0,0,0
2024-04-02 17:00:00,0,0,0
2024-04-02 18:00:00,0,0,0
2024-04-02 19:00:00,0,0,0
2024-04-02 20:00:00,0,0,0
2024-04-02 21:00:00,0,0,0
2024-04-02 22:00:00,0,0,0
2024-04-02 23:00:00,0,0,0
2024-04-03 00:00:00,0,0,0
2024-04-03 01:00:00,0,0,0
2024-04-03 02:00:00,0,0,0
2024-04-03 03:00:00,0,0,0
2024-04-03 04:00:00,0,0,0
2024-04-03 05:00:00,0,0,0
2024-04-03 06:00:00,0,0,0
2024-04-03 07:00:00,0,0,0
2024-04-03 08:00:00,0,0,0
2024-04-03 09:00:00,0,0,0
2024-04-03 10:00:00,0,0,0
2024-04-03 11:00:00,0,0,0
2024-04-03 12:00:00,0,0,0
2024-04-03 13:00:00,0,0,0
2024-04-03 14:00:00,0,0,0
2024-04-03 15:00:00,0,0,0
2024-04-03 16:00:00,0,0,0
2024-04-03 17:00:00,0,0,0
2024-04-03 18:00:00,0,0,0
2024-04-03 19:00:00,0,0,0
2024-04-03 20:00:00,0,0,0
2024-04-03 21:00:00,0,0,0
2024-04-03 22:00:00,0,0,0
2024-04-03 23:00:00,0,0,0
2024-04-04 00:00:00,0,0,0
2024-04-04 01:00:00,0,0,0
2024-04-04 02:00:00,0,0,0
2024-04-04 03:00:00,0,0,0
2024-04-04 04:00:00,0,0,0
2024-04-04 05:00:00,0,0,0
2024-04-04 06:00:00,0,0,0
2024-04-04 07:00:00,0,0,0
2024-04-04 08:00:00,0,0,0
2024-04-04 09:00:00,0,0,0
2024-04-04 10:00:00,0,0,0
2024-04-04 11:00:00,0,0,0
2024-04-04 12:00:00,0,0,0
2024-04-04 13:00:00,0,0,0
2024-04-04 14:00:00,0,0,0
2024-04-04 15:00:00,0,0,0
2024-04-04 16:00:00,0,0,0
2024-04-04 17:00:00,0,0,0
2024-04-04 18:00:00,0,0,0
2024-04-04 19:00:00,0,0,0
2024-04-04 20:00:00,0,0,0
2024-04-04 21:00:00,0,0,0
2024-04-04 22:00:00,0,0,0
2024-04-04 23:00:00,0,0,0
2024-04-05 00:00:00,0,0,0
2024-04-05 01:00:00,0,0,0
2024-04-05 02:00:00,0,0,0
2024-04-05 03:00:00,0,0,0
2024-04-05 04:00:00,0,0,0
2024-04-05 05:00:00,0,0,0
2024-04-05 06:00:00,0,0,0
2024-04-05 07:00:00,0,0,0
2024-04-05 08:00:00,0,0,0
2024-04-05 09:00:00,0,0,0
2024-04-05 10:00:00,0,0,0
2024-04-05 11:00:00,0,0,0
2024-04-05 12:00:00,0,0,0
2024-04-05 13:00:00,0,0,0
2024-04-05 14:00:00,0,0,0
2024-04-05 15:00:00,0,0,0
2024-04-05 16:00:00,0,0,0
2024-04-05 17:00:00,0,0,0
2024-04-05 18:00:00,0,0,0
2024-04-05 19:00:00,0,0,0
2024-04-05 20:00:00,0,0,0
2024-04-05 21:00:00,0,0,0
2024-04-05 22:00:00,0,0,0
2024-04-05 23:00:00,0,0,0
2024-04-06 00:00:00,0,0,0
2024-04-06 01:00:00,0,0,0
2024-04-06 02:00:00,0,0,0
2024-04-06 03:00:00,0,0,0
2024-04-06 04:00:00,0,0,0
2024-04-06 05:00:00,0,0,0
2024-04-06 06:00:00,0,0,0
2024-04-06 07:00:00,0,0,0
2024-04-06 08:00:00,0,0,0
2024-04-06 09:00:00,0,0,0
2024-04-06 10:00:00,0,0,0
2024-04-06 11:00:00,0,0,0
2024-04-06 12:00:00,0,0,0
2024-04-06 13:00:00,0,0,0
2024-04-06 14:00:00,0,0,0
2024-04-06 15:00:00,0,0,0
2024-04-06 16:00:00,0,0,0
2024-04-06 17:00:00,0,0,0
2024-04-06 18:00:00,0,0,0
2024-04-06 19:00:00,0,0,0
2024-04-06 20:00:00,0,0,0
2024-04-06 21:00:00,0,0,0
2024-04-06 22:00:00,0,0,0
2024-04-06 23:00:00,0,0,0
2024-04-07 00:00:00,0,0,0
2024-04-07 01:00:00,0,0,0
2024-04-07 02:00:00,0,0,0
2024-04-07 03:00:00,0,0,0
2024-04-07 04:00:00,0,0,0
2024-04-07 05:00:00,0,0,0
2024-04-07 06:00:00,0,0,0
2024-04-07 07:00:00,0,0,0
2024-04-07 08:00:00,0,0,0
2024-04-07 09:00:00,0,0,0
2024-04-07 10:00:00,0,0,0
2024-04-07 11:00:00,0,0,0
2024-04-07 12:00:00,0,0,0
2024-04-07 13:00:00,0,0,0
2024-04-07 14:00:00,0,0,0
2024-04-07 15:00:00,0,0,0
2024-04-07 16:00:00,0,0,0
2024-04-07 17:00:00,0,0,0
2024-04-07 18:00:00,0,0,0
2024-04-07 19:00:00,0,0,0
2024-04-07 20:00:00,0,0,0
2024-04-07 21:00:00,0,0,0
2024-04-07 22:00:00,0,0,0
2024-04-07 23:00:00,0,0,0
2024-04-08 00:00:00,0,0,0
2024-04-08 01:00:00,0,0,0
2024-04-08 02:00:00,0,0,0
2024-04-08 03:00:00,0,0,0
2024-04-08 04:00:00,0,0,0
2024-04-08 05:00:00,0,0,0
2024-04-08 06:00:00,0,0,0
2024-04-08 07:00:00,0,0,0
2024-04-08 08:00:00,0,0,0
2024-04-08 09:00:00,0,0,0
2024-04-08 10:00:00,0,0,0
2024-04-08 11:00:00,0,0,0
2024-04-08 12:00:00,0,0,0
2024-04-08 13:00:00,0,0,0
2024-04-08 14:00:00,0,0,0
2024-04-08 15:00:00,0,0,0
2024-04-08 16:00:00,0,0,0
2024-04-08 17:00:00,0,0,0
2024-04-08 18:00:00,0,0,0
2024-04-08 19:00:00,0,0,0
2024-04-08 20:00:00,0,0,0
2024-04-08 21:00:00,0,0,0
2024-04-08 22:00:00,0,0,0
2024-04-08 23:00:00,0,0,0
2024-04-09 00:00:00,0,0,0
2024-04-09 01:00:00,0,0,0
2024-04-09 02:00:00,0,0,0
2024-04-09 03:00:00,0,0,0
2024-04-09 04:00:00,0,0,0
2024-04-09 05:00:00,0,0,0
2024-04-09 06:00:00,0,0,0
2024-04-09 07:00:00,0,0,0
2024-04-09 08:00:00,0,0,0
2024-04-09 09:00:00,0,0,0
2024-04-09 10:00:00,0,0,0
2024-04-09 11:00:00,0,0,0
2024-04-09 12:00:00,0,0,0
2024-04-09 13:00:00,0,0,0
2024-04-09 14:00:00,0,0,0
2024-04-09 15:00:00,0,0,0
2024-04-09 16:00:00,0,0,0
2024-04-09 17:00:00,0,0,0
2024-04-09 18:00:00,0,0,0
2024-04-09 19:00:00,0,0,0
2024-04-09 20:00:00,0,0,0
2024-04-09 21:00:00,0,0,0
2024-04-09 22:00:00,0,0,0
2024-04-09 23:00:00,0,0,0
2024-04-10 00:00:00,0,0,0
2024-04-10 01:00:00,0,0,0
2024-04-10 02:00:00,0,0,0
2024-04-10 03:00:00,0,0,0
2024-04-10 04:00:00,0,0,0
2024-04-10 05:00:00,0,0,0
2024-04-10 06:00:00,0,0,0
2024-04-10 07:00:00,0,0,0
2024-04-10 08:00:00,0,0,0
2024-04-10 09:00:00,0,0,0
2024-04-10 10:00:00,0,0,0
2024-04-10 11:00:00,0,0,0
2024-04-10 12:00:00,0,0,0
2024-04-10 13:00:00,0,0,0
2024-04-10 14:00:00,0,0,0
2024-04-10 15:00:00,0,0,0
2024-04-10 16:00:00,0,0,0
2024-04-10 17:00:00,0,0,0
2024-04-10 18:00:00,0,0,0
2024-04-10 19:00:00,0,0,0
2024-04-10 20:00:00,0,0,0
2024-04-10 21:00:00,0,0,0
2024-04-10 22:00:00,0,0,0
2024-04-10 23:00:00,0,0,0
2024-04-11 00:00:00,0,0,0
2024-04-11 01:00:00,0,0,0
2024-04-11 02:00:00,0,0,0
2024-04-11 03:00:00,0,0,0
2024-04-11 04:00:00,0,0,0
2024-04-11 05:00:00,0,0,0
2024-04-11 06:00:00,0,0,0
2024-04-11 07:00:00,0,0,0
2024-04-11 08:00:00,0,0,0
2024-04-11 09:00:00,0,0,0
2024-04-11 10:00:00,0,0,0
2024-04-11 11:00:00,0,0,0
2024-04-11 12:00:00,0,0,0
2024-04-11 13:00:00,0,0,0
2024-04-11 14:00:00,0,0,0
2024-04-11 15:00:00,0,0,0
2024-04-11 16:00:00,0,0,0
2024-04-11 17:00:00,0,0,0
2024-04-11 18:00:00,0,0,0
2024-04-11 19:00:00,0,0,0
2024-04-11 20:00:00,0,0,0
2024-04-11 21:00:00,0,0,0
2024-04-11 22:00:00,0,0,0
2024-04-11 23:00:00,0,0,0
2024-04-12 00:00:00,0,0,0
2024-04-12 01:00:00,0,0,0
2024-04-12 02:00:00,0,0,0
2024-04-12 03:00:00,0,0,0
2024-04-12 04:00:00,0,0,0
2024-04-12 05:00:00,0,0,0
2024-04-12 06:00:00,0,0,0
2024-04-12 07:00:00,0,0,0
2024-04-12 08:00:00,0,0,0
2024-04-12 09:00:00,0,0,0
2024-04-12 10:00:00,0,0,0
2024-04-12 11:00:00,0,0,0
2024-04-12 12:00:00,0,0,0
2024-04-12 13:00:00,0,0,0
2024-04-12 14:00:00,0,0,0
2024-04-12 15:00:00,0,0,0
2024-04-12 16:00:00,0,0,0
2024-04-12 17:00:00,0,0,0
2024-04-12 18:00:00,0,0,0
2024-04-12 19:00:00,0,0,0
2024-04-12 20:00:00,0,0,0
2024-04-12 21:00:00,0,0,0
2024-04-12 22:00:00,0,0,0
2024-04-12 23:00:00,0,0,0
2024-04-13 00:00:00,0,0,0
2024-04-13 01:00:00,0,0,0
2024-04-13 02:00:00,0,0,0
2024-04-13 03:00:00,0,0,0
2024-04-13 04:00:00,0,0,0
2024-04-13 05:00:00,0,0,0
2024-04-13 06:00:00,0,0,0
2024-04-13 07:00:00,0,0,0
2024-04-13 08:00:00,0,0,0
2024-04-13 09:00:00,0,0,0
2024-04-13 10:00:00,0,0,0
2024-04-13 11:00:00,0,0,0
2024-04-13 12:00:00,0,0,0
2024-04-13 13:00:00,0,0,0
2024-04-13 14:00:00,0,0,0
2024-04-13 15:00:00,0,0,0
2024-04-13 16:00:00,0,0,0
2024-04-13 17:00:00,0,0,0
2024-04-13 18:00:00,0,0,0
2024-04-13 19:00:00,0,0,0
2024-04-13 20:00:00,0,0,0
2024-04-13 21:00:00,0,0,0
2024-04-13 22:00:00,0,0,0
2024-04-13 23:00:00,0,0,0
2024-04-14 00:00:00,0,0,0
2024-04-14 01:00:00,0,0,0
2024-04-14 02:00:00,0,0,0
2024-04-14 03:00:00,0,0,0
2024-04-14 04:00:00,0,0,0
2024-04-14 05:00:00,0,0,0
2024-04-14 06:00:00,0,0,0
2024-04-14 07:00:00,0,0,0
2024-04-14 08:00:00,0,0,0
2024-04-14 09:00:00,0,0,0
2024-04-14 10:00:00,0,0,0
2024-04-14 11:00:00,0,0,0
2024-04-14 12:00:00,0,0,0
2024-04-14 13:00:00,0,0,0
2024-04-14 14:00:00,0,0,0
2024-04-14 15:00:00,0,0,0
2024-04-14 16:00:00,0,0,0
2024-04-14 17:00:00,0,0,0
2024-04-14 18:00:00,0,0,0
2024-04-14 19:00:00,0,0,0
2024-04-14 20:00:00,0,0,0
2024-04-14 21:00:00,0,0,0
2024-04-14 22:00:00,0,0,0
2024-04-14 23:00:00,0,0,0
2024-04-15 00:00:00,0,0,0
2024-04-15 01:00:00,0,0,0
2024-04-15 02:00:00,0,0,0
2024-04-15 03:00:00,0,0,0
2024-04-15 04:00:00,0,0,0
2024-04-15 05:00:00,0,0,0
2024-04-15 06:00:00,0,0,0
2024-04-15 07:00:00,0,0,0
2024-04-15 08:00:00,0,0,0
2024-04-15 09:00:00,0,0,0
2024-04-15 10:00:00,0,0,0
2024-04-15 11:00:00,0,0,0
2024-04-15 12:00:00,0,0,0
2024-04-15 13:00:00,0,0,0
2024-04-15 14:00:00,0,0,0
2024-04-15 15:00:00,0,0,0
2024-04-15 16:00:00,0,0,0
2024-04-15 17:00:00,0,0,0
2024-04-15 18:00:00,0,0,0
2024-04-15 19:00:00,0,0,0
2024-04-15 20:00:00,0,0,0
2024-04-15 21:00:00,0,0,0
2024-04-15 22:00:00,0,0,0
2024-04-15 23:00:00,0,0,0
2024-04-16 00:00:00,0,0,0
2024-04-16 01:00:00,0,0,0
2024-04-16 02:00:00,0,0,0
2024-04-16 03:00:00,0,0,0
2024-04-16 04:00:00,0,0,0
2024-04-16 05:00:00,0,0,0
2024-04-16 06:00:00,0,0,0
2024-04-16 07:00:00,0,0,0
2024-04-16 08:00:00,0,0,0
2024-04-16 09:00:00,0,0,0
2024-04-16 10:00:00,0,0,0
2024-04-16 11:00:00,0,0,0
2024-04-16 12:00:00,0,0,0
2024-04-16 13:00:00,0,0,0
2024-04-16 14:00:00,0,0,0
2024-04-16 15:00:00,0,0,0
2024-04-16 16:00:00,0,0,0
2024-04-16 17:00:00,0,0,0
2024-04-16 18:00:00,0,0,0
2024-04-16 19:00:00,0,0,0
2024-04-16 20:00:00,0,0,0
2024-04-16 21:00:00,0,0,0
2024-04-16 22:00:00,0,0,0
2024-04-16 23:00:00,0,0,0
2024-04-17 00:00:00,0,0,0
2024-04-17 01:00:00,0,0,0
2024-04-17 02:00:00,0,0,0
2024-04-17 03:00:00,0,0,0
2024-04-17 04:00:00,0,0,0
2024-04-17 05:00:00,0,0,0
2024-04-17 06:00:00,0,0,0
2024-04-17 07:00:00,0,0,0
2024-04-17 08:00:00,0,0,0
2024-04-17 09:00:00,0,0,0
2024-04-17 10:00:00,0,0,0
2024-04-17 11:00:00,0,0,0
2024-04-17 12:00:00,0,0,0
2024-04-17 13:00:00,0,0,0
2024-04-17 14:00:00,0,0,0
2024-04-17 15:00:00,0,0,0
2024-04-17 16:00:00,0,0,0
2024-04-17 17:00:00,0,0,0
2024-04-17 18:00:00,0,0,0
2024-04-17 19:00:00,0,0,0
2024-04-17 20:00:00,0,0,0
2024-04-17 21:00:00,0,0,0
2024-04-17 22:00:00,0,0,0
2024-04-17 23:00:00,0,0,0
2024-04-18 00:00:00,0,0,0
2024-04-18 01:00:00,0,0,0
2024-04-18 02:00:00,0,0,0
2024-04-18 03:00:00,0,0,0
2024-04-18 04:00:00,0,0,0
2024-04-18 05:00:00,0,0,0
2024-04-18 06:00:00,0,0,0
2024-04-18 07:00:00,0,0,0
2024-04-18 08:00:00,0,0,0
2024-04-18 09:00:00,0,0,0
2024-04-18 10:00:00,0,0,0
2024-04-18 11:00:00,0,0,0
2024-04-18 12:00:00,0,0,0
2024-04-18 13:00:00,0,0,0
2024-04-18 14:00:00,0,0,0
2024-04-18 15:00:00,0,0,0
2024-04-18 16:00:00,0,0,0
2024-04-18 17:00:00,0,0,0
2024-04-18 18:00:00,0,0,0
2024-04-18 19:00:00,0,0,0
2024-04-18 20:00:00,0,0,0
2024-04-18 21:00:00,0,0,0
2024-04-18 22:00:00,0,0,0
2024-04-18 23:00:00,0,0,0
2024-04-19 00:00:00,0,0,0
2024-04-19 01:00:00,0,0,0
2024-04-19 02:00:00,0,0,0
2024-04-19 03:00:00,0,0,0
2024-04-19 04:00:00,0,0,0
2024-04-19 05:00:00,0,0,0
2024-04-19 06:00:00,0,0,0
2024-04-19 07:00:00,0,0,0
2024-04-19 08:00:00,0,0,0
2024-04-19 09:00:00,0,0,0
2024-04-19 10:00:00,0,0,0
2024-04-19 11:00:00,0,0,0
2024-04-19 12:00:00,0,0,0
2024-04-19 13:00:00,0,0,0
2024-04-19 14:00:00,0,0,0
2024-04-19 15:00:00,0,0,0
2024-04-19 16:00:00,0,0,0
2024-04-19 17:00:00,0,0,0
2024-04-19 18:00:00,0,0,0
2024-04-19 19:00:00,0,0,0
2024-04-19 20:00:00,0,0,0
2024-04-19 21:00:00,0,0,0
2024-04-19 22:00:00,0,0,0
2024-04-19 23:00:00,0,0,0
2024-04-20 00:00:00,0,0,0
2024-04-20 01:00:00,0,0,0
2024-04-20 02:00:00,0,0,0
2024-04-20 03:00:00,0,0,0
2024-04-20 04:00:00,0,0,0
2024-04-20 05:00:00,0,0,0
2024-04-20 06:00:00,0,0,0
2024-04-20 07:00:00,0,0,0
2024-04-20 08:00:00,0,0,0
2024-04-20 09:00:00,0,0,0
2024-04-20 10:00:00,0,0,0
2024-04-20 11:00:00,0,0,0
2024-04-20 12:00:00,0,0,0
2024-04-20 13:00:00,0,0,0
2024-04-20 14:00:00,0,0,0
2024-04-20 15:00:00,0,0,0
2024-04-20 16:00:00,0,0,0
2024-04-20 17:00:00,0,0,0
2024-04-20 18:00:00,0,0,0
2024-04-20 19:00:00,0,0,0
2024-04-20 20:00:00,0,0,0
2024-04-20 21:00:00,0,0,0
2024-04-20 22:00:00,0,0,0
2024-04-20 23:00:00,0,0,0
2024-04-21 00:00:00,0,0,0
2024-04-21 01:00:00,0,0,0
2024-04-21 02:00:00,0,0,0
2024-04-21 03:00:00,0,0,0
2024-04-21 04:00:00,0,0,0
2024-04-21 05:00:00,0,0,0
2024-04-21 06:00:00,0,0,0
2024-04-21 07:00:00,0,0,0
2024-04-21 08:00:00,0,0,0
2024-04-21 09:00:00,0,0,0
2024-04-21 10:00:00,0,0,0
2024-04-21 11:00:00,0,0,0
2024-04-21 12:00:00,0,0,0
2024-04-21 13:00:00,0,0,0
2024-04-21 14:00:00,0,0,0
2024-04-21 15:00:00,0,0,0
2024-04-21 16:00:00,0,0,0
2024-04-21 17:00:00,0,0,0
2024-04-21 18:00:00,0,0,0
2024-04-21 19:00:00,0,0,0
2024-04-21 20:00:00,0,0,0
2024-04-21 21:00:00,0,0,0
2024-04-21 22:00:00,0,0,0
2024-04-21 23:00:00,0,0,0
2024-04-22 00:00:00,0,0,0
2024-04-22 01:00:00,0,0,0
2024-04-22 02:00:00,0,0,0
2024-04-22 03:00:00,0,0,0
2024-04-22 04:00:00,0,0,0
2024-04-22 05:00:00,0,0,0
2024-04-22 06:00:00,0,0,0
2024-04-22 07:00:00,0,0,0
2024-04-22 08:00:00,0,0,0
2024-04-22 09:00:00,0,0,0
2024-04-22 10:00:00,0,0,0
2024-04-22 11:00:00,0,0,0
2024-04-22 12:00:00,0,0,0
2024-04-22 13:00:00,0,0,0
2024-04-22 14:00:00,0,0,0
2024-04-22 15:00:00,0,0,0
2024-04-22 16:00:00,0,0,0
2024-04-22 17:00:00,0,0,0
2024-04-22 18:00:00,0,0,0
2024-04-22 19:00:00,0,0,0
2024-04-22 20:00:00,0,0,0
2024-04-22 21:00:00,0,0,0
2024-04-22 22:00:00,0,0,0
2024-04-22 23:00:00,0,0,0
2024-04-23 00:00:00,0,0,0
2024-04-23 01:00:00,0,0,0
2024-04-23 02:00:00,0,0,0
2024-04-23 03:00:00,0,0,0
2024-04-23 04:00:00,0,0,0
2024-04-23 05:00:00,0,0,0
2024-04-23 06:00:00,0,0,0
2024-04-23 07:00:00,0,0,0
2024-04-23 08:00:00,0,0,0
2024-04-23 09:00:00,0,0,0
2024-04-23 10:00:00,0,0,0
2024-04-23 11:00:00,0,0,0
2024-04-23 12:00:00,0,0,0
2024-04-23 13:00:00,0,0,0
2024-04-23 14:00:00,0,0,0
2024-04-23 15:00:00,0,0,0
2024-04-23 16:00:00,0,0,0
2024-04-23 17:00:00,0,0,0
2024-04-23 18:00:00,0,0,0
2024-04-23 19:00:00,0,0,0
2024-04-23 20:00:00,0,0,0
2024-04-23 21:00:00,0,0,0
2024-04-23 22:00:00,0,0,0
2024-04-23 23:00:00,0,0,0
2024-04-24 00:00:00,0,0,0
2024-04-24 01:00:00,0,0,0
2024-04-24 02:00:00,0,0,0
2024-04-24 03:00:00,0,0,0
2024-04-24 04:00:00,0,0,0
2024-04-24 05:00:00,0,0,0
2024-04-24 06:00:00,0,0,0
2024-04-24 07:00:00,0,0,0
2024-04-24 08:00:00,0,0,0
2024-04-24 09:00:00,0,0,0
2024-04-24 10:00:00,0,0,0
2024-04-24 11:00:00,0,0,0
2024-04-24 12:00:00,0,0,0
2024-04-24 13:00:00,0,0,0
2024-04-24 14:00:00,0,0,0
2024-04-24 15:00:00,0,0,0
2024-04-24 16:00:00,0,0,0
2024-04-24 17:00:00,0,0,0
2024-04-24 18:00:00,0,0,0
2024-04-24 19:00:00,0,0,0
2024-04-24 20:00:00,0,0,0
2024-04-24 21:00:00,0,0,0
2024-04-24 22:00:00,0,0,0
2024-04-24 23:00:00,0,0,0
2024-04-25 00:00:00,0,0,0
2024-04-25 01:00:00,0,0,0
2024-04-25 02:00:00,0,0,0
2024-04-25 03:00:00,0,0,0
2024-04-25 04:00:00,0,0,0
2024-04-25 05:00:00,0,0,0
2024-04-25 06:00:00,0,0,0
2024-04-25 07:00:00,0,0,0
2024-04-25 08:00:00,0,0,0
2024-04-25 09:00:00,0,0,0
2024-04-25 10:00:00,0,0,0
2024-04-25 11:00:00,0,0,0
2024-04-25 12:00:00,0,0,0
2024-04-25 13:00:00,0,0,0
2024-04-25 14:00:00,0,0,0
2024-04-25 15:00:00,0,0,0
2024-04-25 16:00:00,0,0,0
2024-04-25 17:00:00,0,0,0
2024-04-25 18:00:00,0,0,0
2024-04-25 19:00:00,0,0,0
2024-04-25 20:00:00,0,0,0
2024-04-25 21:00:00,0,0,0
2024-04-25 22:00:00,0,0,0
2024-04-25 23:00:00,0,0,0
2024-04-26 00:00:00,0,0,0
2024-04-26 01:00:00,0,0,0
2024-04-26 02:00:00,0,0,0
2024-04-26 03:00:00,0,0,0
2024-04-26 04:00:00,0,0,0
2024-04-26 05:00:00,0,0,0
2024-04-26 06:00:00,0,0,0
2024-04-26 07:00:00,0,0,0
2024-04-26 08:00:00,0,0,0
2024-04-26 09:00:00,0,0,0
2024-04-26 10:00:00,0,0,0
2024-04-26 11:00:00,0,0,0
2024-04-26 12:00:00,0,0,0
2024-04-26 13:00:00,0,0,0
2024-04-26 14:00:00,0,0,0
2024-04-26 15:00:00,0,0,0
2024-04-26 16:00:00,0,0,0
2024-04-26 17:00:00,0,0,0
2024-04-26 18:00:00,0,0,0
2024-04-26 19:00:00,0,0,0
2024-04-26 20:00:00,0,0,0
2024-04-26 21:00:00,0,0,0
2024-04-26 22:00:00,0,0,0
2024-04-26 23:00:00,0,0,0
2024-04-27 00:00:00,0,0,0
2024-04-27 01:00:00,0,0,0
2024-04-27 02:00:00,0,0,0
2024-04-27 03:00:00,0,0,0
2024-04-27 04:00:00,0,0,0
2024-04-27 05:00:00,0,0,0
2024-04-27 06:00:00,0,0,0
2024-04-27 07:00:00,0,0,0
2024-04-27 08:00:00,0,0,0
2024-04-27 09:00:00,0,0,0
2024-04-27 10:00:00,0,0,0
2024-04-27 11:00:00,0,0,0
2024-04-27 12:00:00,0,0,0
2024-04-27 13:00:00,0,0,0
2024-04-27 14:00:00,0,0,0
2024-04-27 15:00:00,0,0,0
2024-04-27 16:00:00,0,0,0
2024-04-27 17:00:00,0,0,0
2024-04-27 18:00:00,0,0,0
2024-04-27 19:00:00,0,0,0
2024-04-27 20:00:00,0,0,0
2024-04-27 21:00:00,0,0,0
2024-04-27 22:00:00,0,0,0
2024-04-27 23:00:00,0,0,0
2024-04-28 00:00:00,0,0,0
2024-04-28 01:00:00,0,0,0
2024-04-28 02:00:00,0,0,0
2024-04-28 03:00:00,0,0,0
2024-04-28 04:00:00,0,0,0
2024-04-28 05:00:00,0,0,0
2024-04-28 06:00:00,0,0,0
2024-04-28 07:00:00,0,0,0
2024-04-28 08:00:00,0,0,0
2024-04-28 09:00:00,0,0,0
2024-04-28 10:00:00,0,0,0
2024-04-28 11:00:00,0,0,0
2024-04-28 12:00:00,0,0,0
2024-04-28 13:00:00,0,0,0
2024-04-28 14:00:00,0,0,0
2024-04-28 15:00:00,0,0,0
2024-04-28 16:00:00,0,0,0
2024-04-28 17:00:00,0,0,0
2024-04-28 18:00:00,0,0,0
2024-04-28 19:00:00,0,0,0
2024-04-28 20:00:00,0,0,0
2024-04-28 21:00:00,0,0,0
2024-04-28 22:00:00,0,0,0
2024-04-28 23:00:00,0,0,0
2024-04-29 00:00:00,0,0,0
2024-04-29 01:00:00,0,0,0
2024-04-29 02:00:00,0,0,0
2024-04-29 03:00:00,0,0,0
2024-04-29 04:00:00,0,0,0
2024-04-29 05:00:00,0,0,0
2024-04-29 06:00:00,0,0,0
2024-04-29 07:00:00,0,0,0
2024-04-29 08:00:00,0,0,0
2024-04-29 09:00:00,0,0,0
2024-04-29 10:00:00,0,0,0
2024-04-29 11:00:00,0,0,0
2024-04-29 12:00:00,0,0,0
2024-04-29 13:00:00,0,0,0
2024-04-29 14:00:00,0,0,0
2024-04-29 15:00:00,0,0,0
2024-04-29 16:00:00,0,0,0
2024-04-29 17:00:00,0,0,0
2024-04-29 18:00:00,0,0,0
2024-04-29 19:00:00,0,0,0
2024-04-29 20:00:00,0,0,0
2024-04-29 21:00:00,0,0,0
2024-04-29 22:00:00,0,0,0
2024-04-29 23:00:00,0,0,0
2024-04-30 00:00:00,0,0,0
2024-04-30 01:00:00,0,0,0
2024-04-30 02:00:00,0,0,0
2024-04-30 03:00:00,0,0,0
2024-04-30 04:00:00,0,0,0
2024-04-30 05:00:00,0,0,0
2024-04-30 06:00:00,0,0,0
2024-04-30 07:00:00,0,0,0
2024-04-30 08:00:00,0,0,0
2024-04-30 09:00:00,0,0,0
2024-04-30 10:00:00,0,0,0
2024-04-30 11:00:00,0,0,0
2024-04-30 12:00:00,0,0,0
2024-04-30 13:00:00,0,0,0
2024-04-30 14:00:00,0,0,0
2024-04-30 15:00:00,0,0,0
2024-04-30 16:00:00,0,0,0
2024-04-30 17:00:00,0,0,0
2024-04-30 18:00:00,0,0,0
2024-04-30 19:00:00,0,0,0
2024-04-30 20:00:00,0,0,0
2024-04-30 21:00:00,0,0,0
2024-04-30 22:00:00,0,0,0
2024-04-30 23:00:00,0,0,0
2024-05-01 00:00:00,0,0,0
2024-05-01 01:00:00,0,0,0
2024-05-01 02:00:00,0,0,0
2024-05-01 03:00:00,0,0,0
2024-05-01 04:00:00,0,0,0
2024-05-01 05:00:00,0,0,0
2024-05-01 06:00:00,0,0,0
2024-05-01 07:00:00,0,0,0
2024-05-01 08:00:00,0,0,0
2024-05-01 09:00:00,0,0,0
2024-05-01 10:00:00,0,0,0
2024-05-01 11:00:00,0,0,0
2024-05-01 12:00:00,0,0,0
2024-05-01 13:00:00,0,0,0
2024-05-01 14:00:00,0,0,0
2024-05-01 15:00:00,0,0,0
2024-05-01 16:00:00,0,0,0
2024-05-01 17:00:00,0,0,0
2024-05-01 18:00:00,0,0,0
2024-05-01 19:00:00,0,0,0
2024-05-01 20:00:00,0,0,0
2024-05-01 21:00:00,0,0,0
2024-05-01 22:00:00,0,0,0
2024-05-01 23:00:00,0,0,0
2024-05-02 00:00:00,0,0,0
2024-05-02 01:00:00,0,0,0
2024-05-02 02:00:00,0,0,0
2024-05-02 03:00:00,0,0,0
2024-05-02 04:00:00,0,0,0
2024-05-02 05:00:00,0,0,0
2024-05-02 06:00:00,0,0,0
2024-05-02 07:00:00,0,0,0
2024-05-02 08:00:00,0,0,0
2024-05-02 09:00:00,0,0,0
2024-05-02 10:00:00,0,0,0
2024-05-02 11:00:00,0,0,0
2024-05-02 12:00:00,0,0,0
2024-05-02 13:00:00,0,0,0
2024-05-02 14:00:00,0,0,0
2024-05-02 15:00:00,0,0,0
2024-05-02 16:00:00,0,0,0
2024-05-02 17:00:00,0,0,0
2024-05-02 18:00:00,0,0,0
2024-05-02 19:00:00,0,0,0
2024-05-02 20:00:00,0,0,0
2024-05-02 21:00:00,0,0,0
2024-05-02 22:00:00,0,0,0
2024-05-02 23:00:00,0,0,0
2024-05-03 00:00:00,0,0,0
2024-05-03 01:00:00,0,0,0
2024-05-03 02:00:00,0,0,0
2024-05-03 03:00:00,0,0,0
2024-05-03 04:00:00,0,0,0
2024-05-03 05:00:00,0,0,0
2024-05-03 06:00:00,0,0,0
2024-05-03 07:00:00,0,0,0
2024-05-03 08:00:00,0,0,0
2024-05-03 09:00:00,0,0,0
2024-05-03 10:00:00,0,0,0
2024-05-03 11:00:00,0,0,0
2024-05-03 12:00:00,0,0,0
2024-05-03 13:00:00,0,0,0
2024-05-03 14:00:00,0,0,0
2024-05-03 15:00:00,0,0,0
2024-05-03 16:00:00,0,0,0
2024-05-03 17:00:00,0,0,0
2024-05-03 18:00:00,0,0,0
2024-05-03 19:00:00,0,0,0
2024-05-03 20:00:00,0,0,0
2024-05-03 21:00:00,0,0,0
2024-05-03 22:00:00,0,0,0
2024-05-03 23:00:00,0,0,0
2024-05-04 00:00:00,0,0,0
2024-05-04 01:00:00,0,0,0
2024-05-04 02:00:00,0,0,0
2024-05-04 03:00:00,0,0,0
2024-05-04 04:00:00,0,0,0
2024-05-04 05:00:00,0,0,0
2024-05-04 06:00:00,0,0,0
2024-05-04 07:00:00,0,0,0
2024-05-04 08:00:00,0,0,0
2024-05-04 09:00:00,0,0,0
2024-05-04 10:00:00,0,0,0
2024-05-04 11:00:00,0,0,0
2024-05-04 12:00:00,0,0,0
2024-05-04 13:00:00,0,0,0
2024-05-04 14:00:00,0,0,0
2024-05-04 15:00:00,0,0,0
2024-05-04 16:00:00,0,0,0
2024-05-04 17:00:00,0,0,0
2024-05-04 18:00:00,0,0,0
2024-05-04 19:00:00,0,0,0
2024-05-04 20:00:00,0,0,0
2024-05-04 21:00:00,0,0,0
2024-05-04 22:00:00,0,0,0
2024-05-04 23:00:00,0,0,0
2024-05-05 00:00:00,0,0,0
2024-05-05 01:00:00,0,0,0
2024-05-05 02:00:00,0,0,0
2024-05-05 03:00:00,0,0,0
2024-05-05 04:00:00,0,0,0
2024-05-05 05:00:00,0,0,0
2024-05-05 06:00:00,0,0,0
2024-05-05 07:00:00,0,0,0
2024-05-05 08:00:00,0,0,0
2024-05-05 09:00:00,0,0,0
2024-05-05 10:00:00,0,0,0
2024-05-05 11:00:00,0,0,0
2024-05-05 12:00:00,0,0,0
2024-05-05 13:00:00,0,0,0
2024-05-05 14:00:00,0,0,0
2024-05-05 15:00:00,0,0,0
2024-05-05 16:00:00,0,0,0
2024-05-05 17:00:00,0,0,0
2024-05-05 18:00:00,0,0,0
2024-05-05 19:00:00,0,0,0
2024-05-05 20:00:00,0,0,0
2024-05-05 21:00:00,0,0,0
2024-05-05 22:00:00,0,0,0
2024-05-05 23:00:00,0,0,0
2024-05-06 00:00:00,0,0,0
2024-05-06 01:00:00,0,0,0
2024-05-06 02:00:00,0,0,0
2024-05-06 03:00:00,0,0,0
2024-05-06 04:00:00,0,0,0
2024-05-06 05:00:00,0,0,0
2024-05-06 06:00:00,0,0,0
2024-05-06 07:00:00,0,0,0
2024-05-06 08:00:00,0,0,0
2024-05-06 09:00:00,0,0,0
2024-05-06 10:00:00,0,0,0
2024-05-06 11:00:00,0,0,0
2024-05-06 12:00:00,0,0,0
2024-05-06 13:00:00,0,0,0
2024-05-06 14:00:00,0,0,0
2024-05-06 15:00:00,0,0,0
2024-05-06 16:00:00,0,0,0
2024-05-06 17:00:00,0,0,0
2024-05-06 18:00:00,0,0,0
2024-05-06 19:00:00,0,0,0
2024-05-06 20:00:00,0,0,0
2024-05-06 21:00:00,0,0,0
2024-05-06 22:00:00,0,0,0
2024-05-06 23:00:00,0,0,0
2024-05-07 00:00:00,0,0,0
2024-05-07 01:00:00,0,0,0
2024-05-07 02:00:00,0,0,0
2024-05-07 03:00:00,0,0,0
2024-05-07 04:00:00,0,0,0
2024-05-07 05:00:00,0,0,0
2024-05-07 06:00:00,0,0,0
2024-05-07 07:00:00,0,0,0
2024-05-07 08:00:00,0,0,0
2024-05-07 09:00:00,0,0,0
2024-05-07 10:00:00,0,0,0
2024-05-07 11:00:00,0,0,0
2024-05-07 12:00:00,0,0,0
2024-05-07 13:00:00,0,0,0
2024-05-07 14:00:00,0,0,0
2024-05-07 15:00:00,0,0,0
2024-05-07 16:00:00,0,0,0
2024-05-07 17:00:00,0,0,0
2024-05-07 18:00:00,0,0,0
2024-05-07 19:00:00,0,0,0
2024-05-07 20:00:00,0,0,0
2024-05-07 21:00:00,0,0,0
2024-05-07 22:00:00,0,0,0
2024-05-07 23:00:00,0,0,0
2024-05-08 00:00:00,0,0,0
2024-05-08 01:00:00,0,0,0
2024-05-08 02:00:00,0,0,0
2024-05-08 03:00:00,0,0,0
2024-05-08 04:00:00,0,0,0
2024-05-08 05:00:00,0,0,0
2024-05-08 06:00:00,0,0,0
2024-05-08 07:00:00,0,0,0
2024-05-08 08:00:00,0,0,0
2024-05-08 09:00:00,0,0,0
2024-05-08 10:00:00,0,0,0
2024-05-08 11:00:00,0,0,0
2024-05-08 12:00:00,0,0,0
2024-05-08 13:00:00,0,0,0
2024-05-08 14:00:00,0,0,0
2024-05-08 15:00:00,0,0,0
2024-05-08 16:00:00,0,0,0
2024-05-08 17:00:00,0,0,0
2024-05-08 18:00:00,0,0,0
2024-05-08 19:00:00,0,0,0
2024-05-08 20:00:00,0,0,0
2024-05-08 21:00:00,0,0,0
2024-05-08 22:00:00,0,0,0
2024-05-08 23:00:00,0,0,0
2024-05-09 00:00:00,0,0,0
2024-05-09 01:00:00,0,0,0
2024-05-09 02:00:00,0,0,0
2024-05-09 03:00:00,0,0,0
2024-05-09 04:00:00,0,0,0
2024-05-09 05:00:00,0,0,0
2024-05-09 06:00:00,0,0,0
2024-05-09 07:00:00,0,0,0
2024-05-09 08:00:00,0,0,0
2024-05-09 09:00:00,0,0,0
2024-05-09 10:00:00,0,0,0
2024-05-09 11:00:00,0,0,0
2024-05-09 12:00:00,0,0,0
2024-05-09 13:00:00,0,0,0
2024-05-09 14:00:00,0,0,0
2024-05-09 15:00:00,0,0,0
2024-05-09 16:00:00,0,0,0
2024-05-09 17:00:00,0,0,0
2024-05-09 18:00:00,0,0,0
2024-05-09 19:00:00,0,0,0
2024-05-09 20:00:00,0,0,0
2024-05-09 21:00:00,0,0,0
2024-05-09 22:00:00,0,0,0
2024-05-09 23:00:00,0,0,0
2024-05-10 00:00:00,0,0,0
2024-05-10 01:00:00,0,0,0
2024-05-10 02:00:00,0,0,0
2024-05-10 03:00:00,0,0,0
2024-05-10 04:00:00,0,0,0
2024-05-10 05:00:00,0,0,0
2024-05-10 06:00:00,0,0,0
2024-05-10 07:00:00,0,0,0
2024-05-10 08:00:00,0,0,0
2024-05-10 09:00:00,0,0,0
2024-05-10 10:00:00,0,0,0
2024-05-10 11:00:00,0,0,0
2024-05-10 12:00:00,0,0,0
2024-05-10 13:00:00,0,0,0
2024-05-10 14:00:00,0,0,0
2024-05-10 15:00:00,0,0,0
2024-05-10 16:00:00,0,0,0
2024-05-10 17:00:00,0,0,0
2024-05-10 18:00:00,0,0,0
2024-05-10 19:00:00,0,0,0
2024-05-10 20:00:00,0,0,0
2024-05-10 21:00:00,0,0,0
2024-05-10 22:00:00,0,0,0
2024-05-10 23:00:00,0,0,0
2024-05-11 00:00:00,0,0,0
2024-05-11 01:00:00,0,0,0
2024-05-11 02:00:00,0,0,0
2024-05-11 03:00:00,0,0,0
2024-05-11 04:00:00,0,0,0
2024-05-11 05:00:00,0,0,0
2024-05-11 06:00:00,0,0,0
2024-05-11 07:00:00,0,0,0
2024-05-11 08:00:00,0,0,0
2024-05-11 09:00:00,0,0,0
2024-05-11 10:00:00,0,0,0
2024-05-11 11:00:00,0,0,0
2024-05-11 12:00:00,0,0,0
2024-05-11 13:00:00,0,0,0
2024-05-11 14:00:00,0,0,0
2024-05-11 15:00:00,0,0,0
2024-05-11 16:00:00,0,0,0
2024-05-11 17:00:00,0,0,0
2024-05-11 18:00:00,0,0,0
2024-05-11 19:00:00,0,0,0
2024-05-11 20:00:00,0,0,0
2024-05-11 21:00:00,0,0,0
2024-05-11 22:00:00,0,0,0
2024-05-11 23:00:00,0,0,0
2024-05-12 00:00:00,0,0,0
2024-05-12 01:00:00,0,0,0
2024-05-12 02:00:00,0,0,0
2024-05-12 03:00:00,0,0,0
2024-05-12 04:00:00,0,0,0
2024-05-12 05:00:00,0,0,0
2024-05-12 06:00:00,0,0,0
2024-05-12 07:00:00,0,0,0
2024-05-12 08:00:00,0,0,0
2024-05-12 09:00:00,0,0,0
2024-05-12 10:00:00,0,0,0
2024-05-12 11:00:00,0,0,0
2024-05-12 12:00:00,0,0,0
2024-05-12 13:00:00,0,0,0
2024-05-12 14:00:00,0,0,0
2024-05-12 15:00:00,0,0,0
2024-05-12 16:00:00,0,0,0
2024-05-12 17:00:00,0,0,0
2024-05-12 18:00:00,0,0,0
2024-05-12 19:00:00,0,0,0
2024-05-12 20:00:00,0,0,0
2024-05-12 21:00:00,0,0,0
2024-05-12 22:00:00,0,0,0
2024-05-12 23:00:00,0,0,0
2024-05-13 00:00:00,0,0,0
2024-05-13 01:00:00,0,0,0
2024-05-13 02:00:00,0,0,0
2024-05-13 03:00:00,0,0,0
2024-05-13 04:00:00,0,0,0
2024-05-13 05:00:00,0,0,0
2024-05-13 06:00:00,0,0,0
2024-05-13 07:00:00,0,0,0
2024-05-13 08:00:00,0,0,0
2024-05-13 09:00:00,0,0,0
2024-05-13 10:00:00,0,0,0
2024-05-13 11:00:00,0,0,0
2024-05-13 12:00:00,0,0,0
2024-05-13 13:00:00,0,0,0
2024-05-13 14:00:00,0,0,0
2024-05-13 15:00:00,0,0,0
2024-05-13 16:00:00,0,0,0
2024-05-13 17:00:00,0,0,0
2024-05-13 18:00:00,0,0,0
2024-05-13 19:00:00,0,0,0
2024-05-13 20:00:00,0,0,0
2024-05-13 21:00:00,0,0,0
2024-05-13 22:00:00,0,0,0
2024-05-13 23:00:00,0,0,0
2024-05-14 00:00:00,0,0,0
2024-05-14 01:00:00,0,0,0
2024-05-14 02:00:00,0,0,0
2024-05-14 03:00:00,0,0,0
2024-05-14 04:00:00,0,0,0
2024-05-14 05:00:00,0,0,0
2024-05-14 06:00:00,0,0,0
2024-05-14 07:00:00,0,0,0
2024-05-14 08:00:00,0,0,0
2024-05-14 09:00:00,0,0,0
2024-05-14 10:00:00,0,0,0
2024-05-14 11:00:00,0,0,0
2024-05-14 12:00:00,0,0,0
2024-05-14 13:00:00,0,0,0
2024-05-14 14:00:00,0,0,0
2024-05-14 15:00:00,0,0,0
2024-05-14 16:00:00,0,0,0
2024-05-14 17:00:00,0,0,0
2024-05-14 18:00:00,0,0,0
2024-05-14 19:00:00,0,0,0
2024-05-14 20:00:00,0,0,0
2024-05-14 21:00:00,0,0,0
2024-05-14 22:00:00,0,0,0
2024-05-14 23:00:00,0,0,0
2024-05-15 00:00:00,0,0,0
2024-05-15 01:00:00,0,0,0
2024-05-15 02:00:00,0,0,0
2024-05-15 03:00:00,0,0,0
2024-05-15 04:00:00,0,0,0
2024-05-15 05:00:00,0,0,0
2024-05-15 06:00:00,0,0,0
2024-05-15 07:00:00,0,0,0
2024-05-15 08:00:00,0,0,0
2024-05-15 09:00:00,0,0,0
2024-05-15 10:00:00,0,0,0
2024-05-15 11:00:00,0,0,0
2024-05-15 12:00:00,0,0,0
2024-05-15 13:00:00,0,0,0
2024-05-15 14:00:00,0,0,0
2024-05-15 15:00:00,0,0,0
2024-05-15 16:00:00,0,0,0
2024-05-15 17:00:00,0,0,0
2024-05-15 18:00:00,0,0,0
2024-05-15 19:00:00,0,0,0
2024-05-15 20:00:00,0,0,0
2024-05-15 21:00:00,0,0,0
2024-05-15 22:00:00,0,0,0
2024-05-15 23:00:00,0,0,0
2024-05-16 00:00:00,0,0,0
2024-05-16 01:00:00,0,0,0
2024-05-16 02:00:00,0,0,0
2024-05-16 03:00:00,0,0,0
2024-05-16 04:00:00,0,0,0
2024-05-16 05:00:00,0,0,0
2024-05-16 06:00:00,0,0,0
2024-05-16 07:00:00,0,0,0
2024-05-16 08:00:00,0,0,0
2024-05-16 09:00:00,0,0,0
2024-05-16 10:00:00,0,0,0
2024-05-16 11:00:00,0,0,0
2024-05-16 12:00:00,0,0,0
2024-05-16 13:00:00,0,0,0
2024-05-16 14:00:00,0,0,0
2024-05-16 15:00:00,0,0,0
2024-05-16 16:00:00,0,0,0
2024-05-16 17:00:00,0,0,0
2024-05-16 18:00:00,0,0,0
2024-05-16 19:00:00,0,0,0
2024-05-16 20:00:00,0,0,0
2024-05-16 21:00:00,0,0,0
2024-05-16 22:00:00,0,0,0
2024-05-16 23:00:00,0,0,0
2024-05-17 00:00:00,0,0,0
2024-05-17 01:00:00,0,0,0
2024-05-17 02:00:00,0,0,0
2024-05-17 03:00:00,0,0,0
2024-05-17 04:00:00,0,0,0
2024-05-17 05:00:00,0,0,0
2024-05-17 06:00:00,0,0,0
2024-05-17 07:00:00,0,0,0
2024-05-17 08:00:00,0,0,0
2024-05-17 09:00:00,0,0,0
2024-05-17 10:00:00,0,0,0
2024-05-17 11:00:00,0,0,0
2024-05-17 12:00:00,0,0,0
2024-05-17 13:00:00,0,0,0
2024-05-17 14:00:00,0,0,0
2024-05-17 15:00:00,0,0,0
2024-05-17 16:00:00,0,0,0
2024-05-17 17:00:00,0,0,0
2024-05-17 18:00:00,0,0,0
2024-05-17 19:00:00,0,0,0
2024-05-17 20:00:00,0,0,0
2024-05-17 21:00:00,0,0,0
2024-05-17 22:00:00,0,0,0
2024-05-17 23:00:00,0,0,0
2024-05-18 00:00:00,0,0,0
2024-05-18 01:00:00,0,0,0
2024-05-18 02:00:00,0,0,0
2024-05-18 03:00:00,0,0,0
2024-05-18 04:00:00,0,0,0
2024-05-18 05:00:00,0,0,0
2024-05-18 06:00:00,0,0,0
2024-05-18 07:00:00,0,0,0
2024-05-18 08:00:00,0,0,0
2024-05-18 09:00:00,0,0,0
2024-05-18 10:00:00,0,0,0
2024-05-18 11:00:00,0,0,0
2024-05-18 12:00:00,0,0,0
2024-05-18 13:00:00,0,0,0
2024-05-18 14:00:00,0,0,0
2024-05-18 15:00:00,0,0,0
2024-05-18 16:00:00,0,0,0
2024-05-18 17:00:00,0,0,0
2024-05-18 18:00:00,0,0,0
2024-05-18 19:00:00,0,0,0
2024-05-18 20:00:00,0,0,0
2024-05-18 21:00:00,0,0,0
2024-05-18 22:00:00,0,0,0
2024-05-18 23:00:00,0,0,0
2024-05-19 00:00:00,0,0,0
2024-05-19 01:00:00,0,0,0
2024-05-19 02:00:00,0,0,0
2024-05-19 03:00:00,0,0,0
2024-05-19 04:00:00,0,0,0
2024-05-19 05:00:00,0,0,0
2024-05-19 06:00:00,0,0,0
2024-05-19 07:00:00,0,0,0
2024-05-19 08:00:00,0,0,0
2024-05-19 09:00:00,0,0,0
2024-05-19 10:00:00,0,0,0
2024-05-19 11:00:00,0,0,0
2024-05-19 12:00:00,0,0,0
2024-05-19 13:00:00,0,0,0
2024-05-19 14:00:00,0,0,0
2024-05-19 15:00:00,0,0,0
2024-05-19 16:00:00,0,0,0
2024-05-19 17:00:00,0,0,0
2024-05-19 18:00:00,0,0,0
2024-05-19 19:00:00,0,0,0
2024-05-19 20:00:00,0,0,0
2024-05-19 21:00:00,0,0,0
2024-05-19 22:00:00,0,0,0
2024-05-19 23:00:00,0,0,0
2024-05-20 00:00:00,0,0,0
2024-05-20 01:00:00,0,0,0
2024-05-20 02:00:00,0,0,0
2024-05-20 03:00:00,0,0,0
2024-05-20 04:00:00,0,0,0
2024-05-20 05:00:00,0,0,0
2024-05-20 06:00:00,0,0,0
2024-05-20 07:00:00,0,0,0
2024-05-20 08:00:00,0,0,0
2024-05-20 09:00:00,0,0,0
2024-05-20 10:00:00,0,0,0
2024-05-20 11:00:00,0,0,0
2024-05-20 12:00:00,0,0,0
2024-05-20 13:00:00,0,0,0
2024-05-20 14:00:00,0,0,0
2024-05-20 15:00:00,0,0,0
2024-05-20 16:00:00,0,0,0
2024-05-20 17:00:00,0,0,0
2024-05-20 18:00:00,0,0,0
2024-05-20 19:00:00,0,0,0
2024-05-20 20:00:00,0,0,0
2024-05-20 21:00:00,0,0,0
2024-05-20 22:00:00,0,0,0
2024-05-20 23:00:00,0,0,0
2024-05-21 00:00:00,0,0,0
2024-05-21 01:00:00,0,0,0
2024-05-21 02:00:00,0,0,0
2024-05-21 03:00:00,0,0,0
2024-05-21 04:00:00,0,0,0
2024-05-21 05:00:00,0,0,0
2024-05-21 06:00:00,0,0,0
2024-05-21 07:00:00,0,0,0
2024-05-21 08:00:00,0,0,0
2024-05-21 09:00:00,0,0,0
2024-05-21 10:00:00,0,0,0
2024-05-21 11:00:00,0,0,0
2024-05-21 12:00:00,0,0,0
2024-05-21 13:00:00,0,0,0
2024-05-21 14:00:00,0,0,0
2024-05-21 15:00:00,0,0,0
2024-05-21 16:00:00,0,0,0
2024-05-21 17:00:00,0,0,0
2024-05-21 18:00:00,0,0,0
2024-05-21 19:00:00,0,0,0
2024-05-21 20:00:00,0,0,0
2024-05-21 21:00:00,0,0,0
2024-05-21 22:00:00,0,0,0
2024-05-21 23:00:00,0,0,0
2024-05-22 00:00:00,0,0,0
2024-05-22 01:00:00,0,0,0
2024-05-22 02:00:00,0,0,0
2024-05-22 03:00:00,0,0,0
2024-05-22 04:00:00,0,0,0
2024-05-22 05:00:00,0,0,0
2024-05-22 06:00:00,0,0,0
2024-05-22 07:00:00,0,0,0
2024-05-22 08:00:00,0,0,0
2024-05-22 09:00:00,0,0,0
2024-05-22 10:00:00,0,0,0
2024-05-22 11:00:00,0,0,0
2024-05-22 12:00:00,0,0,0
2024-05-22 13:00:00,0,0,0
2024-05-22 14:00:00,0,0,0
2024-05-22 15:00:00,0,0,0
2024-05-22 16:00:00,0,0,0
2024-05-22 17:00:00,0,0,0
2024-05-22 18:00:00,0,0,0
2024-05-22 19:00:00,0,0,0
2024-05-22 20:00:00,0,0,0
2024-05-22 21:00:00,0,0,0
2024-05-22 22:00:00,0,0,0
2024-05-22 23:00:00,0,0,0
2024-05-23 00:00:00,0,0,0
2024-05-23 01:00:00,0,0,0
2024-05-23 02:00:00,0,0,0
2024-05-23 03:00:00,0,0,0
2024-05-23 04:00:00,0,0,0
2024-05-23 05:00:00,0,0,0
2024-05-23 06:00:00,0,0,0
2024-05-23 07:00:00,0,0,0
2024-05-23 08:00:00,0,0,0
2024-05-23 09:00:00,0,0,0
2024-05-23 10:00:00,0,0,0
2024-05-23 11:00:00,0,0,0
2024-05-23 12:00:00,0,0,0
2024-05-23 13:00:00,0,0,0
2024-05-23 14:00:00,0,0,0
2024-05-23 15:00:00,0,0,0
2024-05-23 16:00:00,0,0,0
2024-05-23 17:00:00,0,0,0
2024-05-23 18:00:00,0,0,0
2024-05-23 19:00:00,0,0,0
2024-05-23 20:00:00,0,0,0
2024-05-23 21:00:00,0,0,0
2024-05-23 22:00:00,0,0,0
2024-05-23 23:00:00,0,0,0
2024-05-24 00:00:00,0,0,0
2024-05-24 01:00:00,0,0,0
2024-05-24 02:00:00,0,0,0
2024-05-24 03:00:00,0,0,0
2024-05-24 04:00:00,0,0,0
2024-05-24 05:00:00,0,0,0
2024-05-24 06:00:00,0,0,0
2024-05-24 07:00:00,0,0,0
2024-05-24 08:00:00,0,0,0
2024-05-24 09:00:00,0,0,0
2024-05-24 10:00:00,0,0,0
2024-05-24 11:00:00,0,0,0
2024-05-24 12:00:00,0,0,0
2024-05-24 13:00:00,0,0,0
2024-05-24 14:00:00,0,0,0
2024-05-24 15:00:00,0,0,0
2024-05-24 16:00:00,0,0,0
2024-05-24 17:00:00,0,0,0
2024-05-24 18:00:00,0,0,0
2024-05-24 19:00:00,0,0,0
2024-05-24 20:00:00,0,0,0
2024-05-24 21:00:00,0,0,0
2024-05-24 22:00:00,0,0,0
2024-05-24 23:00:00,0,0,0
2024-05-25 00:00:00,0,0,0
2024-05-25 01:00:00,0,0,0
2024-05-25 02:00:00,0,0,0
2024-05-25 03:00:00,0,0,0
2024-05-25 04:00:00,0,0,0
2024-05-25 05:00:00,0,0,0
2024-05-25 06:00:00,0,0,0
2024-05-25 07:00:00,0,0,0
2024-05-25 08:00:00,0,0,0
2024-05-25 09:00:00,0,0,0
2024-05-25 10:00:00,0,0,0
2024-05-25 11:00:00,0,0,0
2024-05-25 12:00:00,0,0,0
2024-05-25 13:00:00,0,0,0
2024-05-25 14:00:00,0,0,0
2024-05-25 15:00:00,0,0,0
2024-05-25 16:00:00,0,0,0
2024-05-25 17:00:00,0,0,0
2024-05-25 18:00:00,0,0,0
2024-05-25 19:00:00,0,0,0
2024-05-25 20:00:00,0,0,0
2024-05-25 21:00:00,0,0,0
2024-05-25 22:00:00,0,0,0
2024-05-25 23:00:00,0,0,0
2024-05-26 00:00:00,0,0,0
2024-05-26 01:00:00,0,0,0
2024-05-26 02:00:00,0,0,0
2024-05-26 03:00:00,0,0,0
2024-05-26 04:00:00,0,0,0
2024-05-26 05:00:00,0,0,0
2024-05-26 06:00:00,0,0,0
2024-05-26 07:00:00,0,0,0
2024-05-26 08:00:00,0,0,0
2024-05-26 09:00:00,0,0,0
2024-05-26 10:00:00,0,0,0
2024-05-26 11:00:00,0,0,0
2024-05-26 12:00:00,0,0,0
2024-05-26 13:00:00,0,0,0
2024-05-26 14:00:00,0,0,0
2024-05-26 15:00:00,0,0,0
2024-05-26 16:00:00,0,0,0
2024-05-26 17:00:00,0,0,0
2024-05-26 18:00:00,0,0,0
2024-05-26 19:00:00,0,0,0
2024-05-26 20:00:00,0,0,0
2024-05-26 21:00:00,0,0,0
2024-05-26 22:00:00,0,0,0
2024-05-26 23:00:00,0,0,0
2024-05-27 00:00:00,0,0,0
2024-05-27 01:00:00,0,0,0
2024-05-27 02:00:00,0,0,0
2024-05-27 03:00:00,0,0,0
2024-05-27 04:00:00,0,0,0
2024-05-27 05:00:00,0,0,0
2024-05-27 06:00:00,0,0,0
2024-05-27 07:00:00,0,0,0
2024-05-27 08:00:00,0,0,0
2024-05-27 09:00:00,0,0,0
2024-05-27 10:00:00,0,0,0
2024-05-27 11:00:00,0,0,0
2024-05-27 12:00:00,0,0,0
2024-05-27 13:00:00,0,0,0
2024-05-27 14:00:00,0,0,0
2024-05-27 15:00:00,0,0,0
2024-05-27 16:00:00,0,0,0
2024-05-27 17:00:00,0,0,0
2024-05-27 18:00:00,0,0,0
2024-05-27 19:00:00,0,0,0
2024-05-27 20:00:00,0,0,0
2024-05-27 21:00:00,0,0,0
2024-05-27 22:00:00,0,0,0
2024-05-27 23:00:00,0,0,0
2024-05-28 00:00:00,0,0,0
2024-05-28 01:00:00,0,0,0
2024-05-28 02:00:00,0,0,0
2024-05-28 03:00:00,0,0,0
2024-05-28 04:00:00,0,0,0
2024-05-28 05:00:00,0,0,0
2024-05-28 06:00:00,0,0,0
2024-05-28 07:00:00,0,0,0
2024-05-28 08:00:00,0,0,0
2024-05-28 09:00:00,0,0,0
2024-05-28 10:00:00,0,0,0
2024-05-28 11:00:00,0,0,0
2024-05-28 12:00:00,0,0,0
2024-05-28 13:00:00,0,0,0
2024-05-28 14:00:00,0,0,0
2024-05-28 15:00:00,0,0,0
2024-05-28 16:00:00,0,0,0
2024-05-28 17:00:00,0,0,0
2024-05-28 18:00:00,0,0,0
2024-05-28 19:00:00,0,0,0
2024-05-28 20:00:00,0,0,0
2024-05-28 21:00:00,0,0,0
2024-05-28 22:00:00,0,0,0
2024-05-28 23:00:00,0,0,0
2024-05-29 00:00:00,0,0,0
2024-05-29 01:00:00,0,0,0
2024-05-29 02:00:00,0,0,0
2024-05-29 03:00:00,0,0,0
2024-05-29 04:00:00,0,0,0
2024-05-29 05:00:00,0,0,0
2024-05-29 06:00:00,0,0,0
2024-05-29 07:00:00,0,0,0
2024-05-29 08:00:00,0,0,0
2024-05-29 09:00:00,0,0,0
2024-05-29 10:00:00,0,0,0
2024-05-29 11:00:00,0,0,0
2024-05-29 12:00:00,0,0,0
2024-05-29 13:00:00,0,0,0
2024-05-29 14:00:00,0,0,0
2024-05-29 15:00:00,0,0,0
2024-05-29 16:00:00,0,0,0
2024-05-29 17:00:00,0,0,0
2024-05-29 18:00:00,0,0,0
2024-05-29 19:00:00,0,0,0
2024-05-29 20:00:00,0,0,0
2024-05-29 21:00:00,0,0,0
2024-05-29 22:00:00,0,0,0
2024-05-29 23:00:00,0,0,0
2024-05-30 00:00:00,0,0,0
2024-05-30 01:00:00,0,0,0
2024-05-30 02:00:00,0,0,0
2024-05-30 03:00:00,0,0,0
2024-05-30 04:00:00,0,0,0
2024-05-30 05:00:00,0,0,0
2024-05-30 06:00:00,0,0,0
2024-05-30 07:00:00,0,0,0
2024-05-30 08:00:00,0,0,0
2024-05-30 09:00:00,0,0,0
2024-05-30 10:00:00,0,0,0
2024-05-30 11:00:00,0,0,0
2024-05-30 12:00:00,0,0,0
2024-05-30 13:00:00,0,0,0
2024-05-30 14:00:00,0,0,0
2024-05-30 15:00:00,0,0,0
2024-05-30 16:00:00,0,0,0
2024-05-30 17:00:00,0,0,0
2024-05-30 18:00:00,0,0,0
2024-05-30 19:00:00,0,0,0
2024-05-30 20:00:00,0,0,0
2024-05-30 21:00:00,0,0,0
2024-05-30 22:00:00,0,0,0
2024-05-30 23:00:00,0,0,0
2024-05-31 00:00:00,0,0,0
2024-05-31 01:00:00,0,0,0
2024-05-31 02:00:00,0,0,0
2024-05-31 03:00:00,0,0,0
2024-05-31 04:00:00,0,0,0
2024-05-31 05:00:00,0,0,0
2024-05-31 06:00:00,0,0,0
2024-05-31 07:00:00,0,0,0
2024-05-31 08:00:00,0,0,0
2024-05-31 09:00:00,0,0,0
2024-05-31 10:00:00,0,0,0
2024-05-31 11:00:00,0,0,0
2024-05-31 12:00:00,0,0,0
2024-05-31 13:00:00,0,0,0
2024-05-31 14:00:00,0,0,0
2024-05-31 15:00:00,0,0,0
2024-05-31 16:00:00,0,0,0
2024-05-31 17:00:00,0,0,0
2024-05-31 18:00:00,0,0,0
2024-05-31 19:00:00,0,0,0
2024-05-31 20:00:00,0,0,0
2024-05-31 21:00:00,0,0,0
2024-05-31 22:00:00,0,0,0
2024-05-31 23:00:00,0,0,0
2024-06-01 00:00:00,0,0,0
2024-06-01 01:00:00,0,0,0
2024-06-01 02:00:00,0,0,0
2024-06-01 03:00:00,0,0,0
2024-06-01 04:00:00,0,0,0
2024-06-01 05:00:00,0,0,0
2024-06-01 06:00:00,0,0,0
2024-06-01 07:00:00,0,0,0
2024-06-01 08:00:00,0,0,0
2024-06-01 09:00:00,0,0,0
2024-06-01 10:00:00,0,0,0
2024-06-01 11:00:00,0,0,0
2024-06-01 12:00:00,0,0,0
2024-06-01 13:00:00,0,0,0
2024-06-01 14:00:00,0,0,0
2024-06-01 15:00:00,0,0,0
2024-06-01 16:00:00,0,0,0
2024-06-01 17:00:00,0,0,0
2024-06-01 18:00:00,0,0,0
2024-06-01 19:00:00,0,0,0
2024-06-01 20:00:00,0,0,0
2024-06-01 21:00:00,0,0,0
2024-06-01 22:00:00,0,0,0
2024-06-01 23:00:00,0,0,0
2024-06-02 00:00:00,0,0,0
2024-06-02 01:00:00,0,0,0
2024-06-02 02:00:00,0,0,0
2024-06-02 03:00:00,0,0,0
2024-06-02 04:00:00,0,0,0
2024-06-02 05:00:00,0,0,0
2024-06-02 06:00:00,0,0,0
2024-06-02 07:00:00,0,0,0
2024-06-02 08:00:00,0,0,0
2024-06-02 09:00:00,0,0,0
2024-06-02 10:00:00,0,0,0
2024-06-02 11:00:00,0,0,0
2024-06-02 12:00:00,0,0,0
2024-06-02 13:00:00,0,0,0
2024-06-02 14:00:00,0,0,0
2024-06-02 15:00:00,0,0,0
2024-06-02 16:00:00,0,0,0
2024-06-02 17:00:00,0,0,0
2024-06-02 18:00:00,0,0,0
2024-06-02 19:00:00,0,0,0
2024-06-02 20:00:00,0,0,0
2024-06-02 21:00:00,0,0,0
2024-06-02 22:00:00,0,0,0
2024-06-02 23:00:00,0,0,0
2024-06-03 00:00:00,0,0,0
2024-06-03 01:00:00,0,0,0
2024-06-03 02:00:00,0,0,0
2024-06-03 03:00:00,0,0,0
2024-06-03 04:00:00,0,0,0
2024-06-03 05:00:00,0,0,0
2024-06-03 06:00:00,0,0,0
2024-06-03 07:00:00,0,0,0
2024-06-03 08:00:00,0,0,0
2024-06-03 09:00:00,0,0,0
2024-06-03 10:00:00,0,0,0
2024-06-03 11:00:00,0,0,0
2024-06-03 12:00:00,0,0,0
2024-06-03 13:00:00,0,0,0
2024-06-03 14:00:00,0,0,0
2024-06-03 15:00:00,0,0,0
2024-06-03 16:00:00,0,0,0
2024-06-03 17:00:00,0,0,0
2024-06-03 18:00:00,0,0,0
2024-06-03 19:00:00,0,0,0
2024-06-03 20:00:00,0,0,0
2024-06-03 21:00:00,0,0,0
2024-06-03 22:00:00,0,0,0
2024-06-03 23:00:00,0,0,0
2024-06-04 00:00:00,0,0,0
2024-06-04 01:00:00,0,0,0
2024-06-04 02:00:00,0,0,0
2024-06-04 03:00:00,0,0,0
2024-06-04 04:00:00,0,0,0
2024-06-04 05:00:00,0,0,0
2024-06-04 06:00:00,0,0,0
2024-06-04 07:00:00,0,0,0
2024-06-04 08:00:00,0,0,0
2024-06-04 09:00:00,0,0,0
2024-06-04 10:00:00,0,0,0
2024-06-04 11:00:00,0,0,0
2024-06-04 12:00:00,0,0,0
2024-06-04 13:00:00,0,0,0
2024-06-04 14:00:00,0,0,0
2024-06-04 15:00:00,0,0,0
2024-06-04 16:00:00,0,0,0
2024-06-04 17:00:00,0,0,0
2024-06-04 18:00:00,0,0,0
2024-06-04 19:00:00,0,0,0
2024-06-04 20:00:00,0,0,0
2024-06-04 21:00:00,0,0,0
2024-06-04 22:00:00,0,0,0
2024-06-04 23:00:00,0,0,0
2024-06-05 00:00:00,0,0,0
2024-06-05 01:00:00,0,0,0
2024-06-05 02:00:00,0,0,0
2024-06-05 03:00:00,0,0,0
2024-06-05 04:00:00,0,0,0
2024-06-05 05:00:00,0,0,0
2024-06-05 06:00:00,0,0,0
2024-06-05 07:00:00,0,0,0
2024-06-05 08:00:00,0,0,0
2024-06-05 09:00:00,0,0,0
2024-06-05 10:00:00,0,0,0
2024-06-05 11:00:00,0,0,0
2024-06-05 12:00:00,0,0,0
2024-06-05 13:00:00,0,0,0
2024-06-05 14:00:00,0,0,0
2024-06-05 15:00:00,0,0,0
2024-06-05 16:00:00,0,0,0
2024-06-05 17:00:00,0,0,0
2024-06-05 18:00:00,0,0,0
2024-06-05 19:00:00,0,0,0
2024-06-05 20:00:00,0,0,0
2024-06-05 21:00:00,0,0,0
2024-06-05 22:00:00,0,0,0
2024-06-05 23:00:00,0,0,0
2024-06-06 00:00:00,0,0,0
2024-06-06 01:00:00,0,0,0
2024-06-06 02:00:00,0,0,0
2024-06-06 03:00:00,0,0,0
2024-06-06 04:00:00,0,0,0
2024-06-06 05:00:00,0,0,0
2024-06-06 06:00:00,0,0,0
2024-06-06 07:00:00,0,0,0
2024-06-06 08:00:00,0,0,0
2024-06-06 09:00:00,0,0,0
2024-06-06 10:00:00,0,0,0
2024-06-06 11:00:00,0,0,0
2024-06-06 12:00:00,0,0,0
2024-06-06 13:00:00,0,0,0
2024-06-06 14:00:00,0,0,0
2024-06-06 15:00:00,0,0,0
2024-06-06 16:00:00,0,0,0
2024-06-06 17:00:00,0,0,0
2024-06-06 18:00:00,0,0,0
2024-06-06 19:00:00,0,0,0
2024-06-06 20:00:00,0,0,0
2024-06-06 21:00:00,0,0,0
2024-06-06 22:00:00,0,0,0
2024-06-06 23:00:00,0,0,0
2024-06-07 00:00:00,0,0,0
2024-06-07 01:00:00,0,0,0
2024-06-07 02:00:00,0,0,0
2024-06-07 03:00:00,0,0,0
2024-06-07 04:00:00,0,0,0
2024-06-07 05:00:00,0,0,0
2024-06-07 06:00:00,0,0,0
2024-06-07 07:00:00,0,0,0
2024-06-07 08:00:00,0,0,0
2024-06-07 09:00:00,0,0,0
2024-06-07 10:00:00,0,0,0
2024-06-07 11:00:00,0,0,0
2024-06-07 12:00:00,0,0,0
2024-06-07 13:00:00,0,0,0
2024-06-07 14:00:00,0,0,0
2024-06-07 15:00:00,0,0,0
2024-06-07 16:00:00,0,0,0
2024-06-07 17:00:00,0,0,0
2024-06-07 18:00:00,0,0,0
2024-06-07 19:00:00,0,0,0
2024-06-07 20:00:00,0,0,0
2024-06-07 21:00:00,0,0,0
2024-06-07 22:00:00,0,0,0
2024-06-07 23:00:00,0,0,0
2024-06-08 00:00:00,0,0,0
2024-06-08 01:00:00,0,0,0
2024-06-08 02:00:00,0,0,0
2024-06-08 03:00:00,0,0,0
2024-06-08 04:00:00,0,0,0
2024-06-08 05:00:00,0,0,0
2024-06-08 06:00:00,0,0,0
2024-06-08 07:00:00,0,0,0
2024-06-08 08:00:00,0,0,0
2024-06-08 09:00:00,0,0,0
2024-06-08 10:00:00,0,0,0
2024-06-08 11:00:00,0,0,0
2024-06-08 12:00:00,0,0,0
2024-06-08 13:00:00,0,0,0
2024-06-08 14:00:00,0,0,0
2024-06-08 15:00:00,0,0,0
2024-06-08 16:00:00,0,0,0
2024-06-08 17:00:00,0,0,0
2024-06-08 18:00:00,0,0,0
2024-06-08 19:00:00,0,0,0
2024-06-08 20:00:00,0,0,0
2024-06-08 21:00:00,0,0,0
2024-06-08 22:00:00,0,0,0
2024-06-08 23:00:00,0,0,0
2024-06-09 00:00:00,0,0,0
2024-06-09 01:00:00,0,0,0
2024-06-09 02:00:00,0,0,0
2024-06-09 03:00:00,0,0,0
2024-06-09 04:00:00,0,0,0
2024-06-09 05:00:00,0,0,0
2024-06-09 06:00:00,0,0,0
2024-06-09 07:00:00,0,0,0
2024-06-09 08:00:00,0,0,0
2024-06-09 09:00:00,0,0,0
2024-06-09 10:00:00,0,0,0
2024-06-09 11:00:00,0,0,0
2024-06-09 12:00:00,0,0,0
2024-06-09 13:00:00,0,0,0
2024-06-09 14:00:00,0,0,0
2024-06-09 15:00:00,0,0,0
2024-06-09 16:00:00,0,0,0
2024-06-09 17:00:00,0,0,0
2024-06-09 18:00:00,0,0,0
2024-06-09 19:00:00,0,0,0
2024-06-09 20:00:00,0,0,0
2024-06-09 21:00:00,0,0,0
2024-06-09 22:00:00,0,0,0
2024-06-09 23:00:00,0,0,0
2024-06-10 00:00:00,0,0,0
2024-06-10 01:00:00,0,0,0
2024-06-10 02:00:00,0,0,0
2024-06-10 03:00:00,0,0,0
2024-06-10 04:00:00,0,0,0
2024-06-10 05:00:00,0,0,0
2024-06-10 06:00:00,0,0,0
2024-06-10 07:00:00,0,0,0
2024-06-10 08:00:00,0,0,0
2024-06-10 09:00:00,0,0,0
2024-06-10 10:00:00,0,0,0
2024-06-10 11:00:00,0,0,0
2024-06-10 12:00:00,0,0,0
2024-06-10 13:00:00,0,0,0
2024-06-10 14:00:00,0,0,0
2024-06-10 15:00:00,0,0,0
2024-06-10 16:00:00,0,0,0
2024-06-10 17:00:00,0,0,0
2024-06-10 18:00:00,0,0,0
2024-06-10 19:00:00,0,0,0
2024-06-10 20:00:00,0,0,0
2024-06-10 21:00:00,0,0,0
2024-06-10 22:00:00,0,0,0
2024-06-10 23:00:00,0,0,0
2024-06-11 00:00:00,0,0,0
2024-06-11 01:00:00,0,0,0
2024-06-11 02:00:00,0,0,0
2024-06-11 03:00:00,0,0,0
2024-06-11 04:00:00,0,0,0
2024-06-11 05:00:00,0,0,0
2024-06-11 06:00:00,0,0,0
2024-06-11 07:00:00,0,0,0
2024-06-11 08:00:00,0,0,0
2024-06-11 09:00:00,0,0,0
2024-06-11 10:00:00,0,0,0
2024-06-11 11:00:00,0,0,0
2024-06-11 12:00:00,0,0,0
2024-06-11 13:00:00,0,0,0
2024-06-11 14:00:00,0,0,0
2024-06-11 15:00:00,0,0,0
2024-06-11 16:00:00,0,0,0
2024-06-11 17:00:00,0,0,0
2024-06-11 18:00:00,0,0,0
2024-06-11 19:00:00,0,0,0
2024-06-11 20:00:00,0,0,0
2024-06-11 21:00:00,0,0,0
2024-06-11 22:00:00,0,0,0
2024-06-11 23:00:00,0,0,0
2024-06-12 00:00:00,0,0,0
2024-06-12 01:00:00,0,0,0
2024-06-12 02:00:00,0,0,0
2024-06-12 03:00:00,0,0,0
2024-06-12 04:00:00,0,0,0
2024-06-12 05:00:00,0,0,0
2024-06-12 06:00:00,0,0,0
2024-06-12 07:00:00,0,0,0
2024-06-12 08:00:00,0,0,0
2024-06-12 09:00:00,0,0,0
2024-06-12 10:00:00,0,0,0
2024-06-12 11:00:00,0,0,0
2024-06-12 12:00:00,0,0,0
2024-06-12 13:00:00,0,0,0
2024-06-12 14:00:00,0,0,0
2024-06-12 15:00:00,0,0,0
2024-06-12 16:00:00,0,0,0
2024-06-12 17:00:00,0,0,0
2024-06-12 18:00:00,0,0,0
2024-06-12 19:00:00,0,0,0
2024-06-12 20:00:00,0,0,0
2024-06-12 21:00:00,0,0,0
2024-06-12 22:00:00,0,0,0
2024-06-12 23:00:00,0,0,0
2024-06-13 00:00:00,0,0,0
2024-06-13 01:00:00,0,0,0
2024-06-13 02:00:00,0,0,0
2024-06-13 03:00:00,0,0,0
2024-06-13 04:00:00,0,0,0
2024-06-13 05:00:00,0,0,0
2024-06-13 06:00:00,0,0,0
2024-06-13 07:00:00,0,0,0
2024-06-13 08:00:00,0,0,0
2024-06-13 09:00:00,0,0,0
2024-06-13 10:00:00,0,0,0
2024-06-13 11:00:00,0,0,0
2024-06-13 12:00:00,0,0,0
2024-06-13 13:00:00,0,0,0
2024-06-13 14:00:00,0,0,0
2024-06-13 15:00:00,0,0,0
2024-06-13 16:00:00,0,0,0
2024-06-13 17:00:00,0,0,0
2024-06-13 18:00:00,0,0,0
2024-06-13 19:00:00,0,0,0
2024-06-13 20:00:00,0,0,0
2024-06-13 21:00:00,0,0,0
2024-06-13 22:00:00,0,0,0
2024-06-13 23:00:00,0,0,0
2024-06-14 00:00:00,0,0,0
2024-06-14 01:00:00,0,0,0
2024-06-14 02:00:00,0,0,0
2024-06-14 03:00:00,0,0,0
2024-06-14 04:00:00,0,0,0
2024-06-14 05:00:00,0,0,0
2024-06-14 06:00:00,0,0,0
2024-06-14 07:00:00,0,0,0
2024-06-14 08:00:00,0,0,0
2024-06-14 09:00:00,0,0,0
2024-06-14 10:00:00,0,0,0
2024-06-14 11:00:00,0,0,0
2024-06-14 12:00:00,0,0,0
2024-06-14 13:00:00,0,0,0
2024-06-14 14:00:00,0,0,0
2024-06-14 15:00:00,0,0,0
2024-06-14 16:00:00,0,0,0
2024-06-14 17:00:00,0,0,0
2024-06-14 18:00:00,0,0,0
2024-06-14 19:00:00,0,0,0
2024-06-14 20:00:00,0,0,0
2024-06-14 21:00:00,0,0,0
2024-06-14 22:00:00,0,0,0
2024-06-14 23:00:00,0,0,0
2024-06-15 00:00:00,0,0,0
2024-06-15 01:00:00,0,0,0
2024-06-15 02:00:00,0,0,0
2024-06-15 03:00:00,0,0,0
2024-06-15 04:00:00,0,0,0
2024-06-15 05:00:00,0,0,0
2024-06-15 06:00:00,0,0,0
2024-06-15 07:00:00,0,0,0
2024-06-15 08:00:00,0,0,0
2024-06-15 09:00:00,0,0,0
2024-06-15 10:00:00,0,0,0
2024-06-15 11:00:00,0,0,0
2024-06-15 12:00:00,0,0,0
2024-06-15 13:00:00,0,0,0
2024-06-15 14:00:00,0,0,0
2024-06-15 15:00:00,0,0,0
2024-06-15 16:00:00,0,0,0
2024-06-15 17:00:00,0,0,0
2024-06-15 18:00:00,0,0,0
2024-06-15 19:00:00,0,0,0
2024-06-15 20:00:00,0,0,0
2024-06-15 21:00:00,0,0,0
2024-06-15 22:00:00,0,0,0
2024-06-15 23:00:00,0,0,0
2024-06-16 00:00:00,0,0,0
2024-06-16 01:00:00,0,0,0
2024-06-16 02:00:00,0,0,0
2024-06-16 03:00:00,0,0,0
2024-06-16 04:00:00,0,0,0
2024-06-16 05:00:00,0,0,0
2024-06-16 06:00:00,0,0,0
2024-06-16 07:00:00,0,0,0
2024-06-16 08:00:00,0,0,0
2024-06-16 09:00:00,0,0,0
2024-06-16 10:00:00,0,0,0
2024-06-16 11:00:00,0,0,0
2024-06-16 12:00:00,0,0,0
2024-06-16 13:00:00,0,0,0
2024-06-16 14:00:00,0,0,0
2024-06-16 15:00:00,0,0,0
2024-06-16 16:00:00,0,0,0
2024-06-16 17:00:00,0,0,0
2024-06-16 18:00:00,0,0,0
2024-06-16 19:00:00,0,0,0
2024-06-16 20:00:00,0,0,0
2024-06-16 21:00:00,0,0,0
2024-06-16 22:00:00,0,0,0
2024-06-16 23:00:00,0,0,0
2024-06-17 00:00:00,0,0,0
2024-06-17 01:00:00,0,0,0
2024-06-17 02:00:00,0,0,0
2024-06-17 03:00:00,0,0,0
2024-06-17 04:00:00,0,0,0
2024-06-17 05:00:00,0,0,0
2024-06-17 06:00:00,0,0,0
2024-06-17 07:00:00,0,0,0
2024-06-17 08:00:00,0,0,0
2024-06-17 09:00:00,0,0,0
2024-06-17 10:00:00,0,0,0
2024-06-17 11:00:00,0,0,0
2024-06-17 12:00:00,0,0,0
2024-06-17 13:00:00,0,0,0
2024-06-17 14:00:00,0,0,0
2024-06-17 15:00:00,0,0,0
2024-06-17 16:00:00,0,0,0
2024-06-17 17:00:00,0,0,0
2024-06-17 18:00:00,0,0,0
2024-06-17 19:00:00,0,0,0
2024-06-17 20:00:00,0,0,0
2024-06-17 21:00:00,0,0,0
2024-06-17 22:00:00,0,0,0
2024-06-17 23:00:00,0,0,0
2024-06-18 00:00:00,0,0,0
2024-06-18 01:00:00,0,0,0
2024-06-18 02:00:00,0,0,0
2024-06-18 03:00:00,0,0,0
2024-06-18 04:00:00,0,0,0
2024-06-18 05:00:00,0,0,0
2024-06-18 06:00:00,0,0,0
2024-06-18 07:00:00,0,0,0
2024-06-18 08:00:00,0,0,0
2024-06-18 09:00:00,0,0,0
2024-06-18 10:00:00,0,0,0
2024-06-18 11:00:00,0,0,0
2024-06-18 12:00:00,0,0,0
2024-06-18 13:00:00,0,0,0
2024-06-18 14:00:00,0,0,0
2024-06-18 15:00:00,0,0,0
2024-06-18 16:00:00,0,0,0
2024-06-18 17:00:00,0,0,0
2024-06-18 18:00:00,0,0,0
2024-06-18 19:00:00,0,0,0
2024-06-18 20:00:00,0,0,0
2024-06-18 21:00:00,0,0,0
2024-06-18 22:00:00,0,0,0
2024-06-18 23:00:00,0,0,0
2024-06-19 00:00:00,0,0,0
2024-06-19 01:00:00,0,0,0
2024-06-19 02:00:00,0,0,0
2024-06-19 03:00:00,0,0,0
2024-06-19 04:00:00,0,0,0
2024-06-19 05:00:00,0,0,0
2024-06-19 06:00:00,0,0,0
2024-06-19 07:00:00,0,0,0
2024-06-19 08:00:00,0,0,0
2024-06-19 09:00:00,0,0,0
2024-06-19 10:00:00,0,0,0
2024-06-19 11:00:00,0,0,0
2024-06-19 12:00:00,0,0,0
2024-06-19 13:00:00,0,0,0
2024-06-19 14:00:00,0,0,0
2024-06-19 15:00:00,0,0,0
2024-06-19 16:00:00,0,0,0
2024-06-19 17:00:00,0,0,0
2024-06-19 18:00:00,0,0,0
2024-06-19 19:00:00,0,0,0
2024-06-19 20:00:00,0,0,0
2024-06-19 21:00:00,0,0,0
2024-06-19 22:00:00,0,0,0
2024-06-19 23:00:00,0,0,0
2024-06-20 00:00:00,0,0,0
2024-06-20 01:00:00,0,0,0
2024-06-20 02:00:00,0,0,0
2024-06-20 03:00:00,0,0,0
2024-06-20 04:00:00,0,0,0
2024-06-20 05:00:00,0,0,0
2024-06-20 06:00:00,0,0,0
2024-06-20 07:00:00,0,0,0
2024-06-20 08:00:00,0,0,0
2024-06-20 09:00:00,0,0,0
2024-06-20 10:00:00,0,0,0
2024-06-20 11:00:00,0,0,0
2024-06-20 12:00:00,0,0,0
2024-06-20 13:00:00,0,0,0
2024-06-20 14:00:00,0,0,0
2024-06-20 15:00:00,0,0,0
2024-06-20 16:00:00,0,0,0
2024-06-20 17:00:00,0,0,0
2024-06-20 18:00:00,0,0,0
2024-06-20 19:00:00,0,0,0
2024-06-20 20:00:00,0,0,0
2024-06-20 21:00:00,0,0,0
2024-06-20 22:00:00,0,0,0
2024-06-20 23:00:00,0,0,0
2024-06-21 00:00:00,0,0,0
2024-06-21 01:00:00,0,0,0
2024-06-21 02:00:00,0,0,0
2024-06-21 03:00:00,0,0,0
2024-06-21 04:00:00,0,0,0
2024-06-21 05:00:00,0,0,0
2024-06-21 06:00:00,0,0,0
2024-06-21 07:00:00,0,0,0
2024-06-21 08:00:00,0,0,0
2024-06-21 09:00:00,0,0,0
2024-06-21 10:00:00,0,0,0
2024-06-21 11:00:00,0,0,0
2024-06-21 12:00:00,0,0,0
2024-06-21 13:00:00,0,0,0
2024-06-21 14:00:00,0,0,0
2024-06-21 15:00:00,0,0,0
2024-06-21 16:00:00,0,0,0
2024-06-21 17:00:00,0,0,0
2024-06-21 18:00:00,0,0,0
2024-06-21 19:00:00,0,0,0
2024-06-21 20:00:00,0,0,0
2024-06-21 21:00:00,0,0,0
2024-06-21 22:00:00,0,0,0
2024-06-21 23:00:00,0,0,0
2024-06-22 00:00:00,0,0,0
2024-06-22 01:00:00,0,0,0
2024-06-22 02:00:00,0,0,0
2024-06-22 03:00:00,0,0,0
2024-06-22 04:00:00,0,0,0
2024-06-22 05:00:00,0,0,0
2024-06-22 06:00:00,0,0,0
2024-06-22 07:00:00,0,0,0
2024-06-22 08:00:00,0,0,0
2024-06-22 09:00:00,0,0,0
2024-06-22 10:00:00,0,0,0
2024-06-22 11:00:00,0,0,0
2024-06-22 12:00:00,0,0,0
2024-06-22 13:00:00,0,0,0
2024-06-22 14:00:00,0,0,0
2024-06-22 15:00:00,0,0,0
2024-06-22 16:00:00,0,0,0
2024-06-22 17:00:00,0,0,0
2024-06-22 18:00:00,0,0,0
2024-06-22 19:00:00,0,0,0
2024-06-22 20:00:00,0,0,0
2024-06-22 21:00:00,0,0,0
2024-06-22 22:00:00,0,0,0
2024-06-22 23:00:00,0,0,0
2024-06-23 00:00:00,0,0,0
2024-06-23 01:00:00,0,0,0
2024-06-23 02:00:00,0,0,0
2024-06-23 03:00:00,0,0,0
2024-06-23 04:00:00,0,0,0
2024-06-23 05:00:00,0,0,0
2024-06-23 06:00:00,0,0,0
2024-06-23 07:00:00,0,0,0
2024-06-23 08:00:00,0,0,0
2024-06-23 09:00:00,0,0,0
2024-06-23 10:00:00,0,0,0
2024-06-23 11:00:00,0,0,0
2024-06-23 12:00:00,0,0,0
2024-06-23 13:00:00,0,0,0
2024-06-23 14:00:00,0,0,0
2024-06-23 15:00:00,0,0,0
2024-06-23 16:00:00,0,0,0
2024-06-23 17:00:00,0,0,0
2024-06-23 18:00:00,0,0,0
2024-06-23 19:00:00,0,0,0
2024-06-23 20:00:00,0,0,0
2024-06-23 21:00:00,0,0,0
2024-06-23 22:00:00,0,0,0
2024-06-23 23:00:00,0,0,0
2024-06-24 00:00:00,0,0,0
2024-06-24 01:00:00,0,0,0
2024-06-24 02:00:00,0,0,0
2024-06-24 03:00:00,0,0,0
2024-06-24 04:00:00,0,0,0
2024-06-24 05:00:00,0,0,0
2024-06-24 06:00:00,0,0,0
2024-06-24 07:00:00,0,0,0
2024-06-24 08:00:00,0,0,0
2024-06-24 09:00:00,0,0,0
2024-06-24 10:00:00,0,0,0
2024-06-24 11:00:00,0,0,0
2024-06-24 12:00:00,0,0,0
2024-06-24 13:00:00,0,0,0
2024-06-24 14:00:00,0,0,0
2024-06-24 15:00:00,0,0,0
2024-06-24 16:00:00,0,0,0
2024-06-24 17:00:00,0,0,0
2024-06-24 18:00:00,0,0,0
2024-06-24 19:00:00,0,0,0
2024-06-24 20:00:00,0,0,0
2024-06-24 21:00:00,0,0,0
2024-06-24 22:00:00,0,0,0
2024-06-24 23:00:00,0,0,0
2024-06-25 00:00:00,0,0,0
2024-06-25 01:00:00,0,0,0
2024-06-25 02:00:00,0,0,0
2024-06-25 03:00:00,0,0,0
2024-06-25 04:00:00,0,0,0
2024-06-25 05:00:00,0,0,0
2024-06-25 06:00:00,0,0,0
2024-06-25 07:00:00,0,0,0
2024-06-25 08:00:00,0,0,0
2024-06-25 09:00:00,0,0,0
2024-06-25 10:00:00,0,0,0
2024-06-25 11:00:00,0,0,0
2024-06-25 12:00:00,0,0,0
2024-06-25 13:00:00,0,0,0
2024-06-25 14:00:00,0,0,0
2024-06-25 15:00:00,0,0,0
2024-06-25 16:00:00,0,0,0
2024-06-25 17:00:00,0,0,0
2024-06-25 18:00:00,0,0,0
2024-06-25 19:00:00,0,0,0
2024-06-25 20:00:00,0,0,0
2024-06-25 21:00:00,0,0,0
2024-06-25 22:00:00,0,0,0
2024-06-25 23:00:00,0,0,0
2024-06-26 00:00:00,0,0,0
2024-06-26 01:00:00,0,0,0
2024-06-26 02:00:00,0,0,0
2024-06-26 03:00:00,0,0,0
2024-06-26 04:00:00,0,0,0
2024-06-26 05:00:00,0,0,0
2024-06-26 06:00:00,0,0,0
2024-06-26 07:00:00,0,0,0
2024-06-26 08:00:00,0,0,0
2024-06-26 09:00:00,0,0,0
2024-06-26 10:00:00,0,0,0
2024-06-26 11:00:00,0,0,0
2024-06-26 12:00:00,0,0,0
2024-06-26 13:00:00,0,0,0
2024-06-26 14:00:00,0,0,0
2024-06-26 15:00:00,0,0,0
2024-06-26 16:00:00,0,0,0
2024-06-26 17:00:00,0,0,0
2024-06-26 18:00:00,0,0,0
2024-06-26 19:00:00,0,0,0
2024-06-26 20:00:00,0,0,0
2024-06-26 21:00:00,0,0,0
2024-06-26 22:00:00,0,0,0
2024-06-26 23:00:00,0,0,0
2024-06-27 00:00:00,0,0,0
2024-06-27 01:00:00,0,0,0
2024-06-27 02:00:00,0,0,0
2024-06-27 03:00:00,0,0,0
2024-06-27 04:00:00,0,0,0
2024-06-27 05:00:00,0,0,0
2024-06-27 06:00:00,0,0,0
2024-06-27 07:00:00,0,0,0
2024-06-27 08:00:00,0,0,0
2024-06-27 09:00:00,0,0,0
2024-06-27 10:00:00,0,0,0
2024-06-27 11:00:00,0,0,0
2024-06-27 12:00:00,0,0,0
2024-06-27 13:00:00,0,0,0
2024-06-27 14:00:00,0,0,0
2024-06-27 15:00:00,0,0,0
2024-06-27 16:00:00,0,0,0
2024-06-27 17:00:00,0,0,0
2024-06-27 18:00:00,0,0,0
2024-06-27 19:00:00,0,0,0
2024-06-27 20:00:00,0,0,0
2024-06-27 21:00:00,0,0,0
2024-06-27 22:00:00,0,0,0
2024-06-27 23:00:00,0,0,0
2024-06-28 00:00:00,0,0,0
2024-06-28 01:00:00,0,0,0
2024-06-28 02:00:00,0,0,0
2024-06-28 03:00:00,0,0,0
2024-06-28 04:00:00,0,0,0
2024-06-28 05:00:00,0,0,0
2024-06-28 06:00:00,0,0,0
2024-06-28 07:00:00,0,0,0
2024-06-28 08:00:00,0,0,0
2024-06-28 09:00:00,0,0,0
2024-06-28 10:00:00,0,0,0
2024-06-28 11:00:00,0,0,0
2024-06-28 12:00:00,0,0,0
2024-06-28 13:00:00,0,0,0
2024-06-28 14:00:00,0,0,0
2024-06-28 15:00:00,0,0,0
2024-06-28 16:00:00,0,0,0
2024-06-28 17:00:00,0,0,0
2024-06-28 18:00:00,0,0,0
2024-06-28 19:00:00,0,0,0
2024-06-28 20:00:00,0,0,0
2024-06-28 21:00:00,0,0,0
2024-06-28 22:00:00,0,0,0
2024-06-28 23:00:00,0,0,0
2024-06-29 00:00:00,0,0,0
2024-06-29 01:00:00,0,0,0
2024-06-29 02:00:00,0,0,0
2024-06-29 03:00:00,0,0,0
2024-06-29 04:00:00,0,0,0
2024-06-29 05:00:00,0,0,0
2024-06-29 06:00:00,0,0,0
2024-06-29 07:00:00,0,0,0
2024-06-29 08:00:00,0,0,0
2024-06-29 09:00:00,0,0,0
2024-06-29 10:00:00,0,0,0
2024-06-29 11:00:00,0,0,0
2024-06-29 12:00:00,0,0,0
2024-06-29 13:00:00,0,0,0
2024-06-29 14:00:00,0,0,0
2024-06-29 15:00:00,0,0,0
2024-06-29 16:00:00,0,0,0
2024-06-29 17:00:00,0,0,0
2024-06-29 18:00:00,0,0,0
2024-06-29 19:00:00,0,0,0
2024-06-29 20:00:00,0,0,0
2024-06-29 21:00:00,0,0,0
2024-06-29 22:00:00,0,0,0
2024-06-29 23:00:00,0,0,0
2024-06-30 00:00:00,0,0,0
2024-06-30 01:00:00,0,0,0
2024-06-30 02:00:00,0,0,0
2024-06-30 03:00:00,0,0,0
2024-06-30 04:00:00,0,0,0
2024-06-30 05:00:00,0,0,0
2024-06-30 06:00:00,0,0,0
2024-06-30 07:00:00,0,0,0
2024-06-30 08:00:00,0,0,0
2024-06-30 09:00:00,0,0,0
2024-06-30 10:00:00,0,0,0
2024-06-30 11:00:00,0,0,0
2024-06-30 12:00:00,0,0,0
2024-06-30 13:00:00,0,0,0
2024-06-30 14:00:00,0,0,0
2024-06-30 15:00:00,0,0,0
2024-06-30 16:00:00,0,0,0
2024-06-30 17:00:00,0,0,0
2024-06-30 18:00:00,0,0,0
2024-06-30 19:00:00,0,0,0
2024-06-30 20:00:00,0,0,0
2024-06-30 21:00:00,0,0,0
2024-06-30 22:00:00,0,0,0
2024-06-30 23:00:00,0,0,0
2024-07-01 00:00:00,0,0,0
2024-07-01 01:00:00,0,0,0
2024-07-01 02:00:00,0,0,0
2024-07-01 03:00:00,0,0,0
2024-07-01 04:00:00,0,0,0
2024-07-01 05:00:00,0,0,0
2024-07-01 06:00:00,0,0,0
2024-07-01 07:00:00,0,0,0
2024-07-01 08:00:00,0,0,0
2024-07-01 09:00:00,0,0,0
2024-07-01 10:00:00,0,0,0
2024-07-01 11:00:00,0,0,0
2024-07-01 12:00:00,0,0,0
2024-07-01 13:00:00,0,0,0
2024-07-01 14:00:00,0,0,0
2024-07-01 15:00:00,0,0,0
2024-07-01 16:00:00,0,0,0
2024-07-01 17:00:00,0,0,0
2024-07-01 18:00:00,0,0,0
2024-07-01 19:00:00,0,0,0
2024-07-01 20:00:00,0,0,0
2024-07-01 21:00:00,0,0,0
2024-07-01 22:00:00,0,0,0
2024-07-01 23:00:00,0,0,0
2024-07-02 00:00:00,0,0,0
2024-07-02 01:00:00,0,0,0
2024-07-02 02:00:00,0,0,0
2024-07-02 03:00:00,0,0,0
2024-07-02 04:00:00,0,0,0
2024-07-02 05:00:00,0,0,0
2024-07-02 06:00:00,0,0,0
2024-07-02 07:00:00,0,0,0
2024-07-02 08:00:00,0,0,0
2024-07-02 09:00:00,0,0,0
2024-07-02 10:00:00,0,0,0
2024-07-02 11:00:00,0,0,0
2024-07-02 12:00:00,0,0,0
2024-07-02 13:00:00,0,0,0
2024-07-02 14:00:00,0,0,0
2024-07-02 15:00:00,0,0,0
2024-07-02 16:00:00,0,0,0
2024-07-02 17:00:00,0,0,0
2024-07-02 18:00:00,0,0,0
2024-07-02 19:00:00,0,0,0
2024-07-02 20:00:00,0,0,0
2024-07-02 21:00:00,0,0,0
2024-07-02 22:00:00,0,0,0
2024-07-02 23:00:00,0,0,0
2024-07-03 00:00:00,0,0,0
2024-07-03 01:00:00,0,0,0
2024-07-03 02:00:00,0,0,0
2024-07-03 03:00:00,0,0,0
2024-07-03 04:00:00,0,0,0
2024-07-03 05:00:00,0,0,0
2024-07-03 06:00:00,0,0,0
2024-07-03 07:00:00,0,0,0
2024-07-03 08:00:00,0,0,0
2024-07-03 09:00:00,0,0,0
2024-07-03 10:00:00,0,0,0
2024-07-03 11:00:00,0,0,0
2024-07-03 12:00:00,0,0,0
2024-07-03 13:00:00,0,0,0
2024-07-03 14:00:00,0,0,0
2024-07-03 15:00:00,0,0,0
2024-07-03 16:00:00,0,0,0
2024-07-03 17:00:00,0,0,0
2024-07-03 18:00:00,0,0,0
2024-07-03 19:00:00,0,0,0
2024-07-03 20:00:00,0,0,0
2024-07-03 21:00:00,0,0,0
2024-07-03 22:00:00,0,0,0
2024-07-03 23:00:00,0,0,0
2024-07-04 00:00:00,0,0,0
2024-07-04 01:00:00,0,0,0
2024-07-04 02:00:00,0,0,0
2024-07-04 03:00:00,0,0,0
2024-07-04 04:00:00,0,0,0
2024-07-04 05:00:00,0,0,0
2024-07-04 06:00:00,0,0,0
2024-07-04 07:00:00,0,0,0
2024-07-04 08:00:00,0,0,0
2024-07-04 09:00:00,0,0,0
2024-07-04 10:00:00,0,0,0
2024-07-04 11:00:00,0,0,0
2024-07-04 12:00:00,0,0,0
2024-07-04 13:00:00,0,0,0
2024-07-04 14:00:00,0,0,0
2024-07-04 15:00:00,0,0,0
2024-07-04 16:00:00,0,0,0
2024-07-04 17:00:00,0,0,0
2024-07-04 18:00:00,0,0,0
2024-07-04 19:00:00,0,0,0
2024-07-04 20:00:00,0,0,0
2024-07-04 21:00:00,0,0,0
2024-07-04 22:00:00,0,0,0
2024-07-04 23:00:00,0,0,0
2024-07-05 00:00:00,0,0,0
2024-07-05 01:00:00,0,0,0
2024-07-05 02:00:00,0,0,0
2024-07-05 03:00:00,0,0,0
2024-07-05 04:00:00,0,0,0
2024-07-05 05:00:00,0,0,0
2024-07-05 06:00:00,0,0,0
2024-07-05 07:00:00,0,0,0
2024-07-05 08:00:00,0,0,0
2024-07-05 09:00:00,0,0,0
2024-07-05 10:00:00,0,0,0
2024-07-05 11:00:00,0,0,0
2024-07-05 12:00:00,0,0,0
2024-07-05 13:00:00,0,0,0
2024-07-05 14:00:00,0,0,0
2024-07-05 15:00:00,0,0,0
2024-07-05 16:00:00,0,0,0
2024-07-05 17:00:00,0,0,0
2024-07-05 18:00:00,0,0,0
2024-07-05 19:00:00,0,0,0
2024-07-05 20:00:00,0,0,0
2024-07-05 21:00:00,0,0,0
2024-07-05 22:00:00,0,0,0
2024-07-05 23:00:00,0,0,0
2024-07-06 00:00:00,0,0,0
2024-07-06 01:00:00,0,0,0
2024-07-06 02:00:00,0,0,0
2024-07-06 03:00:00,0,0,0
2024-07-06 04:00:00,0,0,0
2024-07-06 05:00:00,0,0,0
2024-07-06 06:00:00,0,0,0
2024-07-06 07:00:00,0,0,0
2024-07-06 08:00:00,0,0,0
2024-07-06 09:00:00,0,0,0
2024-07-06 10:00:00,0,0,0
2024-07-06 11:00:00,0,0,0
2024-07-06 12:00:00,0,0,0
2024-07-06 13:00:00,0,0,0
2024-07-06 14:00:00,0,0,0
2024-07-06 15:00:00,0,0,0
2024-07-06 16:00:00,0,0,0
2024-07-06 17:00:00,0,0,0
2024-07-06 18:00:00,0,0,0
2024-07-06 19:00:00,0,0,0
2024-07-06 20:00:00,0,0,0
2024-07-06 21:00:00,0,0,0
2024-07-06 22:00:00,0,0,0
2024-07-06 23:00:00,0,0,0
2024-07-07 00:00:00,0,0,0
2024-07-07 01:00:00,0,0,0
2024-07-07 02:00:00,0,0,0
2024-07-07 03:00:00,0,0,0
2024-07-07 04:00:00,0,0,0
2024-07-07 05:00:00,0,0,0
2024-07-07 06:00:00,0,0,0
2024-07-07 07:00:00,0,0,0
2024-07-07 08:00:00,0,0,0
2024-07-07 09:00:00,0,0,0
2024-07-07 10:00:00,0,0,0
2024-07-07 11:00:00,0,0,0
2024-07-07 12:00:00,0,0,0
2024-07-07 13:00:00,0,0,0
2024-07-07 14:00:00,0,0,0
2024-07-07 15:00:00,0,0,0
2024-07-07 16:00:00,0,0,0
2024-07-07 17:00:00,0,0,0
2024-07-07 18:00:00,0,0,0
2024-07-07 19:00:00,0,0,0
2024-07-07 20:00:00,0,0,0
2024-07-07 21:00:00,0,0,0
2024-07-07 22:00:00,0,0,0
2024-07-07 23:00:00,0,0,0
2024-07-08 00:00:00,0,0,0
2024-07-08 01:00:00,0,0,0
2024-07-08 02:00:00,0,0,0
2024-07-08 03:00:00,0,0,0
2024-07-08 04:00:00,0,0,0
2024-07-08 05:00:00,0,0,0
2024-07-08 06:00:00,0,0,0
2024-07-08 07:00:00,0,0,0
2024-07-08 08:00:00,0,0,0
2024-07-08 09:00:00,0,0,0
2024-07-08 10:00:00,0,0,0
2024-07-08 11:00:00,0,0,0
2024-07-08 12:00:00,0,0,0
2024-07-08 13:00:00,0,0,0
2024-07-08 14:00:00,0,0,0
2024-07-08 15:00:00,0,0,0
2024-07-08 16:00:00,0,0,0
2024-07-08 17:00:00,0,0,0
2024-07-08 18:00:00,0,0,0
2024-07-08 19:00:00,0,0,0
2024-07-08 20:00:00,0,0,0
2024-07-08 21:00:00,0,0,0
2024-07-08 22:00:00,0,0,0
2024-07-08 23:00:00,0,0,0
2024-07-09 00:00:00,0,0,0
2024-07-09 01:00:00,0,0,0
2024-07-09 02:00:00,0,0,0
2024-07-09 03:00:00,0,0,0
2024-07-09 04:00:00,0,0,0
2024-07-09 05:00:00,0,0,0
2024-07-09 06:00:00,0,0,0
2024-07-09 07:00:00,0,0,0
2024-07-09 08:00:00,0,0,0
2024-07-09 09:00:00,0,0,0
2024-07-09 10:00:00,0,0,0
2024-07-09 11:00:00,0,0,0
2024-07-09 12:00:00,0,0,0
2024-07-09 13:00:00,0,0,0
2024-07-09 14:00:00,0,0,0
2024-07-09 15:00:00,0,0,0
2024-07-09 16:00:00,0,0,0
2024-07-09 17:00:00,0,0,0
2024-07-09 18:00:00,0,0,0
2024-07-09 19:00:00,0,0,0
2024-07-09 20:00:00,0,0,0
2024-07-09 21:00:00,0,0,0
2024-07-09 22:00:00,0,0,0
2024-07-09 23:00:00,0,0,0
2024-07-10 00:00:00,0,0,0
2024-07-10 01:00:00,0,0,0
2024-07-10 02:00:00,0,0,0
2024-07-10 03:00:00,0,0,0
2024-07-10 04:00:00,0,0,0
2024-07-10 05:00:00,0,0,0
2024-07-10 06:00:00,0,0,0
2024-07-10 07:00:00,0,0,0
2024-07-10 08:00:00,0,0,0
2024-07-10 09:00:00,0,0,0
2024-07-10 10:00:00,0,0,0
2024-07-10 11:00:00,0,0,0
2024-07-10 12:00:00,0,0,0
2024-07-10 13:00:00,0,0,0
2024-07-10 14:00:00,0,0,0
2024-07-10 15:00:00,0,0,0
2024-07-10 16:00:00,0,0,0
2024-07-10 17:00:00,0,0,0
2024-07-10 18:00:00,0,0,0
2024-07-10 19:00:00,0,0,0
2024-07-10 20:00:00,0,0,0
2024-07-10 21:00:00,0,0,0
2024-07-10 22:00:00,0,0,0
2024-07-10 23:00:00,0,0,0
2024-07-11 00:00:00,0,0,0
2024-07-11 01:00:00,0,0,0
2024-07-11 02:00:00,0,0,0
2024-07-11 03:00:00,0,0,0
2024-07-11 04:00:00,0,0,0
2024-07-11 05:00:00,0,0,0
2024-07-11 06:00:00,0,0,0
2024-07-11 07:00:00,0,0,0
2024-07-11 08:00:00,0,0,0
2024-07-11 09:00:00,0,0,0
2024-07-11 10:00:00,0,0,0
2024-07-11 11:00:00,0,0,0
2024-07-11 12:00:00,0,0,0
2024-07-11 13:00:00,0,0,0
2024-07-11 14:00:00,0,0,0
2024-07-11 15:00:00,0,0,0
2024-07-11 16:00:00,0,0,0
2024-07-11 17:00:00,0,0,0
2024-07-11 18:00:00,0,0,0
2024-07-11 19:00:00,0,0,0
2024-07-11 20:00:00,0,0,0
2024-07-11 21:00:00,0,0,0
2024-07-11 22:00:00,0,0,0
2024-07-11 23:00:00,0,0,0
2024-07-12 00:00:00,0,0,0
2024-07-12 01:00:00,0,0,0
2024-07-12 02:00:00,0,0,0
2024-07-12 03:00:00,0,0,0
2024-07-12 04:00:00,0,0,0
2024-07-12 05:00:00,0,0,0
2024-07-12 06:00:00,0,0,0
2024-07-12 07:00:00,0,0,0
2024-07-12 08:00:00,0,0,0
2024-07-12 09:00:00,0,0,0
2024-07-12 10:00:00,0,0,0
2024-07-12 11:00:00,0,0,0
2024-07-12 12:00:00,0,0,0
2024-07-12 13:00:00,0,0,0
2024-07-12 14:00:00,0,0,0
2024-07-12 15:00:00,0,0,0
2024-07-12 16:00:00,0,0,0
2024-07-12 17:00:00,0,0,0
2024-07-12 18:00:00,0,0,0
2024-07-12 19:00:00,0,0,0
2024-07-12 20:00:00,0,0,0
2024-07-12 21:00:00,0,0,0
2024-07-12 22:00:00,0,0,0
2024-07-12 23:00:00,0,0,0
2024-07-13 00:00:00,0,0,0
2024-07-13 01:00:00,0,0,0
2024-07-13 02:00:00,0,0,0
2024-07-13 03:00:00,0,0,0
2024-07-13 04:00:00,0,0,0
2024-07-13 05:00:00,0,0,0
2024-07-13 06:00:00,0,0,0
2024-07-13 07:00:00,0,0,0
2024-07-13 08:00:00,0,0,0
2024-07-13 09:00:00,0,0,0
2024-07-13 10:00:00,0,0,0
2024-07-13 11:00:00,0,0,0
2024-07-13 12:00:00,0,0,0
2024-07-13 13:00:00,0,0,0
2024-07-13 14:00:00,0,0,0
2024-07-13 15:00:00,0,0,0
2024-07-13 16:00:00,0,0,0
2024-07-13 17:00:00,0,0,0
2024-07-13 18:00:00,0,0,0
2024-07-13 19:00:00,0,0,0
2024-07-13 20:00:00,0,0,0
2024-07-13 21:00:00,0,0,0
2024-07-13 22:00:00,0,0,0
2024-07-13 23:00:00,0,0,0
2024-07-14 00:00:00,0,0,0
2024-07-14 01:00:00,0,0,0
2024-07-14 02:00:00,0,0,0
2024-07-14 03:00:00,0,0,0
2024-07-14 04:00:00,0,0,0
2024-07-14 05:00:00,0,0,0
2024-07-14 06:00:00,0,0,0
2024-07-14 07:00:00,0,0,0
2024-07-14 08:00:00,0,0,0
2024-07-14 09:00:00,0,0,0
2024-07-14 10:00:00,0,0,0
2024-07-14 11:00:00,0,0,0
2024-07-14 12:00:00,0,0,0
2024-07-14 13:00:00,0,0,0
2024-07-14 14:00:00,0,0,0
2024-07-14 15:00:00,0,0,0
2024-07-14 16:00:00,0,0,0
2024-07-14 17:00:00,0,0,0
2024-07-14 18:00:00,0,0,0
2024-07-14 19:00:00,0,0,0
2024-07-14 20:00:00,0,0,0
2024-07-14 21:00:00,0,0,0
2024-07-14 22:00:00,0,0,0
2024-07-14 23:00:00,0,0,0
2024-07-15 00:00:00,0,0,0
2024-07-15 01:00:00,0,0,0
2024-07-15 02:00:00,0,0,0
2024-07-15 03:00:00,0,0,0
2024-07-15 04:00:00,0,0,0
2024-07-15 05:00:00,0,0,0
2024-07-15 06:00:00,0,0,0
2024-07-15 07:00:00,0,0,0
2024-07-15 08:00:00,0,0,0
2024-07-15 09:00:00,0,0,0
2024-07-15 10:00:00,0,0,0
2024-07-15 11:00:00,0,0,0
2024-07-15 12:00:00,0,0,0
2024-07-15 13:00:00,0,0,0
2024-07-15 14:00:00,0,0,0
2024-07-15 15:00:00,0,0,0
2024-07-15 16:00:00,0,0,0
2024-07-15 17:00:00,0,0,0
2024-07-15 18:00:00,0,0,0
2024-07-15 19:00:00,0,0,0
2024-07-15 20:00:00,0,0,0
2024-07-15 21:00:00,0,0,0
2024-07-15 22:00:00,0,0,0
2024-07-15 23:00:00,0,0,0
2024-07-16 00:00:00,0,0,0
2024-07-16 01:00:00,0,0,0
2024-07-16 02:00:00,0,0,0
2024-07-16 03:00:00,0,0,0
2024-07-16 04:00:00,0,0,0
2024-07-16 05:00:00,0,0,0
2024-07-16 06:00:00,0,0,0
2024-07-16 07:00:00,0,0,0
2024-07-16 08:00:00,0,0,0
2024-07-16 09:00:00,0,0,0
2024-07-16 10:00:00,0,0,0
2024-07-16 11:00:00,0,0,0
2024-07-16 12:00:00,0,0,0
2024-07-16 13:00:00,0,0,0
2024-07-16 14:00:00,0,0,0
2024-07-16 15:00:00,0,0,0
2024-07-16 16:00:00,0,0,0
2024-07-16 17:00:00,0,0,0
2024-07-16 18:00:00,0,0,0
2024-07-16 19:00:00,0,0,0
2024-07-16 20:00:00,0,0,0
2024-07-16 21:00:00,0,0,0
2024-07-16 22:00:00,0,0,0
2024-07-16 23:00:00,0,0,0
2024-07-17 00:00:00,0,0,0
2024-07-17 01:00:00,0,0,0
2024-07-17 02:00:00,0,0,0
2024-07-17 03:00:00,0,0,0
2024-07-17 04:00:00,0,0,0
2024-07-17 05:00:00,0,0,0
2024-07-17 06:00:00,0,0,0
2024-07-17 07:00:00,0,0,0
2024-07-17 08:00:00,0,0,0
2024-07-17 09:00:00,0,0,0
2024-07-17 10:00:00,0,0,0
2024-07-17 11:00:00,0,0,0
2024-07-17 12:00:00,0,0,0
2024-07-17 13:00:00,0,0,0
2024-07-17 14:00:00,0,0,0
2024-07-17 15:00:00,0,0,0
2024-07-17 16:00:00,0,0,0
2024-07-17 17:00:00,0,0,0
2024-07-17 18:00:00,0,0,0
2024-07-17 19:00:00,0,0,0
2024-07-17 20:00:00,0,0,0
2024-07-17 21:00:00,0,0,0
2024-07-17 22:00:00,0,0,0
2024-07-17 23:00:00,0,0,0
2024-07-18 00:00:00,0,0,0
2024-07-18 01:00:00,0,0,0
2024-07-18 02:00:00,0,0,0
2024-07-18 03:00:00,0,0,0
2024-07-18 04:00:00,0,0,0
2024-07-18 05:00:00,0,0,0
2024-07-18 06:00:00,0,0,0
2024-07-18 07:00:00,0,0,0
2024-07-18 08:00:00,0,0,0
2024-07-18 09:00:00,0,0,0
2024-07-18 10:00:00,0,0,0
2024-07-18 11:00:00,0,0,0
2024-07-18 12:00:00,0,0,0
2024-07-18 13:00:00,0,0,0
2024-07-18 14:00:00,0,0,0
2024-07-18 15:00:00,0,0,0
2024-07-18 16:00:00,0,0,0
2024-07-18 17:00:00,0,0,0
2024-07-18 18:00:00,0,0,0
2024-07-18 19:00:00,0,0,0
2024-07-18 20:00:00,0,0,0
2024-07-18 21:00:00,0,0,0
2024-07-18 22:00:00,0,0,0
2024-07-18 23:00:00,0,0,0
2024-07-19 00:00:00,0,0,0
2024-07-19 01:00:00,0,0,0
2024-07-19 02:00:00,0,0,0
2024-07-19 03:00:00,0,0,0
2024-07-19 04:00:00,0,0,0
2024-07-19 05:00:00,0,0,0
2024-07-19 06:00:00,0,0,0
2024-07-19 07:00:00,0,0,0
2024-07-19 08:00:00,0,0,0
2024-07-19 09:00:00,0,0,0
2024-07-19 10:00:00,0,0,0
2024-07-19 11:00:00,0,0,0
2024-07-19 12:00:00,0,0,0
2024-07-19 13:00:00,0,0,0
2024-07-19 14:00:00,0,0,0
2024-07-19 15:00:00,0,0,0
2024-07-19 16:00:00,0,0,0
2024-07-19 17:00:00,0,0,0
2024-07-19 18:00:00,0,0,0
2024-07-19 19:00:00,0,0,0
2024-07-19 20:00:00,0,0,0
2024-07-19 21:00:00,0,0,0
2024-07-19 22:00:00,0,0,0
2024-07-19 23:00:00,0,0,0
2024-07-20 00:00:00,0,0,0
2024-07-20 01:00:00,0,0,0
2024-07-20 02:00:00,0,0,0
2024-07-20 03:00:00,0,0,0
2024-07-20 04:00:00,0,0,0
2024-07-20 05:00:00,0,0,0
2024-07-20 06:00:00,0,0,0
2024-07-20 07:00:00,0,0,0
2024-07-20 08:00:00,0,0,0
2024-07-20 09:00:00,0,0,0
2024-07-20 10:00:00,0,0,0
2024-07-20 11:00:00,0,0,0
2024-07-20 12:00:00,0,0,0
2024-07-20 13:00:00,0,0,0
2024-07-20 14:00:00,0,0,0
2024-07-20 15:00:00,0,0,0
2024-07-20 16:00:00,0,0,0
2024-07-20 17:00:00,0,0,0
2024-07-20 18:00:00,0,0,0
2024-07-20 19:00:00,0,0,0
2024-07-20 20:00:00,0,0,0
2024-07-20 21:00:00,0,0,0
2024-07-20 22:00:00,0,0,0
2024-07-20 23:00:00,0,0,0
2024-07-21 00:00:00,0,0,0
2024-07-21 01:00:00,0,0,0
2024-07-21 02:00:00,0,0,0
2024-07-21 03:00:00,0,0,0
2024-07-21 04:00:00,0,0,0
2024-07-21 05:00:00,0,0,0
2024-07-21 06:00:00,0,0,0
2024-07-21 07:00:00,0,0,0
2024-07-21 08:00:00,0,0,0
2024-07-21 09:00:00,0,0,0
2024-07-21 10:00:00,0,0,0
2024-07-21 11:00:00,0,0,0
2024-07-21 12:00:00,0,0,0
2024-07-21 13:00:00,0,0,0
2024-07-21 14:00:00,0,0,0
2024-07-21 15:00:00,0,0,0
2024-07-21 16:00:00,0,0,0
2024-07-21 17:00:00,0,0,0
2024-07-21 18:00:00,0,0,0
2024-07-21 19:00:00,0,0,0
2024-07-21 20:00:00,0,0,0
2024-07-21 21:00:00,0,0,0
2024-07-21 22:00:00,0,0,0
2024-07-21 23:00:00,0,0,0
2024-07-22 00:00:00,0,0,0
2024-07-22 01:00:00,0,0,0
2024-07-22 02:00:00,0,0,0
2024-07-22 03:00:00,0,0,0
2024-07-22 04:00:00,0,0,0
2024-07-22 05:00:00,0,0,0
2024-07-22 06:00:00,0,0,0
2024-07-22 07:00:00,0,0,0
2024-07-22 08:00:00,0,0,0
2024-07-22 09:00:00,0,0,0
2024-07-22 10:00:00,0,0,0
2024-07-22 11:00:00,0,0,0
2024-07-22 12:00:00,0,0,0
2024-07-22 13:00:00,0,0,0
2024-07-22 14:00:00,0,0,0
2024-07-22 15:00:00,0,0,0
2024-07-22 16:00:00,0,0,0
2024-07-22 17:00:00,0,0,0
2024-07-22 18:00:00,0,0,0
2024-07-22 19:00:00,0,0,0
2024-07-22 20:00:00,0,0,0
2024-07-22 21:00:00,0,0,0
2024-07-22 22:00:00,0,0,0
2024-07-22 23:00:00,0,0,0
2024-07-23 00:00:00,0,0,0
2024-07-23 01:00:00,0,0,0
2024-07-23 02:00:00,0,0,0
2024-07-23 03:00:00,0,0,0
2024-07-23 04:00:00,0,0,0
2024-07-23 05:00:00,0,0,0
2024-07-23 06:00:00,0,0,0
2024-07-23 07:00:00,0,0,0
2024-07-23 08:00:00,0,0,0
2024-07-23 09:00:00,0,0,0
2024-07-23 10:00:00,0,0,0
2024-07-23 11:00:00,0,0,0
2024-07-23 12:00:00,0,0,0
2024-07-23 13:00:00,0,0,0
2024-07-23 14:00:00,0,0,0
2024-07-23 15:00:00,0,0,0
2024-07-23 16:00:00,0,0,0
2024-07-23 17:00:00,0,0,0
2024-07-23 18:00:00,0,0,0
2024-07-23 19:00:00,0,0,0
2024-07-23 20:00:00,0,0,0
2024-07-23 21:00:00,0,0,0
2024-07-23 22:00:00,0,0,0
2024-07-23 23:00:00,0,0,0
2024-07-24 00:00:00,0,0,0
2024-07-24 01:00:00,0,0,0
2024-07-24 02:00:00,0,0,0
2024-07-24 03:00:00,0,0,0
2024-07-24 04:00:00,0,0,0
2024-07-24 05:00:00,0,0,0
2024-07-24 06:00:00,0,0,0
2024-07-24 07:00:00,0,0,0
2024-07-24 08:00:00,0,0,0
2024-07-24 09:00:00,0,0,0
2024-07-24 10:00:00,0,0,0
2024-07-24 11:00:00,0,0,0
2024-07-24 12:00:00,0,0,0
2024-07-24 13:00:00,0,0,0
2024-07-24 14:00:00,0,0,0
2024-07-24 15:00:00,0,0,0
2024-07-24 16:00:00,0,0,0
2024-07-24 17:00:00,0,0,0
2024-07-24 18:00:00,0,0,0
2024-07-24 19:00:00,0,0,0
2024-07-24 20:00:00,0,0,0
2024-07-24 21:00:00,0,0,0
2024-07-24 22:00:00,0,0,0
2024-07-24 23:00:00,0,0,0
2024-07-25 00:00:00,0,0,0
2024-07-25 01:00:00,0,0,0
2024-07-25 02:00:00,0,0,0
2024-07-25 03:00:00,0,0,0
2024-07-25 04:00:00,0,0,0
2024-07-25 05:00:00,0,0,0
2024-07-25 06:00:00,0,0,0
2024-07-25 07:00:00,0,0,0
2024-07-25 08:00:00,0,0,0
2024-07-25 09:00:00,0,0,0
2024-07-25 10:00:00,0,0,0
2024-07-25 11:00:00,0,0,0
2024-07-25 12:00:00,0,0,0
2024-07-25 13:00:00,0,0,0
2024-07-25 14:00:00,0,0,0
2024-07-25 15:00:00,0,0,0
2024-07-25 16:00:00,0,0,0
2024-07-25 17:00:00,0,0,0
2024-07-25 18:00:00,0,0,0
2024-07-25 19:00:00,0,0,0
2024-07-25 20:00:00,0,0,0
2024-07-25 21:00:00,0,0,0
2024-07-25 22:00:00,0,0,0
2024-07-25 23:00:00,0,0,0
2024-07-26 00:00:00,0,0,0
2024-07-26 01:00:00,0,0,0
2024-07-26 02:00:00,0,0,0
2024-07-26 03:00:00,0,0,0
2024-07-26 04:00:00,0,0,0
2024-07-26 05:00:00,0,0,0
2024-07-26 06:00:00,0,0,0
2024-07-26 07:00:00,0,0,0
2024-07-26 08:00:00,0,0,0
2024-07-26 09:00:00,0,0,0
2024-07-26 10:00:00,0,0,0
2024-07-26 11:00:00,0,0,0
2024-07-26 12:00:00,0,0,0
2024-07-26 13:00:00,0,0,0
2024-07-26 14:00:00,0,0,0
2024-07-26 15:00:00,0,0,0
2024-07-26 16:00:00,0,0,0
2024-07-26 17:00:00,0,0,0
2024-07-26 18:00:00,0,0,0
2024-07-26 19:00:00,0,0,0
2024-07-26 20:00:00,0,0,0
2024-07-26 21:00:00,0,0,0
2024-07-26 22:00:00,0,0,0
2024-07-26 23:00:00,0,0,0
2024-07-27 00:00:00,0,0,0
2024-07-27 01:00:00,0,0,0
2024-07-27 02:00:00,0,0,0
2024-07-27 03:00:00,0,0,0
2024-07-27 04:00:00,0,0,0
2024-07-27 05:00:00,0,0,0
2024-07-27 06:00:00,0,0,0
2024-07-27 07:00:00,0,0,0
2024-07-27 08:00:00,0,0,0
2024-07-27 09:00:00,0,0,0
2024-07-27 10:00:00,0,0,0
2024-07-27 11:00:00,0,0,0
2024-07-27 12:00:00,0,0,0
2024-07-27 13:00:00,0,0,0
2024-07-27 14:00:00,0,0,0
2024-07-27 15:00:00,0,0,0
2024-07-27 16:00:00,0,0,0
2024-07-27 17:00:00,0,0,0
2024-07-27 18:00:00,0,0,0
2024-07-27 19:00:00,0,0,0
2024-07-27 20:00:00,0,0,0
2024-07-27 21:00:00,0,0,0
2024-07-27 22:00:00,0,0,0
2024-07-27 23:00:00,0,0,0
2024-07-28 00:00:00,0,0,0
2024-07-28 01:00:00,0,0,0
2024-07-28 02:00:00,0,0,0
2024-07-28 03:00:00,0,0,0
2024-07-28 04:00:00,0,0,0
2024-07-28 05:00:00,0,0,0
2024-07-28 06:00:00,0,0,0
2024-07-28 07:00:00,0,0,0
2024-07-28 08:00:00,0,0,0
2024-07-28 09:00:00,0,0,0
2024-07-28 10:00:00,0,0,0
2024-07-28 11:00:00,0,0,0
2024-07-28 12:00:00,0,0,0
2024-07-28 13:00:00,0,0,0
2024-07-28 14:00:00,0,0,0
2024-07-28 15:00:00,0,0,0
2024-07-28 16:00:00,0,0,0
2024-07-28 17:00:00,0,0,0
2024-07-28 18:00:00,0,0,0
2024-07-28 19:00:00,0,0,0
2024-07-28 20:00:00,0,0,0
2024-07-28 21:00:00,0,0,0
2024-07-28 22:00:00,0,0,0
2024-07-28 23:00:00,0,0,0
2024-07-29 00:00:00,0,0,0
2024-07-29 01:00:00,0,0,0
2024-07-29 02:00:00,0,0,0
2024-07-29 03:00:00,0,0,0
2024-07-29 04:00:00,0,0,0
2024-07-29 05:00:00,0,0,0
2024-07-29 06:00:00,0,0,0
2024-07-29 07:00:00,0,0,0
2024-07-29 08:00:00,0,0,0
2024-07-29 09:00:00,0,0,0
2024-07-29 10:00:00,0,0,0
2024-07-29 11:00:00,0,0,0
2024-07-29 12:00:00,0,0,0
2024-07-29 13:00:00,0,0,0
2024-07-29 14:00:00,0,0,0
2024-07-29 15:00:00,0,0,0
2024-07-29 16:00:00,0,0,0
2024-07-29 17:00:00,0,0,0
2024-07-29 18:00:00,0,0,0
2024-07-29 19:00:00,0,0,0
2024-07-29 20:00:00,0,0,0
2024-07-29 21:00:00,0,0,0
2024-07-29 22:00:00,0,0,0
2024-07-29 23:00:00,0,0,0
2024-07-30 00:00:00,0,0,0
2024-07-30 01:00:00,0,0,0
2024-07-30 02:00:00,0,0,0
2024-07-30 03:00:00,0,0,0
2024-07-30 04:00:00,0,0,0
2024-07-30 05:00:00,0,0,0
2024-07-30 06:00:00,0,0,0
2024-07-30 07:00:00,0,0,0
2024-07-30 08:00:00,0,0,0
2024-07-30 09:00:00,0,0,0
2024-07-30 10:00:00,0,0,0
2024-07-30 11:00:00,0,0,0
2024-07-30 12:00:00,0,0,0
2024-07-30 13:00:00,0,0,0
2024-07-30 14:00:00,0,0,0
2024-07-30 15:00:00,0,0,0
2024-07-30 16:00:00,0,0,0
2024-07-30 17:00:00,0,0,0
2024-07-30 18:00:00,0,0,0
2024-07-30 19:00:00,0,0,0
2024-07-30 20:00:00,0,0,0
2024-07-30 21:00:00,0,0,0
2024-07-30 22:00:00,0,0,0
2024-07-30 23:00:00,0,0,0
2024-07-31 00:00:00,0,0,0
2024-07-31 01:00:00,0,0,0
2024-07-31 02:00:00,0,0,0
2024-07-31 03:00:00,0,0,0
2024-07-31 04:00:00,0,0,0
2024-07-31 05:00:00,0,0,0
2024-07-31 06:00:00,0,0,0
2024-07-31 07:00:00,0,0,0
2024-07-31 08:00:00,0,0,0
2024-07-31 09:00:00,0,0,0
2024-07-31 10:00:00,0,0,0
2024-07-31 11:00:00,0,0,0
2024-07-31 12:00:00,0,0,0
2024-07-31 13:00:00,0,0,0
2024-07-31 14:00:00,0,0,0
2024-07-31 15:00:00,0,0,0
2024-07-31 16:00:00,0,0,0
2024-07-31 17:00:00,0,0,0
2024-07-31 18:00:00,0,0,0
2024-07-31 19:00:00,0,0,0
2024-07-31 20:00:00,0,0,0
2024-07-31 21:00:00,0,0,0
2024-07-31 22:00:00,0,0,0
2024-07-31 23:00:00,0,0,0
2024-08-01 00:00:00,0,0,0
2024-08-01 01:00:00,0,0,0
2024-08-01 02:00:00,0,0,0
2024-08-01 03:00:00,0,0,0
2024-08-01 04:00:00,0,0,0
2024-08-01 05:00:00,0,0,0
2024-08-01 06:00:00,0,0,0
2024-08-01 07:00:00,0,0,0
2024-08-01 08:00:00,0,0,0
2024-08-01 09:00:00,0,0,0
2024-08-01 10:00:00,0,0,0
2024-08-01 11:00:00,0,0,0
2024-08-01 12:00:00,0,0,0
2024-08-01 13:00:00,0,0,0
2024-08-01 14:00:00,0,0,0
2024-08-01 15:00:00,0,0,0
2024-08-01 16:00:00,0,0,0
2024-08-01 17:00:00,0,0,0
2024-08-01 18:00:00,0,0,0
2024-08-01 19:00:00,0,0,0
2024-08-01 20:00:00,0,0,0
2024-08-01 21:00:00,0,0,0
2024-08-01 22:00:00,0,0,0
2024-08-01 23:00:00,0,0,0
2024-08-02 00:00:00,0,0,0
2024-08-02 01:00:00,0,0,0
2024-08-02 02:00:00,0,0,0
2024-08-02 03:00:00,0,0,0
2024-08-02 04:00:00,0,0,0
2024-08-02 05:00:00,0,0,0
2024-08-02 06:00:00,0,0,0
2024-08-02 07:00:00,0,0,0
2024-08-02 08:00:00,0,0,0
2024-08-02 09:00:00,0,0,0
2024-08-02 10:00:00,0,0,0
2024-08-02 11:00:00,0,0,0
2024-08-02 12:00:00,0,0,0
2024-08-02 13:00:00,0,0,0
2024-08-02 14:00:00,0,0,0
2024-08-02 15:00:00,0,0,0
2024-08-02 16:00:00,0,0,0
2024-08-02 17:00:00,0,0,0
2024-08-02 18:00:00,0,0,0
2024-08-02 19:00:00,0,0,0
2024-08-02 20:00:00,0,0,0
2024-08-02 21:00:00,0,0,0
2024-08-02 22:00:00,0,0,0
2024-08-02 23:00:00,0,0,0
2024-08-03 00:00:00,0,0,0
2024-08-03 01:00:00,0,0,0
2024-08-03 02:00:00,0,0,0
2024-08-03 03:00:00,0,0,0
2024-08-03 04:00:00,0,0,0
2024-08-03 05:00:00,0,0,0
2024-08-03 06:00:00,0,0,0
2024-08-03 07:00:00,0,0,0
2024-08-03 08:00:00,0,0,0
2024-08-03 09:00:00,0,0,0
2024-08-03 10:00:00,0,0,0
2024-08-03 11:00:00,0,0,0
2024-08-03 12:00:00,0,0,0
2024-08-03 13:00:00,0,0,0
2024-08-03 14:00:00,0,0,0
2024-08-03 15:00:00,0,0,0
2024-08-03 16:00:00,0,0,0
2024-08-03 17:00:00,0,0,0
2024-08-03 18:00:00,0,0,0
2024-08-03 19:00:00,0,0,0
2024-08-03 20:00:00,0,0,0
2024-08-03 21:00:00,0,0,0
2024-08-03 22:00:00,0,0,0
2024-08-03 23:00:00,0,0,0
2024-08-04 00:00:00,0,0,0
2024-08-04 01:00:00,0,0,0
2024-08-04 02:00:00,0,0,0
2024-08-04 03:00:00,0,0,0
2024-08-04 04:00:00,0,0,0
2024-08-04 05:00:00,0,0,0
2024-08-04 06:00:00,0,0,0
2024-08-04 07:00:00,0,0,0
2024-08-04 08:00:00,0,0,0
2024-08-04 09:00:00,0,0,0
2024-08-04 10:00:00,0,0,0
2024-08-04 11:00:00,0,0,0
2024-08-04 12:00:00,0,0,0
2024-08-04 13:00:00,0,0,0
2024-08-04 14:00:00,0,0,0
2024-08-04 15:00:00,0,0,0
2024-08-04 16:00:00,0,0,0
2024-08-04 17:00:00,0,0,0
2024-08-04 18:00:00,0,0,0
2024-08-04 19:00:00,0,0,0
2024-08-04 20:00:00,0,0,0
2024-08-04 21:00:00,0,0,0
2024-08-04 22:00:00,0,0,0
2024-08-04 23:00:00,0,0,0
2024-08-05 00:00:00,0,0,0
2024-08-05 01:00:00,0,0,0
2024-08-05 02:00:00,0,0,0
2024-08-05 03:00:00,0,0,0
2024-08-05 04:00:00,0,0,0
2024-08-05 05:00:00,0,0,0
2024-08-05 06:00:00,0,0,0
2024-08-05 07:00:00,0,0,0
2024-08-05 08:00:00,0,0,0
2024-08-05 09:00:00,0,0,0
2024-08-05 10:00:00,0,0,0
2024-08-05 11:00:00,0,0,0
2024-08-05 12:00:00,0,0,0
2024-08-05 13:00:00,0,0,0
2024-08-05 14:00:00,0,0,0
2024-08-05 15:00:00,0,0,0
2024-08-05 16:00:00,0,0,0
2024-08-05 17:00:00,0,0,0
2024-08-05 18:00:00,0,0,0
2024-08-05 19:00:00,0,0,0
2024-08-05 20:00:00,0,0,0
2024-08-05 21:00:00,0,0,0
2024-08-05 22:00:00,0,0,0
2024-08-05 23:00:00,0,0,0
2024-08-06 00:00:00,0,0,0
2024-08-06 01:00:00,0,0,0
2024-08-06 02:00:00,0,0,0
2024-08-06 03:00:00,0,0,0
2024-08-06 04:00:00,0,0,0
2024-08-06 05:00:00,0,0,0
2024-08-06 06:00:00,0,0,0
2024-08-06 07:00:00,0,0,0
2024-08-06 08:00:00,0,0,0
2024-08-06 09:00:00,0,0,0
2024-08-06 10:00:00,0,0,0
2024-08-06 11:00:00,2,50,2
2024-08-06 12:00:00,1,166,4
2024-08-06 13:00:00,6,165,3
2024-08-06 14:00:00,5,175,7
2024-08-06 15:00:00,4,241,8
2024-08-06 16:00:00,6,215,16
2024-08-06 17:00:00,15,194,14
2024-08-06 18:00:00,4,136,13
2024-08-06 19:00:00,2,104,5
2024-08-06 20:00:00,2,87,7
2024-08-06 21:00:00,0,38,2
2024-08-06 22:00:00,0,26,1
2024-08-06 23:00:00,0,10,0
2024-08-07 00:00:00,0,6,0
2024-08-07 01:00:00,0,5,0
2024-08-07 02:00:00,0,3,0
2024-08-07 03:00:00,0,4,0
2024-08-07 04:00:00,0,26,0
2024-08-07 05:00:00,1,42,1
2024-08-07 06:00:00,4,118,8
2024-08-07 07:00:00,4,159,8
2024-08-07 08:00:00,0,149,6
2024-08-07 09:00:00,2,144,8
2024-08-07 10:00:00,1,139,3
2024-08-07 11:00:00,1,150,3
2024-08-07 12:00:00,2,139,3
2024-08-07 13:00:00,0,158,5
2024-08-07 14:00:00,2,155,1
2024-08-07 15:00:00,4,215,7
2024-08-07 16:00:00,2,179,16
2024-08-07 17:00:00,2,183,11
2024-08-07 18:00:00,6,105,11
2024-08-07 19:00:00,0,91,9
2024-08-07 20:00:00,3,80,6
2024-08-07 21:00:00,1,50,2
2024-08-07 22:00:00,0,15,1
2024-08-07 23:00:00,0,9,0
2024-08-08 00:00:00,1,5,0
2024-08-08 01:00:00,0,4,0
2024-08-08 02:00:00,0,3,0
2024-08-08 03:00:00,0,4,0
2024-08-08 04:00:00,0,22,0
2024-08-08 05:00:00,0,43,1
2024-08-08 06:00:00,0,118,7
2024-08-08 07:00:00,6,153,5
2024-08-08 08:00:00,1,137,3
2024-08-08 09:00:00,1,146,2
2024-08-08 10:00:00,0,155,0
2024-08-08 11:00:00,2,149,0
2024-08-08 12:00:00,0,141,1
2024-08-08 13:00:00,4,148,3
2024-08-08 14:00:00,7,195,0
2024-08-08 15:00:00,2,209,3
2024-08-08 16:00:00,3,185,9
2024-08-08 17:00:00,5,201,4
2024-08-08 18:00:00,7,143,5
2024-08-08 19:00:00,0,101,6
2024-08-08 20:00:00,2,54,1
2024-08-08 21:00:00,1,37,2
2024-08-08 22:00:00,1,25,0
2024-08-08 23:00:00,0,4,0
2024-08-09 00:00:00,2,4,0
2024-08-09 01:00:00,0,2,0
2024-08-09 02:00:00,0,2,0
2024-08-09 03:00:00,0,4,0
2024-08-09 04:00:00,0,22,1
2024-08-09 05:00:00,0,36,3
2024-08-09 06:00:00,4,82,11
2024-08-09 07:00:00,1,121,4
2024-08-09 08:00:00,4,169,2
2024-08-09 09:00:00,3,158,2
2024-08-09 10:00:00,5,171,4
2024-08-09 11:00:00,11,183,4
2024-08-09 12:00:00,1,171,5
2024-08-09 13:00:00,16,175,1
2024-08-09 14:00:00,6,164,5
2024-08-09 15:00:00,10,161,8
2024-08-09 16:00:00,11,189,7
2024-08-09 17:00:00,9,191,3
2024-08-09 18:00:00,3,125,3
2024-08-09 19:00:00,4,91,2
2024-08-09 20:00:00,2,49,5
2024-08-09 21:00:00,1,47,0
2024-08-09 22:00:00,0,29,2
2024-08-09 23:00:00,0,19,0
2024-08-10 00:00:00,0,12,0
2024-08-10 01:00:00,1,6,0
2024-08-10 02:00:00,0,3,0
2024-08-10 03:00:00,0,7,0
2024-08-10 04:00:00,0,10,0
2024-08-10 05:00:00,2,11,4
2024-08-10 06:00:00,4,42,8
2024-08-10 07:00:00,5,96,3
2024-08-10 08:00:00,3,105,2
2024-08-10 09:00:00,4,152,9
2024-08-10 10:00:00,7,149,5
2024-08-10 11:00:00,8,131,6
2024-08-10 12:00:00,11,135,2
2024-08-10 13:00:00,4,132,3
2024-08-10 14:00:00,7,129,4
2024-08-10 15:00:00,5,131,2
2024-08-10 16:00:00,4,143,6
2024-08-10 17:00:00,7,120,3
2024-08-10 18:00:00,7,101,2
2024-08-10 19:00:00,3,77,2
2024-08-10 20:00:00,5,55,3
2024-08-10 21:00:00,1,59,1
2024-08-10 22:00:00,1,48,2
2024-08-10 23:00:00,0,22,0
2024-08-11 00:00:00,0,13,0
2024-08-11 01:00:00,0,6,1
2024-08-11 02:00:00,0,3,0
2024-08-11 03:00:00,0,3,0
2024-08-11 04:00:00,0,19,1
2024-08-11 05:00:00,0,15,1
2024-08-11 06:00:00,1,37,1
2024-08-11 07:00:00,1,55,6
2024-08-11 08:00:00,2,93,9
2024-08-11 09:00:00,6,126,4
2024-08-11 10:00:00,10,146,5
2024-08-11 11:00:00,5,165,5
2024-08-11 12:00:00,11,132,2
2024-08-11 13:00:00,7,140,2
2024-08-11 14:00:00,6,119,4
2024-08-11 15:00:00,8,115,6
2024-08-11 16:00:00,5,99,6
2024-08-11 17:00:00,5,83,4
2024-08-11 18:00:00,5,113,7
2024-08-11 19:00:00,9,81,0
2024-08-11 20:00:00,4,53,2
2024-08-11 21:00:00,1,37,0
2024-08-11 22:00:00,1,9,2
2024-08-11 23:00:00,0,4,0
2024-08-12 00:00:00,0,3,0
2024-08-12 01:00:00,0,4,0
2024-08-12 02:00:00,0,5,0
2024-08-12 03:00:00,2,3,0
2024-08-12 04:00:00,0,21,0
2024-08-12 05:00:00,0,59,5
2024-08-12 06:00:00,0,118,3
2024-08-12 07:00:00,4,148,3
2024-08-12 08:00:00,2,155,0
2024-08-12 09:00:00,0,128,5
2024-08-12 10:00:00,1,148,7
2024-08-12 11:00:00,5,144,7
2024-08-12 12:00:00,0,145,5
2024-08-12 13:00:00,1,166,2
2024-08-12 14:00:00,5,169,3
2024-08-12 15:00:00,7,169,5
2024-08-12 16:00:00,8,208,9
2024-08-12 17:00:00,10,163,15
2024-08-12 18:00:00,3,113,11
2024-08-12 19:00:00,2,94,5
2024-08-12 20:00:00,2,67,6
2024-08-12 21:00:00,0,42,0
2024-08-12 22:00:00,0,16,1
2024-08-12 23:00:00,0,8,0
2024-08-13 00:00:00,0,3,0
2024-08-13 01:00:00,0,1,0
2024-08-13 02:00:00,0,2,0
2024-08-13 03:00:00,0,6,0
2024-08-13 04:00:00,0,18,0
2024-08-13 05:00:00,0,42,4
2024-08-13 06:00:00,6,127,9
2024-08-13 07:00:00,4,172,14
2024-08-13 08:00:00,5,151,3
2024-08-13 09:00:00,6,134,4
2024-08-13 10:00:00,9,153,5
2024-08-13 11:00:00,7,160,3
2024-08-13 12:00:00,4,154,5
2024-08-13 13:00:00,8,132,5
2024-08-13 14:00:00,6,150,7
2024-08-13 15:00:00,11,188,9
2024-08-13 16:00:00,3,226,11
2024-08-13 17:00:00,8,173,10
2024-08-13 18:00:00,2,127,11
2024-08-13 19:00:00,1,109,4
2024-08-13 20:00:00,0,71,4
2024-08-13 21:00:00,0,38,2
2024-08-13 22:00:00,1,23,0
2024-08-13 23:00:00,0,8,0
2024-08-14 00:00:00,0,6,1
2024-08-14 01:00:00,0,3,0
2024-08-14 02:00:00,0,6,0
2024-08-14 03:00:00,0,4,0
2024-08-14 04:00:00,2,15,1
2024-08-14 05:00:00,0,61,2
2024-08-14 06:00:00,8,111,3
2024-08-14 07:00:00,3,146,4
2024-08-14 08:00:00,1,169,2
2024-08-14 09:00:00,2,116,2
2024-08-14 10:00:00,5,148,3
2024-08-14 11:00:00,1,165,4
2024-08-14 12:00:00,3,172,3
2024-08-14 13:00:00,2,170,3
2024-08-14 14:00:00,10,171,4
2024-08-14 15:00:00,6,199,4
2024-08-14 16:00:00,8,222,13
2024-08-14 17:00:00,8,172,13
2024-08-14 18:00:00,6,133,20
2024-08-14 19:00:00,2,114,5
2024-08-14 20:00:00,1,64,5
2024-08-14 21:00:00,0,43,1
2024-08-14 22:00:00,0,24,0
2024-08-14 23:00:00,0,11,0
2024-08-15 00:00:00,0,4,1
2024-08-15 01:00:00,0,2,0
2024-08-15 02:00:00,0,3,1
2024-08-15 03:00:00,0,5,0
2024-08-15 04:00:00,0,14,1
2024-08-15 05:00:00,1,39,4
2024-08-15 06:00:00,0,128,4
2024-08-15 07:00:00,8,154,3
2024-08-15 08:00:00,4,157,5
2024-08-15 09:00:00,6,157,1
2024-08-15 10:00:00,7,154,4
2024-08-15 11:00:00,4,155,4
2024-08-15 12:00:00,2,148,3
2024-08-15 13:00:00,3,163,3
2024-08-15 14:00:00,11,180,2
2024-08-15 15:00:00,5,179,5
2024-08-15 16:00:00,9,223,14
2024-08-15 17:00:00,3,205,7
2024-08-15 18:00:00,19,120,7
2024-08-15 19:00:00,0,108,9
2024-08-15 20:00:00,0,76,3
2024-08-15 21:00:00,0,50,2
2024-08-15 22:00:00,0,21,0
2024-08-15 23:00:00,0,10,0
2024-08-16 00:00:00,0,8,0
2024-08-16 01:00:00,1,3,0
2024-08-16 02:00:00,0,1,0
2024-08-16 03:00:00,0,6,0
2024-08-16 04:00:00,1,19,1
2024-08-16 05:00:00,1,39,2
2024-08-16 06:00:00,3,91,6
2024-08-16 07:00:00,19,117,1
2024-08-16 08:00:00,7,166,1
2024-08-16 09:00:00,8,160,5
2024-08-16 10:00:00,6,170,5
2024-08-16 11:00:00,4,193,5
2024-08-16 12:00:00,7,192,7
2024-08-16 13:00:00,7,168,10
2024-08-16 14:00:00,1,186,5
2024-08-16 15:00:00,4,205,8
2024-08-16 16:00:00,10,192,15
2024-08-16 17:00:00,4,167,9
2024-08-16 18:00:00,7,109,6
2024-08-16 19:00:00,1,93,4
2024-08-16 20:00:00,1,59,8
2024-08-16 21:00:00,4,38,3
2024-08-16 22:00:00,0,37,0
2024-08-16 23:00:00,0,20,0
2024-08-17 00:00:00,0,8,0
2024-08-17 01:00:00,0,7,0
2024-08-17 02:00:00,0,5,0
2024-08-17 03:00:00,0,4,0
2024-08-17 04:00:00,0,11,1
2024-08-17 05:00:00,2,12,0
2024-08-17 06:00:00,3,46,6
2024-08-17 07:00:00,2,81,1
2024-08-17 08:00:00,1,121,4
2024-08-17 09:00:00,7,137,5
2024-08-17 10:00:00,9,145,12
2024-08-17 11:00:00,7,144,2
2024-08-17 12:00:00,5,161,3
2024-08-17 13:00:00,12,159,6
2024-08-17 14:00:00,5,150,7
2024-08-17 15:00:00,6,126,4
2024-08-17 16:00:00,4,134,3
2024-08-17 17:00:00,2,114,1
2024-08-17 18:00:00,0,92,2
2024-08-17 19:00:00,1,74,2
2024-08-17 20:00:00,3,30,2
2024-08-17 21:00:00,0,47,1
2024-08-17 22:00:00,1,27,3
2024-08-17 23:00:00,0,16,2
2024-08-18 00:00:00,0,9,0
2024-08-18 01:00:00,0,5,0
2024-08-18 02:00:00,1,6,0
2024-08-18 03:00:00,0,2,0
2024-08-18 04:00:00,0,11,0
2024-08-18 05:00:00,0,14,0
2024-08-18 06:00:00,2,33,2
2024-08-18 07:00:00,3,60,3
2024-08-18 08:00:00,5,95,7
2024-08-18 09:00:00,7,107,5
2024-08-18 10:00:00,2,163,4
2024-08-18 11:00:00,12,129,10
2024-08-18 12:00:00,6,138,5
2024-08-18 13:00:00,9,117,3
2024-08-18 14:00:00,2,126,8
2024-08-18 15:00:00,7,107,9
2024-08-18 16:00:00,4,100,2
2024-08-18 17:00:00,2,77,3
2024-08-18 18:00:00,1,65,8
2024-08-18 19:00:00,3,76,1
2024-08-18 20:00:00,1,45,2
2024-08-18 21:00:00,1,27,2
2024-08-18 22:00:00,0,16,1
2024-08-18 23:00:00,0,9,0
2024-08-19 00:00:00,0,6,0
2024-08-19 01:00:00,0,2,0
2024-08-19 02:00:00,0,2,0
2024-08-19 03:00:00,1,2,1
2024-08-19 04:00:00,0,17,0
2024-08-19 05:00:00,0,57,3
2024-08-19 06:00:00,1,102,9
2024-08-19 07:00:00,5,158,2
2024-08-19 08:00:00,3,131,3
2024-08-19 09:00:00,1,139,2
2024-08-19 10:00:00,1,139,2
2024-08-19 11:00:00,0,170,5
2024-08-19 12:00:00,3,137,2
2024-08-19 13:00:00,3,166,1
2024-08-19 14:00:00,4,162,4
2024-08-19 15:00:00,1,175,7
2024-08-19 16:00:00,14,200,7
2024-08-19 17:00:00,4,171,13
2024-08-19 18:00:00,3,109,6
2024-08-19 19:00:00,2,90,3
2024-08-19 20:00:00,1,57,3
2024-08-19 21:00:00,1,29,1
2024-08-19 22:00:00,1,19,0
2024-08-19 23:00:00,0,10,0
2024-08-20 00:00:00,0,3,0
2024-08-20 01:00:00,0,3,0
2024-08-20 02:00:00,0,2,0
2024-08-20 03:00:00,0,2,0
2024-08-20 04:00:00,0,12,0
2024-08-20 05:00:00,0,55,5
2024-08-20 06:00:00,4,120,8
2024-08-20 07:00:00,3,148,2
2024-08-20 08:00:00,0,145,2
2024-08-20 09:00:00,2,136,1
2024-08-20 10:00:00,2,155,1
2024-08-20 11:00:00,5,147,2
2024-08-20 12:00:00,5,120,3
2024-08-20 13:00:00,7,139,2
2024-08-20 14:00:00,8,191,4
2024-08-20 15:00:00,6,200,3
2024-08-20 16:00:00,7,197,10
2024-08-20 17:00:00,8,182,16
2024-08-20 18:00:00,7,124,8
2024-08-20 19:00:00,1,90,8
2024-08-20 20:00:00,2,69,2
2024-08-20 21:00:00,1,47,0
2024-08-20 22:00:00,0,23,0
2024-08-20 23:00:00,0,9,0
2024-08-21 00:00:00,0,2,0
2024-08-21 01:00:00,0,1,0
2024-08-21 02:00:00,0,3,0
2024-08-21 03:00:00,0,6,2
2024-08-21 04:00:00,0,13,0
2024-08-21 05:00:00,1,52,2
2024-08-21 06:00:00,1,112,8
2024-08-21 07:00:00,2,145,8
2024-08-21 08:00:00,8,140,7
2024-08-21 09:00:00,2,145,2
2024-08-21 10:00:00,1,142,2
2024-08-21 11:00:00,4,149,5
2024-08-21 12:00:00,7,150,0
2024-08-21 13:00:00,3,140,3
2024-08-21 14:00:00,3,184,2
2024-08-21 15:00:00,5,190,4
2024-08-21 16:00:00,5,220,9
2024-08-21 17:00:00,7,188,7
2024-08-21 18:00:00,9,127,17
2024-08-21 19:00:00,3,91,3
2024-08-21 20:00:00,0,64,6
2024-08-21 21:00:00,0,47,5
2024-08-21 22:00:00,0,18,2
2024-08-21 23:00:00,0,8,0
2024-08-22 00:00:00,0,6,0
2024-08-22 01:00:00,0,1,0
2024-08-22 02:00:00,0,2,1
2024-08-22 03:00:00,0,7,0
2024-08-22 04:00:00,0,19,0
2024-08-22 05:00:00,2,46,5
2024-08-22 06:00:00,1,119,8
2024-08-22 07:00:00,1,151,6
2024-08-22 08:00:00,1,142,2
2024-08-22 09:00:00,2,173,1
2024-08-22 10:00:00,3,139,3
2024-08-22 11:00:00,2,158,0
2024-08-22 12:00:00,3,170,0
2024-08-22 13:00:00,7,158,2
2024-08-22 14:00:00,5,166,3
2024-08-22 15:00:00,3,199,4
2024-08-22 16:00:00,10,203,4
2024-08-22 17:00:00,8,213,6
2024-08-22 18:00:00,4,123,6
2024-08-22 19:00:00,2,117,3
2024-08-22 20:00:00,2,67,11
2024-08-22 21:00:00,0,33,1
2024-08-22 22:00:00,2,29,3
2024-08-22 23:00:00,0,13,0
2024-08-23 00:00:00,0,9,1
2024-08-23 01:00:00,0,0,0
2024-08-23 02:00:00,0,4,1
2024-08-23 03:00:00,1,6,0
2024-08-23 04:00:00,2,17,5
2024-08-23 05:00:00,0,45,2
2024-08-23 06:00:00,1,110,4
2024-08-23 07:00:00,3,138,1
2024-08-23 08:00:00,12,131,6
2024-08-23 09:00:00,6,149,5
2024-08-23 10:00:00,7,166,2
2024-08-23 11:00:00,6,172,9
2024-08-23 12:00:00,6,192,5
2024-08-23 13:00:00,1,154,3
2024-08-23 14:00:00,6,173,6
2024-08-23 15:00:00,5,210,8
2024-08-23 16:00:00,4,188,12
2024-08-23 17:00:00,8,178,3
2024-08-23 18:00:00,0,104,8
2024-08-23 19:00:00,2,90,5
2024-08-23 20:00:00,1,54,4
2024-08-23 21:00:00,0,35,5
2024-08-23 22:00:00,1,23,3
2024-08-23 23:00:00,0,18,0
2024-08-24 00:00:00,0,10,0
2024-08-24 01:00:00,0,4,0
2024-08-24 02:00:00,0,5,0
2024-08-24 03:00:00,0,4,0
2024-08-24 04:00:00,0,10,0
2024-08-24 05:00:00,0,18,2
2024-08-24 06:00:00,1,35,0
2024-08-24 07:00:00,4,91,2
2024-08-24 08:00:00,4,107,2
2024-08-24 09:00:00,1,137,3
2024-08-24 10:00:00,6,152,1
2024-08-24 11:00:00,4,173,3
2024-08-24 12:00:00,0,163,2
2024-08-24 13:00:00,3,144,6
2024-08-24 14:00:00,5,146,5
2024-08-24 15:00:00,8,130,9
2024-08-24 16:00:00,2,111,4
2024-08-24 17:00:00,6,97,6
2024-08-24 18:00:00,2,78,2
2024-08-24 19:00:00,2,78,5
2024-08-24 20:00:00,1,53,0
2024-08-24 21:00:00,0,38,6
2024-08-24 22:00:00,0,31,0
2024-08-24 23:00:00,0,14,0
2024-08-25 00:00:00,0,8,0
2024-08-25 01:00:00,0,3,1
2024-08-25 02:00:00,0,4,0
2024-08-25 03:00:00,0,4,0
2024-08-25 04:00:00,0,9,0
2024-08-25 05:00:00,1,12,3
2024-08-25 06:00:00,0,37,1
2024-08-25 07:00:00,2,56,2
2024-08-25 08:00:00,0,98,5
2024-08-25 09:00:00,9,119,3
2024-08-25 10:00:00,7,167,5
2024-08-25 11:00:00,9,164,6
2024-08-25 12:00:00,12,152,5
2024-08-25 13:00:00,8,150,4
2024-08-25 14:00:00,6,136,4
2024-08-25 15:00:00,34,151,4
2024-08-25 16:00:00,20,119,5
2024-08-25 17:00:00,3,121,1
2024-08-25 18:00:00,4,79,1
2024-08-25 19:00:00,1,76,1
2024-08-25 20:00:00,47,73,2
2024-08-25 21:00:00,162,134,12
2024-08-25 22:00:00,14,59,1
2024-08-25 23:00:00,0,18,0
2024-08-26 00:00:00,0,9,0
2024-08-26 01:00:00,0,5,0
2024-08-26 02:00:00,0,3,0
2024-08-26 03:00:00,0,3,0
2024-08-26 04:00:00,0,8,0
2024-08-26 05:00:00,0,25,1
2024-08-26 06:00:00,3,44,0
2024-08-26 07:00:00,1,55,3
2024-08-26 08:00:00,2,104,5
2024-08-26 09:00:00,3,126,4
2024-08-26 10:00:00,7,134,8
2024-08-26 11:00:00,6,164,2
2024-08-26 12:00:00,7,161,9
2024-08-26 13:00:00,10,148,8
2024-08-26 14:00:00,6,131,6
2024-08-26 15:00:00,2,107,5
2024-08-26 16:00:00,9,89,7
2024-08-26 17:00:00,4,94,8
2024-08-26 18:00:00,4,78,4
2024-08-26 19:00:00,0,62,2
2024-08-26 20:00:00,0,37,2
2024-08-26 21:00:00,0,31,1
2024-08-26 22:00:00,3,14,0
2024-08-26 23:00:00,1,9,2
2024-08-27 00:00:00,0,2,0
2024-08-27 01:00:00,0,4,0
2024-08-27 02:00:00,0,1,0
2024-08-27 03:00:00,2,4,0
2024-08-27 04:00:00,0,26,0
2024-08-27 05:00:00,0,49,2
2024-08-27 06:00:00,2,128,9
2024-08-27 07:00:00,5,146,10
2024-08-27 08:00:00,1,139,9
2024-08-27 09:00:00,2,155,4
2024-08-27 10:00:00,6,130,2
2024-08-27 11:00:00,5,142,6
2024-08-27 12:00:00,4,175,7
2024-08-27 13:00:00,11,145,4
2024-08-27 14:00:00,2,181,6
2024-08-27 15:00:00,6,188,3
2024-08-27 16:00:00,6,213,6
2024-08-27 17:00:00,14,187,14
2024-08-27 18:00:00,4,133,11
2024-08-27 19:00:00,1,95,4
2024-08-27 20:00:00,0,85,7
2024-08-27 21:00:00,0,29,3
2024-08-27 22:00:00,1,21,0
2024-08-27 23:00:00,0,5,0
2024-08-28 00:00:00,0,3,0
2024-08-28 01:00:00,0,3,0
2024-08-28 02:00:00,0,2,0
2024-08-28 03:00:00,0,5,0
2024-08-28 04:00:00,0,28,1
2024-08-28 05:00:00,0,56,2
2024-08-28 06:00:00,0,117,7
2024-08-28 07:00:00,1,135,9
2024-08-28 08:00:00,7,149,1
2024-08-28 09:00:00,2,124,6
2024-08-28 10:00:00,5,170,4
2024-08-28 11:00:00,3,148,6
2024-08-28 12:00:00,1,144,1
2024-08-28 13:00:00,7,158,4
2024-08-28 14:00:00,5,183,5
2024-08-28 15:00:00,2,214,8
2024-08-28 16:00:00,5,206,14
2024-08-28 17:00:00,13,186,14
2024-08-28 18:00:00,2,119,17
2024-08-28 19:00:00,0,88,5
2024-08-28 20:00:00,1,71,6
2024-08-28 21:00:00,0,40,2
2024-08-28 22:00:00,0,10,1
2024-08-28 23:00:00,0,9,0
2024-08-29 00:00:00,0,4,0
2024-08-29 01:00:00,0,0,0
2024-08-29 02:00:00,0,3,0
2024-08-29 03:00:00,0,4,0
2024-08-29 04:00:00,0,23,1
2024-08-29 05:00:00,1,49,2
2024-08-29 06:00:00,4,115,6
2024-08-29 07:00:00,5,167,11
2024-08-29 08:00:00,3,132,9
2024-08-29 09:00:00,3,148,3
2024-08-29 10:00:00,3,150,2
2024-08-29 11:00:00,3,138,4
2024-08-29 12:00:00,4,164,2
2024-08-29 13:00:00,9,162,4
2024-08-29 14:00:00,3,168,4
2024-08-29 15:00:00,4,202,3
2024-08-29 16:00:00,6,177,13
2024-08-29 17:00:00,11,178,11
2024-08-29 18:00:00,7,131,3
2024-08-29 19:00:00,5,110,4
2024-08-29 20:00:00,0,79,5
2024-08-29 21:00:00,0,49,0
2024-08-29 22:00:00,1,18,2
2024-08-29 23:00:00,0,14,0
2024-08-30 00:00:00,0,3,0
2024-08-30 01:00:00,0,4,0
2024-08-30 02:00:00,0,3,0
2024-08-30 03:00:00,0,5,0
2024-08-30 04:00:00,0,19,0
2024-08-30 05:00:00,0,47,2
2024-08-30 06:00:00,1,99,3
2024-08-30 07:00:00,1,138,7
2024-08-30 08:00:00,3,137,8
2024-08-30 09:00:00,8,175,5
2024-08-30 10:00:00,10,169,3
2024-08-30 11:00:00,4,180,0
2024-08-30 12:00:00,4,185,5
2024-08-30 13:00:00,14,183,2
2024-08-30 14:00:00,6,183,2
2024-08-30 15:00:00,10,199,9
2024-08-30 16:00:00,9,202,9
2024-08-30 17:00:00,11,185,11
2024-08-30 18:00:00,3,134,7
2024-08-30 19:00:00,4,95,7
2024-08-30 20:00:00,2,67,3
2024-08-30 21:00:00,3,49,2
2024-08-30 22:00:00,0,29,1
2024-08-30 23:00:00,1,20,0
2024-08-31 00:00:00,1,11,1
2024-08-31 01:00:00,0,7,0
2024-08-31 02:00:00,0,5,1
2024-08-31 03:00:00,0,3,0
2024-08-31 04:00:00,0,11,3
2024-08-31 05:00:00,1,12,1
2024-08-31 06:00:00,0,49,3
2024-08-31 07:00:00,5,87,5
2024-08-31 08:00:00,2,127,7
2024-08-31 09:00:00,23,155,7
2024-08-31 10:00:00,23,178,8
2024-08-31 11:00:00,24,187,6
2024-08-31 12:00:00,19,180,4
2024-08-31 13:00:00,30,182,8
2024-08-31 14:00:00,30,198,3
2024-08-31 15:00:00,23,182,4
2024-08-31 16:00:00,12,170,3
2024-08-31 17:00:00,2,110,3
2024-08-31 18:00:00,17,111,0
2024-08-31 19:00:00,1,90,4
2024-08-31 20:00:00,15,60,2
2024-08-31 21:00:00,21,65,5
2024-08-31 22:00:00,166,124,13
2024-08-31 23:00:00,3,32,3
2024-09-01 00:00:00,0,10,0
2024-09-01 01:00:00,0,9,0
2024-09-01 02:00:00,0,4,0
2024-09-01 03:00:00,0,3,0
2024-09-01 04:00:00,0,10,0
2024-09-01 05:00:00,1,11,0
2024-09-01 06:00:00,2,33,1
2024-09-01 07:00:00,1,58,6
2024-09-01 08:00:00,3,101,2
2024-09-01 09:00:00,6,139,2
2024-09-01 10:00:00,6,170,2
2024-09-01 11:00:00,6,158,7
2024-09-01 12:00:00,5,173,8
2024-09-01 13:00:00,7,192,5
2024-09-01 14:00:00,15,186,3
2024-09-01 15:00:00,13,192,1
2024-09-01 16:00:00,6,138,1
2024-09-01 17:00:00,2,128,6
2024-09-01 18:00:00,4,96,0
2024-09-01 19:00:00,4,94,2
2024-09-01 20:00:00,10,64,1
2024-09-01 21:00:00,43,71,7
2024-09-01 22:00:00,28,69,3
2024-09-01 23:00:00,0,11,0
2024-09-02 00:00:00,0,5,0
2024-09-02 01:00:00,0,4,0
2024-09-02 02:00:00,0,1,0
2024-09-02 03:00:00,0,6,0
2024-09-02 04:00:00,0,22,0
2024-09-02 05:00:00,0,52,1
2024-09-02 06:00:00,5,123,2
2024-09-02 07:00:00,5,162,3
2024-09-02 08:00:00,3,150,5
2024-09-02 09:00:00,1,157,1
2024-09-02 10:00:00,5,158,3
2024-09-02 11:00:00,5,165,1
2024-09-02 12:00:00,6,183,0
2024-09-02 13:00:00,5,174,3
2024-09-02 14:00:00,8,175,4
2024-09-02 15:00:00,4,169,10
2024-09-02 16:00:00,11,203,9
2024-09-02 17:00:00,6,185,12
2024-09-02 18:00:00,3,133,4
2024-09-02 19:00:00,6,85,7
2024-09-02 20:00:00,0,60,2
2024-09-02 21:00:00,2,49,2
2024-09-02 22:00:00,0,11,0
2024-09-02 23:00:00,0,5,0
2024-09-03 00:00:00,0,4,1
2024-09-03 01:00:00,0,3,0
2024-09-03 02:00:00,0,3,1
2024-09-03 03:00:00,0,5,0
2024-09-03 04:00:00,0,21,0
2024-09-03 05:00:00,3,56,1
2024-09-03 06:00:00,3,135,4
2024-09-03 07:00:00,6,149,11
2024-09-03 08:00:00,0,157,7
2024-09-03 09:00:00,2,139,2
2024-09-03 10:00:00,1,163,5
2024-09-03 11:00:00,3,174,3
2024-09-03 12:00:00,0,124,3
2024-09-03 13:00:00,3,152,3
2024-09-03 14:00:00,5,185,4
2024-09-03 15:00:00,15,204,9
2024-09-03 16:00:00,14,201,15
2024-09-03 17:00:00,15,168,7
2024-09-03 18:00:00,4,136,11
2024-09-03 19:00:00,2,121,5
2024-09-03 20:00:00,0,71,5
2024-09-03 21:00:00,2,44,2
2024-09-03 22:00:00,0,12,4
2024-09-03 23:00:00,0,8,0
2024-09-04 00:00:00,0,4,0
2024-09-04 01:00:00,0,3,0
2024-09-04 02:00:00,0,2,1
2024-09-04 03:00:00,0,5,0
2024-09-04 04:00:00,0,18,0
2024-09-04 05:00:00,2,63,6
2024-09-04 06:00:00,3,151,11
2024-09-04 07:00:00,10,174,6
2024-09-04 08:00:00,4,151,8
2024-09-04 09:00:00,6,167,6
2024-09-04 10:00:00,0,163,3
2024-09-04 11:00:00,3,140,3
2024-09-04 12:00:00,4,164,2
2024-09-04 13:00:00,11,173,6
2024-09-04 14:00:00,5,191,5
2024-09-04 15:00:00,4,175,9
2024-09-04 16:00:00,10,211,16
2024-09-04 17:00:00,20,208,5
2024-09-04 18:00:00,1,150,22
2024-09-04 19:00:00,2,115,7
2024-09-04 20:00:00,0,70,3
2024-09-04 21:00:00,0,49,1
2024-09-04 22:00:00,0,17,0
2024-09-04 23:00:00,0,6,0
2024-09-05 00:00:00,0,7,1
2024-09-05 01:00:00,0,1,0
2024-09-05 02:00:00,0,1,0
2024-09-05 03:00:00,0,4,1
2024-09-05 04:00:00,3,19,2
2024-09-05 05:00:00,1,54,2
2024-09-05 06:00:00,9,146,5
2024-09-05 07:00:00,16,127,7
2024-09-05 08:00:00,2,147,3
2024-09-05 09:00:00,5,138,1
2024-09-05 10:00:00,4,152,3
2024-09-05 11:00:00,5,147,1
2024-09-05 12:00:00,0,158,0
2024-09-05 13:00:00,7,187,5
2024-09-05 14:00:00,3,207,5
2024-09-05 15:00:00,4,203,3
2024-09-05 16:00:00,11,219,4
2024-09-05 17:00:00,5,209,3
2024-09-05 18:00:00,6,132,4
2024-09-05 19:00:00,4,107,1
2024-09-05 20:00:00,1,77,2
2024-09-05 21:00:00,3,60,2
2024-09-05 22:00:00,1,12,1
2024-09-05 23:00:00,0,6,0
2024-09-06 00:00:00,2,2,1
2024-09-06 01:00:00,3,7,1
2024-09-06 02:00:00,0,3,1
2024-09-06 03:00:00,0,8,0
2024-09-06 04:00:00,0,24,0
2024-09-06 05:00:00,1,57,3
2024-09-06 06:00:00,7,123,3
2024-09-06 07:00:00,3,192,3
2024-09-06 08:00:00,1,181,2
2024-09-06 09:00:00,6,161,0
2024-09-06 10:00:00,2,192,1
2024-09-06 11:00:00,4,176,5
2024-09-06 12:00:00,2,167,2
2024-09-06 13:00:00,3,203,0
2024-09-06 14:00:00,3,200,2
2024-09-06 15:00:00,5,149,8
2024-09-06 16:00:00,10,187,9
2024-09-06 17:00:00,9,192,10
2024-09-06 18:00:00,4,142,4
2024-09-06 19:00:00,1,114,4
2024-09-06 20:00:00,0,79,3
2024-09-06 21:00:00,3,68,3
2024-09-06 22:00:00,5,32,1
2024-09-06 23:00:00,0,18,0
2024-09-07 00:00:00,0,17,0
2024-09-07 01:00:00,0,7,1
2024-09-07 02:00:00,0,8,0
2024-09-07 03:00:00,0,7,0
2024-09-07 04:00:00,0,8,0
2024-09-07 05:00:00,0,21,0
2024-09-07 06:00:00,2,55,3
2024-09-07 07:00:00,4,94,5
2024-09-07 08:00:00,0,148,7
2024-09-07 09:00:00,7,219,6
2024-09-07 10:00:00,6,240,1
2024-09-07 11:00:00,5,190,8
2024-09-07 12:00:00,7,207,3
2024-09-07 13:00:00,11,227,2
2024-09-07 14:00:00,6,212,2
2024-09-07 15:00:00,10,200,5
2024-09-07 16:00:00,9,170,4
2024-09-07 17:00:00,1,139,4
2024-09-07 18:00:00,5,100,6
2024-09-07 19:00:00,0,88,1
2024-09-07 20:00:00,1,57,0
2024-09-07 21:00:00,0,57,0
2024-09-07 22:00:00,0,43,1
2024-09-07 23:00:00,0,24,0
2024-09-08 00:00:00,0,17,0
2024-09-08 01:00:00,0,10,0
2024-09-08 02:00:00,0,3,0
2024-09-08 03:00:00,0,4,0
2024-09-08 04:00:00,0,12,0
2024-09-08 05:00:00,0,10,0
2024-09-08 06:00:00,4,35,1
2024-09-08 07:00:00,9,60,2
2024-09-08 08:00:00,3,111,3
2024-09-08 09:00:00,26,145,6
2024-09-08 10:00:00,8,204,4
2024-09-08 11:00:00,5,204,7
2024-09-08 12:00:00,2,217,2
2024-09-08 13:00:00,7,199,2
2024-09-08 14:00:00,5,183,2
2024-09-08 15:00:00,2,160,3
2024-09-08 16:00:00,6,147,1
2024-09-08 17:00:00,3,121,3
2024-09-08 18:00:00,4,88,2
2024-09-08 19:00:00,3,91,3
2024-09-08 20:00:00,2,49,1
2024-09-08 21:00:00,0,33,0
2024-09-08 22:00:00,0,17,0
2024-09-08 23:00:00,0,9,2
2024-09-09 00:00:00,0,4,0
2024-09-09 01:00:00,0,0,0
2024-09-09 02:00:00,1,3,0
2024-09-09 03:00:00,1,5,0
2024-09-09 04:00:00,0,23,2
2024-09-09 05:00:00,2,57,1
2024-09-09 06:00:00,6,137,6
2024-09-09 07:00:00,4,150,7
2024-09-09 08:00:00,6,163,6
2024-09-09 09:00:00,3,138,6
2024-09-09 10:00:00,2,143,4
2024-09-09 11:00:00,2,153,6
2024-09-09 12:00:00,3,145,5
2024-09-09 13:00:00,5,168,5
2024-09-09 14:00:00,7,210,9
2024-09-09 15:00:00,11,201,10
2024-09-09 16:00:00,8,200,14
2024-09-09 17:00:00,13,227,13
2024-09-09 18:00:00,14,156,5
2024-09-09 19:00:00,3,113,9
2024-09-09 20:00:00,1,87,1
2024-09-09 21:00:00,0,46,4
2024-09-09 22:00:00,1,13,1
2024-09-09 23:00:00,0,7,0
2024-09-10 00:00:00,0,6,0
2024-09-10 01:00:00,0,0,1
2024-09-10 02:00:00,0,1,0
2024-09-10 03:00:00,0,3,0
2024-09-10 04:00:00,0,26,0
2024-09-10 05:00:00,1,62,1
2024-09-10 06:00:00,1,137,6
2024-09-10 07:00:00,11,166,9
2024-09-10 08:00:00,1,172,5
2024-09-10 09:00:00,5,162,6
2024-09-10 10:00:00,2,183,4
2024-09-10 11:00:00,2,165,3
2024-09-10 12:00:00,0,166,2
2024-09-10 13:00:00,3,186,4
2024-09-10 14:00:00,1,202,5
2024-09-10 15:00:00,4,205,4
2024-09-10 16:00:00,4,175,6
2024-09-10 17:00:00,4,190,9
2024-09-10 18:00:00,3,149,7
2024-09-10 19:00:00,3,104,3
2024-09-10 20:00:00,2,93,3
2024-09-10 21:00:00,1,43,2
2024-09-10 22:00:00,1,18,0
2024-09-10 23:00:00,0,10,0
2024-09-11 00:00:00,0,4,0
2024-09-11 01:00:00,0,3,0
2024-09-11 02:00:00,0,3,0
2024-09-11 03:00:00,0,5,0
2024-09-11 04:00:00,0,27,0
2024-09-11 05:00:00,1,61,4
2024-09-11 06:00:00,3,131,8
2024-09-11 07:00:00,3,176,13
2024-09-11 08:00:00,3,182,9
2024-09-11 09:00:00,1,150,3
2024-09-11 10:00:00,5,177,5
2024-09-11 11:00:00,7,177,8
2024-09-11 12:00:00,3,157,4
2024-09-11 13:00:00,4,184,2
2024-09-11 14:00:00,7,201,5
2024-09-11 15:00:00,8,164,8
2024-09-11 16:00:00,12,182,7
2024-09-11 17:00:00,11,197,8
2024-09-11 18:00:00,1,182,21
2024-09-11 19:00:00,1,124,8
2024-09-11 20:00:00,0,95,1
2024-09-11 21:00:00,2,44,1
2024-09-11 22:00:00,0,18,1
2024-09-11 23:00:00,1,9,0
2024-09-12 00:00:00,0,5,0
2024-09-12 01:00:00,0,0,0
2024-09-12 02:00:00,0,4,0
2024-09-12 03:00:00,0,2,0
2024-09-12 04:00:00,0,25,2
2024-09-12 05:00:00,0,50,5
2024-09-12 06:00:00,2,146,10
2024-09-12 07:00:00,2,162,7
2024-09-12 08:00:00,7,190,3
2024-09-12 09:00:00,1,152,2
2024-09-12 10:00:00,3,156,1
2024-09-12 11:00:00,3,158,5
2024-09-12 12:00:00,4,170,1
2024-09-12 13:00:00,3,191,2
2024-09-12 14:00:00,12,191,3
2024-09-12 15:00:00,3,197,11
2024-09-12 16:00:00,7,159,11
2024-09-12 17:00:00,11,177,12
2024-09-12 18:00:00,7,141,8
2024-09-12 19:00:00,0,118,7
2024-09-12 20:00:00,0,100,1
2024-09-12 21:00:00,1,73,2
2024-09-12 22:00:00,0,34,2
2024-09-12 23:00:00,0,13,2
2024-09-13 00:00:00,0,6,0
2024-09-13 01:00:00,0,6,0
2024-09-13 02:00:00,0,5,0
2024-09-13 03:00:00,0,6,0
2024-09-13 04:00:00,0,28,0
2024-09-13 05:00:00,1,63,3
2024-09-13 06:00:00,2,127,8
2024-09-13 07:00:00,10,155,9
2024-09-13 08:00:00,9,180,6
2024-09-13 09:00:00,6,170,6
2024-09-13 10:00:00,6,177,3
2024-09-13 11:00:00,13,164,2
2024-09-13 12:00:00,15,147,12
2024-09-13 13:00:00,18,141,7
2024-09-13 14:00:00,14,149,11
2024-09-13 15:00:00,9,158,9
2024-09-13 16:00:00,13,138,12
2024-09-13 17:00:00,7,173,5
2024-09-13 18:00:00,2,152,6
2024-09-13 19:00:00,0,123,6
2024-09-13 20:00:00,0,78,1
2024-09-13 21:00:00,4,57,1
2024-09-13 22:00:00,0,32,5
2024-09-13 23:00:00,0,16,0
2024-09-14 00:00:00,0,8,1
2024-09-14 01:00:00,0,11,0
2024-09-14 02:00:00,0,3,2
2024-09-14 03:00:00,0,5,0
2024-09-14 04:00:00,0,9,0
2024-09-14 05:00:00,0,27,0
2024-09-14 06:00:00,0,48,6
2024-09-14 07:00:00,2,125,3
2024-09-14 08:00:00,3,161,7
2024-09-14 09:00:00,14,210,3
2024-09-14 10:00:00,7,213,1
2024-09-14 11:00:00,9,174,4
2024-09-14 12:00:00,10,196,4
2024-09-14 13:00:00,8,190,7
2024-09-14 14:00:00,4,170,3
2024-09-14 15:00:00,5,163,9
2024-09-14 16:00:00,0,168,3
2024-09-14 17:00:00,3,132,3
2024-09-14 18:00:00,1,100,3
2024-09-14 19:00:00,0,84,4
2024-09-14 20:00:00,1,65,3
2024-09-14 21:00:00,1,42,0
2024-09-14 22:00:00,2,40,0
2024-09-14 23:00:00,0,23,0
2024-09-15 00:00:00,0,16,0
2024-09-15 01:00:00,3,6,0
2024-09-15 02:00:00,0,3,0
2024-09-15 03:00:00,0,5,1
2024-09-15 04:00:00,0,10,0
2024-09-15 05:00:00,0,15,2
2024-09-15 06:00:00,3,43,1
2024-09-15 07:00:00,4,56,3
2024-09-15 08:00:00,3,110,4
2024-09-15 09:00:00,4,143,9
2024-09-15 10:00:00,9,170,2
2024-09-15 11:00:00,1,179,4
2024-09-15 12:00:00,5,159,5
2024-09-15 13:00:00,2,158,6
2024-09-15 14:00:00,4,180,4
2024-09-15 15:00:00,11,150,9
2024-09-15 16:00:00,11,141,2
2024-09-15 17:00:00,0,109,4
2024-09-15 18:00:00,3,90,0
2024-09-15 19:00:00,0,92,4
2024-09-15 20:00:00,0,44,3
2024-09-15 21:00:00,0,24,0
2024-09-15 22:00:00,1,11,0
2024-09-15 23:00:00,0,4,0
2024-09-16 00:00:00,0,2,0
2024-09-16 01:00:00,0,3,0
2024-09-16 02:00:00,0,2,0
2024-09-16 03:00:00,0,8,0
2024-09-16 04:00:00,0,24,1
2024-09-16 05:00:00,0,56,5
2024-09-16 06:00:00,3,126,11
2024-09-16 07:00:00,4,154,13
2024-09-16 08:00:00,6,162,5
2024-09-16 09:00:00,3,163,1
2024-09-16 10:00:00,4,146,6
2024-09-16 11:00:00,7,172,12
2024-09-16 12:00:00,3,168,7
2024-09-16 13:00:00,6,182,6
2024-09-16 14:00:00,10,208,2
2024-09-16 15:00:00,2,177,8
2024-09-16 16:00:00,12,165,16
2024-09-16 17:00:00,7,188,13
2024-09-16 18:00:00,10,186,7
2024-09-16 19:00:00,2,103,7
2024-09-16 20:00:00,0,84,4
2024-09-16 21:00:00,0,42,0
2024-09-16 22:00:00,0,26,0
2024-09-16 23:00:00,0,7,2
2024-09-17 00:00:00,0,4,0
2024-09-17 01:00:00,0,3,0
2024-09-17 02:00:00,0,3,0
2024-09-17 03:00:00,0,2,0
2024-09-17 04:00:00,0,28,1
2024-09-17 05:00:00,0,59,2
2024-09-17 06:00:00,9,130,6
2024-09-17 07:00:00,12,155,10
2024-09-17 08:00:00,10,166,2
2024-09-17 09:00:00,5,150,5
2024-09-17 10:00:00,2,168,4
2024-09-17 11:00:00,6,156,2
2024-09-17 12:00:00,5,142,6
2024-09-17 13:00:00,9,167,8
2024-09-17 14:00:00,12,203,5
2024-09-17 15:00:00,3,196,6
2024-09-17 16:00:00,9,179,8
2024-09-17 17:00:00,11,194,16
2024-09-17 18:00:00,6,165,7
2024-09-17 19:00:00,4,136,5
2024-09-17 20:00:00,0,93,2
2024-09-17 21:00:00,1,58,4
2024-09-17 22:00:00,0,23,1
2024-09-17 23:00:00,3,2,2
2024-09-18 00:00:00,1,3,1
2024-09-18 01:00:00,0,2,0
2024-09-18 02:00:00,0,0,0
2024-09-18 03:00:00,0,5,0
2024-09-18 04:00:00,0,24,2
2024-09-18 05:00:00,0,63,2
2024-09-18 06:00:00,7,130,6
2024-09-18 07:00:00,13,181,4
2024-09-18 08:00:00,3,158,2
2024-09-18 09:00:00,2,153,3
2024-09-18 10:00:00,10,155,2
2024-09-18 11:00:00,9,176,3
2024-09-18 12:00:00,10,185,3
2024-09-18 13:00:00,8,176,1
2024-09-18 14:00:00,6,196,4
2024-09-18 15:00:00,14,197,10
2024-09-18 16:00:00,7,176,12
2024-09-18 17:00:00,19,183,9
2024-09-18 18:00:00,13,145,22
2024-09-18 19:00:00,0,112,9
2024-09-18 20:00:00,0,98,8
2024-09-18 21:00:00,0,59,5
2024-09-18 22:00:00,3,24,8
2024-09-18 23:00:00,0,5,2
2024-09-19 00:00:00,0,3,0
2024-09-19 01:00:00,0,5,0
2024-09-19 02:00:00,0,2,1
2024-09-19 03:00:00,0,6,1
2024-09-19 04:00:00,0,21,1
2024-09-19 05:00:00,0,53,1
2024-09-19 06:00:00,3,125,10
2024-09-19 07:00:00,3,152,4
2024-09-19 08:00:00,4,151,7
2024-09-19 09:00:00,2,165,1
2024-09-19 10:00:00,4,140,1
2024-09-19 11:00:00,7,148,4
2024-09-19 12:00:00,1,157,5
2024-09-19 13:00:00,6,168,7
2024-09-19 14:00:00,7,193,4
2024-09-19 15:00:00,6,198,7
2024-09-19 16:00:00,17,184,13
2024-09-19 17:00:00,4,199,9
2024-09-19 18:00:00,9,172,5
2024-09-19 19:00:00,2,133,10
2024-09-19 20:00:00,0,87,5
2024-09-19 21:00:00,1,61,8
2024-09-19 22:00:00,1,30,4
2024-09-19 23:00:00,0,14,0
2024-09-20 00:00:00,0,4,1
2024-09-20 01:00:00,0,4,1
2024-09-20 02:00:00,2,4,2
2024-09-20 03:00:00,0,2,0
2024-09-20 04:00:00,0,21,2
2024-09-20 05:00:00,0,70,13
2024-09-20 06:00:00,4,115,3
2024-09-20 07:00:00,6,159,9
2024-09-20 08:00:00,4,158,2
2024-09-20 09:00:00,4,169,1
2024-09-20 10:00:00,6,153,4
2024-09-20 11:00:00,6,180,4
2024-09-20 12:00:00,8,177,3
2024-09-20 13:00:00,3,180,1
2024-09-20 14:00:00,8,180,6
2024-09-20 15:00:00,3,194,4
2024-09-20 16:00:00,6,182,15
2024-09-20 17:00:00,11,193,5
2024-09-20 18:00:00,3,146,7
2024-09-20 19:00:00,0,143,10
2024-09-20 20:00:00,0,75,0
2024-09-20 21:00:00,1,56,7
2024-09-20 22:00:00,0,24,8
2024-09-20 23:00:00,0,24,2
2024-09-21 00:00:00,0,5,5
2024-09-21 01:00:00,0,11,2
2024-09-21 02:00:00,0,1,0
2024-09-21 03:00:00,0,6,0
2024-09-21 04:00:00,0,8,6
2024-09-21 05:00:00,0,19,7
2024-09-21 06:00:00,0,55,1
2024-09-21 07:00:00,10,91,16
2024-09-21 08:00:00,8,174,2
2024-09-21 09:00:00,7,218,3
2024-09-21 10:00:00,8,205,0
2024-09-21 11:00:00,5,182,1
2024-09-21 12:00:00,4,204,1
2024-09-21 13:00:00,7,185,2
2024-09-21 14:00:00,8,155,2
2024-09-21 15:00:00,2,163,1
2024-09-21 16:00:00,6,148,2
2024-09-21 17:00:00,4,114,1
2024-09-21 18:00:00,0,115,2
2024-09-21 19:00:00,0,84,3
2024-09-21 20:00:00,0,61,2
2024-09-21 21:00:00,1,57,2
2024-09-21 22:00:00,0,38,0
2024-09-21 23:00:00,0,28,3
2024-09-22 00:00:00,1,10,2
2024-09-22 01:00:00,0,4,0
2024-09-22 02:00:00,1,5,6
2024-09-22 03:00:00,0,8,0
2024-09-22 04:00:00,0,6,0
2024-09-22 05:00:00,1,13,2
2024-09-22 06:00:00,1,38,1
2024-09-22 07:00:00,8,70,0
2024-09-22 08:00:00,5,103,1
2024-09-22 09:00:00,3,153,0
2024-09-22 10:00:00,3,147,1
2024-09-22 11:00:00,3,209,1
2024-09-22 12:00:00,5,167,1
2024-09-22 13:00:00,6,167,4
2024-09-22 14:00:00,2,185,0
2024-09-22 15:00:00,5,129,1
2024-09-22 16:00:00,5,124,2
2024-09-22 17:00:00,3,111,2
2024-09-22 18:00:00,2,95,2
2024-09-22 19:00:00,1,85,2
2024-09-22 20:00:00,0,45,0
2024-09-22 21:00:00,1,31,1
2024-09-22 22:00:00,0,12,1
2024-09-22 23:00:00,0,6,3
2024-09-23 00:00:00,0,4,0
2024-09-23 01:00:00,0,6,0
2024-09-23 02:00:00,0,3,0
2024-09-23 03:00:00,0,6,0
2024-09-23 04:00:00,0,24,0
2024-09-23 05:00:00,0,54,2
2024-09-23 06:00:00,2,121,7
2024-09-23 07:00:00,7,177,6
2024-09-23 08:00:00,2,146,1
2024-09-23 09:00:00,3,124,2
2024-09-23 10:00:00,3,163,1
2024-09-23 11:00:00,1,141,2
2024-09-23 12:00:00,6,134,0
2024-09-23 13:00:00,3,141,5
2024-09-23 14:00:00,1,187,3
2024-09-23 15:00:00,3,168,4
2024-09-23 16:00:00,1,203,6
2024-09-23 17:00:00,4,193,3
2024-09-23 18:00:00,4,147,2
2024-09-23 19:00:00,1,108,3
2024-09-23 20:00:00,1,75,1
2024-09-23 21:00:00,0,45,0
2024-09-23 22:00:00,0,13,0
2024-09-23 23:00:00,0,6,0
2024-09-24 00:00:00,0,7,0
2024-09-24 01:00:00,0,3,0
2024-09-24 02:00:00,0,5,0
2024-09-24 03:00:00,0,3,0
2024-09-24 04:00:00,0,25,0
2024-09-24 05:00:00,0,59,4
2024-09-24 06:00:00,2,131,5
2024-09-24 07:00:00,7,142,12
2024-09-24 08:00:00,3,179,3
2024-09-24 09:00:00,3,138,3
2024-09-24 10:00:00,4,161,3
2024-09-24 11:00:00,3,174,4
2024-09-24 12:00:00,5,158,6
2024-09-24 13:00:00,6,150,8
2024-09-24 14:00:00,6,191,7
2024-09-24 15:00:00,3,161,12
2024-09-24 16:00:00,4,196,8
2024-09-24 17:00:00,12,206,16
2024-09-24 18:00:00,3,143,10
2024-09-24 19:00:00,1,127,5
2024-09-24 20:00:00,1,92,2
2024-09-24 21:00:00,0,46,1
2024-09-24 22:00:00,0,24,1
2024-09-24 23:00:00,0,9,0
2024-09-25 00:00:00,1,4,0
2024-09-25 01:00:00,0,4,0
2024-09-25 02:00:00,0,2,0
2024-09-25 03:00:00,0,6,0
2024-09-25 04:00:00,0,32,0
2024-09-25 05:00:00,1,63,1
2024-09-25 06:00:00,7,120,7
2024-09-25 07:00:00,4,155,13
2024-09-25 08:00:00,2,178,5
2024-09-25 09:00:00,2,137,5
2024-09-25 10:00:00,1,162,4
2024-09-25 11:00:00,4,157,3
2024-09-25 12:00:00,4,187,4
2024-09-25 13:00:00,3,192,4
2024-09-25 14:00:00,5,189,9
2024-09-25 15:00:00,2,174,9
2024-09-25 16:00:00,14,176,11
2024-09-25 17:00:00,13,178,8
2024-09-25 18:00:00,3,161,16
2024-09-25 19:00:00,2,132,6
2024-09-25 20:00:00,0,101,1
2024-09-25 21:00:00,0,70,3
2024-09-25 22:00:00,0,26,0
2024-09-25 23:00:00,0,15,0
2024-09-26 00:00:00,0,5,0
2024-09-26 01:00:00,0,4,0
2024-09-26 02:00:00,1,5,0
2024-09-26 03:00:00,0,4,0
2024-09-26 04:00:00,1,32,1
2024-09-26 05:00:00,1,47,5
2024-09-26 06:00:00,6,126,4
2024-09-26 07:00:00,8,156,11
2024-09-26 08:00:00,6,168,4
2024-09-26 09:00:00,5,146,0
2024-09-26 10:00:00,6,168,7
2024-09-26 11:00:00,12,179,5
2024-09-26 12:00:00,6,188,4
2024-09-26 13:00:00,11,178,6
2024-09-26 14:00:00,5,196,6
2024-09-26 15:00:00,7,187,5
2024-09-26 16:00:00,11,180,7
2024-09-26 17:00:00,16,182,11
2024-09-26 18:00:00,2,171,7
2024-09-26 19:00:00,2,119,3
2024-09-26 20:00:00,2,109,3
2024-09-26 21:00:00,0,79,3
2024-09-26 22:00:00,0,27,1
2024-09-26 23:00:00,0,12,0
2024-09-27 00:00:00,0,4,2
2024-09-27 01:00:00,2,2,0
2024-09-27 02:00:00,0,2,0
2024-09-27 03:00:00,0,6,0
2024-09-27 04:00:00,0,27,2
2024-09-27 05:00:00,0,53,2
2024-09-27 06:00:00,4,116,7
2024-09-27 07:00:00,3,174,6
2024-09-27 08:00:00,3,165,1
2024-09-27 09:00:00,7,146,3
2024-09-27 10:00:00,5,176,6
2024-09-27 11:00:00,7,181,5
2024-09-27 12:00:00,2,172,5
2024-09-27 13:00:00,10,182,3
2024-09-27 14:00:00,2,214,5
2024-09-27 15:00:00,12,159,6
2024-09-27 16:00:00,7,171,7
2024-09-27 17:00:00,1,174,5
2024-09-27 18:00:00,3,154,2
2024-09-27 19:00:00,1,98,3
2024-09-27 20:00:00,2,83,4
2024-09-27 21:00:00,1,73,3
2024-09-27 22:00:00,3,42,1
2024-09-27 23:00:00,0,19,0
2024-09-28 00:00:00,0,14,0
2024-09-28 01:00:00,0,7,0
2024-09-28 02:00:00,0,7,0
2024-09-28 03:00:00,0,3,0
2024-09-28 04:00:00,0,17,0
2024-09-28 05:00:00,0,15,1
2024-09-28 06:00:00,2,53,2
2024-09-28 07:00:00,2,100,4
2024-09-28 08:00:00,5,182,8
2024-09-28 09:00:00,5,196,6
2024-09-28 10:00:00,13,187,4
2024-09-28 11:00:00,15,188,1
2024-09-28 12:00:00,8,221,9
2024-09-28 13:00:00,8,190,4
2024-09-28 14:00:00,8,150,7
2024-09-28 15:00:00,10,200,4
2024-09-28 16:00:00,8,192,12
2024-09-28 17:00:00,0,130,3
2024-09-28 18:00:00,5,123,4
2024-09-28 19:00:00,1,84,3
2024-09-28 20:00:00,1,67,0
2024-09-28 21:00:00,0,62,1
2024-09-28 22:00:00,0,36,1
2024-09-28 23:00:00,0,25,0
2024-09-29 00:00:00,0,12,0
2024-09-29 01:00:00,0,12,0
2024-09-29 02:00:00,0,4,1
2024-09-29 03:00:00,0,3,0
2024-09-29 04:00:00,0,9,0
2024-09-29 05:00:00,1,17,0
2024-09-29 06:00:00,0,35,0
2024-09-29 07:00:00,3,63,4
2024-09-29 08:00:00,5,126,3
2024-09-29 09:00:00,2,139,2
2024-09-29 10:00:00,3,192,1
2024-09-29 11:00:00,7,197,6
2024-09-29 12:00:00,8,205,1
2024-09-29 13:00:00,10,217,0
2024-09-29 14:00:00,5,153,2
2024-09-29 15:00:00,2,136,3
2024-09-29 16:00:00,0,149,0
2024-09-29 17:00:00,0,121,2
2024-09-29 18:00:00,2,91,2
2024-09-29 19:00:00,1,89,6
2024-09-29 20:00:00,1,44,2
2024-09-29 21:00:00,0,22,0
2024-09-29 22:00:00,0,11,1
2024-09-29 23:00:00,1,6,0
2024-09-30 00:00:00,0,3,2
2024-09-30 01:00:00,0,7,0
2024-09-30 02:00:00,0,3,0
2024-09-30 03:00:00,0,6,1
2024-09-30 04:00:00,0,1,0
2024-09-30 05:00:00,0,0,0
2024-09-30 06:00:00,3,64,3
2024-09-30 07:00:00,7,162,9
2024-09-30 08:00:00,7,141,5
2024-09-30 09:00:00,4,126,4
2024-09-30 10:00:00,2,177,6
2024-09-30 11:00:00,6,164,4
2024-09-30 12:00:00,2,150,4
2024-09-30 13:00:00,1,178,2
2024-09-30 14:00:00,7,210,7
2024-09-30 15:00:00,9,200,6
2024-09-30 16:00:00,8,224,17
2024-09-30 17:00:00,7,195,15
2024-09-30 18:00:00,1,158,4
2024-09-30 19:00:00,3,112,1
2024-09-30 20:00:00,0,93,2
2024-09-30 21:00:00,0,47,0
2024-09-30 22:00:00,0,24,3
2024-09-30 23:00:00,0,8,0
2024-10-01 00:00:00,0,4,0
2024-10-01 01:00:00,0,8,0
2024-10-01 02:00:00,0,1,0
2024-10-01 03:00:00,0,2,0
2024-10-01 04:00:00,0,24,0
2024-10-01 05:00:00,0,58,4
2024-10-01 06:00:00,4,150,6
2024-10-01 07:00:00,2,183,10
2024-10-01 08:00:00,10,160,4
2024-10-01 09:00:00,3,148,4
2024-10-01 10:00:00,2,147,4
2024-10-01 11:00:00,1,169,3
2024-10-01 12:00:00,4,147,5
2024-10-01 13:00:00,2,164,6
2024-10-01 14:00:00,7,225,9
2024-10-01 15:00:00,3,208,6
2024-10-01 16:00:00,9,184,12
2024-10-01 17:00:00,4,175,13
2024-10-01 18:00:00,0,168,8
2024-10-01 19:00:00,0,127,1
2024-10-01 20:00:00,0,88,2
2024-10-01 21:00:00,0,56,1
2024-10-01 22:00:00,1,32,0
2024-10-01 23:00:00,0,7,0
2024-10-02 00:00:00,1,6,0
2024-10-02 01:00:00,0,6,0
2024-10-02 02:00:00,0,1,0
2024-10-02 03:00:00,0,5,2
2024-10-02 04:00:00,0,24,0
2024-10-02 05:00:00,1,66,0
2024-10-02 06:00:00,6,141,8
2024-10-02 07:00:00,8,177,9
2024-10-02 08:00:00,6,175,9
2024-10-02 09:00:00,4,128,5
2024-10-02 10:00:00,6,176,2
2024-10-02 11:00:00,4,177,7
2024-10-02 12:00:00,2,170,2
2024-10-02 13:00:00,8,160,2
2024-10-02 14:00:00,2,207,6
2024-10-02 15:00:00,6,189,5
2024-10-02 16:00:00,7,191,17
2024-10-02 17:00:00,7,157,8
2024-10-02 18:00:00,2,161,15
2024-10-02 19:00:00,4,118,1
2024-10-02 20:00:00,1,99,4
2024-10-02 21:00:00,0,64,8
2024-10-02 22:00:00,1,20,4
2024-10-02 23:00:00,0,7,0
2024-10-03 00:00:00,0,4,0
2024-10-03 01:00:00,0,3,0
2024-10-03 02:00:00,0,2,0
2024-10-03 03:00:00,0,5,0
2024-10-03 04:00:00,0,22,0
2024-10-03 05:00:00,2,56,3
2024-10-03 06:00:00,3,139,3
2024-10-03 07:00:00,7,192,6
2024-10-03 08:00:00,7,148,4
2024-10-03 09:00:00,9,135,4
2024-10-03 10:00:00,5,145,3
2024-10-03 11:00:00,7,145,5
2024-10-03 12:00:00,7,180,7
2024-10-03 13:00:00,3,168,3
2024-10-03 14:00:00,5,192,4
2024-10-03 15:00:00,7,179,4
2024-10-03 16:00:00,17,144,12
2024-10-03 17:00:00,17,195,13
2024-10-03 18:00:00,1,155,8
2024-10-03 19:00:00,2,116,1
2024-10-03 20:00:00,1,111,4
2024-10-03 21:00:00,0,77,0
2024-10-03 22:00:00,1,39,1
2024-10-03 23:00:00,0,16,1
2024-10-04 00:00:00,0,9,0
2024-10-04 01:00:00,0,5,0
2024-10-04 02:00:00,0,3,0
2024-10-04 03:00:00,0,8,0
2024-10-04 04:00:00,0,20,0
2024-10-04 05:00:00,1,68,2
2024-10-04 06:00:00,2,127,1
2024-10-04 07:00:00,7,187,7
2024-10-04 08:00:00,8,152,5
2024-10-04 09:00:00,2,150,1
2024-10-04 10:00:00,9,152,5
2024-10-04 11:00:00,0,187,3
2024-10-04 12:00:00,6,166,4
2024-10-04 13:00:00,10,168,4
2024-10-04 14:00:00,5,210,9
2024-10-04 15:00:00,5,190,5
2024-10-04 16:00:00,12,209,11
2024-10-04 17:00:00,17,191,9
2024-10-04 18:00:00,4,168,11
2024-10-04 19:00:00,3,131,6
2024-10-04 20:00:00,1,80,0
2024-10-04 21:00:00,1,75,2
2024-10-04 22:00:00,0,61,2
2024-10-04 23:00:00,0,24,1
2024-10-05 00:00:00,0,14,0
2024-10-05 01:00:00,0,6,0
2024-10-05 02:00:00,0,3,0
2024-10-05 03:00:00,0,1,0
2024-10-05 04:00:00,0,13,0
2024-10-05 05:00:00,0,19,1
2024-10-05 06:00:00,0,51,5
2024-10-05 07:00:00,2,94,10
2024-10-05 08:00:00,8,171,10
2024-10-05 09:00:00,11,207,3
2024-10-05 10:00:00,12,173,2
2024-10-05 11:00:00,16,203,2
2024-10-05 12:00:00,11,213,2
2024-10-05 13:00:00,8,194,8
2024-10-05 14:00:00,6,209,4
2024-10-05 15:00:00,10,188,7
2024-10-05 16:00:00,5,174,3
2024-10-05 17:00:00,3,138,2
2024-10-05 18:00:00,0,118,5
2024-10-05 19:00:00,3,84,2
2024-10-05 20:00:00,0,66,3
2024-10-05 21:00:00,1,47,2
2024-10-05 22:00:00,1,50,1
2024-10-05 23:00:00,0,26,0
2024-10-06 00:00:00,0,13,0
2024-10-06 01:00:00,0,9,0
2024-10-06 02:00:00,0,3,0
2024-10-06 03:00:00,0,7,0
2024-10-06 04:00:00,0,5,0
2024-10-06 05:00:00,0,10,1
2024-10-06 06:00:00,1,45,1
2024-10-06 07:00:00,3,57,2
2024-10-06 08:00:00,3,129,4
2024-10-06 09:00:00,4,148,3
2024-10-06 10:00:00,2,208,5
2024-10-06 11:00:00,6,215,7
2024-10-06 12:00:00,10,196,1
2024-10-06 13:00:00,4,200,1
2024-10-06 14:00:00,5,167,6
2024-10-06 15:00:00,7,161,1
2024-10-06 16:00:00,5,118,2
2024-10-06 17:00:00,6,107,1
2024-10-06 18:00:00,3,102,0
2024-10-06 19:00:00,0,88,2
2024-10-06 20:00:00,0,42,1
2024-10-06 21:00:00,0,41,1
2024-10-06 22:00:00,0,12,0
2024-10-06 23:00:00,0,7,0
2024-10-07 00:00:00,0,3,0
2024-10-07 01:00:00,0,2,0
2024-10-07 02:00:00,0,0,0
2024-10-07 03:00:00,0,4,0
2024-10-07 04:00:00,0,22,0
2024-10-07 05:00:00,0,47,1
2024-10-07 06:00:00,6,122,7
2024-10-07 07:00:00,4,148,4
2024-10-07 08:00:00,2,152,7
2024-10-07 09:00:00,0,137,3
2024-10-07 10:00:00,1,148,3
2024-10-07 11:00:00,5,171,4
2024-10-07 12:00:00,1,172,5
2024-10-07 13:00:00,2,169,3
2024-10-07 14:00:00,6,216,6
2024-10-07 15:00:00,5,185,10
2024-10-07 16:00:00,9,206,13
2024-10-07 17:00:00,8,195,9
2024-10-07 18:00:00,3,156,4
2024-10-07 19:00:00,2,107,1
2024-10-07 20:00:00,1,88,1
2024-10-07 21:00:00,5,45,2
2024-10-07 22:00:00,3,22,0
2024-10-07 23:00:00,0,7,0
2024-10-08 00:00:00,0,7,0
2024-10-08 01:00:00,0,5,0
2024-10-08 02:00:00,0,4,0
2024-10-08 03:00:00,0,2,0
2024-10-08 04:00:00,0,23,0
2024-10-08 05:00:00,0,54,1
2024-10-08 06:00:00,5,135,6
2024-10-08 07:00:00,11,167,8
2024-10-08 08:00:00,4,151,0
2024-10-08 09:00:00,6,155,1
2024-10-08 10:00:00,0,132,1
2024-10-08 11:00:00,4,168,0
2024-10-08 12:00:00,6,143,4
2024-10-08 13:00:00,4,152,1
2024-10-08 14:00:00,3,193,3
2024-10-08 15:00:00,4,204,8
2024-10-08 16:00:00,3,163,5
2024-10-08 17:00:00,6,183,11
2024-10-08 18:00:00,2,162,3
2024-10-08 19:00:00,0,112,6
2024-10-08 20:00:00,1,81,0
2024-10-08 21:00:00,1,38,3
2024-10-08 22:00:00,0,22,0
2024-10-08 23:00:00,0,10,0
2024-10-09 00:00:00,0,5,0
2024-10-09 01:00:00,0,2,0
2024-10-09 02:00:00,0,1,0
2024-10-09 03:00:00,0,3,0
2024-10-09 04:00:00,0,22,1
2024-10-09 05:00:00,1,66,3
2024-10-09 06:00:00,3,137,8
2024-10-09 07:00:00,11,149,9
2024-10-09 08:00:00,8,151,7
2024-10-09 09:00:00,3,137,6
2024-10-09 10:00:00,3,156,4
2024-10-09 11:00:00,10,174,8
2024-10-09 12:00:00,7,187,6
2024-10-09 13:00:00,5,182,5
2024-10-09 14:00:00,5,197,7
2024-10-09 15:00:00,4,175,10
2024-10-09 16:00:00,11,176,12
2024-10-09 17:00:00,10,193,11
2024-10-09 18:00:00,3,163,16
2024-10-09 19:00:00,1,136,2
2024-10-09 20:00:00,0,113,3
2024-10-09 21:00:00,1,55,1
2024-10-09 22:00:00,0,15,1
2024-10-09 23:00:00,0,12,1
2024-10-10 00:00:00,0,13,0
2024-10-10 01:00:00,0,3,0
2024-10-10 02:00:00,0,8,1
2024-10-10 03:00:00,0,4,0
2024-10-10 04:00:00,0,20,0
2024-10-10 05:00:00,2,55,3
2024-10-10 06:00:00,5,152,5
2024-10-10 07:00:00,8,145,4
2024-10-10 08:00:00,9,172,5
2024-10-10 09:00:00,3,136,5
2024-10-10 10:00:00,5,141,2
2024-10-10 11:00:00,9,176,5
2024-10-10 12:00:00,3,166,1
2024-10-10 13:00:00,8,176,7
2024-10-10 14:00:00,5,205,4
2024-10-10 15:00:00,10,171,7
2024-10-10 16:00:00,14,182,7
2024-10-10 17:00:00,16,210,5
2024-10-10 18:00:00,3,176,9
2024-10-10 19:00:00,1,123,4
2024-10-10 20:00:00,1,111,2
2024-10-10 21:00:00,0,57,2
2024-10-10 22:00:00,0,25,1
2024-10-10 23:00:00,0,11,0
2024-10-11 00:00:00,0,9,1
2024-10-11 01:00:00,0,3,1
2024-10-11 02:00:00,0,1,0
2024-10-11 03:00:00,0,5,0
2024-10-11 04:00:00,1,20,0
2024-10-11 05:00:00,2,60,2
2024-10-11 06:00:00,3,149,6
2024-10-11 07:00:00,12,178,7
2024-10-11 08:00:00,12,176,5
2024-10-11 09:00:00,9,165,2
2024-10-11 10:00:00,6,178,4
2024-10-11 11:00:00,10,167,6
2024-10-11 12:00:00,6,175,2
2024-10-11 13:00:00,6,176,1
2024-10-11 14:00:00,14,205,4
2024-10-11 15:00:00,12,177,7
2024-10-11 16:00:00,4,180,8
2024-10-11 17:00:00,6,152,4
2024-10-11 18:00:00,6,179,8
2024-10-11 19:00:00,1,124,2
2024-10-11 20:00:00,0,84,5
2024-10-11 21:00:00,0,59,1
2024-10-11 22:00:00,1,30,1
2024-10-11 23:00:00,0,21,0
2024-10-12 00:00:00,0,13,0
2024-10-12 01:00:00,0,12,0
2024-10-12 02:00:00,0,9,0
2024-10-12 03:00:00,0,5,0
2024-10-12 04:00:00,0,10,0
2024-10-12 05:00:00,0,23,1
2024-10-12 06:00:00,0,47,5
2024-10-12 07:00:00,5,95,5
2024-10-12 08:00:00,8,160,3
2024-10-12 09:00:00,10,183,4
2024-10-12 10:00:00,6,188,2
2024-10-12 11:00:00,8,195,7
2024-10-12 12:00:00,3,208,2
2024-10-12 13:00:00,4,190,7
2024-10-12 14:00:00,11,164,9
2024-10-12 15:00:00,13,188,2
2024-10-12 16:00:00,10,191,4
2024-10-12 17:00:00,7,136,1
2024-10-12 18:00:00,5,124,3
2024-10-12 19:00:00,0,76,2
2024-10-12 20:00:00,0,56,1
2024-10-12 21:00:00,0,57,2
2024-10-12 22:00:00,1,31,2
2024-10-12 23:00:00,0,28,4
2024-10-13 00:00:00,0,7,1
2024-10-13 01:00:00,0,5,0
2024-10-13 02:00:00,0,5,0
2024-10-13 03:00:00,0,5,0
2024-10-13 04:00:00,0,13,0
2024-10-13 05:00:00,0,9,2
2024-10-13 06:00:00,0,26,1
2024-10-13 07:00:00,2,57,6
2024-10-13 08:00:00,11,122,1
2024-10-13 09:00:00,24,134,3
2024-10-13 10:00:00,5,185,3
2024-10-13 11:00:00,11,187,8
2024-10-13 12:00:00,9,192,2
2024-10-13 13:00:00,9,153,5
2024-10-13 14:00:00,4,162,3
2024-10-13 15:00:00,9,159,3
2024-10-13 16:00:00,9,117,2
2024-10-13 17:00:00,1,119,1
2024-10-13 18:00:00,1,92,0
2024-10-13 19:00:00,2,68,4
2024-10-13 20:00:00,2,55,2
2024-10-13 21:00:00,0,26,0
2024-10-13 22:00:00,0,16,0
2024-10-13 23:00:00,0,9,1
2024-10-14 00:00:00,0,2,0
2024-10-14 01:00:00,1,2,0
2024-10-14 02:00:00,1,3,0
2024-10-14 03:00:00,0,5,0
2024-10-14 04:00:00,0,25,0
2024-10-14 05:00:00,2,55,1
2024-10-14 06:00:00,6,133,6
2024-10-14 07:00:00,6,157,7
2024-10-14 08:00:00,5,139,3
2024-10-14 09:00:00,5,114,3
2024-10-14 10:00:00,3,158,2
2024-10-14 11:00:00,4,156,5
2024-10-14 12:00:00,5,153,4
2024-10-14 13:00:00,4,153,0
2024-10-14 14:00:00,2,198,8
2024-10-14 15:00:00,11,184,3
2024-10-14 16:00:00,5,182,7
2024-10-14 17:00:00,3,190,17
2024-10-14 18:00:00,3,155,5
2024-10-14 19:00:00,2,122,2
2024-10-14 20:00:00,1,88,2
2024-10-14 21:00:00,0,50,1
2024-10-14 22:00:00,1,18,0
2024-10-14 23:00:00,0,11,1
2024-10-15 00:00:00,0,2,0
2024-10-15 01:00:00,0,5,0
2024-10-15 02:00:00,0,1,0
2024-10-15 03:00:00,0,3,0
2024-10-15 04:00:00,0,20,0
2024-10-15 05:00:00,0,66,2
2024-10-15 06:00:00,2,136,4
2024-10-15 07:00:00,5,152,9
2024-10-15 08:00:00,2,135,5
2024-10-15 09:00:00,1,143,2
2024-10-15 10:00:00,5,126,5
2024-10-15 11:00:00,2,143,2
2024-10-15 12:00:00,2,149,5
2024-10-15 13:00:00,3,146,5
2024-10-15 14:00:00,3,194,14
2024-10-15 15:00:00,8,172,10
2024-10-15 16:00:00,10,181,11
2024-10-15 17:00:00,12,174,9
2024-10-15 18:00:00,2,180,8
2024-10-15 19:00:00,3,118,4
2024-10-15 20:00:00,0,76,2
2024-10-15 21:00:00,1,55,2
2024-10-15 22:00:00,1,25,1
2024-10-15 23:00:00,0,13,2
2024-10-16 00:00:00,0,3,0
2024-10-16 01:00:00,1,2,0
2024-10-16 02:00:00,0,3,0
2024-10-16 03:00:00,0,5,0
2024-10-16 04:00:00,0,26,0
2024-10-16 05:00:00,2,60,2
2024-10-16 06:00:00,0,133,4
2024-10-16 07:00:00,5,154,6
2024-10-16 08:00:00,4,162,1
2024-10-16 09:00:00,9,139,2
2024-10-16 10:00:00,5,160,0
2024-10-16 11:00:00,5,164,1
2024-10-16 12:00:00,5,165,3
2024-10-16 13:00:00,3,192,3
2024-10-16 14:00:00,4,184,5
2024-10-16 15:00:00,4,186,4
2024-10-16 16:00:00,8,168,10
2024-10-16 17:00:00,1,186,7
2024-10-16 18:00:00,4,158,14
2024-10-16 19:00:00,1,119,4
2024-10-16 20:00:00,2,113,6
2024-10-16 21:00:00,0,54,2
2024-10-16 22:00:00,1,26,0
2024-10-16 23:00:00,0,6,0
2024-10-17 00:00:00,0,6,0
2024-10-17 01:00:00,0,2,0
2024-10-17 02:00:00,0,3,0
2024-10-17 03:00:00,0,4,0
2024-10-17 04:00:00,0,27,0
2024-10-17 05:00:00,2,50,2
2024-10-17 06:00:00,5,136,5
2024-10-17 07:00:00,12,163,11
2024-10-17 08:00:00,5,159,4
2024-10-17 09:00:00,4,136,5
2024-10-17 10:00:00,10,141,5
2024-10-17 11:00:00,8,176,5
2024-10-17 12:00:00,5,131,5
2024-10-17 13:00:00,5,170,5
2024-10-17 14:00:00,10,204,2
2024-10-17 15:00:00,8,192,4
2024-10-17 16:00:00,10,184,7
2024-10-17 17:00:00,4,195,10
2024-10-17 18:00:00,2,154,8
2024-10-17 19:00:00,1,114,10
2024-10-17 20:00:00,0,120,1
2024-10-17 21:00:00,0,56,1
2024-10-17 22:00:00,0,29,0
2024-10-17 23:00:00,0,13,2
2024-10-18 00:00:00,0,6,0
2024-10-18 01:00:00,0,3,0
2024-10-18 02:00:00,2,7,0
2024-10-18 03:00:00,0,6,0
2024-10-18 04:00:00,0,22,1
2024-10-18 05:00:00,1,48,5
2024-10-18 06:00:00,3,119,7
2024-10-18 07:00:00,5,164,6
2024-10-18 08:00:00,7,139,6
2024-10-18 09:00:00,4,151,4
2024-10-18 10:00:00,10,155,4
2024-10-18 11:00:00,5,147,3
2024-10-18 12:00:00,3,144,6
2024-10-18 13:00:00,9,141,4
2024-10-18 14:00:00,4,188,4
2024-10-18 15:00:00,11,184,7
2024-10-18 16:00:00,12,170,13
2024-10-18 17:00:00,2,201,7
2024-10-18 18:00:00,4,136,2
2024-10-18 19:00:00,3,128,2
2024-10-18 20:00:00,0,74,5
2024-10-18 21:00:00,0,42,1
2024-10-18 22:00:00,2,28,1
2024-10-18 23:00:00,2,11,0
2024-10-19 00:00:00,0,5,0
2024-10-19 01:00:00,0,7,0
2024-10-19 02:00:00,0,3,0
2024-10-19 03:00:00,0,4,0
2024-10-19 04:00:00,0,8,0
2024-10-19 05:00:00,1,20,0
2024-10-19 06:00:00,3,50,3
2024-10-19 07:00:00,5,102,5
2024-10-19 08:00:00,8,136,4
2024-10-19 09:00:00,9,188,9
2024-10-19 10:00:00,4,183,4
2024-10-19 11:00:00,4,181,5
2024-10-19 12:00:00,12,197,2
2024-10-19 13:00:00,11,201,9
2024-10-19 14:00:00,6,164,3
2024-10-19 15:00:00,7,197,6
2024-10-19 16:00:00,3,190,3
2024-10-19 17:00:00,13,125,5
2024-10-19 18:00:00,3,115,1
2024-10-19 19:00:00,1,68,4
2024-10-19 20:00:00,1,50,0
2024-10-19 21:00:00,4,51,0
2024-10-19 22:00:00,1,39,0
2024-10-19 23:00:00,0,23,0
2024-10-20 00:00:00,0,7,0
2024-10-20 01:00:00,0,9,0
2024-10-20 02:00:00,0,5,0
2024-10-20 03:00:00,0,4,0
2024-10-20 04:00:00,0,8,0
2024-10-20 05:00:00,0,12,2
2024-10-20 06:00:00,0,41,3
2024-10-20 07:00:00,1,57,2
2024-10-20 08:00:00,6,100,0
2024-10-20 09:00:00,5,138,1
2024-10-20 10:00:00,3,166,0
2024-10-20 11:00:00,1,174,1
2024-10-20 12:00:00,7,167,2
2024-10-20 13:00:00,15,181,2
2024-10-20 14:00:00,11,148,1
2024-10-20 15:00:00,14,139,6
2024-10-20 16:00:00,29,107,1
2024-10-20 17:00:00,5,111,5
2024-10-20 18:00:00,2,89,5
2024-10-20 19:00:00,1,79,3
2024-10-20 20:00:00,2,61,4
2024-10-20 21:00:00,0,24,6
2024-10-20 22:00:00,2,8,7
2024-10-20 23:00:00,0,4,1
2024-10-21 00:00:00,0,5,3
2024-10-21 01:00:00,0,4,0
2024-10-21 02:00:00,0,3,1
2024-10-21 03:00:00,0,2,0
2024-10-21 04:00:00,0,24,0
2024-10-21 05:00:00,1,58,2
2024-10-21 06:00:00,6,144,14
2024-10-21 07:00:00,7,164,6
2024-10-21 08:00:00,1,140,3
2024-10-21 09:00:00,6,116,6
2024-10-21 10:00:00,8,136,5
2024-10-21 11:00:00,5,132,6
2024-10-21 12:00:00,2,141,2
2024-10-21 13:00:00,2,141,6
2024-10-21 14:00:00,2,218,3
2024-10-21 15:00:00,8,186,6
2024-10-21 16:00:00,13,198,8
2024-10-21 17:00:00,8,175,14
2024-10-21 18:00:00,1,134,2
2024-10-21 19:00:00,2,93,3
2024-10-21 20:00:00,2,90,1
2024-10-21 21:00:00,0,43,0
2024-10-21 22:00:00,0,24,0
2024-10-21 23:00:00,0,9,1
2024-10-22 00:00:00,0,1,0
2024-10-22 01:00:00,0,0,0
2024-10-22 02:00:00,0,3,0
2024-10-22 03:00:00,0,1,0
2024-10-22 04:00:00,0,19,1
2024-10-22 05:00:00,1,47,1
2024-10-22 06:00:00,3,133,6
2024-10-22 07:00:00,8,167,8
2024-10-22 08:00:00,1,151,3
2024-10-22 09:00:00,1,140,1
2024-10-22 10:00:00,3,136,4
2024-10-22 11:00:00,8,144,7
2024-10-22 12:00:00,2,148,6
2024-10-22 13:00:00,4,151,8
2024-10-22 14:00:00,5,189,6
2024-10-22 15:00:00,5,210,6
2024-10-22 16:00:00,12,187,12
2024-10-22 17:00:00,8,175,17
2024-10-22 18:00:00,6,127,4
2024-10-22 19:00:00,0,85,5
2024-10-22 20:00:00,1,61,0
2024-10-22 21:00:00,4,61,2
2024-10-22 22:00:00,0,20,0
2024-10-22 23:00:00,0,9,0
2024-10-23 00:00:00,0,4,0
2024-10-23 01:00:00,0,1,0
2024-10-23 02:00:00,0,2,0
2024-10-23 03:00:00,0,3,0
2024-10-23 04:00:00,0,24,1
2024-10-23 05:00:00,0,66,2
2024-10-23 06:00:00,0,116,9
2024-10-23 07:00:00,10,165,12
2024-10-23 08:00:00,5,169,5
2024-10-23 09:00:00,3,136,5
2024-10-23 10:00:00,3,148,5
2024-10-23 11:00:00,4,146,6
2024-10-23 12:00:00,1,161,1
2024-10-23 13:00:00,2,181,1
2024-10-23 14:00:00,7,195,8
2024-10-23 15:00:00,5,187,9
2024-10-23 16:00:00,13,181,10
2024-10-23 17:00:00,7,137,6
2024-10-23 18:00:00,2,165,19
2024-10-23 19:00:00,1,94,9
2024-10-23 20:00:00,1,86,2
2024-10-23 21:00:00,1,51,3
2024-10-23 22:00:00,0,17,1
2024-10-23 23:00:00,0,10,0
2024-10-24 00:00:00,0,2,1
2024-10-24 01:00:00,0,0,1
2024-10-24 02:00:00,0,4,0
2024-10-24 03:00:00,0,5,0
2024-10-24 04:00:00,0,24,1
2024-10-24 05:00:00,0,53,2
2024-10-24 06:00:00,7,138,5
2024-10-24 07:00:00,9,152,3
2024-10-24 08:00:00,1,147,4
2024-10-24 09:00:00,6,124,3
2024-10-24 10:00:00,2,151,4
2024-10-24 11:00:00,2,149,6
2024-10-24 12:00:00,1,149,3
2024-10-24 13:00:00,4,158,6
2024-10-24 14:00:00,4,195,4
2024-10-24 15:00:00,4,177,4
2024-10-24 16:00:00,3,177,12
2024-10-24 17:00:00,11,158,13
2024-10-24 18:00:00,2,136,3
2024-10-24 19:00:00,0,95,8
2024-10-24 20:00:00,1,97,6
2024-10-24 21:00:00,0,51,3
2024-10-24 22:00:00,1,20,0
2024-10-24 23:00:00,0,12,0
2024-10-25 00:00:00,0,5,0
2024-10-25 01:00:00,0,3,0
2024-10-25 02:00:00,0,3,0
2024-10-25 03:00:00,0,5,0
2024-10-25 04:00:00,0,21,0
2024-10-25 05:00:00,2,50,0
2024-10-25 06:00:00,3,130,3
2024-10-25 07:00:00,4,141,4
2024-10-25 08:00:00,0,137,4
2024-10-25 09:00:00,4,142,1
2024-10-25 10:00:00,8,153,1
2024-10-25 11:00:00,5,169,0
2024-10-25 12:00:00,3,170,2
2024-10-25 13:00:00,12,195,3
2024-10-25 14:00:00,4,169,5
2024-10-25 15:00:00,12,180,3
2024-10-25 16:00:00,11,169,6
2024-10-25 17:00:00,4,165,5
2024-10-25 18:00:00,4,114,1
2024-10-25 19:00:00,0,92,6
2024-10-25 20:00:00,0,59,2
2024-10-25 21:00:00,1,51,1
2024-10-25 22:00:00,0,46,3
2024-10-25 23:00:00,0,29,0
2024-10-26 00:00:00,0,10,0
2024-10-26 01:00:00,0,5,0
2024-10-26 02:00:00,0,6,0
2024-10-26 03:00:00,0,2,0
2024-10-26 04:00:00,0,13,1
2024-10-26 05:00:00,0,13,0
2024-10-26 06:00:00,1,57,5
2024-10-26 07:00:00,2,102,1
2024-10-26 08:00:00,9,120,7
2024-10-26 09:00:00,12,176,6
2024-10-26 10:00:00,16,168,7
2024-10-26 11:00:00,9,166,6
2024-10-26 12:00:00,9,167,0
2024-10-26 13:00:00,11,190,1
2024-10-26 14:00:00,11,203,6
2024-10-26 15:00:00,5,206,4
2024-10-26 16:00:00,8,134,4
2024-10-26 17:00:00,1,116,4
2024-10-26 18:00:00,0,96,2
2024-10-26 19:00:00,0,76,6
2024-10-26 20:00:00,0,46,0
2024-10-26 21:00:00,2,56,0
2024-10-26 22:00:00,1,46,0
2024-10-26 23:00:00,1,29,1
2024-10-27 00:00:00,0,11,0
2024-10-27 01:00:00,0,9,0
2024-10-27 02:00:00,0,4,0
2024-10-27 03:00:00,0,3,0
2024-10-27 04:00:00,0,4,0
2024-10-27 05:00:00,0,12,0
2024-10-27 06:00:00,0,15,0
2024-10-27 07:00:00,0,41,0
2024-10-27 08:00:00,5,89,5
2024-10-27 09:00:00,8,104,5
2024-10-27 10:00:00,36,166,0
2024-10-27 11:00:00,10,178,6
2024-10-27 12:00:00,15,163,9
2024-10-27 13:00:00,6,181,3
2024-10-27 14:00:00,2,147,6
2024-10-27 15:00:00,3,151,5
2024-10-27 16:00:00,6,108,5
2024-10-27 17:00:00,0,112,4
2024-10-27 18:00:00,3,94,2
2024-10-27 19:00:00,0,66,2
2024-10-27 20:00:00,1,73,6
2024-10-27 21:00:00,0,39,4
2024-10-27 22:00:00,0,26,1
2024-10-27 23:00:00,0,20,0
2024-10-28 00:00:00,0,2,0
2024-10-28 01:00:00,0,1,0
2024-10-28 02:00:00,0,5,0
2024-10-28 03:00:00,0,2,0
2024-10-28 04:00:00,0,3,0
2024-10-28 05:00:00,0,19,2
2024-10-28 06:00:00,0,65,2
2024-10-28 07:00:00,2,115,4
2024-10-28 08:00:00,8,132,7
2024-10-28 09:00:00,1,131,4
2024-10-28 10:00:00,0,157,3
2024-10-28 11:00:00,2,135,1
2024-10-28 12:00:00,2,137,4
2024-10-28 13:00:00,0,147,1
2024-10-28 14:00:00,3,154,3
2024-10-28 15:00:00,3,150,2
2024-10-28 16:00:00,6,162,5
2024-10-28 17:00:00,3,184,5
2024-10-28 18:00:00,4,160,6
2024-10-28 19:00:00,1,118,2
2024-10-28 20:00:00,1,78,2
2024-10-28 21:00:00,0,72,2
2024-10-28 22:00:00,0,31,2
2024-10-28 23:00:00,0,23,1
2024-10-29 00:00:00,0,5,0
2024-10-29 01:00:00,0,4,0
2024-10-29 02:00:00,0,0,0
2024-10-29 03:00:00,0,3,1
2024-10-29 04:00:00,0,2,0
2024-10-29 05:00:00,0,28,1
2024-10-29 06:00:00,2,56,2
2024-10-29 07:00:00,2,145,4
2024-10-29 08:00:00,1,128,5
2024-10-29 09:00:00,5,146,3
2024-10-29 10:00:00,2,164,2
2024-10-29 11:00:00,2,152,3
2024-10-29 12:00:00,1,166,4
2024-10-29 13:00:00,2,186,4
2024-10-29 14:00:00,4,147,2
2024-10-29 15:00:00,1,169,3
2024-10-29 16:00:00,6,171,4
2024-10-29 17:00:00,2,219,7
2024-10-29 18:00:00,2,191,5
2024-10-29 19:00:00,3,133,5
2024-10-29 20:00:00,1,96,2
2024-10-29 21:00:00,0,82,0
2024-10-29 22:00:00,0,36,0
2024-10-29 23:00:00,0,18,0
2024-10-30 00:00:00,0,10,0
2024-10-30 01:00:00,0,8,0
2024-10-30 02:00:00,0,6,0
2024-10-30 03:00:00,0,2,0
2024-10-30 04:00:00,0,6,0
2024-10-30 05:00:00,0,26,0
2024-10-30 06:00:00,2,58,1
2024-10-30 07:00:00,3,133,3
2024-10-30 08:00:00,4,154,3
2024-10-30 09:00:00,5,162,5
2024-10-30 10:00:00,1,143,4
2024-10-30 11:00:00,2,174,1
2024-10-30 12:00:00,4,188,5
2024-10-30 13:00:00,3,180,3
2024-10-30 14:00:00,4,196,1
2024-10-30 15:00:00,6,182,1
2024-10-30 16:00:00,7,167,7
2024-10-30 17:00:00,5,214,6
2024-10-30 18:00:00,3,146,8
2024-10-30 19:00:00,2,137,18
2024-10-30 20:00:00,2,127,5
2024-10-30 21:00:00,0,87,1
2024-10-30 22:00:00,2,65,2
2024-10-30 23:00:00,0,30,1
2024-10-31 00:00:00,0,11,1
2024-10-31 01:00:00,0,8,0
2024-10-31 02:00:00,0,7,0
2024-10-31 03:00:00,0,5,0
2024-10-31 04:00:00,0,2,0
2024-10-31 05:00:00,0,24,0
2024-10-31 06:00:00,1,43,2
2024-10-31 07:00:00,2,108,5
2024-10-31 08:00:00,4,131,4
2024-10-31 09:00:00,9,149,3
2024-10-31 10:00:00,13,127,8
2024-10-31 11:00:00,8,153,0
2024-10-31 12:00:00,4,139,7
2024-10-31 13:00:00,4,157,4
2024-10-31 14:00:00,10,156,7
2024-10-31 15:00:00,2,155,5
2024-10-31 16:00:00,9,168,6
2024-10-31 17:00:00,4,175,5
2024-10-31 18:00:00,1,140,4
2024-10-31 19:00:00,3,117,2
2024-10-31 20:00:00,1,108,7
2024-10-31 21:00:00,2,74,1
2024-10-31 22:00:00,0,75,0
2024-10-31 23:00:00,1,38,1
2024-11-01 00:00:00,0,14,0
2024-11-01 01:00:00,0,7,0
2024-11-01 02:00:00,2,4,2
2024-11-01 03:00:00,0,5,0
2024-11-01 04:00:00,1,6,0
2024-11-01 05:00:00,0,18,0
2024-11-01 06:00:00,0,40,2
2024-11-01 07:00:00,1,87,2
2024-11-01 08:00:00,5,116,4
2024-11-01 09:00:00,4,134,4
2024-11-01 10:00:00,4,134,0
2024-11-01 11:00:00,1,136,5
2024-11-01 12:00:00,7,145,5
2024-11-01 13:00:00,3,182,1
2024-11-01 14:00:00,7,170,2
2024-11-01 15:00:00,9,160,4
2024-11-01 16:00:00,3,165,0
2024-11-01 17:00:00,4,164,6
2024-11-01 18:00:00,4,158,7
2024-11-01 19:00:00,3,119,3
2024-11-01 20:00:00,1,99,2
2024-11-01 21:00:00,3,69,3
2024-11-01 22:00:00,4,57,2
2024-11-01 23:00:00,0,42,1
2024-11-02 00:00:00,2,15,1
2024-11-02 01:00:00,0,8,0
2024-11-02 02:00:00,0,9,0
2024-11-02 03:00:00,0,3,0
2024-11-02 04:00:00,0,5,0
2024-11-02 05:00:00,0,9,0
2024-11-02 06:00:00,0,21,0
2024-11-02 07:00:00,0,47,3
2024-11-02 08:00:00,3,98,3
2024-11-02 09:00:00,2,103,2
2024-11-02 10:00:00,4,145,6
2024-11-02 11:00:00,1,152,4
2024-11-02 12:00:00,7,148,2
2024-11-02 13:00:00,5,179,2
2024-11-02 14:00:00,2,130,7
2024-11-02 15:00:00,4,133,5
2024-11-02 16:00:00,7,129,4
2024-11-02 17:00:00,4,176,3
2024-11-02 18:00:00,1,155,4
2024-11-02 19:00:00,4,95,5
2024-11-02 20:00:00,8,76,2
2024-11-02 21:00:00,6,45,2
2024-11-02 22:00:00,3,54,1
2024-11-02 23:00:00,2,39,0
2024-11-03 00:00:00,0,24,1
2024-11-03 01:00:00,0,10,0
2024-11-03 02:00:00,1,13,0
2024-11-03 03:00:00,0,5,0
2024-11-03 04:00:00,0,3,0
2024-11-03 05:00:00,2,12,0
2024-11-03 06:00:00,0,10,0
2024-11-03 07:00:00,1,43,2
2024-11-03 08:00:00,5,55,1
2024-11-03 09:00:00,0,90,4
2024-11-03 10:00:00,3,123,3
2024-11-03 11:00:00,4,171,2
2024-11-03 12:00:00,4,179,4
2024-11-03 13:00:00,7,173,3
2024-11-03 14:00:00,4,140,3
2024-11-03 15:00:00,11,130,5
2024-11-03 16:00:00,7,102,3
2024-11-03 17:00:00,2,112,1
2024-11-03 18:00:00,1,104,3
2024-11-03 19:00:00,2,70,1
2024-11-03 20:00:00,0,79,1
2024-11-03 21:00:00,1,43,1
2024-11-03 22:00:00,0,31,0
2024-11-03 23:00:00,1,16,2
2024-11-04 00:00:00,0,4,0
2024-11-04 01:00:00,0,4,0
2024-11-04 02:00:00,0,4,0
2024-11-04 03:00:00,0,1,0
2024-11-04 04:00:00,0,4,0
2024-11-04 05:00:00,0,21,0
2024-11-04 06:00:00,0,53,2
2024-11-04 07:00:00,4,122,5
2024-11-04 08:00:00,4,144,6
2024-11-04 09:00:00,1,117,7
2024-11-04 10:00:00,3,142,1
2024-11-04 11:00:00,3,145,1
2024-11-04 12:00:00,4,123,6
2024-11-04 13:00:00,4,139,4
2024-11-04 14:00:00,3,163,3
2024-11-04 15:00:00,14,194,5
2024-11-04 16:00:00,7,196,8
2024-11-04 17:00:00,15,208,18
2024-11-04 18:00:00,5,188,9
2024-11-04 19:00:00,1,159,4
2024-11-04 20:00:00,2,89,3
2024-11-04 21:00:00,0,78,2
2024-11-04 22:00:00,1,47,4
2024-11-04 23:00:00,0,14,0
2024-11-05 00:00:00,0,9,1
2024-11-05 01:00:00,0,3,0
2024-11-05 02:00:00,0,3,0
2024-11-05 03:00:00,0,2,0
2024-11-05 04:00:00,0,5,0
2024-11-05 05:00:00,0,18,1
2024-11-05 06:00:00,0,50,2
2024-11-05 07:00:00,5,136,6
2024-11-05 08:00:00,5,177,11
2024-11-05 09:00:00,2,155,7
2024-11-05 10:00:00,3,133,3
2024-11-05 11:00:00,1,138,4
2024-11-05 12:00:00,1,182,1
2024-11-05 13:00:00,0,130,2
2024-11-05 14:00:00,1,175,4
2024-11-05 15:00:00,5,179,4
2024-11-05 16:00:00,6,177,4
2024-11-05 17:00:00,6,175,17
2024-11-05 18:00:00,12,171,13
2024-11-05 19:00:00,2,163,5
2024-11-05 20:00:00,1,97,5
2024-11-05 21:00:00,0,88,0
2024-11-05 22:00:00,0,57,0
2024-11-05 23:00:00,2,25,1
2024-11-06 00:00:00,0,3,1
2024-11-06 01:00:00,0,3,0
2024-11-06 02:00:00,0,0,0
2024-11-06 03:00:00,0,4,0
2024-11-06 04:00:00,0,2,0
2024-11-06 05:00:00,0,27,0
2024-11-06 06:00:00,1,74,2
2024-11-06 07:00:00,3,120,6
2024-11-06 08:00:00,4,151,2
2024-11-06 09:00:00,9,175,3
2024-11-06 10:00:00,1,131,1
2024-11-06 11:00:00,1,142,2
2024-11-06 12:00:00,1,153,6
2024-11-06 13:00:00,1,175,3
2024-11-06 14:00:00,2,181,2
2024-11-06 15:00:00,4,204,4
2024-11-06 16:00:00,6,181,10
2024-11-06 17:00:00,7,165,6
2024-11-06 18:00:00,4,189,11
2024-11-06 19:00:00,5,146,40
2024-11-06 20:00:00,2,122,3
2024-11-06 21:00:00,1,86,2
2024-11-06 22:00:00,0,59,1
2024-11-06 23:00:00,0,25,1
2024-11-07 00:00:00,0,6,0
2024-11-07 01:00:00,0,11,0
2024-11-07 02:00:00,0,3,1
2024-11-07 03:00:00,0,4,0
2024-11-07 04:00:00,0,5,0
2024-11-07 05:00:00,0,24,0
2024-11-07 06:00:00,0,65,3
2024-11-07 07:00:00,8,130,8
2024-11-07 08:00:00,3,168,4
2024-11-07 09:00:00,0,151,6
2024-11-07 10:00:00,1,122,4
2024-11-07 11:00:00,1,170,4
2024-11-07 12:00:00,3,149,3
2024-11-07 13:00:00,0,155,2
2024-11-07 14:00:00,5,172,4
2024-11-07 15:00:00,3,189,1
2024-11-07 16:00:00,6,169,5
2024-11-07 17:00:00,6,168,5
2024-11-07 18:00:00,3,174,9
2024-11-07 19:00:00,2,143,5
2024-11-07 20:00:00,0,111,3
2024-11-07 21:00:00,0,102,1
2024-11-07 22:00:00,0,70,3
2024-11-07 23:00:00,0,27,1
2024-11-08 00:00:00,0,14,1
2024-11-08 01:00:00,0,4,3
2024-11-08 02:00:00,0,6,3
2024-11-08 03:00:00,1,5,2
2024-11-08 04:00:00,0,6,0
2024-11-08 05:00:00,0,19,0
2024-11-08 06:00:00,1,52,2
2024-11-08 07:00:00,8,131,4
2024-11-08 08:00:00,2,166,5
2024-11-08 09:00:00,3,164,2
2024-11-08 10:00:00,4,163,3
2024-11-08 11:00:00,5,160,2
2024-11-08 12:00:00,2,170,4
2024-11-08 13:00:00,4,188,3
2024-11-08 14:00:00,0,192,1
2024-11-08 15:00:00,7,203,4
2024-11-08 16:00:00,9,188,3
2024-11-08 17:00:00,8,183,11
2024-11-08 18:00:00,5,167,6
2024-11-08 19:00:00,1,146,3
2024-11-08 20:00:00,1,114,2
2024-11-08 21:00:00,1,78,2
2024-11-08 22:00:00,1,73,1
2024-11-08 23:00:00,1,30,2
2024-11-09 00:00:00,0,18,0
2024-11-09 01:00:00,0,9,0
2024-11-09 02:00:00,0,8,0
2024-11-09 03:00:00,0,2,0
2024-11-09 04:00:00,0,4,0
2024-11-09 05:00:00,0,11,1
2024-11-09 06:00:00,0,20,2
2024-11-09 07:00:00,1,48,3
2024-11-09 08:00:00,2,109,0
2024-11-09 09:00:00,2,161,3
2024-11-09 10:00:00,3,204,3
2024-11-09 11:00:00,11,194,4
2024-11-09 12:00:00,8,193,0
2024-11-09 13:00:00,3,194,6
2024-11-09 14:00:00,3,193,3
2024-11-09 15:00:00,1,175,3
2024-11-09 16:00:00,5,173,1
2024-11-09 17:00:00,5,167,2
2024-11-09 18:00:00,2,145,4
2024-11-09 19:00:00,1,108,2
2024-11-09 20:00:00,0,66,2
2024-11-09 21:00:00,2,52,3
2024-11-09 22:00:00,0,50,0
2024-11-09 23:00:00,0,36,0
2024-11-10 00:00:00,0,15,0
2024-11-10 01:00:00,0,6,0
2024-11-10 02:00:00,0,8,0
2024-11-10 03:00:00,0,7,0
2024-11-10 04:00:00,0,5,0
2024-11-10 05:00:00,1,13,0
2024-11-10 06:00:00,0,10,1
2024-11-10 07:00:00,2,44,0
2024-11-10 08:00:00,1,56,3
2024-11-10 09:00:00,4,116,11
2024-11-10 10:00:00,13,163,5
2024-11-10 11:00:00,10,185,6
2024-11-10 12:00:00,9,217,4
2024-11-10 13:00:00,5,193,5
2024-11-10 14:00:00,13,176,8
2024-11-10 15:00:00,10,152,3
2024-11-10 16:00:00,9,159,5
2024-11-10 17:00:00,2,118,1
2024-11-10 18:00:00,0,119,3
2024-11-10 19:00:00,1,98,2
2024-11-10 20:00:00,0,83,1
2024-11-10 21:00:00,1,30,0
2024-11-10 22:00:00,0,34,0
2024-11-10 23:00:00,0,15,3
2024-11-11 00:00:00,0,6,1
2024-11-11 01:00:00,0,5,0
2024-11-11 02:00:00,0,4,0
2024-11-11 03:00:00,1,0,0
2024-11-11 04:00:00,0,3,0
2024-11-11 05:00:00,0,21,0
2024-11-11 06:00:00,0,50,0
2024-11-11 07:00:00,3,138,3
2024-11-11 08:00:00,8,167,4
2024-11-11 09:00:00,2,145,5
2024-11-11 10:00:00,2,127,3
2024-11-11 11:00:00,2,162,4
2024-11-11 12:00:00,4,157,4
2024-11-11 13:00:00,6,158,4
2024-11-11 14:00:00,8,183,3
2024-11-11 15:00:00,8,179,3
2024-11-11 16:00:00,11,179,5
2024-11-11 17:00:00,4,181,5
2024-11-11 18:00:00,3,173,14
2024-11-11 19:00:00,1,153,4
2024-11-11 20:00:00,1,103,5
2024-11-11 21:00:00,0,89,5
2024-11-11 22:00:00,0,42,1
2024-11-11 23:00:00,1,15,1
2024-11-12 00:00:00,0,7,1
2024-11-12 01:00:00,0,3,0
2024-11-12 02:00:00,0,4,0
2024-11-12 03:00:00,0,3,0
2024-11-12 04:00:00,0,3,0
2024-11-12 05:00:00,0,20,0
2024-11-12 06:00:00,1,50,1
2024-11-12 07:00:00,4,137,7
2024-11-12 08:00:00,5,171,6
2024-11-12 09:00:00,7,142,1
2024-11-12 10:00:00,0,153,2
2024-11-12 11:00:00,0,129,2
2024-11-12 12:00:00,0,153,2
2024-11-12 13:00:00,5,145,4
2024-11-12 14:00:00,2,158,5
2024-11-12 15:00:00,4,178,4
2024-11-12 16:00:00,11,173,6
2024-11-12 17:00:00,3,174,12
2024-11-12 18:00:00,4,189,10
2024-11-12 19:00:00,3,164,3
2024-11-12 20:00:00,0,97,3
2024-11-12 21:00:00,0,89,1
2024-11-12 22:00:00,1,61,4
2024-11-12 23:00:00,0,24,1
2024-11-13 00:00:00,0,11,0
2024-11-13 01:00:00,0,5,0
2024-11-13 02:00:00,0,1,0
2024-11-13 03:00:00,0,1,0
2024-11-13 04:00:00,0,2,0
2024-11-13 05:00:00,0,23,0
2024-11-13 06:00:00,1,61,3
2024-11-13 07:00:00,5,123,6
2024-11-13 08:00:00,7,154,4
2024-11-13 09:00:00,8,147,6
2024-11-13 10:00:00,3,159,1
2024-11-13 11:00:00,3,147,3
2024-11-13 12:00:00,11,177,0
2024-11-13 13:00:00,5,179,1
2024-11-13 14:00:00,2,171,7
2024-11-13 15:00:00,16,173,4
2024-11-13 16:00:00,10,155,5
2024-11-13 17:00:00,7,183,10
2024-11-13 18:00:00,2,180,5
2024-11-13 19:00:00,1,145,32
2024-11-13 20:00:00,2,113,3
2024-11-13 21:00:00,0,108,1
2024-11-13 22:00:00,4,61,4
2024-11-13 23:00:00,1,16,2
2024-11-14 00:00:00,0,6,0
2024-11-14 01:00:00,0,5,0
2024-11-14 02:00:00,0,4,0
2024-11-14 03:00:00,0,5,0
2024-11-14 04:00:00,0,2,0
2024-11-14 05:00:00,0,18,0
2024-11-14 06:00:00,1,60,1
2024-11-14 07:00:00,8,137,8
2024-11-14 08:00:00,8,154,2
2024-11-14 09:00:00,3,180,1
2024-11-14 10:00:00,1,146,2
2024-11-14 11:00:00,5,143,3
2024-11-14 12:00:00,7,142,5
2024-11-14 13:00:00,5,175,5
2024-11-14 14:00:00,7,178,4
2024-11-14 15:00:00,10,179,2
2024-11-14 16:00:00,13,163,2
2024-11-14 17:00:00,5,164,4
2024-11-14 18:00:00,4,189,8
2024-11-14 19:00:00,2,134,5
2024-11-14 20:00:00,1,118,3
2024-11-14 21:00:00,0,114,2
2024-11-14 22:00:00,0,71,0
2024-11-14 23:00:00,0,29,1
2024-11-15 00:00:00,0,11,0
2024-11-15 01:00:00,0,4,0
2024-11-15 02:00:00,0,1,0
2024-11-15 03:00:00,0,4,0
2024-11-15 04:00:00,0,3,0
2024-11-15 05:00:00,0,19,1
2024-11-15 06:00:00,0,67,1
2024-11-15 07:00:00,4,146,6
2024-11-15 08:00:00,8,159,3
2024-11-15 09:00:00,12,184,5
2024-11-15 10:00:00,2,165,2
2024-11-15 11:00:00,4,141,2
2024-11-15 12:00:00,3,167,3
2024-11-15 13:00:00,10,205,7
2024-11-15 14:00:00,2,189,4
2024-11-15 15:00:00,17,212,1
2024-11-15 16:00:00,7,185,5
2024-11-15 17:00:00,2,185,4
2024-11-15 18:00:00,4,173,7
2024-11-15 19:00:00,1,145,8
2024-11-15 20:00:00,1,118,6
2024-11-15 21:00:00,0,82,0
2024-11-15 22:00:00,1,64,1
2024-11-15 23:00:00,0,45,3
2024-11-16 00:00:00,1,28,0
2024-11-16 01:00:00,0,14,0
2024-11-16 02:00:00,0,11,0
2024-11-16 03:00:00,0,4,0
2024-11-16 04:00:00,0,2,0
2024-11-16 05:00:00,0,10,0
2024-11-16 06:00:00,0,29,1
2024-11-16 07:00:00,2,70,0
2024-11-16 08:00:00,1,113,3
2024-11-16 09:00:00,5,161,0
2024-11-16 10:00:00,7,196,2
2024-11-16 11:00:00,11,193,1
2024-11-16 12:00:00,6,185,2
2024-11-16 13:00:00,6,198,3
2024-11-16 14:00:00,2,191,3
2024-11-16 15:00:00,5,205,3
2024-11-16 16:00:00,1,168,0
2024-11-16 17:00:00,2,165,2
2024-11-16 18:00:00,6,149,0
2024-11-16 19:00:00,1,87,4
2024-11-16 20:00:00,0,77,3
2024-11-16 21:00:00,1,78,1
2024-11-16 22:00:00,0,60,2
2024-11-16 23:00:00,0,51,0
2024-11-17 00:00:00,0,21,1
2024-11-17 01:00:00,0,14,0
2024-11-17 02:00:00,0,12,0
2024-11-17 03:00:00,0,5,0
2024-11-17 04:00:00,0,5,0
2024-11-17 05:00:00,0,8,0
2024-11-17 06:00:00,0,17,0
2024-11-17 07:00:00,2,58,2
2024-11-17 08:00:00,2,60,5
2024-11-17 09:00:00,6,121,3
2024-11-17 10:00:00,7,180,3
2024-11-17 11:00:00,11,175,3
2024-11-17 12:00:00,21,202,6
2024-11-17 13:00:00,10,211,5
2024-11-17 14:00:00,8,148,3
2024-11-17 15:00:00,13,149,2
2024-11-17 16:00:00,5,152,1
2024-11-17 17:00:00,2,128,3
2024-11-17 18:00:00,0,125,2
2024-11-17 19:00:00,0,95,1
2024-11-17 20:00:00,0,90,1
2024-11-17 21:00:00,0,41,1
2024-11-17 22:00:00,0,27,0
2024-11-17 23:00:00,0,17,1
2024-11-18 00:00:00,0,6,0
2024-11-18 01:00:00,0,4,0
2024-11-18 02:00:00,0,2,0
2024-11-18 03:00:00,0,3,0
2024-11-18 04:00:00,0,5,0
2024-11-18 05:00:00,0,26,0
2024-11-18 06:00:00,2,69,1
2024-11-18 07:00:00,2,126,6
2024-11-18 08:00:00,17,148,3
2024-11-18 09:00:00,5,162,2
2024-11-18 10:00:00,4,141,4
2024-11-18 11:00:00,3,166,1
2024-11-18 12:00:00,2,140,2
2024-11-18 13:00:00,2,167,2
2024-11-18 14:00:00,0,166,2
2024-11-18 15:00:00,6,188,2
2024-11-18 16:00:00,7,175,6
2024-11-18 17:00:00,2,200,9
2024-11-18 18:00:00,2,214,4
2024-11-18 19:00:00,0,156,3
2024-11-18 20:00:00,2,85,4
2024-11-18 21:00:00,0,76,3
2024-11-18 22:00:00,1,49,4
2024-11-18 23:00:00,0,21,1
2024-11-19 00:00:00,0,2,2
2024-11-19 01:00:00,0,4,0
2024-11-19 02:00:00,0,1,0
2024-11-19 03:00:00,0,1,0
2024-11-19 04:00:00,1,4,0
2024-11-19 05:00:00,0,25,2
2024-11-19 06:00:00,0,78,1
2024-11-19 07:00:00,10,142,4
2024-11-19 08:00:00,11,161,9
2024-11-19 09:00:00,4,158,5
2024-11-19 10:00:00,5,141,1
2024-11-19 11:00:00,8,180,0
2024-11-19 12:00:00,2,154,1
2024-11-19 13:00:00,2,166,4
2024-11-19 14:00:00,5,171,2
2024-11-19 15:00:00,7,171,5
2024-11-19 16:00:00,6,165,8
2024-11-19 17:00:00,7,177,10
2024-11-19 18:00:00,2,186,8
2024-11-19 19:00:00,3,153,7
2024-11-19 20:00:00,3,97,1
2024-11-19 21:00:00,0,75,0
2024-11-19 22:00:00,2,52,0
2024-11-19 23:00:00,1,24,1
2024-11-20 00:00:00,0,6,1
2024-11-20 01:00:00,0,4,0
2024-11-20 02:00:00,0,3,0
2024-11-20 03:00:00,0,4,1
2024-11-20 04:00:00,0,7,0
2024-11-20 05:00:00,0,22,0
2024-11-20 06:00:00,0,75,2
2024-11-20 07:00:00,1,141,5
2024-11-20 08:00:00,13,159,12
2024-11-20 09:00:00,14,164,4
2024-11-20 10:00:00,6,142,4
2024-11-20 11:00:00,2,161,3
2024-11-20 12:00:00,4,171,1
2024-11-20 13:00:00,8,170,4
2024-11-20 14:00:00,3,179,2
2024-11-20 15:00:00,10,170,2
2024-11-20 16:00:00,10,163,5
2024-11-20 17:00:00,5,171,4
2024-11-20 18:00:00,8,184,2
2024-11-20 19:00:00,3,156,15
2024-11-20 20:00:00,2,151,5
2024-11-20 21:00:00,2,92,2
2024-11-20 22:00:00,0,56,1
2024-11-20 23:00:00,0,24,3
2024-11-21 00:00:00,0,16,8
2024-11-21 01:00:00,1,6,7
2024-11-21 02:00:00,0,5,1
2024-11-21 03:00:00,0,6,5
2024-11-21 04:00:00,0,6,3
2024-11-21 05:00:00,0,21,0
2024-11-21 06:00:00,0,54,1
2024-11-21 07:00:00,5,136,4
2024-11-21 08:00:00,8,171,3
2024-11-21 09:00:00,9,172,1
2024-11-21 10:00:00,1,149,0
2024-11-21 11:00:00,4,173,0
2024-11-21 12:00:00,2,125,0
2024-11-21 13:00:00,4,170,5
2024-11-21 14:00:00,1,200,1
2024-11-21 15:00:00,9,183,2
2024-11-21 16:00:00,10,173,4
2024-11-21 17:00:00,5,175,5
2024-11-21 18:00:00,4,206,4
2024-11-21 19:00:00,3,151,0
2024-11-21 20:00:00,1,129,4
2024-11-21 21:00:00,1,94,8
2024-11-21 22:00:00,0,70,0
2024-11-21 23:00:00,0,28,3
2024-11-22 00:00:00,0,9,1
2024-11-22 01:00:00,0,2,0
2024-11-22 02:00:00,0,5,0
2024-11-22 03:00:00,0,2,0
2024-11-22 04:00:00,0,7,1
2024-11-22 05:00:00,0,26,0
2024-11-22 06:00:00,0,64,2
2024-11-22 07:00:00,2,123,3
2024-11-22 08:00:00,8,179,9
2024-11-22 09:00:00,11,180,4
2024-11-22 10:00:00,9,170,6
2024-11-22 11:00:00,4,190,5
2024-11-22 12:00:00,5,192,5
2024-11-22 13:00:00,6,197,3
2024-11-22 14:00:00,6,213,2
2024-11-22 15:00:00,12,190,2
2024-11-22 16:00:00,10,180,5
2024-11-22 17:00:00,5,188,6
2024-11-22 18:00:00,3,179,7
2024-11-22 19:00:00,2,166,2
2024-11-22 20:00:00,1,133,1
2024-11-22 21:00:00,0,79,4
2024-11-22 22:00:00,1,68,0
2024-11-22 23:00:00,0,44,1
2024-11-23 00:00:00,0,33,2
2024-11-23 01:00:00,0,13,0
2024-11-23 02:00:00,0,2,0
2024-11-23 03:00:00,0,3,0
2024-11-23 04:00:00,0,7,0
2024-11-23 05:00:00,0,12,1
2024-11-23 06:00:00,0,23,8
2024-11-23 07:00:00,1,54,6
2024-11-23 08:00:00,6,93,1
2024-11-23 09:00:00,11,168,0
2024-11-23 10:00:00,8,177,2
2024-11-23 11:00:00,9,210,1
2024-11-23 12:00:00,9,213,1
2024-11-23 13:00:00,6,216,0
2024-11-23 14:00:00,5,224,2
2024-11-23 15:00:00,9,224,0
2024-11-23 16:00:00,4,234,4
2024-11-23 17:00:00,1,207,1
2024-11-23 18:00:00,2,108,1
2024-11-23 19:00:00,2,113,2
2024-11-23 20:00:00,0,72,0
2024-11-23 21:00:00,2,69,3
2024-11-23 22:00:00,3,71,4
2024-11-23 23:00:00,0,54,3
2024-11-24 00:00:00,1,28,2
2024-11-24 01:00:00,1,13,6
2024-11-24 02:00:00,1,12,1
2024-11-24 03:00:00,0,10,7
2024-11-24 04:00:00,0,8,18
2024-11-24 05:00:00,1,20,26
2024-11-24 06:00:00,1,21,24
2024-11-24 07:00:00,0,36,8
2024-11-24 08:00:00,2,42,0
2024-11-24 09:00:00,4,77,0
2024-11-24 10:00:00,7,147,0
2024-11-24 11:00:00,2,181,0
2024-11-24 12:00:00,7,204,0
2024-11-24 13:00:00,5,204,1
2024-11-24 14:00:00,11,177,0
2024-11-24 15:00:00,2,161,2
2024-11-24 16:00:00,6,169,3
2024-11-24 17:00:00,1,159,1
2024-11-24 18:00:00,1,142,1
2024-11-24 19:00:00,1,132,1
2024-11-24 20:00:00,1,104,2
2024-11-24 21:00:00,1,59,0
2024-11-24 22:00:00,0,25,0
2024-11-24 23:00:00,0,7,1
2024-11-25 00:00:00,0,7,3
2024-11-25 01:00:00,0,11,9
2024-11-25 02:00:00,0,6,9
2024-11-25 03:00:00,0,3,7
2024-11-25 04:00:00,0,6,2
2024-11-25 05:00:00,0,27,2
2024-11-25 06:00:00,0,71,2
2024-11-25 07:00:00,5,156,7
2024-11-25 08:00:00,10,163,4
2024-11-25 09:00:00,8,165,5
2024-11-25 10:00:00,8,157,3
2024-11-25 11:00:00,10,146,3
2024-11-25 12:00:00,2,151,5
2024-11-25 13:00:00,4,164,8
2024-11-25 14:00:00,0,177,2
2024-11-25 15:00:00,5,189,3
2024-11-25 16:00:00,7,184,0
2024-11-25 17:00:00,3,208,6
2024-11-25 18:00:00,1,180,4
2024-11-25 19:00:00,0,173,4
2024-11-25 20:00:00,0,113,1
2024-11-25 21:00:00,0,98,0
2024-11-25 22:00:00,0,53,0
2024-11-25 23:00:00,0,21,1
2024-11-26 00:00:00,0,8,0
2024-11-26 01:00:00,1,2,0
2024-11-26 02:00:00,0,3,0
2024-11-26 03:00:00,0,1,0
2024-11-26 04:00:00,0,3,0
2024-11-26 05:00:00,0,18,1
2024-11-26 06:00:00,0,60,0
2024-11-26 07:00:00,8,139,5
2024-11-26 08:00:00,9,168,2
2024-11-26 09:00:00,8,159,2
2024-11-26 10:00:00,6,154,3
2024-11-26 11:00:00,2,185,2
2024-11-26 12:00:00,5,137,5
2024-11-26 13:00:00,2,177,2
2024-11-26 14:00:00,3,164,8
2024-11-26 15:00:00,4,177,5
2024-11-26 16:00:00,4,182,7
2024-11-26 17:00:00,9,180,14
2024-11-26 18:00:00,6,197,16
2024-11-26 19:00:00,2,162,2
2024-11-26 20:00:00,0,117,3
2024-11-26 21:00:00,2,97,2
2024-11-26 22:00:00,0,62,0
2024-11-26 23:00:00,0,25,1
2024-11-27 00:00:00,0,6,1
2024-11-27 01:00:00,0,4,7
2024-11-27 02:00:00,0,4,0
2024-11-27 03:00:00,0,5,0
2024-11-27 04:00:00,0,6,0
2024-11-27 05:00:00,0,24,0
2024-11-27 06:00:00,0,77,3
2024-11-27 07:00:00,3,151,2
2024-11-27 08:00:00,8,154,7
2024-11-27 09:00:00,5,167,3
2024-11-27 10:00:00,6,166,4
2024-11-27 11:00:00,6,169,3
2024-11-27 12:00:00,4,181,4
2024-11-27 13:00:00,3,172,2
2024-11-27 14:00:00,4,180,2
2024-11-27 15:00:00,13,188,5
2024-11-27 16:00:00,1,177,5
2024-11-27 17:00:00,5,177,4
2024-11-27 18:00:00,5,187,6
2024-11-27 19:00:00,1,176,27
2024-11-27 20:00:00,0,117,4
2024-11-27 21:00:00,0,98,2
2024-11-27 22:00:00,0,67,4
2024-11-27 23:00:00,0,22,130
2024-11-28 00:00:00,0,14,113
2024-11-28 01:00:00,0,9,45
2024-11-28 02:00:00,0,7,52
2024-11-28 03:00:00,0,4,48
2024-11-28 04:00:00,0,5,60
2024-11-28 05:00:00,0,19,14
2024-11-28 06:00:00,0,58,38
2024-11-28 07:00:00,1,153,12
2024-11-28 08:00:00,7,147,9
2024-11-28 09:00:00,6,179,6
2024-11-28 10:00:00,7,152,2
2024-11-28 11:00:00,10,159,1
2024-11-28 12:00:00,8,184,2
2024-11-28 13:00:00,2,171,5
2024-11-28 14:00:00,4,190,5
2024-11-28 15:00:00,8,204,5
2024-11-28 16:00:00,3,169,7
2024-11-28 17:00:00,3,183,6
2024-11-28 18:00:00,4,176,5
2024-11-28 19:00:00,0,180,9
2024-11-28 20:00:00,0,126,7
2024-11-28 21:00:00,1,113,6
2024-11-28 22:00:00,0,75,7
2024-11-28 23:00:00,0,50,2
2024-11-29 00:00:00,0,16,0
2024-11-29 01:00:00,0,8,0
2024-11-29 02:00:00,1,3,2
2024-11-29 03:00:00,0,3,1
2024-11-29 04:00:00,0,2,2
2024-11-29 05:00:00,0,24,1
2024-11-29 06:00:00,0,65,3
2024-11-29 07:00:00,2,133,5
2024-11-29 08:00:00,10,174,4
2024-11-29 09:00:00,5,169,6
2024-11-29 10:00:00,8,162,2
2024-11-29 11:00:00,7,163,3
2024-11-29 12:00:00,5,189,2
2024-11-29 13:00:00,11,198,4
2024-11-29 14:00:00,5,159,2
2024-11-29 15:00:00,5,186,9
2024-11-29 16:00:00,3,207,13
2024-11-29 17:00:00,0,233,13
2024-11-29 18:00:00,2,200,6
2024-11-29 19:00:00,2,162,34
2024-11-29 20:00:00,2,121,30
2024-11-29 21:00:00,1,93,4
2024-11-29 22:00:00,0,77,5
2024-11-29 23:00:00,7,62,3
2024-11-30 00:00:00,0,33,1
2024-11-30 01:00:00,0,14,0
2024-11-30 02:00:00,0,9,0
2024-11-30 03:00:00,2,9,0
2024-11-30 04:00:00,0,3,1
2024-11-30 05:00:00,1,12,1
2024-11-30 06:00:00,2,29,2
2024-11-30 07:00:00,1,61,3
2024-11-30 08:00:00,4,118,3
2024-11-30 09:00:00,10,153,1
2024-11-30 10:00:00,10,207,5
2024-11-30 11:00:00,5,187,2
2024-11-30 12:00:00,8,201,2
2024-11-30 13:00:00,6,177,2
2024-11-30 14:00:00,8,183,2
2024-11-30 15:00:00,5,196,5
2024-11-30 16:00:00,0,198,1
2024-11-30 17:00:00,1,160,11
2024-11-30 18:00:00,2,179,23
2024-11-30 19:00:00,2,140,22
2024-11-30 20:00:00,0,94,17
2024-11-30 21:00:00,1,75,26
2024-11-30 22:00:00,1,71,27
2024-11-30 23:00:00,1,52,18
2024-12-01 00:00:00,1,32,20
2024-12-01 01:00:00,1,18,4
2024-12-01 02:00:00,0,17,1
2024-12-01 03:00:00,0,2,5
2024-12-01 04:00:00,0,9,3
2024-12-01 05:00:00,0,7,2
2024-12-01 06:00:00,0,22,7
2024-12-01 07:00:00,2,48,3
2024-12-01 08:00:00,1,59,1
2024-12-01 09:00:00,2,118,1
2024-12-01 10:00:00,10,157,5
2024-12-01 11:00:00,14,184,5
2024-12-01 12:00:00,5,188,5
2024-12-01 13:00:00,10,197,6
2024-12-01 14:00:00,8,210,3
2024-12-01 15:00:00,11,171,2
2024-12-01 16:00:00,4,179,6
2024-12-01 17:00:00,0,121,6
2024-12-01 18:00:00,0,111,1
2024-12-01 19:00:00,0,97,2
2024-12-01 20:00:00,0,78,6
2024-12-01 21:00:00,0,46,1
2024-12-01 22:00:00,0,32,0
2024-12-01 23:00:00,0,28,2
2024-12-02 00:00:00,0,7,7
2024-12-02 01:00:00,0,5,1
2024-12-02 02:00:00,0,3,0
2024-12-02 03:00:00,0,4,0
2024-12-02 04:00:00,0,7,0
2024-12-02 05:00:00,0,26,0
2024-12-02 06:00:00,0,77,3
2024-12-02 07:00:00,1,153,8
2024-12-02 08:00:00,6,149,8
2024-12-02 09:00:00,3,165,5
2024-12-02 10:00:00,2,146,1
2024-12-02 11:00:00,3,175,3
2024-12-02 12:00:00,4,146,4
2024-12-02 13:00:00,6,194,4
2024-12-02 14:00:00,12,193,11
2024-12-02 15:00:00,12,191,5
2024-12-02 16:00:00,2,187,12
2024-12-02 17:00:00,3,183,13
2024-12-02 18:00:00,4,205,16
2024-12-02 19:00:00,0,181,7
2024-12-02 20:00:00,0,111,9
2024-12-02 21:00:00,0,100,0
2024-12-02 22:00:00,0,53,3
2024-12-02 23:00:00,0,15,4
2024-12-03 00:00:00,0,11,1
2024-12-03 01:00:00,0,5,1
2024-12-03 02:00:00,0,4,1
2024-12-03 03:00:00,0,2,3
2024-12-03 04:00:00,0,2,5
2024-12-03 05:00:00,0,28,10
2024-12-03 06:00:00,0,53,4
2024-12-03 07:00:00,4,161,8
2024-12-03 08:00:00,4,165,9
2024-12-03 09:00:00,4,185,1
2024-12-03 10:00:00,2,144,1
2024-12-03 11:00:00,1,169,1
2024-12-03 12:00:00,7,177,6
2024-12-03 13:00:00,6,151,2
2024-12-03 14:00:00,6,191,1
2024-12-03 15:00:00,12,199,4
2024-12-03 16:00:00,1,175,5
2024-12-03 17:00:00,6,190,15
2024-12-03 18:00:00,2,220,13
2024-12-03 19:00:00,0,171,4
2024-12-03 20:00:00,0,102,4
2024-12-03 21:00:00,1,87,5
2024-12-03 22:00:00,2,48,1
2024-12-03 23:00:00,0,25,2
2024-12-04 00:00:00,0,9,1
2024-12-04 01:00:00,0,3,1
2024-12-04 02:00:00,3,1,1
2024-12-04 03:00:00,3,4,0
2024-12-04 04:00:00,1,6,2
2024-12-04 05:00:00,1,33,0
2024-12-04 06:00:00,3,66,12
2024-12-04 07:00:00,4,142,12
2024-12-04 08:00:00,7,145,6
2024-12-04 09:00:00,5,174,7
2024-12-04 10:00:00,0,165,3
2024-12-04 11:00:00,4,194,0
2024-12-04 12:00:00,5,183,7
2024-12-04 13:00:00,6,185,8
2024-12-04 14:00:00,2,181,3
2024-12-04 15:00:00,7,188,11
2024-12-04 16:00:00,0,203,9
2024-12-04 17:00:00,0,203,20
2024-12-04 18:00:00,0,234,13
2024-12-04 19:00:00,0,187,45
2024-12-04 20:00:00,5,96,43
2024-12-04 21:00:00,1,56,41
2024-12-04 22:00:00,0,52,18
2024-12-04 23:00:00,0,30,22
2024-12-05 00:00:00,1,9,9
2024-12-05 01:00:00,0,4,8
2024-12-05 02:00:00,0,5,10
2024-12-05 03:00:00,0,5,4
2024-12-05 04:00:00,0,5,8
2024-12-05 05:00:00,0,27,15
2024-12-05 06:00:00,0,58,18
2024-12-05 07:00:00,0,157,24
2024-12-05 08:00:00,2,137,13
2024-12-05 09:00:00,6,172,2
2024-12-05 10:00:00,4,162,2
2024-12-05 11:00:00,5,169,4
2024-12-05 12:00:00,4,171,2
2024-12-05 13:00:00,4,173,2
2024-12-05 14:00:00,4,196,1
2024-12-05 15:00:00,6,163,5
2024-12-05 16:00:00,1,194,8
2024-12-05 17:00:00,2,250,4
2024-12-05 18:00:00,0,233,9
2024-12-05 19:00:00,1,178,0
2024-12-05 20:00:00,1,140,3
2024-12-05 21:00:00,0,102,1
2024-12-05 22:00:00,2,76,2
2024-12-05 23:00:00,0,37,1
2024-12-06 00:00:00,0,20,0
2024-12-06 01:00:00,0,8,1
2024-12-06 02:00:00,1,6,0
2024-12-06 03:00:00,0,3,0
2024-12-06 04:00:00,0,5,0
2024-12-06 05:00:00,0,23,1
2024-12-06 06:00:00,1,57,1
2024-12-06 07:00:00,4,140,2
2024-12-06 08:00:00,7,170,7
2024-12-06 09:00:00,6,179,4
2024-12-06 10:00:00,6,161,3
2024-12-06 11:00:00,9,195,2
2024-12-06 12:00:00,5,174,2
2024-12-06 13:00:00,9,182,6
2024-12-06 14:00:00,3,182,2
2024-12-06 15:00:00,8,174,3
2024-12-06 16:00:00,2,209,5
2024-12-06 17:00:00,1,193,4
2024-12-06 18:00:00,4,200,3
2024-12-06 19:00:00,0,175,6
2024-12-06 20:00:00,0,112,6
2024-12-06 21:00:00,0,89,1
2024-12-06 22:00:00,1,74,0
2024-12-06 23:00:00,1,53,2
2024-12-07 00:00:00,0,25,0
2024-12-07 01:00:00,0,12,0
2024-12-07 02:00:00,0,9,1
2024-12-07 03:00:00,0,5,0
2024-12-07 04:00:00,0,10,0
2024-12-07 05:00:00,0,7,0
2024-12-07 06:00:00,0,14,0
2024-12-07 07:00:00,0,41,0
2024-12-07 08:00:00,5,51,1
2024-12-07 09:00:00,1,87,1
2024-12-07 10:00:00,5,110,0
2024-12-07 11:00:00,3,125,0
2024-12-07 12:00:00,6,142,0
2024-12-07 13:00:00,5,144,2
2024-12-07 14:00:00,4,157,2
2024-12-07 15:00:00,5,183,1
2024-12-07 16:00:00,2,155,2
2024-12-07 17:00:00,2,153,2
2024-12-07 18:00:00,1,140,0
2024-12-07 19:00:00,0,111,3
2024-12-07 20:00:00,3,78,0
2024-12-07 21:00:00,0,63,3
2024-12-07 22:00:00,0,96,0
2024-12-07 23:00:00,0,66,3
2024-12-08 00:00:00,1,24,1
2024-12-08 01:00:00,2,18,2
2024-12-08 02:00:00,0,9,1
2024-12-08 03:00:00,0,3,0
2024-12-08 04:00:00,0,6,1
2024-12-08 05:00:00,1,7,1
2024-12-08 06:00:00,0,15,2
2024-12-08 07:00:00,2,39,2
2024-12-08 08:00:00,3,66,2
2024-12-08 09:00:00,2,108,1
2024-12-08 10:00:00,18,174,2
2024-12-08 11:00:00,9,197,2
2024-12-08 12:00:00,5,211,1
2024-12-08 13:00:00,1,202,2
2024-12-08 14:00:00,5,185,1
2024-12-08 15:00:00,6,190,2
2024-12-08 16:00:00,4,142,1
2024-12-08 17:00:00,0,156,2
2024-12-08 18:00:00,0,162,1
2024-12-08 19:00:00,3,109,0
2024-12-08 20:00:00,0,104,3
2024-12-08 21:00:00,0,47,0
2024-12-08 22:00:00,0,33,0
2024-12-08 23:00:00,0,11,0
2024-12-09 00:00:00,0,9,0
2024-12-09 01:00:00,0,4,0
2024-12-09 02:00:00,0,2,0
2024-12-09 03:00:00,0,1,1
2024-12-09 04:00:00,0,4,2
2024-12-09 05:00:00,0,20,1
2024-12-09 06:00:00,0,72,1
2024-12-09 07:00:00,2,136,7
2024-12-09 08:00:00,8,153,6
2024-12-09 09:00:00,5,164,3
2024-12-09 10:00:00,5,153,3
2024-12-09 11:00:00,3,162,2
2024-12-09 12:00:00,3,160,5
2024-12-09 13:00:00,7,195,4
2024-12-09 14:00:00,4,161,1
2024-12-09 15:00:00,1,187,1
2024-12-09 16:00:00,7,158,5
2024-12-09 17:00:00,3,172,12
2024-12-09 18:00:00,5,202,8
2024-12-09 19:00:00,4,159,1
2024-12-09 20:00:00,0,98,4
2024-12-09 21:00:00,0,102,1
2024-12-09 22:00:00,0,49,1
2024-12-09 23:00:00,0,22,1
2024-12-10 00:00:00,0,11,2
2024-12-10 01:00:00,0,6,3
2024-12-10 02:00:00,0,4,2
2024-12-10 03:00:00,0,1,3
2024-12-10 04:00:00,0,7,1
2024-12-10 05:00:00,0,17,1
2024-12-10 06:00:00,1,59,3
2024-12-10 07:00:00,0,139,3
2024-12-10 08:00:00,8,152,8
2024-12-10 09:00:00,2,154,4
2024-12-10 10:00:00,2,162,1
2024-12-10 11:00:00,0,189,0
2024-12-10 12:00:00,2,191,4
2024-12-10 13:00:00,1,200,4
2024-12-10 14:00:00,5,170,3
2024-12-10 15:00:00,2,187,7
2024-12-10 16:00:00,6,198,7
2024-12-10 17:00:00,2,170,15
2024-12-10 18:00:00,3,182,7
2024-12-10 19:00:00,0,176,4
2024-12-10 20:00:00,2,115,6
2024-12-10 21:00:00,0,76,3
2024-12-10 22:00:00,1,54,1
2024-12-10 23:00:00,0,24,5
2024-12-11 00:00:00,0,8,1
2024-12-11 01:00:00,0,10,0
2024-12-11 02:00:00,0,4,2
2024-12-11 03:00:00,0,2,0
2024-12-11 04:00:00,0,6,0
2024-12-11 05:00:00,0,22,0
2024-12-11 06:00:00,1,72,1
2024-12-11 07:00:00,5,136,5
2024-12-11 08:00:00,6,158,15
2024-12-11 09:00:00,4,153,2
2024-12-11 10:00:00,4,154,2
2024-12-11 11:00:00,2,170,0
2024-12-11 12:00:00,6,195,2
2024-12-11 13:00:00,4,179,2
2024-12-11 14:00:00,2,165,2
2024-12-11 15:00:00,4,206,1
2024-12-11 16:00:00,8,171,7
2024-12-11 17:00:00,2,163,9
2024-12-11 18:00:00,2,146,8
2024-12-11 19:00:00,2,153,14
2024-12-11 20:00:00,4,121,6
2024-12-11 21:00:00,0,91,5
2024-12-11 22:00:00,1,86,2
2024-12-11 23:00:00,0,34,1
2024-12-12 00:00:00,0,13,0
2024-12-12 01:00:00,0,7,0
2024-12-12 02:00:00,0,8,0
2024-12-12 03:00:00,0,4,0
2024-12-12 04:00:00,0,5,0
2024-12-12 05:00:00,0,20,0
2024-12-12 06:00:00,0,62,3
2024-12-12 07:00:00,3,147,4
2024-12-12 08:00:00,9,157,2
2024-12-12 09:00:00,7,150,2
2024-12-12 10:00:00,2,171,1
2024-12-12 11:00:00,1,172,2
2024-12-12 12:00:00,4,177,5
2024-12-12 13:00:00,6,185,3
2024-12-12 14:00:00,3,186,5
2024-12-12 15:00:00,8,173,2
2024-12-12 16:00:00,6,154,8
2024-12-12 17:00:00,1,181,6
2024-12-12 18:00:00,4,169,11
2024-12-12 19:00:00,2,166,4
2024-12-12 20:00:00,0,117,4
2024-12-12 21:00:00,0,131,2
2024-12-12 22:00:00,1,86,4
2024-12-12 23:00:00,1,49,1
2024-12-13 00:00:00,0,32,0
2024-12-13 01:00:00,0,8,0
2024-12-13 02:00:00,0,7,0
2024-12-13 03:00:00,0,4,0
2024-12-13 04:00:00,0,8,1
2024-12-13 05:00:00,0,25,1
2024-12-13 06:00:00,0,47,0
2024-12-13 07:00:00,0,141,6
2024-12-13 08:00:00,13,169,12
2024-12-13 09:00:00,8,185,1
2024-12-13 10:00:00,2,164,0
2024-12-13 11:00:00,8,178,1
2024-12-13 12:00:00,7,185,4
2024-12-13 13:00:00,4,194,2
2024-12-13 14:00:00,6,202,3
2024-12-13 15:00:00,7,180,8
2024-12-13 16:00:00,4,181,6
2024-12-13 17:00:00,2,185,7
2024-12-13 18:00:00,0,172,4
2024-12-13 19:00:00,1,192,3
2024-12-13 20:00:00,2,127,3
2024-12-13 21:00:00,0,102,2
2024-12-13 22:00:00,0,93,3
2024-12-13 23:00:00,0,48,0
2024-12-14 00:00:00,0,43,2
2024-12-14 01:00:00,0,15,0
2024-12-14 02:00:00,0,11,2
2024-12-14 03:00:00,0,4,0
2024-12-14 04:00:00,0,3,0
2024-12-14 05:00:00,0,12,2
2024-12-14 06:00:00,0,31,0
2024-12-14 07:00:00,0,62,3
2024-12-14 08:00:00,0,97,3
2024-12-14 09:00:00,3,162,2
2024-12-14 10:00:00,6,164,4
2024-12-14 11:00:00,7,189,5
2024-12-14 12:00:00,11,199,4
2024-12-14 13:00:00,12,176,2
2024-12-14 14:00:00,7,202,2
2024-12-14 15:00:00,5,200,3
2024-12-14 16:00:00,5,191,4
2024-12-14 17:00:00,2,192,1
2024-12-14 18:00:00,0,118,0
2024-12-14 19:00:00,0,132,1
2024-12-14 20:00:00,0,83,2
2024-12-14 21:00:00,1,60,1
2024-12-14 22:00:00,0,71,1
2024-12-14 23:00:00,0,58,1
2024-12-15 00:00:00,0,41,0
2024-12-15 01:00:00,0,18,0
2024-12-15 02:00:00,0,15,0
2024-12-15 03:00:00,0,13,0
2024-12-15 04:00:00,0,7,0
2024-12-15 05:00:00,0,9,1
2024-12-15 06:00:00,0,14,1
2024-12-15 07:00:00,0,38,1
2024-12-15 08:00:00,1,64,2
2024-12-15 09:00:00,4,97,4
2024-12-15 10:00:00,6,156,4
2024-12-15 11:00:00,8,181,2
2024-12-15 12:00:00,8,180,7
2024-12-15 13:00:00,1,198,3
2024-12-15 14:00:00,2,188,3
2024-12-15 15:00:00,14,146,5
2024-12-15 16:00:00,1,168,3
2024-12-15 17:00:00,0,117,1
2024-12-15 18:00:00,0,108,4
2024-12-15 19:00:00,1,102,2
2024-12-15 20:00:00,0,96,2
2024-12-15 21:00:00,0,79,1
2024-12-15 22:00:00,0,37,0
2024-12-15 23:00:00,0,13,0
2024-12-16 00:00:00,0,11,0
2024-12-16 01:00:00,0,6,0
2024-12-16 02:00:00,0,7,0
2024-12-16 03:00:00,0,3,0
2024-12-16 04:00:00,0,2,0
2024-12-16 05:00:00,0,28,0
2024-12-16 06:00:00,0,50,2
2024-12-16 07:00:00,2,147,8
2024-12-16 08:00:00,4,179,6
2024-12-16 09:00:00,7,151,2
2024-12-16 10:00:00,2,159,1
2024-12-16 11:00:00,10,174,1
2024-12-16 12:00:00,6,169,5
2024-12-16 13:00:00,2,150,2
2024-12-16 14:00:00,2,157,7
2024-12-16 15:00:00,3,215,3
2024-12-16 16:00:00,3,170,5
2024-12-16 17:00:00,3,198,10
2024-12-16 18:00:00,0,189,9
2024-12-16 19:00:00,0,137,4
2024-12-16 20:00:00,0,102,6
2024-12-16 21:00:00,0,80,1
2024-12-16 22:00:00,0,48,1
2024-12-16 23:00:00,0,26,0
2024-12-17 00:00:00,0,14,0
2024-12-17 01:00:00,0,3,0
2024-12-17 02:00:00,0,2,0
2024-12-17 03:00:00,0,1,0
2024-12-17 04:00:00,0,4,0
2024-12-17 05:00:00,0,27,1
2024-12-17 06:00:00,0,54,2
2024-12-17 07:00:00,3,138,3
2024-12-17 08:00:00,5,173,9
2024-12-17 09:00:00,7,176,0
2024-12-17 10:00:00,6,168,3
2024-12-17 11:00:00,5,170,2
2024-12-17 12:00:00,5,176,1
2024-12-17 13:00:00,1,155,3
2024-12-17 14:00:00,1,104,5
2024-12-17 15:00:00,5,125,2
2024-12-17 16:00:00,3,120,7
2024-12-17 17:00:00,1,176,2
2024-12-17 18:00:00,2,156,1
2024-12-17 19:00:00,0,174,5
2024-12-17 20:00:00,0,102,2
2024-12-17 21:00:00,0,68,1
2024-12-17 22:00:00,1,54,0
2024-12-17 23:00:00,0,31,0
2024-12-18 00:00:00,0,13,0
2024-12-18 01:00:00,0,5,0
2024-12-18 02:00:00,0,2,0
2024-12-18 03:00:00,0,1,0
2024-12-18 04:00:00,0,8,0
2024-12-18 05:00:00,0,23,0
2024-12-18 06:00:00,0,52,3
2024-12-18 07:00:00,8,147,7
2024-12-18 08:00:00,8,192,7
2024-12-18 09:00:00,8,176,6
2024-12-18 10:00:00,7,170,3
2024-12-18 11:00:00,3,188,0
2024-12-18 12:00:00,9,163,1
2024-12-18 13:00:00,4,188,2
2024-12-18 14:00:00,2,187,4
2024-12-18 15:00:00,6,208,4
2024-12-18 16:00:00,2,178,3
2024-12-18 17:00:00,2,186,4
2024-12-18 18:00:00,3,190,5
2024-12-18 19:00:00,2,150,7
2024-12-18 20:00:00,0,86,3
2024-12-18 21:00:00,2,81,2
2024-12-18 22:00:00,0,92,1
2024-12-18 23:00:00,1,30,1
2024-12-19 00:00:00,0,13,0
2024-12-19 01:00:00,0,9,0
2024-12-19 02:00:00,0,6,0
2024-12-19 03:00:00,0,7,0
2024-12-19 04:00:00,0,4,0
2024-12-19 05:00:00,0,28,0
2024-12-19 06:00:00,0,48,1
2024-12-19 07:00:00,0,145,4
2024-12-19 08:00:00,4,162,10
2024-12-19 09:00:00,6,171,2
2024-12-19 10:00:00,4,170,6
2024-12-19 11:00:00,5,167,2
2024-12-19 12:00:00,3,176,1
2024-12-19 13:00:00,4,186,1
2024-12-19 14:00:00,4,191,4
2024-12-19 15:00:00,6,211,4
2024-12-19 16:00:00,6,190,3
2024-12-19 17:00:00,2,192,10
2024-12-19 18:00:00,3,175,7
2024-12-19 19:00:00,1,145,3
2024-12-19 20:00:00,0,113,4
2024-12-19 21:00:00,0,82,0
2024-12-19 22:00:00,0,73,0
2024-12-19 23:00:00,0,33,1
2024-12-20 00:00:00,0,16,0
2024-12-20 01:00:00,0,15,0
2024-12-20 02:00:00,0,4,0
2024-12-20 03:00:00,0,4,0
2024-12-20 04:00:00,0,5,0
2024-12-20 05:00:00,0,15,1
2024-12-20 06:00:00,0,49,0
2024-12-20 07:00:00,2,139,2
2024-12-20 08:00:00,9,159,4
2024-12-20 09:00:00,14,183,5
2024-12-20 10:00:00,10,168,3
2024-12-20 11:00:00,0,188,1
2024-12-20 12:00:00,5,185,2
2024-12-20 13:00:00,2,191,3
2024-12-20 14:00:00,3,189,1
2024-12-20 15:00:00,4,197,2
2024-12-20 16:00:00,3,194,9
2024-12-20 17:00:00,3,178,6
2024-12-20 18:00:00,0,164,8
2024-12-20 19:00:00,1,125,3
2024-12-20 20:00:00,0,94,4
2024-12-20 21:00:00,0,80,1
2024-12-20 22:00:00,0,76,1
2024-12-20 23:00:00,0,49,4
2024-12-21 00:00:00,0,36,0
2024-12-21 01:00:00,0,19,1
2024-12-21 02:00:00,0,10,0
2024-12-21 03:00:00,0,10,0
2024-12-21 04:00:00,0,8,0
2024-12-21 05:00:00,0,9,0
2024-12-21 06:00:00,0,28,0
2024-12-21 07:00:00,0,48,3
2024-12-21 08:00:00,2,91,3
2024-12-21 09:00:00,5,127,1
2024-12-21 10:00:00,1,141,1
2024-12-21 11:00:00,5,157,3
2024-12-21 12:00:00,3,194,0
2024-12-21 13:00:00,2,152,2
2024-12-21 14:00:00,11,176,1
2024-12-21 15:00:00,5,183,2
2024-12-21 16:00:00,9,139,0
2024-12-21 17:00:00,2,146,1
2024-12-21 18:00:00,0,122,1
2024-12-21 19:00:00,1,107,1
2024-12-21 20:00:00,1,82,2
2024-12-21 21:00:00,0,75,0
2024-12-21 22:00:00,0,53,2
2024-12-21 23:00:00,0,31,0
2024-12-22 00:00:00,0,32,0
2024-12-22 01:00:00,0,18,1
2024-12-22 02:00:00,0,8,0
2024-12-22 03:00:00,1,12,1
2024-12-22 04:00:00,0,8,0
2024-12-22 05:00:00,0,9,0
2024-12-22 06:00:00,0,20,0
2024-12-22 07:00:00,0,40,1
2024-12-22 08:00:00,0,45,3
2024-12-22 09:00:00,7,102,1
2024-12-22 10:00:00,8,155,1
2024-12-22 11:00:00,9,188,3
2024-12-22 12:00:00,14,220,4
2024-12-22 13:00:00,3,185,1
2024-12-22 14:00:00,2,172,2
2024-12-22 15:00:00,7,156,3
2024-12-22 16:00:00,4,134,5
2024-12-22 17:00:00,0,122,4
2024-12-22 18:00:00,0,107,2
2024-12-22 19:00:00,2,93,0
2024-12-22 20:00:00,0,97,1
2024-12-22 21:00:00,0,52,0
2024-12-22 22:00:00,0,30,0
2024-12-22 23:00:00,0,31,0
2024-12-23 00:00:00,0,12,0
2024-12-23 01:00:00,0,8,0
2024-12-23 02:00:00,0,2,0
2024-12-23 03:00:00,0,4,0
2024-12-23 04:00:00,0,5,0
2024-12-23 05:00:00,0,15,0
2024-12-23 06:00:00,0,38,0
2024-12-23 07:00:00,0,84,2
2024-12-23 08:00:00,3,113,3
2024-12-23 09:00:00,6,169,0
2024-12-23 10:00:00,5,186,2
2024-12-23 11:00:00,5,189,5
2024-12-23 12:00:00,2,167,2
2024-12-23 13:00:00,0,189,0
2024-12-23 14:00:00,4,210,0
2024-12-23 15:00:00,3,174,1
2024-12-23 16:00:00,7,167,6
2024-12-23 17:00:00,1,196,1
2024-12-23 18:00:00,0,143,3
2024-12-23 19:00:00,1,115,4
2024-12-23 20:00:00,0,76,1
2024-12-23 21:00:00,0,53,1
2024-12-23 22:00:00,0,44,0
2024-12-23 23:00:00,0,28,0
2024-12-24 00:00:00,0,13,0
2024-12-24 01:00:00,0,10,0
2024-12-24 02:00:00,0,1,0
2024-12-24 03:00:00,0,3,0
2024-12-24 04:00:00,0,3,0
2024-12-24 05:00:00,0,15,0
2024-12-24 06:00:00,1,30,0
2024-12-24 07:00:00,1,72,2
2024-12-24 08:00:00,1,106,1
2024-12-24 09:00:00,5,118,1
2024-12-24 10:00:00,6,140,3
2024-12-24 11:00:00,10,163,4
2024-12-24 12:00:00,4,135,0
2024-12-24 13:00:00,3,151,2
2024-12-24 14:00:00,4,156,6
2024-12-24 15:00:00,11,145,6
2024-12-24 16:00:00,4,133,2
2024-12-24 17:00:00,4,97,3
2024-12-24 18:00:00,1,80,1
2024-12-24 19:00:00,1,71,1
2024-12-24 20:00:00,0,68,0
2024-12-24 21:00:00,0,42,0
2024-12-24 22:00:00,0,55,1
2024-12-24 23:00:00,0,18,1
2024-12-25 00:00:00,0,32,0
2024-12-25 01:00:00,0,8,0
2024-12-25 02:00:00,0,2,0
2024-12-25 03:00:00,0,2,0
2024-12-25 04:00:00,0,2,0
2024-12-25 05:00:00,0,2,0
2024-12-25 06:00:00,0,4,0
2024-12-25 07:00:00,0,31,2
2024-12-25 08:00:00,0,18,2
2024-12-25 09:00:00,3,57,2
2024-12-25 10:00:00,3,76,0
2024-12-25 11:00:00,13,140,2
2024-12-25 12:00:00,5,109,0
2024-12-25 13:00:00,1,82,1
2024-12-25 14:00:00,1,82,0
2024-12-25 15:00:00,6,51,1
2024-12-25 16:00:00,5,55,2
2024-12-25 17:00:00,3,45,1
2024-12-25 18:00:00,1,59,0
2024-12-25 19:00:00,0,53,0
2024-12-25 20:00:00,0,61,0
2024-12-25 21:00:00,0,43,0
2024-12-25 22:00:00,0,33,0
2024-12-25 23:00:00,0,20,0
2024-12-26 00:00:00,0,6,0
2024-12-26 01:00:00,0,4,0
2024-12-26 02:00:00,0,1,0
2024-12-26 03:00:00,0,2,0
2024-12-26 04:00:00,0,0,0
2024-12-26 05:00:00,0,5,0
2024-12-26 06:00:00,0,10,1
2024-12-26 07:00:00,0,35,0
2024-12-26 08:00:00,2,36,1
2024-12-26 09:00:00,3,48,1
2024-12-26 10:00:00,3,89,2
2024-12-26 11:00:00,3,117,1
2024-12-26 12:00:00,12,112,3
2024-12-26 13:00:00,10,87,2
2024-12-26 14:00:00,5,109,2
2024-12-26 15:00:00,7,93,0
2024-12-26 16:00:00,0,80,1
2024-12-26 17:00:00,1,65,1
2024-12-26 18:00:00,1,70,0
2024-12-26 19:00:00,0,50,2
2024-12-26 20:00:00,0,62,2
2024-12-26 21:00:00,0,28,1
2024-12-26 22:00:00,0,31,0
2024-12-26 23:00:00,0,23,0
2024-12-27 00:00:00,0,9,0
2024-12-27 01:00:00,0,3,0
2024-12-27 02:00:00,0,1,0
2024-12-27 03:00:00,0,1,0
2024-12-27 04:00:00,0,4,0
2024-12-27 05:00:00,0,13,0
2024-12-27 06:00:00,0,17,0
2024-12-27 07:00:00,0,38,2
2024-12-27 08:00:00,0,61,3
2024-12-27 09:00:00,0,82,4
2024-12-27 10:00:00,3,145,0
2024-12-27 11:00:00,9,145,2
2024-12-27 12:00:00,7,166,0
2024-12-27 13:00:00,6,124,1
2024-12-27 14:00:00,4,137,2
2024-12-27 15:00:00,4,103,2
2024-12-27 16:00:00,4,139,3
2024-12-27 17:00:00,1,109,1
2024-12-27 18:00:00,0,106,1
2024-12-27 19:00:00,0,79,0
2024-12-27 20:00:00,0,66,2
2024-12-27 21:00:00,0,36,4
2024-12-27 22:00:00,0,48,0
2024-12-27 23:00:00,0,27,1
2024-12-28 00:00:00,0,10,1
2024-12-28 01:00:00,0,11,0
2024-12-28 02:00:00,0,4,0
2024-12-28 03:00:00,0,4,0
2024-12-28 04:00:00,0,6,0
2024-12-28 05:00:00,0,9,2
2024-12-28 06:00:00,0,12,0
2024-12-28 07:00:00,0,53,1
2024-12-28 08:00:00,0,60,1
2024-12-28 09:00:00,1,70,2
2024-12-28 10:00:00,6,106,0
2024-12-28 11:00:00,2,130,6
2024-12-28 12:00:00,3,108,5
2024-12-28 13:00:00,4,129,3
2024-12-28 14:00:00,5,118,4
2024-12-28 15:00:00,5,112,6
2024-12-28 16:00:00,10,105,1
2024-12-28 17:00:00,0,94,3
2024-12-28 18:00:00,0,85,2
2024-12-28 19:00:00,2,59,5
2024-12-28 20:00:00,0,66,0
2024-12-28 21:00:00,0,44,1
2024-12-28 22:00:00,0,38,0
2024-12-28 23:00:00,0,35,0
2024-12-29 00:00:00,0,18,0
2024-12-29 01:00:00,0,14,0
2024-12-29 02:00:00,0,5,1
2024-12-29 03:00:00,0,2,0
2024-12-29 04:00:00,0,4,0
2024-12-29 05:00:00,0,6,0
2024-12-29 06:00:00,1,12,1
2024-12-29 07:00:00,2,44,2
2024-12-29 08:00:00,3,51,1
2024-12-29 09:00:00,2,69,1
2024-12-29 10:00:00,11,114,4
2024-12-29 11:00:00,8,142,3
2024-12-29 12:00:00,7,123,2
2024-12-29 13:00:00,11,139,4
2024-12-29 14:00:00,4,163,1
2024-12-29 15:00:00,6,119,7
2024-12-29 16:00:00,7,95,3
2024-12-29 17:00:00,0,75,1
2024-12-29 18:00:00,0,85,2
2024-12-29 19:00:00,1,66,5
2024-12-29 20:00:00,0,65,2
2024-12-29 21:00:00,0,43,0
2024-12-29 22:00:00,0,28,2
2024-12-29 23:00:00,0,23,1
2024-12-30 00:00:00,0,12,0
2024-12-30 01:00:00,0,10,0
2024-12-30 02:00:00,0,1,0
2024-12-30 03:00:00,0,5,0
2024-12-30 04:00:00,0,3,0
2024-12-30 05:00:00,0,14,0
2024-12-30 06:00:00,0,21,2
2024-12-30 07:00:00,0,59,3
2024-12-30 08:00:00,0,52,2
2024-12-30 09:00:00,4,99,1
2024-12-30 10:00:00,3,167,1
2024-12-30 11:00:00,4,152,2
2024-12-30 12:00:00,9,160,2
2024-12-30 13:00:00,4,157,1
2024-12-30 14:00:00,6,160,2
2024-12-30 15:00:00,5,151,1
2024-12-30 16:00:00,2,135,1
2024-12-30 17:00:00,0,133,4
2024-12-30 18:00:00,0,113,2
2024-12-30 19:00:00,1,82,1
2024-12-30 20:00:00,0,73,1
2024-12-30 21:00:00,0,58,3
2024-12-30 22:00:00,0,41,0
2024-12-30 23:00:00,0,27,0
2024-12-31 00:00:00,0,12,0
2024-12-31 01:00:00,0,6,1
2024-12-31 02:00:00,0,2,0
2024-12-31 03:00:00,0,4,0
2024-12-31 04:00:00,0,0,0
2024-12-31 05:00:00,0,14,0
2024-12-31 06:00:00,0,23,2
2024-12-31 07:00:00,0,49,1
2024-12-31 08:00:00,0,61,5
2024-12-31 09:00:00,6,99,2
2024-12-31 10:00:00,4,123,1
2024-12-31 11:00:00,0,164,1
2024-12-31 12:00:00,0,140,6
2024-12-31 13:00:00,5,162,3
2024-12-31 14:00:00,12,163,3
2024-12-31 15:00:00,2,155,3
2024-12-31 16:00:00,6,140,1
2024-12-31 17:00:00,3,118,2
2024-12-31 18:00:00,0,114,2
2024-12-31 19:00:00,0,119,2
2024-12-31 20:00:00,0,93,1
2024-12-31 21:00:00,1,51,1
2024-12-31 22:00:00,0,41,0
2024-12-31 23:00:00,0,29,0
